timestamp_utc,timestamp_local,year,month,day,hour,ware_river_stage_mllw_ft,ware_river_stage_max_ft,ware_river_stage_navd88_ft,yorktown_wind_speed_mph,yorktown_wind_dir_deg,yorktown_wind_gust_mph,yorktown_baro_mb,yorktown_air_temp_f,wind_u_mph,wind_v_mph,along_bay_wind_mph,cross_bay_wind_mph,yorktown_pred_tide_ft,windmill_pred_tide_ft,windmill_ver_water_ft,windmill_surge_ft,estimated_flood_depth_in,is_flooded,flood_risk_tier,flood_risk_label,vehicle_passability,driveway_depth_in,sewells_point_water_level_mllw_ft,sewells_point_pred_tide_ft,sewells_point_surge_ft,bay_hydraulic_gradient_ft,bay_hydraulic_slope_ft_per_mile,community_streets,vehicle_passability_code,fort_monroe_elevation_navd88_ft
2026-09-29 05:00:00 UTC,2026-09-29 01:00:00 EDT,2026,9,29,1,2.66,2.89,1.02,6.22,175.4,9.84,1016.0,67.8,-0.5,6.2,-5.66,2.59,1.946,1.537,2.498,0.961,0.0,FALSE,0,Tier 0 (Normal / Safe),ALL VEHICLES PASSABLE,0.0,,,,,,,,
2026-09-29 06:00:00 UTC,2026-09-29 02:00:00 EDT,2026,9,29,2,2.11,2.37,0.47,5.32,178.9,8.5,1016.1,67.8,-0.1,5.32,-4.96,1.92,1.352,1.392,2.385,0.993,0.0,FALSE,0,Tier 0 (Normal / Safe),ALL VEHICLES PASSABLE,0.0,,,,,,,,
2026-09-29 07:00:00 UTC,2026-09-29 03:00:00 EDT,2026,9,29,3,1.51,1.77,-0.13,0.94,221.9,4.25,1015.9,67.7,0.63,0.7,-0.87,-0.35,0.769,1.151,2.141,0.99,0.0,FALSE,0,Tier 0 (Normal / Safe),ALL VEHICLES PASSABLE,0.0,,,,,,,,
2026-09-29 08:00:00 UTC,2026-09-29 04:00:00 EDT,2026,9,29,4,1.1,1.23,-0.54,2.48,234.5,4.93,1015.8,68.0,2.02,1.44,-2.04,-1.4,0.34,0.858,1.838,0.98,0.0,FALSE,0,Tier 0 (Normal / Safe),ALL VEHICLES PASSABLE,0.0,,,,,,,,
2026-09-29 09:00:00 UTC,2026-09-29 05:00:00 EDT,2026,9,29,5,1.11,1.23,-0.53,0.83,221.2,2.46,1015.9,67.1,0.55,0.62,-0.77,-0.3,0.201,0.586,1.599,1.013,0.0,FALSE,0,Tier 0 (Normal / Safe),ALL VEHICLES PASSABLE,0.0,,,,,,,,
2026-09-29 10:00:00 UTC,2026-09-29 06:00:00 EDT,2026,9,29,6,1.47,1.71,-0.17,0.04,219.6,1.12,1016.3,67.0,0.03,0.03,-0.04,-0.01,0.417,0.414,1.471,1.057,0.0,FALSE,0,Tier 0 (Normal / Safe),ALL VEHICLES PASSABLE,0.0,,,,,,,,
2026-09-29 11:00:00 UTC,2026-09-29 07:00:00 EDT,2026,9,29,7,2.04,2.38,0.4,2.13,275.6,5.59,1016.8,66.9,2.12,-0.21,-0.53,-2.06,0.933,0.391,1.472,1.081,0.0,FALSE,0,Tier 0 (Normal / Safe),ALL VEHICLES PASSABLE,0.0,,,,,,,,
2026-09-29 12:00:00 UTC,2026-09-29 08:00:00 EDT,2026,9,29,8,2.82,3.18,1.18,1.7,176.8,4.93,1017.5,67.4,-0.09,1.7,-1.56,0.67,1.613,0.537,1.651,1.114,0.0,FALSE,0,Tier 0 (Normal / Safe),ALL VEHICLES PASSABLE,0.0,,,,,,,,
2026-09-29 13:00:00 UTC,2026-09-29 09:00:00 EDT,2026,9,29,9,3.48,3.71,1.84,1.81,173.8,4.03,1017.9,68.3,-0.2,1.8,-1.62,0.8,2.305,0.845,1.988,1.143,0.0,FALSE,0,Tier 0 (Normal / Safe),ALL VEHICLES PASSABLE,0.0,,,,,,,,
2026-09-29 14:00:00 UTC,2026-09-29 10:00:00 EDT,2026,9,29,10,3.91,4.03,2.27,1.19,147.9,2.91,1018.4,69.3,-0.63,1.01,-0.73,0.94,2.85,1.245,2.378,1.133,0.0,FALSE,0,Tier 0 (Normal / Safe),ALL VEHICLES PASSABLE,0.0,,,,,,,,
2026-09-29 15:00:00 UTC,2026-09-29 11:00:00 EDT,2026,9,29,11,4.08,4.1,2.44,0.27,49.6,2.46,1018.7,71.6,-0.21,-0.17,0.23,0.13,3.104,1.61,2.7,1.09,0.99,TRUE,1,Tier 1 (Nuisance / Ditch Full),ALL VEHICLES PASSABLE,0.0,,,,,,,,
2026-09-29 16:00:00 UTC,2026-09-29 12:00:00 EDT,2026,9,29,12,3.87,4.04,2.23,3.89,82.7,6.71,1018.6,70.6,-3.86,-0.49,1.78,3.46,2.997,1.823,2.866,1.043,0.0,FALSE,0,Tier 0 (Normal / Safe),ALL VEHICLES PASSABLE,0.0,,,,,,,,
2026-09-29 17:00:00 UTC,2026-09-29 13:00:00 EDT,2026,9,29,13,3.3,3.58,1.66,5.1,81.1,6.94,1018.2,70.8,-5.04,-0.79,2.46,4.46,2.589,1.852,2.895,1.043,0.0,FALSE,0,Tier 0 (Normal / Safe),ALL VEHICLES PASSABLE,0.0,,,,,,,,
2026-09-29 18:00:00 UTC,2026-09-29 14:00:00 EDT,2026,9,29,14,2.69,2.94,1.05,5.46,70.9,6.49,1017.7,70.7,-5.16,-1.79,3.44,4.24,2.01,1.73,2.806,1.076,0.0,FALSE,0,Tier 0 (Normal / Safe),ALL VEHICLES PASSABLE,0.0,,,,,,,,
2026-09-29 19:00:00 UTC,2026-09-29 15:00:00 EDT,2026,9,29,15,2.06,2.37,0.42,5.44,69.0,7.16,1017.3,70.7,-5.08,-1.95,3.57,4.11,1.388,1.502,2.571,1.069,0.0,FALSE,0,Tier 0 (Normal / Safe),ALL VEHICLES PASSABLE,0.0,,,,,,,,
2026-09-29 20:00:00 UTC,2026-09-29 16:00:00 EDT,2026,9,29,16,1.49,1.71,-0.15,3.83,80.9,5.14,1017.1,71.5,-3.78,-0.61,1.86,3.35,0.836,1.202,2.244,1.042,0.0,FALSE,0,Tier 0 (Normal / Safe),ALL VEHICLES PASSABLE,0.0,,,,,,,,
2026-09-29 21:00:00 UTC,2026-09-29 17:00:00 EDT,2026,9,29,17,1.27,1.3,-0.37,4.63,68.1,6.49,1017.1,71.6,-4.3,-1.73,3.09,3.45,0.48,0.882,1.925,1.043,0.0,FALSE,0,Tier 0 (Normal / Safe),ALL VEHICLES PASSABLE,0.0,,,,,,,,
2026-09-29 22:00:00 UTC,2026-09-29 18:00:00 EDT,2026,9,29,18,1.41,1.52,-0.23,4.86,80.9,6.94,1017.4,70.9,-4.8,-0.77,2.36,4.25,0.415,0.615,1.698,1.083,0.0,FALSE,0,Tier 0 (Normal / Safe),ALL VEHICLES PASSABLE,0.0,,,,,,,,
2026-09-29 23:00:00 UTC,2026-09-29 19:00:00 EDT,2026,9,29,19,1.72,1.91,0.08,3.04,127.6,6.26,1017.8,70.1,-2.41,1.85,-0.92,2.9,0.64,0.455,1.574,1.119,0.0,FALSE,0,Tier 0 (Normal / Safe),ALL VEHICLES PASSABLE,0.0,,,,,,,,
2026-09-30 00:00:00 UTC,2026-09-29 20:00:00 EDT,2026,9,29,20,2.16,2.39,0.52,2.58,132.0,4.7,1018.4,69.6,-1.92,1.73,-0.97,2.39,1.075,0.433,1.557,1.124,0.0,FALSE,0,Tier 0 (Normal / Safe),ALL VEHICLES PASSABLE,0.0,,,,,,,,
2026-09-30 01:00:00 UTC,2026-09-29 21:00:00 EDT,2026,9,29,21,2.73,3.02,1.09,3.51,158.6,5.14,1018.9,68.6,-1.28,3.27,-2.63,2.32,1.618,0.571,1.677,1.106,0.0,FALSE,0,Tier 0 (Normal / Safe),ALL VEHICLES PASSABLE,0.0,,,,,,,,
2026-09-30 02:00:00 UTC,2026-09-29 22:00:00 EDT,2026,9,29,22,3.29,3.48,1.65,2.22,170.7,4.93,1019.2,68.2,-0.36,2.19,-1.94,1.09,2.144,0.847,1.956,1.109,0.0,FALSE,0,Tier 0 (Normal / Safe),ALL VEHICLES PASSABLE,0.0,,,,,,,,
2026-09-30 03:00:00 UTC,2026-09-29 23:00:00 EDT,2026,9,29,23,3.53,3.54,1.89,2.91,192.6,5.37,1019.3,68.5,0.63,2.84,-2.89,0.37,2.497,1.172,2.251,1.079,0.0,FALSE,0,Tier 0 (Normal / Safe),ALL VEHICLES PASSABLE,0.0,,,,,,,,
2026-09-30 04:00:00 UTC,2026-09-30 00:00:00 EDT,2026,9,30,0,3.4,3.5,1.76,2.26,184.5,4.93,1019.1,68.8,0.18,2.25,-2.18,0.6,2.544,1.42,2.471,1.051,0.0,FALSE,0,Tier 0 (Normal / Safe),ALL VEHICLES PASSABLE,0.0,,,,,,,,
2026-09-30 05:00:00 UTC,2026-09-30 01:00:00 EDT,2026,9,30,1,2.98,3.2,1.34,3.94,186.9,6.94,1019.1,68.7,0.47,3.91,-3.84,0.89,2.273,1.516,2.532,1.016,0.0,FALSE,0,Tier 0 (Normal / Safe),ALL VEHICLES PASSABLE,0.0,,,,,,,,
2026-09-30 06:00:00 UTC,2026-09-30 02:00:00 EDT,2026,9,30,2,2.42,2.7,0.78,1.81,280.4,3.36,1019.1,68.8,1.78,-0.33,-0.3,-1.78,1.785,1.465,2.476,1.011,0.0,FALSE,0,Tier 0 (Normal / Safe),ALL VEHICLES PASSABLE,0.0,,,,,,,,
2026-09-30 07:00:00 UTC,2026-09-30 03:00:00 EDT,2026,9,30,3,1.77,2.06,0.13,0.47,256.9,2.01,1018.9,68.4,0.46,0.11,-0.26,-0.39,1.212,1.303,2.285,0.982,0.0,FALSE,0,Tier 0 (Normal / Safe),ALL VEHICLES PASSABLE,0.0,,,,,,,,
2026-09-30 08:00:00 UTC,2026-09-30 04:00:00 EDT,2026,9,30,4,1.24,1.43,-0.4,1.03,245.2,2.68,1018.9,67.3,0.94,0.43,-0.73,-0.73,0.684,1.062,2.001,0.939,0.0,FALSE,0,Tier 0 (Normal / Safe),ALL VEHICLES PASSABLE,0.0,,,,,,,,
2026-09-30 09:00:00 UTC,2026-09-30 05:00:00 EDT,2026,9,30,5,1.08,1.1,-0.56,1.25,242.9,2.68,1019.4,66.8,1.11,0.57,-0.92,-0.85,0.343,0.786,1.717,0.931,0.0,FALSE,0,Tier 0 (Normal / Safe),ALL VEHICLES PASSABLE,0.0,,,,,,,,
2026-09-30 10:00:00 UTC,2026-09-30 06:00:00 EDT,2026,9,30,6,1.23,1.35,-0.41,2.35,268.1,4.03,1020.0,66.7,2.35,0.08,-0.88,-2.18,0.307,0.549,1.511,0.962,0.0,FALSE,0,Tier 0 (Normal / Safe),ALL VEHICLES PASSABLE,0.0,,,,,,,,
2026-09-30 11:00:00 UTC,2026-09-30 07:00:00 EDT,2026,9,30,7,1.54,1.71,-0.1,1.28,234.7,3.13,1020.5,67.0,1.04,0.74,-1.05,-0.73,0.596,0.419,1.401,0.982,0.0,FALSE,0,Tier 0 (Normal / Safe),ALL VEHICLES PASSABLE,0.0,,,,,,,,
2026-09-30 12:00:00 UTC,2026-09-30 08:00:00 EDT,2026,9,30,8,2.0,2.26,0.36,2.06,63.1,3.58,1020.6,69.5,-1.84,-0.93,1.5,1.41,1.129,0.434,1.391,0.957,0.0,FALSE,0,Tier 0 (Normal / Safe),ALL VEHICLES PASSABLE,0.0,,,,,,,,
2026-09-30 13:00:00 UTC,2026-09-30 09:00:00 EDT,2026,9,30,9,2.66,3.04,1.02,2.75,73.9,4.25,1021.1,70.4,-2.64,-0.76,1.62,2.22,1.786,0.609,1.51,0.901,0.0,FALSE,0,Tier 0 (Normal / Safe),ALL VEHICLES PASSABLE,0.0,,,,,,,,
2026-09-30 14:00:00 UTC,2026-09-30 10:00:00 EDT,2026,9,30,10,3.44,3.72,1.8,2.68,85.6,4.25,1021.6,71.7,-2.67,-0.21,1.11,2.44,2.437,0.931,1.843,0.912,0.0,FALSE,0,Tier 0 (Normal / Safe),ALL VEHICLES PASSABLE,0.0,,,,,,,,
2026-09-30 15:00:00 UTC,2026-09-30 11:00:00 EDT,2026,9,30,11,3.87,3.93,2.23,5.64,80.7,7.83,1021.5,72.2,-5.57,-0.91,2.76,4.92,2.925,1.324,2.224,0.9,0.0,FALSE,0,Tier 0 (Normal / Safe),ALL VEHICLES PASSABLE,0.0,,,,,,,,
2026-09-30 16:00:00 UTC,2026-09-30 12:00:00 EDT,2026,9,30,12,3.85,3.93,2.21,9.17,71.7,11.19,1021.0,72.5,-8.71,-2.88,5.68,7.2,3.105,1.658,2.52,0.862,0.0,FALSE,0,Tier 0 (Normal / Safe),ALL VEHICLES PASSABLE,0.0,,,,,,,,
2026-09-30 17:00:00 UTC,2026-09-30 13:00:00 EDT,2026,9,30,13,3.47,3.68,1.83,10.18,71.3,11.63,1020.3,72.6,-9.64,-3.26,6.36,7.94,2.934,1.83,2.635,0.805,0.0,FALSE,0,Tier 0 (Normal / Safe),ALL VEHICLES PASSABLE,0.0,,,,,,,,
2026-09-30 18:00:00 UTC,2026-09-30 14:00:00 EDT,2026,9,30,14,2.94,3.19,1.3,10.49,81.0,12.75,1019.5,73.7,-10.36,-1.64,5.09,9.17,2.498,1.824,2.63,0.806,0.0,FALSE,0,Tier 0 (Normal / Safe),ALL VEHICLES PASSABLE,0.0,,,,,,,,
2026-09-30 19:00:00 UTC,2026-09-30 15:00:00 EDT,2026,9,30,15,2.4,2.66,0.76,10.62,90.8,12.97,1019.1,74.7,-10.62,0.15,3.49,10.03,1.926,1.685,2.518,0.833,0.0,FALSE,0,Tier 0 (Normal / Safe),ALL VEHICLES PASSABLE,0.0,,,,,,,,
2026-09-30 20:00:00 UTC,2026-09-30 16:00:00 EDT,2026,9,30,16,1.84,2.09,0.2,9.42,101.3,13.87,1018.8,75.4,-9.24,1.85,1.42,9.31,1.338,1.454,2.272,0.818,0.0,FALSE,0,Tier 0 (Normal / Safe),ALL VEHICLES PASSABLE,0.0,,,,,,,,
2026-09-30 21:00:00 UTC,2026-09-30 17:00:00 EDT,2026,9,30,17,1.4,1.56,-0.24,8.03,106.8,11.4,1019.0,74.9,-7.69,2.32,0.45,8.02,0.847,1.166,1.974,0.808,0.0,FALSE,0,Tier 0 (Normal / Safe),ALL VEHICLES PASSABLE,0.0,,,,,,,,
2026-09-30 22:00:00 UTC,2026-09-30 18:00:00 EDT,2026,9,30,18,1.22,1.25,-0.42,9.53,126.1,14.32,1019.3,73.0,-7.7,5.62,-2.64,9.16,0.561,0.87,1.679,0.809,0.0,FALSE,0,Tier 0 (Normal / Safe),ALL VEHICLES PASSABLE,0.0,,,,,,,,
2026-09-30 23:00:00 UTC,2026-09-30 19:00:00 EDT,2026,9,30,19,1.35,1.49,-0.29,6.51,133.8,11.19,1019.6,71.7,-4.7,4.51,-2.63,5.96,0.539,0.629,1.485,0.856,0.0,FALSE,0,Tier 0 (Normal / Safe),ALL VEHICLES PASSABLE,0.0,,,,,,,,
2026-10-01 00:00:00 UTC,2026-09-30 20:00:00 EDT,2026,9,30,20,1.65,1.79,0.01,5.35,136.8,8.5,1020.1,71.0,-3.66,3.9,-2.41,4.78,0.757,0.486,1.368,0.882,0.0,FALSE,0,Tier 0 (Normal / Safe),ALL VEHICLES PASSABLE,0.0,,,,,,,,
2026-10-01 01:00:00 UTC,2026-09-30 21:00:00 EDT,2026,9,30,21,2.0,2.2,0.36,4.92,143.1,7.61,1020.2,70.1,-2.95,3.93,-2.69,4.12,1.158,0.474,1.354,0.88,0.0,FALSE,0,Tier 0 (Normal / Safe),ALL VEHICLES PASSABLE,0.0,,,,,,,,
2026-10-01 02:00:00 UTC,2026-09-30 22:00:00 EDT,2026,9,30,22,2.49,2.74,0.85,2.82,156.7,5.59,1020.4,69.3,-1.12,2.59,-2.05,1.93,1.663,0.613,1.467,0.854,0.0,FALSE,0,Tier 0 (Normal / Safe),ALL VEHICLES PASSABLE,0.0,,,,,,,,
2026-10-01 03:00:00 UTC,2026-09-30 23:00:00 EDT,2026,9,30,23,2.9,3.1,1.26,3.02,163.6,6.04,1020.5,68.7,-0.85,2.9,-2.43,1.79,2.146,0.88,1.724,0.844,0.0,FALSE,0,Tier 0 (Normal / Safe),ALL VEHICLES PASSABLE,0.0,,,,,,,,
2026-10-01 04:00:00 UTC,2026-10-01 00:00:00 EDT,2026,10,1,0,,,,5.26,175.6,8.5,1020.2,68.7,-0.4,5.24,-4.79,2.17,2.443,1.18,2.0,0.82,0.0,FALSE,0,Unknown,ALL VEHICLES PASSABLE,0.0,,,,,,,,
2026-10-01 05:00:00 UTC,2026-10-01 01:00:00 EDT,2026,10,1,1,3.07,3.17,1.43,7.32,179.3,10.96,1019.8,68.7,-0.09,7.32,-6.85,2.59,2.439,1.393,2.191,0.798,0.0,FALSE,0,Tier 0 (Normal / Safe),ALL VEHICLES PASSABLE,0.0,,,,,,,,
2026-10-01 06:00:00 UTC,2026-10-01 02:00:00 EDT,2026,10,1,2,2.64,2.87,1.0,7.76,190.3,10.74,1019.5,68.8,1.39,7.63,-7.65,1.31,2.146,1.46,2.251,0.791,0.0,FALSE,0,Tier 0 (Normal / Safe),ALL VEHICLES PASSABLE,0.0,,,,,,,,
2026-10-01 07:00:00 UTC,2026-10-01 03:00:00 EDT,2026,10,1,3,2.0,2.28,0.36,8.21,202.9,10.96,1019.2,68.4,3.19,7.56,-8.2,-0.42,1.669,1.394,2.181,0.787,0.0,FALSE,0,Tier 0 (Normal / Safe),ALL VEHICLES PASSABLE,0.0,,,,,,,,
2026-10-01 08:00:00 UTC,2026-10-01 04:00:00 EDT,2026,10,1,4,1.42,1.66,-0.22,6.67,207.3,10.52,1019.3,67.9,3.06,5.93,-6.62,-0.85,1.138,1.234,2.004,0.77,0.0,FALSE,0,Tier 0 (Normal / Safe),ALL VEHICLES PASSABLE,0.0,,,,,,,,
2026-10-01 09:00:00 UTC,2026-10-01 05:00:00 EDT,2026,10,1,5,1.05,1.17,-0.59,4.92,203.1,8.27,1019.5,67.6,1.93,4.53,-4.91,-0.27,0.683,1.006,1.744,0.738,0.0,FALSE,0,Tier 0 (Normal / Safe),ALL VEHICLES PASSABLE,0.0,,,,,,,,
2026-10-01 10:00:00 UTC,2026-10-01 06:00:00 EDT,2026,10,1,6,0.99,1.02,-0.65,2.66,207.2,8.27,1020.0,67.2,1.22,2.37,-2.64,-0.33,0.428,0.756,1.51,0.754,0.0,FALSE,0,Tier 0 (Normal / Safe),ALL VEHICLES PASSABLE,0.0,,,,,,,,
2026-10-01 11:00:00 UTC,2026-10-01 07:00:00 EDT,2026,10,1,7,1.14,1.25,-0.5,6.53,204.6,11.19,1020.2,67.2,2.72,5.94,-6.51,-0.52,0.453,0.55,1.345,0.795,0.0,FALSE,0,Tier 0 (Normal / Safe),ALL VEHICLES PASSABLE,0.0,,,,,,,,
2026-10-01 12:00:00 UTC,2026-10-01 08:00:00 EDT,2026,10,1,8,1.42,1.59,-0.22,9.73,206.4,14.98,1020.3,69.2,4.33,8.72,-9.67,-1.08,0.753,0.447,1.26,0.813,0.0,FALSE,0,Tier 0 (Normal / Safe),ALL VEHICLES PASSABLE,0.0,,,,,,,,
2026-10-01 13:00:00 UTC,2026-10-01 09:00:00 EDT,2026,10,1,9,1.74,1.86,0.1,9.19,215.7,13.42,1020.6,72.6,5.36,7.46,-8.85,-2.49,1.261,0.479,1.271,0.792,0.0,FALSE,0,Tier 0 (Normal / Safe),ALL VEHICLES PASSABLE,0.0,,,,,,,,
2026-10-01 14:00:00 UTC,2026-10-01 10:00:00 EDT,2026,10,1,10,2.51,2.9,0.87,9.01,235.9,12.97,1020.9,75.8,7.46,5.05,-7.3,-5.28,1.883,0.662,1.412,0.75,0.0,FALSE,0,Tier 0 (Normal / Safe),ALL VEHICLES PASSABLE,0.0,,,,,,,,
2026-10-01 15:00:00 UTC,2026-10-01 11:00:00 EDT,2026,10,1,11,3.25,3.49,1.61,7.45,242.8,12.75,1020.8,78.2,6.63,3.41,-5.47,-5.06,2.493,0.98,1.762,0.782,0.0,FALSE,0,Tier 0 (Normal / Safe),ALL VEHICLES PASSABLE,0.0,,,,,,,,
2026-10-01 16:00:00 UTC,2026-10-01 12:00:00 EDT,2026,10,1,12,3.67,3.7,2.03,8.7,236.1,13.2,1020.4,80.1,7.22,4.85,-7.03,-5.13,2.927,1.354,2.114,0.76,0.0,FALSE,0,Tier 0 (Normal / Safe),ALL VEHICLES PASSABLE,0.0,,,,,,,,
2026-10-01 17:00:00 UTC,2026-10-01 13:00:00 EDT,2026,10,1,13,3.57,3.68,1.93,11.28,211.4,17.0,1019.7,81.5,5.88,9.63,-11.06,-2.23,3.054,1.656,2.393,0.737,0.0,FALSE,0,Tier 0 (Normal / Safe),ALL VEHICLES PASSABLE,0.0,,,,,,,,
2026-10-01 18:00:00 UTC,2026-10-01 14:00:00 EDT,2026,10,1,14,3.18,3.38,1.54,10.24,209.6,19.01,1018.8,82.8,5.06,8.9,-10.1,-1.71,2.855,1.796,2.469,0.673,0.0,FALSE,0,Tier 0 (Normal / Safe),ALL VEHICLES PASSABLE,0.0,,,,,,,,
2026-10-01 19:00:00 UTC,2026-10-01 15:00:00 EDT,2026,10,1,15,2.67,2.9,1.03,9.08,207.7,16.33,1018.5,83.7,4.22,8.04,-9.0,-1.22,2.423,1.775,2.462,0.687,0.0,FALSE,0,Tier 0 (Normal / Safe),ALL VEHICLES PASSABLE,0.0,,,,,,,,
2026-10-01 20:00:00 UTC,2026-10-01 16:00:00 EDT,2026,10,1,16,2.12,2.37,0.48,9.49,193.5,17.23,1018.3,84.0,2.22,9.23,-9.43,1.07,1.885,1.64,2.342,0.702,0.0,FALSE,0,Tier 0 (Normal / Safe),ALL VEHICLES PASSABLE,0.0,,,,,,,,
2026-10-01 21:00:00 UTC,2026-10-01 17:00:00 EDT,2026,10,1,17,1.62,1.81,-0.02,8.43,197.4,15.88,1018.2,83.9,2.52,8.04,-8.42,0.38,1.353,1.427,2.118,0.691,0.0,FALSE,0,Tier 0 (Normal / Safe),ALL VEHICLES PASSABLE,0.0,,,,,,,,
2026-10-01 22:00:00 UTC,2026-10-01 18:00:00 EDT,2026,10,1,18,1.3,1.42,-0.34,6.06,177.6,10.52,1018.2,81.9,-0.25,6.05,-5.6,2.31,0.926,1.162,1.837,0.675,0.0,FALSE,0,Tier 0 (Normal / Safe),ALL VEHICLES PASSABLE,0.0,,,,,,,,
2026-10-01 23:00:00 UTC,2026-10-01 19:00:00 EDT,2026,10,1,19,1.15,1.18,-0.49,5.39,180.1,8.06,1018.5,78.5,0.01,5.39,-5.07,1.83,0.679,0.89,1.576,0.686,0.0,FALSE,0,Tier 0 (Normal / Safe),ALL VEHICLES PASSABLE,0.0,,,,,,,,
2026-10-02 00:00:00 UTC,2026-10-01 20:00:00 EDT,2026,10,1,20,1.18,1.24,-0.46,5.14,196.3,7.38,1018.8,75.7,1.44,4.93,-5.13,0.33,0.649,0.666,1.386,0.72,0.0,FALSE,0,Tier 0 (Normal / Safe),ALL VEHICLES PASSABLE,0.0,,,,,,,,
2026-10-02 01:00:00 UTC,2026-10-01 21:00:00 EDT,2026,10,1,21,1.39,1.5,-0.25,6.17,200.3,8.06,1019.1,74.7,2.14,5.79,-6.17,-0.03,0.831,0.528,1.258,0.73,0.0,FALSE,0,Tier 0 (Normal / Safe),ALL VEHICLES PASSABLE,0.0,,,,,,,,
2026-10-02 02:00:00 UTC,2026-10-01 22:00:00 EDT,2026,10,1,22,1.67,1.81,0.03,6.53,187.2,11.19,1019.0,74.8,0.82,6.48,-6.37,1.45,1.195,0.511,1.205,0.694,0.0,FALSE,0,Tier 0 (Normal / Safe),ALL VEHICLES PASSABLE,0.0,1.718,1.483,0.235,0.458,0.00991,"{'Bayshore Avenue': {'name': 'Bayshore Avenue', 'invert_mllw_ft': 3.75, 'invert_navd88_ft': 2.11, 'depth_in': 0.0, 'status': 'Dry & Passable', 'code': 'GREEN', 'description': 'Southern waterfront roadway. West and east dips flood first.'}, 'Julian Street': {'name': 'Julian Street', 'invert_mllw_ft': 3.78, 'invert_navd88_ft': 2.14, 'depth_in': 0.0, 'status': 'Dry & Passable', 'code': 'GREEN', 'description': 'Connects Daniel Ave to Bayshore Ave. Southern culvert dips to 3.78 ft.'}, 'Daniel Avenue': {'name': 'Daniel Avenue', 'invert_mllw_ft': 3.88, 'invert_navd88_ft': 2.24, 'depth_in': 0.0, 'status': 'Dry & Passable', 'code': 'GREEN', 'description': 'Central community spine. East end dips low; benchmark section at 4.40 ft.'}, 'Allview Street': {'name': 'Allview Street', 'invert_mllw_ft': 4.13, 'invert_navd88_ft': 2.49, 'depth_in': 0.0, 'status': 'Dry & Passable', 'code': 'GREEN', 'description': 'Interior western cross street. Shallow puddling begins above 4.13 ft.'}, 'River Road': {'name': 'River Road', 'invert_mllw_ft': 4.14, 'invert_navd88_ft': 2.5, 'depth_in': 0.0, 'status': 'Dry & Passable', 'code': 'GREEN', 'description': 'North shoreline access road. Mid-section swale dips to 4.14 ft.'}, 'Hobday Street': {'name': 'Hobday Street', 'invert_mllw_ft': 4.22, 'invert_navd88_ft': 2.58, 'depth_in': 0.0, 'status': 'Dry & Passable', 'code': 'GREEN', 'description': 'Interior cross street between Daniel Ave and Bayshore Ave.'}, 'Little Avenue': {'name': 'Little Avenue', 'invert_mllw_ft': 4.23, 'invert_navd88_ft': 2.59, 'depth_in': 0.0, 'status': 'Dry & Passable', 'code': 'GREEN', 'description': 'Interior cross street. Rises towards Daniel Ave northern ridge.'}, 'Bunny Rabbit Lane': {'name': 'Bunny Rabbit Lane', 'invert_mllw_ft': 4.45, 'invert_navd88_ft': 2.81, 'depth_in': 0.0, 'status': 'Dry & Passable', 'code': 'GREEN', 'description': 'Western community boundary lane. Elevated ridge terrain.'}}",GREEN,
2026-10-02 03:00:00 UTC,2026-10-01 23:00:00 EDT,2026,10,1,23,1.99,2.06,0.35,7.97,190.2,13.2,1018.9,73.9,1.41,7.84,-7.85,1.36,1.645,0.63,1.26,0.63,0.0,FALSE,0,Tier 0 (Normal / Safe),ALL VEHICLES PASSABLE,0.0,2.193,1.962,0.231,0.399,0.00864,"{'Bayshore Avenue': {'name': 'Bayshore Avenue', 'invert_mllw_ft': 3.75, 'invert_navd88_ft': 2.11, 'depth_in': 0.0, 'status': 'Dry & Passable', 'code': 'GREEN', 'description': 'Southern waterfront roadway. West and east dips flood first.'}, 'Julian Street': {'name': 'Julian Street', 'invert_mllw_ft': 3.78, 'invert_navd88_ft': 2.14, 'depth_in': 0.0, 'status': 'Dry & Passable', 'code': 'GREEN', 'description': 'Connects Daniel Ave to Bayshore Ave. Southern culvert dips to 3.78 ft.'}, 'Daniel Avenue': {'name': 'Daniel Avenue', 'invert_mllw_ft': 3.88, 'invert_navd88_ft': 2.24, 'depth_in': 0.0, 'status': 'Dry & Passable', 'code': 'GREEN', 'description': 'Central community spine. East end dips low; benchmark section at 4.40 ft.'}, 'Allview Street': {'name': 'Allview Street', 'invert_mllw_ft': 4.13, 'invert_navd88_ft': 2.49, 'depth_in': 0.0, 'status': 'Dry & Passable', 'code': 'GREEN', 'description': 'Interior western cross street. Shallow puddling begins above 4.13 ft.'}, 'River Road': {'name': 'River Road', 'invert_mllw_ft': 4.14, 'invert_navd88_ft': 2.5, 'depth_in': 0.0, 'status': 'Dry & Passable', 'code': 'GREEN', 'description': 'North shoreline access road. Mid-section swale dips to 4.14 ft.'}, 'Hobday Street': {'name': 'Hobday Street', 'invert_mllw_ft': 4.22, 'invert_navd88_ft': 2.58, 'depth_in': 0.0, 'status': 'Dry & Passable', 'code': 'GREEN', 'description': 'Interior cross street between Daniel Ave and Bayshore Ave.'}, 'Little Avenue': {'name': 'Little Avenue', 'invert_mllw_ft': 4.23, 'invert_navd88_ft': 2.59, 'depth_in': 0.0, 'status': 'Dry & Passable', 'code': 'GREEN', 'description': 'Interior cross street. Rises towards Daniel Ave northern ridge.'}, 'Bunny Rabbit Lane': {'name': 'Bunny Rabbit Lane', 'invert_mllw_ft': 4.45, 'invert_navd88_ft': 2.81, 'depth_in': 0.0, 'status': 'Dry & Passable', 'code': 'GREEN', 'description': 'Western community boundary lane. Elevated ridge terrain.'}}",GREEN,
2026-10-02 04:00:00 UTC,2026-10-02 00:00:00 EDT,2026,10,2,0,2.76,2.92,1.12,8.99,200.2,13.87,1018.7,72.8,3.1,8.44,-8.99,-0.03,2.117,0.893,1.503,0.61,0.0,FALSE,0,Tier 0 (Normal / Safe),ALL VEHICLES PASSABLE,0.0,2.67,2.384,0.286,0.324,0.00701,"{'Bayshore Avenue': {'name': 'Bayshore Avenue', 'invert_mllw_ft': 3.75, 'invert_navd88_ft': 2.11, 'depth_in': 0.0, 'status': 'Dry & Passable', 'code': 'GREEN', 'description': 'Southern waterfront roadway. West and east dips flood first.'}, 'Julian Street': {'name': 'Julian Street', 'invert_mllw_ft': 3.78, 'invert_navd88_ft': 2.14, 'depth_in': 0.0, 'status': 'Dry & Passable', 'code': 'GREEN', 'description': 'Connects Daniel Ave to Bayshore Ave. Southern culvert dips to 3.78 ft.'}, 'Daniel Avenue': {'name': 'Daniel Avenue', 'invert_mllw_ft': 3.88, 'invert_navd88_ft': 2.24, 'depth_in': 0.0, 'status': 'Dry & Passable', 'code': 'GREEN', 'description': 'Central community spine. East end dips low; benchmark section at 4.40 ft.'}, 'Allview Street': {'name': 'Allview Street', 'invert_mllw_ft': 4.13, 'invert_navd88_ft': 2.49, 'depth_in': 0.0, 'status': 'Dry & Passable', 'code': 'GREEN', 'description': 'Interior western cross street. Shallow puddling begins above 4.13 ft.'}, 'River Road': {'name': 'River Road', 'invert_mllw_ft': 4.14, 'invert_navd88_ft': 2.5, 'depth_in': 0.0, 'status': 'Dry & Passable', 'code': 'GREEN', 'description': 'North shoreline access road. Mid-section swale dips to 4.14 ft.'}, 'Hobday Street': {'name': 'Hobday Street', 'invert_mllw_ft': 4.22, 'invert_navd88_ft': 2.58, 'depth_in': 0.0, 'status': 'Dry & Passable', 'code': 'GREEN', 'description': 'Interior cross street between Daniel Ave and Bayshore Ave.'}, 'Little Avenue': {'name': 'Little Avenue', 'invert_mllw_ft': 4.23, 'invert_navd88_ft': 2.59, 'depth_in': 0.0, 'status': 'Dry & Passable', 'code': 'GREEN', 'description': 'Interior cross street. Rises towards Daniel Ave northern ridge.'}, 'Bunny Rabbit Lane': {'name': 'Bunny Rabbit Lane', 'invert_mllw_ft': 4.45, 'invert_navd88_ft': 2.81, 'depth_in': 0.0, 'status': 'Dry & Passable', 'code': 'GREEN', 'description': 'Western community boundary lane. Elevated ridge terrain.'}}",GREEN,1.115
2026-10-02 05:00:00 UTC,2026-10-02 01:00:00 EDT,2026,10,2,1,2.92,2.95,1.28,9.51,207.2,14.32,1018.5,72.5,4.35,8.46,-9.44,-1.19,2.375,1.169,1.772,0.603,0.0,FALSE,0,Tier 0 (Normal / Safe),ALL VEHICLES PASSABLE,0.0,2.821,2.557,0.264,0.339,0.00734,"{'Bayshore Avenue': {'name': 'Bayshore Avenue', 'invert_mllw_ft': 3.75, 'invert_navd88_ft': 2.11, 'depth_in': 0.0, 'status': 'Dry & Passable', 'code': 'GREEN', 'description': 'Southern waterfront roadway. West and east dips flood first.'}, 'Julian Street': {'name': 'Julian Street', 'invert_mllw_ft': 3.78, 'invert_navd88_ft': 2.14, 'depth_in': 0.0, 'status': 'Dry & Passable', 'code': 'GREEN', 'description': 'Connects Daniel Ave to Bayshore Ave. Southern culvert dips to 3.78 ft.'}, 'Daniel Avenue': {'name': 'Daniel Avenue', 'invert_mllw_ft': 3.88, 'invert_navd88_ft': 2.24, 'depth_in': 0.0, 'status': 'Dry & Passable', 'code': 'GREEN', 'description': 'Central community spine. East end dips low; benchmark section at 4.40 ft.'}, 'Allview Street': {'name': 'Allview Street', 'invert_mllw_ft': 4.13, 'invert_navd88_ft': 2.49, 'depth_in': 0.0, 'status': 'Dry & Passable', 'code': 'GREEN', 'description': 'Interior western cross street. Shallow puddling begins above 4.13 ft.'}, 'River Road': {'name': 'River Road', 'invert_mllw_ft': 4.14, 'invert_navd88_ft': 2.5, 'depth_in': 0.0, 'status': 'Dry & Passable', 'code': 'GREEN', 'description': 'North shoreline access road. Mid-section swale dips to 4.14 ft.'}, 'Hobday Street': {'name': 'Hobday Street', 'invert_mllw_ft': 4.22, 'invert_navd88_ft': 2.58, 'depth_in': 0.0, 'status': 'Dry & Passable', 'code': 'GREEN', 'description': 'Interior cross street between Daniel Ave and Bayshore Ave.'}, 'Little Avenue': {'name': 'Little Avenue', 'invert_mllw_ft': 4.23, 'invert_navd88_ft': 2.59, 'depth_in': 0.0, 'status': 'Dry & Passable', 'code': 'GREEN', 'description': 'Interior cross street. Rises towards Daniel Ave northern ridge.'}, 'Bunny Rabbit Lane': {'name': 'Bunny Rabbit Lane', 'invert_mllw_ft': 4.45, 'invert_navd88_ft': 2.81, 'depth_in': 0.0, 'status': 'Dry & Passable', 'code': 'GREEN', 'description': 'Western community boundary lane. Elevated ridge terrain.'}}",GREEN,1.181
2026-10-02 06:00:00 UTC,2026-10-02 02:00:00 EDT,2026,10,2,2,2.68,2.82,1.04,10.83,209.6,17.23,1018.1,72.1,5.35,9.42,-10.68,-1.81,2.349,1.356,1.941,0.585,0.0,FALSE,0,Tier 0 (Normal / Safe),ALL VEHICLES PASSABLE,0.0,2.66,2.451,0.209,0.376,0.00814,"{'Bayshore Avenue': {'name': 'Bayshore Avenue', 'invert_mllw_ft': 3.75, 'invert_navd88_ft': 2.11, 'depth_in': 0.0, 'status': 'Dry & Passable', 'code': 'GREEN', 'description': 'Southern waterfront roadway. West and east dips flood first.'}, 'Julian Street': {'name': 'Julian Street', 'invert_mllw_ft': 3.78, 'invert_navd88_ft': 2.14, 'depth_in': 0.0, 'status': 'Dry & Passable', 'code': 'GREEN', 'description': 'Connects Daniel Ave to Bayshore Ave. Southern culvert dips to 3.78 ft.'}, 'Daniel Avenue': {'name': 'Daniel Avenue', 'invert_mllw_ft': 3.88, 'invert_navd88_ft': 2.24, 'depth_in': 0.0, 'status': 'Dry & Passable', 'code': 'GREEN', 'description': 'Central community spine. East end dips low; benchmark section at 4.40 ft.'}, 'Allview Street': {'name': 'Allview Street', 'invert_mllw_ft': 4.13, 'invert_navd88_ft': 2.49, 'depth_in': 0.0, 'status': 'Dry & Passable', 'code': 'GREEN', 'description': 'Interior western cross street. Shallow puddling begins above 4.13 ft.'}, 'River Road': {'name': 'River Road', 'invert_mllw_ft': 4.14, 'invert_navd88_ft': 2.5, 'depth_in': 0.0, 'status': 'Dry & Passable', 'code': 'GREEN', 'description': 'North shoreline access road. Mid-section swale dips to 4.14 ft.'}, 'Hobday Street': {'name': 'Hobday Street', 'invert_mllw_ft': 4.22, 'invert_navd88_ft': 2.58, 'depth_in': 0.0, 'status': 'Dry & Passable', 'code': 'GREEN', 'description': 'Interior cross street between Daniel Ave and Bayshore Ave.'}, 'Little Avenue': {'name': 'Little Avenue', 'invert_mllw_ft': 4.23, 'invert_navd88_ft': 2.59, 'depth_in': 0.0, 'status': 'Dry & Passable', 'code': 'GREEN', 'description': 'Interior cross street. Rises towards Daniel Ave northern ridge.'}, 'Bunny Rabbit Lane': {'name': 'Bunny Rabbit Lane', 'invert_mllw_ft': 4.45, 'invert_navd88_ft': 2.81, 'depth_in': 0.0, 'status': 'Dry & Passable', 'code': 'GREEN', 'description': 'Western community boundary lane. Elevated ridge terrain.'}}",GREEN,0.965
2026-10-02 07:00:00 UTC,2026-10-02 03:00:00 EDT,2026,10,2,3,2.14,2.38,0.5,11.79,219.0,19.01,1017.7,71.8,7.42,9.16,-11.15,-3.84,2.061,1.407,1.949,0.542,0.0,FALSE,0,Tier 0 (Normal / Safe),ALL VEHICLES PASSABLE,0.0,2.297,2.108,0.189,0.353,0.00764,"{'Bayshore Avenue': {'name': 'Bayshore Avenue', 'invert_mllw_ft': 3.75, 'invert_navd88_ft': 2.11, 'depth_in': 0.0, 'status': 'Dry & Passable', 'code': 'GREEN', 'description': 'Southern waterfront roadway. West and east dips flood first.'}, 'Julian Street': {'name': 'Julian Street', 'invert_mllw_ft': 3.78, 'invert_navd88_ft': 2.14, 'depth_in': 0.0, 'status': 'Dry & Passable', 'code': 'GREEN', 'description': 'Connects Daniel Ave to Bayshore Ave. Southern culvert dips to 3.78 ft.'}, 'Daniel Avenue': {'name': 'Daniel Avenue', 'invert_mllw_ft': 3.88, 'invert_navd88_ft': 2.24, 'depth_in': 0.0, 'status': 'Dry & Passable', 'code': 'GREEN', 'description': 'Central community spine. East end dips low; benchmark section at 4.40 ft.'}, 'Allview Street': {'name': 'Allview Street', 'invert_mllw_ft': 4.13, 'invert_navd88_ft': 2.49, 'depth_in': 0.0, 'status': 'Dry & Passable', 'code': 'GREEN', 'description': 'Interior western cross street. Shallow puddling begins above 4.13 ft.'}, 'River Road': {'name': 'River Road', 'invert_mllw_ft': 4.14, 'invert_navd88_ft': 2.5, 'depth_in': 0.0, 'status': 'Dry & Passable', 'code': 'GREEN', 'description': 'North shoreline access road. Mid-section swale dips to 4.14 ft.'}, 'Hobday Street': {'name': 'Hobday Street', 'invert_mllw_ft': 4.22, 'invert_navd88_ft': 2.58, 'depth_in': 0.0, 'status': 'Dry & Passable', 'code': 'GREEN', 'description': 'Interior cross street between Daniel Ave and Bayshore Ave.'}, 'Little Avenue': {'name': 'Little Avenue', 'invert_mllw_ft': 4.23, 'invert_navd88_ft': 2.59, 'depth_in': 0.0, 'status': 'Dry & Passable', 'code': 'GREEN', 'description': 'Interior cross street. Rises towards Daniel Ave northern ridge.'}, 'Bunny Rabbit Lane': {'name': 'Bunny Rabbit Lane', 'invert_mllw_ft': 4.45, 'invert_navd88_ft': 2.81, 'depth_in': 0.0, 'status': 'Dry & Passable', 'code': 'GREEN', 'description': 'Western community boundary lane. Elevated ridge terrain.'}}",GREEN,0.553
2026-10-02 08:00:00 UTC,2026-10-02 04:00:00 EDT,2026,10,2,4,1.66,1.87,0.02,11.12,219.7,16.55,1017.5,71.3,7.1,8.56,-10.47,-3.75,1.619,1.344,1.859,0.515,0.0,FALSE,0,Tier 0 (Normal / Safe),ALL VEHICLES PASSABLE,0.0,1.748,1.617,0.131,0.384,0.00831,"{'Bayshore Avenue': {'name': 'Bayshore Avenue', 'invert_mllw_ft': 3.75, 'invert_navd88_ft': 2.11, 'depth_in': 0.0, 'status': 'Dry & Passable', 'code': 'GREEN', 'description': 'Southern waterfront roadway. West and east dips flood first.'}, 'Julian Street': {'name': 'Julian Street', 'invert_mllw_ft': 3.78, 'invert_navd88_ft': 2.14, 'depth_in': 0.0, 'status': 'Dry & Passable', 'code': 'GREEN', 'description': 'Connects Daniel Ave to Bayshore Ave. Southern culvert dips to 3.78 ft.'}, 'Daniel Avenue': {'name': 'Daniel Avenue', 'invert_mllw_ft': 3.88, 'invert_navd88_ft': 2.24, 'depth_in': 0.0, 'status': 'Dry & Passable', 'code': 'GREEN', 'description': 'Central community spine. East end dips low; benchmark section at 4.40 ft.'}, 'Allview Street': {'name': 'Allview Street', 'invert_mllw_ft': 4.13, 'invert_navd88_ft': 2.49, 'depth_in': 0.0, 'status': 'Dry & Passable', 'code': 'GREEN', 'description': 'Interior western cross street. Shallow puddling begins above 4.13 ft.'}, 'River Road': {'name': 'River Road', 'invert_mllw_ft': 4.14, 'invert_navd88_ft': 2.5, 'depth_in': 0.0, 'status': 'Dry & Passable', 'code': 'GREEN', 'description': 'North shoreline access road. Mid-section swale dips to 4.14 ft.'}, 'Hobday Street': {'name': 'Hobday Street', 'invert_mllw_ft': 4.22, 'invert_navd88_ft': 2.58, 'depth_in': 0.0, 'status': 'Dry & Passable', 'code': 'GREEN', 'description': 'Interior cross street between Daniel Ave and Bayshore Ave.'}, 'Little Avenue': {'name': 'Little Avenue', 'invert_mllw_ft': 4.23, 'invert_navd88_ft': 2.59, 'depth_in': 0.0, 'status': 'Dry & Passable', 'code': 'GREEN', 'description': 'Interior cross street. Rises towards Daniel Ave northern ridge.'}, 'Bunny Rabbit Lane': {'name': 'Bunny Rabbit Lane', 'invert_mllw_ft': 4.45, 'invert_navd88_ft': 2.81, 'depth_in': 0.0, 'status': 'Dry & Passable', 'code': 'GREEN', 'description': 'Western community boundary lane. Elevated ridge terrain.'}}",GREEN,-0.044
2026-10-02 09:00:00 UTC,2026-10-02 05:00:00 EDT,2026,10,2,5,1.21,1.41,-0.43,9.44,217.1,14.55,1017.5,70.7,5.69,7.53,-9.02,-2.78,1.149,1.198,1.691,0.493,0.0,FALSE,0,Tier 0 (Normal / Safe),ALL VEHICLES PASSABLE,0.0,1.23,1.093,0.137,0.356,0.00771,"{'Bayshore Avenue': {'name': 'Bayshore Avenue', 'invert_mllw_ft': 3.75, 'invert_navd88_ft': 2.11, 'depth_in': 0.0, 'status': 'Dry & Passable', 'code': 'GREEN', 'description': 'Southern waterfront roadway. West and east dips flood first.'}, 'Julian Street': {'name': 'Julian Street', 'invert_mllw_ft': 3.78, 'invert_navd88_ft': 2.14, 'depth_in': 0.0, 'status': 'Dry & Passable', 'code': 'GREEN', 'description': 'Connects Daniel Ave to Bayshore Ave. Southern culvert dips to 3.78 ft.'}, 'Daniel Avenue': {'name': 'Daniel Avenue', 'invert_mllw_ft': 3.88, 'invert_navd88_ft': 2.24, 'depth_in': 0.0, 'status': 'Dry & Passable', 'code': 'GREEN', 'description': 'Central community spine. East end dips low; benchmark section at 4.40 ft.'}, 'Allview Street': {'name': 'Allview Street', 'invert_mllw_ft': 4.13, 'invert_navd88_ft': 2.49, 'depth_in': 0.0, 'status': 'Dry & Passable', 'code': 'GREEN', 'description': 'Interior western cross street. Shallow puddling begins above 4.13 ft.'}, 'River Road': {'name': 'River Road', 'invert_mllw_ft': 4.14, 'invert_navd88_ft': 2.5, 'depth_in': 0.0, 'status': 'Dry & Passable', 'code': 'GREEN', 'description': 'North shoreline access road. Mid-section swale dips to 4.14 ft.'}, 'Hobday Street': {'name': 'Hobday Street', 'invert_mllw_ft': 4.22, 'invert_navd88_ft': 2.58, 'depth_in': 0.0, 'status': 'Dry & Passable', 'code': 'GREEN', 'description': 'Interior cross street between Daniel Ave and Bayshore Ave.'}, 'Little Avenue': {'name': 'Little Avenue', 'invert_mllw_ft': 4.23, 'invert_navd88_ft': 2.59, 'depth_in': 0.0, 'status': 'Dry & Passable', 'code': 'GREEN', 'description': 'Interior cross street. Rises towards Daniel Ave northern ridge.'}, 'Bunny Rabbit Lane': {'name': 'Bunny Rabbit Lane', 'invert_mllw_ft': 4.45, 'invert_navd88_ft': 2.81, 'depth_in': 0.0, 'status': 'Dry & Passable', 'code': 'GREEN', 'description': 'Western community boundary lane. Elevated ridge terrain.'}}",GREEN,-0.547
2026-10-02 10:00:00 UTC,2026-10-02 06:00:00 EDT,2026,10,2,6,0.91,1.0,-0.73,8.23,206.4,12.08,1017.7,69.9,3.66,7.37,-8.18,-0.92,0.764,0.991,1.46,0.469,0.0,FALSE,0,Tier 0 (Normal / Safe),ALL VEHICLES PASSABLE,0.0,0.813,0.683,0.13,0.339,0.00734,"{'Bayshore Avenue': {'name': 'Bayshore Avenue', 'invert_mllw_ft': 3.75, 'invert_navd88_ft': 2.11, 'depth_in': 0.0, 'status': 'Dry & Passable', 'code': 'GREEN', 'description': 'Southern waterfront roadway. West and east dips flood first.'}, 'Julian Street': {'name': 'Julian Street', 'invert_mllw_ft': 3.78, 'invert_navd88_ft': 2.14, 'depth_in': 0.0, 'status': 'Dry & Passable', 'code': 'GREEN', 'description': 'Connects Daniel Ave to Bayshore Ave. Southern culvert dips to 3.78 ft.'}, 'Daniel Avenue': {'name': 'Daniel Avenue', 'invert_mllw_ft': 3.88, 'invert_navd88_ft': 2.24, 'depth_in': 0.0, 'status': 'Dry & Passable', 'code': 'GREEN', 'description': 'Central community spine. East end dips low; benchmark section at 4.40 ft.'}, 'Allview Street': {'name': 'Allview Street', 'invert_mllw_ft': 4.13, 'invert_navd88_ft': 2.49, 'depth_in': 0.0, 'status': 'Dry & Passable', 'code': 'GREEN', 'description': 'Interior western cross street. Shallow puddling begins above 4.13 ft.'}, 'River Road': {'name': 'River Road', 'invert_mllw_ft': 4.14, 'invert_navd88_ft': 2.5, 'depth_in': 0.0, 'status': 'Dry & Passable', 'code': 'GREEN', 'description': 'North shoreline access road. Mid-section swale dips to 4.14 ft.'}, 'Hobday Street': {'name': 'Hobday Street', 'invert_mllw_ft': 4.22, 'invert_navd88_ft': 2.58, 'depth_in': 0.0, 'status': 'Dry & Passable', 'code': 'GREEN', 'description': 'Interior cross street between Daniel Ave and Bayshore Ave.'}, 'Little Avenue': {'name': 'Little Avenue', 'invert_mllw_ft': 4.23, 'invert_navd88_ft': 2.59, 'depth_in': 0.0, 'status': 'Dry & Passable', 'code': 'GREEN', 'description': 'Interior cross street. Rises towards Daniel Ave northern ridge.'}, 'Bunny Rabbit Lane': {'name': 'Bunny Rabbit Lane', 'invert_mllw_ft': 4.45, 'invert_navd88_ft': 2.81, 'depth_in': 0.0, 'status': 'Dry & Passable', 'code': 'GREEN', 'description': 'Western community boundary lane. Elevated ridge terrain.'}}",GREEN,-0.913
2026-10-02 11:00:00 UTC,2026-10-02 07:00:00 EDT,2026,10,2,7,0.85,0.88,-0.79,7.92,208.7,11.63,1018.0,69.6,3.8,6.95,-7.83,-1.2,0.556,0.764,1.257,0.493,0.0,FALSE,0,Tier 0 (Normal / Safe),ALL VEHICLES PASSABLE,0.0,0.618,0.504,0.114,0.379,0.0082,"{'Bayshore Avenue': {'name': 'Bayshore Avenue', 'invert_mllw_ft': 3.75, 'invert_navd88_ft': 2.11, 'depth_in': 0.0, 'status': 'Dry & Passable', 'code': 'GREEN', 'description': 'Southern waterfront roadway. West and east dips flood first.'}, 'Julian Street': {'name': 'Julian Street', 'invert_mllw_ft': 3.78, 'invert_navd88_ft': 2.14, 'depth_in': 0.0, 'status': 'Dry & Passable', 'code': 'GREEN', 'description': 'Connects Daniel Ave to Bayshore Ave. Southern culvert dips to 3.78 ft.'}, 'Daniel Avenue': {'name': 'Daniel Avenue', 'invert_mllw_ft': 3.88, 'invert_navd88_ft': 2.24, 'depth_in': 0.0, 'status': 'Dry & Passable', 'code': 'GREEN', 'description': 'Central community spine. East end dips low; benchmark section at 4.40 ft.'}, 'Allview Street': {'name': 'Allview Street', 'invert_mllw_ft': 4.13, 'invert_navd88_ft': 2.49, 'depth_in': 0.0, 'status': 'Dry & Passable', 'code': 'GREEN', 'description': 'Interior western cross street. Shallow puddling begins above 4.13 ft.'}, 'River Road': {'name': 'River Road', 'invert_mllw_ft': 4.14, 'invert_navd88_ft': 2.5, 'depth_in': 0.0, 'status': 'Dry & Passable', 'code': 'GREEN', 'description': 'North shoreline access road. Mid-section swale dips to 4.14 ft.'}, 'Hobday Street': {'name': 'Hobday Street', 'invert_mllw_ft': 4.22, 'invert_navd88_ft': 2.58, 'depth_in': 0.0, 'status': 'Dry & Passable', 'code': 'GREEN', 'description': 'Interior cross street between Daniel Ave and Bayshore Ave.'}, 'Little Avenue': {'name': 'Little Avenue', 'invert_mllw_ft': 4.23, 'invert_navd88_ft': 2.59, 'depth_in': 0.0, 'status': 'Dry & Passable', 'code': 'GREEN', 'description': 'Interior cross street. Rises towards Daniel Ave northern ridge.'}, 'Bunny Rabbit Lane': {'name': 'Bunny Rabbit Lane', 'invert_mllw_ft': 4.45, 'invert_navd88_ft': 2.81, 'depth_in': 0.0, 'status': 'Dry & Passable', 'code': 'GREEN', 'description': 'Western community boundary lane. Elevated ridge terrain.'}}",GREEN,-1.013
2026-10-02 12:00:00 UTC,2026-10-02 08:00:00 EDT,2026,10,2,8,0.94,1.03,-0.7,9.75,214.8,15.43,1018.2,71.4,5.56,8.01,-9.43,-2.49,0.582,0.576,1.071,0.495,0.0,FALSE,0,Tier 0 (Normal / Safe),ALL VEHICLES PASSABLE,0.0,0.665,0.608,0.057,0.438,0.00948,"{'Bayshore Avenue': {'name': 'Bayshore Avenue', 'invert_mllw_ft': 3.75, 'invert_navd88_ft': 2.11, 'depth_in': 0.0, 'status': 'Dry & Passable', 'code': 'GREEN', 'description': 'Southern waterfront roadway. West and east dips flood first.'}, 'Julian Street': {'name': 'Julian Street', 'invert_mllw_ft': 3.78, 'invert_navd88_ft': 2.14, 'depth_in': 0.0, 'status': 'Dry & Passable', 'code': 'GREEN', 'description': 'Connects Daniel Ave to Bayshore Ave. Southern culvert dips to 3.78 ft.'}, 'Daniel Avenue': {'name': 'Daniel Avenue', 'invert_mllw_ft': 3.88, 'invert_navd88_ft': 2.24, 'depth_in': 0.0, 'status': 'Dry & Passable', 'code': 'GREEN', 'description': 'Central community spine. East end dips low; benchmark section at 4.40 ft.'}, 'Allview Street': {'name': 'Allview Street', 'invert_mllw_ft': 4.13, 'invert_navd88_ft': 2.49, 'depth_in': 0.0, 'status': 'Dry & Passable', 'code': 'GREEN', 'description': 'Interior western cross street. Shallow puddling begins above 4.13 ft.'}, 'River Road': {'name': 'River Road', 'invert_mllw_ft': 4.14, 'invert_navd88_ft': 2.5, 'depth_in': 0.0, 'status': 'Dry & Passable', 'code': 'GREEN', 'description': 'North shoreline access road. Mid-section swale dips to 4.14 ft.'}, 'Hobday Street': {'name': 'Hobday Street', 'invert_mllw_ft': 4.22, 'invert_navd88_ft': 2.58, 'depth_in': 0.0, 'status': 'Dry & Passable', 'code': 'GREEN', 'description': 'Interior cross street between Daniel Ave and Bayshore Ave.'}, 'Little Avenue': {'name': 'Little Avenue', 'invert_mllw_ft': 4.23, 'invert_navd88_ft': 2.59, 'depth_in': 0.0, 'status': 'Dry & Passable', 'code': 'GREEN', 'description': 'Interior cross street. Rises towards Daniel Ave northern ridge.'}, 'Bunny Rabbit Lane': {'name': 'Bunny Rabbit Lane', 'invert_mllw_ft': 4.45, 'invert_navd88_ft': 2.81, 'depth_in': 0.0, 'status': 'Dry & Passable', 'code': 'GREEN', 'description': 'Western community boundary lane. Elevated ridge terrain.'}}",GREEN,-0.865
2026-10-02 13:00:00 UTC,2026-10-02 09:00:00 EDT,2026,10,2,9,1.17,1.33,-0.47,10.02,225.2,15.88,1018.1,74.0,7.11,7.06,-9.07,-4.27,0.851,0.482,0.981,0.499,0.0,FALSE,0,Tier 0 (Normal / Safe),ALL VEHICLES PASSABLE,0.0,1.022,0.992,0.03,0.469,0.01015,"{'Bayshore Avenue': {'name': 'Bayshore Avenue', 'invert_mllw_ft': 3.75, 'invert_navd88_ft': 2.11, 'depth_in': 0.0, 'status': 'Dry & Passable', 'code': 'GREEN', 'description': 'Southern waterfront roadway. West and east dips flood first.'}, 'Julian Street': {'name': 'Julian Street', 'invert_mllw_ft': 3.78, 'invert_navd88_ft': 2.14, 'depth_in': 0.0, 'status': 'Dry & Passable', 'code': 'GREEN', 'description': 'Connects Daniel Ave to Bayshore Ave. Southern culvert dips to 3.78 ft.'}, 'Daniel Avenue': {'name': 'Daniel Avenue', 'invert_mllw_ft': 3.88, 'invert_navd88_ft': 2.24, 'depth_in': 0.0, 'status': 'Dry & Passable', 'code': 'GREEN', 'description': 'Central community spine. East end dips low; benchmark section at 4.40 ft.'}, 'Allview Street': {'name': 'Allview Street', 'invert_mllw_ft': 4.13, 'invert_navd88_ft': 2.49, 'depth_in': 0.0, 'status': 'Dry & Passable', 'code': 'GREEN', 'description': 'Interior western cross street. Shallow puddling begins above 4.13 ft.'}, 'River Road': {'name': 'River Road', 'invert_mllw_ft': 4.14, 'invert_navd88_ft': 2.5, 'depth_in': 0.0, 'status': 'Dry & Passable', 'code': 'GREEN', 'description': 'North shoreline access road. Mid-section swale dips to 4.14 ft.'}, 'Hobday Street': {'name': 'Hobday Street', 'invert_mllw_ft': 4.22, 'invert_navd88_ft': 2.58, 'depth_in': 0.0, 'status': 'Dry & Passable', 'code': 'GREEN', 'description': 'Interior cross street between Daniel Ave and Bayshore Ave.'}, 'Little Avenue': {'name': 'Little Avenue', 'invert_mllw_ft': 4.23, 'invert_navd88_ft': 2.59, 'depth_in': 0.0, 'status': 'Dry & Passable', 'code': 'GREEN', 'description': 'Interior cross street. Rises towards Daniel Ave northern ridge.'}, 'Bunny Rabbit Lane': {'name': 'Bunny Rabbit Lane', 'invert_mllw_ft': 4.45, 'invert_navd88_ft': 2.81, 'depth_in': 0.0, 'status': 'Dry & Passable', 'code': 'GREEN', 'description': 'Western community boundary lane. Elevated ridge terrain.'}}",GREEN,-0.452
2026-10-02 14:00:00 UTC,2026-10-02 10:00:00 EDT,2026,10,2,10,1.58,1.83,-0.06,9.82,228.1,18.56,1018.1,76.7,7.31,6.56,-8.66,-4.63,1.321,0.511,0.98,0.469,0.0,FALSE,0,Tier 0 (Normal / Safe),ALL VEHICLES PASSABLE,0.0,1.617,1.577,0.04,0.429,0.00929,"{'Bayshore Avenue': {'name': 'Bayshore Avenue', 'invert_mllw_ft': 3.75, 'invert_navd88_ft': 2.11, 'depth_in': 0.0, 'status': 'Dry & Passable', 'code': 'GREEN', 'description': 'Southern waterfront roadway. West and east dips flood first.'}, 'Julian Street': {'name': 'Julian Street', 'invert_mllw_ft': 3.78, 'invert_navd88_ft': 2.14, 'depth_in': 0.0, 'status': 'Dry & Passable', 'code': 'GREEN', 'description': 'Connects Daniel Ave to Bayshore Ave. Southern culvert dips to 3.78 ft.'}, 'Daniel Avenue': {'name': 'Daniel Avenue', 'invert_mllw_ft': 3.88, 'invert_navd88_ft': 2.24, 'depth_in': 0.0, 'status': 'Dry & Passable', 'code': 'GREEN', 'description': 'Central community spine. East end dips low; benchmark section at 4.40 ft.'}, 'Allview Street': {'name': 'Allview Street', 'invert_mllw_ft': 4.13, 'invert_navd88_ft': 2.49, 'depth_in': 0.0, 'status': 'Dry & Passable', 'code': 'GREEN', 'description': 'Interior western cross street. Shallow puddling begins above 4.13 ft.'}, 'River Road': {'name': 'River Road', 'invert_mllw_ft': 4.14, 'invert_navd88_ft': 2.5, 'depth_in': 0.0, 'status': 'Dry & Passable', 'code': 'GREEN', 'description': 'North shoreline access road. Mid-section swale dips to 4.14 ft.'}, 'Hobday Street': {'name': 'Hobday Street', 'invert_mllw_ft': 4.22, 'invert_navd88_ft': 2.58, 'depth_in': 0.0, 'status': 'Dry & Passable', 'code': 'GREEN', 'description': 'Interior cross street between Daniel Ave and Bayshore Ave.'}, 'Little Avenue': {'name': 'Little Avenue', 'invert_mllw_ft': 4.23, 'invert_navd88_ft': 2.59, 'depth_in': 0.0, 'status': 'Dry & Passable', 'code': 'GREEN', 'description': 'Interior cross street. Rises towards Daniel Ave northern ridge.'}, 'Bunny Rabbit Lane': {'name': 'Bunny Rabbit Lane', 'invert_mllw_ft': 4.45, 'invert_navd88_ft': 2.81, 'depth_in': 0.0, 'status': 'Dry & Passable', 'code': 'GREEN', 'description': 'Western community boundary lane. Elevated ridge terrain.'}}",GREEN,0.17
2026-10-02 15:00:00 UTC,2026-10-02 11:00:00 EDT,2026,10,2,11,2.21,2.55,0.57,12.37,218.1,20.58,1017.6,79.4,7.63,9.73,-11.76,-3.84,1.908,0.684,1.147,0.463,0.0,FALSE,0,Tier 0 (Normal / Safe),ALL VEHICLES PASSABLE,0.0,2.26,2.221,0.039,0.424,0.00918,"{'Bayshore Avenue': {'name': 'Bayshore Avenue', 'invert_mllw_ft': 3.75, 'invert_navd88_ft': 2.11, 'depth_in': 0.0, 'status': 'Dry & Passable', 'code': 'GREEN', 'description': 'Southern waterfront roadway. West and east dips flood first.'}, 'Julian Street': {'name': 'Julian Street', 'invert_mllw_ft': 3.78, 'invert_navd88_ft': 2.14, 'depth_in': 0.0, 'status': 'Dry & Passable', 'code': 'GREEN', 'description': 'Connects Daniel Ave to Bayshore Ave. Southern culvert dips to 3.78 ft.'}, 'Daniel Avenue': {'name': 'Daniel Avenue', 'invert_mllw_ft': 3.88, 'invert_navd88_ft': 2.24, 'depth_in': 0.0, 'status': 'Dry & Passable', 'code': 'GREEN', 'description': 'Central community spine. East end dips low; benchmark section at 4.40 ft.'}, 'Allview Street': {'name': 'Allview Street', 'invert_mllw_ft': 4.13, 'invert_navd88_ft': 2.49, 'depth_in': 0.0, 'status': 'Dry & Passable', 'code': 'GREEN', 'description': 'Interior western cross street. Shallow puddling begins above 4.13 ft.'}, 'River Road': {'name': 'River Road', 'invert_mllw_ft': 4.14, 'invert_navd88_ft': 2.5, 'depth_in': 0.0, 'status': 'Dry & Passable', 'code': 'GREEN', 'description': 'North shoreline access road. Mid-section swale dips to 4.14 ft.'}, 'Hobday Street': {'name': 'Hobday Street', 'invert_mllw_ft': 4.22, 'invert_navd88_ft': 2.58, 'depth_in': 0.0, 'status': 'Dry & Passable', 'code': 'GREEN', 'description': 'Interior cross street between Daniel Ave and Bayshore Ave.'}, 'Little Avenue': {'name': 'Little Avenue', 'invert_mllw_ft': 4.23, 'invert_navd88_ft': 2.59, 'depth_in': 0.0, 'status': 'Dry & Passable', 'code': 'GREEN', 'description': 'Interior cross street. Rises towards Daniel Ave northern ridge.'}, 'Bunny Rabbit Lane': {'name': 'Bunny Rabbit Lane', 'invert_mllw_ft': 4.45, 'invert_navd88_ft': 2.81, 'depth_in': 0.0, 'status': 'Dry & Passable', 'code': 'GREEN', 'description': 'Western community boundary lane. Elevated ridge terrain.'}}",GREEN,0.766
2026-10-02 16:00:00 UTC,2026-10-02 12:00:00 EDT,2026,10,2,12,2.88,3.11,1.24,13.13,212.4,19.91,1016.8,81.6,7.04,11.09,-12.82,-2.82,2.479,0.988,1.461,0.473,0.0,FALSE,0,Tier 0 (Normal / Safe),ALL VEHICLES PASSABLE,0.0,2.822,2.776,0.046,0.427,0.00924,"{'Bayshore Avenue': {'name': 'Bayshore Avenue', 'invert_mllw_ft': 3.75, 'invert_navd88_ft': 2.11, 'depth_in': 0.0, 'status': 'Dry & Passable', 'code': 'GREEN', 'description': 'Southern waterfront roadway. West and east dips flood first.'}, 'Julian Street': {'name': 'Julian Street', 'invert_mllw_ft': 3.78, 'invert_navd88_ft': 2.14, 'depth_in': 0.0, 'status': 'Dry & Passable', 'code': 'GREEN', 'description': 'Connects Daniel Ave to Bayshore Ave. Southern culvert dips to 3.78 ft.'}, 'Daniel Avenue': {'name': 'Daniel Avenue', 'invert_mllw_ft': 3.88, 'invert_navd88_ft': 2.24, 'depth_in': 0.0, 'status': 'Dry & Passable', 'code': 'GREEN', 'description': 'Central community spine. East end dips low; benchmark section at 4.40 ft.'}, 'Allview Street': {'name': 'Allview Street', 'invert_mllw_ft': 4.13, 'invert_navd88_ft': 2.49, 'depth_in': 0.0, 'status': 'Dry & Passable', 'code': 'GREEN', 'description': 'Interior western cross street. Shallow puddling begins above 4.13 ft.'}, 'River Road': {'name': 'River Road', 'invert_mllw_ft': 4.14, 'invert_navd88_ft': 2.5, 'depth_in': 0.0, 'status': 'Dry & Passable', 'code': 'GREEN', 'description': 'North shoreline access road. Mid-section swale dips to 4.14 ft.'}, 'Hobday Street': {'name': 'Hobday Street', 'invert_mllw_ft': 4.22, 'invert_navd88_ft': 2.58, 'depth_in': 0.0, 'status': 'Dry & Passable', 'code': 'GREEN', 'description': 'Interior cross street between Daniel Ave and Bayshore Ave.'}, 'Little Avenue': {'name': 'Little Avenue', 'invert_mllw_ft': 4.23, 'invert_navd88_ft': 2.59, 'depth_in': 0.0, 'status': 'Dry & Passable', 'code': 'GREEN', 'description': 'Interior cross street. Rises towards Daniel Ave northern ridge.'}, 'Bunny Rabbit Lane': {'name': 'Bunny Rabbit Lane', 'invert_mllw_ft': 4.45, 'invert_navd88_ft': 2.81, 'depth_in': 0.0, 'status': 'Dry & Passable', 'code': 'GREEN', 'description': 'Western community boundary lane. Elevated ridge terrain.'}}",GREEN,1.273
2026-10-02 17:00:00 UTC,2026-10-02 13:00:00 EDT,2026,10,2,13,3.2,3.22,1.56,10.27,231.3,19.01,1016.2,83.8,8.02,6.42,-8.78,-5.34,2.874,1.338,1.809,0.471,0.0,FALSE,0,Tier 0 (Normal / Safe),ALL VEHICLES PASSABLE,0.0,3.14,3.115,0.025,0.446,0.00965,"{'Bayshore Avenue': {'name': 'Bayshore Avenue', 'invert_mllw_ft': 3.75, 'invert_navd88_ft': 2.11, 'depth_in': 0.0, 'status': 'Dry & Passable', 'code': 'GREEN', 'description': 'Southern waterfront roadway. West and east dips flood first.'}, 'Julian Street': {'name': 'Julian Street', 'invert_mllw_ft': 3.78, 'invert_navd88_ft': 2.14, 'depth_in': 0.0, 'status': 'Dry & Passable', 'code': 'GREEN', 'description': 'Connects Daniel Ave to Bayshore Ave. Southern culvert dips to 3.78 ft.'}, 'Daniel Avenue': {'name': 'Daniel Avenue', 'invert_mllw_ft': 3.88, 'invert_navd88_ft': 2.24, 'depth_in': 0.0, 'status': 'Dry & Passable', 'code': 'GREEN', 'description': 'Central community spine. East end dips low; benchmark section at 4.40 ft.'}, 'Allview Street': {'name': 'Allview Street', 'invert_mllw_ft': 4.13, 'invert_navd88_ft': 2.49, 'depth_in': 0.0, 'status': 'Dry & Passable', 'code': 'GREEN', 'description': 'Interior western cross street. Shallow puddling begins above 4.13 ft.'}, 'River Road': {'name': 'River Road', 'invert_mllw_ft': 4.14, 'invert_navd88_ft': 2.5, 'depth_in': 0.0, 'status': 'Dry & Passable', 'code': 'GREEN', 'description': 'North shoreline access road. Mid-section swale dips to 4.14 ft.'}, 'Hobday Street': {'name': 'Hobday Street', 'invert_mllw_ft': 4.22, 'invert_navd88_ft': 2.58, 'depth_in': 0.0, 'status': 'Dry & Passable', 'code': 'GREEN', 'description': 'Interior cross street between Daniel Ave and Bayshore Ave.'}, 'Little Avenue': {'name': 'Little Avenue', 'invert_mllw_ft': 4.23, 'invert_navd88_ft': 2.59, 'depth_in': 0.0, 'status': 'Dry & Passable', 'code': 'GREEN', 'description': 'Interior cross street. Rises towards Daniel Ave northern ridge.'}, 'Bunny Rabbit Lane': {'name': 'Bunny Rabbit Lane', 'invert_mllw_ft': 4.45, 'invert_navd88_ft': 2.81, 'depth_in': 0.0, 'status': 'Dry & Passable', 'code': 'GREEN', 'description': 'Western community boundary lane. Elevated ridge terrain.'}}",GREEN,1.562
2026-10-02 18:00:00 UTC,2026-10-02 14:00:00 EDT,2026,10,2,14,3.12,3.19,1.48,9.13,231.9,18.12,1015.6,85.3,7.18,5.63,-7.75,-4.82,2.976,1.613,2.055,0.442,0.0,FALSE,0,Tier 0 (Normal / Safe),ALL VEHICLES PASSABLE,0.0,3.199,3.16,0.039,0.403,0.00872,"{'Bayshore Avenue': {'name': 'Bayshore Avenue', 'invert_mllw_ft': 3.75, 'invert_navd88_ft': 2.11, 'depth_in': 0.0, 'status': 'Dry & Passable', 'code': 'GREEN', 'description': 'Southern waterfront roadway. West and east dips flood first.'}, 'Julian Street': {'name': 'Julian Street', 'invert_mllw_ft': 3.78, 'invert_navd88_ft': 2.14, 'depth_in': 0.0, 'status': 'Dry & Passable', 'code': 'GREEN', 'description': 'Connects Daniel Ave to Bayshore Ave. Southern culvert dips to 3.78 ft.'}, 'Daniel Avenue': {'name': 'Daniel Avenue', 'invert_mllw_ft': 3.88, 'invert_navd88_ft': 2.24, 'depth_in': 0.0, 'status': 'Dry & Passable', 'code': 'GREEN', 'description': 'Central community spine. East end dips low; benchmark section at 4.40 ft.'}, 'Allview Street': {'name': 'Allview Street', 'invert_mllw_ft': 4.13, 'invert_navd88_ft': 2.49, 'depth_in': 0.0, 'status': 'Dry & Passable', 'code': 'GREEN', 'description': 'Interior western cross street. Shallow puddling begins above 4.13 ft.'}, 'River Road': {'name': 'River Road', 'invert_mllw_ft': 4.14, 'invert_navd88_ft': 2.5, 'depth_in': 0.0, 'status': 'Dry & Passable', 'code': 'GREEN', 'description': 'North shoreline access road. Mid-section swale dips to 4.14 ft.'}, 'Hobday Street': {'name': 'Hobday Street', 'invert_mllw_ft': 4.22, 'invert_navd88_ft': 2.58, 'depth_in': 0.0, 'status': 'Dry & Passable', 'code': 'GREEN', 'description': 'Interior cross street between Daniel Ave and Bayshore Ave.'}, 'Little Avenue': {'name': 'Little Avenue', 'invert_mllw_ft': 4.23, 'invert_navd88_ft': 2.59, 'depth_in': 0.0, 'status': 'Dry & Passable', 'code': 'GREEN', 'description': 'Interior cross street. Rises towards Daniel Ave northern ridge.'}, 'Bunny Rabbit Lane': {'name': 'Bunny Rabbit Lane', 'invert_mllw_ft': 4.45, 'invert_navd88_ft': 2.81, 'depth_in': 0.0, 'status': 'Dry & Passable', 'code': 'GREEN', 'description': 'Western community boundary lane. Elevated ridge terrain.'}}",GREEN,1.57
2026-10-02 19:00:00 UTC,2026-10-02 15:00:00 EDT,2026,10,2,15,2.77,2.94,1.13,8.43,226.5,16.11,1015.2,86.5,6.11,5.8,-7.54,-3.76,2.78,1.737,2.143,0.406,0.0,FALSE,0,Tier 0 (Normal / Safe),ALL VEHICLES PASSABLE,0.0,3.015,2.933,0.082,0.324,0.00701,"{'Bayshore Avenue': {'name': 'Bayshore Avenue', 'invert_mllw_ft': 3.75, 'invert_navd88_ft': 2.11, 'depth_in': 0.0, 'status': 'Dry & Passable', 'code': 'GREEN', 'description': 'Southern waterfront roadway. West and east dips flood first.'}, 'Julian Street': {'name': 'Julian Street', 'invert_mllw_ft': 3.78, 'invert_navd88_ft': 2.14, 'depth_in': 0.0, 'status': 'Dry & Passable', 'code': 'GREEN', 'description': 'Connects Daniel Ave to Bayshore Ave. Southern culvert dips to 3.78 ft.'}, 'Daniel Avenue': {'name': 'Daniel Avenue', 'invert_mllw_ft': 3.88, 'invert_navd88_ft': 2.24, 'depth_in': 0.0, 'status': 'Dry & Passable', 'code': 'GREEN', 'description': 'Central community spine. East end dips low; benchmark section at 4.40 ft.'}, 'Allview Street': {'name': 'Allview Street', 'invert_mllw_ft': 4.13, 'invert_navd88_ft': 2.49, 'depth_in': 0.0, 'status': 'Dry & Passable', 'code': 'GREEN', 'description': 'Interior western cross street. Shallow puddling begins above 4.13 ft.'}, 'River Road': {'name': 'River Road', 'invert_mllw_ft': 4.14, 'invert_navd88_ft': 2.5, 'depth_in': 0.0, 'status': 'Dry & Passable', 'code': 'GREEN', 'description': 'North shoreline access road. Mid-section swale dips to 4.14 ft.'}, 'Hobday Street': {'name': 'Hobday Street', 'invert_mllw_ft': 4.22, 'invert_navd88_ft': 2.58, 'depth_in': 0.0, 'status': 'Dry & Passable', 'code': 'GREEN', 'description': 'Interior cross street between Daniel Ave and Bayshore Ave.'}, 'Little Avenue': {'name': 'Little Avenue', 'invert_mllw_ft': 4.23, 'invert_navd88_ft': 2.59, 'depth_in': 0.0, 'status': 'Dry & Passable', 'code': 'GREEN', 'description': 'Interior cross street. Rises towards Daniel Ave northern ridge.'}, 'Bunny Rabbit Lane': {'name': 'Bunny Rabbit Lane', 'invert_mllw_ft': 4.45, 'invert_navd88_ft': 2.81, 'depth_in': 0.0, 'status': 'Dry & Passable', 'code': 'GREEN', 'description': 'Western community boundary lane. Elevated ridge terrain.'}}",GREEN,1.348
2026-10-02 20:00:00 UTC,2026-10-02 16:00:00 EDT,2026,10,2,16,2.37,2.55,0.73,9.86,205.8,16.78,1014.9,86.5,4.29,8.88,-9.81,-1.0,2.381,1.721,2.118,0.397,0.0,FALSE,0,Tier 0 (Normal / Safe),ALL VEHICLES PASSABLE,0.0,2.619,2.515,0.104,0.293,0.00634,"{'Bayshore Avenue': {'name': 'Bayshore Avenue', 'invert_mllw_ft': 3.75, 'invert_navd88_ft': 2.11, 'depth_in': 0.0, 'status': 'Dry & Passable', 'code': 'GREEN', 'description': 'Southern waterfront roadway. West and east dips flood first.'}, 'Julian Street': {'name': 'Julian Street', 'invert_mllw_ft': 3.78, 'invert_navd88_ft': 2.14, 'depth_in': 0.0, 'status': 'Dry & Passable', 'code': 'GREEN', 'description': 'Connects Daniel Ave to Bayshore Ave. Southern culvert dips to 3.78 ft.'}, 'Daniel Avenue': {'name': 'Daniel Avenue', 'invert_mllw_ft': 3.88, 'invert_navd88_ft': 2.24, 'depth_in': 0.0, 'status': 'Dry & Passable', 'code': 'GREEN', 'description': 'Central community spine. East end dips low; benchmark section at 4.40 ft.'}, 'Allview Street': {'name': 'Allview Street', 'invert_mllw_ft': 4.13, 'invert_navd88_ft': 2.49, 'depth_in': 0.0, 'status': 'Dry & Passable', 'code': 'GREEN', 'description': 'Interior western cross street. Shallow puddling begins above 4.13 ft.'}, 'River Road': {'name': 'River Road', 'invert_mllw_ft': 4.14, 'invert_navd88_ft': 2.5, 'depth_in': 0.0, 'status': 'Dry & Passable', 'code': 'GREEN', 'description': 'North shoreline access road. Mid-section swale dips to 4.14 ft.'}, 'Hobday Street': {'name': 'Hobday Street', 'invert_mllw_ft': 4.22, 'invert_navd88_ft': 2.58, 'depth_in': 0.0, 'status': 'Dry & Passable', 'code': 'GREEN', 'description': 'Interior cross street between Daniel Ave and Bayshore Ave.'}, 'Little Avenue': {'name': 'Little Avenue', 'invert_mllw_ft': 4.23, 'invert_navd88_ft': 2.59, 'depth_in': 0.0, 'status': 'Dry & Passable', 'code': 'GREEN', 'description': 'Interior cross street. Rises towards Daniel Ave northern ridge.'}, 'Bunny Rabbit Lane': {'name': 'Bunny Rabbit Lane', 'invert_mllw_ft': 4.45, 'invert_navd88_ft': 2.81, 'depth_in': 0.0, 'status': 'Dry & Passable', 'code': 'GREEN', 'description': 'Western community boundary lane. Elevated ridge terrain.'}}",GREEN,0.868
2026-10-02 21:00:00 UTC,2026-10-02 17:00:00 EDT,2026,10,2,17,1.9,2.13,0.26,10.09,202.6,16.33,1014.7,86.3,3.88,9.32,-10.08,-0.46,1.9,1.608,2.013,0.405,0.0,FALSE,0,Tier 0 (Normal / Safe),ALL VEHICLES PASSABLE,0.0,2.012,1.988,0.024,0.381,0.00825,"{'Bayshore Avenue': {'name': 'Bayshore Avenue', 'invert_mllw_ft': 3.75, 'invert_navd88_ft': 2.11, 'depth_in': 0.0, 'status': 'Dry & Passable', 'code': 'GREEN', 'description': 'Southern waterfront roadway. West and east dips flood first.'}, 'Julian Street': {'name': 'Julian Street', 'invert_mllw_ft': 3.78, 'invert_navd88_ft': 2.14, 'depth_in': 0.0, 'status': 'Dry & Passable', 'code': 'GREEN', 'description': 'Connects Daniel Ave to Bayshore Ave. Southern culvert dips to 3.78 ft.'}, 'Daniel Avenue': {'name': 'Daniel Avenue', 'invert_mllw_ft': 3.88, 'invert_navd88_ft': 2.24, 'depth_in': 0.0, 'status': 'Dry & Passable', 'code': 'GREEN', 'description': 'Central community spine. East end dips low; benchmark section at 4.40 ft.'}, 'Allview Street': {'name': 'Allview Street', 'invert_mllw_ft': 4.13, 'invert_navd88_ft': 2.49, 'depth_in': 0.0, 'status': 'Dry & Passable', 'code': 'GREEN', 'description': 'Interior western cross street. Shallow puddling begins above 4.13 ft.'}, 'River Road': {'name': 'River Road', 'invert_mllw_ft': 4.14, 'invert_navd88_ft': 2.5, 'depth_in': 0.0, 'status': 'Dry & Passable', 'code': 'GREEN', 'description': 'North shoreline access road. Mid-section swale dips to 4.14 ft.'}, 'Hobday Street': {'name': 'Hobday Street', 'invert_mllw_ft': 4.22, 'invert_navd88_ft': 2.58, 'depth_in': 0.0, 'status': 'Dry & Passable', 'code': 'GREEN', 'description': 'Interior cross street between Daniel Ave and Bayshore Ave.'}, 'Little Avenue': {'name': 'Little Avenue', 'invert_mllw_ft': 4.23, 'invert_navd88_ft': 2.59, 'depth_in': 0.0, 'status': 'Dry & Passable', 'code': 'GREEN', 'description': 'Interior cross street. Rises towards Daniel Ave northern ridge.'}, 'Bunny Rabbit Lane': {'name': 'Bunny Rabbit Lane', 'invert_mllw_ft': 4.45, 'invert_navd88_ft': 2.81, 'depth_in': 0.0, 'status': 'Dry & Passable', 'code': 'GREEN', 'description': 'Western community boundary lane. Elevated ridge terrain.'}}",GREEN,0.192
2026-10-02 22:00:00 UTC,2026-10-02 18:00:00 EDT,2026,10,2,18,1.36,1.6,-0.28,6.11,196.9,10.52,1014.7,84.3,1.78,5.85,-6.1,0.33,1.431,1.422,1.798,0.376,0.0,FALSE,0,Tier 0 (Normal / Safe),ALL VEHICLES PASSABLE,0.0,1.404,1.451,-0.047,0.423,0.00916,"{'Bayshore Avenue': {'name': 'Bayshore Avenue', 'invert_mllw_ft': 3.75, 'invert_navd88_ft': 2.11, 'depth_in': 0.0, 'status': 'Dry & Passable', 'code': 'GREEN', 'description': 'Southern waterfront roadway. West and east dips flood first.'}, 'Julian Street': {'name': 'Julian Street', 'invert_mllw_ft': 3.78, 'invert_navd88_ft': 2.14, 'depth_in': 0.0, 'status': 'Dry & Passable', 'code': 'GREEN', 'description': 'Connects Daniel Ave to Bayshore Ave. Southern culvert dips to 3.78 ft.'}, 'Daniel Avenue': {'name': 'Daniel Avenue', 'invert_mllw_ft': 3.88, 'invert_navd88_ft': 2.24, 'depth_in': 0.0, 'status': 'Dry & Passable', 'code': 'GREEN', 'description': 'Central community spine. East end dips low; benchmark section at 4.40 ft.'}, 'Allview Street': {'name': 'Allview Street', 'invert_mllw_ft': 4.13, 'invert_navd88_ft': 2.49, 'depth_in': 0.0, 'status': 'Dry & Passable', 'code': 'GREEN', 'description': 'Interior western cross street. Shallow puddling begins above 4.13 ft.'}, 'River Road': {'name': 'River Road', 'invert_mllw_ft': 4.14, 'invert_navd88_ft': 2.5, 'depth_in': 0.0, 'status': 'Dry & Passable', 'code': 'GREEN', 'description': 'North shoreline access road. Mid-section swale dips to 4.14 ft.'}, 'Hobday Street': {'name': 'Hobday Street', 'invert_mllw_ft': 4.22, 'invert_navd88_ft': 2.58, 'depth_in': 0.0, 'status': 'Dry & Passable', 'code': 'GREEN', 'description': 'Interior cross street between Daniel Ave and Bayshore Ave.'}, 'Little Avenue': {'name': 'Little Avenue', 'invert_mllw_ft': 4.23, 'invert_navd88_ft': 2.59, 'depth_in': 0.0, 'status': 'Dry & Passable', 'code': 'GREEN', 'description': 'Interior cross street. Rises towards Daniel Ave northern ridge.'}, 'Bunny Rabbit Lane': {'name': 'Bunny Rabbit Lane', 'invert_mllw_ft': 4.45, 'invert_navd88_ft': 2.81, 'depth_in': 0.0, 'status': 'Dry & Passable', 'code': 'GREEN', 'description': 'Western community boundary lane. Elevated ridge terrain.'}}",GREEN,-0.421
2026-10-02 23:00:00 UTC,2026-10-02 19:00:00 EDT,2026,10,2,19,0.89,1.04,-0.75,4.12,185.7,5.81,1015.0,80.7,0.41,4.1,-3.99,1.02,1.037,1.182,1.532,0.35,0.0,FALSE,0,Tier 0 (Normal / Safe),ALL VEHICLES PASSABLE,0.0,0.972,1.021,-0.049,0.399,0.00864,"{'Bayshore Avenue': {'name': 'Bayshore Avenue', 'invert_mllw_ft': 3.75, 'invert_navd88_ft': 2.11, 'depth_in': 0.0, 'status': 'Dry & Passable', 'code': 'GREEN', 'description': 'Southern waterfront roadway. West and east dips flood first.'}, 'Julian Street': {'name': 'Julian Street', 'invert_mllw_ft': 3.78, 'invert_navd88_ft': 2.14, 'depth_in': 0.0, 'status': 'Dry & Passable', 'code': 'GREEN', 'description': 'Connects Daniel Ave to Bayshore Ave. Southern culvert dips to 3.78 ft.'}, 'Daniel Avenue': {'name': 'Daniel Avenue', 'invert_mllw_ft': 3.88, 'invert_navd88_ft': 2.24, 'depth_in': 0.0, 'status': 'Dry & Passable', 'code': 'GREEN', 'description': 'Central community spine. East end dips low; benchmark section at 4.40 ft.'}, 'Allview Street': {'name': 'Allview Street', 'invert_mllw_ft': 4.13, 'invert_navd88_ft': 2.49, 'depth_in': 0.0, 'status': 'Dry & Passable', 'code': 'GREEN', 'description': 'Interior western cross street. Shallow puddling begins above 4.13 ft.'}, 'River Road': {'name': 'River Road', 'invert_mllw_ft': 4.14, 'invert_navd88_ft': 2.5, 'depth_in': 0.0, 'status': 'Dry & Passable', 'code': 'GREEN', 'description': 'North shoreline access road. Mid-section swale dips to 4.14 ft.'}, 'Hobday Street': {'name': 'Hobday Street', 'invert_mllw_ft': 4.22, 'invert_navd88_ft': 2.58, 'depth_in': 0.0, 'status': 'Dry & Passable', 'code': 'GREEN', 'description': 'Interior cross street between Daniel Ave and Bayshore Ave.'}, 'Little Avenue': {'name': 'Little Avenue', 'invert_mllw_ft': 4.23, 'invert_navd88_ft': 2.59, 'depth_in': 0.0, 'status': 'Dry & Passable', 'code': 'GREEN', 'description': 'Interior cross street. Rises towards Daniel Ave northern ridge.'}, 'Bunny Rabbit Lane': {'name': 'Bunny Rabbit Lane', 'invert_mllw_ft': 4.45, 'invert_navd88_ft': 2.81, 'depth_in': 0.0, 'status': 'Dry & Passable', 'code': 'GREEN', 'description': 'Western community boundary lane. Elevated ridge terrain.'}}",GREEN,-0.778
2026-10-03 00:00:00 UTC,2026-10-02 20:00:00 EDT,2026,10,2,20,0.82,0.86,-0.82,5.91,200.5,9.62,1015.6,79.7,2.07,5.54,-5.91,-0.05,0.78,0.927,1.278,0.351,0.0,FALSE,0,Tier 0 (Normal / Safe),ALL VEHICLES PASSABLE,0.0,0.741,0.785,-0.044,0.395,0.00855,"{'Bayshore Avenue': {'name': 'Bayshore Avenue', 'invert_mllw_ft': 3.75, 'invert_navd88_ft': 2.11, 'depth_in': 0.0, 'status': 'Dry & Passable', 'code': 'GREEN', 'description': 'Southern waterfront roadway. West and east dips flood first.'}, 'Julian Street': {'name': 'Julian Street', 'invert_mllw_ft': 3.78, 'invert_navd88_ft': 2.14, 'depth_in': 0.0, 'status': 'Dry & Passable', 'code': 'GREEN', 'description': 'Connects Daniel Ave to Bayshore Ave. Southern culvert dips to 3.78 ft.'}, 'Daniel Avenue': {'name': 'Daniel Avenue', 'invert_mllw_ft': 3.88, 'invert_navd88_ft': 2.24, 'depth_in': 0.0, 'status': 'Dry & Passable', 'code': 'GREEN', 'description': 'Central community spine. East end dips low; benchmark section at 4.40 ft.'}, 'Allview Street': {'name': 'Allview Street', 'invert_mllw_ft': 4.13, 'invert_navd88_ft': 2.49, 'depth_in': 0.0, 'status': 'Dry & Passable', 'code': 'GREEN', 'description': 'Interior western cross street. Shallow puddling begins above 4.13 ft.'}, 'River Road': {'name': 'River Road', 'invert_mllw_ft': 4.14, 'invert_navd88_ft': 2.5, 'depth_in': 0.0, 'status': 'Dry & Passable', 'code': 'GREEN', 'description': 'North shoreline access road. Mid-section swale dips to 4.14 ft.'}, 'Hobday Street': {'name': 'Hobday Street', 'invert_mllw_ft': 4.22, 'invert_navd88_ft': 2.58, 'depth_in': 0.0, 'status': 'Dry & Passable', 'code': 'GREEN', 'description': 'Interior cross street between Daniel Ave and Bayshore Ave.'}, 'Little Avenue': {'name': 'Little Avenue', 'invert_mllw_ft': 4.23, 'invert_navd88_ft': 2.59, 'depth_in': 0.0, 'status': 'Dry & Passable', 'code': 'GREEN', 'description': 'Interior cross street. Rises towards Daniel Ave northern ridge.'}, 'Bunny Rabbit Lane': {'name': 'Bunny Rabbit Lane', 'invert_mllw_ft': 4.45, 'invert_navd88_ft': 2.81, 'depth_in': 0.0, 'status': 'Dry & Passable', 'code': 'GREEN', 'description': 'Western community boundary lane. Elevated ridge terrain.'}}",GREEN,-0.893
2026-10-03 01:00:00 UTC,2026-10-02 21:00:00 EDT,2026,10,2,21,0.94,1.01,-0.7,7.99,214.4,10.52,1016.1,79.2,4.51,6.59,-7.74,-1.99,0.713,0.707,1.091,0.384,0.0,FALSE,0,Tier 0 (Normal / Safe),ALL VEHICLES PASSABLE,0.0,0.783,0.793,-0.01,0.394,0.00853,"{'Bayshore Avenue': {'name': 'Bayshore Avenue', 'invert_mllw_ft': 3.75, 'invert_navd88_ft': 2.11, 'depth_in': 0.0, 'status': 'Dry & Passable', 'code': 'GREEN', 'description': 'Southern waterfront roadway. West and east dips flood first.'}, 'Julian Street': {'name': 'Julian Street', 'invert_mllw_ft': 3.78, 'invert_navd88_ft': 2.14, 'depth_in': 0.0, 'status': 'Dry & Passable', 'code': 'GREEN', 'description': 'Connects Daniel Ave to Bayshore Ave. Southern culvert dips to 3.78 ft.'}, 'Daniel Avenue': {'name': 'Daniel Avenue', 'invert_mllw_ft': 3.88, 'invert_navd88_ft': 2.24, 'depth_in': 0.0, 'status': 'Dry & Passable', 'code': 'GREEN', 'description': 'Central community spine. East end dips low; benchmark section at 4.40 ft.'}, 'Allview Street': {'name': 'Allview Street', 'invert_mllw_ft': 4.13, 'invert_navd88_ft': 2.49, 'depth_in': 0.0, 'status': 'Dry & Passable', 'code': 'GREEN', 'description': 'Interior western cross street. Shallow puddling begins above 4.13 ft.'}, 'River Road': {'name': 'River Road', 'invert_mllw_ft': 4.14, 'invert_navd88_ft': 2.5, 'depth_in': 0.0, 'status': 'Dry & Passable', 'code': 'GREEN', 'description': 'North shoreline access road. Mid-section swale dips to 4.14 ft.'}, 'Hobday Street': {'name': 'Hobday Street', 'invert_mllw_ft': 4.22, 'invert_navd88_ft': 2.58, 'depth_in': 0.0, 'status': 'Dry & Passable', 'code': 'GREEN', 'description': 'Interior cross street between Daniel Ave and Bayshore Ave.'}, 'Little Avenue': {'name': 'Little Avenue', 'invert_mllw_ft': 4.23, 'invert_navd88_ft': 2.59, 'depth_in': 0.0, 'status': 'Dry & Passable', 'code': 'GREEN', 'description': 'Interior cross street. Rises towards Daniel Ave northern ridge.'}, 'Bunny Rabbit Lane': {'name': 'Bunny Rabbit Lane', 'invert_mllw_ft': 4.45, 'invert_navd88_ft': 2.81, 'depth_in': 0.0, 'status': 'Dry & Passable', 'code': 'GREEN', 'description': 'Western community boundary lane. Elevated ridge terrain.'}}",GREEN,-0.78
2026-10-03 02:00:00 UTC,2026-10-02 22:00:00 EDT,2026,10,2,22,1.16,1.27,-0.48,8.63,212.4,12.97,1016.3,78.5,4.62,7.29,-8.43,-1.85,0.859,0.562,0.958,0.396,0.0,FALSE,0,Tier 0 (Normal / Safe),ALL VEHICLES PASSABLE,0.0,1.055,1.046,0.009,0.387,0.00838,"{'Bayshore Avenue': {'name': 'Bayshore Avenue', 'invert_mllw_ft': 3.75, 'invert_navd88_ft': 2.11, 'depth_in': 0.0, 'status': 'Dry & Passable', 'code': 'GREEN', 'description': 'Southern waterfront roadway. West and east dips flood first.'}, 'Julian Street': {'name': 'Julian Street', 'invert_mllw_ft': 3.78, 'invert_navd88_ft': 2.14, 'depth_in': 0.0, 'status': 'Dry & Passable', 'code': 'GREEN', 'description': 'Connects Daniel Ave to Bayshore Ave. Southern culvert dips to 3.78 ft.'}, 'Daniel Avenue': {'name': 'Daniel Avenue', 'invert_mllw_ft': 3.88, 'invert_navd88_ft': 2.24, 'depth_in': 0.0, 'status': 'Dry & Passable', 'code': 'GREEN', 'description': 'Central community spine. East end dips low; benchmark section at 4.40 ft.'}, 'Allview Street': {'name': 'Allview Street', 'invert_mllw_ft': 4.13, 'invert_navd88_ft': 2.49, 'depth_in': 0.0, 'status': 'Dry & Passable', 'code': 'GREEN', 'description': 'Interior western cross street. Shallow puddling begins above 4.13 ft.'}, 'River Road': {'name': 'River Road', 'invert_mllw_ft': 4.14, 'invert_navd88_ft': 2.5, 'depth_in': 0.0, 'status': 'Dry & Passable', 'code': 'GREEN', 'description': 'North shoreline access road. Mid-section swale dips to 4.14 ft.'}, 'Hobday Street': {'name': 'Hobday Street', 'invert_mllw_ft': 4.22, 'invert_navd88_ft': 2.58, 'depth_in': 0.0, 'status': 'Dry & Passable', 'code': 'GREEN', 'description': 'Interior cross street between Daniel Ave and Bayshore Ave.'}, 'Little Avenue': {'name': 'Little Avenue', 'invert_mllw_ft': 4.23, 'invert_navd88_ft': 2.59, 'depth_in': 0.0, 'status': 'Dry & Passable', 'code': 'GREEN', 'description': 'Interior cross street. Rises towards Daniel Ave northern ridge.'}, 'Bunny Rabbit Lane': {'name': 'Bunny Rabbit Lane', 'invert_mllw_ft': 4.45, 'invert_navd88_ft': 2.81, 'depth_in': 0.0, 'status': 'Dry & Passable', 'code': 'GREEN', 'description': 'Western community boundary lane. Elevated ridge terrain.'}}",GREEN,-0.444
2026-10-03 03:00:00 UTC,2026-10-02 23:00:00 EDT,2026,10,2,23,1.5,1.68,-0.14,9.75,221.5,13.87,1016.3,78.5,6.46,7.3,-9.07,-3.57,1.198,0.533,0.959,0.426,0.0,FALSE,0,Tier 0 (Normal / Safe),ALL VEHICLES PASSABLE,0.0,1.486,1.466,0.02,0.406,0.00879,"{'Bayshore Avenue': {'name': 'Bayshore Avenue', 'invert_mllw_ft': 3.75, 'invert_navd88_ft': 2.11, 'depth_in': 0.0, 'status': 'Dry & Passable', 'code': 'GREEN', 'description': 'Southern waterfront roadway. West and east dips flood first.'}, 'Julian Street': {'name': 'Julian Street', 'invert_mllw_ft': 3.78, 'invert_navd88_ft': 2.14, 'depth_in': 0.0, 'status': 'Dry & Passable', 'code': 'GREEN', 'description': 'Connects Daniel Ave to Bayshore Ave. Southern culvert dips to 3.78 ft.'}, 'Daniel Avenue': {'name': 'Daniel Avenue', 'invert_mllw_ft': 3.88, 'invert_navd88_ft': 2.24, 'depth_in': 0.0, 'status': 'Dry & Passable', 'code': 'GREEN', 'description': 'Central community spine. East end dips low; benchmark section at 4.40 ft.'}, 'Allview Street': {'name': 'Allview Street', 'invert_mllw_ft': 4.13, 'invert_navd88_ft': 2.49, 'depth_in': 0.0, 'status': 'Dry & Passable', 'code': 'GREEN', 'description': 'Interior western cross street. Shallow puddling begins above 4.13 ft.'}, 'River Road': {'name': 'River Road', 'invert_mllw_ft': 4.14, 'invert_navd88_ft': 2.5, 'depth_in': 0.0, 'status': 'Dry & Passable', 'code': 'GREEN', 'description': 'North shoreline access road. Mid-section swale dips to 4.14 ft.'}, 'Hobday Street': {'name': 'Hobday Street', 'invert_mllw_ft': 4.22, 'invert_navd88_ft': 2.58, 'depth_in': 0.0, 'status': 'Dry & Passable', 'code': 'GREEN', 'description': 'Interior cross street between Daniel Ave and Bayshore Ave.'}, 'Little Avenue': {'name': 'Little Avenue', 'invert_mllw_ft': 4.23, 'invert_navd88_ft': 2.59, 'depth_in': 0.0, 'status': 'Dry & Passable', 'code': 'GREEN', 'description': 'Interior cross street. Rises towards Daniel Ave northern ridge.'}, 'Bunny Rabbit Lane': {'name': 'Bunny Rabbit Lane', 'invert_mllw_ft': 4.45, 'invert_navd88_ft': 2.81, 'depth_in': 0.0, 'status': 'Dry & Passable', 'code': 'GREEN', 'description': 'Western community boundary lane. Elevated ridge terrain.'}}",GREEN,0.022
2026-10-03 04:00:00 UTC,2026-10-03 00:00:00 EDT,2026,10,3,0,1.9,2.11,0.26,11.08,249.5,16.55,1016.4,78.5,10.38,3.88,-7.2,-8.43,1.65,0.652,1.152,0.5,0.0,FALSE,0,Tier 0 (Normal / Safe),ALL VEHICLES PASSABLE,0.0,2.018,1.932,0.086,0.414,0.00896,"{'Bayshore Avenue': {'name': 'Bayshore Avenue', 'invert_mllw_ft': 3.75, 'invert_navd88_ft': 2.11, 'depth_in': 0.0, 'status': 'Dry & Passable', 'code': 'GREEN', 'description': 'Southern waterfront roadway. West and east dips flood first.'}, 'Julian Street': {'name': 'Julian Street', 'invert_mllw_ft': 3.78, 'invert_navd88_ft': 2.14, 'depth_in': 0.0, 'status': 'Dry & Passable', 'code': 'GREEN', 'description': 'Connects Daniel Ave to Bayshore Ave. Southern culvert dips to 3.78 ft.'}, 'Daniel Avenue': {'name': 'Daniel Avenue', 'invert_mllw_ft': 3.88, 'invert_navd88_ft': 2.24, 'depth_in': 0.0, 'status': 'Dry & Passable', 'code': 'GREEN', 'description': 'Central community spine. East end dips low; benchmark section at 4.40 ft.'}, 'Allview Street': {'name': 'Allview Street', 'invert_mllw_ft': 4.13, 'invert_navd88_ft': 2.49, 'depth_in': 0.0, 'status': 'Dry & Passable', 'code': 'GREEN', 'description': 'Interior western cross street. Shallow puddling begins above 4.13 ft.'}, 'River Road': {'name': 'River Road', 'invert_mllw_ft': 4.14, 'invert_navd88_ft': 2.5, 'depth_in': 0.0, 'status': 'Dry & Passable', 'code': 'GREEN', 'description': 'North shoreline access road. Mid-section swale dips to 4.14 ft.'}, 'Hobday Street': {'name': 'Hobday Street', 'invert_mllw_ft': 4.22, 'invert_navd88_ft': 2.58, 'depth_in': 0.0, 'status': 'Dry & Passable', 'code': 'GREEN', 'description': 'Interior cross street between Daniel Ave and Bayshore Ave.'}, 'Little Avenue': {'name': 'Little Avenue', 'invert_mllw_ft': 4.23, 'invert_navd88_ft': 2.59, 'depth_in': 0.0, 'status': 'Dry & Passable', 'code': 'GREEN', 'description': 'Interior cross street. Rises towards Daniel Ave northern ridge.'}, 'Bunny Rabbit Lane': {'name': 'Bunny Rabbit Lane', 'invert_mllw_ft': 4.45, 'invert_navd88_ft': 2.81, 'depth_in': 0.0, 'status': 'Dry & Passable', 'code': 'GREEN', 'description': 'Western community boundary lane. Elevated ridge terrain.'}}",GREEN,0.54
2026-10-03 05:00:00 UTC,2026-10-03 01:00:00 EDT,2026,10,3,1,2.46,2.73,0.82,5.55,250.9,12.97,1016.7,76.1,5.24,1.82,-3.5,-4.31,2.077,0.891,1.384,0.493,0.0,FALSE,0,Tier 0 (Normal / Safe),ALL VEHICLES PASSABLE,0.0,2.466,2.313,0.153,0.34,0.00736,"{'Bayshore Avenue': {'name': 'Bayshore Avenue', 'invert_mllw_ft': 3.75, 'invert_navd88_ft': 2.11, 'depth_in': 0.0, 'status': 'Dry & Passable', 'code': 'GREEN', 'description': 'Southern waterfront roadway. West and east dips flood first.'}, 'Julian Street': {'name': 'Julian Street', 'invert_mllw_ft': 3.78, 'invert_navd88_ft': 2.14, 'depth_in': 0.0, 'status': 'Dry & Passable', 'code': 'GREEN', 'description': 'Connects Daniel Ave to Bayshore Ave. Southern culvert dips to 3.78 ft.'}, 'Daniel Avenue': {'name': 'Daniel Avenue', 'invert_mllw_ft': 3.88, 'invert_navd88_ft': 2.24, 'depth_in': 0.0, 'status': 'Dry & Passable', 'code': 'GREEN', 'description': 'Central community spine. East end dips low; benchmark section at 4.40 ft.'}, 'Allview Street': {'name': 'Allview Street', 'invert_mllw_ft': 4.13, 'invert_navd88_ft': 2.49, 'depth_in': 0.0, 'status': 'Dry & Passable', 'code': 'GREEN', 'description': 'Interior western cross street. Shallow puddling begins above 4.13 ft.'}, 'River Road': {'name': 'River Road', 'invert_mllw_ft': 4.14, 'invert_navd88_ft': 2.5, 'depth_in': 0.0, 'status': 'Dry & Passable', 'code': 'GREEN', 'description': 'North shoreline access road. Mid-section swale dips to 4.14 ft.'}, 'Hobday Street': {'name': 'Hobday Street', 'invert_mllw_ft': 4.22, 'invert_navd88_ft': 2.58, 'depth_in': 0.0, 'status': 'Dry & Passable', 'code': 'GREEN', 'description': 'Interior cross street between Daniel Ave and Bayshore Ave.'}, 'Little Avenue': {'name': 'Little Avenue', 'invert_mllw_ft': 4.23, 'invert_navd88_ft': 2.59, 'depth_in': 0.0, 'status': 'Dry & Passable', 'code': 'GREEN', 'description': 'Interior cross street. Rises towards Daniel Ave northern ridge.'}, 'Bunny Rabbit Lane': {'name': 'Bunny Rabbit Lane', 'invert_mllw_ft': 4.45, 'invert_navd88_ft': 2.81, 'depth_in': 0.0, 'status': 'Dry & Passable', 'code': 'GREEN', 'description': 'Western community boundary lane. Elevated ridge terrain.'}}",GREEN,0.908
2026-10-03 06:00:00 UTC,2026-10-03 02:00:00 EDT,2026,10,3,2,2.88,2.93,1.24,3.58,64.5,9.62,1017.0,74.7,-3.23,-1.54,2.55,2.51,2.322,1.148,1.607,0.459,0.0,FALSE,0,Tier 0 (Normal / Safe),ALL VEHICLES PASSABLE,0.0,2.793,2.479,0.314,0.145,0.00314,"{'Bayshore Avenue': {'name': 'Bayshore Avenue', 'invert_mllw_ft': 3.75, 'invert_navd88_ft': 2.11, 'depth_in': 0.0, 'status': 'Dry & Passable', 'code': 'GREEN', 'description': 'Southern waterfront roadway. West and east dips flood first.'}, 'Julian Street': {'name': 'Julian Street', 'invert_mllw_ft': 3.78, 'invert_navd88_ft': 2.14, 'depth_in': 0.0, 'status': 'Dry & Passable', 'code': 'GREEN', 'description': 'Connects Daniel Ave to Bayshore Ave. Southern culvert dips to 3.78 ft.'}, 'Daniel Avenue': {'name': 'Daniel Avenue', 'invert_mllw_ft': 3.88, 'invert_navd88_ft': 2.24, 'depth_in': 0.0, 'status': 'Dry & Passable', 'code': 'GREEN', 'description': 'Central community spine. East end dips low; benchmark section at 4.40 ft.'}, 'Allview Street': {'name': 'Allview Street', 'invert_mllw_ft': 4.13, 'invert_navd88_ft': 2.49, 'depth_in': 0.0, 'status': 'Dry & Passable', 'code': 'GREEN', 'description': 'Interior western cross street. Shallow puddling begins above 4.13 ft.'}, 'River Road': {'name': 'River Road', 'invert_mllw_ft': 4.14, 'invert_navd88_ft': 2.5, 'depth_in': 0.0, 'status': 'Dry & Passable', 'code': 'GREEN', 'description': 'North shoreline access road. Mid-section swale dips to 4.14 ft.'}, 'Hobday Street': {'name': 'Hobday Street', 'invert_mllw_ft': 4.22, 'invert_navd88_ft': 2.58, 'depth_in': 0.0, 'status': 'Dry & Passable', 'code': 'GREEN', 'description': 'Interior cross street between Daniel Ave and Bayshore Ave.'}, 'Little Avenue': {'name': 'Little Avenue', 'invert_mllw_ft': 4.23, 'invert_navd88_ft': 2.59, 'depth_in': 0.0, 'status': 'Dry & Passable', 'code': 'GREEN', 'description': 'Interior cross street. Rises towards Daniel Ave northern ridge.'}, 'Bunny Rabbit Lane': {'name': 'Bunny Rabbit Lane', 'invert_mllw_ft': 4.45, 'invert_navd88_ft': 2.81, 'depth_in': 0.0, 'status': 'Dry & Passable', 'code': 'GREEN', 'description': 'Western community boundary lane. Elevated ridge terrain.'}}",GREEN,1.142
2026-10-03 07:00:00 UTC,2026-10-03 03:00:00 EDT,2026,10,3,3,2.64,2.85,1.0,6.85,19.4,11.19,1017.1,73.7,-2.28,-6.46,6.85,-0.07,2.299,1.321,1.807,0.486,0.0,FALSE,0,Tier 0 (Normal / Safe),ALL VEHICLES PASSABLE,0.0,2.704,2.385,0.319,0.167,0.00361,"{'Bayshore Avenue': {'name': 'Bayshore Avenue', 'invert_mllw_ft': 3.75, 'invert_navd88_ft': 2.11, 'depth_in': 0.0, 'status': 'Dry & Passable', 'code': 'GREEN', 'description': 'Southern waterfront roadway. West and east dips flood first.'}, 'Julian Street': {'name': 'Julian Street', 'invert_mllw_ft': 3.78, 'invert_navd88_ft': 2.14, 'depth_in': 0.0, 'status': 'Dry & Passable', 'code': 'GREEN', 'description': 'Connects Daniel Ave to Bayshore Ave. Southern culvert dips to 3.78 ft.'}, 'Daniel Avenue': {'name': 'Daniel Avenue', 'invert_mllw_ft': 3.88, 'invert_navd88_ft': 2.24, 'depth_in': 0.0, 'status': 'Dry & Passable', 'code': 'GREEN', 'description': 'Central community spine. East end dips low; benchmark section at 4.40 ft.'}, 'Allview Street': {'name': 'Allview Street', 'invert_mllw_ft': 4.13, 'invert_navd88_ft': 2.49, 'depth_in': 0.0, 'status': 'Dry & Passable', 'code': 'GREEN', 'description': 'Interior western cross street. Shallow puddling begins above 4.13 ft.'}, 'River Road': {'name': 'River Road', 'invert_mllw_ft': 4.14, 'invert_navd88_ft': 2.5, 'depth_in': 0.0, 'status': 'Dry & Passable', 'code': 'GREEN', 'description': 'North shoreline access road. Mid-section swale dips to 4.14 ft.'}, 'Hobday Street': {'name': 'Hobday Street', 'invert_mllw_ft': 4.22, 'invert_navd88_ft': 2.58, 'depth_in': 0.0, 'status': 'Dry & Passable', 'code': 'GREEN', 'description': 'Interior cross street between Daniel Ave and Bayshore Ave.'}, 'Little Avenue': {'name': 'Little Avenue', 'invert_mllw_ft': 4.23, 'invert_navd88_ft': 2.59, 'depth_in': 0.0, 'status': 'Dry & Passable', 'code': 'GREEN', 'description': 'Interior cross street. Rises towards Daniel Ave northern ridge.'}, 'Bunny Rabbit Lane': {'name': 'Bunny Rabbit Lane', 'invert_mllw_ft': 4.45, 'invert_navd88_ft': 2.81, 'depth_in': 0.0, 'status': 'Dry & Passable', 'code': 'GREEN', 'description': 'Western community boundary lane. Elevated ridge terrain.'}}",GREEN,0.995
2026-10-03 08:00:00 UTC,2026-10-03 04:00:00 EDT,2026,10,3,4,2.14,2.39,0.5,9.35,17.7,19.24,1017.7,73.3,-2.84,-8.91,9.34,-0.38,2.04,1.374,2.001,0.627,0.0,FALSE,0,Tier 0 (Normal / Safe),ALL VEHICLES PASSABLE,0.0,2.391,2.086,0.305,0.322,0.00697,"{'Bayshore Avenue': {'name': 'Bayshore Avenue', 'invert_mllw_ft': 3.75, 'invert_navd88_ft': 2.11, 'depth_in': 0.0, 'status': 'Dry & Passable', 'code': 'GREEN', 'description': 'Southern waterfront roadway. West and east dips flood first.'}, 'Julian Street': {'name': 'Julian Street', 'invert_mllw_ft': 3.78, 'invert_navd88_ft': 2.14, 'depth_in': 0.0, 'status': 'Dry & Passable', 'code': 'GREEN', 'description': 'Connects Daniel Ave to Bayshore Ave. Southern culvert dips to 3.78 ft.'}, 'Daniel Avenue': {'name': 'Daniel Avenue', 'invert_mllw_ft': 3.88, 'invert_navd88_ft': 2.24, 'depth_in': 0.0, 'status': 'Dry & Passable', 'code': 'GREEN', 'description': 'Central community spine. East end dips low; benchmark section at 4.40 ft.'}, 'Allview Street': {'name': 'Allview Street', 'invert_mllw_ft': 4.13, 'invert_navd88_ft': 2.49, 'depth_in': 0.0, 'status': 'Dry & Passable', 'code': 'GREEN', 'description': 'Interior western cross street. Shallow puddling begins above 4.13 ft.'}, 'River Road': {'name': 'River Road', 'invert_mllw_ft': 4.14, 'invert_navd88_ft': 2.5, 'depth_in': 0.0, 'status': 'Dry & Passable', 'code': 'GREEN', 'description': 'North shoreline access road. Mid-section swale dips to 4.14 ft.'}, 'Hobday Street': {'name': 'Hobday Street', 'invert_mllw_ft': 4.22, 'invert_navd88_ft': 2.58, 'depth_in': 0.0, 'status': 'Dry & Passable', 'code': 'GREEN', 'description': 'Interior cross street between Daniel Ave and Bayshore Ave.'}, 'Little Avenue': {'name': 'Little Avenue', 'invert_mllw_ft': 4.23, 'invert_navd88_ft': 2.59, 'depth_in': 0.0, 'status': 'Dry & Passable', 'code': 'GREEN', 'description': 'Interior cross street. Rises towards Daniel Ave northern ridge.'}, 'Bunny Rabbit Lane': {'name': 'Bunny Rabbit Lane', 'invert_mllw_ft': 4.45, 'invert_navd88_ft': 2.81, 'depth_in': 0.0, 'status': 'Dry & Passable', 'code': 'GREEN', 'description': 'Western community boundary lane. Elevated ridge terrain.'}}",GREEN,0.642
2026-10-03 09:00:00 UTC,2026-10-03 05:00:00 EDT,2026,10,3,5,1.78,1.91,0.14,13.38,9.9,21.25,1018.7,70.7,-2.3,-13.18,13.17,-2.35,1.653,1.329,1.968,0.639,0.0,FALSE,0,Tier 0 (Normal / Safe),ALL VEHICLES PASSABLE,0.0,2.064,1.658,0.406,0.233,0.00504,"{'Bayshore Avenue': {'name': 'Bayshore Avenue', 'invert_mllw_ft': 3.75, 'invert_navd88_ft': 2.11, 'depth_in': 0.0, 'status': 'Dry & Passable', 'code': 'GREEN', 'description': 'Southern waterfront roadway. West and east dips flood first.'}, 'Julian Street': {'name': 'Julian Street', 'invert_mllw_ft': 3.78, 'invert_navd88_ft': 2.14, 'depth_in': 0.0, 'status': 'Dry & Passable', 'code': 'GREEN', 'description': 'Connects Daniel Ave to Bayshore Ave. Southern culvert dips to 3.78 ft.'}, 'Daniel Avenue': {'name': 'Daniel Avenue', 'invert_mllw_ft': 3.88, 'invert_navd88_ft': 2.24, 'depth_in': 0.0, 'status': 'Dry & Passable', 'code': 'GREEN', 'description': 'Central community spine. East end dips low; benchmark section at 4.40 ft.'}, 'Allview Street': {'name': 'Allview Street', 'invert_mllw_ft': 4.13, 'invert_navd88_ft': 2.49, 'depth_in': 0.0, 'status': 'Dry & Passable', 'code': 'GREEN', 'description': 'Interior western cross street. Shallow puddling begins above 4.13 ft.'}, 'River Road': {'name': 'River Road', 'invert_mllw_ft': 4.14, 'invert_navd88_ft': 2.5, 'depth_in': 0.0, 'status': 'Dry & Passable', 'code': 'GREEN', 'description': 'North shoreline access road. Mid-section swale dips to 4.14 ft.'}, 'Hobday Street': {'name': 'Hobday Street', 'invert_mllw_ft': 4.22, 'invert_navd88_ft': 2.58, 'depth_in': 0.0, 'status': 'Dry & Passable', 'code': 'GREEN', 'description': 'Interior cross street between Daniel Ave and Bayshore Ave.'}, 'Little Avenue': {'name': 'Little Avenue', 'invert_mllw_ft': 4.23, 'invert_navd88_ft': 2.59, 'depth_in': 0.0, 'status': 'Dry & Passable', 'code': 'GREEN', 'description': 'Interior cross street. Rises towards Daniel Ave northern ridge.'}, 'Bunny Rabbit Lane': {'name': 'Bunny Rabbit Lane', 'invert_mllw_ft': 4.45, 'invert_navd88_ft': 2.81, 'depth_in': 0.0, 'status': 'Dry & Passable', 'code': 'GREEN', 'description': 'Western community boundary lane. Elevated ridge terrain.'}}",GREEN,0.308
2026-10-03 10:00:00 UTC,2026-10-03 06:00:00 EDT,2026,10,3,6,1.65,1.71,0.01,12.5,17.0,20.81,1019.6,69.9,-3.65,-11.95,12.48,-0.65,1.244,1.205,1.726,0.521,0.0,FALSE,0,Tier 0 (Normal / Safe),ALL VEHICLES PASSABLE,0.0,1.713,1.188,0.525,-0.004,-9e-05,"{'Bayshore Avenue': {'name': 'Bayshore Avenue', 'invert_mllw_ft': 3.75, 'invert_navd88_ft': 2.11, 'depth_in': 0.0, 'status': 'Dry & Passable', 'code': 'GREEN', 'description': 'Southern waterfront roadway. West and east dips flood first.'}, 'Julian Street': {'name': 'Julian Street', 'invert_mllw_ft': 3.78, 'invert_navd88_ft': 2.14, 'depth_in': 0.0, 'status': 'Dry & Passable', 'code': 'GREEN', 'description': 'Connects Daniel Ave to Bayshore Ave. Southern culvert dips to 3.78 ft.'}, 'Daniel Avenue': {'name': 'Daniel Avenue', 'invert_mllw_ft': 3.88, 'invert_navd88_ft': 2.24, 'depth_in': 0.0, 'status': 'Dry & Passable', 'code': 'GREEN', 'description': 'Central community spine. East end dips low; benchmark section at 4.40 ft.'}, 'Allview Street': {'name': 'Allview Street', 'invert_mllw_ft': 4.13, 'invert_navd88_ft': 2.49, 'depth_in': 0.0, 'status': 'Dry & Passable', 'code': 'GREEN', 'description': 'Interior western cross street. Shallow puddling begins above 4.13 ft.'}, 'River Road': {'name': 'River Road', 'invert_mllw_ft': 4.14, 'invert_navd88_ft': 2.5, 'depth_in': 0.0, 'status': 'Dry & Passable', 'code': 'GREEN', 'description': 'North shoreline access road. Mid-section swale dips to 4.14 ft.'}, 'Hobday Street': {'name': 'Hobday Street', 'invert_mllw_ft': 4.22, 'invert_navd88_ft': 2.58, 'depth_in': 0.0, 'status': 'Dry & Passable', 'code': 'GREEN', 'description': 'Interior cross street between Daniel Ave and Bayshore Ave.'}, 'Little Avenue': {'name': 'Little Avenue', 'invert_mllw_ft': 4.23, 'invert_navd88_ft': 2.59, 'depth_in': 0.0, 'status': 'Dry & Passable', 'code': 'GREEN', 'description': 'Interior cross street. Rises towards Daniel Ave northern ridge.'}, 'Bunny Rabbit Lane': {'name': 'Bunny Rabbit Lane', 'invert_mllw_ft': 4.45, 'invert_navd88_ft': 2.81, 'depth_in': 0.0, 'status': 'Dry & Passable', 'code': 'GREEN', 'description': 'Western community boundary lane. Elevated ridge terrain.'}}",GREEN,-0.069
2026-10-03 11:00:00 UTC,2026-10-03 07:00:00 EDT,2026,10,3,7,1.46,1.59,-0.18,14.05,17.3,23.71,1020.1,69.4,-4.18,-13.41,14.03,-0.66,0.892,1.016,1.431,0.415,0.0,FALSE,0,Tier 0 (Normal / Safe),ALL VEHICLES PASSABLE,0.0,1.387,0.799,0.588,-0.173,-0.00374,"{'Bayshore Avenue': {'name': 'Bayshore Avenue', 'invert_mllw_ft': 3.75, 'invert_navd88_ft': 2.11, 'depth_in': 0.0, 'status': 'Dry & Passable', 'code': 'GREEN', 'description': 'Southern waterfront roadway. West and east dips flood first.'}, 'Julian Street': {'name': 'Julian Street', 'invert_mllw_ft': 3.78, 'invert_navd88_ft': 2.14, 'depth_in': 0.0, 'status': 'Dry & Passable', 'code': 'GREEN', 'description': 'Connects Daniel Ave to Bayshore Ave. Southern culvert dips to 3.78 ft.'}, 'Daniel Avenue': {'name': 'Daniel Avenue', 'invert_mllw_ft': 3.88, 'invert_navd88_ft': 2.24, 'depth_in': 0.0, 'status': 'Dry & Passable', 'code': 'GREEN', 'description': 'Central community spine. East end dips low; benchmark section at 4.40 ft.'}, 'Allview Street': {'name': 'Allview Street', 'invert_mllw_ft': 4.13, 'invert_navd88_ft': 2.49, 'depth_in': 0.0, 'status': 'Dry & Passable', 'code': 'GREEN', 'description': 'Interior western cross street. Shallow puddling begins above 4.13 ft.'}, 'River Road': {'name': 'River Road', 'invert_mllw_ft': 4.14, 'invert_navd88_ft': 2.5, 'depth_in': 0.0, 'status': 'Dry & Passable', 'code': 'GREEN', 'description': 'North shoreline access road. Mid-section swale dips to 4.14 ft.'}, 'Hobday Street': {'name': 'Hobday Street', 'invert_mllw_ft': 4.22, 'invert_navd88_ft': 2.58, 'depth_in': 0.0, 'status': 'Dry & Passable', 'code': 'GREEN', 'description': 'Interior cross street between Daniel Ave and Bayshore Ave.'}, 'Little Avenue': {'name': 'Little Avenue', 'invert_mllw_ft': 4.23, 'invert_navd88_ft': 2.59, 'depth_in': 0.0, 'status': 'Dry & Passable', 'code': 'GREEN', 'description': 'Interior cross street. Rises towards Daniel Ave northern ridge.'}, 'Bunny Rabbit Lane': {'name': 'Bunny Rabbit Lane', 'invert_mllw_ft': 4.45, 'invert_navd88_ft': 2.81, 'depth_in': 0.0, 'status': 'Dry & Passable', 'code': 'GREEN', 'description': 'Western community boundary lane. Elevated ridge terrain.'}}",GREEN,-0.367
2026-10-03 12:00:00 UTC,2026-10-03 08:00:00 EDT,2026,10,3,8,1.15,1.29,-0.49,13.35,30.1,22.14,1020.9,68.1,-6.7,-11.55,13.14,2.34,0.674,0.799,1.226,0.427,0.0,FALSE,0,Tier 0 (Normal / Safe),ALL VEHICLES PASSABLE,0.0,1.243,0.606,0.637,-0.21,-0.00455,"{'Bayshore Avenue': {'name': 'Bayshore Avenue', 'invert_mllw_ft': 3.75, 'invert_navd88_ft': 2.11, 'depth_in': 0.0, 'status': 'Dry & Passable', 'code': 'GREEN', 'description': 'Southern waterfront roadway. West and east dips flood first.'}, 'Julian Street': {'name': 'Julian Street', 'invert_mllw_ft': 3.78, 'invert_navd88_ft': 2.14, 'depth_in': 0.0, 'status': 'Dry & Passable', 'code': 'GREEN', 'description': 'Connects Daniel Ave to Bayshore Ave. Southern culvert dips to 3.78 ft.'}, 'Daniel Avenue': {'name': 'Daniel Avenue', 'invert_mllw_ft': 3.88, 'invert_navd88_ft': 2.24, 'depth_in': 0.0, 'status': 'Dry & Passable', 'code': 'GREEN', 'description': 'Central community spine. East end dips low; benchmark section at 4.40 ft.'}, 'Allview Street': {'name': 'Allview Street', 'invert_mllw_ft': 4.13, 'invert_navd88_ft': 2.49, 'depth_in': 0.0, 'status': 'Dry & Passable', 'code': 'GREEN', 'description': 'Interior western cross street. Shallow puddling begins above 4.13 ft.'}, 'River Road': {'name': 'River Road', 'invert_mllw_ft': 4.14, 'invert_navd88_ft': 2.5, 'depth_in': 0.0, 'status': 'Dry & Passable', 'code': 'GREEN', 'description': 'North shoreline access road. Mid-section swale dips to 4.14 ft.'}, 'Hobday Street': {'name': 'Hobday Street', 'invert_mllw_ft': 4.22, 'invert_navd88_ft': 2.58, 'depth_in': 0.0, 'status': 'Dry & Passable', 'code': 'GREEN', 'description': 'Interior cross street between Daniel Ave and Bayshore Ave.'}, 'Little Avenue': {'name': 'Little Avenue', 'invert_mllw_ft': 4.23, 'invert_navd88_ft': 2.59, 'depth_in': 0.0, 'status': 'Dry & Passable', 'code': 'GREEN', 'description': 'Interior cross street. Rises towards Daniel Ave northern ridge.'}, 'Bunny Rabbit Lane': {'name': 'Bunny Rabbit Lane', 'invert_mllw_ft': 4.45, 'invert_navd88_ft': 2.81, 'depth_in': 0.0, 'status': 'Dry & Passable', 'code': 'GREEN', 'description': 'Western community boundary lane. Elevated ridge terrain.'}}",GREEN,-0.423
2026-10-03 13:00:00 UTC,2026-10-03 09:00:00 EDT,2026,10,3,9,1.13,1.19,-0.51,12.66,20.8,20.36,1021.7,67.8,-4.5,-11.83,12.66,0.18,0.66,0.614,1.085,0.471,0.0,FALSE,0,Tier 0 (Normal / Safe),ALL VEHICLES PASSABLE,0.0,1.193,0.672,0.521,-0.05,-0.00108,"{'Bayshore Avenue': {'name': 'Bayshore Avenue', 'invert_mllw_ft': 3.75, 'invert_navd88_ft': 2.11, 'depth_in': 0.0, 'status': 'Dry & Passable', 'code': 'GREEN', 'description': 'Southern waterfront roadway. West and east dips flood first.'}, 'Julian Street': {'name': 'Julian Street', 'invert_mllw_ft': 3.78, 'invert_navd88_ft': 2.14, 'depth_in': 0.0, 'status': 'Dry & Passable', 'code': 'GREEN', 'description': 'Connects Daniel Ave to Bayshore Ave. Southern culvert dips to 3.78 ft.'}, 'Daniel Avenue': {'name': 'Daniel Avenue', 'invert_mllw_ft': 3.88, 'invert_navd88_ft': 2.24, 'depth_in': 0.0, 'status': 'Dry & Passable', 'code': 'GREEN', 'description': 'Central community spine. East end dips low; benchmark section at 4.40 ft.'}, 'Allview Street': {'name': 'Allview Street', 'invert_mllw_ft': 4.13, 'invert_navd88_ft': 2.49, 'depth_in': 0.0, 'status': 'Dry & Passable', 'code': 'GREEN', 'description': 'Interior western cross street. Shallow puddling begins above 4.13 ft.'}, 'River Road': {'name': 'River Road', 'invert_mllw_ft': 4.14, 'invert_navd88_ft': 2.5, 'depth_in': 0.0, 'status': 'Dry & Passable', 'code': 'GREEN', 'description': 'North shoreline access road. Mid-section swale dips to 4.14 ft.'}, 'Hobday Street': {'name': 'Hobday Street', 'invert_mllw_ft': 4.22, 'invert_navd88_ft': 2.58, 'depth_in': 0.0, 'status': 'Dry & Passable', 'code': 'GREEN', 'description': 'Interior cross street between Daniel Ave and Bayshore Ave.'}, 'Little Avenue': {'name': 'Little Avenue', 'invert_mllw_ft': 4.23, 'invert_navd88_ft': 2.59, 'depth_in': 0.0, 'status': 'Dry & Passable', 'code': 'GREEN', 'description': 'Interior cross street. Rises towards Daniel Ave northern ridge.'}, 'Bunny Rabbit Lane': {'name': 'Bunny Rabbit Lane', 'invert_mllw_ft': 4.45, 'invert_navd88_ft': 2.81, 'depth_in': 0.0, 'status': 'Dry & Passable', 'code': 'GREEN', 'description': 'Western community boundary lane. Elevated ridge terrain.'}}",GREEN,-0.396
2026-10-03 14:00:00 UTC,2026-10-03 10:00:00 EDT,2026,10,3,10,1.37,1.57,-0.27,15.3,25.6,21.7,1022.6,67.2,-6.61,-13.8,15.23,1.49,0.884,0.509,0.996,0.487,0.0,FALSE,0,Tier 0 (Normal / Safe),ALL VEHICLES PASSABLE,0.0,1.518,1.005,0.513,-0.026,-0.00056,"{'Bayshore Avenue': {'name': 'Bayshore Avenue', 'invert_mllw_ft': 3.75, 'invert_navd88_ft': 2.11, 'depth_in': 0.0, 'status': 'Dry & Passable', 'code': 'GREEN', 'description': 'Southern waterfront roadway. West and east dips flood first.'}, 'Julian Street': {'name': 'Julian Street', 'invert_mllw_ft': 3.78, 'invert_navd88_ft': 2.14, 'depth_in': 0.0, 'status': 'Dry & Passable', 'code': 'GREEN', 'description': 'Connects Daniel Ave to Bayshore Ave. Southern culvert dips to 3.78 ft.'}, 'Daniel Avenue': {'name': 'Daniel Avenue', 'invert_mllw_ft': 3.88, 'invert_navd88_ft': 2.24, 'depth_in': 0.0, 'status': 'Dry & Passable', 'code': 'GREEN', 'description': 'Central community spine. East end dips low; benchmark section at 4.40 ft.'}, 'Allview Street': {'name': 'Allview Street', 'invert_mllw_ft': 4.13, 'invert_navd88_ft': 2.49, 'depth_in': 0.0, 'status': 'Dry & Passable', 'code': 'GREEN', 'description': 'Interior western cross street. Shallow puddling begins above 4.13 ft.'}, 'River Road': {'name': 'River Road', 'invert_mllw_ft': 4.14, 'invert_navd88_ft': 2.5, 'depth_in': 0.0, 'status': 'Dry & Passable', 'code': 'GREEN', 'description': 'North shoreline access road. Mid-section swale dips to 4.14 ft.'}, 'Hobday Street': {'name': 'Hobday Street', 'invert_mllw_ft': 4.22, 'invert_navd88_ft': 2.58, 'depth_in': 0.0, 'status': 'Dry & Passable', 'code': 'GREEN', 'description': 'Interior cross street between Daniel Ave and Bayshore Ave.'}, 'Little Avenue': {'name': 'Little Avenue', 'invert_mllw_ft': 4.23, 'invert_navd88_ft': 2.59, 'depth_in': 0.0, 'status': 'Dry & Passable', 'code': 'GREEN', 'description': 'Interior cross street. Rises towards Daniel Ave northern ridge.'}, 'Bunny Rabbit Lane': {'name': 'Bunny Rabbit Lane', 'invert_mllw_ft': 4.45, 'invert_navd88_ft': 2.81, 'depth_in': 0.0, 'status': 'Dry & Passable', 'code': 'GREEN', 'description': 'Western community boundary lane. Elevated ridge terrain.'}}",GREEN,0.008
2026-10-03 15:00:00 UTC,2026-10-03 11:00:00 EDT,2026,10,3,11,1.88,2.15,0.24,15.03,28.6,20.81,1022.6,66.6,-7.19,-13.2,14.86,2.25,1.315,0.521,0.977,0.456,0.0,FALSE,0,Tier 0 (Normal / Safe),ALL VEHICLES PASSABLE,0.0,2.074,1.532,0.542,-0.086,-0.00186,"{'Bayshore Avenue': {'name': 'Bayshore Avenue', 'invert_mllw_ft': 3.75, 'invert_navd88_ft': 2.11, 'depth_in': 0.0, 'status': 'Dry & Passable', 'code': 'GREEN', 'description': 'Southern waterfront roadway. West and east dips flood first.'}, 'Julian Street': {'name': 'Julian Street', 'invert_mllw_ft': 3.78, 'invert_navd88_ft': 2.14, 'depth_in': 0.0, 'status': 'Dry & Passable', 'code': 'GREEN', 'description': 'Connects Daniel Ave to Bayshore Ave. Southern culvert dips to 3.78 ft.'}, 'Daniel Avenue': {'name': 'Daniel Avenue', 'invert_mllw_ft': 3.88, 'invert_navd88_ft': 2.24, 'depth_in': 0.0, 'status': 'Dry & Passable', 'code': 'GREEN', 'description': 'Central community spine. East end dips low; benchmark section at 4.40 ft.'}, 'Allview Street': {'name': 'Allview Street', 'invert_mllw_ft': 4.13, 'invert_navd88_ft': 2.49, 'depth_in': 0.0, 'status': 'Dry & Passable', 'code': 'GREEN', 'description': 'Interior western cross street. Shallow puddling begins above 4.13 ft.'}, 'River Road': {'name': 'River Road', 'invert_mllw_ft': 4.14, 'invert_navd88_ft': 2.5, 'depth_in': 0.0, 'status': 'Dry & Passable', 'code': 'GREEN', 'description': 'North shoreline access road. Mid-section swale dips to 4.14 ft.'}, 'Hobday Street': {'name': 'Hobday Street', 'invert_mllw_ft': 4.22, 'invert_navd88_ft': 2.58, 'depth_in': 0.0, 'status': 'Dry & Passable', 'code': 'GREEN', 'description': 'Interior cross street between Daniel Ave and Bayshore Ave.'}, 'Little Avenue': {'name': 'Little Avenue', 'invert_mllw_ft': 4.23, 'invert_navd88_ft': 2.59, 'depth_in': 0.0, 'status': 'Dry & Passable', 'code': 'GREEN', 'description': 'Interior cross street. Rises towards Daniel Ave northern ridge.'}, 'Bunny Rabbit Lane': {'name': 'Bunny Rabbit Lane', 'invert_mllw_ft': 4.45, 'invert_navd88_ft': 2.81, 'depth_in': 0.0, 'status': 'Dry & Passable', 'code': 'GREEN', 'description': 'Western community boundary lane. Elevated ridge terrain.'}}",GREEN,0.56
2026-10-03 16:00:00 UTC,2026-10-03 12:00:00 EDT,2026,10,3,12,2.43,2.66,0.79,12.95,22.2,17.89,1022.6,66.5,-4.89,-11.99,12.94,0.5,1.867,0.675,1.165,0.49,0.0,FALSE,0,Tier 0 (Normal / Safe),ALL VEHICLES PASSABLE,0.0,2.644,2.13,0.514,-0.024,-0.00052,"{'Bayshore Avenue': {'name': 'Bayshore Avenue', 'invert_mllw_ft': 3.75, 'invert_navd88_ft': 2.11, 'depth_in': 0.0, 'status': 'Dry & Passable', 'code': 'GREEN', 'description': 'Southern waterfront roadway. West and east dips flood first.'}, 'Julian Street': {'name': 'Julian Street', 'invert_mllw_ft': 3.78, 'invert_navd88_ft': 2.14, 'depth_in': 0.0, 'status': 'Dry & Passable', 'code': 'GREEN', 'description': 'Connects Daniel Ave to Bayshore Ave. Southern culvert dips to 3.78 ft.'}, 'Daniel Avenue': {'name': 'Daniel Avenue', 'invert_mllw_ft': 3.88, 'invert_navd88_ft': 2.24, 'depth_in': 0.0, 'status': 'Dry & Passable', 'code': 'GREEN', 'description': 'Central community spine. East end dips low; benchmark section at 4.40 ft.'}, 'Allview Street': {'name': 'Allview Street', 'invert_mllw_ft': 4.13, 'invert_navd88_ft': 2.49, 'depth_in': 0.0, 'status': 'Dry & Passable', 'code': 'GREEN', 'description': 'Interior western cross street. Shallow puddling begins above 4.13 ft.'}, 'River Road': {'name': 'River Road', 'invert_mllw_ft': 4.14, 'invert_navd88_ft': 2.5, 'depth_in': 0.0, 'status': 'Dry & Passable', 'code': 'GREEN', 'description': 'North shoreline access road. Mid-section swale dips to 4.14 ft.'}, 'Hobday Street': {'name': 'Hobday Street', 'invert_mllw_ft': 4.22, 'invert_navd88_ft': 2.58, 'depth_in': 0.0, 'status': 'Dry & Passable', 'code': 'GREEN', 'description': 'Interior cross street between Daniel Ave and Bayshore Ave.'}, 'Little Avenue': {'name': 'Little Avenue', 'invert_mllw_ft': 4.23, 'invert_navd88_ft': 2.59, 'depth_in': 0.0, 'status': 'Dry & Passable', 'code': 'GREEN', 'description': 'Interior cross street. Rises towards Daniel Ave northern ridge.'}, 'Bunny Rabbit Lane': {'name': 'Bunny Rabbit Lane', 'invert_mllw_ft': 4.45, 'invert_navd88_ft': 2.81, 'depth_in': 0.0, 'status': 'Dry & Passable', 'code': 'GREEN', 'description': 'Western community boundary lane. Elevated ridge terrain.'}}",GREEN,1.083
2026-10-03 17:00:00 UTC,2026-10-03 13:00:00 EDT,2026,10,3,13,2.86,3.03,1.22,14.18,19.9,19.69,1022.5,66.1,-4.83,-13.33,14.18,-0.02,2.41,0.959,1.427,0.468,0.0,FALSE,0,Tier 0 (Normal / Safe),ALL VEHICLES PASSABLE,0.0,3.203,2.663,0.54,-0.072,-0.00156,"{'Bayshore Avenue': {'name': 'Bayshore Avenue', 'invert_mllw_ft': 3.75, 'invert_navd88_ft': 2.11, 'depth_in': 0.0, 'status': 'Dry & Passable', 'code': 'GREEN', 'description': 'Southern waterfront roadway. West and east dips flood first.'}, 'Julian Street': {'name': 'Julian Street', 'invert_mllw_ft': 3.78, 'invert_navd88_ft': 2.14, 'depth_in': 0.0, 'status': 'Dry & Passable', 'code': 'GREEN', 'description': 'Connects Daniel Ave to Bayshore Ave. Southern culvert dips to 3.78 ft.'}, 'Daniel Avenue': {'name': 'Daniel Avenue', 'invert_mllw_ft': 3.88, 'invert_navd88_ft': 2.24, 'depth_in': 0.0, 'status': 'Dry & Passable', 'code': 'GREEN', 'description': 'Central community spine. East end dips low; benchmark section at 4.40 ft.'}, 'Allview Street': {'name': 'Allview Street', 'invert_mllw_ft': 4.13, 'invert_navd88_ft': 2.49, 'depth_in': 0.0, 'status': 'Dry & Passable', 'code': 'GREEN', 'description': 'Interior western cross street. Shallow puddling begins above 4.13 ft.'}, 'River Road': {'name': 'River Road', 'invert_mllw_ft': 4.14, 'invert_navd88_ft': 2.5, 'depth_in': 0.0, 'status': 'Dry & Passable', 'code': 'GREEN', 'description': 'North shoreline access road. Mid-section swale dips to 4.14 ft.'}, 'Hobday Street': {'name': 'Hobday Street', 'invert_mllw_ft': 4.22, 'invert_navd88_ft': 2.58, 'depth_in': 0.0, 'status': 'Dry & Passable', 'code': 'GREEN', 'description': 'Interior cross street between Daniel Ave and Bayshore Ave.'}, 'Little Avenue': {'name': 'Little Avenue', 'invert_mllw_ft': 4.23, 'invert_navd88_ft': 2.59, 'depth_in': 0.0, 'status': 'Dry & Passable', 'code': 'GREEN', 'description': 'Interior cross street. Rises towards Daniel Ave northern ridge.'}, 'Bunny Rabbit Lane': {'name': 'Bunny Rabbit Lane', 'invert_mllw_ft': 4.45, 'invert_navd88_ft': 2.81, 'depth_in': 0.0, 'status': 'Dry & Passable', 'code': 'GREEN', 'description': 'Western community boundary lane. Elevated ridge terrain.'}}",GREEN,1.6
2026-10-03 18:00:00 UTC,2026-10-03 14:00:00 EDT,2026,10,3,14,3.15,3.2,1.51,12.12,12.0,19.01,1022.2,65.8,-2.52,-11.86,12.0,-1.69,2.79,1.286,1.74,0.454,0.0,FALSE,0,Tier 0 (Normal / Safe),ALL VEHICLES PASSABLE,0.0,3.533,2.996,0.537,-0.083,-0.0018,"{'Bayshore Avenue': {'name': 'Bayshore Avenue', 'invert_mllw_ft': 3.75, 'invert_navd88_ft': 2.11, 'depth_in': 0.0, 'status': 'Dry & Passable', 'code': 'GREEN', 'description': 'Southern waterfront roadway. West and east dips flood first.'}, 'Julian Street': {'name': 'Julian Street', 'invert_mllw_ft': 3.78, 'invert_navd88_ft': 2.14, 'depth_in': 0.0, 'status': 'Dry & Passable', 'code': 'GREEN', 'description': 'Connects Daniel Ave to Bayshore Ave. Southern culvert dips to 3.78 ft.'}, 'Daniel Avenue': {'name': 'Daniel Avenue', 'invert_mllw_ft': 3.88, 'invert_navd88_ft': 2.24, 'depth_in': 0.0, 'status': 'Dry & Passable', 'code': 'GREEN', 'description': 'Central community spine. East end dips low; benchmark section at 4.40 ft.'}, 'Allview Street': {'name': 'Allview Street', 'invert_mllw_ft': 4.13, 'invert_navd88_ft': 2.49, 'depth_in': 0.0, 'status': 'Dry & Passable', 'code': 'GREEN', 'description': 'Interior western cross street. Shallow puddling begins above 4.13 ft.'}, 'River Road': {'name': 'River Road', 'invert_mllw_ft': 4.14, 'invert_navd88_ft': 2.5, 'depth_in': 0.0, 'status': 'Dry & Passable', 'code': 'GREEN', 'description': 'North shoreline access road. Mid-section swale dips to 4.14 ft.'}, 'Hobday Street': {'name': 'Hobday Street', 'invert_mllw_ft': 4.22, 'invert_navd88_ft': 2.58, 'depth_in': 0.0, 'status': 'Dry & Passable', 'code': 'GREEN', 'description': 'Interior cross street between Daniel Ave and Bayshore Ave.'}, 'Little Avenue': {'name': 'Little Avenue', 'invert_mllw_ft': 4.23, 'invert_navd88_ft': 2.59, 'depth_in': 0.0, 'status': 'Dry & Passable', 'code': 'GREEN', 'description': 'Interior cross street. Rises towards Daniel Ave northern ridge.'}, 'Bunny Rabbit Lane': {'name': 'Bunny Rabbit Lane', 'invert_mllw_ft': 4.45, 'invert_navd88_ft': 2.81, 'depth_in': 0.0, 'status': 'Dry & Passable', 'code': 'GREEN', 'description': 'Western community boundary lane. Elevated ridge terrain.'}}",GREEN,1.902
2026-10-03 19:00:00 UTC,2026-10-03 15:00:00 EDT,2026,10,3,15,3.19,3.21,1.55,10.89,179.7,15.43,1022.2,64.5,-0.06,10.89,-10.21,3.78,2.895,1.542,1.97,0.428,0.0,FALSE,0,Tier 0 (Normal / Safe),ALL VEHICLES PASSABLE,0.0,3.649,3.054,0.595,-0.167,-0.00361,"{'Bayshore Avenue': {'name': 'Bayshore Avenue', 'invert_mllw_ft': 3.75, 'invert_navd88_ft': 2.11, 'depth_in': 0.0, 'status': 'Dry & Passable', 'code': 'GREEN', 'description': 'Southern waterfront roadway. West and east dips flood first.'}, 'Julian Street': {'name': 'Julian Street', 'invert_mllw_ft': 3.78, 'invert_navd88_ft': 2.14, 'depth_in': 0.0, 'status': 'Dry & Passable', 'code': 'GREEN', 'description': 'Connects Daniel Ave to Bayshore Ave. Southern culvert dips to 3.78 ft.'}, 'Daniel Avenue': {'name': 'Daniel Avenue', 'invert_mllw_ft': 3.88, 'invert_navd88_ft': 2.24, 'depth_in': 0.0, 'status': 'Dry & Passable', 'code': 'GREEN', 'description': 'Central community spine. East end dips low; benchmark section at 4.40 ft.'}, 'Allview Street': {'name': 'Allview Street', 'invert_mllw_ft': 4.13, 'invert_navd88_ft': 2.49, 'depth_in': 0.0, 'status': 'Dry & Passable', 'code': 'GREEN', 'description': 'Interior western cross street. Shallow puddling begins above 4.13 ft.'}, 'River Road': {'name': 'River Road', 'invert_mllw_ft': 4.14, 'invert_navd88_ft': 2.5, 'depth_in': 0.0, 'status': 'Dry & Passable', 'code': 'GREEN', 'description': 'North shoreline access road. Mid-section swale dips to 4.14 ft.'}, 'Hobday Street': {'name': 'Hobday Street', 'invert_mllw_ft': 4.22, 'invert_navd88_ft': 2.58, 'depth_in': 0.0, 'status': 'Dry & Passable', 'code': 'GREEN', 'description': 'Interior cross street between Daniel Ave and Bayshore Ave.'}, 'Little Avenue': {'name': 'Little Avenue', 'invert_mllw_ft': 4.23, 'invert_navd88_ft': 2.59, 'depth_in': 0.0, 'status': 'Dry & Passable', 'code': 'GREEN', 'description': 'Interior cross street. Rises towards Daniel Ave northern ridge.'}, 'Bunny Rabbit Lane': {'name': 'Bunny Rabbit Lane', 'invert_mllw_ft': 4.45, 'invert_navd88_ft': 2.81, 'depth_in': 0.0, 'status': 'Dry & Passable', 'code': 'GREEN', 'description': 'Western community boundary lane. Elevated ridge terrain.'}}",GREEN,1.978
2026-10-03 20:00:00 UTC,2026-10-03 16:00:00 EDT,2026,10,3,16,3.0,3.13,1.36,9.55,75.6,13.65,1022.3,64.0,-9.25,-2.37,5.4,7.88,2.728,1.667,2.088,0.421,0.0,FALSE,0,Tier 0 (Normal / Safe),ALL VEHICLES PASSABLE,0.0,3.533,2.874,0.659,-0.238,-0.00515,"{'Bayshore Avenue': {'name': 'Bayshore Avenue', 'invert_mllw_ft': 3.75, 'invert_navd88_ft': 2.11, 'depth_in': 0.0, 'status': 'Dry & Passable', 'code': 'GREEN', 'description': 'Southern waterfront roadway. West and east dips flood first.'}, 'Julian Street': {'name': 'Julian Street', 'invert_mllw_ft': 3.78, 'invert_navd88_ft': 2.14, 'depth_in': 0.0, 'status': 'Dry & Passable', 'code': 'GREEN', 'description': 'Connects Daniel Ave to Bayshore Ave. Southern culvert dips to 3.78 ft.'}, 'Daniel Avenue': {'name': 'Daniel Avenue', 'invert_mllw_ft': 3.88, 'invert_navd88_ft': 2.24, 'depth_in': 0.0, 'status': 'Dry & Passable', 'code': 'GREEN', 'description': 'Central community spine. East end dips low; benchmark section at 4.40 ft.'}, 'Allview Street': {'name': 'Allview Street', 'invert_mllw_ft': 4.13, 'invert_navd88_ft': 2.49, 'depth_in': 0.0, 'status': 'Dry & Passable', 'code': 'GREEN', 'description': 'Interior western cross street. Shallow puddling begins above 4.13 ft.'}, 'River Road': {'name': 'River Road', 'invert_mllw_ft': 4.14, 'invert_navd88_ft': 2.5, 'depth_in': 0.0, 'status': 'Dry & Passable', 'code': 'GREEN', 'description': 'North shoreline access road. Mid-section swale dips to 4.14 ft.'}, 'Hobday Street': {'name': 'Hobday Street', 'invert_mllw_ft': 4.22, 'invert_navd88_ft': 2.58, 'depth_in': 0.0, 'status': 'Dry & Passable', 'code': 'GREEN', 'description': 'Interior cross street between Daniel Ave and Bayshore Ave.'}, 'Little Avenue': {'name': 'Little Avenue', 'invert_mllw_ft': 4.23, 'invert_navd88_ft': 2.59, 'depth_in': 0.0, 'status': 'Dry & Passable', 'code': 'GREEN', 'description': 'Interior cross street. Rises towards Daniel Ave northern ridge.'}, 'Bunny Rabbit Lane': {'name': 'Bunny Rabbit Lane', 'invert_mllw_ft': 4.45, 'invert_navd88_ft': 2.81, 'depth_in': 0.0, 'status': 'Dry & Passable', 'code': 'GREEN', 'description': 'Western community boundary lane. Elevated ridge terrain.'}}",GREEN,1.829
2026-10-03 21:00:00 UTC,2026-10-03 17:00:00 EDT,2026,10,3,17,2.67,2.82,1.03,9.53,18.2,15.43,1022.3,64.3,-2.98,-9.05,9.53,-0.3,2.386,1.675,2.051,0.376,0.0,FALSE,0,Tier 0 (Normal / Safe),ALL VEHICLES PASSABLE,0.0,3.277,2.523,0.754,-0.378,-0.00818,"{'Bayshore Avenue': {'name': 'Bayshore Avenue', 'invert_mllw_ft': 3.75, 'invert_navd88_ft': 2.11, 'depth_in': 0.0, 'status': 'Dry & Passable', 'code': 'GREEN', 'description': 'Southern waterfront roadway. West and east dips flood first.'}, 'Julian Street': {'name': 'Julian Street', 'invert_mllw_ft': 3.78, 'invert_navd88_ft': 2.14, 'depth_in': 0.0, 'status': 'Dry & Passable', 'code': 'GREEN', 'description': 'Connects Daniel Ave to Bayshore Ave. Southern culvert dips to 3.78 ft.'}, 'Daniel Avenue': {'name': 'Daniel Avenue', 'invert_mllw_ft': 3.88, 'invert_navd88_ft': 2.24, 'depth_in': 0.0, 'status': 'Dry & Passable', 'code': 'GREEN', 'description': 'Central community spine. East end dips low; benchmark section at 4.40 ft.'}, 'Allview Street': {'name': 'Allview Street', 'invert_mllw_ft': 4.13, 'invert_navd88_ft': 2.49, 'depth_in': 0.0, 'status': 'Dry & Passable', 'code': 'GREEN', 'description': 'Interior western cross street. Shallow puddling begins above 4.13 ft.'}, 'River Road': {'name': 'River Road', 'invert_mllw_ft': 4.14, 'invert_navd88_ft': 2.5, 'depth_in': 0.0, 'status': 'Dry & Passable', 'code': 'GREEN', 'description': 'North shoreline access road. Mid-section swale dips to 4.14 ft.'}, 'Hobday Street': {'name': 'Hobday Street', 'invert_mllw_ft': 4.22, 'invert_navd88_ft': 2.58, 'depth_in': 0.0, 'status': 'Dry & Passable', 'code': 'GREEN', 'description': 'Interior cross street between Daniel Ave and Bayshore Ave.'}, 'Little Avenue': {'name': 'Little Avenue', 'invert_mllw_ft': 4.23, 'invert_navd88_ft': 2.59, 'depth_in': 0.0, 'status': 'Dry & Passable', 'code': 'GREEN', 'description': 'Interior cross street. Rises towards Daniel Ave northern ridge.'}, 'Bunny Rabbit Lane': {'name': 'Bunny Rabbit Lane', 'invert_mllw_ft': 4.45, 'invert_navd88_ft': 2.81, 'depth_in': 0.0, 'status': 'Dry & Passable', 'code': 'GREEN', 'description': 'Western community boundary lane. Elevated ridge terrain.'}}",GREEN,1.528
2026-10-03 22:00:00 UTC,2026-10-03 18:00:00 EDT,2026,10,3,18,2.36,2.49,0.72,10.36,24.1,15.21,1022.4,64.8,-4.23,-9.46,10.33,0.74,1.97,1.594,2.036,0.442,0.0,FALSE,0,Tier 0 (Normal / Safe),ALL VEHICLES PASSABLE,0.0,2.814,2.049,0.765,-0.323,-0.00699,"{'Bayshore Avenue': {'name': 'Bayshore Avenue', 'invert_mllw_ft': 3.75, 'invert_navd88_ft': 2.11, 'depth_in': 0.0, 'status': 'Dry & Passable', 'code': 'GREEN', 'description': 'Southern waterfront roadway. West and east dips flood first.'}, 'Julian Street': {'name': 'Julian Street', 'invert_mllw_ft': 3.78, 'invert_navd88_ft': 2.14, 'depth_in': 0.0, 'status': 'Dry & Passable', 'code': 'GREEN', 'description': 'Connects Daniel Ave to Bayshore Ave. Southern culvert dips to 3.78 ft.'}, 'Daniel Avenue': {'name': 'Daniel Avenue', 'invert_mllw_ft': 3.88, 'invert_navd88_ft': 2.24, 'depth_in': 0.0, 'status': 'Dry & Passable', 'code': 'GREEN', 'description': 'Central community spine. East end dips low; benchmark section at 4.40 ft.'}, 'Allview Street': {'name': 'Allview Street', 'invert_mllw_ft': 4.13, 'invert_navd88_ft': 2.49, 'depth_in': 0.0, 'status': 'Dry & Passable', 'code': 'GREEN', 'description': 'Interior western cross street. Shallow puddling begins above 4.13 ft.'}, 'River Road': {'name': 'River Road', 'invert_mllw_ft': 4.14, 'invert_navd88_ft': 2.5, 'depth_in': 0.0, 'status': 'Dry & Passable', 'code': 'GREEN', 'description': 'North shoreline access road. Mid-section swale dips to 4.14 ft.'}, 'Hobday Street': {'name': 'Hobday Street', 'invert_mllw_ft': 4.22, 'invert_navd88_ft': 2.58, 'depth_in': 0.0, 'status': 'Dry & Passable', 'code': 'GREEN', 'description': 'Interior cross street between Daniel Ave and Bayshore Ave.'}, 'Little Avenue': {'name': 'Little Avenue', 'invert_mllw_ft': 4.23, 'invert_navd88_ft': 2.59, 'depth_in': 0.0, 'status': 'Dry & Passable', 'code': 'GREEN', 'description': 'Interior cross street. Rises towards Daniel Ave northern ridge.'}, 'Bunny Rabbit Lane': {'name': 'Bunny Rabbit Lane', 'invert_mllw_ft': 4.45, 'invert_navd88_ft': 2.81, 'depth_in': 0.0, 'status': 'Dry & Passable', 'code': 'GREEN', 'description': 'Western community boundary lane. Elevated ridge terrain.'}}",GREEN,0.975
2026-10-03 23:00:00 UTC,2026-10-03 19:00:00 EDT,2026,10,3,19,1.93,2.12,0.29,8.9,29.6,11.85,1022.6,64.3,-4.4,-7.74,8.78,1.48,1.532,1.435,1.902,0.467,0.0,FALSE,0,Tier 0 (Normal / Safe),ALL VEHICLES PASSABLE,0.0,2.205,1.533,0.672,-0.205,-0.00444,"{'Bayshore Avenue': {'name': 'Bayshore Avenue', 'invert_mllw_ft': 3.75, 'invert_navd88_ft': 2.11, 'depth_in': 0.0, 'status': 'Dry & Passable', 'code': 'GREEN', 'description': 'Southern waterfront roadway. West and east dips flood first.'}, 'Julian Street': {'name': 'Julian Street', 'invert_mllw_ft': 3.78, 'invert_navd88_ft': 2.14, 'depth_in': 0.0, 'status': 'Dry & Passable', 'code': 'GREEN', 'description': 'Connects Daniel Ave to Bayshore Ave. Southern culvert dips to 3.78 ft.'}, 'Daniel Avenue': {'name': 'Daniel Avenue', 'invert_mllw_ft': 3.88, 'invert_navd88_ft': 2.24, 'depth_in': 0.0, 'status': 'Dry & Passable', 'code': 'GREEN', 'description': 'Central community spine. East end dips low; benchmark section at 4.40 ft.'}, 'Allview Street': {'name': 'Allview Street', 'invert_mllw_ft': 4.13, 'invert_navd88_ft': 2.49, 'depth_in': 0.0, 'status': 'Dry & Passable', 'code': 'GREEN', 'description': 'Interior western cross street. Shallow puddling begins above 4.13 ft.'}, 'River Road': {'name': 'River Road', 'invert_mllw_ft': 4.14, 'invert_navd88_ft': 2.5, 'depth_in': 0.0, 'status': 'Dry & Passable', 'code': 'GREEN', 'description': 'North shoreline access road. Mid-section swale dips to 4.14 ft.'}, 'Hobday Street': {'name': 'Hobday Street', 'invert_mllw_ft': 4.22, 'invert_navd88_ft': 2.58, 'depth_in': 0.0, 'status': 'Dry & Passable', 'code': 'GREEN', 'description': 'Interior cross street between Daniel Ave and Bayshore Ave.'}, 'Little Avenue': {'name': 'Little Avenue', 'invert_mllw_ft': 4.23, 'invert_navd88_ft': 2.59, 'depth_in': 0.0, 'status': 'Dry & Passable', 'code': 'GREEN', 'description': 'Interior cross street. Rises towards Daniel Ave northern ridge.'}, 'Bunny Rabbit Lane': {'name': 'Bunny Rabbit Lane', 'invert_mllw_ft': 4.45, 'invert_navd88_ft': 2.81, 'depth_in': 0.0, 'status': 'Dry & Passable', 'code': 'GREEN', 'description': 'Western community boundary lane. Elevated ridge terrain.'}}",GREEN,0.352
2026-10-04 00:00:00 UTC,2026-10-03 20:00:00 EDT,2026,10,3,20,1.49,1.66,-0.15,7.4,15.9,11.19,1023.1,64.5,-2.03,-7.12,7.38,-0.53,1.124,1.21,1.71,0.5,0.0,FALSE,0,Tier 0 (Normal / Safe),ALL VEHICLES PASSABLE,0.0,1.759,1.094,0.665,-0.165,-0.00357,"{'Bayshore Avenue': {'name': 'Bayshore Avenue', 'invert_mllw_ft': 3.75, 'invert_navd88_ft': 2.11, 'depth_in': 0.0, 'status': 'Dry & Passable', 'code': 'GREEN', 'description': 'Southern waterfront roadway. West and east dips flood first.'}, 'Julian Street': {'name': 'Julian Street', 'invert_mllw_ft': 3.78, 'invert_navd88_ft': 2.14, 'depth_in': 0.0, 'status': 'Dry & Passable', 'code': 'GREEN', 'description': 'Connects Daniel Ave to Bayshore Ave. Southern culvert dips to 3.78 ft.'}, 'Daniel Avenue': {'name': 'Daniel Avenue', 'invert_mllw_ft': 3.88, 'invert_navd88_ft': 2.24, 'depth_in': 0.0, 'status': 'Dry & Passable', 'code': 'GREEN', 'description': 'Central community spine. East end dips low; benchmark section at 4.40 ft.'}, 'Allview Street': {'name': 'Allview Street', 'invert_mllw_ft': 4.13, 'invert_navd88_ft': 2.49, 'depth_in': 0.0, 'status': 'Dry & Passable', 'code': 'GREEN', 'description': 'Interior western cross street. Shallow puddling begins above 4.13 ft.'}, 'River Road': {'name': 'River Road', 'invert_mllw_ft': 4.14, 'invert_navd88_ft': 2.5, 'depth_in': 0.0, 'status': 'Dry & Passable', 'code': 'GREEN', 'description': 'North shoreline access road. Mid-section swale dips to 4.14 ft.'}, 'Hobday Street': {'name': 'Hobday Street', 'invert_mllw_ft': 4.22, 'invert_navd88_ft': 2.58, 'depth_in': 0.0, 'status': 'Dry & Passable', 'code': 'GREEN', 'description': 'Interior cross street between Daniel Ave and Bayshore Ave.'}, 'Little Avenue': {'name': 'Little Avenue', 'invert_mllw_ft': 4.23, 'invert_navd88_ft': 2.59, 'depth_in': 0.0, 'status': 'Dry & Passable', 'code': 'GREEN', 'description': 'Interior cross street. Rises towards Daniel Ave northern ridge.'}, 'Bunny Rabbit Lane': {'name': 'Bunny Rabbit Lane', 'invert_mllw_ft': 4.45, 'invert_navd88_ft': 2.81, 'depth_in': 0.0, 'status': 'Dry & Passable', 'code': 'GREEN', 'description': 'Western community boundary lane. Elevated ridge terrain.'}}",GREEN,-0.035
2026-10-04 01:00:00 UTC,2026-10-03 21:00:00 EDT,2026,10,3,21,1.27,1.32,-0.37,6.38,23.6,9.84,1023.3,64.9,-2.55,-5.85,6.37,0.4,0.829,0.96,1.49,0.53,0.0,FALSE,0,Tier 0 (Normal / Safe),ALL VEHICLES PASSABLE,0.0,1.52,0.828,0.692,-0.162,-0.00351,"{'Bayshore Avenue': {'name': 'Bayshore Avenue', 'invert_mllw_ft': 3.75, 'invert_navd88_ft': 2.11, 'depth_in': 0.0, 'status': 'Dry & Passable', 'code': 'GREEN', 'description': 'Southern waterfront roadway. West and east dips flood first.'}, 'Julian Street': {'name': 'Julian Street', 'invert_mllw_ft': 3.78, 'invert_navd88_ft': 2.14, 'depth_in': 0.0, 'status': 'Dry & Passable', 'code': 'GREEN', 'description': 'Connects Daniel Ave to Bayshore Ave. Southern culvert dips to 3.78 ft.'}, 'Daniel Avenue': {'name': 'Daniel Avenue', 'invert_mllw_ft': 3.88, 'invert_navd88_ft': 2.24, 'depth_in': 0.0, 'status': 'Dry & Passable', 'code': 'GREEN', 'description': 'Central community spine. East end dips low; benchmark section at 4.40 ft.'}, 'Allview Street': {'name': 'Allview Street', 'invert_mllw_ft': 4.13, 'invert_navd88_ft': 2.49, 'depth_in': 0.0, 'status': 'Dry & Passable', 'code': 'GREEN', 'description': 'Interior western cross street. Shallow puddling begins above 4.13 ft.'}, 'River Road': {'name': 'River Road', 'invert_mllw_ft': 4.14, 'invert_navd88_ft': 2.5, 'depth_in': 0.0, 'status': 'Dry & Passable', 'code': 'GREEN', 'description': 'North shoreline access road. Mid-section swale dips to 4.14 ft.'}, 'Hobday Street': {'name': 'Hobday Street', 'invert_mllw_ft': 4.22, 'invert_navd88_ft': 2.58, 'depth_in': 0.0, 'status': 'Dry & Passable', 'code': 'GREEN', 'description': 'Interior cross street between Daniel Ave and Bayshore Ave.'}, 'Little Avenue': {'name': 'Little Avenue', 'invert_mllw_ft': 4.23, 'invert_navd88_ft': 2.59, 'depth_in': 0.0, 'status': 'Dry & Passable', 'code': 'GREEN', 'description': 'Interior cross street. Rises towards Daniel Ave northern ridge.'}, 'Bunny Rabbit Lane': {'name': 'Bunny Rabbit Lane', 'invert_mllw_ft': 4.45, 'invert_navd88_ft': 2.81, 'depth_in': 0.0, 'status': 'Dry & Passable', 'code': 'GREEN', 'description': 'Western community boundary lane. Elevated ridge terrain.'}}",GREEN,-0.189
2026-10-04 02:00:00 UTC,2026-10-03 22:00:00 EDT,2026,10,3,22,1.35,1.43,-0.29,6.49,21.4,8.95,1023.0,65.3,-2.37,-6.04,6.49,0.16,0.726,0.734,1.343,0.609,0.0,FALSE,0,Tier 0 (No modeled inundation),ALL VEHICLES PASSABLE,0.0,1.481,0.799,0.682,-0.073,-0.00158,"{'Bayshore Avenue': {'name': 'Bayshore Avenue', 'invert_mllw_ft': 3.75, 'invert_navd88_ft': 2.11, 'depth_in': 0.0, 'status': 'Dry & Passable', 'code': 'GREEN', 'description': 'Southern waterfront roadway. West and east dips flood first.'}, 'Julian Street': {'name': 'Julian Street', 'invert_mllw_ft': 3.78, 'invert_navd88_ft': 2.14, 'depth_in': 0.0, 'status': 'Dry & Passable', 'code': 'GREEN', 'description': 'Connects Daniel Ave to Bayshore Ave. Southern culvert dips to 3.78 ft.'}, 'Daniel Avenue': {'name': 'Daniel Avenue', 'invert_mllw_ft': 3.88, 'invert_navd88_ft': 2.24, 'depth_in': 0.0, 'status': 'Dry & Passable', 'code': 'GREEN', 'description': 'Central community spine. East end dips low; benchmark section at 4.40 ft.'}, 'Allview Street': {'name': 'Allview Street', 'invert_mllw_ft': 4.13, 'invert_navd88_ft': 2.49, 'depth_in': 0.0, 'status': 'Dry & Passable', 'code': 'GREEN', 'description': 'Interior western cross street. Shallow puddling begins above 4.13 ft.'}, 'River Road': {'name': 'River Road', 'invert_mllw_ft': 4.14, 'invert_navd88_ft': 2.5, 'depth_in': 0.0, 'status': 'Dry & Passable', 'code': 'GREEN', 'description': 'North shoreline access road. Mid-section swale dips to 4.14 ft.'}, 'Hobday Street': {'name': 'Hobday Street', 'invert_mllw_ft': 4.22, 'invert_navd88_ft': 2.58, 'depth_in': 0.0, 'status': 'Dry & Passable', 'code': 'GREEN', 'description': 'Interior cross street between Daniel Ave and Bayshore Ave.'}, 'Little Avenue': {'name': 'Little Avenue', 'invert_mllw_ft': 4.23, 'invert_navd88_ft': 2.59, 'depth_in': 0.0, 'status': 'Dry & Passable', 'code': 'GREEN', 'description': 'Interior cross street. Rises towards Daniel Ave northern ridge.'}, 'Bunny Rabbit Lane': {'name': 'Bunny Rabbit Lane', 'invert_mllw_ft': 4.45, 'invert_navd88_ft': 2.81, 'depth_in': 0.0, 'status': 'Dry & Passable', 'code': 'GREEN', 'description': 'Western community boundary lane. Elevated ridge terrain.'}}",GREEN,-0.151
2026-10-04 03:00:00 UTC,2026-10-03 23:00:00 EDT,2026,10,3,23,1.53,1.63,-0.11,7.49,18.2,10.52,1022.5,65.7,-2.34,-7.12,7.49,-0.24,0.849,0.576,1.234,0.658,0.0,FALSE,0,Tier 0 (No modeled inundation),ALL VEHICLES PASSABLE,0.0,1.751,1.014,0.737,-0.079,-0.00171,"{'Bayshore Avenue': {'name': 'Bayshore Avenue', 'invert_mllw_ft': 3.75, 'invert_navd88_ft': 2.11, 'depth_in': 0.0, 'status': 'Dry & Passable', 'code': 'GREEN', 'description': 'Southern waterfront roadway. West and east dips flood first.'}, 'Julian Street': {'name': 'Julian Street', 'invert_mllw_ft': 3.78, 'invert_navd88_ft': 2.14, 'depth_in': 0.0, 'status': 'Dry & Passable', 'code': 'GREEN', 'description': 'Connects Daniel Ave to Bayshore Ave. Southern culvert dips to 3.78 ft.'}, 'Daniel Avenue': {'name': 'Daniel Avenue', 'invert_mllw_ft': 3.88, 'invert_navd88_ft': 2.24, 'depth_in': 0.0, 'status': 'Dry & Passable', 'code': 'GREEN', 'description': 'Central community spine. East end dips low; benchmark section at 4.40 ft.'}, 'Allview Street': {'name': 'Allview Street', 'invert_mllw_ft': 4.13, 'invert_navd88_ft': 2.49, 'depth_in': 0.0, 'status': 'Dry & Passable', 'code': 'GREEN', 'description': 'Interior western cross street. Shallow puddling begins above 4.13 ft.'}, 'River Road': {'name': 'River Road', 'invert_mllw_ft': 4.14, 'invert_navd88_ft': 2.5, 'depth_in': 0.0, 'status': 'Dry & Passable', 'code': 'GREEN', 'description': 'North shoreline access road. Mid-section swale dips to 4.14 ft.'}, 'Hobday Street': {'name': 'Hobday Street', 'invert_mllw_ft': 4.22, 'invert_navd88_ft': 2.58, 'depth_in': 0.0, 'status': 'Dry & Passable', 'code': 'GREEN', 'description': 'Interior cross street between Daniel Ave and Bayshore Ave.'}, 'Little Avenue': {'name': 'Little Avenue', 'invert_mllw_ft': 4.23, 'invert_navd88_ft': 2.59, 'depth_in': 0.0, 'status': 'Dry & Passable', 'code': 'GREEN', 'description': 'Interior cross street. Rises towards Daniel Ave northern ridge.'}, 'Bunny Rabbit Lane': {'name': 'Bunny Rabbit Lane', 'invert_mllw_ft': 4.45, 'invert_navd88_ft': 2.81, 'depth_in': 0.0, 'status': 'Dry & Passable', 'code': 'GREEN', 'description': 'Western community boundary lane. Elevated ridge terrain.'}}",GREEN,0.136
2026-10-04 04:00:00 UTC,2026-10-04 00:00:00 EDT,2026,10,4,0,1.95,2.23,0.31,7.58,17.9,11.19,1022.2,65.9,-2.33,-7.21,7.57,-0.28,1.173,0.536,1.276,0.74,0.0,FALSE,0,Tier 0 (No modeled inundation),NO INUNDATION ESTIMATED,0.0,2.257,1.411,0.846,-0.106,-0.00229,"{'Bayshore Avenue': {'name': 'Bayshore Avenue', 'invert_mllw_ft': 3.75, 'invert_navd88_ft': 2.11, 'depth_in': 0.0, 'status': 'No tidal flooding estimated', 'code': 'GREEN', 'description': 'Southern waterfront roadway. West and east dips flood first.'}, 'Julian Street': {'name': 'Julian Street', 'invert_mllw_ft': 3.78, 'invert_navd88_ft': 2.14, 'depth_in': 0.0, 'status': 'No tidal flooding estimated', 'code': 'GREEN', 'description': 'Connects Daniel Ave to Bayshore Ave. Southern culvert dips to 3.78 ft.'}, 'Daniel Avenue': {'name': 'Daniel Avenue', 'invert_mllw_ft': 3.88, 'invert_navd88_ft': 2.24, 'depth_in': 0.0, 'status': 'No tidal flooding estimated', 'code': 'GREEN', 'description': 'Central community spine. East end dips low; benchmark section at 4.40 ft.'}, 'Allview Street': {'name': 'Allview Street', 'invert_mllw_ft': 4.13, 'invert_navd88_ft': 2.49, 'depth_in': 0.0, 'status': 'No tidal flooding estimated', 'code': 'GREEN', 'description': 'Interior western cross street. Shallow puddling begins above 4.13 ft.'}, 'River Road': {'name': 'River Road', 'invert_mllw_ft': 4.14, 'invert_navd88_ft': 2.5, 'depth_in': 0.0, 'status': 'No tidal flooding estimated', 'code': 'GREEN', 'description': 'North shoreline access road. Mid-section swale dips to 4.14 ft.'}, 'Hobday Street': {'name': 'Hobday Street', 'invert_mllw_ft': 4.22, 'invert_navd88_ft': 2.58, 'depth_in': 0.0, 'status': 'No tidal flooding estimated', 'code': 'GREEN', 'description': 'Interior cross street between Daniel Ave and Bayshore Ave.'}, 'Little Avenue': {'name': 'Little Avenue', 'invert_mllw_ft': 4.23, 'invert_navd88_ft': 2.59, 'depth_in': 0.0, 'status': 'No tidal flooding estimated', 'code': 'GREEN', 'description': 'Interior cross street. Rises towards Daniel Ave northern ridge.'}, 'Bunny Rabbit Lane': {'name': 'Bunny Rabbit Lane', 'invert_mllw_ft': 4.45, 'invert_navd88_ft': 2.81, 'depth_in': 0.0, 'status': 'No tidal flooding estimated', 'code': 'GREEN', 'description': 'Western community boundary lane. Elevated ridge terrain.'}}",GREEN,0.741
2026-10-04 05:00:00 UTC,2026-10-04 01:00:00 EDT,2026,10,4,1,2.61,2.9,0.97,6.4,10.3,10.74,1021.7,65.8,-1.14,-6.3,6.31,-1.08,1.621,0.647,1.513,0.866,0.0,FALSE,0,Tier 0 (No modeled inundation),NO INUNDATION ESTIMATED,0.0,2.747,1.875,0.872,-0.006,-0.00013,"{'Bayshore Avenue': {'name': 'Bayshore Avenue', 'invert_mllw_ft': 3.75, 'invert_navd88_ft': 2.11, 'depth_in': 0.0, 'status': 'No tidal flooding estimated', 'code': 'GREEN', 'description': 'Southern waterfront roadway. West and east dips flood first.'}, 'Julian Street': {'name': 'Julian Street', 'invert_mllw_ft': 3.78, 'invert_navd88_ft': 2.14, 'depth_in': 0.0, 'status': 'No tidal flooding estimated', 'code': 'GREEN', 'description': 'Connects Daniel Ave to Bayshore Ave. Southern culvert dips to 3.78 ft.'}, 'Daniel Avenue': {'name': 'Daniel Avenue', 'invert_mllw_ft': 3.88, 'invert_navd88_ft': 2.24, 'depth_in': 0.0, 'status': 'No tidal flooding estimated', 'code': 'GREEN', 'description': 'Central community spine. East end dips low; benchmark section at 4.40 ft.'}, 'Allview Street': {'name': 'Allview Street', 'invert_mllw_ft': 4.13, 'invert_navd88_ft': 2.49, 'depth_in': 0.0, 'status': 'No tidal flooding estimated', 'code': 'GREEN', 'description': 'Interior western cross street. Shallow puddling begins above 4.13 ft.'}, 'River Road': {'name': 'River Road', 'invert_mllw_ft': 4.14, 'invert_navd88_ft': 2.5, 'depth_in': 0.0, 'status': 'No tidal flooding estimated', 'code': 'GREEN', 'description': 'North shoreline access road. Mid-section swale dips to 4.14 ft.'}, 'Hobday Street': {'name': 'Hobday Street', 'invert_mllw_ft': 4.22, 'invert_navd88_ft': 2.58, 'depth_in': 0.0, 'status': 'No tidal flooding estimated', 'code': 'GREEN', 'description': 'Interior cross street between Daniel Ave and Bayshore Ave.'}, 'Little Avenue': {'name': 'Little Avenue', 'invert_mllw_ft': 4.23, 'invert_navd88_ft': 2.59, 'depth_in': 0.0, 'status': 'No tidal flooding estimated', 'code': 'GREEN', 'description': 'Interior cross street. Rises towards Daniel Ave northern ridge.'}, 'Bunny Rabbit Lane': {'name': 'Bunny Rabbit Lane', 'invert_mllw_ft': 4.45, 'invert_navd88_ft': 2.81, 'depth_in': 0.0, 'status': 'No tidal flooding estimated', 'code': 'GREEN', 'description': 'Western community boundary lane. Elevated ridge terrain.'}}",GREEN,1.184
2026-10-04 06:00:00 UTC,2026-10-04 02:00:00 EDT,2026,10,4,2,3.05,3.11,1.41,6.58,11.8,10.74,1021.2,66.0,-1.35,-6.44,6.51,-0.94,2.052,0.878,1.795,0.917,0.0,FALSE,0,Tier 0 (No modeled inundation),NO INUNDATION ESTIMATED,0.0,3.129,2.264,0.865,0.052,0.00113,"{'Bayshore Avenue': {'name': 'Bayshore Avenue', 'invert_mllw_ft': 3.75, 'invert_navd88_ft': 2.11, 'depth_in': 0.0, 'status': 'No tidal flooding estimated', 'code': 'GREEN', 'description': 'Southern waterfront roadway. West and east dips flood first.'}, 'Julian Street': {'name': 'Julian Street', 'invert_mllw_ft': 3.78, 'invert_navd88_ft': 2.14, 'depth_in': 0.0, 'status': 'No tidal flooding estimated', 'code': 'GREEN', 'description': 'Connects Daniel Ave to Bayshore Ave. Southern culvert dips to 3.78 ft.'}, 'Daniel Avenue': {'name': 'Daniel Avenue', 'invert_mllw_ft': 3.88, 'invert_navd88_ft': 2.24, 'depth_in': 0.0, 'status': 'No tidal flooding estimated', 'code': 'GREEN', 'description': 'Central community spine. East end dips low; benchmark section at 4.40 ft.'}, 'Allview Street': {'name': 'Allview Street', 'invert_mllw_ft': 4.13, 'invert_navd88_ft': 2.49, 'depth_in': 0.0, 'status': 'No tidal flooding estimated', 'code': 'GREEN', 'description': 'Interior western cross street. Shallow puddling begins above 4.13 ft.'}, 'River Road': {'name': 'River Road', 'invert_mllw_ft': 4.14, 'invert_navd88_ft': 2.5, 'depth_in': 0.0, 'status': 'No tidal flooding estimated', 'code': 'GREEN', 'description': 'North shoreline access road. Mid-section swale dips to 4.14 ft.'}, 'Hobday Street': {'name': 'Hobday Street', 'invert_mllw_ft': 4.22, 'invert_navd88_ft': 2.58, 'depth_in': 0.0, 'status': 'No tidal flooding estimated', 'code': 'GREEN', 'description': 'Interior cross street between Daniel Ave and Bayshore Ave.'}, 'Little Avenue': {'name': 'Little Avenue', 'invert_mllw_ft': 4.23, 'invert_navd88_ft': 2.59, 'depth_in': 0.0, 'status': 'No tidal flooding estimated', 'code': 'GREEN', 'description': 'Interior cross street. Rises towards Daniel Ave northern ridge.'}, 'Bunny Rabbit Lane': {'name': 'Bunny Rabbit Lane', 'invert_mllw_ft': 4.45, 'invert_navd88_ft': 2.81, 'depth_in': 0.0, 'status': 'No tidal flooding estimated', 'code': 'GREEN', 'description': 'Western community boundary lane. Elevated ridge terrain.'}}",GREEN,1.512
2026-10-04 07:00:00 UTC,2026-10-04 03:00:00 EDT,2026,10,4,3,3.05,3.09,1.41,7.13,11.4,10.96,1020.6,66.4,-1.41,-6.99,7.05,-1.07,2.309,1.128,2.059,0.931,0.0,FALSE,0,Tier 0 (No modeled inundation),NO INUNDATION ESTIMATED,0.0,3.359,2.449,0.91,0.021,0.00045,"{'Bayshore Avenue': {'name': 'Bayshore Avenue', 'invert_mllw_ft': 3.75, 'invert_navd88_ft': 2.11, 'depth_in': 0.0, 'status': 'No tidal flooding estimated', 'code': 'GREEN', 'description': 'Southern waterfront roadway. West and east dips flood first.'}, 'Julian Street': {'name': 'Julian Street', 'invert_mllw_ft': 3.78, 'invert_navd88_ft': 2.14, 'depth_in': 0.0, 'status': 'No tidal flooding estimated', 'code': 'GREEN', 'description': 'Connects Daniel Ave to Bayshore Ave. Southern culvert dips to 3.78 ft.'}, 'Daniel Avenue': {'name': 'Daniel Avenue', 'invert_mllw_ft': 3.88, 'invert_navd88_ft': 2.24, 'depth_in': 0.0, 'status': 'No tidal flooding estimated', 'code': 'GREEN', 'description': 'Central community spine. East end dips low; benchmark section at 4.40 ft.'}, 'Allview Street': {'name': 'Allview Street', 'invert_mllw_ft': 4.13, 'invert_navd88_ft': 2.49, 'depth_in': 0.0, 'status': 'No tidal flooding estimated', 'code': 'GREEN', 'description': 'Interior western cross street. Shallow puddling begins above 4.13 ft.'}, 'River Road': {'name': 'River Road', 'invert_mllw_ft': 4.14, 'invert_navd88_ft': 2.5, 'depth_in': 0.0, 'status': 'No tidal flooding estimated', 'code': 'GREEN', 'description': 'North shoreline access road. Mid-section swale dips to 4.14 ft.'}, 'Hobday Street': {'name': 'Hobday Street', 'invert_mllw_ft': 4.22, 'invert_navd88_ft': 2.58, 'depth_in': 0.0, 'status': 'No tidal flooding estimated', 'code': 'GREEN', 'description': 'Interior cross street between Daniel Ave and Bayshore Ave.'}, 'Little Avenue': {'name': 'Little Avenue', 'invert_mllw_ft': 4.23, 'invert_navd88_ft': 2.59, 'depth_in': 0.0, 'status': 'No tidal flooding estimated', 'code': 'GREEN', 'description': 'Interior cross street. Rises towards Daniel Ave northern ridge.'}, 'Bunny Rabbit Lane': {'name': 'Bunny Rabbit Lane', 'invert_mllw_ft': 4.45, 'invert_navd88_ft': 2.81, 'depth_in': 0.0, 'status': 'No tidal flooding estimated', 'code': 'GREEN', 'description': 'Western community boundary lane. Elevated ridge terrain.'}}",GREEN,1.685
2026-10-04 08:00:00 UTC,2026-10-04 04:00:00 EDT,2026,10,4,4,2.94,3.01,1.3,8.16,12.4,12.08,1020.3,66.3,-1.75,-7.97,8.09,-1.08,2.311,1.305,2.209,0.904,0.0,FALSE,0,Tier 0 (No modeled inundation),NO INUNDATION ESTIMATED,0.0,3.35,2.4,0.95,-0.046,-0.001,"{'Bayshore Avenue': {'name': 'Bayshore Avenue', 'invert_mllw_ft': 3.75, 'invert_navd88_ft': 2.11, 'depth_in': 0.0, 'status': 'No tidal flooding estimated', 'code': 'GREEN', 'description': 'Southern waterfront roadway. West and east dips flood first.'}, 'Julian Street': {'name': 'Julian Street', 'invert_mllw_ft': 3.78, 'invert_navd88_ft': 2.14, 'depth_in': 0.0, 'status': 'No tidal flooding estimated', 'code': 'GREEN', 'description': 'Connects Daniel Ave to Bayshore Ave. Southern culvert dips to 3.78 ft.'}, 'Daniel Avenue': {'name': 'Daniel Avenue', 'invert_mllw_ft': 3.88, 'invert_navd88_ft': 2.24, 'depth_in': 0.0, 'status': 'No tidal flooding estimated', 'code': 'GREEN', 'description': 'Central community spine. East end dips low; benchmark section at 4.40 ft.'}, 'Allview Street': {'name': 'Allview Street', 'invert_mllw_ft': 4.13, 'invert_navd88_ft': 2.49, 'depth_in': 0.0, 'status': 'No tidal flooding estimated', 'code': 'GREEN', 'description': 'Interior western cross street. Shallow puddling begins above 4.13 ft.'}, 'River Road': {'name': 'River Road', 'invert_mllw_ft': 4.14, 'invert_navd88_ft': 2.5, 'depth_in': 0.0, 'status': 'No tidal flooding estimated', 'code': 'GREEN', 'description': 'North shoreline access road. Mid-section swale dips to 4.14 ft.'}, 'Hobday Street': {'name': 'Hobday Street', 'invert_mllw_ft': 4.22, 'invert_navd88_ft': 2.58, 'depth_in': 0.0, 'status': 'No tidal flooding estimated', 'code': 'GREEN', 'description': 'Interior cross street between Daniel Ave and Bayshore Ave.'}, 'Little Avenue': {'name': 'Little Avenue', 'invert_mllw_ft': 4.23, 'invert_navd88_ft': 2.59, 'depth_in': 0.0, 'status': 'No tidal flooding estimated', 'code': 'GREEN', 'description': 'Interior cross street. Rises towards Daniel Ave northern ridge.'}, 'Bunny Rabbit Lane': {'name': 'Bunny Rabbit Lane', 'invert_mllw_ft': 4.45, 'invert_navd88_ft': 2.81, 'depth_in': 0.0, 'status': 'No tidal flooding estimated', 'code': 'GREEN', 'description': 'Western community boundary lane. Elevated ridge terrain.'}}",GREEN,1.647
2026-10-04 09:00:00 UTC,2026-10-04 05:00:00 EDT,2026,10,4,5,2.78,2.85,1.14,7.4,7.1,10.29,1020.3,66.3,-0.91,-7.34,7.21,-1.65,2.102,1.377,2.293,0.916,0.0,FALSE,0,Tier 0 (No modeled inundation),NO INUNDATION ESTIMATED,0.0,3.155,2.166,0.989,-0.073,-0.00158,"{'Bayshore Avenue': {'name': 'Bayshore Avenue', 'invert_mllw_ft': 3.75, 'invert_navd88_ft': 2.11, 'depth_in': 0.0, 'status': 'No tidal flooding estimated', 'code': 'GREEN', 'description': 'Southern waterfront roadway. West and east dips flood first.'}, 'Julian Street': {'name': 'Julian Street', 'invert_mllw_ft': 3.78, 'invert_navd88_ft': 2.14, 'depth_in': 0.0, 'status': 'No tidal flooding estimated', 'code': 'GREEN', 'description': 'Connects Daniel Ave to Bayshore Ave. Southern culvert dips to 3.78 ft.'}, 'Daniel Avenue': {'name': 'Daniel Avenue', 'invert_mllw_ft': 3.88, 'invert_navd88_ft': 2.24, 'depth_in': 0.0, 'status': 'No tidal flooding estimated', 'code': 'GREEN', 'description': 'Central community spine. East end dips low; benchmark section at 4.40 ft.'}, 'Allview Street': {'name': 'Allview Street', 'invert_mllw_ft': 4.13, 'invert_navd88_ft': 2.49, 'depth_in': 0.0, 'status': 'No tidal flooding estimated', 'code': 'GREEN', 'description': 'Interior western cross street. Shallow puddling begins above 4.13 ft.'}, 'River Road': {'name': 'River Road', 'invert_mllw_ft': 4.14, 'invert_navd88_ft': 2.5, 'depth_in': 0.0, 'status': 'No tidal flooding estimated', 'code': 'GREEN', 'description': 'North shoreline access road. Mid-section swale dips to 4.14 ft.'}, 'Hobday Street': {'name': 'Hobday Street', 'invert_mllw_ft': 4.22, 'invert_navd88_ft': 2.58, 'depth_in': 0.0, 'status': 'No tidal flooding estimated', 'code': 'GREEN', 'description': 'Interior cross street between Daniel Ave and Bayshore Ave.'}, 'Little Avenue': {'name': 'Little Avenue', 'invert_mllw_ft': 4.23, 'invert_navd88_ft': 2.59, 'depth_in': 0.0, 'status': 'No tidal flooding estimated', 'code': 'GREEN', 'description': 'Interior cross street. Rises towards Daniel Ave northern ridge.'}, 'Bunny Rabbit Lane': {'name': 'Bunny Rabbit Lane', 'invert_mllw_ft': 4.45, 'invert_navd88_ft': 2.81, 'depth_in': 0.0, 'status': 'No tidal flooding estimated', 'code': 'GREEN', 'description': 'Western community boundary lane. Elevated ridge terrain.'}}",GREEN,1.487
2026-10-04 10:00:00 UTC,2026-10-04 06:00:00 EDT,2026,10,4,6,2.49,2.63,0.85,7.09,0.3,10.96,1020.3,66.2,-0.04,-7.09,6.68,-2.39,1.772,1.357,2.358,1.001,0.0,FALSE,0,Tier 0 (No modeled inundation),NO INUNDATION ESTIMATED,0.0,2.735,1.788,0.947,0.054,0.00117,"{'Bayshore Avenue': {'name': 'Bayshore Avenue', 'invert_mllw_ft': 3.75, 'invert_navd88_ft': 2.11, 'depth_in': 0.0, 'status': 'No tidal flooding estimated', 'code': 'GREEN', 'description': 'Southern waterfront roadway. West and east dips flood first.'}, 'Julian Street': {'name': 'Julian Street', 'invert_mllw_ft': 3.78, 'invert_navd88_ft': 2.14, 'depth_in': 0.0, 'status': 'No tidal flooding estimated', 'code': 'GREEN', 'description': 'Connects Daniel Ave to Bayshore Ave. Southern culvert dips to 3.78 ft.'}, 'Daniel Avenue': {'name': 'Daniel Avenue', 'invert_mllw_ft': 3.88, 'invert_navd88_ft': 2.24, 'depth_in': 0.0, 'status': 'No tidal flooding estimated', 'code': 'GREEN', 'description': 'Central community spine. East end dips low; benchmark section at 4.40 ft.'}, 'Allview Street': {'name': 'Allview Street', 'invert_mllw_ft': 4.13, 'invert_navd88_ft': 2.49, 'depth_in': 0.0, 'status': 'No tidal flooding estimated', 'code': 'GREEN', 'description': 'Interior western cross street. Shallow puddling begins above 4.13 ft.'}, 'River Road': {'name': 'River Road', 'invert_mllw_ft': 4.14, 'invert_navd88_ft': 2.5, 'depth_in': 0.0, 'status': 'No tidal flooding estimated', 'code': 'GREEN', 'description': 'North shoreline access road. Mid-section swale dips to 4.14 ft.'}, 'Hobday Street': {'name': 'Hobday Street', 'invert_mllw_ft': 4.22, 'invert_navd88_ft': 2.58, 'depth_in': 0.0, 'status': 'No tidal flooding estimated', 'code': 'GREEN', 'description': 'Interior cross street between Daniel Ave and Bayshore Ave.'}, 'Little Avenue': {'name': 'Little Avenue', 'invert_mllw_ft': 4.23, 'invert_navd88_ft': 2.59, 'depth_in': 0.0, 'status': 'No tidal flooding estimated', 'code': 'GREEN', 'description': 'Interior cross street. Rises towards Daniel Ave northern ridge.'}, 'Bunny Rabbit Lane': {'name': 'Bunny Rabbit Lane', 'invert_mllw_ft': 4.45, 'invert_navd88_ft': 2.81, 'depth_in': 0.0, 'status': 'No tidal flooding estimated', 'code': 'GREEN', 'description': 'Western community boundary lane. Elevated ridge terrain.'}}",GREEN,0.928
2026-10-04 11:00:00 UTC,2026-10-04 07:00:00 EDT,2026,10,4,7,2.12,2.29,0.48,5.97,6.0,8.72,1020.2,66.3,-0.62,-5.94,5.79,-1.44,1.389,1.252,2.282,1.03,0.0,FALSE,0,Tier 0 (No modeled inundation),NO INUNDATION ESTIMATED,0.0,2.238,1.329,0.909,0.121,0.00262,"{'Bayshore Avenue': {'name': 'Bayshore Avenue', 'invert_mllw_ft': 3.75, 'invert_navd88_ft': 2.11, 'depth_in': 0.0, 'status': 'No tidal flooding estimated', 'code': 'GREEN', 'description': 'Southern waterfront roadway. West and east dips flood first.'}, 'Julian Street': {'name': 'Julian Street', 'invert_mllw_ft': 3.78, 'invert_navd88_ft': 2.14, 'depth_in': 0.0, 'status': 'No tidal flooding estimated', 'code': 'GREEN', 'description': 'Connects Daniel Ave to Bayshore Ave. Southern culvert dips to 3.78 ft.'}, 'Daniel Avenue': {'name': 'Daniel Avenue', 'invert_mllw_ft': 3.88, 'invert_navd88_ft': 2.24, 'depth_in': 0.0, 'status': 'No tidal flooding estimated', 'code': 'GREEN', 'description': 'Central community spine. East end dips low; benchmark section at 4.40 ft.'}, 'Allview Street': {'name': 'Allview Street', 'invert_mllw_ft': 4.13, 'invert_navd88_ft': 2.49, 'depth_in': 0.0, 'status': 'No tidal flooding estimated', 'code': 'GREEN', 'description': 'Interior western cross street. Shallow puddling begins above 4.13 ft.'}, 'River Road': {'name': 'River Road', 'invert_mllw_ft': 4.14, 'invert_navd88_ft': 2.5, 'depth_in': 0.0, 'status': 'No tidal flooding estimated', 'code': 'GREEN', 'description': 'North shoreline access road. Mid-section swale dips to 4.14 ft.'}, 'Hobday Street': {'name': 'Hobday Street', 'invert_mllw_ft': 4.22, 'invert_navd88_ft': 2.58, 'depth_in': 0.0, 'status': 'No tidal flooding estimated', 'code': 'GREEN', 'description': 'Interior cross street between Daniel Ave and Bayshore Ave.'}, 'Little Avenue': {'name': 'Little Avenue', 'invert_mllw_ft': 4.23, 'invert_navd88_ft': 2.59, 'depth_in': 0.0, 'status': 'No tidal flooding estimated', 'code': 'GREEN', 'description': 'Interior cross street. Rises towards Daniel Ave northern ridge.'}, 'Bunny Rabbit Lane': {'name': 'Bunny Rabbit Lane', 'invert_mllw_ft': 4.45, 'invert_navd88_ft': 2.81, 'depth_in': 0.0, 'status': 'No tidal flooding estimated', 'code': 'GREEN', 'description': 'Western community boundary lane. Elevated ridge terrain.'}}",GREEN,0.429
2026-10-04 12:00:00 UTC,2026-10-04 08:00:00 EDT,2026,10,4,8,1.72,1.87,0.08,4.57,339.6,6.71,1020.5,66.8,1.59,-4.28,3.48,-2.96,1.015,1.07,2.135,1.065,0.0,FALSE,0,Tier 0 (No modeled inundation),NO INUNDATION ESTIMATED,0.0,1.813,0.919,0.894,0.171,0.0037,"{'Bayshore Avenue': {'name': 'Bayshore Avenue', 'invert_mllw_ft': 3.75, 'invert_navd88_ft': 2.11, 'depth_in': 0.0, 'status': 'No tidal flooding estimated', 'code': 'GREEN', 'description': 'Southern waterfront roadway. West and east dips flood first.'}, 'Julian Street': {'name': 'Julian Street', 'invert_mllw_ft': 3.78, 'invert_navd88_ft': 2.14, 'depth_in': 0.0, 'status': 'No tidal flooding estimated', 'code': 'GREEN', 'description': 'Connects Daniel Ave to Bayshore Ave. Southern culvert dips to 3.78 ft.'}, 'Daniel Avenue': {'name': 'Daniel Avenue', 'invert_mllw_ft': 3.88, 'invert_navd88_ft': 2.24, 'depth_in': 0.0, 'status': 'No tidal flooding estimated', 'code': 'GREEN', 'description': 'Central community spine. East end dips low; benchmark section at 4.40 ft.'}, 'Allview Street': {'name': 'Allview Street', 'invert_mllw_ft': 4.13, 'invert_navd88_ft': 2.49, 'depth_in': 0.0, 'status': 'No tidal flooding estimated', 'code': 'GREEN', 'description': 'Interior western cross street. Shallow puddling begins above 4.13 ft.'}, 'River Road': {'name': 'River Road', 'invert_mllw_ft': 4.14, 'invert_navd88_ft': 2.5, 'depth_in': 0.0, 'status': 'No tidal flooding estimated', 'code': 'GREEN', 'description': 'North shoreline access road. Mid-section swale dips to 4.14 ft.'}, 'Hobday Street': {'name': 'Hobday Street', 'invert_mllw_ft': 4.22, 'invert_navd88_ft': 2.58, 'depth_in': 0.0, 'status': 'No tidal flooding estimated', 'code': 'GREEN', 'description': 'Interior cross street between Daniel Ave and Bayshore Ave.'}, 'Little Avenue': {'name': 'Little Avenue', 'invert_mllw_ft': 4.23, 'invert_navd88_ft': 2.59, 'depth_in': 0.0, 'status': 'No tidal flooding estimated', 'code': 'GREEN', 'description': 'Interior cross street. Rises towards Daniel Ave northern ridge.'}, 'Bunny Rabbit Lane': {'name': 'Bunny Rabbit Lane', 'invert_mllw_ft': 4.45, 'invert_navd88_ft': 2.81, 'depth_in': 0.0, 'status': 'No tidal flooding estimated', 'code': 'GREEN', 'description': 'Western community boundary lane. Elevated ridge terrain.'}}",GREEN,0.072
2026-10-04 13:00:00 UTC,2026-10-04 09:00:00 EDT,2026,10,4,9,1.53,1.56,-0.11,4.72,336.5,7.16,1020.5,67.2,1.88,-4.33,3.42,-3.25,0.746,0.849,1.954,1.105,0.0,FALSE,0,Tier 0 (No modeled inundation),NO INUNDATION ESTIMATED,0.0,1.557,0.68,0.877,0.228,0.00494,"{'Bayshore Avenue': {'name': 'Bayshore Avenue', 'invert_mllw_ft': 3.75, 'invert_navd88_ft': 2.11, 'depth_in': 0.0, 'status': 'No tidal flooding estimated', 'code': 'GREEN', 'description': 'Southern waterfront roadway. West and east dips flood first.'}, 'Julian Street': {'name': 'Julian Street', 'invert_mllw_ft': 3.78, 'invert_navd88_ft': 2.14, 'depth_in': 0.0, 'status': 'No tidal flooding estimated', 'code': 'GREEN', 'description': 'Connects Daniel Ave to Bayshore Ave. Southern culvert dips to 3.78 ft.'}, 'Daniel Avenue': {'name': 'Daniel Avenue', 'invert_mllw_ft': 3.88, 'invert_navd88_ft': 2.24, 'depth_in': 0.0, 'status': 'No tidal flooding estimated', 'code': 'GREEN', 'description': 'Central community spine. East end dips low; benchmark section at 4.40 ft.'}, 'Allview Street': {'name': 'Allview Street', 'invert_mllw_ft': 4.13, 'invert_navd88_ft': 2.49, 'depth_in': 0.0, 'status': 'No tidal flooding estimated', 'code': 'GREEN', 'description': 'Interior western cross street. Shallow puddling begins above 4.13 ft.'}, 'River Road': {'name': 'River Road', 'invert_mllw_ft': 4.14, 'invert_navd88_ft': 2.5, 'depth_in': 0.0, 'status': 'No tidal flooding estimated', 'code': 'GREEN', 'description': 'North shoreline access road. Mid-section swale dips to 4.14 ft.'}, 'Hobday Street': {'name': 'Hobday Street', 'invert_mllw_ft': 4.22, 'invert_navd88_ft': 2.58, 'depth_in': 0.0, 'status': 'No tidal flooding estimated', 'code': 'GREEN', 'description': 'Interior cross street between Daniel Ave and Bayshore Ave.'}, 'Little Avenue': {'name': 'Little Avenue', 'invert_mllw_ft': 4.23, 'invert_navd88_ft': 2.59, 'depth_in': 0.0, 'status': 'No tidal flooding estimated', 'code': 'GREEN', 'description': 'Interior cross street. Rises towards Daniel Ave northern ridge.'}, 'Bunny Rabbit Lane': {'name': 'Bunny Rabbit Lane', 'invert_mllw_ft': 4.45, 'invert_navd88_ft': 2.81, 'depth_in': 0.0, 'status': 'No tidal flooding estimated', 'code': 'GREEN', 'description': 'Western community boundary lane. Elevated ridge terrain.'}}",GREEN,-0.093
2026-10-04 14:00:00 UTC,2026-10-04 10:00:00 EDT,2026,10,4,10,1.59,1.66,-0.05,6.33,359.4,8.72,1020.2,67.9,0.07,-6.33,5.93,-2.23,0.682,0.65,1.8,1.15,0.0,FALSE,0,Tier 0 (No modeled inundation),NO INUNDATION ESTIMATED,0.0,1.596,0.686,0.91,0.24,0.00519,"{'Bayshore Avenue': {'name': 'Bayshore Avenue', 'invert_mllw_ft': 3.75, 'invert_navd88_ft': 2.11, 'depth_in': 0.0, 'status': 'No tidal flooding estimated', 'code': 'GREEN', 'description': 'Southern waterfront roadway. West and east dips flood first.'}, 'Julian Street': {'name': 'Julian Street', 'invert_mllw_ft': 3.78, 'invert_navd88_ft': 2.14, 'depth_in': 0.0, 'status': 'No tidal flooding estimated', 'code': 'GREEN', 'description': 'Connects Daniel Ave to Bayshore Ave. Southern culvert dips to 3.78 ft.'}, 'Daniel Avenue': {'name': 'Daniel Avenue', 'invert_mllw_ft': 3.88, 'invert_navd88_ft': 2.24, 'depth_in': 0.0, 'status': 'No tidal flooding estimated', 'code': 'GREEN', 'description': 'Central community spine. East end dips low; benchmark section at 4.40 ft.'}, 'Allview Street': {'name': 'Allview Street', 'invert_mllw_ft': 4.13, 'invert_navd88_ft': 2.49, 'depth_in': 0.0, 'status': 'No tidal flooding estimated', 'code': 'GREEN', 'description': 'Interior western cross street. Shallow puddling begins above 4.13 ft.'}, 'River Road': {'name': 'River Road', 'invert_mllw_ft': 4.14, 'invert_navd88_ft': 2.5, 'depth_in': 0.0, 'status': 'No tidal flooding estimated', 'code': 'GREEN', 'description': 'North shoreline access road. Mid-section swale dips to 4.14 ft.'}, 'Hobday Street': {'name': 'Hobday Street', 'invert_mllw_ft': 4.22, 'invert_navd88_ft': 2.58, 'depth_in': 0.0, 'status': 'No tidal flooding estimated', 'code': 'GREEN', 'description': 'Interior cross street between Daniel Ave and Bayshore Ave.'}, 'Little Avenue': {'name': 'Little Avenue', 'invert_mllw_ft': 4.23, 'invert_navd88_ft': 2.59, 'depth_in': 0.0, 'status': 'No tidal flooding estimated', 'code': 'GREEN', 'description': 'Interior cross street. Rises towards Daniel Ave northern ridge.'}, 'Bunny Rabbit Lane': {'name': 'Bunny Rabbit Lane', 'invert_mllw_ft': 4.45, 'invert_navd88_ft': 2.81, 'depth_in': 0.0, 'status': 'No tidal flooding estimated', 'code': 'GREEN', 'description': 'Western community boundary lane. Elevated ridge terrain.'}}",GREEN,-0.022
2026-10-04 15:00:00 UTC,2026-10-04 11:00:00 EDT,2026,10,4,11,1.86,2.02,0.22,6.58,9.2,10.07,1020.0,68.6,-1.05,-6.5,6.46,-1.23,0.862,0.524,1.717,1.193,0.0,FALSE,0,Tier 0 (No modeled inundation),NO INUNDATION ESTIMATED,0.0,1.879,0.953,0.926,0.267,0.00578,"{'Bayshore Avenue': {'name': 'Bayshore Avenue', 'invert_mllw_ft': 3.75, 'invert_navd88_ft': 2.11, 'depth_in': 0.0, 'status': 'No tidal flooding estimated', 'code': 'GREEN', 'description': 'Southern waterfront roadway. West and east dips flood first.'}, 'Julian Street': {'name': 'Julian Street', 'invert_mllw_ft': 3.78, 'invert_navd88_ft': 2.14, 'depth_in': 0.0, 'status': 'No tidal flooding estimated', 'code': 'GREEN', 'description': 'Connects Daniel Ave to Bayshore Ave. Southern culvert dips to 3.78 ft.'}, 'Daniel Avenue': {'name': 'Daniel Avenue', 'invert_mllw_ft': 3.88, 'invert_navd88_ft': 2.24, 'depth_in': 0.0, 'status': 'No tidal flooding estimated', 'code': 'GREEN', 'description': 'Central community spine. East end dips low; benchmark section at 4.40 ft.'}, 'Allview Street': {'name': 'Allview Street', 'invert_mllw_ft': 4.13, 'invert_navd88_ft': 2.49, 'depth_in': 0.0, 'status': 'No tidal flooding estimated', 'code': 'GREEN', 'description': 'Interior western cross street. Shallow puddling begins above 4.13 ft.'}, 'River Road': {'name': 'River Road', 'invert_mllw_ft': 4.14, 'invert_navd88_ft': 2.5, 'depth_in': 0.0, 'status': 'No tidal flooding estimated', 'code': 'GREEN', 'description': 'North shoreline access road. Mid-section swale dips to 4.14 ft.'}, 'Hobday Street': {'name': 'Hobday Street', 'invert_mllw_ft': 4.22, 'invert_navd88_ft': 2.58, 'depth_in': 0.0, 'status': 'No tidal flooding estimated', 'code': 'GREEN', 'description': 'Interior cross street between Daniel Ave and Bayshore Ave.'}, 'Little Avenue': {'name': 'Little Avenue', 'invert_mllw_ft': 4.23, 'invert_navd88_ft': 2.59, 'depth_in': 0.0, 'status': 'No tidal flooding estimated', 'code': 'GREEN', 'description': 'Interior cross street. Rises towards Daniel Ave northern ridge.'}, 'Bunny Rabbit Lane': {'name': 'Bunny Rabbit Lane', 'invert_mllw_ft': 4.45, 'invert_navd88_ft': 2.81, 'depth_in': 0.0, 'status': 'No tidal flooding estimated', 'code': 'GREEN', 'description': 'Western community boundary lane. Elevated ridge terrain.'}}",GREEN,0.379
2026-10-04 16:00:00 UTC,2026-10-04 12:00:00 EDT,2026,10,4,12,2.33,2.6,0.69,4.61,24.1,7.38,1019.2,69.1,-1.88,-4.21,4.6,0.33,1.253,0.51,1.726,1.216,0.0,FALSE,0,Tier 0 (No modeled inundation),NO INUNDATION ESTIMATED,0.0,2.39,1.431,0.959,0.257,0.00556,"{'Bayshore Avenue': {'name': 'Bayshore Avenue', 'invert_mllw_ft': 3.75, 'invert_navd88_ft': 2.11, 'depth_in': 0.0, 'status': 'No tidal flooding estimated', 'code': 'GREEN', 'description': 'Southern waterfront roadway. West and east dips flood first.'}, 'Julian Street': {'name': 'Julian Street', 'invert_mllw_ft': 3.78, 'invert_navd88_ft': 2.14, 'depth_in': 0.0, 'status': 'No tidal flooding estimated', 'code': 'GREEN', 'description': 'Connects Daniel Ave to Bayshore Ave. Southern culvert dips to 3.78 ft.'}, 'Daniel Avenue': {'name': 'Daniel Avenue', 'invert_mllw_ft': 3.88, 'invert_navd88_ft': 2.24, 'depth_in': 0.0, 'status': 'No tidal flooding estimated', 'code': 'GREEN', 'description': 'Central community spine. East end dips low; benchmark section at 4.40 ft.'}, 'Allview Street': {'name': 'Allview Street', 'invert_mllw_ft': 4.13, 'invert_navd88_ft': 2.49, 'depth_in': 0.0, 'status': 'No tidal flooding estimated', 'code': 'GREEN', 'description': 'Interior western cross street. Shallow puddling begins above 4.13 ft.'}, 'River Road': {'name': 'River Road', 'invert_mllw_ft': 4.14, 'invert_navd88_ft': 2.5, 'depth_in': 0.0, 'status': 'No tidal flooding estimated', 'code': 'GREEN', 'description': 'North shoreline access road. Mid-section swale dips to 4.14 ft.'}, 'Hobday Street': {'name': 'Hobday Street', 'invert_mllw_ft': 4.22, 'invert_navd88_ft': 2.58, 'depth_in': 0.0, 'status': 'No tidal flooding estimated', 'code': 'GREEN', 'description': 'Interior cross street between Daniel Ave and Bayshore Ave.'}, 'Little Avenue': {'name': 'Little Avenue', 'invert_mllw_ft': 4.23, 'invert_navd88_ft': 2.59, 'depth_in': 0.0, 'status': 'No tidal flooding estimated', 'code': 'GREEN', 'description': 'Interior cross street. Rises towards Daniel Ave northern ridge.'}, 'Bunny Rabbit Lane': {'name': 'Bunny Rabbit Lane', 'invert_mllw_ft': 4.45, 'invert_navd88_ft': 2.81, 'depth_in': 0.0, 'status': 'No tidal flooding estimated', 'code': 'GREEN', 'description': 'Western community boundary lane. Elevated ridge terrain.'}}",GREEN,0.924
2026-10-04 17:00:00 UTC,2026-10-04 13:00:00 EDT,2026,10,4,13,2.95,3.25,1.31,3.91,15.4,7.38,1018.9,69.4,-1.04,-3.77,3.9,-0.31,1.78,0.64,1.912,1.272,0.0,FALSE,0,Tier 0 (No modeled inundation),NO INUNDATION ESTIMATED,0.0,3.031,2.006,1.025,0.247,0.00535,"{'Bayshore Avenue': {'name': 'Bayshore Avenue', 'invert_mllw_ft': 3.75, 'invert_navd88_ft': 2.11, 'depth_in': 0.0, 'status': 'No tidal flooding estimated', 'code': 'GREEN', 'description': 'Southern waterfront roadway. West and east dips flood first.'}, 'Julian Street': {'name': 'Julian Street', 'invert_mllw_ft': 3.78, 'invert_navd88_ft': 2.14, 'depth_in': 0.0, 'status': 'No tidal flooding estimated', 'code': 'GREEN', 'description': 'Connects Daniel Ave to Bayshore Ave. Southern culvert dips to 3.78 ft.'}, 'Daniel Avenue': {'name': 'Daniel Avenue', 'invert_mllw_ft': 3.88, 'invert_navd88_ft': 2.24, 'depth_in': 0.0, 'status': 'No tidal flooding estimated', 'code': 'GREEN', 'description': 'Central community spine. East end dips low; benchmark section at 4.40 ft.'}, 'Allview Street': {'name': 'Allview Street', 'invert_mllw_ft': 4.13, 'invert_navd88_ft': 2.49, 'depth_in': 0.0, 'status': 'No tidal flooding estimated', 'code': 'GREEN', 'description': 'Interior western cross street. Shallow puddling begins above 4.13 ft.'}, 'River Road': {'name': 'River Road', 'invert_mllw_ft': 4.14, 'invert_navd88_ft': 2.5, 'depth_in': 0.0, 'status': 'No tidal flooding estimated', 'code': 'GREEN', 'description': 'North shoreline access road. Mid-section swale dips to 4.14 ft.'}, 'Hobday Street': {'name': 'Hobday Street', 'invert_mllw_ft': 4.22, 'invert_navd88_ft': 2.58, 'depth_in': 0.0, 'status': 'No tidal flooding estimated', 'code': 'GREEN', 'description': 'Interior cross street between Daniel Ave and Bayshore Ave.'}, 'Little Avenue': {'name': 'Little Avenue', 'invert_mllw_ft': 4.23, 'invert_navd88_ft': 2.59, 'depth_in': 0.0, 'status': 'No tidal flooding estimated', 'code': 'GREEN', 'description': 'Interior cross street. Rises towards Daniel Ave northern ridge.'}, 'Bunny Rabbit Lane': {'name': 'Bunny Rabbit Lane', 'invert_mllw_ft': 4.45, 'invert_navd88_ft': 2.81, 'depth_in': 0.0, 'status': 'No tidal flooding estimated', 'code': 'GREEN', 'description': 'Western community boundary lane. Elevated ridge terrain.'}}",GREEN,1.537
2026-10-04 18:00:00 UTC,2026-10-04 14:00:00 EDT,2026,10,4,14,3.54,3.71,1.9,7.4,341.6,13.87,1018.2,69.2,2.34,-7.02,5.8,-4.6,2.316,0.901,2.203,1.302,0.0,FALSE,0,Tier 0 (No modeled inundation),NO INUNDATION ESTIMATED,0.0,3.597,2.535,1.062,0.24,0.00519,"{'Bayshore Avenue': {'name': 'Bayshore Avenue', 'invert_mllw_ft': 3.75, 'invert_navd88_ft': 2.11, 'depth_in': 0.0, 'status': 'No tidal flooding estimated', 'code': 'GREEN', 'description': 'Southern waterfront roadway. West and east dips flood first.'}, 'Julian Street': {'name': 'Julian Street', 'invert_mllw_ft': 3.78, 'invert_navd88_ft': 2.14, 'depth_in': 0.0, 'status': 'No tidal flooding estimated', 'code': 'GREEN', 'description': 'Connects Daniel Ave to Bayshore Ave. Southern culvert dips to 3.78 ft.'}, 'Daniel Avenue': {'name': 'Daniel Avenue', 'invert_mllw_ft': 3.88, 'invert_navd88_ft': 2.24, 'depth_in': 0.0, 'status': 'No tidal flooding estimated', 'code': 'GREEN', 'description': 'Central community spine. East end dips low; benchmark section at 4.40 ft.'}, 'Allview Street': {'name': 'Allview Street', 'invert_mllw_ft': 4.13, 'invert_navd88_ft': 2.49, 'depth_in': 0.0, 'status': 'No tidal flooding estimated', 'code': 'GREEN', 'description': 'Interior western cross street. Shallow puddling begins above 4.13 ft.'}, 'River Road': {'name': 'River Road', 'invert_mllw_ft': 4.14, 'invert_navd88_ft': 2.5, 'depth_in': 0.0, 'status': 'No tidal flooding estimated', 'code': 'GREEN', 'description': 'North shoreline access road. Mid-section swale dips to 4.14 ft.'}, 'Hobday Street': {'name': 'Hobday Street', 'invert_mllw_ft': 4.22, 'invert_navd88_ft': 2.58, 'depth_in': 0.0, 'status': 'No tidal flooding estimated', 'code': 'GREEN', 'description': 'Interior cross street between Daniel Ave and Bayshore Ave.'}, 'Little Avenue': {'name': 'Little Avenue', 'invert_mllw_ft': 4.23, 'invert_navd88_ft': 2.59, 'depth_in': 0.0, 'status': 'No tidal flooding estimated', 'code': 'GREEN', 'description': 'Interior cross street. Rises towards Daniel Ave northern ridge.'}, 'Bunny Rabbit Lane': {'name': 'Bunny Rabbit Lane', 'invert_mllw_ft': 4.45, 'invert_navd88_ft': 2.81, 'depth_in': 0.0, 'status': 'No tidal flooding estimated', 'code': 'GREEN', 'description': 'Western community boundary lane. Elevated ridge terrain.'}}",GREEN,2.035
2026-10-04 19:00:00 UTC,2026-10-04 15:00:00 EDT,2026,10,4,15,3.83,3.9,2.19,8.59,12.0,12.53,1017.6,69.2,-1.79,-8.4,8.51,-1.2,2.702,1.211,2.52,1.309,0.0,FALSE,1,Tier 1 (Nuisance / Low spots wet),LOW-SPOT FLOODING ESTIMATED,0.0,3.994,2.879,1.115,0.194,0.0042,"{'Bayshore Avenue': {'name': 'Bayshore Avenue', 'invert_mllw_ft': 3.75, 'invert_navd88_ft': 2.11, 'depth_in': 0.9, 'status': 'Puddles & Ditch Full (0.9"")', 'code': 'YELLOW', 'description': 'Southern waterfront roadway. West and east dips flood first.'}, 'Julian Street': {'name': 'Julian Street', 'invert_mllw_ft': 3.78, 'invert_navd88_ft': 2.14, 'depth_in': 0.6, 'status': 'Puddles & Ditch Full (0.6"")', 'code': 'YELLOW', 'description': 'Connects Daniel Ave to Bayshore Ave. Southern culvert dips to 3.78 ft.'}, 'Daniel Avenue': {'name': 'Daniel Avenue', 'invert_mllw_ft': 3.88, 'invert_navd88_ft': 2.24, 'depth_in': 0.0, 'status': 'No tidal flooding estimated', 'code': 'GREEN', 'description': 'Central community spine. East end dips low; benchmark section at 4.40 ft.'}, 'Allview Street': {'name': 'Allview Street', 'invert_mllw_ft': 4.13, 'invert_navd88_ft': 2.49, 'depth_in': 0.0, 'status': 'No tidal flooding estimated', 'code': 'GREEN', 'description': 'Interior western cross street. Shallow puddling begins above 4.13 ft.'}, 'River Road': {'name': 'River Road', 'invert_mllw_ft': 4.14, 'invert_navd88_ft': 2.5, 'depth_in': 0.0, 'status': 'No tidal flooding estimated', 'code': 'GREEN', 'description': 'North shoreline access road. Mid-section swale dips to 4.14 ft.'}, 'Hobday Street': {'name': 'Hobday Street', 'invert_mllw_ft': 4.22, 'invert_navd88_ft': 2.58, 'depth_in': 0.0, 'status': 'No tidal flooding estimated', 'code': 'GREEN', 'description': 'Interior cross street between Daniel Ave and Bayshore Ave.'}, 'Little Avenue': {'name': 'Little Avenue', 'invert_mllw_ft': 4.23, 'invert_navd88_ft': 2.59, 'depth_in': 0.0, 'status': 'No tidal flooding estimated', 'code': 'GREEN', 'description': 'Interior cross street. Rises towards Daniel Ave northern ridge.'}, 'Bunny Rabbit Lane': {'name': 'Bunny Rabbit Lane', 'invert_mllw_ft': 4.45, 'invert_navd88_ft': 2.81, 'depth_in': 0.0, 'status': 'No tidal flooding estimated', 'code': 'GREEN', 'description': 'Western community boundary lane. Elevated ridge terrain.'}}",YELLOW,2.36
2026-10-04 20:00:00 UTC,2026-10-04 16:00:00 EDT,2026,10,4,16,3.86,3.89,2.22,7.65,15.4,10.96,1017.3,69.2,-2.03,-7.38,7.63,-0.61,2.832,1.463,2.755,1.292,0.0,FALSE,1,Tier 1 (Nuisance / Low spots wet),LOW-SPOT FLOODING ESTIMATED,0.0,4.137,2.978,1.159,0.133,0.00288,"{'Bayshore Avenue': {'name': 'Bayshore Avenue', 'invert_mllw_ft': 3.75, 'invert_navd88_ft': 2.11, 'depth_in': 1.2, 'status': 'Puddles & Ditch Full (1.2"")', 'code': 'YELLOW', 'description': 'Southern waterfront roadway. West and east dips flood first.'}, 'Julian Street': {'name': 'Julian Street', 'invert_mllw_ft': 3.78, 'invert_navd88_ft': 2.14, 'depth_in': 0.9, 'status': 'Puddles & Ditch Full (0.9"")', 'code': 'YELLOW', 'description': 'Connects Daniel Ave to Bayshore Ave. Southern culvert dips to 3.78 ft.'}, 'Daniel Avenue': {'name': 'Daniel Avenue', 'invert_mllw_ft': 3.88, 'invert_navd88_ft': 2.24, 'depth_in': 0.0, 'status': 'No tidal flooding estimated', 'code': 'GREEN', 'description': 'Central community spine. East end dips low; benchmark section at 4.40 ft.'}, 'Allview Street': {'name': 'Allview Street', 'invert_mllw_ft': 4.13, 'invert_navd88_ft': 2.49, 'depth_in': 0.0, 'status': 'No tidal flooding estimated', 'code': 'GREEN', 'description': 'Interior western cross street. Shallow puddling begins above 4.13 ft.'}, 'River Road': {'name': 'River Road', 'invert_mllw_ft': 4.14, 'invert_navd88_ft': 2.5, 'depth_in': 0.0, 'status': 'No tidal flooding estimated', 'code': 'GREEN', 'description': 'North shoreline access road. Mid-section swale dips to 4.14 ft.'}, 'Hobday Street': {'name': 'Hobday Street', 'invert_mllw_ft': 4.22, 'invert_navd88_ft': 2.58, 'depth_in': 0.0, 'status': 'No tidal flooding estimated', 'code': 'GREEN', 'description': 'Interior cross street between Daniel Ave and Bayshore Ave.'}, 'Little Avenue': {'name': 'Little Avenue', 'invert_mllw_ft': 4.23, 'invert_navd88_ft': 2.59, 'depth_in': 0.0, 'status': 'No tidal flooding estimated', 'code': 'GREEN', 'description': 'Interior cross street. Rises towards Daniel Ave northern ridge.'}, 'Bunny Rabbit Lane': {'name': 'Bunny Rabbit Lane', 'invert_mllw_ft': 4.45, 'invert_navd88_ft': 2.81, 'depth_in': 0.0, 'status': 'No tidal flooding estimated', 'code': 'GREEN', 'description': 'Western community boundary lane. Elevated ridge terrain.'}}",YELLOW,2.479
2026-10-04 21:00:00 UTC,2026-10-04 17:00:00 EDT,2026,10,4,17,3.67,3.78,2.03,7.94,9.1,11.19,1017.3,69.0,-1.26,-7.84,7.8,-1.5,2.717,1.605,2.868,1.263,0.0,FALSE,0,Tier 0 (No modeled inundation),NO INUNDATION ESTIMATED,0.0,4.007,2.863,1.144,0.119,0.00258,"{'Bayshore Avenue': {'name': 'Bayshore Avenue', 'invert_mllw_ft': 3.75, 'invert_navd88_ft': 2.11, 'depth_in': 0.0, 'status': 'No tidal flooding estimated', 'code': 'GREEN', 'description': 'Southern waterfront roadway. West and east dips flood first.'}, 'Julian Street': {'name': 'Julian Street', 'invert_mllw_ft': 3.78, 'invert_navd88_ft': 2.14, 'depth_in': 0.0, 'status': 'No tidal flooding estimated', 'code': 'GREEN', 'description': 'Connects Daniel Ave to Bayshore Ave. Southern culvert dips to 3.78 ft.'}, 'Daniel Avenue': {'name': 'Daniel Avenue', 'invert_mllw_ft': 3.88, 'invert_navd88_ft': 2.24, 'depth_in': 0.0, 'status': 'No tidal flooding estimated', 'code': 'GREEN', 'description': 'Central community spine. East end dips low; benchmark section at 4.40 ft.'}, 'Allview Street': {'name': 'Allview Street', 'invert_mllw_ft': 4.13, 'invert_navd88_ft': 2.49, 'depth_in': 0.0, 'status': 'No tidal flooding estimated', 'code': 'GREEN', 'description': 'Interior western cross street. Shallow puddling begins above 4.13 ft.'}, 'River Road': {'name': 'River Road', 'invert_mllw_ft': 4.14, 'invert_navd88_ft': 2.5, 'depth_in': 0.0, 'status': 'No tidal flooding estimated', 'code': 'GREEN', 'description': 'North shoreline access road. Mid-section swale dips to 4.14 ft.'}, 'Hobday Street': {'name': 'Hobday Street', 'invert_mllw_ft': 4.22, 'invert_navd88_ft': 2.58, 'depth_in': 0.0, 'status': 'No tidal flooding estimated', 'code': 'GREEN', 'description': 'Interior cross street between Daniel Ave and Bayshore Ave.'}, 'Little Avenue': {'name': 'Little Avenue', 'invert_mllw_ft': 4.23, 'invert_navd88_ft': 2.59, 'depth_in': 0.0, 'status': 'No tidal flooding estimated', 'code': 'GREEN', 'description': 'Interior cross street. Rises towards Daniel Ave northern ridge.'}, 'Bunny Rabbit Lane': {'name': 'Bunny Rabbit Lane', 'invert_mllw_ft': 4.45, 'invert_navd88_ft': 2.81, 'depth_in': 0.0, 'status': 'No tidal flooding estimated', 'code': 'GREEN', 'description': 'Western community boundary lane. Elevated ridge terrain.'}}",GREEN,2.363
2026-10-04 22:00:00 UTC,2026-10-04 18:00:00 EDT,2026,10,4,18,3.31,3.46,1.67,9.2,3.9,13.87,1017.5,68.7,-0.63,-9.18,8.84,-2.55,2.439,1.644,2.926,1.282,0.0,FALSE,0,Tier 0 (No modeled inundation),NO INUNDATION ESTIMATED,0.0,3.714,2.565,1.149,0.133,0.00288,"{'Bayshore Avenue': {'name': 'Bayshore Avenue', 'invert_mllw_ft': 3.75, 'invert_navd88_ft': 2.11, 'depth_in': 0.0, 'status': 'No tidal flooding estimated', 'code': 'GREEN', 'description': 'Southern waterfront roadway. West and east dips flood first.'}, 'Julian Street': {'name': 'Julian Street', 'invert_mllw_ft': 3.78, 'invert_navd88_ft': 2.14, 'depth_in': 0.0, 'status': 'No tidal flooding estimated', 'code': 'GREEN', 'description': 'Connects Daniel Ave to Bayshore Ave. Southern culvert dips to 3.78 ft.'}, 'Daniel Avenue': {'name': 'Daniel Avenue', 'invert_mllw_ft': 3.88, 'invert_navd88_ft': 2.24, 'depth_in': 0.0, 'status': 'No tidal flooding estimated', 'code': 'GREEN', 'description': 'Central community spine. East end dips low; benchmark section at 4.40 ft.'}, 'Allview Street': {'name': 'Allview Street', 'invert_mllw_ft': 4.13, 'invert_navd88_ft': 2.49, 'depth_in': 0.0, 'status': 'No tidal flooding estimated', 'code': 'GREEN', 'description': 'Interior western cross street. Shallow puddling begins above 4.13 ft.'}, 'River Road': {'name': 'River Road', 'invert_mllw_ft': 4.14, 'invert_navd88_ft': 2.5, 'depth_in': 0.0, 'status': 'No tidal flooding estimated', 'code': 'GREEN', 'description': 'North shoreline access road. Mid-section swale dips to 4.14 ft.'}, 'Hobday Street': {'name': 'Hobday Street', 'invert_mllw_ft': 4.22, 'invert_navd88_ft': 2.58, 'depth_in': 0.0, 'status': 'No tidal flooding estimated', 'code': 'GREEN', 'description': 'Interior cross street between Daniel Ave and Bayshore Ave.'}, 'Little Avenue': {'name': 'Little Avenue', 'invert_mllw_ft': 4.23, 'invert_navd88_ft': 2.59, 'depth_in': 0.0, 'status': 'No tidal flooding estimated', 'code': 'GREEN', 'description': 'Interior cross street. Rises towards Daniel Ave northern ridge.'}, 'Bunny Rabbit Lane': {'name': 'Bunny Rabbit Lane', 'invert_mllw_ft': 4.45, 'invert_navd88_ft': 2.81, 'depth_in': 0.0, 'status': 'No tidal flooding estimated', 'code': 'GREEN', 'description': 'Western community boundary lane. Elevated ridge terrain.'}}",GREEN,1.959
2026-10-04 23:00:00 UTC,2026-10-04 19:00:00 EDT,2026,10,4,19,2.95,3.12,1.31,9.33,357.7,13.2,1017.7,67.9,0.37,-9.32,8.63,-3.54,2.054,1.592,2.911,1.319,0.0,FALSE,0,Tier 0 (No modeled inundation),NO INUNDATION ESTIMATED,0.0,3.298,2.106,1.192,0.127,0.00275,"{'Bayshore Avenue': {'name': 'Bayshore Avenue', 'invert_mllw_ft': 3.75, 'invert_navd88_ft': 2.11, 'depth_in': 0.0, 'status': 'No tidal flooding estimated', 'code': 'GREEN', 'description': 'Southern waterfront roadway. West and east dips flood first.'}, 'Julian Street': {'name': 'Julian Street', 'invert_mllw_ft': 3.78, 'invert_navd88_ft': 2.14, 'depth_in': 0.0, 'status': 'No tidal flooding estimated', 'code': 'GREEN', 'description': 'Connects Daniel Ave to Bayshore Ave. Southern culvert dips to 3.78 ft.'}, 'Daniel Avenue': {'name': 'Daniel Avenue', 'invert_mllw_ft': 3.88, 'invert_navd88_ft': 2.24, 'depth_in': 0.0, 'status': 'No tidal flooding estimated', 'code': 'GREEN', 'description': 'Central community spine. East end dips low; benchmark section at 4.40 ft.'}, 'Allview Street': {'name': 'Allview Street', 'invert_mllw_ft': 4.13, 'invert_navd88_ft': 2.49, 'depth_in': 0.0, 'status': 'No tidal flooding estimated', 'code': 'GREEN', 'description': 'Interior western cross street. Shallow puddling begins above 4.13 ft.'}, 'River Road': {'name': 'River Road', 'invert_mllw_ft': 4.14, 'invert_navd88_ft': 2.5, 'depth_in': 0.0, 'status': 'No tidal flooding estimated', 'code': 'GREEN', 'description': 'North shoreline access road. Mid-section swale dips to 4.14 ft.'}, 'Hobday Street': {'name': 'Hobday Street', 'invert_mllw_ft': 4.22, 'invert_navd88_ft': 2.58, 'depth_in': 0.0, 'status': 'No tidal flooding estimated', 'code': 'GREEN', 'description': 'Interior cross street between Daniel Ave and Bayshore Ave.'}, 'Little Avenue': {'name': 'Little Avenue', 'invert_mllw_ft': 4.23, 'invert_navd88_ft': 2.59, 'depth_in': 0.0, 'status': 'No tidal flooding estimated', 'code': 'GREEN', 'description': 'Interior cross street. Rises towards Daniel Ave northern ridge.'}, 'Bunny Rabbit Lane': {'name': 'Bunny Rabbit Lane', 'invert_mllw_ft': 4.45, 'invert_navd88_ft': 2.81, 'depth_in': 0.0, 'status': 'No tidal flooding estimated', 'code': 'GREEN', 'description': 'Western community boundary lane. Elevated ridge terrain.'}}",GREEN,1.551
2026-10-05 00:00:00 UTC,2026-10-04 20:00:00 EDT,2026,10,4,20,2.6,2.76,0.96,7.94,357.7,11.63,1017.7,67.5,0.32,-7.93,7.35,-3.01,1.597,1.448,2.798,1.35,0.0,FALSE,0,Tier 0 (No modeled inundation),NO INUNDATION ESTIMATED,0.0,2.798,1.576,1.222,0.128,0.00277,"{'Bayshore Avenue': {'name': 'Bayshore Avenue', 'invert_mllw_ft': 3.75, 'invert_navd88_ft': 2.11, 'depth_in': 0.0, 'status': 'No tidal flooding estimated', 'code': 'GREEN', 'description': 'Southern waterfront roadway. West and east dips flood first.'}, 'Julian Street': {'name': 'Julian Street', 'invert_mllw_ft': 3.78, 'invert_navd88_ft': 2.14, 'depth_in': 0.0, 'status': 'No tidal flooding estimated', 'code': 'GREEN', 'description': 'Connects Daniel Ave to Bayshore Ave. Southern culvert dips to 3.78 ft.'}, 'Daniel Avenue': {'name': 'Daniel Avenue', 'invert_mllw_ft': 3.88, 'invert_navd88_ft': 2.24, 'depth_in': 0.0, 'status': 'No tidal flooding estimated', 'code': 'GREEN', 'description': 'Central community spine. East end dips low; benchmark section at 4.40 ft.'}, 'Allview Street': {'name': 'Allview Street', 'invert_mllw_ft': 4.13, 'invert_navd88_ft': 2.49, 'depth_in': 0.0, 'status': 'No tidal flooding estimated', 'code': 'GREEN', 'description': 'Interior western cross street. Shallow puddling begins above 4.13 ft.'}, 'River Road': {'name': 'River Road', 'invert_mllw_ft': 4.14, 'invert_navd88_ft': 2.5, 'depth_in': 0.0, 'status': 'No tidal flooding estimated', 'code': 'GREEN', 'description': 'North shoreline access road. Mid-section swale dips to 4.14 ft.'}, 'Hobday Street': {'name': 'Hobday Street', 'invert_mllw_ft': 4.22, 'invert_navd88_ft': 2.58, 'depth_in': 0.0, 'status': 'No tidal flooding estimated', 'code': 'GREEN', 'description': 'Interior cross street between Daniel Ave and Bayshore Ave.'}, 'Little Avenue': {'name': 'Little Avenue', 'invert_mllw_ft': 4.23, 'invert_navd88_ft': 2.59, 'depth_in': 0.0, 'status': 'No tidal flooding estimated', 'code': 'GREEN', 'description': 'Interior cross street. Rises towards Daniel Ave northern ridge.'}, 'Bunny Rabbit Lane': {'name': 'Bunny Rabbit Lane', 'invert_mllw_ft': 4.45, 'invert_navd88_ft': 2.81, 'depth_in': 0.0, 'status': 'No tidal flooding estimated', 'code': 'GREEN', 'description': 'Western community boundary lane. Elevated ridge terrain.'}}",GREEN,1.029
2026-10-05 01:00:00 UTC,2026-10-04 21:00:00 EDT,2026,10,4,21,2.18,2.33,0.54,8.77,344.5,11.85,1018.1,67.5,2.34,-8.45,7.14,-5.09,1.146,1.226,2.573,1.347,0.0,FALSE,0,Tier 0 (No modeled inundation),NO INUNDATION ESTIMATED,0.0,2.326,1.107,1.219,0.128,0.00277,"{'Bayshore Avenue': {'name': 'Bayshore Avenue', 'invert_mllw_ft': 3.75, 'invert_navd88_ft': 2.11, 'depth_in': 0.0, 'status': 'No tidal flooding estimated', 'code': 'GREEN', 'description': 'Southern waterfront roadway. West and east dips flood first.'}, 'Julian Street': {'name': 'Julian Street', 'invert_mllw_ft': 3.78, 'invert_navd88_ft': 2.14, 'depth_in': 0.0, 'status': 'No tidal flooding estimated', 'code': 'GREEN', 'description': 'Connects Daniel Ave to Bayshore Ave. Southern culvert dips to 3.78 ft.'}, 'Daniel Avenue': {'name': 'Daniel Avenue', 'invert_mllw_ft': 3.88, 'invert_navd88_ft': 2.24, 'depth_in': 0.0, 'status': 'No tidal flooding estimated', 'code': 'GREEN', 'description': 'Central community spine. East end dips low; benchmark section at 4.40 ft.'}, 'Allview Street': {'name': 'Allview Street', 'invert_mllw_ft': 4.13, 'invert_navd88_ft': 2.49, 'depth_in': 0.0, 'status': 'No tidal flooding estimated', 'code': 'GREEN', 'description': 'Interior western cross street. Shallow puddling begins above 4.13 ft.'}, 'River Road': {'name': 'River Road', 'invert_mllw_ft': 4.14, 'invert_navd88_ft': 2.5, 'depth_in': 0.0, 'status': 'No tidal flooding estimated', 'code': 'GREEN', 'description': 'North shoreline access road. Mid-section swale dips to 4.14 ft.'}, 'Hobday Street': {'name': 'Hobday Street', 'invert_mllw_ft': 4.22, 'invert_navd88_ft': 2.58, 'depth_in': 0.0, 'status': 'No tidal flooding estimated', 'code': 'GREEN', 'description': 'Interior cross street between Daniel Ave and Bayshore Ave.'}, 'Little Avenue': {'name': 'Little Avenue', 'invert_mllw_ft': 4.23, 'invert_navd88_ft': 2.59, 'depth_in': 0.0, 'status': 'No tidal flooding estimated', 'code': 'GREEN', 'description': 'Interior cross street. Rises towards Daniel Ave northern ridge.'}, 'Bunny Rabbit Lane': {'name': 'Bunny Rabbit Lane', 'invert_mllw_ft': 4.45, 'invert_navd88_ft': 2.81, 'depth_in': 0.0, 'status': 'No tidal flooding estimated', 'code': 'GREEN', 'description': 'Western community boundary lane. Elevated ridge terrain.'}}",GREEN,0.6
2026-10-05 02:00:00 UTC,2026-10-04 22:00:00 EDT,2026,10,4,22,1.92,1.99,0.28,9.1,348.5,13.2,1018.2,67.2,1.81,-8.92,7.76,-4.75,0.815,0.97,2.317,1.347,0.0,FALSE,0,Tier 0 (No modeled inundation),NO INUNDATION ESTIMATED,0.0,2.076,0.804,1.272,0.075,0.00162,"{'Bayshore Avenue': {'name': 'Bayshore Avenue', 'invert_mllw_ft': 3.75, 'invert_navd88_ft': 2.11, 'depth_in': 0.0, 'status': 'No tidal flooding estimated', 'code': 'GREEN', 'description': 'Southern waterfront roadway. West and east dips flood first.'}, 'Julian Street': {'name': 'Julian Street', 'invert_mllw_ft': 3.78, 'invert_navd88_ft': 2.14, 'depth_in': 0.0, 'status': 'No tidal flooding estimated', 'code': 'GREEN', 'description': 'Connects Daniel Ave to Bayshore Ave. Southern culvert dips to 3.78 ft.'}, 'Daniel Avenue': {'name': 'Daniel Avenue', 'invert_mllw_ft': 3.88, 'invert_navd88_ft': 2.24, 'depth_in': 0.0, 'status': 'No tidal flooding estimated', 'code': 'GREEN', 'description': 'Central community spine. East end dips low; benchmark section at 4.40 ft.'}, 'Allview Street': {'name': 'Allview Street', 'invert_mllw_ft': 4.13, 'invert_navd88_ft': 2.49, 'depth_in': 0.0, 'status': 'No tidal flooding estimated', 'code': 'GREEN', 'description': 'Interior western cross street. Shallow puddling begins above 4.13 ft.'}, 'River Road': {'name': 'River Road', 'invert_mllw_ft': 4.14, 'invert_navd88_ft': 2.5, 'depth_in': 0.0, 'status': 'No tidal flooding estimated', 'code': 'GREEN', 'description': 'North shoreline access road. Mid-section swale dips to 4.14 ft.'}, 'Hobday Street': {'name': 'Hobday Street', 'invert_mllw_ft': 4.22, 'invert_navd88_ft': 2.58, 'depth_in': 0.0, 'status': 'No tidal flooding estimated', 'code': 'GREEN', 'description': 'Interior cross street between Daniel Ave and Bayshore Ave.'}, 'Little Avenue': {'name': 'Little Avenue', 'invert_mllw_ft': 4.23, 'invert_navd88_ft': 2.59, 'depth_in': 0.0, 'status': 'No tidal flooding estimated', 'code': 'GREEN', 'description': 'Interior cross street. Rises towards Daniel Ave northern ridge.'}, 'Bunny Rabbit Lane': {'name': 'Bunny Rabbit Lane', 'invert_mllw_ft': 4.45, 'invert_navd88_ft': 2.81, 'depth_in': 0.0, 'status': 'No tidal flooding estimated', 'code': 'GREEN', 'description': 'Western community boundary lane. Elevated ridge terrain.'}}",GREEN,0.38
2026-10-05 03:00:00 UTC,2026-10-04 23:00:00 EDT,2026,10,4,23,1.92,2.0,0.28,7.87,4.3,10.96,1018.2,66.7,-0.59,-7.85,7.58,-2.13,0.693,0.734,2.12,1.386,0.0,FALSE,0,Tier 0 (No modeled inundation),NO INUNDATION ESTIMATED,0.0,2.084,0.741,1.343,0.043,0.00093,"{'Bayshore Avenue': {'name': 'Bayshore Avenue', 'invert_mllw_ft': 3.75, 'invert_navd88_ft': 2.11, 'depth_in': 0.0, 'status': 'No tidal flooding estimated', 'code': 'GREEN', 'description': 'Southern waterfront roadway. West and east dips flood first.'}, 'Julian Street': {'name': 'Julian Street', 'invert_mllw_ft': 3.78, 'invert_navd88_ft': 2.14, 'depth_in': 0.0, 'status': 'No tidal flooding estimated', 'code': 'GREEN', 'description': 'Connects Daniel Ave to Bayshore Ave. Southern culvert dips to 3.78 ft.'}, 'Daniel Avenue': {'name': 'Daniel Avenue', 'invert_mllw_ft': 3.88, 'invert_navd88_ft': 2.24, 'depth_in': 0.0, 'status': 'No tidal flooding estimated', 'code': 'GREEN', 'description': 'Central community spine. East end dips low; benchmark section at 4.40 ft.'}, 'Allview Street': {'name': 'Allview Street', 'invert_mllw_ft': 4.13, 'invert_navd88_ft': 2.49, 'depth_in': 0.0, 'status': 'No tidal flooding estimated', 'code': 'GREEN', 'description': 'Interior western cross street. Shallow puddling begins above 4.13 ft.'}, 'River Road': {'name': 'River Road', 'invert_mllw_ft': 4.14, 'invert_navd88_ft': 2.5, 'depth_in': 0.0, 'status': 'No tidal flooding estimated', 'code': 'GREEN', 'description': 'North shoreline access road. Mid-section swale dips to 4.14 ft.'}, 'Hobday Street': {'name': 'Hobday Street', 'invert_mllw_ft': 4.22, 'invert_navd88_ft': 2.58, 'depth_in': 0.0, 'status': 'No tidal flooding estimated', 'code': 'GREEN', 'description': 'Interior cross street between Daniel Ave and Bayshore Ave.'}, 'Little Avenue': {'name': 'Little Avenue', 'invert_mllw_ft': 4.23, 'invert_navd88_ft': 2.59, 'depth_in': 0.0, 'status': 'No tidal flooding estimated', 'code': 'GREEN', 'description': 'Interior cross street. Rises towards Daniel Ave northern ridge.'}, 'Bunny Rabbit Lane': {'name': 'Bunny Rabbit Lane', 'invert_mllw_ft': 4.45, 'invert_navd88_ft': 2.81, 'depth_in': 0.0, 'status': 'No tidal flooding estimated', 'code': 'GREEN', 'description': 'Western community boundary lane. Elevated ridge terrain.'}}",GREEN,0.428
2026-10-05 04:00:00 UTC,2026-10-05 00:00:00 EDT,2026,10,5,0,2.22,2.37,0.58,9.57,5.8,12.97,1017.9,66.3,-0.97,-9.52,9.28,-2.35,0.807,0.565,1.998,1.433,0.0,FALSE,0,Tier 0 (No modeled inundation),NO INUNDATION ESTIMATED,0.0,2.358,0.943,1.415,0.018,0.00039,"{'Bayshore Avenue': {'name': 'Bayshore Avenue', 'invert_mllw_ft': 3.75, 'invert_navd88_ft': 2.11, 'depth_in': 0.0, 'status': 'No tidal flooding estimated', 'code': 'GREEN', 'description': 'Southern waterfront roadway. West and east dips flood first.'}, 'Julian Street': {'name': 'Julian Street', 'invert_mllw_ft': 3.78, 'invert_navd88_ft': 2.14, 'depth_in': 0.0, 'status': 'No tidal flooding estimated', 'code': 'GREEN', 'description': 'Connects Daniel Ave to Bayshore Ave. Southern culvert dips to 3.78 ft.'}, 'Daniel Avenue': {'name': 'Daniel Avenue', 'invert_mllw_ft': 3.88, 'invert_navd88_ft': 2.24, 'depth_in': 0.0, 'status': 'No tidal flooding estimated', 'code': 'GREEN', 'description': 'Central community spine. East end dips low; benchmark section at 4.40 ft.'}, 'Allview Street': {'name': 'Allview Street', 'invert_mllw_ft': 4.13, 'invert_navd88_ft': 2.49, 'depth_in': 0.0, 'status': 'No tidal flooding estimated', 'code': 'GREEN', 'description': 'Interior western cross street. Shallow puddling begins above 4.13 ft.'}, 'River Road': {'name': 'River Road', 'invert_mllw_ft': 4.14, 'invert_navd88_ft': 2.5, 'depth_in': 0.0, 'status': 'No tidal flooding estimated', 'code': 'GREEN', 'description': 'North shoreline access road. Mid-section swale dips to 4.14 ft.'}, 'Hobday Street': {'name': 'Hobday Street', 'invert_mllw_ft': 4.22, 'invert_navd88_ft': 2.58, 'depth_in': 0.0, 'status': 'No tidal flooding estimated', 'code': 'GREEN', 'description': 'Interior cross street between Daniel Ave and Bayshore Ave.'}, 'Little Avenue': {'name': 'Little Avenue', 'invert_mllw_ft': 4.23, 'invert_navd88_ft': 2.59, 'depth_in': 0.0, 'status': 'No tidal flooding estimated', 'code': 'GREEN', 'description': 'Interior cross street. Rises towards Daniel Ave northern ridge.'}, 'Bunny Rabbit Lane': {'name': 'Bunny Rabbit Lane', 'invert_mllw_ft': 4.45, 'invert_navd88_ft': 2.81, 'depth_in': 0.0, 'status': 'No tidal flooding estimated', 'code': 'GREEN', 'description': 'Western community boundary lane. Elevated ridge terrain.'}}",GREEN,0.801
2026-10-05 05:00:00 UTC,2026-10-05 01:00:00 EDT,2026,10,5,1,2.59,2.79,0.95,8.88,355.8,12.08,1017.6,66.1,0.65,-8.86,8.1,-3.64,1.138,0.518,1.984,1.466,0.0,FALSE,0,Tier 0 (No modeled inundation),NO INUNDATION ESTIMATED,0.0,2.776,1.35,1.426,0.04,0.00087,"{'Bayshore Avenue': {'name': 'Bayshore Avenue', 'invert_mllw_ft': 3.75, 'invert_navd88_ft': 2.11, 'depth_in': 0.0, 'status': 'No tidal flooding estimated', 'code': 'GREEN', 'description': 'Southern waterfront roadway. West and east dips flood first.'}, 'Julian Street': {'name': 'Julian Street', 'invert_mllw_ft': 3.78, 'invert_navd88_ft': 2.14, 'depth_in': 0.0, 'status': 'No tidal flooding estimated', 'code': 'GREEN', 'description': 'Connects Daniel Ave to Bayshore Ave. Southern culvert dips to 3.78 ft.'}, 'Daniel Avenue': {'name': 'Daniel Avenue', 'invert_mllw_ft': 3.88, 'invert_navd88_ft': 2.24, 'depth_in': 0.0, 'status': 'No tidal flooding estimated', 'code': 'GREEN', 'description': 'Central community spine. East end dips low; benchmark section at 4.40 ft.'}, 'Allview Street': {'name': 'Allview Street', 'invert_mllw_ft': 4.13, 'invert_navd88_ft': 2.49, 'depth_in': 0.0, 'status': 'No tidal flooding estimated', 'code': 'GREEN', 'description': 'Interior western cross street. Shallow puddling begins above 4.13 ft.'}, 'River Road': {'name': 'River Road', 'invert_mllw_ft': 4.14, 'invert_navd88_ft': 2.5, 'depth_in': 0.0, 'status': 'No tidal flooding estimated', 'code': 'GREEN', 'description': 'North shoreline access road. Mid-section swale dips to 4.14 ft.'}, 'Hobday Street': {'name': 'Hobday Street', 'invert_mllw_ft': 4.22, 'invert_navd88_ft': 2.58, 'depth_in': 0.0, 'status': 'No tidal flooding estimated', 'code': 'GREEN', 'description': 'Interior cross street between Daniel Ave and Bayshore Ave.'}, 'Little Avenue': {'name': 'Little Avenue', 'invert_mllw_ft': 4.23, 'invert_navd88_ft': 2.59, 'depth_in': 0.0, 'status': 'No tidal flooding estimated', 'code': 'GREEN', 'description': 'Interior cross street. Rises towards Daniel Ave northern ridge.'}, 'Bunny Rabbit Lane': {'name': 'Bunny Rabbit Lane', 'invert_mllw_ft': 4.45, 'invert_navd88_ft': 2.81, 'depth_in': 0.0, 'status': 'No tidal flooding estimated', 'code': 'GREEN', 'description': 'Western community boundary lane. Elevated ridge terrain.'}}",GREEN,1.234
2026-10-05 06:00:00 UTC,2026-10-05 02:00:00 EDT,2026,10,5,2,3.03,3.25,1.39,10.09,345.0,13.87,1017.6,65.4,2.61,-9.75,8.27,-5.79,1.609,0.629,2.102,1.473,0.0,FALSE,0,Tier 0 (No modeled inundation),NO INUNDATION ESTIMATED,0.0,3.267,1.84,1.427,0.046,0.001,"{'Bayshore Avenue': {'name': 'Bayshore Avenue', 'invert_mllw_ft': 3.75, 'invert_navd88_ft': 2.11, 'depth_in': 0.0, 'status': 'No tidal flooding estimated', 'code': 'GREEN', 'description': 'Southern waterfront roadway. West and east dips flood first.'}, 'Julian Street': {'name': 'Julian Street', 'invert_mllw_ft': 3.78, 'invert_navd88_ft': 2.14, 'depth_in': 0.0, 'status': 'No tidal flooding estimated', 'code': 'GREEN', 'description': 'Connects Daniel Ave to Bayshore Ave. Southern culvert dips to 3.78 ft.'}, 'Daniel Avenue': {'name': 'Daniel Avenue', 'invert_mllw_ft': 3.88, 'invert_navd88_ft': 2.24, 'depth_in': 0.0, 'status': 'No tidal flooding estimated', 'code': 'GREEN', 'description': 'Central community spine. East end dips low; benchmark section at 4.40 ft.'}, 'Allview Street': {'name': 'Allview Street', 'invert_mllw_ft': 4.13, 'invert_navd88_ft': 2.49, 'depth_in': 0.0, 'status': 'No tidal flooding estimated', 'code': 'GREEN', 'description': 'Interior western cross street. Shallow puddling begins above 4.13 ft.'}, 'River Road': {'name': 'River Road', 'invert_mllw_ft': 4.14, 'invert_navd88_ft': 2.5, 'depth_in': 0.0, 'status': 'No tidal flooding estimated', 'code': 'GREEN', 'description': 'North shoreline access road. Mid-section swale dips to 4.14 ft.'}, 'Hobday Street': {'name': 'Hobday Street', 'invert_mllw_ft': 4.22, 'invert_navd88_ft': 2.58, 'depth_in': 0.0, 'status': 'No tidal flooding estimated', 'code': 'GREEN', 'description': 'Interior cross street between Daniel Ave and Bayshore Ave.'}, 'Little Avenue': {'name': 'Little Avenue', 'invert_mllw_ft': 4.23, 'invert_navd88_ft': 2.59, 'depth_in': 0.0, 'status': 'No tidal flooding estimated', 'code': 'GREEN', 'description': 'Interior cross street. Rises towards Daniel Ave northern ridge.'}, 'Bunny Rabbit Lane': {'name': 'Bunny Rabbit Lane', 'invert_mllw_ft': 4.45, 'invert_navd88_ft': 2.81, 'depth_in': 0.0, 'status': 'No tidal flooding estimated', 'code': 'GREEN', 'description': 'Western community boundary lane. Elevated ridge terrain.'}}",GREEN,1.704
2026-10-05 07:00:00 UTC,2026-10-05 03:00:00 EDT,2026,10,5,3,3.45,3.61,1.81,8.32,343.9,13.42,1017.5,65.1,2.31,-7.99,6.72,-4.9,2.067,0.864,2.328,1.464,0.0,FALSE,0,Tier 0 (No modeled inundation),NO INUNDATION ESTIMATED,0.0,3.702,2.26,1.442,0.022,0.00048,"{'Bayshore Avenue': {'name': 'Bayshore Avenue', 'invert_mllw_ft': 3.75, 'invert_navd88_ft': 2.11, 'depth_in': 0.0, 'status': 'No tidal flooding estimated', 'code': 'GREEN', 'description': 'Southern waterfront roadway. West and east dips flood first.'}, 'Julian Street': {'name': 'Julian Street', 'invert_mllw_ft': 3.78, 'invert_navd88_ft': 2.14, 'depth_in': 0.0, 'status': 'No tidal flooding estimated', 'code': 'GREEN', 'description': 'Connects Daniel Ave to Bayshore Ave. Southern culvert dips to 3.78 ft.'}, 'Daniel Avenue': {'name': 'Daniel Avenue', 'invert_mllw_ft': 3.88, 'invert_navd88_ft': 2.24, 'depth_in': 0.0, 'status': 'No tidal flooding estimated', 'code': 'GREEN', 'description': 'Central community spine. East end dips low; benchmark section at 4.40 ft.'}, 'Allview Street': {'name': 'Allview Street', 'invert_mllw_ft': 4.13, 'invert_navd88_ft': 2.49, 'depth_in': 0.0, 'status': 'No tidal flooding estimated', 'code': 'GREEN', 'description': 'Interior western cross street. Shallow puddling begins above 4.13 ft.'}, 'River Road': {'name': 'River Road', 'invert_mllw_ft': 4.14, 'invert_navd88_ft': 2.5, 'depth_in': 0.0, 'status': 'No tidal flooding estimated', 'code': 'GREEN', 'description': 'North shoreline access road. Mid-section swale dips to 4.14 ft.'}, 'Hobday Street': {'name': 'Hobday Street', 'invert_mllw_ft': 4.22, 'invert_navd88_ft': 2.58, 'depth_in': 0.0, 'status': 'No tidal flooding estimated', 'code': 'GREEN', 'description': 'Interior cross street between Daniel Ave and Bayshore Ave.'}, 'Little Avenue': {'name': 'Little Avenue', 'invert_mllw_ft': 4.23, 'invert_navd88_ft': 2.59, 'depth_in': 0.0, 'status': 'No tidal flooding estimated', 'code': 'GREEN', 'description': 'Interior cross street. Rises towards Daniel Ave northern ridge.'}, 'Bunny Rabbit Lane': {'name': 'Bunny Rabbit Lane', 'invert_mllw_ft': 4.45, 'invert_navd88_ft': 2.81, 'depth_in': 0.0, 'status': 'No tidal flooding estimated', 'code': 'GREEN', 'description': 'Western community boundary lane. Elevated ridge terrain.'}}",GREEN,2.105
2026-10-05 08:00:00 UTC,2026-10-05 04:00:00 EDT,2026,10,5,4,3.72,3.76,2.08,8.16,345.3,12.3,1017.4,64.8,2.07,-7.89,6.71,-4.65,2.354,1.125,2.553,1.428,0.0,FALSE,0,Tier 0 (No modeled inundation),NO INUNDATION ESTIMATED,0.0,3.97,2.492,1.478,-0.05,-0.00108,"{'Bayshore Avenue': {'name': 'Bayshore Avenue', 'invert_mllw_ft': 3.75, 'invert_navd88_ft': 2.11, 'depth_in': 0.0, 'status': 'No tidal flooding estimated', 'code': 'GREEN', 'description': 'Southern waterfront roadway. West and east dips flood first.'}, 'Julian Street': {'name': 'Julian Street', 'invert_mllw_ft': 3.78, 'invert_navd88_ft': 2.14, 'depth_in': 0.0, 'status': 'No tidal flooding estimated', 'code': 'GREEN', 'description': 'Connects Daniel Ave to Bayshore Ave. Southern culvert dips to 3.78 ft.'}, 'Daniel Avenue': {'name': 'Daniel Avenue', 'invert_mllw_ft': 3.88, 'invert_navd88_ft': 2.24, 'depth_in': 0.0, 'status': 'No tidal flooding estimated', 'code': 'GREEN', 'description': 'Central community spine. East end dips low; benchmark section at 4.40 ft.'}, 'Allview Street': {'name': 'Allview Street', 'invert_mllw_ft': 4.13, 'invert_navd88_ft': 2.49, 'depth_in': 0.0, 'status': 'No tidal flooding estimated', 'code': 'GREEN', 'description': 'Interior western cross street. Shallow puddling begins above 4.13 ft.'}, 'River Road': {'name': 'River Road', 'invert_mllw_ft': 4.14, 'invert_navd88_ft': 2.5, 'depth_in': 0.0, 'status': 'No tidal flooding estimated', 'code': 'GREEN', 'description': 'North shoreline access road. Mid-section swale dips to 4.14 ft.'}, 'Hobday Street': {'name': 'Hobday Street', 'invert_mllw_ft': 4.22, 'invert_navd88_ft': 2.58, 'depth_in': 0.0, 'status': 'No tidal flooding estimated', 'code': 'GREEN', 'description': 'Interior cross street between Daniel Ave and Bayshore Ave.'}, 'Little Avenue': {'name': 'Little Avenue', 'invert_mllw_ft': 4.23, 'invert_navd88_ft': 2.59, 'depth_in': 0.0, 'status': 'No tidal flooding estimated', 'code': 'GREEN', 'description': 'Interior cross street. Rises towards Daniel Ave northern ridge.'}, 'Bunny Rabbit Lane': {'name': 'Bunny Rabbit Lane', 'invert_mllw_ft': 4.45, 'invert_navd88_ft': 2.81, 'depth_in': 0.0, 'status': 'No tidal flooding estimated', 'code': 'GREEN', 'description': 'Western community boundary lane. Elevated ridge terrain.'}}",GREEN,2.319
2026-10-05 09:00:00 UTC,2026-10-05 05:00:00 EDT,2026,10,5,5,3.72,3.77,2.08,7.99,348.5,12.3,1017.4,64.6,1.59,-7.83,6.81,-4.17,2.403,1.321,2.731,1.41,0.0,FALSE,0,Tier 0 (No modeled inundation),NO INUNDATION ESTIMATED,0.0,3.965,2.511,1.454,-0.044,-0.00095,"{'Bayshore Avenue': {'name': 'Bayshore Avenue', 'invert_mllw_ft': 3.75, 'invert_navd88_ft': 2.11, 'depth_in': 0.0, 'status': 'No tidal flooding estimated', 'code': 'GREEN', 'description': 'Southern waterfront roadway. West and east dips flood first.'}, 'Julian Street': {'name': 'Julian Street', 'invert_mllw_ft': 3.78, 'invert_navd88_ft': 2.14, 'depth_in': 0.0, 'status': 'No tidal flooding estimated', 'code': 'GREEN', 'description': 'Connects Daniel Ave to Bayshore Ave. Southern culvert dips to 3.78 ft.'}, 'Daniel Avenue': {'name': 'Daniel Avenue', 'invert_mllw_ft': 3.88, 'invert_navd88_ft': 2.24, 'depth_in': 0.0, 'status': 'No tidal flooding estimated', 'code': 'GREEN', 'description': 'Central community spine. East end dips low; benchmark section at 4.40 ft.'}, 'Allview Street': {'name': 'Allview Street', 'invert_mllw_ft': 4.13, 'invert_navd88_ft': 2.49, 'depth_in': 0.0, 'status': 'No tidal flooding estimated', 'code': 'GREEN', 'description': 'Interior western cross street. Shallow puddling begins above 4.13 ft.'}, 'River Road': {'name': 'River Road', 'invert_mllw_ft': 4.14, 'invert_navd88_ft': 2.5, 'depth_in': 0.0, 'status': 'No tidal flooding estimated', 'code': 'GREEN', 'description': 'North shoreline access road. Mid-section swale dips to 4.14 ft.'}, 'Hobday Street': {'name': 'Hobday Street', 'invert_mllw_ft': 4.22, 'invert_navd88_ft': 2.58, 'depth_in': 0.0, 'status': 'No tidal flooding estimated', 'code': 'GREEN', 'description': 'Interior cross street between Daniel Ave and Bayshore Ave.'}, 'Little Avenue': {'name': 'Little Avenue', 'invert_mllw_ft': 4.23, 'invert_navd88_ft': 2.59, 'depth_in': 0.0, 'status': 'No tidal flooding estimated', 'code': 'GREEN', 'description': 'Interior cross street. Rises towards Daniel Ave northern ridge.'}, 'Bunny Rabbit Lane': {'name': 'Bunny Rabbit Lane', 'invert_mllw_ft': 4.45, 'invert_navd88_ft': 2.81, 'depth_in': 0.0, 'status': 'No tidal flooding estimated', 'code': 'GREEN', 'description': 'Western community boundary lane. Elevated ridge terrain.'}}",GREEN,2.261
2026-10-05 10:00:00 UTC,2026-10-05 06:00:00 EDT,2026,10,5,6,3.41,3.61,1.77,7.34,348.3,10.52,1017.4,64.2,1.49,-7.19,6.24,-3.86,2.248,1.421,2.806,1.385,0.0,FALSE,0,Tier 0 (No modeled inundation),NO INUNDATION ESTIMATED,0.0,3.701,2.33,1.371,0.014,0.0003,"{'Bayshore Avenue': {'name': 'Bayshore Avenue', 'invert_mllw_ft': 3.75, 'invert_navd88_ft': 2.11, 'depth_in': 0.0, 'status': 'No tidal flooding estimated', 'code': 'GREEN', 'description': 'Southern waterfront roadway. West and east dips flood first.'}, 'Julian Street': {'name': 'Julian Street', 'invert_mllw_ft': 3.78, 'invert_navd88_ft': 2.14, 'depth_in': 0.0, 'status': 'No tidal flooding estimated', 'code': 'GREEN', 'description': 'Connects Daniel Ave to Bayshore Ave. Southern culvert dips to 3.78 ft.'}, 'Daniel Avenue': {'name': 'Daniel Avenue', 'invert_mllw_ft': 3.88, 'invert_navd88_ft': 2.24, 'depth_in': 0.0, 'status': 'No tidal flooding estimated', 'code': 'GREEN', 'description': 'Central community spine. East end dips low; benchmark section at 4.40 ft.'}, 'Allview Street': {'name': 'Allview Street', 'invert_mllw_ft': 4.13, 'invert_navd88_ft': 2.49, 'depth_in': 0.0, 'status': 'No tidal flooding estimated', 'code': 'GREEN', 'description': 'Interior western cross street. Shallow puddling begins above 4.13 ft.'}, 'River Road': {'name': 'River Road', 'invert_mllw_ft': 4.14, 'invert_navd88_ft': 2.5, 'depth_in': 0.0, 'status': 'No tidal flooding estimated', 'code': 'GREEN', 'description': 'North shoreline access road. Mid-section swale dips to 4.14 ft.'}, 'Hobday Street': {'name': 'Hobday Street', 'invert_mllw_ft': 4.22, 'invert_navd88_ft': 2.58, 'depth_in': 0.0, 'status': 'No tidal flooding estimated', 'code': 'GREEN', 'description': 'Interior cross street between Daniel Ave and Bayshore Ave.'}, 'Little Avenue': {'name': 'Little Avenue', 'invert_mllw_ft': 4.23, 'invert_navd88_ft': 2.59, 'depth_in': 0.0, 'status': 'No tidal flooding estimated', 'code': 'GREEN', 'description': 'Interior cross street. Rises towards Daniel Ave northern ridge.'}, 'Bunny Rabbit Lane': {'name': 'Bunny Rabbit Lane', 'invert_mllw_ft': 4.45, 'invert_navd88_ft': 2.81, 'depth_in': 0.0, 'status': 'No tidal flooding estimated', 'code': 'GREEN', 'description': 'Western community boundary lane. Elevated ridge terrain.'}}",GREEN,1.936
2026-10-05 11:00:00 UTC,2026-10-05 07:00:00 EDT,2026,10,5,7,2.87,3.15,1.23,7.29,335.3,10.07,1017.6,64.2,3.05,-6.62,5.18,-5.13,1.941,1.425,2.798,1.373,0.0,FALSE,0,Tier 0 (No modeled inundation),NO INUNDATION ESTIMATED,0.0,3.229,1.961,1.268,0.105,0.00227,"{'Bayshore Avenue': {'name': 'Bayshore Avenue', 'invert_mllw_ft': 3.75, 'invert_navd88_ft': 2.11, 'depth_in': 0.0, 'status': 'No tidal flooding estimated', 'code': 'GREEN', 'description': 'Southern waterfront roadway. West and east dips flood first.'}, 'Julian Street': {'name': 'Julian Street', 'invert_mllw_ft': 3.78, 'invert_navd88_ft': 2.14, 'depth_in': 0.0, 'status': 'No tidal flooding estimated', 'code': 'GREEN', 'description': 'Connects Daniel Ave to Bayshore Ave. Southern culvert dips to 3.78 ft.'}, 'Daniel Avenue': {'name': 'Daniel Avenue', 'invert_mllw_ft': 3.88, 'invert_navd88_ft': 2.24, 'depth_in': 0.0, 'status': 'No tidal flooding estimated', 'code': 'GREEN', 'description': 'Central community spine. East end dips low; benchmark section at 4.40 ft.'}, 'Allview Street': {'name': 'Allview Street', 'invert_mllw_ft': 4.13, 'invert_navd88_ft': 2.49, 'depth_in': 0.0, 'status': 'No tidal flooding estimated', 'code': 'GREEN', 'description': 'Interior western cross street. Shallow puddling begins above 4.13 ft.'}, 'River Road': {'name': 'River Road', 'invert_mllw_ft': 4.14, 'invert_navd88_ft': 2.5, 'depth_in': 0.0, 'status': 'No tidal flooding estimated', 'code': 'GREEN', 'description': 'North shoreline access road. Mid-section swale dips to 4.14 ft.'}, 'Hobday Street': {'name': 'Hobday Street', 'invert_mllw_ft': 4.22, 'invert_navd88_ft': 2.58, 'depth_in': 0.0, 'status': 'No tidal flooding estimated', 'code': 'GREEN', 'description': 'Interior cross street between Daniel Ave and Bayshore Ave.'}, 'Little Avenue': {'name': 'Little Avenue', 'invert_mllw_ft': 4.23, 'invert_navd88_ft': 2.59, 'depth_in': 0.0, 'status': 'No tidal flooding estimated', 'code': 'GREEN', 'description': 'Interior cross street. Rises towards Daniel Ave northern ridge.'}, 'Bunny Rabbit Lane': {'name': 'Bunny Rabbit Lane', 'invert_mllw_ft': 4.45, 'invert_navd88_ft': 2.81, 'depth_in': 0.0, 'status': 'No tidal flooding estimated', 'code': 'GREEN', 'description': 'Western community boundary lane. Elevated ridge terrain.'}}",GREEN,1.397
2026-10-05 12:00:00 UTC,2026-10-05 08:00:00 EDT,2026,10,5,8,2.39,2.59,0.75,8.37,333.8,10.52,1018.4,64.1,3.7,-7.51,5.79,-6.04,1.529,1.328,2.677,1.349,0.0,FALSE,0,Tier 0 (No modeled inundation),NO INUNDATION ESTIMATED,0.0,2.659,1.475,1.184,0.165,0.00357,"{'Bayshore Avenue': {'name': 'Bayshore Avenue', 'invert_mllw_ft': 3.75, 'invert_navd88_ft': 2.11, 'depth_in': 0.0, 'status': 'No tidal flooding estimated', 'code': 'GREEN', 'description': 'Southern waterfront roadway. West and east dips flood first.'}, 'Julian Street': {'name': 'Julian Street', 'invert_mllw_ft': 3.78, 'invert_navd88_ft': 2.14, 'depth_in': 0.0, 'status': 'No tidal flooding estimated', 'code': 'GREEN', 'description': 'Connects Daniel Ave to Bayshore Ave. Southern culvert dips to 3.78 ft.'}, 'Daniel Avenue': {'name': 'Daniel Avenue', 'invert_mllw_ft': 3.88, 'invert_navd88_ft': 2.24, 'depth_in': 0.0, 'status': 'No tidal flooding estimated', 'code': 'GREEN', 'description': 'Central community spine. East end dips low; benchmark section at 4.40 ft.'}, 'Allview Street': {'name': 'Allview Street', 'invert_mllw_ft': 4.13, 'invert_navd88_ft': 2.49, 'depth_in': 0.0, 'status': 'No tidal flooding estimated', 'code': 'GREEN', 'description': 'Interior western cross street. Shallow puddling begins above 4.13 ft.'}, 'River Road': {'name': 'River Road', 'invert_mllw_ft': 4.14, 'invert_navd88_ft': 2.5, 'depth_in': 0.0, 'status': 'No tidal flooding estimated', 'code': 'GREEN', 'description': 'North shoreline access road. Mid-section swale dips to 4.14 ft.'}, 'Hobday Street': {'name': 'Hobday Street', 'invert_mllw_ft': 4.22, 'invert_navd88_ft': 2.58, 'depth_in': 0.0, 'status': 'No tidal flooding estimated', 'code': 'GREEN', 'description': 'Interior cross street between Daniel Ave and Bayshore Ave.'}, 'Little Avenue': {'name': 'Little Avenue', 'invert_mllw_ft': 4.23, 'invert_navd88_ft': 2.59, 'depth_in': 0.0, 'status': 'No tidal flooding estimated', 'code': 'GREEN', 'description': 'Interior cross street. Rises towards Daniel Ave northern ridge.'}, 'Bunny Rabbit Lane': {'name': 'Bunny Rabbit Lane', 'invert_mllw_ft': 4.45, 'invert_navd88_ft': 2.81, 'depth_in': 0.0, 'status': 'No tidal flooding estimated', 'code': 'GREEN', 'description': 'Western community boundary lane. Elevated ridge terrain.'}}",GREEN,0.799
2026-10-05 13:00:00 UTC,2026-10-05 09:00:00 EDT,2026,10,5,9,1.98,2.15,0.34,9.15,332.2,12.08,1018.7,64.2,4.27,-8.09,6.15,-6.78,1.094,1.136,2.443,1.307,0.0,FALSE,0,Tier 0 (No modeled inundation),NO INUNDATION ESTIMATED,0.0,2.157,1.015,1.142,0.165,0.00357,"{'Bayshore Avenue': {'name': 'Bayshore Avenue', 'invert_mllw_ft': 3.75, 'invert_navd88_ft': 2.11, 'depth_in': 0.0, 'status': 'No tidal flooding estimated', 'code': 'GREEN', 'description': 'Southern waterfront roadway. West and east dips flood first.'}, 'Julian Street': {'name': 'Julian Street', 'invert_mllw_ft': 3.78, 'invert_navd88_ft': 2.14, 'depth_in': 0.0, 'status': 'No tidal flooding estimated', 'code': 'GREEN', 'description': 'Connects Daniel Ave to Bayshore Ave. Southern culvert dips to 3.78 ft.'}, 'Daniel Avenue': {'name': 'Daniel Avenue', 'invert_mllw_ft': 3.88, 'invert_navd88_ft': 2.24, 'depth_in': 0.0, 'status': 'No tidal flooding estimated', 'code': 'GREEN', 'description': 'Central community spine. East end dips low; benchmark section at 4.40 ft.'}, 'Allview Street': {'name': 'Allview Street', 'invert_mllw_ft': 4.13, 'invert_navd88_ft': 2.49, 'depth_in': 0.0, 'status': 'No tidal flooding estimated', 'code': 'GREEN', 'description': 'Interior western cross street. Shallow puddling begins above 4.13 ft.'}, 'River Road': {'name': 'River Road', 'invert_mllw_ft': 4.14, 'invert_navd88_ft': 2.5, 'depth_in': 0.0, 'status': 'No tidal flooding estimated', 'code': 'GREEN', 'description': 'North shoreline access road. Mid-section swale dips to 4.14 ft.'}, 'Hobday Street': {'name': 'Hobday Street', 'invert_mllw_ft': 4.22, 'invert_navd88_ft': 2.58, 'depth_in': 0.0, 'status': 'No tidal flooding estimated', 'code': 'GREEN', 'description': 'Interior cross street between Daniel Ave and Bayshore Ave.'}, 'Little Avenue': {'name': 'Little Avenue', 'invert_mllw_ft': 4.23, 'invert_navd88_ft': 2.59, 'depth_in': 0.0, 'status': 'No tidal flooding estimated', 'code': 'GREEN', 'description': 'Interior cross street. Rises towards Daniel Ave northern ridge.'}, 'Bunny Rabbit Lane': {'name': 'Bunny Rabbit Lane', 'invert_mllw_ft': 4.45, 'invert_navd88_ft': 2.81, 'depth_in': 0.0, 'status': 'No tidal flooding estimated', 'code': 'GREEN', 'description': 'Western community boundary lane. Elevated ridge terrain.'}}",GREEN,0.345
2026-10-05 14:00:00 UTC,2026-10-05 10:00:00 EDT,2026,10,5,10,1.77,1.81,0.13,8.86,317.9,11.63,1019.0,64.6,5.94,-6.57,4.15,-7.83,0.768,0.899,2.197,1.298,0.0,FALSE,0,Tier 0 (No modeled inundation),NO INUNDATION ESTIMATED,0.0,1.866,0.711,1.155,0.143,0.0031,"{'Bayshore Avenue': {'name': 'Bayshore Avenue', 'invert_mllw_ft': 3.75, 'invert_navd88_ft': 2.11, 'depth_in': 0.0, 'status': 'No tidal flooding estimated', 'code': 'GREEN', 'description': 'Southern waterfront roadway. West and east dips flood first.'}, 'Julian Street': {'name': 'Julian Street', 'invert_mllw_ft': 3.78, 'invert_navd88_ft': 2.14, 'depth_in': 0.0, 'status': 'No tidal flooding estimated', 'code': 'GREEN', 'description': 'Connects Daniel Ave to Bayshore Ave. Southern culvert dips to 3.78 ft.'}, 'Daniel Avenue': {'name': 'Daniel Avenue', 'invert_mllw_ft': 3.88, 'invert_navd88_ft': 2.24, 'depth_in': 0.0, 'status': 'No tidal flooding estimated', 'code': 'GREEN', 'description': 'Central community spine. East end dips low; benchmark section at 4.40 ft.'}, 'Allview Street': {'name': 'Allview Street', 'invert_mllw_ft': 4.13, 'invert_navd88_ft': 2.49, 'depth_in': 0.0, 'status': 'No tidal flooding estimated', 'code': 'GREEN', 'description': 'Interior western cross street. Shallow puddling begins above 4.13 ft.'}, 'River Road': {'name': 'River Road', 'invert_mllw_ft': 4.14, 'invert_navd88_ft': 2.5, 'depth_in': 0.0, 'status': 'No tidal flooding estimated', 'code': 'GREEN', 'description': 'North shoreline access road. Mid-section swale dips to 4.14 ft.'}, 'Hobday Street': {'name': 'Hobday Street', 'invert_mllw_ft': 4.22, 'invert_navd88_ft': 2.58, 'depth_in': 0.0, 'status': 'No tidal flooding estimated', 'code': 'GREEN', 'description': 'Interior cross street between Daniel Ave and Bayshore Ave.'}, 'Little Avenue': {'name': 'Little Avenue', 'invert_mllw_ft': 4.23, 'invert_navd88_ft': 2.59, 'depth_in': 0.0, 'status': 'No tidal flooding estimated', 'code': 'GREEN', 'description': 'Interior cross street. Rises towards Daniel Ave northern ridge.'}, 'Bunny Rabbit Lane': {'name': 'Bunny Rabbit Lane', 'invert_mllw_ft': 4.45, 'invert_navd88_ft': 2.81, 'depth_in': 0.0, 'status': 'No tidal flooding estimated', 'code': 'GREEN', 'description': 'Western community boundary lane. Elevated ridge terrain.'}}",GREEN,0.193
2026-10-05 15:00:00 UTC,2026-10-05 11:00:00 EDT,2026,10,5,11,1.78,1.87,0.14,9.98,312.9,14.1,1019.0,64.9,7.31,-6.79,3.88,-9.19,0.656,0.678,2.002,1.324,0.0,FALSE,0,Tier 0 (No modeled inundation),NO INUNDATION ESTIMATED,0.0,1.806,0.646,1.16,0.164,0.00355,"{'Bayshore Avenue': {'name': 'Bayshore Avenue', 'invert_mllw_ft': 3.75, 'invert_navd88_ft': 2.11, 'depth_in': 0.0, 'status': 'No tidal flooding estimated', 'code': 'GREEN', 'description': 'Southern waterfront roadway. West and east dips flood first.'}, 'Julian Street': {'name': 'Julian Street', 'invert_mllw_ft': 3.78, 'invert_navd88_ft': 2.14, 'depth_in': 0.0, 'status': 'No tidal flooding estimated', 'code': 'GREEN', 'description': 'Connects Daniel Ave to Bayshore Ave. Southern culvert dips to 3.78 ft.'}, 'Daniel Avenue': {'name': 'Daniel Avenue', 'invert_mllw_ft': 3.88, 'invert_navd88_ft': 2.24, 'depth_in': 0.0, 'status': 'No tidal flooding estimated', 'code': 'GREEN', 'description': 'Central community spine. East end dips low; benchmark section at 4.40 ft.'}, 'Allview Street': {'name': 'Allview Street', 'invert_mllw_ft': 4.13, 'invert_navd88_ft': 2.49, 'depth_in': 0.0, 'status': 'No tidal flooding estimated', 'code': 'GREEN', 'description': 'Interior western cross street. Shallow puddling begins above 4.13 ft.'}, 'River Road': {'name': 'River Road', 'invert_mllw_ft': 4.14, 'invert_navd88_ft': 2.5, 'depth_in': 0.0, 'status': 'No tidal flooding estimated', 'code': 'GREEN', 'description': 'North shoreline access road. Mid-section swale dips to 4.14 ft.'}, 'Hobday Street': {'name': 'Hobday Street', 'invert_mllw_ft': 4.22, 'invert_navd88_ft': 2.58, 'depth_in': 0.0, 'status': 'No tidal flooding estimated', 'code': 'GREEN', 'description': 'Interior cross street between Daniel Ave and Bayshore Ave.'}, 'Little Avenue': {'name': 'Little Avenue', 'invert_mllw_ft': 4.23, 'invert_navd88_ft': 2.59, 'depth_in': 0.0, 'status': 'No tidal flooding estimated', 'code': 'GREEN', 'description': 'Interior cross street. Rises towards Daniel Ave northern ridge.'}, 'Bunny Rabbit Lane': {'name': 'Bunny Rabbit Lane', 'invert_mllw_ft': 4.45, 'invert_navd88_ft': 2.81, 'depth_in': 0.0, 'status': 'No tidal flooding estimated', 'code': 'GREEN', 'description': 'Western community boundary lane. Elevated ridge terrain.'}}",GREEN,0.192
2026-10-05 16:00:00 UTC,2026-10-05 12:00:00 EDT,2026,10,5,12,1.98,2.08,0.34,9.89,303.7,12.97,1018.5,65.6,8.23,-5.49,2.34,-9.61,0.794,0.524,1.864,1.34,0.0,FALSE,0,Tier 0 (No modeled inundation),NO INUNDATION ESTIMATED,0.0,2.008,0.86,1.148,0.192,0.00416,"{'Bayshore Avenue': {'name': 'Bayshore Avenue', 'invert_mllw_ft': 3.75, 'invert_navd88_ft': 2.11, 'depth_in': 0.0, 'status': 'No tidal flooding estimated', 'code': 'GREEN', 'description': 'Southern waterfront roadway. West and east dips flood first.'}, 'Julian Street': {'name': 'Julian Street', 'invert_mllw_ft': 3.78, 'invert_navd88_ft': 2.14, 'depth_in': 0.0, 'status': 'No tidal flooding estimated', 'code': 'GREEN', 'description': 'Connects Daniel Ave to Bayshore Ave. Southern culvert dips to 3.78 ft.'}, 'Daniel Avenue': {'name': 'Daniel Avenue', 'invert_mllw_ft': 3.88, 'invert_navd88_ft': 2.24, 'depth_in': 0.0, 'status': 'No tidal flooding estimated', 'code': 'GREEN', 'description': 'Central community spine. East end dips low; benchmark section at 4.40 ft.'}, 'Allview Street': {'name': 'Allview Street', 'invert_mllw_ft': 4.13, 'invert_navd88_ft': 2.49, 'depth_in': 0.0, 'status': 'No tidal flooding estimated', 'code': 'GREEN', 'description': 'Interior western cross street. Shallow puddling begins above 4.13 ft.'}, 'River Road': {'name': 'River Road', 'invert_mllw_ft': 4.14, 'invert_navd88_ft': 2.5, 'depth_in': 0.0, 'status': 'No tidal flooding estimated', 'code': 'GREEN', 'description': 'North shoreline access road. Mid-section swale dips to 4.14 ft.'}, 'Hobday Street': {'name': 'Hobday Street', 'invert_mllw_ft': 4.22, 'invert_navd88_ft': 2.58, 'depth_in': 0.0, 'status': 'No tidal flooding estimated', 'code': 'GREEN', 'description': 'Interior cross street between Daniel Ave and Bayshore Ave.'}, 'Little Avenue': {'name': 'Little Avenue', 'invert_mllw_ft': 4.23, 'invert_navd88_ft': 2.59, 'depth_in': 0.0, 'status': 'No tidal flooding estimated', 'code': 'GREEN', 'description': 'Interior cross street. Rises towards Daniel Ave northern ridge.'}, 'Bunny Rabbit Lane': {'name': 'Bunny Rabbit Lane', 'invert_mllw_ft': 4.45, 'invert_navd88_ft': 2.81, 'depth_in': 0.0, 'status': 'No tidal flooding estimated', 'code': 'GREEN', 'description': 'Western community boundary lane. Elevated ridge terrain.'}}",GREEN,0.409
2026-10-05 17:00:00 UTC,2026-10-05 13:00:00 EDT,2026,10,5,13,2.27,2.43,0.63,8.3,311.5,11.4,1017.9,66.6,6.22,-5.5,3.04,-7.72,1.158,0.481,1.779,1.298,0.0,FALSE,0,Tier 0 (No modeled inundation),NO INUNDATION ESTIMATED,0.0,2.376,1.311,1.065,0.233,0.00504,"{'Bayshore Avenue': {'name': 'Bayshore Avenue', 'invert_mllw_ft': 3.75, 'invert_navd88_ft': 2.11, 'depth_in': 0.0, 'status': 'No tidal flooding estimated', 'code': 'GREEN', 'description': 'Southern waterfront roadway. West and east dips flood first.'}, 'Julian Street': {'name': 'Julian Street', 'invert_mllw_ft': 3.78, 'invert_navd88_ft': 2.14, 'depth_in': 0.0, 'status': 'No tidal flooding estimated', 'code': 'GREEN', 'description': 'Connects Daniel Ave to Bayshore Ave. Southern culvert dips to 3.78 ft.'}, 'Daniel Avenue': {'name': 'Daniel Avenue', 'invert_mllw_ft': 3.88, 'invert_navd88_ft': 2.24, 'depth_in': 0.0, 'status': 'No tidal flooding estimated', 'code': 'GREEN', 'description': 'Central community spine. East end dips low; benchmark section at 4.40 ft.'}, 'Allview Street': {'name': 'Allview Street', 'invert_mllw_ft': 4.13, 'invert_navd88_ft': 2.49, 'depth_in': 0.0, 'status': 'No tidal flooding estimated', 'code': 'GREEN', 'description': 'Interior western cross street. Shallow puddling begins above 4.13 ft.'}, 'River Road': {'name': 'River Road', 'invert_mllw_ft': 4.14, 'invert_navd88_ft': 2.5, 'depth_in': 0.0, 'status': 'No tidal flooding estimated', 'code': 'GREEN', 'description': 'North shoreline access road. Mid-section swale dips to 4.14 ft.'}, 'Hobday Street': {'name': 'Hobday Street', 'invert_mllw_ft': 4.22, 'invert_navd88_ft': 2.58, 'depth_in': 0.0, 'status': 'No tidal flooding estimated', 'code': 'GREEN', 'description': 'Interior cross street between Daniel Ave and Bayshore Ave.'}, 'Little Avenue': {'name': 'Little Avenue', 'invert_mllw_ft': 4.23, 'invert_navd88_ft': 2.59, 'depth_in': 0.0, 'status': 'No tidal flooding estimated', 'code': 'GREEN', 'description': 'Interior cross street. Rises towards Daniel Ave northern ridge.'}, 'Bunny Rabbit Lane': {'name': 'Bunny Rabbit Lane', 'invert_mllw_ft': 4.45, 'invert_navd88_ft': 2.81, 'depth_in': 0.0, 'status': 'No tidal flooding estimated', 'code': 'GREEN', 'description': 'Western community boundary lane. Elevated ridge terrain.'}}",GREEN,0.878
2026-10-05 18:00:00 UTC,2026-10-05 14:00:00 EDT,2026,10,5,14,2.67,2.91,1.03,8.14,312.5,11.4,1017.1,67.6,6.0,-5.5,3.12,-7.52,1.68,0.586,1.83,1.244,0.0,FALSE,0,Tier 0 (No modeled inundation),NO INUNDATION ESTIMATED,0.0,2.894,1.881,1.013,0.231,0.005,"{'Bayshore Avenue': {'name': 'Bayshore Avenue', 'invert_mllw_ft': 3.75, 'invert_navd88_ft': 2.11, 'depth_in': 0.0, 'status': 'No tidal flooding estimated', 'code': 'GREEN', 'description': 'Southern waterfront roadway. West and east dips flood first.'}, 'Julian Street': {'name': 'Julian Street', 'invert_mllw_ft': 3.78, 'invert_navd88_ft': 2.14, 'depth_in': 0.0, 'status': 'No tidal flooding estimated', 'code': 'GREEN', 'description': 'Connects Daniel Ave to Bayshore Ave. Southern culvert dips to 3.78 ft.'}, 'Daniel Avenue': {'name': 'Daniel Avenue', 'invert_mllw_ft': 3.88, 'invert_navd88_ft': 2.24, 'depth_in': 0.0, 'status': 'No tidal flooding estimated', 'code': 'GREEN', 'description': 'Central community spine. East end dips low; benchmark section at 4.40 ft.'}, 'Allview Street': {'name': 'Allview Street', 'invert_mllw_ft': 4.13, 'invert_navd88_ft': 2.49, 'depth_in': 0.0, 'status': 'No tidal flooding estimated', 'code': 'GREEN', 'description': 'Interior western cross street. Shallow puddling begins above 4.13 ft.'}, 'River Road': {'name': 'River Road', 'invert_mllw_ft': 4.14, 'invert_navd88_ft': 2.5, 'depth_in': 0.0, 'status': 'No tidal flooding estimated', 'code': 'GREEN', 'description': 'North shoreline access road. Mid-section swale dips to 4.14 ft.'}, 'Hobday Street': {'name': 'Hobday Street', 'invert_mllw_ft': 4.22, 'invert_navd88_ft': 2.58, 'depth_in': 0.0, 'status': 'No tidal flooding estimated', 'code': 'GREEN', 'description': 'Interior cross street between Daniel Ave and Bayshore Ave.'}, 'Little Avenue': {'name': 'Little Avenue', 'invert_mllw_ft': 4.23, 'invert_navd88_ft': 2.59, 'depth_in': 0.0, 'status': 'No tidal flooding estimated', 'code': 'GREEN', 'description': 'Interior cross street. Rises towards Daniel Ave northern ridge.'}, 'Bunny Rabbit Lane': {'name': 'Bunny Rabbit Lane', 'invert_mllw_ft': 4.45, 'invert_navd88_ft': 2.81, 'depth_in': 0.0, 'status': 'No tidal flooding estimated', 'code': 'GREEN', 'description': 'Western community boundary lane. Elevated ridge terrain.'}}",GREEN,1.43
2026-10-05 19:00:00 UTC,2026-10-05 15:00:00 EDT,2026,10,5,15,3.2,3.44,1.56,8.34,303.1,12.3,1016.7,69.0,6.99,-4.55,1.89,-8.12,2.226,0.831,2.085,1.254,0.0,FALSE,0,Tier 0 (No modeled inundation),NO INUNDATION ESTIMATED,0.0,3.412,2.42,0.992,0.262,0.00567,"{'Bayshore Avenue': {'name': 'Bayshore Avenue', 'invert_mllw_ft': 3.75, 'invert_navd88_ft': 2.11, 'depth_in': 0.0, 'status': 'No tidal flooding estimated', 'code': 'GREEN', 'description': 'Southern waterfront roadway. West and east dips flood first.'}, 'Julian Street': {'name': 'Julian Street', 'invert_mllw_ft': 3.78, 'invert_navd88_ft': 2.14, 'depth_in': 0.0, 'status': 'No tidal flooding estimated', 'code': 'GREEN', 'description': 'Connects Daniel Ave to Bayshore Ave. Southern culvert dips to 3.78 ft.'}, 'Daniel Avenue': {'name': 'Daniel Avenue', 'invert_mllw_ft': 3.88, 'invert_navd88_ft': 2.24, 'depth_in': 0.0, 'status': 'No tidal flooding estimated', 'code': 'GREEN', 'description': 'Central community spine. East end dips low; benchmark section at 4.40 ft.'}, 'Allview Street': {'name': 'Allview Street', 'invert_mllw_ft': 4.13, 'invert_navd88_ft': 2.49, 'depth_in': 0.0, 'status': 'No tidal flooding estimated', 'code': 'GREEN', 'description': 'Interior western cross street. Shallow puddling begins above 4.13 ft.'}, 'River Road': {'name': 'River Road', 'invert_mllw_ft': 4.14, 'invert_navd88_ft': 2.5, 'depth_in': 0.0, 'status': 'No tidal flooding estimated', 'code': 'GREEN', 'description': 'North shoreline access road. Mid-section swale dips to 4.14 ft.'}, 'Hobday Street': {'name': 'Hobday Street', 'invert_mllw_ft': 4.22, 'invert_navd88_ft': 2.58, 'depth_in': 0.0, 'status': 'No tidal flooding estimated', 'code': 'GREEN', 'description': 'Interior cross street between Daniel Ave and Bayshore Ave.'}, 'Little Avenue': {'name': 'Little Avenue', 'invert_mllw_ft': 4.23, 'invert_navd88_ft': 2.59, 'depth_in': 0.0, 'status': 'No tidal flooding estimated', 'code': 'GREEN', 'description': 'Interior cross street. Rises towards Daniel Ave northern ridge.'}, 'Bunny Rabbit Lane': {'name': 'Bunny Rabbit Lane', 'invert_mllw_ft': 4.45, 'invert_navd88_ft': 2.81, 'depth_in': 0.0, 'status': 'No tidal flooding estimated', 'code': 'GREEN', 'description': 'Western community boundary lane. Elevated ridge terrain.'}}",GREEN,1.758
2026-10-05 20:00:00 UTC,2026-10-05 16:00:00 EDT,2026,10,5,16,3.76,3.86,2.12,7.79,305.9,12.08,1016.8,70.7,6.31,-4.57,2.13,-7.49,2.635,1.135,2.438,1.303,0.0,FALSE,1,Tier 1 (Nuisance / Low spots wet),LOW-SPOT FLOODING ESTIMATED,0.0,3.799,2.796,1.003,0.3,0.00649,"{'Bayshore Avenue': {'name': 'Bayshore Avenue', 'invert_mllw_ft': 3.75, 'invert_navd88_ft': 2.11, 'depth_in': 0.1, 'status': 'Puddles & Ditch Full (0.1"")', 'code': 'YELLOW', 'description': 'Southern waterfront roadway. West and east dips flood first.'}, 'Julian Street': {'name': 'Julian Street', 'invert_mllw_ft': 3.78, 'invert_navd88_ft': 2.14, 'depth_in': 0.0, 'status': 'No tidal flooding estimated', 'code': 'GREEN', 'description': 'Connects Daniel Ave to Bayshore Ave. Southern culvert dips to 3.78 ft.'}, 'Daniel Avenue': {'name': 'Daniel Avenue', 'invert_mllw_ft': 3.88, 'invert_navd88_ft': 2.24, 'depth_in': 0.0, 'status': 'No tidal flooding estimated', 'code': 'GREEN', 'description': 'Central community spine. East end dips low; benchmark section at 4.40 ft.'}, 'Allview Street': {'name': 'Allview Street', 'invert_mllw_ft': 4.13, 'invert_navd88_ft': 2.49, 'depth_in': 0.0, 'status': 'No tidal flooding estimated', 'code': 'GREEN', 'description': 'Interior western cross street. Shallow puddling begins above 4.13 ft.'}, 'River Road': {'name': 'River Road', 'invert_mllw_ft': 4.14, 'invert_navd88_ft': 2.5, 'depth_in': 0.0, 'status': 'No tidal flooding estimated', 'code': 'GREEN', 'description': 'North shoreline access road. Mid-section swale dips to 4.14 ft.'}, 'Hobday Street': {'name': 'Hobday Street', 'invert_mllw_ft': 4.22, 'invert_navd88_ft': 2.58, 'depth_in': 0.0, 'status': 'No tidal flooding estimated', 'code': 'GREEN', 'description': 'Interior cross street between Daniel Ave and Bayshore Ave.'}, 'Little Avenue': {'name': 'Little Avenue', 'invert_mllw_ft': 4.23, 'invert_navd88_ft': 2.59, 'depth_in': 0.0, 'status': 'No tidal flooding estimated', 'code': 'GREEN', 'description': 'Interior cross street. Rises towards Daniel Ave northern ridge.'}, 'Bunny Rabbit Lane': {'name': 'Bunny Rabbit Lane', 'invert_mllw_ft': 4.45, 'invert_navd88_ft': 2.81, 'depth_in': 0.0, 'status': 'No tidal flooding estimated', 'code': 'GREEN', 'description': 'Western community boundary lane. Elevated ridge terrain.'}}",YELLOW,2.198
2026-10-05 21:00:00 UTC,2026-10-05 17:00:00 EDT,2026,10,5,17,3.87,3.88,2.23,3.2,300.3,6.04,1016.8,72.4,2.76,-1.61,0.57,-3.15,2.808,1.395,2.693,1.298,0.0,FALSE,1,Tier 1 (Nuisance / Low spots wet),LOW-SPOT FLOODING ESTIMATED,0.0,3.914,2.951,0.963,0.335,0.00725,"{'Bayshore Avenue': {'name': 'Bayshore Avenue', 'invert_mllw_ft': 3.75, 'invert_navd88_ft': 2.11, 'depth_in': 1.3, 'status': 'Puddles & Ditch Full (1.3"")', 'code': 'YELLOW', 'description': 'Southern waterfront roadway. West and east dips flood first.'}, 'Julian Street': {'name': 'Julian Street', 'invert_mllw_ft': 3.78, 'invert_navd88_ft': 2.14, 'depth_in': 1.0, 'status': 'Puddles & Ditch Full (1.0"")', 'code': 'YELLOW', 'description': 'Connects Daniel Ave to Bayshore Ave. Southern culvert dips to 3.78 ft.'}, 'Daniel Avenue': {'name': 'Daniel Avenue', 'invert_mllw_ft': 3.88, 'invert_navd88_ft': 2.24, 'depth_in': 0.0, 'status': 'No tidal flooding estimated', 'code': 'GREEN', 'description': 'Central community spine. East end dips low; benchmark section at 4.40 ft.'}, 'Allview Street': {'name': 'Allview Street', 'invert_mllw_ft': 4.13, 'invert_navd88_ft': 2.49, 'depth_in': 0.0, 'status': 'No tidal flooding estimated', 'code': 'GREEN', 'description': 'Interior western cross street. Shallow puddling begins above 4.13 ft.'}, 'River Road': {'name': 'River Road', 'invert_mllw_ft': 4.14, 'invert_navd88_ft': 2.5, 'depth_in': 0.0, 'status': 'No tidal flooding estimated', 'code': 'GREEN', 'description': 'North shoreline access road. Mid-section swale dips to 4.14 ft.'}, 'Hobday Street': {'name': 'Hobday Street', 'invert_mllw_ft': 4.22, 'invert_navd88_ft': 2.58, 'depth_in': 0.0, 'status': 'No tidal flooding estimated', 'code': 'GREEN', 'description': 'Interior cross street between Daniel Ave and Bayshore Ave.'}, 'Little Avenue': {'name': 'Little Avenue', 'invert_mllw_ft': 4.23, 'invert_navd88_ft': 2.59, 'depth_in': 0.0, 'status': 'No tidal flooding estimated', 'code': 'GREEN', 'description': 'Interior cross street. Rises towards Daniel Ave northern ridge.'}, 'Bunny Rabbit Lane': {'name': 'Bunny Rabbit Lane', 'invert_mllw_ft': 4.45, 'invert_navd88_ft': 2.81, 'depth_in': 0.0, 'status': 'No tidal flooding estimated', 'code': 'GREEN', 'description': 'Western community boundary lane. Elevated ridge terrain.'}}",YELLOW,2.267
2026-10-05 22:00:00 UTC,2026-10-05 18:00:00 EDT,2026,10,5,18,3.7,3.82,2.06,3.13,266.8,5.37,1017.2,71.1,3.13,0.17,-1.23,-2.88,2.749,1.561,2.819,1.258,0.0,FALSE,0,Tier 0 (No modeled inundation),NO INUNDATION ESTIMATED,0.0,3.805,2.885,0.92,0.338,0.00732,"{'Bayshore Avenue': {'name': 'Bayshore Avenue', 'invert_mllw_ft': 3.75, 'invert_navd88_ft': 2.11, 'depth_in': 0.0, 'status': 'No tidal flooding estimated', 'code': 'GREEN', 'description': 'Southern waterfront roadway. West and east dips flood first.'}, 'Julian Street': {'name': 'Julian Street', 'invert_mllw_ft': 3.78, 'invert_navd88_ft': 2.14, 'depth_in': 0.0, 'status': 'No tidal flooding estimated', 'code': 'GREEN', 'description': 'Connects Daniel Ave to Bayshore Ave. Southern culvert dips to 3.78 ft.'}, 'Daniel Avenue': {'name': 'Daniel Avenue', 'invert_mllw_ft': 3.88, 'invert_navd88_ft': 2.24, 'depth_in': 0.0, 'status': 'No tidal flooding estimated', 'code': 'GREEN', 'description': 'Central community spine. East end dips low; benchmark section at 4.40 ft.'}, 'Allview Street': {'name': 'Allview Street', 'invert_mllw_ft': 4.13, 'invert_navd88_ft': 2.49, 'depth_in': 0.0, 'status': 'No tidal flooding estimated', 'code': 'GREEN', 'description': 'Interior western cross street. Shallow puddling begins above 4.13 ft.'}, 'River Road': {'name': 'River Road', 'invert_mllw_ft': 4.14, 'invert_navd88_ft': 2.5, 'depth_in': 0.0, 'status': 'No tidal flooding estimated', 'code': 'GREEN', 'description': 'North shoreline access road. Mid-section swale dips to 4.14 ft.'}, 'Hobday Street': {'name': 'Hobday Street', 'invert_mllw_ft': 4.22, 'invert_navd88_ft': 2.58, 'depth_in': 0.0, 'status': 'No tidal flooding estimated', 'code': 'GREEN', 'description': 'Interior cross street between Daniel Ave and Bayshore Ave.'}, 'Little Avenue': {'name': 'Little Avenue', 'invert_mllw_ft': 4.23, 'invert_navd88_ft': 2.59, 'depth_in': 0.0, 'status': 'No tidal flooding estimated', 'code': 'GREEN', 'description': 'Interior cross street. Rises towards Daniel Ave northern ridge.'}, 'Bunny Rabbit Lane': {'name': 'Bunny Rabbit Lane', 'invert_mllw_ft': 4.45, 'invert_navd88_ft': 2.81, 'depth_in': 0.0, 'status': 'No tidal flooding estimated', 'code': 'GREEN', 'description': 'Western community boundary lane. Elevated ridge terrain.'}}",GREEN,2.183
2026-10-05 23:00:00 UTC,2026-10-05 19:00:00 EDT,2026,10,5,19,3.27,3.46,1.63,2.79,281.3,6.04,1017.8,68.3,2.74,-0.55,-0.42,-2.76,2.501,1.628,2.828,1.2,0.0,FALSE,0,Tier 0 (No modeled inundation),NO INUNDATION ESTIMATED,0.0,3.47,2.597,0.873,0.327,0.00708,"{'Bayshore Avenue': {'name': 'Bayshore Avenue', 'invert_mllw_ft': 3.75, 'invert_navd88_ft': 2.11, 'depth_in': 0.0, 'status': 'No tidal flooding estimated', 'code': 'GREEN', 'description': 'Southern waterfront roadway. West and east dips flood first.'}, 'Julian Street': {'name': 'Julian Street', 'invert_mllw_ft': 3.78, 'invert_navd88_ft': 2.14, 'depth_in': 0.0, 'status': 'No tidal flooding estimated', 'code': 'GREEN', 'description': 'Connects Daniel Ave to Bayshore Ave. Southern culvert dips to 3.78 ft.'}, 'Daniel Avenue': {'name': 'Daniel Avenue', 'invert_mllw_ft': 3.88, 'invert_navd88_ft': 2.24, 'depth_in': 0.0, 'status': 'No tidal flooding estimated', 'code': 'GREEN', 'description': 'Central community spine. East end dips low; benchmark section at 4.40 ft.'}, 'Allview Street': {'name': 'Allview Street', 'invert_mllw_ft': 4.13, 'invert_navd88_ft': 2.49, 'depth_in': 0.0, 'status': 'No tidal flooding estimated', 'code': 'GREEN', 'description': 'Interior western cross street. Shallow puddling begins above 4.13 ft.'}, 'River Road': {'name': 'River Road', 'invert_mllw_ft': 4.14, 'invert_navd88_ft': 2.5, 'depth_in': 0.0, 'status': 'No tidal flooding estimated', 'code': 'GREEN', 'description': 'North shoreline access road. Mid-section swale dips to 4.14 ft.'}, 'Hobday Street': {'name': 'Hobday Street', 'invert_mllw_ft': 4.22, 'invert_navd88_ft': 2.58, 'depth_in': 0.0, 'status': 'No tidal flooding estimated', 'code': 'GREEN', 'description': 'Interior cross street between Daniel Ave and Bayshore Ave.'}, 'Little Avenue': {'name': 'Little Avenue', 'invert_mllw_ft': 4.23, 'invert_navd88_ft': 2.59, 'depth_in': 0.0, 'status': 'No tidal flooding estimated', 'code': 'GREEN', 'description': 'Interior cross street. Rises towards Daniel Ave northern ridge.'}, 'Bunny Rabbit Lane': {'name': 'Bunny Rabbit Lane', 'invert_mllw_ft': 4.45, 'invert_navd88_ft': 2.81, 'depth_in': 0.0, 'status': 'No tidal flooding estimated', 'code': 'GREEN', 'description': 'Western community boundary lane. Elevated ridge terrain.'}}",GREEN,1.733
2026-10-06 00:00:00 UTC,2026-10-05 20:00:00 EDT,2026,10,5,20,2.78,3.02,1.14,4.92,357.4,6.71,1018.5,68.7,0.22,-4.91,4.54,-1.89,2.095,1.592,2.743,1.151,0.0,FALSE,0,Tier 0 (No modeled inundation),NO INUNDATION ESTIMATED,0.0,2.956,2.115,0.841,0.31,0.00671,"{'Bayshore Avenue': {'name': 'Bayshore Avenue', 'invert_mllw_ft': 3.75, 'invert_navd88_ft': 2.11, 'depth_in': 0.0, 'status': 'No tidal flooding estimated', 'code': 'GREEN', 'description': 'Southern waterfront roadway. West and east dips flood first.'}, 'Julian Street': {'name': 'Julian Street', 'invert_mllw_ft': 3.78, 'invert_navd88_ft': 2.14, 'depth_in': 0.0, 'status': 'No tidal flooding estimated', 'code': 'GREEN', 'description': 'Connects Daniel Ave to Bayshore Ave. Southern culvert dips to 3.78 ft.'}, 'Daniel Avenue': {'name': 'Daniel Avenue', 'invert_mllw_ft': 3.88, 'invert_navd88_ft': 2.24, 'depth_in': 0.0, 'status': 'No tidal flooding estimated', 'code': 'GREEN', 'description': 'Central community spine. East end dips low; benchmark section at 4.40 ft.'}, 'Allview Street': {'name': 'Allview Street', 'invert_mllw_ft': 4.13, 'invert_navd88_ft': 2.49, 'depth_in': 0.0, 'status': 'No tidal flooding estimated', 'code': 'GREEN', 'description': 'Interior western cross street. Shallow puddling begins above 4.13 ft.'}, 'River Road': {'name': 'River Road', 'invert_mllw_ft': 4.14, 'invert_navd88_ft': 2.5, 'depth_in': 0.0, 'status': 'No tidal flooding estimated', 'code': 'GREEN', 'description': 'North shoreline access road. Mid-section swale dips to 4.14 ft.'}, 'Hobday Street': {'name': 'Hobday Street', 'invert_mllw_ft': 4.22, 'invert_navd88_ft': 2.58, 'depth_in': 0.0, 'status': 'No tidal flooding estimated', 'code': 'GREEN', 'description': 'Interior cross street between Daniel Ave and Bayshore Ave.'}, 'Little Avenue': {'name': 'Little Avenue', 'invert_mllw_ft': 4.23, 'invert_navd88_ft': 2.59, 'depth_in': 0.0, 'status': 'No tidal flooding estimated', 'code': 'GREEN', 'description': 'Interior cross street. Rises towards Daniel Ave northern ridge.'}, 'Bunny Rabbit Lane': {'name': 'Bunny Rabbit Lane', 'invert_mllw_ft': 4.45, 'invert_navd88_ft': 2.81, 'depth_in': 0.0, 'status': 'No tidal flooding estimated', 'code': 'GREEN', 'description': 'Western community boundary lane. Elevated ridge terrain.'}}",GREEN,1.14
2026-10-06 01:00:00 UTC,2026-10-05 21:00:00 EDT,2026,10,5,21,2.17,2.47,0.53,3.13,295.8,4.93,1019.1,67.8,2.82,-1.36,0.32,-3.11,1.588,1.447,2.545,1.098,0.0,FALSE,0,Tier 0 (No modeled inundation),NO INUNDATION ESTIMATED,0.0,2.329,1.551,0.778,0.32,0.00693,"{'Bayshore Avenue': {'name': 'Bayshore Avenue', 'invert_mllw_ft': 3.75, 'invert_navd88_ft': 2.11, 'depth_in': 0.0, 'status': 'No tidal flooding estimated', 'code': 'GREEN', 'description': 'Southern waterfront roadway. West and east dips flood first.'}, 'Julian Street': {'name': 'Julian Street', 'invert_mllw_ft': 3.78, 'invert_navd88_ft': 2.14, 'depth_in': 0.0, 'status': 'No tidal flooding estimated', 'code': 'GREEN', 'description': 'Connects Daniel Ave to Bayshore Ave. Southern culvert dips to 3.78 ft.'}, 'Daniel Avenue': {'name': 'Daniel Avenue', 'invert_mllw_ft': 3.88, 'invert_navd88_ft': 2.24, 'depth_in': 0.0, 'status': 'No tidal flooding estimated', 'code': 'GREEN', 'description': 'Central community spine. East end dips low; benchmark section at 4.40 ft.'}, 'Allview Street': {'name': 'Allview Street', 'invert_mllw_ft': 4.13, 'invert_navd88_ft': 2.49, 'depth_in': 0.0, 'status': 'No tidal flooding estimated', 'code': 'GREEN', 'description': 'Interior western cross street. Shallow puddling begins above 4.13 ft.'}, 'River Road': {'name': 'River Road', 'invert_mllw_ft': 4.14, 'invert_navd88_ft': 2.5, 'depth_in': 0.0, 'status': 'No tidal flooding estimated', 'code': 'GREEN', 'description': 'North shoreline access road. Mid-section swale dips to 4.14 ft.'}, 'Hobday Street': {'name': 'Hobday Street', 'invert_mllw_ft': 4.22, 'invert_navd88_ft': 2.58, 'depth_in': 0.0, 'status': 'No tidal flooding estimated', 'code': 'GREEN', 'description': 'Interior cross street between Daniel Ave and Bayshore Ave.'}, 'Little Avenue': {'name': 'Little Avenue', 'invert_mllw_ft': 4.23, 'invert_navd88_ft': 2.59, 'depth_in': 0.0, 'status': 'No tidal flooding estimated', 'code': 'GREEN', 'description': 'Interior cross street. Rises towards Daniel Ave northern ridge.'}, 'Bunny Rabbit Lane': {'name': 'Bunny Rabbit Lane', 'invert_mllw_ft': 4.45, 'invert_navd88_ft': 2.81, 'depth_in': 0.0, 'status': 'No tidal flooding estimated', 'code': 'GREEN', 'description': 'Western community boundary lane. Elevated ridge terrain.'}}",GREEN,0.463
2026-10-06 02:00:00 UTC,2026-10-05 22:00:00 EDT,2026,10,5,22,1.65,1.82,0.01,5.1,323.6,10.29,1019.6,68.3,3.03,-4.1,2.82,-4.25,1.095,1.215,2.257,1.042,0.0,FALSE,0,Tier 0 (No modeled inundation),NO INUNDATION ESTIMATED,0.0,1.775,1.044,0.731,0.311,0.00673,"{'Bayshore Avenue': {'name': 'Bayshore Avenue', 'invert_mllw_ft': 3.75, 'invert_navd88_ft': 2.11, 'depth_in': 0.0, 'status': 'No tidal flooding estimated', 'code': 'GREEN', 'description': 'Southern waterfront roadway. West and east dips flood first.'}, 'Julian Street': {'name': 'Julian Street', 'invert_mllw_ft': 3.78, 'invert_navd88_ft': 2.14, 'depth_in': 0.0, 'status': 'No tidal flooding estimated', 'code': 'GREEN', 'description': 'Connects Daniel Ave to Bayshore Ave. Southern culvert dips to 3.78 ft.'}, 'Daniel Avenue': {'name': 'Daniel Avenue', 'invert_mllw_ft': 3.88, 'invert_navd88_ft': 2.24, 'depth_in': 0.0, 'status': 'No tidal flooding estimated', 'code': 'GREEN', 'description': 'Central community spine. East end dips low; benchmark section at 4.40 ft.'}, 'Allview Street': {'name': 'Allview Street', 'invert_mllw_ft': 4.13, 'invert_navd88_ft': 2.49, 'depth_in': 0.0, 'status': 'No tidal flooding estimated', 'code': 'GREEN', 'description': 'Interior western cross street. Shallow puddling begins above 4.13 ft.'}, 'River Road': {'name': 'River Road', 'invert_mllw_ft': 4.14, 'invert_navd88_ft': 2.5, 'depth_in': 0.0, 'status': 'No tidal flooding estimated', 'code': 'GREEN', 'description': 'North shoreline access road. Mid-section swale dips to 4.14 ft.'}, 'Hobday Street': {'name': 'Hobday Street', 'invert_mllw_ft': 4.22, 'invert_navd88_ft': 2.58, 'depth_in': 0.0, 'status': 'No tidal flooding estimated', 'code': 'GREEN', 'description': 'Interior cross street between Daniel Ave and Bayshore Ave.'}, 'Little Avenue': {'name': 'Little Avenue', 'invert_mllw_ft': 4.23, 'invert_navd88_ft': 2.59, 'depth_in': 0.0, 'status': 'No tidal flooding estimated', 'code': 'GREEN', 'description': 'Interior cross street. Rises towards Daniel Ave northern ridge.'}, 'Bunny Rabbit Lane': {'name': 'Bunny Rabbit Lane', 'invert_mllw_ft': 4.45, 'invert_navd88_ft': 2.81, 'depth_in': 0.0, 'status': 'No tidal flooding estimated', 'code': 'GREEN', 'description': 'Western community boundary lane. Elevated ridge terrain.'}}",GREEN,0.078
2026-10-06 03:00:00 UTC,2026-10-05 23:00:00 EDT,2026,10,5,23,1.39,1.44,-0.25,6.96,340.8,8.95,1019.8,66.5,2.29,-6.57,5.39,-4.4,0.745,0.949,1.951,1.002,0.0,FALSE,0,Tier 0 (No modeled inundation),NO INUNDATION ESTIMATED,0.0,1.48,0.709,0.771,0.231,0.005,"{'Bayshore Avenue': {'name': 'Bayshore Avenue', 'invert_mllw_ft': 3.75, 'invert_navd88_ft': 2.11, 'depth_in': 0.0, 'status': 'No tidal flooding estimated', 'code': 'GREEN', 'description': 'Southern waterfront roadway. West and east dips flood first.'}, 'Julian Street': {'name': 'Julian Street', 'invert_mllw_ft': 3.78, 'invert_navd88_ft': 2.14, 'depth_in': 0.0, 'status': 'No tidal flooding estimated', 'code': 'GREEN', 'description': 'Connects Daniel Ave to Bayshore Ave. Southern culvert dips to 3.78 ft.'}, 'Daniel Avenue': {'name': 'Daniel Avenue', 'invert_mllw_ft': 3.88, 'invert_navd88_ft': 2.24, 'depth_in': 0.0, 'status': 'No tidal flooding estimated', 'code': 'GREEN', 'description': 'Central community spine. East end dips low; benchmark section at 4.40 ft.'}, 'Allview Street': {'name': 'Allview Street', 'invert_mllw_ft': 4.13, 'invert_navd88_ft': 2.49, 'depth_in': 0.0, 'status': 'No tidal flooding estimated', 'code': 'GREEN', 'description': 'Interior western cross street. Shallow puddling begins above 4.13 ft.'}, 'River Road': {'name': 'River Road', 'invert_mllw_ft': 4.14, 'invert_navd88_ft': 2.5, 'depth_in': 0.0, 'status': 'No tidal flooding estimated', 'code': 'GREEN', 'description': 'North shoreline access road. Mid-section swale dips to 4.14 ft.'}, 'Hobday Street': {'name': 'Hobday Street', 'invert_mllw_ft': 4.22, 'invert_navd88_ft': 2.58, 'depth_in': 0.0, 'status': 'No tidal flooding estimated', 'code': 'GREEN', 'description': 'Interior cross street between Daniel Ave and Bayshore Ave.'}, 'Little Avenue': {'name': 'Little Avenue', 'invert_mllw_ft': 4.23, 'invert_navd88_ft': 2.59, 'depth_in': 0.0, 'status': 'No tidal flooding estimated', 'code': 'GREEN', 'description': 'Interior cross street. Rises towards Daniel Ave northern ridge.'}, 'Bunny Rabbit Lane': {'name': 'Bunny Rabbit Lane', 'invert_mllw_ft': 4.45, 'invert_navd88_ft': 2.81, 'depth_in': 0.0, 'status': 'No tidal flooding estimated', 'code': 'GREEN', 'description': 'Western community boundary lane. Elevated ridge terrain.'}}",GREEN,-0.207
2026-10-06 04:00:00 UTC,2026-10-06 00:00:00 EDT,2026,10,6,0,1.46,1.54,-0.18,9.57,343.7,13.87,1020.3,64.4,2.69,-9.19,7.71,-5.67,0.621,0.702,1.734,1.032,0.0,FALSE,0,Tier 0 (No modeled inundation),NO INUNDATION ESTIMATED,0.0,1.465,0.64,0.825,0.207,0.00448,"{'Bayshore Avenue': {'name': 'Bayshore Avenue', 'invert_mllw_ft': 3.75, 'invert_navd88_ft': 2.11, 'depth_in': 0.0, 'status': 'No tidal flooding estimated', 'code': 'GREEN', 'description': 'Southern waterfront roadway. West and east dips flood first.'}, 'Julian Street': {'name': 'Julian Street', 'invert_mllw_ft': 3.78, 'invert_navd88_ft': 2.14, 'depth_in': 0.0, 'status': 'No tidal flooding estimated', 'code': 'GREEN', 'description': 'Connects Daniel Ave to Bayshore Ave. Southern culvert dips to 3.78 ft.'}, 'Daniel Avenue': {'name': 'Daniel Avenue', 'invert_mllw_ft': 3.88, 'invert_navd88_ft': 2.24, 'depth_in': 0.0, 'status': 'No tidal flooding estimated', 'code': 'GREEN', 'description': 'Central community spine. East end dips low; benchmark section at 4.40 ft.'}, 'Allview Street': {'name': 'Allview Street', 'invert_mllw_ft': 4.13, 'invert_navd88_ft': 2.49, 'depth_in': 0.0, 'status': 'No tidal flooding estimated', 'code': 'GREEN', 'description': 'Interior western cross street. Shallow puddling begins above 4.13 ft.'}, 'River Road': {'name': 'River Road', 'invert_mllw_ft': 4.14, 'invert_navd88_ft': 2.5, 'depth_in': 0.0, 'status': 'No tidal flooding estimated', 'code': 'GREEN', 'description': 'North shoreline access road. Mid-section swale dips to 4.14 ft.'}, 'Hobday Street': {'name': 'Hobday Street', 'invert_mllw_ft': 4.22, 'invert_navd88_ft': 2.58, 'depth_in': 0.0, 'status': 'No tidal flooding estimated', 'code': 'GREEN', 'description': 'Interior cross street between Daniel Ave and Bayshore Ave.'}, 'Little Avenue': {'name': 'Little Avenue', 'invert_mllw_ft': 4.23, 'invert_navd88_ft': 2.59, 'depth_in': 0.0, 'status': 'No tidal flooding estimated', 'code': 'GREEN', 'description': 'Interior cross street. Rises towards Daniel Ave northern ridge.'}, 'Bunny Rabbit Lane': {'name': 'Bunny Rabbit Lane', 'invert_mllw_ft': 4.45, 'invert_navd88_ft': 2.81, 'depth_in': 0.0, 'status': 'No tidal flooding estimated', 'code': 'GREEN', 'description': 'Western community boundary lane. Elevated ridge terrain.'}}",GREEN,-0.16
2026-10-06 05:00:00 UTC,2026-10-06 01:00:00 EDT,2026,10,6,1,1.7,1.84,0.06,11.81,353.5,14.76,1020.4,63.2,1.34,-11.73,10.57,-5.27,0.751,0.527,1.587,1.06,0.0,FALSE,0,Tier 0 (No modeled inundation),NO INUNDATION ESTIMATED,0.0,1.723,0.865,0.858,0.202,0.00437,"{'Bayshore Avenue': {'name': 'Bayshore Avenue', 'invert_mllw_ft': 3.75, 'invert_navd88_ft': 2.11, 'depth_in': 0.0, 'status': 'No tidal flooding estimated', 'code': 'GREEN', 'description': 'Southern waterfront roadway. West and east dips flood first.'}, 'Julian Street': {'name': 'Julian Street', 'invert_mllw_ft': 3.78, 'invert_navd88_ft': 2.14, 'depth_in': 0.0, 'status': 'No tidal flooding estimated', 'code': 'GREEN', 'description': 'Connects Daniel Ave to Bayshore Ave. Southern culvert dips to 3.78 ft.'}, 'Daniel Avenue': {'name': 'Daniel Avenue', 'invert_mllw_ft': 3.88, 'invert_navd88_ft': 2.24, 'depth_in': 0.0, 'status': 'No tidal flooding estimated', 'code': 'GREEN', 'description': 'Central community spine. East end dips low; benchmark section at 4.40 ft.'}, 'Allview Street': {'name': 'Allview Street', 'invert_mllw_ft': 4.13, 'invert_navd88_ft': 2.49, 'depth_in': 0.0, 'status': 'No tidal flooding estimated', 'code': 'GREEN', 'description': 'Interior western cross street. Shallow puddling begins above 4.13 ft.'}, 'River Road': {'name': 'River Road', 'invert_mllw_ft': 4.14, 'invert_navd88_ft': 2.5, 'depth_in': 0.0, 'status': 'No tidal flooding estimated', 'code': 'GREEN', 'description': 'North shoreline access road. Mid-section swale dips to 4.14 ft.'}, 'Hobday Street': {'name': 'Hobday Street', 'invert_mllw_ft': 4.22, 'invert_navd88_ft': 2.58, 'depth_in': 0.0, 'status': 'No tidal flooding estimated', 'code': 'GREEN', 'description': 'Interior cross street between Daniel Ave and Bayshore Ave.'}, 'Little Avenue': {'name': 'Little Avenue', 'invert_mllw_ft': 4.23, 'invert_navd88_ft': 2.59, 'depth_in': 0.0, 'status': 'No tidal flooding estimated', 'code': 'GREEN', 'description': 'Interior cross street. Rises towards Daniel Ave northern ridge.'}, 'Bunny Rabbit Lane': {'name': 'Bunny Rabbit Lane', 'invert_mllw_ft': 4.45, 'invert_navd88_ft': 2.81, 'depth_in': 0.0, 'status': 'No tidal flooding estimated', 'code': 'GREEN', 'description': 'Western community boundary lane. Elevated ridge terrain.'}}",GREEN,0.177
2026-10-06 06:00:00 UTC,2026-10-06 02:00:00 EDT,2026,10,6,2,2.07,2.26,0.43,13.47,2.6,17.0,1020.6,62.7,-0.61,-13.46,12.85,-4.03,1.12,0.483,1.539,1.056,0.0,FALSE,0,Tier 0 (No modeled inundation),NO INUNDATION ESTIMATED,0.0,2.231,1.312,0.919,0.137,0.00297,"{'Bayshore Avenue': {'name': 'Bayshore Avenue', 'invert_mllw_ft': 3.75, 'invert_navd88_ft': 2.11, 'depth_in': 0.0, 'status': 'No tidal flooding estimated', 'code': 'GREEN', 'description': 'Southern waterfront roadway. West and east dips flood first.'}, 'Julian Street': {'name': 'Julian Street', 'invert_mllw_ft': 3.78, 'invert_navd88_ft': 2.14, 'depth_in': 0.0, 'status': 'No tidal flooding estimated', 'code': 'GREEN', 'description': 'Connects Daniel Ave to Bayshore Ave. Southern culvert dips to 3.78 ft.'}, 'Daniel Avenue': {'name': 'Daniel Avenue', 'invert_mllw_ft': 3.88, 'invert_navd88_ft': 2.24, 'depth_in': 0.0, 'status': 'No tidal flooding estimated', 'code': 'GREEN', 'description': 'Central community spine. East end dips low; benchmark section at 4.40 ft.'}, 'Allview Street': {'name': 'Allview Street', 'invert_mllw_ft': 4.13, 'invert_navd88_ft': 2.49, 'depth_in': 0.0, 'status': 'No tidal flooding estimated', 'code': 'GREEN', 'description': 'Interior western cross street. Shallow puddling begins above 4.13 ft.'}, 'River Road': {'name': 'River Road', 'invert_mllw_ft': 4.14, 'invert_navd88_ft': 2.5, 'depth_in': 0.0, 'status': 'No tidal flooding estimated', 'code': 'GREEN', 'description': 'North shoreline access road. Mid-section swale dips to 4.14 ft.'}, 'Hobday Street': {'name': 'Hobday Street', 'invert_mllw_ft': 4.22, 'invert_navd88_ft': 2.58, 'depth_in': 0.0, 'status': 'No tidal flooding estimated', 'code': 'GREEN', 'description': 'Interior cross street between Daniel Ave and Bayshore Ave.'}, 'Little Avenue': {'name': 'Little Avenue', 'invert_mllw_ft': 4.23, 'invert_navd88_ft': 2.59, 'depth_in': 0.0, 'status': 'No tidal flooding estimated', 'code': 'GREEN', 'description': 'Interior cross street. Rises towards Daniel Ave northern ridge.'}, 'Bunny Rabbit Lane': {'name': 'Bunny Rabbit Lane', 'invert_mllw_ft': 4.45, 'invert_navd88_ft': 2.81, 'depth_in': 0.0, 'status': 'No tidal flooding estimated', 'code': 'GREEN', 'description': 'Western community boundary lane. Elevated ridge terrain.'}}",GREEN,0.723
2026-10-06 07:00:00 UTC,2026-10-06 03:00:00 EDT,2026,10,6,3,2.57,2.85,0.93,10.96,351.9,14.55,1020.7,61.5,1.54,-10.85,9.67,-5.16,1.636,0.607,1.59,0.983,0.0,FALSE,0,Tier 0 (No modeled inundation),NO INUNDATION ESTIMATED,0.0,2.806,1.85,0.956,0.027,0.00058,"{'Bayshore Avenue': {'name': 'Bayshore Avenue', 'invert_mllw_ft': 3.75, 'invert_navd88_ft': 2.11, 'depth_in': 0.0, 'status': 'No tidal flooding estimated', 'code': 'GREEN', 'description': 'Southern waterfront roadway. West and east dips flood first.'}, 'Julian Street': {'name': 'Julian Street', 'invert_mllw_ft': 3.78, 'invert_navd88_ft': 2.14, 'depth_in': 0.0, 'status': 'No tidal flooding estimated', 'code': 'GREEN', 'description': 'Connects Daniel Ave to Bayshore Ave. Southern culvert dips to 3.78 ft.'}, 'Daniel Avenue': {'name': 'Daniel Avenue', 'invert_mllw_ft': 3.88, 'invert_navd88_ft': 2.24, 'depth_in': 0.0, 'status': 'No tidal flooding estimated', 'code': 'GREEN', 'description': 'Central community spine. East end dips low; benchmark section at 4.40 ft.'}, 'Allview Street': {'name': 'Allview Street', 'invert_mllw_ft': 4.13, 'invert_navd88_ft': 2.49, 'depth_in': 0.0, 'status': 'No tidal flooding estimated', 'code': 'GREEN', 'description': 'Interior western cross street. Shallow puddling begins above 4.13 ft.'}, 'River Road': {'name': 'River Road', 'invert_mllw_ft': 4.14, 'invert_navd88_ft': 2.5, 'depth_in': 0.0, 'status': 'No tidal flooding estimated', 'code': 'GREEN', 'description': 'North shoreline access road. Mid-section swale dips to 4.14 ft.'}, 'Hobday Street': {'name': 'Hobday Street', 'invert_mllw_ft': 4.22, 'invert_navd88_ft': 2.58, 'depth_in': 0.0, 'status': 'No tidal flooding estimated', 'code': 'GREEN', 'description': 'Interior cross street between Daniel Ave and Bayshore Ave.'}, 'Little Avenue': {'name': 'Little Avenue', 'invert_mllw_ft': 4.23, 'invert_navd88_ft': 2.59, 'depth_in': 0.0, 'status': 'No tidal flooding estimated', 'code': 'GREEN', 'description': 'Interior cross street. Rises towards Daniel Ave northern ridge.'}, 'Bunny Rabbit Lane': {'name': 'Bunny Rabbit Lane', 'invert_mllw_ft': 4.45, 'invert_navd88_ft': 2.81, 'depth_in': 0.0, 'status': 'No tidal flooding estimated', 'code': 'GREEN', 'description': 'Western community boundary lane. Elevated ridge terrain.'}}",GREEN,1.26
2026-10-06 08:00:00 UTC,2026-10-06 04:00:00 EDT,2026,10,6,4,3.11,3.28,1.47,10.62,348.9,15.21,1020.8,60.7,2.04,-10.42,9.09,-5.49,2.139,0.864,1.787,0.923,0.0,FALSE,0,Tier 0 (No modeled inundation),NO INUNDATION ESTIMATED,0.0,3.278,2.327,0.951,-0.028,-0.00061,"{'Bayshore Avenue': {'name': 'Bayshore Avenue', 'invert_mllw_ft': 3.75, 'invert_navd88_ft': 2.11, 'depth_in': 0.0, 'status': 'No tidal flooding estimated', 'code': 'GREEN', 'description': 'Southern waterfront roadway. West and east dips flood first.'}, 'Julian Street': {'name': 'Julian Street', 'invert_mllw_ft': 3.78, 'invert_navd88_ft': 2.14, 'depth_in': 0.0, 'status': 'No tidal flooding estimated', 'code': 'GREEN', 'description': 'Connects Daniel Ave to Bayshore Ave. Southern culvert dips to 3.78 ft.'}, 'Daniel Avenue': {'name': 'Daniel Avenue', 'invert_mllw_ft': 3.88, 'invert_navd88_ft': 2.24, 'depth_in': 0.0, 'status': 'No tidal flooding estimated', 'code': 'GREEN', 'description': 'Central community spine. East end dips low; benchmark section at 4.40 ft.'}, 'Allview Street': {'name': 'Allview Street', 'invert_mllw_ft': 4.13, 'invert_navd88_ft': 2.49, 'depth_in': 0.0, 'status': 'No tidal flooding estimated', 'code': 'GREEN', 'description': 'Interior western cross street. Shallow puddling begins above 4.13 ft.'}, 'River Road': {'name': 'River Road', 'invert_mllw_ft': 4.14, 'invert_navd88_ft': 2.5, 'depth_in': 0.0, 'status': 'No tidal flooding estimated', 'code': 'GREEN', 'description': 'North shoreline access road. Mid-section swale dips to 4.14 ft.'}, 'Hobday Street': {'name': 'Hobday Street', 'invert_mllw_ft': 4.22, 'invert_navd88_ft': 2.58, 'depth_in': 0.0, 'status': 'No tidal flooding estimated', 'code': 'GREEN', 'description': 'Interior cross street between Daniel Ave and Bayshore Ave.'}, 'Little Avenue': {'name': 'Little Avenue', 'invert_mllw_ft': 4.23, 'invert_navd88_ft': 2.59, 'depth_in': 0.0, 'status': 'No tidal flooding estimated', 'code': 'GREEN', 'description': 'Interior cross street. Rises towards Daniel Ave northern ridge.'}, 'Bunny Rabbit Lane': {'name': 'Bunny Rabbit Lane', 'invert_mllw_ft': 4.45, 'invert_navd88_ft': 2.81, 'depth_in': 0.0, 'status': 'No tidal flooding estimated', 'code': 'GREEN', 'description': 'Western community boundary lane. Elevated ridge terrain.'}}",GREEN,1.651
2026-10-06 09:00:00 UTC,2026-10-06 05:00:00 EDT,2026,10,6,5,3.29,3.31,1.65,12.77,349.7,16.11,1021.1,59.3,2.28,-12.56,11.03,-6.44,2.474,1.15,2.05,0.9,0.0,FALSE,0,Tier 0 (No modeled inundation),NO INUNDATION ESTIMATED,0.0,3.513,2.626,0.887,0.013,0.00028,"{'Bayshore Avenue': {'name': 'Bayshore Avenue', 'invert_mllw_ft': 3.75, 'invert_navd88_ft': 2.11, 'depth_in': 0.0, 'status': 'No tidal flooding estimated', 'code': 'GREEN', 'description': 'Southern waterfront roadway. West and east dips flood first.'}, 'Julian Street': {'name': 'Julian Street', 'invert_mllw_ft': 3.78, 'invert_navd88_ft': 2.14, 'depth_in': 0.0, 'status': 'No tidal flooding estimated', 'code': 'GREEN', 'description': 'Connects Daniel Ave to Bayshore Ave. Southern culvert dips to 3.78 ft.'}, 'Daniel Avenue': {'name': 'Daniel Avenue', 'invert_mllw_ft': 3.88, 'invert_navd88_ft': 2.24, 'depth_in': 0.0, 'status': 'No tidal flooding estimated', 'code': 'GREEN', 'description': 'Central community spine. East end dips low; benchmark section at 4.40 ft.'}, 'Allview Street': {'name': 'Allview Street', 'invert_mllw_ft': 4.13, 'invert_navd88_ft': 2.49, 'depth_in': 0.0, 'status': 'No tidal flooding estimated', 'code': 'GREEN', 'description': 'Interior western cross street. Shallow puddling begins above 4.13 ft.'}, 'River Road': {'name': 'River Road', 'invert_mllw_ft': 4.14, 'invert_navd88_ft': 2.5, 'depth_in': 0.0, 'status': 'No tidal flooding estimated', 'code': 'GREEN', 'description': 'North shoreline access road. Mid-section swale dips to 4.14 ft.'}, 'Hobday Street': {'name': 'Hobday Street', 'invert_mllw_ft': 4.22, 'invert_navd88_ft': 2.58, 'depth_in': 0.0, 'status': 'No tidal flooding estimated', 'code': 'GREEN', 'description': 'Interior cross street between Daniel Ave and Bayshore Ave.'}, 'Little Avenue': {'name': 'Little Avenue', 'invert_mllw_ft': 4.23, 'invert_navd88_ft': 2.59, 'depth_in': 0.0, 'status': 'No tidal flooding estimated', 'code': 'GREEN', 'description': 'Interior cross street. Rises towards Daniel Ave northern ridge.'}, 'Bunny Rabbit Lane': {'name': 'Bunny Rabbit Lane', 'invert_mllw_ft': 4.45, 'invert_navd88_ft': 2.81, 'depth_in': 0.0, 'status': 'No tidal flooding estimated', 'code': 'GREEN', 'description': 'Western community boundary lane. Elevated ridge terrain.'}}",GREEN,1.837
2026-10-06 10:00:00 UTC,2026-10-06 06:00:00 EDT,2026,10,6,6,3.16,3.27,1.52,13.44,355.7,17.23,1021.8,57.8,1.01,-13.4,12.25,-5.53,2.573,1.375,2.218,0.843,0.0,FALSE,0,Tier 0 (No modeled inundation),NO INUNDATION ESTIMATED,0.0,3.501,2.698,0.803,0.04,0.00087,"{'Bayshore Avenue': {'name': 'Bayshore Avenue', 'invert_mllw_ft': 3.75, 'invert_navd88_ft': 2.11, 'depth_in': 0.0, 'status': 'No tidal flooding estimated', 'code': 'GREEN', 'description': 'Southern waterfront roadway. West and east dips flood first.'}, 'Julian Street': {'name': 'Julian Street', 'invert_mllw_ft': 3.78, 'invert_navd88_ft': 2.14, 'depth_in': 0.0, 'status': 'No tidal flooding estimated', 'code': 'GREEN', 'description': 'Connects Daniel Ave to Bayshore Ave. Southern culvert dips to 3.78 ft.'}, 'Daniel Avenue': {'name': 'Daniel Avenue', 'invert_mllw_ft': 3.88, 'invert_navd88_ft': 2.24, 'depth_in': 0.0, 'status': 'No tidal flooding estimated', 'code': 'GREEN', 'description': 'Central community spine. East end dips low; benchmark section at 4.40 ft.'}, 'Allview Street': {'name': 'Allview Street', 'invert_mllw_ft': 4.13, 'invert_navd88_ft': 2.49, 'depth_in': 0.0, 'status': 'No tidal flooding estimated', 'code': 'GREEN', 'description': 'Interior western cross street. Shallow puddling begins above 4.13 ft.'}, 'River Road': {'name': 'River Road', 'invert_mllw_ft': 4.14, 'invert_navd88_ft': 2.5, 'depth_in': 0.0, 'status': 'No tidal flooding estimated', 'code': 'GREEN', 'description': 'North shoreline access road. Mid-section swale dips to 4.14 ft.'}, 'Hobday Street': {'name': 'Hobday Street', 'invert_mllw_ft': 4.22, 'invert_navd88_ft': 2.58, 'depth_in': 0.0, 'status': 'No tidal flooding estimated', 'code': 'GREEN', 'description': 'Interior cross street between Daniel Ave and Bayshore Ave.'}, 'Little Avenue': {'name': 'Little Avenue', 'invert_mllw_ft': 4.23, 'invert_navd88_ft': 2.59, 'depth_in': 0.0, 'status': 'No tidal flooding estimated', 'code': 'GREEN', 'description': 'Interior cross street. Rises towards Daniel Ave northern ridge.'}, 'Bunny Rabbit Lane': {'name': 'Bunny Rabbit Lane', 'invert_mllw_ft': 4.45, 'invert_navd88_ft': 2.81, 'depth_in': 0.0, 'status': 'No tidal flooding estimated', 'code': 'GREEN', 'description': 'Western community boundary lane. Elevated ridge terrain.'}}",GREEN,1.808
2026-10-06 11:00:00 UTC,2026-10-06 07:00:00 EDT,2026,10,6,7,2.85,2.98,1.21,14.01,1.6,17.89,1022.2,56.9,-0.39,-14.0,13.29,-4.42,2.437,1.503,2.256,0.753,0.0,FALSE,0,Tier 0 (No modeled inundation),NO INUNDATION ESTIMATED,0.0,3.274,2.529,0.745,0.008,0.00017,"{'Bayshore Avenue': {'name': 'Bayshore Avenue', 'invert_mllw_ft': 3.75, 'invert_navd88_ft': 2.11, 'depth_in': 0.0, 'status': 'No tidal flooding estimated', 'code': 'GREEN', 'description': 'Southern waterfront roadway. West and east dips flood first.'}, 'Julian Street': {'name': 'Julian Street', 'invert_mllw_ft': 3.78, 'invert_navd88_ft': 2.14, 'depth_in': 0.0, 'status': 'No tidal flooding estimated', 'code': 'GREEN', 'description': 'Connects Daniel Ave to Bayshore Ave. Southern culvert dips to 3.78 ft.'}, 'Daniel Avenue': {'name': 'Daniel Avenue', 'invert_mllw_ft': 3.88, 'invert_navd88_ft': 2.24, 'depth_in': 0.0, 'status': 'No tidal flooding estimated', 'code': 'GREEN', 'description': 'Central community spine. East end dips low; benchmark section at 4.40 ft.'}, 'Allview Street': {'name': 'Allview Street', 'invert_mllw_ft': 4.13, 'invert_navd88_ft': 2.49, 'depth_in': 0.0, 'status': 'No tidal flooding estimated', 'code': 'GREEN', 'description': 'Interior western cross street. Shallow puddling begins above 4.13 ft.'}, 'River Road': {'name': 'River Road', 'invert_mllw_ft': 4.14, 'invert_navd88_ft': 2.5, 'depth_in': 0.0, 'status': 'No tidal flooding estimated', 'code': 'GREEN', 'description': 'North shoreline access road. Mid-section swale dips to 4.14 ft.'}, 'Hobday Street': {'name': 'Hobday Street', 'invert_mllw_ft': 4.22, 'invert_navd88_ft': 2.58, 'depth_in': 0.0, 'status': 'No tidal flooding estimated', 'code': 'GREEN', 'description': 'Interior cross street between Daniel Ave and Bayshore Ave.'}, 'Little Avenue': {'name': 'Little Avenue', 'invert_mllw_ft': 4.23, 'invert_navd88_ft': 2.59, 'depth_in': 0.0, 'status': 'No tidal flooding estimated', 'code': 'GREEN', 'description': 'Interior cross street. Rises towards Daniel Ave northern ridge.'}, 'Bunny Rabbit Lane': {'name': 'Bunny Rabbit Lane', 'invert_mllw_ft': 4.45, 'invert_navd88_ft': 2.81, 'depth_in': 0.0, 'status': 'No tidal flooding estimated', 'code': 'GREEN', 'description': 'Western community boundary lane. Elevated ridge terrain.'}}",GREEN,1.523
2026-10-06 12:00:00 UTC,2026-10-06 08:00:00 EDT,2026,10,6,8,2.49,2.67,0.85,12.37,4.5,16.55,1022.7,57.7,-0.97,-12.33,11.92,-3.31,2.099,1.518,2.202,0.684,0.0,FALSE,0,Tier 0 (No modeled inundation),NO INUNDATION ESTIMATED,0.0,2.844,2.128,0.716,-0.032,-0.00069,"{'Bayshore Avenue': {'name': 'Bayshore Avenue', 'invert_mllw_ft': 3.75, 'invert_navd88_ft': 2.11, 'depth_in': 0.0, 'status': 'No tidal flooding estimated', 'code': 'GREEN', 'description': 'Southern waterfront roadway. West and east dips flood first.'}, 'Julian Street': {'name': 'Julian Street', 'invert_mllw_ft': 3.78, 'invert_navd88_ft': 2.14, 'depth_in': 0.0, 'status': 'No tidal flooding estimated', 'code': 'GREEN', 'description': 'Connects Daniel Ave to Bayshore Ave. Southern culvert dips to 3.78 ft.'}, 'Daniel Avenue': {'name': 'Daniel Avenue', 'invert_mllw_ft': 3.88, 'invert_navd88_ft': 2.24, 'depth_in': 0.0, 'status': 'No tidal flooding estimated', 'code': 'GREEN', 'description': 'Central community spine. East end dips low; benchmark section at 4.40 ft.'}, 'Allview Street': {'name': 'Allview Street', 'invert_mllw_ft': 4.13, 'invert_navd88_ft': 2.49, 'depth_in': 0.0, 'status': 'No tidal flooding estimated', 'code': 'GREEN', 'description': 'Interior western cross street. Shallow puddling begins above 4.13 ft.'}, 'River Road': {'name': 'River Road', 'invert_mllw_ft': 4.14, 'invert_navd88_ft': 2.5, 'depth_in': 0.0, 'status': 'No tidal flooding estimated', 'code': 'GREEN', 'description': 'North shoreline access road. Mid-section swale dips to 4.14 ft.'}, 'Hobday Street': {'name': 'Hobday Street', 'invert_mllw_ft': 4.22, 'invert_navd88_ft': 2.58, 'depth_in': 0.0, 'status': 'No tidal flooding estimated', 'code': 'GREEN', 'description': 'Interior cross street between Daniel Ave and Bayshore Ave.'}, 'Little Avenue': {'name': 'Little Avenue', 'invert_mllw_ft': 4.23, 'invert_navd88_ft': 2.59, 'depth_in': 0.0, 'status': 'No tidal flooding estimated', 'code': 'GREEN', 'description': 'Interior cross street. Rises towards Daniel Ave northern ridge.'}, 'Bunny Rabbit Lane': {'name': 'Bunny Rabbit Lane', 'invert_mllw_ft': 4.45, 'invert_navd88_ft': 2.81, 'depth_in': 0.0, 'status': 'No tidal flooding estimated', 'code': 'GREEN', 'description': 'Western community boundary lane. Elevated ridge terrain.'}}",GREEN,1.019
2026-10-06 13:00:00 UTC,2026-10-06 09:00:00 EDT,2026,10,6,9,1.99,2.25,0.35,11.14,21.2,19.91,1023.0,60.5,-4.03,-10.39,11.14,0.23,1.619,1.412,2.025,0.613,0.0,FALSE,0,Tier 0 (No modeled inundation),NO INUNDATION ESTIMATED,0.0,2.303,1.59,0.713,-0.1,-0.00216,"{'Bayshore Avenue': {'name': 'Bayshore Avenue', 'invert_mllw_ft': 3.75, 'invert_navd88_ft': 2.11, 'depth_in': 0.0, 'status': 'No tidal flooding estimated', 'code': 'GREEN', 'description': 'Southern waterfront roadway. West and east dips flood first.'}, 'Julian Street': {'name': 'Julian Street', 'invert_mllw_ft': 3.78, 'invert_navd88_ft': 2.14, 'depth_in': 0.0, 'status': 'No tidal flooding estimated', 'code': 'GREEN', 'description': 'Connects Daniel Ave to Bayshore Ave. Southern culvert dips to 3.78 ft.'}, 'Daniel Avenue': {'name': 'Daniel Avenue', 'invert_mllw_ft': 3.88, 'invert_navd88_ft': 2.24, 'depth_in': 0.0, 'status': 'No tidal flooding estimated', 'code': 'GREEN', 'description': 'Central community spine. East end dips low; benchmark section at 4.40 ft.'}, 'Allview Street': {'name': 'Allview Street', 'invert_mllw_ft': 4.13, 'invert_navd88_ft': 2.49, 'depth_in': 0.0, 'status': 'No tidal flooding estimated', 'code': 'GREEN', 'description': 'Interior western cross street. Shallow puddling begins above 4.13 ft.'}, 'River Road': {'name': 'River Road', 'invert_mllw_ft': 4.14, 'invert_navd88_ft': 2.5, 'depth_in': 0.0, 'status': 'No tidal flooding estimated', 'code': 'GREEN', 'description': 'North shoreline access road. Mid-section swale dips to 4.14 ft.'}, 'Hobday Street': {'name': 'Hobday Street', 'invert_mllw_ft': 4.22, 'invert_navd88_ft': 2.58, 'depth_in': 0.0, 'status': 'No tidal flooding estimated', 'code': 'GREEN', 'description': 'Interior cross street between Daniel Ave and Bayshore Ave.'}, 'Little Avenue': {'name': 'Little Avenue', 'invert_mllw_ft': 4.23, 'invert_navd88_ft': 2.59, 'depth_in': 0.0, 'status': 'No tidal flooding estimated', 'code': 'GREEN', 'description': 'Interior cross street. Rises towards Daniel Ave northern ridge.'}, 'Bunny Rabbit Lane': {'name': 'Bunny Rabbit Lane', 'invert_mllw_ft': 4.45, 'invert_navd88_ft': 2.81, 'depth_in': 0.0, 'status': 'No tidal flooding estimated', 'code': 'GREEN', 'description': 'Western community boundary lane. Elevated ridge terrain.'}}",GREEN,0.438
2026-10-06 14:00:00 UTC,2026-10-06 10:00:00 EDT,2026,10,6,10,1.6,1.71,-0.04,14.14,34.1,20.13,1023.4,62.0,-7.93,-11.71,13.71,3.44,1.12,1.2,1.755,0.555,0.0,FALSE,0,Tier 0 (No modeled inundation),NO INUNDATION ESTIMATED,0.0,1.746,1.065,0.681,-0.126,-0.00273,"{'Bayshore Avenue': {'name': 'Bayshore Avenue', 'invert_mllw_ft': 3.75, 'invert_navd88_ft': 2.11, 'depth_in': 0.0, 'status': 'No tidal flooding estimated', 'code': 'GREEN', 'description': 'Southern waterfront roadway. West and east dips flood first.'}, 'Julian Street': {'name': 'Julian Street', 'invert_mllw_ft': 3.78, 'invert_navd88_ft': 2.14, 'depth_in': 0.0, 'status': 'No tidal flooding estimated', 'code': 'GREEN', 'description': 'Connects Daniel Ave to Bayshore Ave. Southern culvert dips to 3.78 ft.'}, 'Daniel Avenue': {'name': 'Daniel Avenue', 'invert_mllw_ft': 3.88, 'invert_navd88_ft': 2.24, 'depth_in': 0.0, 'status': 'No tidal flooding estimated', 'code': 'GREEN', 'description': 'Central community spine. East end dips low; benchmark section at 4.40 ft.'}, 'Allview Street': {'name': 'Allview Street', 'invert_mllw_ft': 4.13, 'invert_navd88_ft': 2.49, 'depth_in': 0.0, 'status': 'No tidal flooding estimated', 'code': 'GREEN', 'description': 'Interior western cross street. Shallow puddling begins above 4.13 ft.'}, 'River Road': {'name': 'River Road', 'invert_mllw_ft': 4.14, 'invert_navd88_ft': 2.5, 'depth_in': 0.0, 'status': 'No tidal flooding estimated', 'code': 'GREEN', 'description': 'North shoreline access road. Mid-section swale dips to 4.14 ft.'}, 'Hobday Street': {'name': 'Hobday Street', 'invert_mllw_ft': 4.22, 'invert_navd88_ft': 2.58, 'depth_in': 0.0, 'status': 'No tidal flooding estimated', 'code': 'GREEN', 'description': 'Interior cross street between Daniel Ave and Bayshore Ave.'}, 'Little Avenue': {'name': 'Little Avenue', 'invert_mllw_ft': 4.23, 'invert_navd88_ft': 2.59, 'depth_in': 0.0, 'status': 'No tidal flooding estimated', 'code': 'GREEN', 'description': 'Interior cross street. Rises towards Daniel Ave northern ridge.'}, 'Bunny Rabbit Lane': {'name': 'Bunny Rabbit Lane', 'invert_mllw_ft': 4.45, 'invert_navd88_ft': 2.81, 'depth_in': 0.0, 'status': 'No tidal flooding estimated', 'code': 'GREEN', 'description': 'Western community boundary lane. Elevated ridge terrain.'}}",GREEN,0.035
2026-10-06 15:00:00 UTC,2026-10-06 11:00:00 EDT,2026,10,6,11,1.23,1.31,-0.41,10.65,31.2,17.23,1023.4,62.4,-5.52,-9.11,10.45,2.07,0.743,0.938,1.454,0.516,0.0,FALSE,0,Tier 0 (No modeled inundation),NO INUNDATION ESTIMATED,0.0,1.317,0.689,0.628,-0.112,-0.00242,"{'Bayshore Avenue': {'name': 'Bayshore Avenue', 'invert_mllw_ft': 3.75, 'invert_navd88_ft': 2.11, 'depth_in': 0.0, 'status': 'No tidal flooding estimated', 'code': 'GREEN', 'description': 'Southern waterfront roadway. West and east dips flood first.'}, 'Julian Street': {'name': 'Julian Street', 'invert_mllw_ft': 3.78, 'invert_navd88_ft': 2.14, 'depth_in': 0.0, 'status': 'No tidal flooding estimated', 'code': 'GREEN', 'description': 'Connects Daniel Ave to Bayshore Ave. Southern culvert dips to 3.78 ft.'}, 'Daniel Avenue': {'name': 'Daniel Avenue', 'invert_mllw_ft': 3.88, 'invert_navd88_ft': 2.24, 'depth_in': 0.0, 'status': 'No tidal flooding estimated', 'code': 'GREEN', 'description': 'Central community spine. East end dips low; benchmark section at 4.40 ft.'}, 'Allview Street': {'name': 'Allview Street', 'invert_mllw_ft': 4.13, 'invert_navd88_ft': 2.49, 'depth_in': 0.0, 'status': 'No tidal flooding estimated', 'code': 'GREEN', 'description': 'Interior western cross street. Shallow puddling begins above 4.13 ft.'}, 'River Road': {'name': 'River Road', 'invert_mllw_ft': 4.14, 'invert_navd88_ft': 2.5, 'depth_in': 0.0, 'status': 'No tidal flooding estimated', 'code': 'GREEN', 'description': 'North shoreline access road. Mid-section swale dips to 4.14 ft.'}, 'Hobday Street': {'name': 'Hobday Street', 'invert_mllw_ft': 4.22, 'invert_navd88_ft': 2.58, 'depth_in': 0.0, 'status': 'No tidal flooding estimated', 'code': 'GREEN', 'description': 'Interior cross street between Daniel Ave and Bayshore Ave.'}, 'Little Avenue': {'name': 'Little Avenue', 'invert_mllw_ft': 4.23, 'invert_navd88_ft': 2.59, 'depth_in': 0.0, 'status': 'No tidal flooding estimated', 'code': 'GREEN', 'description': 'Interior cross street. Rises towards Daniel Ave northern ridge.'}, 'Bunny Rabbit Lane': {'name': 'Bunny Rabbit Lane', 'invert_mllw_ft': 4.45, 'invert_navd88_ft': 2.81, 'depth_in': 0.0, 'status': 'No tidal flooding estimated', 'code': 'GREEN', 'description': 'Western community boundary lane. Elevated ridge terrain.'}}",GREEN,-0.42
2026-10-06 16:00:00 UTC,2026-10-06 12:00:00 EDT,2026,10,6,12,1.09,1.12,-0.55,8.23,18.3,14.76,1022.9,62.7,-2.58,-7.81,8.23,-0.24,0.592,0.691,1.191,0.5,0.0,FALSE,0,Tier 0 (No modeled inundation),NO INUNDATION ESTIMATED,0.0,1.125,0.569,0.556,-0.056,-0.00121,"{'Bayshore Avenue': {'name': 'Bayshore Avenue', 'invert_mllw_ft': 3.75, 'invert_navd88_ft': 2.11, 'depth_in': 0.0, 'status': 'No tidal flooding estimated', 'code': 'GREEN', 'description': 'Southern waterfront roadway. West and east dips flood first.'}, 'Julian Street': {'name': 'Julian Street', 'invert_mllw_ft': 3.78, 'invert_navd88_ft': 2.14, 'depth_in': 0.0, 'status': 'No tidal flooding estimated', 'code': 'GREEN', 'description': 'Connects Daniel Ave to Bayshore Ave. Southern culvert dips to 3.78 ft.'}, 'Daniel Avenue': {'name': 'Daniel Avenue', 'invert_mllw_ft': 3.88, 'invert_navd88_ft': 2.24, 'depth_in': 0.0, 'status': 'No tidal flooding estimated', 'code': 'GREEN', 'description': 'Central community spine. East end dips low; benchmark section at 4.40 ft.'}, 'Allview Street': {'name': 'Allview Street', 'invert_mllw_ft': 4.13, 'invert_navd88_ft': 2.49, 'depth_in': 0.0, 'status': 'No tidal flooding estimated', 'code': 'GREEN', 'description': 'Interior western cross street. Shallow puddling begins above 4.13 ft.'}, 'River Road': {'name': 'River Road', 'invert_mllw_ft': 4.14, 'invert_navd88_ft': 2.5, 'depth_in': 0.0, 'status': 'No tidal flooding estimated', 'code': 'GREEN', 'description': 'North shoreline access road. Mid-section swale dips to 4.14 ft.'}, 'Hobday Street': {'name': 'Hobday Street', 'invert_mllw_ft': 4.22, 'invert_navd88_ft': 2.58, 'depth_in': 0.0, 'status': 'No tidal flooding estimated', 'code': 'GREEN', 'description': 'Interior cross street between Daniel Ave and Bayshore Ave.'}, 'Little Avenue': {'name': 'Little Avenue', 'invert_mllw_ft': 4.23, 'invert_navd88_ft': 2.59, 'depth_in': 0.0, 'status': 'No tidal flooding estimated', 'code': 'GREEN', 'description': 'Interior cross street. Rises towards Daniel Ave northern ridge.'}, 'Bunny Rabbit Lane': {'name': 'Bunny Rabbit Lane', 'invert_mllw_ft': 4.45, 'invert_navd88_ft': 2.81, 'depth_in': 0.0, 'status': 'No tidal flooding estimated', 'code': 'GREEN', 'description': 'Western community boundary lane. Elevated ridge terrain.'}}",GREEN,-0.547
2026-10-06 17:00:00 UTC,2026-10-06 13:00:00 EDT,2026,10,6,13,1.18,1.29,-0.46,4.92,45.6,11.63,1022.1,63.3,-3.52,-3.44,4.44,2.13,0.703,0.508,1.021,0.513,0.0,FALSE,0,Tier 0 (No modeled inundation),NO INUNDATION ESTIMATED,0.0,1.258,0.758,0.5,0.013,0.00028,"{'Bayshore Avenue': {'name': 'Bayshore Avenue', 'invert_mllw_ft': 3.75, 'invert_navd88_ft': 2.11, 'depth_in': 0.0, 'status': 'No tidal flooding estimated', 'code': 'GREEN', 'description': 'Southern waterfront roadway. West and east dips flood first.'}, 'Julian Street': {'name': 'Julian Street', 'invert_mllw_ft': 3.78, 'invert_navd88_ft': 2.14, 'depth_in': 0.0, 'status': 'No tidal flooding estimated', 'code': 'GREEN', 'description': 'Connects Daniel Ave to Bayshore Ave. Southern culvert dips to 3.78 ft.'}, 'Daniel Avenue': {'name': 'Daniel Avenue', 'invert_mllw_ft': 3.88, 'invert_navd88_ft': 2.24, 'depth_in': 0.0, 'status': 'No tidal flooding estimated', 'code': 'GREEN', 'description': 'Central community spine. East end dips low; benchmark section at 4.40 ft.'}, 'Allview Street': {'name': 'Allview Street', 'invert_mllw_ft': 4.13, 'invert_navd88_ft': 2.49, 'depth_in': 0.0, 'status': 'No tidal flooding estimated', 'code': 'GREEN', 'description': 'Interior western cross street. Shallow puddling begins above 4.13 ft.'}, 'River Road': {'name': 'River Road', 'invert_mllw_ft': 4.14, 'invert_navd88_ft': 2.5, 'depth_in': 0.0, 'status': 'No tidal flooding estimated', 'code': 'GREEN', 'description': 'North shoreline access road. Mid-section swale dips to 4.14 ft.'}, 'Hobday Street': {'name': 'Hobday Street', 'invert_mllw_ft': 4.22, 'invert_navd88_ft': 2.58, 'depth_in': 0.0, 'status': 'No tidal flooding estimated', 'code': 'GREEN', 'description': 'Interior cross street between Daniel Ave and Bayshore Ave.'}, 'Little Avenue': {'name': 'Little Avenue', 'invert_mllw_ft': 4.23, 'invert_navd88_ft': 2.59, 'depth_in': 0.0, 'status': 'No tidal flooding estimated', 'code': 'GREEN', 'description': 'Interior cross street. Rises towards Daniel Ave northern ridge.'}, 'Bunny Rabbit Lane': {'name': 'Bunny Rabbit Lane', 'invert_mllw_ft': 4.45, 'invert_navd88_ft': 2.81, 'depth_in': 0.0, 'status': 'No tidal flooding estimated', 'code': 'GREEN', 'description': 'Western community boundary lane. Elevated ridge terrain.'}}",GREEN,-0.308
2026-10-06 18:00:00 UTC,2026-10-06 14:00:00 EDT,2026,10,6,14,1.54,1.75,-0.1,6.31,78.0,11.4,1021.2,64.0,-6.17,-1.31,3.34,5.35,1.062,0.438,0.955,0.517,0.0,FALSE,0,Tier 0 (No modeled inundation),NO INUNDATION ESTIMATED,0.0,1.679,1.203,0.476,0.041,0.00089,"{'Bayshore Avenue': {'name': 'Bayshore Avenue', 'invert_mllw_ft': 3.75, 'invert_navd88_ft': 2.11, 'depth_in': 0.0, 'status': 'No tidal flooding estimated', 'code': 'GREEN', 'description': 'Southern waterfront roadway. West and east dips flood first.'}, 'Julian Street': {'name': 'Julian Street', 'invert_mllw_ft': 3.78, 'invert_navd88_ft': 2.14, 'depth_in': 0.0, 'status': 'No tidal flooding estimated', 'code': 'GREEN', 'description': 'Connects Daniel Ave to Bayshore Ave. Southern culvert dips to 3.78 ft.'}, 'Daniel Avenue': {'name': 'Daniel Avenue', 'invert_mllw_ft': 3.88, 'invert_navd88_ft': 2.24, 'depth_in': 0.0, 'status': 'No tidal flooding estimated', 'code': 'GREEN', 'description': 'Central community spine. East end dips low; benchmark section at 4.40 ft.'}, 'Allview Street': {'name': 'Allview Street', 'invert_mllw_ft': 4.13, 'invert_navd88_ft': 2.49, 'depth_in': 0.0, 'status': 'No tidal flooding estimated', 'code': 'GREEN', 'description': 'Interior western cross street. Shallow puddling begins above 4.13 ft.'}, 'River Road': {'name': 'River Road', 'invert_mllw_ft': 4.14, 'invert_navd88_ft': 2.5, 'depth_in': 0.0, 'status': 'No tidal flooding estimated', 'code': 'GREEN', 'description': 'North shoreline access road. Mid-section swale dips to 4.14 ft.'}, 'Hobday Street': {'name': 'Hobday Street', 'invert_mllw_ft': 4.22, 'invert_navd88_ft': 2.58, 'depth_in': 0.0, 'status': 'No tidal flooding estimated', 'code': 'GREEN', 'description': 'Interior cross street between Daniel Ave and Bayshore Ave.'}, 'Little Avenue': {'name': 'Little Avenue', 'invert_mllw_ft': 4.23, 'invert_navd88_ft': 2.59, 'depth_in': 0.0, 'status': 'No tidal flooding estimated', 'code': 'GREEN', 'description': 'Interior cross street. Rises towards Daniel Ave northern ridge.'}, 'Bunny Rabbit Lane': {'name': 'Bunny Rabbit Lane', 'invert_mllw_ft': 4.45, 'invert_navd88_ft': 2.81, 'depth_in': 0.0, 'status': 'No tidal flooding estimated', 'code': 'GREEN', 'description': 'Western community boundary lane. Elevated ridge terrain.'}}",GREEN,0.172
2026-10-06 19:00:00 UTC,2026-10-06 15:00:00 EDT,2026,10,6,15,2.09,2.39,0.45,8.57,85.8,12.75,1020.6,63.6,-8.55,-0.63,3.51,7.82,1.597,0.526,1.025,0.499,0.0,FALSE,0,Tier 0 (No modeled inundation),NO INUNDATION ESTIMATED,0.0,2.253,1.783,0.47,0.029,0.00063,"{'Bayshore Avenue': {'name': 'Bayshore Avenue', 'invert_mllw_ft': 3.75, 'invert_navd88_ft': 2.11, 'depth_in': 0.0, 'status': 'No tidal flooding estimated', 'code': 'GREEN', 'description': 'Southern waterfront roadway. West and east dips flood first.'}, 'Julian Street': {'name': 'Julian Street', 'invert_mllw_ft': 3.78, 'invert_navd88_ft': 2.14, 'depth_in': 0.0, 'status': 'No tidal flooding estimated', 'code': 'GREEN', 'description': 'Connects Daniel Ave to Bayshore Ave. Southern culvert dips to 3.78 ft.'}, 'Daniel Avenue': {'name': 'Daniel Avenue', 'invert_mllw_ft': 3.88, 'invert_navd88_ft': 2.24, 'depth_in': 0.0, 'status': 'No tidal flooding estimated', 'code': 'GREEN', 'description': 'Central community spine. East end dips low; benchmark section at 4.40 ft.'}, 'Allview Street': {'name': 'Allview Street', 'invert_mllw_ft': 4.13, 'invert_navd88_ft': 2.49, 'depth_in': 0.0, 'status': 'No tidal flooding estimated', 'code': 'GREEN', 'description': 'Interior western cross street. Shallow puddling begins above 4.13 ft.'}, 'River Road': {'name': 'River Road', 'invert_mllw_ft': 4.14, 'invert_navd88_ft': 2.5, 'depth_in': 0.0, 'status': 'No tidal flooding estimated', 'code': 'GREEN', 'description': 'North shoreline access road. Mid-section swale dips to 4.14 ft.'}, 'Hobday Street': {'name': 'Hobday Street', 'invert_mllw_ft': 4.22, 'invert_navd88_ft': 2.58, 'depth_in': 0.0, 'status': 'No tidal flooding estimated', 'code': 'GREEN', 'description': 'Interior cross street between Daniel Ave and Bayshore Ave.'}, 'Little Avenue': {'name': 'Little Avenue', 'invert_mllw_ft': 4.23, 'invert_navd88_ft': 2.59, 'depth_in': 0.0, 'status': 'No tidal flooding estimated', 'code': 'GREEN', 'description': 'Interior cross street. Rises towards Daniel Ave northern ridge.'}, 'Bunny Rabbit Lane': {'name': 'Bunny Rabbit Lane', 'invert_mllw_ft': 4.45, 'invert_navd88_ft': 2.81, 'depth_in': 0.0, 'status': 'No tidal flooding estimated', 'code': 'GREEN', 'description': 'Western community boundary lane. Elevated ridge terrain.'}}",GREEN,0.744
2026-10-06 20:00:00 UTC,2026-10-06 16:00:00 EDT,2026,10,6,16,2.71,2.89,1.07,9.82,79.6,13.65,1020.0,63.0,-9.66,-1.77,4.97,8.47,2.167,0.767,1.258,0.491,0.0,FALSE,0,Tier 0 (No modeled inundation),NO INUNDATION ESTIMATED,0.0,2.803,2.351,0.452,0.039,0.00084,"{'Bayshore Avenue': {'name': 'Bayshore Avenue', 'invert_mllw_ft': 3.75, 'invert_navd88_ft': 2.11, 'depth_in': 0.0, 'status': 'No tidal flooding estimated', 'code': 'GREEN', 'description': 'Southern waterfront roadway. West and east dips flood first.'}, 'Julian Street': {'name': 'Julian Street', 'invert_mllw_ft': 3.78, 'invert_navd88_ft': 2.14, 'depth_in': 0.0, 'status': 'No tidal flooding estimated', 'code': 'GREEN', 'description': 'Connects Daniel Ave to Bayshore Ave. Southern culvert dips to 3.78 ft.'}, 'Daniel Avenue': {'name': 'Daniel Avenue', 'invert_mllw_ft': 3.88, 'invert_navd88_ft': 2.24, 'depth_in': 0.0, 'status': 'No tidal flooding estimated', 'code': 'GREEN', 'description': 'Central community spine. East end dips low; benchmark section at 4.40 ft.'}, 'Allview Street': {'name': 'Allview Street', 'invert_mllw_ft': 4.13, 'invert_navd88_ft': 2.49, 'depth_in': 0.0, 'status': 'No tidal flooding estimated', 'code': 'GREEN', 'description': 'Interior western cross street. Shallow puddling begins above 4.13 ft.'}, 'River Road': {'name': 'River Road', 'invert_mllw_ft': 4.14, 'invert_navd88_ft': 2.5, 'depth_in': 0.0, 'status': 'No tidal flooding estimated', 'code': 'GREEN', 'description': 'North shoreline access road. Mid-section swale dips to 4.14 ft.'}, 'Hobday Street': {'name': 'Hobday Street', 'invert_mllw_ft': 4.22, 'invert_navd88_ft': 2.58, 'depth_in': 0.0, 'status': 'No tidal flooding estimated', 'code': 'GREEN', 'description': 'Interior cross street between Daniel Ave and Bayshore Ave.'}, 'Little Avenue': {'name': 'Little Avenue', 'invert_mllw_ft': 4.23, 'invert_navd88_ft': 2.59, 'depth_in': 0.0, 'status': 'No tidal flooding estimated', 'code': 'GREEN', 'description': 'Interior cross street. Rises towards Daniel Ave northern ridge.'}, 'Bunny Rabbit Lane': {'name': 'Bunny Rabbit Lane', 'invert_mllw_ft': 4.45, 'invert_navd88_ft': 2.81, 'depth_in': 0.0, 'status': 'No tidal flooding estimated', 'code': 'GREEN', 'description': 'Western community boundary lane. Elevated ridge terrain.'}}",GREEN,1.23
2026-10-06 21:00:00 UTC,2026-10-06 17:00:00 EDT,2026,10,6,17,3.05,3.1,1.41,7.76,84.4,12.08,1019.9,63.3,-7.72,-0.76,3.35,7.0,2.613,1.077,1.55,0.473,0.0,FALSE,0,Tier 0 (No modeled inundation),NO INUNDATION ESTIMATED,0.0,3.174,2.771,0.403,0.07,0.00152,"{'Bayshore Avenue': {'name': 'Bayshore Avenue', 'invert_mllw_ft': 3.75, 'invert_navd88_ft': 2.11, 'depth_in': 0.0, 'status': 'No tidal flooding estimated', 'code': 'GREEN', 'description': 'Southern waterfront roadway. West and east dips flood first.'}, 'Julian Street': {'name': 'Julian Street', 'invert_mllw_ft': 3.78, 'invert_navd88_ft': 2.14, 'depth_in': 0.0, 'status': 'No tidal flooding estimated', 'code': 'GREEN', 'description': 'Connects Daniel Ave to Bayshore Ave. Southern culvert dips to 3.78 ft.'}, 'Daniel Avenue': {'name': 'Daniel Avenue', 'invert_mllw_ft': 3.88, 'invert_navd88_ft': 2.24, 'depth_in': 0.0, 'status': 'No tidal flooding estimated', 'code': 'GREEN', 'description': 'Central community spine. East end dips low; benchmark section at 4.40 ft.'}, 'Allview Street': {'name': 'Allview Street', 'invert_mllw_ft': 4.13, 'invert_navd88_ft': 2.49, 'depth_in': 0.0, 'status': 'No tidal flooding estimated', 'code': 'GREEN', 'description': 'Interior western cross street. Shallow puddling begins above 4.13 ft.'}, 'River Road': {'name': 'River Road', 'invert_mllw_ft': 4.14, 'invert_navd88_ft': 2.5, 'depth_in': 0.0, 'status': 'No tidal flooding estimated', 'code': 'GREEN', 'description': 'North shoreline access road. Mid-section swale dips to 4.14 ft.'}, 'Hobday Street': {'name': 'Hobday Street', 'invert_mllw_ft': 4.22, 'invert_navd88_ft': 2.58, 'depth_in': 0.0, 'status': 'No tidal flooding estimated', 'code': 'GREEN', 'description': 'Interior cross street between Daniel Ave and Bayshore Ave.'}, 'Little Avenue': {'name': 'Little Avenue', 'invert_mllw_ft': 4.23, 'invert_navd88_ft': 2.59, 'depth_in': 0.0, 'status': 'No tidal flooding estimated', 'code': 'GREEN', 'description': 'Interior cross street. Rises towards Daniel Ave northern ridge.'}, 'Bunny Rabbit Lane': {'name': 'Bunny Rabbit Lane', 'invert_mllw_ft': 4.45, 'invert_navd88_ft': 2.81, 'depth_in': 0.0, 'status': 'No tidal flooding estimated', 'code': 'GREEN', 'description': 'Western community boundary lane. Elevated ridge terrain.'}}",GREEN,1.572
2026-10-06 22:00:00 UTC,2026-10-06 18:00:00 EDT,2026,10,6,18,3.06,3.09,1.42,6.56,86.5,10.52,1019.6,63.0,-6.55,-0.4,2.62,6.02,2.831,1.355,1.774,0.419,0.0,FALSE,0,Tier 0 (No modeled inundation),NO INUNDATION ESTIMATED,0.0,3.343,2.961,0.382,0.037,0.0008,"{'Bayshore Avenue': {'name': 'Bayshore Avenue', 'invert_mllw_ft': 3.75, 'invert_navd88_ft': 2.11, 'depth_in': 0.0, 'status': 'No tidal flooding estimated', 'code': 'GREEN', 'description': 'Southern waterfront roadway. West and east dips flood first.'}, 'Julian Street': {'name': 'Julian Street', 'invert_mllw_ft': 3.78, 'invert_navd88_ft': 2.14, 'depth_in': 0.0, 'status': 'No tidal flooding estimated', 'code': 'GREEN', 'description': 'Connects Daniel Ave to Bayshore Ave. Southern culvert dips to 3.78 ft.'}, 'Daniel Avenue': {'name': 'Daniel Avenue', 'invert_mllw_ft': 3.88, 'invert_navd88_ft': 2.24, 'depth_in': 0.0, 'status': 'No tidal flooding estimated', 'code': 'GREEN', 'description': 'Central community spine. East end dips low; benchmark section at 4.40 ft.'}, 'Allview Street': {'name': 'Allview Street', 'invert_mllw_ft': 4.13, 'invert_navd88_ft': 2.49, 'depth_in': 0.0, 'status': 'No tidal flooding estimated', 'code': 'GREEN', 'description': 'Interior western cross street. Shallow puddling begins above 4.13 ft.'}, 'River Road': {'name': 'River Road', 'invert_mllw_ft': 4.14, 'invert_navd88_ft': 2.5, 'depth_in': 0.0, 'status': 'No tidal flooding estimated', 'code': 'GREEN', 'description': 'North shoreline access road. Mid-section swale dips to 4.14 ft.'}, 'Hobday Street': {'name': 'Hobday Street', 'invert_mllw_ft': 4.22, 'invert_navd88_ft': 2.58, 'depth_in': 0.0, 'status': 'No tidal flooding estimated', 'code': 'GREEN', 'description': 'Interior cross street between Daniel Ave and Bayshore Ave.'}, 'Little Avenue': {'name': 'Little Avenue', 'invert_mllw_ft': 4.23, 'invert_navd88_ft': 2.59, 'depth_in': 0.0, 'status': 'No tidal flooding estimated', 'code': 'GREEN', 'description': 'Interior cross street. Rises towards Daniel Ave northern ridge.'}, 'Bunny Rabbit Lane': {'name': 'Bunny Rabbit Lane', 'invert_mllw_ft': 4.45, 'invert_navd88_ft': 2.81, 'depth_in': 0.0, 'status': 'No tidal flooding estimated', 'code': 'GREEN', 'description': 'Western community boundary lane. Elevated ridge terrain.'}}",GREEN,1.704
2026-10-06 23:00:00 UTC,2026-10-06 19:00:00 EDT,2026,10,6,19,2.88,2.99,1.24,5.26,94.7,9.17,1019.6,62.4,-5.24,0.43,1.39,5.07,2.792,1.542,1.922,0.38,0.0,FALSE,0,Tier 0 (No modeled inundation),NO INUNDATION ESTIMATED,0.0,3.249,2.9,0.349,0.031,0.00067,"{'Bayshore Avenue': {'name': 'Bayshore Avenue', 'invert_mllw_ft': 3.75, 'invert_navd88_ft': 2.11, 'depth_in': 0.0, 'status': 'No tidal flooding estimated', 'code': 'GREEN', 'description': 'Southern waterfront roadway. West and east dips flood first.'}, 'Julian Street': {'name': 'Julian Street', 'invert_mllw_ft': 3.78, 'invert_navd88_ft': 2.14, 'depth_in': 0.0, 'status': 'No tidal flooding estimated', 'code': 'GREEN', 'description': 'Connects Daniel Ave to Bayshore Ave. Southern culvert dips to 3.78 ft.'}, 'Daniel Avenue': {'name': 'Daniel Avenue', 'invert_mllw_ft': 3.88, 'invert_navd88_ft': 2.24, 'depth_in': 0.0, 'status': 'No tidal flooding estimated', 'code': 'GREEN', 'description': 'Central community spine. East end dips low; benchmark section at 4.40 ft.'}, 'Allview Street': {'name': 'Allview Street', 'invert_mllw_ft': 4.13, 'invert_navd88_ft': 2.49, 'depth_in': 0.0, 'status': 'No tidal flooding estimated', 'code': 'GREEN', 'description': 'Interior western cross street. Shallow puddling begins above 4.13 ft.'}, 'River Road': {'name': 'River Road', 'invert_mllw_ft': 4.14, 'invert_navd88_ft': 2.5, 'depth_in': 0.0, 'status': 'No tidal flooding estimated', 'code': 'GREEN', 'description': 'North shoreline access road. Mid-section swale dips to 4.14 ft.'}, 'Hobday Street': {'name': 'Hobday Street', 'invert_mllw_ft': 4.22, 'invert_navd88_ft': 2.58, 'depth_in': 0.0, 'status': 'No tidal flooding estimated', 'code': 'GREEN', 'description': 'Interior cross street between Daniel Ave and Bayshore Ave.'}, 'Little Avenue': {'name': 'Little Avenue', 'invert_mllw_ft': 4.23, 'invert_navd88_ft': 2.59, 'depth_in': 0.0, 'status': 'No tidal flooding estimated', 'code': 'GREEN', 'description': 'Interior cross street. Rises towards Daniel Ave northern ridge.'}, 'Bunny Rabbit Lane': {'name': 'Bunny Rabbit Lane', 'invert_mllw_ft': 4.45, 'invert_navd88_ft': 2.81, 'depth_in': 0.0, 'status': 'No tidal flooding estimated', 'code': 'GREEN', 'description': 'Western community boundary lane. Elevated ridge terrain.'}}",GREEN,1.58
2026-10-07 00:00:00 UTC,2026-10-06 20:00:00 EDT,2026,10,6,20,2.53,2.71,0.89,3.42,173.8,6.71,1019.8,59.9,-0.37,3.4,-3.07,1.51,2.518,1.621,1.965,0.344,0.0,FALSE,0,Tier 0 (No modeled inundation),NO INUNDATION ESTIMATED,0.0,2.916,2.581,0.335,0.009,0.00019,"{'Bayshore Avenue': {'name': 'Bayshore Avenue', 'invert_mllw_ft': 3.75, 'invert_navd88_ft': 2.11, 'depth_in': 0.0, 'status': 'No tidal flooding estimated', 'code': 'GREEN', 'description': 'Southern waterfront roadway. West and east dips flood first.'}, 'Julian Street': {'name': 'Julian Street', 'invert_mllw_ft': 3.78, 'invert_navd88_ft': 2.14, 'depth_in': 0.0, 'status': 'No tidal flooding estimated', 'code': 'GREEN', 'description': 'Connects Daniel Ave to Bayshore Ave. Southern culvert dips to 3.78 ft.'}, 'Daniel Avenue': {'name': 'Daniel Avenue', 'invert_mllw_ft': 3.88, 'invert_navd88_ft': 2.24, 'depth_in': 0.0, 'status': 'No tidal flooding estimated', 'code': 'GREEN', 'description': 'Central community spine. East end dips low; benchmark section at 4.40 ft.'}, 'Allview Street': {'name': 'Allview Street', 'invert_mllw_ft': 4.13, 'invert_navd88_ft': 2.49, 'depth_in': 0.0, 'status': 'No tidal flooding estimated', 'code': 'GREEN', 'description': 'Interior western cross street. Shallow puddling begins above 4.13 ft.'}, 'River Road': {'name': 'River Road', 'invert_mllw_ft': 4.14, 'invert_navd88_ft': 2.5, 'depth_in': 0.0, 'status': 'No tidal flooding estimated', 'code': 'GREEN', 'description': 'North shoreline access road. Mid-section swale dips to 4.14 ft.'}, 'Hobday Street': {'name': 'Hobday Street', 'invert_mllw_ft': 4.22, 'invert_navd88_ft': 2.58, 'depth_in': 0.0, 'status': 'No tidal flooding estimated', 'code': 'GREEN', 'description': 'Interior cross street between Daniel Ave and Bayshore Ave.'}, 'Little Avenue': {'name': 'Little Avenue', 'invert_mllw_ft': 4.23, 'invert_navd88_ft': 2.59, 'depth_in': 0.0, 'status': 'No tidal flooding estimated', 'code': 'GREEN', 'description': 'Interior cross street. Rises towards Daniel Ave northern ridge.'}, 'Bunny Rabbit Lane': {'name': 'Bunny Rabbit Lane', 'invert_mllw_ft': 4.45, 'invert_navd88_ft': 2.81, 'depth_in': 0.0, 'status': 'No tidal flooding estimated', 'code': 'GREEN', 'description': 'Western community boundary lane. Elevated ridge terrain.'}}",GREEN,1.148
2026-10-07 01:00:00 UTC,2026-10-06 21:00:00 EDT,2026,10,6,21,2.03,2.29,0.39,1.75,215.4,4.25,1020.1,58.7,1.01,1.43,-1.69,-0.46,2.055,1.582,1.925,0.343,0.0,FALSE,0,Tier 0 (No modeled inundation),NO INUNDATION ESTIMATED,0.0,2.321,2.055,0.266,0.077,0.00167,"{'Bayshore Avenue': {'name': 'Bayshore Avenue', 'invert_mllw_ft': 3.75, 'invert_navd88_ft': 2.11, 'depth_in': 0.0, 'status': 'No tidal flooding estimated', 'code': 'GREEN', 'description': 'Southern waterfront roadway. West and east dips flood first.'}, 'Julian Street': {'name': 'Julian Street', 'invert_mllw_ft': 3.78, 'invert_navd88_ft': 2.14, 'depth_in': 0.0, 'status': 'No tidal flooding estimated', 'code': 'GREEN', 'description': 'Connects Daniel Ave to Bayshore Ave. Southern culvert dips to 3.78 ft.'}, 'Daniel Avenue': {'name': 'Daniel Avenue', 'invert_mllw_ft': 3.88, 'invert_navd88_ft': 2.24, 'depth_in': 0.0, 'status': 'No tidal flooding estimated', 'code': 'GREEN', 'description': 'Central community spine. East end dips low; benchmark section at 4.40 ft.'}, 'Allview Street': {'name': 'Allview Street', 'invert_mllw_ft': 4.13, 'invert_navd88_ft': 2.49, 'depth_in': 0.0, 'status': 'No tidal flooding estimated', 'code': 'GREEN', 'description': 'Interior western cross street. Shallow puddling begins above 4.13 ft.'}, 'River Road': {'name': 'River Road', 'invert_mllw_ft': 4.14, 'invert_navd88_ft': 2.5, 'depth_in': 0.0, 'status': 'No tidal flooding estimated', 'code': 'GREEN', 'description': 'North shoreline access road. Mid-section swale dips to 4.14 ft.'}, 'Hobday Street': {'name': 'Hobday Street', 'invert_mllw_ft': 4.22, 'invert_navd88_ft': 2.58, 'depth_in': 0.0, 'status': 'No tidal flooding estimated', 'code': 'GREEN', 'description': 'Interior cross street between Daniel Ave and Bayshore Ave.'}, 'Little Avenue': {'name': 'Little Avenue', 'invert_mllw_ft': 4.23, 'invert_navd88_ft': 2.59, 'depth_in': 0.0, 'status': 'No tidal flooding estimated', 'code': 'GREEN', 'description': 'Interior cross street. Rises towards Daniel Ave northern ridge.'}, 'Bunny Rabbit Lane': {'name': 'Bunny Rabbit Lane', 'invert_mllw_ft': 4.45, 'invert_navd88_ft': 2.81, 'depth_in': 0.0, 'status': 'No tidal flooding estimated', 'code': 'GREEN', 'description': 'Western community boundary lane. Elevated ridge terrain.'}}",GREEN,0.463
2026-10-07 02:00:00 UTC,2026-10-06 22:00:00 EDT,2026,10,6,22,1.45,1.74,-0.19,1.79,228.7,3.36,1020.1,58.2,1.34,1.18,-1.57,-0.86,1.498,1.42,1.742,0.322,0.0,FALSE,0,Tier 0 (No modeled inundation),NO INUNDATION ESTIMATED,0.0,1.617,1.447,0.17,0.152,0.00329,"{'Bayshore Avenue': {'name': 'Bayshore Avenue', 'invert_mllw_ft': 3.75, 'invert_navd88_ft': 2.11, 'depth_in': 0.0, 'status': 'No tidal flooding estimated', 'code': 'GREEN', 'description': 'Southern waterfront roadway. West and east dips flood first.'}, 'Julian Street': {'name': 'Julian Street', 'invert_mllw_ft': 3.78, 'invert_navd88_ft': 2.14, 'depth_in': 0.0, 'status': 'No tidal flooding estimated', 'code': 'GREEN', 'description': 'Connects Daniel Ave to Bayshore Ave. Southern culvert dips to 3.78 ft.'}, 'Daniel Avenue': {'name': 'Daniel Avenue', 'invert_mllw_ft': 3.88, 'invert_navd88_ft': 2.24, 'depth_in': 0.0, 'status': 'No tidal flooding estimated', 'code': 'GREEN', 'description': 'Central community spine. East end dips low; benchmark section at 4.40 ft.'}, 'Allview Street': {'name': 'Allview Street', 'invert_mllw_ft': 4.13, 'invert_navd88_ft': 2.49, 'depth_in': 0.0, 'status': 'No tidal flooding estimated', 'code': 'GREEN', 'description': 'Interior western cross street. Shallow puddling begins above 4.13 ft.'}, 'River Road': {'name': 'River Road', 'invert_mllw_ft': 4.14, 'invert_navd88_ft': 2.5, 'depth_in': 0.0, 'status': 'No tidal flooding estimated', 'code': 'GREEN', 'description': 'North shoreline access road. Mid-section swale dips to 4.14 ft.'}, 'Hobday Street': {'name': 'Hobday Street', 'invert_mllw_ft': 4.22, 'invert_navd88_ft': 2.58, 'depth_in': 0.0, 'status': 'No tidal flooding estimated', 'code': 'GREEN', 'description': 'Interior cross street between Daniel Ave and Bayshore Ave.'}, 'Little Avenue': {'name': 'Little Avenue', 'invert_mllw_ft': 4.23, 'invert_navd88_ft': 2.59, 'depth_in': 0.0, 'status': 'No tidal flooding estimated', 'code': 'GREEN', 'description': 'Interior cross street. Rises towards Daniel Ave northern ridge.'}, 'Bunny Rabbit Lane': {'name': 'Bunny Rabbit Lane', 'invert_mllw_ft': 4.45, 'invert_navd88_ft': 2.81, 'depth_in': 0.0, 'status': 'No tidal flooding estimated', 'code': 'GREEN', 'description': 'Western community boundary lane. Elevated ridge terrain.'}}",GREEN,-0.268
2026-10-07 03:00:00 UTC,2026-10-06 23:00:00 EDT,2026,10,6,23,0.87,1.09,-0.77,1.84,193.0,3.8,1020.1,57.6,0.41,1.79,-1.83,0.22,0.981,1.171,1.466,0.295,0.0,FALSE,0,Tier 0 (No modeled inundation),NO INUNDATION ESTIMATED,0.0,1.038,0.907,0.131,0.164,0.00355,"{'Bayshore Avenue': {'name': 'Bayshore Avenue', 'invert_mllw_ft': 3.75, 'invert_navd88_ft': 2.11, 'depth_in': 0.0, 'status': 'No tidal flooding estimated', 'code': 'GREEN', 'description': 'Southern waterfront roadway. West and east dips flood first.'}, 'Julian Street': {'name': 'Julian Street', 'invert_mllw_ft': 3.78, 'invert_navd88_ft': 2.14, 'depth_in': 0.0, 'status': 'No tidal flooding estimated', 'code': 'GREEN', 'description': 'Connects Daniel Ave to Bayshore Ave. Southern culvert dips to 3.78 ft.'}, 'Daniel Avenue': {'name': 'Daniel Avenue', 'invert_mllw_ft': 3.88, 'invert_navd88_ft': 2.24, 'depth_in': 0.0, 'status': 'No tidal flooding estimated', 'code': 'GREEN', 'description': 'Central community spine. East end dips low; benchmark section at 4.40 ft.'}, 'Allview Street': {'name': 'Allview Street', 'invert_mllw_ft': 4.13, 'invert_navd88_ft': 2.49, 'depth_in': 0.0, 'status': 'No tidal flooding estimated', 'code': 'GREEN', 'description': 'Interior western cross street. Shallow puddling begins above 4.13 ft.'}, 'River Road': {'name': 'River Road', 'invert_mllw_ft': 4.14, 'invert_navd88_ft': 2.5, 'depth_in': 0.0, 'status': 'No tidal flooding estimated', 'code': 'GREEN', 'description': 'North shoreline access road. Mid-section swale dips to 4.14 ft.'}, 'Hobday Street': {'name': 'Hobday Street', 'invert_mllw_ft': 4.22, 'invert_navd88_ft': 2.58, 'depth_in': 0.0, 'status': 'No tidal flooding estimated', 'code': 'GREEN', 'description': 'Interior cross street between Daniel Ave and Bayshore Ave.'}, 'Little Avenue': {'name': 'Little Avenue', 'invert_mllw_ft': 4.23, 'invert_navd88_ft': 2.59, 'depth_in': 0.0, 'status': 'No tidal flooding estimated', 'code': 'GREEN', 'description': 'Interior cross street. Rises towards Daniel Ave northern ridge.'}, 'Bunny Rabbit Lane': {'name': 'Bunny Rabbit Lane', 'invert_mllw_ft': 4.45, 'invert_navd88_ft': 2.81, 'depth_in': 0.0, 'status': 'No tidal flooding estimated', 'code': 'GREEN', 'description': 'Western community boundary lane. Elevated ridge terrain.'}}",GREEN,-0.78
2026-10-07 04:00:00 UTC,2026-10-07 00:00:00 EDT,2026,10,7,0,0.63,0.67,-1.01,2.02,186.3,3.8,1019.9,56.9,0.22,2.01,-1.96,0.48,0.632,0.893,1.175,0.282,0.0,FALSE,0,Tier 0 (No modeled inundation),NO INUNDATION ESTIMATED,0.0,0.711,0.568,0.143,0.139,0.00301,"{'Bayshore Avenue': {'name': 'Bayshore Avenue', 'invert_mllw_ft': 3.75, 'invert_navd88_ft': 2.11, 'depth_in': 0.0, 'status': 'No tidal flooding estimated', 'code': 'GREEN', 'description': 'Southern waterfront roadway. West and east dips flood first.'}, 'Julian Street': {'name': 'Julian Street', 'invert_mllw_ft': 3.78, 'invert_navd88_ft': 2.14, 'depth_in': 0.0, 'status': 'No tidal flooding estimated', 'code': 'GREEN', 'description': 'Connects Daniel Ave to Bayshore Ave. Southern culvert dips to 3.78 ft.'}, 'Daniel Avenue': {'name': 'Daniel Avenue', 'invert_mllw_ft': 3.88, 'invert_navd88_ft': 2.24, 'depth_in': 0.0, 'status': 'No tidal flooding estimated', 'code': 'GREEN', 'description': 'Central community spine. East end dips low; benchmark section at 4.40 ft.'}, 'Allview Street': {'name': 'Allview Street', 'invert_mllw_ft': 4.13, 'invert_navd88_ft': 2.49, 'depth_in': 0.0, 'status': 'No tidal flooding estimated', 'code': 'GREEN', 'description': 'Interior western cross street. Shallow puddling begins above 4.13 ft.'}, 'River Road': {'name': 'River Road', 'invert_mllw_ft': 4.14, 'invert_navd88_ft': 2.5, 'depth_in': 0.0, 'status': 'No tidal flooding estimated', 'code': 'GREEN', 'description': 'North shoreline access road. Mid-section swale dips to 4.14 ft.'}, 'Hobday Street': {'name': 'Hobday Street', 'invert_mllw_ft': 4.22, 'invert_navd88_ft': 2.58, 'depth_in': 0.0, 'status': 'No tidal flooding estimated', 'code': 'GREEN', 'description': 'Interior cross street between Daniel Ave and Bayshore Ave.'}, 'Little Avenue': {'name': 'Little Avenue', 'invert_mllw_ft': 4.23, 'invert_navd88_ft': 2.59, 'depth_in': 0.0, 'status': 'No tidal flooding estimated', 'code': 'GREEN', 'description': 'Interior cross street. Rises towards Daniel Ave northern ridge.'}, 'Bunny Rabbit Lane': {'name': 'Bunny Rabbit Lane', 'invert_mllw_ft': 4.45, 'invert_navd88_ft': 2.81, 'depth_in': 0.0, 'status': 'No tidal flooding estimated', 'code': 'GREEN', 'description': 'Western community boundary lane. Elevated ridge terrain.'}}",GREEN,-0.978
2026-10-07 05:00:00 UTC,2026-10-07 01:00:00 EDT,2026,10,7,1,0.69,0.78,-0.95,1.75,189.3,4.03,1019.5,56.6,0.28,1.73,-1.72,0.32,0.533,0.641,0.956,0.315,0.0,FALSE,0,Tier 0 (No modeled inundation),NO INUNDATION ESTIMATED,0.0,0.703,0.533,0.17,0.145,0.00314,"{'Bayshore Avenue': {'name': 'Bayshore Avenue', 'invert_mllw_ft': 3.75, 'invert_navd88_ft': 2.11, 'depth_in': 0.0, 'status': 'No tidal flooding estimated', 'code': 'GREEN', 'description': 'Southern waterfront roadway. West and east dips flood first.'}, 'Julian Street': {'name': 'Julian Street', 'invert_mllw_ft': 3.78, 'invert_navd88_ft': 2.14, 'depth_in': 0.0, 'status': 'No tidal flooding estimated', 'code': 'GREEN', 'description': 'Connects Daniel Ave to Bayshore Ave. Southern culvert dips to 3.78 ft.'}, 'Daniel Avenue': {'name': 'Daniel Avenue', 'invert_mllw_ft': 3.88, 'invert_navd88_ft': 2.24, 'depth_in': 0.0, 'status': 'No tidal flooding estimated', 'code': 'GREEN', 'description': 'Central community spine. East end dips low; benchmark section at 4.40 ft.'}, 'Allview Street': {'name': 'Allview Street', 'invert_mllw_ft': 4.13, 'invert_navd88_ft': 2.49, 'depth_in': 0.0, 'status': 'No tidal flooding estimated', 'code': 'GREEN', 'description': 'Interior western cross street. Shallow puddling begins above 4.13 ft.'}, 'River Road': {'name': 'River Road', 'invert_mllw_ft': 4.14, 'invert_navd88_ft': 2.5, 'depth_in': 0.0, 'status': 'No tidal flooding estimated', 'code': 'GREEN', 'description': 'North shoreline access road. Mid-section swale dips to 4.14 ft.'}, 'Hobday Street': {'name': 'Hobday Street', 'invert_mllw_ft': 4.22, 'invert_navd88_ft': 2.58, 'depth_in': 0.0, 'status': 'No tidal flooding estimated', 'code': 'GREEN', 'description': 'Interior cross street between Daniel Ave and Bayshore Ave.'}, 'Little Avenue': {'name': 'Little Avenue', 'invert_mllw_ft': 4.23, 'invert_navd88_ft': 2.59, 'depth_in': 0.0, 'status': 'No tidal flooding estimated', 'code': 'GREEN', 'description': 'Interior cross street. Rises towards Daniel Ave northern ridge.'}, 'Bunny Rabbit Lane': {'name': 'Bunny Rabbit Lane', 'invert_mllw_ft': 4.45, 'invert_navd88_ft': 2.81, 'depth_in': 0.0, 'status': 'No tidal flooding estimated', 'code': 'GREEN', 'description': 'Western community boundary lane. Elevated ridge terrain.'}}",GREEN,-0.913
2026-10-07 06:00:00 UTC,2026-10-07 02:00:00 EDT,2026,10,7,2,1.03,1.19,-0.61,1.72,225.2,3.58,1019.5,56.0,1.22,1.21,-1.56,-0.73,0.712,0.468,0.828,0.36,0.0,FALSE,0,Tier 0 (No modeled inundation),NO INUNDATION ESTIMATED,0.0,1.012,0.813,0.199,0.161,0.00348,"{'Bayshore Avenue': {'name': 'Bayshore Avenue', 'invert_mllw_ft': 3.75, 'invert_navd88_ft': 2.11, 'depth_in': 0.0, 'status': 'No tidal flooding estimated', 'code': 'GREEN', 'description': 'Southern waterfront roadway. West and east dips flood first.'}, 'Julian Street': {'name': 'Julian Street', 'invert_mllw_ft': 3.78, 'invert_navd88_ft': 2.14, 'depth_in': 0.0, 'status': 'No tidal flooding estimated', 'code': 'GREEN', 'description': 'Connects Daniel Ave to Bayshore Ave. Southern culvert dips to 3.78 ft.'}, 'Daniel Avenue': {'name': 'Daniel Avenue', 'invert_mllw_ft': 3.88, 'invert_navd88_ft': 2.24, 'depth_in': 0.0, 'status': 'No tidal flooding estimated', 'code': 'GREEN', 'description': 'Central community spine. East end dips low; benchmark section at 4.40 ft.'}, 'Allview Street': {'name': 'Allview Street', 'invert_mllw_ft': 4.13, 'invert_navd88_ft': 2.49, 'depth_in': 0.0, 'status': 'No tidal flooding estimated', 'code': 'GREEN', 'description': 'Interior western cross street. Shallow puddling begins above 4.13 ft.'}, 'River Road': {'name': 'River Road', 'invert_mllw_ft': 4.14, 'invert_navd88_ft': 2.5, 'depth_in': 0.0, 'status': 'No tidal flooding estimated', 'code': 'GREEN', 'description': 'North shoreline access road. Mid-section swale dips to 4.14 ft.'}, 'Hobday Street': {'name': 'Hobday Street', 'invert_mllw_ft': 4.22, 'invert_navd88_ft': 2.58, 'depth_in': 0.0, 'status': 'No tidal flooding estimated', 'code': 'GREEN', 'description': 'Interior cross street between Daniel Ave and Bayshore Ave.'}, 'Little Avenue': {'name': 'Little Avenue', 'invert_mllw_ft': 4.23, 'invert_navd88_ft': 2.59, 'depth_in': 0.0, 'status': 'No tidal flooding estimated', 'code': 'GREEN', 'description': 'Interior cross street. Rises towards Daniel Ave northern ridge.'}, 'Bunny Rabbit Lane': {'name': 'Bunny Rabbit Lane', 'invert_mllw_ft': 4.45, 'invert_navd88_ft': 2.81, 'depth_in': 0.0, 'status': 'No tidal flooding estimated', 'code': 'GREEN', 'description': 'Western community boundary lane. Elevated ridge terrain.'}}",GREEN,-0.494
2026-10-07 07:00:00 UTC,2026-10-07 03:00:00 EDT,2026,10,7,3,1.44,1.69,-0.2,1.55,224.4,2.91,1019.0,55.8,1.08,1.11,-1.41,-0.64,1.143,0.441,0.82,0.379,0.0,FALSE,0,Tier 0 (No modeled inundation),NO INUNDATION ESTIMATED,0.0,1.522,1.323,0.199,0.18,0.0039,"{'Bayshore Avenue': {'name': 'Bayshore Avenue', 'invert_mllw_ft': 3.75, 'invert_navd88_ft': 2.11, 'depth_in': 0.0, 'status': 'No tidal flooding estimated', 'code': 'GREEN', 'description': 'Southern waterfront roadway. West and east dips flood first.'}, 'Julian Street': {'name': 'Julian Street', 'invert_mllw_ft': 3.78, 'invert_navd88_ft': 2.14, 'depth_in': 0.0, 'status': 'No tidal flooding estimated', 'code': 'GREEN', 'description': 'Connects Daniel Ave to Bayshore Ave. Southern culvert dips to 3.78 ft.'}, 'Daniel Avenue': {'name': 'Daniel Avenue', 'invert_mllw_ft': 3.88, 'invert_navd88_ft': 2.24, 'depth_in': 0.0, 'status': 'No tidal flooding estimated', 'code': 'GREEN', 'description': 'Central community spine. East end dips low; benchmark section at 4.40 ft.'}, 'Allview Street': {'name': 'Allview Street', 'invert_mllw_ft': 4.13, 'invert_navd88_ft': 2.49, 'depth_in': 0.0, 'status': 'No tidal flooding estimated', 'code': 'GREEN', 'description': 'Interior western cross street. Shallow puddling begins above 4.13 ft.'}, 'River Road': {'name': 'River Road', 'invert_mllw_ft': 4.14, 'invert_navd88_ft': 2.5, 'depth_in': 0.0, 'status': 'No tidal flooding estimated', 'code': 'GREEN', 'description': 'North shoreline access road. Mid-section swale dips to 4.14 ft.'}, 'Hobday Street': {'name': 'Hobday Street', 'invert_mllw_ft': 4.22, 'invert_navd88_ft': 2.58, 'depth_in': 0.0, 'status': 'No tidal flooding estimated', 'code': 'GREEN', 'description': 'Interior cross street between Daniel Ave and Bayshore Ave.'}, 'Little Avenue': {'name': 'Little Avenue', 'invert_mllw_ft': 4.23, 'invert_navd88_ft': 2.59, 'depth_in': 0.0, 'status': 'No tidal flooding estimated', 'code': 'GREEN', 'description': 'Interior cross street. Rises towards Daniel Ave northern ridge.'}, 'Bunny Rabbit Lane': {'name': 'Bunny Rabbit Lane', 'invert_mllw_ft': 4.45, 'invert_navd88_ft': 2.81, 'depth_in': 0.0, 'status': 'No tidal flooding estimated', 'code': 'GREEN', 'description': 'Western community boundary lane. Elevated ridge terrain.'}}",GREEN,0.072
2026-10-07 08:00:00 UTC,2026-10-07 04:00:00 EDT,2026,10,7,4,2.02,2.31,0.38,2.12,223.4,3.36,1018.8,55.0,1.46,1.54,-1.95,-0.84,1.721,0.597,0.967,0.37,0.0,FALSE,0,Tier 0 (No modeled inundation),NO INUNDATION ESTIMATED,0.0,2.152,1.931,0.221,0.149,0.00323,"{'Bayshore Avenue': {'name': 'Bayshore Avenue', 'invert_mllw_ft': 3.75, 'invert_navd88_ft': 2.11, 'depth_in': 0.0, 'status': 'No tidal flooding estimated', 'code': 'GREEN', 'description': 'Southern waterfront roadway. West and east dips flood first.'}, 'Julian Street': {'name': 'Julian Street', 'invert_mllw_ft': 3.78, 'invert_navd88_ft': 2.14, 'depth_in': 0.0, 'status': 'No tidal flooding estimated', 'code': 'GREEN', 'description': 'Connects Daniel Ave to Bayshore Ave. Southern culvert dips to 3.78 ft.'}, 'Daniel Avenue': {'name': 'Daniel Avenue', 'invert_mllw_ft': 3.88, 'invert_navd88_ft': 2.24, 'depth_in': 0.0, 'status': 'No tidal flooding estimated', 'code': 'GREEN', 'description': 'Central community spine. East end dips low; benchmark section at 4.40 ft.'}, 'Allview Street': {'name': 'Allview Street', 'invert_mllw_ft': 4.13, 'invert_navd88_ft': 2.49, 'depth_in': 0.0, 'status': 'No tidal flooding estimated', 'code': 'GREEN', 'description': 'Interior western cross street. Shallow puddling begins above 4.13 ft.'}, 'River Road': {'name': 'River Road', 'invert_mllw_ft': 4.14, 'invert_navd88_ft': 2.5, 'depth_in': 0.0, 'status': 'No tidal flooding estimated', 'code': 'GREEN', 'description': 'North shoreline access road. Mid-section swale dips to 4.14 ft.'}, 'Hobday Street': {'name': 'Hobday Street', 'invert_mllw_ft': 4.22, 'invert_navd88_ft': 2.58, 'depth_in': 0.0, 'status': 'No tidal flooding estimated', 'code': 'GREEN', 'description': 'Interior cross street between Daniel Ave and Bayshore Ave.'}, 'Little Avenue': {'name': 'Little Avenue', 'invert_mllw_ft': 4.23, 'invert_navd88_ft': 2.59, 'depth_in': 0.0, 'status': 'No tidal flooding estimated', 'code': 'GREEN', 'description': 'Interior cross street. Rises towards Daniel Ave northern ridge.'}, 'Bunny Rabbit Lane': {'name': 'Bunny Rabbit Lane', 'invert_mllw_ft': 4.45, 'invert_navd88_ft': 2.81, 'depth_in': 0.0, 'status': 'No tidal flooding estimated', 'code': 'GREEN', 'description': 'Western community boundary lane. Elevated ridge terrain.'}}",GREEN,0.669
2026-10-07 09:00:00 UTC,2026-10-07 05:00:00 EDT,2026,10,7,5,2.6,2.8,0.96,2.06,230.4,3.36,1018.8,55.2,1.59,1.31,-1.78,-1.04,2.282,0.89,1.263,0.373,0.0,FALSE,0,Tier 0 (No modeled inundation),NO INUNDATION ESTIMATED,0.0,2.711,2.478,0.233,0.14,0.00303,"{'Bayshore Avenue': {'name': 'Bayshore Avenue', 'invert_mllw_ft': 3.75, 'invert_navd88_ft': 2.11, 'depth_in': 0.0, 'status': 'No tidal flooding estimated', 'code': 'GREEN', 'description': 'Southern waterfront roadway. West and east dips flood first.'}, 'Julian Street': {'name': 'Julian Street', 'invert_mllw_ft': 3.78, 'invert_navd88_ft': 2.14, 'depth_in': 0.0, 'status': 'No tidal flooding estimated', 'code': 'GREEN', 'description': 'Connects Daniel Ave to Bayshore Ave. Southern culvert dips to 3.78 ft.'}, 'Daniel Avenue': {'name': 'Daniel Avenue', 'invert_mllw_ft': 3.88, 'invert_navd88_ft': 2.24, 'depth_in': 0.0, 'status': 'No tidal flooding estimated', 'code': 'GREEN', 'description': 'Central community spine. East end dips low; benchmark section at 4.40 ft.'}, 'Allview Street': {'name': 'Allview Street', 'invert_mllw_ft': 4.13, 'invert_navd88_ft': 2.49, 'depth_in': 0.0, 'status': 'No tidal flooding estimated', 'code': 'GREEN', 'description': 'Interior western cross street. Shallow puddling begins above 4.13 ft.'}, 'River Road': {'name': 'River Road', 'invert_mllw_ft': 4.14, 'invert_navd88_ft': 2.5, 'depth_in': 0.0, 'status': 'No tidal flooding estimated', 'code': 'GREEN', 'description': 'North shoreline access road. Mid-section swale dips to 4.14 ft.'}, 'Hobday Street': {'name': 'Hobday Street', 'invert_mllw_ft': 4.22, 'invert_navd88_ft': 2.58, 'depth_in': 0.0, 'status': 'No tidal flooding estimated', 'code': 'GREEN', 'description': 'Interior cross street between Daniel Ave and Bayshore Ave.'}, 'Little Avenue': {'name': 'Little Avenue', 'invert_mllw_ft': 4.23, 'invert_navd88_ft': 2.59, 'depth_in': 0.0, 'status': 'No tidal flooding estimated', 'code': 'GREEN', 'description': 'Interior cross street. Rises towards Daniel Ave northern ridge.'}, 'Bunny Rabbit Lane': {'name': 'Bunny Rabbit Lane', 'invert_mllw_ft': 4.45, 'invert_navd88_ft': 2.81, 'depth_in': 0.0, 'status': 'No tidal flooding estimated', 'code': 'GREEN', 'description': 'Western community boundary lane. Elevated ridge terrain.'}}",GREEN,1.158
2026-10-07 10:00:00 UTC,2026-10-07 06:00:00 EDT,2026,10,7,6,2.93,2.97,1.29,2.77,234.6,4.48,1018.6,54.8,2.26,1.6,-2.28,-1.57,2.666,1.211,1.59,0.379,0.0,FALSE,0,Tier 0 (No modeled inundation),NO INUNDATION ESTIMATED,0.0,3.036,2.826,0.21,0.169,0.00366,"{'Bayshore Avenue': {'name': 'Bayshore Avenue', 'invert_mllw_ft': 3.75, 'invert_navd88_ft': 2.11, 'depth_in': 0.0, 'status': 'No tidal flooding estimated', 'code': 'GREEN', 'description': 'Southern waterfront roadway. West and east dips flood first.'}, 'Julian Street': {'name': 'Julian Street', 'invert_mllw_ft': 3.78, 'invert_navd88_ft': 2.14, 'depth_in': 0.0, 'status': 'No tidal flooding estimated', 'code': 'GREEN', 'description': 'Connects Daniel Ave to Bayshore Ave. Southern culvert dips to 3.78 ft.'}, 'Daniel Avenue': {'name': 'Daniel Avenue', 'invert_mllw_ft': 3.88, 'invert_navd88_ft': 2.24, 'depth_in': 0.0, 'status': 'No tidal flooding estimated', 'code': 'GREEN', 'description': 'Central community spine. East end dips low; benchmark section at 4.40 ft.'}, 'Allview Street': {'name': 'Allview Street', 'invert_mllw_ft': 4.13, 'invert_navd88_ft': 2.49, 'depth_in': 0.0, 'status': 'No tidal flooding estimated', 'code': 'GREEN', 'description': 'Interior western cross street. Shallow puddling begins above 4.13 ft.'}, 'River Road': {'name': 'River Road', 'invert_mllw_ft': 4.14, 'invert_navd88_ft': 2.5, 'depth_in': 0.0, 'status': 'No tidal flooding estimated', 'code': 'GREEN', 'description': 'North shoreline access road. Mid-section swale dips to 4.14 ft.'}, 'Hobday Street': {'name': 'Hobday Street', 'invert_mllw_ft': 4.22, 'invert_navd88_ft': 2.58, 'depth_in': 0.0, 'status': 'No tidal flooding estimated', 'code': 'GREEN', 'description': 'Interior cross street between Daniel Ave and Bayshore Ave.'}, 'Little Avenue': {'name': 'Little Avenue', 'invert_mllw_ft': 4.23, 'invert_navd88_ft': 2.59, 'depth_in': 0.0, 'status': 'No tidal flooding estimated', 'code': 'GREEN', 'description': 'Interior cross street. Rises towards Daniel Ave northern ridge.'}, 'Bunny Rabbit Lane': {'name': 'Bunny Rabbit Lane', 'invert_mllw_ft': 4.45, 'invert_navd88_ft': 2.81, 'depth_in': 0.0, 'status': 'No tidal flooding estimated', 'code': 'GREEN', 'description': 'Western community boundary lane. Elevated ridge terrain.'}}",GREEN,1.417
2026-10-07 11:00:00 UTC,2026-10-07 07:00:00 EDT,2026,10,7,7,2.87,2.95,1.23,2.44,226.6,4.03,1018.8,55.3,1.77,1.68,-2.18,-1.09,2.777,1.464,1.839,0.375,0.0,FALSE,0,Tier 0 (No modeled inundation),NO INUNDATION ESTIMATED,0.0,3.074,2.909,0.165,0.21,0.00455,"{'Bayshore Avenue': {'name': 'Bayshore Avenue', 'invert_mllw_ft': 3.75, 'invert_navd88_ft': 2.11, 'depth_in': 0.0, 'status': 'No tidal flooding estimated', 'code': 'GREEN', 'description': 'Southern waterfront roadway. West and east dips flood first.'}, 'Julian Street': {'name': 'Julian Street', 'invert_mllw_ft': 3.78, 'invert_navd88_ft': 2.14, 'depth_in': 0.0, 'status': 'No tidal flooding estimated', 'code': 'GREEN', 'description': 'Connects Daniel Ave to Bayshore Ave. Southern culvert dips to 3.78 ft.'}, 'Daniel Avenue': {'name': 'Daniel Avenue', 'invert_mllw_ft': 3.88, 'invert_navd88_ft': 2.24, 'depth_in': 0.0, 'status': 'No tidal flooding estimated', 'code': 'GREEN', 'description': 'Central community spine. East end dips low; benchmark section at 4.40 ft.'}, 'Allview Street': {'name': 'Allview Street', 'invert_mllw_ft': 4.13, 'invert_navd88_ft': 2.49, 'depth_in': 0.0, 'status': 'No tidal flooding estimated', 'code': 'GREEN', 'description': 'Interior western cross street. Shallow puddling begins above 4.13 ft.'}, 'River Road': {'name': 'River Road', 'invert_mllw_ft': 4.14, 'invert_navd88_ft': 2.5, 'depth_in': 0.0, 'status': 'No tidal flooding estimated', 'code': 'GREEN', 'description': 'North shoreline access road. Mid-section swale dips to 4.14 ft.'}, 'Hobday Street': {'name': 'Hobday Street', 'invert_mllw_ft': 4.22, 'invert_navd88_ft': 2.58, 'depth_in': 0.0, 'status': 'No tidal flooding estimated', 'code': 'GREEN', 'description': 'Interior cross street between Daniel Ave and Bayshore Ave.'}, 'Little Avenue': {'name': 'Little Avenue', 'invert_mllw_ft': 4.23, 'invert_navd88_ft': 2.59, 'depth_in': 0.0, 'status': 'No tidal flooding estimated', 'code': 'GREEN', 'description': 'Interior cross street. Rises towards Daniel Ave northern ridge.'}, 'Bunny Rabbit Lane': {'name': 'Bunny Rabbit Lane', 'invert_mllw_ft': 4.45, 'invert_navd88_ft': 2.81, 'depth_in': 0.0, 'status': 'No tidal flooding estimated', 'code': 'GREEN', 'description': 'Western community boundary lane. Elevated ridge terrain.'}}",GREEN,1.404
2026-10-07 12:00:00 UTC,2026-10-07 08:00:00 EDT,2026,10,7,8,2.54,2.72,0.9,1.03,202.6,2.91,1018.9,59.5,0.4,0.95,-1.03,-0.05,2.605,1.605,1.96,0.355,0.0,FALSE,0,Tier 0 (No modeled inundation),NO INUNDATION ESTIMATED,0.0,2.85,2.709,0.141,0.214,0.00463,"{'Bayshore Avenue': {'name': 'Bayshore Avenue', 'invert_mllw_ft': 3.75, 'invert_navd88_ft': 2.11, 'depth_in': 0.0, 'status': 'No tidal flooding estimated', 'code': 'GREEN', 'description': 'Southern waterfront roadway. West and east dips flood first.'}, 'Julian Street': {'name': 'Julian Street', 'invert_mllw_ft': 3.78, 'invert_navd88_ft': 2.14, 'depth_in': 0.0, 'status': 'No tidal flooding estimated', 'code': 'GREEN', 'description': 'Connects Daniel Ave to Bayshore Ave. Southern culvert dips to 3.78 ft.'}, 'Daniel Avenue': {'name': 'Daniel Avenue', 'invert_mllw_ft': 3.88, 'invert_navd88_ft': 2.24, 'depth_in': 0.0, 'status': 'No tidal flooding estimated', 'code': 'GREEN', 'description': 'Central community spine. East end dips low; benchmark section at 4.40 ft.'}, 'Allview Street': {'name': 'Allview Street', 'invert_mllw_ft': 4.13, 'invert_navd88_ft': 2.49, 'depth_in': 0.0, 'status': 'No tidal flooding estimated', 'code': 'GREEN', 'description': 'Interior western cross street. Shallow puddling begins above 4.13 ft.'}, 'River Road': {'name': 'River Road', 'invert_mllw_ft': 4.14, 'invert_navd88_ft': 2.5, 'depth_in': 0.0, 'status': 'No tidal flooding estimated', 'code': 'GREEN', 'description': 'North shoreline access road. Mid-section swale dips to 4.14 ft.'}, 'Hobday Street': {'name': 'Hobday Street', 'invert_mllw_ft': 4.22, 'invert_navd88_ft': 2.58, 'depth_in': 0.0, 'status': 'No tidal flooding estimated', 'code': 'GREEN', 'description': 'Interior cross street between Daniel Ave and Bayshore Ave.'}, 'Little Avenue': {'name': 'Little Avenue', 'invert_mllw_ft': 4.23, 'invert_navd88_ft': 2.59, 'depth_in': 0.0, 'status': 'No tidal flooding estimated', 'code': 'GREEN', 'description': 'Interior cross street. Rises towards Daniel Ave northern ridge.'}, 'Bunny Rabbit Lane': {'name': 'Bunny Rabbit Lane', 'invert_mllw_ft': 4.45, 'invert_navd88_ft': 2.81, 'depth_in': 0.0, 'status': 'No tidal flooding estimated', 'code': 'GREEN', 'description': 'Western community boundary lane. Elevated ridge terrain.'}}",GREEN,1.133
2026-10-07 13:00:00 UTC,2026-10-07 09:00:00 EDT,2026,10,7,9,2.27,2.31,0.63,0.45,235.5,2.23,1019.0,64.6,0.37,0.25,-0.37,-0.26,2.197,1.613,1.978,0.365,0.0,FALSE,0,Tier 0 (No modeled inundation),NO INUNDATION ESTIMATED,0.0,2.388,2.252,0.136,0.229,0.00496,"{'Bayshore Avenue': {'name': 'Bayshore Avenue', 'invert_mllw_ft': 3.75, 'invert_navd88_ft': 2.11, 'depth_in': 0.0, 'status': 'No tidal flooding estimated', 'code': 'GREEN', 'description': 'Southern waterfront roadway. West and east dips flood first.'}, 'Julian Street': {'name': 'Julian Street', 'invert_mllw_ft': 3.78, 'invert_navd88_ft': 2.14, 'depth_in': 0.0, 'status': 'No tidal flooding estimated', 'code': 'GREEN', 'description': 'Connects Daniel Ave to Bayshore Ave. Southern culvert dips to 3.78 ft.'}, 'Daniel Avenue': {'name': 'Daniel Avenue', 'invert_mllw_ft': 3.88, 'invert_navd88_ft': 2.24, 'depth_in': 0.0, 'status': 'No tidal flooding estimated', 'code': 'GREEN', 'description': 'Central community spine. East end dips low; benchmark section at 4.40 ft.'}, 'Allview Street': {'name': 'Allview Street', 'invert_mllw_ft': 4.13, 'invert_navd88_ft': 2.49, 'depth_in': 0.0, 'status': 'No tidal flooding estimated', 'code': 'GREEN', 'description': 'Interior western cross street. Shallow puddling begins above 4.13 ft.'}, 'River Road': {'name': 'River Road', 'invert_mllw_ft': 4.14, 'invert_navd88_ft': 2.5, 'depth_in': 0.0, 'status': 'No tidal flooding estimated', 'code': 'GREEN', 'description': 'North shoreline access road. Mid-section swale dips to 4.14 ft.'}, 'Hobday Street': {'name': 'Hobday Street', 'invert_mllw_ft': 4.22, 'invert_navd88_ft': 2.58, 'depth_in': 0.0, 'status': 'No tidal flooding estimated', 'code': 'GREEN', 'description': 'Interior cross street between Daniel Ave and Bayshore Ave.'}, 'Little Avenue': {'name': 'Little Avenue', 'invert_mllw_ft': 4.23, 'invert_navd88_ft': 2.59, 'depth_in': 0.0, 'status': 'No tidal flooding estimated', 'code': 'GREEN', 'description': 'Interior cross street. Rises towards Daniel Ave northern ridge.'}, 'Bunny Rabbit Lane': {'name': 'Bunny Rabbit Lane', 'invert_mllw_ft': 4.45, 'invert_navd88_ft': 2.81, 'depth_in': 0.0, 'status': 'No tidal flooding estimated', 'code': 'GREEN', 'description': 'Western community boundary lane. Elevated ridge terrain.'}}",GREEN,0.87
2026-10-07 14:00:00 UTC,2026-10-07 10:00:00 EDT,2026,10,7,10,1.57,1.75,-0.07,0.94,63.2,4.03,1018.8,66.0,-0.84,-0.42,0.69,0.64,1.647,1.482,1.884,0.402,0.0,FALSE,0,Tier 0 (No modeled inundation),NO INUNDATION ESTIMATED,0.0,1.748,1.645,0.103,0.299,0.00647,"{'Bayshore Avenue': {'name': 'Bayshore Avenue', 'invert_mllw_ft': 3.75, 'invert_navd88_ft': 2.11, 'depth_in': 0.0, 'status': 'No tidal flooding estimated', 'code': 'GREEN', 'description': 'Southern waterfront roadway. West and east dips flood first.'}, 'Julian Street': {'name': 'Julian Street', 'invert_mllw_ft': 3.78, 'invert_navd88_ft': 2.14, 'depth_in': 0.0, 'status': 'No tidal flooding estimated', 'code': 'GREEN', 'description': 'Connects Daniel Ave to Bayshore Ave. Southern culvert dips to 3.78 ft.'}, 'Daniel Avenue': {'name': 'Daniel Avenue', 'invert_mllw_ft': 3.88, 'invert_navd88_ft': 2.24, 'depth_in': 0.0, 'status': 'No tidal flooding estimated', 'code': 'GREEN', 'description': 'Central community spine. East end dips low; benchmark section at 4.40 ft.'}, 'Allview Street': {'name': 'Allview Street', 'invert_mllw_ft': 4.13, 'invert_navd88_ft': 2.49, 'depth_in': 0.0, 'status': 'No tidal flooding estimated', 'code': 'GREEN', 'description': 'Interior western cross street. Shallow puddling begins above 4.13 ft.'}, 'River Road': {'name': 'River Road', 'invert_mllw_ft': 4.14, 'invert_navd88_ft': 2.5, 'depth_in': 0.0, 'status': 'No tidal flooding estimated', 'code': 'GREEN', 'description': 'North shoreline access road. Mid-section swale dips to 4.14 ft.'}, 'Hobday Street': {'name': 'Hobday Street', 'invert_mllw_ft': 4.22, 'invert_navd88_ft': 2.58, 'depth_in': 0.0, 'status': 'No tidal flooding estimated', 'code': 'GREEN', 'description': 'Interior cross street between Daniel Ave and Bayshore Ave.'}, 'Little Avenue': {'name': 'Little Avenue', 'invert_mllw_ft': 4.23, 'invert_navd88_ft': 2.59, 'depth_in': 0.0, 'status': 'No tidal flooding estimated', 'code': 'GREEN', 'description': 'Interior cross street. Rises towards Daniel Ave northern ridge.'}, 'Bunny Rabbit Lane': {'name': 'Bunny Rabbit Lane', 'invert_mllw_ft': 4.45, 'invert_navd88_ft': 2.81, 'depth_in': 0.0, 'status': 'No tidal flooding estimated', 'code': 'GREEN', 'description': 'Western community boundary lane. Elevated ridge terrain.'}}",GREEN,-0.105
2026-10-07 15:00:00 UTC,2026-10-07 11:00:00 EDT,2026,10,7,11,1.11,1.35,-0.53,3.54,48.6,6.49,1018.4,64.8,-2.66,-2.34,3.11,1.69,1.093,1.242,1.661,0.419,0.0,FALSE,0,Tier 0 (No modeled inundation),NO INUNDATION ESTIMATED,0.0,1.123,1.051,0.072,0.347,0.00751,"{'Bayshore Avenue': {'name': 'Bayshore Avenue', 'invert_mllw_ft': 3.75, 'invert_navd88_ft': 2.11, 'depth_in': 0.0, 'status': 'No tidal flooding estimated', 'code': 'GREEN', 'description': 'Southern waterfront roadway. West and east dips flood first.'}, 'Julian Street': {'name': 'Julian Street', 'invert_mllw_ft': 3.78, 'invert_navd88_ft': 2.14, 'depth_in': 0.0, 'status': 'No tidal flooding estimated', 'code': 'GREEN', 'description': 'Connects Daniel Ave to Bayshore Ave. Southern culvert dips to 3.78 ft.'}, 'Daniel Avenue': {'name': 'Daniel Avenue', 'invert_mllw_ft': 3.88, 'invert_navd88_ft': 2.24, 'depth_in': 0.0, 'status': 'No tidal flooding estimated', 'code': 'GREEN', 'description': 'Central community spine. East end dips low; benchmark section at 4.40 ft.'}, 'Allview Street': {'name': 'Allview Street', 'invert_mllw_ft': 4.13, 'invert_navd88_ft': 2.49, 'depth_in': 0.0, 'status': 'No tidal flooding estimated', 'code': 'GREEN', 'description': 'Interior western cross street. Shallow puddling begins above 4.13 ft.'}, 'River Road': {'name': 'River Road', 'invert_mllw_ft': 4.14, 'invert_navd88_ft': 2.5, 'depth_in': 0.0, 'status': 'No tidal flooding estimated', 'code': 'GREEN', 'description': 'North shoreline access road. Mid-section swale dips to 4.14 ft.'}, 'Hobday Street': {'name': 'Hobday Street', 'invert_mllw_ft': 4.22, 'invert_navd88_ft': 2.58, 'depth_in': 0.0, 'status': 'No tidal flooding estimated', 'code': 'GREEN', 'description': 'Interior cross street between Daniel Ave and Bayshore Ave.'}, 'Little Avenue': {'name': 'Little Avenue', 'invert_mllw_ft': 4.23, 'invert_navd88_ft': 2.59, 'depth_in': 0.0, 'status': 'No tidal flooding estimated', 'code': 'GREEN', 'description': 'Interior cross street. Rises towards Daniel Ave northern ridge.'}, 'Bunny Rabbit Lane': {'name': 'Bunny Rabbit Lane', 'invert_mllw_ft': 4.45, 'invert_navd88_ft': 2.81, 'depth_in': 0.0, 'status': 'No tidal flooding estimated', 'code': 'GREEN', 'description': 'Western community boundary lane. Elevated ridge terrain.'}}",GREEN,-0.71
2026-10-07 16:00:00 UTC,2026-10-07 12:00:00 EDT,2026,10,7,12,0.72,0.84,-0.92,7.81,56.7,11.63,1017.6,65.4,-6.53,-4.29,6.26,4.67,0.68,0.955,1.366,0.411,0.0,FALSE,0,Tier 0 (No modeled inundation),NO INUNDATION ESTIMATED,0.0,0.708,0.623,0.085,0.326,0.00706,"{'Bayshore Avenue': {'name': 'Bayshore Avenue', 'invert_mllw_ft': 3.75, 'invert_navd88_ft': 2.11, 'depth_in': 0.0, 'status': 'No tidal flooding estimated', 'code': 'GREEN', 'description': 'Southern waterfront roadway. West and east dips flood first.'}, 'Julian Street': {'name': 'Julian Street', 'invert_mllw_ft': 3.78, 'invert_navd88_ft': 2.14, 'depth_in': 0.0, 'status': 'No tidal flooding estimated', 'code': 'GREEN', 'description': 'Connects Daniel Ave to Bayshore Ave. Southern culvert dips to 3.78 ft.'}, 'Daniel Avenue': {'name': 'Daniel Avenue', 'invert_mllw_ft': 3.88, 'invert_navd88_ft': 2.24, 'depth_in': 0.0, 'status': 'No tidal flooding estimated', 'code': 'GREEN', 'description': 'Central community spine. East end dips low; benchmark section at 4.40 ft.'}, 'Allview Street': {'name': 'Allview Street', 'invert_mllw_ft': 4.13, 'invert_navd88_ft': 2.49, 'depth_in': 0.0, 'status': 'No tidal flooding estimated', 'code': 'GREEN', 'description': 'Interior western cross street. Shallow puddling begins above 4.13 ft.'}, 'River Road': {'name': 'River Road', 'invert_mllw_ft': 4.14, 'invert_navd88_ft': 2.5, 'depth_in': 0.0, 'status': 'No tidal flooding estimated', 'code': 'GREEN', 'description': 'North shoreline access road. Mid-section swale dips to 4.14 ft.'}, 'Hobday Street': {'name': 'Hobday Street', 'invert_mllw_ft': 4.22, 'invert_navd88_ft': 2.58, 'depth_in': 0.0, 'status': 'No tidal flooding estimated', 'code': 'GREEN', 'description': 'Interior cross street between Daniel Ave and Bayshore Ave.'}, 'Little Avenue': {'name': 'Little Avenue', 'invert_mllw_ft': 4.23, 'invert_navd88_ft': 2.59, 'depth_in': 0.0, 'status': 'No tidal flooding estimated', 'code': 'GREEN', 'description': 'Interior cross street. Rises towards Daniel Ave northern ridge.'}, 'Bunny Rabbit Lane': {'name': 'Bunny Rabbit Lane', 'invert_mllw_ft': 4.45, 'invert_navd88_ft': 2.81, 'depth_in': 0.0, 'status': 'No tidal flooding estimated', 'code': 'GREEN', 'description': 'Western community boundary lane. Elevated ridge terrain.'}}",GREEN,-1.018
2026-10-07 17:00:00 UTC,2026-10-07 13:00:00 EDT,2026,10,7,13,0.68,0.75,-0.96,10.91,61.6,14.32,1016.6,65.9,-9.6,-5.19,8.16,7.24,0.509,0.684,1.095,0.411,0.0,FALSE,0,Tier 0 (No modeled inundation),NO INUNDATION ESTIMATED,0.0,0.567,0.483,0.084,0.327,0.00708,"{'Bayshore Avenue': {'name': 'Bayshore Avenue', 'invert_mllw_ft': 3.75, 'invert_navd88_ft': 2.11, 'depth_in': 0.0, 'status': 'No tidal flooding estimated', 'code': 'GREEN', 'description': 'Southern waterfront roadway. West and east dips flood first.'}, 'Julian Street': {'name': 'Julian Street', 'invert_mllw_ft': 3.78, 'invert_navd88_ft': 2.14, 'depth_in': 0.0, 'status': 'No tidal flooding estimated', 'code': 'GREEN', 'description': 'Connects Daniel Ave to Bayshore Ave. Southern culvert dips to 3.78 ft.'}, 'Daniel Avenue': {'name': 'Daniel Avenue', 'invert_mllw_ft': 3.88, 'invert_navd88_ft': 2.24, 'depth_in': 0.0, 'status': 'No tidal flooding estimated', 'code': 'GREEN', 'description': 'Central community spine. East end dips low; benchmark section at 4.40 ft.'}, 'Allview Street': {'name': 'Allview Street', 'invert_mllw_ft': 4.13, 'invert_navd88_ft': 2.49, 'depth_in': 0.0, 'status': 'No tidal flooding estimated', 'code': 'GREEN', 'description': 'Interior western cross street. Shallow puddling begins above 4.13 ft.'}, 'River Road': {'name': 'River Road', 'invert_mllw_ft': 4.14, 'invert_navd88_ft': 2.5, 'depth_in': 0.0, 'status': 'No tidal flooding estimated', 'code': 'GREEN', 'description': 'North shoreline access road. Mid-section swale dips to 4.14 ft.'}, 'Hobday Street': {'name': 'Hobday Street', 'invert_mllw_ft': 4.22, 'invert_navd88_ft': 2.58, 'depth_in': 0.0, 'status': 'No tidal flooding estimated', 'code': 'GREEN', 'description': 'Interior cross street between Daniel Ave and Bayshore Ave.'}, 'Little Avenue': {'name': 'Little Avenue', 'invert_mllw_ft': 4.23, 'invert_navd88_ft': 2.59, 'depth_in': 0.0, 'status': 'No tidal flooding estimated', 'code': 'GREEN', 'description': 'Interior cross street. Rises towards Daniel Ave northern ridge.'}, 'Bunny Rabbit Lane': {'name': 'Bunny Rabbit Lane', 'invert_mllw_ft': 4.45, 'invert_navd88_ft': 2.81, 'depth_in': 0.0, 'status': 'No tidal flooding estimated', 'code': 'GREEN', 'description': 'Western community boundary lane. Elevated ridge terrain.'}}",GREEN,-1.052
