weather_available,precipitation_available,forecast_source,timestamp_utc,timestamp_local,forecast_stage_q10_ft,forecast_stage_mllw_ft,forecast_stage_q90_ft,nwps_raw_stage_ft,compound_flood_depth_q10_in,compound_flood_depth_in,compound_flood_depth_q90_in,tidal_depth_in,pluvial_trapped_depth_in,rain_forecast_hourly_in,rain_rolling_6h_in,bay_hydraulic_gradient_ft,risk_tier,risk_label,community_streets,vehicle_passability_code,vehicle_passability,vehicle_passability_desc,sector_ditches_depth_in,sector_road_depth_in,sector_driveway_depth_in,sector_yard_depth_in,sector_garage_depth_in,nws_wind_speed_mph,nws_wind_dir_deg,nws_wind_cardinal,along_bay_wind_mph,cross_bay_wind_mph,nws_short_forecast,nws_temp_f,nws_pop_pct,yorktown_pred_tide_ft,windmill_pred_tide_ft,sewells_pred_tide_ft
True,True,nwps,2026-10-08 13:00:00 UTC,2026-10-08 09:00:00 EDT,2.74,2.92,3.14,3.0,0.0,0.0,0.0,0.0,0.0,0.0,0.0,-0.17,0,Tier 0 (No modeled inundation),"{'Bayshore Avenue': {'name': 'Bayshore Avenue', 'invert_mllw_ft': 3.75, 'invert_navd88_ft': 2.11, 'depth_in': 0.0, 'status': 'No tidal flooding estimated', 'code': 'GREEN', 'description': 'Southern waterfront roadway. West and east dips flood first.'}, 'Julian Street': {'name': 'Julian Street', 'invert_mllw_ft': 3.78, 'invert_navd88_ft': 2.14, 'depth_in': 0.0, 'status': 'No tidal flooding estimated', 'code': 'GREEN', 'description': 'Connects Daniel Ave to Bayshore Ave. Southern culvert dips to 3.78 ft.'}, 'Daniel Avenue': {'name': 'Daniel Avenue', 'invert_mllw_ft': 3.88, 'invert_navd88_ft': 2.24, 'depth_in': 0.0, 'status': 'No tidal flooding estimated', 'code': 'GREEN', 'description': 'Central community spine. East end dips low; benchmark section at 4.40 ft.'}, 'Allview Street': {'name': 'Allview Street', 'invert_mllw_ft': 4.13, 'invert_navd88_ft': 2.49, 'depth_in': 0.0, 'status': 'No tidal flooding estimated', 'code': 'GREEN', 'description': 'Interior western cross street. Shallow puddling begins above 4.13 ft.'}, 'River Road': {'name': 'River Road', 'invert_mllw_ft': 4.14, 'invert_navd88_ft': 2.5, 'depth_in': 0.0, 'status': 'No tidal flooding estimated', 'code': 'GREEN', 'description': 'North shoreline access road. Mid-section swale dips to 4.14 ft.'}, 'Hobday Street': {'name': 'Hobday Street', 'invert_mllw_ft': 4.22, 'invert_navd88_ft': 2.58, 'depth_in': 0.0, 'status': 'No tidal flooding estimated', 'code': 'GREEN', 'description': 'Interior cross street between Daniel Ave and Bayshore Ave.'}, 'Little Avenue': {'name': 'Little Avenue', 'invert_mllw_ft': 4.23, 'invert_navd88_ft': 2.59, 'depth_in': 0.0, 'status': 'No tidal flooding estimated', 'code': 'GREEN', 'description': 'Interior cross street. Rises towards Daniel Ave northern ridge.'}, 'Bunny Rabbit Lane': {'name': 'Bunny Rabbit Lane', 'invert_mllw_ft': 4.45, 'invert_navd88_ft': 2.81, 'depth_in': 0.0, 'status': 'No tidal flooding estimated', 'code': 'GREEN', 'description': 'Western community boundary lane. Elevated ridge terrain.'}}",GREEN,NO INUNDATION ESTIMATED,No modeled standing water on community streets or driveway. Check actual conditions before travel.,0.0,0.0,0.0,0.0,0.0,6.0,225.0,SW,-5.44,-2.54,Sunny,63,0,2.515,1.721,2.626
True,True,nwps,2026-10-08 14:00:00 UTC,2026-10-08 10:00:00 EDT,2.17,2.37,2.61,2.4,0.0,0.0,0.0,0.0,0.0,0.0,0.0,-0.07,0,Tier 0 (No modeled inundation),"{'Bayshore Avenue': {'name': 'Bayshore Avenue', 'invert_mllw_ft': 3.75, 'invert_navd88_ft': 2.11, 'depth_in': 0.0, 'status': 'No tidal flooding estimated', 'code': 'GREEN', 'description': 'Southern waterfront roadway. West and east dips flood first.'}, 'Julian Street': {'name': 'Julian Street', 'invert_mllw_ft': 3.78, 'invert_navd88_ft': 2.14, 'depth_in': 0.0, 'status': 'No tidal flooding estimated', 'code': 'GREEN', 'description': 'Connects Daniel Ave to Bayshore Ave. Southern culvert dips to 3.78 ft.'}, 'Daniel Avenue': {'name': 'Daniel Avenue', 'invert_mllw_ft': 3.88, 'invert_navd88_ft': 2.24, 'depth_in': 0.0, 'status': 'No tidal flooding estimated', 'code': 'GREEN', 'description': 'Central community spine. East end dips low; benchmark section at 4.40 ft.'}, 'Allview Street': {'name': 'Allview Street', 'invert_mllw_ft': 4.13, 'invert_navd88_ft': 2.49, 'depth_in': 0.0, 'status': 'No tidal flooding estimated', 'code': 'GREEN', 'description': 'Interior western cross street. Shallow puddling begins above 4.13 ft.'}, 'River Road': {'name': 'River Road', 'invert_mllw_ft': 4.14, 'invert_navd88_ft': 2.5, 'depth_in': 0.0, 'status': 'No tidal flooding estimated', 'code': 'GREEN', 'description': 'North shoreline access road. Mid-section swale dips to 4.14 ft.'}, 'Hobday Street': {'name': 'Hobday Street', 'invert_mllw_ft': 4.22, 'invert_navd88_ft': 2.58, 'depth_in': 0.0, 'status': 'No tidal flooding estimated', 'code': 'GREEN', 'description': 'Interior cross street between Daniel Ave and Bayshore Ave.'}, 'Little Avenue': {'name': 'Little Avenue', 'invert_mllw_ft': 4.23, 'invert_navd88_ft': 2.59, 'depth_in': 0.0, 'status': 'No tidal flooding estimated', 'code': 'GREEN', 'description': 'Interior cross street. Rises towards Daniel Ave northern ridge.'}, 'Bunny Rabbit Lane': {'name': 'Bunny Rabbit Lane', 'invert_mllw_ft': 4.45, 'invert_navd88_ft': 2.81, 'depth_in': 0.0, 'status': 'No tidal flooding estimated', 'code': 'GREEN', 'description': 'Western community boundary lane. Elevated ridge terrain.'}}",GREEN,NO INUNDATION ESTIMATED,No modeled standing water on community streets or driveway. Check actual conditions before travel.,0.0,0.0,0.0,0.0,0.0,7.0,270.0,W,-2.39,-6.58,Sunny,68,0,1.954,1.634,1.999
True,True,nwps,2026-10-08 15:00:00 UTC,2026-10-08 11:00:00 EDT,1.57,1.77,2.01,1.8,0.0,0.0,0.0,0.0,0.0,0.0,0.0,-0.03,0,Tier 0 (No modeled inundation),"{'Bayshore Avenue': {'name': 'Bayshore Avenue', 'invert_mllw_ft': 3.75, 'invert_navd88_ft': 2.11, 'depth_in': 0.0, 'status': 'No tidal flooding estimated', 'code': 'GREEN', 'description': 'Southern waterfront roadway. West and east dips flood first.'}, 'Julian Street': {'name': 'Julian Street', 'invert_mllw_ft': 3.78, 'invert_navd88_ft': 2.14, 'depth_in': 0.0, 'status': 'No tidal flooding estimated', 'code': 'GREEN', 'description': 'Connects Daniel Ave to Bayshore Ave. Southern culvert dips to 3.78 ft.'}, 'Daniel Avenue': {'name': 'Daniel Avenue', 'invert_mllw_ft': 3.88, 'invert_navd88_ft': 2.24, 'depth_in': 0.0, 'status': 'No tidal flooding estimated', 'code': 'GREEN', 'description': 'Central community spine. East end dips low; benchmark section at 4.40 ft.'}, 'Allview Street': {'name': 'Allview Street', 'invert_mllw_ft': 4.13, 'invert_navd88_ft': 2.49, 'depth_in': 0.0, 'status': 'No tidal flooding estimated', 'code': 'GREEN', 'description': 'Interior western cross street. Shallow puddling begins above 4.13 ft.'}, 'River Road': {'name': 'River Road', 'invert_mllw_ft': 4.14, 'invert_navd88_ft': 2.5, 'depth_in': 0.0, 'status': 'No tidal flooding estimated', 'code': 'GREEN', 'description': 'North shoreline access road. Mid-section swale dips to 4.14 ft.'}, 'Hobday Street': {'name': 'Hobday Street', 'invert_mllw_ft': 4.22, 'invert_navd88_ft': 2.58, 'depth_in': 0.0, 'status': 'No tidal flooding estimated', 'code': 'GREEN', 'description': 'Interior cross street between Daniel Ave and Bayshore Ave.'}, 'Little Avenue': {'name': 'Little Avenue', 'invert_mllw_ft': 4.23, 'invert_navd88_ft': 2.59, 'depth_in': 0.0, 'status': 'No tidal flooding estimated', 'code': 'GREEN', 'description': 'Interior cross street. Rises towards Daniel Ave northern ridge.'}, 'Bunny Rabbit Lane': {'name': 'Bunny Rabbit Lane', 'invert_mllw_ft': 4.45, 'invert_navd88_ft': 2.81, 'depth_in': 0.0, 'status': 'No tidal flooding estimated', 'code': 'GREEN', 'description': 'Western community boundary lane. Elevated ridge terrain.'}}",GREEN,NO INUNDATION ESTIMATED,No modeled standing water on community streets or driveway. Check actual conditions before travel.,0.0,0.0,0.0,0.0,0.0,7.0,270.0,W,-2.39,-6.58,Sunny,72,0,1.328,1.412,1.308
True,True,nwps,2026-10-08 16:00:00 UTC,2026-10-08 12:00:00 EDT,0.96,1.17,1.42,1.2,0.0,0.0,0.0,0.0,0.0,0.0,0.0,-0.0,0,Tier 0 (No modeled inundation),"{'Bayshore Avenue': {'name': 'Bayshore Avenue', 'invert_mllw_ft': 3.75, 'invert_navd88_ft': 2.11, 'depth_in': 0.0, 'status': 'No tidal flooding estimated', 'code': 'GREEN', 'description': 'Southern waterfront roadway. West and east dips flood first.'}, 'Julian Street': {'name': 'Julian Street', 'invert_mllw_ft': 3.78, 'invert_navd88_ft': 2.14, 'depth_in': 0.0, 'status': 'No tidal flooding estimated', 'code': 'GREEN', 'description': 'Connects Daniel Ave to Bayshore Ave. Southern culvert dips to 3.78 ft.'}, 'Daniel Avenue': {'name': 'Daniel Avenue', 'invert_mllw_ft': 3.88, 'invert_navd88_ft': 2.24, 'depth_in': 0.0, 'status': 'No tidal flooding estimated', 'code': 'GREEN', 'description': 'Central community spine. East end dips low; benchmark section at 4.40 ft.'}, 'Allview Street': {'name': 'Allview Street', 'invert_mllw_ft': 4.13, 'invert_navd88_ft': 2.49, 'depth_in': 0.0, 'status': 'No tidal flooding estimated', 'code': 'GREEN', 'description': 'Interior western cross street. Shallow puddling begins above 4.13 ft.'}, 'River Road': {'name': 'River Road', 'invert_mllw_ft': 4.14, 'invert_navd88_ft': 2.5, 'depth_in': 0.0, 'status': 'No tidal flooding estimated', 'code': 'GREEN', 'description': 'North shoreline access road. Mid-section swale dips to 4.14 ft.'}, 'Hobday Street': {'name': 'Hobday Street', 'invert_mllw_ft': 4.22, 'invert_navd88_ft': 2.58, 'depth_in': 0.0, 'status': 'No tidal flooding estimated', 'code': 'GREEN', 'description': 'Interior cross street between Daniel Ave and Bayshore Ave.'}, 'Little Avenue': {'name': 'Little Avenue', 'invert_mllw_ft': 4.23, 'invert_navd88_ft': 2.59, 'depth_in': 0.0, 'status': 'No tidal flooding estimated', 'code': 'GREEN', 'description': 'Interior cross street. Rises towards Daniel Ave northern ridge.'}, 'Bunny Rabbit Lane': {'name': 'Bunny Rabbit Lane', 'invert_mllw_ft': 4.45, 'invert_navd88_ft': 2.81, 'depth_in': 0.0, 'status': 'No tidal flooding estimated', 'code': 'GREEN', 'description': 'Western community boundary lane. Elevated ridge terrain.'}}",GREEN,NO INUNDATION ESTIMATED,No modeled standing water on community streets or driveway. Check actual conditions before travel.,0.0,0.0,0.0,0.0,0.0,6.0,270.0,W,-2.05,-5.64,Sunny,76,0,0.79,1.113,0.735
True,True,nwps,2026-10-08 17:00:00 UTC,2026-10-08 13:00:00 EDT,0.36,0.57,0.82,0.6,0.0,0.0,0.0,0.0,0.0,0.0,0.0,-0.0,0,Tier 0 (No modeled inundation),"{'Bayshore Avenue': {'name': 'Bayshore Avenue', 'invert_mllw_ft': 3.75, 'invert_navd88_ft': 2.11, 'depth_in': 0.0, 'status': 'No tidal flooding estimated', 'code': 'GREEN', 'description': 'Southern waterfront roadway. West and east dips flood first.'}, 'Julian Street': {'name': 'Julian Street', 'invert_mllw_ft': 3.78, 'invert_navd88_ft': 2.14, 'depth_in': 0.0, 'status': 'No tidal flooding estimated', 'code': 'GREEN', 'description': 'Connects Daniel Ave to Bayshore Ave. Southern culvert dips to 3.78 ft.'}, 'Daniel Avenue': {'name': 'Daniel Avenue', 'invert_mllw_ft': 3.88, 'invert_navd88_ft': 2.24, 'depth_in': 0.0, 'status': 'No tidal flooding estimated', 'code': 'GREEN', 'description': 'Central community spine. East end dips low; benchmark section at 4.40 ft.'}, 'Allview Street': {'name': 'Allview Street', 'invert_mllw_ft': 4.13, 'invert_navd88_ft': 2.49, 'depth_in': 0.0, 'status': 'No tidal flooding estimated', 'code': 'GREEN', 'description': 'Interior western cross street. Shallow puddling begins above 4.13 ft.'}, 'River Road': {'name': 'River Road', 'invert_mllw_ft': 4.14, 'invert_navd88_ft': 2.5, 'depth_in': 0.0, 'status': 'No tidal flooding estimated', 'code': 'GREEN', 'description': 'North shoreline access road. Mid-section swale dips to 4.14 ft.'}, 'Hobday Street': {'name': 'Hobday Street', 'invert_mllw_ft': 4.22, 'invert_navd88_ft': 2.58, 'depth_in': 0.0, 'status': 'No tidal flooding estimated', 'code': 'GREEN', 'description': 'Interior cross street between Daniel Ave and Bayshore Ave.'}, 'Little Avenue': {'name': 'Little Avenue', 'invert_mllw_ft': 4.23, 'invert_navd88_ft': 2.59, 'depth_in': 0.0, 'status': 'No tidal flooding estimated', 'code': 'GREEN', 'description': 'Interior cross street. Rises towards Daniel Ave northern ridge.'}, 'Bunny Rabbit Lane': {'name': 'Bunny Rabbit Lane', 'invert_mllw_ft': 4.45, 'invert_navd88_ft': 2.81, 'depth_in': 0.0, 'status': 'No tidal flooding estimated', 'code': 'GREEN', 'description': 'Western community boundary lane. Elevated ridge terrain.'}}",GREEN,NO INUNDATION ESTIMATED,No modeled standing water on community streets or driveway. Check actual conditions before travel.,0.0,0.0,0.0,0.0,0.0,6.0,270.0,W,-2.05,-5.64,Sunny,78,0,0.475,0.804,0.425
True,True,nwps,2026-10-08 18:00:00 UTC,2026-10-08 14:00:00 EDT,0.28,0.5,0.76,0.4,0.0,0.0,0.0,0.0,0.0,0.0,0.0,-0.03,0,Tier 0 (No modeled inundation),"{'Bayshore Avenue': {'name': 'Bayshore Avenue', 'invert_mllw_ft': 3.75, 'invert_navd88_ft': 2.11, 'depth_in': 0.0, 'status': 'No tidal flooding estimated', 'code': 'GREEN', 'description': 'Southern waterfront roadway. West and east dips flood first.'}, 'Julian Street': {'name': 'Julian Street', 'invert_mllw_ft': 3.78, 'invert_navd88_ft': 2.14, 'depth_in': 0.0, 'status': 'No tidal flooding estimated', 'code': 'GREEN', 'description': 'Connects Daniel Ave to Bayshore Ave. Southern culvert dips to 3.78 ft.'}, 'Daniel Avenue': {'name': 'Daniel Avenue', 'invert_mllw_ft': 3.88, 'invert_navd88_ft': 2.24, 'depth_in': 0.0, 'status': 'No tidal flooding estimated', 'code': 'GREEN', 'description': 'Central community spine. East end dips low; benchmark section at 4.40 ft.'}, 'Allview Street': {'name': 'Allview Street', 'invert_mllw_ft': 4.13, 'invert_navd88_ft': 2.49, 'depth_in': 0.0, 'status': 'No tidal flooding estimated', 'code': 'GREEN', 'description': 'Interior western cross street. Shallow puddling begins above 4.13 ft.'}, 'River Road': {'name': 'River Road', 'invert_mllw_ft': 4.14, 'invert_navd88_ft': 2.5, 'depth_in': 0.0, 'status': 'No tidal flooding estimated', 'code': 'GREEN', 'description': 'North shoreline access road. Mid-section swale dips to 4.14 ft.'}, 'Hobday Street': {'name': 'Hobday Street', 'invert_mllw_ft': 4.22, 'invert_navd88_ft': 2.58, 'depth_in': 0.0, 'status': 'No tidal flooding estimated', 'code': 'GREEN', 'description': 'Interior cross street between Daniel Ave and Bayshore Ave.'}, 'Little Avenue': {'name': 'Little Avenue', 'invert_mllw_ft': 4.23, 'invert_navd88_ft': 2.59, 'depth_in': 0.0, 'status': 'No tidal flooding estimated', 'code': 'GREEN', 'description': 'Interior cross street. Rises towards Daniel Ave northern ridge.'}, 'Bunny Rabbit Lane': {'name': 'Bunny Rabbit Lane', 'invert_mllw_ft': 4.45, 'invert_navd88_ft': 2.81, 'depth_in': 0.0, 'status': 'No tidal flooding estimated', 'code': 'GREEN', 'description': 'Western community boundary lane. Elevated ridge terrain.'}}",GREEN,NO INUNDATION ESTIMATED,No modeled standing water on community streets or driveway. Check actual conditions before travel.,0.0,0.0,0.0,0.0,0.0,6.0,270.0,W,-2.05,-5.64,Sunny,80,0,0.45,0.537,0.458
True,True,nwps,2026-10-08 19:00:00 UTC,2026-10-08 15:00:00 EDT,0.41,0.63,0.89,0.6,0.0,0.0,0.0,0.0,0.0,0.0,0.0,0.0,0,Tier 0 (No modeled inundation),"{'Bayshore Avenue': {'name': 'Bayshore Avenue', 'invert_mllw_ft': 3.75, 'invert_navd88_ft': 2.11, 'depth_in': 0.0, 'status': 'No tidal flooding estimated', 'code': 'GREEN', 'description': 'Southern waterfront roadway. West and east dips flood first.'}, 'Julian Street': {'name': 'Julian Street', 'invert_mllw_ft': 3.78, 'invert_navd88_ft': 2.14, 'depth_in': 0.0, 'status': 'No tidal flooding estimated', 'code': 'GREEN', 'description': 'Connects Daniel Ave to Bayshore Ave. Southern culvert dips to 3.78 ft.'}, 'Daniel Avenue': {'name': 'Daniel Avenue', 'invert_mllw_ft': 3.88, 'invert_navd88_ft': 2.24, 'depth_in': 0.0, 'status': 'No tidal flooding estimated', 'code': 'GREEN', 'description': 'Central community spine. East end dips low; benchmark section at 4.40 ft.'}, 'Allview Street': {'name': 'Allview Street', 'invert_mllw_ft': 4.13, 'invert_navd88_ft': 2.49, 'depth_in': 0.0, 'status': 'No tidal flooding estimated', 'code': 'GREEN', 'description': 'Interior western cross street. Shallow puddling begins above 4.13 ft.'}, 'River Road': {'name': 'River Road', 'invert_mllw_ft': 4.14, 'invert_navd88_ft': 2.5, 'depth_in': 0.0, 'status': 'No tidal flooding estimated', 'code': 'GREEN', 'description': 'North shoreline access road. Mid-section swale dips to 4.14 ft.'}, 'Hobday Street': {'name': 'Hobday Street', 'invert_mllw_ft': 4.22, 'invert_navd88_ft': 2.58, 'depth_in': 0.0, 'status': 'No tidal flooding estimated', 'code': 'GREEN', 'description': 'Interior cross street between Daniel Ave and Bayshore Ave.'}, 'Little Avenue': {'name': 'Little Avenue', 'invert_mllw_ft': 4.23, 'invert_navd88_ft': 2.59, 'depth_in': 0.0, 'status': 'No tidal flooding estimated', 'code': 'GREEN', 'description': 'Interior cross street. Rises towards Daniel Ave northern ridge.'}, 'Bunny Rabbit Lane': {'name': 'Bunny Rabbit Lane', 'invert_mllw_ft': 4.45, 'invert_navd88_ft': 2.81, 'depth_in': 0.0, 'status': 'No tidal flooding estimated', 'code': 'GREEN', 'description': 'Western community boundary lane. Elevated ridge terrain.'}}",GREEN,NO INUNDATION ESTIMATED,No modeled standing water on community streets or driveway. Check actual conditions before travel.,0.0,0.0,0.0,0.0,0.0,6.0,315.0,NW,2.54,-5.44,Sunny,81,0,0.716,0.367,0.819
True,True,nwps,2026-10-08 20:00:00 UTC,2026-10-08 16:00:00 EDT,0.91,1.13,1.39,1.1,0.0,0.0,0.0,0.0,0.0,0.0,0.0,-0.05,0,Tier 0 (No modeled inundation),"{'Bayshore Avenue': {'name': 'Bayshore Avenue', 'invert_mllw_ft': 3.75, 'invert_navd88_ft': 2.11, 'depth_in': 0.0, 'status': 'No tidal flooding estimated', 'code': 'GREEN', 'description': 'Southern waterfront roadway. West and east dips flood first.'}, 'Julian Street': {'name': 'Julian Street', 'invert_mllw_ft': 3.78, 'invert_navd88_ft': 2.14, 'depth_in': 0.0, 'status': 'No tidal flooding estimated', 'code': 'GREEN', 'description': 'Connects Daniel Ave to Bayshore Ave. Southern culvert dips to 3.78 ft.'}, 'Daniel Avenue': {'name': 'Daniel Avenue', 'invert_mllw_ft': 3.88, 'invert_navd88_ft': 2.24, 'depth_in': 0.0, 'status': 'No tidal flooding estimated', 'code': 'GREEN', 'description': 'Central community spine. East end dips low; benchmark section at 4.40 ft.'}, 'Allview Street': {'name': 'Allview Street', 'invert_mllw_ft': 4.13, 'invert_navd88_ft': 2.49, 'depth_in': 0.0, 'status': 'No tidal flooding estimated', 'code': 'GREEN', 'description': 'Interior western cross street. Shallow puddling begins above 4.13 ft.'}, 'River Road': {'name': 'River Road', 'invert_mllw_ft': 4.14, 'invert_navd88_ft': 2.5, 'depth_in': 0.0, 'status': 'No tidal flooding estimated', 'code': 'GREEN', 'description': 'North shoreline access road. Mid-section swale dips to 4.14 ft.'}, 'Hobday Street': {'name': 'Hobday Street', 'invert_mllw_ft': 4.22, 'invert_navd88_ft': 2.58, 'depth_in': 0.0, 'status': 'No tidal flooding estimated', 'code': 'GREEN', 'description': 'Interior cross street between Daniel Ave and Bayshore Ave.'}, 'Little Avenue': {'name': 'Little Avenue', 'invert_mllw_ft': 4.23, 'invert_navd88_ft': 2.59, 'depth_in': 0.0, 'status': 'No tidal flooding estimated', 'code': 'GREEN', 'description': 'Interior cross street. Rises towards Daniel Ave northern ridge.'}, 'Bunny Rabbit Lane': {'name': 'Bunny Rabbit Lane', 'invert_mllw_ft': 4.45, 'invert_navd88_ft': 2.81, 'depth_in': 0.0, 'status': 'No tidal flooding estimated', 'code': 'GREEN', 'description': 'Western community boundary lane. Elevated ridge terrain.'}}",GREEN,NO INUNDATION ESTIMATED,No modeled standing water on community streets or driveway. Check actual conditions before travel.,0.0,0.0,0.0,0.0,0.0,5.0,315.0,NW,2.11,-4.53,Sunny,82,0,1.231,0.363,1.414
True,True,nwps,2026-10-08 21:00:00 UTC,2026-10-08 17:00:00 EDT,1.64,1.87,2.14,1.8,0.0,0.0,0.0,0.0,0.0,0.0,0.0,-0.04,0,Tier 0 (No modeled inundation),"{'Bayshore Avenue': {'name': 'Bayshore Avenue', 'invert_mllw_ft': 3.75, 'invert_navd88_ft': 2.11, 'depth_in': 0.0, 'status': 'No tidal flooding estimated', 'code': 'GREEN', 'description': 'Southern waterfront roadway. West and east dips flood first.'}, 'Julian Street': {'name': 'Julian Street', 'invert_mllw_ft': 3.78, 'invert_navd88_ft': 2.14, 'depth_in': 0.0, 'status': 'No tidal flooding estimated', 'code': 'GREEN', 'description': 'Connects Daniel Ave to Bayshore Ave. Southern culvert dips to 3.78 ft.'}, 'Daniel Avenue': {'name': 'Daniel Avenue', 'invert_mllw_ft': 3.88, 'invert_navd88_ft': 2.24, 'depth_in': 0.0, 'status': 'No tidal flooding estimated', 'code': 'GREEN', 'description': 'Central community spine. East end dips low; benchmark section at 4.40 ft.'}, 'Allview Street': {'name': 'Allview Street', 'invert_mllw_ft': 4.13, 'invert_navd88_ft': 2.49, 'depth_in': 0.0, 'status': 'No tidal flooding estimated', 'code': 'GREEN', 'description': 'Interior western cross street. Shallow puddling begins above 4.13 ft.'}, 'River Road': {'name': 'River Road', 'invert_mllw_ft': 4.14, 'invert_navd88_ft': 2.5, 'depth_in': 0.0, 'status': 'No tidal flooding estimated', 'code': 'GREEN', 'description': 'North shoreline access road. Mid-section swale dips to 4.14 ft.'}, 'Hobday Street': {'name': 'Hobday Street', 'invert_mllw_ft': 4.22, 'invert_navd88_ft': 2.58, 'depth_in': 0.0, 'status': 'No tidal flooding estimated', 'code': 'GREEN', 'description': 'Interior cross street between Daniel Ave and Bayshore Ave.'}, 'Little Avenue': {'name': 'Little Avenue', 'invert_mllw_ft': 4.23, 'invert_navd88_ft': 2.59, 'depth_in': 0.0, 'status': 'No tidal flooding estimated', 'code': 'GREEN', 'description': 'Interior cross street. Rises towards Daniel Ave northern ridge.'}, 'Bunny Rabbit Lane': {'name': 'Bunny Rabbit Lane', 'invert_mllw_ft': 4.45, 'invert_navd88_ft': 2.81, 'depth_in': 0.0, 'status': 'No tidal flooding estimated', 'code': 'GREEN', 'description': 'Western community boundary lane. Elevated ridge terrain.'}}",GREEN,NO INUNDATION ESTIMATED,No modeled standing water on community streets or driveway. Check actual conditions before travel.,0.0,0.0,0.0,0.0,0.0,5.0,0.0,N,4.7,-1.71,Sunny,79,0,1.885,0.558,2.09
True,True,nwps,2026-10-08 22:00:00 UTC,2026-10-08 18:00:00 EDT,2.34,2.57,2.84,2.5,0.0,0.0,0.0,0.0,0.0,0.0,0.0,-0.07,0,Tier 0 (No modeled inundation),"{'Bayshore Avenue': {'name': 'Bayshore Avenue', 'invert_mllw_ft': 3.75, 'invert_navd88_ft': 2.11, 'depth_in': 0.0, 'status': 'No tidal flooding estimated', 'code': 'GREEN', 'description': 'Southern waterfront roadway. West and east dips flood first.'}, 'Julian Street': {'name': 'Julian Street', 'invert_mllw_ft': 3.78, 'invert_navd88_ft': 2.14, 'depth_in': 0.0, 'status': 'No tidal flooding estimated', 'code': 'GREEN', 'description': 'Connects Daniel Ave to Bayshore Ave. Southern culvert dips to 3.78 ft.'}, 'Daniel Avenue': {'name': 'Daniel Avenue', 'invert_mllw_ft': 3.88, 'invert_navd88_ft': 2.24, 'depth_in': 0.0, 'status': 'No tidal flooding estimated', 'code': 'GREEN', 'description': 'Central community spine. East end dips low; benchmark section at 4.40 ft.'}, 'Allview Street': {'name': 'Allview Street', 'invert_mllw_ft': 4.13, 'invert_navd88_ft': 2.49, 'depth_in': 0.0, 'status': 'No tidal flooding estimated', 'code': 'GREEN', 'description': 'Interior western cross street. Shallow puddling begins above 4.13 ft.'}, 'River Road': {'name': 'River Road', 'invert_mllw_ft': 4.14, 'invert_navd88_ft': 2.5, 'depth_in': 0.0, 'status': 'No tidal flooding estimated', 'code': 'GREEN', 'description': 'North shoreline access road. Mid-section swale dips to 4.14 ft.'}, 'Hobday Street': {'name': 'Hobday Street', 'invert_mllw_ft': 4.22, 'invert_navd88_ft': 2.58, 'depth_in': 0.0, 'status': 'No tidal flooding estimated', 'code': 'GREEN', 'description': 'Interior cross street between Daniel Ave and Bayshore Ave.'}, 'Little Avenue': {'name': 'Little Avenue', 'invert_mllw_ft': 4.23, 'invert_navd88_ft': 2.59, 'depth_in': 0.0, 'status': 'No tidal flooding estimated', 'code': 'GREEN', 'description': 'Interior cross street. Rises towards Daniel Ave northern ridge.'}, 'Bunny Rabbit Lane': {'name': 'Bunny Rabbit Lane', 'invert_mllw_ft': 4.45, 'invert_navd88_ft': 2.81, 'depth_in': 0.0, 'status': 'No tidal flooding estimated', 'code': 'GREEN', 'description': 'Western community boundary lane. Elevated ridge terrain.'}}",GREEN,NO INUNDATION ESTIMATED,No modeled standing water on community streets or driveway. Check actual conditions before travel.,0.0,0.0,0.0,0.0,0.0,5.0,45.0,NE,4.53,2.11,Mostly Clear,77,0,2.485,0.885,2.648
True,True,nwps,2026-10-08 23:00:00 UTC,2026-10-08 19:00:00 EDT,2.81,3.04,3.31,3.0,0.0,0.0,0.0,0.0,0.0,0.0,0.0,-0.09,0,Tier 0 (No modeled inundation),"{'Bayshore Avenue': {'name': 'Bayshore Avenue', 'invert_mllw_ft': 3.75, 'invert_navd88_ft': 2.11, 'depth_in': 0.0, 'status': 'No tidal flooding estimated', 'code': 'GREEN', 'description': 'Southern waterfront roadway. West and east dips flood first.'}, 'Julian Street': {'name': 'Julian Street', 'invert_mllw_ft': 3.78, 'invert_navd88_ft': 2.14, 'depth_in': 0.0, 'status': 'No tidal flooding estimated', 'code': 'GREEN', 'description': 'Connects Daniel Ave to Bayshore Ave. Southern culvert dips to 3.78 ft.'}, 'Daniel Avenue': {'name': 'Daniel Avenue', 'invert_mllw_ft': 3.88, 'invert_navd88_ft': 2.24, 'depth_in': 0.0, 'status': 'No tidal flooding estimated', 'code': 'GREEN', 'description': 'Central community spine. East end dips low; benchmark section at 4.40 ft.'}, 'Allview Street': {'name': 'Allview Street', 'invert_mllw_ft': 4.13, 'invert_navd88_ft': 2.49, 'depth_in': 0.0, 'status': 'No tidal flooding estimated', 'code': 'GREEN', 'description': 'Interior western cross street. Shallow puddling begins above 4.13 ft.'}, 'River Road': {'name': 'River Road', 'invert_mllw_ft': 4.14, 'invert_navd88_ft': 2.5, 'depth_in': 0.0, 'status': 'No tidal flooding estimated', 'code': 'GREEN', 'description': 'North shoreline access road. Mid-section swale dips to 4.14 ft.'}, 'Hobday Street': {'name': 'Hobday Street', 'invert_mllw_ft': 4.22, 'invert_navd88_ft': 2.58, 'depth_in': 0.0, 'status': 'No tidal flooding estimated', 'code': 'GREEN', 'description': 'Interior cross street between Daniel Ave and Bayshore Ave.'}, 'Little Avenue': {'name': 'Little Avenue', 'invert_mllw_ft': 4.23, 'invert_navd88_ft': 2.59, 'depth_in': 0.0, 'status': 'No tidal flooding estimated', 'code': 'GREEN', 'description': 'Interior cross street. Rises towards Daniel Ave northern ridge.'}, 'Bunny Rabbit Lane': {'name': 'Bunny Rabbit Lane', 'invert_mllw_ft': 4.45, 'invert_navd88_ft': 2.81, 'depth_in': 0.0, 'status': 'No tidal flooding estimated', 'code': 'GREEN', 'description': 'Western community boundary lane. Elevated ridge terrain.'}}",GREEN,NO INUNDATION ESTIMATED,No modeled standing water on community streets or driveway. Check actual conditions before travel.,0.0,0.0,0.0,0.0,0.0,3.0,45.0,NE,2.72,1.27,Mostly Clear,73,0,2.839,1.221,2.943
True,True,nwps,2026-10-09 00:00:00 UTC,2026-10-08 20:00:00 EDT,2.98,3.21,3.48,3.2,0.0,0.0,0.0,0.0,0.0,0.0,0.0,-0.11,0,Tier 0 (No modeled inundation),"{'Bayshore Avenue': {'name': 'Bayshore Avenue', 'invert_mllw_ft': 3.75, 'invert_navd88_ft': 2.11, 'depth_in': 0.0, 'status': 'No tidal flooding estimated', 'code': 'GREEN', 'description': 'Southern waterfront roadway. West and east dips flood first.'}, 'Julian Street': {'name': 'Julian Street', 'invert_mllw_ft': 3.78, 'invert_navd88_ft': 2.14, 'depth_in': 0.0, 'status': 'No tidal flooding estimated', 'code': 'GREEN', 'description': 'Connects Daniel Ave to Bayshore Ave. Southern culvert dips to 3.78 ft.'}, 'Daniel Avenue': {'name': 'Daniel Avenue', 'invert_mllw_ft': 3.88, 'invert_navd88_ft': 2.24, 'depth_in': 0.0, 'status': 'No tidal flooding estimated', 'code': 'GREEN', 'description': 'Central community spine. East end dips low; benchmark section at 4.40 ft.'}, 'Allview Street': {'name': 'Allview Street', 'invert_mllw_ft': 4.13, 'invert_navd88_ft': 2.49, 'depth_in': 0.0, 'status': 'No tidal flooding estimated', 'code': 'GREEN', 'description': 'Interior western cross street. Shallow puddling begins above 4.13 ft.'}, 'River Road': {'name': 'River Road', 'invert_mllw_ft': 4.14, 'invert_navd88_ft': 2.5, 'depth_in': 0.0, 'status': 'No tidal flooding estimated', 'code': 'GREEN', 'description': 'North shoreline access road. Mid-section swale dips to 4.14 ft.'}, 'Hobday Street': {'name': 'Hobday Street', 'invert_mllw_ft': 4.22, 'invert_navd88_ft': 2.58, 'depth_in': 0.0, 'status': 'No tidal flooding estimated', 'code': 'GREEN', 'description': 'Interior cross street between Daniel Ave and Bayshore Ave.'}, 'Little Avenue': {'name': 'Little Avenue', 'invert_mllw_ft': 4.23, 'invert_navd88_ft': 2.59, 'depth_in': 0.0, 'status': 'No tidal flooding estimated', 'code': 'GREEN', 'description': 'Interior cross street. Rises towards Daniel Ave northern ridge.'}, 'Bunny Rabbit Lane': {'name': 'Bunny Rabbit Lane', 'invert_mllw_ft': 4.45, 'invert_navd88_ft': 2.81, 'depth_in': 0.0, 'status': 'No tidal flooding estimated', 'code': 'GREEN', 'description': 'Western community boundary lane. Elevated ridge terrain.'}}",GREEN,NO INUNDATION ESTIMATED,No modeled standing water on community streets or driveway. Check actual conditions before travel.,0.0,0.0,0.0,0.0,0.0,2.0,90.0,E,0.68,1.88,Partly Cloudy,68,0,2.86,1.47,2.941
True,True,nwps,2026-10-09 01:00:00 UTC,2026-10-08 21:00:00 EDT,2.78,3.02,3.3,3.0,0.0,0.0,0.0,0.0,0.0,0.0,0.0,-0.06,0,Tier 0 (No modeled inundation),"{'Bayshore Avenue': {'name': 'Bayshore Avenue', 'invert_mllw_ft': 3.75, 'invert_navd88_ft': 2.11, 'depth_in': 0.0, 'status': 'No tidal flooding estimated', 'code': 'GREEN', 'description': 'Southern waterfront roadway. West and east dips flood first.'}, 'Julian Street': {'name': 'Julian Street', 'invert_mllw_ft': 3.78, 'invert_navd88_ft': 2.14, 'depth_in': 0.0, 'status': 'No tidal flooding estimated', 'code': 'GREEN', 'description': 'Connects Daniel Ave to Bayshore Ave. Southern culvert dips to 3.78 ft.'}, 'Daniel Avenue': {'name': 'Daniel Avenue', 'invert_mllw_ft': 3.88, 'invert_navd88_ft': 2.24, 'depth_in': 0.0, 'status': 'No tidal flooding estimated', 'code': 'GREEN', 'description': 'Central community spine. East end dips low; benchmark section at 4.40 ft.'}, 'Allview Street': {'name': 'Allview Street', 'invert_mllw_ft': 4.13, 'invert_navd88_ft': 2.49, 'depth_in': 0.0, 'status': 'No tidal flooding estimated', 'code': 'GREEN', 'description': 'Interior western cross street. Shallow puddling begins above 4.13 ft.'}, 'River Road': {'name': 'River Road', 'invert_mllw_ft': 4.14, 'invert_navd88_ft': 2.5, 'depth_in': 0.0, 'status': 'No tidal flooding estimated', 'code': 'GREEN', 'description': 'North shoreline access road. Mid-section swale dips to 4.14 ft.'}, 'Hobday Street': {'name': 'Hobday Street', 'invert_mllw_ft': 4.22, 'invert_navd88_ft': 2.58, 'depth_in': 0.0, 'status': 'No tidal flooding estimated', 'code': 'GREEN', 'description': 'Interior cross street between Daniel Ave and Bayshore Ave.'}, 'Little Avenue': {'name': 'Little Avenue', 'invert_mllw_ft': 4.23, 'invert_navd88_ft': 2.59, 'depth_in': 0.0, 'status': 'No tidal flooding estimated', 'code': 'GREEN', 'description': 'Interior cross street. Rises towards Daniel Ave northern ridge.'}, 'Bunny Rabbit Lane': {'name': 'Bunny Rabbit Lane', 'invert_mllw_ft': 4.45, 'invert_navd88_ft': 2.81, 'depth_in': 0.0, 'status': 'No tidal flooding estimated', 'code': 'GREEN', 'description': 'Western community boundary lane. Elevated ridge terrain.'}}",GREEN,NO INUNDATION ESTIMATED,No modeled standing water on community streets or driveway. Check actual conditions before travel.,0.0,0.0,0.0,0.0,0.0,2.0,45.0,NE,1.81,0.85,Partly Cloudy,66,0,2.578,1.591,2.642
True,True,nwps,2026-10-09 02:00:00 UTC,2026-10-08 22:00:00 EDT,2.38,2.62,2.9,2.6,0.0,0.0,0.0,0.0,0.0,0.0,0.0,-0.01,0,Tier 0 (No modeled inundation),"{'Bayshore Avenue': {'name': 'Bayshore Avenue', 'invert_mllw_ft': 3.75, 'invert_navd88_ft': 2.11, 'depth_in': 0.0, 'status': 'No tidal flooding estimated', 'code': 'GREEN', 'description': 'Southern waterfront roadway. West and east dips flood first.'}, 'Julian Street': {'name': 'Julian Street', 'invert_mllw_ft': 3.78, 'invert_navd88_ft': 2.14, 'depth_in': 0.0, 'status': 'No tidal flooding estimated', 'code': 'GREEN', 'description': 'Connects Daniel Ave to Bayshore Ave. Southern culvert dips to 3.78 ft.'}, 'Daniel Avenue': {'name': 'Daniel Avenue', 'invert_mllw_ft': 3.88, 'invert_navd88_ft': 2.24, 'depth_in': 0.0, 'status': 'No tidal flooding estimated', 'code': 'GREEN', 'description': 'Central community spine. East end dips low; benchmark section at 4.40 ft.'}, 'Allview Street': {'name': 'Allview Street', 'invert_mllw_ft': 4.13, 'invert_navd88_ft': 2.49, 'depth_in': 0.0, 'status': 'No tidal flooding estimated', 'code': 'GREEN', 'description': 'Interior western cross street. Shallow puddling begins above 4.13 ft.'}, 'River Road': {'name': 'River Road', 'invert_mllw_ft': 4.14, 'invert_navd88_ft': 2.5, 'depth_in': 0.0, 'status': 'No tidal flooding estimated', 'code': 'GREEN', 'description': 'North shoreline access road. Mid-section swale dips to 4.14 ft.'}, 'Hobday Street': {'name': 'Hobday Street', 'invert_mllw_ft': 4.22, 'invert_navd88_ft': 2.58, 'depth_in': 0.0, 'status': 'No tidal flooding estimated', 'code': 'GREEN', 'description': 'Interior cross street between Daniel Ave and Bayshore Ave.'}, 'Little Avenue': {'name': 'Little Avenue', 'invert_mllw_ft': 4.23, 'invert_navd88_ft': 2.59, 'depth_in': 0.0, 'status': 'No tidal flooding estimated', 'code': 'GREEN', 'description': 'Interior cross street. Rises towards Daniel Ave northern ridge.'}, 'Bunny Rabbit Lane': {'name': 'Bunny Rabbit Lane', 'invert_mllw_ft': 4.45, 'invert_navd88_ft': 2.81, 'depth_in': 0.0, 'status': 'No tidal flooding estimated', 'code': 'GREEN', 'description': 'Western community boundary lane. Elevated ridge terrain.'}}",GREEN,NO INUNDATION ESTIMATED,No modeled standing water on community streets or driveway. Check actual conditions before travel.,0.0,0.0,0.0,0.0,0.0,2.0,45.0,NE,1.81,0.85,Partly Cloudy,65,0,2.078,1.571,2.084
True,True,nwps,2026-10-09 03:00:00 UTC,2026-10-08 23:00:00 EDT,1.79,2.03,2.31,2.0,0.0,0.0,0.0,0.0,0.0,0.0,0.0,0.03,0,Tier 0 (No modeled inundation),"{'Bayshore Avenue': {'name': 'Bayshore Avenue', 'invert_mllw_ft': 3.75, 'invert_navd88_ft': 2.11, 'depth_in': 0.0, 'status': 'No tidal flooding estimated', 'code': 'GREEN', 'description': 'Southern waterfront roadway. West and east dips flood first.'}, 'Julian Street': {'name': 'Julian Street', 'invert_mllw_ft': 3.78, 'invert_navd88_ft': 2.14, 'depth_in': 0.0, 'status': 'No tidal flooding estimated', 'code': 'GREEN', 'description': 'Connects Daniel Ave to Bayshore Ave. Southern culvert dips to 3.78 ft.'}, 'Daniel Avenue': {'name': 'Daniel Avenue', 'invert_mllw_ft': 3.88, 'invert_navd88_ft': 2.24, 'depth_in': 0.0, 'status': 'No tidal flooding estimated', 'code': 'GREEN', 'description': 'Central community spine. East end dips low; benchmark section at 4.40 ft.'}, 'Allview Street': {'name': 'Allview Street', 'invert_mllw_ft': 4.13, 'invert_navd88_ft': 2.49, 'depth_in': 0.0, 'status': 'No tidal flooding estimated', 'code': 'GREEN', 'description': 'Interior western cross street. Shallow puddling begins above 4.13 ft.'}, 'River Road': {'name': 'River Road', 'invert_mllw_ft': 4.14, 'invert_navd88_ft': 2.5, 'depth_in': 0.0, 'status': 'No tidal flooding estimated', 'code': 'GREEN', 'description': 'North shoreline access road. Mid-section swale dips to 4.14 ft.'}, 'Hobday Street': {'name': 'Hobday Street', 'invert_mllw_ft': 4.22, 'invert_navd88_ft': 2.58, 'depth_in': 0.0, 'status': 'No tidal flooding estimated', 'code': 'GREEN', 'description': 'Interior cross street between Daniel Ave and Bayshore Ave.'}, 'Little Avenue': {'name': 'Little Avenue', 'invert_mllw_ft': 4.23, 'invert_navd88_ft': 2.59, 'depth_in': 0.0, 'status': 'No tidal flooding estimated', 'code': 'GREEN', 'description': 'Interior cross street. Rises towards Daniel Ave northern ridge.'}, 'Bunny Rabbit Lane': {'name': 'Bunny Rabbit Lane', 'invert_mllw_ft': 4.45, 'invert_navd88_ft': 2.81, 'depth_in': 0.0, 'status': 'No tidal flooding estimated', 'code': 'GREEN', 'description': 'Western community boundary lane. Elevated ridge terrain.'}}",GREEN,NO INUNDATION ESTIMATED,No modeled standing water on community streets or driveway. Check actual conditions before travel.,0.0,0.0,0.0,0.0,0.0,2.0,0.0,N,1.88,-0.68,Mostly Cloudy,64,0,1.467,1.413,1.402
True,True,nwps,2026-10-09 04:00:00 UTC,2026-10-09 00:00:00 EDT,1.28,1.52,1.8,1.5,0.0,0.0,0.0,0.0,0.0,0.0,0.0,0.04,0,Tier 0 (No modeled inundation),"{'Bayshore Avenue': {'name': 'Bayshore Avenue', 'invert_mllw_ft': 3.75, 'invert_navd88_ft': 2.11, 'depth_in': 0.0, 'status': 'No tidal flooding estimated', 'code': 'GREEN', 'description': 'Southern waterfront roadway. West and east dips flood first.'}, 'Julian Street': {'name': 'Julian Street', 'invert_mllw_ft': 3.78, 'invert_navd88_ft': 2.14, 'depth_in': 0.0, 'status': 'No tidal flooding estimated', 'code': 'GREEN', 'description': 'Connects Daniel Ave to Bayshore Ave. Southern culvert dips to 3.78 ft.'}, 'Daniel Avenue': {'name': 'Daniel Avenue', 'invert_mllw_ft': 3.88, 'invert_navd88_ft': 2.24, 'depth_in': 0.0, 'status': 'No tidal flooding estimated', 'code': 'GREEN', 'description': 'Central community spine. East end dips low; benchmark section at 4.40 ft.'}, 'Allview Street': {'name': 'Allview Street', 'invert_mllw_ft': 4.13, 'invert_navd88_ft': 2.49, 'depth_in': 0.0, 'status': 'No tidal flooding estimated', 'code': 'GREEN', 'description': 'Interior western cross street. Shallow puddling begins above 4.13 ft.'}, 'River Road': {'name': 'River Road', 'invert_mllw_ft': 4.14, 'invert_navd88_ft': 2.5, 'depth_in': 0.0, 'status': 'No tidal flooding estimated', 'code': 'GREEN', 'description': 'North shoreline access road. Mid-section swale dips to 4.14 ft.'}, 'Hobday Street': {'name': 'Hobday Street', 'invert_mllw_ft': 4.22, 'invert_navd88_ft': 2.58, 'depth_in': 0.0, 'status': 'No tidal flooding estimated', 'code': 'GREEN', 'description': 'Interior cross street between Daniel Ave and Bayshore Ave.'}, 'Little Avenue': {'name': 'Little Avenue', 'invert_mllw_ft': 4.23, 'invert_navd88_ft': 2.59, 'depth_in': 0.0, 'status': 'No tidal flooding estimated', 'code': 'GREEN', 'description': 'Interior cross street. Rises towards Daniel Ave northern ridge.'}, 'Bunny Rabbit Lane': {'name': 'Bunny Rabbit Lane', 'invert_mllw_ft': 4.45, 'invert_navd88_ft': 2.81, 'depth_in': 0.0, 'status': 'No tidal flooding estimated', 'code': 'GREEN', 'description': 'Western community boundary lane. Elevated ridge terrain.'}}",GREEN,NO INUNDATION ESTIMATED,No modeled standing water on community streets or driveway. Check actual conditions before travel.,0.0,0.0,0.0,0.0,0.0,2.0,315.0,NW,0.85,-1.81,Mostly Cloudy,63,0,0.886,1.154,0.785
True,True,nwps,2026-10-09 05:00:00 UTC,2026-10-09 01:00:00 EDT,0.7,0.95,1.24,0.9,0.0,0.0,0.0,0.0,0.0,0.0,0.0,0.08,0,Tier 0 (No modeled inundation),"{'Bayshore Avenue': {'name': 'Bayshore Avenue', 'invert_mllw_ft': 3.75, 'invert_navd88_ft': 2.11, 'depth_in': 0.0, 'status': 'No tidal flooding estimated', 'code': 'GREEN', 'description': 'Southern waterfront roadway. West and east dips flood first.'}, 'Julian Street': {'name': 'Julian Street', 'invert_mllw_ft': 3.78, 'invert_navd88_ft': 2.14, 'depth_in': 0.0, 'status': 'No tidal flooding estimated', 'code': 'GREEN', 'description': 'Connects Daniel Ave to Bayshore Ave. Southern culvert dips to 3.78 ft.'}, 'Daniel Avenue': {'name': 'Daniel Avenue', 'invert_mllw_ft': 3.88, 'invert_navd88_ft': 2.24, 'depth_in': 0.0, 'status': 'No tidal flooding estimated', 'code': 'GREEN', 'description': 'Central community spine. East end dips low; benchmark section at 4.40 ft.'}, 'Allview Street': {'name': 'Allview Street', 'invert_mllw_ft': 4.13, 'invert_navd88_ft': 2.49, 'depth_in': 0.0, 'status': 'No tidal flooding estimated', 'code': 'GREEN', 'description': 'Interior western cross street. Shallow puddling begins above 4.13 ft.'}, 'River Road': {'name': 'River Road', 'invert_mllw_ft': 4.14, 'invert_navd88_ft': 2.5, 'depth_in': 0.0, 'status': 'No tidal flooding estimated', 'code': 'GREEN', 'description': 'North shoreline access road. Mid-section swale dips to 4.14 ft.'}, 'Hobday Street': {'name': 'Hobday Street', 'invert_mllw_ft': 4.22, 'invert_navd88_ft': 2.58, 'depth_in': 0.0, 'status': 'No tidal flooding estimated', 'code': 'GREEN', 'description': 'Interior cross street between Daniel Ave and Bayshore Ave.'}, 'Little Avenue': {'name': 'Little Avenue', 'invert_mllw_ft': 4.23, 'invert_navd88_ft': 2.59, 'depth_in': 0.0, 'status': 'No tidal flooding estimated', 'code': 'GREEN', 'description': 'Interior cross street. Rises towards Daniel Ave northern ridge.'}, 'Bunny Rabbit Lane': {'name': 'Bunny Rabbit Lane', 'invert_mllw_ft': 4.45, 'invert_navd88_ft': 2.81, 'depth_in': 0.0, 'status': 'No tidal flooding estimated', 'code': 'GREEN', 'description': 'Western community boundary lane. Elevated ridge terrain.'}}",GREEN,NO INUNDATION ESTIMATED,No modeled standing water on community streets or driveway. Check actual conditions before travel.,0.0,0.0,0.0,0.0,0.0,3.0,0.0,N,2.82,-1.03,Mostly Cloudy,62,0,0.486,0.861,0.388
True,True,nwps,2026-10-09 06:00:00 UTC,2026-10-09 02:00:00 EDT,0.3,0.55,0.84,0.5,0.0,0.0,0.0,0.0,0.0,0.0,0.0,0.07,0,Tier 0 (No modeled inundation),"{'Bayshore Avenue': {'name': 'Bayshore Avenue', 'invert_mllw_ft': 3.75, 'invert_navd88_ft': 2.11, 'depth_in': 0.0, 'status': 'No tidal flooding estimated', 'code': 'GREEN', 'description': 'Southern waterfront roadway. West and east dips flood first.'}, 'Julian Street': {'name': 'Julian Street', 'invert_mllw_ft': 3.78, 'invert_navd88_ft': 2.14, 'depth_in': 0.0, 'status': 'No tidal flooding estimated', 'code': 'GREEN', 'description': 'Connects Daniel Ave to Bayshore Ave. Southern culvert dips to 3.78 ft.'}, 'Daniel Avenue': {'name': 'Daniel Avenue', 'invert_mllw_ft': 3.88, 'invert_navd88_ft': 2.24, 'depth_in': 0.0, 'status': 'No tidal flooding estimated', 'code': 'GREEN', 'description': 'Central community spine. East end dips low; benchmark section at 4.40 ft.'}, 'Allview Street': {'name': 'Allview Street', 'invert_mllw_ft': 4.13, 'invert_navd88_ft': 2.49, 'depth_in': 0.0, 'status': 'No tidal flooding estimated', 'code': 'GREEN', 'description': 'Interior western cross street. Shallow puddling begins above 4.13 ft.'}, 'River Road': {'name': 'River Road', 'invert_mllw_ft': 4.14, 'invert_navd88_ft': 2.5, 'depth_in': 0.0, 'status': 'No tidal flooding estimated', 'code': 'GREEN', 'description': 'North shoreline access road. Mid-section swale dips to 4.14 ft.'}, 'Hobday Street': {'name': 'Hobday Street', 'invert_mllw_ft': 4.22, 'invert_navd88_ft': 2.58, 'depth_in': 0.0, 'status': 'No tidal flooding estimated', 'code': 'GREEN', 'description': 'Interior cross street between Daniel Ave and Bayshore Ave.'}, 'Little Avenue': {'name': 'Little Avenue', 'invert_mllw_ft': 4.23, 'invert_navd88_ft': 2.59, 'depth_in': 0.0, 'status': 'No tidal flooding estimated', 'code': 'GREEN', 'description': 'Interior cross street. Rises towards Daniel Ave northern ridge.'}, 'Bunny Rabbit Lane': {'name': 'Bunny Rabbit Lane', 'invert_mllw_ft': 4.45, 'invert_navd88_ft': 2.81, 'depth_in': 0.0, 'status': 'No tidal flooding estimated', 'code': 'GREEN', 'description': 'Western community boundary lane. Elevated ridge terrain.'}}",GREEN,NO INUNDATION ESTIMATED,No modeled standing water on community streets or driveway. Check actual conditions before travel.,0.0,0.0,0.0,0.0,0.0,3.0,0.0,N,2.82,-1.03,Mostly Cloudy,61,0,0.364,0.589,0.318
True,True,nwps,2026-10-09 07:00:00 UTC,2026-10-09 03:00:00 EDT,0.25,0.5,0.79,0.4,0.0,0.0,0.0,0.0,0.0,0.0,0.0,0.03,0,Tier 0 (No modeled inundation),"{'Bayshore Avenue': {'name': 'Bayshore Avenue', 'invert_mllw_ft': 3.75, 'invert_navd88_ft': 2.11, 'depth_in': 0.0, 'status': 'No tidal flooding estimated', 'code': 'GREEN', 'description': 'Southern waterfront roadway. West and east dips flood first.'}, 'Julian Street': {'name': 'Julian Street', 'invert_mllw_ft': 3.78, 'invert_navd88_ft': 2.14, 'depth_in': 0.0, 'status': 'No tidal flooding estimated', 'code': 'GREEN', 'description': 'Connects Daniel Ave to Bayshore Ave. Southern culvert dips to 3.78 ft.'}, 'Daniel Avenue': {'name': 'Daniel Avenue', 'invert_mllw_ft': 3.88, 'invert_navd88_ft': 2.24, 'depth_in': 0.0, 'status': 'No tidal flooding estimated', 'code': 'GREEN', 'description': 'Central community spine. East end dips low; benchmark section at 4.40 ft.'}, 'Allview Street': {'name': 'Allview Street', 'invert_mllw_ft': 4.13, 'invert_navd88_ft': 2.49, 'depth_in': 0.0, 'status': 'No tidal flooding estimated', 'code': 'GREEN', 'description': 'Interior western cross street. Shallow puddling begins above 4.13 ft.'}, 'River Road': {'name': 'River Road', 'invert_mllw_ft': 4.14, 'invert_navd88_ft': 2.5, 'depth_in': 0.0, 'status': 'No tidal flooding estimated', 'code': 'GREEN', 'description': 'North shoreline access road. Mid-section swale dips to 4.14 ft.'}, 'Hobday Street': {'name': 'Hobday Street', 'invert_mllw_ft': 4.22, 'invert_navd88_ft': 2.58, 'depth_in': 0.0, 'status': 'No tidal flooding estimated', 'code': 'GREEN', 'description': 'Interior cross street between Daniel Ave and Bayshore Ave.'}, 'Little Avenue': {'name': 'Little Avenue', 'invert_mllw_ft': 4.23, 'invert_navd88_ft': 2.59, 'depth_in': 0.0, 'status': 'No tidal flooding estimated', 'code': 'GREEN', 'description': 'Interior cross street. Rises towards Daniel Ave northern ridge.'}, 'Bunny Rabbit Lane': {'name': 'Bunny Rabbit Lane', 'invert_mllw_ft': 4.45, 'invert_navd88_ft': 2.81, 'depth_in': 0.0, 'status': 'No tidal flooding estimated', 'code': 'GREEN', 'description': 'Western community boundary lane. Elevated ridge terrain.'}}",GREEN,NO INUNDATION ESTIMATED,No modeled standing water on community streets or driveway. Check actual conditions before travel.,0.0,0.0,0.0,0.0,0.0,3.0,0.0,N,2.82,-1.03,Mostly Cloudy,60,0,0.546,0.392,0.605
True,True,nwps,2026-10-09 08:00:00 UTC,2026-10-09 04:00:00 EDT,0.39,0.64,0.93,0.6,0.0,0.0,0.0,0.0,0.0,0.0,0.0,-0.02,0,Tier 0 (No modeled inundation),"{'Bayshore Avenue': {'name': 'Bayshore Avenue', 'invert_mllw_ft': 3.75, 'invert_navd88_ft': 2.11, 'depth_in': 0.0, 'status': 'No tidal flooding estimated', 'code': 'GREEN', 'description': 'Southern waterfront roadway. West and east dips flood first.'}, 'Julian Street': {'name': 'Julian Street', 'invert_mllw_ft': 3.78, 'invert_navd88_ft': 2.14, 'depth_in': 0.0, 'status': 'No tidal flooding estimated', 'code': 'GREEN', 'description': 'Connects Daniel Ave to Bayshore Ave. Southern culvert dips to 3.78 ft.'}, 'Daniel Avenue': {'name': 'Daniel Avenue', 'invert_mllw_ft': 3.88, 'invert_navd88_ft': 2.24, 'depth_in': 0.0, 'status': 'No tidal flooding estimated', 'code': 'GREEN', 'description': 'Central community spine. East end dips low; benchmark section at 4.40 ft.'}, 'Allview Street': {'name': 'Allview Street', 'invert_mllw_ft': 4.13, 'invert_navd88_ft': 2.49, 'depth_in': 0.0, 'status': 'No tidal flooding estimated', 'code': 'GREEN', 'description': 'Interior western cross street. Shallow puddling begins above 4.13 ft.'}, 'River Road': {'name': 'River Road', 'invert_mllw_ft': 4.14, 'invert_navd88_ft': 2.5, 'depth_in': 0.0, 'status': 'No tidal flooding estimated', 'code': 'GREEN', 'description': 'North shoreline access road. Mid-section swale dips to 4.14 ft.'}, 'Hobday Street': {'name': 'Hobday Street', 'invert_mllw_ft': 4.22, 'invert_navd88_ft': 2.58, 'depth_in': 0.0, 'status': 'No tidal flooding estimated', 'code': 'GREEN', 'description': 'Interior cross street between Daniel Ave and Bayshore Ave.'}, 'Little Avenue': {'name': 'Little Avenue', 'invert_mllw_ft': 4.23, 'invert_navd88_ft': 2.59, 'depth_in': 0.0, 'status': 'No tidal flooding estimated', 'code': 'GREEN', 'description': 'Interior cross street. Rises towards Daniel Ave northern ridge.'}, 'Bunny Rabbit Lane': {'name': 'Bunny Rabbit Lane', 'invert_mllw_ft': 4.45, 'invert_navd88_ft': 2.81, 'depth_in': 0.0, 'status': 'No tidal flooding estimated', 'code': 'GREEN', 'description': 'Western community boundary lane. Elevated ridge terrain.'}}",GREEN,NO INUNDATION ESTIMATED,No modeled standing water on community streets or driveway. Check actual conditions before travel.,0.0,0.0,0.0,0.0,0.0,3.0,0.0,N,2.82,-1.03,Partly Cloudy,58,0,1.016,0.343,1.188
True,True,nwps,2026-10-09 09:00:00 UTC,2026-10-09 05:00:00 EDT,0.99,1.24,1.53,1.2,0.0,0.0,0.0,0.0,0.0,0.0,0.0,-0.07,0,Tier 0 (No modeled inundation),"{'Bayshore Avenue': {'name': 'Bayshore Avenue', 'invert_mllw_ft': 3.75, 'invert_navd88_ft': 2.11, 'depth_in': 0.0, 'status': 'No tidal flooding estimated', 'code': 'GREEN', 'description': 'Southern waterfront roadway. West and east dips flood first.'}, 'Julian Street': {'name': 'Julian Street', 'invert_mllw_ft': 3.78, 'invert_navd88_ft': 2.14, 'depth_in': 0.0, 'status': 'No tidal flooding estimated', 'code': 'GREEN', 'description': 'Connects Daniel Ave to Bayshore Ave. Southern culvert dips to 3.78 ft.'}, 'Daniel Avenue': {'name': 'Daniel Avenue', 'invert_mllw_ft': 3.88, 'invert_navd88_ft': 2.24, 'depth_in': 0.0, 'status': 'No tidal flooding estimated', 'code': 'GREEN', 'description': 'Central community spine. East end dips low; benchmark section at 4.40 ft.'}, 'Allview Street': {'name': 'Allview Street', 'invert_mllw_ft': 4.13, 'invert_navd88_ft': 2.49, 'depth_in': 0.0, 'status': 'No tidal flooding estimated', 'code': 'GREEN', 'description': 'Interior western cross street. Shallow puddling begins above 4.13 ft.'}, 'River Road': {'name': 'River Road', 'invert_mllw_ft': 4.14, 'invert_navd88_ft': 2.5, 'depth_in': 0.0, 'status': 'No tidal flooding estimated', 'code': 'GREEN', 'description': 'North shoreline access road. Mid-section swale dips to 4.14 ft.'}, 'Hobday Street': {'name': 'Hobday Street', 'invert_mllw_ft': 4.22, 'invert_navd88_ft': 2.58, 'depth_in': 0.0, 'status': 'No tidal flooding estimated', 'code': 'GREEN', 'description': 'Interior cross street between Daniel Ave and Bayshore Ave.'}, 'Little Avenue': {'name': 'Little Avenue', 'invert_mllw_ft': 4.23, 'invert_navd88_ft': 2.59, 'depth_in': 0.0, 'status': 'No tidal flooding estimated', 'code': 'GREEN', 'description': 'Interior cross street. Rises towards Daniel Ave northern ridge.'}, 'Bunny Rabbit Lane': {'name': 'Bunny Rabbit Lane', 'invert_mllw_ft': 4.45, 'invert_navd88_ft': 2.81, 'depth_in': 0.0, 'status': 'No tidal flooding estimated', 'code': 'GREEN', 'description': 'Western community boundary lane. Elevated ridge terrain.'}}",GREEN,NO INUNDATION ESTIMATED,No modeled standing water on community streets or driveway. Check actual conditions before travel.,0.0,0.0,0.0,0.0,0.0,3.0,0.0,N,2.82,-1.03,Partly Cloudy,57,0,1.698,0.501,1.932
True,True,nwps,2026-10-09 10:00:00 UTC,2026-10-09 06:00:00 EDT,1.69,1.94,2.23,1.9,0.0,0.0,0.0,0.0,0.0,0.0,0.0,-0.1,0,Tier 0 (No modeled inundation),"{'Bayshore Avenue': {'name': 'Bayshore Avenue', 'invert_mllw_ft': 3.75, 'invert_navd88_ft': 2.11, 'depth_in': 0.0, 'status': 'No tidal flooding estimated', 'code': 'GREEN', 'description': 'Southern waterfront roadway. West and east dips flood first.'}, 'Julian Street': {'name': 'Julian Street', 'invert_mllw_ft': 3.78, 'invert_navd88_ft': 2.14, 'depth_in': 0.0, 'status': 'No tidal flooding estimated', 'code': 'GREEN', 'description': 'Connects Daniel Ave to Bayshore Ave. Southern culvert dips to 3.78 ft.'}, 'Daniel Avenue': {'name': 'Daniel Avenue', 'invert_mllw_ft': 3.88, 'invert_navd88_ft': 2.24, 'depth_in': 0.0, 'status': 'No tidal flooding estimated', 'code': 'GREEN', 'description': 'Central community spine. East end dips low; benchmark section at 4.40 ft.'}, 'Allview Street': {'name': 'Allview Street', 'invert_mllw_ft': 4.13, 'invert_navd88_ft': 2.49, 'depth_in': 0.0, 'status': 'No tidal flooding estimated', 'code': 'GREEN', 'description': 'Interior western cross street. Shallow puddling begins above 4.13 ft.'}, 'River Road': {'name': 'River Road', 'invert_mllw_ft': 4.14, 'invert_navd88_ft': 2.5, 'depth_in': 0.0, 'status': 'No tidal flooding estimated', 'code': 'GREEN', 'description': 'North shoreline access road. Mid-section swale dips to 4.14 ft.'}, 'Hobday Street': {'name': 'Hobday Street', 'invert_mllw_ft': 4.22, 'invert_navd88_ft': 2.58, 'depth_in': 0.0, 'status': 'No tidal flooding estimated', 'code': 'GREEN', 'description': 'Interior cross street between Daniel Ave and Bayshore Ave.'}, 'Little Avenue': {'name': 'Little Avenue', 'invert_mllw_ft': 4.23, 'invert_navd88_ft': 2.59, 'depth_in': 0.0, 'status': 'No tidal flooding estimated', 'code': 'GREEN', 'description': 'Interior cross street. Rises towards Daniel Ave northern ridge.'}, 'Bunny Rabbit Lane': {'name': 'Bunny Rabbit Lane', 'invert_mllw_ft': 4.45, 'invert_navd88_ft': 2.81, 'depth_in': 0.0, 'status': 'No tidal flooding estimated', 'code': 'GREEN', 'description': 'Western community boundary lane. Elevated ridge terrain.'}}",GREEN,NO INUNDATION ESTIMATED,No modeled standing water on community streets or driveway. Check actual conditions before travel.,0.0,0.0,0.0,0.0,0.0,3.0,0.0,N,2.82,-1.03,Mostly Sunny,56,0,2.412,0.838,2.634
True,True,nwps,2026-10-09 11:00:00 UTC,2026-10-09 07:00:00 EDT,2.38,2.64,2.94,2.6,0.0,0.0,0.0,0.0,0.0,0.0,0.0,-0.1,0,Tier 0 (No modeled inundation),"{'Bayshore Avenue': {'name': 'Bayshore Avenue', 'invert_mllw_ft': 3.75, 'invert_navd88_ft': 2.11, 'depth_in': 0.0, 'status': 'No tidal flooding estimated', 'code': 'GREEN', 'description': 'Southern waterfront roadway. West and east dips flood first.'}, 'Julian Street': {'name': 'Julian Street', 'invert_mllw_ft': 3.78, 'invert_navd88_ft': 2.14, 'depth_in': 0.0, 'status': 'No tidal flooding estimated', 'code': 'GREEN', 'description': 'Connects Daniel Ave to Bayshore Ave. Southern culvert dips to 3.78 ft.'}, 'Daniel Avenue': {'name': 'Daniel Avenue', 'invert_mllw_ft': 3.88, 'invert_navd88_ft': 2.24, 'depth_in': 0.0, 'status': 'No tidal flooding estimated', 'code': 'GREEN', 'description': 'Central community spine. East end dips low; benchmark section at 4.40 ft.'}, 'Allview Street': {'name': 'Allview Street', 'invert_mllw_ft': 4.13, 'invert_navd88_ft': 2.49, 'depth_in': 0.0, 'status': 'No tidal flooding estimated', 'code': 'GREEN', 'description': 'Interior western cross street. Shallow puddling begins above 4.13 ft.'}, 'River Road': {'name': 'River Road', 'invert_mllw_ft': 4.14, 'invert_navd88_ft': 2.5, 'depth_in': 0.0, 'status': 'No tidal flooding estimated', 'code': 'GREEN', 'description': 'North shoreline access road. Mid-section swale dips to 4.14 ft.'}, 'Hobday Street': {'name': 'Hobday Street', 'invert_mllw_ft': 4.22, 'invert_navd88_ft': 2.58, 'depth_in': 0.0, 'status': 'No tidal flooding estimated', 'code': 'GREEN', 'description': 'Interior cross street between Daniel Ave and Bayshore Ave.'}, 'Little Avenue': {'name': 'Little Avenue', 'invert_mllw_ft': 4.23, 'invert_navd88_ft': 2.59, 'depth_in': 0.0, 'status': 'No tidal flooding estimated', 'code': 'GREEN', 'description': 'Interior cross street. Rises towards Daniel Ave northern ridge.'}, 'Bunny Rabbit Lane': {'name': 'Bunny Rabbit Lane', 'invert_mllw_ft': 4.45, 'invert_navd88_ft': 2.81, 'depth_in': 0.0, 'status': 'No tidal flooding estimated', 'code': 'GREEN', 'description': 'Western community boundary lane. Elevated ridge terrain.'}}",GREEN,NO INUNDATION ESTIMATED,No modeled standing water on community streets or driveway. Check actual conditions before travel.,0.0,0.0,0.0,0.0,0.0,3.0,0.0,N,2.82,-1.03,Partly Sunny,55,0,2.93,1.233,3.104
True,True,nwps,2026-10-09 12:00:00 UTC,2026-10-09 08:00:00 EDT,2.97,3.23,3.53,3.2,0.0,0.0,0.0,0.0,0.0,0.0,0.0,-0.11,0,Tier 0 (No modeled inundation),"{'Bayshore Avenue': {'name': 'Bayshore Avenue', 'invert_mllw_ft': 3.75, 'invert_navd88_ft': 2.11, 'depth_in': 0.0, 'status': 'No tidal flooding estimated', 'code': 'GREEN', 'description': 'Southern waterfront roadway. West and east dips flood first.'}, 'Julian Street': {'name': 'Julian Street', 'invert_mllw_ft': 3.78, 'invert_navd88_ft': 2.14, 'depth_in': 0.0, 'status': 'No tidal flooding estimated', 'code': 'GREEN', 'description': 'Connects Daniel Ave to Bayshore Ave. Southern culvert dips to 3.78 ft.'}, 'Daniel Avenue': {'name': 'Daniel Avenue', 'invert_mllw_ft': 3.88, 'invert_navd88_ft': 2.24, 'depth_in': 0.0, 'status': 'No tidal flooding estimated', 'code': 'GREEN', 'description': 'Central community spine. East end dips low; benchmark section at 4.40 ft.'}, 'Allview Street': {'name': 'Allview Street', 'invert_mllw_ft': 4.13, 'invert_navd88_ft': 2.49, 'depth_in': 0.0, 'status': 'No tidal flooding estimated', 'code': 'GREEN', 'description': 'Interior western cross street. Shallow puddling begins above 4.13 ft.'}, 'River Road': {'name': 'River Road', 'invert_mllw_ft': 4.14, 'invert_navd88_ft': 2.5, 'depth_in': 0.0, 'status': 'No tidal flooding estimated', 'code': 'GREEN', 'description': 'North shoreline access road. Mid-section swale dips to 4.14 ft.'}, 'Hobday Street': {'name': 'Hobday Street', 'invert_mllw_ft': 4.22, 'invert_navd88_ft': 2.58, 'depth_in': 0.0, 'status': 'No tidal flooding estimated', 'code': 'GREEN', 'description': 'Interior cross street between Daniel Ave and Bayshore Ave.'}, 'Little Avenue': {'name': 'Little Avenue', 'invert_mllw_ft': 4.23, 'invert_navd88_ft': 2.59, 'depth_in': 0.0, 'status': 'No tidal flooding estimated', 'code': 'GREEN', 'description': 'Interior cross street. Rises towards Daniel Ave northern ridge.'}, 'Bunny Rabbit Lane': {'name': 'Bunny Rabbit Lane', 'invert_mllw_ft': 4.45, 'invert_navd88_ft': 2.81, 'depth_in': 0.0, 'status': 'No tidal flooding estimated', 'code': 'GREEN', 'description': 'Western community boundary lane. Elevated ridge terrain.'}}",GREEN,NO INUNDATION ESTIMATED,No modeled standing water on community streets or driveway. Check actual conditions before travel.,0.0,0.0,0.0,0.0,0.0,2.0,0.0,N,1.88,-0.68,Partly Sunny,56,0,3.106,1.558,3.261
True,True,nwps,2026-10-09 13:00:00 UTC,2026-10-09 09:00:00 EDT,3.18,3.44,3.74,3.4,0.0,0.0,0.0,0.0,0.0,0.0,0.0,-0.06,0,Tier 0 (No modeled inundation),"{'Bayshore Avenue': {'name': 'Bayshore Avenue', 'invert_mllw_ft': 3.75, 'invert_navd88_ft': 2.11, 'depth_in': 0.0, 'status': 'No tidal flooding estimated', 'code': 'GREEN', 'description': 'Southern waterfront roadway. West and east dips flood first.'}, 'Julian Street': {'name': 'Julian Street', 'invert_mllw_ft': 3.78, 'invert_navd88_ft': 2.14, 'depth_in': 0.0, 'status': 'No tidal flooding estimated', 'code': 'GREEN', 'description': 'Connects Daniel Ave to Bayshore Ave. Southern culvert dips to 3.78 ft.'}, 'Daniel Avenue': {'name': 'Daniel Avenue', 'invert_mllw_ft': 3.88, 'invert_navd88_ft': 2.24, 'depth_in': 0.0, 'status': 'No tidal flooding estimated', 'code': 'GREEN', 'description': 'Central community spine. East end dips low; benchmark section at 4.40 ft.'}, 'Allview Street': {'name': 'Allview Street', 'invert_mllw_ft': 4.13, 'invert_navd88_ft': 2.49, 'depth_in': 0.0, 'status': 'No tidal flooding estimated', 'code': 'GREEN', 'description': 'Interior western cross street. Shallow puddling begins above 4.13 ft.'}, 'River Road': {'name': 'River Road', 'invert_mllw_ft': 4.14, 'invert_navd88_ft': 2.5, 'depth_in': 0.0, 'status': 'No tidal flooding estimated', 'code': 'GREEN', 'description': 'North shoreline access road. Mid-section swale dips to 4.14 ft.'}, 'Hobday Street': {'name': 'Hobday Street', 'invert_mllw_ft': 4.22, 'invert_navd88_ft': 2.58, 'depth_in': 0.0, 'status': 'No tidal flooding estimated', 'code': 'GREEN', 'description': 'Interior cross street between Daniel Ave and Bayshore Ave.'}, 'Little Avenue': {'name': 'Little Avenue', 'invert_mllw_ft': 4.23, 'invert_navd88_ft': 2.59, 'depth_in': 0.0, 'status': 'No tidal flooding estimated', 'code': 'GREEN', 'description': 'Interior cross street. Rises towards Daniel Ave northern ridge.'}, 'Bunny Rabbit Lane': {'name': 'Bunny Rabbit Lane', 'invert_mllw_ft': 4.45, 'invert_navd88_ft': 2.81, 'depth_in': 0.0, 'status': 'No tidal flooding estimated', 'code': 'GREEN', 'description': 'Western community boundary lane. Elevated ridge terrain.'}}",GREEN,NO INUNDATION ESTIMATED,No modeled standing water on community streets or driveway. Check actual conditions before travel.,0.0,0.0,0.0,0.0,0.0,3.0,0.0,N,2.82,-1.03,Partly Sunny,60,0,2.934,1.746,3.092
True,True,nwps,2026-10-09 14:00:00 UTC,2026-10-09 10:00:00 EDT,2.98,3.24,3.54,3.2,0.0,0.0,0.0,0.0,0.0,0.0,0.0,-0.02,0,Tier 0 (No modeled inundation),"{'Bayshore Avenue': {'name': 'Bayshore Avenue', 'invert_mllw_ft': 3.75, 'invert_navd88_ft': 2.11, 'depth_in': 0.0, 'status': 'No tidal flooding estimated', 'code': 'GREEN', 'description': 'Southern waterfront roadway. West and east dips flood first.'}, 'Julian Street': {'name': 'Julian Street', 'invert_mllw_ft': 3.78, 'invert_navd88_ft': 2.14, 'depth_in': 0.0, 'status': 'No tidal flooding estimated', 'code': 'GREEN', 'description': 'Connects Daniel Ave to Bayshore Ave. Southern culvert dips to 3.78 ft.'}, 'Daniel Avenue': {'name': 'Daniel Avenue', 'invert_mllw_ft': 3.88, 'invert_navd88_ft': 2.24, 'depth_in': 0.0, 'status': 'No tidal flooding estimated', 'code': 'GREEN', 'description': 'Central community spine. East end dips low; benchmark section at 4.40 ft.'}, 'Allview Street': {'name': 'Allview Street', 'invert_mllw_ft': 4.13, 'invert_navd88_ft': 2.49, 'depth_in': 0.0, 'status': 'No tidal flooding estimated', 'code': 'GREEN', 'description': 'Interior western cross street. Shallow puddling begins above 4.13 ft.'}, 'River Road': {'name': 'River Road', 'invert_mllw_ft': 4.14, 'invert_navd88_ft': 2.5, 'depth_in': 0.0, 'status': 'No tidal flooding estimated', 'code': 'GREEN', 'description': 'North shoreline access road. Mid-section swale dips to 4.14 ft.'}, 'Hobday Street': {'name': 'Hobday Street', 'invert_mllw_ft': 4.22, 'invert_navd88_ft': 2.58, 'depth_in': 0.0, 'status': 'No tidal flooding estimated', 'code': 'GREEN', 'description': 'Interior cross street between Daniel Ave and Bayshore Ave.'}, 'Little Avenue': {'name': 'Little Avenue', 'invert_mllw_ft': 4.23, 'invert_navd88_ft': 2.59, 'depth_in': 0.0, 'status': 'No tidal flooding estimated', 'code': 'GREEN', 'description': 'Interior cross street. Rises towards Daniel Ave northern ridge.'}, 'Bunny Rabbit Lane': {'name': 'Bunny Rabbit Lane', 'invert_mllw_ft': 4.45, 'invert_navd88_ft': 2.81, 'depth_in': 0.0, 'status': 'No tidal flooding estimated', 'code': 'GREEN', 'description': 'Western community boundary lane. Elevated ridge terrain.'}}",GREEN,NO INUNDATION ESTIMATED,No modeled standing water on community streets or driveway. Check actual conditions before travel.,0.0,0.0,0.0,0.0,0.0,3.0,0.0,N,2.82,-1.03,Partly Sunny,65,0,2.489,1.776,2.608
True,True,nwps,2026-10-09 15:00:00 UTC,2026-10-09 11:00:00 EDT,2.38,2.64,2.94,2.6,0.0,0.0,0.0,0.0,0.0,0.0,0.0,0.02,0,Tier 0 (No modeled inundation),"{'Bayshore Avenue': {'name': 'Bayshore Avenue', 'invert_mllw_ft': 3.75, 'invert_navd88_ft': 2.11, 'depth_in': 0.0, 'status': 'No tidal flooding estimated', 'code': 'GREEN', 'description': 'Southern waterfront roadway. West and east dips flood first.'}, 'Julian Street': {'name': 'Julian Street', 'invert_mllw_ft': 3.78, 'invert_navd88_ft': 2.14, 'depth_in': 0.0, 'status': 'No tidal flooding estimated', 'code': 'GREEN', 'description': 'Connects Daniel Ave to Bayshore Ave. Southern culvert dips to 3.78 ft.'}, 'Daniel Avenue': {'name': 'Daniel Avenue', 'invert_mllw_ft': 3.88, 'invert_navd88_ft': 2.24, 'depth_in': 0.0, 'status': 'No tidal flooding estimated', 'code': 'GREEN', 'description': 'Central community spine. East end dips low; benchmark section at 4.40 ft.'}, 'Allview Street': {'name': 'Allview Street', 'invert_mllw_ft': 4.13, 'invert_navd88_ft': 2.49, 'depth_in': 0.0, 'status': 'No tidal flooding estimated', 'code': 'GREEN', 'description': 'Interior western cross street. Shallow puddling begins above 4.13 ft.'}, 'River Road': {'name': 'River Road', 'invert_mllw_ft': 4.14, 'invert_navd88_ft': 2.5, 'depth_in': 0.0, 'status': 'No tidal flooding estimated', 'code': 'GREEN', 'description': 'North shoreline access road. Mid-section swale dips to 4.14 ft.'}, 'Hobday Street': {'name': 'Hobday Street', 'invert_mllw_ft': 4.22, 'invert_navd88_ft': 2.58, 'depth_in': 0.0, 'status': 'No tidal flooding estimated', 'code': 'GREEN', 'description': 'Interior cross street between Daniel Ave and Bayshore Ave.'}, 'Little Avenue': {'name': 'Little Avenue', 'invert_mllw_ft': 4.23, 'invert_navd88_ft': 2.59, 'depth_in': 0.0, 'status': 'No tidal flooding estimated', 'code': 'GREEN', 'description': 'Interior cross street. Rises towards Daniel Ave northern ridge.'}, 'Bunny Rabbit Lane': {'name': 'Bunny Rabbit Lane', 'invert_mllw_ft': 4.45, 'invert_navd88_ft': 2.81, 'depth_in': 0.0, 'status': 'No tidal flooding estimated', 'code': 'GREEN', 'description': 'Western community boundary lane. Elevated ridge terrain.'}}",GREEN,NO INUNDATION ESTIMATED,No modeled standing water on community streets or driveway. Check actual conditions before travel.,0.0,0.0,0.0,0.0,0.0,3.0,0.0,N,2.82,-1.03,Partly Sunny,69,0,1.872,1.648,1.911
True,True,nwps,2026-10-09 16:00:00 UTC,2026-10-09 12:00:00 EDT,1.69,1.95,2.25,1.9,0.0,0.0,0.0,0.0,0.0,0.0,0.0,0.06,0,Tier 0 (No modeled inundation),"{'Bayshore Avenue': {'name': 'Bayshore Avenue', 'invert_mllw_ft': 3.75, 'invert_navd88_ft': 2.11, 'depth_in': 0.0, 'status': 'No tidal flooding estimated', 'code': 'GREEN', 'description': 'Southern waterfront roadway. West and east dips flood first.'}, 'Julian Street': {'name': 'Julian Street', 'invert_mllw_ft': 3.78, 'invert_navd88_ft': 2.14, 'depth_in': 0.0, 'status': 'No tidal flooding estimated', 'code': 'GREEN', 'description': 'Connects Daniel Ave to Bayshore Ave. Southern culvert dips to 3.78 ft.'}, 'Daniel Avenue': {'name': 'Daniel Avenue', 'invert_mllw_ft': 3.88, 'invert_navd88_ft': 2.24, 'depth_in': 0.0, 'status': 'No tidal flooding estimated', 'code': 'GREEN', 'description': 'Central community spine. East end dips low; benchmark section at 4.40 ft.'}, 'Allview Street': {'name': 'Allview Street', 'invert_mllw_ft': 4.13, 'invert_navd88_ft': 2.49, 'depth_in': 0.0, 'status': 'No tidal flooding estimated', 'code': 'GREEN', 'description': 'Interior western cross street. Shallow puddling begins above 4.13 ft.'}, 'River Road': {'name': 'River Road', 'invert_mllw_ft': 4.14, 'invert_navd88_ft': 2.5, 'depth_in': 0.0, 'status': 'No tidal flooding estimated', 'code': 'GREEN', 'description': 'North shoreline access road. Mid-section swale dips to 4.14 ft.'}, 'Hobday Street': {'name': 'Hobday Street', 'invert_mllw_ft': 4.22, 'invert_navd88_ft': 2.58, 'depth_in': 0.0, 'status': 'No tidal flooding estimated', 'code': 'GREEN', 'description': 'Interior cross street between Daniel Ave and Bayshore Ave.'}, 'Little Avenue': {'name': 'Little Avenue', 'invert_mllw_ft': 4.23, 'invert_navd88_ft': 2.59, 'depth_in': 0.0, 'status': 'No tidal flooding estimated', 'code': 'GREEN', 'description': 'Interior cross street. Rises towards Daniel Ave northern ridge.'}, 'Bunny Rabbit Lane': {'name': 'Bunny Rabbit Lane', 'invert_mllw_ft': 4.45, 'invert_navd88_ft': 2.81, 'depth_in': 0.0, 'status': 'No tidal flooding estimated', 'code': 'GREEN', 'description': 'Western community boundary lane. Elevated ridge terrain.'}}",GREEN,NO INUNDATION ESTIMATED,No modeled standing water on community streets or driveway. Check actual conditions before travel.,0.0,0.0,0.0,0.0,0.0,3.0,0.0,N,2.82,-1.03,Partly Sunny,70,0,1.219,1.392,1.193
True,True,nwps,2026-10-09 17:00:00 UTC,2026-10-09 13:00:00 EDT,0.98,1.25,1.56,1.2,0.0,0.0,0.0,0.0,0.0,0.0,0.0,0.08,0,Tier 0 (No modeled inundation),"{'Bayshore Avenue': {'name': 'Bayshore Avenue', 'invert_mllw_ft': 3.75, 'invert_navd88_ft': 2.11, 'depth_in': 0.0, 'status': 'No tidal flooding estimated', 'code': 'GREEN', 'description': 'Southern waterfront roadway. West and east dips flood first.'}, 'Julian Street': {'name': 'Julian Street', 'invert_mllw_ft': 3.78, 'invert_navd88_ft': 2.14, 'depth_in': 0.0, 'status': 'No tidal flooding estimated', 'code': 'GREEN', 'description': 'Connects Daniel Ave to Bayshore Ave. Southern culvert dips to 3.78 ft.'}, 'Daniel Avenue': {'name': 'Daniel Avenue', 'invert_mllw_ft': 3.88, 'invert_navd88_ft': 2.24, 'depth_in': 0.0, 'status': 'No tidal flooding estimated', 'code': 'GREEN', 'description': 'Central community spine. East end dips low; benchmark section at 4.40 ft.'}, 'Allview Street': {'name': 'Allview Street', 'invert_mllw_ft': 4.13, 'invert_navd88_ft': 2.49, 'depth_in': 0.0, 'status': 'No tidal flooding estimated', 'code': 'GREEN', 'description': 'Interior western cross street. Shallow puddling begins above 4.13 ft.'}, 'River Road': {'name': 'River Road', 'invert_mllw_ft': 4.14, 'invert_navd88_ft': 2.5, 'depth_in': 0.0, 'status': 'No tidal flooding estimated', 'code': 'GREEN', 'description': 'North shoreline access road. Mid-section swale dips to 4.14 ft.'}, 'Hobday Street': {'name': 'Hobday Street', 'invert_mllw_ft': 4.22, 'invert_navd88_ft': 2.58, 'depth_in': 0.0, 'status': 'No tidal flooding estimated', 'code': 'GREEN', 'description': 'Interior cross street between Daniel Ave and Bayshore Ave.'}, 'Little Avenue': {'name': 'Little Avenue', 'invert_mllw_ft': 4.23, 'invert_navd88_ft': 2.59, 'depth_in': 0.0, 'status': 'No tidal flooding estimated', 'code': 'GREEN', 'description': 'Interior cross street. Rises towards Daniel Ave northern ridge.'}, 'Bunny Rabbit Lane': {'name': 'Bunny Rabbit Lane', 'invert_mllw_ft': 4.45, 'invert_navd88_ft': 2.81, 'depth_in': 0.0, 'status': 'No tidal flooding estimated', 'code': 'GREEN', 'description': 'Western community boundary lane. Elevated ridge terrain.'}}",GREEN,NO INUNDATION ESTIMATED,No modeled standing water on community streets or driveway. Check actual conditions before travel.,0.0,0.0,0.0,0.0,0.0,3.0,0.0,N,2.82,-1.03,Partly Sunny,73,0,0.691,1.072,0.634
True,True,nwps,2026-10-09 18:00:00 UTC,2026-10-09 14:00:00 EDT,0.31,0.58,0.89,0.5,0.0,0.0,0.0,0.0,0.0,0.0,0.0,0.11,0,Tier 0 (No modeled inundation),"{'Bayshore Avenue': {'name': 'Bayshore Avenue', 'invert_mllw_ft': 3.75, 'invert_navd88_ft': 2.11, 'depth_in': 0.0, 'status': 'No tidal flooding estimated', 'code': 'GREEN', 'description': 'Southern waterfront roadway. West and east dips flood first.'}, 'Julian Street': {'name': 'Julian Street', 'invert_mllw_ft': 3.78, 'invert_navd88_ft': 2.14, 'depth_in': 0.0, 'status': 'No tidal flooding estimated', 'code': 'GREEN', 'description': 'Connects Daniel Ave to Bayshore Ave. Southern culvert dips to 3.78 ft.'}, 'Daniel Avenue': {'name': 'Daniel Avenue', 'invert_mllw_ft': 3.88, 'invert_navd88_ft': 2.24, 'depth_in': 0.0, 'status': 'No tidal flooding estimated', 'code': 'GREEN', 'description': 'Central community spine. East end dips low; benchmark section at 4.40 ft.'}, 'Allview Street': {'name': 'Allview Street', 'invert_mllw_ft': 4.13, 'invert_navd88_ft': 2.49, 'depth_in': 0.0, 'status': 'No tidal flooding estimated', 'code': 'GREEN', 'description': 'Interior western cross street. Shallow puddling begins above 4.13 ft.'}, 'River Road': {'name': 'River Road', 'invert_mllw_ft': 4.14, 'invert_navd88_ft': 2.5, 'depth_in': 0.0, 'status': 'No tidal flooding estimated', 'code': 'GREEN', 'description': 'North shoreline access road. Mid-section swale dips to 4.14 ft.'}, 'Hobday Street': {'name': 'Hobday Street', 'invert_mllw_ft': 4.22, 'invert_navd88_ft': 2.58, 'depth_in': 0.0, 'status': 'No tidal flooding estimated', 'code': 'GREEN', 'description': 'Interior cross street between Daniel Ave and Bayshore Ave.'}, 'Little Avenue': {'name': 'Little Avenue', 'invert_mllw_ft': 4.23, 'invert_navd88_ft': 2.59, 'depth_in': 0.0, 'status': 'No tidal flooding estimated', 'code': 'GREEN', 'description': 'Interior cross street. Rises towards Daniel Ave northern ridge.'}, 'Bunny Rabbit Lane': {'name': 'Bunny Rabbit Lane', 'invert_mllw_ft': 4.45, 'invert_navd88_ft': 2.81, 'depth_in': 0.0, 'status': 'No tidal flooding estimated', 'code': 'GREEN', 'description': 'Western community boundary lane. Elevated ridge terrain.'}}",GREEN,NO INUNDATION ESTIMATED,No modeled standing water on community streets or driveway. Check actual conditions before travel.,0.0,0.0,0.0,0.0,0.0,5.0,0.0,N,4.7,-1.71,Mostly Cloudy,73,0,0.412,0.754,0.363
True,True,nwps,2026-10-09 19:00:00 UTC,2026-10-09 15:00:00 EDT,0.23,0.5,0.81,0.3,0.0,0.0,0.0,0.0,0.0,0.0,0.0,0.05,0,Tier 0 (No modeled inundation),"{'Bayshore Avenue': {'name': 'Bayshore Avenue', 'invert_mllw_ft': 3.75, 'invert_navd88_ft': 2.11, 'depth_in': 0.0, 'status': 'No tidal flooding estimated', 'code': 'GREEN', 'description': 'Southern waterfront roadway. West and east dips flood first.'}, 'Julian Street': {'name': 'Julian Street', 'invert_mllw_ft': 3.78, 'invert_navd88_ft': 2.14, 'depth_in': 0.0, 'status': 'No tidal flooding estimated', 'code': 'GREEN', 'description': 'Connects Daniel Ave to Bayshore Ave. Southern culvert dips to 3.78 ft.'}, 'Daniel Avenue': {'name': 'Daniel Avenue', 'invert_mllw_ft': 3.88, 'invert_navd88_ft': 2.24, 'depth_in': 0.0, 'status': 'No tidal flooding estimated', 'code': 'GREEN', 'description': 'Central community spine. East end dips low; benchmark section at 4.40 ft.'}, 'Allview Street': {'name': 'Allview Street', 'invert_mllw_ft': 4.13, 'invert_navd88_ft': 2.49, 'depth_in': 0.0, 'status': 'No tidal flooding estimated', 'code': 'GREEN', 'description': 'Interior western cross street. Shallow puddling begins above 4.13 ft.'}, 'River Road': {'name': 'River Road', 'invert_mllw_ft': 4.14, 'invert_navd88_ft': 2.5, 'depth_in': 0.0, 'status': 'No tidal flooding estimated', 'code': 'GREEN', 'description': 'North shoreline access road. Mid-section swale dips to 4.14 ft.'}, 'Hobday Street': {'name': 'Hobday Street', 'invert_mllw_ft': 4.22, 'invert_navd88_ft': 2.58, 'depth_in': 0.0, 'status': 'No tidal flooding estimated', 'code': 'GREEN', 'description': 'Interior cross street between Daniel Ave and Bayshore Ave.'}, 'Little Avenue': {'name': 'Little Avenue', 'invert_mllw_ft': 4.23, 'invert_navd88_ft': 2.59, 'depth_in': 0.0, 'status': 'No tidal flooding estimated', 'code': 'GREEN', 'description': 'Interior cross street. Rises towards Daniel Ave northern ridge.'}, 'Bunny Rabbit Lane': {'name': 'Bunny Rabbit Lane', 'invert_mllw_ft': 4.45, 'invert_navd88_ft': 2.81, 'depth_in': 0.0, 'status': 'No tidal flooding estimated', 'code': 'GREEN', 'description': 'Western community boundary lane. Elevated ridge terrain.'}}",GREEN,NO INUNDATION ESTIMATED,No modeled standing water on community streets or driveway. Check actual conditions before travel.,0.0,0.0,0.0,0.0,0.0,3.0,0.0,N,2.82,-1.03,Partly Sunny,74,0,0.429,0.487,0.45
True,True,nwps,2026-10-09 20:00:00 UTC,2026-10-09 16:00:00 EDT,0.27,0.54,0.85,0.5,0.0,0.0,0.0,0.0,0.0,0.0,0.0,0.0,0,Tier 0 (No modeled inundation),"{'Bayshore Avenue': {'name': 'Bayshore Avenue', 'invert_mllw_ft': 3.75, 'invert_navd88_ft': 2.11, 'depth_in': 0.0, 'status': 'No tidal flooding estimated', 'code': 'GREEN', 'description': 'Southern waterfront roadway. West and east dips flood first.'}, 'Julian Street': {'name': 'Julian Street', 'invert_mllw_ft': 3.78, 'invert_navd88_ft': 2.14, 'depth_in': 0.0, 'status': 'No tidal flooding estimated', 'code': 'GREEN', 'description': 'Connects Daniel Ave to Bayshore Ave. Southern culvert dips to 3.78 ft.'}, 'Daniel Avenue': {'name': 'Daniel Avenue', 'invert_mllw_ft': 3.88, 'invert_navd88_ft': 2.24, 'depth_in': 0.0, 'status': 'No tidal flooding estimated', 'code': 'GREEN', 'description': 'Central community spine. East end dips low; benchmark section at 4.40 ft.'}, 'Allview Street': {'name': 'Allview Street', 'invert_mllw_ft': 4.13, 'invert_navd88_ft': 2.49, 'depth_in': 0.0, 'status': 'No tidal flooding estimated', 'code': 'GREEN', 'description': 'Interior western cross street. Shallow puddling begins above 4.13 ft.'}, 'River Road': {'name': 'River Road', 'invert_mllw_ft': 4.14, 'invert_navd88_ft': 2.5, 'depth_in': 0.0, 'status': 'No tidal flooding estimated', 'code': 'GREEN', 'description': 'North shoreline access road. Mid-section swale dips to 4.14 ft.'}, 'Hobday Street': {'name': 'Hobday Street', 'invert_mllw_ft': 4.22, 'invert_navd88_ft': 2.58, 'depth_in': 0.0, 'status': 'No tidal flooding estimated', 'code': 'GREEN', 'description': 'Interior cross street between Daniel Ave and Bayshore Ave.'}, 'Little Avenue': {'name': 'Little Avenue', 'invert_mllw_ft': 4.23, 'invert_navd88_ft': 2.59, 'depth_in': 0.0, 'status': 'No tidal flooding estimated', 'code': 'GREEN', 'description': 'Interior cross street. Rises towards Daniel Ave northern ridge.'}, 'Bunny Rabbit Lane': {'name': 'Bunny Rabbit Lane', 'invert_mllw_ft': 4.45, 'invert_navd88_ft': 2.81, 'depth_in': 0.0, 'status': 'No tidal flooding estimated', 'code': 'GREEN', 'description': 'Western community boundary lane. Elevated ridge terrain.'}}",GREEN,NO INUNDATION ESTIMATED,No modeled standing water on community streets or driveway. Check actual conditions before travel.,0.0,0.0,0.0,0.0,0.0,3.0,0.0,N,2.82,-1.03,Partly Sunny,75,0,0.744,0.332,0.874
True,True,nwps,2026-10-09 21:00:00 UTC,2026-10-09 17:00:00 EDT,0.77,1.04,1.35,1.0,0.0,0.0,0.0,0.0,0.0,0.0,0.0,-0.05,0,Tier 0 (No modeled inundation),"{'Bayshore Avenue': {'name': 'Bayshore Avenue', 'invert_mllw_ft': 3.75, 'invert_navd88_ft': 2.11, 'depth_in': 0.0, 'status': 'No tidal flooding estimated', 'code': 'GREEN', 'description': 'Southern waterfront roadway. West and east dips flood first.'}, 'Julian Street': {'name': 'Julian Street', 'invert_mllw_ft': 3.78, 'invert_navd88_ft': 2.14, 'depth_in': 0.0, 'status': 'No tidal flooding estimated', 'code': 'GREEN', 'description': 'Connects Daniel Ave to Bayshore Ave. Southern culvert dips to 3.78 ft.'}, 'Daniel Avenue': {'name': 'Daniel Avenue', 'invert_mllw_ft': 3.88, 'invert_navd88_ft': 2.24, 'depth_in': 0.0, 'status': 'No tidal flooding estimated', 'code': 'GREEN', 'description': 'Central community spine. East end dips low; benchmark section at 4.40 ft.'}, 'Allview Street': {'name': 'Allview Street', 'invert_mllw_ft': 4.13, 'invert_navd88_ft': 2.49, 'depth_in': 0.0, 'status': 'No tidal flooding estimated', 'code': 'GREEN', 'description': 'Interior western cross street. Shallow puddling begins above 4.13 ft.'}, 'River Road': {'name': 'River Road', 'invert_mllw_ft': 4.14, 'invert_navd88_ft': 2.5, 'depth_in': 0.0, 'status': 'No tidal flooding estimated', 'code': 'GREEN', 'description': 'North shoreline access road. Mid-section swale dips to 4.14 ft.'}, 'Hobday Street': {'name': 'Hobday Street', 'invert_mllw_ft': 4.22, 'invert_navd88_ft': 2.58, 'depth_in': 0.0, 'status': 'No tidal flooding estimated', 'code': 'GREEN', 'description': 'Interior cross street between Daniel Ave and Bayshore Ave.'}, 'Little Avenue': {'name': 'Little Avenue', 'invert_mllw_ft': 4.23, 'invert_navd88_ft': 2.59, 'depth_in': 0.0, 'status': 'No tidal flooding estimated', 'code': 'GREEN', 'description': 'Interior cross street. Rises towards Daniel Ave northern ridge.'}, 'Bunny Rabbit Lane': {'name': 'Bunny Rabbit Lane', 'invert_mllw_ft': 4.45, 'invert_navd88_ft': 2.81, 'depth_in': 0.0, 'status': 'No tidal flooding estimated', 'code': 'GREEN', 'description': 'Western community boundary lane. Elevated ridge terrain.'}}",GREEN,NO INUNDATION ESTIMATED,No modeled standing water on community streets or driveway. Check actual conditions before travel.,0.0,0.0,0.0,0.0,0.0,3.0,0.0,N,2.82,-1.03,Partly Sunny,73,0,1.312,0.361,1.519
True,True,nwps,2026-10-09 22:00:00 UTC,2026-10-09 18:00:00 EDT,1.37,1.64,1.95,1.6,0.0,0.0,0.0,0.0,0.0,0.0,0.0,-0.08,0,Tier 0 (No modeled inundation),"{'Bayshore Avenue': {'name': 'Bayshore Avenue', 'invert_mllw_ft': 3.75, 'invert_navd88_ft': 2.11, 'depth_in': 0.0, 'status': 'No tidal flooding estimated', 'code': 'GREEN', 'description': 'Southern waterfront roadway. West and east dips flood first.'}, 'Julian Street': {'name': 'Julian Street', 'invert_mllw_ft': 3.78, 'invert_navd88_ft': 2.14, 'depth_in': 0.0, 'status': 'No tidal flooding estimated', 'code': 'GREEN', 'description': 'Connects Daniel Ave to Bayshore Ave. Southern culvert dips to 3.78 ft.'}, 'Daniel Avenue': {'name': 'Daniel Avenue', 'invert_mllw_ft': 3.88, 'invert_navd88_ft': 2.24, 'depth_in': 0.0, 'status': 'No tidal flooding estimated', 'code': 'GREEN', 'description': 'Central community spine. East end dips low; benchmark section at 4.40 ft.'}, 'Allview Street': {'name': 'Allview Street', 'invert_mllw_ft': 4.13, 'invert_navd88_ft': 2.49, 'depth_in': 0.0, 'status': 'No tidal flooding estimated', 'code': 'GREEN', 'description': 'Interior western cross street. Shallow puddling begins above 4.13 ft.'}, 'River Road': {'name': 'River Road', 'invert_mllw_ft': 4.14, 'invert_navd88_ft': 2.5, 'depth_in': 0.0, 'status': 'No tidal flooding estimated', 'code': 'GREEN', 'description': 'North shoreline access road. Mid-section swale dips to 4.14 ft.'}, 'Hobday Street': {'name': 'Hobday Street', 'invert_mllw_ft': 4.22, 'invert_navd88_ft': 2.58, 'depth_in': 0.0, 'status': 'No tidal flooding estimated', 'code': 'GREEN', 'description': 'Interior cross street between Daniel Ave and Bayshore Ave.'}, 'Little Avenue': {'name': 'Little Avenue', 'invert_mllw_ft': 4.23, 'invert_navd88_ft': 2.59, 'depth_in': 0.0, 'status': 'No tidal flooding estimated', 'code': 'GREEN', 'description': 'Interior cross street. Rises towards Daniel Ave northern ridge.'}, 'Bunny Rabbit Lane': {'name': 'Bunny Rabbit Lane', 'invert_mllw_ft': 4.45, 'invert_navd88_ft': 2.81, 'depth_in': 0.0, 'status': 'No tidal flooding estimated', 'code': 'GREEN', 'description': 'Western community boundary lane. Elevated ridge terrain.'}}",GREEN,NO INUNDATION ESTIMATED,No modeled standing water on community streets or driveway. Check actual conditions before travel.,0.0,0.0,0.0,0.0,0.0,3.0,45.0,NE,2.72,1.27,Mostly Cloudy,72,0,1.994,0.592,2.2
True,True,nwps,2026-10-09 23:00:00 UTC,2026-10-09 19:00:00 EDT,2.14,2.42,2.74,2.4,0.0,0.0,0.0,0.0,0.0,0.0,0.0,-0.11,0,Tier 0 (No modeled inundation),"{'Bayshore Avenue': {'name': 'Bayshore Avenue', 'invert_mllw_ft': 3.75, 'invert_navd88_ft': 2.11, 'depth_in': 0.0, 'status': 'No tidal flooding estimated', 'code': 'GREEN', 'description': 'Southern waterfront roadway. West and east dips flood first.'}, 'Julian Street': {'name': 'Julian Street', 'invert_mllw_ft': 3.78, 'invert_navd88_ft': 2.14, 'depth_in': 0.0, 'status': 'No tidal flooding estimated', 'code': 'GREEN', 'description': 'Connects Daniel Ave to Bayshore Ave. Southern culvert dips to 3.78 ft.'}, 'Daniel Avenue': {'name': 'Daniel Avenue', 'invert_mllw_ft': 3.88, 'invert_navd88_ft': 2.24, 'depth_in': 0.0, 'status': 'No tidal flooding estimated', 'code': 'GREEN', 'description': 'Central community spine. East end dips low; benchmark section at 4.40 ft.'}, 'Allview Street': {'name': 'Allview Street', 'invert_mllw_ft': 4.13, 'invert_navd88_ft': 2.49, 'depth_in': 0.0, 'status': 'No tidal flooding estimated', 'code': 'GREEN', 'description': 'Interior western cross street. Shallow puddling begins above 4.13 ft.'}, 'River Road': {'name': 'River Road', 'invert_mllw_ft': 4.14, 'invert_navd88_ft': 2.5, 'depth_in': 0.0, 'status': 'No tidal flooding estimated', 'code': 'GREEN', 'description': 'North shoreline access road. Mid-section swale dips to 4.14 ft.'}, 'Hobday Street': {'name': 'Hobday Street', 'invert_mllw_ft': 4.22, 'invert_navd88_ft': 2.58, 'depth_in': 0.0, 'status': 'No tidal flooding estimated', 'code': 'GREEN', 'description': 'Interior cross street between Daniel Ave and Bayshore Ave.'}, 'Little Avenue': {'name': 'Little Avenue', 'invert_mllw_ft': 4.23, 'invert_navd88_ft': 2.59, 'depth_in': 0.0, 'status': 'No tidal flooding estimated', 'code': 'GREEN', 'description': 'Interior cross street. Rises towards Daniel Ave northern ridge.'}, 'Bunny Rabbit Lane': {'name': 'Bunny Rabbit Lane', 'invert_mllw_ft': 4.45, 'invert_navd88_ft': 2.81, 'depth_in': 0.0, 'status': 'No tidal flooding estimated', 'code': 'GREEN', 'description': 'Western community boundary lane. Elevated ridge terrain.'}}",GREEN,NO INUNDATION ESTIMATED,No modeled standing water on community streets or driveway. Check actual conditions before travel.,0.0,0.0,0.0,0.0,0.0,2.0,45.0,NE,1.81,0.85,Mostly Cloudy,69,0,2.563,0.938,2.711
True,True,nwps,2026-10-10 00:00:00 UTC,2026-10-09 20:00:00 EDT,2.52,2.8,3.12,2.8,0.0,0.0,0.0,0.0,0.0,0.0,0.0,-0.13,0,Tier 0 (No modeled inundation),"{'Bayshore Avenue': {'name': 'Bayshore Avenue', 'invert_mllw_ft': 3.75, 'invert_navd88_ft': 2.11, 'depth_in': 0.0, 'status': 'No tidal flooding estimated', 'code': 'GREEN', 'description': 'Southern waterfront roadway. West and east dips flood first.'}, 'Julian Street': {'name': 'Julian Street', 'invert_mllw_ft': 3.78, 'invert_navd88_ft': 2.14, 'depth_in': 0.0, 'status': 'No tidal flooding estimated', 'code': 'GREEN', 'description': 'Connects Daniel Ave to Bayshore Ave. Southern culvert dips to 3.78 ft.'}, 'Daniel Avenue': {'name': 'Daniel Avenue', 'invert_mllw_ft': 3.88, 'invert_navd88_ft': 2.24, 'depth_in': 0.0, 'status': 'No tidal flooding estimated', 'code': 'GREEN', 'description': 'Central community spine. East end dips low; benchmark section at 4.40 ft.'}, 'Allview Street': {'name': 'Allview Street', 'invert_mllw_ft': 4.13, 'invert_navd88_ft': 2.49, 'depth_in': 0.0, 'status': 'No tidal flooding estimated', 'code': 'GREEN', 'description': 'Interior western cross street. Shallow puddling begins above 4.13 ft.'}, 'River Road': {'name': 'River Road', 'invert_mllw_ft': 4.14, 'invert_navd88_ft': 2.5, 'depth_in': 0.0, 'status': 'No tidal flooding estimated', 'code': 'GREEN', 'description': 'North shoreline access road. Mid-section swale dips to 4.14 ft.'}, 'Hobday Street': {'name': 'Hobday Street', 'invert_mllw_ft': 4.22, 'invert_navd88_ft': 2.58, 'depth_in': 0.0, 'status': 'No tidal flooding estimated', 'code': 'GREEN', 'description': 'Interior cross street between Daniel Ave and Bayshore Ave.'}, 'Little Avenue': {'name': 'Little Avenue', 'invert_mllw_ft': 4.23, 'invert_navd88_ft': 2.59, 'depth_in': 0.0, 'status': 'No tidal flooding estimated', 'code': 'GREEN', 'description': 'Interior cross street. Rises towards Daniel Ave northern ridge.'}, 'Bunny Rabbit Lane': {'name': 'Bunny Rabbit Lane', 'invert_mllw_ft': 4.45, 'invert_navd88_ft': 2.81, 'depth_in': 0.0, 'status': 'No tidal flooding estimated', 'code': 'GREEN', 'description': 'Western community boundary lane. Elevated ridge terrain.'}}",GREEN,NO INUNDATION ESTIMATED,No modeled standing water on community streets or driveway. Check actual conditions before travel.,0.0,0.0,0.0,0.0,0.0,1.0,90.0,E,0.34,0.94,Partly Cloudy,65,0,2.836,1.267,2.934
True,True,nwps,2026-10-10 01:00:00 UTC,2026-10-09 21:00:00 EDT,2.72,3.0,3.32,3.0,0.0,0.0,0.0,0.0,0.0,0.0,0.0,-0.1,0,Tier 0 (No modeled inundation),"{'Bayshore Avenue': {'name': 'Bayshore Avenue', 'invert_mllw_ft': 3.75, 'invert_navd88_ft': 2.11, 'depth_in': 0.0, 'status': 'No tidal flooding estimated', 'code': 'GREEN', 'description': 'Southern waterfront roadway. West and east dips flood first.'}, 'Julian Street': {'name': 'Julian Street', 'invert_mllw_ft': 3.78, 'invert_navd88_ft': 2.14, 'depth_in': 0.0, 'status': 'No tidal flooding estimated', 'code': 'GREEN', 'description': 'Connects Daniel Ave to Bayshore Ave. Southern culvert dips to 3.78 ft.'}, 'Daniel Avenue': {'name': 'Daniel Avenue', 'invert_mllw_ft': 3.88, 'invert_navd88_ft': 2.24, 'depth_in': 0.0, 'status': 'No tidal flooding estimated', 'code': 'GREEN', 'description': 'Central community spine. East end dips low; benchmark section at 4.40 ft.'}, 'Allview Street': {'name': 'Allview Street', 'invert_mllw_ft': 4.13, 'invert_navd88_ft': 2.49, 'depth_in': 0.0, 'status': 'No tidal flooding estimated', 'code': 'GREEN', 'description': 'Interior western cross street. Shallow puddling begins above 4.13 ft.'}, 'River Road': {'name': 'River Road', 'invert_mllw_ft': 4.14, 'invert_navd88_ft': 2.5, 'depth_in': 0.0, 'status': 'No tidal flooding estimated', 'code': 'GREEN', 'description': 'North shoreline access road. Mid-section swale dips to 4.14 ft.'}, 'Hobday Street': {'name': 'Hobday Street', 'invert_mllw_ft': 4.22, 'invert_navd88_ft': 2.58, 'depth_in': 0.0, 'status': 'No tidal flooding estimated', 'code': 'GREEN', 'description': 'Interior cross street between Daniel Ave and Bayshore Ave.'}, 'Little Avenue': {'name': 'Little Avenue', 'invert_mllw_ft': 4.23, 'invert_navd88_ft': 2.59, 'depth_in': 0.0, 'status': 'No tidal flooding estimated', 'code': 'GREEN', 'description': 'Interior cross street. Rises towards Daniel Ave northern ridge.'}, 'Bunny Rabbit Lane': {'name': 'Bunny Rabbit Lane', 'invert_mllw_ft': 4.45, 'invert_navd88_ft': 2.81, 'depth_in': 0.0, 'status': 'No tidal flooding estimated', 'code': 'GREEN', 'description': 'Western community boundary lane. Elevated ridge terrain.'}}",GREEN,NO INUNDATION ESTIMATED,No modeled standing water on community streets or driveway. Check actual conditions before travel.,0.0,0.0,0.0,0.0,0.0,1.0,90.0,E,0.34,0.94,Clear,64,0,2.765,1.49,2.851
True,True,nwps,2026-10-10 02:00:00 UTC,2026-10-09 22:00:00 EDT,2.52,2.8,3.12,2.8,0.0,0.0,0.0,0.0,0.0,0.0,0.0,-0.07,0,Tier 0 (No modeled inundation),"{'Bayshore Avenue': {'name': 'Bayshore Avenue', 'invert_mllw_ft': 3.75, 'invert_navd88_ft': 2.11, 'depth_in': 0.0, 'status': 'No tidal flooding estimated', 'code': 'GREEN', 'description': 'Southern waterfront roadway. West and east dips flood first.'}, 'Julian Street': {'name': 'Julian Street', 'invert_mllw_ft': 3.78, 'invert_navd88_ft': 2.14, 'depth_in': 0.0, 'status': 'No tidal flooding estimated', 'code': 'GREEN', 'description': 'Connects Daniel Ave to Bayshore Ave. Southern culvert dips to 3.78 ft.'}, 'Daniel Avenue': {'name': 'Daniel Avenue', 'invert_mllw_ft': 3.88, 'invert_navd88_ft': 2.24, 'depth_in': 0.0, 'status': 'No tidal flooding estimated', 'code': 'GREEN', 'description': 'Central community spine. East end dips low; benchmark section at 4.40 ft.'}, 'Allview Street': {'name': 'Allview Street', 'invert_mllw_ft': 4.13, 'invert_navd88_ft': 2.49, 'depth_in': 0.0, 'status': 'No tidal flooding estimated', 'code': 'GREEN', 'description': 'Interior western cross street. Shallow puddling begins above 4.13 ft.'}, 'River Road': {'name': 'River Road', 'invert_mllw_ft': 4.14, 'invert_navd88_ft': 2.5, 'depth_in': 0.0, 'status': 'No tidal flooding estimated', 'code': 'GREEN', 'description': 'North shoreline access road. Mid-section swale dips to 4.14 ft.'}, 'Hobday Street': {'name': 'Hobday Street', 'invert_mllw_ft': 4.22, 'invert_navd88_ft': 2.58, 'depth_in': 0.0, 'status': 'No tidal flooding estimated', 'code': 'GREEN', 'description': 'Interior cross street between Daniel Ave and Bayshore Ave.'}, 'Little Avenue': {'name': 'Little Avenue', 'invert_mllw_ft': 4.23, 'invert_navd88_ft': 2.59, 'depth_in': 0.0, 'status': 'No tidal flooding estimated', 'code': 'GREEN', 'description': 'Interior cross street. Rises towards Daniel Ave northern ridge.'}, 'Bunny Rabbit Lane': {'name': 'Bunny Rabbit Lane', 'invert_mllw_ft': 4.45, 'invert_navd88_ft': 2.81, 'depth_in': 0.0, 'status': 'No tidal flooding estimated', 'code': 'GREEN', 'description': 'Western community boundary lane. Elevated ridge terrain.'}}",GREEN,NO INUNDATION ESTIMATED,No modeled standing water on community streets or driveway. Check actual conditions before travel.,0.0,0.0,0.0,0.0,0.0,0.0,,Calm,0.0,0.0,Partly Cloudy,63,0,2.409,1.574,2.465
True,True,nwps,2026-10-10 03:00:00 UTC,2026-10-09 23:00:00 EDT,2.02,2.3,2.62,2.3,0.0,0.0,0.0,0.0,0.0,0.0,0.0,-0.03,0,Tier 0 (No modeled inundation),"{'Bayshore Avenue': {'name': 'Bayshore Avenue', 'invert_mllw_ft': 3.75, 'invert_navd88_ft': 2.11, 'depth_in': 0.0, 'status': 'No tidal flooding estimated', 'code': 'GREEN', 'description': 'Southern waterfront roadway. West and east dips flood first.'}, 'Julian Street': {'name': 'Julian Street', 'invert_mllw_ft': 3.78, 'invert_navd88_ft': 2.14, 'depth_in': 0.0, 'status': 'No tidal flooding estimated', 'code': 'GREEN', 'description': 'Connects Daniel Ave to Bayshore Ave. Southern culvert dips to 3.78 ft.'}, 'Daniel Avenue': {'name': 'Daniel Avenue', 'invert_mllw_ft': 3.88, 'invert_navd88_ft': 2.24, 'depth_in': 0.0, 'status': 'No tidal flooding estimated', 'code': 'GREEN', 'description': 'Central community spine. East end dips low; benchmark section at 4.40 ft.'}, 'Allview Street': {'name': 'Allview Street', 'invert_mllw_ft': 4.13, 'invert_navd88_ft': 2.49, 'depth_in': 0.0, 'status': 'No tidal flooding estimated', 'code': 'GREEN', 'description': 'Interior western cross street. Shallow puddling begins above 4.13 ft.'}, 'River Road': {'name': 'River Road', 'invert_mllw_ft': 4.14, 'invert_navd88_ft': 2.5, 'depth_in': 0.0, 'status': 'No tidal flooding estimated', 'code': 'GREEN', 'description': 'North shoreline access road. Mid-section swale dips to 4.14 ft.'}, 'Hobday Street': {'name': 'Hobday Street', 'invert_mllw_ft': 4.22, 'invert_navd88_ft': 2.58, 'depth_in': 0.0, 'status': 'No tidal flooding estimated', 'code': 'GREEN', 'description': 'Interior cross street between Daniel Ave and Bayshore Ave.'}, 'Little Avenue': {'name': 'Little Avenue', 'invert_mllw_ft': 4.23, 'invert_navd88_ft': 2.59, 'depth_in': 0.0, 'status': 'No tidal flooding estimated', 'code': 'GREEN', 'description': 'Interior cross street. Rises towards Daniel Ave northern ridge.'}, 'Bunny Rabbit Lane': {'name': 'Bunny Rabbit Lane', 'invert_mllw_ft': 4.45, 'invert_navd88_ft': 2.81, 'depth_in': 0.0, 'status': 'No tidal flooding estimated', 'code': 'GREEN', 'description': 'Western community boundary lane. Elevated ridge terrain.'}}",GREEN,NO INUNDATION ESTIMATED,No modeled standing water on community streets or driveway. Check actual conditions before travel.,0.0,0.0,0.0,0.0,0.0,0.0,,Calm,0.0,0.0,Mostly Cloudy,62,0,1.861,1.513,1.844
True,True,nwps,2026-10-10 04:00:00 UTC,2026-10-10 00:00:00 EDT,1.32,1.6,1.92,1.6,0.0,0.0,0.0,0.0,0.0,0.0,0.0,0.01,0,Tier 0 (No modeled inundation),"{'Bayshore Avenue': {'name': 'Bayshore Avenue', 'invert_mllw_ft': 3.75, 'invert_navd88_ft': 2.11, 'depth_in': 0.0, 'status': 'No tidal flooding estimated', 'code': 'GREEN', 'description': 'Southern waterfront roadway. West and east dips flood first.'}, 'Julian Street': {'name': 'Julian Street', 'invert_mllw_ft': 3.78, 'invert_navd88_ft': 2.14, 'depth_in': 0.0, 'status': 'No tidal flooding estimated', 'code': 'GREEN', 'description': 'Connects Daniel Ave to Bayshore Ave. Southern culvert dips to 3.78 ft.'}, 'Daniel Avenue': {'name': 'Daniel Avenue', 'invert_mllw_ft': 3.88, 'invert_navd88_ft': 2.24, 'depth_in': 0.0, 'status': 'No tidal flooding estimated', 'code': 'GREEN', 'description': 'Central community spine. East end dips low; benchmark section at 4.40 ft.'}, 'Allview Street': {'name': 'Allview Street', 'invert_mllw_ft': 4.13, 'invert_navd88_ft': 2.49, 'depth_in': 0.0, 'status': 'No tidal flooding estimated', 'code': 'GREEN', 'description': 'Interior western cross street. Shallow puddling begins above 4.13 ft.'}, 'River Road': {'name': 'River Road', 'invert_mllw_ft': 4.14, 'invert_navd88_ft': 2.5, 'depth_in': 0.0, 'status': 'No tidal flooding estimated', 'code': 'GREEN', 'description': 'North shoreline access road. Mid-section swale dips to 4.14 ft.'}, 'Hobday Street': {'name': 'Hobday Street', 'invert_mllw_ft': 4.22, 'invert_navd88_ft': 2.58, 'depth_in': 0.0, 'status': 'No tidal flooding estimated', 'code': 'GREEN', 'description': 'Interior cross street between Daniel Ave and Bayshore Ave.'}, 'Little Avenue': {'name': 'Little Avenue', 'invert_mllw_ft': 4.23, 'invert_navd88_ft': 2.59, 'depth_in': 0.0, 'status': 'No tidal flooding estimated', 'code': 'GREEN', 'description': 'Interior cross street. Rises towards Daniel Ave northern ridge.'}, 'Bunny Rabbit Lane': {'name': 'Bunny Rabbit Lane', 'invert_mllw_ft': 4.45, 'invert_navd88_ft': 2.81, 'depth_in': 0.0, 'status': 'No tidal flooding estimated', 'code': 'GREEN', 'description': 'Western community boundary lane. Elevated ridge terrain.'}}",GREEN,NO INUNDATION ESTIMATED,No modeled standing water on community streets or driveway. Check actual conditions before travel.,0.0,0.0,0.0,0.0,0.0,0.0,,Calm,0.0,0.0,Mostly Cloudy,62,0,1.236,1.319,1.159
True,True,nwps,2026-10-10 05:00:00 UTC,2026-10-10 01:00:00 EDT,0.63,0.91,1.23,0.9,0.0,0.0,0.0,0.0,0.0,0.0,0.0,0.04,0,Tier 0 (No modeled inundation),"{'Bayshore Avenue': {'name': 'Bayshore Avenue', 'invert_mllw_ft': 3.75, 'invert_navd88_ft': 2.11, 'depth_in': 0.0, 'status': 'No tidal flooding estimated', 'code': 'GREEN', 'description': 'Southern waterfront roadway. West and east dips flood first.'}, 'Julian Street': {'name': 'Julian Street', 'invert_mllw_ft': 3.78, 'invert_navd88_ft': 2.14, 'depth_in': 0.0, 'status': 'No tidal flooding estimated', 'code': 'GREEN', 'description': 'Connects Daniel Ave to Bayshore Ave. Southern culvert dips to 3.78 ft.'}, 'Daniel Avenue': {'name': 'Daniel Avenue', 'invert_mllw_ft': 3.88, 'invert_navd88_ft': 2.24, 'depth_in': 0.0, 'status': 'No tidal flooding estimated', 'code': 'GREEN', 'description': 'Central community spine. East end dips low; benchmark section at 4.40 ft.'}, 'Allview Street': {'name': 'Allview Street', 'invert_mllw_ft': 4.13, 'invert_navd88_ft': 2.49, 'depth_in': 0.0, 'status': 'No tidal flooding estimated', 'code': 'GREEN', 'description': 'Interior western cross street. Shallow puddling begins above 4.13 ft.'}, 'River Road': {'name': 'River Road', 'invert_mllw_ft': 4.14, 'invert_navd88_ft': 2.5, 'depth_in': 0.0, 'status': 'No tidal flooding estimated', 'code': 'GREEN', 'description': 'North shoreline access road. Mid-section swale dips to 4.14 ft.'}, 'Hobday Street': {'name': 'Hobday Street', 'invert_mllw_ft': 4.22, 'invert_navd88_ft': 2.58, 'depth_in': 0.0, 'status': 'No tidal flooding estimated', 'code': 'GREEN', 'description': 'Interior cross street between Daniel Ave and Bayshore Ave.'}, 'Little Avenue': {'name': 'Little Avenue', 'invert_mllw_ft': 4.23, 'invert_navd88_ft': 2.59, 'depth_in': 0.0, 'status': 'No tidal flooding estimated', 'code': 'GREEN', 'description': 'Interior cross street. Rises towards Daniel Ave northern ridge.'}, 'Bunny Rabbit Lane': {'name': 'Bunny Rabbit Lane', 'invert_mllw_ft': 4.45, 'invert_navd88_ft': 2.81, 'depth_in': 0.0, 'status': 'No tidal flooding estimated', 'code': 'GREEN', 'description': 'Western community boundary lane. Elevated ridge terrain.'}}",GREEN,NO INUNDATION ESTIMATED,No modeled standing water on community streets or driveway. Check actual conditions before travel.,0.0,0.0,0.0,0.0,0.0,0.0,,Calm,0.0,0.0,Mostly Cloudy,61,0,0.694,1.041,0.597
True,True,nwps,2026-10-10 06:00:00 UTC,2026-10-10 02:00:00 EDT,0.22,0.5,0.82,0.4,0.0,0.0,0.0,0.0,0.0,0.0,0.0,0.04,0,Tier 0 (No modeled inundation),"{'Bayshore Avenue': {'name': 'Bayshore Avenue', 'invert_mllw_ft': 3.75, 'invert_navd88_ft': 2.11, 'depth_in': 0.0, 'status': 'No tidal flooding estimated', 'code': 'GREEN', 'description': 'Southern waterfront roadway. West and east dips flood first.'}, 'Julian Street': {'name': 'Julian Street', 'invert_mllw_ft': 3.78, 'invert_navd88_ft': 2.14, 'depth_in': 0.0, 'status': 'No tidal flooding estimated', 'code': 'GREEN', 'description': 'Connects Daniel Ave to Bayshore Ave. Southern culvert dips to 3.78 ft.'}, 'Daniel Avenue': {'name': 'Daniel Avenue', 'invert_mllw_ft': 3.88, 'invert_navd88_ft': 2.24, 'depth_in': 0.0, 'status': 'No tidal flooding estimated', 'code': 'GREEN', 'description': 'Central community spine. East end dips low; benchmark section at 4.40 ft.'}, 'Allview Street': {'name': 'Allview Street', 'invert_mllw_ft': 4.13, 'invert_navd88_ft': 2.49, 'depth_in': 0.0, 'status': 'No tidal flooding estimated', 'code': 'GREEN', 'description': 'Interior western cross street. Shallow puddling begins above 4.13 ft.'}, 'River Road': {'name': 'River Road', 'invert_mllw_ft': 4.14, 'invert_navd88_ft': 2.5, 'depth_in': 0.0, 'status': 'No tidal flooding estimated', 'code': 'GREEN', 'description': 'North shoreline access road. Mid-section swale dips to 4.14 ft.'}, 'Hobday Street': {'name': 'Hobday Street', 'invert_mllw_ft': 4.22, 'invert_navd88_ft': 2.58, 'depth_in': 0.0, 'status': 'No tidal flooding estimated', 'code': 'GREEN', 'description': 'Interior cross street between Daniel Ave and Bayshore Ave.'}, 'Little Avenue': {'name': 'Little Avenue', 'invert_mllw_ft': 4.23, 'invert_navd88_ft': 2.59, 'depth_in': 0.0, 'status': 'No tidal flooding estimated', 'code': 'GREEN', 'description': 'Interior cross street. Rises towards Daniel Ave northern ridge.'}, 'Bunny Rabbit Lane': {'name': 'Bunny Rabbit Lane', 'invert_mllw_ft': 4.45, 'invert_navd88_ft': 2.81, 'depth_in': 0.0, 'status': 'No tidal flooding estimated', 'code': 'GREEN', 'description': 'Western community boundary lane. Elevated ridge terrain.'}}",GREEN,NO INUNDATION ESTIMATED,No modeled standing water on community streets or driveway. Check actual conditions before travel.,0.0,0.0,0.0,0.0,0.0,0.0,,Calm,0.0,0.0,Mostly Cloudy,61,0,0.376,0.749,0.292
True,True,nwps,2026-10-10 07:00:00 UTC,2026-10-10 03:00:00 EDT,0.21,0.5,0.83,0.2,0.0,0.0,0.0,0.0,0.0,0.0,0.0,0.01,0,Tier 0 (No modeled inundation),"{'Bayshore Avenue': {'name': 'Bayshore Avenue', 'invert_mllw_ft': 3.75, 'invert_navd88_ft': 2.11, 'depth_in': 0.0, 'status': 'No tidal flooding estimated', 'code': 'GREEN', 'description': 'Southern waterfront roadway. West and east dips flood first.'}, 'Julian Street': {'name': 'Julian Street', 'invert_mllw_ft': 3.78, 'invert_navd88_ft': 2.14, 'depth_in': 0.0, 'status': 'No tidal flooding estimated', 'code': 'GREEN', 'description': 'Connects Daniel Ave to Bayshore Ave. Southern culvert dips to 3.78 ft.'}, 'Daniel Avenue': {'name': 'Daniel Avenue', 'invert_mllw_ft': 3.88, 'invert_navd88_ft': 2.24, 'depth_in': 0.0, 'status': 'No tidal flooding estimated', 'code': 'GREEN', 'description': 'Central community spine. East end dips low; benchmark section at 4.40 ft.'}, 'Allview Street': {'name': 'Allview Street', 'invert_mllw_ft': 4.13, 'invert_navd88_ft': 2.49, 'depth_in': 0.0, 'status': 'No tidal flooding estimated', 'code': 'GREEN', 'description': 'Interior western cross street. Shallow puddling begins above 4.13 ft.'}, 'River Road': {'name': 'River Road', 'invert_mllw_ft': 4.14, 'invert_navd88_ft': 2.5, 'depth_in': 0.0, 'status': 'No tidal flooding estimated', 'code': 'GREEN', 'description': 'North shoreline access road. Mid-section swale dips to 4.14 ft.'}, 'Hobday Street': {'name': 'Hobday Street', 'invert_mllw_ft': 4.22, 'invert_navd88_ft': 2.58, 'depth_in': 0.0, 'status': 'No tidal flooding estimated', 'code': 'GREEN', 'description': 'Interior cross street between Daniel Ave and Bayshore Ave.'}, 'Little Avenue': {'name': 'Little Avenue', 'invert_mllw_ft': 4.23, 'invert_navd88_ft': 2.59, 'depth_in': 0.0, 'status': 'No tidal flooding estimated', 'code': 'GREEN', 'description': 'Interior cross street. Rises towards Daniel Ave northern ridge.'}, 'Bunny Rabbit Lane': {'name': 'Bunny Rabbit Lane', 'invert_mllw_ft': 4.45, 'invert_navd88_ft': 2.81, 'depth_in': 0.0, 'status': 'No tidal flooding estimated', 'code': 'GREEN', 'description': 'Western community boundary lane. Elevated ridge terrain.'}}",GREEN,NO INUNDATION ESTIMATED,No modeled standing water on community streets or driveway. Check actual conditions before travel.,0.0,0.0,0.0,0.0,0.0,0.0,,Calm,0.0,0.0,Mostly Cloudy,61,0,0.353,0.497,0.334
True,True,nwps,2026-10-10 08:00:00 UTC,2026-10-10 04:00:00 EDT,0.21,0.5,0.83,0.4,0.0,0.0,0.0,0.0,0.0,0.0,0.0,-0.03,0,Tier 0 (No modeled inundation),"{'Bayshore Avenue': {'name': 'Bayshore Avenue', 'invert_mllw_ft': 3.75, 'invert_navd88_ft': 2.11, 'depth_in': 0.0, 'status': 'No tidal flooding estimated', 'code': 'GREEN', 'description': 'Southern waterfront roadway. West and east dips flood first.'}, 'Julian Street': {'name': 'Julian Street', 'invert_mllw_ft': 3.78, 'invert_navd88_ft': 2.14, 'depth_in': 0.0, 'status': 'No tidal flooding estimated', 'code': 'GREEN', 'description': 'Connects Daniel Ave to Bayshore Ave. Southern culvert dips to 3.78 ft.'}, 'Daniel Avenue': {'name': 'Daniel Avenue', 'invert_mllw_ft': 3.88, 'invert_navd88_ft': 2.24, 'depth_in': 0.0, 'status': 'No tidal flooding estimated', 'code': 'GREEN', 'description': 'Central community spine. East end dips low; benchmark section at 4.40 ft.'}, 'Allview Street': {'name': 'Allview Street', 'invert_mllw_ft': 4.13, 'invert_navd88_ft': 2.49, 'depth_in': 0.0, 'status': 'No tidal flooding estimated', 'code': 'GREEN', 'description': 'Interior western cross street. Shallow puddling begins above 4.13 ft.'}, 'River Road': {'name': 'River Road', 'invert_mllw_ft': 4.14, 'invert_navd88_ft': 2.5, 'depth_in': 0.0, 'status': 'No tidal flooding estimated', 'code': 'GREEN', 'description': 'North shoreline access road. Mid-section swale dips to 4.14 ft.'}, 'Hobday Street': {'name': 'Hobday Street', 'invert_mllw_ft': 4.22, 'invert_navd88_ft': 2.58, 'depth_in': 0.0, 'status': 'No tidal flooding estimated', 'code': 'GREEN', 'description': 'Interior cross street between Daniel Ave and Bayshore Ave.'}, 'Little Avenue': {'name': 'Little Avenue', 'invert_mllw_ft': 4.23, 'invert_navd88_ft': 2.59, 'depth_in': 0.0, 'status': 'No tidal flooding estimated', 'code': 'GREEN', 'description': 'Interior cross street. Rises towards Daniel Ave northern ridge.'}, 'Bunny Rabbit Lane': {'name': 'Bunny Rabbit Lane', 'invert_mllw_ft': 4.45, 'invert_navd88_ft': 2.81, 'depth_in': 0.0, 'status': 'No tidal flooding estimated', 'code': 'GREEN', 'description': 'Western community boundary lane. Elevated ridge terrain.'}}",GREEN,NO INUNDATION ESTIMATED,No modeled standing water on community streets or driveway. Check actual conditions before travel.,0.0,0.0,0.0,0.0,0.0,0.0,,Calm,0.0,0.0,Mostly Cloudy,60,0,0.637,0.342,0.739
True,True,nwps,2026-10-10 09:00:00 UTC,2026-10-10 05:00:00 EDT,0.51,0.8,1.13,0.8,0.0,0.0,0.0,0.0,0.0,0.0,0.0,-0.08,0,Tier 0 (No modeled inundation),"{'Bayshore Avenue': {'name': 'Bayshore Avenue', 'invert_mllw_ft': 3.75, 'invert_navd88_ft': 2.11, 'depth_in': 0.0, 'status': 'No tidal flooding estimated', 'code': 'GREEN', 'description': 'Southern waterfront roadway. West and east dips flood first.'}, 'Julian Street': {'name': 'Julian Street', 'invert_mllw_ft': 3.78, 'invert_navd88_ft': 2.14, 'depth_in': 0.0, 'status': 'No tidal flooding estimated', 'code': 'GREEN', 'description': 'Connects Daniel Ave to Bayshore Ave. Southern culvert dips to 3.78 ft.'}, 'Daniel Avenue': {'name': 'Daniel Avenue', 'invert_mllw_ft': 3.88, 'invert_navd88_ft': 2.24, 'depth_in': 0.0, 'status': 'No tidal flooding estimated', 'code': 'GREEN', 'description': 'Central community spine. East end dips low; benchmark section at 4.40 ft.'}, 'Allview Street': {'name': 'Allview Street', 'invert_mllw_ft': 4.13, 'invert_navd88_ft': 2.49, 'depth_in': 0.0, 'status': 'No tidal flooding estimated', 'code': 'GREEN', 'description': 'Interior western cross street. Shallow puddling begins above 4.13 ft.'}, 'River Road': {'name': 'River Road', 'invert_mllw_ft': 4.14, 'invert_navd88_ft': 2.5, 'depth_in': 0.0, 'status': 'No tidal flooding estimated', 'code': 'GREEN', 'description': 'North shoreline access road. Mid-section swale dips to 4.14 ft.'}, 'Hobday Street': {'name': 'Hobday Street', 'invert_mllw_ft': 4.22, 'invert_navd88_ft': 2.58, 'depth_in': 0.0, 'status': 'No tidal flooding estimated', 'code': 'GREEN', 'description': 'Interior cross street between Daniel Ave and Bayshore Ave.'}, 'Little Avenue': {'name': 'Little Avenue', 'invert_mllw_ft': 4.23, 'invert_navd88_ft': 2.59, 'depth_in': 0.0, 'status': 'No tidal flooding estimated', 'code': 'GREEN', 'description': 'Interior cross street. Rises towards Daniel Ave northern ridge.'}, 'Bunny Rabbit Lane': {'name': 'Bunny Rabbit Lane', 'invert_mllw_ft': 4.45, 'invert_navd88_ft': 2.81, 'depth_in': 0.0, 'status': 'No tidal flooding estimated', 'code': 'GREEN', 'description': 'Western community boundary lane. Elevated ridge terrain.'}}",GREEN,NO INUNDATION ESTIMATED,No modeled standing water on community streets or driveway. Check actual conditions before travel.,0.0,0.0,0.0,0.0,0.0,0.0,,Calm,0.0,0.0,Mostly Cloudy,60,0,1.204,0.355,1.415
True,True,nwps,2026-10-10 10:00:00 UTC,2026-10-10 06:00:00 EDT,1.21,1.5,1.83,1.5,0.0,0.0,0.0,0.0,0.0,0.0,0.0,-0.12,0,Tier 0 (No modeled inundation),"{'Bayshore Avenue': {'name': 'Bayshore Avenue', 'invert_mllw_ft': 3.75, 'invert_navd88_ft': 2.11, 'depth_in': 0.0, 'status': 'No tidal flooding estimated', 'code': 'GREEN', 'description': 'Southern waterfront roadway. West and east dips flood first.'}, 'Julian Street': {'name': 'Julian Street', 'invert_mllw_ft': 3.78, 'invert_navd88_ft': 2.14, 'depth_in': 0.0, 'status': 'No tidal flooding estimated', 'code': 'GREEN', 'description': 'Connects Daniel Ave to Bayshore Ave. Southern culvert dips to 3.78 ft.'}, 'Daniel Avenue': {'name': 'Daniel Avenue', 'invert_mllw_ft': 3.88, 'invert_navd88_ft': 2.24, 'depth_in': 0.0, 'status': 'No tidal flooding estimated', 'code': 'GREEN', 'description': 'Central community spine. East end dips low; benchmark section at 4.40 ft.'}, 'Allview Street': {'name': 'Allview Street', 'invert_mllw_ft': 4.13, 'invert_navd88_ft': 2.49, 'depth_in': 0.0, 'status': 'No tidal flooding estimated', 'code': 'GREEN', 'description': 'Interior western cross street. Shallow puddling begins above 4.13 ft.'}, 'River Road': {'name': 'River Road', 'invert_mllw_ft': 4.14, 'invert_navd88_ft': 2.5, 'depth_in': 0.0, 'status': 'No tidal flooding estimated', 'code': 'GREEN', 'description': 'North shoreline access road. Mid-section swale dips to 4.14 ft.'}, 'Hobday Street': {'name': 'Hobday Street', 'invert_mllw_ft': 4.22, 'invert_navd88_ft': 2.58, 'depth_in': 0.0, 'status': 'No tidal flooding estimated', 'code': 'GREEN', 'description': 'Interior cross street between Daniel Ave and Bayshore Ave.'}, 'Little Avenue': {'name': 'Little Avenue', 'invert_mllw_ft': 4.23, 'invert_navd88_ft': 2.59, 'depth_in': 0.0, 'status': 'No tidal flooding estimated', 'code': 'GREEN', 'description': 'Interior cross street. Rises towards Daniel Ave northern ridge.'}, 'Bunny Rabbit Lane': {'name': 'Bunny Rabbit Lane', 'invert_mllw_ft': 4.45, 'invert_navd88_ft': 2.81, 'depth_in': 0.0, 'status': 'No tidal flooding estimated', 'code': 'GREEN', 'description': 'Western community boundary lane. Elevated ridge terrain.'}}",GREEN,NO INUNDATION ESTIMATED,No modeled standing water on community streets or driveway. Check actual conditions before travel.,0.0,0.0,0.0,0.0,0.0,1.0,90.0,E,0.34,0.94,Partly Sunny,60,0,1.945,0.578,2.191
True,True,nwps,2026-10-10 11:00:00 UTC,2026-10-10 07:00:00 EDT,1.81,2.1,2.43,2.1,0.0,0.0,0.0,0.0,0.0,0.0,0.0,-0.15,0,Tier 0 (No modeled inundation),"{'Bayshore Avenue': {'name': 'Bayshore Avenue', 'invert_mllw_ft': 3.75, 'invert_navd88_ft': 2.11, 'depth_in': 0.0, 'status': 'No tidal flooding estimated', 'code': 'GREEN', 'description': 'Southern waterfront roadway. West and east dips flood first.'}, 'Julian Street': {'name': 'Julian Street', 'invert_mllw_ft': 3.78, 'invert_navd88_ft': 2.14, 'depth_in': 0.0, 'status': 'No tidal flooding estimated', 'code': 'GREEN', 'description': 'Connects Daniel Ave to Bayshore Ave. Southern culvert dips to 3.78 ft.'}, 'Daniel Avenue': {'name': 'Daniel Avenue', 'invert_mllw_ft': 3.88, 'invert_navd88_ft': 2.24, 'depth_in': 0.0, 'status': 'No tidal flooding estimated', 'code': 'GREEN', 'description': 'Central community spine. East end dips low; benchmark section at 4.40 ft.'}, 'Allview Street': {'name': 'Allview Street', 'invert_mllw_ft': 4.13, 'invert_navd88_ft': 2.49, 'depth_in': 0.0, 'status': 'No tidal flooding estimated', 'code': 'GREEN', 'description': 'Interior western cross street. Shallow puddling begins above 4.13 ft.'}, 'River Road': {'name': 'River Road', 'invert_mllw_ft': 4.14, 'invert_navd88_ft': 2.5, 'depth_in': 0.0, 'status': 'No tidal flooding estimated', 'code': 'GREEN', 'description': 'North shoreline access road. Mid-section swale dips to 4.14 ft.'}, 'Hobday Street': {'name': 'Hobday Street', 'invert_mllw_ft': 4.22, 'invert_navd88_ft': 2.58, 'depth_in': 0.0, 'status': 'No tidal flooding estimated', 'code': 'GREEN', 'description': 'Interior cross street between Daniel Ave and Bayshore Ave.'}, 'Little Avenue': {'name': 'Little Avenue', 'invert_mllw_ft': 4.23, 'invert_navd88_ft': 2.59, 'depth_in': 0.0, 'status': 'No tidal flooding estimated', 'code': 'GREEN', 'description': 'Interior cross street. Rises towards Daniel Ave northern ridge.'}, 'Bunny Rabbit Lane': {'name': 'Bunny Rabbit Lane', 'invert_mllw_ft': 4.45, 'invert_navd88_ft': 2.81, 'depth_in': 0.0, 'status': 'No tidal flooding estimated', 'code': 'GREEN', 'description': 'Western community boundary lane. Elevated ridge terrain.'}}",GREEN,NO INUNDATION ESTIMATED,No modeled standing water on community streets or driveway. Check actual conditions before travel.,0.0,0.0,0.0,0.0,0.0,1.0,90.0,E,0.34,0.94,Partly Sunny,61,0,2.642,0.957,2.859
True,True,nwps,2026-10-10 12:00:00 UTC,2026-10-10 08:00:00 EDT,2.52,2.81,3.14,2.8,0.0,0.0,0.0,0.0,0.0,0.0,0.0,-0.14,0,Tier 0 (No modeled inundation),"{'Bayshore Avenue': {'name': 'Bayshore Avenue', 'invert_mllw_ft': 3.75, 'invert_navd88_ft': 2.11, 'depth_in': 0.0, 'status': 'No tidal flooding estimated', 'code': 'GREEN', 'description': 'Southern waterfront roadway. West and east dips flood first.'}, 'Julian Street': {'name': 'Julian Street', 'invert_mllw_ft': 3.78, 'invert_navd88_ft': 2.14, 'depth_in': 0.0, 'status': 'No tidal flooding estimated', 'code': 'GREEN', 'description': 'Connects Daniel Ave to Bayshore Ave. Southern culvert dips to 3.78 ft.'}, 'Daniel Avenue': {'name': 'Daniel Avenue', 'invert_mllw_ft': 3.88, 'invert_navd88_ft': 2.24, 'depth_in': 0.0, 'status': 'No tidal flooding estimated', 'code': 'GREEN', 'description': 'Central community spine. East end dips low; benchmark section at 4.40 ft.'}, 'Allview Street': {'name': 'Allview Street', 'invert_mllw_ft': 4.13, 'invert_navd88_ft': 2.49, 'depth_in': 0.0, 'status': 'No tidal flooding estimated', 'code': 'GREEN', 'description': 'Interior western cross street. Shallow puddling begins above 4.13 ft.'}, 'River Road': {'name': 'River Road', 'invert_mllw_ft': 4.14, 'invert_navd88_ft': 2.5, 'depth_in': 0.0, 'status': 'No tidal flooding estimated', 'code': 'GREEN', 'description': 'North shoreline access road. Mid-section swale dips to 4.14 ft.'}, 'Hobday Street': {'name': 'Hobday Street', 'invert_mllw_ft': 4.22, 'invert_navd88_ft': 2.58, 'depth_in': 0.0, 'status': 'No tidal flooding estimated', 'code': 'GREEN', 'description': 'Interior cross street between Daniel Ave and Bayshore Ave.'}, 'Little Avenue': {'name': 'Little Avenue', 'invert_mllw_ft': 4.23, 'invert_navd88_ft': 2.59, 'depth_in': 0.0, 'status': 'No tidal flooding estimated', 'code': 'GREEN', 'description': 'Interior cross street. Rises towards Daniel Ave northern ridge.'}, 'Bunny Rabbit Lane': {'name': 'Bunny Rabbit Lane', 'invert_mllw_ft': 4.45, 'invert_navd88_ft': 2.81, 'depth_in': 0.0, 'status': 'No tidal flooding estimated', 'code': 'GREEN', 'description': 'Western community boundary lane. Elevated ridge terrain.'}}",GREEN,NO INUNDATION ESTIMATED,No modeled standing water on community streets or driveway. Check actual conditions before travel.,0.0,0.0,0.0,0.0,0.0,2.0,90.0,E,0.68,1.88,Partly Sunny,61,0,3.076,1.356,3.254
True,True,nwps,2026-10-10 13:00:00 UTC,2026-10-10 09:00:00 EDT,2.93,3.22,3.55,3.2,0.0,0.0,0.0,0.0,0.0,0.0,0.0,-0.11,0,Tier 0 (No modeled inundation),"{'Bayshore Avenue': {'name': 'Bayshore Avenue', 'invert_mllw_ft': 3.75, 'invert_navd88_ft': 2.11, 'depth_in': 0.0, 'status': 'No tidal flooding estimated', 'code': 'GREEN', 'description': 'Southern waterfront roadway. West and east dips flood first.'}, 'Julian Street': {'name': 'Julian Street', 'invert_mllw_ft': 3.78, 'invert_navd88_ft': 2.14, 'depth_in': 0.0, 'status': 'No tidal flooding estimated', 'code': 'GREEN', 'description': 'Connects Daniel Ave to Bayshore Ave. Southern culvert dips to 3.78 ft.'}, 'Daniel Avenue': {'name': 'Daniel Avenue', 'invert_mllw_ft': 3.88, 'invert_navd88_ft': 2.24, 'depth_in': 0.0, 'status': 'No tidal flooding estimated', 'code': 'GREEN', 'description': 'Central community spine. East end dips low; benchmark section at 4.40 ft.'}, 'Allview Street': {'name': 'Allview Street', 'invert_mllw_ft': 4.13, 'invert_navd88_ft': 2.49, 'depth_in': 0.0, 'status': 'No tidal flooding estimated', 'code': 'GREEN', 'description': 'Interior western cross street. Shallow puddling begins above 4.13 ft.'}, 'River Road': {'name': 'River Road', 'invert_mllw_ft': 4.14, 'invert_navd88_ft': 2.5, 'depth_in': 0.0, 'status': 'No tidal flooding estimated', 'code': 'GREEN', 'description': 'North shoreline access road. Mid-section swale dips to 4.14 ft.'}, 'Hobday Street': {'name': 'Hobday Street', 'invert_mllw_ft': 4.22, 'invert_navd88_ft': 2.58, 'depth_in': 0.0, 'status': 'No tidal flooding estimated', 'code': 'GREEN', 'description': 'Interior cross street between Daniel Ave and Bayshore Ave.'}, 'Little Avenue': {'name': 'Little Avenue', 'invert_mllw_ft': 4.23, 'invert_navd88_ft': 2.59, 'depth_in': 0.0, 'status': 'No tidal flooding estimated', 'code': 'GREEN', 'description': 'Interior cross street. Rises towards Daniel Ave northern ridge.'}, 'Bunny Rabbit Lane': {'name': 'Bunny Rabbit Lane', 'invert_mllw_ft': 4.45, 'invert_navd88_ft': 2.81, 'depth_in': 0.0, 'status': 'No tidal flooding estimated', 'code': 'GREEN', 'description': 'Western community boundary lane. Elevated ridge terrain.'}}",GREEN,NO INUNDATION ESTIMATED,No modeled standing water on community streets or driveway. Check actual conditions before travel.,0.0,0.0,0.0,0.0,0.0,5.0,90.0,E,1.71,4.7,Partly Sunny,64,0,3.149,1.655,3.32
