timestamp_utc,timestamp_local,year,month,day,hour,ware_river_stage_mllw_ft,ware_river_stage_max_ft,ware_river_stage_navd88_ft,yorktown_wind_speed_mph,yorktown_wind_dir_deg,yorktown_wind_gust_mph,yorktown_baro_mb,yorktown_air_temp_f,wind_u_mph,wind_v_mph,along_bay_wind_mph,cross_bay_wind_mph,yorktown_pred_tide_ft,windmill_pred_tide_ft,windmill_ver_water_ft,windmill_surge_ft,sewells_point_water_level_mllw_ft,sewells_point_pred_tide_ft,sewells_point_surge_ft,bay_hydraulic_gradient_ft,bay_hydraulic_slope_ft_per_mile,estimated_flood_depth_in,is_flooded,flood_risk_tier,flood_risk_label,community_streets,vehicle_passability_code,vehicle_passability,driveway_depth_in,fort_monroe_elevation_navd88_ft
2026-10-03 12:00:00 UTC,2026-10-03 08:00:00 EDT,2026,10,3,8,1.15,1.29,-0.49,13.35,30.1,22.14,1020.9,68.1,-6.7,-11.55,13.14,2.34,0.674,0.799,1.226,0.427,1.243,0.606,0.637,-0.21,-0.00455,0.0,FALSE,0,Tier 0 (No modeled inundation),"{'Bayshore Avenue': {'name': 'Bayshore Avenue', 'invert_mllw_ft': 3.75, 'invert_navd88_ft': 2.11, 'depth_in': 0.0, 'status': 'No tidal flooding estimated', 'code': 'GREEN', 'description': 'Southern waterfront roadway. West and east dips flood first.'}, 'Julian Street': {'name': 'Julian Street', 'invert_mllw_ft': 3.78, 'invert_navd88_ft': 2.14, 'depth_in': 0.0, 'status': 'No tidal flooding estimated', 'code': 'GREEN', 'description': 'Connects Daniel Ave to Bayshore Ave. Southern culvert dips to 3.78 ft.'}, 'Daniel Avenue': {'name': 'Daniel Avenue', 'invert_mllw_ft': 3.88, 'invert_navd88_ft': 2.24, 'depth_in': 0.0, 'status': 'No tidal flooding estimated', 'code': 'GREEN', 'description': 'Central community spine. East end dips low; benchmark section at 4.40 ft.'}, 'Allview Street': {'name': 'Allview Street', 'invert_mllw_ft': 4.13, 'invert_navd88_ft': 2.49, 'depth_in': 0.0, 'status': 'No tidal flooding estimated', 'code': 'GREEN', 'description': 'Interior western cross street. Shallow puddling begins above 4.13 ft.'}, 'River Road': {'name': 'River Road', 'invert_mllw_ft': 4.14, 'invert_navd88_ft': 2.5, 'depth_in': 0.0, 'status': 'No tidal flooding estimated', 'code': 'GREEN', 'description': 'North shoreline access road. Mid-section swale dips to 4.14 ft.'}, 'Hobday Street': {'name': 'Hobday Street', 'invert_mllw_ft': 4.22, 'invert_navd88_ft': 2.58, 'depth_in': 0.0, 'status': 'No tidal flooding estimated', 'code': 'GREEN', 'description': 'Interior cross street between Daniel Ave and Bayshore Ave.'}, 'Little Avenue': {'name': 'Little Avenue', 'invert_mllw_ft': 4.23, 'invert_navd88_ft': 2.59, 'depth_in': 0.0, 'status': 'No tidal flooding estimated', 'code': 'GREEN', 'description': 'Interior cross street. Rises towards Daniel Ave northern ridge.'}, 'Bunny Rabbit Lane': {'name': 'Bunny Rabbit Lane', 'invert_mllw_ft': 4.45, 'invert_navd88_ft': 2.81, 'depth_in': 0.0, 'status': 'No tidal flooding estimated', 'code': 'GREEN', 'description': 'Western community boundary lane. Elevated ridge terrain.'}}",GREEN,NO INUNDATION ESTIMATED,0.0,-0.423
2026-10-03 13:00:00 UTC,2026-10-03 09:00:00 EDT,2026,10,3,9,1.13,1.19,-0.51,12.66,20.8,20.36,1021.7,67.8,-4.5,-11.83,12.66,0.18,0.66,0.614,1.085,0.471,1.193,0.672,0.521,-0.05,-0.00108,0.0,FALSE,0,Tier 0 (No modeled inundation),"{'Bayshore Avenue': {'name': 'Bayshore Avenue', 'invert_mllw_ft': 3.75, 'invert_navd88_ft': 2.11, 'depth_in': 0.0, 'status': 'No tidal flooding estimated', 'code': 'GREEN', 'description': 'Southern waterfront roadway. West and east dips flood first.'}, 'Julian Street': {'name': 'Julian Street', 'invert_mllw_ft': 3.78, 'invert_navd88_ft': 2.14, 'depth_in': 0.0, 'status': 'No tidal flooding estimated', 'code': 'GREEN', 'description': 'Connects Daniel Ave to Bayshore Ave. Southern culvert dips to 3.78 ft.'}, 'Daniel Avenue': {'name': 'Daniel Avenue', 'invert_mllw_ft': 3.88, 'invert_navd88_ft': 2.24, 'depth_in': 0.0, 'status': 'No tidal flooding estimated', 'code': 'GREEN', 'description': 'Central community spine. East end dips low; benchmark section at 4.40 ft.'}, 'Allview Street': {'name': 'Allview Street', 'invert_mllw_ft': 4.13, 'invert_navd88_ft': 2.49, 'depth_in': 0.0, 'status': 'No tidal flooding estimated', 'code': 'GREEN', 'description': 'Interior western cross street. Shallow puddling begins above 4.13 ft.'}, 'River Road': {'name': 'River Road', 'invert_mllw_ft': 4.14, 'invert_navd88_ft': 2.5, 'depth_in': 0.0, 'status': 'No tidal flooding estimated', 'code': 'GREEN', 'description': 'North shoreline access road. Mid-section swale dips to 4.14 ft.'}, 'Hobday Street': {'name': 'Hobday Street', 'invert_mllw_ft': 4.22, 'invert_navd88_ft': 2.58, 'depth_in': 0.0, 'status': 'No tidal flooding estimated', 'code': 'GREEN', 'description': 'Interior cross street between Daniel Ave and Bayshore Ave.'}, 'Little Avenue': {'name': 'Little Avenue', 'invert_mllw_ft': 4.23, 'invert_navd88_ft': 2.59, 'depth_in': 0.0, 'status': 'No tidal flooding estimated', 'code': 'GREEN', 'description': 'Interior cross street. Rises towards Daniel Ave northern ridge.'}, 'Bunny Rabbit Lane': {'name': 'Bunny Rabbit Lane', 'invert_mllw_ft': 4.45, 'invert_navd88_ft': 2.81, 'depth_in': 0.0, 'status': 'No tidal flooding estimated', 'code': 'GREEN', 'description': 'Western community boundary lane. Elevated ridge terrain.'}}",GREEN,NO INUNDATION ESTIMATED,0.0,-0.396
2026-10-03 14:00:00 UTC,2026-10-03 10:00:00 EDT,2026,10,3,10,1.37,1.57,-0.27,15.3,25.6,21.7,1022.6,67.2,-6.61,-13.8,15.23,1.49,0.884,0.509,0.996,0.487,1.518,1.005,0.513,-0.026,-0.00056,0.0,FALSE,0,Tier 0 (No modeled inundation),"{'Bayshore Avenue': {'name': 'Bayshore Avenue', 'invert_mllw_ft': 3.75, 'invert_navd88_ft': 2.11, 'depth_in': 0.0, 'status': 'No tidal flooding estimated', 'code': 'GREEN', 'description': 'Southern waterfront roadway. West and east dips flood first.'}, 'Julian Street': {'name': 'Julian Street', 'invert_mllw_ft': 3.78, 'invert_navd88_ft': 2.14, 'depth_in': 0.0, 'status': 'No tidal flooding estimated', 'code': 'GREEN', 'description': 'Connects Daniel Ave to Bayshore Ave. Southern culvert dips to 3.78 ft.'}, 'Daniel Avenue': {'name': 'Daniel Avenue', 'invert_mllw_ft': 3.88, 'invert_navd88_ft': 2.24, 'depth_in': 0.0, 'status': 'No tidal flooding estimated', 'code': 'GREEN', 'description': 'Central community spine. East end dips low; benchmark section at 4.40 ft.'}, 'Allview Street': {'name': 'Allview Street', 'invert_mllw_ft': 4.13, 'invert_navd88_ft': 2.49, 'depth_in': 0.0, 'status': 'No tidal flooding estimated', 'code': 'GREEN', 'description': 'Interior western cross street. Shallow puddling begins above 4.13 ft.'}, 'River Road': {'name': 'River Road', 'invert_mllw_ft': 4.14, 'invert_navd88_ft': 2.5, 'depth_in': 0.0, 'status': 'No tidal flooding estimated', 'code': 'GREEN', 'description': 'North shoreline access road. Mid-section swale dips to 4.14 ft.'}, 'Hobday Street': {'name': 'Hobday Street', 'invert_mllw_ft': 4.22, 'invert_navd88_ft': 2.58, 'depth_in': 0.0, 'status': 'No tidal flooding estimated', 'code': 'GREEN', 'description': 'Interior cross street between Daniel Ave and Bayshore Ave.'}, 'Little Avenue': {'name': 'Little Avenue', 'invert_mllw_ft': 4.23, 'invert_navd88_ft': 2.59, 'depth_in': 0.0, 'status': 'No tidal flooding estimated', 'code': 'GREEN', 'description': 'Interior cross street. Rises towards Daniel Ave northern ridge.'}, 'Bunny Rabbit Lane': {'name': 'Bunny Rabbit Lane', 'invert_mllw_ft': 4.45, 'invert_navd88_ft': 2.81, 'depth_in': 0.0, 'status': 'No tidal flooding estimated', 'code': 'GREEN', 'description': 'Western community boundary lane. Elevated ridge terrain.'}}",GREEN,NO INUNDATION ESTIMATED,0.0,0.008
2026-10-03 15:00:00 UTC,2026-10-03 11:00:00 EDT,2026,10,3,11,1.88,2.15,0.24,15.03,28.6,20.81,1022.6,66.6,-7.19,-13.2,14.86,2.25,1.315,0.521,0.977,0.456,2.074,1.532,0.542,-0.086,-0.00186,0.0,FALSE,0,Tier 0 (No modeled inundation),"{'Bayshore Avenue': {'name': 'Bayshore Avenue', 'invert_mllw_ft': 3.75, 'invert_navd88_ft': 2.11, 'depth_in': 0.0, 'status': 'No tidal flooding estimated', 'code': 'GREEN', 'description': 'Southern waterfront roadway. West and east dips flood first.'}, 'Julian Street': {'name': 'Julian Street', 'invert_mllw_ft': 3.78, 'invert_navd88_ft': 2.14, 'depth_in': 0.0, 'status': 'No tidal flooding estimated', 'code': 'GREEN', 'description': 'Connects Daniel Ave to Bayshore Ave. Southern culvert dips to 3.78 ft.'}, 'Daniel Avenue': {'name': 'Daniel Avenue', 'invert_mllw_ft': 3.88, 'invert_navd88_ft': 2.24, 'depth_in': 0.0, 'status': 'No tidal flooding estimated', 'code': 'GREEN', 'description': 'Central community spine. East end dips low; benchmark section at 4.40 ft.'}, 'Allview Street': {'name': 'Allview Street', 'invert_mllw_ft': 4.13, 'invert_navd88_ft': 2.49, 'depth_in': 0.0, 'status': 'No tidal flooding estimated', 'code': 'GREEN', 'description': 'Interior western cross street. Shallow puddling begins above 4.13 ft.'}, 'River Road': {'name': 'River Road', 'invert_mllw_ft': 4.14, 'invert_navd88_ft': 2.5, 'depth_in': 0.0, 'status': 'No tidal flooding estimated', 'code': 'GREEN', 'description': 'North shoreline access road. Mid-section swale dips to 4.14 ft.'}, 'Hobday Street': {'name': 'Hobday Street', 'invert_mllw_ft': 4.22, 'invert_navd88_ft': 2.58, 'depth_in': 0.0, 'status': 'No tidal flooding estimated', 'code': 'GREEN', 'description': 'Interior cross street between Daniel Ave and Bayshore Ave.'}, 'Little Avenue': {'name': 'Little Avenue', 'invert_mllw_ft': 4.23, 'invert_navd88_ft': 2.59, 'depth_in': 0.0, 'status': 'No tidal flooding estimated', 'code': 'GREEN', 'description': 'Interior cross street. Rises towards Daniel Ave northern ridge.'}, 'Bunny Rabbit Lane': {'name': 'Bunny Rabbit Lane', 'invert_mllw_ft': 4.45, 'invert_navd88_ft': 2.81, 'depth_in': 0.0, 'status': 'No tidal flooding estimated', 'code': 'GREEN', 'description': 'Western community boundary lane. Elevated ridge terrain.'}}",GREEN,NO INUNDATION ESTIMATED,0.0,0.56
2026-10-03 16:00:00 UTC,2026-10-03 12:00:00 EDT,2026,10,3,12,2.43,2.66,0.79,12.95,22.2,17.89,1022.6,66.5,-4.89,-11.99,12.94,0.5,1.867,0.675,1.165,0.49,2.644,2.13,0.514,-0.024,-0.00052,0.0,FALSE,0,Tier 0 (No modeled inundation),"{'Bayshore Avenue': {'name': 'Bayshore Avenue', 'invert_mllw_ft': 3.75, 'invert_navd88_ft': 2.11, 'depth_in': 0.0, 'status': 'No tidal flooding estimated', 'code': 'GREEN', 'description': 'Southern waterfront roadway. West and east dips flood first.'}, 'Julian Street': {'name': 'Julian Street', 'invert_mllw_ft': 3.78, 'invert_navd88_ft': 2.14, 'depth_in': 0.0, 'status': 'No tidal flooding estimated', 'code': 'GREEN', 'description': 'Connects Daniel Ave to Bayshore Ave. Southern culvert dips to 3.78 ft.'}, 'Daniel Avenue': {'name': 'Daniel Avenue', 'invert_mllw_ft': 3.88, 'invert_navd88_ft': 2.24, 'depth_in': 0.0, 'status': 'No tidal flooding estimated', 'code': 'GREEN', 'description': 'Central community spine. East end dips low; benchmark section at 4.40 ft.'}, 'Allview Street': {'name': 'Allview Street', 'invert_mllw_ft': 4.13, 'invert_navd88_ft': 2.49, 'depth_in': 0.0, 'status': 'No tidal flooding estimated', 'code': 'GREEN', 'description': 'Interior western cross street. Shallow puddling begins above 4.13 ft.'}, 'River Road': {'name': 'River Road', 'invert_mllw_ft': 4.14, 'invert_navd88_ft': 2.5, 'depth_in': 0.0, 'status': 'No tidal flooding estimated', 'code': 'GREEN', 'description': 'North shoreline access road. Mid-section swale dips to 4.14 ft.'}, 'Hobday Street': {'name': 'Hobday Street', 'invert_mllw_ft': 4.22, 'invert_navd88_ft': 2.58, 'depth_in': 0.0, 'status': 'No tidal flooding estimated', 'code': 'GREEN', 'description': 'Interior cross street between Daniel Ave and Bayshore Ave.'}, 'Little Avenue': {'name': 'Little Avenue', 'invert_mllw_ft': 4.23, 'invert_navd88_ft': 2.59, 'depth_in': 0.0, 'status': 'No tidal flooding estimated', 'code': 'GREEN', 'description': 'Interior cross street. Rises towards Daniel Ave northern ridge.'}, 'Bunny Rabbit Lane': {'name': 'Bunny Rabbit Lane', 'invert_mllw_ft': 4.45, 'invert_navd88_ft': 2.81, 'depth_in': 0.0, 'status': 'No tidal flooding estimated', 'code': 'GREEN', 'description': 'Western community boundary lane. Elevated ridge terrain.'}}",GREEN,NO INUNDATION ESTIMATED,0.0,1.083
2026-10-03 17:00:00 UTC,2026-10-03 13:00:00 EDT,2026,10,3,13,2.86,3.03,1.22,14.18,19.9,19.69,1022.5,66.1,-4.83,-13.33,14.18,-0.02,2.41,0.959,1.427,0.468,3.203,2.663,0.54,-0.072,-0.00156,0.0,FALSE,0,Tier 0 (No modeled inundation),"{'Bayshore Avenue': {'name': 'Bayshore Avenue', 'invert_mllw_ft': 3.75, 'invert_navd88_ft': 2.11, 'depth_in': 0.0, 'status': 'No tidal flooding estimated', 'code': 'GREEN', 'description': 'Southern waterfront roadway. West and east dips flood first.'}, 'Julian Street': {'name': 'Julian Street', 'invert_mllw_ft': 3.78, 'invert_navd88_ft': 2.14, 'depth_in': 0.0, 'status': 'No tidal flooding estimated', 'code': 'GREEN', 'description': 'Connects Daniel Ave to Bayshore Ave. Southern culvert dips to 3.78 ft.'}, 'Daniel Avenue': {'name': 'Daniel Avenue', 'invert_mllw_ft': 3.88, 'invert_navd88_ft': 2.24, 'depth_in': 0.0, 'status': 'No tidal flooding estimated', 'code': 'GREEN', 'description': 'Central community spine. East end dips low; benchmark section at 4.40 ft.'}, 'Allview Street': {'name': 'Allview Street', 'invert_mllw_ft': 4.13, 'invert_navd88_ft': 2.49, 'depth_in': 0.0, 'status': 'No tidal flooding estimated', 'code': 'GREEN', 'description': 'Interior western cross street. Shallow puddling begins above 4.13 ft.'}, 'River Road': {'name': 'River Road', 'invert_mllw_ft': 4.14, 'invert_navd88_ft': 2.5, 'depth_in': 0.0, 'status': 'No tidal flooding estimated', 'code': 'GREEN', 'description': 'North shoreline access road. Mid-section swale dips to 4.14 ft.'}, 'Hobday Street': {'name': 'Hobday Street', 'invert_mllw_ft': 4.22, 'invert_navd88_ft': 2.58, 'depth_in': 0.0, 'status': 'No tidal flooding estimated', 'code': 'GREEN', 'description': 'Interior cross street between Daniel Ave and Bayshore Ave.'}, 'Little Avenue': {'name': 'Little Avenue', 'invert_mllw_ft': 4.23, 'invert_navd88_ft': 2.59, 'depth_in': 0.0, 'status': 'No tidal flooding estimated', 'code': 'GREEN', 'description': 'Interior cross street. Rises towards Daniel Ave northern ridge.'}, 'Bunny Rabbit Lane': {'name': 'Bunny Rabbit Lane', 'invert_mllw_ft': 4.45, 'invert_navd88_ft': 2.81, 'depth_in': 0.0, 'status': 'No tidal flooding estimated', 'code': 'GREEN', 'description': 'Western community boundary lane. Elevated ridge terrain.'}}",GREEN,NO INUNDATION ESTIMATED,0.0,1.6
2026-10-03 18:00:00 UTC,2026-10-03 14:00:00 EDT,2026,10,3,14,3.15,3.2,1.51,12.12,12.0,19.01,1022.2,65.8,-2.52,-11.86,12.0,-1.69,2.79,1.286,1.74,0.454,3.533,2.996,0.537,-0.083,-0.0018,0.0,FALSE,0,Tier 0 (No modeled inundation),"{'Bayshore Avenue': {'name': 'Bayshore Avenue', 'invert_mllw_ft': 3.75, 'invert_navd88_ft': 2.11, 'depth_in': 0.0, 'status': 'No tidal flooding estimated', 'code': 'GREEN', 'description': 'Southern waterfront roadway. West and east dips flood first.'}, 'Julian Street': {'name': 'Julian Street', 'invert_mllw_ft': 3.78, 'invert_navd88_ft': 2.14, 'depth_in': 0.0, 'status': 'No tidal flooding estimated', 'code': 'GREEN', 'description': 'Connects Daniel Ave to Bayshore Ave. Southern culvert dips to 3.78 ft.'}, 'Daniel Avenue': {'name': 'Daniel Avenue', 'invert_mllw_ft': 3.88, 'invert_navd88_ft': 2.24, 'depth_in': 0.0, 'status': 'No tidal flooding estimated', 'code': 'GREEN', 'description': 'Central community spine. East end dips low; benchmark section at 4.40 ft.'}, 'Allview Street': {'name': 'Allview Street', 'invert_mllw_ft': 4.13, 'invert_navd88_ft': 2.49, 'depth_in': 0.0, 'status': 'No tidal flooding estimated', 'code': 'GREEN', 'description': 'Interior western cross street. Shallow puddling begins above 4.13 ft.'}, 'River Road': {'name': 'River Road', 'invert_mllw_ft': 4.14, 'invert_navd88_ft': 2.5, 'depth_in': 0.0, 'status': 'No tidal flooding estimated', 'code': 'GREEN', 'description': 'North shoreline access road. Mid-section swale dips to 4.14 ft.'}, 'Hobday Street': {'name': 'Hobday Street', 'invert_mllw_ft': 4.22, 'invert_navd88_ft': 2.58, 'depth_in': 0.0, 'status': 'No tidal flooding estimated', 'code': 'GREEN', 'description': 'Interior cross street between Daniel Ave and Bayshore Ave.'}, 'Little Avenue': {'name': 'Little Avenue', 'invert_mllw_ft': 4.23, 'invert_navd88_ft': 2.59, 'depth_in': 0.0, 'status': 'No tidal flooding estimated', 'code': 'GREEN', 'description': 'Interior cross street. Rises towards Daniel Ave northern ridge.'}, 'Bunny Rabbit Lane': {'name': 'Bunny Rabbit Lane', 'invert_mllw_ft': 4.45, 'invert_navd88_ft': 2.81, 'depth_in': 0.0, 'status': 'No tidal flooding estimated', 'code': 'GREEN', 'description': 'Western community boundary lane. Elevated ridge terrain.'}}",GREEN,NO INUNDATION ESTIMATED,0.0,1.902
2026-10-03 19:00:00 UTC,2026-10-03 15:00:00 EDT,2026,10,3,15,3.19,3.21,1.55,10.89,359.7,15.43,1022.2,64.5,0.06,-10.89,10.21,-3.78,2.895,1.542,1.97,0.428,3.649,3.054,0.595,-0.167,-0.00361,0.0,FALSE,0,Tier 0 (No modeled inundation),"{'Bayshore Avenue': {'name': 'Bayshore Avenue', 'invert_mllw_ft': 3.75, 'invert_navd88_ft': 2.11, 'depth_in': 0.0, 'status': 'No tidal flooding estimated', 'code': 'GREEN', 'description': 'Southern waterfront roadway. West and east dips flood first.'}, 'Julian Street': {'name': 'Julian Street', 'invert_mllw_ft': 3.78, 'invert_navd88_ft': 2.14, 'depth_in': 0.0, 'status': 'No tidal flooding estimated', 'code': 'GREEN', 'description': 'Connects Daniel Ave to Bayshore Ave. Southern culvert dips to 3.78 ft.'}, 'Daniel Avenue': {'name': 'Daniel Avenue', 'invert_mllw_ft': 3.88, 'invert_navd88_ft': 2.24, 'depth_in': 0.0, 'status': 'No tidal flooding estimated', 'code': 'GREEN', 'description': 'Central community spine. East end dips low; benchmark section at 4.40 ft.'}, 'Allview Street': {'name': 'Allview Street', 'invert_mllw_ft': 4.13, 'invert_navd88_ft': 2.49, 'depth_in': 0.0, 'status': 'No tidal flooding estimated', 'code': 'GREEN', 'description': 'Interior western cross street. Shallow puddling begins above 4.13 ft.'}, 'River Road': {'name': 'River Road', 'invert_mllw_ft': 4.14, 'invert_navd88_ft': 2.5, 'depth_in': 0.0, 'status': 'No tidal flooding estimated', 'code': 'GREEN', 'description': 'North shoreline access road. Mid-section swale dips to 4.14 ft.'}, 'Hobday Street': {'name': 'Hobday Street', 'invert_mllw_ft': 4.22, 'invert_navd88_ft': 2.58, 'depth_in': 0.0, 'status': 'No tidal flooding estimated', 'code': 'GREEN', 'description': 'Interior cross street between Daniel Ave and Bayshore Ave.'}, 'Little Avenue': {'name': 'Little Avenue', 'invert_mllw_ft': 4.23, 'invert_navd88_ft': 2.59, 'depth_in': 0.0, 'status': 'No tidal flooding estimated', 'code': 'GREEN', 'description': 'Interior cross street. Rises towards Daniel Ave northern ridge.'}, 'Bunny Rabbit Lane': {'name': 'Bunny Rabbit Lane', 'invert_mllw_ft': 4.45, 'invert_navd88_ft': 2.81, 'depth_in': 0.0, 'status': 'No tidal flooding estimated', 'code': 'GREEN', 'description': 'Western community boundary lane. Elevated ridge terrain.'}}",GREEN,NO INUNDATION ESTIMATED,0.0,1.978
2026-10-03 20:00:00 UTC,2026-10-03 16:00:00 EDT,2026,10,3,16,3.0,3.13,1.36,9.55,3.6,13.65,1022.3,64.0,-0.6,-9.53,9.16,-2.7,2.728,1.667,2.088,0.421,3.533,2.874,0.659,-0.238,-0.00515,0.0,FALSE,0,Tier 0 (No modeled inundation),"{'Bayshore Avenue': {'name': 'Bayshore Avenue', 'invert_mllw_ft': 3.75, 'invert_navd88_ft': 2.11, 'depth_in': 0.0, 'status': 'No tidal flooding estimated', 'code': 'GREEN', 'description': 'Southern waterfront roadway. West and east dips flood first.'}, 'Julian Street': {'name': 'Julian Street', 'invert_mllw_ft': 3.78, 'invert_navd88_ft': 2.14, 'depth_in': 0.0, 'status': 'No tidal flooding estimated', 'code': 'GREEN', 'description': 'Connects Daniel Ave to Bayshore Ave. Southern culvert dips to 3.78 ft.'}, 'Daniel Avenue': {'name': 'Daniel Avenue', 'invert_mllw_ft': 3.88, 'invert_navd88_ft': 2.24, 'depth_in': 0.0, 'status': 'No tidal flooding estimated', 'code': 'GREEN', 'description': 'Central community spine. East end dips low; benchmark section at 4.40 ft.'}, 'Allview Street': {'name': 'Allview Street', 'invert_mllw_ft': 4.13, 'invert_navd88_ft': 2.49, 'depth_in': 0.0, 'status': 'No tidal flooding estimated', 'code': 'GREEN', 'description': 'Interior western cross street. Shallow puddling begins above 4.13 ft.'}, 'River Road': {'name': 'River Road', 'invert_mllw_ft': 4.14, 'invert_navd88_ft': 2.5, 'depth_in': 0.0, 'status': 'No tidal flooding estimated', 'code': 'GREEN', 'description': 'North shoreline access road. Mid-section swale dips to 4.14 ft.'}, 'Hobday Street': {'name': 'Hobday Street', 'invert_mllw_ft': 4.22, 'invert_navd88_ft': 2.58, 'depth_in': 0.0, 'status': 'No tidal flooding estimated', 'code': 'GREEN', 'description': 'Interior cross street between Daniel Ave and Bayshore Ave.'}, 'Little Avenue': {'name': 'Little Avenue', 'invert_mllw_ft': 4.23, 'invert_navd88_ft': 2.59, 'depth_in': 0.0, 'status': 'No tidal flooding estimated', 'code': 'GREEN', 'description': 'Interior cross street. Rises towards Daniel Ave northern ridge.'}, 'Bunny Rabbit Lane': {'name': 'Bunny Rabbit Lane', 'invert_mllw_ft': 4.45, 'invert_navd88_ft': 2.81, 'depth_in': 0.0, 'status': 'No tidal flooding estimated', 'code': 'GREEN', 'description': 'Western community boundary lane. Elevated ridge terrain.'}}",GREEN,NO INUNDATION ESTIMATED,0.0,1.829
2026-10-03 21:00:00 UTC,2026-10-03 17:00:00 EDT,2026,10,3,17,2.67,2.82,1.03,9.53,18.2,15.43,1022.3,64.3,-2.98,-9.05,9.53,-0.3,2.386,1.675,2.051,0.376,3.277,2.523,0.754,-0.378,-0.00818,0.0,FALSE,0,Tier 0 (No modeled inundation),"{'Bayshore Avenue': {'name': 'Bayshore Avenue', 'invert_mllw_ft': 3.75, 'invert_navd88_ft': 2.11, 'depth_in': 0.0, 'status': 'No tidal flooding estimated', 'code': 'GREEN', 'description': 'Southern waterfront roadway. West and east dips flood first.'}, 'Julian Street': {'name': 'Julian Street', 'invert_mllw_ft': 3.78, 'invert_navd88_ft': 2.14, 'depth_in': 0.0, 'status': 'No tidal flooding estimated', 'code': 'GREEN', 'description': 'Connects Daniel Ave to Bayshore Ave. Southern culvert dips to 3.78 ft.'}, 'Daniel Avenue': {'name': 'Daniel Avenue', 'invert_mllw_ft': 3.88, 'invert_navd88_ft': 2.24, 'depth_in': 0.0, 'status': 'No tidal flooding estimated', 'code': 'GREEN', 'description': 'Central community spine. East end dips low; benchmark section at 4.40 ft.'}, 'Allview Street': {'name': 'Allview Street', 'invert_mllw_ft': 4.13, 'invert_navd88_ft': 2.49, 'depth_in': 0.0, 'status': 'No tidal flooding estimated', 'code': 'GREEN', 'description': 'Interior western cross street. Shallow puddling begins above 4.13 ft.'}, 'River Road': {'name': 'River Road', 'invert_mllw_ft': 4.14, 'invert_navd88_ft': 2.5, 'depth_in': 0.0, 'status': 'No tidal flooding estimated', 'code': 'GREEN', 'description': 'North shoreline access road. Mid-section swale dips to 4.14 ft.'}, 'Hobday Street': {'name': 'Hobday Street', 'invert_mllw_ft': 4.22, 'invert_navd88_ft': 2.58, 'depth_in': 0.0, 'status': 'No tidal flooding estimated', 'code': 'GREEN', 'description': 'Interior cross street between Daniel Ave and Bayshore Ave.'}, 'Little Avenue': {'name': 'Little Avenue', 'invert_mllw_ft': 4.23, 'invert_navd88_ft': 2.59, 'depth_in': 0.0, 'status': 'No tidal flooding estimated', 'code': 'GREEN', 'description': 'Interior cross street. Rises towards Daniel Ave northern ridge.'}, 'Bunny Rabbit Lane': {'name': 'Bunny Rabbit Lane', 'invert_mllw_ft': 4.45, 'invert_navd88_ft': 2.81, 'depth_in': 0.0, 'status': 'No tidal flooding estimated', 'code': 'GREEN', 'description': 'Western community boundary lane. Elevated ridge terrain.'}}",GREEN,NO INUNDATION ESTIMATED,0.0,1.528
2026-10-03 22:00:00 UTC,2026-10-03 18:00:00 EDT,2026,10,3,18,2.33,2.49,0.69,10.36,24.1,15.21,1022.4,64.8,-4.23,-9.46,10.33,0.74,1.97,1.594,2.036,0.442,2.814,2.049,0.765,-0.323,-0.00699,0.0,FALSE,0,Tier 0 (No modeled inundation),"{'Bayshore Avenue': {'name': 'Bayshore Avenue', 'invert_mllw_ft': 3.75, 'invert_navd88_ft': 2.11, 'depth_in': 0.0, 'status': 'No tidal flooding estimated', 'code': 'GREEN', 'description': 'Southern waterfront roadway. West and east dips flood first.'}, 'Julian Street': {'name': 'Julian Street', 'invert_mllw_ft': 3.78, 'invert_navd88_ft': 2.14, 'depth_in': 0.0, 'status': 'No tidal flooding estimated', 'code': 'GREEN', 'description': 'Connects Daniel Ave to Bayshore Ave. Southern culvert dips to 3.78 ft.'}, 'Daniel Avenue': {'name': 'Daniel Avenue', 'invert_mllw_ft': 3.88, 'invert_navd88_ft': 2.24, 'depth_in': 0.0, 'status': 'No tidal flooding estimated', 'code': 'GREEN', 'description': 'Central community spine. East end dips low; benchmark section at 4.40 ft.'}, 'Allview Street': {'name': 'Allview Street', 'invert_mllw_ft': 4.13, 'invert_navd88_ft': 2.49, 'depth_in': 0.0, 'status': 'No tidal flooding estimated', 'code': 'GREEN', 'description': 'Interior western cross street. Shallow puddling begins above 4.13 ft.'}, 'River Road': {'name': 'River Road', 'invert_mllw_ft': 4.14, 'invert_navd88_ft': 2.5, 'depth_in': 0.0, 'status': 'No tidal flooding estimated', 'code': 'GREEN', 'description': 'North shoreline access road. Mid-section swale dips to 4.14 ft.'}, 'Hobday Street': {'name': 'Hobday Street', 'invert_mllw_ft': 4.22, 'invert_navd88_ft': 2.58, 'depth_in': 0.0, 'status': 'No tidal flooding estimated', 'code': 'GREEN', 'description': 'Interior cross street between Daniel Ave and Bayshore Ave.'}, 'Little Avenue': {'name': 'Little Avenue', 'invert_mllw_ft': 4.23, 'invert_navd88_ft': 2.59, 'depth_in': 0.0, 'status': 'No tidal flooding estimated', 'code': 'GREEN', 'description': 'Interior cross street. Rises towards Daniel Ave northern ridge.'}, 'Bunny Rabbit Lane': {'name': 'Bunny Rabbit Lane', 'invert_mllw_ft': 4.45, 'invert_navd88_ft': 2.81, 'depth_in': 0.0, 'status': 'No tidal flooding estimated', 'code': 'GREEN', 'description': 'Western community boundary lane. Elevated ridge terrain.'}}",GREEN,NO INUNDATION ESTIMATED,0.0,0.975
2026-10-03 23:00:00 UTC,2026-10-03 19:00:00 EDT,2026,10,3,19,1.93,2.12,0.29,8.9,29.6,11.85,1022.6,64.3,-4.4,-7.74,8.78,1.48,1.532,1.435,1.902,0.467,2.205,1.533,0.672,-0.205,-0.00444,0.0,FALSE,0,Tier 0 (No modeled inundation),"{'Bayshore Avenue': {'name': 'Bayshore Avenue', 'invert_mllw_ft': 3.75, 'invert_navd88_ft': 2.11, 'depth_in': 0.0, 'status': 'No tidal flooding estimated', 'code': 'GREEN', 'description': 'Southern waterfront roadway. West and east dips flood first.'}, 'Julian Street': {'name': 'Julian Street', 'invert_mllw_ft': 3.78, 'invert_navd88_ft': 2.14, 'depth_in': 0.0, 'status': 'No tidal flooding estimated', 'code': 'GREEN', 'description': 'Connects Daniel Ave to Bayshore Ave. Southern culvert dips to 3.78 ft.'}, 'Daniel Avenue': {'name': 'Daniel Avenue', 'invert_mllw_ft': 3.88, 'invert_navd88_ft': 2.24, 'depth_in': 0.0, 'status': 'No tidal flooding estimated', 'code': 'GREEN', 'description': 'Central community spine. East end dips low; benchmark section at 4.40 ft.'}, 'Allview Street': {'name': 'Allview Street', 'invert_mllw_ft': 4.13, 'invert_navd88_ft': 2.49, 'depth_in': 0.0, 'status': 'No tidal flooding estimated', 'code': 'GREEN', 'description': 'Interior western cross street. Shallow puddling begins above 4.13 ft.'}, 'River Road': {'name': 'River Road', 'invert_mllw_ft': 4.14, 'invert_navd88_ft': 2.5, 'depth_in': 0.0, 'status': 'No tidal flooding estimated', 'code': 'GREEN', 'description': 'North shoreline access road. Mid-section swale dips to 4.14 ft.'}, 'Hobday Street': {'name': 'Hobday Street', 'invert_mllw_ft': 4.22, 'invert_navd88_ft': 2.58, 'depth_in': 0.0, 'status': 'No tidal flooding estimated', 'code': 'GREEN', 'description': 'Interior cross street between Daniel Ave and Bayshore Ave.'}, 'Little Avenue': {'name': 'Little Avenue', 'invert_mllw_ft': 4.23, 'invert_navd88_ft': 2.59, 'depth_in': 0.0, 'status': 'No tidal flooding estimated', 'code': 'GREEN', 'description': 'Interior cross street. Rises towards Daniel Ave northern ridge.'}, 'Bunny Rabbit Lane': {'name': 'Bunny Rabbit Lane', 'invert_mllw_ft': 4.45, 'invert_navd88_ft': 2.81, 'depth_in': 0.0, 'status': 'No tidal flooding estimated', 'code': 'GREEN', 'description': 'Western community boundary lane. Elevated ridge terrain.'}}",GREEN,NO INUNDATION ESTIMATED,0.0,0.352
2026-10-04 00:00:00 UTC,2026-10-03 20:00:00 EDT,2026,10,3,20,1.49,1.66,-0.15,7.4,15.9,11.19,1023.1,64.5,-2.03,-7.12,7.38,-0.53,1.124,1.21,1.71,0.5,1.759,1.094,0.665,-0.165,-0.00357,0.0,FALSE,0,Tier 0 (No modeled inundation),"{'Bayshore Avenue': {'name': 'Bayshore Avenue', 'invert_mllw_ft': 3.75, 'invert_navd88_ft': 2.11, 'depth_in': 0.0, 'status': 'No tidal flooding estimated', 'code': 'GREEN', 'description': 'Southern waterfront roadway. West and east dips flood first.'}, 'Julian Street': {'name': 'Julian Street', 'invert_mllw_ft': 3.78, 'invert_navd88_ft': 2.14, 'depth_in': 0.0, 'status': 'No tidal flooding estimated', 'code': 'GREEN', 'description': 'Connects Daniel Ave to Bayshore Ave. Southern culvert dips to 3.78 ft.'}, 'Daniel Avenue': {'name': 'Daniel Avenue', 'invert_mllw_ft': 3.88, 'invert_navd88_ft': 2.24, 'depth_in': 0.0, 'status': 'No tidal flooding estimated', 'code': 'GREEN', 'description': 'Central community spine. East end dips low; benchmark section at 4.40 ft.'}, 'Allview Street': {'name': 'Allview Street', 'invert_mllw_ft': 4.13, 'invert_navd88_ft': 2.49, 'depth_in': 0.0, 'status': 'No tidal flooding estimated', 'code': 'GREEN', 'description': 'Interior western cross street. Shallow puddling begins above 4.13 ft.'}, 'River Road': {'name': 'River Road', 'invert_mllw_ft': 4.14, 'invert_navd88_ft': 2.5, 'depth_in': 0.0, 'status': 'No tidal flooding estimated', 'code': 'GREEN', 'description': 'North shoreline access road. Mid-section swale dips to 4.14 ft.'}, 'Hobday Street': {'name': 'Hobday Street', 'invert_mllw_ft': 4.22, 'invert_navd88_ft': 2.58, 'depth_in': 0.0, 'status': 'No tidal flooding estimated', 'code': 'GREEN', 'description': 'Interior cross street between Daniel Ave and Bayshore Ave.'}, 'Little Avenue': {'name': 'Little Avenue', 'invert_mllw_ft': 4.23, 'invert_navd88_ft': 2.59, 'depth_in': 0.0, 'status': 'No tidal flooding estimated', 'code': 'GREEN', 'description': 'Interior cross street. Rises towards Daniel Ave northern ridge.'}, 'Bunny Rabbit Lane': {'name': 'Bunny Rabbit Lane', 'invert_mllw_ft': 4.45, 'invert_navd88_ft': 2.81, 'depth_in': 0.0, 'status': 'No tidal flooding estimated', 'code': 'GREEN', 'description': 'Western community boundary lane. Elevated ridge terrain.'}}",GREEN,NO INUNDATION ESTIMATED,0.0,-0.035
2026-10-04 01:00:00 UTC,2026-10-03 21:00:00 EDT,2026,10,3,21,1.27,1.32,-0.37,6.38,23.6,9.84,1023.3,64.9,-2.55,-5.85,6.37,0.4,0.829,0.96,1.49,0.53,1.52,0.828,0.692,-0.162,-0.00351,0.0,FALSE,0,Tier 0 (No modeled inundation),"{'Bayshore Avenue': {'name': 'Bayshore Avenue', 'invert_mllw_ft': 3.75, 'invert_navd88_ft': 2.11, 'depth_in': 0.0, 'status': 'No tidal flooding estimated', 'code': 'GREEN', 'description': 'Southern waterfront roadway. West and east dips flood first.'}, 'Julian Street': {'name': 'Julian Street', 'invert_mllw_ft': 3.78, 'invert_navd88_ft': 2.14, 'depth_in': 0.0, 'status': 'No tidal flooding estimated', 'code': 'GREEN', 'description': 'Connects Daniel Ave to Bayshore Ave. Southern culvert dips to 3.78 ft.'}, 'Daniel Avenue': {'name': 'Daniel Avenue', 'invert_mllw_ft': 3.88, 'invert_navd88_ft': 2.24, 'depth_in': 0.0, 'status': 'No tidal flooding estimated', 'code': 'GREEN', 'description': 'Central community spine. East end dips low; benchmark section at 4.40 ft.'}, 'Allview Street': {'name': 'Allview Street', 'invert_mllw_ft': 4.13, 'invert_navd88_ft': 2.49, 'depth_in': 0.0, 'status': 'No tidal flooding estimated', 'code': 'GREEN', 'description': 'Interior western cross street. Shallow puddling begins above 4.13 ft.'}, 'River Road': {'name': 'River Road', 'invert_mllw_ft': 4.14, 'invert_navd88_ft': 2.5, 'depth_in': 0.0, 'status': 'No tidal flooding estimated', 'code': 'GREEN', 'description': 'North shoreline access road. Mid-section swale dips to 4.14 ft.'}, 'Hobday Street': {'name': 'Hobday Street', 'invert_mllw_ft': 4.22, 'invert_navd88_ft': 2.58, 'depth_in': 0.0, 'status': 'No tidal flooding estimated', 'code': 'GREEN', 'description': 'Interior cross street between Daniel Ave and Bayshore Ave.'}, 'Little Avenue': {'name': 'Little Avenue', 'invert_mllw_ft': 4.23, 'invert_navd88_ft': 2.59, 'depth_in': 0.0, 'status': 'No tidal flooding estimated', 'code': 'GREEN', 'description': 'Interior cross street. Rises towards Daniel Ave northern ridge.'}, 'Bunny Rabbit Lane': {'name': 'Bunny Rabbit Lane', 'invert_mllw_ft': 4.45, 'invert_navd88_ft': 2.81, 'depth_in': 0.0, 'status': 'No tidal flooding estimated', 'code': 'GREEN', 'description': 'Western community boundary lane. Elevated ridge terrain.'}}",GREEN,NO INUNDATION ESTIMATED,0.0,-0.189
2026-10-04 02:00:00 UTC,2026-10-03 22:00:00 EDT,2026,10,3,22,1.37,1.45,-0.27,6.49,21.4,8.95,1023.0,65.3,-2.37,-6.04,6.49,0.16,0.726,0.734,1.343,0.609,1.481,0.799,0.682,-0.073,-0.00158,0.0,FALSE,0,Tier 0 (No modeled inundation),"{'Bayshore Avenue': {'name': 'Bayshore Avenue', 'invert_mllw_ft': 3.75, 'invert_navd88_ft': 2.11, 'depth_in': 0.0, 'status': 'No tidal flooding estimated', 'code': 'GREEN', 'description': 'Southern waterfront roadway. West and east dips flood first.'}, 'Julian Street': {'name': 'Julian Street', 'invert_mllw_ft': 3.78, 'invert_navd88_ft': 2.14, 'depth_in': 0.0, 'status': 'No tidal flooding estimated', 'code': 'GREEN', 'description': 'Connects Daniel Ave to Bayshore Ave. Southern culvert dips to 3.78 ft.'}, 'Daniel Avenue': {'name': 'Daniel Avenue', 'invert_mllw_ft': 3.88, 'invert_navd88_ft': 2.24, 'depth_in': 0.0, 'status': 'No tidal flooding estimated', 'code': 'GREEN', 'description': 'Central community spine. East end dips low; benchmark section at 4.40 ft.'}, 'Allview Street': {'name': 'Allview Street', 'invert_mllw_ft': 4.13, 'invert_navd88_ft': 2.49, 'depth_in': 0.0, 'status': 'No tidal flooding estimated', 'code': 'GREEN', 'description': 'Interior western cross street. Shallow puddling begins above 4.13 ft.'}, 'River Road': {'name': 'River Road', 'invert_mllw_ft': 4.14, 'invert_navd88_ft': 2.5, 'depth_in': 0.0, 'status': 'No tidal flooding estimated', 'code': 'GREEN', 'description': 'North shoreline access road. Mid-section swale dips to 4.14 ft.'}, 'Hobday Street': {'name': 'Hobday Street', 'invert_mllw_ft': 4.22, 'invert_navd88_ft': 2.58, 'depth_in': 0.0, 'status': 'No tidal flooding estimated', 'code': 'GREEN', 'description': 'Interior cross street between Daniel Ave and Bayshore Ave.'}, 'Little Avenue': {'name': 'Little Avenue', 'invert_mllw_ft': 4.23, 'invert_navd88_ft': 2.59, 'depth_in': 0.0, 'status': 'No tidal flooding estimated', 'code': 'GREEN', 'description': 'Interior cross street. Rises towards Daniel Ave northern ridge.'}, 'Bunny Rabbit Lane': {'name': 'Bunny Rabbit Lane', 'invert_mllw_ft': 4.45, 'invert_navd88_ft': 2.81, 'depth_in': 0.0, 'status': 'No tidal flooding estimated', 'code': 'GREEN', 'description': 'Western community boundary lane. Elevated ridge terrain.'}}",GREEN,NO INUNDATION ESTIMATED,0.0,-0.151
2026-10-04 03:00:00 UTC,2026-10-03 23:00:00 EDT,2026,10,3,23,1.55,1.68,-0.09,7.49,18.2,10.52,1022.5,65.7,-2.34,-7.12,7.49,-0.24,0.849,0.576,1.234,0.658,1.751,1.014,0.737,-0.079,-0.00171,0.0,FALSE,0,Tier 0 (No modeled inundation),"{'Bayshore Avenue': {'name': 'Bayshore Avenue', 'invert_mllw_ft': 3.75, 'invert_navd88_ft': 2.11, 'depth_in': 0.0, 'status': 'No tidal flooding estimated', 'code': 'GREEN', 'description': 'Southern waterfront roadway. West and east dips flood first.'}, 'Julian Street': {'name': 'Julian Street', 'invert_mllw_ft': 3.78, 'invert_navd88_ft': 2.14, 'depth_in': 0.0, 'status': 'No tidal flooding estimated', 'code': 'GREEN', 'description': 'Connects Daniel Ave to Bayshore Ave. Southern culvert dips to 3.78 ft.'}, 'Daniel Avenue': {'name': 'Daniel Avenue', 'invert_mllw_ft': 3.88, 'invert_navd88_ft': 2.24, 'depth_in': 0.0, 'status': 'No tidal flooding estimated', 'code': 'GREEN', 'description': 'Central community spine. East end dips low; benchmark section at 4.40 ft.'}, 'Allview Street': {'name': 'Allview Street', 'invert_mllw_ft': 4.13, 'invert_navd88_ft': 2.49, 'depth_in': 0.0, 'status': 'No tidal flooding estimated', 'code': 'GREEN', 'description': 'Interior western cross street. Shallow puddling begins above 4.13 ft.'}, 'River Road': {'name': 'River Road', 'invert_mllw_ft': 4.14, 'invert_navd88_ft': 2.5, 'depth_in': 0.0, 'status': 'No tidal flooding estimated', 'code': 'GREEN', 'description': 'North shoreline access road. Mid-section swale dips to 4.14 ft.'}, 'Hobday Street': {'name': 'Hobday Street', 'invert_mllw_ft': 4.22, 'invert_navd88_ft': 2.58, 'depth_in': 0.0, 'status': 'No tidal flooding estimated', 'code': 'GREEN', 'description': 'Interior cross street between Daniel Ave and Bayshore Ave.'}, 'Little Avenue': {'name': 'Little Avenue', 'invert_mllw_ft': 4.23, 'invert_navd88_ft': 2.59, 'depth_in': 0.0, 'status': 'No tidal flooding estimated', 'code': 'GREEN', 'description': 'Interior cross street. Rises towards Daniel Ave northern ridge.'}, 'Bunny Rabbit Lane': {'name': 'Bunny Rabbit Lane', 'invert_mllw_ft': 4.45, 'invert_navd88_ft': 2.81, 'depth_in': 0.0, 'status': 'No tidal flooding estimated', 'code': 'GREEN', 'description': 'Western community boundary lane. Elevated ridge terrain.'}}",GREEN,NO INUNDATION ESTIMATED,0.0,0.219
2026-10-04 04:00:00 UTC,2026-10-04 00:00:00 EDT,2026,10,4,0,1.95,2.23,0.31,7.58,17.9,11.19,1022.2,65.9,-2.33,-7.21,7.57,-0.28,1.173,0.536,1.276,0.74,2.257,1.411,0.846,-0.106,-0.00229,0.0,FALSE,0,Tier 0 (No modeled inundation),"{'Bayshore Avenue': {'name': 'Bayshore Avenue', 'invert_mllw_ft': 3.75, 'invert_navd88_ft': 2.11, 'depth_in': 0.0, 'status': 'No tidal flooding estimated', 'code': 'GREEN', 'description': 'Southern waterfront roadway. West and east dips flood first.'}, 'Julian Street': {'name': 'Julian Street', 'invert_mllw_ft': 3.78, 'invert_navd88_ft': 2.14, 'depth_in': 0.0, 'status': 'No tidal flooding estimated', 'code': 'GREEN', 'description': 'Connects Daniel Ave to Bayshore Ave. Southern culvert dips to 3.78 ft.'}, 'Daniel Avenue': {'name': 'Daniel Avenue', 'invert_mllw_ft': 3.88, 'invert_navd88_ft': 2.24, 'depth_in': 0.0, 'status': 'No tidal flooding estimated', 'code': 'GREEN', 'description': 'Central community spine. East end dips low; benchmark section at 4.40 ft.'}, 'Allview Street': {'name': 'Allview Street', 'invert_mllw_ft': 4.13, 'invert_navd88_ft': 2.49, 'depth_in': 0.0, 'status': 'No tidal flooding estimated', 'code': 'GREEN', 'description': 'Interior western cross street. Shallow puddling begins above 4.13 ft.'}, 'River Road': {'name': 'River Road', 'invert_mllw_ft': 4.14, 'invert_navd88_ft': 2.5, 'depth_in': 0.0, 'status': 'No tidal flooding estimated', 'code': 'GREEN', 'description': 'North shoreline access road. Mid-section swale dips to 4.14 ft.'}, 'Hobday Street': {'name': 'Hobday Street', 'invert_mllw_ft': 4.22, 'invert_navd88_ft': 2.58, 'depth_in': 0.0, 'status': 'No tidal flooding estimated', 'code': 'GREEN', 'description': 'Interior cross street between Daniel Ave and Bayshore Ave.'}, 'Little Avenue': {'name': 'Little Avenue', 'invert_mllw_ft': 4.23, 'invert_navd88_ft': 2.59, 'depth_in': 0.0, 'status': 'No tidal flooding estimated', 'code': 'GREEN', 'description': 'Interior cross street. Rises towards Daniel Ave northern ridge.'}, 'Bunny Rabbit Lane': {'name': 'Bunny Rabbit Lane', 'invert_mllw_ft': 4.45, 'invert_navd88_ft': 2.81, 'depth_in': 0.0, 'status': 'No tidal flooding estimated', 'code': 'GREEN', 'description': 'Western community boundary lane. Elevated ridge terrain.'}}",GREEN,NO INUNDATION ESTIMATED,0.0,0.741
2026-10-04 05:00:00 UTC,2026-10-04 01:00:00 EDT,2026,10,4,1,2.61,2.9,0.97,6.4,10.3,10.74,1021.7,65.8,-1.14,-6.3,6.31,-1.08,1.621,0.647,1.513,0.866,2.747,1.875,0.872,-0.006,-0.00013,0.0,FALSE,0,Tier 0 (No modeled inundation),"{'Bayshore Avenue': {'name': 'Bayshore Avenue', 'invert_mllw_ft': 3.75, 'invert_navd88_ft': 2.11, 'depth_in': 0.0, 'status': 'No tidal flooding estimated', 'code': 'GREEN', 'description': 'Southern waterfront roadway. West and east dips flood first.'}, 'Julian Street': {'name': 'Julian Street', 'invert_mllw_ft': 3.78, 'invert_navd88_ft': 2.14, 'depth_in': 0.0, 'status': 'No tidal flooding estimated', 'code': 'GREEN', 'description': 'Connects Daniel Ave to Bayshore Ave. Southern culvert dips to 3.78 ft.'}, 'Daniel Avenue': {'name': 'Daniel Avenue', 'invert_mllw_ft': 3.88, 'invert_navd88_ft': 2.24, 'depth_in': 0.0, 'status': 'No tidal flooding estimated', 'code': 'GREEN', 'description': 'Central community spine. East end dips low; benchmark section at 4.40 ft.'}, 'Allview Street': {'name': 'Allview Street', 'invert_mllw_ft': 4.13, 'invert_navd88_ft': 2.49, 'depth_in': 0.0, 'status': 'No tidal flooding estimated', 'code': 'GREEN', 'description': 'Interior western cross street. Shallow puddling begins above 4.13 ft.'}, 'River Road': {'name': 'River Road', 'invert_mllw_ft': 4.14, 'invert_navd88_ft': 2.5, 'depth_in': 0.0, 'status': 'No tidal flooding estimated', 'code': 'GREEN', 'description': 'North shoreline access road. Mid-section swale dips to 4.14 ft.'}, 'Hobday Street': {'name': 'Hobday Street', 'invert_mllw_ft': 4.22, 'invert_navd88_ft': 2.58, 'depth_in': 0.0, 'status': 'No tidal flooding estimated', 'code': 'GREEN', 'description': 'Interior cross street between Daniel Ave and Bayshore Ave.'}, 'Little Avenue': {'name': 'Little Avenue', 'invert_mllw_ft': 4.23, 'invert_navd88_ft': 2.59, 'depth_in': 0.0, 'status': 'No tidal flooding estimated', 'code': 'GREEN', 'description': 'Interior cross street. Rises towards Daniel Ave northern ridge.'}, 'Bunny Rabbit Lane': {'name': 'Bunny Rabbit Lane', 'invert_mllw_ft': 4.45, 'invert_navd88_ft': 2.81, 'depth_in': 0.0, 'status': 'No tidal flooding estimated', 'code': 'GREEN', 'description': 'Western community boundary lane. Elevated ridge terrain.'}}",GREEN,NO INUNDATION ESTIMATED,0.0,1.184
2026-10-04 06:00:00 UTC,2026-10-04 02:00:00 EDT,2026,10,4,2,3.05,3.11,1.41,6.58,11.8,10.74,1021.2,66.0,-1.35,-6.44,6.51,-0.94,2.052,0.878,1.795,0.917,3.129,2.264,0.865,0.052,0.00113,0.0,FALSE,0,Tier 0 (No modeled inundation),"{'Bayshore Avenue': {'name': 'Bayshore Avenue', 'invert_mllw_ft': 3.75, 'invert_navd88_ft': 2.11, 'depth_in': 0.0, 'status': 'No tidal flooding estimated', 'code': 'GREEN', 'description': 'Southern waterfront roadway. West and east dips flood first.'}, 'Julian Street': {'name': 'Julian Street', 'invert_mllw_ft': 3.78, 'invert_navd88_ft': 2.14, 'depth_in': 0.0, 'status': 'No tidal flooding estimated', 'code': 'GREEN', 'description': 'Connects Daniel Ave to Bayshore Ave. Southern culvert dips to 3.78 ft.'}, 'Daniel Avenue': {'name': 'Daniel Avenue', 'invert_mllw_ft': 3.88, 'invert_navd88_ft': 2.24, 'depth_in': 0.0, 'status': 'No tidal flooding estimated', 'code': 'GREEN', 'description': 'Central community spine. East end dips low; benchmark section at 4.40 ft.'}, 'Allview Street': {'name': 'Allview Street', 'invert_mllw_ft': 4.13, 'invert_navd88_ft': 2.49, 'depth_in': 0.0, 'status': 'No tidal flooding estimated', 'code': 'GREEN', 'description': 'Interior western cross street. Shallow puddling begins above 4.13 ft.'}, 'River Road': {'name': 'River Road', 'invert_mllw_ft': 4.14, 'invert_navd88_ft': 2.5, 'depth_in': 0.0, 'status': 'No tidal flooding estimated', 'code': 'GREEN', 'description': 'North shoreline access road. Mid-section swale dips to 4.14 ft.'}, 'Hobday Street': {'name': 'Hobday Street', 'invert_mllw_ft': 4.22, 'invert_navd88_ft': 2.58, 'depth_in': 0.0, 'status': 'No tidal flooding estimated', 'code': 'GREEN', 'description': 'Interior cross street between Daniel Ave and Bayshore Ave.'}, 'Little Avenue': {'name': 'Little Avenue', 'invert_mllw_ft': 4.23, 'invert_navd88_ft': 2.59, 'depth_in': 0.0, 'status': 'No tidal flooding estimated', 'code': 'GREEN', 'description': 'Interior cross street. Rises towards Daniel Ave northern ridge.'}, 'Bunny Rabbit Lane': {'name': 'Bunny Rabbit Lane', 'invert_mllw_ft': 4.45, 'invert_navd88_ft': 2.81, 'depth_in': 0.0, 'status': 'No tidal flooding estimated', 'code': 'GREEN', 'description': 'Western community boundary lane. Elevated ridge terrain.'}}",GREEN,NO INUNDATION ESTIMATED,0.0,1.512
2026-10-04 07:00:00 UTC,2026-10-04 03:00:00 EDT,2026,10,4,3,3.05,3.09,1.41,7.13,11.4,10.96,1020.6,66.4,-1.41,-6.99,7.05,-1.07,2.309,1.128,2.059,0.931,3.359,2.449,0.91,0.021,0.00045,0.0,FALSE,0,Tier 0 (No modeled inundation),"{'Bayshore Avenue': {'name': 'Bayshore Avenue', 'invert_mllw_ft': 3.75, 'invert_navd88_ft': 2.11, 'depth_in': 0.0, 'status': 'No tidal flooding estimated', 'code': 'GREEN', 'description': 'Southern waterfront roadway. West and east dips flood first.'}, 'Julian Street': {'name': 'Julian Street', 'invert_mllw_ft': 3.78, 'invert_navd88_ft': 2.14, 'depth_in': 0.0, 'status': 'No tidal flooding estimated', 'code': 'GREEN', 'description': 'Connects Daniel Ave to Bayshore Ave. Southern culvert dips to 3.78 ft.'}, 'Daniel Avenue': {'name': 'Daniel Avenue', 'invert_mllw_ft': 3.88, 'invert_navd88_ft': 2.24, 'depth_in': 0.0, 'status': 'No tidal flooding estimated', 'code': 'GREEN', 'description': 'Central community spine. East end dips low; benchmark section at 4.40 ft.'}, 'Allview Street': {'name': 'Allview Street', 'invert_mllw_ft': 4.13, 'invert_navd88_ft': 2.49, 'depth_in': 0.0, 'status': 'No tidal flooding estimated', 'code': 'GREEN', 'description': 'Interior western cross street. Shallow puddling begins above 4.13 ft.'}, 'River Road': {'name': 'River Road', 'invert_mllw_ft': 4.14, 'invert_navd88_ft': 2.5, 'depth_in': 0.0, 'status': 'No tidal flooding estimated', 'code': 'GREEN', 'description': 'North shoreline access road. Mid-section swale dips to 4.14 ft.'}, 'Hobday Street': {'name': 'Hobday Street', 'invert_mllw_ft': 4.22, 'invert_navd88_ft': 2.58, 'depth_in': 0.0, 'status': 'No tidal flooding estimated', 'code': 'GREEN', 'description': 'Interior cross street between Daniel Ave and Bayshore Ave.'}, 'Little Avenue': {'name': 'Little Avenue', 'invert_mllw_ft': 4.23, 'invert_navd88_ft': 2.59, 'depth_in': 0.0, 'status': 'No tidal flooding estimated', 'code': 'GREEN', 'description': 'Interior cross street. Rises towards Daniel Ave northern ridge.'}, 'Bunny Rabbit Lane': {'name': 'Bunny Rabbit Lane', 'invert_mllw_ft': 4.45, 'invert_navd88_ft': 2.81, 'depth_in': 0.0, 'status': 'No tidal flooding estimated', 'code': 'GREEN', 'description': 'Western community boundary lane. Elevated ridge terrain.'}}",GREEN,NO INUNDATION ESTIMATED,0.0,1.685
2026-10-04 08:00:00 UTC,2026-10-04 04:00:00 EDT,2026,10,4,4,2.94,3.01,1.3,8.16,12.4,12.08,1020.3,66.3,-1.75,-7.97,8.09,-1.08,2.311,1.305,2.209,0.904,3.35,2.4,0.95,-0.046,-0.001,0.0,FALSE,0,Tier 0 (No modeled inundation),"{'Bayshore Avenue': {'name': 'Bayshore Avenue', 'invert_mllw_ft': 3.75, 'invert_navd88_ft': 2.11, 'depth_in': 0.0, 'status': 'No tidal flooding estimated', 'code': 'GREEN', 'description': 'Southern waterfront roadway. West and east dips flood first.'}, 'Julian Street': {'name': 'Julian Street', 'invert_mllw_ft': 3.78, 'invert_navd88_ft': 2.14, 'depth_in': 0.0, 'status': 'No tidal flooding estimated', 'code': 'GREEN', 'description': 'Connects Daniel Ave to Bayshore Ave. Southern culvert dips to 3.78 ft.'}, 'Daniel Avenue': {'name': 'Daniel Avenue', 'invert_mllw_ft': 3.88, 'invert_navd88_ft': 2.24, 'depth_in': 0.0, 'status': 'No tidal flooding estimated', 'code': 'GREEN', 'description': 'Central community spine. East end dips low; benchmark section at 4.40 ft.'}, 'Allview Street': {'name': 'Allview Street', 'invert_mllw_ft': 4.13, 'invert_navd88_ft': 2.49, 'depth_in': 0.0, 'status': 'No tidal flooding estimated', 'code': 'GREEN', 'description': 'Interior western cross street. Shallow puddling begins above 4.13 ft.'}, 'River Road': {'name': 'River Road', 'invert_mllw_ft': 4.14, 'invert_navd88_ft': 2.5, 'depth_in': 0.0, 'status': 'No tidal flooding estimated', 'code': 'GREEN', 'description': 'North shoreline access road. Mid-section swale dips to 4.14 ft.'}, 'Hobday Street': {'name': 'Hobday Street', 'invert_mllw_ft': 4.22, 'invert_navd88_ft': 2.58, 'depth_in': 0.0, 'status': 'No tidal flooding estimated', 'code': 'GREEN', 'description': 'Interior cross street between Daniel Ave and Bayshore Ave.'}, 'Little Avenue': {'name': 'Little Avenue', 'invert_mllw_ft': 4.23, 'invert_navd88_ft': 2.59, 'depth_in': 0.0, 'status': 'No tidal flooding estimated', 'code': 'GREEN', 'description': 'Interior cross street. Rises towards Daniel Ave northern ridge.'}, 'Bunny Rabbit Lane': {'name': 'Bunny Rabbit Lane', 'invert_mllw_ft': 4.45, 'invert_navd88_ft': 2.81, 'depth_in': 0.0, 'status': 'No tidal flooding estimated', 'code': 'GREEN', 'description': 'Western community boundary lane. Elevated ridge terrain.'}}",GREEN,NO INUNDATION ESTIMATED,0.0,1.647
2026-10-04 09:00:00 UTC,2026-10-04 05:00:00 EDT,2026,10,4,5,2.76,2.85,1.12,7.4,7.1,10.29,1020.3,66.3,-0.91,-7.34,7.21,-1.65,2.102,1.377,2.293,0.916,3.155,2.166,0.989,-0.073,-0.00158,0.0,FALSE,0,Tier 0 (No modeled inundation),"{'Bayshore Avenue': {'name': 'Bayshore Avenue', 'invert_mllw_ft': 3.75, 'invert_navd88_ft': 2.11, 'depth_in': 0.0, 'status': 'No tidal flooding estimated', 'code': 'GREEN', 'description': 'Southern waterfront roadway. West and east dips flood first.'}, 'Julian Street': {'name': 'Julian Street', 'invert_mllw_ft': 3.78, 'invert_navd88_ft': 2.14, 'depth_in': 0.0, 'status': 'No tidal flooding estimated', 'code': 'GREEN', 'description': 'Connects Daniel Ave to Bayshore Ave. Southern culvert dips to 3.78 ft.'}, 'Daniel Avenue': {'name': 'Daniel Avenue', 'invert_mllw_ft': 3.88, 'invert_navd88_ft': 2.24, 'depth_in': 0.0, 'status': 'No tidal flooding estimated', 'code': 'GREEN', 'description': 'Central community spine. East end dips low; benchmark section at 4.40 ft.'}, 'Allview Street': {'name': 'Allview Street', 'invert_mllw_ft': 4.13, 'invert_navd88_ft': 2.49, 'depth_in': 0.0, 'status': 'No tidal flooding estimated', 'code': 'GREEN', 'description': 'Interior western cross street. Shallow puddling begins above 4.13 ft.'}, 'River Road': {'name': 'River Road', 'invert_mllw_ft': 4.14, 'invert_navd88_ft': 2.5, 'depth_in': 0.0, 'status': 'No tidal flooding estimated', 'code': 'GREEN', 'description': 'North shoreline access road. Mid-section swale dips to 4.14 ft.'}, 'Hobday Street': {'name': 'Hobday Street', 'invert_mllw_ft': 4.22, 'invert_navd88_ft': 2.58, 'depth_in': 0.0, 'status': 'No tidal flooding estimated', 'code': 'GREEN', 'description': 'Interior cross street between Daniel Ave and Bayshore Ave.'}, 'Little Avenue': {'name': 'Little Avenue', 'invert_mllw_ft': 4.23, 'invert_navd88_ft': 2.59, 'depth_in': 0.0, 'status': 'No tidal flooding estimated', 'code': 'GREEN', 'description': 'Interior cross street. Rises towards Daniel Ave northern ridge.'}, 'Bunny Rabbit Lane': {'name': 'Bunny Rabbit Lane', 'invert_mllw_ft': 4.45, 'invert_navd88_ft': 2.81, 'depth_in': 0.0, 'status': 'No tidal flooding estimated', 'code': 'GREEN', 'description': 'Western community boundary lane. Elevated ridge terrain.'}}",GREEN,NO INUNDATION ESTIMATED,0.0,1.408
2026-10-04 10:00:00 UTC,2026-10-04 06:00:00 EDT,2026,10,4,6,2.49,2.63,0.85,7.09,0.3,10.96,1020.3,66.2,-0.04,-7.09,6.68,-2.39,1.772,1.357,2.358,1.001,2.735,1.788,0.947,0.054,0.00117,0.0,FALSE,0,Tier 0 (No modeled inundation),"{'Bayshore Avenue': {'name': 'Bayshore Avenue', 'invert_mllw_ft': 3.75, 'invert_navd88_ft': 2.11, 'depth_in': 0.0, 'status': 'No tidal flooding estimated', 'code': 'GREEN', 'description': 'Southern waterfront roadway. West and east dips flood first.'}, 'Julian Street': {'name': 'Julian Street', 'invert_mllw_ft': 3.78, 'invert_navd88_ft': 2.14, 'depth_in': 0.0, 'status': 'No tidal flooding estimated', 'code': 'GREEN', 'description': 'Connects Daniel Ave to Bayshore Ave. Southern culvert dips to 3.78 ft.'}, 'Daniel Avenue': {'name': 'Daniel Avenue', 'invert_mllw_ft': 3.88, 'invert_navd88_ft': 2.24, 'depth_in': 0.0, 'status': 'No tidal flooding estimated', 'code': 'GREEN', 'description': 'Central community spine. East end dips low; benchmark section at 4.40 ft.'}, 'Allview Street': {'name': 'Allview Street', 'invert_mllw_ft': 4.13, 'invert_navd88_ft': 2.49, 'depth_in': 0.0, 'status': 'No tidal flooding estimated', 'code': 'GREEN', 'description': 'Interior western cross street. Shallow puddling begins above 4.13 ft.'}, 'River Road': {'name': 'River Road', 'invert_mllw_ft': 4.14, 'invert_navd88_ft': 2.5, 'depth_in': 0.0, 'status': 'No tidal flooding estimated', 'code': 'GREEN', 'description': 'North shoreline access road. Mid-section swale dips to 4.14 ft.'}, 'Hobday Street': {'name': 'Hobday Street', 'invert_mllw_ft': 4.22, 'invert_navd88_ft': 2.58, 'depth_in': 0.0, 'status': 'No tidal flooding estimated', 'code': 'GREEN', 'description': 'Interior cross street between Daniel Ave and Bayshore Ave.'}, 'Little Avenue': {'name': 'Little Avenue', 'invert_mllw_ft': 4.23, 'invert_navd88_ft': 2.59, 'depth_in': 0.0, 'status': 'No tidal flooding estimated', 'code': 'GREEN', 'description': 'Interior cross street. Rises towards Daniel Ave northern ridge.'}, 'Bunny Rabbit Lane': {'name': 'Bunny Rabbit Lane', 'invert_mllw_ft': 4.45, 'invert_navd88_ft': 2.81, 'depth_in': 0.0, 'status': 'No tidal flooding estimated', 'code': 'GREEN', 'description': 'Western community boundary lane. Elevated ridge terrain.'}}",GREEN,NO INUNDATION ESTIMATED,0.0,0.928
2026-10-04 11:00:00 UTC,2026-10-04 07:00:00 EDT,2026,10,4,7,2.12,2.29,0.48,5.97,6.0,8.72,1020.2,66.3,-0.62,-5.94,5.79,-1.44,1.389,1.252,2.282,1.03,2.238,1.329,0.909,0.121,0.00262,0.0,FALSE,0,Tier 0 (No modeled inundation),"{'Bayshore Avenue': {'name': 'Bayshore Avenue', 'invert_mllw_ft': 3.75, 'invert_navd88_ft': 2.11, 'depth_in': 0.0, 'status': 'No tidal flooding estimated', 'code': 'GREEN', 'description': 'Southern waterfront roadway. West and east dips flood first.'}, 'Julian Street': {'name': 'Julian Street', 'invert_mllw_ft': 3.78, 'invert_navd88_ft': 2.14, 'depth_in': 0.0, 'status': 'No tidal flooding estimated', 'code': 'GREEN', 'description': 'Connects Daniel Ave to Bayshore Ave. Southern culvert dips to 3.78 ft.'}, 'Daniel Avenue': {'name': 'Daniel Avenue', 'invert_mllw_ft': 3.88, 'invert_navd88_ft': 2.24, 'depth_in': 0.0, 'status': 'No tidal flooding estimated', 'code': 'GREEN', 'description': 'Central community spine. East end dips low; benchmark section at 4.40 ft.'}, 'Allview Street': {'name': 'Allview Street', 'invert_mllw_ft': 4.13, 'invert_navd88_ft': 2.49, 'depth_in': 0.0, 'status': 'No tidal flooding estimated', 'code': 'GREEN', 'description': 'Interior western cross street. Shallow puddling begins above 4.13 ft.'}, 'River Road': {'name': 'River Road', 'invert_mllw_ft': 4.14, 'invert_navd88_ft': 2.5, 'depth_in': 0.0, 'status': 'No tidal flooding estimated', 'code': 'GREEN', 'description': 'North shoreline access road. Mid-section swale dips to 4.14 ft.'}, 'Hobday Street': {'name': 'Hobday Street', 'invert_mllw_ft': 4.22, 'invert_navd88_ft': 2.58, 'depth_in': 0.0, 'status': 'No tidal flooding estimated', 'code': 'GREEN', 'description': 'Interior cross street between Daniel Ave and Bayshore Ave.'}, 'Little Avenue': {'name': 'Little Avenue', 'invert_mllw_ft': 4.23, 'invert_navd88_ft': 2.59, 'depth_in': 0.0, 'status': 'No tidal flooding estimated', 'code': 'GREEN', 'description': 'Interior cross street. Rises towards Daniel Ave northern ridge.'}, 'Bunny Rabbit Lane': {'name': 'Bunny Rabbit Lane', 'invert_mllw_ft': 4.45, 'invert_navd88_ft': 2.81, 'depth_in': 0.0, 'status': 'No tidal flooding estimated', 'code': 'GREEN', 'description': 'Western community boundary lane. Elevated ridge terrain.'}}",GREEN,NO INUNDATION ESTIMATED,0.0,0.429
2026-10-04 12:00:00 UTC,2026-10-04 08:00:00 EDT,2026,10,4,8,1.72,1.87,0.08,4.57,339.6,6.71,1020.5,66.8,1.59,-4.28,3.48,-2.96,1.015,1.07,2.135,1.065,1.813,0.919,0.894,0.171,0.0037,0.0,FALSE,0,Tier 0 (No modeled inundation),"{'Bayshore Avenue': {'name': 'Bayshore Avenue', 'invert_mllw_ft': 3.75, 'invert_navd88_ft': 2.11, 'depth_in': 0.0, 'status': 'No tidal flooding estimated', 'code': 'GREEN', 'description': 'Southern waterfront roadway. West and east dips flood first.'}, 'Julian Street': {'name': 'Julian Street', 'invert_mllw_ft': 3.78, 'invert_navd88_ft': 2.14, 'depth_in': 0.0, 'status': 'No tidal flooding estimated', 'code': 'GREEN', 'description': 'Connects Daniel Ave to Bayshore Ave. Southern culvert dips to 3.78 ft.'}, 'Daniel Avenue': {'name': 'Daniel Avenue', 'invert_mllw_ft': 3.88, 'invert_navd88_ft': 2.24, 'depth_in': 0.0, 'status': 'No tidal flooding estimated', 'code': 'GREEN', 'description': 'Central community spine. East end dips low; benchmark section at 4.40 ft.'}, 'Allview Street': {'name': 'Allview Street', 'invert_mllw_ft': 4.13, 'invert_navd88_ft': 2.49, 'depth_in': 0.0, 'status': 'No tidal flooding estimated', 'code': 'GREEN', 'description': 'Interior western cross street. Shallow puddling begins above 4.13 ft.'}, 'River Road': {'name': 'River Road', 'invert_mllw_ft': 4.14, 'invert_navd88_ft': 2.5, 'depth_in': 0.0, 'status': 'No tidal flooding estimated', 'code': 'GREEN', 'description': 'North shoreline access road. Mid-section swale dips to 4.14 ft.'}, 'Hobday Street': {'name': 'Hobday Street', 'invert_mllw_ft': 4.22, 'invert_navd88_ft': 2.58, 'depth_in': 0.0, 'status': 'No tidal flooding estimated', 'code': 'GREEN', 'description': 'Interior cross street between Daniel Ave and Bayshore Ave.'}, 'Little Avenue': {'name': 'Little Avenue', 'invert_mllw_ft': 4.23, 'invert_navd88_ft': 2.59, 'depth_in': 0.0, 'status': 'No tidal flooding estimated', 'code': 'GREEN', 'description': 'Interior cross street. Rises towards Daniel Ave northern ridge.'}, 'Bunny Rabbit Lane': {'name': 'Bunny Rabbit Lane', 'invert_mllw_ft': 4.45, 'invert_navd88_ft': 2.81, 'depth_in': 0.0, 'status': 'No tidal flooding estimated', 'code': 'GREEN', 'description': 'Western community boundary lane. Elevated ridge terrain.'}}",GREEN,NO INUNDATION ESTIMATED,0.0,0.072
2026-10-04 13:00:00 UTC,2026-10-04 09:00:00 EDT,2026,10,4,9,1.53,1.56,-0.11,4.72,336.5,7.16,1020.5,67.2,1.88,-4.33,3.42,-3.25,0.746,0.849,1.954,1.105,1.557,0.68,0.877,0.228,0.00494,0.0,FALSE,0,Tier 0 (No modeled inundation),"{'Bayshore Avenue': {'name': 'Bayshore Avenue', 'invert_mllw_ft': 3.75, 'invert_navd88_ft': 2.11, 'depth_in': 0.0, 'status': 'No tidal flooding estimated', 'code': 'GREEN', 'description': 'Southern waterfront roadway. West and east dips flood first.'}, 'Julian Street': {'name': 'Julian Street', 'invert_mllw_ft': 3.78, 'invert_navd88_ft': 2.14, 'depth_in': 0.0, 'status': 'No tidal flooding estimated', 'code': 'GREEN', 'description': 'Connects Daniel Ave to Bayshore Ave. Southern culvert dips to 3.78 ft.'}, 'Daniel Avenue': {'name': 'Daniel Avenue', 'invert_mllw_ft': 3.88, 'invert_navd88_ft': 2.24, 'depth_in': 0.0, 'status': 'No tidal flooding estimated', 'code': 'GREEN', 'description': 'Central community spine. East end dips low; benchmark section at 4.40 ft.'}, 'Allview Street': {'name': 'Allview Street', 'invert_mllw_ft': 4.13, 'invert_navd88_ft': 2.49, 'depth_in': 0.0, 'status': 'No tidal flooding estimated', 'code': 'GREEN', 'description': 'Interior western cross street. Shallow puddling begins above 4.13 ft.'}, 'River Road': {'name': 'River Road', 'invert_mllw_ft': 4.14, 'invert_navd88_ft': 2.5, 'depth_in': 0.0, 'status': 'No tidal flooding estimated', 'code': 'GREEN', 'description': 'North shoreline access road. Mid-section swale dips to 4.14 ft.'}, 'Hobday Street': {'name': 'Hobday Street', 'invert_mllw_ft': 4.22, 'invert_navd88_ft': 2.58, 'depth_in': 0.0, 'status': 'No tidal flooding estimated', 'code': 'GREEN', 'description': 'Interior cross street between Daniel Ave and Bayshore Ave.'}, 'Little Avenue': {'name': 'Little Avenue', 'invert_mllw_ft': 4.23, 'invert_navd88_ft': 2.59, 'depth_in': 0.0, 'status': 'No tidal flooding estimated', 'code': 'GREEN', 'description': 'Interior cross street. Rises towards Daniel Ave northern ridge.'}, 'Bunny Rabbit Lane': {'name': 'Bunny Rabbit Lane', 'invert_mllw_ft': 4.45, 'invert_navd88_ft': 2.81, 'depth_in': 0.0, 'status': 'No tidal flooding estimated', 'code': 'GREEN', 'description': 'Western community boundary lane. Elevated ridge terrain.'}}",GREEN,NO INUNDATION ESTIMATED,0.0,-0.093
2026-10-04 14:00:00 UTC,2026-10-04 10:00:00 EDT,2026,10,4,10,1.61,1.71,-0.03,6.33,359.4,8.72,1020.2,67.9,0.07,-6.33,5.93,-2.23,0.682,0.65,1.8,1.15,1.596,0.686,0.91,0.24,0.00519,0.0,FALSE,0,Tier 0 (No modeled inundation),"{'Bayshore Avenue': {'name': 'Bayshore Avenue', 'invert_mllw_ft': 3.75, 'invert_navd88_ft': 2.11, 'depth_in': 0.0, 'status': 'No tidal flooding estimated', 'code': 'GREEN', 'description': 'Southern waterfront roadway. West and east dips flood first.'}, 'Julian Street': {'name': 'Julian Street', 'invert_mllw_ft': 3.78, 'invert_navd88_ft': 2.14, 'depth_in': 0.0, 'status': 'No tidal flooding estimated', 'code': 'GREEN', 'description': 'Connects Daniel Ave to Bayshore Ave. Southern culvert dips to 3.78 ft.'}, 'Daniel Avenue': {'name': 'Daniel Avenue', 'invert_mllw_ft': 3.88, 'invert_navd88_ft': 2.24, 'depth_in': 0.0, 'status': 'No tidal flooding estimated', 'code': 'GREEN', 'description': 'Central community spine. East end dips low; benchmark section at 4.40 ft.'}, 'Allview Street': {'name': 'Allview Street', 'invert_mllw_ft': 4.13, 'invert_navd88_ft': 2.49, 'depth_in': 0.0, 'status': 'No tidal flooding estimated', 'code': 'GREEN', 'description': 'Interior western cross street. Shallow puddling begins above 4.13 ft.'}, 'River Road': {'name': 'River Road', 'invert_mllw_ft': 4.14, 'invert_navd88_ft': 2.5, 'depth_in': 0.0, 'status': 'No tidal flooding estimated', 'code': 'GREEN', 'description': 'North shoreline access road. Mid-section swale dips to 4.14 ft.'}, 'Hobday Street': {'name': 'Hobday Street', 'invert_mllw_ft': 4.22, 'invert_navd88_ft': 2.58, 'depth_in': 0.0, 'status': 'No tidal flooding estimated', 'code': 'GREEN', 'description': 'Interior cross street between Daniel Ave and Bayshore Ave.'}, 'Little Avenue': {'name': 'Little Avenue', 'invert_mllw_ft': 4.23, 'invert_navd88_ft': 2.59, 'depth_in': 0.0, 'status': 'No tidal flooding estimated', 'code': 'GREEN', 'description': 'Interior cross street. Rises towards Daniel Ave northern ridge.'}, 'Bunny Rabbit Lane': {'name': 'Bunny Rabbit Lane', 'invert_mllw_ft': 4.45, 'invert_navd88_ft': 2.81, 'depth_in': 0.0, 'status': 'No tidal flooding estimated', 'code': 'GREEN', 'description': 'Western community boundary lane. Elevated ridge terrain.'}}",GREEN,NO INUNDATION ESTIMATED,0.0,0.033
2026-10-04 15:00:00 UTC,2026-10-04 11:00:00 EDT,2026,10,4,11,1.86,2.02,0.22,6.58,9.2,10.07,1020.0,68.6,-1.05,-6.5,6.46,-1.23,0.862,0.524,1.717,1.193,1.879,0.953,0.926,0.267,0.00578,0.0,FALSE,0,Tier 0 (No modeled inundation),"{'Bayshore Avenue': {'name': 'Bayshore Avenue', 'invert_mllw_ft': 3.75, 'invert_navd88_ft': 2.11, 'depth_in': 0.0, 'status': 'No tidal flooding estimated', 'code': 'GREEN', 'description': 'Southern waterfront roadway. West and east dips flood first.'}, 'Julian Street': {'name': 'Julian Street', 'invert_mllw_ft': 3.78, 'invert_navd88_ft': 2.14, 'depth_in': 0.0, 'status': 'No tidal flooding estimated', 'code': 'GREEN', 'description': 'Connects Daniel Ave to Bayshore Ave. Southern culvert dips to 3.78 ft.'}, 'Daniel Avenue': {'name': 'Daniel Avenue', 'invert_mllw_ft': 3.88, 'invert_navd88_ft': 2.24, 'depth_in': 0.0, 'status': 'No tidal flooding estimated', 'code': 'GREEN', 'description': 'Central community spine. East end dips low; benchmark section at 4.40 ft.'}, 'Allview Street': {'name': 'Allview Street', 'invert_mllw_ft': 4.13, 'invert_navd88_ft': 2.49, 'depth_in': 0.0, 'status': 'No tidal flooding estimated', 'code': 'GREEN', 'description': 'Interior western cross street. Shallow puddling begins above 4.13 ft.'}, 'River Road': {'name': 'River Road', 'invert_mllw_ft': 4.14, 'invert_navd88_ft': 2.5, 'depth_in': 0.0, 'status': 'No tidal flooding estimated', 'code': 'GREEN', 'description': 'North shoreline access road. Mid-section swale dips to 4.14 ft.'}, 'Hobday Street': {'name': 'Hobday Street', 'invert_mllw_ft': 4.22, 'invert_navd88_ft': 2.58, 'depth_in': 0.0, 'status': 'No tidal flooding estimated', 'code': 'GREEN', 'description': 'Interior cross street between Daniel Ave and Bayshore Ave.'}, 'Little Avenue': {'name': 'Little Avenue', 'invert_mllw_ft': 4.23, 'invert_navd88_ft': 2.59, 'depth_in': 0.0, 'status': 'No tidal flooding estimated', 'code': 'GREEN', 'description': 'Interior cross street. Rises towards Daniel Ave northern ridge.'}, 'Bunny Rabbit Lane': {'name': 'Bunny Rabbit Lane', 'invert_mllw_ft': 4.45, 'invert_navd88_ft': 2.81, 'depth_in': 0.0, 'status': 'No tidal flooding estimated', 'code': 'GREEN', 'description': 'Western community boundary lane. Elevated ridge terrain.'}}",GREEN,NO INUNDATION ESTIMATED,0.0,0.379
2026-10-04 16:00:00 UTC,2026-10-04 12:00:00 EDT,2026,10,4,12,2.33,2.6,0.69,4.61,24.1,7.38,1019.2,69.1,-1.88,-4.21,4.6,0.33,1.253,0.51,1.726,1.216,2.39,1.431,0.959,0.257,0.00556,0.0,FALSE,0,Tier 0 (No modeled inundation),"{'Bayshore Avenue': {'name': 'Bayshore Avenue', 'invert_mllw_ft': 3.75, 'invert_navd88_ft': 2.11, 'depth_in': 0.0, 'status': 'No tidal flooding estimated', 'code': 'GREEN', 'description': 'Southern waterfront roadway. West and east dips flood first.'}, 'Julian Street': {'name': 'Julian Street', 'invert_mllw_ft': 3.78, 'invert_navd88_ft': 2.14, 'depth_in': 0.0, 'status': 'No tidal flooding estimated', 'code': 'GREEN', 'description': 'Connects Daniel Ave to Bayshore Ave. Southern culvert dips to 3.78 ft.'}, 'Daniel Avenue': {'name': 'Daniel Avenue', 'invert_mllw_ft': 3.88, 'invert_navd88_ft': 2.24, 'depth_in': 0.0, 'status': 'No tidal flooding estimated', 'code': 'GREEN', 'description': 'Central community spine. East end dips low; benchmark section at 4.40 ft.'}, 'Allview Street': {'name': 'Allview Street', 'invert_mllw_ft': 4.13, 'invert_navd88_ft': 2.49, 'depth_in': 0.0, 'status': 'No tidal flooding estimated', 'code': 'GREEN', 'description': 'Interior western cross street. Shallow puddling begins above 4.13 ft.'}, 'River Road': {'name': 'River Road', 'invert_mllw_ft': 4.14, 'invert_navd88_ft': 2.5, 'depth_in': 0.0, 'status': 'No tidal flooding estimated', 'code': 'GREEN', 'description': 'North shoreline access road. Mid-section swale dips to 4.14 ft.'}, 'Hobday Street': {'name': 'Hobday Street', 'invert_mllw_ft': 4.22, 'invert_navd88_ft': 2.58, 'depth_in': 0.0, 'status': 'No tidal flooding estimated', 'code': 'GREEN', 'description': 'Interior cross street between Daniel Ave and Bayshore Ave.'}, 'Little Avenue': {'name': 'Little Avenue', 'invert_mllw_ft': 4.23, 'invert_navd88_ft': 2.59, 'depth_in': 0.0, 'status': 'No tidal flooding estimated', 'code': 'GREEN', 'description': 'Interior cross street. Rises towards Daniel Ave northern ridge.'}, 'Bunny Rabbit Lane': {'name': 'Bunny Rabbit Lane', 'invert_mllw_ft': 4.45, 'invert_navd88_ft': 2.81, 'depth_in': 0.0, 'status': 'No tidal flooding estimated', 'code': 'GREEN', 'description': 'Western community boundary lane. Elevated ridge terrain.'}}",GREEN,NO INUNDATION ESTIMATED,0.0,0.924
2026-10-04 17:00:00 UTC,2026-10-04 13:00:00 EDT,2026,10,4,13,2.95,3.25,1.31,3.91,15.4,7.38,1018.9,69.4,-1.04,-3.77,3.9,-0.31,1.78,0.64,1.912,1.272,3.031,2.006,1.025,0.247,0.00535,0.0,FALSE,0,Tier 0 (No modeled inundation),"{'Bayshore Avenue': {'name': 'Bayshore Avenue', 'invert_mllw_ft': 3.75, 'invert_navd88_ft': 2.11, 'depth_in': 0.0, 'status': 'No tidal flooding estimated', 'code': 'GREEN', 'description': 'Southern waterfront roadway. West and east dips flood first.'}, 'Julian Street': {'name': 'Julian Street', 'invert_mllw_ft': 3.78, 'invert_navd88_ft': 2.14, 'depth_in': 0.0, 'status': 'No tidal flooding estimated', 'code': 'GREEN', 'description': 'Connects Daniel Ave to Bayshore Ave. Southern culvert dips to 3.78 ft.'}, 'Daniel Avenue': {'name': 'Daniel Avenue', 'invert_mllw_ft': 3.88, 'invert_navd88_ft': 2.24, 'depth_in': 0.0, 'status': 'No tidal flooding estimated', 'code': 'GREEN', 'description': 'Central community spine. East end dips low; benchmark section at 4.40 ft.'}, 'Allview Street': {'name': 'Allview Street', 'invert_mllw_ft': 4.13, 'invert_navd88_ft': 2.49, 'depth_in': 0.0, 'status': 'No tidal flooding estimated', 'code': 'GREEN', 'description': 'Interior western cross street. Shallow puddling begins above 4.13 ft.'}, 'River Road': {'name': 'River Road', 'invert_mllw_ft': 4.14, 'invert_navd88_ft': 2.5, 'depth_in': 0.0, 'status': 'No tidal flooding estimated', 'code': 'GREEN', 'description': 'North shoreline access road. Mid-section swale dips to 4.14 ft.'}, 'Hobday Street': {'name': 'Hobday Street', 'invert_mllw_ft': 4.22, 'invert_navd88_ft': 2.58, 'depth_in': 0.0, 'status': 'No tidal flooding estimated', 'code': 'GREEN', 'description': 'Interior cross street between Daniel Ave and Bayshore Ave.'}, 'Little Avenue': {'name': 'Little Avenue', 'invert_mllw_ft': 4.23, 'invert_navd88_ft': 2.59, 'depth_in': 0.0, 'status': 'No tidal flooding estimated', 'code': 'GREEN', 'description': 'Interior cross street. Rises towards Daniel Ave northern ridge.'}, 'Bunny Rabbit Lane': {'name': 'Bunny Rabbit Lane', 'invert_mllw_ft': 4.45, 'invert_navd88_ft': 2.81, 'depth_in': 0.0, 'status': 'No tidal flooding estimated', 'code': 'GREEN', 'description': 'Western community boundary lane. Elevated ridge terrain.'}}",GREEN,NO INUNDATION ESTIMATED,0.0,1.537
2026-10-04 18:00:00 UTC,2026-10-04 14:00:00 EDT,2026,10,4,14,3.54,3.71,1.9,7.4,341.6,13.87,1018.2,69.2,2.34,-7.02,5.8,-4.6,2.316,0.901,2.203,1.302,3.597,2.535,1.062,0.24,0.00519,0.0,FALSE,0,Tier 0 (No modeled inundation),"{'Bayshore Avenue': {'name': 'Bayshore Avenue', 'invert_mllw_ft': 3.75, 'invert_navd88_ft': 2.11, 'depth_in': 0.0, 'status': 'No tidal flooding estimated', 'code': 'GREEN', 'description': 'Southern waterfront roadway. West and east dips flood first.'}, 'Julian Street': {'name': 'Julian Street', 'invert_mllw_ft': 3.78, 'invert_navd88_ft': 2.14, 'depth_in': 0.0, 'status': 'No tidal flooding estimated', 'code': 'GREEN', 'description': 'Connects Daniel Ave to Bayshore Ave. Southern culvert dips to 3.78 ft.'}, 'Daniel Avenue': {'name': 'Daniel Avenue', 'invert_mllw_ft': 3.88, 'invert_navd88_ft': 2.24, 'depth_in': 0.0, 'status': 'No tidal flooding estimated', 'code': 'GREEN', 'description': 'Central community spine. East end dips low; benchmark section at 4.40 ft.'}, 'Allview Street': {'name': 'Allview Street', 'invert_mllw_ft': 4.13, 'invert_navd88_ft': 2.49, 'depth_in': 0.0, 'status': 'No tidal flooding estimated', 'code': 'GREEN', 'description': 'Interior western cross street. Shallow puddling begins above 4.13 ft.'}, 'River Road': {'name': 'River Road', 'invert_mllw_ft': 4.14, 'invert_navd88_ft': 2.5, 'depth_in': 0.0, 'status': 'No tidal flooding estimated', 'code': 'GREEN', 'description': 'North shoreline access road. Mid-section swale dips to 4.14 ft.'}, 'Hobday Street': {'name': 'Hobday Street', 'invert_mllw_ft': 4.22, 'invert_navd88_ft': 2.58, 'depth_in': 0.0, 'status': 'No tidal flooding estimated', 'code': 'GREEN', 'description': 'Interior cross street between Daniel Ave and Bayshore Ave.'}, 'Little Avenue': {'name': 'Little Avenue', 'invert_mllw_ft': 4.23, 'invert_navd88_ft': 2.59, 'depth_in': 0.0, 'status': 'No tidal flooding estimated', 'code': 'GREEN', 'description': 'Interior cross street. Rises towards Daniel Ave northern ridge.'}, 'Bunny Rabbit Lane': {'name': 'Bunny Rabbit Lane', 'invert_mllw_ft': 4.45, 'invert_navd88_ft': 2.81, 'depth_in': 0.0, 'status': 'No tidal flooding estimated', 'code': 'GREEN', 'description': 'Western community boundary lane. Elevated ridge terrain.'}}",GREEN,NO INUNDATION ESTIMATED,0.0,2.035
2026-10-04 19:00:00 UTC,2026-10-04 15:00:00 EDT,2026,10,4,15,3.83,3.9,2.19,8.59,12.0,12.53,1017.6,69.2,-1.79,-8.4,8.51,-1.2,2.702,1.211,2.52,1.309,3.994,2.879,1.115,0.194,0.0042,0.0,FALSE,1,Tier 1 (Nuisance / Low spots wet),"{'Bayshore Avenue': {'name': 'Bayshore Avenue', 'invert_mllw_ft': 3.75, 'invert_navd88_ft': 2.11, 'depth_in': 0.9, 'status': 'Puddles & Ditch Full (0.9"")', 'code': 'YELLOW', 'description': 'Southern waterfront roadway. West and east dips flood first.'}, 'Julian Street': {'name': 'Julian Street', 'invert_mllw_ft': 3.78, 'invert_navd88_ft': 2.14, 'depth_in': 0.6, 'status': 'Puddles & Ditch Full (0.6"")', 'code': 'YELLOW', 'description': 'Connects Daniel Ave to Bayshore Ave. Southern culvert dips to 3.78 ft.'}, 'Daniel Avenue': {'name': 'Daniel Avenue', 'invert_mllw_ft': 3.88, 'invert_navd88_ft': 2.24, 'depth_in': 0.0, 'status': 'No tidal flooding estimated', 'code': 'GREEN', 'description': 'Central community spine. East end dips low; benchmark section at 4.40 ft.'}, 'Allview Street': {'name': 'Allview Street', 'invert_mllw_ft': 4.13, 'invert_navd88_ft': 2.49, 'depth_in': 0.0, 'status': 'No tidal flooding estimated', 'code': 'GREEN', 'description': 'Interior western cross street. Shallow puddling begins above 4.13 ft.'}, 'River Road': {'name': 'River Road', 'invert_mllw_ft': 4.14, 'invert_navd88_ft': 2.5, 'depth_in': 0.0, 'status': 'No tidal flooding estimated', 'code': 'GREEN', 'description': 'North shoreline access road. Mid-section swale dips to 4.14 ft.'}, 'Hobday Street': {'name': 'Hobday Street', 'invert_mllw_ft': 4.22, 'invert_navd88_ft': 2.58, 'depth_in': 0.0, 'status': 'No tidal flooding estimated', 'code': 'GREEN', 'description': 'Interior cross street between Daniel Ave and Bayshore Ave.'}, 'Little Avenue': {'name': 'Little Avenue', 'invert_mllw_ft': 4.23, 'invert_navd88_ft': 2.59, 'depth_in': 0.0, 'status': 'No tidal flooding estimated', 'code': 'GREEN', 'description': 'Interior cross street. Rises towards Daniel Ave northern ridge.'}, 'Bunny Rabbit Lane': {'name': 'Bunny Rabbit Lane', 'invert_mllw_ft': 4.45, 'invert_navd88_ft': 2.81, 'depth_in': 0.0, 'status': 'No tidal flooding estimated', 'code': 'GREEN', 'description': 'Western community boundary lane. Elevated ridge terrain.'}}",YELLOW,LOW-SPOT FLOODING ESTIMATED,0.0,2.369
2026-10-04 20:00:00 UTC,2026-10-04 16:00:00 EDT,2026,10,4,16,3.86,3.89,2.22,7.65,15.4,10.96,1017.3,69.2,-2.03,-7.38,7.63,-0.61,2.832,1.463,2.755,1.292,4.137,2.978,1.159,0.133,0.00288,0.0,FALSE,1,Tier 1 (Nuisance / Low spots wet),"{'Bayshore Avenue': {'name': 'Bayshore Avenue', 'invert_mllw_ft': 3.75, 'invert_navd88_ft': 2.11, 'depth_in': 1.2, 'status': 'Puddles & Ditch Full (1.2"")', 'code': 'YELLOW', 'description': 'Southern waterfront roadway. West and east dips flood first.'}, 'Julian Street': {'name': 'Julian Street', 'invert_mllw_ft': 3.78, 'invert_navd88_ft': 2.14, 'depth_in': 0.9, 'status': 'Puddles & Ditch Full (0.9"")', 'code': 'YELLOW', 'description': 'Connects Daniel Ave to Bayshore Ave. Southern culvert dips to 3.78 ft.'}, 'Daniel Avenue': {'name': 'Daniel Avenue', 'invert_mllw_ft': 3.88, 'invert_navd88_ft': 2.24, 'depth_in': 0.0, 'status': 'No tidal flooding estimated', 'code': 'GREEN', 'description': 'Central community spine. East end dips low; benchmark section at 4.40 ft.'}, 'Allview Street': {'name': 'Allview Street', 'invert_mllw_ft': 4.13, 'invert_navd88_ft': 2.49, 'depth_in': 0.0, 'status': 'No tidal flooding estimated', 'code': 'GREEN', 'description': 'Interior western cross street. Shallow puddling begins above 4.13 ft.'}, 'River Road': {'name': 'River Road', 'invert_mllw_ft': 4.14, 'invert_navd88_ft': 2.5, 'depth_in': 0.0, 'status': 'No tidal flooding estimated', 'code': 'GREEN', 'description': 'North shoreline access road. Mid-section swale dips to 4.14 ft.'}, 'Hobday Street': {'name': 'Hobday Street', 'invert_mllw_ft': 4.22, 'invert_navd88_ft': 2.58, 'depth_in': 0.0, 'status': 'No tidal flooding estimated', 'code': 'GREEN', 'description': 'Interior cross street between Daniel Ave and Bayshore Ave.'}, 'Little Avenue': {'name': 'Little Avenue', 'invert_mllw_ft': 4.23, 'invert_navd88_ft': 2.59, 'depth_in': 0.0, 'status': 'No tidal flooding estimated', 'code': 'GREEN', 'description': 'Interior cross street. Rises towards Daniel Ave northern ridge.'}, 'Bunny Rabbit Lane': {'name': 'Bunny Rabbit Lane', 'invert_mllw_ft': 4.45, 'invert_navd88_ft': 2.81, 'depth_in': 0.0, 'status': 'No tidal flooding estimated', 'code': 'GREEN', 'description': 'Western community boundary lane. Elevated ridge terrain.'}}",YELLOW,LOW-SPOT FLOODING ESTIMATED,0.0,2.479
2026-10-04 21:00:00 UTC,2026-10-04 17:00:00 EDT,2026,10,4,17,3.64,3.78,2.0,7.94,9.1,11.19,1017.3,69.0,-1.26,-7.84,7.8,-1.5,2.717,1.605,2.868,1.263,4.007,2.863,1.144,0.119,0.00258,0.0,FALSE,0,Tier 0 (No modeled inundation),"{'Bayshore Avenue': {'name': 'Bayshore Avenue', 'invert_mllw_ft': 3.75, 'invert_navd88_ft': 2.11, 'depth_in': 0.0, 'status': 'No tidal flooding estimated', 'code': 'GREEN', 'description': 'Southern waterfront roadway. West and east dips flood first.'}, 'Julian Street': {'name': 'Julian Street', 'invert_mllw_ft': 3.78, 'invert_navd88_ft': 2.14, 'depth_in': 0.0, 'status': 'No tidal flooding estimated', 'code': 'GREEN', 'description': 'Connects Daniel Ave to Bayshore Ave. Southern culvert dips to 3.78 ft.'}, 'Daniel Avenue': {'name': 'Daniel Avenue', 'invert_mllw_ft': 3.88, 'invert_navd88_ft': 2.24, 'depth_in': 0.0, 'status': 'No tidal flooding estimated', 'code': 'GREEN', 'description': 'Central community spine. East end dips low; benchmark section at 4.40 ft.'}, 'Allview Street': {'name': 'Allview Street', 'invert_mllw_ft': 4.13, 'invert_navd88_ft': 2.49, 'depth_in': 0.0, 'status': 'No tidal flooding estimated', 'code': 'GREEN', 'description': 'Interior western cross street. Shallow puddling begins above 4.13 ft.'}, 'River Road': {'name': 'River Road', 'invert_mllw_ft': 4.14, 'invert_navd88_ft': 2.5, 'depth_in': 0.0, 'status': 'No tidal flooding estimated', 'code': 'GREEN', 'description': 'North shoreline access road. Mid-section swale dips to 4.14 ft.'}, 'Hobday Street': {'name': 'Hobday Street', 'invert_mllw_ft': 4.22, 'invert_navd88_ft': 2.58, 'depth_in': 0.0, 'status': 'No tidal flooding estimated', 'code': 'GREEN', 'description': 'Interior cross street between Daniel Ave and Bayshore Ave.'}, 'Little Avenue': {'name': 'Little Avenue', 'invert_mllw_ft': 4.23, 'invert_navd88_ft': 2.59, 'depth_in': 0.0, 'status': 'No tidal flooding estimated', 'code': 'GREEN', 'description': 'Interior cross street. Rises towards Daniel Ave northern ridge.'}, 'Bunny Rabbit Lane': {'name': 'Bunny Rabbit Lane', 'invert_mllw_ft': 4.45, 'invert_navd88_ft': 2.81, 'depth_in': 0.0, 'status': 'No tidal flooding estimated', 'code': 'GREEN', 'description': 'Western community boundary lane. Elevated ridge terrain.'}}",GREEN,NO INUNDATION ESTIMATED,0.0,2.324
2026-10-04 22:00:00 UTC,2026-10-04 18:00:00 EDT,2026,10,4,18,3.31,3.46,1.67,9.2,3.9,13.87,1017.5,68.7,-0.63,-9.18,8.84,-2.55,2.439,1.644,2.926,1.282,3.714,2.565,1.149,0.133,0.00288,0.0,FALSE,0,Tier 0 (No modeled inundation),"{'Bayshore Avenue': {'name': 'Bayshore Avenue', 'invert_mllw_ft': 3.75, 'invert_navd88_ft': 2.11, 'depth_in': 0.0, 'status': 'No tidal flooding estimated', 'code': 'GREEN', 'description': 'Southern waterfront roadway. West and east dips flood first.'}, 'Julian Street': {'name': 'Julian Street', 'invert_mllw_ft': 3.78, 'invert_navd88_ft': 2.14, 'depth_in': 0.0, 'status': 'No tidal flooding estimated', 'code': 'GREEN', 'description': 'Connects Daniel Ave to Bayshore Ave. Southern culvert dips to 3.78 ft.'}, 'Daniel Avenue': {'name': 'Daniel Avenue', 'invert_mllw_ft': 3.88, 'invert_navd88_ft': 2.24, 'depth_in': 0.0, 'status': 'No tidal flooding estimated', 'code': 'GREEN', 'description': 'Central community spine. East end dips low; benchmark section at 4.40 ft.'}, 'Allview Street': {'name': 'Allview Street', 'invert_mllw_ft': 4.13, 'invert_navd88_ft': 2.49, 'depth_in': 0.0, 'status': 'No tidal flooding estimated', 'code': 'GREEN', 'description': 'Interior western cross street. Shallow puddling begins above 4.13 ft.'}, 'River Road': {'name': 'River Road', 'invert_mllw_ft': 4.14, 'invert_navd88_ft': 2.5, 'depth_in': 0.0, 'status': 'No tidal flooding estimated', 'code': 'GREEN', 'description': 'North shoreline access road. Mid-section swale dips to 4.14 ft.'}, 'Hobday Street': {'name': 'Hobday Street', 'invert_mllw_ft': 4.22, 'invert_navd88_ft': 2.58, 'depth_in': 0.0, 'status': 'No tidal flooding estimated', 'code': 'GREEN', 'description': 'Interior cross street between Daniel Ave and Bayshore Ave.'}, 'Little Avenue': {'name': 'Little Avenue', 'invert_mllw_ft': 4.23, 'invert_navd88_ft': 2.59, 'depth_in': 0.0, 'status': 'No tidal flooding estimated', 'code': 'GREEN', 'description': 'Interior cross street. Rises towards Daniel Ave northern ridge.'}, 'Bunny Rabbit Lane': {'name': 'Bunny Rabbit Lane', 'invert_mllw_ft': 4.45, 'invert_navd88_ft': 2.81, 'depth_in': 0.0, 'status': 'No tidal flooding estimated', 'code': 'GREEN', 'description': 'Western community boundary lane. Elevated ridge terrain.'}}",GREEN,NO INUNDATION ESTIMATED,0.0,1.959
2026-10-04 23:00:00 UTC,2026-10-04 19:00:00 EDT,2026,10,4,19,2.95,3.12,1.31,9.33,357.7,13.2,1017.7,67.9,0.37,-9.32,8.63,-3.54,2.054,1.592,2.911,1.319,3.298,2.106,1.192,0.127,0.00275,0.0,FALSE,0,Tier 0 (No modeled inundation),"{'Bayshore Avenue': {'name': 'Bayshore Avenue', 'invert_mllw_ft': 3.75, 'invert_navd88_ft': 2.11, 'depth_in': 0.0, 'status': 'No tidal flooding estimated', 'code': 'GREEN', 'description': 'Southern waterfront roadway. West and east dips flood first.'}, 'Julian Street': {'name': 'Julian Street', 'invert_mllw_ft': 3.78, 'invert_navd88_ft': 2.14, 'depth_in': 0.0, 'status': 'No tidal flooding estimated', 'code': 'GREEN', 'description': 'Connects Daniel Ave to Bayshore Ave. Southern culvert dips to 3.78 ft.'}, 'Daniel Avenue': {'name': 'Daniel Avenue', 'invert_mllw_ft': 3.88, 'invert_navd88_ft': 2.24, 'depth_in': 0.0, 'status': 'No tidal flooding estimated', 'code': 'GREEN', 'description': 'Central community spine. East end dips low; benchmark section at 4.40 ft.'}, 'Allview Street': {'name': 'Allview Street', 'invert_mllw_ft': 4.13, 'invert_navd88_ft': 2.49, 'depth_in': 0.0, 'status': 'No tidal flooding estimated', 'code': 'GREEN', 'description': 'Interior western cross street. Shallow puddling begins above 4.13 ft.'}, 'River Road': {'name': 'River Road', 'invert_mllw_ft': 4.14, 'invert_navd88_ft': 2.5, 'depth_in': 0.0, 'status': 'No tidal flooding estimated', 'code': 'GREEN', 'description': 'North shoreline access road. Mid-section swale dips to 4.14 ft.'}, 'Hobday Street': {'name': 'Hobday Street', 'invert_mllw_ft': 4.22, 'invert_navd88_ft': 2.58, 'depth_in': 0.0, 'status': 'No tidal flooding estimated', 'code': 'GREEN', 'description': 'Interior cross street between Daniel Ave and Bayshore Ave.'}, 'Little Avenue': {'name': 'Little Avenue', 'invert_mllw_ft': 4.23, 'invert_navd88_ft': 2.59, 'depth_in': 0.0, 'status': 'No tidal flooding estimated', 'code': 'GREEN', 'description': 'Interior cross street. Rises towards Daniel Ave northern ridge.'}, 'Bunny Rabbit Lane': {'name': 'Bunny Rabbit Lane', 'invert_mllw_ft': 4.45, 'invert_navd88_ft': 2.81, 'depth_in': 0.0, 'status': 'No tidal flooding estimated', 'code': 'GREEN', 'description': 'Western community boundary lane. Elevated ridge terrain.'}}",GREEN,NO INUNDATION ESTIMATED,0.0,1.497
2026-10-05 00:00:00 UTC,2026-10-04 20:00:00 EDT,2026,10,4,20,2.57,2.76,0.93,7.94,357.7,11.63,1017.7,67.5,0.32,-7.93,7.35,-3.01,1.597,1.448,2.798,1.35,2.798,1.576,1.222,0.128,0.00277,0.0,FALSE,0,Tier 0 (No modeled inundation),"{'Bayshore Avenue': {'name': 'Bayshore Avenue', 'invert_mllw_ft': 3.75, 'invert_navd88_ft': 2.11, 'depth_in': 0.0, 'status': 'No tidal flooding estimated', 'code': 'GREEN', 'description': 'Southern waterfront roadway. West and east dips flood first.'}, 'Julian Street': {'name': 'Julian Street', 'invert_mllw_ft': 3.78, 'invert_navd88_ft': 2.14, 'depth_in': 0.0, 'status': 'No tidal flooding estimated', 'code': 'GREEN', 'description': 'Connects Daniel Ave to Bayshore Ave. Southern culvert dips to 3.78 ft.'}, 'Daniel Avenue': {'name': 'Daniel Avenue', 'invert_mllw_ft': 3.88, 'invert_navd88_ft': 2.24, 'depth_in': 0.0, 'status': 'No tidal flooding estimated', 'code': 'GREEN', 'description': 'Central community spine. East end dips low; benchmark section at 4.40 ft.'}, 'Allview Street': {'name': 'Allview Street', 'invert_mllw_ft': 4.13, 'invert_navd88_ft': 2.49, 'depth_in': 0.0, 'status': 'No tidal flooding estimated', 'code': 'GREEN', 'description': 'Interior western cross street. Shallow puddling begins above 4.13 ft.'}, 'River Road': {'name': 'River Road', 'invert_mllw_ft': 4.14, 'invert_navd88_ft': 2.5, 'depth_in': 0.0, 'status': 'No tidal flooding estimated', 'code': 'GREEN', 'description': 'North shoreline access road. Mid-section swale dips to 4.14 ft.'}, 'Hobday Street': {'name': 'Hobday Street', 'invert_mllw_ft': 4.22, 'invert_navd88_ft': 2.58, 'depth_in': 0.0, 'status': 'No tidal flooding estimated', 'code': 'GREEN', 'description': 'Interior cross street between Daniel Ave and Bayshore Ave.'}, 'Little Avenue': {'name': 'Little Avenue', 'invert_mllw_ft': 4.23, 'invert_navd88_ft': 2.59, 'depth_in': 0.0, 'status': 'No tidal flooding estimated', 'code': 'GREEN', 'description': 'Interior cross street. Rises towards Daniel Ave northern ridge.'}, 'Bunny Rabbit Lane': {'name': 'Bunny Rabbit Lane', 'invert_mllw_ft': 4.45, 'invert_navd88_ft': 2.81, 'depth_in': 0.0, 'status': 'No tidal flooding estimated', 'code': 'GREEN', 'description': 'Western community boundary lane. Elevated ridge terrain.'}}",GREEN,NO INUNDATION ESTIMATED,0.0,0.95
2026-10-05 01:00:00 UTC,2026-10-04 21:00:00 EDT,2026,10,4,21,2.15,2.33,0.51,8.77,344.5,11.85,1018.1,67.5,2.34,-8.45,7.14,-5.09,1.146,1.226,2.573,1.347,2.326,1.107,1.219,0.128,0.00277,0.0,FALSE,0,Tier 0 (No modeled inundation),"{'Bayshore Avenue': {'name': 'Bayshore Avenue', 'invert_mllw_ft': 3.75, 'invert_navd88_ft': 2.11, 'depth_in': 0.0, 'status': 'No tidal flooding estimated', 'code': 'GREEN', 'description': 'Southern waterfront roadway. West and east dips flood first.'}, 'Julian Street': {'name': 'Julian Street', 'invert_mllw_ft': 3.78, 'invert_navd88_ft': 2.14, 'depth_in': 0.0, 'status': 'No tidal flooding estimated', 'code': 'GREEN', 'description': 'Connects Daniel Ave to Bayshore Ave. Southern culvert dips to 3.78 ft.'}, 'Daniel Avenue': {'name': 'Daniel Avenue', 'invert_mllw_ft': 3.88, 'invert_navd88_ft': 2.24, 'depth_in': 0.0, 'status': 'No tidal flooding estimated', 'code': 'GREEN', 'description': 'Central community spine. East end dips low; benchmark section at 4.40 ft.'}, 'Allview Street': {'name': 'Allview Street', 'invert_mllw_ft': 4.13, 'invert_navd88_ft': 2.49, 'depth_in': 0.0, 'status': 'No tidal flooding estimated', 'code': 'GREEN', 'description': 'Interior western cross street. Shallow puddling begins above 4.13 ft.'}, 'River Road': {'name': 'River Road', 'invert_mllw_ft': 4.14, 'invert_navd88_ft': 2.5, 'depth_in': 0.0, 'status': 'No tidal flooding estimated', 'code': 'GREEN', 'description': 'North shoreline access road. Mid-section swale dips to 4.14 ft.'}, 'Hobday Street': {'name': 'Hobday Street', 'invert_mllw_ft': 4.22, 'invert_navd88_ft': 2.58, 'depth_in': 0.0, 'status': 'No tidal flooding estimated', 'code': 'GREEN', 'description': 'Interior cross street between Daniel Ave and Bayshore Ave.'}, 'Little Avenue': {'name': 'Little Avenue', 'invert_mllw_ft': 4.23, 'invert_navd88_ft': 2.59, 'depth_in': 0.0, 'status': 'No tidal flooding estimated', 'code': 'GREEN', 'description': 'Interior cross street. Rises towards Daniel Ave northern ridge.'}, 'Bunny Rabbit Lane': {'name': 'Bunny Rabbit Lane', 'invert_mllw_ft': 4.45, 'invert_navd88_ft': 2.81, 'depth_in': 0.0, 'status': 'No tidal flooding estimated', 'code': 'GREEN', 'description': 'Western community boundary lane. Elevated ridge terrain.'}}",GREEN,NO INUNDATION ESTIMATED,0.0,0.525
2026-10-05 02:00:00 UTC,2026-10-04 22:00:00 EDT,2026,10,4,22,1.91,1.99,0.27,9.1,348.5,13.2,1018.2,67.2,1.81,-8.92,7.76,-4.75,0.815,0.97,2.317,1.347,2.076,0.804,1.272,0.075,0.00162,0.0,FALSE,0,Tier 0 (No modeled inundation),"{'Bayshore Avenue': {'name': 'Bayshore Avenue', 'invert_mllw_ft': 3.75, 'invert_navd88_ft': 2.11, 'depth_in': 0.0, 'status': 'No tidal flooding estimated', 'code': 'GREEN', 'description': 'Southern waterfront roadway. West and east dips flood first.'}, 'Julian Street': {'name': 'Julian Street', 'invert_mllw_ft': 3.78, 'invert_navd88_ft': 2.14, 'depth_in': 0.0, 'status': 'No tidal flooding estimated', 'code': 'GREEN', 'description': 'Connects Daniel Ave to Bayshore Ave. Southern culvert dips to 3.78 ft.'}, 'Daniel Avenue': {'name': 'Daniel Avenue', 'invert_mllw_ft': 3.88, 'invert_navd88_ft': 2.24, 'depth_in': 0.0, 'status': 'No tidal flooding estimated', 'code': 'GREEN', 'description': 'Central community spine. East end dips low; benchmark section at 4.40 ft.'}, 'Allview Street': {'name': 'Allview Street', 'invert_mllw_ft': 4.13, 'invert_navd88_ft': 2.49, 'depth_in': 0.0, 'status': 'No tidal flooding estimated', 'code': 'GREEN', 'description': 'Interior western cross street. Shallow puddling begins above 4.13 ft.'}, 'River Road': {'name': 'River Road', 'invert_mllw_ft': 4.14, 'invert_navd88_ft': 2.5, 'depth_in': 0.0, 'status': 'No tidal flooding estimated', 'code': 'GREEN', 'description': 'North shoreline access road. Mid-section swale dips to 4.14 ft.'}, 'Hobday Street': {'name': 'Hobday Street', 'invert_mllw_ft': 4.22, 'invert_navd88_ft': 2.58, 'depth_in': 0.0, 'status': 'No tidal flooding estimated', 'code': 'GREEN', 'description': 'Interior cross street between Daniel Ave and Bayshore Ave.'}, 'Little Avenue': {'name': 'Little Avenue', 'invert_mllw_ft': 4.23, 'invert_navd88_ft': 2.59, 'depth_in': 0.0, 'status': 'No tidal flooding estimated', 'code': 'GREEN', 'description': 'Interior cross street. Rises towards Daniel Ave northern ridge.'}, 'Bunny Rabbit Lane': {'name': 'Bunny Rabbit Lane', 'invert_mllw_ft': 4.45, 'invert_navd88_ft': 2.81, 'depth_in': 0.0, 'status': 'No tidal flooding estimated', 'code': 'GREEN', 'description': 'Western community boundary lane. Elevated ridge terrain.'}}",GREEN,NO INUNDATION ESTIMATED,0.0,0.389
2026-10-05 03:00:00 UTC,2026-10-04 23:00:00 EDT,2026,10,4,23,1.94,2.05,0.3,7.87,4.3,10.96,1018.2,66.7,-0.59,-7.85,7.58,-2.13,0.693,0.734,2.12,1.386,2.084,0.741,1.343,0.043,0.00093,0.0,FALSE,0,Tier 0 (No modeled inundation),"{'Bayshore Avenue': {'name': 'Bayshore Avenue', 'invert_mllw_ft': 3.75, 'invert_navd88_ft': 2.11, 'depth_in': 0.0, 'status': 'No tidal flooding estimated', 'code': 'GREEN', 'description': 'Southern waterfront roadway. West and east dips flood first.'}, 'Julian Street': {'name': 'Julian Street', 'invert_mllw_ft': 3.78, 'invert_navd88_ft': 2.14, 'depth_in': 0.0, 'status': 'No tidal flooding estimated', 'code': 'GREEN', 'description': 'Connects Daniel Ave to Bayshore Ave. Southern culvert dips to 3.78 ft.'}, 'Daniel Avenue': {'name': 'Daniel Avenue', 'invert_mllw_ft': 3.88, 'invert_navd88_ft': 2.24, 'depth_in': 0.0, 'status': 'No tidal flooding estimated', 'code': 'GREEN', 'description': 'Central community spine. East end dips low; benchmark section at 4.40 ft.'}, 'Allview Street': {'name': 'Allview Street', 'invert_mllw_ft': 4.13, 'invert_navd88_ft': 2.49, 'depth_in': 0.0, 'status': 'No tidal flooding estimated', 'code': 'GREEN', 'description': 'Interior western cross street. Shallow puddling begins above 4.13 ft.'}, 'River Road': {'name': 'River Road', 'invert_mllw_ft': 4.14, 'invert_navd88_ft': 2.5, 'depth_in': 0.0, 'status': 'No tidal flooding estimated', 'code': 'GREEN', 'description': 'North shoreline access road. Mid-section swale dips to 4.14 ft.'}, 'Hobday Street': {'name': 'Hobday Street', 'invert_mllw_ft': 4.22, 'invert_navd88_ft': 2.58, 'depth_in': 0.0, 'status': 'No tidal flooding estimated', 'code': 'GREEN', 'description': 'Interior cross street between Daniel Ave and Bayshore Ave.'}, 'Little Avenue': {'name': 'Little Avenue', 'invert_mllw_ft': 4.23, 'invert_navd88_ft': 2.59, 'depth_in': 0.0, 'status': 'No tidal flooding estimated', 'code': 'GREEN', 'description': 'Interior cross street. Rises towards Daniel Ave northern ridge.'}, 'Bunny Rabbit Lane': {'name': 'Bunny Rabbit Lane', 'invert_mllw_ft': 4.45, 'invert_navd88_ft': 2.81, 'depth_in': 0.0, 'status': 'No tidal flooding estimated', 'code': 'GREEN', 'description': 'Western community boundary lane. Elevated ridge terrain.'}}",GREEN,NO INUNDATION ESTIMATED,0.0,0.476
2026-10-05 04:00:00 UTC,2026-10-05 00:00:00 EDT,2026,10,5,0,2.22,2.37,0.58,9.57,5.8,12.97,1017.9,66.3,-0.97,-9.52,9.28,-2.35,0.807,0.565,1.998,1.433,2.358,0.943,1.415,0.018,0.00039,0.0,FALSE,0,Tier 0 (No modeled inundation),"{'Bayshore Avenue': {'name': 'Bayshore Avenue', 'invert_mllw_ft': 3.75, 'invert_navd88_ft': 2.11, 'depth_in': 0.0, 'status': 'No tidal flooding estimated', 'code': 'GREEN', 'description': 'Southern waterfront roadway. West and east dips flood first.'}, 'Julian Street': {'name': 'Julian Street', 'invert_mllw_ft': 3.78, 'invert_navd88_ft': 2.14, 'depth_in': 0.0, 'status': 'No tidal flooding estimated', 'code': 'GREEN', 'description': 'Connects Daniel Ave to Bayshore Ave. Southern culvert dips to 3.78 ft.'}, 'Daniel Avenue': {'name': 'Daniel Avenue', 'invert_mllw_ft': 3.88, 'invert_navd88_ft': 2.24, 'depth_in': 0.0, 'status': 'No tidal flooding estimated', 'code': 'GREEN', 'description': 'Central community spine. East end dips low; benchmark section at 4.40 ft.'}, 'Allview Street': {'name': 'Allview Street', 'invert_mllw_ft': 4.13, 'invert_navd88_ft': 2.49, 'depth_in': 0.0, 'status': 'No tidal flooding estimated', 'code': 'GREEN', 'description': 'Interior western cross street. Shallow puddling begins above 4.13 ft.'}, 'River Road': {'name': 'River Road', 'invert_mllw_ft': 4.14, 'invert_navd88_ft': 2.5, 'depth_in': 0.0, 'status': 'No tidal flooding estimated', 'code': 'GREEN', 'description': 'North shoreline access road. Mid-section swale dips to 4.14 ft.'}, 'Hobday Street': {'name': 'Hobday Street', 'invert_mllw_ft': 4.22, 'invert_navd88_ft': 2.58, 'depth_in': 0.0, 'status': 'No tidal flooding estimated', 'code': 'GREEN', 'description': 'Interior cross street between Daniel Ave and Bayshore Ave.'}, 'Little Avenue': {'name': 'Little Avenue', 'invert_mllw_ft': 4.23, 'invert_navd88_ft': 2.59, 'depth_in': 0.0, 'status': 'No tidal flooding estimated', 'code': 'GREEN', 'description': 'Interior cross street. Rises towards Daniel Ave northern ridge.'}, 'Bunny Rabbit Lane': {'name': 'Bunny Rabbit Lane', 'invert_mllw_ft': 4.45, 'invert_navd88_ft': 2.81, 'depth_in': 0.0, 'status': 'No tidal flooding estimated', 'code': 'GREEN', 'description': 'Western community boundary lane. Elevated ridge terrain.'}}",GREEN,NO INUNDATION ESTIMATED,0.0,0.801
2026-10-05 05:00:00 UTC,2026-10-05 01:00:00 EDT,2026,10,5,1,2.59,2.79,0.95,8.88,355.8,12.08,1017.6,66.1,0.65,-8.86,8.1,-3.64,1.138,0.518,1.984,1.466,2.776,1.35,1.426,0.04,0.00087,0.0,FALSE,0,Tier 0 (No modeled inundation),"{'Bayshore Avenue': {'name': 'Bayshore Avenue', 'invert_mllw_ft': 3.75, 'invert_navd88_ft': 2.11, 'depth_in': 0.0, 'status': 'No tidal flooding estimated', 'code': 'GREEN', 'description': 'Southern waterfront roadway. West and east dips flood first.'}, 'Julian Street': {'name': 'Julian Street', 'invert_mllw_ft': 3.78, 'invert_navd88_ft': 2.14, 'depth_in': 0.0, 'status': 'No tidal flooding estimated', 'code': 'GREEN', 'description': 'Connects Daniel Ave to Bayshore Ave. Southern culvert dips to 3.78 ft.'}, 'Daniel Avenue': {'name': 'Daniel Avenue', 'invert_mllw_ft': 3.88, 'invert_navd88_ft': 2.24, 'depth_in': 0.0, 'status': 'No tidal flooding estimated', 'code': 'GREEN', 'description': 'Central community spine. East end dips low; benchmark section at 4.40 ft.'}, 'Allview Street': {'name': 'Allview Street', 'invert_mllw_ft': 4.13, 'invert_navd88_ft': 2.49, 'depth_in': 0.0, 'status': 'No tidal flooding estimated', 'code': 'GREEN', 'description': 'Interior western cross street. Shallow puddling begins above 4.13 ft.'}, 'River Road': {'name': 'River Road', 'invert_mllw_ft': 4.14, 'invert_navd88_ft': 2.5, 'depth_in': 0.0, 'status': 'No tidal flooding estimated', 'code': 'GREEN', 'description': 'North shoreline access road. Mid-section swale dips to 4.14 ft.'}, 'Hobday Street': {'name': 'Hobday Street', 'invert_mllw_ft': 4.22, 'invert_navd88_ft': 2.58, 'depth_in': 0.0, 'status': 'No tidal flooding estimated', 'code': 'GREEN', 'description': 'Interior cross street between Daniel Ave and Bayshore Ave.'}, 'Little Avenue': {'name': 'Little Avenue', 'invert_mllw_ft': 4.23, 'invert_navd88_ft': 2.59, 'depth_in': 0.0, 'status': 'No tidal flooding estimated', 'code': 'GREEN', 'description': 'Interior cross street. Rises towards Daniel Ave northern ridge.'}, 'Bunny Rabbit Lane': {'name': 'Bunny Rabbit Lane', 'invert_mllw_ft': 4.45, 'invert_navd88_ft': 2.81, 'depth_in': 0.0, 'status': 'No tidal flooding estimated', 'code': 'GREEN', 'description': 'Western community boundary lane. Elevated ridge terrain.'}}",GREEN,NO INUNDATION ESTIMATED,0.0,1.234
2026-10-05 06:00:00 UTC,2026-10-05 02:00:00 EDT,2026,10,5,2,3.03,3.25,1.39,10.09,345.0,13.87,1017.6,65.4,2.61,-9.75,8.27,-5.79,1.609,0.629,2.102,1.473,3.267,1.84,1.427,0.046,0.001,0.0,FALSE,0,Tier 0 (No modeled inundation),"{'Bayshore Avenue': {'name': 'Bayshore Avenue', 'invert_mllw_ft': 3.75, 'invert_navd88_ft': 2.11, 'depth_in': 0.0, 'status': 'No tidal flooding estimated', 'code': 'GREEN', 'description': 'Southern waterfront roadway. West and east dips flood first.'}, 'Julian Street': {'name': 'Julian Street', 'invert_mllw_ft': 3.78, 'invert_navd88_ft': 2.14, 'depth_in': 0.0, 'status': 'No tidal flooding estimated', 'code': 'GREEN', 'description': 'Connects Daniel Ave to Bayshore Ave. Southern culvert dips to 3.78 ft.'}, 'Daniel Avenue': {'name': 'Daniel Avenue', 'invert_mllw_ft': 3.88, 'invert_navd88_ft': 2.24, 'depth_in': 0.0, 'status': 'No tidal flooding estimated', 'code': 'GREEN', 'description': 'Central community spine. East end dips low; benchmark section at 4.40 ft.'}, 'Allview Street': {'name': 'Allview Street', 'invert_mllw_ft': 4.13, 'invert_navd88_ft': 2.49, 'depth_in': 0.0, 'status': 'No tidal flooding estimated', 'code': 'GREEN', 'description': 'Interior western cross street. Shallow puddling begins above 4.13 ft.'}, 'River Road': {'name': 'River Road', 'invert_mllw_ft': 4.14, 'invert_navd88_ft': 2.5, 'depth_in': 0.0, 'status': 'No tidal flooding estimated', 'code': 'GREEN', 'description': 'North shoreline access road. Mid-section swale dips to 4.14 ft.'}, 'Hobday Street': {'name': 'Hobday Street', 'invert_mllw_ft': 4.22, 'invert_navd88_ft': 2.58, 'depth_in': 0.0, 'status': 'No tidal flooding estimated', 'code': 'GREEN', 'description': 'Interior cross street between Daniel Ave and Bayshore Ave.'}, 'Little Avenue': {'name': 'Little Avenue', 'invert_mllw_ft': 4.23, 'invert_navd88_ft': 2.59, 'depth_in': 0.0, 'status': 'No tidal flooding estimated', 'code': 'GREEN', 'description': 'Interior cross street. Rises towards Daniel Ave northern ridge.'}, 'Bunny Rabbit Lane': {'name': 'Bunny Rabbit Lane', 'invert_mllw_ft': 4.45, 'invert_navd88_ft': 2.81, 'depth_in': 0.0, 'status': 'No tidal flooding estimated', 'code': 'GREEN', 'description': 'Western community boundary lane. Elevated ridge terrain.'}}",GREEN,NO INUNDATION ESTIMATED,0.0,1.704
2026-10-05 07:00:00 UTC,2026-10-05 03:00:00 EDT,2026,10,5,3,3.45,3.61,1.81,8.32,343.9,13.42,1017.5,65.1,2.31,-7.99,6.72,-4.9,2.067,0.864,2.328,1.464,3.702,2.26,1.442,0.022,0.00048,0.0,FALSE,0,Tier 0 (No modeled inundation),"{'Bayshore Avenue': {'name': 'Bayshore Avenue', 'invert_mllw_ft': 3.75, 'invert_navd88_ft': 2.11, 'depth_in': 0.0, 'status': 'No tidal flooding estimated', 'code': 'GREEN', 'description': 'Southern waterfront roadway. West and east dips flood first.'}, 'Julian Street': {'name': 'Julian Street', 'invert_mllw_ft': 3.78, 'invert_navd88_ft': 2.14, 'depth_in': 0.0, 'status': 'No tidal flooding estimated', 'code': 'GREEN', 'description': 'Connects Daniel Ave to Bayshore Ave. Southern culvert dips to 3.78 ft.'}, 'Daniel Avenue': {'name': 'Daniel Avenue', 'invert_mllw_ft': 3.88, 'invert_navd88_ft': 2.24, 'depth_in': 0.0, 'status': 'No tidal flooding estimated', 'code': 'GREEN', 'description': 'Central community spine. East end dips low; benchmark section at 4.40 ft.'}, 'Allview Street': {'name': 'Allview Street', 'invert_mllw_ft': 4.13, 'invert_navd88_ft': 2.49, 'depth_in': 0.0, 'status': 'No tidal flooding estimated', 'code': 'GREEN', 'description': 'Interior western cross street. Shallow puddling begins above 4.13 ft.'}, 'River Road': {'name': 'River Road', 'invert_mllw_ft': 4.14, 'invert_navd88_ft': 2.5, 'depth_in': 0.0, 'status': 'No tidal flooding estimated', 'code': 'GREEN', 'description': 'North shoreline access road. Mid-section swale dips to 4.14 ft.'}, 'Hobday Street': {'name': 'Hobday Street', 'invert_mllw_ft': 4.22, 'invert_navd88_ft': 2.58, 'depth_in': 0.0, 'status': 'No tidal flooding estimated', 'code': 'GREEN', 'description': 'Interior cross street between Daniel Ave and Bayshore Ave.'}, 'Little Avenue': {'name': 'Little Avenue', 'invert_mllw_ft': 4.23, 'invert_navd88_ft': 2.59, 'depth_in': 0.0, 'status': 'No tidal flooding estimated', 'code': 'GREEN', 'description': 'Interior cross street. Rises towards Daniel Ave northern ridge.'}, 'Bunny Rabbit Lane': {'name': 'Bunny Rabbit Lane', 'invert_mllw_ft': 4.45, 'invert_navd88_ft': 2.81, 'depth_in': 0.0, 'status': 'No tidal flooding estimated', 'code': 'GREEN', 'description': 'Western community boundary lane. Elevated ridge terrain.'}}",GREEN,NO INUNDATION ESTIMATED,0.0,2.105
2026-10-05 08:00:00 UTC,2026-10-05 04:00:00 EDT,2026,10,5,4,3.72,3.76,2.08,8.16,345.3,12.3,1017.4,64.8,2.07,-7.89,6.71,-4.65,2.354,1.125,2.553,1.428,3.97,2.492,1.478,-0.05,-0.00108,0.0,FALSE,0,Tier 0 (No modeled inundation),"{'Bayshore Avenue': {'name': 'Bayshore Avenue', 'invert_mllw_ft': 3.75, 'invert_navd88_ft': 2.11, 'depth_in': 0.0, 'status': 'No tidal flooding estimated', 'code': 'GREEN', 'description': 'Southern waterfront roadway. West and east dips flood first.'}, 'Julian Street': {'name': 'Julian Street', 'invert_mllw_ft': 3.78, 'invert_navd88_ft': 2.14, 'depth_in': 0.0, 'status': 'No tidal flooding estimated', 'code': 'GREEN', 'description': 'Connects Daniel Ave to Bayshore Ave. Southern culvert dips to 3.78 ft.'}, 'Daniel Avenue': {'name': 'Daniel Avenue', 'invert_mllw_ft': 3.88, 'invert_navd88_ft': 2.24, 'depth_in': 0.0, 'status': 'No tidal flooding estimated', 'code': 'GREEN', 'description': 'Central community spine. East end dips low; benchmark section at 4.40 ft.'}, 'Allview Street': {'name': 'Allview Street', 'invert_mllw_ft': 4.13, 'invert_navd88_ft': 2.49, 'depth_in': 0.0, 'status': 'No tidal flooding estimated', 'code': 'GREEN', 'description': 'Interior western cross street. Shallow puddling begins above 4.13 ft.'}, 'River Road': {'name': 'River Road', 'invert_mllw_ft': 4.14, 'invert_navd88_ft': 2.5, 'depth_in': 0.0, 'status': 'No tidal flooding estimated', 'code': 'GREEN', 'description': 'North shoreline access road. Mid-section swale dips to 4.14 ft.'}, 'Hobday Street': {'name': 'Hobday Street', 'invert_mllw_ft': 4.22, 'invert_navd88_ft': 2.58, 'depth_in': 0.0, 'status': 'No tidal flooding estimated', 'code': 'GREEN', 'description': 'Interior cross street between Daniel Ave and Bayshore Ave.'}, 'Little Avenue': {'name': 'Little Avenue', 'invert_mllw_ft': 4.23, 'invert_navd88_ft': 2.59, 'depth_in': 0.0, 'status': 'No tidal flooding estimated', 'code': 'GREEN', 'description': 'Interior cross street. Rises towards Daniel Ave northern ridge.'}, 'Bunny Rabbit Lane': {'name': 'Bunny Rabbit Lane', 'invert_mllw_ft': 4.45, 'invert_navd88_ft': 2.81, 'depth_in': 0.0, 'status': 'No tidal flooding estimated', 'code': 'GREEN', 'description': 'Western community boundary lane. Elevated ridge terrain.'}}",GREEN,NO INUNDATION ESTIMATED,0.0,2.319
2026-10-05 09:00:00 UTC,2026-10-05 05:00:00 EDT,2026,10,5,5,3.72,3.77,2.08,7.99,348.5,12.3,1017.4,64.6,1.59,-7.83,6.81,-4.17,2.403,1.321,2.731,1.41,3.965,2.511,1.454,-0.044,-0.00095,0.0,FALSE,0,Tier 0 (No modeled inundation),"{'Bayshore Avenue': {'name': 'Bayshore Avenue', 'invert_mllw_ft': 3.75, 'invert_navd88_ft': 2.11, 'depth_in': 0.0, 'status': 'No tidal flooding estimated', 'code': 'GREEN', 'description': 'Southern waterfront roadway. West and east dips flood first.'}, 'Julian Street': {'name': 'Julian Street', 'invert_mllw_ft': 3.78, 'invert_navd88_ft': 2.14, 'depth_in': 0.0, 'status': 'No tidal flooding estimated', 'code': 'GREEN', 'description': 'Connects Daniel Ave to Bayshore Ave. Southern culvert dips to 3.78 ft.'}, 'Daniel Avenue': {'name': 'Daniel Avenue', 'invert_mllw_ft': 3.88, 'invert_navd88_ft': 2.24, 'depth_in': 0.0, 'status': 'No tidal flooding estimated', 'code': 'GREEN', 'description': 'Central community spine. East end dips low; benchmark section at 4.40 ft.'}, 'Allview Street': {'name': 'Allview Street', 'invert_mllw_ft': 4.13, 'invert_navd88_ft': 2.49, 'depth_in': 0.0, 'status': 'No tidal flooding estimated', 'code': 'GREEN', 'description': 'Interior western cross street. Shallow puddling begins above 4.13 ft.'}, 'River Road': {'name': 'River Road', 'invert_mllw_ft': 4.14, 'invert_navd88_ft': 2.5, 'depth_in': 0.0, 'status': 'No tidal flooding estimated', 'code': 'GREEN', 'description': 'North shoreline access road. Mid-section swale dips to 4.14 ft.'}, 'Hobday Street': {'name': 'Hobday Street', 'invert_mllw_ft': 4.22, 'invert_navd88_ft': 2.58, 'depth_in': 0.0, 'status': 'No tidal flooding estimated', 'code': 'GREEN', 'description': 'Interior cross street between Daniel Ave and Bayshore Ave.'}, 'Little Avenue': {'name': 'Little Avenue', 'invert_mllw_ft': 4.23, 'invert_navd88_ft': 2.59, 'depth_in': 0.0, 'status': 'No tidal flooding estimated', 'code': 'GREEN', 'description': 'Interior cross street. Rises towards Daniel Ave northern ridge.'}, 'Bunny Rabbit Lane': {'name': 'Bunny Rabbit Lane', 'invert_mllw_ft': 4.45, 'invert_navd88_ft': 2.81, 'depth_in': 0.0, 'status': 'No tidal flooding estimated', 'code': 'GREEN', 'description': 'Western community boundary lane. Elevated ridge terrain.'}}",GREEN,NO INUNDATION ESTIMATED,0.0,2.261
2026-10-05 10:00:00 UTC,2026-10-05 06:00:00 EDT,2026,10,5,6,3.41,3.61,1.77,7.34,348.3,10.52,1017.4,64.2,1.49,-7.19,6.24,-3.86,2.248,1.421,2.806,1.385,3.701,2.33,1.371,0.014,0.0003,0.0,FALSE,0,Tier 0 (No modeled inundation),"{'Bayshore Avenue': {'name': 'Bayshore Avenue', 'invert_mllw_ft': 3.75, 'invert_navd88_ft': 2.11, 'depth_in': 0.0, 'status': 'No tidal flooding estimated', 'code': 'GREEN', 'description': 'Southern waterfront roadway. West and east dips flood first.'}, 'Julian Street': {'name': 'Julian Street', 'invert_mllw_ft': 3.78, 'invert_navd88_ft': 2.14, 'depth_in': 0.0, 'status': 'No tidal flooding estimated', 'code': 'GREEN', 'description': 'Connects Daniel Ave to Bayshore Ave. Southern culvert dips to 3.78 ft.'}, 'Daniel Avenue': {'name': 'Daniel Avenue', 'invert_mllw_ft': 3.88, 'invert_navd88_ft': 2.24, 'depth_in': 0.0, 'status': 'No tidal flooding estimated', 'code': 'GREEN', 'description': 'Central community spine. East end dips low; benchmark section at 4.40 ft.'}, 'Allview Street': {'name': 'Allview Street', 'invert_mllw_ft': 4.13, 'invert_navd88_ft': 2.49, 'depth_in': 0.0, 'status': 'No tidal flooding estimated', 'code': 'GREEN', 'description': 'Interior western cross street. Shallow puddling begins above 4.13 ft.'}, 'River Road': {'name': 'River Road', 'invert_mllw_ft': 4.14, 'invert_navd88_ft': 2.5, 'depth_in': 0.0, 'status': 'No tidal flooding estimated', 'code': 'GREEN', 'description': 'North shoreline access road. Mid-section swale dips to 4.14 ft.'}, 'Hobday Street': {'name': 'Hobday Street', 'invert_mllw_ft': 4.22, 'invert_navd88_ft': 2.58, 'depth_in': 0.0, 'status': 'No tidal flooding estimated', 'code': 'GREEN', 'description': 'Interior cross street between Daniel Ave and Bayshore Ave.'}, 'Little Avenue': {'name': 'Little Avenue', 'invert_mllw_ft': 4.23, 'invert_navd88_ft': 2.59, 'depth_in': 0.0, 'status': 'No tidal flooding estimated', 'code': 'GREEN', 'description': 'Interior cross street. Rises towards Daniel Ave northern ridge.'}, 'Bunny Rabbit Lane': {'name': 'Bunny Rabbit Lane', 'invert_mllw_ft': 4.45, 'invert_navd88_ft': 2.81, 'depth_in': 0.0, 'status': 'No tidal flooding estimated', 'code': 'GREEN', 'description': 'Western community boundary lane. Elevated ridge terrain.'}}",GREEN,NO INUNDATION ESTIMATED,0.0,1.936
2026-10-05 11:00:00 UTC,2026-10-05 07:00:00 EDT,2026,10,5,7,2.87,3.15,1.23,7.29,335.3,10.07,1017.6,64.2,3.05,-6.62,5.18,-5.13,1.941,1.425,2.798,1.373,3.229,1.961,1.268,0.105,0.00227,0.0,FALSE,0,Tier 0 (No modeled inundation),"{'Bayshore Avenue': {'name': 'Bayshore Avenue', 'invert_mllw_ft': 3.75, 'invert_navd88_ft': 2.11, 'depth_in': 0.0, 'status': 'No tidal flooding estimated', 'code': 'GREEN', 'description': 'Southern waterfront roadway. West and east dips flood first.'}, 'Julian Street': {'name': 'Julian Street', 'invert_mllw_ft': 3.78, 'invert_navd88_ft': 2.14, 'depth_in': 0.0, 'status': 'No tidal flooding estimated', 'code': 'GREEN', 'description': 'Connects Daniel Ave to Bayshore Ave. Southern culvert dips to 3.78 ft.'}, 'Daniel Avenue': {'name': 'Daniel Avenue', 'invert_mllw_ft': 3.88, 'invert_navd88_ft': 2.24, 'depth_in': 0.0, 'status': 'No tidal flooding estimated', 'code': 'GREEN', 'description': 'Central community spine. East end dips low; benchmark section at 4.40 ft.'}, 'Allview Street': {'name': 'Allview Street', 'invert_mllw_ft': 4.13, 'invert_navd88_ft': 2.49, 'depth_in': 0.0, 'status': 'No tidal flooding estimated', 'code': 'GREEN', 'description': 'Interior western cross street. Shallow puddling begins above 4.13 ft.'}, 'River Road': {'name': 'River Road', 'invert_mllw_ft': 4.14, 'invert_navd88_ft': 2.5, 'depth_in': 0.0, 'status': 'No tidal flooding estimated', 'code': 'GREEN', 'description': 'North shoreline access road. Mid-section swale dips to 4.14 ft.'}, 'Hobday Street': {'name': 'Hobday Street', 'invert_mllw_ft': 4.22, 'invert_navd88_ft': 2.58, 'depth_in': 0.0, 'status': 'No tidal flooding estimated', 'code': 'GREEN', 'description': 'Interior cross street between Daniel Ave and Bayshore Ave.'}, 'Little Avenue': {'name': 'Little Avenue', 'invert_mllw_ft': 4.23, 'invert_navd88_ft': 2.59, 'depth_in': 0.0, 'status': 'No tidal flooding estimated', 'code': 'GREEN', 'description': 'Interior cross street. Rises towards Daniel Ave northern ridge.'}, 'Bunny Rabbit Lane': {'name': 'Bunny Rabbit Lane', 'invert_mllw_ft': 4.45, 'invert_navd88_ft': 2.81, 'depth_in': 0.0, 'status': 'No tidal flooding estimated', 'code': 'GREEN', 'description': 'Western community boundary lane. Elevated ridge terrain.'}}",GREEN,NO INUNDATION ESTIMATED,0.0,1.397
2026-10-05 12:00:00 UTC,2026-10-05 08:00:00 EDT,2026,10,5,8,2.48,2.59,0.84,8.28,333.3,9.84,1018.3,64.1,3.72,-7.4,5.68,-6.03,1.529,1.328,2.688,1.36,2.688,1.475,1.213,0.147,0.00318,0.0,FALSE,0,Tier 0 (No modeled inundation),"{'Bayshore Avenue': {'name': 'Bayshore Avenue', 'invert_mllw_ft': 3.75, 'invert_navd88_ft': 2.11, 'depth_in': 0.0, 'status': 'No tidal flooding estimated', 'code': 'GREEN', 'description': 'Southern waterfront roadway. West and east dips flood first.'}, 'Julian Street': {'name': 'Julian Street', 'invert_mllw_ft': 3.78, 'invert_navd88_ft': 2.14, 'depth_in': 0.0, 'status': 'No tidal flooding estimated', 'code': 'GREEN', 'description': 'Connects Daniel Ave to Bayshore Ave. Southern culvert dips to 3.78 ft.'}, 'Daniel Avenue': {'name': 'Daniel Avenue', 'invert_mllw_ft': 3.88, 'invert_navd88_ft': 2.24, 'depth_in': 0.0, 'status': 'No tidal flooding estimated', 'code': 'GREEN', 'description': 'Central community spine. East end dips low; benchmark section at 4.40 ft.'}, 'Allview Street': {'name': 'Allview Street', 'invert_mllw_ft': 4.13, 'invert_navd88_ft': 2.49, 'depth_in': 0.0, 'status': 'No tidal flooding estimated', 'code': 'GREEN', 'description': 'Interior western cross street. Shallow puddling begins above 4.13 ft.'}, 'River Road': {'name': 'River Road', 'invert_mllw_ft': 4.14, 'invert_navd88_ft': 2.5, 'depth_in': 0.0, 'status': 'No tidal flooding estimated', 'code': 'GREEN', 'description': 'North shoreline access road. Mid-section swale dips to 4.14 ft.'}, 'Hobday Street': {'name': 'Hobday Street', 'invert_mllw_ft': 4.22, 'invert_navd88_ft': 2.58, 'depth_in': 0.0, 'status': 'No tidal flooding estimated', 'code': 'GREEN', 'description': 'Interior cross street between Daniel Ave and Bayshore Ave.'}, 'Little Avenue': {'name': 'Little Avenue', 'invert_mllw_ft': 4.23, 'invert_navd88_ft': 2.59, 'depth_in': 0.0, 'status': 'No tidal flooding estimated', 'code': 'GREEN', 'description': 'Interior cross street. Rises towards Daniel Ave northern ridge.'}, 'Bunny Rabbit Lane': {'name': 'Bunny Rabbit Lane', 'invert_mllw_ft': 4.45, 'invert_navd88_ft': 2.81, 'depth_in': 0.0, 'status': 'No tidal flooding estimated', 'code': 'GREEN', 'description': 'Western community boundary lane. Elevated ridge terrain.'}}",GREEN,NO INUNDATION ESTIMATED,0.0,0.98
