"Date","Time (GMT)","Wind Speed (kn)","Wind Dir (deg)","Wind Gust (kn)","Air Temp (°F)","Baro (mb)","Humidity (%)","Visibility (nm)"
"2021/01/01","00:00","7","18","11.66","50.7","1024.5","-","-"
"2021/01/01","01:00","12.44","32","14.38","50.4","1025.1","-","-"
"2021/01/01","02:00","13.61","29","19.24","48.4","1026.2","-","-"
"2021/01/01","03:00","13.02","30","15.94","46.2","1026.5","-","-"
"2021/01/01","04:00","11.08","17","14.19","45.3","1027.2","-","-"
"2021/01/01","05:00","13.61","20","15.55","44.4","1028","-","-"
"2021/01/01","06:00","13.61","13","16.13","43.5","1028.3","-","-"
"2021/01/01","07:00","13.61","33","15.75","43","1029.1","-","-"
"2021/01/01","08:00","13.02","38","17.88","42.6","1029","-","-"
"2021/01/01","09:00","12.83","37","15.55","42.6","1029.6","-","-"
"2021/01/01","10:00","13.61","32","16.72","42.6","1029.5","-","-"
"2021/01/01","11:00","10.11","28","13.02","42.8","1029.9","-","-"
"2021/01/01","12:00","11.86","39","15.94","42.6","1030.3","-","-"
"2021/01/01","13:00","11.08","34","15.16","42.3","1030.7","-","-"
"2021/01/01","14:00","9.52","32","12.44","42.3","1031.2","-","-"
"2021/01/01","15:00","11.66","57","14.19","42.6","1029.8","-","-"
"2021/01/01","16:00","9.72","38","12.83","42.8","1029.1","-","-"
"2021/01/01","17:00","8.36","24","10.3","42.8","1027.9","-","-"
"2021/01/01","18:00","8.16","45","9.91","42.8","1025.8","-","-"
"2021/01/01","19:00","5.83","28","10.11","43.5","1024.7","-","-"
"2021/01/01","20:00","6.22","11","7.58","43","1024.3","-","-"
"2021/01/01","21:00","7.19","72","8.75","43.2","1023.1","-","-"
"2021/01/01","22:00","3.89","342","5.25","42.8","1022.6","-","-"
"2021/01/01","23:00","5.25","92","6.41","43.5","1020.9","-","-"
"2021/01/02","00:00","8.16","304","9.14","43.9","1020.6","-","-"
"2021/01/02","01:00","12.83","308","14.19","43.5","1020","-","-"
"2021/01/02","02:00","9.14","301","10.89","42.4","1018.3","-","-"
"2021/01/02","03:00","4.67","293","5.44","42.1","1016.9","-","-"
"2021/01/02","04:00","13.02","292","20.02","41.9","1017.5","-","-"
"2021/01/02","05:00","8.55","154","9.52","42.4","1013.8","-","-"
"2021/01/02","06:00","8.55","285","14.38","44.6","1014.1","-","-"
"2021/01/02","07:00","7","263","9.72","44.4","1012.9","-","-"
"2021/01/02","08:00","13.41","275","16.52","42.4","1013.3","-","-"
"2021/01/02","09:00","8.36","276","12.25","41.2","1012.8","-","-"
"2021/01/02","10:00","7.78","255","10.5","40.5","1012.9","-","-"
"2021/01/02","11:00","9.14","235","12.44","42.1","1012.7","-","-"
"2021/01/02","12:00","11.66","238","15.36","45","1012.8","-","-"
"2021/01/02","13:00","10.5","248","15.94","46.6","1013.3","-","-"
"2021/01/02","14:00","10.5","250","17.69","47.3","1014.3","-","-"
"2021/01/02","15:00","6.22","267","12.25","48.9","1014.7","-","-"
"2021/01/02","16:00","5.44","248","11.66","51.4","1014.6","-","-"
"2021/01/02","17:00","7.58","254","14.58","54","1014.3","-","-"
"2021/01/02","18:00","8.55","276","11.86","56.3","1014.2","-","-"
"2021/01/02","19:00","7.39","255","9.72","57.9","1014.3","-","-"
"2021/01/02","20:00","6.03","274","8.75","59.2","1015","-","-"
"2021/01/02","21:00","3.89","234","5.05","58.6","1016","-","-"
"2021/01/02","22:00","0.97","148","4.86","49.8","1016.8","-","-"
"2021/01/02","23:00","2.14","55","2.72","50","1017","-","-"
"2021/01/03","00:00","2.33","136","2.72","49.1","1017.5","-","-"
"2021/01/03","01:00","3.3","128","3.89","49.3","1018.1","-","-"
"2021/01/03","02:00","5.05","130","5.44","48","1018.5","-","-"
"2021/01/03","03:00","4.47","86","6.41","48.6","1018","-","-"
"2021/01/03","04:00","4.28","116","4.67","48.7","1018.3","-","-"
"2021/01/03","05:00","7.78","47","8.16","47.3","1016.8","-","-"
"2021/01/03","06:00","7.78","104","9.14","48","1016.9","-","-"
"2021/01/03","07:00","7.39","69","9.33","47.8","1017.6","-","-"
"2021/01/03","08:00","15.55","68","17.11","46.4","1015.3","-","-"
"2021/01/03","09:00","16.91","79","18.66","45.3","1013.8","-","-"
"2021/01/03","10:00","7.58","88","8.75","46.2","1013.4","-","-"
"2021/01/03","11:00","14","2","15.75","46","1014.3","-","-"
"2021/01/03","12:00","14.38","32","16.72","45.9","1013.7","-","-"
"2021/01/03","13:00","10.5","17","17.49","45.5","1013.7","-","-"
"2021/01/03","14:00","14.19","49","15.94","44.8","1012.8","-","-"
"2021/01/03","15:00","9.33","28","11.27","45.3","1012.3","-","-"
"2021/01/03","16:00","5.25","354","6.03","45.9","1011.9","-","-"
"2021/01/03","17:00","8.55","312","10.11","46","1010.8","-","-"
"2021/01/03","18:00","9.52","307","11.27","45.7","1010.4","-","-"
"2021/01/03","19:00","10.89","316","12.83","45.7","1010.3","-","-"
"2021/01/03","20:00","13.61","318","15.16","45.5","1010.3","-","-"
"2021/01/03","21:00","13.02","307","14.77","45.5","1010.9","-","-"
"2021/01/03","22:00","17.88","315","19.83","44.6","1011.5","-","-"
"2021/01/03","23:00","15.36","312","17.11","44.6","1011.8","-","-"
"2021/01/04","00:00","14.19","318","16.33","43.7","1012.7","-","-"
"2021/01/04","01:00","14.77","312","16.72","43","1013.2","-","-"
"2021/01/04","02:00","10.89","289","13.41","43.2","1013.5","-","-"
"2021/01/04","03:00","10.5","304","13.8","43.7","1013.9","-","-"
"2021/01/04","04:00","13.22","317","14.77","44.1","1014.1","-","-"
"2021/01/04","05:00","14.19","320","19.05","44.2","1014.1","-","-"
"2021/01/04","06:00","12.83","323","14","43.3","1013.9","-","-"
"2021/01/04","07:00","10.69","320","12.63","42.3","1014.2","-","-"
"2021/01/04","08:00","9.91","333","12.63","41.2","1014.7","-","-"
"2021/01/04","09:00","9.72","335","12.05","40.3","1014.2","-","-"
"2021/01/04","10:00","9.52","330","11.47","39.7","1014.5","-","-"
"2021/01/04","11:00","10.11","325","11.47","39.7","1015.3","-","-"
"2021/01/04","12:00","11.86","318","13.61","39.9","1016","-","-"
"2021/01/04","13:00","13.8","313","15.75","39.6","1016.7","-","-"
"2021/01/04","14:00","9.33","325","12.05","40.5","1017.5","-","-"
"2021/01/04","15:00","10.69","337","13.41","42.3","1017.3","-","-"
"2021/01/04","16:00","13.61","345","16.72","43.5","1017","-","-"
"2021/01/04","17:00","9.91","345","13.02","-","-","-","-"
"2021/01/04","18:00","10.3","1","12.83","-","-","-","-"
"2021/01/04","19:00","9.52","2","11.27","47.1","1014.5","-","-"
"2021/01/04","20:00","7.39","7","11.08","47.1","1014.5","-","-"
"2021/01/04","21:00","4.86","340","6.22","47.1","1014.7","-","-"
"2021/01/04","22:00","4.28","120","5.64","45.1","1015","-","-"
"2021/01/04","23:00","4.28","189","4.67","44.6","1015.3","-","-"
"2021/01/05","00:00","2.33","216","2.72","44.2","1015.5","-","-"
"2021/01/05","01:00","2.14","213","2.72","43.7","1015.3","-","-"
"2021/01/05","02:00","6.22","323","7","44.6","1015","-","-"
"2021/01/05","03:00","5.44","310","7.58","44.1","1014.7","-","-"
"2021/01/05","04:00","2.14","275","2.92","43.3","1014.4","-","-"
"2021/01/05","05:00","3.5","281","4.86","42.8","1014.1","-","-"
"2021/01/05","06:00","2.14","16","3.3","43.3","1013.5","-","-"
"2021/01/05","07:00","2.33","256","2.92","41.9","1013.6","-","-"
"2021/01/05","08:00","5.25","230","6.22","41.2","1013.6","-","-"
"2021/01/05","09:00","4.67","254","6.22","41.7","1013.2","-","-"
"2021/01/05","10:00","5.25","241","6.61","41.5","1013.3","-","-"
"2021/01/05","11:00","3.5","263","4.08","41.4","1013.6","-","-"
"2021/01/05","12:00","1.56","261","2.33","41.2","1013.5","-","-"
"2021/01/05","13:00","1.17","321","2.14","41.9","1013.3","-","-"
"2021/01/05","14:00","1.75","353","2.33","42.8","1013.4","-","-"
"2021/01/05","15:00","1.75","184","2.14","42.6","1013.5","-","-"
"2021/01/05","16:00","3.11","22","3.3","43","1013","-","-"
"2021/01/05","17:00","4.28","338","5.25","43.9","1012.1","-","-"
"2021/01/05","18:00","5.64","313","6.61","44.1","1011.4","-","-"
"2021/01/05","19:00","8.16","325","8.75","45","1011.3","-","-"
"2021/01/05","20:00","5.83","43","7","44.6","1011.6","-","-"
"2021/01/05","21:00","5.83","68","6.8","43.7","1012.3","-","-"
"2021/01/05","22:00","5.83","43","7.19","44.1","1013","-","-"
"2021/01/05","23:00","9.14","353","10.5","43","1013.8","-","-"
"2021/01/06","00:00","7.97","346","10.11","42.3","1014.5","-","-"
"2021/01/06","01:00","9.72","331","11.27","41.7","1014.8","-","-"
"2021/01/06","02:00","11.27","336","14.38","41.4","1015","-","-"
"2021/01/06","03:00","11.86","340","15.55","40.8","1015.3","-","-"
"2021/01/06","04:00","12.63","322","16.91","40.6","1015.9","-","-"
"2021/01/06","05:00","12.83","319","14.58","40.6","1015.9","-","-"
"2021/01/06","06:00","13.22","326","16.52","41","1016.2","-","-"
"2021/01/06","07:00","13.8","319","16.72","41.2","1016.9","-","-"
"2021/01/06","08:00","14.19","332","17.88","41.2","1016.9","-","-"
"2021/01/06","09:00","13.02","337","15.94","40.8","1016.8","-","-"
"2021/01/06","10:00","10.3","326","14","40.8","1017.2","-","-"
"2021/01/06","11:00","12.63","322","15.55","40.8","1017.9","-","-"
"2021/01/06","12:00","12.83","326","15.55","41","1018.7","-","-"
"2021/01/06","13:00","13.41","322","18.47","41.4","1019.2","-","-"
"2021/01/06","14:00","17.11","326","21.38","41.4","1019.9","-","-"
"2021/01/06","15:00","15.55","319","19.63","41.7","1020.4","-","-"
"2021/01/06","16:00","14.77","324","19.05","41.7","1020.2","-","-"
"2021/01/06","17:00","16.52","326","19.83","41.9","1019.3","-","-"
"2021/01/06","18:00","16.52","324","20.41","42.4","1019.1","-","-"
"2021/01/06","19:00","15.16","328","21.19","42.6","1018.9","-","-"
"2021/01/06","20:00","17.11","344","20.8","42.8","1019.2","-","-"
"2021/01/06","21:00","15.75","317","19.24","43.2","1019.7","-","-"
"2021/01/06","22:00","11.47","337","15.36","43.3","1020.4","-","-"
"2021/01/06","23:00","10.11","338","12.25","42.3","1020.9","-","-"
"2021/01/07","00:00","7.78","330","9.14","41.2","1021.1","-","-"
"2021/01/07","01:00","8.75","325","11.08","40.8","1021.4","-","-"
"2021/01/07","02:00","9.33","328","11.86","40.3","1021.5","-","-"
"2021/01/07","03:00","9.14","332","12.05","39.2","1021.5","-","-"
"2021/01/07","04:00","10.69","325","13.22","39","1021.4","-","-"
"2021/01/07","05:00","11.66","319","13.61","39.4","1021.3","-","-"
"2021/01/07","06:00","9.91","305","13.22","39.9","1021.6","-","-"
"2021/01/07","07:00","7.97","288","9.33","38.3","1021.5","-","-"
"2021/01/07","08:00","6.8","292","10.11","38.1","1021.1","-","-"
"2021/01/07","09:00","12.83","326","14.77","39","1021.2","-","-"
"2021/01/07","10:00","12.44","321","15.75","38.3","1021.6","-","-"
"2021/01/07","11:00","13.41","326","17.3","37.4","1022.1","-","-"
"2021/01/07","12:00","12.05","328","13.8","36.9","1022.5","-","-"
"2021/01/07","13:00","12.05","321","13.61","36.9","1023.2","-","-"
"2021/01/07","14:00","9.91","331","11.86","37.4","1023.9","-","-"
"2021/01/07","15:00","8.55","339","12.05","38.5","1023.6","-","-"
"2021/01/07","16:00","9.33","340","14.38","39.4","1022.9","-","-"
"2021/01/07","17:00","7.58","298","9.14","39.6","1021.9","-","-"
"2021/01/07","18:00","8.36","314","10.5","40.8","1021.2","-","-"
"2021/01/07","19:00","9.91","311","11.47","42.3","1020.5","-","-"
"2021/01/07","20:00","8.36","317","10.11","43.3","1020.3","-","-"
"2021/01/07","21:00","6.22","323","7.39","44.4","1020.4","-","-"
"2021/01/07","22:00","6.8","313","7.19","43.7","1020.6","-","-"
"2021/01/07","23:00","4.67","246","5.05","40.8","1021.4","-","-"
"2021/01/08","00:00","1.17","337","1.75","38.3","1020.8","-","-"
"2021/01/08","01:00","4.86","223","5.83","37.2","1021","-","-"
"2021/01/08","02:00","0.58","82","1.17","37.6","1020.6","-","-"
"2021/01/08","03:00","3.5","215","4.47","36.3","1020.7","-","-"
"2021/01/08","04:00","3.11","225","3.5","36.3","1020.6","-","-"
"2021/01/08","05:00","2.72","236","3.11","37.6","1019.8","-","-"
"2021/01/08","06:00","7.78","6","8.36","39","1018.1","-","-"
"2021/01/08","07:00","3.69","34","4.86","39.2","1018.1","-","-"
"2021/01/08","08:00","6.22","18","6.8","38.8","1017.7","-","-"
"2021/01/08","09:00","1.36","270","2.72","38.7","1018.2","-","-"
"2021/01/08","10:00","8.94","6","9.72","38.1","1016.8","-","-"
"2021/01/08","11:00","4.47","254","5.25","38.3","1017.9","-","-"
"2021/01/08","12:00","6.03","346","6.41","38.7","1017.3","-","-"
"2021/01/08","13:00","2.33","102","2.92","38.1","1017.8","-","-"
"2021/01/08","14:00","8.94","34","10.5","38.8","1016.3","-","-"
"2021/01/08","15:00","7.78","42","9.72","39.9","1016.5","-","-"
"2021/01/08","16:00","7.78","58","8.55","40.6","1015.4","-","-"
"2021/01/08","17:00","10.11","20","12.05","39.9","1014.4","-","-"
"2021/01/08","18:00","11.66","23","14.77","40.6","1012.5","-","-"
"2021/01/08","19:00","11.27","31","14.38","40.8","1011.9","-","-"
"2021/01/08","20:00","10.5","29","13.02","40.8","1011.4","-","-"
"2021/01/08","21:00","10.69","34","12.44","40.1","1011.3","-","-"
"2021/01/08","22:00","8.75","30","11.47","39.2","1011.1","-","-"
"2021/01/08","23:00","7","5","12.44","39.2","1010.9","-","-"
"2021/01/09","00:00","10.3","1","14","38.5","1010.7","-","-"
"2021/01/09","01:00","7.78","356","13.41","37.9","1010.7","-","-"
"2021/01/09","02:00","11.27","345","14","37.2","1010.2","-","-"
"2021/01/09","03:00","11.66","347","16.72","36.5","1010.2","-","-"
"2021/01/09","04:00","9.72","334","11.47","35.6","1009.8","-","-"
"2021/01/09","05:00","8.55","330","10.89","35.4","1009.2","-","-"
"2021/01/09","06:00","12.63","322","15.75","34.9","1008.9","-","-"
"2021/01/09","07:00","15.55","317","17.88","34.5","1009.1","-","-"
"2021/01/09","08:00","15.36","321","17.49","34.5","1009.4","-","-"
"2021/01/09","09:00","14.19","328","18.08","34","1009.5","-","-"
"2021/01/09","10:00","14.38","323","19.24","33.8","1010.1","-","-"
"2021/01/09","11:00","13.41","333","15.94","33.3","1010.5","-","-"
"2021/01/09","12:00","9.52","334","12.25","33.1","1011.9","-","-"
"2021/01/09","13:00","14","320","15.16","33.3","1012.9","-","-"
"2021/01/09","14:00","15.55","333","19.24","34.2","1014","-","-"
"2021/01/09","15:00","12.83","331","16.13","36","1014.7","-","-"
"2021/01/09","16:00","11.27","320","14.58","37.6","1014.4","-","-"
"2021/01/09","17:00","18.27","310","20.22","38.1","1013.6","-","-"
"2021/01/09","18:00","15.75","317","18.86","40.1","1013.5","-","-"
"2021/01/09","19:00","16.52","326","19.63","41.7","1013.5","-","-"
"2021/01/09","20:00","17.11","316","19.05","42.4","1013.8","-","-"
"2021/01/09","21:00","15.75","314","19.44","43.3","1014.2","-","-"
"2021/01/09","22:00","15.16","328","20.22","43.7","1015.3","-","-"
"2021/01/09","23:00","10.5","330","12.63","43","1015.9","-","-"
"2021/01/10","00:00","6.8","287","9.33","41.5","1016.6","-","-"
"2021/01/10","01:00","13.8","320","18.08","42.4","1017.3","-","-"
"2021/01/10","02:00","13.8","320","15.55","41.7","1017.4","-","-"
"2021/01/10","03:00","13.61","322","17.3","41.4","1018.1","-","-"
"2021/01/10","04:00","14.77","321","20.02","41.4","1018.5","-","-"
"2021/01/10","05:00","15.75","320","19.05","41","1019.1","-","-"
"2021/01/10","06:00","14.58","314","16.13","39.6","1019","-","-"
"2021/01/10","07:00","13.8","321","16.52","39.4","1019.6","-","-"
"2021/01/10","08:00","12.63","327","15.75","39.2","1020.3","-","-"
"2021/01/10","09:00","12.44","321","14.77","39","1020.8","-","-"
"2021/01/10","10:00","11.27","330","14.77","38.1","1020.9","-","-"
"2021/01/10","11:00","11.86","315","14","38.8","1022.1","-","-"
"2021/01/10","12:00","8.36","304","11.08","37.8","1022.9","-","-"
"2021/01/10","13:00","11.66","324","14","38.5","1023.7","-","-"
"2021/01/10","14:00","10.69","324","13.22","38.5","1024.7","-","-"
"2021/01/10","15:00","12.63","349","15.55","40.6","1025.1","-","-"
"2021/01/10","16:00","11.08","15","14.58","41.9","1025.2","-","-"
"2021/01/10","17:00","7.39","300","8.36","42.1","1024.6","-","-"
"2021/01/10","18:00","8.16","313","8.75","43.2","1024","-","-"
"2021/01/10","19:00","6.8","304","8.16","44.6","1023.4","-","-"
"2021/01/10","20:00","7.78","302","8.75","45.3","1024","-","-"
"2021/01/10","21:00","6.22","307","7.58","45.9","1024.5","-","-"
"2021/01/10","22:00","6.22","110","7.39","42.4","1024.9","-","-"
"2021/01/10","23:00","3.11","120","3.69","41.2","1025.6","-","-"
"2021/01/11","00:00","3.3","172","3.89","39.6","1026.3","-","-"
"2021/01/11","01:00","1.75","167","2.53","38.8","1026.4","-","-"
"2021/01/11","02:00","2.72","154","2.92","37.8","1026.5","-","-"
"2021/01/11","03:00","1.94","201","1.94","36.5","1026.9","-","-"
"2021/01/11","04:00","0.78","169","0.97","35.6","1027.1","-","-"
"2021/01/11","05:00","0.19","65","0.78","34.7","1027","-","-"
"2021/01/11","06:00","1.17","157","1.56","34.5","1026.9","-","-"
"2021/01/11","07:00","0.39","115","0.78","33.6","1027.2","-","-"
"2021/01/11","08:00","1.56","213","2.72","33.6","1027","-","-"
"2021/01/11","09:00","6.8","212","8.16","36.3","1027","-","-"
"2021/01/11","10:00","2.14","166","2.72","36","1026.4","-","-"
"2021/01/11","11:00","1.94","249","2.33","35.6","1026.5","-","-"
"2021/01/11","12:00","4.28","214","5.05","34.9","1027","-","-"
"2021/01/11","13:00","3.11","198","5.25","36.1","1026.8","-","-"
"2021/01/11","14:00","4.86","210","6.41","37.9","1027.7","-","-"
"2021/01/11","15:00","6.8","221","8.55","40.5","1028","-","-"
"2021/01/11","16:00","2.92","230","5.44","42.3","1027.1","-","-"
"2021/01/11","17:00","5.25","220","6.22","43.9","1026","-","-"
"2021/01/11","18:00","6.03","214","7.58","45","1025.4","-","-"
"2021/01/11","19:00","5.25","236","6.41","46.4","1025","-","-"
"2021/01/11","20:00","4.28","213","9.33","46","1024.7","-","-"
"2021/01/11","21:00","2.53","214","3.89","46","1024.3","-","-"
"2021/01/11","22:00","4.08","217","5.05","45.5","1024.2","-","-"
"2021/01/11","23:00","3.69","205","6.03","45","1023.2","-","-"
"2021/01/12","00:00","8.36","198","11.66","45","1024.3","-","-"
"2021/01/12","01:00","4.67","211","6.41","45","1024.1","-","-"
"2021/01/12","02:00","3.3","193","5.44","44.4","1023.9","-","-"
"2021/01/12","03:00","4.67","213","5.64","44.1","1023.7","-","-"
"2021/01/12","04:00","7.19","214","7.97","43.7","1023.7","-","-"
"2021/01/12","05:00","4.47","221","6.41","43.3","1023.5","-","-"
"2021/01/12","06:00","3.3","247","6.61","43","1023","-","-"
"2021/01/12","07:00","3.3","230","4.08","42.4","1022.1","-","-"
"2021/01/12","08:00","6.41","251","8.36","42.4","1021.8","-","-"
"2021/01/12","09:00","1.56","288","2.72","42.6","1021.4","-","-"
"2021/01/12","10:00","2.33","257","2.92","42.1","1021","-","-"
"2021/01/12","11:00","1.17","190","2.14","41.7","1021.2","-","-"
"2021/01/12","12:00","2.33","210","2.92","40.1","1021.4","-","-"
"2021/01/12","13:00","0.97","279","1.56","39.6","1021.6","-","-"
"2021/01/12","14:00","1.75","328","2.33","40.6","1021.7","-","-"
"2021/01/12","15:00","2.53","328","3.3","42.1","1022.3","-","-"
"2021/01/12","16:00","2.53","142","3.3","44.6","1021.8","-","-"
"2021/01/12","17:00","4.67","60","6.41","43.9","1020.6","-","-"
"2021/01/12","18:00","7.78","76","8.94","44.6","1019.6","-","-"
"2021/01/12","19:00","8.16","90","9.72","44.2","1019.2","-","-"
"2021/01/12","20:00","8.16","92","10.3","44.1","1019.2","-","-"
"2021/01/12","21:00","7.97","99","9.14","43.9","1019.3","-","-"
"2021/01/12","22:00","6.41","84","7.39","43.3","1019.3","-","-"
"2021/01/12","23:00","3.89","86","4.47","43","1019.6","-","-"
"2021/01/13","00:00","0","241","0.58","40.6","1019.9","-","-"
"2021/01/13","01:00","1.56","222","2.72","37.4","1020.4","-","-"
"2021/01/13","02:00","1.56","184","1.75","37.4","1020.6","-","-"
"2021/01/13","03:00","0.19","165","0.78","36","1020.4","-","-"
"2021/01/13","04:00","0.78","230","1.56","36.1","1020","-","-"
"2021/01/13","05:00","0.19","159","1.94","35.6","1019.5","-","-"
"2021/01/13","06:00","1.36","184","2.33","36.3","1019.3","-","-"
"2021/01/13","07:00","0.97","171","1.36","36.3","1019.4","-","-"
"2021/01/13","08:00","1.17","190","2.14","35.8","1019.2","-","-"
"2021/01/13","09:00","0","143","1.36","35.6","1018.9","-","-"
"2021/01/13","10:00","0.97","201","2.14","36.3","1019.3","-","-"
"2021/01/13","11:00","0","160","0.58","36.1","1019.5","-","-"
"2021/01/13","12:00","0.78","209","1.36","36.1","1019.4","-","-"
"2021/01/13","13:00","3.69","199","4.67","35.6","1019.6","-","-"
"2021/01/13","14:00","4.08","221","4.86","34.2","1020","-","-"
"2021/01/13","15:00","0.97","282","1.94","35.4","1020.1","-","-"
"2021/01/13","16:00","0.78","33","1.56","41.7","1019.3","-","-"
"2021/01/13","17:00","3.69","30","4.28","41.9","1017.5","-","-"
"2021/01/13","18:00","9.91","213","12.63","48.9","1016","-","-"
"2021/01/13","19:00","8.16","213","12.63","50.4","1015.5","-","-"
"2021/01/13","20:00","6.22","193","7.78","52.3","1014.8","-","-"
"2021/01/13","21:00","6.03","249","7.97","52.9","1014.4","-","-"
"2021/01/13","22:00","2.14","205","3.3","51.4","1014.1","-","-"
"2021/01/13","23:00","3.5","194","3.89","46.9","1014.2","-","-"
"2021/01/14","00:00","3.11","207","3.69","43.3","1014.5","-","-"
"2021/01/14","01:00","5.05","206","6.03","45.9","1014.1","-","-"
"2021/01/14","02:00","5.05","205","7","45.5","1014.2","-","-"
"2021/01/14","03:00","3.5","195","4.08","44.1","1013.3","-","-"
"2021/01/14","04:00","6.22","210","7","43.3","1012.9","-","-"
"2021/01/14","05:00","4.86","208","7.19","43","1012.1","-","-"
"2021/01/14","06:00","4.08","211","7","43.5","1011.5","-","-"
"2021/01/14","07:00","3.3","237","4.47","43.2","1011.7","-","-"
"2021/01/14","08:00","6.41","207","7.97","43.2","1011.3","-","-"
"2021/01/14","09:00","6.22","172","7","43.2","1010.3","-","-"
"2021/01/14","10:00","7.58","184","9.14","42.8","1010.6","-","-"
"2021/01/14","11:00","7.39","211","8.36","41.7","1010.3","-","-"
"2021/01/14","12:00","6.61","223","9.52","41.9","1010.2","-","-"
"2021/01/14","13:00","5.44","243","7.78","40.8","1010.4","-","-"
"2021/01/14","14:00","5.25","271","7.78","43.2","1011","-","-"
"2021/01/14","15:00","5.44","299","6.8","45.1","1011.4","-","-"
"2021/01/14","16:00","6.03","315","7.58","44.2","1011.1","-","-"
"2021/01/14","17:00","10.11","324","11.66","44.8","1010.2","-","-"
"2021/01/14","18:00","4.67","304","5.83","45.5","1009.4","-","-"
"2021/01/14","19:00","3.69","296","4.47","48","1009.2","-","-"
"2021/01/14","20:00","1.75","65","1.75","51.3","1008.9","-","-"
"2021/01/14","21:00","0.78","78","1.17","55.4","1009.1","-","-"
"2021/01/14","22:00","5.83","108","7","46.9","1009.5","-","-"
"2021/01/14","23:00","3.89","128","4.47","45.3","1009.5","-","-"
"2021/01/15","00:00","1.94","133","3.11","43.9","1010.1","-","-"
"2021/01/15","01:00","2.14","149","2.92","41.4","1010.1","-","-"
"2021/01/15","02:00","1.94","157","2.33","41.4","1010.4","-","-"
"2021/01/15","03:00","3.11","162","3.5","41.5","1011","-","-"
"2021/01/15","04:00","2.92","159","3.3","39.9","1010.9","-","-"
"2021/01/15","05:00","1.36","182","1.94","39.7","1011.5","-","-"
"2021/01/15","06:00","0.39","68","1.17","40.3","1011.6","-","-"
"2021/01/15","07:00","0.58","144","0.97","39.6","1011.7","-","-"
"2021/01/15","08:00","1.56","93","2.53","39.4","1011.6","-","-"
"2021/01/15","09:00","1.75","199","2.14","38.7","1011.8","-","-"
"2021/01/15","10:00","1.36","175","1.75","36.7","1011.7","-","-"
"2021/01/15","11:00","3.3","157","4.28","37.6","1010.8","-","-"
"2021/01/15","12:00","5.05","168","6.22","39.9","1011","-","-"
"2021/01/15","13:00","4.28","172","5.64","40.3","1011.3","-","-"
"2021/01/15","14:00","5.83","163","7","43.7","1011.6","-","-"
"2021/01/15","15:00","6.8","154","8.16","47.3","1011.6","-","-"
"2021/01/15","16:00","7.39","158","11.86","50","1010.9","-","-"
"2021/01/15","17:00","11.27","154","13.41","52.2","1009","-","-"
"2021/01/15","18:00","15.16","175","20.02","53.1","1008","-","-"
"2021/01/15","19:00","10.89","173","16.52","54","1007.4","-","-"
"2021/01/15","20:00","7.19","165","13.02","54.1","1007","-","-"
"2021/01/15","21:00","4.28","180","7.78","54.1","1006.9","-","-"
"2021/01/15","22:00","5.05","99","5.64","52.2","1006.7","-","-"
"2021/01/15","23:00","3.5","119","4.28","49.6","1006.8","-","-"
"2021/01/16","00:00","0.58","61","1.94","46.8","1006.9","-","-"
"2021/01/16","01:00","4.08","44","4.28","45.9","1006.3","-","-"
"2021/01/16","02:00","1.17","88","1.56","45.3","1005.5","-","-"
"2021/01/16","03:00","1.36","330","2.92","45.3","1005.1","-","-"
"2021/01/16","04:00","2.53","4","2.72","45.1","1004.7","-","-"
"2021/01/16","05:00","5.44","245","6.8","46.8","1004.3","-","-"
"2021/01/16","06:00","3.69","256","5.44","46","1002.9","-","-"
"2021/01/16","07:00","5.44","149","6.03","45.3","1002.4","-","-"
"2021/01/16","08:00","4.47","264","5.05","44.6","1001.8","-","-"
"2021/01/16","09:00","6.22","246","8.16","44.6","1001.7","-","-"
"2021/01/16","10:00","6.03","271","7.97","44.8","1001.6","-","-"
"2021/01/16","11:00","9.52","268","13.61","44.4","1002","-","-"
"2021/01/16","12:00","7.78","249","9.72","42.6","1002.2","-","-"
"2021/01/16","13:00","6.61","256","7.78","41.7","1002","-","-"
"2021/01/16","14:00","5.64","264","8.55","42.3","1002.2","-","-"
"2021/01/16","15:00","5.05","312","6.03","42.8","1002","-","-"
"2021/01/16","16:00","2.33","21","3.5","44.8","1001.2","-","-"
"2021/01/16","17:00","10.11","208","12.44","45","1000.2","-","-"
"2021/01/16","18:00","8.75","218","10.11","44.2","999","-","-"
"2021/01/16","19:00","7.19","256","10.5","41.5","998.9","-","-"
"2021/01/16","20:00","9.91","254","15.36","41.7","999","-","-"
"2021/01/16","21:00","9.91","253","15.36","40.3","1000","-","-"
"2021/01/16","22:00","11.47","282","14.97","39","1001.6","-","-"
"2021/01/16","23:00","16.52","264","25.85","39.6","1002.9","-","-"
"2021/01/17","00:00","10.5","263","12.25","38.7","1003.7","-","-"
"2021/01/17","01:00","14.19","274","18.27","39","1004.4","-","-"
"2021/01/17","02:00","7.78","258","9.72","37.9","1005.4","-","-"
"2021/01/17","03:00","10.3","233","14","37.6","1005.7","-","-"
"2021/01/17","04:00","10.3","239","13.41","36.9","1006.3","-","-"
"2021/01/17","05:00","15.55","253","18.47","37.2","1007","-","-"
"2021/01/17","06:00","12.05","249","15.55","37.2","1007.6","-","-"
"2021/01/17","07:00","11.47","256","17.3","36.7","1008.5","-","-"
"2021/01/17","08:00","8.94","247","11.27","36.1","1008.9","-","-"
"2021/01/17","09:00","7.58","235","11.86","36","1008.9","-","-"
"2021/01/17","10:00","9.33","240","12.83","35.8","1009","-","-"
"2021/01/17","11:00","5.64","248","12.83","36","1009.4","-","-"
"2021/01/17","12:00","6.41","221","8.55","35.6","1009.9","-","-"
"2021/01/17","13:00","4.86","232","7.19","36","1010.6","-","-"
"2021/01/17","14:00","10.11","255","14.19","37.9","1011.2","-","-"
"2021/01/17","15:00","8.16","271","14","41.5","1011.3","-","-"
"2021/01/17","16:00","10.69","247","16.13","44.6","1010.7","-","-"
"2021/01/17","17:00","11.47","246","13.61","45.9","1010","-","-"
"2021/01/17","18:00","14.97","251","18.27","46.8","1009.1","-","-"
"2021/01/17","19:00","12.44","262","17.49","47.5","1009.1","-","-"
"2021/01/17","20:00","9.14","248","13.22","48.7","1008.7","-","-"
"2021/01/17","21:00","10.89","216","15.94","48.7","1009","-","-"
"2021/01/17","22:00","5.25","228","8.75","48","1009.2","-","-"
"2021/01/17","23:00","5.64","237","7","46.4","1010","-","-"
"2021/01/18","00:00","6.61","213","7.97","44.4","1010.2","-","-"
"2021/01/18","01:00","5.83","224","7","43.5","1010.2","-","-"
"2021/01/18","02:00","5.64","231","7.58","43.5","1010.4","-","-"
"2021/01/18","03:00","4.86","214","6.22","43.2","1010.3","-","-"
"2021/01/18","04:00","8.75","207","11.27","43.3","1009.8","-","-"
"2021/01/18","05:00","8.55","232","11.86","42.6","1009.7","-","-"
"2021/01/18","06:00","10.3","235","13.02","42.1","1009.9","-","-"
"2021/01/18","07:00","9.52","235","12.63","42.3","1009.9","-","-"
"2021/01/18","08:00","8.94","225","12.05","41.4","1009.8","-","-"
"2021/01/18","09:00","8.75","217","10.5","39.7","1009.5","-","-"
"2021/01/18","10:00","9.91","225","13.02","39.4","1009.6","-","-"
"2021/01/18","11:00","9.91","225","13.8","39","1009.8","-","-"
"2021/01/18","12:00","11.08","220","13.41","38.8","1010.1","-","-"
"2021/01/18","13:00","8.94","221","10.5","38.7","1010.4","-","-"
"2021/01/18","14:00","10.3","240","16.91","40.6","1011.3","-","-"
"2021/01/18","15:00","9.91","246","12.25","41.7","1011.8","-","-"
"2021/01/18","16:00","10.3","270","15.55","44.1","1011.4","-","-"
"2021/01/18","17:00","19.05","257","28.57","46.2","1010.4","-","-"
"2021/01/18","18:00","16.52","288","20.6","46.9","1010.3","-","-"
"2021/01/18","19:00","17.3","275","27.41","46.9","1010.6","-","-"
"2021/01/18","20:00","19.83","281","22.94","45.9","1011.6","-","-"
"2021/01/18","21:00","13.8","286","20.8","45.1","1013","-","-"
"2021/01/18","22:00","11.86","263","14.58","44.8","1014.1","-","-"
"2021/01/18","23:00","13.8","264","16.52","43.5","1015.4","-","-"
"2021/01/19","00:00","10.69","270","15.55","43.2","1016.8","-","-"
"2021/01/19","01:00","6.8","255","8.75","42.4","1017.6","-","-"
"2021/01/19","02:00","7.78","257","9.91","42.4","1018.4","-","-"
"2021/01/19","03:00","7.78","256","10.11","41.2","1019.2","-","-"
"2021/01/19","04:00","6.8","312","7.78","40.8","1019.8","-","-"
"2021/01/19","05:00","3.69","244","4.47","38.3","1019.5","-","-"
"2021/01/19","06:00","7.19","217","8.16","36.1","1019.8","-","-"
"2021/01/19","07:00","8.94","248","11.47","37.2","1020.6","-","-"
"2021/01/19","08:00","6.22","238","8.75","36","1021.1","-","-"
"2021/01/19","09:00","5.05","270","8.94","36.9","1021.8","-","-"
"2021/01/19","10:00","2.14","302","3.89","36.5","1022.4","-","-"
"2021/01/19","11:00","5.44","229","6.61","34.7","1023","-","-"
"2021/01/19","12:00","8.55","219","10.5","34.3","1023","-","-"
"2021/01/19","13:00","9.72","223","13.61","35.4","1023.8","-","-"
"2021/01/19","14:00","8.75","223","10.89","38.8","1024","-","-"
"2021/01/19","15:00","10.3","242","13.22","42.4","1024.3","-","-"
"2021/01/19","16:00","9.91","243","13.61","45.1","1023.5","-","-"
"2021/01/19","17:00","10.3","236","16.33","48.4","1022.2","-","-"
"2021/01/19","18:00","11.08","267","20.6","50.9","1020.9","-","-"
"2021/01/19","19:00","16.33","268","24.69","52.5","1020","-","-"
"2021/01/19","20:00","15.16","266","19.24","54","1020","-","-"
"2021/01/19","21:00","10.5","262","15.94","54.9","1020.3","-","-"
"2021/01/19","22:00","7.58","263","11.47","54.3","1021.1","-","-"
"2021/01/19","23:00","3.11","269","4.08","52","1021.6","-","-"
"2021/01/20","00:00","6.41","229","8.55","49.8","1022.2","-","-"
"2021/01/20","01:00","6.22","224","7.58","50.4","1021.9","-","-"
"2021/01/20","02:00","1.17","258","2.72","45.1","1021.7","-","-"
"2021/01/20","03:00","7","220","7.58","46.4","1021","-","-"
"2021/01/20","04:00","7.39","217","8.36","45.7","1020.3","-","-"
"2021/01/20","05:00","7.97","211","9.14","45","1019","-","-"
"2021/01/20","06:00","5.83","219","9.52","44.8","1017.7","-","-"
"2021/01/20","07:00","7.78","218","10.5","44.1","1016.8","-","-"
"2021/01/20","08:00","8.94","227","11.08","43","1015.7","-","-"
"2021/01/20","09:00","12.63","234","18.08","43.3","1014.3","-","-"
"2021/01/20","10:00","10.69","239","12.83","43","1013.9","-","-"
"2021/01/20","11:00","12.63","250","18.08","43.2","1014.5","-","-"
"2021/01/20","12:00","17.11","271","25.27","44.2","1015.1","-","-"
"2021/01/20","13:00","17.11","282","21.77","43.9","1016","-","-"
"2021/01/20","14:00","14.77","290","20.41","45","1016.9","-","-"
"2021/01/20","15:00","15.94","299","22.74","45.9","1017.7","-","-"
"2021/01/20","16:00","20.02","321","25.85","45.9","1018.2","-","-"
"2021/01/20","17:00","16.33","298","19.83","46.2","1017.1","-","-"
"2021/01/20","18:00","16.52","317","21.19","45.5","1017.1","-","-"
"2021/01/20","19:00","16.72","322","20.99","46.6","1016.7","-","-"
"2021/01/20","20:00","9.33","315","16.33","46.4","1017.3","-","-"
"2021/01/20","21:00","10.69","310","13.8","47.5","1017.9","-","-"
"2021/01/20","22:00","11.08","326","12.83","47.3","1018.6","-","-"
"2021/01/20","23:00","6.41","324","7.39","46","1019.5","-","-"
"2021/01/21","00:00","7.39","8","9.52","43","1019.4","-","-"
"2021/01/21","01:00","6.22","24","9.14","41.5","1019.3","-","-"
"2021/01/21","02:00","1.56","43","2.53","39.9","1019.4","-","-"
"2021/01/21","03:00","0.78","264","0.97","37.2","1019.6","-","-"
"2021/01/21","04:00","1.94","204","2.33","35.1","1019.9","-","-"
"2021/01/21","05:00","1.56","236","2.33","34","1018.7","-","-"
"2021/01/21","06:00","2.14","144","2.53","34","1017.6","-","-"
"2021/01/21","07:00","1.17","269","1.94","34.3","1017.7","-","-"
"2021/01/21","08:00","2.14","188","2.72","33.6","1016.4","-","-"
"2021/01/21","09:00","1.17","137","1.75","34.3","1016.2","-","-"
"2021/01/21","10:00","2.33","171","3.11","34","1015","-","-"
"2021/01/21","11:00","4.67","216","6.22","35.6","1014.5","-","-"
"2021/01/21","12:00","6.41","210","8.16","36","1013.5","-","-"
"2021/01/21","13:00","6.61","229","8.36","38.1","1013.4","-","-"
"2021/01/21","14:00","8.16","203","9.52","40.3","1012.6","-","-"
"2021/01/21","15:00","8.75","211","11.66","41.5","1012.2","-","-"
"2021/01/21","16:00","8.94","219","13.8","43.2","1010.8","-","-"
"2021/01/21","17:00","9.33","227","14.19","44.8","1009.1","-","-"
"2021/01/21","18:00","9.91","241","15.94","48","1007.3","-","-"
"2021/01/21","19:00","11.27","270","17.49","50.4","1006.1","-","-"
"2021/01/21","20:00","9.33","235","16.13","53.1","1005.5","-","-"
"2021/01/21","21:00","9.91","256","14.19","54","1005.1","-","-"
"2021/01/21","22:00","4.86","256","7.58","53.6","1005.2","-","-"
"2021/01/21","23:00","5.83","228","7.78","50.7","1005.7","-","-"
"2021/01/22","00:00","7","249","10.11","50.5","1006","-","-"
"2021/01/22","01:00","7.97","245","9.91","49.3","1006.4","-","-"
"2021/01/22","02:00","10.69","259","13.22","48.4","1006.5","-","-"
"2021/01/22","03:00","11.47","270","13.41","49.1","1006.2","-","-"
"2021/01/22","04:00","7.39","253","11.08","46.8","1006.9","-","-"
"2021/01/22","05:00","9.72","272","14","44.8","1007.3","-","-"
"2021/01/22","06:00","7.78","296","10.5","44.1","1007.3","-","-"
"2021/01/22","07:00","8.94","282","12.25","43.5","1007.7","-","-"
"2021/01/22","08:00","6.61","286","7.97","42.4","1007.9","-","-"
"2021/01/22","09:00","11.47","253","15.36","42.4","1007.9","-","-"
"2021/01/22","10:00","12.83","238","15.55","42.3","1008.3","-","-"
"2021/01/22","11:00","11.86","242","16.72","42.4","1008.9","-","-"
"2021/01/22","12:00","10.69","245","14","42.8","1009.6","-","-"
"2021/01/22","13:00","11.08","238","13.41","42.6","1009.8","-","-"
"2021/01/22","14:00","13.02","249","18.08","44.8","1010.4","-","-"
"2021/01/22","15:00","14","262","20.6","47.1","1011","-","-"
"2021/01/22","16:00","14.19","261","20.6","49.6","1010.7","-","-"
"2021/01/22","17:00","15.16","270","18.27","51.4","1009.7","-","-"
"2021/01/22","18:00","16.33","268","21.19","52.3","1009.2","-","-"
"2021/01/22","19:00","17.3","283","23.13","52.7","1009","-","-"
"2021/01/22","20:00","14.97","258","20.22","53.6","1009.3","-","-"
"2021/01/22","21:00","12.05","271","15.16","53.8","1009.6","-","-"
"2021/01/22","22:00","12.25","282","17.11","53.6","1010.1","-","-"
"2021/01/22","23:00","9.72","285","11.66","51.6","1011.2","-","-"
"2021/01/23","00:00","3.89","280","5.05","50.7","1011.8","-","-"
"2021/01/23","01:00","6.22","43","8.36","45.1","1013.2","-","-"
"2021/01/23","02:00","7.58","17","9.52","44.2","1014.3","-","-"
"2021/01/23","03:00","5.25","359","7","42.6","1014.7","-","-"
"2021/01/23","04:00","3.5","348","4.67","40.8","1015.2","-","-"
"2021/01/23","05:00","4.47","3","5.44","40.1","1015.8","-","-"
"2021/01/23","06:00","3.11","18","3.69","39","1015.8","-","-"
"2021/01/23","07:00","2.72","12","3.3","38.8","1016.4","-","-"
"2021/01/23","08:00","3.11","338","3.69","38.3","1016.5","-","-"
"2021/01/23","09:00","4.08","338","4.86","37.4","1016.4","-","-"
"2021/01/23","10:00","2.72","267","3.3","33.8","1017.2","-","-"
"2021/01/23","11:00","5.44","345","7.39","36.9","1018.1","-","-"
"2021/01/23","12:00","10.5","328","12.83","36","1019.1","-","-"
"2021/01/23","13:00","13.41","322","16.33","35.6","1019.9","-","-"
"2021/01/23","14:00","11.08","332","14.77","35.4","1021.1","-","-"
"2021/01/23","15:00","15.36","340","19.24","36.3","1022","-","-"
"2021/01/23","16:00","19.63","342","23.52","36.7","1022.6","-","-"
"2021/01/23","17:00","15.36","340","18.66","37","1022.2","-","-"
"2021/01/23","18:00","20.6","307","27.6","36.5","1022.1","-","-"
"2021/01/23","19:00","19.05","317","23.52","36.9","1022.2","-","-"
"2021/01/23","20:00","16.91","320","20.02","37","1022.5","-","-"
"2021/01/23","21:00","18.27","322","23.71","37.4","1023.2","-","-"
"2021/01/23","22:00","14.19","329","20.6","36.7","1023.8","-","-"
"2021/01/23","23:00","12.83","342","17.11","35.6","1024.5","-","-"
"2021/01/24","00:00","11.27","343","13.02","34.2","1025.2","-","-"
"2021/01/24","01:00","9.14","339","11.08","33.4","1025.5","-","-"
"2021/01/24","02:00","9.91","329","12.05","32.9","1026","-","-"
"2021/01/24","03:00","8.36","343","10.11","31.3","1026.1","-","-"
"2021/01/24","04:00","7.97","342","9.52","30.9","1026.4","-","-"
"2021/01/24","05:00","12.25","1","16.52","30.6","1026.7","-","-"
"2021/01/24","06:00","11.86","350","15.16","30","1026.7","-","-"
"2021/01/24","07:00","10.5","342","13.41","29.1","1026.9","-","-"
"2021/01/24","08:00","10.5","330","12.83","28.8","1026.9","-","-"
"2021/01/24","09:00","8.36","342","10.11","28.2","1026.4","-","-"
"2021/01/24","10:00","9.72","358","13.8","28.2","1026.4","-","-"
"2021/01/24","11:00","6.8","343","9.52","28.4","1026.6","-","-"
"2021/01/24","12:00","9.52","334","12.63","28","1027.6","-","-"
"2021/01/24","13:00","9.33","339","10.69","27.5","1027.6","-","-"
"2021/01/24","14:00","8.94","323","12.44","28.6","1027.7","-","-"
"2021/01/24","15:00","8.55","314","10.89","29.8","1027.3","-","-"
"2021/01/24","16:00","6.8","303","7.97","30.7","1026.4","-","-"
"2021/01/24","17:00","6.41","309","7.39","33.1","1025.7","-","-"
"2021/01/24","18:00","11.27","327","14.58","35.6","1024.8","-","-"
"2021/01/24","19:00","7.58","315","8.55","37","1023.9","-","-"
"2021/01/24","20:00","5.83","330","6.61","38.7","1023.3","-","-"
"2021/01/24","21:00","1.56","331","2.92","40.8","1023","-","-"
"2021/01/24","22:00","2.33","242","3.5","39.6","1022.8","-","-"
"2021/01/24","23:00","2.53","252","3.11","39.2","1022.9","-","-"
"2021/01/25","00:00","1.56","247","2.53","39","1022.8","-","-"
"2021/01/25","01:00","0","187","1.36","39","1022.6","-","-"
"2021/01/25","02:00","6.8","253","11.47","37.8","1023.1","-","-"
"2021/01/25","03:00","0.39","196","2.33","32.9","1022.5","-","-"
"2021/01/25","04:00","1.56","125","3.11","34","1022","-","-"
"2021/01/25","05:00","2.72","162","4.28","34","1021.5","-","-"
"2021/01/25","06:00","3.11","179","3.89","34.3","1020.7","-","-"
"2021/01/25","07:00","3.69","148","4.86","34.7","1020.4","-","-"
"2021/01/25","08:00","2.33","135","4.08","35.4","1020.4","-","-"
"2021/01/25","09:00","3.5","164","4.47","36","1020.1","-","-"
"2021/01/25","10:00","4.28","155","5.83","36.9","1019.2","-","-"
"2021/01/25","11:00","4.08","152","4.86","37.2","1019.1","-","-"
"2021/01/25","12:00","3.3","145","4.08","37.9","1019.7","-","-"
"2021/01/25","13:00","3.89","117","5.05","38.3","1019.6","-","-"
"2021/01/25","14:00","3.11","101","3.89","39.6","1019.4","-","-"
"2021/01/25","15:00","1.17","157","1.94","40.8","1019.4","-","-"
"2021/01/25","16:00","4.28","164","5.05","41.5","1019.7","-","-"
"2021/01/25","17:00","2.53","104","3.3","41.5","1019","-","-"
"2021/01/25","18:00","6.61","82","7","41","1017.8","-","-"
"2021/01/25","19:00","6.61","78","7.39","41.2","1017.6","-","-"
"2021/01/25","20:00","6.61","95","7.19","41.2","1016.4","-","-"
"2021/01/25","21:00","3.89","114","4.86","40.8","1016","-","-"
"2021/01/25","22:00","4.28","96","5.25","41","1016.2","-","-"
"2021/01/25","23:00","2.33","116","2.72","41","1016.8","-","-"
"2021/01/26","00:00","4.86","95","5.64","41","1015.5","-","-"
"2021/01/26","01:00","9.33","1","11.47","41.2","1017.7","-","-"
"2021/01/26","02:00","9.33","57","13.02","41.4","1016.2","-","-"
"2021/01/26","03:00","11.47","96","13.41","40.6","1014.3","-","-"
"2021/01/26","04:00","10.11","85","11.47","41.9","1015.4","-","-"
"2021/01/26","05:00","13.41","64","15.55","41.4","1015.3","-","-"
"2021/01/26","06:00","13.61","60","16.52","40.5","1014.7","-","-"
"2021/01/26","07:00","17.3","67","19.44","40.3","1013.8","-","-"
"2021/01/26","08:00","11.66","58","14.19","40.5","1014.3","-","-"
"2021/01/26","09:00","9.91","68","11.66","40.8","1013.3","-","-"
"2021/01/26","10:00","7.19","35","7.78","40.6","1013.3","-","-"
"2021/01/26","11:00","10.69","56","11.86","40.3","1012.3","-","-"
"2021/01/26","12:00","6.61","58","8.36","39.7","1012.6","-","-"
"2021/01/26","13:00","6.22","11","8.36","39.6","1012.8","-","-"
"2021/01/26","14:00","6.22","19","6.8","39.4","1012.3","-","-"
"2021/01/26","15:00","5.05","343","5.83","39.7","1012.1","-","-"
"2021/01/26","16:00","7.58","303","8.16","39.6","1011.6","-","-"
"2021/01/26","17:00","9.33","305","10.89","39.4","1010.9","-","-"
"2021/01/26","18:00","10.11","313","11.27","40.3","1010.2","-","-"
"2021/01/26","19:00","7.78","321","8.55","40.6","1009.5","-","-"
"2021/01/26","20:00","6.03","314","6.61","41.2","1009.7","-","-"
"2021/01/26","21:00","4.28","310","5.83","41.9","1009.9","-","-"
"2021/01/26","22:00","4.08","247","5.25","43.3","1009.8","-","-"
"2021/01/26","23:00","2.53","286","3.11","43","1009.7","-","-"
"2021/01/27","00:00","3.69","262","4.08","43","1010.6","-","-"
"2021/01/27","01:00","3.89","270","4.86","43.2","1011","-","-"
"2021/01/27","02:00","4.28","283","5.05","43.3","1012.1","-","-"
"2021/01/27","03:00","6.22","343","7.78","43.2","1012.2","-","-"
"2021/01/27","04:00","6.41","323","7.78","42.6","1013","-","-"
"2021/01/27","05:00","2.33","319","3.5","42.3","1013.2","-","-"
"2021/01/27","06:00","2.53","309","3.5","41.5","1012.9","-","-"
"2021/01/27","07:00","4.67","283","5.83","41.5","1013.7","-","-"
"2021/01/27","08:00","4.28","283","5.05","41.7","1014.1","-","-"
"2021/01/27","09:00","7.19","251","8.75","41.4","1015","-","-"
"2021/01/27","10:00","4.08","291","5.05","41","1015.1","-","-"
"2021/01/27","11:00","2.72","21","3.11","40.8","1014.8","-","-"
"2021/01/27","12:00","2.14","52","3.69","40.5","1016.6","-","-"
"2021/01/27","13:00","4.08","50","4.86","40.1","1017.8","-","-"
"2021/01/27","14:00","3.89","344","4.67","40.6","1019.4","-","-"
"2021/01/27","15:00","4.67","5","6.22","41.2","1018.9","-","-"
"2021/01/27","16:00","6.41","2","8.55","41.9","1018.9","-","-"
"2021/01/27","17:00","3.11","97","4.28","43.3","1017.9","-","-"
"2021/01/27","18:00","5.83","48","7.19","43.7","1018.3","-","-"
"2021/01/27","19:00","3.3","158","4.86","43.9","1018.2","-","-"
"2021/01/27","20:00","10.11","64","10.89","42.8","1018.3","-","-"
"2021/01/27","21:00","7.97","75","9.33","42.1","1018.3","-","-"
"2021/01/27","22:00","6.41","63","7.19","42.1","1018.5","-","-"
"2021/01/27","23:00","6.61","56","7.78","41.9","1018.7","-","-"
"2021/01/28","00:00","7.97","46","9.33","41.7","1018.7","-","-"
"2021/01/28","01:00","8.94","28","13.02","41.4","1018.3","-","-"
"2021/01/28","02:00","4.28","10","5.25","41","1018.8","-","-"
"2021/01/28","03:00","8.55","34","9.72","40.6","1018.6","-","-"
"2021/01/28","04:00","10.3","29","12.25","39.9","1017.7","-","-"
"2021/01/28","05:00","12.25","50","17.88","39.9","1017.1","-","-"
"2021/01/28","06:00","13.22","45","18.86","38.3","1016.4","-","-"
"2021/01/28","07:00","15.75","28","20.41","37.2","1016.4","-","-"
"2021/01/28","08:00","19.63","28","25.66","35.1","1015.9","-","-"
"2021/01/28","09:00","12.63","353","16.72","31.6","1016.9","-","-"
"2021/01/28","10:00","12.63","1","17.11","30.9","1017.9","-","-"
"2021/01/28","11:00","13.41","345","16.33","30.6","1018.3","-","-"
"2021/01/28","12:00","13.02","353","18.27","30.6","1018.8","-","-"
"2021/01/28","13:00","15.16","353","18.66","30.2","1019.4","-","-"
"2021/01/28","14:00","19.24","329","24.1","31.6","1020.1","-","-"
"2021/01/28","15:00","21.58","332","27.21","32.2","1020.7","-","-"
"2021/01/28","16:00","21.19","327","27.21","32.5","1020.9","-","-"
"2021/01/28","17:00","21.77","340","28.96","33.4","1020.6","-","-"
"2021/01/28","18:00","23.71","332","30.52","33.8","1020.5","-","-"
"2021/01/28","19:00","23.91","318","27.99","35.8","1020","-","-"
"2021/01/28","20:00","29.35","315","34.21","36.9","1020.8","-","-"
"2021/01/28","21:00","26.44","314","31.68","37.2","1021.2","-","-"
"2021/01/28","22:00","21.58","326","26.05","37","1022.4","-","-"
"2021/01/28","23:00","17.49","329","22.35","36.1","1023","-","-"
"2021/01/29","00:00","15.55","332","19.63","35.4","1023.6","-","-"
"2021/01/29","01:00","21.19","326","27.99","34.5","1024.4","-","-"
"2021/01/29","02:00","16.91","327","23.33","33.3","1024.5","-","-"
"2021/01/29","03:00","18.86","326","22.74","32","1025.3","-","-"
"2021/01/29","04:00","17.49","331","22.55","31.1","1025.2","-","-"
"2021/01/29","05:00","15.94","329","18.08","30.2","1025.4","-","-"
"2021/01/29","06:00","15.94","330","19.44","29.5","1025.3","-","-"
"2021/01/29","07:00","14.58","337","17.11","28.9","1025.5","-","-"
"2021/01/29","08:00","12.44","339","15.55","28.4","1025.7","-","-"
"2021/01/29","09:00","11.86","337","14.58","28","1025.5","-","-"
"2021/01/29","10:00","14.19","300","16.52","27.9","1025.7","-","-"
"2021/01/29","11:00","16.91","334","21.58","27.7","1026.5","-","-"
"2021/01/29","12:00","15.94","326","18.86","26.2","1027.1","-","-"
"2021/01/29","13:00","17.69","324","23.13","26.8","1027.5","-","-"
"2021/01/29","14:00","24.88","316","34.02","27.5","1027.5","-","-"
"2021/01/29","15:00","22.35","331","26.82","28.4","1027.2","-","-"
"2021/01/29","16:00","20.8","315","24.88","28.8","1026.6","-","-"
"2021/01/29","17:00","21.97","307","26.44","29.7","1025.7","-","-"
"2021/01/29","18:00","20.22","311","24.69","31.3","1024.9","-","-"
"2021/01/29","19:00","17.49","309","20.41","31.8","1024.3","-","-"
"2021/01/29","20:00","14.97","323","21.38","32.7","1024.3","-","-"
"2021/01/29","21:00","16.72","301","20.41","33.3","1024.2","-","-"
"2021/01/29","22:00","16.13","310","18.66","33.8","1024.5","-","-"
"2021/01/29","23:00","11.27","297","14.19","33.6","1024.9","-","-"
"2021/01/30","00:00","7.39","355","9.52","32.5","1025.6","-","-"
"2021/01/30","01:00","6.61","336","7.97","31.5","1025.7","-","-"
"2021/01/30","02:00","8.94","334","11.08","31.3","1026.2","-","-"
"2021/01/30","03:00","12.63","331","16.52","30.9","1026.7","-","-"
"2021/01/30","04:00","11.47","328","13.41","30","1027.1","-","-"
"2021/01/30","05:00","12.44","327","17.49","30.2","1026.9","-","-"
"2021/01/30","06:00","14.77","332","20.41","29.8","1027.2","-","-"
"2021/01/30","07:00","11.27","330","13.8","29.3","1027.2","-","-"
"2021/01/30","08:00","13.02","344","16.72","28.9","1026.9","-","-"
"2021/01/30","09:00","11.27","336","12.83","28.4","1027.1","-","-"
"2021/01/30","10:00","11.66","332","14.38","27.9","1027.2","-","-"
"2021/01/30","11:00","9.14","334","11.86","27.5","1027.9","-","-"
"2021/01/30","12:00","11.66","342","13.22","27.3","1028.2","-","-"
"2021/01/30","13:00","11.08","336","13.41","27.9","1028.6","-","-"
"2021/01/30","14:00","9.91","345","14.19","28.8","1029.1","-","-"
"2021/01/30","15:00","9.14","341","14","30.2","1029.6","-","-"
"2021/01/30","16:00","9.91","309","12.63","30.9","1029.5","-","-"
"2021/01/30","17:00","9.14","303","11.27","31.5","1029","-","-"
"2021/01/30","18:00","6.22","298","7.97","32.5","1027.8","-","-"
"2021/01/30","19:00","7.39","303","9.14","34.2","1026.8","-","-"
"2021/01/30","20:00","6.8","313","8.94","35.8","1026.8","-","-"
"2021/01/30","21:00","5.25","333","5.83","36.5","1026.8","-","-"
"2021/01/30","22:00","3.3","265","4.47","36.5","1027.1","-","-"
"2021/01/30","23:00","3.3","213","3.69","34.9","1027.5","-","-"
"2021/01/31","00:00","3.11","156","4.28","33.6","1027.8","-","-"
"2021/01/31","01:00","3.11","174","3.69","33.1","1028","-","-"
"2021/01/31","02:00","4.28","200","4.67","32","1027.7","-","-"
"2021/01/31","03:00","3.3","167","3.69","33.6","1026.9","-","-"
"2021/01/31","04:00","3.89","164","4.47","34","1026.5","-","-"
"2021/01/31","05:00","5.05","186","6.22","33.8","1026.6","-","-"
"2021/01/31","06:00","4.28","171","5.44","34.2","1026.1","-","-"
"2021/01/31","07:00","2.53","152","3.3","34","1026.3","-","-"
"2021/01/31","08:00","3.11","176","4.28","34.2","1026.3","-","-"
"2021/01/31","09:00","2.53","210","3.69","34.2","1026","-","-"
"2021/01/31","10:00","5.64","88","8.75","35.1","1024.6","-","-"
"2021/01/31","11:00","3.11","164","4.28","34.3","1024.9","-","-"
"2021/01/31","12:00","6.22","157","9.33","34.7","1024.9","-","-"
"2021/01/31","13:00","5.83","168","8.75","32.2","1024.5","-","-"
"2021/01/31","14:00","6.61","135","8.36","31.5","1023.1","-","-"
"2021/01/31","15:00","5.44","118","7.58","32.5","1022.3","-","-"
"2021/01/31","16:00","12.25","103","14.38","35.4","1021.5","-","-"
"2021/01/31","17:00","13.8","93","16.13","36.9","1019.8","-","-"
"2021/01/31","18:00","15.55","85","16.91","37.2","1018.2","-","-"
"2021/01/31","19:00","15.36","96","18.27","38.5","1016.2","-","-"
"2021/01/31","20:00","14.97","96","18.08","39.4","1014.8","-","-"
"2021/01/31","21:00","14.97","102","18.27","40.6","1012.9","-","-"
"2021/01/31","22:00","12.63","126","19.63","42.6","1011.8","-","-"
"2021/01/31","23:00","8.94","51","10.69","44.1","1011.1","-","-"
"2021/02/01","00:00","7.39","4","7.97","44.1","1010.4","-","-"
"2021/02/01","01:00","7.78","323","10.11","41.4","1009.8","-","-"
"2021/02/01","02:00","12.63","318","13.8","39.4","1008.7","-","-"
"2021/02/01","03:00","11.86","318","13.22","37.8","1008.3","-","-"
"2021/02/01","04:00","13.41","314","15.16","36.9","1007.8","-","-"
"2021/02/01","05:00","13.61","318","16.52","36.5","1006.9","-","-"
"2021/02/01","06:00","13.02","311","15.16","36.5","1006.3","-","-"
"2021/02/01","07:00","15.94","316","18.47","36.7","1005.6","-","-"
"2021/02/01","08:00","17.88","319","19.83","36.7","1004.8","-","-"
"2021/02/01","09:00","19.05","314","21.77","36.5","1005.1","-","-"
"2021/02/01","10:00","16.33","318","18.86","35.6","1005.1","-","-"
"2021/02/01","11:00","16.52","319","19.63","35.2","1005.3","-","-"
"2021/02/01","12:00","16.72","323","19.63","34","1004.8","-","-"
"2021/02/01","13:00","16.33","319","18.27","34.5","1005","-","-"
"2021/02/01","14:00","19.24","320","22.35","34.9","1005.1","-","-"
"2021/02/01","15:00","21.97","320","25.46","34.5","1005.3","-","-"
"2021/02/01","16:00","17.49","316","20.22","34.3","1005.3","-","-"
"2021/02/01","17:00","22.35","313","27.6","34","1004.4","-","-"
"2021/02/01","18:00","22.55","310","25.66","33.6","1003.5","-","-"
"2021/02/01","19:00","16.91","322","21.19","34.3","1003.7","-","-"
"2021/02/01","20:00","14.97","328","20.8","34.3","1003.9","-","-"
"2021/02/01","21:00","16.52","335","20.99","34.7","1004.3","-","-"
"2021/02/01","22:00","15.16","325","19.05","34.3","1004.4","-","-"
"2021/02/01","23:00","15.36","333","17.3","34.3","1004.4","-","-"
"2021/02/02","00:00","15.75","320","18.27","34","1004.3","-","-"
"2021/02/02","01:00","17.11","319","20.8","33.4","1004.2","-","-"
"2021/02/02","02:00","18.47","317","21.58","33.8","1003.9","-","-"
"2021/02/02","03:00","14.38","320","16.52","33.4","1003.6","-","-"
"2021/02/02","04:00","14.19","326","18.27","33.3","1003.1","-","-"
"2021/02/02","05:00","19.44","318","22.55","33.8","1002.6","-","-"
"2021/02/02","06:00","17.49","321","19.83","34.2","1002.1","-","-"
"2021/02/02","07:00","15.55","323","19.44","34.5","1001.8","-","-"
"2021/02/02","08:00","15.75","325","20.8","35.2","1001.4","-","-"
"2021/02/02","09:00","18.47","323","23.33","35.1","1000.9","-","-"
"2021/02/02","10:00","17.3","323","20.02","35.2","1001","-","-"
"2021/02/02","11:00","15.55","320","17.88","35.6","1001.1","-","-"
"2021/02/02","12:00","17.88","322","21.58","34.7","1001.3","-","-"
"2021/02/02","13:00","19.05","320","23.52","34.7","1001.3","-","-"
"2021/02/02","14:00","19.24","317","21.97","34.5","1001.3","-","-"
"2021/02/02","15:00","17.11","323","21.19","34.3","1001.1","-","-"
"2021/02/02","16:00","18.86","319","23.13","34","1001","-","-"
"2021/02/02","17:00","17.88","318","22.74","34.9","1000.4","-","-"
"2021/02/02","18:00","22.55","322","27.8","35.6","999.8","-","-"
"2021/02/02","19:00","22.74","324","27.99","36","999.9","-","-"
"2021/02/02","20:00","17.88","322","21.77","35.8","1000","-","-"
"2021/02/02","21:00","14.19","308","17.88","37.4","1000","-","-"
"2021/02/02","22:00","17.49","321","19.44","37.9","1000.1","-","-"
"2021/02/02","23:00","19.05","325","24.69","37.9","1000.9","-","-"
"2021/02/03","00:00","20.8","325","23.71","37.8","1001.3","-","-"
"2021/02/03","01:00","16.13","330","21.77","37.6","1001.8","-","-"
"2021/02/03","02:00","14.77","299","20.99","37.2","1002","-","-"
"2021/02/03","03:00","20.41","315","26.24","37.6","1002.1","-","-"
"2021/02/03","04:00","17.49","330","20.6","36.3","1002.5","-","-"
"2021/02/03","05:00","15.94","329","19.83","36.3","1002.6","-","-"
"2021/02/03","06:00","18.66","330","30.52","35.6","1002.8","-","-"
"2021/02/03","07:00","17.11","303","21.58","35.6","1002.8","-","-"
"2021/02/03","08:00","14.19","301","18.66","35.4","1003","-","-"
"2021/02/03","09:00","15.94","301","23.52","35.2","1002.9","-","-"
"2021/02/03","10:00","16.72","301","23.13","35.8","1003.2","-","-"
"2021/02/03","11:00","15.94","292","19.44","34.9","1003.6","-","-"
"2021/02/03","12:00","15.16","292","18.08","34.9","1004.3","-","-"
"2021/02/03","13:00","13.61","295","18.47","35.6","1004.8","-","-"
"2021/02/03","14:00","14","305","20.6","36.3","1005.2","-","-"
"2021/02/03","15:00","13.41","304","15.75","36.7","1005.6","-","-"
"2021/02/03","16:00","15.75","308","20.41","37.9","1005.8","-","-"
"2021/02/03","17:00","16.91","314","20.8","38.7","1005.4","-","-"
"2021/02/03","18:00","15.16","318","19.44","38.7","1005.1","-","-"
"2021/02/03","19:00","13.61","299","17.88","40.6","1004.8","-","-"
"2021/02/03","20:00","11.08","297","13.8","41.5","1004.9","-","-"
"2021/02/03","21:00","6.22","317","7.39","41.7","1005.5","-","-"
"2021/02/03","22:00","7.19","315","8.94","43","1006.2","-","-"
"2021/02/03","23:00","5.25","351","6.41","42.4","1007.3","-","-"
"2021/02/04","00:00","4.86","310","6.8","41.4","1008.6","-","-"
"2021/02/04","01:00","7.58","312","11.08","40.6","1009.4","-","-"
"2021/02/04","02:00","9.14","315","11.08","39.7","1010.3","-","-"
"2021/02/04","03:00","9.33","333","10.5","39.6","1010.6","-","-"
"2021/02/04","04:00","5.25","305","6.22","38.1","1011.1","-","-"
"2021/02/04","05:00","10.3","318","12.05","38.8","1011.9","-","-"
"2021/02/04","06:00","8.75","291","9.91","38.1","1012.7","-","-"
"2021/02/04","07:00","7.58","285","8.75","36.7","1013.1","-","-"
"2021/02/04","08:00","6.41","264","8.75","35.1","1014.1","-","-"
"2021/02/04","09:00","8.36","248","10.69","34.5","1014.7","-","-"
"2021/02/04","10:00","8.75","238","10.69","32.9","1015.1","-","-"
"2021/02/04","11:00","3.5","280","4.86","32.2","1015.6","-","-"
"2021/02/04","12:00","3.3","288","8.36","32","1016.4","-","-"
"2021/02/04","13:00","5.44","282","7.78","32.5","1016.8","-","-"
"2021/02/04","14:00","7.39","299","8.36","34.5","1017.3","-","-"
"2021/02/04","15:00","8.94","313","9.72","36.3","1017.3","-","-"
"2021/02/04","16:00","8.75","315","10.3","38.8","1017.7","-","-"
"2021/02/04","17:00","7.58","317","9.33","42.3","1016.8","-","-"
"2021/02/04","18:00","8.16","324","9.33","43.5","1016","-","-"
"2021/02/04","19:00","3.3","298","5.64","45.7","1015.3","-","-"
"2021/02/04","20:00","4.47","272","10.3","48.6","1015.4","-","-"
"2021/02/04","21:00","6.03","276","7.97","50.5","1014.7","-","-"
"2021/02/04","22:00","2.92","218","4.86","49.3","1014.7","-","-"
"2021/02/04","23:00","2.92","167","3.11","44.4","1014.8","-","-"
"2021/02/05","00:00","2.72","195","2.92","41.5","1014.9","-","-"
"2021/02/05","01:00","4.47","180","5.64","44.2","1015","-","-"
"2021/02/05","02:00","5.25","183","7.58","45.3","1014.3","-","-"
"2021/02/05","03:00","6.03","197","8.94","46.4","1013.8","-","-"
"2021/02/05","04:00","8.75","215","11.08","45.9","1013.5","-","-"
"2021/02/05","05:00","7.97","206","11.08","45.7","1012.3","-","-"
"2021/02/05","06:00","9.91","202","13.22","45.5","1011.5","-","-"
"2021/02/05","07:00","10.89","191","16.33","44.8","1010.5","-","-"
"2021/02/05","08:00","5.25","217","6.41","44.4","1010.2","-","-"
"2021/02/05","09:00","4.28","175","6.41","44.2","1009.6","-","-"
"2021/02/05","10:00","8.55","199","12.44","44.8","1009.1","-","-"
"2021/02/05","11:00","9.33","214","13.02","44.8","1009.2","-","-"
"2021/02/05","12:00","5.83","209","9.91","43.2","1008.8","-","-"
"2021/02/05","13:00","10.11","202","12.44","41.9","1009.2","-","-"
"2021/02/05","14:00","8.36","212","16.33","42.4","1008.3","-","-"
"2021/02/05","15:00","14","214","18.47","44.2","1007.6","-","-"
"2021/02/05","16:00","11.08","221","16.33","45.3","1007.6","-","-"
"2021/02/05","17:00","10.5","224","16.91","46","1006.6","-","-"
"2021/02/05","18:00","10.69","243","14.97","47.1","1006.1","-","-"
"2021/02/05","19:00","9.72","229","14.38","48","1005.2","-","-"
"2021/02/05","20:00","7.97","238","13.61","48.6","1005","-","-"
"2021/02/05","21:00","7.39","212","8.75","48.4","1005.3","-","-"
"2021/02/05","22:00","8.16","225","12.63","47.8","1005.5","-","-"
"2021/02/05","23:00","7.78","221","11.66","47.1","1006.6","-","-"
"2021/02/06","00:00","8.94","214","12.63","46.2","1007.5","-","-"
"2021/02/06","01:00","10.11","223","13.02","45.7","1008.7","-","-"
"2021/02/06","02:00","9.72","241","13.22","46.4","1009.9","-","-"
"2021/02/06","03:00","8.16","259","11.47","46","1010.7","-","-"
"2021/02/06","04:00","7.19","256","8.94","45","1011.3","-","-"
"2021/02/06","05:00","7.97","257","9.33","45","1012.5","-","-"
"2021/02/06","06:00","6.8","240","7.19","43.2","1013.2","-","-"
"2021/02/06","07:00","6.22","245","8.16","42.4","1014.1","-","-"
"2021/02/06","08:00","2.92","271","3.69","41.5","1014.3","-","-"
"2021/02/06","09:00","1.36","201","2.14","38.1","1015.8","-","-"
"2021/02/06","10:00","7","249","8.55","39.9","1016.7","-","-"
"2021/02/06","11:00","3.3","296","4.67","39.4","1017.4","-","-"
"2021/02/06","12:00","1.75","295","3.11","36.7","1018.6","-","-"
"2021/02/06","13:00","3.3","282","5.25","39.6","1019.9","-","-"
"2021/02/06","14:00","2.14","343","2.72","41.7","1020.4","-","-"
"2021/02/06","15:00","6.03","255","8.94","46.8","1021","-","-"
"2021/02/06","16:00","8.94","273","11.86","47.8","1021.3","-","-"
"2021/02/06","17:00","8.55","266","11.66","49.3","1021","-","-"
"2021/02/06","18:00","12.83","261","16.91","50.5","1020.3","-","-"
"2021/02/06","19:00","11.47","285","16.33","51.1","1020.2","-","-"
"2021/02/06","20:00","8.36","268","10.3","52.3","1019.8","-","-"
"2021/02/06","21:00","4.47","221","6.41","54.1","1019.9","-","-"
"2021/02/06","22:00","2.92","132","6.03","49.3","1020.6","-","-"
"2021/02/06","23:00","7.58","151","8.75","46.8","1020.6","-","-"
"2021/02/07","00:00","6.41","153","8.94","47.1","1020.4","-","-"
"2021/02/07","01:00","10.3","176","13.22","47.5","1020.9","-","-"
"2021/02/07","02:00","10.69","167","13.61","47.1","1020.8","-","-"
"2021/02/07","03:00","8.94","183","14.38","46.9","1019.9","-","-"
"2021/02/07","04:00","6.41","184","7.58","46.2","1019.2","-","-"
"2021/02/07","05:00","9.14","186","16.13","45.1","1019.6","-","-"
"2021/02/07","06:00","7.39","178","9.52","43.9","1018.8","-","-"
"2021/02/07","07:00","7.39","117","9.91","41.4","1016.2","-","-"
"2021/02/07","08:00","5.25","130","7.97","40.5","1015.9","-","-"
"2021/02/07","09:00","10.11","99","13.41","39.9","1013.5","-","-"
"2021/02/07","10:00","11.08","83","15.16","39.7","1012.7","-","-"
"2021/02/07","11:00","12.44","84","13.41","39.6","1011","-","-"
"2021/02/07","12:00","10.3","65","13.02","39.9","1009.6","-","-"
"2021/02/07","13:00","9.52","40","11.27","39.9","1008.6","-","-"
"2021/02/07","14:00","10.89","339","14","39.9","1008.8","-","-"
"2021/02/07","15:00","15.94","334","18.08","40.5","1007.8","-","-"
"2021/02/07","16:00","21.19","335","28.57","37","1008.9","-","-"
"2021/02/07","17:00","18.27","332","21.58","37","1009","-","-"
"2021/02/07","18:00","16.52","329","22.94","37.9","1009.2","-","-"
"2021/02/07","19:00","16.13","327","19.83","37.9","1010.1","-","-"
"2021/02/07","20:00","17.69","320","19.63","38.1","1011","-","-"
"2021/02/07","21:00","13.61","339","17.88","38.8","1011.9","-","-"
"2021/02/07","22:00","13.22","322","16.13","39.6","1014.4","-","-"
"2021/02/07","23:00","6.8","308","8.94","39.7","1016.4","-","-"
"2021/02/08","00:00","4.08","263","4.86","37.9","1017.7","-","-"
"2021/02/08","01:00","2.92","303","3.89","38.1","1019.1","-","-"
"2021/02/08","02:00","1.36","210","2.14","36.5","1019.7","-","-"
"2021/02/08","03:00","8.75","355","13.61","38.1","1021.3","-","-"
"2021/02/08","04:00","8.36","1","10.89","37.2","1022.2","-","-"
"2021/02/08","05:00","7.78","0","10.69","36.3","1023","-","-"
"2021/02/08","06:00","7","1","9.14","35.8","1024","-","-"
"2021/02/08","07:00","6.41","329","8.94","34.9","1025.1","-","-"
"2021/02/08","08:00","6.03","8","8.36","34.3","1025.3","-","-"
"2021/02/08","09:00","4.67","21","6.22","33.8","1025.8","-","-"
"2021/02/08","10:00","5.25","7","6.8","33.6","1026.6","-","-"
"2021/02/08","11:00","8.16","3","9.72","32.9","1027.1","-","-"
"2021/02/08","12:00","5.25","18","6.61","32.4","1028.2","-","-"
"2021/02/08","13:00","1.94","36","3.5","33.1","1029.7","-","-"
"2021/02/08","14:00","10.3","54","12.83","33.8","1030.9","-","-"
"2021/02/08","15:00","10.5","87","12.44","33.6","1031","-","-"
"2021/02/08","16:00","10.5","87","12.05","33.6","1031.8","-","-"
"2021/02/08","17:00","8.94","86","12.83","33.8","1031.1","-","-"
"2021/02/08","18:00","7","70","8.55","34.9","1030.7","-","-"
"2021/02/08","19:00","9.52","65","11.86","34.9","1030.2","-","-"
"2021/02/08","20:00","9.52","67","10.3","35.2","1030.1","-","-"
"2021/02/08","21:00","8.75","83","10.3","35.6","1029.8","-","-"
"2021/02/08","22:00","8.75","114","10.69","36.9","1029.4","-","-"
"2021/02/08","23:00","6.61","148","8.55","36.5","1029.5","-","-"
"2021/02/09","00:00","6.41","148","9.14","35.8","1029.1","-","-"
"2021/02/09","01:00","5.44","152","7.58","35.4","1028.9","-","-"
"2021/02/09","02:00","8.36","173","10.5","35.4","1028.8","-","-"
"2021/02/09","03:00","6.41","170","8.55","36","1028.2","-","-"
"2021/02/09","04:00","1.56","185","3.5","36.3","1028","-","-"
"2021/02/09","05:00","0.58","221","1.75","37.6","1027.5","-","-"
"2021/02/09","06:00","5.05","154","7","38.7","1026.4","-","-"
"2021/02/09","07:00","0.78","67","1.36","39.6","1025.4","-","-"
"2021/02/09","08:00","1.94","31","3.5","40.5","1024.6","-","-"
"2021/02/09","09:00","2.92","52","4.86","41.5","1023.7","-","-"
"2021/02/09","10:00","0.78","300","1.75","40.3","1022.7","-","-"
"2021/02/09","11:00","4.08","308","4.67","39.9","1022.6","-","-"
"2021/02/09","12:00","8.16","314","9.91","39","1022.9","-","-"
"2021/02/09","13:00","10.5","303","11.66","38.7","1023.2","-","-"
"2021/02/09","14:00","7","306","7.97","38.3","1022.9","-","-"
"2021/02/09","15:00","7.78","318","9.52","39.2","1022.1","-","-"
"2021/02/09","16:00","10.5","314","12.63","39","1022.1","-","-"
"2021/02/09","17:00","4.28","294","4.67","40.3","1020.7","-","-"
"2021/02/09","18:00","1.36","124","2.14","43.3","1019.1","-","-"
"2021/02/09","19:00","1.36","77","2.92","46.6","1018","-","-"
"2021/02/09","20:00","3.3","329","4.47","49.1","1017.5","-","-"
"2021/02/09","21:00","1.94","302","2.92","51.4","1017.5","-","-"
"2021/02/09","22:00","1.36","106","2.33","46.6","1018.4","-","-"
"2021/02/09","23:00","1.36","257","1.56","43.9","1019.1","-","-"
"2021/02/10","00:00","3.11","188","3.69","45.7","1019.3","-","-"
"2021/02/10","01:00","11.27","53","12.63","44.1","1020.4","-","-"
"2021/02/10","02:00","8.16","43","9.91","43.3","1021.3","-","-"
"2021/02/10","03:00","12.44","27","16.52","43.9","1022.3","-","-"
"2021/02/10","04:00","10.3","26","14.38","43.3","1022.6","-","-"
"2021/02/10","05:00","7.78","22","9.33","42.8","1023.1","-","-"
"2021/02/10","06:00","7.97","17","13.61","41.9","1023.5","-","-"
"2021/02/10","07:00","9.91","32","13.61","40.8","1023.8","-","-"
"2021/02/10","08:00","7.78","13","9.52","39.2","1024.5","-","-"
"2021/02/10","09:00","4.47","16","6.8","38.7","1025.2","-","-"
"2021/02/10","10:00","6.41","30","7.39","38.3","1025.9","-","-"
"2021/02/10","11:00","7.58","44","8.94","38.1","1025.8","-","-"
"2021/02/10","12:00","7.39","46","9.14","37.6","1026.8","-","-"
"2021/02/10","13:00","7.39","47","9.33","37.8","1027.5","-","-"
"2021/02/10","14:00","9.91","59","13.02","39","1028.2","-","-"
"2021/02/10","15:00","9.14","56","11.66","39.2","1028.2","-","-"
"2021/02/10","16:00","10.11","76","11.66","39.2","1027.9","-","-"
"2021/02/10","17:00","10.3","83","11.27","39.4","1027.5","-","-"
"2021/02/10","18:00","5.83","74","6.61","40.1","1026.9","-","-"
"2021/02/10","19:00","4.47","94","7","39.9","1026.4","-","-"
"2021/02/10","20:00","5.44","84","6.41","39.4","1026.1","-","-"
"2021/02/10","21:00","6.8","93","8.36","39","1025.9","-","-"
"2021/02/10","22:00","8.55","102","10.3","38.7","1025.5","-","-"
"2021/02/10","23:00","10.69","125","15.55","38.7","1024.8","-","-"
"2021/02/11","00:00","10.89","94","12.44","38.7","1025.3","-","-"
"2021/02/11","01:00","12.05","97","13.8","38.7","1024.5","-","-"
"2021/02/11","02:00","7.19","105","8.75","39","1024.4","-","-"
"2021/02/11","03:00","4.86","108","8.75","39.2","1023.6","-","-"
"2021/02/11","04:00","6.61","78","7.58","39.6","1022.8","-","-"
"2021/02/11","05:00","8.36","97","9.14","39.4","1021.5","-","-"
"2021/02/11","06:00","5.25","9","6.41","39.2","1021.3","-","-"
"2021/02/11","07:00","5.44","13","6.61","39","1020.8","-","-"
"2021/02/11","08:00","6.22","23","9.14","37.9","1020.3","-","-"
"2021/02/11","09:00","8.16","10","9.52","37.2","1020.2","-","-"
"2021/02/11","10:00","5.25","54","7","37","1020","-","-"
"2021/02/11","11:00","6.8","49","7.78","37.6","1019.5","-","-"
"2021/02/11","12:00","7.39","2","8.36","37.8","1020.2","-","-"
"2021/02/11","13:00","5.64","43","8.36","37.8","1020.4","-","-"
"2021/02/11","14:00","6.8","35","8.16","38.1","1020.3","-","-"
"2021/02/11","15:00","8.16","23","11.66","38.8","1021","-","-"
"2021/02/11","16:00","8.75","34","10.69","38.8","1020.9","-","-"
"2021/02/11","17:00","10.3","7","12.63","38.5","1021.1","-","-"
"2021/02/11","18:00","11.47","12","13.22","38.7","1020.8","-","-"
"2021/02/11","19:00","11.66","25","14.77","38.8","1020.5","-","-"
"2021/02/11","20:00","12.25","17","16.13","38.1","1021.4","-","-"
"2021/02/11","21:00","12.83","26","15.55","37.6","1021.9","-","-"
"2021/02/11","22:00","14.58","40","17.49","37","1021.1","-","-"
"2021/02/11","23:00","11.86","18","14.38","36.9","1023.1","-","-"
"2021/02/12","00:00","13.41","32","16.91","36.3","1023.3","-","-"
"2021/02/12","01:00","14.97","33","19.63","35.8","1023.1","-","-"
"2021/02/12","02:00","11.86","30","13.61","35.1","1023.8","-","-"
"2021/02/12","03:00","15.36","32","18.66","34.5","1024.1","-","-"
"2021/02/12","04:00","11.47","19","15.75","33.6","1024.4","-","-"
"2021/02/12","05:00","17.69","38","22.74","33.6","1023.4","-","-"
"2021/02/12","06:00","11.86","25","17.88","33.6","1023.9","-","-"
"2021/02/12","07:00","12.25","31","15.36","33.4","1023.9","-","-"
"2021/02/12","08:00","12.83","40","16.91","32.9","1023.5","-","-"
"2021/02/12","09:00","11.66","40","15.75","32.7","1023.3","-","-"
"2021/02/12","10:00","12.05","47","14.58","32.9","1023.4","-","-"
"2021/02/12","11:00","10.89","44","14.97","32.9","1023.7","-","-"
"2021/02/12","12:00","10.5","38","14.58","32.7","1024.1","-","-"
"2021/02/12","13:00","7.97","33","9.52","32.4","1024.5","-","-"
"2021/02/12","14:00","8.16","32","10.69","32.4","1025.1","-","-"
"2021/02/12","15:00","5.44","33","7.39","32.2","1024.9","-","-"
"2021/02/12","16:00","5.25","23","6.22","32","1025.2","-","-"
"2021/02/12","17:00","4.08","33","5.25","32","1024.7","-","-"
"2021/02/12","18:00","4.08","15","5.25","32.4","1023.9","-","-"
"2021/02/12","19:00","4.47","18","5.44","31.8","1023.4","-","-"
"2021/02/12","20:00","4.08","19","5.83","32.7","1023.2","-","-"
"2021/02/12","21:00","3.69","32","5.44","33.1","1023.4","-","-"
"2021/02/12","22:00","3.69","12","5.44","32.7","1023.3","-","-"
"2021/02/12","23:00","3.69","15","4.67","32.2","1023.3","-","-"
"2021/02/13","00:00","3.11","5","3.69","32","1024","-","-"
"2021/02/13","01:00","2.72","10","3.5","32.4","1024.1","-","-"
"2021/02/13","02:00","7.39","29","10.3","33.4","1023.8","-","-"
"2021/02/13","03:00","10.11","15","13.22","33.8","1024","-","-"
"2021/02/13","04:00","7.97","23","9.52","33.6","1023.8","-","-"
"2021/02/13","05:00","9.33","22","14","33.4","1023.6","-","-"
"2021/02/13","06:00","12.44","23","13.61","32.9","1023.5","-","-"
"2021/02/13","07:00","11.47","15","14.58","32.7","1023.1","-","-"
"2021/02/13","08:00","7.58","17","10.11","33.3","1022.5","-","-"
"2021/02/13","09:00","10.89","28","14","33.4","1021.9","-","-"
"2021/02/13","10:00","11.66","24","13.61","33.8","1022","-","-"
"2021/02/13","11:00","13.8","23","16.52","34","1022.1","-","-"
"2021/02/13","12:00","13.61","40","17.11","34.3","1021.7","-","-"
"2021/02/13","13:00","15.16","30","18.86","34.3","1022","-","-"
"2021/02/13","14:00","14.77","41","17.69","34.7","1021.6","-","-"
"2021/02/13","15:00","8.36","27","13.61","34.9","1021.5","-","-"
"2021/02/13","16:00","10.5","15","12.44","34.5","1021.2","-","-"
"2021/02/13","17:00","13.22","9","15.94","34.3","1020.9","-","-"
"2021/02/13","18:00","12.05","7","15.75","34","1020.1","-","-"
"2021/02/13","19:00","13.02","12","15.36","34.3","1019.5","-","-"
"2021/02/13","20:00","12.83","16","18.27","34.2","1018.7","-","-"
"2021/02/13","21:00","9.52","21","14.38","34.5","1018.1","-","-"
"2021/02/13","22:00","12.25","5","17.11","34.5","1018.2","-","-"
"2021/02/13","23:00","11.08","19","14.97","34.7","1017.9","-","-"
"2021/02/14","00:00","9.72","8","13.8","34.9","1018.7","-","-"
"2021/02/14","01:00","10.11","354","13.02","34.5","1019.3","-","-"
"2021/02/14","02:00","13.02","24","16.13","34.3","1017.8","-","-"
"2021/02/14","03:00","7.58","8","10.69","34.9","1017.7","-","-"
"2021/02/14","04:00","14.38","340","18.27","34.5","1018.6","-","-"
"2021/02/14","05:00","12.44","350","15.16","33.6","1018.5","-","-"
"2021/02/14","06:00","13.02","350","15.94","33.1","1019.3","-","-"
"2021/02/14","07:00","13.41","345","15.55","32.5","1019.6","-","-"
"2021/02/14","08:00","8.55","339","11.08","32.2","1019.9","-","-"
"2021/02/14","09:00","11.47","344","13.22","31.8","1019.9","-","-"
"2021/02/14","10:00","10.5","345","12.63","32.2","1020.3","-","-"
"2021/02/14","11:00","10.11","344","11.27","32","1020.5","-","-"
"2021/02/14","12:00","7","342","8.55","31.8","1021.2","-","-"
"2021/02/14","13:00","9.91","342","11.86","32.2","1022.3","-","-"
"2021/02/14","14:00","8.36","357","10.5","32.5","1022.7","-","-"
"2021/02/14","15:00","8.36","356","10.69","33.3","1023.1","-","-"
"2021/02/14","16:00","10.69","348","12.05","34","1023.4","-","-"
"2021/02/14","17:00","8.16","1","9.33","34.7","1022.8","-","-"
"2021/02/14","18:00","8.16","357","9.14","35.2","1022.3","-","-"
"2021/02/14","19:00","7.78","10","11.66","35.8","1021.7","-","-"
"2021/02/14","20:00","9.33","4","10.69","35.4","1022.1","-","-"
"2021/02/14","21:00","10.5","8","13.22","35.4","1022.1","-","-"
"2021/02/14","22:00","10.11","11","13.02","35.2","1021.9","-","-"
"2021/02/14","23:00","12.44","10","14.38","34.9","1022","-","-"
"2021/02/15","00:00","9.72","23","13.41","35.1","1021.3","-","-"
"2021/02/15","01:00","8.16","5","11.08","35.2","1021.7","-","-"
"2021/02/15","02:00","9.14","20","11.86","36.1","1021.4","-","-"
"2021/02/15","03:00","10.89","34","12.83","36.5","1021.3","-","-"
"2021/02/15","04:00","12.05","52","14.58","36.7","1018.7","-","-"
"2021/02/15","05:00","13.02","2","15.94","36.5","1019.7","-","-"
"2021/02/15","06:00","8.75","358","11.47","36.7","1020.1","-","-"
"2021/02/15","07:00","9.33","344","11.08","36.3","1020.2","-","-"
"2021/02/15","08:00","7.58","353","10.5","35.6","1019.7","-","-"
"2021/02/15","09:00","9.52","347","11.47","35.6","1019.6","-","-"
"2021/02/15","10:00","7.58","2","9.14","35.6","1019.8","-","-"
"2021/02/15","11:00","6.8","3","9.14","35.4","1019.9","-","-"
"2021/02/15","12:00","7.78","16","10.11","35.6","1020.2","-","-"
"2021/02/15","13:00","6.8","9","8.55","36","1020.6","-","-"
"2021/02/15","14:00","7.58","322","8.75","36.3","1021.5","-","-"
"2021/02/15","15:00","6.61","360","7.78","36.7","1021.2","-","-"
"2021/02/15","16:00","4.08","30","5.83","38.1","1021","-","-"
"2021/02/15","17:00","3.89","60","4.28","39.4","1020.7","-","-"
"2021/02/15","18:00","5.05","95","5.64","39","1019.5","-","-"
"2021/02/15","19:00","5.25","22","5.83","40.5","1019","-","-"
"2021/02/15","20:00","5.25","310","6.41","39.6","1018.7","-","-"
"2021/02/15","21:00","5.05","78","5.64","39.4","1018.2","-","-"
"2021/02/15","22:00","5.83","92","6.41","38.8","1017.7","-","-"
"2021/02/15","23:00","4.08","81","4.47","39","1017.2","-","-"
"2021/02/16","00:00","5.25","81","5.44","39","1016.6","-","-"
"2021/02/16","01:00","7.78","78","8.36","38.7","1015.6","-","-"
"2021/02/16","02:00","7.58","114","8.94","38.8","1014.8","-","-"
"2021/02/16","03:00","7.78","110","9.72","39","1012.8","-","-"
"2021/02/16","04:00","7.19","147","8.94","40.1","1011.5","-","-"
"2021/02/16","05:00","5.83","144","7.58","41.4","1009.8","-","-"
"2021/02/16","06:00","8.55","148","12.25","44.6","1008.1","-","-"
"2021/02/16","07:00","5.83","302","8.75","45.3","1006.8","-","-"
"2021/02/16","08:00","8.36","176","11.66","51.3","1005","-","-"
"2021/02/16","09:00","11.27","190","15.36","55.4","1003.2","-","-"
"2021/02/16","10:00","9.91","202","13.22","58.3","1002.7","-","-"
"2021/02/16","11:00","7","226","10.11","58.3","1003.6","-","-"
"2021/02/16","12:00","12.63","237","18.47","58.8","1004.6","-","-"
"2021/02/16","13:00","8.36","245","11.47","57.6","1005.2","-","-"
"2021/02/16","14:00","10.5","250","15.36","55.6","1006.1","-","-"
"2021/02/16","15:00","14","232","25.66","56.5","1005.6","-","-"
"2021/02/16","16:00","17.3","231","23.13","56.8","1005.6","-","-"
"2021/02/16","17:00","14","245","21.97","56.8","1005.2","-","-"
"2021/02/16","18:00","16.91","233","25.85","58.5","1005","-","-"
"2021/02/16","19:00","18.08","268","25.08","58.1","1005.3","-","-"
"2021/02/16","20:00","20.22","274","27.8","55.8","1007.2","-","-"
"2021/02/16","21:00","15.36","283","23.13","55","1007.9","-","-"
"2021/02/16","22:00","12.25","282","16.91","54.1","1009.5","-","-"
"2021/02/16","23:00","9.52","268","13.8","53.1","1010.8","-","-"
"2021/02/17","00:00","6.03","273","8.36","52","1012.5","-","-"
"2021/02/17","01:00","8.94","276","13.61","51.4","1013.9","-","-"
"2021/02/17","02:00","18.47","315","21.97","46.6","1015.8","-","-"
"2021/02/17","03:00","14","352","19.05","41.9","1018.1","-","-"
"2021/02/17","04:00","11.47","334","13.8","39","1019.4","-","-"
"2021/02/17","05:00","17.11","338","20.41","36","1020.6","-","-"
"2021/02/17","06:00","10.3","339","13.61","34.2","1021.6","-","-"
"2021/02/17","07:00","15.55","351","17.3","32.9","1022.8","-","-"
"2021/02/17","08:00","8.94","353","11.47","31.8","1023.4","-","-"
"2021/02/17","09:00","10.3","347","12.25","30.7","1023.6","-","-"
"2021/02/17","10:00","9.72","359","11.08","30.6","1025.1","-","-"
"2021/02/17","11:00","11.66","5","13.61","29.8","1026.4","-","-"
"2021/02/17","12:00","12.63","358","15.94","29.3","1027.2","-","-"
"2021/02/17","13:00","13.8","358","16.13","29.5","1029.1","-","-"
"2021/02/17","14:00","10.89","6","15.36","30.2","1030.1","-","-"
"2021/02/17","15:00","13.22","10","14.97","31.3","1029.4","-","-"
"2021/02/17","16:00","6.8","27","10.5","33.3","1029.7","-","-"
"2021/02/17","17:00","7","69","10.69","33.6","1029.8","-","-"
"2021/02/17","18:00","8.16","101","11.08","33.8","1029","-","-"
"2021/02/17","19:00","15.75","81","17.3","33.4","1028.5","-","-"
"2021/02/17","20:00","13.22","78","16.52","33.8","1029.1","-","-"
"2021/02/17","21:00","13.61","82","14.97","33.4","1028.5","-","-"
"2021/02/17","22:00","10.3","68","11.86","34","1028.9","-","-"
"2021/02/17","23:00","8.55","61","9.72","34.2","1029.4","-","-"
"2021/02/18","00:00","8.36","51","11.86","34.3","1029.8","-","-"
"2021/02/18","01:00","11.47","76","14","35.1","1030","-","-"
"2021/02/18","02:00","8.94","59","12.44","35.1","1029.5","-","-"
"2021/02/18","03:00","9.52","57","10.69","35.6","1029.4","-","-"
"2021/02/18","04:00","8.94","55","10.89","35.2","1028.7","-","-"
"2021/02/18","05:00","7.58","40","9.33","35.1","1028.4","-","-"
"2021/02/18","06:00","12.63","52","14.97","34.9","1028.3","-","-"
"2021/02/18","07:00","12.83","51","16.52","34.5","1028","-","-"
"2021/02/18","08:00","14.19","48","17.3","32.7","1026.7","-","-"
"2021/02/18","09:00","7.39","47","8.94","32.2","1025.8","-","-"
"2021/02/18","10:00","5.25","20","7.97","32.4","1026.7","-","-"
"2021/02/18","11:00","5.83","23","7.58","32.7","1026.8","-","-"
"2021/02/18","12:00","4.86","20","7","32.7","1026.4","-","-"
"2021/02/18","13:00","4.47","39","6.22","33.8","1024.8","-","-"
"2021/02/18","14:00","12.83","47","17.49","34.3","1023.7","-","-"
"2021/02/18","15:00","10.11","24","12.44","34.7","1023.3","-","-"
"2021/02/18","16:00","15.94","329","20.8","34.5","1025.2","-","-"
"2021/02/18","17:00","14.38","9","18.66","33.8","1023.3","-","-"
"2021/02/18","18:00","9.33","36","14","35.1","1021.1","-","-"
"2021/02/18","19:00","12.44","47","14.58","36","1019.4","-","-"
"2021/02/18","20:00","8.75","326","10.5","37.2","1020.2","-","-"
"2021/02/18","21:00","11.66","318","13.22","37","1020.8","-","-"
"2021/02/18","22:00","10.89","1","13.22","36","1020.6","-","-"
"2021/02/18","23:00","10.5","4","13.02","35.4","1020.9","-","-"
"2021/02/19","00:00","9.14","12","10.89","34.9","1020.6","-","-"
"2021/02/19","01:00","12.44","6","14","34.3","1021.3","-","-"
"2021/02/19","02:00","11.47","341","16.33","33.8","1021.5","-","-"
"2021/02/19","03:00","9.33","328","10.89","33.4","1021.8","-","-"
"2021/02/19","04:00","8.36","1","9.52","33.1","1020","-","-"
"2021/02/19","05:00","10.69","345","11.86","33.4","1019.9","-","-"
"2021/02/19","06:00","6.03","329","7.58","33.8","1019.8","-","-"
"2021/02/19","07:00","10.89","329","12.63","34","1018.9","-","-"
"2021/02/19","08:00","13.02","326","14.77","33.1","1018","-","-"
"2021/02/19","09:00","8.94","331","12.44","33.4","1017.3","-","-"
"2021/02/19","10:00","11.47","321","13.41","33.4","1018.2","-","-"
"2021/02/19","11:00","9.72","339","12.25","33.8","1017.8","-","-"
"2021/02/19","12:00","8.75","348","12.25","33.8","1017.4","-","-"
"2021/02/19","13:00","13.22","326","15.75","34.2","1017.6","-","-"
"2021/02/19","14:00","10.69","343","14.77","34","1017.8","-","-"
"2021/02/19","15:00","12.44","332","14.38","34.2","1017.8","-","-"
"2021/02/19","16:00","8.16","338","9.72","34","1017.5","-","-"
"2021/02/19","17:00","11.66","347","14.19","34","1016.7","-","-"
"2021/02/19","18:00","14","329","16.52","34.5","1017.3","-","-"
"2021/02/19","19:00","14","339","15.36","34.7","1016.7","-","-"
"2021/02/19","20:00","13.41","326","16.52","34.9","1016.4","-","-"
"2021/02/19","21:00","12.44","330","14.38","35.2","1017.4","-","-"
"2021/02/19","22:00","13.22","328","15.55","36.1","1017.8","-","-"
"2021/02/19","23:00","12.25","338","16.33","36.3","1018.4","-","-"
"2021/02/20","00:00","10.3","333","14.58","36.3","1018.9","-","-"
"2021/02/20","01:00","8.94","333","11.27","36.7","1019.5","-","-"
"2021/02/20","02:00","10.3","329","13.61","36.7","1019.8","-","-"
"2021/02/20","03:00","10.5","320","12.63","35.6","1020.1","-","-"
"2021/02/20","04:00","9.91","325","11.66","35.2","1020.7","-","-"
"2021/02/20","05:00","9.52","317","11.86","34.7","1020.8","-","-"
"2021/02/20","06:00","9.91","322","12.44","34.3","1021.4","-","-"
"2021/02/20","07:00","13.02","321","14.58","33.8","1021.7","-","-"
"2021/02/20","08:00","11.08","322","13.02","32.7","1021.8","-","-"
"2021/02/20","09:00","10.69","325","12.25","31.8","1022","-","-"
"2021/02/20","10:00","10.5","333","12.44","30.9","1022.6","-","-"
"2021/02/20","11:00","7.39","340","9.72","30.4","1022.8","-","-"
"2021/02/20","12:00","9.52","324","12.05","30.7","1023.6","-","-"
"2021/02/20","13:00","13.02","323","14.77","30.6","1024.6","-","-"
"2021/02/20","14:00","12.05","313","16.72","31.1","1025.5","-","-"
"2021/02/20","15:00","13.02","328","16.52","31.8","1025.4","-","-"
"2021/02/20","16:00","13.8","324","17.11","32.7","1025.1","-","-"
"2021/02/20","17:00","16.72","324","19.63","33.4","1024.9","-","-"
"2021/02/20","18:00","17.11","318","20.02","34.3","1024.5","-","-"
"2021/02/20","19:00","14.58","322","17.49","35.1","1024.1","-","-"
"2021/02/20","20:00","15.16","334","18.27","36.1","1024.1","-","-"
"2021/02/20","21:00","12.63","319","15.16","37.6","1024.3","-","-"
"2021/02/20","22:00","14.77","298","18.08","37.8","1024.7","-","-"
"2021/02/20","23:00","14.77","331","17.88","36.5","1026.1","-","-"
"2021/02/21","00:00","12.63","292","14.97","35.1","1027.5","-","-"
"2021/02/21","01:00","13.02","307","15.36","34.5","1028.3","-","-"
"2021/02/21","02:00","10.89","333","13.22","33.1","1029.5","-","-"
"2021/02/21","03:00","11.66","322","14.58","31.1","1030.8","-","-"
"2021/02/21","04:00","14.58","336","20.22","30.4","1031.8","-","-"
"2021/02/21","05:00","16.33","330","20.41","30.2","1032.5","-","-"
"2021/02/21","06:00","13.8","332","18.27","29.7","1033.1","-","-"
"2021/02/21","07:00","12.83","329","15.36","28.8","1033.7","-","-"
"2021/02/21","08:00","12.63","333","15.55","28.4","1034.1","-","-"
"2021/02/21","09:00","12.05","343","15.16","27.9","1034.1","-","-"
"2021/02/21","10:00","12.25","320","14.19","27.7","1035","-","-"
"2021/02/21","11:00","9.33","329","11.86","27.3","1035.2","-","-"
"2021/02/21","12:00","9.91","332","12.63","26.8","1035.6","-","-"
"2021/02/21","13:00","8.75","314","10.3","27.5","1036.6","-","-"
"2021/02/21","14:00","10.89","341","13.61","28.9","1037.3","-","-"
"2021/02/21","15:00","5.25","6","7.78","30.7","1037.3","-","-"
"2021/02/21","16:00","4.67","57","9.14","32.9","1037.3","-","-"
"2021/02/21","17:00","7.58","88","10.3","33.1","1036.6","-","-"
"2021/02/21","18:00","7.78","83","9.52","32.7","1035.7","-","-"
"2021/02/21","19:00","7.58","89","8.36","32.9","1035.4","-","-"
"2021/02/21","20:00","7","110","8.75","34.2","1035.2","-","-"
"2021/02/21","21:00","8.36","90","8.94","34.7","1034.6","-","-"
"2021/02/21","22:00","8.16","98","9.33","33.8","1034.3","-","-"
"2021/02/21","23:00","3.89","135","6.61","33.8","1034.1","-","-"
"2021/02/22","00:00","4.67","145","7.19","33.3","1034.1","-","-"
"2021/02/22","01:00","3.5","167","4.67","33.3","1034","-","-"
"2021/02/22","02:00","3.89","152","5.25","33.3","1033.8","-","-"
"2021/02/22","03:00","4.47","171","6.8","33.1","1033.3","-","-"
"2021/02/22","04:00","4.67","181","6.03","32.2","1032.6","-","-"
"2021/02/22","05:00","4.08","156","5.64","32","1032.1","-","-"
"2021/02/22","06:00","2.92","178","5.05","31.8","1031.3","-","-"
"2021/02/22","07:00","4.67","160","6.61","31.8","1030.4","-","-"
"2021/02/22","08:00","1.94","144","3.11","31.1","1029","-","-"
"2021/02/22","09:00","2.14","180","2.92","31.1","1027.9","-","-"
"2021/02/22","10:00","1.94","181","2.92","31.8","1027.3","-","-"
"2021/02/22","11:00","3.69","149","5.05","32.7","1026","-","-"
"2021/02/22","12:00","7","179","9.14","35.1","1024.5","-","-"
"2021/02/22","13:00","7.19","156","8.94","36.9","1022.5","-","-"
"2021/02/22","14:00","12.05","170","14.38","41","1020.2","-","-"
"2021/02/22","15:00","13.8","190","19.83","46.8","1018","-","-"
"2021/02/22","16:00","18.47","186","26.63","49.8","1016","-","-"
"2021/02/22","17:00","11.08","186","21.58","53.6","1014.1","-","-"
"2021/02/22","18:00","14.97","198","22.16","57","1011.2","-","-"
"2021/02/22","19:00","14.58","206","24.3","59.7","1008.9","-","-"
"2021/02/22","20:00","13.61","284","17.49","41","1012.4","-","-"
"2021/02/22","21:00","10.11","242","12.83","41.9","1011.8","-","-"
"2021/02/22","22:00","10.69","223","15.16","43","1009.9","-","-"
"2021/02/22","23:00","9.33","226","13.02","43.9","1010.2","-","-"
"2021/02/23","00:00","8.36","235","12.25","43.7","1011.2","-","-"
"2021/02/23","01:00","9.52","232","13.41","44.2","1011.1","-","-"
"2021/02/23","02:00","10.5","232","14.38","44.6","1011.3","-","-"
"2021/02/23","03:00","9.33","246","12.25","44.4","1011.6","-","-"
"2021/02/23","04:00","5.44","275","6.61","43.5","1011.6","-","-"
"2021/02/23","05:00","6.8","283","8.55","42.8","1011.6","-","-"
"2021/02/23","06:00","3.89","274","6.03","42.4","1011.6","-","-"
"2021/02/23","07:00","3.89","266","5.64","40.8","1011.5","-","-"
"2021/02/23","08:00","4.08","247","5.44","40.1","1010.8","-","-"
"2021/02/23","09:00","4.08","260","5.44","39.4","1010.9","-","-"
"2021/02/23","10:00","2.14","218","2.53","37.4","1011.1","-","-"
"2021/02/23","11:00","0.78","178","2.53","36.3","1011.3","-","-"
"2021/02/23","12:00","2.92","257","4.08","37.2","1011.5","-","-"
"2021/02/23","13:00","4.08","275","5.44","40.3","1012","-","-"
"2021/02/23","14:00","7.97","250","9.91","43","1011.4","-","-"
"2021/02/23","15:00","11.47","240","14.38","46.8","1010.3","-","-"
"2021/02/23","16:00","13.8","221","19.44","50","1009.6","-","-"
"2021/02/23","17:00","13.8","239","20.02","53.2","1008.5","-","-"
"2021/02/23","18:00","17.11","252","21.58","55.4","1007.7","-","-"
"2021/02/23","19:00","14.77","242","20.8","57.6","1007.4","-","-"
"2021/02/23","20:00","12.63","262","23.13","59.5","1007.1","-","-"
"2021/02/23","21:00","14.38","261","19.83","61.3","1007.5","-","-"
"2021/02/23","22:00","11.27","295","14.19","60.6","1008.3","-","-"
"2021/02/23","23:00","3.5","248","3.69","60.1","1009.9","-","-"
"2021/02/24","00:00","7","244","8.75","57.7","1011.7","-","-"
"2021/02/24","01:00","3.89","299","4.86","50.4","1013","-","-"
"2021/02/24","02:00","3.69","312","4.67","46.6","1014","-","-"
"2021/02/24","03:00","0.97","68","1.36","45.9","1014.6","-","-"
"2021/02/24","04:00","3.11","197","4.47","44.1","1015.5","-","-"
"2021/02/24","05:00","3.89","196","4.86","43","1016.4","-","-"
"2021/02/24","06:00","1.36","334","2.14","42.4","1017.3","-","-"
"2021/02/24","07:00","4.08","301","4.28","39.9","1017.8","-","-"
"2021/02/24","08:00","3.69","328","4.47","39.7","1018","-","-"
"2021/02/24","09:00","2.33","184","2.72","39","1018.4","-","-"
"2021/02/24","10:00","0.58","29","0.97","37.6","1019.1","-","-"
"2021/02/24","11:00","2.92","176","3.3","37","1020.2","-","-"
"2021/02/24","12:00","1.36","218","2.33","36.9","1020.7","-","-"
"2021/02/24","13:00","1.94","104","2.72","40.1","1021","-","-"
"2021/02/24","14:00","5.83","142","9.91","46.6","1020.5","-","-"
"2021/02/24","15:00","9.33","147","14","51.6","1020.1","-","-"
"2021/02/24","16:00","12.44","155","16.13","54.9","1019.7","-","-"
"2021/02/24","17:00","8.36","195","15.36","57.9","1019.2","-","-"
"2021/02/24","18:00","11.66","207","15.36","60.4","1018","-","-"
"2021/02/24","19:00","7.58","216","10.69","63","1016.6","-","-"
"2021/02/24","20:00","7.78","187","10.89","64.4","1015.7","-","-"
"2021/02/24","21:00","9.33","220","15.55","66.6","1014.8","-","-"
"2021/02/24","22:00","5.25","217","10.89","67.3","1013.9","-","-"
"2021/02/24","23:00","1.75","204","3.69","49.8","1013.7","-","-"
"2021/02/25","00:00","2.33","190","4.86","52.5","1013.3","-","-"
"2021/02/25","01:00","5.25","199","8.16","60.8","1012.7","-","-"
"2021/02/25","02:00","6.22","185","8.94","59.2","1012.7","-","-"
"2021/02/25","03:00","9.14","210","12.44","59.5","1012.9","-","-"
"2021/02/25","04:00","9.52","217","13.41","59","1012.7","-","-"
"2021/02/25","05:00","12.83","224","16.33","59","1012.3","-","-"
"2021/02/25","06:00","13.61","226","18.86","58.5","1012.1","-","-"
"2021/02/25","07:00","13.22","231","18.47","57.6","1012.1","-","-"
"2021/02/25","08:00","11.86","235","15.94","56.5","1012.2","-","-"
"2021/02/25","09:00","14.19","269","17.49","56.8","1013.3","-","-"
"2021/02/25","10:00","10.5","310","13.02","49.5","1014.9","-","-"
"2021/02/25","11:00","8.94","338","12.44","49.6","1016.4","-","-"
"2021/02/25","12:00","10.89","342","15.94","51.1","1018.1","-","-"
"2021/02/25","13:00","14.38","359","17.88","50.9","1019.9","-","-"
"2021/02/25","14:00","17.11","4","20.41","49.8","1021","-","-"
"2021/02/25","15:00","14.77","5","17.69","49.8","1022.1","-","-"
"2021/02/25","16:00","12.83","17","14","50.5","1022.5","-","-"
"2021/02/25","17:00","10.69","23","13.02","51.4","1022.4","-","-"
"2021/02/25","18:00","4.47","312","5.64","51.1","1022.3","-","-"
"2021/02/25","19:00","12.25","100","13.61","46.9","1022.1","-","-"
"2021/02/25","20:00","12.44","99","14.19","45.5","1022.3","-","-"
"2021/02/25","21:00","12.05","88","13.61","45.9","1022.6","-","-"
"2021/02/25","22:00","7.39","124","8.16","45.9","1022.8","-","-"
"2021/02/25","23:00","6.8","113","8.16","45","1023.3","-","-"
"2021/02/26","00:00","4.08","111","4.86","44.1","1024.1","-","-"
"2021/02/26","01:00","3.5","86","3.89","43","1024.5","-","-"
"2021/02/26","02:00","3.69","104","4.47","43.5","1024.7","-","-"
"2021/02/26","03:00","5.44","154","6.41","44.6","1025","-","-"
"2021/02/26","04:00","5.44","170","6.22","43.3","1025.1","-","-"
"2021/02/26","05:00","0","165","1.56","41.9","1025.3","-","-"
"2021/02/26","06:00","3.69","331","4.67","40.3","1025.7","-","-"
"2021/02/26","07:00","4.86","313","5.44","39.2","1026.1","-","-"
"2021/02/26","08:00","1.94","334","3.5","39","1026.2","-","-"
"2021/02/26","09:00","0.78","320","1.75","39.4","1026.8","-","-"
"2021/02/26","10:00","2.92","15","3.3","39.7","1027.3","-","-"
"2021/02/26","11:00","1.36","276","2.33","40.5","1028.3","-","-"
"2021/02/26","12:00","1.75","70","2.92","41.2","1028.9","-","-"
"2021/02/26","13:00","0.58","156","1.56","41.5","1030.3","-","-"
"2021/02/26","14:00","5.64","62","7","43","1030.8","-","-"
"2021/02/26","15:00","7","53","8.75","43.9","1031.2","-","-"
"2021/02/26","16:00","5.25","76","6.41","43.5","1031.1","-","-"
"2021/02/26","17:00","8.94","65","11.47","43.7","1030.6","-","-"
"2021/02/26","18:00","9.33","91","10.5","42.8","1029.6","-","-"
"2021/02/26","19:00","11.27","85","13.22","43","1029.1","-","-"
"2021/02/26","20:00","10.11","81","13.22","42.8","1029.1","-","-"
"2021/02/26","21:00","9.91","54","12.05","43","1029","-","-"
"2021/02/26","22:00","6.8","80","10.3","43.7","1029.2","-","-"
"2021/02/26","23:00","8.36","53","9.72","44.1","1029.3","-","-"
"2021/02/27","00:00","10.3","57","11.66","43.3","1029","-","-"
"2021/02/27","01:00","11.86","55","13.41","43.2","1028.8","-","-"
"2021/02/27","02:00","13.02","65","14.58","43.2","1028","-","-"
"2021/02/27","03:00","13.61","82","14.77","42.4","1027.2","-","-"
"2021/02/27","04:00","7","88","8.75","42.6","1027","-","-"
"2021/02/27","05:00","9.72","86","10.5","42.8","1025.6","-","-"
"2021/02/27","06:00","10.69","111","13.02","43.9","1024.1","-","-"
"2021/02/27","07:00","9.33","137","12.25","45","1023.2","-","-"
"2021/02/27","08:00","14.58","134","17.11","46.9","1021.2","-","-"
"2021/02/27","09:00","5.83","153","8.94","48.9","1020.1","-","-"
"2021/02/27","10:00","2.72","321","3.5","48.6","1020","-","-"
"2021/02/27","11:00","2.53","319","3.3","46","1019.6","-","-"
"2021/02/27","12:00","4.86","278","5.64","49.5","1019.4","-","-"
"2021/02/27","13:00","6.03","262","8.75","48","1020.2","-","-"
"2021/02/27","14:00","9.33","268","11.08","45.7","1020.9","-","-"
"2021/02/27","15:00","8.75","271","10.5","45.5","1020.6","-","-"
"2021/02/27","16:00","8.55","233","11.27","45.3","1020.2","-","-"
"2021/02/27","17:00","13.8","239","19.05","51.1","1019.7","-","-"
"2021/02/27","18:00","15.16","247","18.66","52","1019.3","-","-"
"2021/02/27","19:00","9.72","262","13.02","52.7","1019.3","-","-"
"2021/02/27","20:00","12.44","260","17.69","52.3","1019.6","-","-"
"2021/02/27","21:00","9.52","253","13.8","52.5","1019.8","-","-"
"2021/02/27","22:00","7.78","263","12.83","52.3","1020.7","-","-"
"2021/02/27","23:00","6.8","246","9.52","52.3","1021.2","-","-"
"2021/02/28","00:00","6.61","286","8.75","52.7","1022.3","-","-"
"2021/02/28","01:00","2.53","288","3.89","50.9","1022.9","-","-"
"2021/02/28","02:00","0.97","275","1.36","50.7","1023.3","-","-"
"2021/02/28","03:00","1.17","17","1.36","49.3","1024.2","-","-"
"2021/02/28","04:00","2.53","151","2.92","45.9","1025.4","-","-"
"2021/02/28","05:00","2.92","159","3.11","48.6","1024.8","-","-"
"2021/02/28","06:00","0.58","60","1.36","46.9","1025.3","-","-"
"2021/02/28","07:00","0.58","99","2.14","45.1","1024.9","-","-"
"2021/02/28","08:00","2.72","78","4.28","45.1","1024.6","-","-"
"2021/02/28","09:00","3.3","88","4.28","45.1","1024.5","-","-"
"2021/02/28","10:00","8.75","98","10.11","46.8","1024.6","-","-"
"2021/02/28","11:00","10.5","117","11.86","48.6","1023.9","-","-"
"2021/02/28","12:00","11.86","119","14.38","48.9","1023.1","-","-"
"2021/02/28","13:00","10.69","114","14.58","48.7","1023.2","-","-"
"2021/02/28","14:00","9.91","92","12.44","46.6","1022.9","-","-"
"2021/02/28","15:00","11.66","72","12.83","44.8","1022.3","-","-"
"2021/02/28","16:00","8.94","87","10.69","44.6","1021.3","-","-"
"2021/02/28","17:00","7","70","8.36","44.8","1020.2","-","-"
"2021/02/28","18:00","8.75","73","9.72","44.8","1018.4","-","-"
"2021/02/28","19:00","4.08","59","5.44","46.2","1017.9","-","-"
"2021/02/28","20:00","6.22","98","7","47.3","1016.9","-","-"
"2021/02/28","21:00","5.64","7","7.97","47.8","1017.1","-","-"
"2021/02/28","22:00","1.75","130","2.14","49.1","1015.6","-","-"
"2021/02/28","23:00","4.28","117","4.86","46.9","1015.3","-","-"
"2021/03/01","00:00","4.47","78","5.05","47.7","1015.1","-","-"
"2021/03/01","01:00","2.14","101","3.3","46.4","1014.4","-","-"
"2021/03/01","02:00","1.36","115","2.53","46.2","1013.7","-","-"
"2021/03/01","03:00","2.33","115","3.69","48","1012.6","-","-"
"2021/03/01","04:00","1.94","101","2.53","49.6","1011.4","-","-"
"2021/03/01","05:00","2.92","32","3.69","45.3","1010.7","-","-"
"2021/03/01","06:00","7.39","206","10.5","56.5","1009.7","-","-"
"2021/03/01","07:00","10.69","208","14.19","63","1008.8","-","-"
"2021/03/01","08:00","9.52","219","15.55","65.5","1007.5","-","-"
"2021/03/01","09:00","8.36","243","12.25","66","1006.9","-","-"
"2021/03/01","10:00","10.11","222","15.16","65.7","1006.8","-","-"
"2021/03/01","11:00","10.5","227","18.27","65.8","1006.4","-","-"
"2021/03/01","12:00","12.44","310","18.47","50.4","1007.1","-","-"
"2021/03/01","13:00","8.55","315","9.14","51.3","1008","-","-"
"2021/03/01","14:00","5.83","298","8.36","54.9","1008","-","-"
"2021/03/01","15:00","12.63","254","15.94","57.2","1008.5","-","-"
"2021/03/01","16:00","7.78","238","10.89","57.6","1008.5","-","-"
"2021/03/01","17:00","9.72","235","13.8","58.8","1007.6","-","-"
"2021/03/01","18:00","11.27","235","15.55","59","1007","-","-"
"2021/03/01","19:00","11.86","242","14.58","59.9","1006","-","-"
"2021/03/01","20:00","18.66","337","26.05","53.2","1009.4","-","-"
"2021/03/01","21:00","9.33","296","22.16","48.7","1010.2","-","-"
"2021/03/01","22:00","4.67","291","6.03","48.6","1010.5","-","-"
"2021/03/01","23:00","6.03","313","6.41","49.3","1012.6","-","-"
"2021/03/02","00:00","3.69","285","4.86","48.6","1014.1","-","-"
"2021/03/02","01:00","3.5","325","4.47","47.8","1014.5","-","-"
"2021/03/02","02:00","9.72","318","10.3","48.2","1015.7","-","-"
"2021/03/02","03:00","11.86","316","15.75","48.2","1016.3","-","-"
"2021/03/02","04:00","11.66","319","13.41","46.9","1017","-","-"
"2021/03/02","05:00","13.22","330","17.3","46.8","1017.8","-","-"
"2021/03/02","06:00","11.86","325","13.8","45.3","1019.1","-","-"
"2021/03/02","07:00","11.86","337","15.36","44.4","1019.7","-","-"
"2021/03/02","08:00","7.78","349","9.33","42.3","1020.6","-","-"
"2021/03/02","09:00","6.61","334","8.36","40.3","1021.4","-","-"
"2021/03/02","10:00","7.58","330","9.33","39.2","1022.7","-","-"
"2021/03/02","11:00","7.78","334","9.14","37.9","1023.6","-","-"
"2021/03/02","12:00","10.69","340","16.52","37.2","1024.7","-","-"
"2021/03/02","13:00","4.08","346","6.41","37","1025.7","-","-"
"2021/03/02","14:00","7.78","331","12.25","37.9","1026.2","-","-"
"2021/03/02","15:00","13.8","351","18.66","39","1026.3","-","-"
"2021/03/02","16:00","10.5","334","15.36","39.7","1026","-","-"
"2021/03/02","17:00","13.41","304","15.94","39.7","1026.2","-","-"
"2021/03/02","18:00","8.36","315","10.3","40.3","1025.3","-","-"
"2021/03/02","19:00","7.19","313","8.36","41.7","1025","-","-"
"2021/03/02","20:00","11.08","95","12.83","38.3","1024.8","-","-"
"2021/03/02","21:00","7.97","83","8.36","38.3","1024.6","-","-"
"2021/03/02","22:00","4.47","108","6.41","38.7","1023.7","-","-"
"2021/03/02","23:00","4.86","104","7.97","38.1","1023.6","-","-"
"2021/03/03","00:00","3.3","136","4.67","37.9","1024","-","-"
"2021/03/03","01:00","2.72","146","4.08","37","1023.4","-","-"
"2021/03/03","02:00","5.64","167","7.39","36.7","1022.8","-","-"
"2021/03/03","03:00","6.41","195","9.14","37.4","1022","-","-"
"2021/03/03","04:00","7","193","8.55","37.2","1021.5","-","-"
"2021/03/03","05:00","5.44","203","8.16","36.9","1021","-","-"
"2021/03/03","06:00","3.11","201","5.05","36.9","1020.6","-","-"
"2021/03/03","07:00","6.8","211","9.14","36.1","1019.7","-","-"
"2021/03/03","08:00","5.83","208","8.75","36","1019","-","-"
"2021/03/03","09:00","8.75","213","11.08","36.5","1018.2","-","-"
"2021/03/03","10:00","3.69","210","4.86","35.8","1018","-","-"
"2021/03/03","11:00","3.89","178","4.47","34.7","1018.6","-","-"
"2021/03/03","12:00","1.36","207","2.92","34.7","1018.1","-","-"
"2021/03/03","13:00","1.36","142","1.94","38.1","1017.5","-","-"
"2021/03/03","14:00","1.17","205","2.14","42.8","1017.9","-","-"
"2021/03/03","15:00","5.83","230","7.39","46.9","1017.2","-","-"
"2021/03/03","16:00","2.53","282","4.86","48.7","1016.6","-","-"
"2021/03/03","17:00","4.67","332","6.8","48.2","1015.5","-","-"
"2021/03/03","18:00","2.92","72","3.89","50.4","1014.6","-","-"
"2021/03/03","19:00","6.8","79","7.58","49.1","1013.6","-","-"
"2021/03/03","20:00","7.39","83","7.97","49.6","1012.9","-","-"
"2021/03/03","21:00","6.8","86","6.8","49.5","1012.3","-","-"
"2021/03/03","22:00","1.56","48","3.69","52","1011.8","-","-"
"2021/03/03","23:00","2.33","3","2.92","48","1012.3","-","-"
"2021/03/04","00:00","0.78","119","2.92","45.7","1012.7","-","-"
"2021/03/04","01:00","0","139","0","44.4","1012.6","-","-"
"2021/03/04","02:00","2.33","201","2.72","43.5","1012.7","-","-"
"2021/03/04","03:00","0.97","229","1.17","42.4","1012.8","-","-"
"2021/03/04","04:00","1.36","196","2.14","42.1","1012.8","-","-"
"2021/03/04","05:00","1.36","220","2.33","42.6","1012.5","-","-"
"2021/03/04","06:00","0","320","0.58","43","1012.4","-","-"
"2021/03/04","07:00","2.92","316","3.69","41.2","1012.4","-","-"
"2021/03/04","08:00","2.92","267","3.69","41.7","1011.9","-","-"
"2021/03/04","09:00","3.3","277","3.69","43","1011.8","-","-"
"2021/03/04","10:00","5.25","298","6.41","41.2","1011.9","-","-"
"2021/03/04","11:00","5.83","267","6.03","41.7","1011.9","-","-"
"2021/03/04","12:00","6.61","291","7","42.3","1012.3","-","-"
"2021/03/04","13:00","7.58","329","9.52","44.8","1013.4","-","-"
"2021/03/04","14:00","11.08","309","12.63","45","1013.4","-","-"
"2021/03/04","15:00","10.69","305","11.66","47.8","1013.2","-","-"
"2021/03/04","16:00","10.3","299","11.66","50.2","1012.9","-","-"
"2021/03/04","17:00","11.27","308","13.8","50.5","1012.6","-","-"
"2021/03/04","18:00","10.11","325","11.27","51.4","1011.8","-","-"
"2021/03/04","19:00","9.72","99","12.25","46.6","1011.2","-","-"
"2021/03/04","20:00","6.03","119","9.72","50.2","1010.7","-","-"
"2021/03/04","21:00","7.97","102","9.52","48.4","1010.5","-","-"
"2021/03/04","22:00","5.44","130","6.41","48.6","1010.5","-","-"
"2021/03/04","23:00","5.83","147","6.41","47.5","1011.1","-","-"
"2021/03/05","00:00","1.75","45","3.89","45.9","1012.1","-","-"
"2021/03/05","01:00","11.27","346","12.63","48.4","1012.8","-","-"
"2021/03/05","02:00","15.36","339","19.44","47.1","1013.9","-","-"
"2021/03/05","03:00","12.83","339","16.13","44.8","1014.5","-","-"
"2021/03/05","04:00","10.3","336","14.38","42.8","1015.1","-","-"
"2021/03/05","05:00","13.41","339","17.11","41.4","1015.4","-","-"
"2021/03/05","06:00","12.63","341","15.36","39.7","1015.7","-","-"
"2021/03/05","07:00","16.13","348","21.19","37.6","1016.1","-","-"
"2021/03/05","08:00","16.91","337","21.97","36.1","1016.4","-","-"
"2021/03/05","09:00","16.33","333","20.02","34.5","1016.9","-","-"
"2021/03/05","10:00","14.77","337","17.69","33.6","1017.5","-","-"
"2021/03/05","11:00","15.16","321","19.24","32.5","1017.9","-","-"
"2021/03/05","12:00","20.22","321","24.49","32.5","1018.5","-","-"
"2021/03/05","13:00","18.08","334","21.58","32.5","1019.2","-","-"
"2021/03/05","14:00","21.19","319","27.02","33.4","1019.4","-","-"
"2021/03/05","15:00","18.47","309","21.58","34.3","1019.3","-","-"
"2021/03/05","16:00","17.3","306","22.16","35.2","1019","-","-"
"2021/03/05","17:00","14.38","304","20.6","36.5","1018.8","-","-"
"2021/03/05","18:00","16.72","319","21.77","38.3","1017.9","-","-"
"2021/03/05","19:00","18.66","329","20.99","39.9","1017.1","-","-"
"2021/03/05","20:00","11.27","312","14","41.5","1016.7","-","-"
"2021/03/05","21:00","11.27","310","16.52","43.7","1016.4","-","-"
"2021/03/05","22:00","16.33","322","19.83","44.6","1016.4","-","-"
"2021/03/05","23:00","17.3","319","20.99","44.8","1016.4","-","-"
"2021/03/06","00:00","9.52","298","11.47","43.9","1017.1","-","-"
"2021/03/06","01:00","5.44","293","6.61","42.8","1017.7","-","-"
"2021/03/06","02:00","2.92","293","3.3","39.6","1018.2","-","-"
"2021/03/06","03:00","3.5","283","4.08","39.9","1019.2","-","-"
"2021/03/06","04:00","4.28","239","4.67","35.4","1019.7","-","-"
"2021/03/06","05:00","5.83","272","6.22","38.8","1019.6","-","-"
"2021/03/06","06:00","5.05","294","7","38.3","1019.8","-","-"
"2021/03/06","07:00","8.36","296","10.89","39.4","1020.1","-","-"
"2021/03/06","08:00","10.5","330","12.63","38.1","1020.6","-","-"
"2021/03/06","09:00","6.8","333","9.14","36.1","1021.1","-","-"
"2021/03/06","10:00","3.69","355","5.83","35.1","1021.3","-","-"
"2021/03/06","11:00","2.14","234","2.92","34.9","1021.4","-","-"
"2021/03/06","12:00","1.36","244","1.94","34.7","1021.7","-","-"
"2021/03/06","13:00","5.44","235","7.58","36.3","1022.3","-","-"
"2021/03/06","14:00","3.69","328","5.05","39.2","1022.6","-","-"
"2021/03/06","15:00","9.72","331","12.05","41.4","1021.9","-","-"
"2021/03/06","16:00","10.11","319","13.22","42.4","1021.5","-","-"
"2021/03/06","17:00","8.16","236","14.38","44.1","1021","-","-"
"2021/03/06","18:00","9.14","258","15.75","45.9","1020.5","-","-"
"2021/03/06","19:00","14.58","273","20.41","46.9","1019.6","-","-"
"2021/03/06","20:00","13.02","263","20.22","48.4","1019.5","-","-"
"2021/03/06","21:00","11.66","318","14.58","48.6","1019.5","-","-"
"2021/03/06","22:00","10.5","359","12.44","46.8","1020","-","-"
"2021/03/06","23:00","12.44","79","13.61","42.8","1020.5","-","-"
"2021/03/07","00:00","11.08","88","12.05","42.8","1021.1","-","-"
"2021/03/07","01:00","12.44","69","14","43.7","1021.7","-","-"
"2021/03/07","02:00","5.83","107","8.94","42.6","1022.7","-","-"
"2021/03/07","03:00","4.86","106","5.83","41.9","1023.5","-","-"
"2021/03/07","04:00","1.36","252","1.56","40.1","1023.9","-","-"
"2021/03/07","05:00","4.28","33","6.03","40.3","1024","-","-"
"2021/03/07","06:00","7","35","7.78","39.6","1024.4","-","-"
"2021/03/07","07:00","4.67","34","5.25","38.5","1024.6","-","-"
"2021/03/07","08:00","9.72","45","10.69","37.9","1024.5","-","-"
"2021/03/07","09:00","7.39","40","8.55","37.2","1024.9","-","-"
"2021/03/07","10:00","7.78","41","8.75","37.2","1025.7","-","-"
"2021/03/07","11:00","6.03","34","7.19","36.5","1026.2","-","-"
"2021/03/07","12:00","6.61","17","8.75","35.6","1026.8","-","-"
"2021/03/07","13:00","7.78","20","9.91","36.7","1027.8","-","-"
"2021/03/07","14:00","6.61","26","9.33","38.5","1028.2","-","-"
"2021/03/07","15:00","2.53","291","3.5","39.4","1028.4","-","-"
"2021/03/07","16:00","9.14","301","11.27","39.9","1028.3","-","-"
"2021/03/07","17:00","9.91","304","12.05","40.6","1028.1","-","-"
"2021/03/07","18:00","11.66","307","13.41","41.9","1027.2","-","-"
"2021/03/07","19:00","13.02","304","14.58","43","1026.5","-","-"
"2021/03/07","20:00","9.91","306","11.47","44.2","1026.5","-","-"
"2021/03/07","21:00","9.33","92","11.27","41","1026.6","-","-"
"2021/03/07","22:00","10.11","101","12.05","41","1026.9","-","-"
"2021/03/07","23:00","6.61","116","8.55","41","1027.3","-","-"
"2021/03/08","00:00","7","64","7.58","40.8","1028.3","-","-"
"2021/03/08","01:00","5.44","74","6.61","40.5","1028.9","-","-"
"2021/03/08","02:00","1.94","177","2.53","37.8","1029.3","-","-"
"2021/03/08","03:00","1.56","175","2.14","36.1","1029.8","-","-"
"2021/03/08","04:00","1.94","192","2.33","34.5","1030","-","-"
"2021/03/08","05:00","0.58","277","0.97","33.8","1030.2","-","-"
"2021/03/08","06:00","1.36","276","2.14","34.3","1030.3","-","-"
"2021/03/08","07:00","2.14","271","2.72","33.1","1030.6","-","-"
"2021/03/08","08:00","2.53","271","3.11","33.6","1030.6","-","-"
"2021/03/08","09:00","1.75","230","2.53","32.7","1031","-","-"
"2021/03/08","10:00","4.86","274","5.83","34.7","1031.6","-","-"
"2021/03/08","11:00","4.08","270","4.86","33.4","1032.1","-","-"
"2021/03/08","12:00","2.53","266","3.3","32.9","1032.5","-","-"
"2021/03/08","13:00","6.03","297","6.61","36","1033.2","-","-"
"2021/03/08","14:00","6.61","313","7.78","38.3","1033.6","-","-"
"2021/03/08","15:00","6.22","323","7.39","41.4","1033.7","-","-"
"2021/03/08","16:00","5.44","323","7.78","43.9","1033.3","-","-"
"2021/03/08","17:00","8.75","330","10.11","45.9","1032.6","-","-"
"2021/03/08","18:00","6.61","326","7.97","47.1","1031.8","-","-"
"2021/03/08","19:00","9.14","332","9.52","48.6","1030.9","-","-"
"2021/03/08","20:00","5.64","326","7","49.3","1030.8","-","-"
"2021/03/08","21:00","3.5","352","4.47","52","1030.7","-","-"
"2021/03/08","22:00","10.3","71","11.27","45.7","1030.8","-","-"
"2021/03/08","23:00","4.67","85","5.05","45.7","1031.3","-","-"
"2021/03/09","00:00","2.72","108","3.5","44.6","1031.8","-","-"
"2021/03/09","01:00","1.75","198","2.14","42.4","1032.1","-","-"
"2021/03/09","02:00","0.19","149","0.78","41","1032.1","-","-"
"2021/03/09","03:00","0.97","109","1.36","39.6","1032.1","-","-"
"2021/03/09","04:00","2.14","205","2.92","40.5","1032","-","-"
"2021/03/09","05:00","1.56","105","2.14","41.7","1031.6","-","-"
"2021/03/09","06:00","2.72","228","3.69","41.7","1031.7","-","-"
"2021/03/09","07:00","8.16","212","9.52","43.5","1031.2","-","-"
"2021/03/09","08:00","3.69","221","5.25","42.4","1030.7","-","-"
"2021/03/09","09:00","6.03","216","7.58","42.6","1030.7","-","-"
"2021/03/09","10:00","9.33","224","11.08","44.2","1030.8","-","-"
"2021/03/09","11:00","9.72","217","11.86","43.9","1031","-","-"
"2021/03/09","12:00","8.75","216","10.89","44.8","1031.3","-","-"
"2021/03/09","13:00","10.11","215","12.44","46.4","1031.3","-","-"
"2021/03/09","14:00","4.47","263","7.58","50.5","1031.7","-","-"
"2021/03/09","15:00","4.28","259","8.16","53.2","1031.6","-","-"
"2021/03/09","16:00","2.33","8","3.5","55.4","1031.1","-","-"
"2021/03/09","17:00","1.56","59","2.53","57.6","1030.5","-","-"
"2021/03/09","18:00","2.92","94","4.28","56.3","1029.6","-","-"
"2021/03/09","19:00","5.25","278","7.97","64.9","1028.6","-","-"
"2021/03/09","20:00","4.28","235","10.11","66.7","1028.2","-","-"
"2021/03/09","21:00","6.8","243","11.47","68","1027.7","-","-"
"2021/03/09","22:00","6.22","214","8.36","67.8","1027.8","-","-"
"2021/03/09","23:00","3.11","212","4.67","66","1028.1","-","-"
"2021/03/10","00:00","4.67","202","5.64","62.1","1028.4","-","-"
"2021/03/10","01:00","5.44","200","6.41","61","1028.5","-","-"
"2021/03/10","02:00","5.83","197","6.41","58.6","1028.6","-","-"
"2021/03/10","03:00","6.22","204","7.78","59","1028.8","-","-"
"2021/03/10","04:00","6.8","203","8.55","58.5","1029","-","-"
"2021/03/10","05:00","7.58","217","9.33","57.6","1028.9","-","-"
"2021/03/10","06:00","1.56","116","2.33","55","1029.1","-","-"
"2021/03/10","07:00","1.36","138","1.75","53.8","1029.2","-","-"
"2021/03/10","08:00","0.78","172","2.33","52.5","1028.9","-","-"
"2021/03/10","09:00","1.17","192","2.72","51.3","1029.1","-","-"
"2021/03/10","10:00","2.72","210","3.3","51.3","1029.6","-","-"
"2021/03/10","11:00","2.33","205","2.92","50.2","1029.9","-","-"
"2021/03/10","12:00","2.33","173","3.11","47.1","1030.2","-","-"
"2021/03/10","13:00","0.78","132","0.97","50","1030.8","-","-"
"2021/03/10","14:00","3.3","74","3.5","49.6","1031.3","-","-"
"2021/03/10","15:00","1.56","63","2.53","53.4","1031.1","-","-"
"2021/03/10","16:00","8.75","77","9.91","51.4","1031.2","-","-"
"2021/03/10","17:00","11.08","59","11.66","50.2","1031","-","-"
"2021/03/10","18:00","11.66","91","13.61","52.7","1030.1","-","-"
"2021/03/10","19:00","8.36","113","9.14","61.7","1029.2","-","-"
"2021/03/10","20:00","9.72","122","11.27","63.9","1028.9","-","-"
"2021/03/10","21:00","9.72","118","10.3","63.5","1028.4","-","-"
"2021/03/10","22:00","7.78","145","9.52","64.2","1028","-","-"
"2021/03/10","23:00","6.61","147","7.58","62.6","1028.4","-","-"
"2021/03/11","00:00","5.83","151","6.61","58.3","1028.8","-","-"
"2021/03/11","01:00","7.39","175","10.11","61","1029","-","-"
"2021/03/11","02:00","7.19","183","8.94","60.8","1028.8","-","-"
"2021/03/11","03:00","8.55","189","12.63","60.3","1028.6","-","-"
"2021/03/11","04:00","7.19","199","10.11","59.2","1028.8","-","-"
"2021/03/11","05:00","8.94","201","12.44","58.3","1028.4","-","-"
"2021/03/11","06:00","9.14","203","14","57.7","1028.2","-","-"
"2021/03/11","07:00","9.14","220","12.05","56.3","1028.4","-","-"
"2021/03/11","08:00","7.58","209","10.11","55.2","1028.1","-","-"
"2021/03/11","09:00","8.55","216","11.66","54.9","1028.1","-","-"
"2021/03/11","10:00","8.55","212","10.3","54.7","1028.3","-","-"
"2021/03/11","11:00","8.55","221","10.89","54","1029.1","-","-"
"2021/03/11","12:00","8.94","207","11.86","53.1","1028.9","-","-"
"2021/03/11","13:00","8.55","221","12.05","54.3","1029.6","-","-"
"2021/03/11","14:00","10.5","226","14.77","57.9","1029.8","-","-"
"2021/03/11","15:00","7.97","223","13.41","61.7","1029.1","-","-"
"2021/03/11","16:00","8.16","230","15.55","65.7","1028.3","-","-"
"2021/03/11","17:00","13.22","221","23.52","68.9","1027","-","-"
"2021/03/11","18:00","11.66","228","23.13","70","1025.9","-","-"
"2021/03/11","19:00","12.63","210","23.13","70.9","1024.7","-","-"
"2021/03/11","20:00","15.36","219","21.58","72","1023.9","-","-"
"2021/03/11","21:00","16.91","217","22.94","73.4","1023.3","-","-"
"2021/03/11","22:00","9.72","205","15.36","72.5","1022.9","-","-"
"2021/03/11","23:00","10.5","201","14.58","70.7","1022.8","-","-"
"2021/03/12","00:00","8.94","218","12.25","68.7","1023.5","-","-"
"2021/03/12","01:00","7.78","221","9.91","66.7","1024.1","-","-"
"2021/03/12","02:00","9.91","216","13.22","65.7","1024.1","-","-"
"2021/03/12","03:00","9.91","221","14.19","64.9","1024.2","-","-"
"2021/03/12","04:00","11.47","223","15.36","64","1024","-","-"
"2021/03/12","05:00","14","220","19.44","61.7","1023.4","-","-"
"2021/03/12","06:00","13.02","223","22.35","61","1023.2","-","-"
"2021/03/12","07:00","14","227","20.8","60.4","1023.2","-","-"
"2021/03/12","08:00","15.16","225","19.63","59.7","1022.5","-","-"
"2021/03/12","09:00","16.72","226","20.8","59.2","1022.1","-","-"
"2021/03/12","10:00","14.77","221","20.41","58.1","1022.2","-","-"
"2021/03/12","11:00","14.77","224","18.47","57.4","1022.3","-","-"
"2021/03/12","12:00","16.33","228","20.41","57.9","1022","-","-"
"2021/03/12","13:00","8.55","241","14.77","58.8","1023","-","-"
"2021/03/12","14:00","14","249","17.49","61","1023","-","-"
"2021/03/12","15:00","13.8","259","19.63","64.6","1022.5","-","-"
"2021/03/12","16:00","18.47","269","27.6","67.3","1022.5","-","-"
"2021/03/12","17:00","11.86","270","17.88","69.1","1022.1","-","-"
"2021/03/12","18:00","8.36","293","15.55","69.8","1021.2","-","-"
"2021/03/12","19:00","7.78","302","10.11","69.1","1020.3","-","-"
"2021/03/12","20:00","12.05","292","14","69.3","1020.6","-","-"
"2021/03/12","21:00","11.47","288","16.72","68","1020.5","-","-"
"2021/03/12","22:00","9.72","303","12.63","66.7","1020.3","-","-"
"2021/03/12","23:00","10.5","265","12.83","67.8","1019.7","-","-"
"2021/03/13","00:00","3.5","274","4.08","65.5","1020.3","-","-"
"2021/03/13","01:00","2.33","353","2.92","60.1","1020.6","-","-"
"2021/03/13","02:00","1.75","280","2.14","61","1020.6","-","-"
"2021/03/13","03:00","10.89","270","13.8","64.9","1020.5","-","-"
"2021/03/13","04:00","11.08","310","11.66","56.7","1021","-","-"
"2021/03/13","05:00","7.78","300","7.97","56.1","1021.4","-","-"
"2021/03/13","06:00","7.19","314","7.58","53.6","1021.8","-","-"
"2021/03/13","07:00","4.08","293","4.86","54.7","1021.9","-","-"
"2021/03/13","08:00","5.05","290","6.22","54","1021.9","-","-"
"2021/03/13","09:00","4.86","312","5.64","51.8","1022.4","-","-"
"2021/03/13","10:00","5.83","314","6.22","52","1023.2","-","-"
"2021/03/13","11:00","7.19","330","9.33","53.1","1023.9","-","-"
"2021/03/13","12:00","7.19","339","9.52","52.7","1025.1","-","-"
"2021/03/13","13:00","10.11","344","11.86","54.7","1026.3","-","-"
"2021/03/13","14:00","11.66","5","13.22","54.5","1027.3","-","-"
"2021/03/13","15:00","11.66","16","13.8","53.1","1027.8","-","-"
"2021/03/13","16:00","12.63","64","15.75","50.2","1027.9","-","-"
"2021/03/13","17:00","7.78","65","10.3","49.5","1027.7","-","-"
"2021/03/13","18:00","11.08","85","12.44","48.4","1026.9","-","-"
"2021/03/13","19:00","9.91","100","13.41","48.2","1026.4","-","-"
"2021/03/13","20:00","10.11","97","11.47","48.2","1025.8","-","-"
"2021/03/13","21:00","7.19","86","7.97","48","1025.4","-","-"
"2021/03/13","22:00","5.05","84","5.64","48.9","1024.6","-","-"
"2021/03/13","23:00","3.89","120","5.05","48.6","1024.5","-","-"
"2021/03/14","00:00","5.05","149","6.22","47.3","1024.1","-","-"
"2021/03/14","01:00","4.86","174","6.22","46.4","1023.9","-","-"
"2021/03/14","02:00","6.03","191","7.19","46.9","1023.5","-","-"
"2021/03/14","03:00","7","202","10.89","47.5","1023","-","-"
"2021/03/14","04:00","11.27","208","14.19","46.8","1022.6","-","-"
"2021/03/14","05:00","13.22","215","17.88","46.6","1021.8","-","-"
"2021/03/14","06:00","12.44","219","15.55","46.2","1021.2","-","-"
"2021/03/14","07:00","7.78","232","14.19","46.4","1021.4","-","-"
"2021/03/14","08:00","7.78","308","8.94","46.4","1021.5","-","-"
"2021/03/14","09:00","4.08","3","4.47","45","1021.3","-","-"
"2021/03/14","10:00","1.75","249","2.33","41.4","1021.1","-","-"
"2021/03/14","11:00","1.94","252","2.53","39.7","1020.9","-","-"
"2021/03/14","12:00","0","226","0.78","41.9","1020.9","-","-"
"2021/03/14","13:00","2.33","283","3.3","46.6","1021.2","-","-"
"2021/03/14","14:00","4.47","280","5.64","47.1","1021.2","-","-"
"2021/03/14","15:00","8.16","308","9.14","50.2","1020.9","-","-"
"2021/03/14","16:00","9.33","305","13.02","52.7","1020.3","-","-"
"2021/03/14","17:00","8.94","329","9.91","56.7","1019.2","-","-"
"2021/03/14","18:00","8.16","321","9.52","57.6","1017.8","-","-"
"2021/03/14","19:00","14.19","272","18.66","61.2","1016.3","-","-"
"2021/03/14","20:00","15.36","269","20.41","62.1","1015.8","-","-"
"2021/03/14","21:00","13.22","282","17.3","62.2","1015.6","-","-"
"2021/03/14","22:00","9.72","282","12.44","61.7","1015.4","-","-"
"2021/03/14","23:00","8.75","265","11.08","61","1016","-","-"
"2021/03/15","00:00","11.08","258","15.75","60.3","1016.7","-","-"
"2021/03/15","01:00","10.69","339","11.66","56.8","1018.4","-","-"
"2021/03/15","02:00","13.61","2","19.63","57.4","1019.6","-","-"
"2021/03/15","03:00","18.27","2","26.63","56.3","1020.9","-","-"
"2021/03/15","04:00","19.24","347","24.88","54.1","1021.6","-","-"
"2021/03/15","05:00","17.11","358","22.94","51.8","1022.2","-","-"
"2021/03/15","06:00","17.88","357","23.71","49.8","1022.7","-","-"
"2021/03/15","07:00","18.86","353","26.05","48.2","1023.2","-","-"
"2021/03/15","08:00","11.66","351","23.13","46","1024.1","-","-"
"2021/03/15","09:00","18.27","351","21.97","44.2","1025","-","-"
"2021/03/15","10:00","13.02","359","17.49","42.8","1025.7","-","-"
"2021/03/15","11:00","12.83","354","17.69","40.8","1026.9","-","-"
"2021/03/15","12:00","13.22","3","15.36","39","1027.6","-","-"
"2021/03/15","13:00","11.08","358","13.61","39.2","1028.6","-","-"
"2021/03/15","14:00","8.16","2","14.97","39.2","1029.5","-","-"
"2021/03/15","15:00","5.05","44","11.86","40.5","1029.8","-","-"
"2021/03/15","16:00","4.86","4","8.55","41.7","1029.4","-","-"
"2021/03/15","17:00","8.94","50","14","42.8","1029.1","-","-"
"2021/03/15","18:00","9.72","88","13.22","41.9","1028.4","-","-"
"2021/03/15","19:00","11.66","107","12.83","41.9","1028","-","-"
"2021/03/15","20:00","9.33","94","11.47","42.4","1027.7","-","-"
"2021/03/15","21:00","12.44","99","15.36","41.4","1027.4","-","-"
"2021/03/15","22:00","9.33","78","11.47","42.1","1027.4","-","-"
"2021/03/15","23:00","12.63","82","15.55","41.4","1027.4","-","-"
"2021/03/16","00:00","7.58","70","9.33","41.9","1027.6","-","-"
"2021/03/16","01:00","6.03","101","8.55","41.5","1027.4","-","-"
"2021/03/16","02:00","7.97","109","9.52","41.7","1027.1","-","-"
"2021/03/16","03:00","3.89","232","4.86","41.5","1028.5","-","-"
"2021/03/16","04:00","4.08","211","5.83","41.4","1028.6","-","-"
"2021/03/16","05:00","6.41","174","7.58","39.7","1027.2","-","-"
"2021/03/16","06:00","4.08","222","5.25","39","1027.2","-","-"
"2021/03/16","07:00","6.41","212","7.58","36.3","1026.5","-","-"
"2021/03/16","08:00","5.44","208","6.8","36.5","1025.6","-","-"
"2021/03/16","09:00","4.08","176","6.41","36.7","1024.7","-","-"
"2021/03/16","10:00","5.25","154","7.19","37.2","1024.9","-","-"
"2021/03/16","11:00","5.25","137","7","37.2","1024.5","-","-"
"2021/03/16","12:00","5.05","151","7.19","37.2","1024.3","-","-"
"2021/03/16","13:00","3.3","167","6.22","38.1","1024.7","-","-"
"2021/03/16","14:00","6.22","152","8.75","38.8","1024.3","-","-"
"2021/03/16","15:00","4.67","134","7.19","40.1","1024.1","-","-"
"2021/03/16","16:00","7","131","10.89","41.2","1023.3","-","-"
"2021/03/16","17:00","7.97","132","11.08","41.7","1022.8","-","-"
"2021/03/16","18:00","10.3","133","12.44","41.9","1021.3","-","-"
"2021/03/16","19:00","7.97","113","9.91","41.7","1020.6","-","-"
"2021/03/16","20:00","9.52","86","10.89","41.7","1020.2","-","-"
"2021/03/16","21:00","11.08","76","12.25","42.3","1019.7","-","-"
"2021/03/16","22:00","11.86","66","13.22","42.6","1019.3","-","-"
"2021/03/16","23:00","10.69","65","12.63","43.2","1019.6","-","-"
"2021/03/17","00:00","12.05","63","13.61","43.2","1019.1","-","-"
"2021/03/17","01:00","10.89","66","12.05","43.7","1018.8","-","-"
"2021/03/17","02:00","7.19","47","7.97","43.7","1018.5","-","-"
"2021/03/17","03:00","6.03","35","7","43.9","1018","-","-"
"2021/03/17","04:00","6.8","8","7.97","43.9","1018","-","-"
"2021/03/17","05:00","6.8","345","10.5","43.5","1017.8","-","-"
"2021/03/17","06:00","7.58","333","8.75","43.7","1017.7","-","-"
"2021/03/17","07:00","6.41","343","7.39","43.9","1017.7","-","-"
"2021/03/17","08:00","5.83","340","8.75","44.1","1017.4","-","-"
"2021/03/17","09:00","5.25","343","6.61","43.9","1017.7","-","-"
"2021/03/17","10:00","7.58","352","9.91","43.7","1018.2","-","-"
"2021/03/17","11:00","8.36","352","10.11","43.7","1018.8","-","-"
"2021/03/17","12:00","5.64","341","8.94","43.9","1019.3","-","-"
"2021/03/17","13:00","4.47","339","6.8","44.2","1019.7","-","-"
"2021/03/17","14:00","7.97","360","9.33","45.1","1020.1","-","-"
"2021/03/17","15:00","7.19","19","10.5","46.2","1020.3","-","-"
"2021/03/17","16:00","6.8","29","8.55","46.6","1020.3","-","-"
"2021/03/17","17:00","7.19","17","8.75","46.9","1020.6","-","-"
"2021/03/17","18:00","8.55","36","9.91","47.7","1019.7","-","-"
"2021/03/17","19:00","2.92","85","3.3","47.3","1019.2","-","-"
"2021/03/17","20:00","1.17","245","2.14","48","1019.3","-","-"
"2021/03/17","21:00","0.97","284","1.36","48.9","1019.3","-","-"
"2021/03/17","22:00","4.67","330","5.25","49.1","1019.3","-","-"
"2021/03/17","23:00","2.72","143","3.11","48.6","1019.3","-","-"
"2021/03/18","00:00","4.47","93","4.67","49.1","1019.7","-","-"
"2021/03/18","01:00","6.03","114","7.39","47.5","1020.2","-","-"
"2021/03/18","02:00","7.19","97","8.55","46.4","1020","-","-"
"2021/03/18","03:00","6.61","119","7.58","47.1","1019.9","-","-"
"2021/03/18","04:00","5.44","126","7.97","47.3","1019.1","-","-"
"2021/03/18","05:00","7","130","8.16","47.3","1018.5","-","-"
"2021/03/18","06:00","6.8","105","8.16","46.9","1018.1","-","-"
"2021/03/18","07:00","2.33","82","2.53","46.9","1018.2","-","-"
"2021/03/18","08:00","4.28","96","6.03","46.9","1016.9","-","-"
"2021/03/18","09:00","3.3","99","4.67","46.9","1016.7","-","-"
"2021/03/18","10:00","2.33","94","2.92","47.1","1016.4","-","-"
"2021/03/18","11:00","7.97","84","8.94","46.8","1015.3","-","-"
"2021/03/18","12:00","5.64","81","6.22","46.6","1014.6","-","-"
"2021/03/18","13:00","8.36","114","9.91","47.3","1013.5","-","-"
"2021/03/18","14:00","8.94","138","11.66","48.9","1012.3","-","-"
"2021/03/18","15:00","7.58","144","10.89","48.9","1011.8","-","-"
"2021/03/18","16:00","4.47","135","5.83","49.3","1011","-","-"
"2021/03/18","17:00","4.86","43","5.44","48.4","1010.3","-","-"
"2021/03/18","18:00","6.03","84","6.61","48","1008.7","-","-"
"2021/03/18","19:00","4.86","63","5.25","48.4","1007.1","-","-"
"2021/03/18","20:00","4.67","59","5.05","48.6","1005.6","-","-"
"2021/03/18","21:00","3.11","47","3.69","50.2","1004.6","-","-"
"2021/03/18","22:00","3.3","59","6.41","52.3","1003.5","-","-"
"2021/03/18","23:00","1.56","282","4.28","57.9","1003.2","-","-"
"2021/03/19","00:00","3.3","100","4.28","56.7","1001.9","-","-"
"2021/03/19","01:00","9.72","357","17.88","57.7","1003.5","-","-"
"2021/03/19","02:00","6.41","316","9.52","54.1","1003.7","-","-"
"2021/03/19","03:00","5.64","152","6.22","53.6","1003","-","-"
"2021/03/19","04:00","6.41","33","7.97","53.1","1003.5","-","-"
"2021/03/19","05:00","11.08","12","14","53.4","1004.1","-","-"
"2021/03/19","06:00","17.49","27","24.49","50.7","1005","-","-"
"2021/03/19","07:00","19.24","35","25.66","47.8","1006.6","-","-"
"2021/03/19","08:00","16.52","23","23.52","46.8","1007.2","-","-"
"2021/03/19","09:00","19.63","45","26.24","46.6","1008.4","-","-"
"2021/03/19","10:00","21.58","37","28.57","45.5","1009.5","-","-"
"2021/03/19","11:00","22.35","20","25.46","43.9","1011.2","-","-"
"2021/03/19","12:00","22.94","26","29.55","42.8","1012.8","-","-"
"2021/03/19","13:00","25.46","33","29.74","41.5","1015.1","-","-"
"2021/03/19","14:00","21.19","14","29.35","37.8","1017.5","-","-"
"2021/03/19","15:00","19.83","21","26.63","37.8","1018.6","-","-"
"2021/03/19","16:00","16.33","17","20.8","41.5","1019.7","-","-"
"2021/03/19","17:00","26.63","21","32.46","43.2","1021","-","-"
"2021/03/19","18:00","25.66","24","35.96","43.3","1022","-","-"
"2021/03/19","19:00","22.94","9","28.38","43.7","1022.9","-","-"
"2021/03/19","20:00","20.99","35","27.6","44.8","1023.4","-","-"
"2021/03/19","21:00","18.08","21","25.08","44.8","1024","-","-"
"2021/03/19","22:00","20.22","28","26.82","45.3","1025","-","-"
"2021/03/19","23:00","15.16","14","17.3","45","1025.9","-","-"
"2021/03/20","00:00","8.55","360","10.3","43.3","1026.6","-","-"
"2021/03/20","01:00","5.83","12","8.75","42.3","1027.4","-","-"
"2021/03/20","02:00","11.86","83","14","41.9","1028.6","-","-"
"2021/03/20","03:00","10.89","38","12.63","40.8","1029.3","-","-"
"2021/03/20","04:00","9.14","51","11.86","40.8","1029.6","-","-"
"2021/03/20","05:00","9.52","38","12.63","40.5","1029.8","-","-"
"2021/03/20","06:00","9.52","38","10.89","40.6","1030.4","-","-"
"2021/03/20","07:00","7.97","42","9.91","41","1031.1","-","-"
"2021/03/20","08:00","7","29","10.5","40.8","1031.3","-","-"
"2021/03/20","09:00","7.19","13","9.72","38.8","1031.6","-","-"
"2021/03/20","10:00","7","18","15.75","40.1","1032.1","-","-"
"2021/03/20","11:00","12.83","41","16.13","41.2","1032.8","-","-"
"2021/03/20","12:00","13.61","44","17.88","41.2","1033.6","-","-"
"2021/03/20","13:00","16.72","45","20.6","41.7","1034.2","-","-"
"2021/03/20","14:00","16.33","59","19.44","42.4","1034.8","-","-"
"2021/03/20","15:00","14.19","43","16.91","43","1035.1","-","-"
"2021/03/20","16:00","10.69","43","13.02","43.7","1035.2","-","-"
"2021/03/20","17:00","9.33","62","12.25","44.6","1034.8","-","-"
"2021/03/20","18:00","9.14","41","12.63","45.5","1034.3","-","-"
"2021/03/20","19:00","11.86","42","14.77","45.9","1033.8","-","-"
"2021/03/20","20:00","12.25","29","13.61","46.9","1033.5","-","-"
"2021/03/20","21:00","8.75","48","12.63","47.5","1033.2","-","-"
"2021/03/20","22:00","8.36","28","10.69","47.5","1033","-","-"
"2021/03/20","23:00","7.19","28","8.16","47.1","1033.2","-","-"
"2021/03/21","00:00","5.25","44","6.22","46.2","1033","-","-"
"2021/03/21","01:00","5.83","52","7.19","45.7","1033.1","-","-"
"2021/03/21","02:00","8.36","67","11.27","45","1033.3","-","-"
"2021/03/21","03:00","8.36","50","10.3","44.4","1033.3","-","-"
"2021/03/21","04:00","5.83","48","6.8","43","1033.3","-","-"
"2021/03/21","05:00","5.83","42","6.8","41.9","1033.1","-","-"
"2021/03/21","06:00","5.44","42","6.8","41.2","1032.9","-","-"
"2021/03/21","07:00","7.19","39","8.94","40.8","1032.2","-","-"
"2021/03/21","08:00","4.28","41","6.03","40.8","1032","-","-"
"2021/03/21","09:00","7.58","39","9.33","41.7","1032.1","-","-"
"2021/03/21","10:00","4.86","43","5.83","42.1","1032.3","-","-"
"2021/03/21","11:00","3.69","23","5.05","41.9","1032.7","-","-"
"2021/03/21","12:00","3.89","352","5.05","41.4","1033","-","-"
"2021/03/21","13:00","2.92","11","4.86","45.1","1033.1","-","-"
"2021/03/21","14:00","6.61","44","9.14","49.3","1033.3","-","-"
"2021/03/21","15:00","10.11","56","12.63","50.9","1033.9","-","-"
"2021/03/21","16:00","8.55","66","9.91","50.9","1033.6","-","-"
"2021/03/21","17:00","8.55","76","9.14","51.4","1032.6","-","-"
"2021/03/21","18:00","8.16","84","8.94","51.8","1032","-","-"
"2021/03/21","19:00","9.52","96","10.69","52.5","1031.5","-","-"
"2021/03/21","20:00","9.91","103","11.66","53.4","1031.3","-","-"
"2021/03/21","21:00","10.69","96","11.66","52","1031.1","-","-"
"2021/03/21","22:00","7.58","85","8.36","50.5","1030.8","-","-"
"2021/03/21","23:00","7.78","89","8.36","49.6","1031","-","-"
"2021/03/22","00:00","8.75","65","11.08","49.5","1030.6","-","-"
"2021/03/22","01:00","6.61","40","8.16","48.4","1030.2","-","-"
"2021/03/22","02:00","8.94","48","10.89","47.5","1030","-","-"
"2021/03/22","03:00","5.44","46","7.39","47.3","1029.6","-","-"
"2021/03/22","04:00","5.44","31","6.8","46.9","1029.2","-","-"
"2021/03/22","05:00","4.86","33","5.64","46.8","1028.7","-","-"
"2021/03/22","06:00","5.05","17","6.41","46.8","1028","-","-"
"2021/03/22","07:00","4.28","5","5.64","46.9","1027.3","-","-"
"2021/03/22","08:00","5.05","14","6.61","46.9","1026.6","-","-"
"2021/03/22","09:00","7.39","15","9.52","47.5","1026.3","-","-"
"2021/03/22","10:00","6.03","21","7.97","47.3","1026.2","-","-"
"2021/03/22","11:00","10.89","27","12.05","47.5","1026.2","-","-"
"2021/03/22","12:00","7.97","21","9.72","48","1026.4","-","-"
"2021/03/22","13:00","7.39","11","11.08","49.6","1026.7","-","-"
"2021/03/22","14:00","9.14","9","11.08","51.3","1026.7","-","-"
"2021/03/22","15:00","7.58","20","9.14","53.4","1026.7","-","-"
"2021/03/22","16:00","8.55","42","13.61","55.4","1026.2","-","-"
"2021/03/22","17:00","11.66","59","14.77","56.1","1025.6","-","-"
"2021/03/22","18:00","16.33","61","19.83","57.2","1024.8","-","-"
"2021/03/22","19:00","15.75","56","18.66","57.9","1024.1","-","-"
"2021/03/22","20:00","13.8","74","15.55","55.8","1023.6","-","-"
"2021/03/22","21:00","12.44","73","13.8","55.4","1023.2","-","-"
"2021/03/22","22:00","10.3","71","12.44","55.9","1023.1","-","-"
"2021/03/22","23:00","9.52","43","11.08","55.9","1022.8","-","-"
"2021/03/23","00:00","8.75","40","10.3","54.3","1022.7","-","-"
"2021/03/23","01:00","12.63","47","15.16","54.1","1022.7","-","-"
"2021/03/23","02:00","15.36","41","19.24","53.2","1022.5","-","-"
"2021/03/23","03:00","12.05","32","14.19","52","1022.4","-","-"
"2021/03/23","04:00","8.16","22","12.63","50.7","1022.7","-","-"
"2021/03/23","05:00","9.33","36","12.25","50.5","1022.1","-","-"
"2021/03/23","06:00","8.36","33","10.5","50.2","1022.1","-","-"
"2021/03/23","07:00","7.78","35","11.27","49.8","1021.4","-","-"
"2021/03/23","08:00","8.94","35","10.5","49.6","1020.8","-","-"
"2021/03/23","09:00","5.25","22","8.36","49.6","1020.8","-","-"
"2021/03/23","10:00","4.86","23","6.61","50","1021.1","-","-"
"2021/03/23","11:00","7.78","40","11.08","49.5","1021.4","-","-"
"2021/03/23","12:00","9.52","20","11.47","48.9","1022.2","-","-"
"2021/03/23","13:00","7.58","34","9.33","49.6","1022.4","-","-"
"2021/03/23","14:00","7.19","45","9.14","51.4","1022.5","-","-"
"2021/03/23","15:00","7","30","7.97","54.9","1022.8","-","-"
"2021/03/23","16:00","6.41","71","7.39","55.8","1022.8","-","-"
"2021/03/23","17:00","6.8","81","8.75","56.1","1022.4","-","-"
"2021/03/23","18:00","10.3","70","11.66","57.2","1021.7","-","-"
"2021/03/23","19:00","8.36","88","9.52","55.8","1021","-","-"
"2021/03/23","20:00","7.78","76","10.5","56.3","1020.5","-","-"
"2021/03/23","21:00","9.14","87","9.91","55.2","1020.4","-","-"
"2021/03/23","22:00","9.91","75","10.69","55.2","1020","-","-"
"2021/03/23","23:00","5.83","97","10.89","54.1","1019.9","-","-"
"2021/03/24","00:00","9.72","72","10.69","52.9","1020","-","-"
"2021/03/24","01:00","7.97","77","9.91","52.2","1020.3","-","-"
"2021/03/24","02:00","9.52","80","11.66","51.3","1020.6","-","-"
"2021/03/24","03:00","7.78","81","8.75","51.4","1020","-","-"
"2021/03/24","04:00","4.86","81","6.03","52","1019.9","-","-"
"2021/03/24","05:00","4.28","79","5.05","52","1019","-","-"
"2021/03/24","06:00","4.47","81","4.86","52.2","1018.3","-","-"
"2021/03/24","07:00","5.05","60","5.44","52.3","1017.7","-","-"
"2021/03/24","08:00","4.08","56","6.03","52.9","1017","-","-"
"2021/03/24","09:00","5.83","71","6.8","53.1","1016.7","-","-"
"2021/03/24","10:00","6.22","75","7.78","53.1","1016.8","-","-"
"2021/03/24","11:00","7.58","106","9.72","53.2","1016.2","-","-"
"2021/03/24","12:00","7","123","7.78","54.5","1016.6","-","-"
"2021/03/24","13:00","5.44","112","7.39","55","1016.7","-","-"
"2021/03/24","14:00","7.78","105","8.55","54.3","1016.1","-","-"
"2021/03/24","15:00","7.97","110","8.94","55.2","1015.9","-","-"
"2021/03/24","16:00","9.14","83","9.72","53.8","1015.2","-","-"
"2021/03/24","17:00","9.91","93","11.47","55.2","1014.2","-","-"
"2021/03/24","18:00","9.33","114","11.27","59","1012.7","-","-"
"2021/03/24","19:00","4.67","316","4.86","55","1012.7","-","-"
"2021/03/24","20:00","10.69","247","14","61.3","1012.5","-","-"
"2021/03/24","21:00","9.14","259","13.22","59.4","1013","-","-"
"2021/03/24","22:00","9.33","255","13.61","59.2","1013.4","-","-"
"2021/03/24","23:00","7.39","260","10.5","59.4","1014","-","-"
"2021/03/25","00:00","7.78","246","11.86","60.1","1014.8","-","-"
"2021/03/25","01:00","10.5","252","14.38","60.1","1016","-","-"
"2021/03/25","02:00","11.08","260","16.33","60.3","1016.8","-","-"
"2021/03/25","03:00","5.25","253","6.61","59.5","1017.2","-","-"
"2021/03/25","04:00","4.67","222","5.25","58.5","1016.9","-","-"
"2021/03/25","05:00","5.64","206","7.78","57.7","1017","-","-"
"2021/03/25","06:00","2.14","214","2.92","57.2","1016.9","-","-"
"2021/03/25","07:00","2.92","214","4.86","57","1016.5","-","-"
"2021/03/25","08:00","2.53","204","3.11","55","1016.6","-","-"
"2021/03/25","09:00","10.69","213","14.38","58.3","1017","-","-"
"2021/03/25","10:00","6.22","204","7.78","57.9","1017.3","-","-"
"2021/03/25","11:00","8.75","209","10.3","58.3","1018.1","-","-"
"2021/03/25","12:00","7.78","208","9.72","58.8","1018.8","-","-"
"2021/03/25","13:00","8.75","210","11.27","61","1019.4","-","-"
"2021/03/25","14:00","6.8","219","8.36","63.7","1019.9","-","-"
"2021/03/25","15:00","5.64","217","8.75","66.2","1019.8","-","-"
"2021/03/25","16:00","7.39","236","9.52","69.6","1019.4","-","-"
"2021/03/25","17:00","6.22","198","9.33","71.8","1018.7","-","-"
"2021/03/25","18:00","7.78","196","14.19","72.9","1018","-","-"
"2021/03/25","19:00","7.78","217","10.3","74.1","1017.1","-","-"
"2021/03/25","20:00","3.69","238","7.39","72","1017.4","-","-"
"2021/03/25","21:00","9.14","216","11.47","74.7","1017.2","-","-"
"2021/03/25","22:00","5.44","224","6.61","74.1","1016.8","-","-"
"2021/03/25","23:00","2.33","226","4.08","73.9","1016.5","-","-"
"2021/03/26","00:00","4.47","172","5.83","67.8","1016.2","-","-"
"2021/03/26","01:00","12.25","179","18.08","71.2","1015.4","-","-"
"2021/03/26","02:00","13.61","189","18.27","70.5","1015.3","-","-"
"2021/03/26","03:00","11.66","196","18.08","70","1014.9","-","-"
"2021/03/26","04:00","11.08","199","15.75","69.8","1015","-","-"
"2021/03/26","05:00","17.11","207","23.52","70.2","1014.6","-","-"
"2021/03/26","06:00","12.44","217","17.3","69.6","1014.2","-","-"
"2021/03/26","07:00","12.05","214","15.75","68.5","1013.4","-","-"
"2021/03/26","08:00","12.44","208","15.75","68.7","1012.7","-","-"
"2021/03/26","09:00","10.3","208","14.19","68.4","1012.2","-","-"
"2021/03/26","10:00","8.94","199","14.77","67.6","1011.6","-","-"
"2021/03/26","11:00","10.11","203","13.02","68.4","1011.6","-","-"
"2021/03/26","12:00","9.52","211","12.25","69.3","1011.3","-","-"
"2021/03/26","13:00","17.3","220","23.33","72","1011.6","-","-"
"2021/03/26","14:00","16.72","231","25.66","73.6","1011.9","-","-"
"2021/03/26","15:00","-","-","-","-","-","-","-"
"2021/03/26","16:00","-","-","-","-","-","-","-"
"2021/03/26","17:00","21.58","231","28.19","77.5","1011.1","-","-"
"2021/03/26","18:00","15.55","244","22.94","79.7","1011.1","-","-"
"2021/03/26","19:00","19.24","233","28.19","81","1010.4","-","-"
"2021/03/26","20:00","15.36","252","21.38","81.5","1010.7","-","-"
"2021/03/26","21:00","19.24","249","25.08","82.9","1010.8","-","-"
"2021/03/26","22:00","13.41","252","20.8","81.9","1011.4","-","-"
"2021/03/26","23:00","10.69","279","14.38","80.4","1012.6","-","-"
"2021/03/27","00:00","8.75","255","11.27","79.5","1013.5","-","-"
"2021/03/27","01:00","6.61","246","8.16","77.2","1014.9","-","-"
"2021/03/27","02:00","7","221","8.94","73.8","1015.7","-","-"
"2021/03/27","03:00","3.11","343","4.47","70.2","1017.3","-","-"
"2021/03/27","04:00","5.05","349","6.03","69.1","1018","-","-"
"2021/03/27","05:00","6.41","346","6.61","66.6","1018.2","-","-"
"2021/03/27","06:00","5.05","85","5.44","58.8","1018.9","-","-"
"2021/03/27","07:00","3.89","80","4.28","58.1","1019.4","-","-"
"2021/03/27","08:00","3.69","113","3.69","56.8","1019.6","-","-"
"2021/03/27","09:00","5.25","101","5.44","56.1","1020.1","-","-"
"2021/03/27","10:00","6.61","104","6.8","56.5","1020.8","-","-"
"2021/03/27","11:00","2.53","142","2.92","55","1021.8","-","-"
"2021/03/27","12:00","3.5","45","3.69","56.8","1022.5","-","-"
"2021/03/27","13:00","5.44","96","5.83","57","1023","-","-"
"2021/03/27","14:00","6.41","80","7.19","56.8","1022.8","-","-"
"2021/03/27","15:00","5.05","101","7","59","1022.9","-","-"
"2021/03/27","16:00","9.91","88","11.27","58.3","1022.7","-","-"
"2021/03/27","17:00","9.52","101","11.86","60.4","1022.7","-","-"
"2021/03/27","18:00","13.22","106","15.75","61.2","1021.5","-","-"
"2021/03/27","19:00","13.02","98","14.19","60.4","1021","-","-"
"2021/03/27","20:00","11.86","134","15.36","61.2","1020.8","-","-"
"2021/03/27","21:00","8.75","115","10.69","60.4","1020.4","-","-"
"2021/03/27","22:00","1.75","349","4.67","56.8","1022.5","-","-"
"2021/03/27","23:00","11.08","112","14","56.5","1019.9","-","-"
"2021/03/28","00:00","8.94","162","10.3","57","1018.2","-","-"
"2021/03/28","01:00","5.83","148","7","56.8","1018.9","-","-"
"2021/03/28","02:00","1.56","71","1.75","56.1","1019.2","-","-"
"2021/03/28","03:00","1.17","143","3.11","56.3","1018.5","-","-"
"2021/03/28","04:00","2.72","185","4.08","56.3","1017.4","-","-"
"2021/03/28","05:00","5.25","136","6.22","56.5","1015.7","-","-"
"2021/03/28","06:00","3.3","95","4.08","57.2","1015","-","-"
"2021/03/28","07:00","2.72","65","3.11","56.5","1015.2","-","-"
"2021/03/28","08:00","2.72","77","4.08","56.5","1012.9","-","-"
"2021/03/28","09:00","1.36","137","3.11","57.9","1012.9","-","-"
"2021/03/28","10:00","2.92","197","4.67","60.3","1012.9","-","-"
"2021/03/28","11:00","4.67","174","6.22","60.6","1010.9","-","-"
"2021/03/28","12:00","8.36","217","10.5","62.1","1011.7","-","-"
"2021/03/28","13:00","9.72","219","12.63","63.9","1011.8","-","-"
"2021/03/28","14:00","9.14","210","11.66","66","1010.5","-","-"
"2021/03/28","15:00","9.33","198","14.97","68.2","1009.8","-","-"
"2021/03/28","16:00","11.86","221","20.8","73.2","1008.6","-","-"
"2021/03/28","17:00","19.05","216","27.8","77","1007.4","-","-"
"2021/03/28","18:00","12.83","232","24.3","77.2","1006.7","-","-"
"2021/03/28","19:00","11.08","227","16.33","77.5","1005.5","-","-"
"2021/03/28","20:00","19.24","209","27.41","78.6","1002.1","-","-"
"2021/03/28","21:00","18.66","217","25.08","80.1","1002.2","-","-"
"2021/03/28","22:00","14.19","226","19.24","78.8","1001.4","-","-"
"2021/03/28","23:00","17.69","218","23.33","77","1001.6","-","-"
"2021/03/29","00:00","12.63","236","19.44","74.3","1002.7","-","-"
"2021/03/29","01:00","11.66","237","17.3","74.1","1003.8","-","-"
"2021/03/29","02:00","24.69","322","30.13","64.4","1006.6","-","-"
"2021/03/29","03:00","15.94","263","27.99","58.6","1009.1","-","-"
"2021/03/29","04:00","16.33","294","20.6","59","1010.4","-","-"
"2021/03/29","05:00","28.38","300","35.96","57.2","1012.1","-","-"
"2021/03/29","06:00","21.38","306","28.38","54.9","1013.6","-","-"
"2021/03/29","07:00","21.38","298","27.41","53.2","1014.7","-","-"
"2021/03/29","08:00","19.83","300","26.24","52","1015.3","-","-"
"2021/03/29","09:00","17.69","293","22.35","50.2","1015.9","-","-"
"2021/03/29","10:00","10.89","279","13.02","49.3","1017.3","-","-"
"2021/03/29","11:00","11.66","276","14.58","48.4","1018.6","-","-"
"2021/03/29","12:00","14.19","298","16.72","49.1","1020","-","-"
"2021/03/29","13:00","14.77","311","19.05","49.1","1020.9","-","-"
"2021/03/29","14:00","12.83","323","14.38","49.6","1022.1","-","-"
"2021/03/29","15:00","17.3","321","20.41","50.9","1022.5","-","-"
"2021/03/29","16:00","10.3","309","13.02","52.2","1022.9","-","-"
"2021/03/29","17:00","12.83","323","15.94","53.8","1022.6","-","-"
"2021/03/29","18:00","12.05","325","14.19","55.9","1022.7","-","-"
"2021/03/29","19:00","8.55","314","9.72","56.8","1022.5","-","-"
"2021/03/29","20:00","4.86","306","5.25","58.3","1022.3","-","-"
"2021/03/29","21:00","4.67","319","5.25","59.4","1022.4","-","-"
"2021/03/29","22:00","9.33","109","11.08","54.9","1023","-","-"
"2021/03/29","23:00","5.64","101","6.22","54.9","1023.5","-","-"
"2021/03/30","00:00","3.5","133","7.39","53.6","1024","-","-"
"2021/03/30","01:00","3.5","103","4.86","52.5","1025.1","-","-"
"2021/03/30","02:00","0.97","154","1.17","51.3","1025.7","-","-"
"2021/03/30","03:00","0.19","170","1.75","49.5","1026.1","-","-"
"2021/03/30","04:00","2.72","146","3.5","49.3","1026.5","-","-"
"2021/03/30","05:00","4.67","162","6.03","48.9","1026.5","-","-"
"2021/03/30","06:00","7.78","172","9.72","50.2","1026.6","-","-"
"2021/03/30","07:00","5.83","172","7.78","49.3","1026.2","-","-"
"2021/03/30","08:00","5.83","174","7.19","48.7","1026.5","-","-"
"2021/03/30","09:00","3.89","157","5.05","48.2","1027.1","-","-"
"2021/03/30","10:00","2.92","169","4.28","47.7","1027.9","-","-"
"2021/03/30","11:00","2.72","143","3.5","48","1028.5","-","-"
"2021/03/30","12:00","2.92","155","3.5","50.4","1029.1","-","-"
"2021/03/30","13:00","5.64","160","7.19","53.8","1029.3","-","-"
"2021/03/30","14:00","5.64","157","7.97","57.6","1029.3","-","-"
"2021/03/30","15:00","-","-","-","-","-","-","-"
"2021/03/30","16:00","-","-","-","-","-","-","-"
"2021/03/30","17:00","9.52","111","13.41","60.4","1028.1","-","-"
"2021/03/30","18:00","14.19","107","19.05","60.1","1027.2","-","-"
"2021/03/30","19:00","16.13","128","20.22","59.9","1026.5","-","-"
"2021/03/30","20:00","-","-","-","-","1025.9","-","-"
"2021/03/30","21:00","14.58","138","20.02","61.3","1025","-","-"
"2021/03/30","22:00","16.91","131","20.6","61.3","1024.8","-","-"
"2021/03/30","23:00","11.47","132","14.77","59.7","1024.8","-","-"
"2021/03/31","00:00","8.55","141","12.63","58.6","1024.8","-","-"
"2021/03/31","01:00","6.03","135","7","57.9","1025","-","-"
"2021/03/31","02:00","9.52","163","12.63","60.3","1024.9","-","-"
"2021/03/31","03:00","10.3","169","16.13","60.8","1024.2","-","-"
"2021/03/31","04:00","9.91","177","15.16","60.8","1023.9","-","-"
"2021/03/31","05:00","10.3","182","13.41","60.6","1023.5","-","-"
"2021/03/31","06:00","7.97","199","12.83","60.3","1023.4","-","-"
"2021/03/31","07:00","7.39","181","9.91","59.7","1022.7","-","-"
"2021/03/31","08:00","6.61","189","9.14","59.7","1022.1","-","-"
"2021/03/31","09:00","8.55","191","11.08","59.9","1022","-","-"
"2021/03/31","10:00","6.8","192","8.36","60.1","1021.7","-","-"
"2021/03/31","11:00","6.41","183","8.55","60.8","1021.4","-","-"
"2021/03/31","12:00","10.3","196","13.61","62.8","1020.8","-","-"
"2021/03/31","13:00","9.52","188","15.36","63.7","1020.4","-","-"
"2021/03/31","14:00","7","188","10.89","64","1020.1","-","-"
"2021/03/31","15:00","8.36","192","15.16","68.2","1019.3","-","-"
"2021/03/31","16:00","10.5","191","14.58","71.2","1018.3","-","-"
"2021/03/31","17:00","14.77","182","21.77","74.1","1016.9","-","-"
"2021/03/31","18:00","9.91","185","15.75","75.4","1015.5","-","-"
"2021/03/31","19:00","5.25","195","9.72","74.8","1014.4","-","-"
"2021/03/31","20:00","7.97","178","10.89","74.7","1012.9","-","-"
"2021/03/31","21:00","6.61","224","9.91","75","1011.7","-","-"
"2021/03/31","22:00","16.91","310","21.58","64.4","1011.9","-","-"
"2021/03/31","23:00","8.75","300","10.89","59.5","1012.4","-","-"
"2021/04/01","00:00","4.86","135","5.64","59.2","1011.4","-","-"
"2021/04/01","01:00","3.11","141","5.83","59.4","1011.3","-","-"
"2021/04/01","02:00","2.33","183","3.11","59.2","1012.3","-","-"
"2021/04/01","03:00","1.17","13","3.11","59","1011.4","-","-"
"2021/04/01","04:00","1.17","276","1.56","58.8","1010.5","-","-"
"2021/04/01","05:00","4.47","299","4.86","58.3","1009.6","-","-"
"2021/04/01","06:00","3.5","320","4.28","58.8","1008.7","-","-"
"2021/04/01","07:00","6.8","306","7","58.3","1008.1","-","-"
"2021/04/01","08:00","25.27","330","36.74","50.2","1009.7","-","-"
"2021/04/01","09:00","25.08","329","29.94","48.7","1010.8","-","-"
"2021/04/01","10:00","20.41","337","29.35","47.5","1011.7","-","-"
"2021/04/01","11:00","15.75","345","23.71","45.9","1013.7","-","-"
"2021/04/01","12:00","20.6","341","27.02","44.4","1014.5","-","-"
"2021/04/01","13:00","18.27","344","24.88","43.7","1014.5","-","-"
"2021/04/01","14:00","15.16","334","21.19","44.1","1014.8","-","-"
"2021/04/01","15:00","14.97","331","19.83","46.4","1015.1","-","-"
"2021/04/01","16:00","20.41","336","25.46","49.1","1015.3","-","-"
"2021/04/01","17:00","15.36","333","23.33","49.8","1015.1","-","-"
"2021/04/01","18:00","19.05","315","22.16","50","1015","-","-"
"2021/04/01","19:00","17.3","310","23.33","50","1014.9","-","-"
"2021/04/01","20:00","17.69","312","21.38","50.5","1014.9","-","-"
"2021/04/01","21:00","20.02","321","27.02","49.8","1015.5","-","-"
"2021/04/01","22:00","22.16","324","27.21","49.3","1016.5","-","-"
"2021/04/01","23:00","18.47","340","23.91","48","1017.6","-","-"
"2021/04/02","00:00","15.36","333","18.86","46.9","1018.3","-","-"
"2021/04/02","01:00","16.52","335","20.8","45.1","1019.8","-","-"
"2021/04/02","02:00","11.27","356","14.38","43.9","1020.9","-","-"
"2021/04/02","03:00","19.63","334","22.35","42.8","1021.3","-","-"
"2021/04/02","04:00","18.66","340","28.77","41","1021.7","-","-"
"2021/04/02","05:00","15.16","339","21.38","39.6","1021.7","-","-"
"2021/04/02","06:00","22.55","339","26.24","37.9","1022.3","-","-"
"2021/04/02","07:00","20.02","331","23.91","36.9","1022.3","-","-"
"2021/04/02","08:00","22.16","331","28.96","36","1022.5","-","-"
"2021/04/02","09:00","23.33","329","26.82","35.1","1022.8","-","-"
"2021/04/02","10:00","21.97","327","25.46","34.7","1023.8","-","-"
"2021/04/02","11:00","19.63","324","23.52","34.2","1024.9","-","-"
"2021/04/02","12:00","19.44","328","23.52","34.2","1025.8","-","-"
"2021/04/02","13:00","19.83","330","32.07","34.2","1026.1","-","-"
"2021/04/02","14:00","19.63","325","24.3","35.1","1026.6","-","-"
"2021/04/02","15:00","21.77","340","26.05","36.5","1027.1","-","-"
"2021/04/02","16:00","17.69","331","24.1","37","1026.6","-","-"
"2021/04/02","17:00","17.69","305","21.77","38.3","1026","-","-"
"2021/04/02","18:00","20.6","305","24.69","39.9","1025.5","-","-"
"2021/04/02","19:00","17.3","311","22.94","40.8","1025.1","-","-"
"2021/04/02","20:00","16.13","317","22.94","42.4","1024.8","-","-"
"2021/04/02","21:00","19.05","315","23.52","43.9","1024.8","-","-"
"2021/04/02","22:00","16.52","325","21.38","45","1025.1","-","-"
"2021/04/02","23:00","14.97","349","16.91","45.1","1025.5","-","-"
"2021/04/03","00:00","10.89","342","13.61","44.1","1026.3","-","-"
"2021/04/03","01:00","8.94","338","10.69","43.3","1027.2","-","-"
"2021/04/03","02:00","10.5","337","13.02","42.8","1027.8","-","-"
"2021/04/03","03:00","10.11","328","13.02","42.8","1028.1","-","-"
"2021/04/03","04:00","8.55","285","10.89","41.4","1028.1","-","-"
"2021/04/03","05:00","8.16","282","10.11","40.3","1028.3","-","-"
"2021/04/03","06:00","10.11","314","16.33","41.9","1028.5","-","-"
"2021/04/03","07:00","13.02","331","15.75","40.5","1028.6","-","-"
"2021/04/03","08:00","12.44","329","14.38","39.2","1028.8","-","-"
"2021/04/03","09:00","11.86","333","14.38","38.5","1029.4","-","-"
"2021/04/03","10:00","11.08","337","12.83","37.8","1029.9","-","-"
"2021/04/03","11:00","11.27","341","13.02","37","1030.8","-","-"
"2021/04/03","12:00","11.08","329","12.83","38.1","1031.5","-","-"
"2021/04/03","13:00","11.66","348","15.94","39.4","1031.9","-","-"
"2021/04/03","14:00","9.52","351","13.02","40.8","1032.1","-","-"
"2021/04/03","15:00","10.89","296","12.63","41.5","1031.8","-","-"
"2021/04/03","16:00","7.58","294","12.05","42.8","1031.1","-","-"
"2021/04/03","17:00","9.72","320","11.66","45.1","1030.2","-","-"
"2021/04/03","18:00","7.78","322","11.27","46.9","1029.1","-","-"
"2021/04/03","19:00","7.19","320","9.72","48.7","1028.1","-","-"
"2021/04/03","20:00","7.97","305","9.72","50.5","1027.4","-","-"
"2021/04/03","21:00","6.8","309","8.75","52.2","1026.9","-","-"
"2021/04/03","22:00","5.05","301","6.22","53.4","1026.7","-","-"
"2021/04/03","23:00","4.08","101","5.64","50.2","1026.5","-","-"
"2021/04/04","00:00","1.75","152","2.72","49.1","1026.4","-","-"
"2021/04/04","01:00","2.72","140","3.5","46.6","1026.4","-","-"
"2021/04/04","02:00","4.67","205","5.05","46.2","1026.3","-","-"
"2021/04/04","03:00","5.25","202","6.22","46.2","1026.2","-","-"
"2021/04/04","04:00","2.53","187","3.11","45.9","1025.9","-","-"
"2021/04/04","05:00","4.08","207","5.83","44.2","1025.6","-","-"
"2021/04/04","06:00","2.92","202","4.08","45","1024.8","-","-"
"2021/04/04","07:00","6.41","220","9.33","46","1023.8","-","-"
"2021/04/04","08:00","8.16","230","11.86","47.5","1023","-","-"
"2021/04/04","09:00","5.83","237","8.94","46.9","1022.6","-","-"
"2021/04/04","10:00","8.16","251","10.89","46.2","1022.3","-","-"
"2021/04/04","11:00","7.19","250","9.52","45.5","1022.1","-","-"
"2021/04/04","12:00","6.61","271","9.33","46","1022.2","-","-"
"2021/04/04","13:00","8.55","274","10.69","49.5","1021.7","-","-"
"2021/04/04","14:00","5.83","262","7.78","54.1","1021.4","-","-"
"2021/04/04","15:00","9.33","255","11.47","57","1020.8","-","-"
"2021/04/04","16:00","14","272","17.49","62.1","1020","-","-"
"2021/04/04","17:00","10.5","230","13.8","64.4","1018.6","-","-"
"2021/04/04","18:00","7.97","321","10.11","64.6","1017.9","-","-"
"2021/04/04","19:00","12.25","328","15.36","67.3","1016.6","-","-"
"2021/04/04","20:00","9.52","337","12.44","69.1","1015.8","-","-"
"2021/04/04","21:00","8.55","307","12.83","66","1015.3","-","-"
"2021/04/04","22:00","5.64","86","9.33","63","1015.5","-","-"
"2021/04/04","23:00","7","113","8.16","61.7","1015.8","-","-"
"2021/04/05","00:00","0.97","72","1.94","57.7","1015.9","-","-"
"2021/04/05","01:00","0.97","151","1.17","57.2","1016.5","-","-"
"2021/04/05","02:00","1.17","205","1.75","55.2","1016.8","-","-"
"2021/04/05","03:00","2.72","288","2.92","53.2","1016.8","-","-"
"2021/04/05","04:00","2.33","290","3.5","52.9","1016.9","-","-"
"2021/04/05","05:00","6.8","304","8.36","52.9","1016.9","-","-"
"2021/04/05","06:00","7.58","307","8.75","52.9","1016.9","-","-"
"2021/04/05","07:00","8.36","312","9.72","54.9","1017.2","-","-"
"2021/04/05","08:00","10.69","25","14.58","56.3","1017.8","-","-"
"2021/04/05","09:00","8.55","30","13.41","54.7","1018.4","-","-"
"2021/04/05","10:00","5.64","324","6.22","53.6","1019.1","-","-"
"2021/04/05","11:00","5.44","306","6.61","52.3","1019.8","-","-"
"2021/04/05","12:00","8.94","327","9.91","52.7","1020.4","-","-"
"2021/04/05","13:00","6.41","300","7.39","52.2","1020.6","-","-"
"2021/04/05","14:00","6.61","303","7.39","54.5","1020.7","-","-"
"2021/04/05","15:00","4.47","296","5.64","56.5","1020.4","-","-"
"2021/04/05","16:00","8.16","314","9.14","58.6","1019.7","-","-"
"2021/04/05","17:00","7.97","324","8.55","59.9","1018.7","-","-"
"2021/04/05","18:00","7.78","320","9.14","61.3","1018","-","-"
"2021/04/05","19:00","6.03","329","6.61","63.5","1017.2","-","-"
"2021/04/05","20:00","3.69","308","6.41","66.4","1016.2","-","-"
"2021/04/05","21:00","2.14","276","2.92","66.9","1015.8","-","-"
"2021/04/05","22:00","2.33","320","4.67","69.8","1015.2","-","-"
"2021/04/05","23:00","4.67","248","6.22","70.2","1015.2","-","-"
"2021/04/06","00:00","4.67","236","5.83","67.3","1015.1","-","-"
"2021/04/06","01:00","5.44","220","6.03","65.3","1015.4","-","-"
"2021/04/06","02:00","0.97","190","1.36","59.5","1015.5","-","-"
"2021/04/06","03:00","5.44","215","6.22","64.2","1015.4","-","-"
"2021/04/06","04:00","5.44","222","6.22","63.3","1015.3","-","-"
"2021/04/06","05:00","0.97","176","1.36","60.6","1015","-","-"
"2021/04/06","06:00","1.56","186","2.14","59.7","1014.5","-","-"
"2021/04/06","07:00","6.41","217","7.39","62.2","1013.8","-","-"
"2021/04/06","08:00","5.83","230","9.72","61.9","1013.4","-","-"
"2021/04/06","09:00","4.47","257","7","59.7","1013.3","-","-"
"2021/04/06","10:00","8.36","243","12.05","58.3","1013.6","-","-"
"2021/04/06","11:00","2.14","285","3.11","55.8","1014.5","-","-"
"2021/04/06","12:00","4.28","296","6.22","55.8","1015.5","-","-"
"2021/04/06","13:00","10.5","60","13.02","58.1","1016.2","-","-"
"2021/04/06","14:00","9.14","75","10.5","57.4","1016.8","-","-"
"2021/04/06","15:00","6.22","98","7","57.7","1017.5","-","-"
"2021/04/06","16:00","8.36","103","9.52","59.5","1017.2","-","-"
"2021/04/06","17:00","8.16","84","8.94","59.2","1016.4","-","-"
"2021/04/06","18:00","10.11","88","10.69","59.4","1015.8","-","-"
"2021/04/06","19:00","10.69","89","11.27","59.9","1015.2","-","-"
"2021/04/06","20:00","8.94","101","12.63","62.2","1014.6","-","-"
"2021/04/06","21:00","10.3","90","11.08","60.6","1014.4","-","-"
"2021/04/06","22:00","7.78","109","8.94","62.8","1013.9","-","-"
"2021/04/06","23:00","8.75","97","9.33","59.4","1014.2","-","-"
"2021/04/07","00:00","3.3","143","5.44","59.5","1014.4","-","-"
"2021/04/07","01:00","3.11","105","4.47","58.5","1014.9","-","-"
"2021/04/07","02:00","3.3","170","3.69","57.4","1015.4","-","-"
"2021/04/07","03:00","2.72","104","3.3","57.4","1015.4","-","-"
"2021/04/07","04:00","2.33","183","2.72","56.7","1015.2","-","-"
"2021/04/07","05:00","4.47","116","5.83","56.3","1015","-","-"
"2021/04/07","06:00","1.36","199","1.75","54.3","1014.9","-","-"
"2021/04/07","07:00","1.36","106","1.94","54.3","1014.7","-","-"
"2021/04/07","08:00","2.33","143","2.72","52.9","1014.4","-","-"
"2021/04/07","09:00","1.75","170","2.92","52.3","1014.3","-","-"
"2021/04/07","10:00","1.56","187","1.94","52","1014.6","-","-"
"2021/04/07","11:00","0","179","0","52.7","1015","-","-"
"2021/04/07","12:00","0","60","0","58.6","1015.3","-","-"
"2021/04/07","13:00","1.17","179","2.14","57.7","1015","-","-"
"2021/04/07","14:00","2.72","206","6.8","66.9","1014.7","-","-"
"2021/04/07","15:00","5.05","50","6.03","66.7","1014.9","-","-"
"2021/04/07","16:00","8.36","74","8.55","59.5","1014.9","-","-"
"2021/04/07","17:00","8.55","68","9.14","60.8","1014","-","-"
"2021/04/07","18:00","10.5","77","11.08","61.5","1013.8","-","-"
"2021/04/07","19:00","10.3","82","10.69","65.1","1013.2","-","-"
"2021/04/07","20:00","15.75","103","18.08","67.8","1012.7","-","-"
"2021/04/07","21:00","10.5","115","12.63","66.7","1013.2","-","-"
"2021/04/07","22:00","8.36","132","10.3","64.8","1013.5","-","-"
"2021/04/07","23:00","10.69","77","12.63","61","1013.7","-","-"
"2021/04/08","00:00","6.22","128","7.78","60.6","1013.6","-","-"
"2021/04/08","01:00","6.41","138","7.97","60.3","1013.9","-","-"
"2021/04/08","02:00","3.69","66","6.22","60.8","1014.2","-","-"
"2021/04/08","03:00","7.58","110","9.52","58.3","1014.4","-","-"
"2021/04/08","04:00","11.27","83","12.44","57.4","1015","-","-"
"2021/04/08","05:00","8.16","94","10.11","57.4","1014.7","-","-"
"2021/04/08","06:00","10.11","98","12.05","57.2","1015","-","-"
"2021/04/08","07:00","10.11","94","12.25","56.8","1015.3","-","-"
"2021/04/08","08:00","7","100","9.52","57.2","1015.6","-","-"
"2021/04/08","09:00","4.86","123","7.39","57.4","1015.7","-","-"
"2021/04/08","10:00","7.78","109","9.52","57.4","1015.9","-","-"
"2021/04/08","11:00","9.72","104","11.27","57","1016.6","-","-"
"2021/04/08","12:00","9.14","94","10.69","57","1017","-","-"
"2021/04/08","13:00","9.14","94","10.89","57.2","1017.4","-","-"
"2021/04/08","14:00","13.8","103","17.69","59.5","1017.6","-","-"
"2021/04/08","15:00","10.69","99","15.36","59.2","1018.3","-","-"
"2021/04/08","16:00","14.58","107","17.88","59.7","1018.5","-","-"
"2021/04/08","17:00","15.75","102","19.83","59","1018.5","-","-"
"2021/04/08","18:00","14.97","100","19.44","58.6","1018","-","-"
"2021/04/08","19:00","14.19","100","18.86","58.6","1017.7","-","-"
"2021/04/08","20:00","16.72","99","20.41","58.3","1017.2","-","-"
"2021/04/08","21:00","17.11","104","20.22","58.1","1016.9","-","-"
"2021/04/08","22:00","14.19","101","17.11","57.9","1017","-","-"
"2021/04/08","23:00","14","101","16.72","57.2","1017","-","-"
"2021/04/09","00:00","11.66","101","16.13","56.7","1017.1","-","-"
"2021/04/09","01:00","14.97","104","17.11","56.3","1017.2","-","-"
"2021/04/09","02:00","12.63","115","14.58","55.9","1017.4","-","-"
"2021/04/09","03:00","9.14","115","12.44","56.5","1017.4","-","-"
"2021/04/09","04:00","8.94","122","13.02","56.7","1017.4","-","-"
"2021/04/09","05:00","11.08","116","13.02","56.8","1017.5","-","-"
"2021/04/09","06:00","11.08","115","14.38","57","1016.8","-","-"
"2021/04/09","07:00","7.97","120","11.08","57.2","1016.4","-","-"
"2021/04/09","08:00","9.91","126","12.63","57.9","1016.2","-","-"
"2021/04/09","09:00","8.94","101","10.3","57.4","1016.2","-","-"
"2021/04/09","10:00","8.55","102","10.69","57.4","1016.7","-","-"
"2021/04/09","11:00","10.69","85","12.25","57.2","1017.3","-","-"
"2021/04/09","12:00","10.3","93","12.25","57.7","1017.9","-","-"
"2021/04/09","13:00","9.52","96","11.27","58.1","1017.9","-","-"
"2021/04/09","14:00","11.08","104","12.44","59.7","1018.1","-","-"
"2021/04/09","15:00","8.94","101","10.89","61","1017.9","-","-"
"2021/04/09","16:00","9.14","99","10.89","62.1","1017.6","-","-"
"2021/04/09","17:00","12.83","98","15.16","63","1017","-","-"
"2021/04/09","18:00","12.44","116","14.38","65.7","1016.7","-","-"
"2021/04/09","19:00","14.19","120","19.83","65.5","1016.1","-","-"
"2021/04/09","20:00","12.83","111","15.16","63.9","1015.5","-","-"
"2021/04/09","21:00","7","139","11.27","63.7","1016.1","-","-"
"2021/04/09","22:00","12.25","148","17.11","63.9","1015.4","-","-"
"2021/04/09","23:00","8.16","163","10.69","64","1015.1","-","-"
"2021/04/10","00:00","2.72","105","4.67","64","1015.4","-","-"
"2021/04/10","01:00","7.39","257","9.91","64.2","1018","-","-"
"2021/04/10","02:00","5.83","187","6.8","62.1","1018.7","-","-"
"2021/04/10","03:00","17.3","123","19.83","61.7","1016.6","-","-"
"2021/04/10","04:00","7.97","179","9.14","61.2","1015.6","-","-"
"2021/04/10","05:00","10.11","211","13.02","60.6","1015.5","-","-"
"2021/04/10","06:00","8.94","213","11.27","61","1015.3","-","-"
"2021/04/10","07:00","7.58","19","8.16","60.1","1015.7","-","-"
"2021/04/10","08:00","3.3","48","4.28","59","1014.6","-","-"
"2021/04/10","09:00","3.5","102","4.86","58.5","1014.4","-","-"
"2021/04/10","10:00","1.56","133","3.5","57.9","1014.3","-","-"
"2021/04/10","11:00","1.75","276","2.33","56.5","1015.1","-","-"
"2021/04/10","12:00","3.89","73","4.08","57.6","1015.6","-","-"
"2021/04/10","13:00","4.67","137","7.78","60.1","1015.4","-","-"
"2021/04/10","14:00","6.41","117","7","62.2","1015.4","-","-"
"2021/04/10","15:00","6.41","77","8.16","61.2","1015.6","-","-"
"2021/04/10","16:00","7.97","74","8.94","60.4","1014.7","-","-"
"2021/04/10","17:00","8.16","91","8.36","60.6","1013.5","-","-"
"2021/04/10","18:00","9.72","78","9.91","62.6","1012.7","-","-"
"2021/04/10","19:00","10.89","88","11.86","63","1011.7","-","-"
"2021/04/10","20:00","8.94","80","9.72","64.2","1010.6","-","-"
"2021/04/10","21:00","8.75","69","9.14","62.8","1009.8","-","-"
"2021/04/10","22:00","8.55","80","10.69","63.7","1009.4","-","-"
"2021/04/10","23:00","8.75","145","11.47","66","1008.9","-","-"
"2021/04/11","00:00","8.94","140","11.86","62.6","1008.3","-","-"
"2021/04/11","01:00","11.47","145","13.61","62.2","1008.2","-","-"
"2021/04/11","02:00","7.19","156","8.75","62.1","1007.7","-","-"
"2021/04/11","03:00","6.61","157","8.16","63.5","1006.6","-","-"
"2021/04/11","04:00","4.67","166","6.03","64.4","1005.8","-","-"
"2021/04/11","05:00","4.67","77","5.25","61.9","1004.9","-","-"
"2021/04/11","06:00","4.67","155","6.8","63.5","1004","-","-"
"2021/04/11","07:00","8.36","157","11.86","65.7","1003","-","-"
"2021/04/11","08:00","10.11","182","13.41","67.5","1002.3","-","-"
"2021/04/11","09:00","6.03","238","9.52","66.4","1002","-","-"
"2021/04/11","10:00","5.05","251","6.61","64.9","1001.1","-","-"
"2021/04/11","11:00","4.08","175","4.86","63.3","1000.6","-","-"
"2021/04/11","12:00","5.83","223","7.19","63.9","1000.9","-","-"
"2021/04/11","13:00","9.52","230","12.44","66.6","1000.8","-","-"
"2021/04/11","14:00","10.5","243","14.38","68.4","1000.9","-","-"
"2021/04/11","15:00","16.13","230","19.44","69.4","1000.9","-","-"
"2021/04/11","16:00","11.08","224","14.97","71.2","1000.9","-","-"
"2021/04/11","17:00","7.97","267","10.5","71.8","999.7","-","-"
"2021/04/11","18:00","9.14","241","12.25","73.4","999.3","-","-"
"2021/04/11","19:00","13.02","238","17.69","74.3","998.8","-","-"
"2021/04/11","20:00","8.94","247","14.38","75.6","998.1","-","-"
"2021/04/11","21:00","6.41","211","11.47","76.1","997.7","-","-"
"2021/04/11","22:00","6.61","207","9.14","76.6","997.7","-","-"
"2021/04/11","23:00","2.92","193","4.86","76.5","997.4","-","-"
"2021/04/12","00:00","0.97","165","2.72","71.1","998.1","-","-"
"2021/04/12","01:00","2.14","94","2.53","65.1","998.4","-","-"
"2021/04/12","02:00","1.17","238","1.75","64.2","999","-","-"
"2021/04/12","03:00","6.41","205","6.61","67.8","999","-","-"
"2021/04/12","04:00","8.36","220","9.91","67.1","999.3","-","-"
"2021/04/12","05:00","9.33","226","11.08","66.9","999.6","-","-"
"2021/04/12","06:00","7.19","302","7.78","65.1","1000","-","-"
"2021/04/12","07:00","9.14","322","11.27","65.3","1000.5","-","-"
"2021/04/12","08:00","5.25","339","6.22","64.6","1000.9","-","-"
"2021/04/12","09:00","5.44","283","6.03","62.8","1001.5","-","-"
"2021/04/12","10:00","3.5","276","4.47","60.8","1002.4","-","-"
"2021/04/12","11:00","5.64","18","6.8","60.8","1003.1","-","-"
"2021/04/12","12:00","6.41","43","7.19","58.8","1003.5","-","-"
"2021/04/12","13:00","2.92","69","4.67","60.3","1003.9","-","-"
"2021/04/12","14:00","5.44","86","7.58","60.6","1004.7","-","-"
"2021/04/12","15:00","8.16","95","8.75","60.1","1005.2","-","-"
"2021/04/12","16:00","10.89","95","11.66","59.9","1005","-","-"
"2021/04/12","17:00","14.58","92","15.36","57.6","1005.2","-","-"
"2021/04/12","18:00","14.58","74","15.75","57.6","1005.7","-","-"
"2021/04/12","19:00","10.5","55","13.22","57.9","1005.8","-","-"
"2021/04/12","20:00","8.36","50","9.52","57.7","1005.9","-","-"
"2021/04/12","21:00","7.78","69","8.55","58.1","1006.3","-","-"
"2021/04/12","22:00","8.55","71","9.72","58.6","1007.1","-","-"
"2021/04/12","23:00","10.89","76","13.61","58.6","1007.7","-","-"
"2021/04/13","00:00","11.27","106","14.19","56.1","1008.3","-","-"
"2021/04/13","01:00","11.08","114","12.83","55","1009.3","-","-"
"2021/04/13","02:00","8.94","33","11.66","54.1","1012.3","-","-"
"2021/04/13","03:00","9.52","64","12.05","53.8","1012","-","-"
"2021/04/13","04:00","9.72","53","13.02","52.9","1012.5","-","-"
"2021/04/13","05:00","10.89","11","14","52.9","1013.4","-","-"
"2021/04/13","06:00","7.19","36","9.72","52.2","1012.9","-","-"
"2021/04/13","07:00","8.94","5","10.69","52","1013.4","-","-"
"2021/04/13","08:00","7","357","11.08","51.6","1013.7","-","-"
"2021/04/13","09:00","5.44","14","7.58","50.9","1014.4","-","-"
"2021/04/13","10:00","6.61","325","7.78","50.7","1015.2","-","-"
"2021/04/13","11:00","7.19","349","9.33","51.3","1016","-","-"
"2021/04/13","12:00","7","336","8.36","51.3","1016.5","-","-"
"2021/04/13","13:00","5.44","339","8.16","52.5","1017","-","-"
"2021/04/13","14:00","9.33","327","11.47","53.8","1017.5","-","-"
"2021/04/13","15:00","7.19","345","9.72","55.6","1017.8","-","-"
"2021/04/13","16:00","13.61","13","16.52","57.6","1018.2","-","-"
"2021/04/13","17:00","11.66","67","13.22","55.8","1018","-","-"
"2021/04/13","18:00","8.36","102","11.27","57","1017.8","-","-"
"2021/04/13","19:00","10.5","105","12.83","56.5","1017.8","-","-"
"2021/04/13","20:00","10.5","106","12.05","57.7","1017.4","-","-"
"2021/04/13","21:00","10.89","113","13.02","58.5","1017.8","-","-"
"2021/04/13","22:00","11.47","93","13.22","57.9","1018.1","-","-"
"2021/04/13","23:00","9.52","108","11.66","55.9","1018.1","-","-"
"2021/04/14","00:00","9.91","129","13.61","53.1","1018.2","-","-"
"2021/04/14","01:00","6.03","184","7.78","52","1019.3","-","-"
"2021/04/14","02:00","4.28","155","5.44","51.1","1020","-","-"
"2021/04/14","03:00","3.69","159","5.25","50.5","1020.2","-","-"
"2021/04/14","04:00","3.89","184","5.83","50","1020.6","-","-"
"2021/04/14","05:00","2.72","147","4.28","50.4","1019.8","-","-"
"2021/04/14","06:00","2.14","186","3.5","48.9","1019.2","-","-"
"2021/04/14","07:00","2.92","163","3.89","49.5","1018.8","-","-"
"2021/04/14","08:00","1.75","217","3.3","48.7","1019.1","-","-"
"2021/04/14","09:00","4.47","224","6.22","49.1","1019.4","-","-"
"2021/04/14","10:00","6.8","215","8.36","49.1","1019.8","-","-"
"2021/04/14","11:00","9.14","218","11.27","50.9","1020.2","-","-"
"2021/04/14","12:00","1.75","215","3.11","54.1","1020.1","-","-"
"2021/04/14","13:00","7","195","8.16","58.3","1019.8","-","-"
"2021/04/14","14:00","6.22","205","9.72","61.3","1019.4","-","-"
"2021/04/14","15:00","6.41","205","10.69","63.7","1018.8","-","-"
"2021/04/14","16:00","5.44","144","9.91","66.2","1018","-","-"
"2021/04/14","17:00","7.58","170","9.14","68","1017.4","-","-"
"2021/04/14","18:00","10.5","92","11.47","62.4","1016.8","-","-"
"2021/04/14","19:00","7.78","127","10.11","62.6","1016","-","-"
"2021/04/14","20:00","6.8","122","9.33","62.6","1014.7","-","-"
"2021/04/14","21:00","9.52","97","11.86","60.4","1014","-","-"
"2021/04/14","22:00","5.05","85","5.44","63","1013.5","-","-"
"2021/04/14","23:00","8.16","138","10.11","63.9","1012.7","-","-"
"2021/04/15","00:00","5.83","130","7.39","63","1012.3","-","-"
"2021/04/15","01:00","4.67","47","5.44","59.7","1013.1","-","-"
"2021/04/15","02:00","9.14","115","11.27","59","1011.3","-","-"
"2021/04/15","03:00","2.14","245","4.86","58.8","1011.8","-","-"
"2021/04/15","04:00","2.53","173","5.25","58.3","1010.6","-","-"
"2021/04/15","05:00","5.83","358","6.8","58.1","1010","-","-"
"2021/04/15","06:00","8.36","23","9.91","56.7","1008.8","-","-"
"2021/04/15","07:00","8.16","350","9.33","56.8","1008.7","-","-"
"2021/04/15","08:00","2.92","69","4.67","56.8","1007.4","-","-"
"2021/04/15","09:00","5.83","304","6.22","56.8","1007.2","-","-"
"2021/04/15","10:00","8.94","330","10.5","56.3","1007.2","-","-"
"2021/04/15","11:00","8.16","331","9.52","56.3","1007.8","-","-"
"2021/04/15","12:00","9.52","322","10.5","56.3","1007.9","-","-"
"2021/04/15","13:00","10.11","317","11.47","56.3","1008.1","-","-"
"2021/04/15","14:00","8.16","320","8.94","57.2","1007.8","-","-"
"2021/04/15","15:00","12.83","307","14.58","57.9","1007.7","-","-"
"2021/04/15","16:00","12.05","303","14.58","57.9","1007.6","-","-"
"2021/04/15","17:00","6.8","301","7.97","56.8","1006.9","-","-"
"2021/04/15","18:00","10.3","300","11.66","59.5","1006","-","-"
"2021/04/15","19:00","4.28","278","6.41","61.2","1005.2","-","-"
"2021/04/15","20:00","6.8","304","8.36","61.7","1004.7","-","-"
"2021/04/15","21:00","4.47","256","5.44","63.1","1004.4","-","-"
"2021/04/15","22:00","5.25","269","7.58","64.2","1004.6","-","-"
"2021/04/15","23:00","4.86","261","6.03","63.5","1004.6","-","-"
"2021/04/16","00:00","9.33","328","13.8","63.1","1005.4","-","-"
"2021/04/16","01:00","7.78","324","12.44","62.2","1006.2","-","-"
"2021/04/16","02:00","21.19","345","26.05","58.6","1008","-","-"
"2021/04/16","03:00","17.3","331","22.74","56.5","1008.5","-","-"
"2021/04/16","04:00","12.05","345","17.3","54.1","1009.4","-","-"
"2021/04/16","05:00","10.11","338","13.8","52.3","1009.7","-","-"
"2021/04/16","06:00","8.16","332","10.5","51.1","1009.9","-","-"
"2021/04/16","07:00","8.75","327","10.69","50","1009.5","-","-"
"2021/04/16","08:00","8.94","317","10.89","50.5","1009.5","-","-"
"2021/04/16","09:00","4.47","284","5.64","48.2","1009.6","-","-"
"2021/04/16","10:00","4.08","271","4.86","47.8","1009.8","-","-"
"2021/04/16","11:00","6.03","272","6.8","47.7","1010.2","-","-"
"2021/04/16","12:00","6.61","266","7.78","49.3","1010.6","-","-"
"2021/04/16","13:00","9.52","250","13.61","51.8","1010.3","-","-"
"2021/04/16","14:00","11.47","273","14.77","53.2","1010.4","-","-"
"2021/04/16","15:00","11.47","291","15.16","54.9","1010.1","-","-"
"2021/04/16","16:00","12.63","278","15.55","56.1","1009.3","-","-"
"2021/04/16","17:00","14.97","261","23.33","57.6","1008.3","-","-"
"2021/04/16","18:00","13.02","282","18.08","58.8","1007.8","-","-"
"2021/04/16","19:00","15.75","251","21.58","60.6","1007.3","-","-"
"2021/04/16","20:00","11.08","251","16.91","61.7","1006.6","-","-"
"2021/04/16","21:00","7.58","249","13.8","63","1006.3","-","-"
"2021/04/16","22:00","12.63","278","16.13","63.3","1006.4","-","-"
"2021/04/16","23:00","10.5","258","12.63","63.3","1006.9","-","-"
"2021/04/17","00:00","5.25","221","6.03","60.3","1007.6","-","-"
"2021/04/17","01:00","5.25","221","6.8","58.6","1008.1","-","-"
"2021/04/17","02:00","14.38","9","17.3","57.4","1009.3","-","-"
"2021/04/17","03:00","8.94","345","10.5","55.6","1009.7","-","-"
"2021/04/17","04:00","8.55","335","10.3","54.5","1010.2","-","-"
"2021/04/17","05:00","8.16","326","9.14","53.4","1010.1","-","-"
"2021/04/17","06:00","9.72","331","12.25","52.7","1010.2","-","-"
"2021/04/17","07:00","5.25","344","9.52","51.6","1010","-","-"
"2021/04/17","08:00","7.97","321","8.94","51.8","1010.2","-","-"
"2021/04/17","09:00","7","321","8.75","51.6","1009.9","-","-"
"2021/04/17","10:00","7.58","329","9.33","51.4","1010.1","-","-"
"2021/04/17","11:00","5.64","232","6.61","47.3","1010.8","-","-"
"2021/04/17","12:00","6.03","287","8.75","50.4","1011.1","-","-"
"2021/04/17","13:00","4.67","302","6.22","51.8","1011.3","-","-"
"2021/04/17","14:00","3.89","332","4.86","53.4","1011.2","-","-"
"2021/04/17","15:00","1.94","359","3.69","56.1","1010.7","-","-"
"2021/04/17","16:00","5.83","339","7.39","57.7","1010.4","-","-"
"2021/04/17","17:00","3.3","50","4.28","60.1","1009.9","-","-"
"2021/04/17","18:00","7.78","98","14.19","57.9","1009.6","-","-"
"2021/04/17","19:00","9.52","87","13.61","58.1","1008.8","-","-"
"2021/04/17","20:00","13.8","69","15.55","56.5","1008.7","-","-"
"2021/04/17","21:00","11.86","71","12.63","56.8","1009.1","-","-"
"2021/04/17","22:00","11.86","83","13.8","57.2","1009.2","-","-"
"2021/04/17","23:00","13.02","88","14.58","57","1009.4","-","-"
"2021/04/18","00:00","7.39","104","9.14","56.8","1010","-","-"
"2021/04/18","01:00","8.55","120","10.11","57.2","1010.8","-","-"
"2021/04/18","02:00","7.97","126","9.72","56.7","1011","-","-"
"2021/04/18","03:00","4.28","133","7.58","56.7","1011.3","-","-"
"2021/04/18","04:00","6.03","118","8.16","56.3","1011","-","-"
"2021/04/18","05:00","4.47","147","6.03","56.3","1010.8","-","-"
"2021/04/18","06:00","5.25","167","7","56.3","1010.7","-","-"
"2021/04/18","07:00","2.33","156","3.11","56.3","1010.6","-","-"
"2021/04/18","08:00","3.3","158","4.67","57","1010.7","-","-"
"2021/04/18","09:00","4.47","159","7","55.8","1010.7","-","-"
"2021/04/18","10:00","0.97","209","1.94","54.7","1010.8","-","-"
"2021/04/18","11:00","1.56","298","2.14","54.1","1011.6","-","-"
"2021/04/18","12:00","5.05","309","5.83","54.7","1012.3","-","-"
"2021/04/18","13:00","4.28","314","4.67","56.7","1012.7","-","-"
"2021/04/18","14:00","2.14","306","3.3","57.9","1012.8","-","-"
"2021/04/18","15:00","6.22","84","7","58.3","1012.6","-","-"
"2021/04/18","16:00","9.33","85","10.11","58.5","1012.2","-","-"
"2021/04/18","17:00","9.14","86","10.3","59.2","1011.7","-","-"
"2021/04/18","18:00","9.91","87","11.66","60.1","1011.5","-","-"
"2021/04/18","19:00","9.72","86","11.86","59.9","1011.1","-","-"
"2021/04/18","20:00","10.11","99","11.66","60.6","1010.7","-","-"
"2021/04/18","21:00","9.14","105","11.27","61.2","1011.1","-","-"
"2021/04/18","22:00","9.14","108","11.86","60.6","1011.5","-","-"
"2021/04/18","23:00","7.78","114","8.75","61.2","1011.6","-","-"
"2021/04/19","00:00","8.94","131","10.5","60.1","1011.5","-","-"
"2021/04/19","01:00","6.03","150","7.97","59.5","1011.7","-","-"
"2021/04/19","02:00","4.08","138","6.03","58.6","1011.8","-","-"
"2021/04/19","03:00","2.14","145","2.72","57.4","1012.1","-","-"
"2021/04/19","04:00","1.56","162","1.94","56.5","1011.9","-","-"
"2021/04/19","05:00","1.94","147","2.53","55.8","1011.8","-","-"
"2021/04/19","06:00","0.39","143","2.53","55.2","1011.4","-","-"
"2021/04/19","07:00","2.72","133","3.5","54.9","1010.6","-","-"
"2021/04/19","08:00","0","166","1.17","55","1010.7","-","-"
"2021/04/19","09:00","9.91","76","10.5","58.8","1010.2","-","-"
"2021/04/19","10:00","7.97","47","9.52","56.1","1010.1","-","-"
"2021/04/19","11:00","7.58","48","8.94","57","1010.3","-","-"
"2021/04/19","12:00","10.5","83","11.27","57.9","1010.1","-","-"
"2021/04/19","13:00","6.22","104","8.75","58.8","1010","-","-"
"2021/04/19","14:00","4.08","98","5.25","60.3","1010.2","-","-"
"2021/04/19","15:00","14.77","313","15.55","59.2","1010.5","-","-"
"2021/04/19","16:00","19.63","2","23.33","56.1","1010.7","-","-"
"2021/04/19","17:00","17.88","329","21.19","53.2","1011.1","-","-"
"2021/04/19","18:00","16.33","340","19.05","52.9","1011.4","-","-"
"2021/04/19","19:00","10.5","24","12.44","52.9","1011","-","-"
"2021/04/19","20:00","9.72","60","11.86","52.9","1010.3","-","-"
"2021/04/19","21:00","8.16","16","10.5","54.1","1010.4","-","-"
"2021/04/19","22:00","5.44","306","6.61","54.5","1010.9","-","-"
"2021/04/19","23:00","4.28","325","5.64","55.4","1011.2","-","-"
"2021/04/20","00:00","4.67","270","5.83","54","1012","-","-"
"2021/04/20","01:00","3.5","253","5.83","53.1","1013.1","-","-"
"2021/04/20","02:00","2.53","239","3.11","52.3","1013.8","-","-"
"2021/04/20","03:00","3.3","259","3.5","51.8","1013.9","-","-"
"2021/04/20","04:00","0.97","161","1.56","51.1","1014.2","-","-"
"2021/04/20","05:00","1.94","178","2.33","50.4","1014.4","-","-"
"2021/04/20","06:00","7.78","224","9.33","51.3","1014.3","-","-"
"2021/04/20","07:00","1.75","215","4.67","51.6","1014.6","-","-"
"2021/04/20","08:00","3.5","231","5.44","51.3","1015.1","-","-"
"2021/04/20","09:00","1.75","216","2.53","50.2","1015.3","-","-"
"2021/04/20","10:00","2.33","220","3.3","50","1015.7","-","-"
"2021/04/20","11:00","7.39","238","9.33","51.3","1016.4","-","-"
"2021/04/20","12:00","3.89","235","5.25","53.2","1016.9","-","-"
"2021/04/20","13:00","5.25","217","8.16","57.4","1016.8","-","-"
"2021/04/20","14:00","10.89","219","13.8","61.3","1016.8","-","-"
"2021/04/20","15:00","13.8","213","16.72","62.6","1017.3","-","-"
"2021/04/20","16:00","12.05","204","14.58","65.7","1017.2","-","-"
"2021/04/20","17:00","3.3","231","11.86","68.4","1016.1","-","-"
"2021/04/20","18:00","10.11","241","12.63","69.8","1015.2","-","-"
"2021/04/20","19:00","11.08","194","18.86","70.5","1014.7","-","-"
"2021/04/20","20:00","12.44","179","21.38","70.9","1014.1","-","-"
"2021/04/20","21:00","10.3","197","17.69","71.8","1013.6","-","-"
"2021/04/20","22:00","8.55","190","15.55","72","1013.4","-","-"
"2021/04/20","23:00","11.47","180","14.38","70.5","1013.3","-","-"
"2021/04/21","00:00","7.97","183","12.25","67.8","1013.7","-","-"
"2021/04/21","01:00","8.94","173","13.41","66","1014","-","-"
"2021/04/21","02:00","9.91","180","12.05","64.8","1013.9","-","-"
"2021/04/21","03:00","9.72","180","13.61","63.7","1013.3","-","-"
"2021/04/21","04:00","9.33","192","14.58","62.4","1013","-","-"
"2021/04/21","05:00","8.75","194","13.41","61.5","1012.7","-","-"
"2021/04/21","06:00","5.83","202","10.89","60.8","1012","-","-"
"2021/04/21","07:00","6.8","201","9.72","60.1","1011.1","-","-"
"2021/04/21","08:00","9.33","204","11.86","59.7","1010.4","-","-"
"2021/04/21","09:00","8.55","206","11.08","59.2","1009.7","-","-"
"2021/04/21","10:00","6.41","204","11.66","59","1009.4","-","-"
"2021/04/21","11:00","6.22","216","9.52","59.4","1009.3","-","-"
"2021/04/21","12:00","9.52","224","13.41","61.7","1008.8","-","-"
"2021/04/21","13:00","9.33","215","12.44","63.9","1007.9","-","-"
"2021/04/21","14:00","10.3","246","20.22","66.6","1007.1","-","-"
"2021/04/21","15:00","12.63","240","19.44","68.7","1006.2","-","-"
"2021/04/21","16:00","12.63","228","23.71","72","1005","-","-"
"2021/04/21","17:00","15.94","227","22.94","73.8","1003.3","-","-"
"2021/04/21","18:00","8.36","226","11.27","66.6","1003.1","-","-"
"2021/04/21","19:00","25.08","308","35.18","59.2","1004.3","-","-"
"2021/04/21","20:00","9.14","295","10.5","63.5","1004.4","-","-"
"2021/04/21","21:00","12.83","360","15.94","60.6","1005.5","-","-"
"2021/04/21","22:00","9.33","350","11.08","61.7","1006","-","-"
"2021/04/21","23:00","21.38","359","25.27","57.2","1007.8","-","-"
"2021/04/22","00:00","19.63","342","24.3","53.6","1009.3","-","-"
"2021/04/22","01:00","13.41","342","19.83","51.6","1011.4","-","-"
"2021/04/22","02:00","14.97","336","23.91","49.5","1012.5","-","-"
"2021/04/22","03:00","18.08","332","23.33","48","1013.7","-","-"
"2021/04/22","04:00","17.49","336","21.77","46.8","1014.7","-","-"
"2021/04/22","05:00","16.13","339","22.16","45.9","1015.5","-","-"
"2021/04/22","06:00","19.44","316","23.33","45.9","1015.7","-","-"
"2021/04/22","07:00","13.61","280","16.33","43","1016.1","-","-"
"2021/04/22","08:00","12.44","285","15.94","42.1","1016.4","-","-"
"2021/04/22","09:00","7.39","267","10.11","40.8","1016.5","-","-"
"2021/04/22","10:00","7.58","264","10.11","39.6","1016.7","-","-"
"2021/04/22","11:00","10.69","268","13.41","41.2","1017.3","-","-"
"2021/04/22","12:00","11.08","259","14.38","43","1017.8","-","-"
"2021/04/22","13:00","10.69","264","16.13","44.6","1017.8","-","-"
"2021/04/22","14:00","13.8","299","19.63","45.7","1017.7","-","-"
"2021/04/22","15:00","12.05","314","14.97","47.3","1017.7","-","-"
"2021/04/22","16:00","9.52","295","16.33","48.6","1017.6","-","-"
"2021/04/22","17:00","16.13","299","18.27","50","1017","-","-"
"2021/04/22","18:00","14.38","279","25.08","50.7","1016.6","-","-"
"2021/04/22","19:00","12.25","302","15.55","52.2","1016.2","-","-"
"2021/04/22","20:00","15.75","269","18.66","53.6","1015.5","-","-"
"2021/04/22","21:00","16.13","304","20.41","54.5","1015.6","-","-"
"2021/04/22","22:00","15.16","268","22.55","54.5","1016.1","-","-"
"2021/04/22","23:00","13.02","302","16.13","54.7","1016.5","-","-"
"2021/04/23","00:00","7","265","9.33","52.9","1017.1","-","-"
"2021/04/23","01:00","5.64","258","8.16","51.1","1017.8","-","-"
"2021/04/23","02:00","8.16","264","10.3","50.4","1019","-","-"
"2021/04/23","03:00","11.86","293","14.38","50.9","1019.5","-","-"
"2021/04/23","04:00","9.52","281","11.66","49.5","1019.8","-","-"
"2021/04/23","05:00","7.39","267","9.52","47.8","1020.1","-","-"
"2021/04/23","06:00","9.33","279","11.66","47.7","1020.2","-","-"
"2021/04/23","07:00","6.41","296","7.78","45.5","1020.3","-","-"
"2021/04/23","08:00","6.22","295","7.78","46.2","1020.5","-","-"
"2021/04/23","09:00","8.36","278","9.72","45.9","1020.9","-","-"
"2021/04/23","10:00","4.47","291","5.83","43.7","1021.8","-","-"
"2021/04/23","11:00","7.19","272","8.16","44.4","1022.2","-","-"
"2021/04/23","12:00","5.83","297","8.36","45.7","1022.8","-","-"
"2021/04/23","13:00","8.36","316","10.11","48.9","1023","-","-"
"2021/04/23","14:00","9.14","328","10.5","50.7","1023","-","-"
"2021/04/23","15:00","10.69","340","11.86","51.6","1022.7","-","-"
"2021/04/23","16:00","7.97","306","11.86","53.8","1021.9","-","-"
"2021/04/23","17:00","8.94","245","14.38","55.6","1021","-","-"
"2021/04/23","18:00","8.55","256","11.27","57","1020.3","-","-"
"2021/04/23","19:00","5.83","226","8.36","59.4","1019.5","-","-"
"2021/04/23","20:00","8.94","244","12.44","60.6","1018.7","-","-"
"2021/04/23","21:00","10.69","259","15.16","61.5","1018.3","-","-"
"2021/04/23","22:00","6.8","223","10.11","61","1018.3","-","-"
"2021/04/23","23:00","8.36","226","11.66","60.6","1018.5","-","-"
"2021/04/24","00:00","8.16","240","12.63","59.7","1018.7","-","-"
"2021/04/24","01:00","5.05","234","7.19","58.6","1019.2","-","-"
"2021/04/24","02:00","4.47","233","4.86","56.8","1019.4","-","-"
"2021/04/24","03:00","5.64","220","6.8","54.9","1019.1","-","-"
"2021/04/24","04:00","7.19","223","7.97","52.7","1019.5","-","-"
"2021/04/24","05:00","7.97","225","9.33","52.7","1019.1","-","-"
"2021/04/24","06:00","8.75","225","10.69","52.5","1018.6","-","-"
"2021/04/24","07:00","0.97","107","1.94","51.4","1018.2","-","-"
"2021/04/24","08:00","5.05","202","7.19","49.6","1018.3","-","-"
"2021/04/24","09:00","3.11","215","4.28","50.2","1018.1","-","-"
"2021/04/24","10:00","5.25","304","6.22","51.3","1019","-","-"
"2021/04/24","11:00","2.14","246","3.11","50.4","1019.6","-","-"
"2021/04/24","12:00","2.53","270","2.92","51.4","1019.8","-","-"
"2021/04/24","13:00","0.97","307","1.75","55.4","1019.5","-","-"
"2021/04/24","14:00","1.17","323","1.56","57.6","1019.5","-","-"
"2021/04/24","15:00","4.08","68","4.47","58.6","1018.9","-","-"
"2021/04/24","16:00","6.22","66","8.55","58.5","1018.2","-","-"
"2021/04/24","17:00","5.25","56","7.58","59.4","1017.7","-","-"
"2021/04/24","18:00","4.28","184","9.52","64.4","1016.7","-","-"
"2021/04/24","19:00","4.08","195","10.3","64.4","1015.7","-","-"
"2021/04/24","20:00","5.44","115","6.22","61.2","1015.5","-","-"
"2021/04/24","21:00","5.25","240","8.55","58.1","1016","-","-"
"2021/04/24","22:00","3.69","156","4.47","56.8","1014.9","-","-"
"2021/04/24","23:00","7.19","97","7.78","56.8","1013","-","-"
"2021/04/25","00:00","11.27","104","12.83","56.1","1011.6","-","-"
"2021/04/25","01:00","13.41","114","17.11","54.9","1010.8","-","-"
"2021/04/25","02:00","17.11","119","23.13","55.6","1009.4","-","-"
"2021/04/25","03:00","19.05","123","23.52","54.5","1007.2","-","-"
"2021/04/25","04:00","10.3","112","13.41","55.8","1005.3","-","-"
"2021/04/25","05:00","3.5","184","6.03","57","1004.7","-","-"
"2021/04/25","06:00","8.55","183","11.27","58.8","1003","-","-"
"2021/04/25","07:00","10.3","236","14.38","59.9","1002","-","-"
"2021/04/25","08:00","10.3","253","13.41","60.1","1002.1","-","-"
"2021/04/25","09:00","11.08","283","15.16","58.6","1002.3","-","-"
"2021/04/25","10:00","13.02","298","15.36","56.8","1002.9","-","-"
"2021/04/25","11:00","15.16","300","19.05","55.9","1004.1","-","-"
"2021/04/25","12:00","19.05","312","21.19","54.7","1005","-","-"
"2021/04/25","13:00","15.55","327","18.08","53.8","1006.3","-","-"
"2021/04/25","14:00","12.44","325","14.97","54.5","1007.1","-","-"
"2021/04/25","15:00","16.72","338","22.74","55.4","1008.2","-","-"
"2021/04/25","16:00","15.16","325","20.41","55.6","1008.7","-","-"
"2021/04/25","17:00","14.97","306","17.49","55.6","1008.8","-","-"
"2021/04/25","18:00","11.08","305","15.36","58.3","1009","-","-"
"2021/04/25","19:00","15.16","312","18.08","59.7","1009.4","-","-"
"2021/04/25","20:00","19.24","313","21.77","61.3","1009.5","-","-"
"2021/04/25","21:00","14.77","311","18.86","62.2","1009.8","-","-"
"2021/04/25","22:00","13.02","304","14.77","62.8","1010.3","-","-"
"2021/04/25","23:00","12.44","314","14.77","62.2","1010.9","-","-"
"2021/04/26","00:00","8.55","308","11.66","61.7","1011.6","-","-"
"2021/04/26","01:00","4.28","267","4.67","59.5","1012.4","-","-"
"2021/04/26","02:00","7.97","291","8.94","60.8","1013.3","-","-"
"2021/04/26","03:00","5.05","288","5.83","57.9","1013.7","-","-"
"2021/04/26","04:00","5.25","283","6.03","57.4","1014.3","-","-"
"2021/04/26","05:00","5.25","258","5.83","56.3","1014.3","-","-"
"2021/04/26","06:00","7.78","272","8.75","55.2","1014.8","-","-"
"2021/04/26","07:00","7.58","281","8.94","55.6","1015.1","-","-"
"2021/04/26","08:00","9.91","314","11.66","55.9","1015.5","-","-"
"2021/04/26","09:00","11.08","326","12.83","54.9","1016.2","-","-"
"2021/04/26","10:00","10.3","319","12.25","53.4","1017.1","-","-"
"2021/04/26","11:00","9.72","333","13.22","51.6","1018.6","-","-"
"2021/04/26","12:00","9.91","338","13.22","51.6","1019.5","-","-"
"2021/04/26","13:00","11.47","349","16.13","52.9","1019.9","-","-"
"2021/04/26","14:00","9.91","325","13.61","54.3","1020.2","-","-"
"2021/04/26","15:00","11.66","302","13.8","55.2","1020.5","-","-"
"2021/04/26","16:00","9.91","310","11.47","57.2","1020.4","-","-"
"2021/04/26","17:00","10.5","317","12.05","58.6","1020.1","-","-"
"2021/04/26","18:00","11.08","318","12.25","61","1019.9","-","-"
"2021/04/26","19:00","8.55","321","10.5","63.1","1019.2","-","-"
"2021/04/26","20:00","7.97","322","10.5","64.2","1018.8","-","-"
"2021/04/26","21:00","8.36","86","8.94","58.8","1018.8","-","-"
"2021/04/26","22:00","8.16","102","9.33","59.7","1018.9","-","-"
"2021/04/26","23:00","7.58","90","8.55","58.5","1019.2","-","-"
"2021/04/27","00:00","4.08","147","6.22","58.3","1019.4","-","-"
"2021/04/27","01:00","2.53","151","3.69","56.8","1020","-","-"
"2021/04/27","02:00","3.89","147","4.67","55.6","1020.4","-","-"
"2021/04/27","03:00","3.3","149","5.25","55.6","1020.5","-","-"
"2021/04/27","04:00","7.78","188","9.52","56.1","1020.2","-","-"
"2021/04/27","05:00","7.78","195","10.3","55.2","1020.1","-","-"
"2021/04/27","06:00","5.44","185","8.75","55","1019.2","-","-"
"2021/04/27","07:00","3.69","199","5.83","55","1019.1","-","-"
"2021/04/27","08:00","5.64","216","8.36","54.5","1019.5","-","-"
"2021/04/27","09:00","9.14","203","11.27","55.2","1019.1","-","-"
"2021/04/27","10:00","8.55","209","10.89","55","1019.3","-","-"
"2021/04/27","11:00","8.55","210","12.25","55.9","1019.7","-","-"
"2021/04/27","12:00","9.14","220","12.83","59.5","1019.9","-","-"
"2021/04/27","13:00","8.16","223","11.27","63.7","1019.7","-","-"
"2021/04/27","14:00","8.16","238","11.47","68.2","1019.3","-","-"
"2021/04/27","15:00","10.3","227","13.8","71.1","1018.8","-","-"
"2021/04/27","16:00","15.94","237","21.97","74.7","1017.9","-","-"
"2021/04/27","17:00","12.83","227","17.3","76.6","1017.2","-","-"
"2021/04/27","18:00","13.41","224","18.47","78.4","1016.4","-","-"
"2021/04/27","19:00","13.8","216","18.08","80.2","1015.7","-","-"
"2021/04/27","20:00","15.55","236","22.55","81.3","1014.9","-","-"
"2021/04/27","21:00","13.8","222","16.91","81.3","1014.8","-","-"
"2021/04/27","22:00","13.61","224","18.47","81.5","1014.6","-","-"
"2021/04/27","23:00","13.61","216","19.63","80.6","1014.5","-","-"
"2021/04/28","00:00","7.39","223","12.25","77.4","1015","-","-"
"2021/04/28","01:00","11.47","207","17.11","75.9","1015.1","-","-"
"2021/04/28","02:00","12.44","219","16.72","74.7","1015.1","-","-"
"2021/04/28","03:00","13.41","229","18.86","74.7","1015.1","-","-"
"2021/04/28","04:00","14.38","229","19.63","73.4","1015.5","-","-"
"2021/04/28","05:00","10.3","219","13.41","70.7","1015.8","-","-"
"2021/04/28","06:00","11.47","226","14.77","68.9","1015.4","-","-"
"2021/04/28","07:00","12.25","232","15.16","68.4","1014.8","-","-"
"2021/04/28","08:00","12.83","238","16.13","67.8","1015.1","-","-"
"2021/04/28","09:00","13.8","234","18.47","67.8","1015","-","-"
"2021/04/28","10:00","13.22","232","17.88","67.1","1015.1","-","-"
"2021/04/28","11:00","10.11","253","14.38","66.7","1015.8","-","-"
"2021/04/28","12:00","12.83","236","18.66","67.1","1015.9","-","-"
"2021/04/28","13:00","14.77","231","20.6","67.6","1015.6","-","-"
"2021/04/28","14:00","14","234","21.58","68.9","1015.4","-","-"
"2021/04/28","15:00","11.86","240","16.72","72.1","1015.6","-","-"
"2021/04/28","16:00","11.08","236","17.49","74.7","1015","-","-"
"2021/04/28","17:00","7.97","247","11.27","77.7","1014.6","-","-"
"2021/04/28","18:00","9.33","238","12.25","80.8","1013.9","-","-"
"2021/04/28","19:00","12.25","208","16.72","82.4","1012.4","-","-"
"2021/04/28","20:00","7.19","219","14.19","83.7","1011.7","-","-"
"2021/04/28","21:00","12.83","231","19.63","84.6","1011.5","-","-"
"2021/04/28","22:00","11.47","237","16.72","84.2","1011.2","-","-"
"2021/04/28","23:00","7","240","11.47","83.3","1011.4","-","-"
"2021/04/29","00:00","10.11","231","12.83","81","1011.8","-","-"
"2021/04/29","01:00","6.61","213","9.14","79.2","1012.1","-","-"
"2021/04/29","02:00","7.39","220","10.3","77.4","1012.5","-","-"
"2021/04/29","03:00","8.75","225","11.08","75.6","1012.5","-","-"
"2021/04/29","04:00","8.36","223","11.66","74.3","1012.4","-","-"
"2021/04/29","05:00","9.33","204","12.63","72.9","1012.3","-","-"
"2021/04/29","06:00","11.08","223","16.13","72.7","1011.6","-","-"
"2021/04/29","07:00","12.44","221","17.11","72.1","1011","-","-"
"2021/04/29","08:00","11.66","219","16.91","71.1","1010.4","-","-"
"2021/04/29","09:00","11.27","228","15.55","70.9","1010.1","-","-"
"2021/04/29","10:00","14.19","235","16.72","70.5","1010.6","-","-"
"2021/04/29","11:00","13.02","218","16.33","69.4","1010.2","-","-"
"2021/04/29","12:00","13.22","230","16.33","69.3","1011","-","-"
"2021/04/29","13:00","14.38","231","19.63","70.5","1010.5","-","-"
"2021/04/29","14:00","10.5","242","16.52","72.3","1010.8","-","-"
"2021/04/29","15:00","12.05","233","19.83","74.5","1010.2","-","-"
"2021/04/29","16:00","11.08","225","15.75","77.2","1009.6","-","-"
"2021/04/29","17:00","12.05","229","19.44","80.1","1008.9","-","-"
"2021/04/29","18:00","11.27","225","17.11","81.3","1008.1","-","-"
"2021/04/29","19:00","14.58","225","20.8","83.5","1007","-","-"
"2021/04/29","20:00","16.52","240","25.08","83.5","1006","-","-"
"2021/04/29","21:00","13.41","242","19.83","82.4","1005.5","-","-"
"2021/04/29","22:00","12.25","242","17.11","83.1","1004.8","-","-"
"2021/04/29","23:00","11.86","226","17.3","82.4","1004.1","-","-"
"2021/04/30","00:00","11.86","224","15.75","81.1","1003.8","-","-"
"2021/04/30","01:00","8.36","237","15.36","80.6","1004.3","-","-"
"2021/04/30","02:00","13.22","228","17.11","79.7","1003.9","-","-"
"2021/04/30","03:00","14.58","228","23.52","79.3","1002.9","-","-"
"2021/04/30","04:00","13.61","233","20.02","78.4","1002.8","-","-"
"2021/04/30","05:00","13.41","244","19.63","78.1","1002.3","-","-"
"2021/04/30","06:00","12.83","238","17.88","77.5","1002","-","-"
"2021/04/30","07:00","13.61","257","25.66","77","1002.4","-","-"
"2021/04/30","08:00","3.89","313","6.8","66.7","1003.1","-","-"
"2021/04/30","09:00","10.5","276","14.58","69.1","1003.7","-","-"
"2021/04/30","10:00","14.19","294","17.3","69.6","1004.4","-","-"
"2021/04/30","11:00","15.75","302","18.66","68.9","1005.2","-","-"
"2021/04/30","12:00","19.83","296","26.44","68.4","1006.3","-","-"
"2021/04/30","13:00","18.86","306","23.13","67.6","1006.7","-","-"
"2021/04/30","14:00","20.99","309","27.02","67.6","1007.3","-","-"
"2021/04/30","15:00","19.24","310","24.3","68.2","1007.3","-","-"
"2021/04/30","16:00","20.8","302","23.71","67.3","1007","-","-"
"2021/04/30","17:00","16.72","307","24.1","69.1","1006.7","-","-"
"2021/04/30","18:00","17.3","293","28.57","71.2","1006.1","-","-"
"2021/04/30","19:00","15.55","261","24.3","72.9","1005","-","-"
"2021/04/30","20:00","16.52","265","22.74","74.5","1004.5","-","-"
"2021/04/30","21:00","19.44","299","23.52","73.8","1004.5","-","-"
"2021/04/30","22:00","17.69","313","24.1","71.8","1004.9","-","-"
"2021/04/30","23:00","17.3","301","19.63","72.5","1005.7","-","-"
"2021/05/01","00:00","12.44","304","16.72","70.5","1007","-","-"
"2021/05/01","01:00","26.82","340","33.43","60.6","1010.3","-","-"
"2021/05/01","02:00","20.41","333","29.16","59.5","1011.6","-","-"
"2021/05/01","03:00","24.3","323","28.19","58.6","1012.1","-","-"
"2021/05/01","04:00","22.35","308","31.1","58.8","1012.4","-","-"
"2021/05/01","05:00","21.19","329","26.24","56.1","1013.5","-","-"
"2021/05/01","06:00","17.69","333","22.94","55.2","1013.9","-","-"
"2021/05/01","07:00","16.52","334","19.83","54.3","1014","-","-"
"2021/05/01","08:00","11.86","328","18.47","53.6","1014.4","-","-"
"2021/05/01","09:00","18.66","318","25.27","54.3","1015.2","-","-"
"2021/05/01","10:00","27.8","325","34.6","52.3","1016.2","-","-"
"2021/05/01","11:00","22.16","334","27.21","51.6","1017.2","-","-"
"2021/05/01","12:00","20.6","331","24.49","52","1017.8","-","-"
"2021/05/01","13:00","24.3","336","30.91","52.9","1017.9","-","-"
"2021/05/01","14:00","20.8","327","24.88","54.1","1017.7","-","-"
"2021/05/01","15:00","20.02","318","23.13","55.8","1017.7","-","-"
"2021/05/01","16:00","18.27","302","20.99","56.8","1017.6","-","-"
"2021/05/01","17:00","14.38","298","17.11","59.4","1017.3","-","-"
"2021/05/01","18:00","9.91","302","14.77","61.9","1017.1","-","-"
"2021/05/01","19:00","10.89","317","12.44","63.5","1016.8","-","-"
"2021/05/01","20:00","8.94","321","9.72","64.8","1016","-","-"
"2021/05/01","21:00","5.25","277","9.33","66.4","1015.7","-","-"
"2021/05/01","22:00","9.33","260","11.47","66.9","1015.4","-","-"
"2021/05/01","23:00","5.25","248","6.22","67.5","1014.9","-","-"
"2021/05/02","00:00","4.86","208","4.86","63","1015.2","-","-"
"2021/05/02","01:00","5.64","196","6.03","58.8","1015.1","-","-"
"2021/05/02","02:00","5.44","198","6.61","59.5","1015.6","-","-"
"2021/05/02","03:00","5.83","207","8.36","59.7","1015.5","-","-"
"2021/05/02","04:00","7.19","217","8.94","58.8","1015.2","-","-"
"2021/05/02","05:00","6.41","210","9.14","58.8","1015.2","-","-"
"2021/05/02","06:00","9.52","213","13.41","59.2","1014.2","-","-"
"2021/05/02","07:00","9.72","221","13.8","59.9","1013.9","-","-"
"2021/05/02","08:00","9.52","215","12.63","59","1013.8","-","-"
"2021/05/02","09:00","12.05","221","15.16","57","1013.8","-","-"
"2021/05/02","10:00","12.44","222","18.47","56.5","1014.1","-","-"
"2021/05/02","11:00","11.08","226","15.75","56.5","1014.6","-","-"
"2021/05/02","12:00","8.55","226","13.02","59","1014.9","-","-"
"2021/05/02","13:00","7","227","13.8","62.2","1014.9","-","-"
"2021/05/02","14:00","12.25","224","16.33","65.8","1014.3","-","-"
"2021/05/02","15:00","14.38","230","18.86","68.5","1014","-","-"
"2021/05/02","16:00","13.02","220","17.11","71.4","1013.6","-","-"
"2021/05/02","17:00","14","225","19.05","74.3","1013","-","-"
"2021/05/02","18:00","14.77","215","21.19","77","1012.8","-","-"
"2021/05/02","19:00","12.83","228","17.69","79","1012","-","-"
"2021/05/02","20:00","11.86","230","16.91","79.7","1011.2","-","-"
"2021/05/02","21:00","12.05","226","19.44","80.4","1010.6","-","-"
"2021/05/02","22:00","9.72","225","14","80.2","1010.5","-","-"
"2021/05/02","23:00","8.36","216","11.47","79.2","1010.6","-","-"
"2021/05/03","00:00","6.8","212","10.11","77.4","1010.7","-","-"
"2021/05/03","01:00","5.83","211","9.33","75.4","1011.2","-","-"
"2021/05/03","02:00","7.78","204","10.69","74.5","1011.4","-","-"
"2021/05/03","03:00","8.94","200","11.47","73.8","1011.4","-","-"
"2021/05/03","04:00","12.25","204","16.13","72.7","1011.3","-","-"
"2021/05/03","05:00","8.55","209","13.61","71.6","1011.5","-","-"
"2021/05/03","06:00","8.94","215","13.8","70.2","1011.4","-","-"
"2021/05/03","07:00","9.33","215","15.16","69.6","1011.1","-","-"
"2021/05/03","08:00","10.5","217","14.77","69.1","1011.2","-","-"
"2021/05/03","09:00","11.86","222","14.97","68.5","1011.3","-","-"
"2021/05/03","10:00","12.25","218","15.94","67.6","1011.7","-","-"
"2021/05/03","11:00","9.14","220","13.22","67.8","1012.5","-","-"
"2021/05/03","12:00","11.08","217","14","68.2","1013","-","-"
"2021/05/03","13:00","8.16","219","14.97","68.7","1013.1","-","-"
"2021/05/03","14:00","10.89","215","13.02","70","1012.7","-","-"
"2021/05/03","15:00","11.86","226","15.94","72.5","1012.5","-","-"
"2021/05/03","16:00","7.39","220","12.83","74.7","1011.6","-","-"
"2021/05/03","17:00","6.61","195","11.08","75.9","1011","-","-"
"2021/05/03","18:00","7.78","200","10.3","78.1","1009.7","-","-"
"2021/05/03","19:00","7.97","207","12.44","77.4","1008.8","-","-"
"2021/05/03","20:00","6.61","199","9.91","75.6","1008.7","-","-"
"2021/05/03","21:00","9.91","189","13.22","74.7","1008.4","-","-"
"2021/05/03","22:00","8.36","180","11.08","72.5","1007.5","-","-"
"2021/05/03","23:00","8.55","196","11.08","72.9","1007.3","-","-"
"2021/05/04","00:00","9.52","188","13.22","72","1007.1","-","-"
"2021/05/04","01:00","9.91","209","13.02","72.3","1007.4","-","-"
"2021/05/04","02:00","5.44","205","9.91","71.2","1007.8","-","-"
"2021/05/04","03:00","6.22","209","10.89","71.4","1007.5","-","-"
"2021/05/04","04:00","10.11","209","14","71.4","1007.4","-","-"
"2021/05/04","05:00","11.66","219","17.3","71.8","1007","-","-"
"2021/05/04","06:00","13.41","227","17.49","71.8","1006.6","-","-"
"2021/05/04","07:00","13.41","239","18.47","70.9","1006.8","-","-"
"2021/05/04","08:00","12.44","239","17.88","69.8","1007.1","-","-"
"2021/05/04","09:00","13.02","234","16.91","69.1","1007.2","-","-"
"2021/05/04","10:00","12.63","239","18.27","68","1007.9","-","-"
"2021/05/04","11:00","10.3","226","15.94","67.6","1008.2","-","-"
"2021/05/04","12:00","12.25","231","20.22","68.9","1008.8","-","-"
"2021/05/04","13:00","11.66","239","16.52","71.4","1009.6","-","-"
"2021/05/04","14:00","13.61","254","18.08","73.8","1010.4","-","-"
"2021/05/04","15:00","13.8","267","17.69","76.8","1010","-","-"
"2021/05/04","16:00","6.03","247","7.97","79.2","1009.3","-","-"
"2021/05/04","17:00","9.91","238","14.97","81.7","1008.8","-","-"
"2021/05/04","18:00","8.36","253","10.5","83.8","1008.7","-","-"
"2021/05/04","19:00","1.56","218","4.47","84.2","1008.2","-","-"
"2021/05/04","20:00","8.55","211","10.69","86.9","1007.5","-","-"
"2021/05/04","21:00","9.72","228","14.97","86.9","1006.6","-","-"
"2021/05/04","22:00","7.78","206","10.69","85.8","1006.2","-","-"
"2021/05/04","23:00","5.83","195","8.55","84","1006","-","-"
"2021/05/05","00:00","5.25","197","7.19","70.9","1007.7","-","-"
"2021/05/05","01:00","7.19","199","13.02","71.8","1008.2","-","-"
"2021/05/05","02:00","8.36","205","10.5","71.2","1008.6","-","-"
"2021/05/05","03:00","10.69","215","13.61","71.4","1007.9","-","-"
"2021/05/05","04:00","10.11","212","14.77","71.8","1007.3","-","-"
"2021/05/05","05:00","7.19","225","11.27","71.6","1007.5","-","-"
"2021/05/05","06:00","7.39","213","10.69","71.4","1006.9","-","-"
"2021/05/05","07:00","6.61","209","11.86","70.9","1006.6","-","-"
"2021/05/05","08:00","10.89","230","14.19","70.5","1006.1","-","-"
"2021/05/05","09:00","12.83","224","16.72","70","1006","-","-"
"2021/05/05","10:00","11.66","224","14.38","69.1","1005.3","-","-"
"2021/05/05","11:00","13.22","220","16.91","68.9","1006.1","-","-"
"2021/05/05","12:00","9.91","231","14","69.1","1007","-","-"
"2021/05/05","13:00","11.08","220","14.38","70","1006.9","-","-"
"2021/05/05","14:00","10.69","255","14.58","71.4","1006.6","-","-"
"2021/05/05","15:00","12.44","241","18.08","72.3","1006.1","-","-"
"2021/05/05","16:00","10.69","242","15.16","75.2","1005.7","-","-"
"2021/05/05","17:00","14.19","247","20.41","77.4","1005.5","-","-"
"2021/05/05","18:00","11.66","252","18.66","79.9","1005.4","-","-"
"2021/05/05","19:00","15.75","290","21.97","80.8","1005.2","-","-"
"2021/05/05","20:00","13.22","252","20.99","82.2","1005","-","-"
"2021/05/05","21:00","16.72","262","22.35","83.1","1005.2","-","-"
"2021/05/05","22:00","14.77","267","19.83","83.1","1005.6","-","-"
"2021/05/05","23:00","9.33","288","12.25","81.9","1006.3","-","-"
"2021/05/06","00:00","16.13","3","20.99","72.9","1008.4","-","-"
"2021/05/06","01:00","15.36","1","19.44","70.2","1010.1","-","-"
"2021/05/06","02:00","18.86","339","25.27","68.2","1011.8","-","-"
"2021/05/06","03:00","19.83","356","24.49","64.8","1013.3","-","-"
"2021/05/06","04:00","14.77","342","18.47","63.3","1013.4","-","-"
"2021/05/06","05:00","15.55","338","23.71","62.2","1013.9","-","-"
"2021/05/06","06:00","14.77","358","19.05","60.8","1014","-","-"
"2021/05/06","07:00","11.66","356","14.38","59.5","1014.7","-","-"
"2021/05/06","08:00","13.41","347","18.08","57.9","1015.1","-","-"
"2021/05/06","09:00","13.02","342","17.3","56.8","1015.5","-","-"
"2021/05/06","10:00","11.86","342","14","54.9","1016.2","-","-"
"2021/05/06","11:00","9.52","354","12.25","53.8","1017.1","-","-"
"2021/05/06","12:00","14","346","16.52","54","1017.7","-","-"
"2021/05/06","13:00","12.25","355","16.91","53.8","1017.7","-","-"
"2021/05/06","14:00","12.63","21","14.38","55.2","1017.8","-","-"
"2021/05/06","15:00","8.36","350","11.66","56.7","1017.7","-","-"
"2021/05/06","16:00","5.25","298","7.58","57.4","1017.6","-","-"
"2021/05/06","17:00","3.89","325","5.25","58.6","1016.9","-","-"
"2021/05/06","18:00","5.05","62","11.27","57.9","1016.3","-","-"
"2021/05/06","19:00","9.91","79","12.05","58.3","1015.4","-","-"
"2021/05/06","20:00","10.89","98","12.63","58.3","1014.8","-","-"
"2021/05/06","21:00","9.52","82","11.47","58.3","1014.1","-","-"
"2021/05/06","22:00","9.14","87","10.69","58.6","1014.3","-","-"
"2021/05/06","23:00","6.41","94","8.36","59.5","1014.4","-","-"
"2021/05/07","00:00","5.05","94","7","59.7","1014.6","-","-"
"2021/05/07","01:00","3.3","141","4.67","59.2","1014.9","-","-"
"2021/05/07","02:00","1.94","160","2.92","57.4","1015.1","-","-"
"2021/05/07","03:00","2.92","195","4.08","55","1015","-","-"
"2021/05/07","04:00","3.3","204","5.05","55","1014.5","-","-"
"2021/05/07","05:00","2.92","193","4.86","55.2","1014.1","-","-"
"2021/05/07","06:00","5.25","185","7","54.9","1013.5","-","-"
"2021/05/07","07:00","5.05","200","6.22","54.3","1013.2","-","-"
"2021/05/07","08:00","4.47","211","5.25","53.8","1012.5","-","-"
"2021/05/07","09:00","1.56","339","2.53","54","1012.2","-","-"
"2021/05/07","10:00","1.17","253","1.75","52.9","1012.1","-","-"
"2021/05/07","11:00","1.17","206","1.75","54.9","1012.1","-","-"
"2021/05/07","12:00","0.58","71","1.36","59.5","1011.9","-","-"
"2021/05/07","13:00","3.89","157","5.05","60.1","1012","-","-"
"2021/05/07","14:00","8.16","93","9.33","60.4","1011.6","-","-"
"2021/05/07","15:00","10.5","79","11.47","60.8","1011.7","-","-"
"2021/05/07","16:00","10.11","87","12.83","61.5","1011.4","-","-"
"2021/05/07","17:00","10.5","94","11.66","61.5","1010.7","-","-"
"2021/05/07","18:00","8.75","85","10.69","61.7","1010.2","-","-"
"2021/05/07","19:00","7.97","87","9.72","62.2","1009.9","-","-"
"2021/05/07","20:00","6.61","88","9.33","62.4","1009.2","-","-"
"2021/05/07","21:00","11.08","273","15.75","60.4","1009.1","-","-"
"2021/05/07","22:00","14.19","284","18.86","56.1","1010.2","-","-"
"2021/05/07","23:00","13.61","295","16.91","55.2","1010.8","-","-"
"2021/05/08","00:00","17.49","322","22.16","54.5","1011.4","-","-"
"2021/05/08","01:00","11.86","280","13.61","53.4","1011.8","-","-"
"2021/05/08","02:00","9.72","289","13.02","53.1","1012.3","-","-"
"2021/05/08","03:00","9.91","279","12.83","52.7","1012.6","-","-"
"2021/05/08","04:00","10.69","288","14.77","52.7","1012.8","-","-"
"2021/05/08","05:00","9.91","283","12.25","52","1012.7","-","-"
"2021/05/08","06:00","6.8","283","10.11","50.9","1012.6","-","-"
"2021/05/08","07:00","7.39","272","10.5","49.8","1012.9","-","-"
"2021/05/08","08:00","5.25","261","7.39","49.5","1012.8","-","-"
"2021/05/08","09:00","6.22","228","7.39","49.1","1013","-","-"
"2021/05/08","10:00","3.89","212","5.05","48.9","1012.7","-","-"
"2021/05/08","11:00","8.55","227","11.47","50.4","1013.3","-","-"
"2021/05/08","12:00","7.19","196","9.91","51.1","1013.2","-","-"
"2021/05/08","13:00","8.75","221","13.02","54.3","1013.3","-","-"
"2021/05/08","14:00","13.02","260","19.44","56.5","1012.8","-","-"
"2021/05/08","15:00","19.24","285","23.13","59","1012.8","-","-"
"2021/05/08","16:00","15.55","302","23.13","60.6","1013.2","-","-"
"2021/05/08","17:00","16.72","312","19.63","61.2","1013","-","-"
"2021/05/08","18:00","12.63","297","20.02","62.4","1012.7","-","-"
"2021/05/08","19:00","9.33","278","14.58","63.9","1012.9","-","-"
"2021/05/08","20:00","7.19","317","11.47","64.2","1012.7","-","-"
"2021/05/08","21:00","9.52","301","14.19","65.1","1013","-","-"
"2021/05/08","22:00","14.77","71","17.3","59.9","1014","-","-"
"2021/05/08","23:00","8.36","49","11.08","59.7","1014.8","-","-"
"2021/05/09","00:00","12.25","57","16.13","58.8","1016.2","-","-"
"2021/05/09","01:00","9.14","50","11.66","58.5","1017.2","-","-"
"2021/05/09","02:00","6.22","40","7.39","57.7","1018.4","-","-"
"2021/05/09","03:00","3.69","18","4.67","57.7","1019.1","-","-"
"2021/05/09","04:00","3.69","10","4.67","57.6","1019.4","-","-"
"2021/05/09","05:00","1.17","253","1.94","54.1","1019.4","-","-"
"2021/05/09","06:00","4.28","2","5.05","55.6","1018.7","-","-"
"2021/05/09","07:00","2.53","230","4.08","50.9","1018.9","-","-"
"2021/05/09","08:00","2.14","274","3.3","52.2","1019.8","-","-"
"2021/05/09","09:00","7","14","7.97","55","1020.1","-","-"
"2021/05/09","10:00","6.41","348","8.55","55","1021.1","-","-"
"2021/05/09","11:00","3.3","35","4.67","55","1021","-","-"
"2021/05/09","12:00","2.72","131","3.69","56.3","1020.6","-","-"
"2021/05/09","13:00","3.3","159","5.44","59","1020.4","-","-"
"2021/05/09","14:00","7.19","127","9.52","59.7","1020","-","-"
"2021/05/09","15:00","6.61","135","9.52","61.3","1020","-","-"
"2021/05/09","16:00","11.27","98","17.49","61.3","1018.9","-","-"
"2021/05/09","17:00","16.52","94","18.66","60.8","1017.6","-","-"
"2021/05/09","18:00","13.8","108","16.91","63.1","1016.5","-","-"
"2021/05/09","19:00","13.61","98","15.94","64.9","1014.8","-","-"
"2021/05/09","20:00","13.61","187","18.27","73.4","1013","-","-"
"2021/05/09","21:00","9.33","193","11.86","75.6","1011.9","-","-"
"2021/05/09","22:00","6.61","196","9.72","75.7","1010.8","-","-"
"2021/05/09","23:00","7.39","192","13.41","75.9","1009.5","-","-"
"2021/05/10","00:00","9.33","195","14.19","76.3","1009","-","-"
"2021/05/10","01:00","13.61","201","19.24","76.3","1009","-","-"
"2021/05/10","02:00","18.47","209","25.08","75.7","1009.8","-","-"
"2021/05/10","03:00","17.11","211","28.57","74.1","1009.1","-","-"
"2021/05/10","04:00","15.16","211","27.02","73.2","1009.2","-","-"
"2021/05/10","05:00","14.19","213","24.88","72.7","1008.7","-","-"
"2021/05/10","06:00","19.24","217","27.99","72.1","1008.5","-","-"
"2021/05/10","07:00","11.47","226","18.47","71.4","1008.5","-","-"
"2021/05/10","08:00","14.77","219","19.44","71.1","1008.6","-","-"
"2021/05/10","09:00","11.47","224","19.05","70.5","1009.6","-","-"
"2021/05/10","10:00","10.3","229","18.08","70.2","1009.9","-","-"
"2021/05/10","11:00","8.16","225","13.02","69.8","1010.6","-","-"
"2021/05/10","12:00","6.03","232","8.75","68.2","1010.6","-","-"
"2021/05/10","13:00","6.61","229","7.97","68","1011.1","-","-"
"2021/05/10","14:00","7.58","251","10.5","68.9","1011.4","-","-"
"2021/05/10","15:00","15.94","30","19.83","63","1012.7","-","-"
"2021/05/10","16:00","15.16","345","18.27","59.2","1013.9","-","-"
"2021/05/10","17:00","8.55","30","11.66","56.7","1013.9","-","-"
"2021/05/10","18:00","10.69","15","13.8","57.4","1014.1","-","-"
"2021/05/10","19:00","4.86","42","7.58","58.8","1014.2","-","-"
"2021/05/10","20:00","7.78","34","9.14","59.7","1013.8","-","-"
"2021/05/10","21:00","3.89","16","6.22","60.6","1014.2","-","-"
"2021/05/10","22:00","5.64","359","7","60.1","1014.5","-","-"
"2021/05/10","23:00","6.41","27","7.58","60.4","1014.7","-","-"
"2021/05/11","00:00","5.25","51","6.03","59.4","1015.5","-","-"
"2021/05/11","01:00","5.05","75","6.8","59.5","1016.2","-","-"
"2021/05/11","02:00","4.08","68","5.05","59.4","1017.2","-","-"
"2021/05/11","03:00","2.53","242","3.11","57.2","1017.5","-","-"
"2021/05/11","04:00","3.89","284","5.25","57.4","1017.8","-","-"
"2021/05/11","05:00","4.47","288","5.05","57","1017.6","-","-"
"2021/05/11","06:00","3.3","295","4.67","56.8","1016.6","-","-"
"2021/05/11","07:00","7.78","312","9.14","57.7","1017","-","-"
"2021/05/11","08:00","7.78","331","9.52","56.7","1017.7","-","-"
"2021/05/11","09:00","9.14","2","11.66","56.5","1018.1","-","-"
"2021/05/11","10:00","7.78","353","9.33","55.2","1018.5","-","-"
"2021/05/11","11:00","6.41","3","7.39","55.6","1019.1","-","-"
"2021/05/11","12:00","8.94","355","10.5","56.5","1019.5","-","-"
"2021/05/11","13:00","7.58","12","8.94","59","1019.7","-","-"
"2021/05/11","14:00","7","49","9.91","61.9","1020.2","-","-"
"2021/05/11","15:00","5.64","84","7.97","61.9","1020.3","-","-"
"2021/05/11","16:00","6.03","91","7","62.1","1020.6","-","-"
"2021/05/11","17:00","5.44","99","6.8","63","1020.1","-","-"
"2021/05/11","18:00","8.75","74","9.52","63.3","1019.4","-","-"
"2021/05/11","19:00","6.22","79","7.78","64.2","1019.2","-","-"
"2021/05/11","20:00","8.36","83","9.33","64.2","1018.8","-","-"
"2021/05/11","21:00","7.39","112","9.91","66.7","1018.2","-","-"
"2021/05/11","22:00","10.69","133","14.58","65.3","1018.3","-","-"
"2021/05/11","23:00","9.91","147","11.86","66","1018","-","-"
"2021/05/12","00:00","7","164","8.55","63.5","1018.2","-","-"
"2021/05/12","01:00","6.41","159","7.39","61.7","1018.6","-","-"
"2021/05/12","02:00","5.05","188","6.03","60.6","1018.8","-","-"
"2021/05/12","03:00","7.39","211","9.33","59.9","1019.6","-","-"
"2021/05/12","04:00","7.78","219","9.72","60.3","1019.9","-","-"
"2021/05/12","05:00","7.97","267","10.11","60.4","1020.6","-","-"
"2021/05/12","06:00","11.27","6","17.3","61.2","1021.3","-","-"
"2021/05/12","07:00","12.05","5","16.33","60.1","1021","-","-"
"2021/05/12","08:00","13.22","4","16.13","59.4","1021.7","-","-"
"2021/05/12","09:00","11.86","358","14.97","58.3","1022.1","-","-"
"2021/05/12","10:00","8.94","355","13.61","56.7","1022.6","-","-"
"2021/05/12","11:00","11.86","354","14.77","55.8","1023.8","-","-"
"2021/05/12","12:00","14.58","354","16.52","54.5","1024.2","-","-"
"2021/05/12","13:00","12.05","347","13.8","53.1","1024.8","-","-"
"2021/05/12","14:00","8.55","344","10.5","52.9","1025.4","-","-"
"2021/05/12","15:00","9.91","8","12.44","53.6","1025.4","-","-"
"2021/05/12","16:00","6.41","8","8.94","53.6","1024.9","-","-"
"2021/05/12","17:00","10.3","358","11.86","53.1","1024.7","-","-"
"2021/05/12","18:00","4.86","337","9.91","53.4","1024.4","-","-"
"2021/05/12","19:00","7.58","5","10.69","53.6","1024.1","-","-"
"2021/05/12","20:00","8.75","320","11.47","54.3","1023.4","-","-"
"2021/05/12","21:00","8.36","356","10.69","54.5","1023","-","-"
"2021/05/12","22:00","5.83","322","7.19","55.6","1022.9","-","-"
"2021/05/12","23:00","2.72","287","4.28","57","1022.9","-","-"
"2021/05/13","00:00","3.5","233","4.08","54.1","1023.1","-","-"
"2021/05/13","01:00","3.89","235","4.28","52","1023.3","-","-"
"2021/05/13","02:00","3.5","233","3.89","50.9","1023.3","-","-"
"2021/05/13","03:00","3.5","223","4.86","51.4","1023.3","-","-"
"2021/05/13","04:00","6.41","275","7.39","52.3","1023.2","-","-"
"2021/05/13","05:00","8.16","269","9.72","52.5","1023","-","-"
"2021/05/13","06:00","6.61","268","7.39","51.8","1022.7","-","-"
"2021/05/13","07:00","7","277","7.97","51.3","1022.5","-","-"
"2021/05/13","08:00","6.41","281","7.39","50.9","1022.5","-","-"
"2021/05/13","09:00","4.67","281","6.22","50.5","1022.5","-","-"
"2021/05/13","10:00","4.28","286","5.83","51.1","1022.7","-","-"
"2021/05/13","11:00","7.97","318","11.47","53.6","1023.3","-","-"
"2021/05/13","12:00","6.22","322","7.97","54","1023.9","-","-"
"2021/05/13","13:00","8.55","33","11.66","59.7","1023.9","-","-"
"2021/05/13","14:00","11.27","33","14.77","61.9","1024.3","-","-"
"2021/05/13","15:00","11.27","58","13.41","63.1","1024.5","-","-"
"2021/05/13","16:00","9.52","42","11.86","64","1024.5","-","-"
"2021/05/13","17:00","11.86","50","14","64.8","1024","-","-"
"2021/05/13","18:00","12.05","85","15.36","63","1023.6","-","-"
"2021/05/13","19:00","9.91","98","15.75","63.9","1023.2","-","-"
"2021/05/13","20:00","11.66","96","15.55","64","1022.8","-","-"
"2021/05/13","21:00","10.69","66","15.55","65.1","1022.5","-","-"
"2021/05/13","22:00","9.52","39","15.16","65.7","1022.7","-","-"
"2021/05/13","23:00","11.27","47","15.36","66","1022.6","-","-"
"2021/05/14","00:00","9.14","92","10.89","63.7","1022.8","-","-"
"2021/05/14","01:00","5.64","169","7.19","60.4","1023.2","-","-"
"2021/05/14","02:00","5.25","178","6.03","57.9","1023.7","-","-"
"2021/05/14","03:00","5.05","198","6.22","57","1023.8","-","-"
"2021/05/14","04:00","1.17","237","1.75","56.1","1023.7","-","-"
"2021/05/14","05:00","1.56","178","1.94","55.6","1023.9","-","-"
"2021/05/14","06:00","1.36","268","2.72","53.6","1023.6","-","-"
"2021/05/14","07:00","3.3","265","4.08","53.4","1023.5","-","-"
"2021/05/14","08:00","4.86","272","5.44","53.4","1023.4","-","-"
"2021/05/14","09:00","5.44","272","6.03","53.2","1023.6","-","-"
"2021/05/14","10:00","6.22","273","6.8","53.4","1023.7","-","-"
"2021/05/14","11:00","5.44","282","7.19","54.5","1024.1","-","-"
"2021/05/14","12:00","8.55","302","10.89","57","1024.5","-","-"
"2021/05/14","13:00","7.97","303","9.52","60.4","1024.7","-","-"
"2021/05/14","14:00","9.72","306","11.86","61.2","1024.8","-","-"
"2021/05/14","15:00","8.36","303","9.52","63.9","1024.7","-","-"
"2021/05/14","16:00","3.89","335","5.44","66.2","1024.5","-","-"
"2021/05/14","17:00","1.75","70","3.89","67.5","1024.1","-","-"
"2021/05/14","18:00","5.64","80","6.8","65.5","1023.9","-","-"
"2021/05/14","19:00","2.92","78","3.3","67.3","1023.7","-","-"
"2021/05/14","20:00","7.58","89","8.55","66","1023.4","-","-"
"2021/05/14","21:00","7.19","83","7.39","66.4","1023.1","-","-"
"2021/05/14","22:00","5.25","28","7.19","66.6","1023.2","-","-"
"2021/05/14","23:00","9.72","116","11.66","65.7","1023.1","-","-"
"2021/05/15","00:00","4.08","171","6.41","63.7","1023.3","-","-"
"2021/05/15","01:00","2.53","167","3.11","62.6","1023.5","-","-"
"2021/05/15","02:00","1.94","180","2.33","57.7","1023.8","-","-"
"2021/05/15","03:00","1.75","204","2.33","56.5","1023.6","-","-"
"2021/05/15","04:00","8.75","214","9.72","57.6","1023.4","-","-"
"2021/05/15","05:00","6.22","224","7.19","57.6","1023.5","-","-"
"2021/05/15","06:00","2.53","240","5.83","57.7","1023.4","-","-"
"2021/05/15","07:00","1.36","253","1.94","55.4","1023.2","-","-"
"2021/05/15","08:00","3.3","211","3.69","52.9","1023.3","-","-"
"2021/05/15","09:00","2.72","228","3.89","51.6","1023.3","-","-"
"2021/05/15","10:00","2.14","162","3.89","55.4","1023.8","-","-"
"2021/05/15","11:00","1.36","201","1.75","55.2","1024.2","-","-"
"2021/05/15","12:00","1.17","262","1.36","59","1024.4","-","-"
"2021/05/15","13:00","2.53","346","2.72","60.6","1024.7","-","-"
"2021/05/15","14:00","5.05","331","6.41","62.6","1024.7","-","-"
"2021/05/15","15:00","7.78","291","8.16","64.4","1024.8","-","-"
"2021/05/15","16:00","3.11","320","4.28","66.9","1024.7","-","-"
"2021/05/15","17:00","6.41","309","7.78","69.1","1023.8","-","-"
"2021/05/15","18:00","10.69","67","15.94","67.5","1023.3","-","-"
"2021/05/15","19:00","11.47","91","12.44","67.3","1023","-","-"
"2021/05/15","20:00","9.72","91","11.08","67.8","1022.6","-","-"
"2021/05/15","21:00","9.33","104","11.08","67.1","1022.6","-","-"
"2021/05/15","22:00","7.39","118","12.05","67.5","1022.8","-","-"
"2021/05/15","23:00","10.69","125","12.83","66.7","1022.9","-","-"
"2021/05/16","00:00","7.39","123","10.3","64.4","1023.3","-","-"
"2021/05/16","01:00","7.97","129","11.27","62.8","1023.7","-","-"
"2021/05/16","02:00","6.22","149","8.16","61.7","1024.1","-","-"
"2021/05/16","03:00","3.3","175","3.89","59.5","1023.8","-","-"
"2021/05/16","04:00","1.94","177","2.72","57.7","1023.6","-","-"
"2021/05/16","05:00","1.75","193","2.33","56.5","1023.7","-","-"
"2021/05/16","06:00","1.56","206","1.94","55.2","1023.4","-","-"
"2021/05/16","07:00","1.17","267","2.33","55","1023","-","-"
"2021/05/16","08:00","1.75","231","2.72","53.6","1023.3","-","-"
"2021/05/16","09:00","2.53","260","3.89","54.1","1024","-","-"
"2021/05/16","10:00","2.92","274","3.69","55","1024.5","-","-"
"2021/05/16","11:00","0.58","221","1.75","56.7","1024.8","-","-"
"2021/05/16","12:00","3.89","311","5.05","57.7","1025.2","-","-"
"2021/05/16","13:00","4.86","318","5.64","59.5","1025.7","-","-"
"2021/05/16","14:00","1.17","301","2.14","61.5","1025.9","-","-"
"2021/05/16","15:00","2.33","87","2.92","63","1026","-","-"
"2021/05/16","16:00","6.03","78","7","63.1","1025.8","-","-"
"2021/05/16","17:00","6.61","55","7.58","64.2","1025.2","-","-"
"2021/05/16","18:00","7.39","61","8.55","65.8","1025","-","-"
"2021/05/16","19:00","9.52","67","10.69","66.7","1024.5","-","-"
"2021/05/16","20:00","11.08","84","12.25","66.6","1023.7","-","-"
"2021/05/16","21:00","8.55","93","9.33","66","1023.5","-","-"
"2021/05/16","22:00","6.8","84","7.78","65.8","1023.6","-","-"
"2021/05/16","23:00","8.94","95","10.89","65.7","1023.6","-","-"
"2021/05/17","00:00","7.19","111","8.94","65.3","1023.9","-","-"
"2021/05/17","01:00","10.3","98","13.22","63.9","1023.9","-","-"
"2021/05/17","02:00","9.52","100","10.89","63.9","1023.8","-","-"
"2021/05/17","03:00","5.83","128","7.19","63.3","1024","-","-"
"2021/05/17","04:00","4.47","111","5.25","63.5","1024.3","-","-"
"2021/05/17","05:00","2.92","146","3.89","62.4","1024.2","-","-"
"2021/05/17","06:00","1.36","128","2.72","62.4","1023.8","-","-"
"2021/05/17","07:00","2.72","289","3.3","60.1","1023.7","-","-"
"2021/05/17","08:00","4.47","0","4.86","59.9","1024","-","-"
"2021/05/17","09:00","3.11","286","5.25","58.6","1024.2","-","-"
"2021/05/17","10:00","6.41","30","7.19","59.5","1024.2","-","-"
"2021/05/17","11:00","2.53","330","3.3","59.9","1024.9","-","-"
"2021/05/17","12:00","6.8","42","7.97","62.1","1025.7","-","-"
"2021/05/17","13:00","7.58","75","8.75","62.8","1026.1","-","-"
"2021/05/17","14:00","6.8","78","7.78","62.6","1026.5","-","-"
"2021/05/17","15:00","6.41","85","7.58","63","1026.6","-","-"
"2021/05/17","16:00","6.22","78","7","63.9","1026.6","-","-"
"2021/05/17","17:00","8.36","74","9.52","65.7","1026.4","-","-"
"2021/05/17","18:00","8.94","81","9.72","66","1026","-","-"
"2021/05/17","19:00","10.5","85","11.66","66.2","1025.6","-","-"
"2021/05/17","20:00","9.91","100","11.27","67.5","1025.6","-","-"
"2021/05/17","21:00","10.3","116","13.02","67.3","1025.2","-","-"
"2021/05/17","22:00","9.33","109","10.89","67.1","1025.4","-","-"
"2021/05/17","23:00","7.39","119","9.52","66.7","1025.4","-","-"
"2021/05/18","00:00","7.58","126","8.94","65.8","1025.7","-","-"
"2021/05/18","01:00","4.67","144","8.94","64.8","1025.9","-","-"
"2021/05/18","02:00","2.53","174","3.11","62.1","1026.4","-","-"
"2021/05/18","03:00","2.53","175","3.11","61.3","1026.8","-","-"
"2021/05/18","04:00","0.97","176","1.94","61","1026.7","-","-"
"2021/05/18","05:00","1.75","168","2.92","60.3","1026.4","-","-"
"2021/05/18","06:00","2.33","209","2.92","58.1","1026.2","-","-"
"2021/05/18","07:00","1.75","168","2.53","58.6","1026.2","-","-"
"2021/05/18","08:00","0.78","214","1.94","58.3","1026.5","-","-"
"2021/05/18","09:00","1.56","233","1.94","57.6","1026.6","-","-"
"2021/05/18","10:00","0.39","183","1.36","57.4","1026.8","-","-"
"2021/05/18","11:00","0.58","202","1.36","58.6","1027.6","-","-"
"2021/05/18","12:00","2.53","323","2.92","61.2","1028","-","-"
"2021/05/18","13:00","1.17","335","2.14","63.7","1028.8","-","-"
"2021/05/18","14:00","5.05","45","6.22","64.6","1029.2","-","-"
"2021/05/18","15:00","7.19","90","7.78","64.8","1029.5","-","-"
"2021/05/18","16:00","9.52","93","10.11","65.8","1029.4","-","-"
"2021/05/18","17:00","8.55","92","9.33","66.9","1029.2","-","-"
"2021/05/18","18:00","7.19","83","7.58","68","1028.6","-","-"
"2021/05/18","19:00","10.11","90","11.66","68.4","1028.1","-","-"
"2021/05/18","20:00","10.3","88","11.86","68","1027.4","-","-"
"2021/05/18","21:00","9.14","98","10.69","69.1","1027","-","-"
"2021/05/18","22:00","6.22","115","8.36","70.3","1026.8","-","-"
"2021/05/18","23:00","6.22","122","7.78","70.2","1026.7","-","-"
"2021/05/19","00:00","4.47","165","5.64","67.6","1026.7","-","-"
"2021/05/19","01:00","5.64","158","7.78","64.9","1026.8","-","-"
"2021/05/19","02:00","4.47","161","6.41","63.9","1027.2","-","-"
"2021/05/19","03:00","5.25","161","6.61","62.8","1027.4","-","-"
"2021/05/19","04:00","2.14","185","2.92","61.3","1027.7","-","-"
"2021/05/19","05:00","1.94","233","2.72","60.3","1027.5","-","-"
"2021/05/19","06:00","1.75","176","2.72","60.3","1026.9","-","-"
"2021/05/19","07:00","2.33","223","3.11","58.6","1026.7","-","-"
"2021/05/19","08:00","1.75","229","2.33","58.8","1026.9","-","-"
"2021/05/19","09:00","0.19","303","0.58","57.9","1027.1","-","-"
"2021/05/19","10:00","2.53","282","3.3","57.2","1027.5","-","-"
"2021/05/19","11:00","3.89","279","4.47","59","1027.9","-","-"
"2021/05/19","12:00","4.67","274","5.44","62.2","1028.2","-","-"
"2021/05/19","13:00","3.3","309","5.05","65.1","1028.6","-","-"
"2021/05/19","14:00","4.08","339","4.28","67.5","1028.8","-","-"
"2021/05/19","15:00","3.69","317","4.08","69.8","1028.9","-","-"
"2021/05/19","16:00","4.86","297","5.25","72.7","1029","-","-"
"2021/05/19","17:00","1.56","240","2.33","75.7","1028.4","-","-"
"2021/05/19","18:00","5.83","77","6.22","73.2","1027.9","-","-"
"2021/05/19","19:00","7.19","94","7.58","74.3","1027.6","-","-"
"2021/05/19","20:00","10.3","89","11.08","73.6","1027.4","-","-"
"2021/05/19","21:00","9.33","91","9.91","73.9","1027.1","-","-"
"2021/05/19","22:00","8.36","91","8.94","74.7","1027","-","-"
"2021/05/19","23:00","4.47","106","6.22","76.1","1026.9","-","-"
"2021/05/20","00:00","1.75","149","3.3","74.7","1026.8","-","-"
"2021/05/20","01:00","0.97","190","1.17","69.4","1026.8","-","-"
"2021/05/20","02:00","0.97","238","1.36","67.8","1027.1","-","-"
"2021/05/20","03:00","3.5","214","4.08","67.5","1027.2","-","-"
"2021/05/20","04:00","9.14","218","10.3","68.9","1027.1","-","-"
"2021/05/20","05:00","8.94","222","11.66","68.4","1026.9","-","-"
"2021/05/20","06:00","10.89","229","13.8","68.4","1026.9","-","-"
"2021/05/20","07:00","9.52","233","12.05","67.3","1026.9","-","-"
"2021/05/20","08:00","3.69","299","4.47","65.7","1027.1","-","-"
"2021/05/20","09:00","3.89","302","4.86","64","1027.3","-","-"
"2021/05/20","10:00","4.47","280","5.25","63.1","1027.6","-","-"
"2021/05/20","11:00","5.83","274","6.41","64.2","1028.4","-","-"
"2021/05/20","12:00","6.41","298","7.97","66.9","1029","-","-"
"2021/05/20","13:00","8.36","313","9.72","67.8","1029.4","-","-"
"2021/05/20","14:00","7.78","308","8.55","69.1","1029.3","-","-"
"2021/05/20","15:00","7.39","317","7.97","72.1","1029.3","-","-"
"2021/05/20","16:00","5.05","314","5.44","74.1","1029.2","-","-"
"2021/05/20","17:00","13.02","90","14.19","71.4","1029.3","-","-"
"2021/05/20","18:00","8.75","103","10.89","73.9","1029.4","-","-"
"2021/05/20","19:00","14.38","108","15.94","72.7","1029.5","-","-"
"2021/05/20","20:00","16.33","101","21.97","70.9","1029.7","-","-"
"2021/05/20","21:00","16.13","112","18.47","71.2","1029.7","-","-"
"2021/05/20","22:00","16.33","126","21.19","69.4","1030.1","-","-"
"2021/05/20","23:00","14.19","117","18.86","68.4","1030.2","-","-"
"2021/05/21","00:00","12.63","119","14.77","66.6","1030.3","-","-"
"2021/05/21","01:00","12.63","111","14.38","65.8","1030.7","-","-"
"2021/05/21","02:00","11.47","107","14.97","65.3","1031.2","-","-"
"2021/05/21","03:00","13.02","99","14.58","64.4","1031.3","-","-"
"2021/05/21","04:00","10.89","94","13.02","64.6","1031.6","-","-"
"2021/05/21","05:00","11.08","86","13.02","64.4","1031.6","-","-"
"2021/05/21","06:00","10.11","81","11.66","64.4","1031.3","-","-"
"2021/05/21","07:00","10.3","82","11.66","64","1031.1","-","-"
"2021/05/21","08:00","7.78","83","9.14","63.5","1031.4","-","-"
"2021/05/21","09:00","6.22","2","7","59.9","1031.6","-","-"
"2021/05/21","10:00","6.22","13","7","59.7","1031.9","-","-"
"2021/05/21","11:00","6.03","3","6.41","60.1","1032.7","-","-"
"2021/05/21","12:00","7.58","44","9.91","63.3","1033","-","-"
"2021/05/21","13:00","7.78","70","8.94","64","1033.3","-","-"
"2021/05/21","14:00","8.94","100","11.27","64.2","1033.6","-","-"
"2021/05/21","15:00","9.33","91","11.08","64.8","1033.9","-","-"
"2021/05/21","16:00","5.25","99","7.97","65.8","1033.8","-","-"
"2021/05/21","17:00","8.75","98","9.91","65.8","1033.6","-","-"
"2021/05/21","18:00","8.75","92","10.69","66.2","1033.1","-","-"
"2021/05/21","19:00","7.97","92","8.55","66.9","1032.8","-","-"
"2021/05/21","20:00","6.8","89","7.19","67.1","1032.2","-","-"
"2021/05/21","21:00","7.39","83","8.16","67.3","1031.7","-","-"
"2021/05/21","22:00","7.19","89","8.55","67.3","1031.2","-","-"
"2021/05/21","23:00","4.67","126","6.8","68.7","1031","-","-"
"2021/05/22","00:00","5.44","119","6.22","66.2","1031.1","-","-"
"2021/05/22","01:00","5.25","154","6.61","64.2","1030.8","-","-"
"2021/05/22","02:00","3.69","166","4.47","62.4","1030.8","-","-"
"2021/05/22","03:00","4.28","152","5.05","62.4","1030.5","-","-"
"2021/05/22","04:00","1.94","218","2.92","60.6","1030","-","-"
"2021/05/22","05:00","2.53","218","4.67","59.7","1029.4","-","-"
"2021/05/22","06:00","1.36","238","3.11","61","1028.8","-","-"
"2021/05/22","07:00","1.94","207","2.72","60.3","1028","-","-"
"2021/05/22","08:00","2.33","249","3.89","61","1027.7","-","-"
"2021/05/22","09:00","3.5","253","4.67","58.8","1027.6","-","-"
"2021/05/22","10:00","1.94","253","3.69","58.5","1027.8","-","-"
"2021/05/22","11:00","4.28","290","5.44","61","1028.1","-","-"
"2021/05/22","12:00","5.05","275","6.8","64.2","1028","-","-"
"2021/05/22","13:00","2.92","267","4.28","68.7","1027.7","-","-"
"2021/05/22","14:00","2.92","302","4.08","70.7","1027.3","-","-"
"2021/05/22","15:00","8.94","253","10.89","74.7","1026.7","-","-"
"2021/05/22","16:00","6.22","234","7.78","76.6","1026.1","-","-"
"2021/05/22","17:00","6.41","251","9.14","79","1025.3","-","-"
"2021/05/22","18:00","8.75","251","11.66","81.3","1024.4","-","-"
"2021/05/22","19:00","9.52","231","12.44","82.9","1023.4","-","-"
"2021/05/22","20:00","9.52","259","12.83","84.4","1022.6","-","-"
"2021/05/22","21:00","4.28","254","6.41","84","1022","-","-"
"2021/05/22","22:00","2.72","241","3.11","83.1","1021.6","-","-"
"2021/05/22","23:00","6.22","234","7.58","82","1021","-","-"
"2021/05/23","00:00","7.19","237","8.36","80.8","1020.7","-","-"
"2021/05/23","01:00","7.19","243","9.52","79.3","1020.7","-","-"
"2021/05/23","02:00","7.97","237","10.5","78.6","1020.7","-","-"
"2021/05/23","03:00","8.94","239","11.47","77.7","1020.6","-","-"
"2021/05/23","04:00","10.11","247","12.63","77.7","1020","-","-"
"2021/05/23","05:00","7.58","269","8.94","75.2","1019.6","-","-"
"2021/05/23","06:00","5.05","271","6.22","74.1","1019.4","-","-"
"2021/05/23","07:00","5.44","271","6.22","74.1","1018.8","-","-"
"2021/05/23","08:00","3.89","282","4.47","73.6","1018.6","-","-"
"2021/05/23","09:00","7","297","7.58","73.2","1018.5","-","-"
"2021/05/23","10:00","6.22","284","6.8","73.6","1018.7","-","-"
"2021/05/23","11:00","7.58","290","8.16","73.4","1019","-","-"
"2021/05/23","12:00","8.16","297","8.75","73.6","1019.2","-","-"
"2021/05/23","13:00","8.36","316","8.94","73.4","1019.2","-","-"
"2021/05/23","14:00","7.19","314","8.55","73.9","1019.1","-","-"
"2021/05/23","15:00","8.55","312","9.72","75.7","1018.6","-","-"
"2021/05/23","16:00","7.58","324","8.75","78.4","1018.1","-","-"
"2021/05/23","17:00","6.8","314","8.16","82.4","1017.3","-","-"
"2021/05/23","18:00","7.78","318","9.52","83.8","1016.5","-","-"
"2021/05/23","19:00","8.55","315","10.89","83.5","1015.7","-","-"
"2021/05/23","20:00","5.05","307","6.03","85.6","1015","-","-"
"2021/05/23","21:00","8.75","270","12.63","87.1","1014.5","-","-"
"2021/05/23","22:00","7.78","265","9.72","87.1","1014.3","-","-"
"2021/05/23","23:00","6.8","262","10.11","87.1","1014.6","-","-"
"2021/05/24","00:00","6.61","256","7.39","85.3","1015.1","-","-"
"2021/05/24","01:00","4.08","299","5.64","81.1","1015.6","-","-"
"2021/05/24","02:00","6.22","256","8.36","81.5","1016","-","-"
"2021/05/24","03:00","5.44","291","6.22","79.9","1016.4","-","-"
"2021/05/24","04:00","6.22","288","7","79","1016.4","-","-"
"2021/05/24","05:00","6.41","284","6.61","77.2","1016.4","-","-"
"2021/05/24","06:00","6.22","272","7.97","77.4","1016.2","-","-"
"2021/05/24","07:00","6.8","289","7.97","76.8","1016","-","-"
"2021/05/24","08:00","7.58","307","8.94","73","1016.1","-","-"
"2021/05/24","09:00","5.83","319","7.39","73.9","1016.7","-","-"
"2021/05/24","10:00","17.88","68","22.55","72","1018.3","-","-"
"2021/05/24","11:00","18.66","78","22.35","68.9","1019.8","-","-"
"2021/05/24","12:00","18.27","76","20.8","68.4","1021","-","-"
"2021/05/24","13:00","18.47","66","20.41","67.6","1022.1","-","-"
"2021/05/24","14:00","16.52","70","20.8","67.1","1022.5","-","-"
"2021/05/24","15:00","14.97","71","19.05","66.6","1023.4","-","-"
"2021/05/24","16:00","15.75","79","18.08","65.8","1023.3","-","-"
"2021/05/24","17:00","15.94","87","19.05","66","1023.6","-","-"
"2021/05/24","18:00","14.58","75","16.33","65.3","1023.7","-","-"
"2021/05/24","19:00","18.27","79","20.41","66.2","1023.7","-","-"
"2021/05/24","20:00","16.72","81","19.44","65.7","1023.5","-","-"
"2021/05/24","21:00","15.94","77","18.47","64.9","1023.7","-","-"
"2021/05/24","22:00","14.77","83","18.47","64.9","1023.3","-","-"
"2021/05/24","23:00","15.55","94","19.05","64.6","1023.4","-","-"
"2021/05/25","00:00","13.41","100","16.52","64.2","1024.1","-","-"
"2021/05/25","01:00","13.02","91","15.36","63.9","1024.7","-","-"
"2021/05/25","02:00","11.27","104","13.41","64.2","1024.8","-","-"
"2021/05/25","03:00","8.94","115","11.47","63.9","1024.7","-","-"
"2021/05/25","04:00","10.89","101","13.41","64","1024.6","-","-"
"2021/05/25","05:00","10.5","94","13.8","63.5","1024.5","-","-"
"2021/05/25","06:00","11.66","83","14.77","63.5","1024.4","-","-"
"2021/05/25","07:00","11.08","92","12.63","63.5","1024.2","-","-"
"2021/05/25","08:00","7.97","82","10.89","63.3","1024.2","-","-"
"2021/05/25","09:00","10.3","80","12.83","63.3","1024","-","-"
"2021/05/25","10:00","8.94","103","11.08","63.3","1024.3","-","-"
"2021/05/25","11:00","10.11","97","12.44","63.3","1024.7","-","-"
"2021/05/25","12:00","10.11","94","12.05","63.7","1025.1","-","-"
"2021/05/25","13:00","8.36","105","10.3","64","1025.4","-","-"
"2021/05/25","14:00","7.39","100","10.5","64.2","1025.5","-","-"
"2021/05/25","15:00","6.22","109","9.52","64.6","1025.7","-","-"
"2021/05/25","16:00","8.36","99","9.52","64.8","1025.6","-","-"
"2021/05/25","17:00","8.16","103","10.89","65.5","1025.5","-","-"
"2021/05/25","18:00","11.08","90","13.02","65.1","1024.9","-","-"
"2021/05/25","19:00","11.86","79","13.02","65.8","1024.3","-","-"
"2021/05/25","20:00","13.22","85","14.58","65.8","1023.4","-","-"
"2021/05/25","21:00","8.75","99","12.63","68","1022.7","-","-"
"2021/05/25","22:00","9.33","101","10.69","68.9","1022.2","-","-"
"2021/05/25","23:00","8.55","113","9.91","69.1","1021.8","-","-"
"2021/05/26","00:00","5.44","111","6.61","68.5","1021.8","-","-"
"2021/05/26","01:00","3.11","103","4.86","68.5","1021.8","-","-"
"2021/05/26","02:00","1.36","147","1.94","68.9","1022","-","-"
"2021/05/26","03:00","0.97","145","1.36","68.9","1022","-","-"
"2021/05/26","04:00","1.75","161","2.72","69.4","1021.7","-","-"
"2021/05/26","05:00","6.03","198","9.52","71.6","1021.4","-","-"
"2021/05/26","06:00","6.8","203","9.72","72","1021","-","-"
"2021/05/26","07:00","5.25","195","9.14","71.6","1020.6","-","-"
"2021/05/26","08:00","7.19","199","9.52","71.8","1020.3","-","-"
"2021/05/26","09:00","7.97","212","10.3","71.6","1020.2","-","-"
"2021/05/26","10:00","6.61","213","11.08","71.2","1020.1","-","-"
"2021/05/26","11:00","5.64","201","10.11","71.6","1020.1","-","-"
"2021/05/26","12:00","10.5","205","15.36","73.9","1020.1","-","-"
"2021/05/26","13:00","10.69","219","15.55","76.5","1020.2","-","-"
"2021/05/26","14:00","7.19","201","10.3","79","1019.6","-","-"
"2021/05/26","15:00","10.3","222","12.44","81.9","1019.2","-","-"
"2021/05/26","16:00","9.91","214","13.61","83.8","1018.6","-","-"
"2021/05/26","17:00","6.61","240","12.83","84.7","1017.8","-","-"
"2021/05/26","18:00","10.89","205","14.38","87.3","1016.9","-","-"
"2021/05/26","19:00","9.52","235","14.97","88.3","1015.8","-","-"
"2021/05/26","20:00","7.58","233","10.5","88.9","1014.8","-","-"
"2021/05/26","21:00","11.08","216","17.49","90.3","1014","-","-"
"2021/05/26","22:00","8.75","226","14.19","90.1","1013.5","-","-"
"2021/05/26","23:00","4.47","219","8.16","88.3","1013.5","-","-"
"2021/05/27","00:00","6.8","217","10.89","87.3","1013.7","-","-"
"2021/05/27","01:00","11.86","167","19.24","81.1","1013.9","-","-"
"2021/05/27","02:00","5.83","186","6.61","78.8","1014.4","-","-"
"2021/05/27","03:00","6.22","217","7.97","81","1014.4","-","-"
"2021/05/27","04:00","8.16","223","11.47","80.8","1014","-","-"
"2021/05/27","05:00","9.33","218","12.63","78.8","1014","-","-"
"2021/05/27","06:00","11.86","229","16.52","78.6","1013.8","-","-"
"2021/05/27","07:00","7.78","273","9.33","77.2","1014.2","-","-"
"2021/05/27","08:00","5.64","302","6.61","74.8","1014.9","-","-"
"2021/05/27","09:00","3.5","17","4.08","74.8","1015.2","-","-"
"2021/05/27","10:00","7.58","3","12.83","74.8","1015.5","-","-"
"2021/05/27","11:00","3.89","348","7.19","74.1","1016.1","-","-"
"2021/05/27","12:00","9.72","347","13.8","74.3","1016.6","-","-"
"2021/05/27","13:00","7","350","9.14","75.2","1016.7","-","-"
"2021/05/27","14:00","4.47","355","5.64","77","1017.1","-","-"
"2021/05/27","15:00","5.05","303","6.22","77","1016.9","-","-"
"2021/05/27","16:00","2.53","316","4.08","78.3","1017.1","-","-"
"2021/05/27","17:00","11.47","88","12.25","74.5","1016.7","-","-"
"2021/05/27","18:00","9.91","77","11.08","74.7","1016.2","-","-"
"2021/05/27","19:00","11.86","86","13.41","75","1015.5","-","-"
"2021/05/27","20:00","9.33","101","11.66","77.7","1014.7","-","-"
"2021/05/27","21:00","9.33","81","9.72","77.5","1014.1","-","-"
"2021/05/27","22:00","7","93","9.14","77.5","1013.8","-","-"
"2021/05/27","23:00","7.58","136","10.3","79.5","1013.7","-","-"
"2021/05/28","00:00","5.44","138","7.19","78.8","1013.9","-","-"
"2021/05/28","01:00","4.28","107","5.25","77","1014.2","-","-"
"2021/05/28","02:00","2.92","133","3.5","76.3","1015.1","-","-"
"2021/05/28","03:00","3.5","160","6.41","76.5","1015.3","-","-"
"2021/05/28","04:00","3.69","130","4.28","75.7","1015.2","-","-"
"2021/05/28","05:00","2.92","123","3.69","74.5","1014.9","-","-"
"2021/05/28","06:00","1.17","152","1.75","72.9","1014.5","-","-"
"2021/05/28","07:00","2.33","158","2.92","72","1014.1","-","-"
"2021/05/28","08:00","2.14","147","2.72","72.1","1013.5","-","-"
"2021/05/28","09:00","0","142","0.78","71.6","1013.7","-","-"
"2021/05/28","10:00","3.11","108","4.47","72.3","1013.5","-","-"
"2021/05/28","11:00","7","106","8.36","72.1","1013","-","-"
"2021/05/28","12:00","6.41","80","7.39","72.1","1012.8","-","-"
"2021/05/28","13:00","3.89","113","5.25","75","1012.9","-","-"
"2021/05/28","14:00","13.41","84","14.38","72","1012.4","-","-"
"2021/05/28","15:00","10.11","86","11.47","74.7","1011.8","-","-"
"2021/05/28","16:00","15.55","89","16.33","72.9","1011.7","-","-"
"2021/05/28","17:00","10.69","105","12.63","77.2","1010.6","-","-"
"2021/05/28","18:00","8.94","108","12.05","75.2","1009.4","-","-"
"2021/05/28","19:00","8.75","100","11.08","76.5","1008.3","-","-"
"2021/05/28","20:00","8.75","116","10.5","79.9","1006.8","-","-"
"2021/05/28","21:00","7.58","52","8.75","76.6","1005.7","-","-"
"2021/05/28","22:00","3.69","250","7.78","84.6","1004.9","-","-"
"2021/05/28","23:00","11.86","214","15.94","89.4","1004.2","-","-"
"2021/05/29","00:00","7.97","225","14","88","1004.9","-","-"
"2021/05/29","01:00","10.3","249","17.11","75","1007.2","-","-"
"2021/05/29","02:00","11.08","232","14.38","72.9","1007.4","-","-"
"2021/05/29","03:00","7.97","249","13.22","70.5","1007.4","-","-"
"2021/05/29","04:00","9.52","196","12.05","70.7","1006.9","-","-"
"2021/05/29","05:00","8.94","205","12.05","71.2","1006.9","-","-"
"2021/05/29","06:00","7.19","200","11.86","71.1","1005.9","-","-"
"2021/05/29","07:00","6.61","191","7.97","71.1","1005.6","-","-"
"2021/05/29","08:00","3.89","300","4.47","71.2","1005.7","-","-"
"2021/05/29","09:00","1.17","243","2.53","70.9","1005.5","-","-"
"2021/05/29","10:00","1.17","249","2.14","70.7","1006.2","-","-"
"2021/05/29","11:00","1.75","181","2.33","70.9","1006.8","-","-"
"2021/05/29","12:00","5.25","227","7.97","72.1","1007.2","-","-"
"2021/05/29","13:00","5.44","254","7.97","72.7","1007.9","-","-"
"2021/05/29","14:00","5.25","233","7.58","73","1007.7","-","-"
"2021/05/29","15:00","4.47","230","7.97","74.1","1008","-","-"
"2021/05/29","16:00","1.75","106","1.94","74.1","1007.9","-","-"
"2021/05/29","17:00","22.35","35","26.44","68","1008.2","-","-"
"2021/05/29","18:00","16.52","15","22.94","64.4","1009.5","-","-"
"2021/05/29","19:00","16.52","1","18.66","60.6","1011.4","-","-"
"2021/05/29","20:00","15.36","22","19.83","61.2","1011.6","-","-"
"2021/05/29","21:00","15.55","32","19.83","60.4","1012.8","-","-"
"2021/05/29","22:00","15.36","28","23.13","60.1","1013.4","-","-"
"2021/05/29","23:00","18.66","30","25.46","59.5","1013.8","-","-"
"2021/05/30","00:00","17.3","31","22.55","58.5","1014.7","-","-"
"2021/05/30","01:00","17.3","29","22.16","58.6","1014.8","-","-"
"2021/05/30","02:00","22.16","41","29.35","58.6","1015.2","-","-"
"2021/05/30","03:00","21.77","36","28.57","58.5","1015.2","-","-"
"2021/05/30","04:00","23.91","53","27.02","58.6","1016","-","-"
"2021/05/30","05:00","14.77","36","19.05","57","1015.8","-","-"
"2021/05/30","06:00","13.8","31","15.55","57.4","1015.3","-","-"
"2021/05/30","07:00","10.5","14","15.16","57","1015.6","-","-"
"2021/05/30","08:00","14.97","19","19.44","55.9","1015.9","-","-"
"2021/05/30","09:00","12.63","8","18.47","56.1","1016","-","-"
"2021/05/30","10:00","11.86","14","19.63","56.3","1016.7","-","-"
"2021/05/30","11:00","10.69","7","14","55.8","1016.9","-","-"
"2021/05/30","12:00","14.38","27","18.66","56.8","1016.5","-","-"
"2021/05/30","13:00","11.08","12","13.61","57.4","1017.7","-","-"
"2021/05/30","14:00","12.63","339","14.77","55","1017.9","-","-"
"2021/05/30","15:00","13.61","346","17.11","54.5","1018.2","-","-"
"2021/05/30","16:00","15.75","341","20.02","55","1018.8","-","-"
"2021/05/30","17:00","13.61","332","15.94","55.6","1018.6","-","-"
"2021/05/30","18:00","15.16","355","17.3","56.7","1018.6","-","-"
"2021/05/30","19:00","13.22","347","17.11","57.7","1019","-","-"
"2021/05/30","20:00","14.38","337","16.72","57","1019.5","-","-"
"2021/05/30","21:00","11.66","339","16.72","57.6","1019.4","-","-"
"2021/05/30","22:00","11.08","340","15.94","56.8","1020","-","-"
"2021/05/30","23:00","10.3","335","14.19","56.8","1020.8","-","-"
"2021/05/31","00:00","9.72","338","14.38","57.2","1021.5","-","-"
"2021/05/31","01:00","9.72","343","13.22","57","1021.9","-","-"
"2021/05/31","02:00","10.89","331","13.41","57.2","1022.8","-","-"
"2021/05/31","03:00","12.05","331","13.8","57.7","1023.4","-","-"
"2021/05/31","04:00","10.5","338","11.86","57.4","1023.7","-","-"
"2021/05/31","05:00","6.22","333","11.27","57.4","1023.9","-","-"
"2021/05/31","06:00","8.16","283","9.91","56.1","1023.8","-","-"
"2021/05/31","07:00","7.58","281","9.14","54.9","1023.7","-","-"
"2021/05/31","08:00","7.58","294","9.33","55","1024.1","-","-"
"2021/05/31","09:00","10.89","338","13.22","54.5","1024.4","-","-"
"2021/05/31","10:00","9.33","332","10.69","54.3","1025","-","-"
"2021/05/31","11:00","7.19","313","10.5","55.4","1025.8","-","-"
"2021/05/31","12:00","9.72","327","11.27","56.3","1026.1","-","-"
"2021/05/31","13:00","8.94","308","11.47","56.8","1026.3","-","-"
"2021/05/31","14:00","8.75","308","9.91","59","1026.6","-","-"
"2021/05/31","15:00","14.97","316","18.27","62.2","1026.3","-","-"
"2021/05/31","16:00","10.5","307","12.63","64","1026","-","-"
"2021/05/31","17:00","8.75","300","11.66","65.7","1025.7","-","-"
"2021/05/31","18:00","6.41","293","8.36","67.5","1025.2","-","-"
"2021/05/31","19:00","6.03","306","7.78","68.5","1025.3","-","-"
"2021/05/31","20:00","8.75","108","10.89","67.3","1025.2","-","-"
"2021/05/31","21:00","6.22","94","7.19","67.3","1025.1","-","-"
"2021/05/31","22:00","5.05","77","6.61","66.9","1024.9","-","-"
"2021/05/31","23:00","5.64","80","7.39","67.8","1024.9","-","-"
"2021/06/01","00:00","4.86","125","6.03","67.5","1025.3","-","-"
"2021/06/01","01:00","4.47","145","5.44","65.8","1025.6","-","-"
"2021/06/01","02:00","4.47","165","6.22","64.4","1025.8","-","-"
"2021/06/01","03:00","7.97","168","9.33","63.9","1025.8","-","-"
"2021/06/01","04:00","7","190","9.14","62.8","1026","-","-"
"2021/06/01","05:00","5.44","186","6.61","61.7","1025.6","-","-"
"2021/06/01","06:00","6.03","193","8.36","61.5","1025.4","-","-"
"2021/06/01","07:00","8.55","205","11.86","60.8","1025.3","-","-"
"2021/06/01","08:00","8.55","210","11.08","60.6","1025.7","-","-"
"2021/06/01","09:00","7.19","210","9.72","60.3","1025.8","-","-"
"2021/06/01","10:00","7.78","204","10.11","59.9","1026","-","-"
"2021/06/01","11:00","4.67","204","5.83","60.8","1026","-","-"
"2021/06/01","12:00","5.83","230","7.58","63.5","1026.5","-","-"
"2021/06/01","13:00","5.44","257","8.94","65.8","1026.6","-","-"
"2021/06/01","14:00","5.05","230","9.52","67.1","1026.6","-","-"
"2021/06/01","15:00","0.19","13","2.14","70.5","1026.1","-","-"
"2021/06/01","16:00","4.47","96","5.44","69.8","1025.6","-","-"
"2021/06/01","17:00","9.52","89","10.3","69.4","1025.2","-","-"
"2021/06/01","18:00","10.5","95","11.86","70.2","1024.7","-","-"
"2021/06/01","19:00","11.86","107","14","71.2","1024.1","-","-"
"2021/06/01","20:00","11.86","114","14.38","70.9","1023.7","-","-"
"2021/06/01","21:00","12.63","121","14.38","70.3","1023.7","-","-"
"2021/06/01","22:00","13.02","134","15.36","70.5","1023.3","-","-"
"2021/06/01","23:00","8.36","144","10.11","70.5","1023.6","-","-"
"2021/06/02","00:00","7.19","145","9.72","69.4","1023.9","-","-"
"2021/06/02","01:00","5.83","154","7.97","68.4","1023.9","-","-"
"2021/06/02","02:00","5.44","166","7.39","67.3","1024.2","-","-"
"2021/06/02","03:00","4.86","161","6.22","66.2","1024.2","-","-"
"2021/06/02","04:00","2.92","149","5.05","64.8","1024","-","-"
"2021/06/02","05:00","3.69","163","4.28","63.3","1023.8","-","-"
"2021/06/02","06:00","1.75","150","2.33","63","1023.4","-","-"
"2021/06/02","07:00","2.53","173","3.3","62.6","1023","-","-"
"2021/06/02","08:00","1.75","186","2.92","63.3","1022.9","-","-"
"2021/06/02","09:00","0.58","271","1.94","63.1","1022.7","-","-"
"2021/06/02","10:00","1.17","195","2.92","63.1","1022.9","-","-"
"2021/06/02","11:00","1.56","143","2.14","64.4","1023.1","-","-"
"2021/06/02","12:00","1.75","167","2.33","65.7","1023.3","-","-"
"2021/06/02","13:00","2.72","99","3.5","67.6","1023.5","-","-"
"2021/06/02","14:00","5.05","74","6.22","69.3","1023.4","-","-"
"2021/06/02","15:00","8.75","86","9.52","70.5","1023.1","-","-"
"2021/06/02","16:00","9.91","94","11.86","71.1","1022.9","-","-"
"2021/06/02","17:00","11.47","115","14.58","73.4","1022.4","-","-"
"2021/06/02","18:00","15.55","115","18.08","73.8","1022","-","-"
"2021/06/02","19:00","14.38","113","17.49","73.6","1021.7","-","-"
"2021/06/02","20:00","12.25","99","14","71.4","1021.2","-","-"
"2021/06/02","21:00","13.02","110","14.97","70.2","1021","-","-"
"2021/06/02","22:00","11.47","126","14.38","68.5","1021","-","-"
"2021/06/02","23:00","10.69","123","15.16","68","1020.9","-","-"
"2021/06/03","00:00","8.36","131","10.11","67.6","1021.2","-","-"
"2021/06/03","01:00","9.33","112","10.3","66.7","1020.1","-","-"
"2021/06/03","02:00","6.61","132","9.52","66.9","1020.8","-","-"
"2021/06/03","03:00","4.86","144","7.19","67.3","1020.6","-","-"
"2021/06/03","04:00","5.05","121","5.64","67.6","1020.1","-","-"
"2021/06/03","05:00","8.75","169","10.69","68.7","1018.7","-","-"
"2021/06/03","06:00","8.55","167","11.47","69.6","1018.4","-","-"
"2021/06/03","07:00","6.03","166","7.78","69.3","1018","-","-"
"2021/06/03","08:00","2.72","156","4.08","69.8","1017.8","-","-"
"2021/06/03","09:00","3.11","212","4.67","70.5","1017.8","-","-"
"2021/06/03","10:00","2.92","253","6.03","71.1","1017.7","-","-"
"2021/06/03","11:00","1.56","220","2.92","71.1","1018","-","-"
"2021/06/03","12:00","6.03","232","7","71.4","1018.6","-","-"
"2021/06/03","13:00","1.56","258","3.3","71.8","1018.6","-","-"
"2021/06/03","14:00","4.67","227","7.58","73.8","1018.3","-","-"
"2021/06/03","15:00","3.3","245","5.44","75.4","1018.1","-","-"
"2021/06/03","16:00","7.19","212","9.72","76.8","1017.7","-","-"
"2021/06/03","17:00","6.03","210","11.86","77.5","1017.5","-","-"
"2021/06/03","18:00","7.39","253","9.72","71.8","1016.7","-","-"
"2021/06/03","19:00","6.41","170","9.52","73.6","1016.6","-","-"
"2021/06/03","20:00","9.52","194","13.41","73","1017","-","-"
"2021/06/03","21:00","9.14","203","14.38","72","1017.2","-","-"
"2021/06/03","22:00","9.52","201","16.52","72.1","1016.8","-","-"
"2021/06/03","23:00","10.69","190","14.38","72","1016.3","-","-"
"2021/06/04","00:00","11.66","191","17.11","71.4","1015.9","-","-"
"2021/06/04","01:00","8.75","181","11.86","71.4","1017","-","-"
"2021/06/04","02:00","10.11","185","17.88","71.2","1016.2","-","-"
"2021/06/04","03:00","9.72","190","17.88","71.4","1016.2","-","-"
"2021/06/04","04:00","9.33","207","13.22","71.2","1015.8","-","-"
"2021/06/04","05:00","5.44","210","7.39","71.4","1016.1","-","-"
"2021/06/04","06:00","5.05","224","6.61","71.8","1015.5","-","-"
"2021/06/04","07:00","7","200","10.89","72","1014.9","-","-"
"2021/06/04","08:00","3.5","196","7.39","71.8","1014.9","-","-"
"2021/06/04","09:00","3.69","246","5.05","71.4","1014.8","-","-"
"2021/06/04","10:00","7.19","210","12.05","71.2","1014.7","-","-"
"2021/06/04","11:00","5.83","224","7.58","71.2","1014.7","-","-"
"2021/06/04","12:00","7.97","259","9.52","71.6","1015.4","-","-"
"2021/06/04","13:00","2.53","158","3.69","71.1","1015.4","-","-"
"2021/06/04","14:00","4.08","273","5.25","69.8","1015.7","-","-"
"2021/06/04","15:00","5.44","216","7.39","71.1","1015.5","-","-"
"2021/06/04","16:00","8.55","235","10.5","72.7","1015.3","-","-"
"2021/06/04","17:00","8.75","207","11.47","74.1","1015","-","-"
"2021/06/04","18:00","10.3","215","14.38","76.5","1014.2","-","-"
"2021/06/04","19:00","7.58","201","9.91","77.5","1013.6","-","-"
"2021/06/04","20:00","9.14","229","10.89","78.8","1013.2","-","-"
"2021/06/04","21:00","7.58","216","11.08","79.9","1013.4","-","-"
"2021/06/04","22:00","23.33","298","34.99","70.9","1013.5","-","-"
"2021/06/04","23:00","2.14","218","2.72","67.8","1014.2","-","-"
"2021/06/05","00:00","4.67","174","8.75","69.3","1014.7","-","-"
"2021/06/05","01:00","3.3","192","4.86","69.1","1015.1","-","-"
"2021/06/05","02:00","6.61","211","9.33","69.4","1015.9","-","-"
"2021/06/05","03:00","9.72","205","12.25","69.4","1016.3","-","-"
"2021/06/05","04:00","10.5","220","12.83","69.1","1016.2","-","-"
"2021/06/05","05:00","10.69","230","13.02","70","1016","-","-"
"2021/06/05","06:00","11.66","225","14","69.8","1015.7","-","-"
"2021/06/05","07:00","10.5","229","13.8","70","1015.3","-","-"
"2021/06/05","08:00","4.47","232","6.61","69.8","1015.3","-","-"
"2021/06/05","09:00","4.08","249","5.05","69.6","1015.7","-","-"
"2021/06/05","10:00","4.08","264","4.67","68.9","1016.1","-","-"
"2021/06/05","11:00","3.5","281","6.22","70","1016.8","-","-"
"2021/06/05","12:00","2.72","285","3.5","72.1","1017.3","-","-"
"2021/06/05","13:00","1.94","342","3.5","72.5","1017.7","-","-"
"2021/06/05","14:00","0.58","337","1.36","75.2","1018.1","-","-"
"2021/06/05","15:00","1.94","124","2.33","79.3","1018","-","-"
"2021/06/05","16:00","5.64","80","6.03","78.4","1018.2","-","-"
"2021/06/05","17:00","8.36","85","9.14","79.5","1017.8","-","-"
"2021/06/05","18:00","8.16","61","9.33","79.7","1017.4","-","-"
"2021/06/05","19:00","8.75","73","9.33","77.7","1017.1","-","-"
"2021/06/05","20:00","8.36","211","10.5","86.4","1016.6","-","-"
"2021/06/05","21:00","3.11","236","4.86","86.7","1016.3","-","-"
"2021/06/05","22:00","9.14","220","11.66","86","1016.3","-","-"
"2021/06/05","23:00","4.67","200","7.58","85.8","1016.2","-","-"
"2021/06/06","00:00","3.89","207","5.25","83.5","1016.5","-","-"
"2021/06/06","01:00","4.86","210","6.22","78.6","1016.9","-","-"
"2021/06/06","02:00","5.25","206","5.83","77.5","1017.8","-","-"
"2021/06/06","03:00","6.41","203","7.78","76.5","1018.1","-","-"
"2021/06/06","04:00","7.39","211","9.14","75.6","1018.1","-","-"
"2021/06/06","05:00","7.19","223","8.94","75","1018.1","-","-"
"2021/06/06","06:00","6.22","218","8.55","74.1","1017.8","-","-"
"2021/06/06","07:00","8.55","223","12.25","73.8","1017.6","-","-"
"2021/06/06","08:00","7.97","225","10.3","73","1017.7","-","-"
"2021/06/06","09:00","6.61","229","9.14","72.5","1018","-","-"
"2021/06/06","10:00","1.94","213","3.89","72","1018.4","-","-"
"2021/06/06","11:00","2.72","241","4.86","73.8","1019","-","-"
"2021/06/06","12:00","2.72","221","4.86","76.1","1019.4","-","-"
"2021/06/06","13:00","5.05","244","6.8","78.4","1019.8","-","-"
"2021/06/06","14:00","0.58","311","0.97","82","1019.7","-","-"
"2021/06/06","15:00","5.05","79","5.25","78.6","1019.6","-","-"
"2021/06/06","16:00","5.83","82","6.22","78.8","1019.3","-","-"
"2021/06/06","17:00","4.08","65","5.05","80.4","1019","-","-"
"2021/06/06","18:00","5.83","78","6.61","82.9","1018.4","-","-"
"2021/06/06","19:00","8.75","76","9.72","82.9","1017.9","-","-"
"2021/06/06","20:00","11.27","93","13.02","84","1017.6","-","-"
"2021/06/06","21:00","10.89","95","12.05","84.4","1017.3","-","-"
"2021/06/06","22:00","5.64","151","7.78","86.5","1017","-","-"
"2021/06/06","23:00","6.22","151","7.58","85.6","1017","-","-"
"2021/06/07","00:00","5.25","161","6.61","84.4","1017.5","-","-"
"2021/06/07","01:00","5.05","201","8.36","83.7","1017.8","-","-"
"2021/06/07","02:00","3.69","202","6.03","81.9","1018.7","-","-"
"2021/06/07","03:00","5.05","191","6.8","80.8","1019","-","-"
"2021/06/07","04:00","4.28","202","5.64","79.3","1019.5","-","-"
"2021/06/07","05:00","6.8","211","9.33","78.3","1019.4","-","-"
"2021/06/07","06:00","7.58","215","9.91","77.4","1019.2","-","-"
"2021/06/07","07:00","9.14","222","11.86","76.5","1019.2","-","-"
"2021/06/07","08:00","9.91","225","11.66","75.7","1019.2","-","-"
"2021/06/07","09:00","8.16","229","10.5","75.2","1019.6","-","-"
"2021/06/07","10:00","5.25","227","7.97","74.3","1020","-","-"
"2021/06/07","11:00","9.14","230","13.22","75","1020.2","-","-"
"2021/06/07","12:00","6.8","228","12.25","75.9","1020.5","-","-"
"2021/06/07","13:00","11.27","245","14.77","77","1020.6","-","-"
"2021/06/07","14:00","9.91","267","12.44","77.9","1020.9","-","-"
"2021/06/07","15:00","6.22","234","8.94","80.1","1020.9","-","-"
"2021/06/07","16:00","9.14","245","14.19","82","1020.6","-","-"
"2021/06/07","17:00","7.19","237","10.69","83.3","1020","-","-"
"2021/06/07","18:00","7","228","11.08","84.9","1019.4","-","-"
"2021/06/07","19:00","5.25","182","7.97","86.5","1018.8","-","-"
"2021/06/07","20:00","5.83","245","8.36","86","1018.2","-","-"
"2021/06/07","21:00","6.22","234","9.72","87.4","1017.8","-","-"
"2021/06/07","22:00","6.8","192","8.94","87.4","1017.3","-","-"
"2021/06/07","23:00","10.89","212","13.61","85.8","1017","-","-"
"2021/06/08","00:00","7.19","208","9.72","83.3","1017.6","-","-"
"2021/06/08","01:00","7.78","196","11.08","81.3","1018.4","-","-"
"2021/06/08","02:00","9.33","213","13.02","79.2","1019.3","-","-"
"2021/06/08","03:00","12.63","218","15.36","77.7","1019.6","-","-"
"2021/06/08","04:00","9.72","214","15.16","77.2","1019.6","-","-"
"2021/06/08","05:00","8.94","223","10.69","76.5","1019.3","-","-"
"2021/06/08","06:00","10.11","213","13.8","76.6","1018.9","-","-"
"2021/06/08","07:00","8.16","233","12.63","76.3","1018.7","-","-"
"2021/06/08","08:00","7.58","238","11.66","76.5","1018.8","-","-"
"2021/06/08","09:00","6.8","236","8.94","76.3","1019.1","-","-"
"2021/06/08","10:00","3.11","220","4.86","76.1","1019.5","-","-"
"2021/06/08","11:00","7.78","229","12.44","76.8","1019.7","-","-"
"2021/06/08","12:00","9.72","232","16.13","77.9","1019.9","-","-"
"2021/06/08","13:00","10.11","219","13.8","79","1019.9","-","-"
"2021/06/08","14:00","11.08","230","15.75","79.7","1019.9","-","-"
"2021/06/08","15:00","8.36","250","14.97","80.8","1020","-","-"
"2021/06/08","16:00","12.63","216","16.33","83.1","1019.6","-","-"
"2021/06/08","17:00","10.69","236","17.11","80.4","1019.4","-","-"
"2021/06/08","18:00","9.33","241","16.52","82.4","1018.9","-","-"
"2021/06/08","19:00","12.44","243","14.58","83.1","1018","-","-"
"2021/06/08","20:00","10.11","227","14.77","84.9","1017.5","-","-"
"2021/06/08","21:00","10.5","207","14.38","85.3","1016.9","-","-"
"2021/06/08","22:00","9.52","224","13.61","85.3","1016.9","-","-"
"2021/06/08","23:00","7.19","233","9.33","85.8","1017.2","-","-"
"2021/06/09","00:00","9.14","221","12.63","83.7","1017.5","-","-"
"2021/06/09","01:00","6.03","212","8.94","82.2","1017.6","-","-"
"2021/06/09","02:00","5.83","216","9.91","81","1017.8","-","-"
"2021/06/09","03:00","7.19","224","9.14","80.4","1018.1","-","-"
"2021/06/09","04:00","8.16","227","11.27","79.7","1018.1","-","-"
"2021/06/09","05:00","8.94","223","12.44","79.2","1017.9","-","-"
"2021/06/09","06:00","6.61","218","10.5","77.9","1017.5","-","-"
"2021/06/09","07:00","8.55","220","11.86","77","1017.3","-","-"
"2021/06/09","08:00","9.72","236","12.44","76.6","1017.1","-","-"
"2021/06/09","09:00","9.72","231","11.86","75.9","1016.9","-","-"
"2021/06/09","10:00","7.19","219","10.11","75.4","1016.9","-","-"
"2021/06/09","11:00","10.5","223","13.61","75.4","1017.2","-","-"
"2021/06/09","12:00","11.66","234","15.75","76.5","1017.2","-","-"
"2021/06/09","13:00","7.78","228","12.44","77","1017.3","-","-"
"2021/06/09","14:00","6.03","272","8.94","79","1017.6","-","-"
"2021/06/09","15:00","6.22","261","9.52","81.5","1017.6","-","-"
"2021/06/09","16:00","5.83","244","10.69","82.9","1017.6","-","-"
"2021/06/09","17:00","5.05","268","7.97","83.8","1017.3","-","-"
"2021/06/09","18:00","0.97","294","5.05","86.5","1016.5","-","-"
"2021/06/09","19:00","7","271","9.33","79.5","1016.3","-","-"
"2021/06/09","20:00","11.47","234","13.61","74.5","1015.8","-","-"
"2021/06/09","21:00","6.03","213","7.58","75.9","1015.4","-","-"
"2021/06/09","22:00","8.94","303","9.91","76.1","1016.3","-","-"
"2021/06/09","23:00","11.47","286","14.38","74.8","1015.9","-","-"
"2021/06/10","00:00","7.58","297","9.52","73.6","1015.7","-","-"
"2021/06/10","01:00","5.05","44","5.83","73.2","1016.2","-","-"
"2021/06/10","02:00","4.47","54","5.64","74.1","1016.8","-","-"
"2021/06/10","03:00","0.78","127","1.75","73.9","1016.5","-","-"
"2021/06/10","04:00","4.28","200","5.25","73.4","1016.5","-","-"
"2021/06/10","05:00","3.3","240","4.67","73","1016","-","-"
"2021/06/10","06:00","6.22","233","8.55","72.9","1015.3","-","-"
"2021/06/10","07:00","4.86","274","7.19","72.3","1014.9","-","-"
"2021/06/10","08:00","4.47","277","5.83","72.1","1014.6","-","-"
"2021/06/10","09:00","2.92","279","3.89","71.8","1014.6","-","-"
"2021/06/10","10:00","3.5","297","4.47","72.3","1014.9","-","-"
"2021/06/10","11:00","3.11","316","4.28","73","1014.8","-","-"
"2021/06/10","12:00","4.08","249","5.25","72.9","1015.2","-","-"
"2021/06/10","13:00","0","207","0.58","75.6","1015.3","-","-"
"2021/06/10","14:00","1.75","263","2.33","77","1015.1","-","-"
"2021/06/10","15:00","0.58","67","1.36","79.3","1015","-","-"
"2021/06/10","16:00","4.08","225","5.25","80.2","1014.8","-","-"
"2021/06/10","17:00","3.3","17","3.69","80.8","1014.4","-","-"
"2021/06/10","18:00","2.53","9","2.53","80.8","1013.7","-","-"
"2021/06/10","19:00","3.89","97","5.83","81.1","1012.8","-","-"
"2021/06/10","20:00","9.52","79","10.89","79","1012.7","-","-"
"2021/06/10","21:00","6.61","106","7.58","80.1","1012.4","-","-"
"2021/06/10","22:00","4.86","126","5.83","81","1011.8","-","-"
"2021/06/10","23:00","6.8","242","8.16","79.2","1012.7","-","-"
"2021/06/11","00:00","4.67","216","6.61","73.6","1013.3","-","-"
"2021/06/11","01:00","6.61","214","8.55","72.7","1013.2","-","-"
"2021/06/11","02:00","0.78","190","2.92","72.3","1013.3","-","-"
"2021/06/11","03:00","4.28","112","5.83","72.7","1013.1","-","-"
"2021/06/11","04:00","1.36","138","3.11","73","1013","-","-"
"2021/06/11","05:00","2.92","140","3.69","72.7","1013","-","-"
"2021/06/11","06:00","5.25","115","6.8","73.2","1012.1","-","-"
"2021/06/11","07:00","4.28","138","4.86","73.6","1011.8","-","-"
"2021/06/11","08:00","7.78","110","8.75","73.9","1011.1","-","-"
"2021/06/11","09:00","5.83","164","7","73.9","1011.1","-","-"
"2021/06/11","10:00","6.41","146","7.97","73.8","1010.9","-","-"
"2021/06/11","11:00","5.25","144","8.55","73.9","1010.5","-","-"
"2021/06/11","12:00","6.03","166","6.8","73.8","1010.7","-","-"
"2021/06/11","13:00","4.28","164","5.64","74.1","1010.6","-","-"
"2021/06/11","14:00","5.83","166","7.19","74.8","1010.1","-","-"
"2021/06/11","15:00","6.22","151","7","75.9","1010.2","-","-"
"2021/06/11","16:00","4.08","141","5.44","76.3","1010.1","-","-"
"2021/06/11","17:00","7.19","118","9.72","76.3","1009.5","-","-"
"2021/06/11","18:00","8.94","111","12.05","76.1","1008.8","-","-"
"2021/06/11","19:00","6.03","103","9.33","75","1008.3","-","-"
"2021/06/11","20:00","10.5","132","14","76.6","1007.4","-","-"
"2021/06/11","21:00","13.61","112","17.3","75.6","1007","-","-"
"2021/06/11","22:00","11.27","117","15.55","74.8","1006.5","-","-"
"2021/06/11","23:00","11.47","107","13.41","74.1","1006.6","-","-"
"2021/06/12","00:00","10.69","104","12.25","74.1","1006.8","-","-"
"2021/06/12","01:00","12.25","97","14.58","73.9","1006.7","-","-"
"2021/06/12","02:00","13.8","102","15.55","74.1","1006.8","-","-"
"2021/06/12","03:00","6.61","97","8.94","73.9","1006.8","-","-"
"2021/06/12","04:00","7.19","106","8.36","74.1","1006.6","-","-"
"2021/06/12","05:00","5.64","100","8.36","73.6","1006.2","-","-"
"2021/06/12","06:00","8.94","41","11.08","72.7","1006","-","-"
"2021/06/12","07:00","13.02","49","14.19","72.5","1005.2","-","-"
"2021/06/12","08:00","11.66","28","13.41","71.8","1005.2","-","-"
"2021/06/12","09:00","11.66","23","14","71.8","1005.5","-","-"
"2021/06/12","10:00","11.86","19","14.19","70.7","1006","-","-"
"2021/06/12","11:00","14.58","8","18.66","69.8","1006.4","-","-"
"2021/06/12","12:00","13.22","1","15.75","68.7","1007","-","-"
"2021/06/12","13:00","8.75","1","12.44","68.9","1007.4","-","-"
"2021/06/12","14:00","9.91","21","12.05","70.2","1008","-","-"
"2021/06/12","15:00","12.05","7","14.38","69.4","1008.6","-","-"
"2021/06/12","16:00","13.61","41","16.33","70","1009.3","-","-"
"2021/06/12","17:00","12.63","40","15.94","69.8","1009.7","-","-"
"2021/06/12","18:00","12.25","37","14.19","69.4","1009.8","-","-"
"2021/06/12","19:00","8.75","12","11.66","69.6","1009.7","-","-"
"2021/06/12","20:00","11.08","43","13.41","71.1","1009.5","-","-"
"2021/06/12","21:00","9.91","26","12.83","71.4","1009.4","-","-"
"2021/06/12","22:00","8.55","40","9.91","72.7","1009.4","-","-"
"2021/06/12","23:00","6.61","43","8.94","73","1009.7","-","-"
"2021/06/13","00:00","10.3","79","11.27","72.9","1010.2","-","-"
"2021/06/13","01:00","11.08","81","13.8","71.4","1010.4","-","-"
"2021/06/13","02:00","14.77","77","16.91","70.5","1011.4","-","-"
"2021/06/13","03:00","13.41","73","15.16","70","1012","-","-"
"2021/06/13","04:00","11.66","68","14.38","70","1012.2","-","-"
"2021/06/13","05:00","10.89","86","12.25","70.2","1011.9","-","-"
"2021/06/13","06:00","10.5","86","13.41","69.6","1011.9","-","-"
"2021/06/13","07:00","8.55","63","11.27","69.4","1011.8","-","-"
"2021/06/13","08:00","7.19","36","9.14","68.2","1011.8","-","-"
"2021/06/13","09:00","8.55","36","9.33","68.2","1011.8","-","-"
"2021/06/13","10:00","6.61","37","8.55","68.2","1012","-","-"
"2021/06/13","11:00","6.41","53","7.97","69.1","1012.1","-","-"
"2021/06/13","12:00","8.55","84","9.52","69.6","1012.8","-","-"
"2021/06/13","13:00","8.94","71","9.91","69.4","1013.2","-","-"
"2021/06/13","14:00","6.8","93","7.97","70.3","1013.3","-","-"
"2021/06/13","15:00","7.19","96","8.36","71.2","1013.5","-","-"
"2021/06/13","16:00","6.41","103","8.16","73.6","1013.6","-","-"
"2021/06/13","17:00","7.78","102","9.52","73.8","1013.3","-","-"
"2021/06/13","18:00","6.61","73","7.97","74.3","1012.8","-","-"
"2021/06/13","19:00","8.75","81","10.3","73.4","1013.2","-","-"
"2021/06/13","20:00","9.91","102","10.89","73.8","1012.7","-","-"
"2021/06/13","21:00","11.66","113","13.8","73.6","1011.9","-","-"
"2021/06/13","22:00","9.91","137","11.66","73.4","1011.6","-","-"
"2021/06/13","23:00","9.52","124","11.66","72.5","1011.4","-","-"
"2021/06/14","00:00","9.91","130","11.86","71.6","1011.5","-","-"
"2021/06/14","01:00","6.8","133","8.16","70.9","1012.2","-","-"
"2021/06/14","02:00","4.86","149","6.03","70.5","1012.9","-","-"
"2021/06/14","03:00","7.19","147","8.94","70","1012.5","-","-"
"2021/06/14","04:00","5.25","164","7.19","69.1","1011.9","-","-"
"2021/06/14","05:00","5.83","150","7.19","69.1","1011.1","-","-"
"2021/06/14","06:00","3.69","136","4.67","69.4","1011","-","-"
"2021/06/14","07:00","3.3","151","3.89","69.4","1011","-","-"
"2021/06/14","08:00","1.17","233","2.33","68","1011.4","-","-"
"2021/06/14","09:00","1.36","216","1.94","66.6","1011.1","-","-"
"2021/06/14","10:00","1.36","253","2.14","67.3","1010.9","-","-"
"2021/06/14","11:00","1.75","154","2.14","70.2","1011","-","-"
"2021/06/14","12:00","5.25","162","5.83","72.3","1011.2","-","-"
"2021/06/14","13:00","1.94","179","4.67","75","1011.4","-","-"
"2021/06/14","14:00","4.67","193","6.8","77.5","1011.1","-","-"
"2021/06/14","15:00","3.11","45","3.69","77","1010.5","-","-"
"2021/06/14","16:00","7.78","72","8.55","76.1","1010.7","-","-"
"2021/06/14","17:00","8.94","75","9.72","77","1010.2","-","-"
"2021/06/14","18:00","7.58","88","8.36","78.6","1009.8","-","-"
"2021/06/14","19:00","5.64","100","8.94","80.2","1009.2","-","-"
"2021/06/14","20:00","8.55","110","11.86","81.1","1008.4","-","-"
"2021/06/14","21:00","7.78","110","9.33","81.9","1007.9","-","-"
"2021/06/14","22:00","9.14","123","11.47","82.2","1007.5","-","-"
"2021/06/14","23:00","9.52","151","10.69","81.3","1007.4","-","-"
"2021/06/15","00:00","5.83","155","7.19","80.2","1007.7","-","-"
"2021/06/15","01:00","4.47","194","6.61","80.8","1007.8","-","-"
"2021/06/15","02:00","5.83","192","8.16","81.5","1008.1","-","-"
"2021/06/15","03:00","8.16","195","10.89","80.6","1007.6","-","-"
"2021/06/15","04:00","7.39","205","11.47","79.2","1007.7","-","-"
"2021/06/15","05:00","8.36","212","12.05","78.6","1007.8","-","-"
"2021/06/15","06:00","10.89","208","16.52","78.3","1006.9","-","-"
"2021/06/15","07:00","10.89","222","15.36","77.4","1006.4","-","-"
"2021/06/15","08:00","9.14","262","15.75","76.8","1006.6","-","-"
"2021/06/15","09:00","6.22","273","7","75.9","1007","-","-"
"2021/06/15","10:00","7.39","11","10.11","73.8","1007.5","-","-"
"2021/06/15","11:00","7.78","12","9.14","73","1008.2","-","-"
"2021/06/15","12:00","6.22","2","7.19","73.4","1008.2","-","-"
"2021/06/15","13:00","10.3","358","14.19","73.6","1008.7","-","-"
"2021/06/15","14:00","10.3","337","13.61","73.9","1008.8","-","-"
"2021/06/15","15:00","14.58","348","17.11","74.1","1009.2","-","-"
"2021/06/15","16:00","8.16","312","11.86","75.2","1009.7","-","-"
"2021/06/15","17:00","12.63","303","13.8","75.9","1009.8","-","-"
"2021/06/15","18:00","13.41","307","14.77","77.2","1009.4","-","-"
"2021/06/15","19:00","14.38","306","16.91","78.4","1009.3","-","-"
"2021/06/15","20:00","14.38","312","18.27","78.6","1008.9","-","-"
"2021/06/15","21:00","15.55","308","19.24","79.2","1008.8","-","-"
"2021/06/15","22:00","14.38","308","18.66","79.3","1009.1","-","-"
"2021/06/15","23:00","8.36","332","17.11","79.5","1009.4","-","-"
"2021/06/16","00:00","9.33","336","11.86","78.8","1009.2","-","-"
"2021/06/16","01:00","4.67","285","5.64","76.1","1009.7","-","-"
"2021/06/16","02:00","2.72","265","2.92","73.4","1010.4","-","-"
"2021/06/16","03:00","2.53","255","3.3","70.9","1010.9","-","-"
"2021/06/16","04:00","1.75","264","2.14","70","1010.9","-","-"
"2021/06/16","05:00","2.14","243","2.92","69.8","1010.9","-","-"
"2021/06/16","06:00","5.83","272","6.61","72","1011","-","-"
"2021/06/16","07:00","8.55","292","9.72","72","1010.7","-","-"
"2021/06/16","08:00","7.97","292","9.33","71.2","1010.6","-","-"
"2021/06/16","09:00","10.69","292","12.63","70.3","1011","-","-"
"2021/06/16","10:00","6.8","282","9.91","68.2","1011.4","-","-"
"2021/06/16","11:00","13.61","323","15.94","70.9","1012","-","-"
"2021/06/16","12:00","13.02","324","14.97","70.2","1012.2","-","-"
"2021/06/16","13:00","9.91","325","13.41","70.9","1012.3","-","-"
"2021/06/16","14:00","8.75","303","11.47","71.4","1012.7","-","-"
"2021/06/16","15:00","7.97","299","10.11","72.5","1013.1","-","-"
"2021/06/16","16:00","9.72","295","10.5","74.1","1013.2","-","-"
"2021/06/16","17:00","8.36","314","9.91","75","1013.1","-","-"
"2021/06/16","18:00","8.55","316","9.52","75.9","1013","-","-"
"2021/06/16","19:00","5.83","303","8.94","76.6","1013.1","-","-"
"2021/06/16","20:00","5.25","315","7.39","77.7","1013","-","-"
"2021/06/16","21:00","7.19","313","8.94","77.9","1012.8","-","-"
"2021/06/16","22:00","8.55","322","9.72","78.1","1012.6","-","-"
"2021/06/16","23:00","8.94","333","10.5","78.1","1012.6","-","-"
"2021/06/17","00:00","4.28","87","5.44","75.9","1012.9","-","-"
"2021/06/17","01:00","4.28","5","5.05","75.9","1013.6","-","-"
"2021/06/17","02:00","1.17","245","1.56","71.6","1014.2","-","-"
"2021/06/17","03:00","1.17","226","1.75","69.4","1014.5","-","-"
"2021/06/17","04:00","2.14","208","2.33","68","1014.6","-","-"
"2021/06/17","05:00","1.75","253","2.72","67.5","1014.6","-","-"
"2021/06/17","06:00","1.56","253","1.94","67.6","1014","-","-"
"2021/06/17","07:00","3.11","263","3.69","68","1014.2","-","-"
"2021/06/17","08:00","9.91","316","11.27","69.8","1014.1","-","-"
"2021/06/17","09:00","7.97","320","9.72","69.4","1014.4","-","-"
"2021/06/17","10:00","8.75","322","11.27","69.4","1014.7","-","-"
"2021/06/17","11:00","10.3","319","13.61","68.2","1015.2","-","-"
"2021/06/17","12:00","10.69","320","12.25","67.5","1015.5","-","-"
"2021/06/17","13:00","8.55","319","10.5","69.4","1016.1","-","-"
"2021/06/17","14:00","9.52","306","10.89","70.2","1016","-","-"
"2021/06/17","15:00","10.89","307","12.83","72","1016.3","-","-"
"2021/06/17","16:00","13.02","303","15.75","73.2","1016.3","-","-"
"2021/06/17","17:00","11.86","321","14.38","74.1","1016.3","-","-"
"2021/06/17","18:00","13.02","333","15.55","74.8","1016.1","-","-"
"2021/06/17","19:00","12.44","330","14.38","75.6","1015.9","-","-"
"2021/06/17","20:00","8.16","329","14.38","76.6","1015.7","-","-"
"2021/06/17","21:00","10.89","322","12.83","76.6","1015.8","-","-"
"2021/06/17","22:00","8.36","312","11.08","77","1016","-","-"
"2021/06/17","23:00","7.19","311","8.94","77.2","1016.3","-","-"
"2021/06/18","00:00","4.67","44","6.41","75.9","1017","-","-"
"2021/06/18","01:00","4.86","58","5.83","73.9","1017.2","-","-"
"2021/06/18","02:00","1.36","206","1.75","69.6","1017.8","-","-"
"2021/06/18","03:00","1.56","189","1.75","67.8","1018.4","-","-"
"2021/06/18","04:00","2.33","190","2.92","66.6","1018.6","-","-"
"2021/06/18","05:00","4.08","195","4.67","65.1","1018.4","-","-"
"2021/06/18","06:00","6.03","199","7.19","67.5","1018.5","-","-"
"2021/06/18","07:00","7.39","204","8.75","67.1","1018.3","-","-"
"2021/06/18","08:00","6.22","205","7.58","66.7","1018.5","-","-"
"2021/06/18","09:00","5.25","210","6.22","65.1","1018.6","-","-"
"2021/06/18","10:00","4.86","210","6.03","65.3","1019.1","-","-"
"2021/06/18","11:00","6.61","196","9.14","68.2","1019","-","-"
"2021/06/18","12:00","7","211","8.75","70","1019.2","-","-"
"2021/06/18","13:00","9.91","197","13.02","72.9","1018.6","-","-"
"2021/06/18","14:00","7.19","195","11.47","75","1018.7","-","-"
"2021/06/18","15:00","8.16","188","12.05","76.8","1018.5","-","-"
"2021/06/18","16:00","8.94","184","14","78.6","1018.1","-","-"
"2021/06/18","17:00","7.39","210","10.5","79.9","1018.3","-","-"
"2021/06/18","18:00","6.61","219","15.16","81","1017.3","-","-"
"2021/06/18","19:00","9.14","214","14.38","82.2","1016.9","-","-"
"2021/06/18","20:00","7.58","199","11.47","83.5","1016.1","-","-"
"2021/06/18","21:00","8.36","224","12.25","84","1015.3","-","-"
"2021/06/18","22:00","7.39","211","14","84.6","1014.3","-","-"
"2021/06/18","23:00","7.97","197","10.3","83.8","1013.6","-","-"
"2021/06/19","00:00","6.22","196","8.94","82.2","1013.9","-","-"
"2021/06/19","01:00","8.16","186","10.69","80.6","1013.7","-","-"
"2021/06/19","02:00","7.78","201","11.27","80.1","1014.4","-","-"
"2021/06/19","03:00","10.3","197","16.33","77.9","1014.5","-","-"
"2021/06/19","04:00","10.69","205","13.02","76.8","1014.2","-","-"
"2021/06/19","05:00","9.14","204","15.55","76.5","1014.4","-","-"
"2021/06/19","06:00","10.89","214","17.11","76.1","1013.5","-","-"
"2021/06/19","07:00","11.86","217","15.94","75.2","1012.4","-","-"
"2021/06/19","08:00","11.47","227","17.69","75.7","1012","-","-"
"2021/06/19","09:00","11.86","225","16.13","75","1011.7","-","-"
"2021/06/19","10:00","10.69","222","13.02","73.9","1011.4","-","-"
"2021/06/19","11:00","14.38","224","19.83","74.3","1011.1","-","-"
"2021/06/19","12:00","11.27","229","18.27","75.6","1011.7","-","-"
"2021/06/19","13:00","13.22","234","17.11","77.7","1011.9","-","-"
"2021/06/19","14:00","12.83","239","17.49","79.9","1011.7","-","-"
"2021/06/19","15:00","12.25","262","15.94","82.2","1011.7","-","-"
"2021/06/19","16:00","10.5","258","16.33","84.6","1012","-","-"
"2021/06/19","17:00","10.5","260","12.05","86.2","1011.6","-","-"
"2021/06/19","18:00","7.58","269","13.41","86.7","1011.5","-","-"
"2021/06/19","19:00","6.41","241","8.94","87.4","1010.7","-","-"
"2021/06/19","20:00","7.19","259","10.5","88.2","1010.3","-","-"
"2021/06/19","21:00","4.28","236","8.94","88.9","1009.8","-","-"
"2021/06/19","22:00","5.44","236","7.39","88.2","1009.5","-","-"
"2021/06/19","23:00","6.03","246","8.55","87.3","1009.8","-","-"
"2021/06/20","00:00","4.28","247","5.25","85.5","1010","-","-"
"2021/06/20","01:00","5.64","218","6.22","82.9","1010.2","-","-"
"2021/06/20","02:00","4.67","206","5.05","81.5","1010.6","-","-"
"2021/06/20","03:00","4.28","202","4.86","80.2","1010.4","-","-"
"2021/06/20","04:00","6.61","213","9.33","80.4","1010.1","-","-"
"2021/06/20","05:00","7.39","219","8.94","80.4","1010.3","-","-"
"2021/06/20","06:00","12.25","245","17.69","80.1","1010.3","-","-"
"2021/06/20","07:00","11.47","234","15.36","79.2","1010.5","-","-"
"2021/06/20","08:00","11.27","231","14.38","77.9","1010.8","-","-"
"2021/06/20","09:00","12.63","231","18.08","77.4","1010.7","-","-"
"2021/06/20","10:00","14.97","237","19.24","76.8","1011.1","-","-"
"2021/06/20","11:00","13.41","236","17.11","76.6","1011.7","-","-"
"2021/06/20","12:00","11.47","239","15.55","76.8","1012.2","-","-"
"2021/06/20","13:00","13.61","238","20.02","77.9","1012.7","-","-"
"2021/06/20","14:00","14.38","237","19.05","79.7","1012.4","-","-"
"2021/06/20","15:00","9.72","229","14.19","80.1","1012.2","-","-"
"2021/06/20","16:00","10.11","217","17.11","81.7","1011.8","-","-"
"2021/06/20","17:00","10.69","226","14.38","81.9","1011.6","-","-"
"2021/06/20","18:00","13.41","215","16.52","80.4","1011.1","-","-"
"2021/06/20","19:00","14.58","211","20.02","80.6","1010.6","-","-"
"2021/06/20","20:00","14.58","214","19.63","79.7","1010.6","-","-"
"2021/06/20","21:00","7.58","198","10.11","79.9","1010.5","-","-"
"2021/06/20","22:00","7.19","188","12.05","79.2","1010.1","-","-"
"2021/06/20","23:00","8.36","184","10.5","78.1","1010.3","-","-"
"2021/06/21","00:00","5.25","199","7.19","77.7","1010","-","-"
"2021/06/21","01:00","4.67","208","7.78","77.2","1009.7","-","-"
"2021/06/21","02:00","6.8","215","11.27","77.4","1010.1","-","-"
"2021/06/21","03:00","6.41","207","9.52","77","1010","-","-"
"2021/06/21","04:00","10.3","202","15.55","76.6","1009.3","-","-"
"2021/06/21","05:00","8.36","206","11.47","76.3","1009.2","-","-"
"2021/06/21","06:00","7.78","205","12.05","75.9","1008.7","-","-"
"2021/06/21","07:00","7.39","207","10.11","75.7","1007.9","-","-"
"2021/06/21","08:00","3.3","200","7.19","75.7","1007.9","-","-"
"2021/06/21","09:00","1.36","188","3.11","75.6","1007.4","-","-"
"2021/06/21","10:00","1.75","166","1.94","75.2","1007.6","-","-"
"2021/06/21","11:00","0.58","4","0.78","75.6","1007.9","-","-"
"2021/06/21","12:00","5.25","118","6.03","76.3","1007.8","-","-"
"2021/06/21","13:00","1.75","129","2.72","76.6","1008.2","-","-"
"2021/06/21","14:00","3.3","294","3.89","76.6","1007.7","-","-"
"2021/06/21","15:00","2.72","35","3.69","78.3","1007.2","-","-"
"2021/06/21","16:00","2.72","33","4.08","80.4","1007.4","-","-"
"2021/06/21","17:00","6.03","270","7.39","83.8","1006.7","-","-"
"2021/06/21","18:00","7.58","267","10.3","86.4","1006.1","-","-"
"2021/06/21","19:00","7.97","227","13.22","87.6","1005.3","-","-"
"2021/06/21","20:00","6.61","241","12.44","89.2","1005.2","-","-"
"2021/06/21","21:00","6.22","237","11.47","90","1004.6","-","-"
"2021/06/21","22:00","9.14","224","13.22","90.1","1003.9","-","-"
"2021/06/21","23:00","12.63","229","15.94","90","1004.5","-","-"
"2021/06/22","00:00","8.94","228","13.8","88.5","1005.1","-","-"
"2021/06/22","01:00","6.8","229","9.52","86.9","1005.7","-","-"
"2021/06/22","02:00","10.3","220","14.19","85.8","1006","-","-"
"2021/06/22","03:00","11.27","229","15.55","85.3","1006.4","-","-"
"2021/06/22","04:00","8.36","224","13.02","84","1006.2","-","-"
"2021/06/22","05:00","11.27","225","13.8","83.5","1005.8","-","-"
"2021/06/22","06:00","10.69","225","15.16","82.9","1005.8","-","-"
"2021/06/22","07:00","11.66","224","14.58","81.9","1005.4","-","-"
"2021/06/22","08:00","9.72","211","14.19","80.8","1005.5","-","-"
"2021/06/22","09:00","12.25","207","16.13","80.1","1005.6","-","-"
"2021/06/22","10:00","9.52","213","14.97","79.3","1005.7","-","-"
"2021/06/22","11:00","9.33","222","14.97","79.2","1006.3","-","-"
"2021/06/22","12:00","12.63","229","17.49","79.5","1006.6","-","-"
"2021/06/22","13:00","10.69","232","16.72","80.2","1006.6","-","-"
"2021/06/22","14:00","11.66","236","15.36","81.1","1006.8","-","-"
"2021/06/22","15:00","8.75","225","11.47","81.1","1006.8","-","-"
"2021/06/22","16:00","12.25","231","15.36","81.3","1006.2","-","-"
"2021/06/22","17:00","7.19","274","8.94","75.6","1006.2","-","-"
"2021/06/22","18:00","33.82","320","43.54","69.3","1006.9","-","-"
"2021/06/22","19:00","11.27","337","15.55","65.5","1008.7","-","-"
"2021/06/22","20:00","7.19","323","9.14","66.6","1008.2","-","-"
"2021/06/22","21:00","13.61","320","17.11","70.2","1009.6","-","-"
"2021/06/22","22:00","9.14","331","12.83","69.1","1011.2","-","-"
"2021/06/22","23:00","10.11","342","11.66","68.9","1012.4","-","-"
"2021/06/23","00:00","9.14","358","12.83","68.7","1013.2","-","-"
"2021/06/23","01:00","7.19","345","9.33","68","1014.3","-","-"
"2021/06/23","02:00","4.47","356","6.22","68","1015.3","-","-"
"2021/06/23","03:00","4.86","351","7","68","1016","-","-"
"2021/06/23","04:00","4.47","348","6.03","67.6","1016.5","-","-"
"2021/06/23","05:00","4.28","336","5.25","67.3","1016.9","-","-"
"2021/06/23","06:00","6.8","335","7.78","67.5","1017.1","-","-"
"2021/06/23","07:00","9.14","336","10.89","67.8","1017.5","-","-"
"2021/06/23","08:00","6.61","2","7.78","65.5","1017.8","-","-"
"2021/06/23","09:00","9.52","341","10.3","65.3","1018.6","-","-"
"2021/06/23","10:00","9.33","2","10.3","64.6","1019.7","-","-"
"2021/06/23","11:00","8.36","29","9.91","64.8","1020.2","-","-"
"2021/06/23","12:00","4.86","17","7.19","67.1","1020.9","-","-"
"2021/06/23","13:00","5.05","353","7.19","67.8","1021.7","-","-"
"2021/06/23","14:00","6.8","39","8.16","69.6","1022","-","-"
"2021/06/23","15:00","7","30","10.5","69.8","1022.7","-","-"
"2021/06/23","16:00","9.14","51","13.41","70","1023.3","-","-"
"2021/06/23","17:00","10.89","92","12.83","69.6","1023.7","-","-"
"2021/06/23","18:00","11.27","90","14.58","69.4","1023.7","-","-"
"2021/06/23","19:00","11.08","78","14.19","70.3","1023.6","-","-"
"2021/06/23","20:00","8.16","93","12.63","71.1","1023.5","-","-"
"2021/06/23","21:00","9.91","90","12.05","70.7","1023.5","-","-"
"2021/06/23","22:00","10.69","101","13.61","70.9","1023.6","-","-"
"2021/06/23","23:00","7.58","104","9.72","71.2","1024","-","-"
"2021/06/24","00:00","8.55","94","10.5","70.5","1024.4","-","-"
"2021/06/24","01:00","5.44","158","7.78","68.4","1024.7","-","-"
"2021/06/24","02:00","6.22","134","8.75","68.9","1025.4","-","-"
"2021/06/24","03:00","2.53","170","3.69","66.7","1025.5","-","-"
"2021/06/24","04:00","2.72","186","3.5","65.5","1025.6","-","-"
"2021/06/24","05:00","2.72","176","4.28","65.8","1025.6","-","-"
"2021/06/24","06:00","1.36","257","3.89","65.1","1025.4","-","-"
"2021/06/24","07:00","1.75","268","2.72","64.8","1025.2","-","-"
"2021/06/24","08:00","4.08","342","5.25","67.1","1025.2","-","-"
"2021/06/24","09:00","1.75","215","2.53","63","1025.4","-","-"
"2021/06/24","10:00","7.39","14","8.36","66.2","1025.8","-","-"
"2021/06/24","11:00","6.61","13","8.36","66.2","1026.2","-","-"
"2021/06/24","12:00","6.8","16","7.78","67.6","1026.4","-","-"
"2021/06/24","13:00","14.19","48","17.3","70.2","1026.7","-","-"
"2021/06/24","14:00","15.94","56","17.69","70.5","1027.1","-","-"
"2021/06/24","15:00","15.55","62","18.66","70.3","1027.1","-","-"
"2021/06/24","16:00","11.86","83","13.8","70","1027.5","-","-"
"2021/06/24","17:00","10.5","90","14.38","70.3","1027.3","-","-"
"2021/06/24","18:00","14.58","80","16.72","71.1","1026.7","-","-"
"2021/06/24","19:00","11.08","80","14","70.7","1026","-","-"
"2021/06/24","20:00","8.94","77","11.86","71.1","1025.5","-","-"
"2021/06/24","21:00","10.69","99","12.25","72","1024.9","-","-"
"2021/06/24","22:00","8.94","87","11.27","71.8","1024.7","-","-"
"2021/06/24","23:00","9.72","84","11.08","72.1","1024.8","-","-"
"2021/06/25","00:00","11.66","98","13.41","70.9","1025.1","-","-"
"2021/06/25","01:00","9.72","110","11.86","70.2","1025.8","-","-"
"2021/06/25","02:00","6.8","118","9.52","69.6","1026","-","-"
"2021/06/25","03:00","8.94","81","11.08","69.3","1025.6","-","-"
"2021/06/25","04:00","7.58","36","9.72","68.5","1025.7","-","-"
"2021/06/25","05:00","5.64","64","10.11","68.9","1025.4","-","-"
"2021/06/25","06:00","9.14","43","11.08","68.5","1025.2","-","-"
"2021/06/25","07:00","8.36","77","11.27","69.1","1024.7","-","-"
"2021/06/25","08:00","8.36","84","10.5","68.7","1024.4","-","-"
"2021/06/25","09:00","7.19","87","9.33","68.7","1024.7","-","-"
"2021/06/25","10:00","8.55","88","11.08","69.1","1025.3","-","-"
"2021/06/25","11:00","5.83","97","8.55","69.8","1025.5","-","-"
"2021/06/25","12:00","6.41","88","7.78","70.5","1026","-","-"
"2021/06/25","13:00","7.39","97","8.94","71.2","1025.9","-","-"
"2021/06/25","14:00","8.75","89","10.69","71.1","1025.6","-","-"
"2021/06/25","15:00","10.5","82","12.25","71.1","1025.5","-","-"
"2021/06/25","16:00","8.16","79","8.94","71.2","1025.7","-","-"
"2021/06/25","17:00","10.89","87","12.44","71.8","1025.5","-","-"
"2021/06/25","18:00","10.69","77","12.05","73","1025.4","-","-"
"2021/06/25","19:00","9.72","88","11.47","73.4","1025","-","-"
"2021/06/25","20:00","10.5","82","11.27","73","1024.5","-","-"
"2021/06/25","21:00","7.78","100","10.11","74.3","1024.4","-","-"
"2021/06/25","22:00","9.52","108","11.08","73.8","1024.3","-","-"
"2021/06/25","23:00","6.8","101","9.14","73.6","1024.3","-","-"
"2021/06/26","00:00","6.03","138","7.97","73.6","1024.3","-","-"
"2021/06/26","01:00","5.64","142","6.61","73.4","1023.9","-","-"
"2021/06/26","02:00","7.97","147","10.3","73.2","1024","-","-"
"2021/06/26","03:00","8.16","150","9.33","73","1023.9","-","-"
"2021/06/26","04:00","5.64","163","7.39","73","1023.5","-","-"
"2021/06/26","05:00","1.56","150","4.08","73.4","1023.4","-","-"
"2021/06/26","06:00","3.11","163","4.08","73.4","1023","-","-"
"2021/06/26","07:00","4.28","160","5.05","73.2","1022.9","-","-"
"2021/06/26","08:00","4.28","161","5.05","73.2","1022.8","-","-"
"2021/06/26","09:00","3.69","159","4.67","73.8","1022.7","-","-"
"2021/06/26","10:00","3.3","155","4.86","74.1","1023","-","-"
"2021/06/26","11:00","2.92","150","3.69","74.7","1023.5","-","-"
"2021/06/26","12:00","3.69","171","4.86","76.5","1023.7","-","-"
"2021/06/26","13:00","8.16","197","11.08","78.3","1023.7","-","-"
"2021/06/26","14:00","9.33","243","14.19","77.9","1023.8","-","-"
"2021/06/26","15:00","3.5","200","4.08","73.6","1024.3","-","-"
"2021/06/26","16:00","1.17","242","2.33","76.5","1023.9","-","-"
"2021/06/26","17:00","8.94","138","12.05","75.7","1023.7","-","-"
"2021/06/26","18:00","7.78","99","9.14","76.5","1023.4","-","-"
"2021/06/26","19:00","9.52","139","11.47","80.2","1022.7","-","-"
"2021/06/26","20:00","6.41","96","7.78","75.6","1023.2","-","-"
"2021/06/26","21:00","6.22","190","7.78","73.9","1022.6","-","-"
"2021/06/26","22:00","7","173","10.11","77.7","1022.4","-","-"
"2021/06/26","23:00","3.89","178","6.41","78.1","1022.3","-","-"
"2021/06/27","00:00","2.53","173","3.5","78.1","1022.1","-","-"
"2021/06/27","01:00","1.36","213","1.75","76.5","1022.1","-","-"
"2021/06/27","02:00","2.92","177","3.89","75.9","1022.4","-","-"
"2021/06/27","03:00","2.92","171","3.69","75.4","1022.7","-","-"
"2021/06/27","04:00","3.5","172","4.28","75.2","1022.7","-","-"
"2021/06/27","05:00","5.05","194","7.78","75.4","1022.6","-","-"
"2021/06/27","06:00","6.61","186","8.55","75.7","1022.7","-","-"
"2021/06/27","07:00","6.03","192","7.97","75","1022.4","-","-"
"2021/06/27","08:00","5.25","203","7.58","74.8","1022.3","-","-"
"2021/06/27","09:00","4.28","206","5.83","74.5","1022.4","-","-"
"2021/06/27","10:00","4.47","212","5.25","73.9","1022.9","-","-"
"2021/06/27","11:00","4.28","172","5.44","75","1023.1","-","-"
"2021/06/27","12:00","6.61","207","11.47","75.7","1023.5","-","-"
"2021/06/27","13:00","6.22","236","7.78","77.4","1023.8","-","-"
"2021/06/27","14:00","8.75","221","10.5","78.1","1024","-","-"
"2021/06/27","15:00","6.61","220","9.72","80.2","1023.8","-","-"
"2021/06/27","16:00","5.05","196","7.97","81.9","1023.9","-","-"
"2021/06/27","17:00","7.58","230","9.33","82.9","1023.6","-","-"
"2021/06/27","18:00","7","208","8.75","85.1","1023.2","-","-"
"2021/06/27","19:00","11.47","100","13.41","81.9","1023","-","-"
"2021/06/27","20:00","9.52","99","12.25","81.1","1022.7","-","-"
"2021/06/27","21:00","9.72","113","13.02","81.9","1022.6","-","-"
"2021/06/27","22:00","11.08","120","12.63","81.7","1022.2","-","-"
"2021/06/27","23:00","10.11","131","13.02","83.3","1022.1","-","-"
"2021/06/28","00:00","9.33","130","10.3","81.5","1022.1","-","-"
"2021/06/28","01:00","6.61","134","8.75","80.2","1022.3","-","-"
"2021/06/28","02:00","4.86","154","7","79","1022.8","-","-"
"2021/06/28","03:00","5.05","168","6.41","77.9","1023.1","-","-"
"2021/06/28","04:00","7.58","168","9.72","77.2","1022.9","-","-"
"2021/06/28","05:00","4.86","186","7.19","77","1023.1","-","-"
"2021/06/28","06:00","4.28","198","5.64","75.7","1023.4","-","-"
"2021/06/28","07:00","4.08","195","6.03","75.4","1023.4","-","-"
"2021/06/28","08:00","3.11","220","5.05","74.5","1023.8","-","-"
"2021/06/28","09:00","1.56","206","1.94","74.3","1024","-","-"
"2021/06/28","10:00","1.94","175","2.33","73.4","1024.4","-","-"
"2021/06/28","11:00","4.28","161","5.25","75.2","1024.7","-","-"
"2021/06/28","12:00","3.89","215","5.64","77.2","1025.1","-","-"
"2021/06/28","13:00","6.8","232","8.94","78.4","1025.5","-","-"
"2021/06/28","14:00","3.3","166","4.47","80.8","1025.3","-","-"
"2021/06/28","15:00","2.72","69","3.89","81.1","1025.2","-","-"
"2021/06/28","16:00","10.5","83","11.08","79.2","1025.3","-","-"
"2021/06/28","17:00","9.72","98","12.05","80.2","1025.1","-","-"
"2021/06/28","18:00","12.44","109","13.8","81.7","1024.7","-","-"
"2021/06/28","19:00","10.89","113","13.41","82.6","1024.6","-","-"
"2021/06/28","20:00","12.05","93","14.38","80.8","1024.2","-","-"
"2021/06/28","21:00","13.61","96","15.75","82","1023.7","-","-"
"2021/06/28","22:00","10.89","106","13.8","82.6","1023.2","-","-"
"2021/06/28","23:00","10.89","128","12.83","84.2","1023.2","-","-"
"2021/06/29","00:00","7.78","158","10.69","83.7","1023.5","-","-"
"2021/06/29","01:00","5.25","162","6.61","81.9","1024","-","-"
"2021/06/29","02:00","5.44","169","7.19","80.4","1024.6","-","-"
"2021/06/29","03:00","6.22","173","8.75","79.9","1024.9","-","-"
"2021/06/29","04:00","4.86","187","7.19","79.3","1024.9","-","-"
"2021/06/29","05:00","7","202","10.11","78.8","1024.9","-","-"
"2021/06/29","06:00","5.83","197","9.33","77.7","1024.7","-","-"
"2021/06/29","07:00","4.67","209","5.83","76.8","1024.7","-","-"
"2021/06/29","08:00","1.94","194","2.92","76.5","1025","-","-"
"2021/06/29","09:00","3.5","213","4.86","75.7","1025.3","-","-"
"2021/06/29","10:00","1.56","264","2.72","75.4","1025.6","-","-"
"2021/06/29","11:00","4.47","208","6.03","76.3","1025.8","-","-"
"2021/06/29","12:00","7","212","8.55","78.1","1026.1","-","-"
"2021/06/29","13:00","9.33","258","11.08","79.7","1026","-","-"
"2021/06/29","14:00","5.64","269","7.97","80.8","1025.7","-","-"
"2021/06/29","15:00","9.14","239","12.44","82.2","1025.4","-","-"
"2021/06/29","16:00","8.94","212","11.86","84.2","1025.2","-","-"
"2021/06/29","17:00","4.67","195","10.69","85.8","1024.8","-","-"
"2021/06/29","18:00","3.5","223","8.36","86.9","1024.2","-","-"
"2021/06/29","19:00","9.91","231","12.63","87.3","1023.7","-","-"
"2021/06/29","20:00","7.78","241","11.66","88","1023.5","-","-"
"2021/06/29","21:00","5.05","257","10.3","88.3","1022.9","-","-"
"2021/06/29","22:00","3.69","275","5.05","88.7","1022.4","-","-"
"2021/06/29","23:00","4.86","234","6.8","88.2","1022.1","-","-"
"2021/06/30","00:00","4.47","223","5.64","86.5","1021.9","-","-"
"2021/06/30","01:00","4.86","217","6.22","84.2","1021.9","-","-"
"2021/06/30","02:00","6.41","209","7.97","83.1","1022.5","-","-"
"2021/06/30","03:00","9.52","207","12.05","82.6","1022.7","-","-"
"2021/06/30","04:00","5.44","222","7.78","81.5","1022.9","-","-"
"2021/06/30","05:00","7","215","9.52","80.6","1022.8","-","-"
"2021/06/30","06:00","7","219","10.89","80.1","1022","-","-"
"2021/06/30","07:00","8.16","217","10.5","79.3","1021.5","-","-"
"2021/06/30","08:00","7.19","222","9.72","78.4","1021.4","-","-"
"2021/06/30","09:00","6.61","223","8.55","77.5","1021.3","-","-"
"2021/06/30","10:00","8.55","222","11.27","77","1021.2","-","-"
"2021/06/30","11:00","7.97","238","10.3","77.4","1021.1","-","-"
"2021/06/30","12:00","7.97","232","11.86","78.8","1020.7","-","-"
"2021/06/30","13:00","12.83","240","14.19","80.2","1020.5","-","-"
"2021/06/30","14:00","9.33","235","12.63","82.6","1020.1","-","-"
"2021/06/30","15:00","8.55","226","14.38","84.2","1020","-","-"
"2021/06/30","16:00","8.94","222","11.47","84.9","1019.4","-","-"
"2021/06/30","17:00","9.72","224","12.83","86.9","1018.6","-","-"
"2021/06/30","18:00","10.3","220","14.38","88","1018","-","-"
"2021/06/30","19:00","8.55","211","12.83","89.2","1017.4","-","-"
"2021/06/30","20:00","9.14","218","12.05","90","1016.4","-","-"
"2021/06/30","21:00","9.52","216","14.38","90.3","1015.9","-","-"
"2021/06/30","22:00","9.91","209","14","90.1","1015.5","-","-"
"2021/06/30","23:00","9.14","218","12.05","89.4","1015.4","-","-"
"2021/07/01","00:00","7.97","193","11.08","88","1015.5","-","-"
"2021/07/01","01:00","7.97","200","10.69","86.2","1015.6","-","-"
"2021/07/01","02:00","9.14","204","12.63","85.1","1016.1","-","-"
"2021/07/01","03:00","12.44","212","16.52","84.6","1015.8","-","-"
"2021/07/01","04:00","9.52","216","14.58","83.7","1015.6","-","-"
"2021/07/01","05:00","11.66","215","17.49","82","1015.1","-","-"
"2021/07/01","06:00","12.25","220","16.13","80.6","1014.6","-","-"
"2021/07/01","07:00","12.25","230","15.94","80.1","1014.4","-","-"
"2021/07/01","08:00","11.66","224","15.55","79.3","1014","-","-"
"2021/07/01","09:00","13.61","228","17.3","78.8","1013.7","-","-"
"2021/07/01","10:00","11.08","223","14.58","78.8","1013.8","-","-"
"2021/07/01","11:00","11.86","223","15.94","78.8","1013.9","-","-"
"2021/07/01","12:00","11.47","243","14.58","79.7","1013.9","-","-"
"2021/07/01","13:00","11.08","241","14.77","81","1013.8","-","-"
"2021/07/01","14:00","10.11","231","14.38","82.4","1013.3","-","-"
"2021/07/01","15:00","9.72","247","15.94","84","1013.5","-","-"
"2021/07/01","16:00","9.72","218","16.91","86.2","1013","-","-"
"2021/07/01","17:00","10.5","235","13.8","87.4","1012.5","-","-"
"2021/07/01","18:00","12.44","208","14.58","88.9","1011.1","-","-"
"2021/07/01","19:00","10.5","221","15.94","89.1","1010.6","-","-"
"2021/07/01","20:00","2.92","177","3.5","79.9","1009.8","-","-"
"2021/07/01","21:00","3.89","235","6.22","82.9","1010","-","-"
"2021/07/01","22:00","3.5","261","4.28","80.8","1010","-","-"
"2021/07/01","23:00","14","299","19.24","78.4","1010.8","-","-"
"2021/07/02","00:00","7","266","8.55","75.6","1011","-","-"
"2021/07/02","01:00","7","292","9.52","74.5","1011.1","-","-"
"2021/07/02","02:00","3.5","181","4.08","74.1","1010.6","-","-"
"2021/07/02","03:00","10.11","266","14.58","74.5","1011.4","-","-"
"2021/07/02","04:00","2.14","194","4.86","73.8","1010.3","-","-"
"2021/07/02","05:00","10.89","284","12.63","73","1010.9","-","-"
"2021/07/02","06:00","5.05","242","6.22","72.5","1010.3","-","-"
"2021/07/02","07:00","6.41","228","8.94","72.9","1009.3","-","-"
"2021/07/02","08:00","5.25","226","7.97","72.9","1009.3","-","-"
"2021/07/02","09:00","7.78","217","11.47","72.7","1008.8","-","-"
"2021/07/02","10:00","8.55","221","11.08","72.7","1008.8","-","-"
"2021/07/02","11:00","10.89","230","17.11","73","1008.5","-","-"
"2021/07/02","12:00","5.64","248","10.89","72.7","1007.6","-","-"
"2021/07/02","13:00","7.97","212","10.11","71.1","1007.9","-","-"
"2021/07/02","14:00","7.97","211","11.66","70.5","1008.3","-","-"
"2021/07/02","15:00","8.55","213","12.63","70.9","1008.6","-","-"
"2021/07/02","16:00","7","197","10.5","70.7","1008.6","-","-"
"2021/07/02","17:00","10.89","228","16.72","71.6","1008.2","-","-"
"2021/07/02","18:00","7.19","286","11.27","72.5","1008.3","-","-"
"2021/07/02","19:00","6.8","263","8.16","71.6","1008.4","-","-"
"2021/07/02","20:00","4.86","300","6.61","72.7","1007.9","-","-"
"2021/07/02","21:00","5.25","288","7.39","73.9","1007.8","-","-"
"2021/07/02","22:00","4.47","279","5.64","74.7","1007.7","-","-"
"2021/07/02","23:00","3.5","235","4.08","74.7","1007.7","-","-"
"2021/07/03","00:00","3.5","239","4.86","74.5","1007.8","-","-"
"2021/07/03","01:00","5.83","265","7","73.6","1008.2","-","-"
"2021/07/03","02:00","6.22","247","7.39","73.6","1008.6","-","-"
"2021/07/03","03:00","6.61","260","8.16","73","1008.6","-","-"
"2021/07/03","04:00","6.22","250","8.75","73.4","1008.8","-","-"
"2021/07/03","05:00","6.22","271","7","72.9","1008.8","-","-"
"2021/07/03","06:00","11.86","344","15.16","73.9","1008.7","-","-"
"2021/07/03","07:00","14.77","324","17.69","72.5","1008.6","-","-"
"2021/07/03","08:00","16.91","323","19.24","70.2","1008.5","-","-"
"2021/07/03","09:00","10.3","326","13.61","68.7","1008.6","-","-"
"2021/07/03","10:00","13.61","328","16.13","67.8","1008.9","-","-"
"2021/07/03","11:00","10.89","321","13.8","67.6","1009.2","-","-"
"2021/07/03","12:00","13.61","325","17.3","68.5","1009.6","-","-"
"2021/07/03","13:00","14.97","318","17.3","68.7","1010","-","-"
"2021/07/03","14:00","14.19","316","18.08","69.6","1010","-","-"
"2021/07/03","15:00","13.02","318","16.33","70.5","1009.9","-","-"
"2021/07/03","16:00","16.52","315","18.86","71.8","1009.8","-","-"
"2021/07/03","17:00","16.91","316","20.22","73","1009.7","-","-"
"2021/07/03","18:00","15.16","314","20.22","74.3","1009.5","-","-"
"2021/07/03","19:00","13.8","323","16.91","75.2","1009.2","-","-"
"2021/07/03","20:00","11.47","315","14","76.1","1008.7","-","-"
"2021/07/03","21:00","13.61","315","18.08","77.4","1009.2","-","-"
"2021/07/03","22:00","9.14","299","13.41","77.7","1009.2","-","-"
"2021/07/03","23:00","8.36","293","10.11","77.7","1009.7","-","-"
"2021/07/04","00:00","4.28","246","5.44","75.9","1010.3","-","-"
"2021/07/04","01:00","4.67","236","5.44","74.3","1011","-","-"
"2021/07/04","02:00","1.94","229","2.92","72.5","1011.6","-","-"
"2021/07/04","03:00","6.41","226","7.97","71.4","1011.7","-","-"
"2021/07/04","04:00","8.36","227","10.3","72","1011.8","-","-"
"2021/07/04","05:00","8.55","228","10.3","71.6","1011.6","-","-"
"2021/07/04","06:00","6.61","242","9.14","71.6","1011.3","-","-"
"2021/07/04","07:00","6.22","333","7.19","72.1","1011.4","-","-"
"2021/07/04","08:00","2.33","261","2.72","70.5","1011.2","-","-"
"2021/07/04","09:00","3.69","244","4.67","69.1","1011.6","-","-"
"2021/07/04","10:00","3.11","248","4.08","66.7","1012.1","-","-"
"2021/07/04","11:00","2.53","241","3.5","69.1","1012.3","-","-"
"2021/07/04","12:00","4.08","297","5.05","71.2","1013.1","-","-"
"2021/07/04","13:00","4.28","316","4.67","73","1013.5","-","-"
"2021/07/04","14:00","2.53","311","3.5","75.6","1013.5","-","-"
"2021/07/04","15:00","4.67","336","5.83","77.2","1014","-","-"
"2021/07/04","16:00","6.22","240","7.97","79.2","1013.9","-","-"
"2021/07/04","17:00","3.89","249","7.78","80.1","1013.5","-","-"
"2021/07/04","18:00","6.03","229","11.47","80.4","1013.1","-","-"
"2021/07/04","19:00","8.75","276","11.66","81.5","1012.8","-","-"
"2021/07/04","20:00","5.83","280","8.55","82.4","1012.8","-","-"
"2021/07/04","21:00","5.83","266","8.94","82.8","1012.8","-","-"
"2021/07/04","22:00","4.28","247","7","83.1","1012.8","-","-"
"2021/07/04","23:00","3.3","237","5.83","82.8","1013.4","-","-"
"2021/07/05","00:00","2.72","206","4.08","81.5","1013.8","-","-"
"2021/07/05","01:00","2.53","196","3.3","76.8","1014.2","-","-"
"2021/07/05","02:00","4.08","203","4.08","75","1014.7","-","-"
"2021/07/05","03:00","4.67","176","5.83","75.9","1015.1","-","-"
"2021/07/05","04:00","4.67","188","6.61","75.7","1015.3","-","-"
"2021/07/05","05:00","5.83","197","7.19","74.8","1015.3","-","-"
"2021/07/05","06:00","4.86","202","7.39","74.8","1014.9","-","-"
"2021/07/05","07:00","5.83","212","7","74.1","1014.9","-","-"
"2021/07/05","08:00","1.94","186","3.69","73.2","1015.1","-","-"
"2021/07/05","09:00","2.53","184","3.69","72.3","1015.1","-","-"
"2021/07/05","10:00","3.11","211","3.69","71.6","1015.8","-","-"
"2021/07/05","11:00","4.47","183","5.44","73.8","1016.4","-","-"
"2021/07/05","12:00","4.28","180","6.41","76.1","1017","-","-"
"2021/07/05","13:00","3.89","191","6.41","78.8","1017.5","-","-"
"2021/07/05","14:00","4.67","192","7.39","81","1017.6","-","-"
"2021/07/05","15:00","6.41","192","9.14","82.6","1018.1","-","-"
"2021/07/05","16:00","4.08","154","6.41","84","1018.1","-","-"
"2021/07/05","17:00","5.83","186","8.75","84.9","1018.1","-","-"
"2021/07/05","18:00","11.08","91","12.05","82.2","1017.9","-","-"
"2021/07/05","19:00","11.08","96","13.41","82.4","1017.8","-","-"
"2021/07/05","20:00","11.86","122","14.58","84.2","1017.6","-","-"
"2021/07/05","21:00","11.27","124","13.8","83.8","1017.4","-","-"
"2021/07/05","22:00","9.91","108","12.05","83.5","1017.1","-","-"
"2021/07/05","23:00","7.97","110","8.75","84","1017.3","-","-"
"2021/07/06","00:00","4.67","185","6.03","84","1017.6","-","-"
"2021/07/06","01:00","5.05","185","6.8","82","1018.1","-","-"
"2021/07/06","02:00","5.44","173","6.8","80.2","1018.7","-","-"
"2021/07/06","03:00","5.83","179","7.39","79","1018.6","-","-"
"2021/07/06","04:00","8.36","192","10.89","78.6","1018.7","-","-"
"2021/07/06","05:00","7.78","191","10.5","77.5","1018.7","-","-"
"2021/07/06","06:00","7.19","207","10.3","76.8","1018.8","-","-"
"2021/07/06","07:00","7.19","213","8.94","76.3","1018.5","-","-"
"2021/07/06","08:00","7.58","213","9.72","75.2","1018.3","-","-"
"2021/07/06","09:00","9.52","211","11.47","74.7","1018.2","-","-"
"2021/07/06","10:00","9.91","217","12.25","73.9","1018.4","-","-"
"2021/07/06","11:00","4.47","231","7.78","74.1","1018.7","-","-"
"2021/07/06","12:00","4.28","225","9.33","75.6","1019","-","-"
"2021/07/06","13:00","6.8","230","10.3","76.8","1019.2","-","-"
"2021/07/06","14:00","7.97","215","10.3","78.8","1019.3","-","-"
"2021/07/06","15:00","4.67","241","7.39","81.1","1019.3","-","-"
"2021/07/06","16:00","5.25","212","7.78","83.5","1019.3","-","-"
"2021/07/06","17:00","7.39","235","9.91","85.5","1018.7","-","-"
"2021/07/06","18:00","9.52","214","13.02","86.7","1018","-","-"
"2021/07/06","19:00","10.11","234","12.83","87.8","1017.3","-","-"
"2021/07/06","20:00","6.41","235","8.36","88.9","1017.2","-","-"
"2021/07/06","21:00","7.78","237","10.5","89.1","1016.6","-","-"
"2021/07/06","22:00","7.58","230","10.11","89.1","1016","-","-"
"2021/07/06","23:00","7","224","8.94","87.6","1016.2","-","-"
"2021/07/07","00:00","6.03","207","8.94","86.2","1016.4","-","-"
"2021/07/07","01:00","5.05","203","7.78","84.6","1016.8","-","-"
"2021/07/07","02:00","8.55","202","12.63","83.3","1017.2","-","-"
"2021/07/07","03:00","7.97","210","10.69","82","1017.5","-","-"
"2021/07/07","04:00","9.14","216","13.22","81","1017.3","-","-"
"2021/07/07","05:00","13.8","215","16.91","79.7","1017","-","-"
"2021/07/07","06:00","10.5","223","16.52","78.4","1017.1","-","-"
"2021/07/07","07:00","10.3","228","15.94","77.5","1017","-","-"
"2021/07/07","08:00","11.47","228","14.97","76.5","1016.8","-","-"
"2021/07/07","09:00","12.25","225","15.16","75.6","1016.5","-","-"
"2021/07/07","10:00","10.89","225","15.36","75.2","1016.6","-","-"
"2021/07/07","11:00","3.89","228","7","75","1017.1","-","-"
"2021/07/07","12:00","5.83","237","9.33","76.6","1017","-","-"
"2021/07/07","13:00","1.56","220","7.39","78.8","1017.2","-","-"
"2021/07/07","14:00","6.8","226","8.94","80.8","1017.1","-","-"
"2021/07/07","15:00","8.36","226","11.47","83.1","1016.7","-","-"
"2021/07/07","16:00","6.8","210","11.47","85.8","1016.8","-","-"
"2021/07/07","17:00","7.19","220","12.05","88.2","1016.4","-","-"
"2021/07/07","18:00","11.66","219","15.16","88.7","1016.1","-","-"
"2021/07/07","19:00","8.94","210","12.83","89.6","1015.4","-","-"
"2021/07/07","20:00","7.97","241","11.86","89.8","1014.9","-","-"
"2021/07/07","21:00","10.5","232","14.19","89.6","1014.2","-","-"
"2021/07/07","22:00","7.58","190","11.08","89.6","1014","-","-"
"2021/07/07","23:00","6.61","206","9.33","88.5","1014.1","-","-"
"2021/07/08","00:00","6.61","201","9.72","86.7","1014.7","-","-"
"2021/07/08","01:00","3.3","193","5.44","84.4","1014.6","-","-"
"2021/07/08","02:00","7.39","200","9.52","84","1015.2","-","-"
"2021/07/08","03:00","7.39","198","10.69","82.2","1015.5","-","-"
"2021/07/08","04:00","10.89","214","16.13","80.8","1015.5","-","-"
"2021/07/08","05:00","11.08","220","14.19","80.2","1015.4","-","-"
"2021/07/08","06:00","9.52","224","14","79.5","1015.4","-","-"
"2021/07/08","07:00","9.33","217","13.8","79","1015.4","-","-"
"2021/07/08","08:00","11.86","218","16.91","78.4","1015.1","-","-"
"2021/07/08","09:00","8.94","212","12.44","78.3","1015.3","-","-"
"2021/07/08","10:00","10.3","213","13.22","77.9","1015.2","-","-"
"2021/07/08","11:00","10.3","214","15.36","78.1","1015.2","-","-"
"2021/07/08","12:00","10.5","210","13.22","79","1015.5","-","-"
"2021/07/08","13:00","8.94","218","13.22","80.6","1015.9","-","-"
"2021/07/08","14:00","9.14","215","12.63","81","1016.3","-","-"
"2021/07/08","15:00","4.47","203","11.08","81.3","1016.8","-","-"
"2021/07/08","16:00","6.03","192","8.94","81.5","1016.3","-","-"
"2021/07/08","17:00","6.03","183","9.14","75.7","1016.9","-","-"
"2021/07/08","18:00","4.47","170","5.64","75.4","1016.2","-","-"
"2021/07/08","19:00","1.94","154","3.11","75","1015.4","-","-"
"2021/07/08","20:00","9.14","104","11.66","75.7","1014.2","-","-"
"2021/07/08","21:00","14.19","111","16.72","75.9","1013.3","-","-"
"2021/07/08","22:00","15.36","121","21.19","75.9","1011.3","-","-"
"2021/07/08","23:00","19.05","119","25.46","76.1","1009","-","-"
"2021/07/09","00:00","27.02","147","36.35","75.9","1006.1","-","-"
"2021/07/09","01:00","15.16","149","21.19","76.3","1004.8","-","-"
"2021/07/09","02:00","14.97","175","21.97","75.7","1004.1","-","-"
"2021/07/09","03:00","8.94","213","14.77","74.1","1003.3","-","-"
"2021/07/09","04:00","23.13","260","30.13","74.3","1005.3","-","-"
"2021/07/09","05:00","23.13","269","31.88","74.1","1007.3","-","-"
"2021/07/09","06:00","20.41","264","25.85","73.4","1008.9","-","-"
"2021/07/09","07:00","18.08","269","21.38","73.9","1009.9","-","-"
"2021/07/09","08:00","13.22","262","18.08","73.4","1010.6","-","-"
"2021/07/09","09:00","9.91","261","11.47","72.3","1011.2","-","-"
"2021/07/09","10:00","3.69","235","5.83","71.6","1012.5","-","-"
"2021/07/09","11:00","5.44","240","6.03","72.1","1012.9","-","-"
"2021/07/09","12:00","4.28","213","8.36","73.9","1013","-","-"
"2021/07/09","13:00","7","247","10.11","76.1","1012.9","-","-"
"2021/07/09","14:00","6.61","246","10.11","77.9","1013.1","-","-"
"2021/07/09","15:00","4.08","266","7.39","80.6","1013","-","-"
"2021/07/09","16:00","6.61","235","9.33","83.1","1012.8","-","-"
"2021/07/09","17:00","6.8","215","9.33","84.6","1012.9","-","-"
"2021/07/09","18:00","7.39","250","9.72","86","1012.6","-","-"
"2021/07/09","19:00","4.28","242","4.86","86.4","1012.2","-","-"
"2021/07/09","20:00","0.97","308","1.56","86.2","1011.9","-","-"
"2021/07/09","21:00","6.41","223","9.14","82.2","1011.4","-","-"
"2021/07/09","22:00","9.91","227","12.05","79.9","1011.7","-","-"
"2021/07/09","23:00","5.05","207","7.39","79.5","1011.6","-","-"
"2021/07/10","00:00","5.64","211","8.16","77.7","1012.4","-","-"
"2021/07/10","01:00","5.25","214","7.58","76.1","1013.4","-","-"
"2021/07/10","02:00","7","214","9.14","76.1","1014","-","-"
"2021/07/10","03:00","10.3","226","13.8","75.9","1013.9","-","-"
"2021/07/10","04:00","10.3","231","13.61","75.2","1013.6","-","-"
"2021/07/10","05:00","4.28","262","5.44","74.7","1013.8","-","-"
"2021/07/10","06:00","7.78","262","9.52","74.3","1013.5","-","-"
"2021/07/10","07:00","10.69","282","14.58","75","1013.4","-","-"
"2021/07/10","08:00","3.11","242","4.67","73.6","1013.3","-","-"
"2021/07/10","09:00","4.47","284","5.05","73.4","1013.8","-","-"
"2021/07/10","10:00","4.08","329","5.25","74.3","1014.3","-","-"
"2021/07/10","11:00","6.03","310","7.19","74.8","1014.6","-","-"
"2021/07/10","12:00","6.8","4","8.94","75.4","1015.4","-","-"
"2021/07/10","13:00","9.33","349","11.08","76.8","1016.2","-","-"
"2021/07/10","14:00","5.44","359","7.78","78.4","1016.4","-","-"
"2021/07/10","15:00","4.86","3","5.83","79.2","1016.7","-","-"
"2021/07/10","16:00","5.83","306","7.19","79.3","1017.1","-","-"
"2021/07/10","17:00","5.05","310","6.41","80.2","1017.3","-","-"
"2021/07/10","18:00","5.25","333","6.22","81.3","1016.8","-","-"
"2021/07/10","19:00","5.44","329","6.61","82","1016.4","-","-"
"2021/07/10","20:00","3.5","310","4.28","82.4","1016.1","-","-"
"2021/07/10","21:00","3.11","76","4.28","82","1015.5","-","-"
"2021/07/10","22:00","4.86","67","5.25","82","1015.6","-","-"
"2021/07/10","23:00","7.19","82","7.97","80.8","1015.6","-","-"
"2021/07/11","00:00","5.64","124","7.58","80.4","1016.2","-","-"
"2021/07/11","01:00","5.83","124","6.41","79.5","1016.6","-","-"
"2021/07/11","02:00","5.64","129","7.19","78.8","1017.1","-","-"
"2021/07/11","03:00","3.69","151","7.19","78.4","1017.2","-","-"
"2021/07/11","04:00","4.28","159","6.41","77","1017.5","-","-"
"2021/07/11","05:00","4.67","140","5.64","77","1017.3","-","-"
"2021/07/11","06:00","2.72","163","3.89","76.1","1017.3","-","-"
"2021/07/11","07:00","2.53","167","3.5","75.7","1016.8","-","-"
"2021/07/11","08:00","4.08","158","4.67","75","1016.8","-","-"
"2021/07/11","09:00","4.28","158","5.44","74.8","1017","-","-"
"2021/07/11","10:00","5.83","168","8.16","75.9","1017.3","-","-"
"2021/07/11","11:00","2.92","142","5.44","76.8","1017.3","-","-"
"2021/07/11","12:00","5.64","161","8.16","77.4","1017.6","-","-"
"2021/07/11","13:00","4.67","192","6.8","78.8","1018","-","-"
"2021/07/11","14:00","4.67","195","7.78","81.7","1017.8","-","-"
"2021/07/11","15:00","10.3","173","12.44","82.8","1018.1","-","-"
"2021/07/11","16:00","7.97","187","13.02","84.2","1018.2","-","-"
"2021/07/11","17:00","7.78","186","14.58","85.1","1017.5","-","-"
"2021/07/11","18:00","5.64","183","10.11","86.5","1017","-","-"
"2021/07/11","19:00","9.52","196","13.61","87.4","1016.7","-","-"
"2021/07/11","20:00","12.25","275","19.24","76.6","1017.1","-","-"
"2021/07/11","21:00","6.22","197","8.75","81.1","1016.2","-","-"
"2021/07/11","22:00","6.03","209","9.14","83.3","1016.1","-","-"
"2021/07/11","23:00","4.08","222","5.44","82.4","1016.1","-","-"
"2021/07/12","00:00","7","189","9.72","81.7","1016.1","-","-"
"2021/07/12","01:00","6.8","194","11.66","80.6","1016.5","-","-"
"2021/07/12","02:00","6.8","185","10.89","80.1","1016.7","-","-"
"2021/07/12","03:00","8.75","195","13.41","80.1","1017.1","-","-"
"2021/07/12","04:00","8.94","212","12.63","79.5","1018.3","-","-"
"2021/07/12","05:00","10.89","212","15.16","79","1018.2","-","-"
"2021/07/12","06:00","10.69","207","15.55","78.6","1018.4","-","-"
"2021/07/12","07:00","8.75","215","13.02","78.1","1018.2","-","-"
"2021/07/12","08:00","9.91","212","17.11","77.5","1018.1","-","-"
"2021/07/12","09:00","9.33","218","11.86","77.2","1018.4","-","-"
"2021/07/12","10:00","8.94","221","13.22","77.4","1018.9","-","-"
"2021/07/12","11:00","8.94","217","13.22","77.5","1019","-","-"
"2021/07/12","12:00","11.66","232","13.22","78.3","1019.8","-","-"
"2021/07/12","13:00","11.66","247","14.38","79.3","1020.2","-","-"
"2021/07/12","14:00","8.94","204","11.66","81.5","1020.5","-","-"
"2021/07/12","15:00","8.16","231","13.41","83.1","1020.9","-","-"
"2021/07/12","16:00","7.97","233","12.63","85.1","1020.8","-","-"
"2021/07/12","17:00","10.3","225","14.19","86.4","1021","-","-"
"2021/07/12","18:00","7.78","207","15.36","87.4","1020.6","-","-"
"2021/07/12","19:00","10.5","200","18.86","88.3","1020.3","-","-"
"2021/07/12","20:00","10.11","239","16.91","88.5","1020","-","-"
"2021/07/12","21:00","11.08","220","13.8","88.7","1020","-","-"
"2021/07/12","22:00","11.08","233","13.8","88.7","1019.8","-","-"
"2021/07/12","23:00","7.39","235","10.11","88.2","1019.7","-","-"
"2021/07/13","00:00","7.58","212","10.5","87.1","1020.2","-","-"
"2021/07/13","01:00","6.61","207","9.72","85.6","1021","-","-"
"2021/07/13","02:00","8.36","197","13.02","84.9","1021.7","-","-"
"2021/07/13","03:00","6.8","207","12.05","83.8","1021.9","-","-"
"2021/07/13","04:00","9.14","208","13.61","82.2","1022.2","-","-"
"2021/07/13","05:00","9.72","219","14.19","81.1","1022","-","-"
"2021/07/13","06:00","8.16","224","11.08","80.2","1022.3","-","-"
"2021/07/13","07:00","11.86","223","16.33","79.3","1022.1","-","-"
"2021/07/13","08:00","11.27","225","14.58","78.4","1022.2","-","-"
"2021/07/13","09:00","10.11","227","14.38","77.9","1022.3","-","-"
"2021/07/13","10:00","10.89","224","14.77","77.5","1022.8","-","-"
"2021/07/13","11:00","10.11","215","13.41","77.7","1022.9","-","-"
"2021/07/13","12:00","9.33","226","14.58","78.8","1023.2","-","-"
"2021/07/13","13:00","7.58","236","12.44","80.1","1023.6","-","-"
"2021/07/13","14:00","9.33","224","12.25","82","1023.4","-","-"
"2021/07/13","15:00","9.14","215","12.44","84.2","1023.4","-","-"
"2021/07/13","16:00","10.69","226","14.19","86","1023.3","-","-"
"2021/07/13","17:00","9.33","233","14.19","87.1","1023.3","-","-"
"2021/07/13","18:00","13.02","228","16.72","87.3","1023.1","-","-"
"2021/07/13","19:00","10.89","234","15.75","86.5","1022.7","-","-"
"2021/07/13","20:00","10.5","216","18.08","87.4","1022.2","-","-"
"2021/07/13","21:00","9.72","206","14.38","87.6","1021.9","-","-"
"2021/07/13","22:00","9.91","218","13.22","87.1","1021.4","-","-"
"2021/07/13","23:00","7","229","9.72","85.6","1021.7","-","-"
"2021/07/14","00:00","7.19","204","12.05","85.3","1021.7","-","-"
"2021/07/14","01:00","4.67","190","6.41","83.7","1021.8","-","-"
"2021/07/14","02:00","5.25","194","7.19","82.6","1022.5","-","-"
"2021/07/14","03:00","6.22","203","7.97","82","1022.5","-","-"
"2021/07/14","04:00","7.78","220","11.47","81.9","1022.6","-","-"
"2021/07/14","05:00","8.75","225","14.38","81.1","1022.6","-","-"
"2021/07/14","06:00","7.58","217","10.89","79.9","1022.6","-","-"
"2021/07/14","07:00","10.3","216","13.02","79.2","1022.5","-","-"
"2021/07/14","08:00","8.16","229","11.86","78.3","1022.6","-","-"
"2021/07/14","09:00","9.33","230","13.02","77.2","1022.8","-","-"
"2021/07/14","10:00","9.52","231","12.63","76.3","1022.9","-","-"
"2021/07/14","11:00","11.08","227","13.41","76.1","1022.9","-","-"
"2021/07/14","12:00","11.66","236","14.38","77.2","1023.2","-","-"
"2021/07/14","13:00","7.97","222","9.72","79","1023.3","-","-"
"2021/07/14","14:00","9.14","253","11.27","82","1022.8","-","-"
"2021/07/14","15:00","8.94","240","12.83","83.7","1022.5","-","-"
"2021/07/14","16:00","9.14","267","13.41","85.1","1022.3","-","-"
"2021/07/14","17:00","6.22","258","8.55","86.5","1022","-","-"
"2021/07/14","18:00","8.55","224","10.89","87.6","1021.7","-","-"
"2021/07/14","19:00","9.33","224","11.08","88.3","1021.1","-","-"
"2021/07/14","20:00","8.75","224","11.08","88.7","1020.5","-","-"
"2021/07/14","21:00","9.14","224","14.77","88.3","1020.2","-","-"
"2021/07/14","22:00","9.72","217","13.8","88.7","1020","-","-"
"2021/07/14","23:00","6.61","231","8.94","88","1020.1","-","-"
"2021/07/15","00:00","2.53","216","3.89","85.8","1020.2","-","-"
"2021/07/15","01:00","11.47","5","15.75","77.5","1022","-","-"
"2021/07/15","02:00","4.67","69","7","73.4","1021.9","-","-"
"2021/07/15","03:00","8.55","174","9.72","74.5","1021.7","-","-"
"2021/07/15","04:00","4.08","286","4.86","75.2","1021.3","-","-"
"2021/07/15","05:00","0.78","235","2.14","75.6","1020.6","-","-"
"2021/07/15","06:00","3.69","159","4.47","75.6","1020.3","-","-"
"2021/07/15","07:00","6.03","194","7.19","75.9","1020.2","-","-"
"2021/07/15","08:00","5.25","203","6.8","76.5","1020.2","-","-"
"2021/07/15","09:00","7.19","213","8.36","75.7","1020.1","-","-"
"2021/07/15","10:00","7","220","8.36","75.9","1020.5","-","-"
"2021/07/15","11:00","3.69","213","6.03","76.8","1020.8","-","-"
"2021/07/15","12:00","4.28","217","7.39","78.8","1020.7","-","-"
"2021/07/15","13:00","7.97","237","10.11","80.4","1020.5","-","-"
"2021/07/15","14:00","2.53","269","6.22","81.7","1020.3","-","-"
"2021/07/15","15:00","3.5","306","5.25","82.6","1020.2","-","-"
"2021/07/15","16:00","6.61","241","8.75","85.3","1019.9","-","-"
"2021/07/15","17:00","6.22","255","7.97","86.9","1019.6","-","-"
"2021/07/15","18:00","3.11","234","7","88.2","1019.3","-","-"
"2021/07/15","19:00","6.41","229","9.14","88.7","1018.8","-","-"
"2021/07/15","20:00","4.28","224","8.75","89.6","1018.1","-","-"
"2021/07/15","21:00","4.67","233","7.78","89.6","1017.8","-","-"
"2021/07/15","22:00","5.64","230","6.8","89.4","1017.3","-","-"
"2021/07/15","23:00","1.75","118","4.28","87.6","1016.8","-","-"
"2021/07/16","00:00","2.72","213","3.3","86.7","1016.9","-","-"
"2021/07/16","01:00","4.67","215","5.44","84.4","1017.1","-","-"
"2021/07/16","02:00","4.67","220","5.64","83.1","1017.3","-","-"
"2021/07/16","03:00","5.25","204","5.83","82.6","1017.3","-","-"
"2021/07/16","04:00","4.47","211","5.44","81.9","1017.4","-","-"
"2021/07/16","05:00","3.89","220","5.83","80.6","1017.6","-","-"
"2021/07/16","06:00","7.58","222","9.72","80.6","1017.5","-","-"
"2021/07/16","07:00","8.94","221","13.22","80.1","1017.3","-","-"
"2021/07/16","08:00","8.36","220","10.89","79.5","1017.3","-","-"
"2021/07/16","09:00","9.52","221","12.63","78.8","1017.4","-","-"
"2021/07/16","10:00","8.36","223","12.05","77.9","1017.7","-","-"
"2021/07/16","11:00","3.11","202","5.25","78.1","1018.2","-","-"
"2021/07/16","12:00","5.64","233","9.72","79.3","1018.1","-","-"
"2021/07/16","13:00","7.19","238","9.33","80.4","1018.2","-","-"
"2021/07/16","14:00","5.05","274","6.8","82.4","1018.1","-","-"
"2021/07/16","15:00","4.67","277","6.61","84.2","1018.3","-","-"
"2021/07/16","16:00","3.5","234","6.61","86.5","1018.5","-","-"
"2021/07/16","17:00","3.69","248","5.05","88.5","1018.3","-","-"
"2021/07/16","18:00","4.28","275","6.8","89.2","1017.9","-","-"
"2021/07/16","19:00","4.67","220","5.83","90","1017.4","-","-"
"2021/07/16","20:00","5.05","213","7.58","89.4","1017","-","-"
"2021/07/16","21:00","8.75","209","14.77","85.1","1016.4","-","-"
"2021/07/16","22:00","5.64","186","7.78","84.6","1016.5","-","-"
"2021/07/16","23:00","7.78","170","9.52","85.6","1016.4","-","-"
"2021/07/17","00:00","6.8","183","9.14","84.4","1016.8","-","-"
"2021/07/17","01:00","4.08","215","5.44","82.6","1017.3","-","-"
"2021/07/17","02:00","6.41","185","7.97","82.8","1017.7","-","-"
"2021/07/17","03:00","5.64","191","7.97","82","1017.8","-","-"
"2021/07/17","04:00","6.61","203","9.72","81.5","1017.6","-","-"
"2021/07/17","05:00","8.36","212","10.69","81.3","1017.7","-","-"
"2021/07/17","06:00","10.3","216","15.36","80.8","1017.8","-","-"
"2021/07/17","07:00","10.5","215","12.63","80.1","1017.6","-","-"
"2021/07/17","08:00","8.75","218","12.44","80.1","1017.7","-","-"
"2021/07/17","09:00","9.91","217","12.25","79.7","1017.7","-","-"
"2021/07/17","10:00","9.33","226","12.25","79.3","1018.1","-","-"
"2021/07/17","11:00","7.58","219","10.11","79.3","1018.3","-","-"
"2021/07/17","12:00","7.97","219","13.22","80.4","1018.9","-","-"
"2021/07/17","13:00","6.22","225","11.47","81.5","1019.2","-","-"
"2021/07/17","14:00","9.52","203","14","82.9","1019","-","-"
"2021/07/17","15:00","8.55","212","12.44","84.7","1018.8","-","-"
"2021/07/17","16:00","8.75","210","14.58","86.5","1018.7","-","-"
"2021/07/17","17:00","13.41","212","15.94","87.8","1018.2","-","-"
"2021/07/17","18:00","9.91","231","14.97","88.3","1017.3","-","-"
"2021/07/17","19:00","13.22","235","17.11","89.6","1016.4","-","-"
"2021/07/17","20:00","10.89","209","16.52","90.1","1016.3","-","-"
"2021/07/17","21:00","12.05","222","20.41","90.5","1016","-","-"
"2021/07/17","22:00","12.83","202","16.91","90.1","1015.4","-","-"
"2021/07/17","23:00","8.94","215","15.94","89.4","1015.6","-","-"
"2021/07/18","00:00","8.16","209","11.47","87.8","1015.8","-","-"
"2021/07/18","01:00","7.39","213","11.27","86.7","1016.6","-","-"
"2021/07/18","02:00","6.03","268","8.36","75.9","1018","-","-"
"2021/07/18","03:00","2.33","198","3.89","77.2","1017","-","-"
"2021/07/18","04:00","2.33","244","3.89","77.7","1017.4","-","-"
"2021/07/18","05:00","4.86","273","5.83","77.9","1017.5","-","-"
"2021/07/18","06:00","8.75","209","14.77","74.5","1017.7","-","-"
"2021/07/18","07:00","8.75","214","9.91","73.4","1017.4","-","-"
"2021/07/18","08:00","8.36","214","9.91","73.8","1017.1","-","-"
"2021/07/18","09:00","6.8","209","9.33","74.3","1017","-","-"
"2021/07/18","10:00","10.11","211","12.83","75.4","1016.9","-","-"
"2021/07/18","11:00","8.55","227","13.41","76.5","1017.3","-","-"
"2021/07/18","12:00","9.91","232","12.83","76.8","1017.8","-","-"
"2021/07/18","13:00","8.16","228","11.86","77.4","1017.9","-","-"
"2021/07/18","14:00","9.14","230","11.66","79.5","1017.7","-","-"
"2021/07/18","15:00","11.66","265","15.75","81.5","1017.8","-","-"
"2021/07/18","16:00","9.52","256","13.61","81.9","1017.8","-","-"
"2021/07/18","17:00","11.86","271","14.58","83.1","1017.3","-","-"
"2021/07/18","18:00","14.58","271","18.08","84.4","1016.7","-","-"
"2021/07/18","19:00","13.22","265","17.49","84.4","1016.4","-","-"
"2021/07/18","20:00","13.41","263","17.11","84.7","1015.8","-","-"
"2021/07/18","21:00","6.41","290","11.08","84.7","1015.9","-","-"
"2021/07/18","22:00","4.86","260","6.61","84.9","1016.3","-","-"
"2021/07/18","23:00","3.5","235","4.67","84.7","1016.5","-","-"
"2021/07/19","00:00","2.72","257","4.47","82.8","1016.6","-","-"
"2021/07/19","01:00","6.03","5","8.36","81","1017.5","-","-"
"2021/07/19","02:00","8.36","335","10.3","78.6","1018.4","-","-"
"2021/07/19","03:00","4.67","8","7.19","78.1","1018.9","-","-"
"2021/07/19","04:00","9.14","255","11.08","72.1","1018.8","-","-"
"2021/07/19","05:00","4.47","286","6.03","72.3","1018.2","-","-"
"2021/07/19","06:00","2.72","325","3.89","74.3","1017.3","-","-"
"2021/07/19","07:00","1.56","40","1.94","73.6","1016.8","-","-"
"2021/07/19","08:00","6.03","224","7.19","73","1017","-","-"
"2021/07/19","09:00","4.47","242","5.64","74.3","1017.1","-","-"
"2021/07/19","10:00","4.67","283","5.64","72.7","1017.2","-","-"
"2021/07/19","11:00","4.86","245","6.03","72.7","1018","-","-"
"2021/07/19","12:00","4.08","284","6.03","73.4","1018.3","-","-"
"2021/07/19","13:00","4.67","275","6.03","74.5","1018.5","-","-"
"2021/07/19","14:00","7.19","262","8.16","75.9","1018.3","-","-"
"2021/07/19","15:00","4.86","307","6.03","76.3","1018.2","-","-"
"2021/07/19","16:00","3.89","245","5.05","77","1018.2","-","-"
"2021/07/19","17:00","4.08","233","6.41","77.4","1018","-","-"
"2021/07/19","18:00","5.25","237","7","77.4","1017.7","-","-"
"2021/07/19","19:00","5.64","227","7","76.6","1017.2","-","-"
"2021/07/19","20:00","4.67","226","5.83","77","1016.9","-","-"
"2021/07/19","21:00","8.16","233","11.08","77.2","1016.6","-","-"
"2021/07/19","22:00","5.44","243","7.19","77.7","1016","-","-"
"2021/07/19","23:00","3.3","225","5.25","77.4","1016.2","-","-"
"2021/07/20","00:00","2.92","234","4.08","75.7","1016.2","-","-"
"2021/07/20","01:00","3.3","220","3.69","73.6","1016.3","-","-"
"2021/07/20","02:00","1.36","206","1.94","73.6","1016.6","-","-"
"2021/07/20","03:00","3.89","219","4.47","72.7","1016.8","-","-"
"2021/07/20","04:00","1.17","203","2.33","72.1","1016.2","-","-"
"2021/07/20","05:00","1.56","233","1.94","72.1","1015.1","-","-"
"2021/07/20","06:00","2.72","269","3.3","72.9","1014.5","-","-"
"2021/07/20","07:00","2.53","299","3.11","72.3","1014","-","-"
"2021/07/20","08:00","6.8","341","7.39","72.5","1014","-","-"
"2021/07/20","09:00","7","333","7.97","73","1014.1","-","-"
"2021/07/20","10:00","2.53","250","3.3","72.5","1014.1","-","-"
"2021/07/20","11:00","2.14","284","2.92","73.4","1014.3","-","-"
"2021/07/20","12:00","2.72","258","3.5","74.1","1014.5","-","-"
"2021/07/20","13:00","2.33","300","3.11","74.7","1014.9","-","-"
"2021/07/20","14:00","0.78","277","1.75","77.4","1014.8","-","-"
"2021/07/20","15:00","0.19","264","0.97","79","1014.8","-","-"
"2021/07/20","16:00","0.58","9","0.78","82.6","1014.7","-","-"
"2021/07/20","17:00","0.78","301","1.94","81.7","1014.8","-","-"
"2021/07/20","18:00","0","196","0.97","83.7","1014.4","-","-"
"2021/07/20","19:00","0.19","79","0.58","85.6","1014","-","-"
"2021/07/20","20:00","0.78","74","1.17","84","1013.5","-","-"
"2021/07/20","21:00","0.58","9","0.58","87.4","1013.1","-","-"
"2021/07/20","22:00","0.97","323","1.56","84.9","1012.9","-","-"
"2021/07/20","23:00","3.11","245","3.89","83.5","1012.8","-","-"
"2021/07/21","00:00","3.89","226","4.86","80.2","1012.9","-","-"
"2021/07/21","01:00","5.64","216","6.22","77.9","1013.1","-","-"
"2021/07/21","02:00","5.83","217","6.41","77.5","1013.4","-","-"
"2021/07/21","03:00","5.44","219","6.03","76.8","1013.6","-","-"
"2021/07/21","04:00","5.83","215","7.19","76.5","1013.2","-","-"
"2021/07/21","05:00","6.41","231","7.39","77.2","1013","-","-"
"2021/07/21","06:00","5.25","232","6.8","77","1013","-","-"
"2021/07/21","07:00","7","244","8.36","76.1","1012.7","-","-"
"2021/07/21","08:00","6.61","235","8.36","75.6","1012.5","-","-"
"2021/07/21","09:00","1.56","193","2.92","74.3","1012.4","-","-"
"2021/07/21","10:00","8.55","226","10.89","73.6","1012.5","-","-"
"2021/07/21","11:00","8.16","225","9.72","73.6","1012.8","-","-"
"2021/07/21","12:00","7.58","224","9.52","75.6","1012.8","-","-"
"2021/07/21","13:00","4.67","257","7","77.7","1013.2","-","-"
"2021/07/21","14:00","6.03","252","8.16","80.2","1013.2","-","-"
"2021/07/21","15:00","8.36","273","9.91","81.7","1013.3","-","-"
"2021/07/21","16:00","7.78","240","10.5","83.5","1013.3","-","-"
"2021/07/21","17:00","6.8","225","10.3","84.7","1012.8","-","-"
"2021/07/21","18:00","7.97","249","10.5","85.8","1012.2","-","-"
"2021/07/21","19:00","8.75","252","11.08","87.1","1011.5","-","-"
"2021/07/21","20:00","7.19","235","9.91","87.4","1011.5","-","-"
"2021/07/21","21:00","5.64","240","8.16","87.6","1011.2","-","-"
"2021/07/21","22:00","6.61","258","10.11","87.3","1011.2","-","-"
"2021/07/21","23:00","4.86","239","6.22","85.6","1011.5","-","-"
"2021/07/22","00:00","4.47","329","8.75","83.7","1012.5","-","-"
"2021/07/22","01:00","16.91","2","19.63","73.6","1014.9","-","-"
"2021/07/22","02:00","3.89","181","4.86","72.9","1014.3","-","-"
"2021/07/22","03:00","5.64","228","8.16","72.7","1014.8","-","-"
"2021/07/22","04:00","3.5","245","4.47","73.9","1015.3","-","-"
"2021/07/22","05:00","3.11","268","3.89","74.1","1015.8","-","-"
"2021/07/22","06:00","4.47","314","5.83","75.2","1016","-","-"
"2021/07/22","07:00","8.75","356","11.66","74.7","1016.2","-","-"
"2021/07/22","08:00","9.72","330","11.66","73.6","1016.4","-","-"
"2021/07/22","09:00","6.8","336","8.55","72.7","1016.8","-","-"
"2021/07/22","10:00","5.64","329","8.36","72.5","1017.6","-","-"
"2021/07/22","11:00","6.8","341","8.36","72","1018.3","-","-"
"2021/07/22","12:00","4.47","346","6.41","72.3","1018.7","-","-"
"2021/07/22","13:00","5.44","352","8.94","73.9","1019.2","-","-"
"2021/07/22","14:00","7.97","358","9.72","75.2","1019.7","-","-"
"2021/07/22","15:00","10.89","2","13.41","77","1020.2","-","-"
"2021/07/22","16:00","11.27","348","14.58","77.7","1020.3","-","-"
"2021/07/22","17:00","10.3","1","12.05","77.9","1020.1","-","-"
"2021/07/22","18:00","10.3","13","14.19","78.3","1019.8","-","-"
"2021/07/22","19:00","8.94","3","11.08","78.8","1019.5","-","-"
"2021/07/22","20:00","7.97","16","9.91","79.2","1019.3","-","-"
"2021/07/22","21:00","8.94","347","10.11","79","1019.4","-","-"
"2021/07/22","22:00","5.05","5","9.52","79.2","1019.5","-","-"
"2021/07/22","23:00","7.97","33","8.75","79.3","1019.7","-","-"
"2021/07/23","00:00","5.64","33","7.19","78.6","1020.2","-","-"
"2021/07/23","01:00","4.08","54","4.67","77.9","1020.3","-","-"
"2021/07/23","02:00","4.08","79","5.25","77.9","1020.9","-","-"
"2021/07/23","03:00","0.19","219","2.53","72.7","1020.9","-","-"
"2021/07/23","04:00","1.94","218","2.92","71.2","1020.8","-","-"
"2021/07/23","05:00","1.56","233","2.72","70","1020.8","-","-"
"2021/07/23","06:00","2.33","239","2.92","70.2","1020.5","-","-"
"2021/07/23","07:00","1.56","243","2.33","70.2","1019.9","-","-"
"2021/07/23","08:00","2.33","261","3.11","71.1","1019.7","-","-"
"2021/07/23","09:00","3.69","230","4.47","67.6","1019.8","-","-"
"2021/07/23","10:00","5.83","267","7.78","70","1020.3","-","-"
"2021/07/23","11:00","5.25","274","5.83","69.4","1021","-","-"
"2021/07/23","12:00","5.83","288","6.61","71.8","1021.5","-","-"
"2021/07/23","13:00","5.83","297","7.39","73.9","1021.4","-","-"
"2021/07/23","14:00","7.39","309","10.5","75","1021.5","-","-"
"2021/07/23","15:00","9.14","317","10.89","76.3","1021.3","-","-"
"2021/07/23","16:00","8.94","307","10.69","77.5","1021.4","-","-"
"2021/07/23","17:00","5.83","304","7.19","78.6","1020.8","-","-"
"2021/07/23","18:00","4.28","296","5.64","79.9","1020.5","-","-"
"2021/07/23","19:00","4.47","304","5.64","80.4","1020.3","-","-"
"2021/07/23","20:00","4.47","312","5.64","81.1","1019.7","-","-"
"2021/07/23","21:00","6.8","304","8.55","81.7","1019.4","-","-"
"2021/07/23","22:00","3.69","102","4.28","81.9","1018.8","-","-"
"2021/07/23","23:00","6.61","76","7.78","80.6","1018.9","-","-"
"2021/07/24","00:00","8.36","78","10.3","79.3","1019.3","-","-"
"2021/07/24","01:00","6.41","86","7.97","79.2","1019.4","-","-"
"2021/07/24","02:00","5.44","88","9.72","79.2","1019.7","-","-"
"2021/07/24","03:00","2.33","191","2.92","75.6","1019.7","-","-"
"2021/07/24","04:00","2.92","208","3.69","73","1020","-","-"
"2021/07/24","05:00","5.25","210","5.83","73.6","1019.7","-","-"
"2021/07/24","06:00","6.03","226","7.58","72.9","1019.4","-","-"
"2021/07/24","07:00","6.03","221","6.61","72.7","1018.9","-","-"
"2021/07/24","08:00","6.61","224","7.78","72.3","1018.7","-","-"
"2021/07/24","09:00","6.61","228","7.78","71.6","1018.6","-","-"
"2021/07/24","10:00","5.83","245","8.16","72.1","1019.1","-","-"
"2021/07/24","11:00","1.36","255","1.94","73.6","1019.5","-","-"
"2021/07/24","12:00","0.78","146","2.53","74.8","1019.7","-","-"
"2021/07/24","13:00","3.11","272","5.64","75.6","1020","-","-"
"2021/07/24","14:00","4.67","238","5.83","77.5","1020","-","-"
"2021/07/24","15:00","3.11","235","5.25","78.4","1019.9","-","-"
"2021/07/24","16:00","5.64","133","7.97","81.1","1019.8","-","-"
"2021/07/24","17:00","1.75","152","4.28","82.2","1019.9","-","-"
"2021/07/24","18:00","4.86","161","9.33","82","1019.5","-","-"
"2021/07/24","19:00","14.77","106","16.91","80.4","1018.8","-","-"
"2021/07/24","20:00","14","127","17.69","81.3","1018.4","-","-"
"2021/07/24","21:00","12.05","121","15.75","80.8","1018.1","-","-"
"2021/07/24","22:00","10.5","120","14.38","81","1017.7","-","-"
"2021/07/24","23:00","10.5","160","14.38","81","1017.2","-","-"
"2021/07/25","00:00","9.91","169","15.94","79.7","1017.5","-","-"
"2021/07/25","01:00","8.55","170","10.89","78.1","1017.5","-","-"
"2021/07/25","02:00","7.39","177","9.52","77.4","1018","-","-"
"2021/07/25","03:00","6.61","178","11.86","76.5","1017.6","-","-"
"2021/07/25","04:00","8.16","189","10.5","76.3","1017.3","-","-"
"2021/07/25","05:00","7.58","198","10.69","75.6","1017.2","-","-"
"2021/07/25","06:00","8.16","200","10.5","75.4","1017.2","-","-"
"2021/07/25","07:00","7.78","206","10.89","75","1017.1","-","-"
"2021/07/25","08:00","8.75","202","11.86","74.7","1016.6","-","-"
"2021/07/25","09:00","6.41","208","10.5","74.5","1016.3","-","-"
"2021/07/25","10:00","7.39","208","12.44","74.7","1016","-","-"
"2021/07/25","11:00","7.97","209","10.3","74.5","1016.1","-","-"
"2021/07/25","12:00","9.72","214","13.02","75.2","1016.2","-","-"
"2021/07/25","13:00","12.05","221","15.55","76.5","1016.2","-","-"
"2021/07/25","14:00","9.91","206","16.33","76.8","1016","-","-"
"2021/07/25","15:00","11.86","201","15.16","78.1","1015.7","-","-"
"2021/07/25","16:00","11.86","209","15.55","81.5","1015.1","-","-"
"2021/07/25","17:00","10.5","214","20.02","82.6","1014.8","-","-"
"2021/07/25","18:00","12.44","215","20.41","83.8","1014.4","-","-"
"2021/07/25","19:00","11.08","215","14.97","84.9","1013.8","-","-"
"2021/07/25","20:00","12.63","199","16.52","86","1013.4","-","-"
"2021/07/25","21:00","11.86","224","17.3","86.2","1012.9","-","-"
"2021/07/25","22:00","9.14","213","12.63","86.4","1012.8","-","-"
"2021/07/25","23:00","9.14","213","11.86","85.1","1012.6","-","-"
"2021/07/26","00:00","7.97","213","9.91","84.4","1013","-","-"
"2021/07/26","01:00","4.86","206","6.8","83.3","1013.6","-","-"
"2021/07/26","02:00","6.22","206","8.94","82.6","1013.8","-","-"
"2021/07/26","03:00","7","207","9.33","81.5","1013.8","-","-"
"2021/07/26","04:00","8.94","212","11.66","80.4","1013.8","-","-"
"2021/07/26","05:00","9.91","211","14.38","80.1","1013.6","-","-"
"2021/07/26","06:00","10.11","220","14","79.3","1013.7","-","-"
"2021/07/26","07:00","9.52","210","12.05","79.3","1013.7","-","-"
"2021/07/26","08:00","7.97","228","11.66","78.8","1013.6","-","-"
"2021/07/26","09:00","8.55","222","14.58","78.6","1013.5","-","-"
"2021/07/26","10:00","12.05","228","16.13","78.3","1013.5","-","-"
"2021/07/26","11:00","10.11","231","14.97","78.1","1013.8","-","-"
"2021/07/26","12:00","9.72","231","12.63","78.4","1013.8","-","-"
"2021/07/26","13:00","7.58","240","11.86","79.3","1014.1","-","-"
"2021/07/26","14:00","11.86","248","14.97","80.2","1014.2","-","-"
"2021/07/26","15:00","8.36","228","10.89","82.6","1014","-","-"
"2021/07/26","16:00","9.72","229","13.61","83.5","1013.8","-","-"
"2021/07/26","17:00","7.39","252","11.66","84.9","1013.6","-","-"
"2021/07/26","18:00","7.19","234","9.33","85.6","1013.3","-","-"
"2021/07/26","19:00","7.19","217","11.86","86.2","1013.1","-","-"
"2021/07/26","20:00","5.44","212","8.75","85.5","1012.4","-","-"
"2021/07/26","21:00","5.05","210","5.83","83.1","1012.6","-","-"
"2021/07/26","22:00","1.36","97","8.75","78.6","1012.4","-","-"
"2021/07/26","23:00","10.11","238","12.63","75.2","1012.9","-","-"
"2021/07/27","00:00","9.91","184","12.05","73.9","1012.7","-","-"
"2021/07/27","01:00","9.33","224","14.77","74.1","1013.3","-","-"
"2021/07/27","02:00","3.89","293","6.41","74.1","1014.5","-","-"
"2021/07/27","03:00","5.25","253","7","73.6","1014.8","-","-"
"2021/07/27","04:00","3.11","226","5.05","73","1014.6","-","-"
"2021/07/27","05:00","10.11","301","13.02","74.7","1014.7","-","-"
"2021/07/27","06:00","3.89","223","5.64","72.1","1014.3","-","-"
"2021/07/27","07:00","10.11","225","12.25","71.8","1013.6","-","-"
"2021/07/27","08:00","5.64","266","8.16","73.6","1013.6","-","-"
"2021/07/27","09:00","3.11","288","4.08","73.4","1014.3","-","-"
"2021/07/27","10:00","2.72","221","4.67","72.7","1014.6","-","-"
"2021/07/27","11:00","3.89","288","5.83","73","1014.9","-","-"
"2021/07/27","12:00","2.14","281","3.3","74.7","1015.2","-","-"
"2021/07/27","13:00","3.11","329","3.69","75.7","1015.4","-","-"
"2021/07/27","14:00","3.69","308","4.67","77.2","1015.5","-","-"
"2021/07/27","15:00","7.78","321","8.94","79","1015.5","-","-"
"2021/07/27","16:00","2.92","295","4.08","81","1015.3","-","-"
"2021/07/27","17:00","3.3","76","3.89","83.3","1015.2","-","-"
"2021/07/27","18:00","8.36","83","9.52","81.9","1015.2","-","-"
"2021/07/27","19:00","6.41","82","7.19","83.3","1014.8","-","-"
"2021/07/27","20:00","7.97","79","9.52","82.6","1014.4","-","-"
"2021/07/27","21:00","7.78","86","8.55","83.1","1014.1","-","-"
"2021/07/27","22:00","7.58","93","9.33","83.7","1013.5","-","-"
"2021/07/27","23:00","6.8","113","8.55","84.6","1013.4","-","-"
"2021/07/28","00:00","4.86","82","5.25","83.3","1013.7","-","-"
"2021/07/28","01:00","3.5","168","5.25","81.1","1014.2","-","-"
"2021/07/28","02:00","0.97","174","2.14","81","1014.6","-","-"
"2021/07/28","03:00","1.75","179","2.72","80.8","1014.6","-","-"
"2021/07/28","04:00","7","209","7.39","80.1","1014.5","-","-"
"2021/07/28","05:00","5.83","223","6.8","79.5","1014.4","-","-"
"2021/07/28","06:00","5.83","230","7.78","79.7","1014.3","-","-"
"2021/07/28","07:00","5.05","212","6.61","79","1014","-","-"
"2021/07/28","08:00","7.39","227","8.94","78.8","1014","-","-"
"2021/07/28","09:00","0.39","237","1.17","78.8","1014","-","-"
"2021/07/28","10:00","3.5","304","4.08","78.4","1014.2","-","-"
"2021/07/28","11:00","2.92","255","3.69","78.3","1014.6","-","-"
"2021/07/28","12:00","3.3","291","4.47","79.3","1014.5","-","-"
"2021/07/28","13:00","3.3","328","4.28","80.4","1014.6","-","-"
"2021/07/28","14:00","4.08","309","4.47","81.9","1014.5","-","-"
"2021/07/28","15:00","0.78","169","1.36","85.1","1014.5","-","-"
"2021/07/28","16:00","20.8","54","25.08","79.2","1015","-","-"
"2021/07/28","17:00","9.33","167","11.27","78.1","1014.9","-","-"
"2021/07/28","18:00","6.22","198","8.75","75.6","1014.5","-","-"
"2021/07/28","19:00","3.11","197","7.58","78.1","1014.8","-","-"
"2021/07/28","20:00","7","166","8.36","79.7","1014.8","-","-"
"2021/07/28","21:00","4.08","173","8.16","81.7","1014.6","-","-"
"2021/07/28","22:00","1.94","122","3.11","83.3","1014.5","-","-"
"2021/07/28","23:00","2.92","175","3.89","83.3","1013.9","-","-"
"2021/07/29","00:00","4.86","92","5.44","81.7","1014.6","-","-"
"2021/07/29","01:00","5.44","207","7.97","78.6","1014.4","-","-"
"2021/07/29","02:00","4.28","230","6.03","76.8","1015.4","-","-"
"2021/07/29","03:00","2.33","251","4.28","75.9","1015.3","-","-"
"2021/07/29","04:00","1.94","243","3.5","75.2","1015.1","-","-"
"2021/07/29","05:00","1.94","201","3.11","74.7","1015.3","-","-"
"2021/07/29","06:00","2.33","88","3.3","77","1015.1","-","-"
"2021/07/29","07:00","2.14","182","2.92","74.7","1015","-","-"
"2021/07/29","08:00","4.86","202","6.61","73.6","1014.7","-","-"
"2021/07/29","09:00","1.56","211","2.33","73.6","1015.2","-","-"
"2021/07/29","10:00","4.28","222","5.64","73.8","1015.4","-","-"
"2021/07/29","11:00","3.89","181","4.47","74.5","1015.6","-","-"
"2021/07/29","12:00","6.03","211","7.39","75.6","1015.5","-","-"
"2021/07/29","13:00","4.86","199","7.78","76.5","1015.3","-","-"
"2021/07/29","14:00","5.25","186","9.14","78.8","1015.1","-","-"
"2021/07/29","15:00","9.14","212","11.27","81.9","1015.5","-","-"
"2021/07/29","16:00","6.41","238","8.16","82.8","1014.8","-","-"
"2021/07/29","17:00","5.64","228","9.14","84","1013.8","-","-"
"2021/07/29","18:00","7.97","219","11.66","85.1","1013.2","-","-"
"2021/07/29","19:00","4.28","224","8.94","86.9","1012.4","-","-"
"2021/07/29","20:00","8.36","232","12.83","87.1","1011.7","-","-"
"2021/07/29","21:00","6.8","233","10.69","87.1","1011.4","-","-"
"2021/07/29","22:00","9.91","203","12.83","87.3","1010.1","-","-"
"2021/07/29","23:00","10.3","230","17.3","86.5","1010.7","-","-"
"2021/07/30","00:00","7.19","236","9.72","85.5","1011","-","-"
"2021/07/30","01:00","17.11","244","22.94","81.7","1010.2","-","-"
"2021/07/30","02:00","9.52","217","13.02","78.8","1010.4","-","-"
"2021/07/30","03:00","8.36","227","11.86","80.6","1010.4","-","-"
"2021/07/30","04:00","11.27","224","15.75","81.1","1009.9","-","-"
"2021/07/30","05:00","11.27","234","14.38","81.5","1009.5","-","-"
"2021/07/30","06:00","11.47","220","16.91","81.1","1009","-","-"
"2021/07/30","07:00","14.19","222","20.22","80.8","1008.4","-","-"
"2021/07/30","08:00","12.25","233","17.88","80.6","1008.2","-","-"
"2021/07/30","09:00","12.25","227","15.94","80.6","1007.9","-","-"
"2021/07/30","10:00","13.22","243","18.47","80.1","1008.4","-","-"
"2021/07/30","11:00","12.25","243","18.66","79.9","1009","-","-"
"2021/07/30","12:00","7","276","9.14","80.8","1009.5","-","-"
"2021/07/30","13:00","9.72","313","11.27","81.1","1010.1","-","-"
"2021/07/30","14:00","8.16","314","9.52","82.2","1010.4","-","-"
"2021/07/30","15:00","6.8","304","8.16","83.1","1010.8","-","-"
"2021/07/30","16:00","4.08","303","6.22","84.4","1010.7","-","-"
"2021/07/30","17:00","5.25","297","5.64","85.8","1010.5","-","-"
"2021/07/30","18:00","4.47","298","5.64","86.4","1010.4","-","-"
"2021/07/30","19:00","8.16","91","9.91","85.3","1010.2","-","-"
"2021/07/30","20:00","8.55","80","13.02","83.5","1011","-","-"
"2021/07/30","21:00","0.39","220","2.33","88","1010.7","-","-"
"2021/07/30","22:00","1.17","228","1.56","86.9","1010.9","-","-"
"2021/07/30","23:00","1.17","274","1.36","87.3","1011","-","-"
"2021/07/31","00:00","5.44","131","5.83","84.6","1011.4","-","-"
"2021/07/31","01:00","1.36","90","2.53","83.3","1011.9","-","-"
"2021/07/31","02:00","3.69","211","5.44","80.8","1012.7","-","-"
"2021/07/31","03:00","6.41","223","7.78","78.6","1013.1","-","-"
"2021/07/31","04:00","0.19","233","1.75","78.6","1013.4","-","-"
"2021/07/31","05:00","5.05","259","6.41","76.8","1013.6","-","-"
"2021/07/31","06:00","5.83","169","7.19","77.4","1013.3","-","-"
"2021/07/31","07:00","7.39","108","8.36","77.7","1012.9","-","-"
"2021/07/31","08:00","2.33","300","3.69","77.7","1013","-","-"
"2021/07/31","09:00","7.58","349","8.94","77","1013.2","-","-"
"2021/07/31","10:00","7.97","359","9.72","76.1","1013.9","-","-"
"2021/07/31","11:00","18.08","62","20.41","78.4","1014.3","-","-"
"2021/07/31","12:00","15.36","55","17.11","76.8","1014.7","-","-"
"2021/07/31","13:00","13.22","56","15.55","75.7","1015.2","-","-"
"2021/07/31","14:00","12.83","66","14.77","75.9","1015.3","-","-"
"2021/07/31","15:00","11.86","71","14.38","76.3","1015.6","-","-"
"2021/07/31","16:00","9.91","58","12.44","76.8","1015.8","-","-"
"2021/07/31","17:00","11.08","89","12.83","76.8","1014.9","-","-"
"2021/07/31","18:00","9.14","85","12.05","77.7","1014.5","-","-"
"2021/07/31","19:00","7","68","9.72","78.3","1014.3","-","-"
"2021/07/31","20:00","8.75","88","9.72","78.3","1014.2","-","-"
"2021/07/31","21:00","8.36","100","10.69","78.4","1014","-","-"
"2021/07/31","22:00","8.55","86","9.72","78.1","1013.5","-","-"
"2021/07/31","23:00","7.97","113","9.52","77.5","1013.5","-","-"
"2021/08/01","00:00","7.58","110","8.75","76.5","1013.9","-","-"
"2021/08/01","01:00","6.61","117","9.72","76.1","1013.6","-","-"
"2021/08/01","02:00","4.08","155","5.64","75.4","1014","-","-"
"2021/08/01","03:00","3.89","138","6.22","75.6","1013.6","-","-"
"2021/08/01","04:00","3.3","145","4.28","75.9","1013.2","-","-"
"2021/08/01","05:00","5.83","124","7","76.6","1012.5","-","-"
"2021/08/01","06:00","5.05","121","6.8","76.6","1012.3","-","-"
"2021/08/01","07:00","4.86","118","6.61","77","1011.9","-","-"
"2021/08/01","08:00","4.28","141","6.41","76.8","1011.7","-","-"
"2021/08/01","09:00","7","121","9.33","76.6","1011.7","-","-"
"2021/08/01","10:00","7.78","113","9.33","76.8","1011.8","-","-"
"2021/08/01","11:00","13.41","84","14.77","76.6","1012","-","-"
"2021/08/01","12:00","8.55","93","10.3","75.2","1012","-","-"
"2021/08/01","13:00","9.14","107","10.69","75","1011.7","-","-"
"2021/08/01","14:00","12.44","93","14.97","77.4","1011.2","-","-"
"2021/08/01","15:00","9.72","136","13.22","75.4","1011.6","-","-"
"2021/08/01","16:00","10.3","128","14.19","73.6","1011.2","-","-"
"2021/08/01","17:00","8.16","145","13.41","75.7","1010.2","-","-"
"2021/08/01","18:00","2.33","196","3.3","75.9","1009.8","-","-"
"2021/08/01","19:00","1.17","227","1.94","77.9","1009.7","-","-"
"2021/08/01","20:00","2.33","355","3.11","79.2","1008.8","-","-"
"2021/08/01","21:00","4.47","83","5.05","79.2","1008.7","-","-"
"2021/08/01","22:00","1.75","37","2.92","79.2","1008.9","-","-"
"2021/08/01","23:00","4.67","84","5.44","79.2","1009.1","-","-"
"2021/08/02","00:00","5.25","86","5.83","78.6","1009.1","-","-"
"2021/08/02","01:00","1.36","171","3.11","77.5","1009.7","-","-"
"2021/08/02","02:00","3.3","198","4.67","76.5","1010.6","-","-"
"2021/08/02","03:00","4.28","289","4.67","76.3","1010.6","-","-"
"2021/08/02","04:00","3.11","278","4.86","76.5","1010.9","-","-"
"2021/08/02","05:00","4.47","276","4.86","75.2","1010.9","-","-"
"2021/08/02","06:00","6.22","280","7.39","75.4","1011","-","-"
"2021/08/02","07:00","9.52","1","16.52","75.7","1011.3","-","-"
"2021/08/02","08:00","9.52","328","12.05","73.9","1011.9","-","-"
"2021/08/02","09:00","8.55","326","10.5","72.5","1012.5","-","-"
"2021/08/02","10:00","9.52","337","12.44","71.2","1013.6","-","-"
"2021/08/02","11:00","8.55","337","10.69","71.1","1014.7","-","-"
"2021/08/02","12:00","7.58","352","9.72","70.9","1015.5","-","-"
"2021/08/02","13:00","6.22","340","8.75","71.6","1016","-","-"
"2021/08/02","14:00","9.91","5","12.63","73.2","1016.1","-","-"
"2021/08/02","15:00","9.33","8","11.86","74.7","1016.5","-","-"
"2021/08/02","16:00","9.14","326","10.89","75.9","1016.7","-","-"
"2021/08/02","17:00","4.86","340","10.69","77","1016.8","-","-"
"2021/08/02","18:00","4.47","9","8.36","78.1","1016.8","-","-"
"2021/08/02","19:00","4.08","329","5.64","78.6","1016.6","-","-"
"2021/08/02","20:00","2.92","4","5.83","80.1","1016.4","-","-"
"2021/08/02","21:00","6.61","36","7.97","80.4","1016.4","-","-"
"2021/08/02","22:00","4.28","47","5.83","80.1","1016.5","-","-"
"2021/08/02","23:00","10.11","66","12.63","78.3","1016.6","-","-"
"2021/08/03","00:00","9.52","53","11.86","77.7","1017.2","-","-"
"2021/08/03","01:00","8.36","54","9.52","77.5","1017.3","-","-"
"2021/08/03","02:00","6.41","64","9.33","78.3","1018.3","-","-"
"2021/08/03","03:00","3.69","154","5.25","76.1","1018.5","-","-"
"2021/08/03","04:00","7.19","105","8.75","77.7","1018.5","-","-"
"2021/08/03","05:00","7.78","82","10.69","78.1","1018.2","-","-"
"2021/08/03","06:00","9.52","67","11.66","77.7","1017.7","-","-"
"2021/08/03","07:00","7.19","45","8.75","77","1017.4","-","-"
"2021/08/03","08:00","5.44","126","8.55","75.7","1017.3","-","-"
"2021/08/03","09:00","10.3","93","11.47","75.7","1017.5","-","-"
"2021/08/03","10:00","10.11","78","12.25","75.9","1017.7","-","-"
"2021/08/03","11:00","11.86","71","15.75","75.9","1017.7","-","-"
"2021/08/03","12:00","12.44","76","14.58","75.9","1018","-","-"
"2021/08/03","13:00","13.02","68","16.13","75.9","1018.3","-","-"
"2021/08/03","14:00","14.58","62","16.72","75.9","1018.2","-","-"
"2021/08/03","15:00","13.22","81","16.13","75.7","1018.3","-","-"
"2021/08/03","16:00","12.63","65","15.36","75.6","1018","-","-"
"2021/08/03","17:00","11.86","70","14.38","75.6","1017.6","-","-"
"2021/08/03","18:00","11.47","80","14.38","75.6","1017.5","-","-"
"2021/08/03","19:00","10.69","62","13.22","75.2","1017.7","-","-"
"2021/08/03","20:00","11.08","78","12.83","74.8","1017.3","-","-"
"2021/08/03","21:00","13.02","87","14.19","74.8","1017.4","-","-"
"2021/08/03","22:00","10.69","86","12.44","74.7","1017.6","-","-"
"2021/08/03","23:00","11.66","71","14","74.7","1017.5","-","-"
"2021/08/04","00:00","12.63","86","15.94","75","1017.4","-","-"
"2021/08/04","01:00","14.97","88","16.52","74.7","1017.3","-","-"
"2021/08/04","02:00","12.63","104","14.97","74.7","1017.7","-","-"
"2021/08/04","03:00","7.78","112","11.08","74.1","1017.9","-","-"
"2021/08/04","04:00","14.58","104","16.13","73.9","1017","-","-"
"2021/08/04","05:00","9.14","103","11.86","73.4","1017","-","-"
"2021/08/04","06:00","8.55","113","11.27","72.1","1017.1","-","-"
"2021/08/04","07:00","11.86","72","13.8","72","1016.7","-","-"
"2021/08/04","08:00","12.63","51","15.16","70.5","1016.1","-","-"
"2021/08/04","09:00","14","49","16.91","70.2","1015.9","-","-"
"2021/08/04","10:00","10.89","45","16.13","69.8","1016.2","-","-"
"2021/08/04","11:00","11.08","38","13.61","69.6","1016.5","-","-"
"2021/08/04","12:00","9.52","32","11.86","69.3","1016.4","-","-"
"2021/08/04","13:00","16.91","48","20.99","70.2","1016.6","-","-"
"2021/08/04","14:00","11.66","28","14.38","69.8","1016.8","-","-"
"2021/08/04","15:00","14.38","46","18.08","70.5","1017.2","-","-"
"2021/08/04","16:00","12.44","31","16.13","71.2","1017","-","-"
"2021/08/04","17:00","11.08","29","16.13","70.5","1017","-","-"
"2021/08/04","18:00","14.19","26","18.66","71.4","1017.1","-","-"
"2021/08/04","19:00","12.05","28","16.33","72","1017","-","-"
"2021/08/04","20:00","10.69","5","14","69.8","1017.1","-","-"
"2021/08/04","21:00","12.44","5","15.36","70.2","1017.1","-","-"
"2021/08/04","22:00","10.69","347","13.02","69.8","1017.2","-","-"
"2021/08/04","23:00","11.08","3","13.61","69.3","1017.3","-","-"
"2021/08/05","00:00","12.63","6","16.13","70","1017.7","-","-"
"2021/08/05","01:00","10.3","24","13.61","70.2","1017.8","-","-"
"2021/08/05","02:00","8.36","359","9.91","70.2","1018","-","-"
"2021/08/05","03:00","10.11","43","12.63","72","1017.8","-","-"
"2021/08/05","04:00","10.69","41","12.83","71.8","1017.8","-","-"
"2021/08/05","05:00","7.39","23","9.52","71.6","1017.9","-","-"
"2021/08/05","06:00","8.55","3","10.3","70.3","1017.3","-","-"
"2021/08/05","07:00","10.3","350","11.47","68.5","1016.9","-","-"
"2021/08/05","08:00","7.97","345","9.14","68.5","1017.4","-","-"
"2021/08/05","09:00","8.75","345","10.3","68.7","1017.9","-","-"
"2021/08/05","10:00","8.94","351","11.08","68.2","1018.2","-","-"
"2021/08/05","11:00","7.78","346","10.89","68.4","1018.9","-","-"
"2021/08/05","12:00","4.86","11","7.58","69.3","1019.3","-","-"
"2021/08/05","13:00","6.61","347","8.94","71.4","1019.9","-","-"
"2021/08/05","14:00","8.36","0","10.3","72.9","1020.1","-","-"
"2021/08/05","15:00","8.55","18","10.11","74.1","1020.7","-","-"
"2021/08/05","16:00","4.47","8","6.8","75.9","1020.9","-","-"
"2021/08/05","17:00","2.72","65","3.89","77.4","1020.6","-","-"
"2021/08/05","18:00","5.83","96","7.39","77","1020.2","-","-"
"2021/08/05","19:00","8.16","82","9.14","76.8","1020","-","-"
"2021/08/05","20:00","8.16","85","10.11","76.8","1019.8","-","-"
"2021/08/05","21:00","8.16","80","9.33","77.4","1019.8","-","-"
"2021/08/05","22:00","5.83","75","6.61","77.7","1019.7","-","-"
"2021/08/05","23:00","6.03","121","7.39","78.4","1019.8","-","-"
"2021/08/06","00:00","4.67","149","6.03","77","1020.1","-","-"
"2021/08/06","01:00","2.14","168","3.11","74.5","1020.4","-","-"
"2021/08/06","02:00","2.33","171","3.3","73.8","1021","-","-"
"2021/08/06","03:00","4.67","171","5.83","73.6","1021","-","-"
"2021/08/06","04:00","5.05","175","6.61","72.7","1021","-","-"
"2021/08/06","05:00","2.92","184","3.89","70.9","1021.3","-","-"
"2021/08/06","06:00","3.89","208","5.44","70.7","1021.1","-","-"
"2021/08/06","07:00","1.36","208","2.33","69.4","1021.1","-","-"
"2021/08/06","08:00","1.36","211","1.94","68.9","1021.1","-","-"
"2021/08/06","09:00","2.53","275","3.11","69.6","1021","-","-"
"2021/08/06","10:00","2.92","287","3.5","69.8","1021.1","-","-"
"2021/08/06","11:00","1.94","293","2.53","70.9","1021.6","-","-"
"2021/08/06","12:00","3.69","311","4.47","73","1022.1","-","-"
"2021/08/06","13:00","4.67","325","5.25","74.3","1022.3","-","-"
"2021/08/06","14:00","2.72","322","3.89","75.4","1022.4","-","-"
"2021/08/06","15:00","2.33","78","3.69","77.4","1022.6","-","-"
"2021/08/06","16:00","6.03","91","7.39","77.9","1022.4","-","-"
"2021/08/06","17:00","6.03","80","7","78.1","1022","-","-"
"2021/08/06","18:00","4.47","65","6.41","79","1021.7","-","-"
"2021/08/06","19:00","9.14","88","10.5","78.6","1021.2","-","-"
"2021/08/06","20:00","7.19","102","9.72","79.7","1020.8","-","-"
"2021/08/06","21:00","9.33","120","11.08","80.4","1020.6","-","-"
"2021/08/06","22:00","9.33","111","10.69","78.6","1020.6","-","-"
"2021/08/06","23:00","8.75","110","10.11","77.4","1020.3","-","-"
"2021/08/07","00:00","7.19","116","8.36","76.3","1020.2","-","-"
"2021/08/07","01:00","3.11","140","6.03","75.2","1020.2","-","-"
"2021/08/07","02:00","3.5","151","5.44","74.7","1020.4","-","-"
"2021/08/07","03:00","3.5","113","4.47","74.1","1019.8","-","-"
"2021/08/07","04:00","5.83","184","7.97","73.9","1019.8","-","-"
"2021/08/07","05:00","1.56","185","3.5","73","1019.9","-","-"
"2021/08/07","06:00","3.3","140","5.25","73.9","1019.1","-","-"
"2021/08/07","07:00","5.05","167","6.61","73.8","1018.4","-","-"
"2021/08/07","08:00","2.92","183","4.67","73.9","1018.4","-","-"
"2021/08/07","09:00","1.75","160","3.11","74.5","1018.4","-","-"
"2021/08/07","10:00","1.94","177","2.53","74.5","1018.4","-","-"
"2021/08/07","11:00","2.72","115","3.69","75","1018.3","-","-"
"2021/08/07","12:00","3.5","116","4.47","75.4","1018","-","-"
"2021/08/07","13:00","5.64","99","6.22","75.4","1017.9","-","-"
"2021/08/07","14:00","4.08","123","4.86","76.5","1017.6","-","-"
"2021/08/07","15:00","2.72","217","3.5","75.6","1017.6","-","-"
"2021/08/07","16:00","2.92","238","5.44","76.8","1017.1","-","-"
"2021/08/07","17:00","4.28","218","7","78.6","1016.7","-","-"
"2021/08/07","18:00","1.36","127","2.72","80.1","1016.3","-","-"
"2021/08/07","19:00","3.89","165","6.22","76.8","1015.9","-","-"
"2021/08/07","20:00","7.78","312","9.14","74.1","1015.3","-","-"
"2021/08/07","21:00","12.44","36","15.16","72.7","1015.1","-","-"
"2021/08/07","22:00","5.05","356","7.78","73","1015","-","-"
"2021/08/07","23:00","4.08","242","5.44","73.4","1014.6","-","-"
"2021/08/08","00:00","12.25","286","14","72.9","1015.1","-","-"
"2021/08/08","01:00","7.58","245","9.91","71.8","1015.6","-","-"
"2021/08/08","02:00","9.14","302","11.27","72.3","1015.5","-","-"
"2021/08/08","03:00","11.86","314","13.41","72.1","1016.1","-","-"
"2021/08/08","04:00","7.78","334","9.14","71.8","1016.5","-","-"
"2021/08/08","05:00","5.05","253","6.22","69.6","1016.3","-","-"
"2021/08/08","06:00","8.36","279","9.72","69.1","1016.1","-","-"
"2021/08/08","07:00","8.55","289","10.5","69.1","1016.2","-","-"
"2021/08/08","08:00","6.61","272","8.16","68.7","1016.4","-","-"
"2021/08/08","09:00","6.8","277","9.14","68.9","1015.9","-","-"
"2021/08/08","10:00","7.39","330","9.52","69.8","1016.1","-","-"
"2021/08/08","11:00","5.83","325","7.58","69.8","1016.7","-","-"
"2021/08/08","12:00","4.47","247","6.03","69.1","1017.4","-","-"
"2021/08/08","13:00","5.64","274","7","70.9","1017.6","-","-"
"2021/08/08","14:00","9.91","312","11.47","71.8","1017.8","-","-"
"2021/08/08","15:00","7.58","313","8.36","73.2","1018.3","-","-"
"2021/08/08","16:00","8.55","322","10.11","74.3","1018.2","-","-"
"2021/08/08","17:00","7.58","304","8.94","75.4","1018.3","-","-"
"2021/08/08","18:00","6.61","304","7.97","76.1","1018.4","-","-"
"2021/08/08","19:00","3.89","317","4.67","77.9","1018.2","-","-"
"2021/08/08","20:00","3.11","310","3.5","79.3","1018","-","-"
"2021/08/08","21:00","7.58","84","8.75","77.7","1018","-","-"
"2021/08/08","22:00","6.8","78","7.39","77.5","1018.1","-","-"
"2021/08/08","23:00","4.28","137","5.83","78.8","1018.2","-","-"
"2021/08/09","00:00","5.05","105","6.03","76.8","1018.3","-","-"
"2021/08/09","01:00","1.94","161","3.3","75.7","1018.4","-","-"
"2021/08/09","02:00","0","142","0.97","75.2","1018.9","-","-"
"2021/08/09","03:00","3.5","164","4.28","74.5","1018.8","-","-"
"2021/08/09","04:00","1.94","183","3.3","73.8","1019.4","-","-"
"2021/08/09","05:00","2.92","172","3.89","73.8","1019.5","-","-"
"2021/08/09","06:00","3.69","208","5.83","72.9","1019.4","-","-"
"2021/08/09","07:00","3.69","165","4.86","73.2","1019.2","-","-"
"2021/08/09","08:00","4.86","208","6.41","72.3","1019.3","-","-"
"2021/08/09","09:00","2.33","194","3.11","71.8","1019.7","-","-"
"2021/08/09","10:00","2.72","183","5.44","72.7","1019.9","-","-"
"2021/08/09","11:00","4.08","197","6.8","72.7","1020.5","-","-"
"2021/08/09","12:00","2.72","184","4.08","74.5","1020.8","-","-"
"2021/08/09","13:00","2.53","217","6.03","76.6","1021.2","-","-"
"2021/08/09","14:00","1.94","109","2.92","79.9","1021.3","-","-"
"2021/08/09","15:00","4.67","184","8.16","81.1","1021.5","-","-"
"2021/08/09","16:00","3.89","184","8.94","83.7","1021.4","-","-"
"2021/08/09","17:00","5.83","195","10.11","84.2","1021.1","-","-"
"2021/08/09","18:00","5.25","194","9.91","85.5","1020.5","-","-"
"2021/08/09","19:00","9.52","195","13.22","86.2","1019.7","-","-"
"2021/08/09","20:00","10.3","186","12.44","86.9","1019.5","-","-"
"2021/08/09","21:00","6.03","195","8.36","87.1","1019.1","-","-"
"2021/08/09","22:00","8.16","178","10.3","86.5","1019.1","-","-"
"2021/08/09","23:00","6.41","195","10.89","85.8","1019.1","-","-"
"2021/08/10","00:00","4.86","190","6.61","83.7","1019.8","-","-"
"2021/08/10","01:00","6.41","185","9.91","82.2","1020.4","-","-"
"2021/08/10","02:00","7","185","8.55","80.8","1020.9","-","-"
"2021/08/10","03:00","8.36","187","11.08","79.9","1020.6","-","-"
"2021/08/10","04:00","8.36","182","11.66","79","1021.2","-","-"
"2021/08/10","05:00","6.22","187","9.14","77.9","1021.1","-","-"
"2021/08/10","06:00","7","200","9.91","77","1021","-","-"
"2021/08/10","07:00","7","211","9.91","76.6","1020.7","-","-"
"2021/08/10","08:00","7.97","204","10.5","76.3","1020.6","-","-"
"2021/08/10","09:00","8.94","213","12.25","76.1","1020.9","-","-"
"2021/08/10","10:00","11.27","219","13.41","76.1","1021.3","-","-"
"2021/08/10","11:00","10.5","215","13.41","76.3","1021.5","-","-"
"2021/08/10","12:00","8.94","218","11.27","77.7","1021.6","-","-"
"2021/08/10","13:00","8.55","227","10.5","80.2","1021.3","-","-"
"2021/08/10","14:00","6.41","225","8.75","82","1021.4","-","-"
"2021/08/10","15:00","7.19","226","10.11","83.7","1021.7","-","-"
"2021/08/10","16:00","7","243","11.08","85.3","1021.5","-","-"
"2021/08/10","17:00","7.78","200","10.69","86.7","1020.9","-","-"
"2021/08/10","18:00","10.11","222","14.19","87.6","1020.1","-","-"
"2021/08/10","19:00","10.11","200","13.22","88.3","1019.3","-","-"
"2021/08/10","20:00","9.91","192","14.58","88.9","1018.7","-","-"
"2021/08/10","21:00","10.69","223","13.02","88.9","1018.7","-","-"
"2021/08/10","22:00","9.91","207","13.02","88.5","1018.2","-","-"
"2021/08/10","23:00","7","199","10.11","87.4","1018.1","-","-"
"2021/08/11","00:00","4.28","224","7.19","84.6","1018.6","-","-"
"2021/08/11","01:00","4.28","205","5.64","83.1","1018.6","-","-"
"2021/08/11","02:00","4.28","227","6.61","82","1018.9","-","-"
"2021/08/11","03:00","5.44","252","6.22","81","1019.4","-","-"
"2021/08/11","04:00","5.44","212","6.61","79.2","1019.4","-","-"
"2021/08/11","05:00","4.86","196","6.8","79.2","1019","-","-"
"2021/08/11","06:00","7.78","209","10.5","78.6","1018.9","-","-"
"2021/08/11","07:00","9.33","220","12.63","79.2","1018.5","-","-"
"2021/08/11","08:00","7.58","219","12.05","78.4","1018.4","-","-"
"2021/08/11","09:00","7.19","214","8.94","78.1","1018.3","-","-"
"2021/08/11","10:00","9.91","216","13.41","77.9","1018.3","-","-"
"2021/08/11","11:00","5.83","224","7.97","77.9","1018.7","-","-"
"2021/08/11","12:00","8.36","228","12.83","79","1019","-","-"
"2021/08/11","13:00","9.91","222","14.19","80.4","1018.8","-","-"
"2021/08/11","14:00","8.16","225","11.86","82.4","1018.8","-","-"
"2021/08/11","15:00","7.78","216","11.27","84.7","1018.5","-","-"
"2021/08/11","16:00","8.55","198","12.63","86.7","1018.4","-","-"
"2021/08/11","17:00","7","225","10.3","88","1018.3","-","-"
"2021/08/11","18:00","9.14","236","12.63","89.2","1018","-","-"
"2021/08/11","19:00","9.33","220","12.25","90.3","1017.4","-","-"
"2021/08/11","20:00","7.97","210","12.44","90.5","1016.3","-","-"
"2021/08/11","21:00","10.69","207","13.22","91","1015.8","-","-"
"2021/08/11","22:00","8.75","229","11.66","90.5","1016.4","-","-"
"2021/08/11","23:00","9.14","234","11.47","89.4","1016.4","-","-"
"2021/08/12","00:00","6.03","255","7.58","87.1","1017.2","-","-"
"2021/08/12","01:00","6.22","31","9.52","78.3","1018.1","-","-"
"2021/08/12","02:00","6.61","221","7.97","77","1018.1","-","-"
"2021/08/12","03:00","0","48","0.19","78.4","1018.6","-","-"
"2021/08/12","04:00","2.14","177","2.92","78.1","1018.2","-","-"
"2021/08/12","05:00","1.94","181","2.14","78.4","1017.9","-","-"
"2021/08/12","06:00","1.17","162","2.92","80.2","1017.6","-","-"
"2021/08/12","07:00","4.47","228","5.83","79","1017.1","-","-"
"2021/08/12","08:00","8.16","222","12.63","79.9","1016.9","-","-"
"2021/08/12","09:00","8.75","235","12.25","79.3","1017.1","-","-"
"2021/08/12","10:00","9.33","222","12.63","78.8","1017.6","-","-"
"2021/08/12","11:00","9.72","224","11.86","78.4","1018","-","-"
"2021/08/12","12:00","10.11","222","13.8","79.3","1018.5","-","-"
"2021/08/12","13:00","8.75","232","12.63","82","1018.7","-","-"
"2021/08/12","14:00","7.58","238","12.05","83.8","1018.7","-","-"
"2021/08/12","15:00","10.89","241","13.61","85.8","1019","-","-"
"2021/08/12","16:00","5.64","234","10.69","86.7","1019.3","-","-"
"2021/08/12","17:00","5.44","254","8.36","87.4","1018.8","-","-"
"2021/08/12","18:00","5.64","252","7.58","88.3","1018.3","-","-"
"2021/08/12","19:00","8.36","270","10.5","89.8","1017.8","-","-"
"2021/08/12","20:00","5.44","203","7.78","90.7","1017.2","-","-"
"2021/08/12","21:00","5.44","233","8.16","91.2","1016.7","-","-"
"2021/08/12","22:00","6.41","233","8.75","90.1","1016.6","-","-"
"2021/08/12","23:00","6.8","212","10.69","90","1016.3","-","-"
"2021/08/13","00:00","4.08","218","7","87.8","1016.3","-","-"
"2021/08/13","01:00","3.11","225","4.86","86.7","1016.5","-","-"
"2021/08/13","02:00","6.03","201","9.14","86.2","1016.8","-","-"
"2021/08/13","03:00","6.03","204","7.58","85.5","1017.4","-","-"
"2021/08/13","04:00","7.19","215","9.52","84.7","1017.8","-","-"
"2021/08/13","05:00","9.14","226","10.11","83.8","1018.4","-","-"
"2021/08/13","06:00","8.55","221","11.27","82.8","1018.2","-","-"
"2021/08/13","07:00","10.5","228","13.02","82","1018","-","-"
"2021/08/13","08:00","9.91","218","13.02","81.1","1017.6","-","-"
"2021/08/13","09:00","8.75","223","10.69","80.1","1017.2","-","-"
"2021/08/13","10:00","5.83","221","10.5","79.3","1017.5","-","-"
"2021/08/13","11:00","4.86","270","8.94","79.3","1018.1","-","-"
"2021/08/13","12:00","7.97","231","14.19","81.1","1017.8","-","-"
"2021/08/13","13:00","10.11","232","13.22","82.4","1018.4","-","-"
"2021/08/13","14:00","11.08","235","13.02","84.4","1019","-","-"
"2021/08/13","15:00","7","237","10.69","86.2","1019.1","-","-"
"2021/08/13","16:00","9.72","275","11.47","87.4","1019.1","-","-"
"2021/08/13","17:00","5.05","224","7.39","88.9","1019","-","-"
"2021/08/13","18:00","7","268","9.72","90.1","1018.6","-","-"
"2021/08/13","19:00","5.64","225","8.94","91.4","1017.7","-","-"
"2021/08/13","20:00","5.44","230","7.97","92.3","1016.9","-","-"
"2021/08/13","21:00","7","218","8.94","92.5","1016.5","-","-"
"2021/08/13","22:00","7.39","229","13.22","91.9","1017.2","-","-"
"2021/08/13","23:00","4.86","233","7.19","90","1017.2","-","-"
"2021/08/14","00:00","20.41","318","23.13","84.2","1018","-","-"
"2021/08/14","01:00","3.3","348","5.25","82.4","1018.4","-","-"
"2021/08/14","02:00","3.89","227","4.28","81.1","1019.2","-","-"
"2021/08/14","03:00","1.56","231","2.14","79.3","1018.8","-","-"
"2021/08/14","04:00","3.89","196","5.64","78.6","1019.1","-","-"
"2021/08/14","05:00","3.3","184","4.08","79.7","1018.6","-","-"
"2021/08/14","06:00","6.41","214","7.97","79.7","1018.3","-","-"
"2021/08/14","07:00","7.39","220","10.3","80.1","1018","-","-"
"2021/08/14","08:00","10.89","215","13.61","80.4","1018","-","-"
"2021/08/14","09:00","8.94","229","11.47","79.7","1018.1","-","-"
"2021/08/14","10:00","7.39","219","10.11","79.3","1018.2","-","-"
"2021/08/14","11:00","4.08","229","6.03","78.8","1018.9","-","-"
"2021/08/14","12:00","7.39","232","11.66","80.1","1019.1","-","-"
"2021/08/14","13:00","7.58","254","12.63","81.1","1019.3","-","-"
"2021/08/14","14:00","5.83","248","8.75","82.6","1019.4","-","-"
"2021/08/14","15:00","6.8","269","10.89","84.6","1019.6","-","-"
"2021/08/14","16:00","7","234","9.14","86.2","1019.4","-","-"
"2021/08/14","17:00","6.41","240","7.78","88.2","1019.1","-","-"
"2021/08/14","18:00","3.69","246","6.03","89.6","1018.5","-","-"
"2021/08/14","19:00","2.33","290","3.69","89.4","1017.9","-","-"
"2021/08/14","20:00","8.55","67","9.33","87.4","1017","-","-"
"2021/08/14","21:00","9.33","31","12.44","83.8","1017.7","-","-"
"2021/08/14","22:00","10.89","329","12.05","78.4","1018.2","-","-"
"2021/08/14","23:00","10.89","189","17.3","75.2","1017.4","-","-"
"2021/08/15","00:00","9.72","221","14.38","74.8","1019.5","-","-"
"2021/08/15","01:00","12.44","254","17.3","75.4","1020.4","-","-"
"2021/08/15","02:00","10.69","212","15.16","74.1","1020.5","-","-"
"2021/08/15","03:00","3.69","268","4.47","73.9","1020.1","-","-"
"2021/08/15","04:00","4.67","314","6.03","76.1","1017.7","-","-"
"2021/08/15","05:00","2.53","186","3.89","74.5","1020.1","-","-"
"2021/08/15","06:00","0.58","317","2.33","74.8","1019.5","-","-"
"2021/08/15","07:00","1.36","275","2.53","74.8","1019.8","-","-"
"2021/08/15","08:00","1.56","226","2.53","74.7","1019.8","-","-"
"2021/08/15","09:00","3.5","49","4.47","76.5","1019.6","-","-"
"2021/08/15","10:00","2.92","268","3.69","75","1020","-","-"
"2021/08/15","11:00","2.92","278","3.5","75","1020.4","-","-"
"2021/08/15","12:00","0.58","223","1.17","77","1020.5","-","-"
"2021/08/15","13:00","1.94","337","2.72","78.4","1021.1","-","-"
"2021/08/15","14:00","2.72","18","4.47","80.1","1021.2","-","-"
"2021/08/15","15:00","2.72","88","3.5","81.1","1021.4","-","-"
"2021/08/15","16:00","6.41","88","8.75","80.1","1021.3","-","-"
"2021/08/15","17:00","8.16","84","9.33","79.9","1021","-","-"
"2021/08/15","18:00","6.8","93","7.39","81.5","1020.6","-","-"
"2021/08/15","19:00","7.78","85","8.94","81.7","1019.9","-","-"
"2021/08/15","20:00","8.55","98","9.91","82","1019.8","-","-"
"2021/08/15","21:00","8.16","106","10.3","81.3","1019.5","-","-"
"2021/08/15","22:00","4.28","104","6.41","80.2","1019.7","-","-"
"2021/08/15","23:00","5.25","219","5.83","76.1","1020.2","-","-"
"2021/08/16","00:00","4.86","242","7.97","75.9","1020.6","-","-"
"2021/08/16","01:00","3.89","295","5.64","75.9","1020.6","-","-"
"2021/08/16","02:00","1.94","26","3.69","75.6","1020.6","-","-"
"2021/08/16","03:00","6.61","39","8.94","76.6","1020.4","-","-"
"2021/08/16","04:00","12.44","100","14","78.3","1020.4","-","-"
"2021/08/16","05:00","6.61","120","9.33","77.9","1020.9","-","-"
"2021/08/16","06:00","2.72","172","3.69","77.5","1020.5","-","-"
"2021/08/16","07:00","6.61","122","7.78","77.9","1019.9","-","-"
"2021/08/16","08:00","3.11","157","5.44","77.5","1019.6","-","-"
"2021/08/16","09:00","1.94","186","2.92","77.2","1019.8","-","-"
"2021/08/16","10:00","2.92","147","3.69","77.9","1019.9","-","-"
"2021/08/16","11:00","3.5","143","4.28","78.1","1020.3","-","-"
"2021/08/16","12:00","3.3","121","4.47","78.4","1020.3","-","-"
"2021/08/16","13:00","6.8","105","8.55","79.5","1020.4","-","-"
"2021/08/16","14:00","6.22","120","7.78","79.2","1020.9","-","-"
"2021/08/16","15:00","6.22","109","7.97","79.2","1021.1","-","-"
"2021/08/16","16:00","7","101","8.75","79.9","1020.8","-","-"
"2021/08/16","17:00","10.3","90","11.08","80.2","1020.4","-","-"
"2021/08/16","18:00","5.64","93","7.78","79.2","1020","-","-"
"2021/08/16","19:00","7","149","8.16","79","1020.1","-","-"
"2021/08/16","20:00","5.44","145","7.39","75.7","1019.1","-","-"
"2021/08/16","21:00","7.78","120","9.14","79.3","1018.9","-","-"
"2021/08/16","22:00","9.72","127","11.27","79.7","1019.2","-","-"
"2021/08/16","23:00","9.72","126","11.66","79.3","1019.2","-","-"
"2021/08/17","00:00","6.8","127","9.91","79.2","1019.6","-","-"
"2021/08/17","01:00","6.8","129","8.75","79","1019.6","-","-"
"2021/08/17","02:00","5.83","124","7","79","1019.8","-","-"
"2021/08/17","03:00","5.83","133","7.78","79","1019.9","-","-"
"2021/08/17","04:00","7.19","124","8.94","78.8","1020.1","-","-"
"2021/08/17","05:00","6.22","122","7.97","79","1020","-","-"
"2021/08/17","06:00","5.64","145","7.58","79","1019.6","-","-"
"2021/08/17","07:00","4.28","159","6.41","78.6","1019.5","-","-"
"2021/08/17","08:00","3.89","174","5.64","78.1","1019.4","-","-"
"2021/08/17","09:00","4.28","174","4.86","77.7","1019.8","-","-"
"2021/08/17","10:00","5.64","179","6.8","77.4","1019.9","-","-"
"2021/08/17","11:00","3.3","196","4.67","77.4","1020.5","-","-"
"2021/08/17","12:00","1.17","267","2.92","78.3","1020.9","-","-"
"2021/08/17","13:00","1.94","227","4.86","79.5","1020.9","-","-"
"2021/08/17","14:00","2.33","13","3.11","81.5","1021","-","-"
"2021/08/17","15:00","2.33","22","2.92","82.8","1021.4","-","-"
"2021/08/17","16:00","6.61","64","7.19","81.9","1021","-","-"
"2021/08/17","17:00","10.5","77","11.27","81.7","1020.8","-","-"
"2021/08/17","18:00","9.33","88","10.89","82.8","1020.3","-","-"
"2021/08/17","19:00","11.27","104","12.63","83.8","1020.1","-","-"
"2021/08/17","20:00","6.22","80","7.19","81.7","1019.7","-","-"
"2021/08/17","21:00","9.52","116","12.05","82.4","1019.3","-","-"
"2021/08/17","22:00","10.3","113","12.44","82.4","1019.1","-","-"
"2021/08/17","23:00","10.5","122","13.22","82","1019","-","-"
"2021/08/18","00:00","7.97","146","10.5","81.7","1019","-","-"
"2021/08/18","01:00","7","151","9.52","81.1","1019.6","-","-"
"2021/08/18","02:00","5.25","143","7","80.8","1020.1","-","-"
"2021/08/18","03:00","4.86","151","6.22","80.4","1020.3","-","-"
"2021/08/18","04:00","4.67","151","6.41","80.2","1020.4","-","-"
"2021/08/18","05:00","4.86","157","6.22","80.1","1020.7","-","-"
"2021/08/18","06:00","5.44","151","6.41","79.7","1020.2","-","-"
"2021/08/18","07:00","4.67","164","5.83","79.3","1020.2","-","-"
"2021/08/18","08:00","4.86","160","5.64","79.3","1020.2","-","-"
"2021/08/18","09:00","5.44","160","6.61","79.5","1020.1","-","-"
"2021/08/18","10:00","6.8","173","9.33","79.9","1020.5","-","-"
"2021/08/18","11:00","7.58","156","8.36","79.7","1020.3","-","-"
"2021/08/18","12:00","7.39","174","11.66","81.3","1020.4","-","-"
"2021/08/18","13:00","10.11","184","14.97","82.8","1020.4","-","-"
"2021/08/18","14:00","9.33","185","15.16","83.3","1020.8","-","-"
"2021/08/18","15:00","13.22","181","16.91","84.7","1020.5","-","-"
"2021/08/18","16:00","7.58","186","13.41","85.1","1020","-","-"
"2021/08/18","17:00","10.11","177","16.13","86.7","1019.2","-","-"
"2021/08/18","18:00","12.83","171","16.33","87.6","1018.7","-","-"
"2021/08/18","19:00","13.8","197","20.99","88.2","1018.2","-","-"
"2021/08/18","20:00","7.58","191","10.3","85.6","1018.1","-","-"
"2021/08/18","21:00","6.22","188","8.55","85.3","1017.9","-","-"
"2021/08/18","22:00","9.52","178","15.36","84.4","1017.6","-","-"
"2021/08/18","23:00","7","200","10.3","84.4","1017.2","-","-"
"2021/08/19","00:00","6.61","202","11.66","82.9","1017.8","-","-"
"2021/08/19","01:00","9.14","189","12.25","81.7","1018.3","-","-"
"2021/08/19","02:00","9.14","195","11.47","81","1018.7","-","-"
"2021/08/19","03:00","7","207","11.08","80.6","1018.8","-","-"
"2021/08/19","04:00","9.14","205","11.47","80.4","1018.2","-","-"
"2021/08/19","05:00","8.94","210","13.8","80.2","1018","-","-"
"2021/08/19","06:00","7.97","215","11.08","80.1","1017.7","-","-"
"2021/08/19","07:00","8.36","219","13.22","79.7","1017.4","-","-"
"2021/08/19","08:00","8.55","223","9.72","79.7","1017.2","-","-"
"2021/08/19","09:00","7.97","212","8.94","79.2","1017.1","-","-"
"2021/08/19","10:00","7.19","216","10.11","78.8","1017.1","-","-"
"2021/08/19","11:00","8.94","228","10.89","78.8","1017.5","-","-"
"2021/08/19","12:00","8.75","235","11.27","79.3","1017.4","-","-"
"2021/08/19","13:00","7.58","248","9.14","80.2","1017.4","-","-"
"2021/08/19","14:00","4.28","269","7","82.6","1017.3","-","-"
"2021/08/19","15:00","3.89","271","8.16","84.4","1017","-","-"
"2021/08/19","16:00","7.19","267","9.33","85.6","1016.6","-","-"
"2021/08/19","17:00","6.8","301","8.36","86.5","1016.2","-","-"
"2021/08/19","18:00","6.8","276","8.55","88.2","1015.8","-","-"
"2021/08/19","19:00","6.03","258","7.78","89.4","1015.2","-","-"
"2021/08/19","20:00","6.03","274","7.97","89.2","1014.6","-","-"
"2021/08/19","21:00","0.78","249","1.36","93.2","1013.9","-","-"
"2021/08/19","22:00","6.8","106","7.78","86.9","1013.9","-","-"
"2021/08/19","23:00","5.05","123","6.22","86.9","1013.9","-","-"
"2021/08/20","00:00","3.5","143","4.67","85.5","1013.8","-","-"
"2021/08/20","01:00","2.33","180","2.92","83.8","1014.2","-","-"
"2021/08/20","02:00","2.53","204","3.69","82.6","1014.3","-","-"
"2021/08/20","03:00","8.94","302","11.86","82.6","1014.3","-","-"
"2021/08/20","04:00","6.8","320","8.16","80.8","1013.8","-","-"
"2021/08/20","05:00","3.89","334","4.86","79.5","1013.9","-","-"
"2021/08/20","06:00","1.36","59","1.56","79.9","1013.1","-","-"
"2021/08/20","07:00","2.92","179","3.69","79.2","1012.3","-","-"
"2021/08/20","08:00","8.75","223","11.08","79.3","1012.2","-","-"
"2021/08/20","09:00","15.16","319","19.24","76.6","1012.2","-","-"
"2021/08/20","10:00","4.47","340","6.22","75.9","1011.9","-","-"
"2021/08/20","11:00","6.8","335","8.94","74.8","1012.3","-","-"
"2021/08/20","12:00","2.14","6","3.5","75","1012.5","-","-"
"2021/08/20","13:00","3.11","302","4.08","75.6","1012.5","-","-"
"2021/08/20","14:00","4.67","189","5.64","76.3","1012.9","-","-"
"2021/08/20","15:00","2.14","307","2.92","79","1012.9","-","-"
"2021/08/20","16:00","7.58","297","8.75","79","1012.8","-","-"
"2021/08/20","17:00","8.75","312","10.5","78.1","1012.6","-","-"
"2021/08/20","18:00","5.25","308","7","79.5","1012.6","-","-"
"2021/08/20","19:00","5.64","359","6.8","80.2","1012.1","-","-"
"2021/08/20","20:00","3.11","315","5.64","81.5","1011.3","-","-"
"2021/08/20","21:00","3.89","108","5.64","83.1","1011","-","-"
"2021/08/20","22:00","5.25","85","6.8","81.1","1010.6","-","-"
"2021/08/20","23:00","2.72","44","6.8","80.1","1011","-","-"
"2021/08/21","00:00","5.44","213","6.41","78.1","1011.2","-","-"
"2021/08/21","01:00","3.5","261","4.28","75.9","1012","-","-"
"2021/08/21","02:00","4.08","216","5.83","73.8","1012.2","-","-"
"2021/08/21","03:00","11.27","274","12.83","73.8","1011.9","-","-"
"2021/08/21","04:00","7.97","330","8.94","76.3","1011.6","-","-"
"2021/08/21","05:00","5.44","338","6.41","76.5","1011.9","-","-"
"2021/08/21","06:00","3.11","225","3.69","75.6","1011.7","-","-"
"2021/08/21","07:00","4.47","301","6.03","74.5","1011.2","-","-"
"2021/08/21","08:00","6.41","350","7.39","75.9","1010.9","-","-"
"2021/08/21","09:00","4.47","3","6.22","76.5","1011.3","-","-"
"2021/08/21","10:00","4.86","337","6.8","76.3","1010.8","-","-"
"2021/08/21","11:00","4.67","337","5.44","76.5","1011.3","-","-"
"2021/08/21","12:00","8.75","2","10.11","76.3","1011.5","-","-"
"2021/08/21","13:00","5.64","359","7.58","77.7","1010.8","-","-"
"2021/08/21","14:00","7.78","336","10.5","78.6","1011.1","-","-"
"2021/08/21","15:00","8.94","39","13.02","78.6","1010.9","-","-"
"2021/08/21","16:00","7.78","8","9.72","79","1011","-","-"
"2021/08/21","17:00","7.19","9","10.11","79.2","1011.2","-","-"
"2021/08/21","18:00","6.41","4","9.14","80.6","1011","-","-"
"2021/08/21","19:00","2.14","3","3.11","81.1","1010.9","-","-"
"2021/08/21","20:00","5.05","54","6.22","79.5","1010.4","-","-"
"2021/08/21","21:00","1.75","133","2.72","82.4","1010.1","-","-"
"2021/08/21","22:00","2.33","119","3.5","82.9","1009.9","-","-"
"2021/08/21","23:00","3.5","108","4.47","81.7","1010","-","-"
"2021/08/22","00:00","5.05","127","7","80.2","1010.6","-","-"
"2021/08/22","01:00","3.89","157","5.64","78.8","1011.1","-","-"
"2021/08/22","02:00","4.08","172","5.05","78.4","1011.5","-","-"
"2021/08/22","03:00","5.05","213","5.83","77.2","1011.6","-","-"
"2021/08/22","04:00","0.78","2","2.92","77.5","1011.8","-","-"
"2021/08/22","05:00","3.69","159","5.25","76.8","1012.4","-","-"
"2021/08/22","06:00","5.64","218","7.78","75.9","1011.8","-","-"
"2021/08/22","07:00","7.78","234","9.52","76.3","1011","-","-"
"2021/08/22","08:00","2.72","214","3.89","75.2","1011","-","-"
"2021/08/22","09:00","3.5","239","4.47","74.8","1011.2","-","-"
"2021/08/22","10:00","4.28","273","5.44","74.8","1011.7","-","-"
"2021/08/22","11:00","3.11","243","4.86","75.6","1012.3","-","-"
"2021/08/22","12:00","2.92","280","6.03","77.2","1012.6","-","-"
"2021/08/22","13:00","3.89","262","5.05","80.1","1012.6","-","-"
"2021/08/22","14:00","4.67","271","6.41","81.3","1012.4","-","-"
"2021/08/22","15:00","3.69","246","5.25","83.5","1012.1","-","-"
"2021/08/22","16:00","4.28","290","6.61","84.6","1011.7","-","-"
"2021/08/22","17:00","6.03","224","7.97","86.2","1011.7","-","-"
"2021/08/22","18:00","4.47","206","5.83","85.8","1011.2","-","-"
"2021/08/22","19:00","6.41","290","8.16","82.9","1011.7","-","-"
"2021/08/22","20:00","7.58","8","8.75","75","1011.6","-","-"
"2021/08/22","21:00","6.41","37","8.36","73.2","1012","-","-"
"2021/08/22","22:00","5.44","201","7","74.1","1012","-","-"
"2021/08/22","23:00","7.78","225","10.5","74.7","1012","-","-"
"2021/08/23","00:00","5.83","151","7","74.7","1011.2","-","-"
"2021/08/23","01:00","1.94","347","2.92","75.9","1011.5","-","-"
"2021/08/23","02:00","3.69","9","4.67","76.1","1011.3","-","-"
"2021/08/23","03:00","3.69","216","4.86","73.4","1011.6","-","-"
"2021/08/23","04:00","4.08","211","4.47","73.6","1012.2","-","-"
"2021/08/23","05:00","2.14","225","3.89","73.6","1012.1","-","-"
"2021/08/23","06:00","4.28","219","5.25","73.2","1012.1","-","-"
"2021/08/23","07:00","3.11","250","4.08","73.9","1011.7","-","-"
"2021/08/23","08:00","1.17","224","2.53","74.3","1011.5","-","-"
"2021/08/23","09:00","5.44","225","7","73.8","1011.2","-","-"
"2021/08/23","10:00","8.55","224","11.08","72.5","1011.2","-","-"
"2021/08/23","11:00","6.03","222","7.58","72.7","1011.7","-","-"
"2021/08/23","12:00","3.3","258","4.67","73.8","1012.2","-","-"
"2021/08/23","13:00","5.44","277","7.58","75.4","1012.6","-","-"
"2021/08/23","14:00","1.56","341","2.14","77.7","1012.5","-","-"
"2021/08/23","15:00","1.94","74","2.33","80.1","1012.6","-","-"
"2021/08/23","16:00","2.33","223","4.86","85.6","1012.1","-","-"
"2021/08/23","17:00","6.8","272","8.75","85.3","1012","-","-"
"2021/08/23","18:00","7.78","262","10.69","86.5","1011.9","-","-"
"2021/08/23","19:00","8.55","272","12.83","87.1","1011.6","-","-"
"2021/08/23","20:00","8.55","255","10.89","87.6","1011.3","-","-"
"2021/08/23","21:00","7.19","252","10.89","87.6","1011.5","-","-"
"2021/08/23","22:00","5.83","248","7.19","87.8","1011.5","-","-"
"2021/08/23","23:00","3.5","234","4.67","86.9","1011.5","-","-"
"2021/08/24","00:00","6.03","212","6.41","83.1","1012","-","-"
"2021/08/24","01:00","5.64","208","6.61","82.2","1012.8","-","-"
"2021/08/24","02:00","7","214","7.58","81.1","1012.9","-","-"
"2021/08/24","03:00","7.97","226","9.91","81.1","1012.8","-","-"
"2021/08/24","04:00","8.75","227","11.08","80.2","1013.2","-","-"
"2021/08/24","05:00","9.14","232","11.27","79.9","1013.4","-","-"
"2021/08/24","06:00","9.72","236","11.08","79.5","1013.2","-","-"
"2021/08/24","07:00","6.41","230","8.94","79.3","1013.2","-","-"
"2021/08/24","08:00","4.67","241","5.64","78.6","1013.3","-","-"
"2021/08/24","09:00","3.3","247","4.08","77.9","1013.4","-","-"
"2021/08/24","10:00","5.64","243","7.58","77.7","1013.9","-","-"
"2021/08/24","11:00","4.47","242","5.83","77.9","1014.4","-","-"
"2021/08/24","12:00","5.05","272","6.61","79.5","1015","-","-"
"2021/08/24","13:00","5.25","295","6.03","80.6","1015.5","-","-"
"2021/08/24","14:00","5.25","320","7.39","82.4","1016","-","-"
"2021/08/24","15:00","5.25","359","7.78","85.5","1016.3","-","-"
"2021/08/24","16:00","2.72","292","4.08","86.4","1016.2","-","-"
"2021/08/24","17:00","4.67","308","5.25","86.7","1016.2","-","-"
"2021/08/24","18:00","5.44","322","6.61","87.4","1016","-","-"
"2021/08/24","19:00","5.83","341","7","87.8","1015.6","-","-"
"2021/08/24","20:00","6.22","81","7.39","85.8","1015.3","-","-"
"2021/08/24","21:00","5.25","71","5.83","86","1015.1","-","-"
"2021/08/24","22:00","6.61","76","7.39","85.1","1015.1","-","-"
"2021/08/24","23:00","5.83","100","6.61","85.1","1015.4","-","-"
"2021/08/25","00:00","3.69","135","5.44","84.6","1015.7","-","-"
"2021/08/25","01:00","2.14","156","3.11","83.1","1016.3","-","-"
"2021/08/25","02:00","1.56","144","2.53","82","1016.8","-","-"
"2021/08/25","03:00","0.58","137","1.17","81.7","1016.9","-","-"
"2021/08/25","04:00","1.17","179","1.94","80.8","1017.4","-","-"
"2021/08/25","05:00","3.5","193","4.28","80.1","1017.5","-","-"
"2021/08/25","06:00","5.64","217","6.8","79.2","1017.4","-","-"
"2021/08/25","07:00","1.56","260","2.33","78.8","1017.5","-","-"
"2021/08/25","08:00","1.56","250","3.3","77.7","1017.8","-","-"
"2021/08/25","09:00","0.78","252","1.36","77.5","1018","-","-"
"2021/08/25","10:00","2.14","235","2.72","76.5","1018.3","-","-"
"2021/08/25","11:00","1.56","261","2.53","77.4","1018.9","-","-"
"2021/08/25","12:00","2.14","232","2.72","78.6","1019.4","-","-"
"2021/08/25","13:00","0","4","0.39","82.9","1019.5","-","-"
"2021/08/25","14:00","2.33","77","3.3","82","1019.6","-","-"
"2021/08/25","15:00","5.44","57","6.03","82.6","1020","-","-"
"2021/08/25","16:00","8.36","83","8.75","82.4","1019.8","-","-"
"2021/08/25","17:00","8.16","92","9.72","83.3","1019.9","-","-"
"2021/08/25","18:00","8.75","89","9.72","84.4","1019.5","-","-"
"2021/08/25","19:00","7.39","75","8.36","84.7","1018.8","-","-"
"2021/08/25","20:00","9.14","91","10.11","84.7","1018.2","-","-"
"2021/08/25","21:00","7","108","9.33","85.8","1018.2","-","-"
"2021/08/25","22:00","9.91","123","12.25","85.6","1018","-","-"
"2021/08/25","23:00","7.58","122","9.72","85.3","1018","-","-"
"2021/08/26","00:00","5.44","141","7","83.7","1018.6","-","-"
"2021/08/26","01:00","3.11","153","4.86","82.6","1019.1","-","-"
"2021/08/26","02:00","2.33","139","3.11","82","1019.2","-","-"
"2021/08/26","03:00","2.53","182","3.89","81.1","1019.6","-","-"
"2021/08/26","04:00","3.89","175","5.25","80.6","1019.5","-","-"
"2021/08/26","05:00","1.36","219","1.94","79.5","1019.5","-","-"
"2021/08/26","06:00","1.94","174","2.72","78.6","1019.4","-","-"
"2021/08/26","07:00","6.41","210","7.39","79","1019.2","-","-"
"2021/08/26","08:00","6.8","221","9.72","78.8","1019.2","-","-"
"2021/08/26","09:00","2.53","221","4.67","78.6","1019.3","-","-"
"2021/08/26","10:00","1.94","296","2.92","79","1019.5","-","-"
"2021/08/26","11:00","0.97","207","2.14","78.4","1020.1","-","-"
"2021/08/26","12:00","1.56","291","2.14","79.5","1020.4","-","-"
"2021/08/26","13:00","2.72","73","3.11","81.1","1020.6","-","-"
"2021/08/26","14:00","1.75","73","1.94","83.8","1020.7","-","-"
"2021/08/26","15:00","3.5","50","4.67","84.9","1020.7","-","-"
"2021/08/26","16:00","4.47","62","5.05","86.2","1020.7","-","-"
"2021/08/26","17:00","4.86","74","5.83","86.9","1020.4","-","-"
"2021/08/26","18:00","6.8","99","7.58","86.9","1019.9","-","-"
"2021/08/26","19:00","6.61","143","9.91","88.9","1019","-","-"
"2021/08/26","20:00","5.44","101","8.36","88.9","1018.8","-","-"
"2021/08/26","21:00","8.16","106","9.52","87.6","1018.4","-","-"
"2021/08/26","22:00","7.39","105","8.36","88","1018.2","-","-"
"2021/08/26","23:00","5.83","151","7.39","87.4","1018","-","-"
"2021/08/27","00:00","2.33","199","2.92","86","1018.3","-","-"
"2021/08/27","01:00","3.89","228","4.47","83.7","1018.8","-","-"
"2021/08/27","02:00","4.08","226","4.86","83.3","1019.3","-","-"
"2021/08/27","03:00","6.22","222","7.19","82","1019.5","-","-"
"2021/08/27","04:00","6.8","222","7.78","82.2","1019.6","-","-"
"2021/08/27","05:00","5.83","213","7.39","81","1019.5","-","-"
"2021/08/27","06:00","7.78","229","9.91","81","1019.3","-","-"
"2021/08/27","07:00","9.52","229","12.05","81","1019.1","-","-"
"2021/08/27","08:00","10.3","235","13.41","80.2","1018.8","-","-"
"2021/08/27","09:00","6.61","233","8.75","79.5","1018.7","-","-"
"2021/08/27","10:00","5.64","244","7.19","78.8","1019","-","-"
"2021/08/27","11:00","7.97","230","10.11","78.4","1019","-","-"
"2021/08/27","12:00","9.52","231","14.58","79.5","1019.1","-","-"
"2021/08/27","13:00","8.36","225","10.89","81.1","1019.4","-","-"
"2021/08/27","14:00","8.55","231","12.83","82.4","1019.3","-","-"
"2021/08/27","15:00","7.97","222","9.14","84.6","1019.8","-","-"
"2021/08/27","16:00","6.03","270","8.16","86.5","1019.7","-","-"
"2021/08/27","17:00","6.41","243","9.33","88.2","1019.6","-","-"
"2021/08/27","18:00","8.55","254","11.08","89.1","1019.2","-","-"
"2021/08/27","19:00","7.39","239","9.52","89.4","1018.8","-","-"
"2021/08/27","20:00","7.78","223","11.08","90","1018","-","-"
"2021/08/27","21:00","7.19","230","10.11","90.1","1017.9","-","-"
"2021/08/27","22:00","7.19","226","9.14","89.6","1017.6","-","-"
"2021/08/27","23:00","5.44","201","8.36","88.3","1017.7","-","-"
"2021/08/28","00:00","3.89","224","4.86","85.3","1018.5","-","-"
"2021/08/28","01:00","4.08","217","5.64","84","1019.3","-","-"
"2021/08/28","02:00","5.83","214","7.97","83.7","1019.5","-","-"
"2021/08/28","03:00","7.97","220","11.47","82.9","1019.5","-","-"
"2021/08/28","04:00","7.78","229","9.72","82.4","1019.9","-","-"
"2021/08/28","05:00","7.39","231","10.69","82.2","1020","-","-"
"2021/08/28","06:00","5.25","234","6.8","81.1","1019.8","-","-"
"2021/08/28","07:00","9.33","229","11.08","80.8","1019.4","-","-"
"2021/08/28","08:00","3.11","288","4.28","80.1","1019.4","-","-"
"2021/08/28","09:00","1.94","260","5.25","79","1019.2","-","-"
"2021/08/28","10:00","4.47","284","6.8","78.1","1019.3","-","-"
"2021/08/28","11:00","4.47","256","6.22","77.5","1020.1","-","-"
"2021/08/28","12:00","7.39","234","9.52","78.4","1020.1","-","-"
"2021/08/28","13:00","6.03","246","7.97","80.4","1020.3","-","-"
"2021/08/28","14:00","6.41","317","7.97","81.7","1020.9","-","-"
"2021/08/28","15:00","7.58","307","9.14","81.9","1021.1","-","-"
"2021/08/28","16:00","4.08","302","4.86","84.2","1021.1","-","-"
"2021/08/28","17:00","3.11","288","3.5","86.4","1020.8","-","-"
"2021/08/28","18:00","7.39","92","8.55","85.5","1020.5","-","-"
"2021/08/28","19:00","9.14","79","9.72","84.7","1020.3","-","-"
"2021/08/28","20:00","8.55","77","8.94","85.3","1019.9","-","-"
"2021/08/28","21:00","11.86","79","12.63","84.6","1019.8","-","-"
"2021/08/28","22:00","7.97","92","9.33","84.6","1019.7","-","-"
"2021/08/28","23:00","5.83","100","6.8","85.3","1019.5","-","-"
"2021/08/29","00:00","4.47","120","5.44","84.7","1019.9","-","-"
"2021/08/29","01:00","8.55","43","10.5","84.6","1020.3","-","-"
"2021/08/29","02:00","6.8","23","7.97","83.1","1020.8","-","-"
"2021/08/29","03:00","9.14","48","10.3","82.6","1021.2","-","-"
"2021/08/29","04:00","10.3","44","13.22","81.1","1021.5","-","-"
"2021/08/29","05:00","8.55","58","9.72","81","1021.2","-","-"
"2021/08/29","06:00","3.89","11","5.64","80.4","1020.8","-","-"
"2021/08/29","07:00","4.86","17","7.58","79.9","1020.5","-","-"
"2021/08/29","08:00","6.41","345","7","79.2","1020.7","-","-"
"2021/08/29","09:00","7.19","19","8.16","78.6","1020.2","-","-"
"2021/08/29","10:00","7.39","37","8.94","78.3","1019.9","-","-"
"2021/08/29","11:00","4.67","313","7","77.9","1020.4","-","-"
"2021/08/29","12:00","8.94","358","10.69","77.2","1021.3","-","-"
"2021/08/29","13:00","7","351","8.75","78.4","1021.2","-","-"
"2021/08/29","14:00","5.44","337","7.39","79.3","1021.6","-","-"
"2021/08/29","15:00","4.67","18","7.97","80.6","1021.3","-","-"
"2021/08/29","16:00","6.03","53","7.58","81","1021.1","-","-"
"2021/08/29","17:00","7.39","310","10.69","81.1","1020.7","-","-"
"2021/08/29","18:00","5.64","307","7.39","82","1020","-","-"
"2021/08/29","19:00","9.14","321","10.3","82","1019","-","-"
"2021/08/29","20:00","3.3","327","4.86","83.5","1018.4","-","-"
"2021/08/29","21:00","4.28","98","7","82.8","1018.1","-","-"
"2021/08/29","22:00","5.44","100","7.97","81.7","1018","-","-"
"2021/08/29","23:00","4.08","42","6.03","81.3","1018","-","-"
"2021/08/30","00:00","5.64","39","6.22","81.1","1017.6","-","-"
"2021/08/30","01:00","5.25","52","6.61","81.1","1017.9","-","-"
"2021/08/30","02:00","2.92","4","3.69","81","1018.2","-","-"
"2021/08/30","03:00","2.53","293","3.69","79.9","1018","-","-"
"2021/08/30","04:00","2.33","179","2.92","78.3","1017.2","-","-"
"2021/08/30","05:00","2.72","231","3.3","77.9","1017.4","-","-"
"2021/08/30","06:00","2.14","216","2.53","77.7","1016.3","-","-"
"2021/08/30","07:00","1.94","243","2.53","77.5","1015.9","-","-"
"2021/08/30","08:00","5.05","235","5.44","77.2","1015.7","-","-"
"2021/08/30","09:00","0.58","203","1.75","77.7","1015.5","-","-"
"2021/08/30","10:00","1.36","203","1.94","77.9","1015.3","-","-"
"2021/08/30","11:00","0.97","246","1.36","77.7","1015.5","-","-"
"2021/08/30","12:00","3.3","227","4.08","79.2","1015.4","-","-"
"2021/08/30","13:00","4.08","213","5.25","79.9","1015.2","-","-"
"2021/08/30","14:00","3.5","246","7","82.6","1014.9","-","-"
"2021/08/30","15:00","5.44","246","9.52","84.4","1014.5","-","-"
"2021/08/30","16:00","7","233","8.94","85.3","1013.9","-","-"
"2021/08/30","17:00","6.41","255","9.72","86.4","1013.3","-","-"
"2021/08/30","18:00","4.28","281","7.58","87.4","1012.2","-","-"
"2021/08/30","19:00","6.22","262","7.78","88.3","1011","-","-"
"2021/08/30","20:00","5.44","269","7.97","89.6","1010.2","-","-"
"2021/08/30","21:00","4.08","242","7.19","90.3","1009.9","-","-"
"2021/08/30","22:00","1.94","85","3.69","89.1","1009.8","-","-"
"2021/08/30","23:00","3.5","136","4.47","87.8","1009.9","-","-"
"2021/08/31","00:00","3.11","228","6.41","77.7","1010.3","-","-"
"2021/08/31","01:00","14.97","268","21.77","75.9","1010.8","-","-"
"2021/08/31","02:00","6.03","280","10.69","74.3","1011.8","-","-"
"2021/08/31","03:00","10.11","214","13.02","73.6","1012.4","-","-"
"2021/08/31","04:00","6.41","217","8.75","73.8","1011","-","-"
"2021/08/31","05:00","4.47","291","6.8","75.9","1010.2","-","-"
"2021/08/31","06:00","3.11","226","3.69","74.1","1010.1","-","-"
"2021/08/31","07:00","5.25","244","7.78","75.4","1009.7","-","-"
"2021/08/31","08:00","7.97","251","9.52","74.7","1009.6","-","-"
"2021/08/31","09:00","5.44","239","8.16","73.6","1009.7","-","-"
"2021/08/31","10:00","5.83","235","7.39","73.9","1009.9","-","-"
"2021/08/31","11:00","3.11","255","4.67","73.8","1010.3","-","-"
"2021/08/31","12:00","1.17","254","1.94","76.1","1010.7","-","-"
"2021/08/31","13:00","2.72","233","4.08","77.4","1010.3","-","-"
"2021/08/31","14:00","1.75","262","2.53","80.4","1010.6","-","-"
"2021/08/31","15:00","2.14","6","3.89","81.3","1010.4","-","-"
"2021/08/31","16:00","1.75","22","3.3","83.8","1010","-","-"
"2021/08/31","17:00","5.25","246","7.39","85.1","1009.6","-","-"
"2021/08/31","18:00","4.67","222","8.94","86","1009.1","-","-"
"2021/08/31","19:00","1.56","255","4.67","87.3","1008.6","-","-"
"2021/08/31","20:00","6.61","262","8.55","88","1008.2","-","-"
"2021/08/31","21:00","2.92","256","3.5","87.3","1008.2","-","-"
"2021/08/31","22:00","4.08","320","5.05","86.7","1008.2","-","-"
"2021/08/31","23:00","6.22","16","6.8","85.3","1008.4","-","-"
"2021/09/01","00:00","3.89","50","4.67","84.9","1008.6","-","-"
"2021/09/01","01:00","6.41","121","7.78","84.6","1008.8","-","-"
"2021/09/01","02:00","4.86","155","6.22","83.5","1008.8","-","-"
"2021/09/01","03:00","3.89","160","5.44","82.9","1008.5","-","-"
"2021/09/01","04:00","6.03","160","8.16","82.2","1008","-","-"
"2021/09/01","05:00","6.8","195","9.72","81.5","1008.1","-","-"
"2021/09/01","06:00","8.55","206","11.66","79.7","1008.3","-","-"
"2021/09/01","07:00","7.97","206","11.27","78.3","1007.9","-","-"
"2021/09/01","08:00","10.11","211","14.19","77.4","1007.3","-","-"
"2021/09/01","09:00","9.52","200","12.63","77.4","1007","-","-"
"2021/09/01","10:00","9.72","201","12.25","77.2","1006.9","-","-"
"2021/09/01","11:00","7.58","212","12.44","77.5","1007.3","-","-"
"2021/09/01","12:00","11.08","194","14.38","78.3","1006.9","-","-"
"2021/09/01","13:00","11.27","171","16.52","79.9","1006.5","-","-"
"2021/09/01","14:00","10.5","183","17.3","81.7","1006","-","-"
"2021/09/01","15:00","13.02","175","21.77","83.7","1005.1","-","-"
"2021/09/01","16:00","10.69","191","20.41","85.6","1004.4","-","-"
"2021/09/01","17:00","14.97","177","25.46","86.4","1002.7","-","-"
"2021/09/01","18:00","17.49","186","24.88","86","1002.1","-","-"
"2021/09/01","19:00","17.3","181","25.46","88.2","1001.3","-","-"
"2021/09/01","20:00","10.11","190","13.02","81.7","1000.8","-","-"
"2021/09/01","21:00","12.05","189","19.05","85.6","1000.2","-","-"
"2021/09/01","22:00","10.3","224","15.94","79.3","1001.1","-","-"
"2021/09/01","23:00","7.78","193","12.44","80.6","1000.8","-","-"
"2021/09/02","00:00","13.22","224","19.63","81","1001","-","-"
"2021/09/02","01:00","13.41","231","17.11","79.3","1001.8","-","-"
"2021/09/02","02:00","10.3","226","15.75","79.2","1002.3","-","-"
"2021/09/02","03:00","16.72","297","21.19","69.1","1003.4","-","-"
"2021/09/02","04:00","17.11","290","22.74","68.5","1004.2","-","-"
"2021/09/02","05:00","11.66","288","21.97","69.8","1005.1","-","-"
"2021/09/02","06:00","19.83","325","23.91","69.6","1005.7","-","-"
"2021/09/02","07:00","17.69","320","20.02","68.9","1006.3","-","-"
"2021/09/02","08:00","14.77","331","17.69","68","1006.8","-","-"
"2021/09/02","09:00","15.94","331","18.27","68.5","1007.6","-","-"
"2021/09/02","10:00","14","336","16.52","67.8","1008.5","-","-"
"2021/09/02","11:00","15.55","324","18.66","68","1009.5","-","-"
"2021/09/02","12:00","14","326","18.27","68.2","1010.4","-","-"
"2021/09/02","13:00","15.75","332","18.08","68","1010.9","-","-"
"2021/09/02","14:00","14.19","339","17.69","68.9","1011.7","-","-"
"2021/09/02","15:00","15.75","355","18.66","68.9","1012.5","-","-"
"2021/09/02","16:00","9.14","354","16.72","71.1","1012.4","-","-"
"2021/09/02","17:00","10.89","357","14.77","72.1","1012.9","-","-"
"2021/09/02","18:00","8.36","358","15.36","73.6","1012.8","-","-"
"2021/09/02","19:00","14.19","4","17.49","74.8","1013","-","-"
"2021/09/02","20:00","11.47","343","15.75","76.5","1012.8","-","-"
"2021/09/02","21:00","9.52","349","11.86","76.6","1013","-","-"
"2021/09/02","22:00","11.08","351","13.8","76.6","1013.4","-","-"
"2021/09/02","23:00","9.72","349","11.27","76.1","1013.9","-","-"
"2021/09/03","00:00","8.36","346","9.91","75.4","1014.4","-","-"
"2021/09/03","01:00","5.83","347","6.8","74.5","1015.2","-","-"
"2021/09/03","02:00","7.97","354","11.27","73.6","1015.7","-","-"
"2021/09/03","03:00","8.16","357","9.33","72.3","1016","-","-"
"2021/09/03","04:00","6.61","288","10.11","69.6","1016","-","-"
"2021/09/03","05:00","9.72","0","12.83","70.7","1016","-","-"
"2021/09/03","06:00","9.52","9","11.27","69.4","1015.7","-","-"
"2021/09/03","07:00","7.39","3","9.14","70.2","1015.6","-","-"
"2021/09/03","08:00","7.58","9","8.94","70.7","1015.6","-","-"
"2021/09/03","09:00","2.14","316","3.5","68.2","1015.4","-","-"
"2021/09/03","10:00","8.94","323","11.08","67.8","1016.1","-","-"
"2021/09/03","11:00","10.3","342","11.47","65.1","1016.7","-","-"
"2021/09/03","12:00","8.75","335","11.47","66.7","1017.2","-","-"
"2021/09/03","13:00","6.03","356","7.58","69.3","1017.7","-","-"
"2021/09/03","14:00","10.11","43","13.61","72.7","1018.2","-","-"
"2021/09/03","15:00","12.63","71","14.38","72.7","1018.7","-","-"
"2021/09/03","16:00","9.14","56","10.5","73","1018.5","-","-"
"2021/09/03","17:00","6.61","98","8.16","73.6","1018.2","-","-"
"2021/09/03","18:00","5.05","92","7.97","74.1","1018","-","-"
"2021/09/03","19:00","7.39","97","10.69","74.8","1017.2","-","-"
"2021/09/03","20:00","7.39","86","9.33","74.1","1016.8","-","-"
"2021/09/03","21:00","3.69","104","6.61","76.3","1016.6","-","-"
"2021/09/03","22:00","2.53","27","3.5","77.9","1016.8","-","-"
"2021/09/03","23:00","10.11","21","11.66","75.2","1017","-","-"
"2021/09/04","00:00","7.78","15","8.55","74.1","1017.6","-","-"
"2021/09/04","01:00","7","24","8.16","73.8","1018.1","-","-"
"2021/09/04","02:00","5.05","43","6.8","72.9","1018.3","-","-"
"2021/09/04","03:00","5.05","28","6.03","73.2","1018.5","-","-"
"2021/09/04","04:00","3.89","6","4.47","72","1018.4","-","-"
"2021/09/04","05:00","3.11","338","4.28","72","1018.2","-","-"
"2021/09/04","06:00","3.3","314","4.08","70.2","1017.6","-","-"
"2021/09/04","07:00","2.72","231","3.5","67.5","1017.3","-","-"
"2021/09/04","08:00","2.53","260","3.69","67.8","1017.6","-","-"
"2021/09/04","09:00","1.56","254","2.72","67.6","1017.4","-","-"
"2021/09/04","10:00","2.72","266","3.89","67.5","1017.6","-","-"
"2021/09/04","11:00","9.91","317","10.89","69.6","1018.1","-","-"
"2021/09/04","12:00","9.91","327","11.66","68.4","1018.5","-","-"
"2021/09/04","13:00","6.03","310","8.36","69.1","1018.5","-","-"
"2021/09/04","14:00","7","316","8.55","70.9","1018.9","-","-"
"2021/09/04","15:00","5.64","303","7.39","71.8","1018.7","-","-"
"2021/09/04","16:00","5.05","307","5.83","73","1018.4","-","-"
"2021/09/04","17:00","4.28","300","5.44","74.1","1017.7","-","-"
"2021/09/04","18:00","0.97","296","4.08","75.9","1017.3","-","-"
"2021/09/04","19:00","1.94","106","3.3","77.2","1016.2","-","-"
"2021/09/04","20:00","4.47","74","6.8","75.6","1015.8","-","-"
"2021/09/04","21:00","5.44","87","7","75.9","1015.3","-","-"
"2021/09/04","22:00","6.41","155","7.97","77","1015","-","-"
"2021/09/04","23:00","4.67","153","6.8","76.6","1015.1","-","-"
"2021/09/05","00:00","5.05","162","6.03","73.9","1015.1","-","-"
"2021/09/05","01:00","5.25","168","6.22","72.5","1015.7","-","-"
"2021/09/05","02:00","5.83","176","7.78","72.1","1015.8","-","-"
"2021/09/05","03:00","7.78","183","10.3","71.2","1015.2","-","-"
"2021/09/05","04:00","7.58","180","9.91","70.7","1014.7","-","-"
"2021/09/05","05:00","5.25","192","8.55","70.2","1014.4","-","-"
"2021/09/05","06:00","5.44","188","7","70","1014","-","-"
"2021/09/05","07:00","7.58","210","9.33","69.8","1013.9","-","-"
"2021/09/05","08:00","8.16","206","11.27","69.6","1013.6","-","-"
"2021/09/05","09:00","10.5","216","14.19","69.3","1013.3","-","-"
"2021/09/05","10:00","9.52","218","14.19","68.7","1013.3","-","-"
"2021/09/05","11:00","12.05","213","16.72","69.3","1013.3","-","-"
"2021/09/05","12:00","9.91","220","14.97","71.1","1013.4","-","-"
"2021/09/05","13:00","10.11","219","16.72","73","1013.4","-","-"
"2021/09/05","14:00","12.83","213","18.66","74.5","1013.3","-","-"
"2021/09/05","15:00","16.33","215","21.58","75.6","1013.2","-","-"
"2021/09/05","16:00","12.05","218","16.91","77.4","1013","-","-"
"2021/09/05","17:00","6.61","223","10.89","79.9","1012.4","-","-"
"2021/09/05","18:00","11.86","237","14.77","81.3","1011.6","-","-"
"2021/09/05","19:00","11.86","210","16.33","82.4","1010.9","-","-"
"2021/09/05","20:00","12.05","209","15.36","82.9","1010.5","-","-"
"2021/09/05","21:00","10.11","221","13.61","83.1","1010.6","-","-"
"2021/09/05","22:00","9.52","223","14.19","82.8","1010.5","-","-"
"2021/09/05","23:00","6.03","196","9.33","81.7","1010.5","-","-"
"2021/09/06","00:00","6.41","196","9.91","79.7","1010.4","-","-"
"2021/09/06","01:00","7.19","197","13.22","79.3","1010.7","-","-"
"2021/09/06","02:00","7.78","198","10.5","78.8","1010.7","-","-"
"2021/09/06","03:00","5.83","197","10.3","78.1","1010.9","-","-"
"2021/09/06","04:00","6.41","199","11.27","76.3","1011.2","-","-"
"2021/09/06","05:00","7.58","207","9.72","75.4","1011.2","-","-"
"2021/09/06","06:00","7.39","218","10.5","75.4","1010.9","-","-"
"2021/09/06","07:00","7.78","225","11.27","74.7","1010.7","-","-"
"2021/09/06","08:00","10.69","227","14","73.6","1010.2","-","-"
"2021/09/06","09:00","10.89","226","13.8","73.4","1010","-","-"
"2021/09/06","10:00","9.14","247","11.08","72.9","1010.8","-","-"
"2021/09/06","11:00","5.83","263","7.97","72","1011.5","-","-"
"2021/09/06","12:00","8.36","273","12.63","72.1","1011.9","-","-"
"2021/09/06","13:00","6.41","303","9.14","73","1011.9","-","-"
"2021/09/06","14:00","10.3","350","12.83","74.7","1012.8","-","-"
"2021/09/06","15:00","9.33","333","10.89","75.2","1013.3","-","-"
"2021/09/06","16:00","5.44","341","8.75","75.4","1013.4","-","-"
"2021/09/06","17:00","3.89","331","7.19","76.5","1013.2","-","-"
"2021/09/06","18:00","5.44","296","7.19","77.9","1012.8","-","-"
"2021/09/06","19:00","4.86","291","5.25","79","1012.3","-","-"
"2021/09/06","20:00","3.3","286","5.25","80.4","1011.7","-","-"
"2021/09/06","21:00","4.86","288","6.61","81.5","1011.8","-","-"
"2021/09/06","22:00","4.28","113","5.44","81.3","1012","-","-"
"2021/09/06","23:00","4.47","125","6.22","80.1","1012.3","-","-"
"2021/09/07","00:00","1.75","186","2.14","75","1012.8","-","-"
"2021/09/07","01:00","3.5","188","4.28","74.3","1013.5","-","-"
"2021/09/07","02:00","5.44","206","6.03","72.3","1013.9","-","-"
"2021/09/07","03:00","6.41","215","7.19","71.8","1014.2","-","-"
"2021/09/07","04:00","7.39","213","8.55","71.6","1014.5","-","-"
"2021/09/07","05:00","7","228","8.36","72.5","1014.5","-","-"
"2021/09/07","06:00","7.58","242","8.94","73","1014.2","-","-"
"2021/09/07","07:00","4.08","285","5.05","71.1","1014.2","-","-"
"2021/09/07","08:00","2.92","284","4.08","69.6","1014.4","-","-"
"2021/09/07","09:00","3.69","267","4.86","69.3","1014.8","-","-"
"2021/09/07","10:00","8.55","302","10.11","70.7","1015.3","-","-"
"2021/09/07","11:00","5.44","283","6.61","69.6","1015.8","-","-"
"2021/09/07","12:00","4.08","275","5.05","71.1","1016.1","-","-"
"2021/09/07","13:00","2.14","251","3.5","74.1","1016.5","-","-"
"2021/09/07","14:00","3.89","332","4.67","75.7","1016.6","-","-"
"2021/09/07","15:00","2.53","342","3.11","78.1","1016.7","-","-"
"2021/09/07","16:00","1.75","28","2.33","82","1016.5","-","-"
"2021/09/07","17:00","2.33","80","3.3","82.6","1016.2","-","-"
"2021/09/07","18:00","7.58","83","8.94","81","1015.8","-","-"
"2021/09/07","19:00","8.16","104","9.91","82.2","1015.2","-","-"
"2021/09/07","20:00","8.36","104","9.52","82.6","1014.8","-","-"
"2021/09/07","21:00","9.72","104","11.27","81.9","1014.6","-","-"
"2021/09/07","22:00","10.11","143","13.22","82.4","1014.4","-","-"
"2021/09/07","23:00","7.78","153","10.3","80.1","1014.3","-","-"
"2021/09/08","00:00","7.39","168","10.69","78.1","1014.5","-","-"
"2021/09/08","01:00","6.03","176","7.39","75.9","1014.9","-","-"
"2021/09/08","02:00","6.61","180","8.55","75","1015","-","-"
"2021/09/08","03:00","6.8","183","8.75","74.3","1015.1","-","-"
"2021/09/08","04:00","7.97","176","10.5","73.9","1015","-","-"
"2021/09/08","05:00","5.83","192","8.16","73.6","1014.7","-","-"
"2021/09/08","06:00","5.44","192","6.61","72.9","1014.3","-","-"
"2021/09/08","07:00","6.03","192","7.58","72.5","1013.5","-","-"
"2021/09/08","08:00","5.25","196","7","71.8","1013.1","-","-"
"2021/09/08","09:00","6.03","185","7.58","72.3","1012.8","-","-"
"2021/09/08","10:00","6.41","200","8.94","72.5","1012.8","-","-"
"2021/09/08","11:00","3.69","206","5.83","72.7","1013.1","-","-"
"2021/09/08","12:00","5.64","188","7.97","74.1","1013.1","-","-"
"2021/09/08","13:00","7.97","196","10.69","77","1012.7","-","-"
"2021/09/08","14:00","8.94","198","13.8","80.2","1012.7","-","-"
"2021/09/08","15:00","6.41","198","11.66","81.9","1012.3","-","-"
"2021/09/08","16:00","9.91","228","15.36","83.5","1012.2","-","-"
"2021/09/08","17:00","13.02","227","17.3","84.6","1011.4","-","-"
"2021/09/08","18:00","11.66","186","19.24","85.6","1010.5","-","-"
"2021/09/08","19:00","13.61","222","17.3","79.9","1010.6","-","-"
"2021/09/08","20:00","3.3","332","4.47","74.8","1009.8","-","-"
"2021/09/08","21:00","2.92","181","4.47","74.7","1009.8","-","-"
"2021/09/08","22:00","5.05","104","10.3","73","1009.6","-","-"
"2021/09/08","23:00","10.5","143","13.41","72.1","1010.4","-","-"
"2021/09/09","00:00","11.27","147","13.61","72.5","1009.7","-","-"
"2021/09/09","01:00","10.5","164","12.63","74.3","1010.1","-","-"
"2021/09/09","02:00","5.64","153","7.19","73.9","1010.4","-","-"
"2021/09/09","03:00","8.75","161","11.47","74.7","1009.7","-","-"
"2021/09/09","04:00","7.58","200","11.08","75.4","1009.3","-","-"
"2021/09/09","05:00","7.19","194","9.72","75","1008.9","-","-"
"2021/09/09","06:00","6.41","192","8.36","74.7","1008.7","-","-"
"2021/09/09","07:00","7.39","210","8.94","75","1008.5","-","-"
"2021/09/09","08:00","7.19","220","11.86","75.7","1008.2","-","-"
"2021/09/09","09:00","10.69","218","14.97","75.6","1007.7","-","-"
"2021/09/09","10:00","8.55","228","12.63","75.4","1007.7","-","-"
"2021/09/09","11:00","8.55","230","10.11","75","1007.9","-","-"
"2021/09/09","12:00","6.03","238","8.36","75","1007.9","-","-"
"2021/09/09","13:00","5.83","244","7.78","75.4","1007.8","-","-"
"2021/09/09","14:00","9.33","241","12.05","76.3","1007.7","-","-"
"2021/09/09","15:00","7.97","317","10.5","75.2","1007.9","-","-"
"2021/09/09","16:00","10.11","344","11.47","73","1008.1","-","-"
"2021/09/09","17:00","8.16","331","10.11","72","1008.4","-","-"
"2021/09/09","18:00","5.44","350","7.19","71.4","1007.9","-","-"
"2021/09/09","19:00","6.41","316","7.58","71.2","1007.9","-","-"
"2021/09/09","20:00","3.11","245","4.47","71.2","1008","-","-"
"2021/09/09","21:00","6.41","322","7.58","72","1008","-","-"
"2021/09/09","22:00","9.52","313","10.89","72.5","1008.6","-","-"
"2021/09/09","23:00","7.19","324","8.94","72.9","1008.7","-","-"
"2021/09/10","00:00","10.69","325","12.25","72.9","1009.1","-","-"
"2021/09/10","01:00","4.28","264","6.8","71.8","1010.1","-","-"
"2021/09/10","02:00","6.61","292","8.36","72.1","1010.4","-","-"
"2021/09/10","03:00","7.58","289","9.72","71.6","1010.4","-","-"
"2021/09/10","04:00","6.8","291","8.16","70.9","1010.8","-","-"
"2021/09/10","05:00","11.86","334","13.61","72.1","1011.1","-","-"
"2021/09/10","06:00","11.47","319","12.83","70","1011.3","-","-"
"2021/09/10","07:00","12.25","322","14.19","68.5","1011.5","-","-"
"2021/09/10","08:00","15.75","323","19.83","68.7","1012","-","-"
"2021/09/10","09:00","17.88","319","20.99","68.2","1012.5","-","-"
"2021/09/10","10:00","15.75","326","18.27","66.4","1012.6","-","-"
"2021/09/10","11:00","16.52","328","19.24","66.6","1013.6","-","-"
"2021/09/10","12:00","16.91","337","23.71","66.2","1014.3","-","-"
"2021/09/10","13:00","16.91","332","19.83","66.6","1014.8","-","-"
"2021/09/10","14:00","13.8","340","18.08","67.5","1015.3","-","-"
"2021/09/10","15:00","18.47","334","22.16","69.8","1016","-","-"
"2021/09/10","16:00","12.05","335","16.72","71.4","1016","-","-"
"2021/09/10","17:00","9.33","320","12.25","72.5","1016.2","-","-"
"2021/09/10","18:00","11.47","314","16.91","73.6","1016.2","-","-"
"2021/09/10","19:00","10.89","306","12.83","74.3","1016.1","-","-"
"2021/09/10","20:00","9.33","339","11.27","74.8","1016.2","-","-"
"2021/09/10","21:00","8.55","331","10.69","75","1016.5","-","-"
"2021/09/10","22:00","11.27","359","14.38","74.7","1017.1","-","-"
"2021/09/10","23:00","7.39","345","8.75","73.9","1017.7","-","-"
"2021/09/11","00:00","5.83","340","6.61","73","1018.2","-","-"
"2021/09/11","01:00","2.53","246","3.3","69.1","1019","-","-"
"2021/09/11","02:00","1.94","259","2.53","67.3","1019.6","-","-"
"2021/09/11","03:00","1.56","241","2.72","66.4","1019.8","-","-"
"2021/09/11","04:00","1.75","244","2.14","65.8","1020.1","-","-"
"2021/09/11","05:00","1.94","213","2.33","65.7","1020","-","-"
"2021/09/11","06:00","1.94","250","2.72","65.3","1020.2","-","-"
"2021/09/11","07:00","1.94","215","2.53","64.6","1020.5","-","-"
"2021/09/11","08:00","1.94","237","2.72","64.9","1021","-","-"
"2021/09/11","09:00","3.69","269","4.86","66.7","1021.6","-","-"
"2021/09/11","10:00","3.89","279","4.86","66.4","1022.2","-","-"
"2021/09/11","11:00","4.28","267","5.83","66","1022.9","-","-"
"2021/09/11","12:00","4.67","287","5.64","65.3","1023.6","-","-"
"2021/09/11","13:00","4.47","299","5.83","67.6","1024","-","-"
"2021/09/11","14:00","2.14","295","3.3","70.3","1024.2","-","-"
"2021/09/11","15:00","3.3","286","3.89","73.2","1024.5","-","-"
"2021/09/11","16:00","4.67","269","8.94","73.9","1024.4","-","-"
"2021/09/11","17:00","2.72","292","7.39","75.2","1024.2","-","-"
"2021/09/11","18:00","3.89","229","5.05","75.9","1023.8","-","-"
"2021/09/11","19:00","2.33","71","3.11","77","1023","-","-"
"2021/09/11","20:00","6.03","75","7.58","75.4","1022.4","-","-"
"2021/09/11","21:00","2.14","231","5.05","77.7","1022.2","-","-"
"2021/09/11","22:00","5.64","194","7.19","77.2","1022.1","-","-"
"2021/09/11","23:00","4.86","187","6.22","75.6","1022","-","-"
"2021/09/12","00:00","4.28","171","5.83","72.7","1022.3","-","-"
"2021/09/12","01:00","5.83","161","6.8","71.2","1022.7","-","-"
"2021/09/12","02:00","6.61","184","8.55","70.7","1023","-","-"
"2021/09/12","03:00","7","191","9.14","69.8","1023.1","-","-"
"2021/09/12","04:00","8.55","190","11.47","69.4","1023.3","-","-"
"2021/09/12","05:00","8.16","204","11.66","69.4","1023.3","-","-"
"2021/09/12","06:00","7.97","204","11.27","68.9","1023.2","-","-"
"2021/09/12","07:00","7.78","210","9.33","69.1","1023.1","-","-"
"2021/09/12","08:00","9.33","220","11.66","68.9","1022.9","-","-"
"2021/09/12","09:00","9.33","215","11.27","68.7","1022.9","-","-"
"2021/09/12","10:00","6.8","215","8.55","68.2","1023.2","-","-"
"2021/09/12","11:00","5.83","219","8.55","68","1023.6","-","-"
"2021/09/12","12:00","8.16","215","12.44","68.9","1023.7","-","-"
"2021/09/12","13:00","9.33","227","12.44","71.8","1023.5","-","-"
"2021/09/12","14:00","7.97","221","14","74.5","1023.5","-","-"
"2021/09/12","15:00","7.78","226","11.86","76.5","1023.2","-","-"
"2021/09/12","16:00","10.11","216","13.22","78.3","1023","-","-"
"2021/09/12","17:00","17.49","224","21.77","79.7","1022.1","-","-"
"2021/09/12","18:00","10.69","220","16.33","80.8","1022","-","-"
"2021/09/12","19:00","11.08","210","14.58","81.7","1021.3","-","-"
"2021/09/12","20:00","10.5","229","13.41","82","1020.9","-","-"
"2021/09/12","21:00","7.78","227","13.8","82.4","1020.6","-","-"
"2021/09/12","22:00","6.8","219","11.27","81.7","1020.3","-","-"
"2021/09/12","23:00","3.5","225","6.03","80.1","1020.4","-","-"
"2021/09/13","00:00","4.08","192","4.67","78.1","1020.3","-","-"
"2021/09/13","01:00","4.47","195","6.03","77","1020.6","-","-"
"2021/09/13","02:00","7.58","219","11.08","77.2","1020.4","-","-"
"2021/09/13","03:00","9.52","220","14","76.5","1020.4","-","-"
"2021/09/13","04:00","9.14","216","10.69","76.1","1020.7","-","-"
"2021/09/13","05:00","10.3","233","14.38","75.6","1020.4","-","-"
"2021/09/13","06:00","8.36","220","15.36","75","1019.9","-","-"
"2021/09/13","07:00","9.91","235","12.44","74.7","1019.8","-","-"
"2021/09/13","08:00","7.58","248","12.83","73.6","1019.7","-","-"
"2021/09/13","09:00","6.8","249","10.3","73.4","1019.8","-","-"
"2021/09/13","10:00","6.8","237","11.47","72.3","1019.6","-","-"
"2021/09/13","11:00","4.28","236","6.41","70.7","1020.1","-","-"
"2021/09/13","12:00","-","-","-","-","1020.2","-","-"
"2021/09/13","13:00","6.61","232","8.75","73","1019.6","-","-"
"2021/09/13","14:00","5.44","245","7.78","75","1019.7","-","-"
"2021/09/13","15:00","4.86","241","5.64","77.5","1019.3","-","-"
"2021/09/13","16:00","5.44","322","6.22","78.6","1019.4","-","-"
"2021/09/13","17:00","1.56","311","2.33","81","1019.1","-","-"
"2021/09/13","18:00","0.78","11","1.17","85.8","1018.8","-","-"
"2021/09/13","19:00","5.44","66","6.03","82","1018.2","-","-"
"2021/09/13","20:00","4.67","73","5.44","84","1017.9","-","-"
"2021/09/13","21:00","5.83","83","6.41","83.1","1017.9","-","-"
"2021/09/13","22:00","4.08","105","4.86","83.5","1017.7","-","-"
"2021/09/13","23:00","0.58","188","0.97","81.1","1017.6","-","-"
"2021/09/14","00:00","0.78","174","1.17","77.7","1017.7","-","-"
"2021/09/14","01:00","1.36","153","3.89","76.6","1018","-","-"
"2021/09/14","02:00","0.39","210","1.36","75.6","1018.3","-","-"
"2021/09/14","03:00","0.97","283","1.36","75.2","1018.2","-","-"
"2021/09/14","04:00","0.97","293","2.92","76.3","1018.2","-","-"
"2021/09/14","05:00","6.8","205","7.97","75.6","1017.8","-","-"
"2021/09/14","06:00","0.78","137","1.75","75.2","1017.4","-","-"
"2021/09/14","07:00","1.36","217","1.94","75","1017.3","-","-"
"2021/09/14","08:00","1.75","177","2.72","74.1","1017.3","-","-"
"2021/09/14","09:00","0","139","0.58","74.3","1017.3","-","-"
"2021/09/14","10:00","2.33","171","2.72","73.6","1017.6","-","-"
"2021/09/14","11:00","3.3","183","4.86","72.5","1017.8","-","-"
"2021/09/14","12:00","4.28","187","6.41","73.2","1018","-","-"
"2021/09/14","13:00","4.86","208","7","75","1018","-","-"
"2021/09/14","14:00","2.14","193","4.47","79","1018.1","-","-"
"2021/09/14","15:00","7","175","8.55","81.7","1018","-","-"
"2021/09/14","16:00","5.64","176","8.55","84.2","1017.5","-","-"
"2021/09/14","17:00","6.41","181","10.11","85.1","1017","-","-"
"2021/09/14","18:00","7.19","222","8.36","86.2","1016.4","-","-"
"2021/09/14","19:00","5.83","222","9.91","86.9","1015.8","-","-"
"2021/09/14","20:00","8.55","206","10.89","87.1","1015.4","-","-"
"2021/09/14","21:00","7.78","209","10.11","86.9","1015.2","-","-"
"2021/09/14","22:00","3.89","206","6.61","85.8","1015.2","-","-"
"2021/09/14","23:00","2.92","193","3.69","83.7","1015.2","-","-"
"2021/09/15","00:00","3.69","193","4.67","80.2","1015.4","-","-"
"2021/09/15","01:00","4.67","190","5.83","80.1","1015.9","-","-"
"2021/09/15","02:00","4.67","194","5.83","78.8","1016","-","-"
"2021/09/15","03:00","5.44","182","7.78","78.1","1016.1","-","-"
"2021/09/15","04:00","9.33","192","13.02","77.2","1016.1","-","-"
"2021/09/15","05:00","10.5","207","13.8","76.3","1016","-","-"
"2021/09/15","06:00","9.72","212","13.61","75.6","1016.1","-","-"
"2021/09/15","07:00","8.36","216","10.89","74.7","1016.2","-","-"
"2021/09/15","08:00","6.41","221","8.75","74.1","1016.2","-","-"
"2021/09/15","09:00","5.83","221","8.55","73.4","1016.2","-","-"
"2021/09/15","10:00","7.97","224","9.52","73.4","1016.1","-","-"
"2021/09/15","11:00","7.19","205","9.91","73.2","1016.2","-","-"
"2021/09/15","12:00","6.8","205","8.36","74.3","1016.3","-","-"
"2021/09/15","13:00","8.16","208","10.89","76.3","1016.3","-","-"
"2021/09/15","14:00","8.75","220","12.63","78.4","1016.2","-","-"
"2021/09/15","15:00","7.19","207","9.72","81","1016.4","-","-"
"2021/09/15","16:00","6.8","223","11.47","82.4","1016.7","-","-"
"2021/09/15","17:00","7","223","10.89","83.5","1016.2","-","-"
"2021/09/15","18:00","6.61","201","12.44","85.3","1015.6","-","-"
"2021/09/15","19:00","10.3","171","14","85.6","1015","-","-"
"2021/09/15","20:00","6.8","195","11.47","85.8","1014.4","-","-"
"2021/09/15","21:00","6.61","209","7.97","86.4","1014.3","-","-"
"2021/09/15","22:00","5.44","215","7.58","86.2","1014.3","-","-"
"2021/09/15","23:00","4.67","184","7.58","84","1014.5","-","-"
"2021/09/16","00:00","7.39","180","8.75","81.7","1015.1","-","-"
"2021/09/16","01:00","7.58","183","10.89","80.4","1016.2","-","-"
"2021/09/16","02:00","8.55","188","12.44","79.2","1017.1","-","-"
"2021/09/16","03:00","8.36","193","13.02","78.3","1017","-","-"
"2021/09/16","04:00","8.36","206","13.61","77.9","1017.1","-","-"
"2021/09/16","05:00","5.05","208","7.19","77.2","1017.1","-","-"
"2021/09/16","06:00","5.25","202","7.58","76.6","1016.9","-","-"
"2021/09/16","07:00","5.44","195","8.55","76.1","1016.8","-","-"
"2021/09/16","08:00","4.28","191","5.83","75.4","1016.7","-","-"
"2021/09/16","09:00","4.28","224","5.64","74.8","1016.5","-","-"
"2021/09/16","10:00","2.14","169","2.53","74.7","1017.2","-","-"
"2021/09/16","11:00","1.36","173","1.94","74.7","1017.6","-","-"
"2021/09/16","12:00","2.33","160","4.47","74.7","1018.4","-","-"
"2021/09/16","13:00","2.14","138","3.11","77.2","1018.6","-","-"
"2021/09/16","14:00","0.97","87","1.36","77.9","1019.1","-","-"
"2021/09/16","15:00","5.64","91","6.61","79","1019","-","-"
"2021/09/16","16:00","7.78","79","8.94","79.3","1019","-","-"
"2021/09/16","17:00","9.14","81","10.3","79","1019","-","-"
"2021/09/16","18:00","7.78","87","8.94","79.7","1018.4","-","-"
"2021/09/16","19:00","12.44","119","14.77","80.1","1017.9","-","-"
"2021/09/16","20:00","10.89","101","13.22","79.3","1017.8","-","-"
"2021/09/16","21:00","11.47","73","14","79.7","1017.9","-","-"
"2021/09/16","22:00","13.22","83","15.36","78.6","1018","-","-"
"2021/09/16","23:00","11.66","74","13.61","78.8","1018.3","-","-"
"2021/09/17","00:00","14.77","81","16.72","77.9","1018.8","-","-"
"2021/09/17","01:00","12.25","66","14.38","77.5","1019.3","-","-"
"2021/09/17","02:00","13.22","71","15.36","77.7","1019.4","-","-"
"2021/09/17","03:00","8.75","47","10.69","77","1019.2","-","-"
"2021/09/17","04:00","6.8","33","8.36","76.5","1018.7","-","-"
"2021/09/17","05:00","10.89","43","12.44","76.5","1018.4","-","-"
"2021/09/17","06:00","13.8","47","18.08","76.5","1018.2","-","-"
"2021/09/17","07:00","12.44","47","16.13","76.5","1018","-","-"
"2021/09/17","08:00","11.86","43","13.61","76.1","1017.6","-","-"
"2021/09/17","09:00","11.47","40","13.8","75.9","1018","-","-"
"2021/09/17","10:00","7.58","42","9.91","75.2","1018.5","-","-"
"2021/09/17","11:00","7.78","32","9.91","75.7","1018.9","-","-"
"2021/09/17","12:00","10.5","21","12.83","76.1","1019.5","-","-"
"2021/09/17","13:00","10.89","28","13.02","76.1","1019.6","-","-"
"2021/09/17","14:00","11.08","32","15.75","75.7","1020","-","-"
"2021/09/17","15:00","12.05","30","15.94","77.4","1020.1","-","-"
"2021/09/17","16:00","14.97","35","17.11","77","1019.9","-","-"
"2021/09/17","17:00","12.83","14","15.36","77.4","1019.6","-","-"
"2021/09/17","18:00","13.02","29","17.49","78.8","1019","-","-"
"2021/09/17","19:00","12.44","25","15.16","79","1018.4","-","-"
"2021/09/17","20:00","14.58","28","17.11","79.9","1018.2","-","-"
"2021/09/17","21:00","15.36","29","18.08","79.9","1018.1","-","-"
"2021/09/17","22:00","12.05","44","13.8","79.5","1018.1","-","-"
"2021/09/17","23:00","9.33","31","11.47","77.2","1018.3","-","-"
"2021/09/18","00:00","4.67","17","6.41","76.8","1018.3","-","-"
"2021/09/18","01:00","6.22","349","7.39","76.3","1018.9","-","-"
"2021/09/18","02:00","4.86","349","5.83","75.6","1018.9","-","-"
"2021/09/18","03:00","3.5","355","4.47","75.4","1018.8","-","-"
"2021/09/18","04:00","4.28","12","5.05","75.4","1018.3","-","-"
"2021/09/18","05:00","6.41","344","7.39","74.3","1018.1","-","-"
"2021/09/18","06:00","7.19","339","8.16","73.8","1018","-","-"
"2021/09/18","07:00","5.44","323","6.8","73.2","1017.8","-","-"
"2021/09/18","08:00","6.41","331","7.39","73","1018.1","-","-"
"2021/09/18","09:00","7.19","340","9.14","72.5","1018.3","-","-"
"2021/09/18","10:00","6.8","327","7.97","72.7","1018.6","-","-"
"2021/09/18","11:00","7.58","340","8.36","72.1","1019.3","-","-"
"2021/09/18","12:00","7.19","343","9.52","71.8","1019.6","-","-"
"2021/09/18","13:00","6.22","2","7.19","73.6","1019.5","-","-"
"2021/09/18","14:00","4.86","360","6.8","75.2","1019.8","-","-"
"2021/09/18","15:00","4.67","16","6.41","76.6","1019.8","-","-"
"2021/09/18","16:00","3.89","298","4.86","76.6","1019.5","-","-"
"2021/09/18","17:00","6.03","311","7.19","77.5","1019.2","-","-"
"2021/09/18","18:00","2.53","108","4.67","79","1018.5","-","-"
"2021/09/18","19:00","3.11","35","3.69","79.9","1017.6","-","-"
"2021/09/18","20:00","7.19","76","10.3","77.9","1017.1","-","-"
"2021/09/18","21:00","7.97","89","8.75","77.9","1016.8","-","-"
"2021/09/18","22:00","7","97","8.55","78.1","1016.8","-","-"
"2021/09/18","23:00","3.5","96","4.08","77.9","1017.1","-","-"
"2021/09/19","00:00","2.53","183","2.92","76.6","1017.6","-","-"
"2021/09/19","01:00","1.75","154","2.72","75.7","1018.1","-","-"
"2021/09/19","02:00","0.78","181","1.75","74.5","1018.2","-","-"
"2021/09/19","03:00","5.83","208","7.78","74.5","1018.2","-","-"
"2021/09/19","04:00","5.25","215","6.22","74.3","1018.3","-","-"
"2021/09/19","05:00","0.58","237","2.14","74.5","1018.4","-","-"
"2021/09/19","06:00","0.97","143","1.36","74.5","1018.5","-","-"
"2021/09/19","07:00","0.97","242","3.5","74.1","1018.3","-","-"
"2021/09/19","08:00","4.47","261","5.25","74.1","1018.1","-","-"
"2021/09/19","09:00","3.3","251","4.28","73","1018.4","-","-"
"2021/09/19","10:00","3.89","278","4.47","73","1018.7","-","-"
"2021/09/19","11:00","4.86","272","6.03","73.8","1019.1","-","-"
"2021/09/19","12:00","4.08","301","5.64","74.8","1019.6","-","-"
"2021/09/19","13:00","4.08","355","6.03","75.7","1019.8","-","-"
"2021/09/19","14:00","3.5","355","5.05","78.6","1020.3","-","-"
"2021/09/19","15:00","7.39","44","9.14","79.5","1020.7","-","-"
"2021/09/19","16:00","7.97","75","9.14","79.2","1020.8","-","-"
"2021/09/19","17:00","8.75","76","10.69","79.2","1020.7","-","-"
"2021/09/19","18:00","12.05","71","13.41","79","1020.4","-","-"
"2021/09/19","19:00","6.41","69","8.36","79.9","1020.2","-","-"
"2021/09/19","20:00","10.69","86","12.44","78.8","1019.8","-","-"
"2021/09/19","21:00","11.86","90","13.61","78.4","1019.5","-","-"
"2021/09/19","22:00","12.25","73","14","78.3","1019.8","-","-"
"2021/09/19","23:00","10.5","90","12.25","76.3","1020.1","-","-"
"2021/09/20","00:00","8.94","111","11.66","75.2","1020.7","-","-"
"2021/09/20","01:00","9.33","114","11.27","74.5","1021.3","-","-"
"2021/09/20","02:00","9.33","113","11.27","73.9","1021.5","-","-"
"2021/09/20","03:00","11.27","99","13.8","74.1","1022.1","-","-"
"2021/09/20","04:00","9.14","107","11.47","73.8","1022.4","-","-"
"2021/09/20","05:00","10.69","107","13.22","73.8","1022.5","-","-"
"2021/09/20","06:00","9.52","96","12.63","73.8","1022.7","-","-"
"2021/09/20","07:00","10.3","78","12.44","73.9","1022.6","-","-"
"2021/09/20","08:00","10.3","68","12.83","74.1","1022.6","-","-"
"2021/09/20","09:00","9.33","76","10.89","73.8","1022.7","-","-"
"2021/09/20","10:00","10.5","70","12.44","72.7","1022.8","-","-"
"2021/09/20","11:00","10.69","68","12.25","72.1","1023.2","-","-"
"2021/09/20","12:00","9.33","68","11.08","72.5","1023.8","-","-"
"2021/09/20","13:00","9.52","70","13.8","72.9","1024","-","-"
"2021/09/20","14:00","9.33","69","12.44","73.2","1024.4","-","-"
"2021/09/20","15:00","9.72","71","12.83","73.8","1024.8","-","-"
"2021/09/20","16:00","9.91","68","11.27","74.1","1024.9","-","-"
"2021/09/20","17:00","10.69","91","12.83","75.4","1024.5","-","-"
"2021/09/20","18:00","13.02","87","15.55","75.4","1024.3","-","-"
"2021/09/20","19:00","14","84","16.33","75.2","1024","-","-"
"2021/09/20","20:00","12.83","86","15.36","75","1023.8","-","-"
"2021/09/20","21:00","14.38","86","15.94","74.8","1023.7","-","-"
"2021/09/20","22:00","14.97","86","17.88","74.5","1023.7","-","-"
"2021/09/20","23:00","14.19","86","17.11","74.1","1024.1","-","-"
"2021/09/21","00:00","11.08","73","13.61","74.1","1024.4","-","-"
"2021/09/21","01:00","11.66","63","13.41","74.3","1024.7","-","-"
"2021/09/21","02:00","15.16","73","17.88","74.5","1024.3","-","-"
"2021/09/21","03:00","16.13","90","18.27","75.2","1024.1","-","-"
"2021/09/21","04:00","13.41","95","16.33","75.6","1023.9","-","-"
"2021/09/21","05:00","12.44","94","13.61","75.6","1023.6","-","-"
"2021/09/21","06:00","9.33","123","11.47","75.2","1023.2","-","-"
"2021/09/21","07:00","5.83","140","9.52","75.4","1022.9","-","-"
"2021/09/21","08:00","7.39","134","9.91","75.6","1022.7","-","-"
"2021/09/21","09:00","8.94","125","11.66","75.9","1022.6","-","-"
"2021/09/21","10:00","10.5","126","13.61","75.9","1022.9","-","-"
"2021/09/21","11:00","7.78","126","11.47","75.7","1023.2","-","-"
"2021/09/21","12:00","8.75","125","12.44","76.5","1023.4","-","-"
"2021/09/21","13:00","9.52","113","12.63","77","1023.9","-","-"
"2021/09/21","14:00","12.44","107","16.13","77.4","1024.1","-","-"
"2021/09/21","15:00","12.63","102","16.33","77.7","1024.3","-","-"
"2021/09/21","16:00","13.22","104","15.94","77.4","1024.2","-","-"
"2021/09/21","17:00","13.22","98","15.75","77.4","1023.7","-","-"
"2021/09/21","18:00","10.69","103","13.61","77.7","1023.3","-","-"
"2021/09/21","19:00","13.02","93","14.38","77.4","1022.7","-","-"
"2021/09/21","20:00","11.47","102","13.61","77.4","1022.5","-","-"
"2021/09/21","21:00","12.63","92","14.97","77.2","1021.9","-","-"
"2021/09/21","22:00","13.8","95","14.97","76.8","1021.7","-","-"
"2021/09/21","23:00","13.61","90","15.16","76.3","1021.4","-","-"
"2021/09/22","00:00","11.27","103","14","76.3","1021.3","-","-"
"2021/09/22","01:00","11.47","104","13.02","76.3","1021.3","-","-"
"2021/09/22","02:00","9.52","111","11.47","76.5","1021.2","-","-"
"2021/09/22","03:00","9.14","117","12.44","76.3","1020.8","-","-"
"2021/09/22","04:00","6.22","126","8.16","76.6","1020.5","-","-"
"2021/09/22","05:00","4.86","138","6.61","76.5","1020","-","-"
"2021/09/22","06:00","4.86","129","7","76.5","1019.4","-","-"
"2021/09/22","07:00","5.05","136","7.19","76.3","1018.7","-","-"
"2021/09/22","08:00","6.8","142","8.36","76.1","1018.1","-","-"
"2021/09/22","09:00","6.03","147","7.78","76.3","1017.8","-","-"
"2021/09/22","10:00","8.16","138","9.91","76.5","1017.3","-","-"
"2021/09/22","11:00","9.14","150","12.63","76.8","1017.1","-","-"
"2021/09/22","12:00","7.39","149","10.89","77.4","1017","-","-"
"2021/09/22","13:00","11.27","145","14.19","78.3","1016.5","-","-"
"2021/09/22","14:00","9.33","151","12.25","79.3","1016.3","-","-"
"2021/09/22","15:00","12.44","169","20.02","80.8","1015.9","-","-"
"2021/09/22","16:00","14","164","20.02","82.4","1015.2","-","-"
"2021/09/22","17:00","15.94","153","19.63","82.4","1014.1","-","-"
"2021/09/22","18:00","12.05","148","16.13","81.1","1013.3","-","-"
"2021/09/22","19:00","11.47","147","17.88","81.7","1012.5","-","-"
"2021/09/22","20:00","10.69","159","21.58","82.2","1012.3","-","-"
"2021/09/22","21:00","9.91","157","14.58","81.5","1012.1","-","-"
"2021/09/22","22:00","6.8","164","8.16","77.5","1011.6","-","-"
"2021/09/22","23:00","6.8","150","8.55","77.9","1011.3","-","-"
"2021/09/23","00:00","6.61","149","8.75","78.3","1011.3","-","-"
"2021/09/23","01:00","10.11","156","15.36","78.8","1011","-","-"
"2021/09/23","02:00","10.5","160","17.49","78.8","1011.4","-","-"
"2021/09/23","03:00","10.89","155","14.58","78.4","1011.4","-","-"
"2021/09/23","04:00","10.89","156","14.38","78.3","1011.1","-","-"
"2021/09/23","05:00","12.83","156","16.33","78.6","1010.5","-","-"
"2021/09/23","06:00","15.55","161","18.66","77.9","1009.6","-","-"
"2021/09/23","07:00","10.3","162","14.58","76.1","1009.1","-","-"
"2021/09/23","08:00","12.44","165","17.49","76.8","1008.8","-","-"
"2021/09/23","09:00","12.05","161","18.66","76.6","1008.4","-","-"
"2021/09/23","10:00","13.02","165","16.72","77","1008.4","-","-"
"2021/09/23","11:00","13.8","165","19.63","76.8","1008.3","-","-"
"2021/09/23","12:00","8.36","171","18.27","76.3","1008.6","-","-"
"2021/09/23","13:00","13.8","171","17.3","76.6","1009","-","-"
"2021/09/23","14:00","7.58","253","9.52","69.1","1010.4","-","-"
"2021/09/23","15:00","11.27","315","14.97","67.1","1011.1","-","-"
"2021/09/23","16:00","8.16","289","10.89","66.7","1011.4","-","-"
"2021/09/23","17:00","7","309","8.55","66.9","1011.7","-","-"
"2021/09/23","18:00","5.83","304","9.14","62.2","1012.3","-","-"
"2021/09/23","19:00","3.3","46","4.47","63.7","1011.5","-","-"
"2021/09/23","20:00","2.14","133","4.47","65.1","1011.4","-","-"
"2021/09/23","21:00","1.75","139","2.92","66.7","1011.7","-","-"
"2021/09/23","22:00","3.89","153","5.05","67.5","1012.3","-","-"
"2021/09/23","23:00","1.94","64","4.28","69.1","1013","-","-"
"2021/09/24","00:00","3.5","225","3.89","68","1013.4","-","-"
"2021/09/24","01:00","3.5","238","3.89","67.8","1014.3","-","-"
"2021/09/24","02:00","4.67","226","5.44","67.1","1014.7","-","-"
"2021/09/24","03:00","3.89","250","5.44","67.8","1014.7","-","-"
"2021/09/24","04:00","6.22","275","7.39","67.3","1014.7","-","-"
"2021/09/24","05:00","14","4","17.88","66.6","1015.1","-","-"
"2021/09/24","06:00","12.25","356","14.97","65.1","1015.1","-","-"
"2021/09/24","07:00","9.91","348","11.66","64","1015.3","-","-"
"2021/09/24","08:00","6.41","338","9.33","64.2","1015.7","-","-"
"2021/09/24","09:00","8.36","4","11.27","64.9","1016.4","-","-"
"2021/09/24","10:00","7.78","355","10.3","65.1","1016.8","-","-"
"2021/09/24","11:00","10.3","337","12.25","64.4","1017.4","-","-"
"2021/09/24","12:00","9.91","339","12.44","64","1017.9","-","-"
"2021/09/24","13:00","10.11","352","13.8","65.8","1018.4","-","-"
"2021/09/24","14:00","12.44","2","15.94","68","1019.2","-","-"
"2021/09/24","15:00","13.8","18","15.55","69.3","1019.4","-","-"
"2021/09/24","16:00","7.19","12","13.41","70","1019.1","-","-"
"2021/09/24","17:00","10.5","19","11.86","70.7","1018.8","-","-"
"2021/09/24","18:00","7.58","32","10.5","71.6","1018.2","-","-"
"2021/09/24","19:00","7.97","49","10.3","71.6","1017.4","-","-"
"2021/09/24","20:00","9.33","54","13.22","71.4","1017.3","-","-"
"2021/09/24","21:00","10.11","45","12.83","71.6","1017.5","-","-"
"2021/09/24","22:00","8.16","46","10.3","71.6","1017.5","-","-"
"2021/09/24","23:00","7","58","9.52","70.9","1017.5","-","-"
"2021/09/25","00:00","7.97","41","8.94","70.2","1017.8","-","-"
"2021/09/25","01:00","7","42","8.36","70.2","1018.3","-","-"
"2021/09/25","02:00","6.41","33","7.58","69.8","1018.2","-","-"
"2021/09/25","03:00","7","13","7.58","69.1","1018.2","-","-"
"2021/09/25","04:00","5.25","33","6.22","68.9","1017.9","-","-"
"2021/09/25","05:00","4.08","295","5.25","66.6","1017.6","-","-"
"2021/09/25","06:00","7.39","327","9.33","67.6","1017.5","-","-"
"2021/09/25","07:00","8.75","325","10.11","67.3","1017.3","-","-"
"2021/09/25","08:00","9.52","325","10.69","66.6","1017.4","-","-"
"2021/09/25","09:00","10.3","325","12.05","65.3","1017.4","-","-"
"2021/09/25","10:00","8.16","326","9.33","64","1017.5","-","-"
"2021/09/25","11:00","8.94","321","10.11","63.9","1017.3","-","-"
"2021/09/25","12:00","9.33","316","10.5","64.8","1017.6","-","-"
"2021/09/25","13:00","11.27","320","12.63","65.7","1017.4","-","-"
"2021/09/25","14:00","10.89","322","12.05","66.9","1017.7","-","-"
"2021/09/25","15:00","7.78","306","10.11","68.4","1017.6","-","-"
"2021/09/25","16:00","7.39","294","8.94","70","1017.2","-","-"
"2021/09/25","17:00","5.25","302","9.14","70.9","1016.6","-","-"
"2021/09/25","18:00","7.19","319","8.55","72","1015.8","-","-"
"2021/09/25","19:00","4.47","307","8.36","72.7","1015.1","-","-"
"2021/09/25","20:00","5.44","316","7.39","73.2","1014.2","-","-"
"2021/09/25","21:00","3.89","290","5.83","73.9","1014","-","-"
"2021/09/25","22:00","3.89","264","4.67","73.4","1014","-","-"
"2021/09/25","23:00","4.67","256","5.64","71.1","1014.1","-","-"
"2021/09/26","00:00","2.53","241","2.92","68.9","1014.2","-","-"
"2021/09/26","01:00","3.89","248","4.28","66.9","1014.3","-","-"
"2021/09/26","02:00","5.44","244","7.58","68.5","1014.4","-","-"
"2021/09/26","03:00","5.05","264","6.61","68.7","1014.7","-","-"
"2021/09/26","04:00","5.05","253","6.8","67.3","1014.9","-","-"
"2021/09/26","05:00","2.33","233","3.11","64.9","1014.7","-","-"
"2021/09/26","06:00","4.67","248","6.22","64.8","1014.5","-","-"
"2021/09/26","07:00","6.03","247","8.16","64.6","1014","-","-"
"2021/09/26","08:00","13.8","292","17.3","64.9","1014.1","-","-"
"2021/09/26","09:00","13.8","327","17.11","65.5","1014.6","-","-"
"2021/09/26","10:00","12.25","327","15.55","64.4","1015.3","-","-"
"2021/09/26","11:00","13.22","322","15.94","63.7","1016","-","-"
"2021/09/26","12:00","14","322","17.3","64.2","1017.1","-","-"
"2021/09/26","13:00","14","323","15.75","64.9","1017.7","-","-"
"2021/09/26","14:00","11.27","322","16.13","66.6","1017.9","-","-"
"2021/09/26","15:00","11.47","339","14.77","68.4","1018.1","-","-"
"2021/09/26","16:00","12.44","317","16.13","69.3","1018","-","-"
"2021/09/26","17:00","14.97","310","16.13","70","1017.7","-","-"
"2021/09/26","18:00","9.91","311","13.02","70.7","1016.9","-","-"
"2021/09/26","19:00","9.72","317","12.25","71.4","1016.4","-","-"
"2021/09/26","20:00","9.14","307","11.47","72.7","1015.9","-","-"
"2021/09/26","21:00","7.97","306","11.66","73.4","1016.2","-","-"
"2021/09/26","22:00","7.19","282","9.33","73.4","1016.4","-","-"
"2021/09/26","23:00","4.28","264","5.25","70.7","1016.9","-","-"
"2021/09/27","00:00","5.44","255","6.61","69.4","1017.3","-","-"
"2021/09/27","01:00","5.05","242","5.64","66.9","1017.8","-","-"
"2021/09/27","02:00","5.64","225","6.03","65.1","1018","-","-"
"2021/09/27","03:00","7","216","7.97","64.2","1018.1","-","-"
"2021/09/27","04:00","8.16","220","9.72","64.2","1018.2","-","-"
"2021/09/27","05:00","8.94","228","11.08","64.9","1018.1","-","-"
"2021/09/27","06:00","8.16","228","10.5","64.8","1018.3","-","-"
"2021/09/27","07:00","9.52","230","11.66","64.2","1018","-","-"
"2021/09/27","08:00","9.72","229","12.05","63.3","1017.8","-","-"
"2021/09/27","09:00","6.41","249","8.16","63.7","1018.2","-","-"
"2021/09/27","10:00","3.5","211","5.25","59.9","1018.5","-","-"
"2021/09/27","11:00","7.19","232","8.94","61.2","1018.9","-","-"
"2021/09/27","12:00","6.8","222","8.36","61.5","1019.2","-","-"
"2021/09/27","13:00","4.86","223","5.64","64.2","1019.4","-","-"
"2021/09/27","14:00","6.41","239","7.58","68","1019.4","-","-"
"2021/09/27","15:00","3.3","217","4.86","72.1","1019.1","-","-"
"2021/09/27","16:00","7.58","247","10.69","73.9","1018.6","-","-"
"2021/09/27","17:00","9.91","216","13.8","75.2","1018","-","-"
"2021/09/27","18:00","10.11","214","12.44","76.6","1017.2","-","-"
"2021/09/27","19:00","10.11","253","14.77","77.9","1016.3","-","-"
"2021/09/27","20:00","9.52","229","12.83","78.3","1015.7","-","-"
"2021/09/27","21:00","9.91","222","13.8","78.3","1015.5","-","-"
"2021/09/27","22:00","7.19","224","10.89","77","1015.4","-","-"
"2021/09/27","23:00","4.47","213","6.41","74.5","1015.5","-","-"
"2021/09/28","00:00","3.11","184","4.08","72.1","1015.6","-","-"
"2021/09/28","01:00","2.92","167","3.69","70.5","1015.8","-","-"
"2021/09/28","02:00","3.89","208","5.05","69.1","1015.6","-","-"
"2021/09/28","03:00","6.22","198","7.78","70.3","1015.5","-","-"
"2021/09/28","04:00","8.16","210","12.44","70.3","1015.4","-","-"
"2021/09/28","05:00","8.16","212","10.11","69.8","1015.1","-","-"
"2021/09/28","06:00","8.55","218","12.05","68.5","1014.5","-","-"
"2021/09/28","07:00","6.8","228","8.36","68","1014","-","-"
"2021/09/28","08:00","5.83","221","8.16","66.7","1013.6","-","-"
"2021/09/28","09:00","5.83","211","7.78","66.7","1013.4","-","-"
"2021/09/28","10:00","9.14","229","12.44","67.1","1013.1","-","-"
"2021/09/28","11:00","7.97","236","10.5","66.4","1013.4","-","-"
"2021/09/28","12:00","9.72","238","11.86","67.3","1013.3","-","-"
"2021/09/28","13:00","7.39","273","10.11","68.9","1013.6","-","-"
"2021/09/28","14:00","10.89","252","12.63","71.8","1013.7","-","-"
"2021/09/28","15:00","6.22","224","9.14","74.3","1013.3","-","-"
"2021/09/28","16:00","10.89","269","12.83","77","1012.9","-","-"
"2021/09/28","17:00","6.61","253","8.55","79.2","1012.7","-","-"
"2021/09/28","18:00","2.92","302","6.03","79.9","1012.1","-","-"
"2021/09/28","19:00","7.39","335","8.75","80.8","1012","-","-"
"2021/09/28","20:00","6.03","324","6.8","82","1011.8","-","-"
"2021/09/28","21:00","6.41","193","9.14","83.5","1009.7","-","-"
"2021/09/28","22:00","7.78","244","9.14","82.2","1010.3","-","-"
"2021/09/28","23:00","5.05","219","5.83","78.4","1011.1","-","-"
"2021/09/29","00:00","3.69","240","5.44","76.3","1011.5","-","-"
"2021/09/29","01:00","10.5","230","13.41","76.6","1011.5","-","-"
"2021/09/29","02:00","8.94","8","10.3","75.9","1012.6","-","-"
"2021/09/29","03:00","2.14","264","3.3","74.5","1012.6","-","-"
"2021/09/29","04:00","1.94","246","2.92","71.4","1012.3","-","-"
"2021/09/29","05:00","2.33","209","4.67","71.4","1012.1","-","-"
"2021/09/29","06:00","3.89","356","8.55","72","1012.3","-","-"
"2021/09/29","07:00","3.5","353","5.25","72.9","1012.4","-","-"
"2021/09/29","08:00","10.3","4","12.25","73.2","1012.8","-","-"
"2021/09/29","09:00","6.8","5","7.97","71.8","1013.2","-","-"
"2021/09/29","10:00","6.61","348","7.78","70.3","1013.8","-","-"
"2021/09/29","11:00","6.22","1","6.8","69.3","1014.6","-","-"
"2021/09/29","12:00","7.97","5","10.3","68","1015.2","-","-"
"2021/09/29","13:00","14.19","31","16.13","69.1","1016","-","-"
"2021/09/29","14:00","11.08","19","14.38","68.7","1016.5","-","-"
"2021/09/29","15:00","6.8","43","10.11","69.8","1016.6","-","-"
"2021/09/29","16:00","4.86","10","8.75","70.7","1016.6","-","-"
"2021/09/29","17:00","5.64","346","8.16","71.4","1016.5","-","-"
"2021/09/29","18:00","10.11","5","12.25","71.6","1015.9","-","-"
"2021/09/29","19:00","3.89","360","10.3","72","1015.6","-","-"
"2021/09/29","20:00","3.89","12","7.39","72.7","1015.5","-","-"
"2021/09/29","21:00","6.8","331","8.75","73","1015.6","-","-"
"2021/09/29","22:00","9.72","15","11.47","70.9","1016","-","-"
"2021/09/29","23:00","7.58","34","8.94","69.1","1016.6","-","-"
"2021/09/30","00:00","8.55","45","10.3","67.6","1017.1","-","-"
"2021/09/30","01:00","9.91","47","10.69","67.8","1017.6","-","-"
"2021/09/30","02:00","7.97","35","9.52","67.8","1018.1","-","-"
"2021/09/30","03:00","8.55","63","9.91","68","1018.2","-","-"
"2021/09/30","04:00","4.47","44","6.03","68.2","1018.6","-","-"
"2021/09/30","05:00","2.33","34","4.28","64.9","1018.8","-","-"
"2021/09/30","06:00","1.94","279","3.11","63.7","1018.9","-","-"
"2021/09/30","07:00","2.53","291","3.3","63.9","1018.8","-","-"
"2021/09/30","08:00","2.33","224","2.92","61.2","1018.8","-","-"
"2021/09/30","09:00","2.14","241","2.53","61.2","1018.9","-","-"
"2021/09/30","10:00","2.33","243","3.5","59.9","1019.2","-","-"
"2021/09/30","11:00","2.72","274","3.11","60.6","1019.6","-","-"
"2021/09/30","12:00","5.83","290","6.8","62.6","1020.2","-","-"
"2021/09/30","13:00","7.39","294","9.91","63.3","1020.4","-","-"
"2021/09/30","14:00","4.28","302","5.83","66","1020.6","-","-"
"2021/09/30","15:00","6.22","258","9.91","69.4","1020.5","-","-"
"2021/09/30","16:00","8.94","265","11.08","70","1020.3","-","-"
"2021/09/30","17:00","7.97","248","10.5","71.4","1019.8","-","-"
"2021/09/30","18:00","4.67","355","7","72.3","1019.2","-","-"
"2021/09/30","19:00","7.97","318","8.75","73","1018.6","-","-"
"2021/09/30","20:00","5.25","318","8.94","74.1","1018.5","-","-"
"2021/09/30","21:00","4.67","321","5.25","74.8","1018.7","-","-"
"2021/09/30","22:00","4.28","310","4.86","74.5","1019.2","-","-"
"2021/09/30","23:00","6.03","27","7.78","73","1019.9","-","-"
"2021/10/01","00:00","9.52","53","11.47","71.1","1020.6","-","-"
"2021/10/01","01:00","7.97","47","9.14","70.5","1021.2","-","-"
"2021/10/01","02:00","6.03","47","6.61","69.8","1021.6","-","-"
"2021/10/01","03:00","3.5","46","4.47","70.3","1021.8","-","-"
"2021/10/01","04:00","6.03","15","6.8","68.4","1022","-","-"
"2021/10/01","05:00","7.39","43","9.72","67.3","1022.1","-","-"
"2021/10/01","06:00","11.08","44","14.77","67.5","1022.3","-","-"
"2021/10/01","07:00","9.52","46","11.66","67.1","1022.4","-","-"
"2021/10/01","08:00","6.22","28","7.19","66.4","1022.3","-","-"
"2021/10/01","09:00","4.86","25","6.03","65.3","1022.6","-","-"
"2021/10/01","10:00","5.64","6","6.61","64.2","1023","-","-"
"2021/10/01","11:00","5.25","4","6.41","63","1023.9","-","-"
"2021/10/01","12:00","8.75","8","9.33","63","1024.5","-","-"
"2021/10/01","13:00","5.44","18","7.78","64.6","1024.9","-","-"
"2021/10/01","14:00","8.16","23","9.52","66.6","1025.2","-","-"
"2021/10/01","15:00","3.3","5","5.83","67.8","1025.2","-","-"
"2021/10/01","16:00","5.05","104","9.14","68.7","1025","-","-"
"2021/10/01","17:00","8.16","90","9.33","67.5","1025","-","-"
"2021/10/01","18:00","9.52","77","10.89","67.5","1024.3","-","-"
"2021/10/01","19:00","9.72","83","10.89","67.5","1023.7","-","-"
"2021/10/01","20:00","6.8","70","7.97","68.7","1023.5","-","-"
"2021/10/01","21:00","6.41","81","8.75","68.5","1023.5","-","-"
"2021/10/01","22:00","5.05","117","7.39","68.9","1023.6","-","-"
"2021/10/01","23:00","5.64","119","6.8","68.2","1023.5","-","-"
"2021/10/02","00:00","3.11","146","4.67","67.1","1023.9","-","-"
"2021/10/02","01:00","2.33","167","3.3","65.8","1024.3","-","-"
"2021/10/02","02:00","1.94","186","2.53","65.3","1024.2","-","-"
"2021/10/02","03:00","2.14","188","3.11","63.1","1024.2","-","-"
"2021/10/02","04:00","5.25","215","6.22","62.4","1024","-","-"
"2021/10/02","05:00","5.44","211","6.41","62.2","1024.1","-","-"
"2021/10/02","06:00","6.22","217","7","61.3","1024.1","-","-"
"2021/10/02","07:00","4.86","212","7.19","61.3","1023.9","-","-"
"2021/10/02","08:00","7.58","212","9.33","61.3","1023.6","-","-"
"2021/10/02","09:00","3.3","213","4.08","61.3","1023.7","-","-"
"2021/10/02","10:00","1.75","168","2.72","61","1023.9","-","-"
"2021/10/02","11:00","0.97","172","1.94","59.7","1024","-","-"
"2021/10/02","12:00","0.39","182","2.14","62.6","1024.2","-","-"
"2021/10/02","13:00","9.14","209","12.63","65.1","1024","-","-"
"2021/10/02","14:00","9.72","226","11.66","68.4","1023.7","-","-"
"2021/10/02","15:00","8.75","238","12.25","70.5","1023.2","-","-"
"2021/10/02","16:00","1.36","215","8.94","73.2","1022.7","-","-"
"2021/10/02","17:00","7.39","237","10.11","74.5","1021.7","-","-"
"2021/10/02","18:00","9.14","232","11.47","76.3","1020.7","-","-"
"2021/10/02","19:00","3.69","254","6.8","77","1020.1","-","-"
"2021/10/02","20:00","7.19","234","10.69","78.3","1019.4","-","-"
"2021/10/02","21:00","4.67","242","7","78.4","1019.1","-","-"
"2021/10/02","22:00","4.28","219","6.41","77.9","1019","-","-"
"2021/10/02","23:00","3.3","200","4.08","74.3","1018.9","-","-"
"2021/10/03","00:00","5.05","195","5.64","71.4","1018.9","-","-"
"2021/10/03","01:00","6.22","197","7.78","72.5","1019.1","-","-"
"2021/10/03","02:00","6.8","184","8.94","70.9","1019.1","-","-"
"2021/10/03","03:00","8.36","190","11.27","69.4","1019.2","-","-"
"2021/10/03","04:00","9.91","204","13.22","68.4","1019.1","-","-"
"2021/10/03","05:00","8.94","205","13.8","68.2","1018.9","-","-"
"2021/10/03","06:00","8.94","207","11.66","68","1018.7","-","-"
"2021/10/03","07:00","10.3","212","14.77","67.5","1018.2","-","-"
"2021/10/03","08:00","9.72","217","12.83","66.9","1017.7","-","-"
"2021/10/03","09:00","11.47","214","14","66.6","1017.4","-","-"
"2021/10/03","10:00","11.86","222","14.58","66","1017.4","-","-"
"2021/10/03","11:00","11.86","219","14.58","65.5","1017.3","-","-"
"2021/10/03","12:00","11.47","216","14","66.2","1017.5","-","-"
"2021/10/03","13:00","11.66","223","15.94","68.5","1017.4","-","-"
"2021/10/03","14:00","9.72","223","13.8","71.4","1017.5","-","-"
"2021/10/03","15:00","9.72","241","12.63","74.1","1017.4","-","-"
"2021/10/03","16:00","8.16","235","14.19","77.2","1016.7","-","-"
"2021/10/03","17:00","12.05","264","14.77","79.2","1016","-","-"
"2021/10/03","18:00","11.08","213","14.38","80.4","1015.2","-","-"
"2021/10/03","19:00","9.72","221","15.36","82","1014.5","-","-"
"2021/10/03","20:00","5.64","234","10.5","81.7","1014.1","-","-"
"2021/10/03","21:00","6.61","215","12.05","81.1","1013.9","-","-"
"2021/10/03","22:00","4.86","213","6.41","79.7","1013.9","-","-"
"2021/10/03","23:00","4.67","213","5.83","77.5","1014.2","-","-"
"2021/10/04","00:00","4.47","205","5.64","75.9","1014.6","-","-"
"2021/10/04","01:00","4.08","203","6.61","75.4","1014.8","-","-"
"2021/10/04","02:00","6.61","193","8.94","74.8","1015.2","-","-"
"2021/10/04","03:00","7.19","202","9.91","73.8","1015.2","-","-"
"2021/10/04","04:00","13.02","210","16.91","73","1015","-","-"
"2021/10/04","05:00","11.47","210","17.11","72","1014.7","-","-"
"2021/10/04","06:00","13.02","211","16.52","71.2","1014.4","-","-"
"2021/10/04","07:00","10.89","222","19.63","71.1","1014.2","-","-"
"2021/10/04","08:00","10.3","215","14.77","71.1","1014","-","-"
"2021/10/04","09:00","8.75","217","12.83","70.3","1014.1","-","-"
"2021/10/04","10:00","10.3","226","13.8","70.7","1014.4","-","-"
"2021/10/04","11:00","11.27","225","16.33","70.3","1014.6","-","-"
"2021/10/04","12:00","9.52","233","14.19","70","1015","-","-"
"2021/10/04","13:00","9.72","225","12.25","70.9","1015.4","-","-"
"2021/10/04","14:00","8.55","212","10.69","72","1015.6","-","-"
"2021/10/04","15:00","6.41","236","9.33","73.4","1015.9","-","-"
"2021/10/04","16:00","7.19","221","10.89","74.3","1015.5","-","-"
"2021/10/04","17:00","7.97","222","11.27","76.8","1015.2","-","-"
"2021/10/04","18:00","7","227","8.94","80.1","1014.6","-","-"
"2021/10/04","19:00","7.19","243","10.89","81.7","1014.1","-","-"
"2021/10/04","20:00","3.5","218","5.05","81.3","1014.2","-","-"
"2021/10/04","21:00","6.41","215","10.3","81.9","1014.3","-","-"
"2021/10/04","22:00","4.08","209","6.03","80.6","1014.6","-","-"
"2021/10/04","23:00","3.3","226","3.5","77.2","1015.2","-","-"
"2021/10/05","00:00","3.11","204","3.69","75.9","1015.5","-","-"
"2021/10/05","01:00","3.11","179","4.47","74.3","1016.5","-","-"
"2021/10/05","02:00","6.22","188","8.16","75.9","1017","-","-"
"2021/10/05","03:00","7","194","10.11","75.4","1017.5","-","-"
"2021/10/05","04:00","4.47","198","8.94","74.5","1017.6","-","-"
"2021/10/05","05:00","7.58","198","9.52","73.8","1017.7","-","-"
"2021/10/05","06:00","6.8","199","9.14","73","1017.7","-","-"
"2021/10/05","07:00","5.25","210","7.58","72.3","1017.5","-","-"
"2021/10/05","08:00","1.36","218","3.3","71.4","1017.7","-","-"
"2021/10/05","09:00","4.28","212","5.64","70.9","1018","-","-"
"2021/10/05","10:00","3.5","222","4.47","70.7","1018.4","-","-"
"2021/10/05","11:00","4.67","187","6.22","70.5","1019.1","-","-"
"2021/10/05","12:00","1.17","150","2.14","71.1","1019.6","-","-"
"2021/10/05","13:00","2.72","242","4.47","71.4","1020.2","-","-"
"2021/10/05","14:00","1.56","313","2.14","73.6","1020.7","-","-"
"2021/10/05","15:00","4.28","40","4.47","75.2","1021","-","-"
"2021/10/05","16:00","4.28","68","5.83","75.7","1021","-","-"
"2021/10/05","17:00","6.41","67","7.19","76.5","1020.9","-","-"
"2021/10/05","18:00","8.94","84","10.3","75.6","1020.6","-","-"
"2021/10/05","19:00","8.16","70","9.14","76.3","1019.7","-","-"
"2021/10/05","20:00","8.94","68","9.52","76.5","1019.7","-","-"
"2021/10/05","21:00","6.22","82","6.61","76.5","1020","-","-"
"2021/10/05","22:00","7.58","117","8.94","77.5","1020.4","-","-"
"2021/10/05","23:00","4.28","118","5.44","76.6","1021.1","-","-"
"2021/10/06","00:00","6.22","86","6.8","75.9","1021.9","-","-"
"2021/10/06","01:00","13.8","38","16.33","74.8","1023","-","-"
"2021/10/06","02:00","11.08","13","13.02","73","1023.4","-","-"
"2021/10/06","03:00","6.61","45","7.58","71.6","1023.5","-","-"
"2021/10/06","04:00","1.75","92","2.14","72.3","1023.8","-","-"
"2021/10/06","05:00","3.3","16","4.47","71.8","1023.6","-","-"
"2021/10/06","06:00","9.52","79","10.5","74.1","1023.7","-","-"
"2021/10/06","07:00","7.97","97","10.5","73.9","1023.6","-","-"
"2021/10/06","08:00","7.19","109","8.75","73.4","1023.7","-","-"
"2021/10/06","09:00","5.25","101","7.19","73.2","1023.9","-","-"
"2021/10/06","10:00","8.36","80","9.33","73.6","1024.4","-","-"
"2021/10/06","11:00","11.08","83","12.25","73.6","1024.6","-","-"
"2021/10/06","12:00","11.47","77","12.44","73.4","1025.2","-","-"
"2021/10/06","13:00","9.14","81","11.86","73.4","1025.8","-","-"
"2021/10/06","14:00","10.89","83","13.02","73.6","1026","-","-"
"2021/10/06","15:00","9.14","85","10.11","73.9","1026.4","-","-"
"2021/10/06","16:00","12.25","93","13.61","74.1","1026.2","-","-"
"2021/10/06","17:00","14.19","85","16.33","74.3","1025.9","-","-"
"2021/10/06","18:00","13.8","86","15.55","73.6","1025.5","-","-"
"2021/10/06","19:00","12.44","99","15.16","73.6","1025.3","-","-"
"2021/10/06","20:00","13.22","93","14.58","73.4","1024.9","-","-"
"2021/10/06","21:00","13.41","81","14.97","73.6","1024.6","-","-"
"2021/10/06","22:00","14.77","86","16.13","73.2","1024.7","-","-"
"2021/10/06","23:00","14.38","73","16.33","72.7","1025.1","-","-"
"2021/10/07","00:00","13.61","74","15.16","72.5","1025.5","-","-"
"2021/10/07","01:00","13.61","76","15.55","71.8","1025.7","-","-"
"2021/10/07","02:00","14.77","60","17.49","71.2","1025.7","-","-"
"2021/10/07","03:00","14.97","66","16.91","70.7","1025.5","-","-"
"2021/10/07","04:00","14","60","16.72","70.5","1025.5","-","-"
"2021/10/07","05:00","12.05","73","15.55","70.5","1025.2","-","-"
"2021/10/07","06:00","11.47","70","14.97","70.3","1025.2","-","-"
"2021/10/07","07:00","11.86","64","15.16","70.3","1024.6","-","-"
"2021/10/07","08:00","12.63","64","14.38","70.3","1024.3","-","-"
"2021/10/07","09:00","10.3","44","11.86","70","1024.3","-","-"
"2021/10/07","10:00","11.66","57","15.16","70.3","1024.1","-","-"
"2021/10/07","11:00","14.19","63","17.49","70.2","1024.4","-","-"
"2021/10/07","12:00","13.22","56","16.52","70.2","1024.9","-","-"
"2021/10/07","13:00","14.19","74","16.52","70.2","1025.3","-","-"
"2021/10/07","14:00","12.25","62","15.36","70.3","1025.3","-","-"
"2021/10/07","15:00","11.66","57","13.61","70.7","1025","-","-"
"2021/10/07","16:00","11.66","66","13.02","70.9","1024.9","-","-"
"2021/10/07","17:00","9.33","63","11.08","71.2","1024.3","-","-"
"2021/10/07","18:00","8.94","71","10.5","72","1023.6","-","-"
"2021/10/07","19:00","8.16","45","10.5","72","1023","-","-"
"2021/10/07","20:00","8.55","43","9.91","72","1022.7","-","-"
"2021/10/07","21:00","7.78","5","8.94","71.6","1022.3","-","-"
"2021/10/07","22:00","6.41","41","7.97","71.6","1022","-","-"
"2021/10/07","23:00","7.19","25","8.94","70","1021.9","-","-"
"2021/10/08","00:00","12.44","65","14.77","71.6","1021.6","-","-"
"2021/10/08","01:00","13.41","75","15.16","71.6","1021.4","-","-"
"2021/10/08","02:00","12.05","79","13.61","71.6","1021.4","-","-"
"2021/10/08","03:00","11.66","69","13.02","71.4","1021.2","-","-"
"2021/10/08","04:00","9.14","80","10.69","71.1","1021.2","-","-"
"2021/10/08","05:00","8.16","96","10.89","69.4","1020.8","-","-"
"2021/10/08","06:00","9.72","69","11.66","69.3","1020.5","-","-"
"2021/10/08","07:00","6.41","48","8.75","69.4","1019.9","-","-"
"2021/10/08","08:00","5.05","46","6.61","69.4","1019.4","-","-"
"2021/10/08","09:00","3.3","352","4.67","69.6","1019.6","-","-"
"2021/10/08","10:00","5.25","17","6.8","69.4","1019.7","-","-"
"2021/10/08","11:00","9.72","48","11.66","70.7","1019.7","-","-"
"2021/10/08","12:00","10.89","64","12.44","71.2","1020.1","-","-"
"2021/10/08","13:00","12.05","75","14","71.8","1020.4","-","-"
"2021/10/08","14:00","13.22","70","14.97","71.6","1020.6","-","-"
"2021/10/08","15:00","11.86","60","13.02","71.6","1020.5","-","-"
"2021/10/08","16:00","10.5","66","13.02","72.3","1020.5","-","-"
"2021/10/08","17:00","8.94","63","9.91","72.5","1020.5","-","-"
"2021/10/08","18:00","11.27","71","12.83","72.9","1019.5","-","-"
"2021/10/08","19:00","11.47","83","13.22","72.7","1019.1","-","-"
"2021/10/08","20:00","11.66","84","13.61","72.9","1018.7","-","-"
"2021/10/08","21:00","10.69","93","13.22","72.5","1018.7","-","-"
"2021/10/08","22:00","11.86","94","13.8","72.1","1018.8","-","-"
"2021/10/08","23:00","14.19","81","15.55","71.4","1018.9","-","-"
"2021/10/09","00:00","14.58","75","17.3","71.2","1018.9","-","-"
"2021/10/09","01:00","14","72","16.52","70.9","1018.7","-","-"
"2021/10/09","02:00","14.58","77","16.13","71.2","1018.3","-","-"
"2021/10/09","03:00","11.66","76","15.55","71.1","1018.6","-","-"
"2021/10/09","04:00","11.47","69","13.61","70.9","1018.6","-","-"
"2021/10/09","05:00","13.02","71","14.97","70.9","1018.5","-","-"
"2021/10/09","06:00","16.52","69","18.86","70.9","1018.3","-","-"
"2021/10/09","07:00","15.75","76","18.08","70.9","1017.5","-","-"
"2021/10/09","08:00","15.94","74","18.47","70.9","1017.5","-","-"
"2021/10/09","09:00","13.8","60","15.75","70.5","1017.3","-","-"
"2021/10/09","10:00","9.52","48","13.02","70.7","1017.3","-","-"
"2021/10/09","11:00","12.25","53","16.52","70.3","1017.2","-","-"
"2021/10/09","12:00","11.86","41","14","68.9","1017.6","-","-"
"2021/10/09","13:00","7.58","30","8.94","68.4","1017.8","-","-"
"2021/10/09","14:00","8.94","28","11.47","69.6","1017.8","-","-"
"2021/10/09","15:00","9.33","23","11.66","69.3","1017.9","-","-"
"2021/10/09","16:00","18.66","62","20.8","72","1017.8","-","-"
"2021/10/09","17:00","17.88","66","20.22","71.8","1017.8","-","-"
"2021/10/09","18:00","16.91","61","21.77","72","1017.1","-","-"
"2021/10/09","19:00","18.47","53","20.6","70.7","1016.9","-","-"
"2021/10/09","20:00","9.52","27","11.47","68.5","1016.7","-","-"
"2021/10/09","21:00","9.52","43","11.27","70.2","1016.4","-","-"
"2021/10/09","22:00","11.47","34","13.8","70.9","1016.8","-","-"
"2021/10/09","23:00","14","36","16.91","71.2","1016.6","-","-"
"2021/10/10","00:00","13.8","30","16.91","71.1","1016.5","-","-"
"2021/10/10","01:00","13.61","36","17.69","70.9","1016.7","-","-"
"2021/10/10","02:00","18.66","40","23.33","69.8","1016.7","-","-"
"2021/10/10","03:00","13.8","32","17.49","70","1016.3","-","-"
"2021/10/10","04:00","12.44","32","17.11","69.8","1016","-","-"
"2021/10/10","05:00","12.05","33","14.38","70.2","1015.6","-","-"
"2021/10/10","06:00","13.22","23","16.52","70.9","1014.9","-","-"
"2021/10/10","07:00","14.77","41","19.44","72","1014.6","-","-"
"2021/10/10","08:00","17.88","52","21.19","72.1","1013.9","-","-"
"2021/10/10","09:00","17.49","53","21.19","72.1","1013.8","-","-"
"2021/10/10","10:00","15.94","42","19.83","72.3","1013.9","-","-"
"2021/10/10","11:00","16.52","38","21.19","72.5","1014.1","-","-"
"2021/10/10","12:00","13.41","33","15.94","72","1014.5","-","-"
"2021/10/10","13:00","13.02","28","18.47","72","1014.9","-","-"
"2021/10/10","14:00","15.16","42","17.49","71.2","1014.9","-","-"
"2021/10/10","15:00","15.75","57","18.08","72.3","1015","-","-"
"2021/10/10","16:00","11.47","36","13.61","72.9","1015.1","-","-"
"2021/10/10","17:00","12.25","38","15.94","73.4","1014.8","-","-"
"2021/10/10","18:00","14.19","34","18.27","74.3","1014.2","-","-"
"2021/10/10","19:00","14","42","19.44","75","1013.8","-","-"
"2021/10/10","20:00","17.69","35","23.33","75.2","1013.3","-","-"
"2021/10/10","21:00","15.36","21","17.69","75.2","1013.4","-","-"
"2021/10/10","22:00","11.47","13","15.75","74.8","1013.6","-","-"
"2021/10/10","23:00","19.24","37","23.33","73.8","1013.8","-","-"
"2021/10/11","00:00","15.75","40","23.33","71.8","1014.4","-","-"
"2021/10/11","01:00","16.91","35","21.77","70.7","1014.9","-","-"
"2021/10/11","02:00","19.05","31","23.13","70.3","1015.3","-","-"
"2021/10/11","03:00","16.13","41","20.6","69.3","1015.2","-","-"
"2021/10/11","04:00","12.05","25","16.13","68.9","1015.4","-","-"
"2021/10/11","05:00","12.83","13","17.88","68.7","1014.8","-","-"
"2021/10/11","06:00","11.66","13","15.16","68.2","1014.1","-","-"
"2021/10/11","07:00","10.11","32","11.86","68.9","1014","-","-"
"2021/10/11","08:00","15.36","38","19.05","68.4","1014.1","-","-"
"2021/10/11","09:00","12.05","21","15.94","68.9","1013.9","-","-"
"2021/10/11","10:00","12.83","21","14.97","68.2","1014.4","-","-"
"2021/10/11","11:00","11.08","8","13.8","67.6","1014.9","-","-"
"2021/10/11","12:00","11.47","342","13.22","66","1015.7","-","-"
"2021/10/11","13:00","9.14","352","10.89","66","1016.3","-","-"
"2021/10/11","14:00","15.36","4","18.66","66.9","1016.2","-","-"
"2021/10/11","15:00","9.72","13","13.41","67.1","1016","-","-"
"2021/10/11","16:00","10.11","11","12.25","66.9","1016","-","-"
"2021/10/11","17:00","11.47","358","15.16","67.3","1015.3","-","-"
"2021/10/11","18:00","11.47","359","15.36","67.6","1015.1","-","-"
"2021/10/11","19:00","9.33","354","12.63","68.2","1015.1","-","-"
"2021/10/11","20:00","8.55","346","12.63","68.4","1015.2","-","-"
"2021/10/11","21:00","10.3","338","11.86","68.5","1015.3","-","-"
"2021/10/11","22:00","11.66","355","14.19","67.8","1015.9","-","-"
"2021/10/11","23:00","10.3","337","13.61","66.4","1015.9","-","-"
"2021/10/12","00:00","9.52","334","11.47","65.8","1016.1","-","-"
"2021/10/12","01:00","9.72","343","12.44","66.4","1016.2","-","-"
"2021/10/12","02:00","8.55","337","10.3","66.6","1016.3","-","-"
"2021/10/12","03:00","8.75","359","10.3","66.6","1016.3","-","-"
"2021/10/12","04:00","7.97","355","9.72","66.7","1016.1","-","-"
"2021/10/12","05:00","9.33","348","10.89","66.7","1015.6","-","-"
"2021/10/12","06:00","10.11","337","11.47","66.6","1015.8","-","-"
"2021/10/12","07:00","9.52","334","11.27","66.6","1015.7","-","-"
"2021/10/12","08:00","10.5","327","13.02","67.1","1015.7","-","-"
"2021/10/12","09:00","9.91","324","12.63","66.7","1016","-","-"
"2021/10/12","10:00","9.91","318","11.08","66.4","1016.3","-","-"
"2021/10/12","11:00","9.33","329","11.27","66.9","1017","-","-"
"2021/10/12","12:00","9.33","352","12.63","67.1","1017.4","-","-"
"2021/10/12","13:00","9.72","356","11.66","67.3","1017.9","-","-"
"2021/10/12","14:00","7.78","359","9.14","67.6","1017.9","-","-"
"2021/10/12","15:00","9.14","15","14.77","68.4","1017.9","-","-"
"2021/10/12","16:00","8.94","6","11.08","69.1","1017.9","-","-"
"2021/10/12","17:00","8.75","19","12.25","69.4","1017.6","-","-"
"2021/10/12","18:00","6.03","4","7.78","70.7","1016.9","-","-"
"2021/10/12","19:00","7.97","346","10.5","70.5","1016.5","-","-"
"2021/10/12","20:00","9.52","20","11.66","71.4","1016","-","-"
"2021/10/12","21:00","5.44","1","7","70.3","1016.2","-","-"
"2021/10/12","22:00","3.69","331","4.67","71.1","1016.4","-","-"
"2021/10/12","23:00","8.16","27","10.11","70.3","1016.7","-","-"
"2021/10/13","00:00","7.97","15","9.33","69.4","1016.9","-","-"
"2021/10/13","01:00","6.22","5","8.36","68.9","1017","-","-"
"2021/10/13","02:00","7.19","319","8.16","68.4","1017.1","-","-"
"2021/10/13","03:00","6.8","332","8.36","68.5","1017","-","-"
"2021/10/13","04:00","6.41","330","7.97","68.4","1017","-","-"
"2021/10/13","05:00","5.25","7","6.8","68.4","1016.7","-","-"
"2021/10/13","06:00","6.61","353","7.97","68","1016.8","-","-"
"2021/10/13","07:00","7.39","358","8.36","68.2","1016.9","-","-"
"2021/10/13","08:00","5.64","343","6.8","68.2","1016.7","-","-"
"2021/10/13","09:00","4.08","339","5.83","67.6","1016.8","-","-"
"2021/10/13","10:00","4.67","352","6.03","66.9","1016.8","-","-"
"2021/10/13","11:00","7.97","322","8.94","65.7","1017.2","-","-"
"2021/10/13","12:00","7.19","337","9.33","65.8","1017.6","-","-"
"2021/10/13","13:00","7","329","8.36","66.7","1018.2","-","-"
"2021/10/13","14:00","7","309","8.36","68.4","1018.2","-","-"
"2021/10/13","15:00","4.86","302","7.39","69.4","1018.2","-","-"
"2021/10/13","16:00","5.44","312","7","70","1017.8","-","-"
"2021/10/13","17:00","7.78","99","8.55","68.5","1017.1","-","-"
"2021/10/13","18:00","4.47","92","5.44","69.6","1016.1","-","-"
"2021/10/13","19:00","3.11","78","3.69","70.7","1015.8","-","-"
"2021/10/13","20:00","0.58","61","0.97","73","1015.6","-","-"
"2021/10/13","21:00","1.56","348","1.94","71.2","1015.7","-","-"
"2021/10/13","22:00","0.78","34","1.94","71.1","1015.6","-","-"
"2021/10/13","23:00","2.14","30","3.3","71.1","1015.9","-","-"
"2021/10/14","00:00","2.92","57","3.89","70.9","1016.2","-","-"
"2021/10/14","01:00","3.11","183","3.5","69.4","1016.3","-","-"
"2021/10/14","02:00","1.17","187","1.56","68.2","1016.4","-","-"
"2021/10/14","03:00","1.36","186","1.94","67.3","1016.1","-","-"
"2021/10/14","04:00","2.92","218","3.69","66.4","1015.8","-","-"
"2021/10/14","05:00","5.25","221","5.44","66.2","1015.4","-","-"
"2021/10/14","06:00","1.75","244","3.11","66.6","1015.5","-","-"
"2021/10/14","07:00","2.53","284","2.92","66.9","1015.2","-","-"
"2021/10/14","08:00","1.75","228","2.53","66","1014.8","-","-"
"2021/10/14","09:00","5.05","265","5.83","66.7","1014.6","-","-"
"2021/10/14","10:00","4.08","275","5.05","66.2","1014.9","-","-"
"2021/10/14","11:00","1.94","301","2.53","64.6","1015.2","-","-"
"2021/10/14","12:00","2.92","280","3.5","64.6","1015.5","-","-"
"2021/10/14","13:00","2.53","279","5.05","64.8","1016.1","-","-"
"2021/10/14","14:00","4.47","299","6.03","66.4","1016.1","-","-"
"2021/10/14","15:00","5.83","320","6.8","68.4","1015.9","-","-"
"2021/10/14","16:00","7","296","7.97","71.1","1015.4","-","-"
"2021/10/14","17:00","6.22","303","7.19","73.6","1015","-","-"
"2021/10/14","18:00","6.22","312","7.58","75","1014.2","-","-"
"2021/10/14","19:00","11.08","314","13.8","75.7","1013.6","-","-"
"2021/10/14","20:00","7.78","91","10.89","71.6","1013.6","-","-"
"2021/10/14","21:00","8.36","94","9.33","72","1013.4","-","-"
"2021/10/14","22:00","4.47","119","5.64","72.1","1013.6","-","-"
"2021/10/14","23:00","2.72","198","3.11","70.2","1013.9","-","-"
"2021/10/15","00:00","2.14","194","2.33","68.7","1013.9","-","-"
"2021/10/15","01:00","0.97","215","1.56","67.8","1014.2","-","-"
"2021/10/15","02:00","1.17","259","1.75","67.5","1014.2","-","-"
"2021/10/15","03:00","3.3","272","4.08","67.3","1014.1","-","-"
"2021/10/15","04:00","2.53","223","2.72","65.7","1014.3","-","-"
"2021/10/15","05:00","1.94","242","2.53","66.7","1013.9","-","-"
"2021/10/15","06:00","1.56","248","1.94","66.4","1013.9","-","-"
"2021/10/15","07:00","2.53","258","3.69","66.7","1013.8","-","-"
"2021/10/15","08:00","4.08","289","4.86","65.8","1013.6","-","-"
"2021/10/15","09:00","3.89","281","4.28","65.8","1013.4","-","-"
"2021/10/15","10:00","2.72","272","3.5","65.1","1013.8","-","-"
"2021/10/15","11:00","3.89","287","4.47","65.5","1014.2","-","-"
"2021/10/15","12:00","1.56","198","2.92","65.5","1014.3","-","-"
"2021/10/15","13:00","3.3","271","4.08","68","1015","-","-"
"2021/10/15","14:00","3.3","316","3.89","69.8","1015.3","-","-"
"2021/10/15","15:00","1.17","342","1.56","72.5","1015.1","-","-"
"2021/10/15","16:00","2.33","78","2.53","74.7","1014.6","-","-"
"2021/10/15","17:00","7","72","7.39","73.6","1014.3","-","-"
"2021/10/15","18:00","8.36","80","9.33","74.7","1013.6","-","-"
"2021/10/15","19:00","10.5","84","10.69","75.4","1013.3","-","-"
"2021/10/15","20:00","9.14","90","9.52","75.7","1013.3","-","-"
"2021/10/15","21:00","7.39","93","7.58","76.1","1013.1","-","-"
"2021/10/15","22:00","5.64","119","6.61","76.1","1013.1","-","-"
"2021/10/15","23:00","5.64","147","7.39","73.4","1013.2","-","-"
"2021/10/16","00:00","5.44","171","6.22","71.2","1013.2","-","-"
"2021/10/16","01:00","6.22","170","7.19","70.7","1012.9","-","-"
"2021/10/16","02:00","5.64","182","7.97","70.2","1012.7","-","-"
"2021/10/16","03:00","6.03","185","7.58","69.6","1012.3","-","-"
"2021/10/16","04:00","5.64","195","7.78","69.1","1012","-","-"
"2021/10/16","05:00","6.8","203","9.72","68.5","1011.8","-","-"
"2021/10/16","06:00","9.33","205","11.66","68.5","1011.6","-","-"
"2021/10/16","07:00","10.3","202","13.61","68.4","1011","-","-"
"2021/10/16","08:00","8.75","200","10.89","67.8","1010.5","-","-"
"2021/10/16","09:00","7.19","200","9.33","67.1","1010.3","-","-"
"2021/10/16","10:00","6.8","202","9.91","66.9","1010.3","-","-"
"2021/10/16","11:00","10.11","191","12.63","66.7","1010","-","-"
"2021/10/16","12:00","6.22","196","10.3","66.9","1010.1","-","-"
"2021/10/16","13:00","9.91","185","12.83","69.4","1009.5","-","-"
"2021/10/16","14:00","10.89","196","15.75","72.3","1009.3","-","-"
"2021/10/16","15:00","9.91","212","14.97","75","1008.7","-","-"
"2021/10/16","16:00","9.33","199","13.41","77.4","1007.8","-","-"
"2021/10/16","17:00","8.75","198","17.69","79.3","1006.5","-","-"
"2021/10/16","18:00","14","217","17.3","80.8","1005","-","-"
"2021/10/16","19:00","13.02","208","17.3","82.2","1004.6","-","-"
"2021/10/16","20:00","7.78","224","11.08","82.4","1004.2","-","-"
"2021/10/16","21:00","9.52","228","14.38","81.5","1004.2","-","-"
"2021/10/16","22:00","18.27","328","22.94","63.3","1008.3","-","-"
"2021/10/16","23:00","11.27","4","14.58","62.4","1009.1","-","-"
"2021/10/17","00:00","6.61","1","10.3","62.8","1010.1","-","-"
"2021/10/17","01:00","10.69","344","13.41","63.5","1010.8","-","-"
"2021/10/17","02:00","14.77","329","17.49","63.1","1011.8","-","-"
"2021/10/17","03:00","15.75","328","18.86","63.3","1012.5","-","-"
"2021/10/17","04:00","15.75","332","19.44","62.6","1012.9","-","-"
"2021/10/17","05:00","15.55","339","18.86","61.5","1013.2","-","-"
"2021/10/17","06:00","14","342","17.3","60.8","1013.5","-","-"
"2021/10/17","07:00","13.41","341","15.16","59.7","1013.6","-","-"
"2021/10/17","08:00","12.44","346","17.11","59.7","1013.4","-","-"
"2021/10/17","09:00","10.5","332","13.02","58.3","1013.6","-","-"
"2021/10/17","10:00","13.61","327","15.94","59","1014.1","-","-"
"2021/10/17","11:00","12.63","328","15.75","57.9","1014.3","-","-"
"2021/10/17","12:00","9.14","293","11.47","56.1","1014.7","-","-"
"2021/10/17","13:00","13.41","304","18.27","58.8","1015.3","-","-"
"2021/10/17","14:00","14.19","302","20.99","58.6","1015.2","-","-"
"2021/10/17","15:00","17.3","322","23.13","60.3","1015.3","-","-"
"2021/10/17","16:00","16.52","321","24.69","60.6","1015","-","-"
"2021/10/17","17:00","14.97","322","19.24","62.1","1014.3","-","-"
"2021/10/17","18:00","17.88","310","22.35","62.6","1013.7","-","-"
"2021/10/17","19:00","13.61","302","17.88","63.9","1013.5","-","-"
"2021/10/17","20:00","14.97","299","18.08","64.4","1013.6","-","-"
"2021/10/17","21:00","13.41","318","16.72","64.8","1013.9","-","-"
"2021/10/17","22:00","9.33","276","11.27","63","1014.2","-","-"
"2021/10/17","23:00","6.41","256","7.97","60.8","1014.7","-","-"
"2021/10/18","00:00","7.97","258","9.91","60.3","1015.4","-","-"
"2021/10/18","01:00","9.33","279","11.47","59.9","1016","-","-"
"2021/10/18","02:00","8.36","274","10.69","58.8","1016.4","-","-"
"2021/10/18","03:00","8.94","289","10.3","58.5","1016.9","-","-"
"2021/10/18","04:00","4.08","280","5.44","55.6","1016.9","-","-"
"2021/10/18","05:00","6.22","282","10.5","55.9","1016.7","-","-"
"2021/10/18","06:00","5.44","307","7.58","56.1","1016.8","-","-"
"2021/10/18","07:00","11.27","298","16.91","56.8","1016.6","-","-"
"2021/10/18","08:00","12.63","291","15.55","55.8","1016.2","-","-"
"2021/10/18","09:00","5.83","278","8.36","53.2","1016.7","-","-"
"2021/10/18","10:00","6.41","289","8.94","52.5","1016.9","-","-"
"2021/10/18","11:00","7.78","279","9.33","52.9","1017","-","-"
"2021/10/18","12:00","5.64","298","7.58","53.6","1017.1","-","-"
"2021/10/18","13:00","7.78","290","9.52","55.9","1017.3","-","-"
"2021/10/18","14:00","16.13","279","19.05","60.3","1016.9","-","-"
"2021/10/18","15:00","14.58","290","20.99","62.6","1016.9","-","-"
"2021/10/18","16:00","13.8","299","21.58","63.7","1016.5","-","-"
"2021/10/18","17:00","13.02","294","21.19","64.4","1015.8","-","-"
"2021/10/18","18:00","13.61","325","16.52","64.9","1015.3","-","-"
"2021/10/18","19:00","13.22","298","16.91","66.2","1014.6","-","-"
"2021/10/18","20:00","15.36","277","22.55","67.5","1014.4","-","-"
"2021/10/18","21:00","11.47","273","15.94","68","1014.4","-","-"
"2021/10/18","22:00","5.44","259","7","67.1","1014.9","-","-"
"2021/10/18","23:00","5.25","222","6.22","62.4","1015.4","-","-"
"2021/10/19","00:00","7.39","231","9.52","61.9","1015.7","-","-"
"2021/10/19","01:00","9.91","232","13.02","62.1","1016.1","-","-"
"2021/10/19","02:00","6.03","312","9.14","61.5","1017.4","-","-"
"2021/10/19","03:00","8.75","321","10.5","63","1018.1","-","-"
"2021/10/19","04:00","6.61","316","7.58","61.5","1018.4","-","-"
"2021/10/19","05:00","4.67","292","5.83","59.2","1018.8","-","-"
"2021/10/19","06:00","5.05","292","6.22","59","1019.1","-","-"
"2021/10/19","07:00","6.41","306","7.58","58.8","1019.2","-","-"
"2021/10/19","08:00","6.41","292","7.78","58.3","1019.3","-","-"
"2021/10/19","09:00","5.83","290","7.19","56.7","1019.6","-","-"
"2021/10/19","10:00","6.22","284","9.91","57","1020.4","-","-"
"2021/10/19","11:00","7.19","275","8.16","55","1021","-","-"
"2021/10/19","12:00","7","264","8.94","54.3","1021.8","-","-"
"2021/10/19","13:00","6.61","302","8.55","57.7","1022.3","-","-"
"2021/10/19","14:00","7.58","299","10.11","59.7","1022.5","-","-"
"2021/10/19","15:00","7.19","307","9.91","61.5","1022.5","-","-"
"2021/10/19","16:00","6.41","306","7.19","63.3","1022.3","-","-"
"2021/10/19","17:00","7.58","314","12.83","66.2","1021.4","-","-"
"2021/10/19","18:00","8.75","310","10.89","67.1","1020.5","-","-"
"2021/10/19","19:00","9.72","261","12.63","68.4","1019.8","-","-"
"2021/10/19","20:00","8.36","256","12.83","70","1019.5","-","-"
"2021/10/19","21:00","6.61","258","7.97","70.9","1019.1","-","-"
"2021/10/19","22:00","4.86","237","6.61","69.1","1019.4","-","-"
"2021/10/19","23:00","5.83","218","6.22","63.9","1019.5","-","-"
"2021/10/20","00:00","6.22","223","7","63","1020","-","-"
"2021/10/20","01:00","8.75","229","10.5","63.7","1020","-","-"
"2021/10/20","02:00","8.16","225","10.11","62.6","1020.2","-","-"
"2021/10/20","03:00","8.75","232","11.66","62.6","1020.2","-","-"
"2021/10/20","04:00","9.91","234","13.02","61.7","1020.2","-","-"
"2021/10/20","05:00","8.36","246","12.25","61.3","1019.9","-","-"
"2021/10/20","06:00","5.64","247","8.36","60.4","1019.9","-","-"
"2021/10/20","07:00","7.19","285","8.94","61","1020.2","-","-"
"2021/10/20","08:00","7","279","9.14","59.2","1020.3","-","-"
"2021/10/20","09:00","7.58","282","8.55","58.5","1020.6","-","-"
"2021/10/20","10:00","5.05","260","6.41","57.6","1021","-","-"
"2021/10/20","11:00","5.25","259","6.41","57","1021.2","-","-"
"2021/10/20","12:00","8.36","271","9.33","56.8","1021.7","-","-"
"2021/10/20","13:00","5.83","282","7.39","58.6","1022.3","-","-"
"2021/10/20","14:00","4.67","285","5.83","63.7","1022.5","-","-"
"2021/10/20","15:00","6.22","321","6.8","64.9","1022.5","-","-"
"2021/10/20","16:00","5.44","316","6.22","66.6","1022.2","-","-"
"2021/10/20","17:00","5.64","300","7.19","70.2","1021.3","-","-"
"2021/10/20","18:00","6.8","317","8.55","71.4","1020.7","-","-"
"2021/10/20","19:00","4.67","6","5.25","72.9","1019.9","-","-"
"2021/10/20","20:00","3.5","331","6.8","73.8","1019.7","-","-"
"2021/10/20","21:00","5.25","238","6.03","74.3","1019.4","-","-"
"2021/10/20","22:00","3.11","230","3.5","72","1019.5","-","-"
"2021/10/20","23:00","5.05","211","5.25","66.6","1019.7","-","-"
"2021/10/21","00:00","5.25","207","5.83","66","1020","-","-"
"2021/10/21","01:00","7","228","8.36","65.1","1020.1","-","-"
"2021/10/21","02:00","7.78","223","8.55","63.3","1019.9","-","-"
"2021/10/21","03:00","6.41","222","8.16","62.8","1019.9","-","-"
"2021/10/21","04:00","3.69","199","4.86","61.2","1019.8","-","-"
"2021/10/21","05:00","8.36","217","8.94","61.3","1019.3","-","-"
"2021/10/21","06:00","9.72","219","11.66","61.5","1019.2","-","-"
"2021/10/21","07:00","10.11","218","12.05","61.3","1018.9","-","-"
"2021/10/21","08:00","7","216","8.75","60.6","1018.8","-","-"
"2021/10/21","09:00","8.75","216","10.5","59.5","1018.7","-","-"
"2021/10/21","10:00","1.17","202","2.72","58.6","1018.8","-","-"
"2021/10/21","11:00","10.89","211","12.83","58.5","1018.9","-","-"
"2021/10/21","12:00","11.47","211","13.41","57.9","1019","-","-"
"2021/10/21","13:00","10.89","219","14.97","61","1019.4","-","-"
"2021/10/21","14:00","12.83","214","14.97","64.8","1019.1","-","-"
"2021/10/21","15:00","9.52","221","11.86","68.5","1018.5","-","-"
"2021/10/21","16:00","11.47","210","13.41","71.6","1017.7","-","-"
"2021/10/21","17:00","10.89","235","12.25","73.6","1016.8","-","-"
"2021/10/21","18:00","11.66","215","14.97","75","1015.8","-","-"
"2021/10/21","19:00","10.11","221","16.52","76.5","1014.8","-","-"
"2021/10/21","20:00","12.63","222","17.88","77.4","1014.4","-","-"
"2021/10/21","21:00","10.11","229","14.97","77.2","1014.3","-","-"
"2021/10/21","22:00","7.78","222","11.08","75","1014.3","-","-"
"2021/10/21","23:00","7.39","207","11.66","72.9","1014.3","-","-"
"2021/10/22","00:00","7.39","219","11.27","71.8","1014.6","-","-"
"2021/10/22","01:00","9.33","219","13.61","70.9","1014.4","-","-"
"2021/10/22","02:00","10.11","216","15.16","71.2","1014.5","-","-"
"2021/10/22","03:00","10.89","219","19.63","70.3","1014","-","-"
"2021/10/22","04:00","14.77","217","19.44","69.3","1013.6","-","-"
"2021/10/22","05:00","12.83","217","17.11","68.2","1013.5","-","-"
"2021/10/22","06:00","12.63","212","16.72","68","1012.9","-","-"
"2021/10/22","07:00","9.91","221","13.02","67.3","1013.1","-","-"
"2021/10/22","08:00","13.8","217","19.05","67.5","1012.8","-","-"
"2021/10/22","09:00","9.72","213","14.19","66.2","1012.5","-","-"
"2021/10/22","10:00","9.33","231","12.25","66","1012.9","-","-"
"2021/10/22","11:00","10.3","225","14.38","66.4","1013","-","-"
"2021/10/22","12:00","9.33","228","12.25","66.4","1013.3","-","-"
"2021/10/22","13:00","7.39","218","8.36","66.2","1013.8","-","-"
"2021/10/22","14:00","8.75","224","11.47","65.8","1014.4","-","-"
"2021/10/22","15:00","5.25","236","7.39","65.7","1013.9","-","-"
"2021/10/22","16:00","4.28","191","6.22","67.1","1014","-","-"
"2021/10/22","17:00","1.36","89","2.33","69.1","1013.7","-","-"
"2021/10/22","18:00","3.11","156","3.89","68.7","1013","-","-"
"2021/10/22","19:00","4.47","70","4.86","68.2","1012.1","-","-"
"2021/10/22","20:00","5.44","89","6.03","68.7","1012.2","-","-"
"2021/10/22","21:00","11.47","59","12.63","67.1","1012.5","-","-"
"2021/10/22","22:00","10.5","33","12.25","66.6","1012.7","-","-"
"2021/10/22","23:00","5.64","24","6.8","65.5","1013.2","-","-"
"2021/10/23","00:00","5.05","350","6.41","64.2","1013.5","-","-"
"2021/10/23","01:00","4.67","339","6.41","63.7","1013.6","-","-"
"2021/10/23","02:00","4.28","3","5.44","63.3","1014","-","-"
"2021/10/23","03:00","3.11","15","4.47","63.5","1013.7","-","-"
"2021/10/23","04:00","4.28","343","5.05","63.5","1013.3","-","-"
"2021/10/23","05:00","4.28","326","4.86","62.8","1013","-","-"
"2021/10/23","06:00","5.25","333","6.22","62.1","1012.8","-","-"
"2021/10/23","07:00","3.89","337","4.67","61.7","1013.1","-","-"
"2021/10/23","08:00","4.67","338","6.22","60.4","1013.1","-","-"
"2021/10/23","09:00","4.28","348","5.44","60.3","1013.2","-","-"
"2021/10/23","10:00","6.22","322","7.58","60.3","1013.7","-","-"
"2021/10/23","11:00","6.22","328","8.36","59","1013.8","-","-"
"2021/10/23","12:00","1.94","51","3.69","59.4","1014.2","-","-"
"2021/10/23","13:00","6.41","328","7.97","59.9","1015.4","-","-"
"2021/10/23","14:00","3.11","305","3.89","61.9","1015.4","-","-"
"2021/10/23","15:00","6.03","305","6.61","63.1","1016","-","-"
"2021/10/23","16:00","4.86","319","6.61","64.2","1016","-","-"
"2021/10/23","17:00","2.33","313","2.53","65.5","1015.4","-","-"
"2021/10/23","18:00","7","316","7.97","66.4","1014.7","-","-"
"2021/10/23","19:00","4.08","307","5.44","67.8","1014.2","-","-"
"2021/10/23","20:00","7.58","293","10.11","68.5","1014.4","-","-"
"2021/10/23","21:00","9.14","308","10.5","69.1","1014.7","-","-"
"2021/10/23","22:00","4.86","282","6.03","67.5","1015.3","-","-"
"2021/10/23","23:00","6.41","284","7","65.5","1015.7","-","-"
"2021/10/24","00:00","6.03","257","6.8","65.1","1016.7","-","-"
"2021/10/24","01:00","0.58","159","3.89","61","1017","-","-"
"2021/10/24","02:00","0.97","163","1.36","60.1","1017.1","-","-"
"2021/10/24","03:00","2.72","207","4.08","59.5","1017.5","-","-"
"2021/10/24","04:00","3.69","292","8.75","61.5","1018","-","-"
"2021/10/24","05:00","2.53","248","3.5","59.4","1018.4","-","-"
"2021/10/24","06:00","2.14","276","2.92","59.4","1018.8","-","-"
"2021/10/24","07:00","6.22","337","7.39","61.5","1019.2","-","-"
"2021/10/24","08:00","6.03","49","7.19","61.3","1019","-","-"
"2021/10/24","09:00","8.55","52","9.72","63","1020","-","-"
"2021/10/24","10:00","12.44","85","14","63.3","1020.3","-","-"
"2021/10/24","11:00","11.66","87","12.63","63.5","1020.9","-","-"
"2021/10/24","12:00","10.11","108","11.66","63.5","1021.2","-","-"
"2021/10/24","13:00","8.94","111","11.47","63.9","1021.9","-","-"
"2021/10/24","14:00","10.3","129","13.02","65.3","1022","-","-"
"2021/10/24","15:00","8.36","151","10.69","67.1","1021.8","-","-"
"2021/10/24","16:00","7.58","152","9.91","69.3","1021.5","-","-"
"2021/10/24","17:00","8.75","190","11.66","71.2","1020.8","-","-"
"2021/10/24","18:00","4.47","186","7.78","72.7","1020.2","-","-"
"2021/10/24","19:00","5.64","184","10.69","73.4","1019.5","-","-"
"2021/10/24","20:00","5.83","171","10.5","74.3","1019.3","-","-"
"2021/10/24","21:00","7.39","173","10.11","74.5","1019.2","-","-"
"2021/10/24","22:00","4.67","180","6.03","72.7","1019","-","-"
"2021/10/24","23:00","4.86","169","5.83","69.3","1019.1","-","-"
"2021/10/25","00:00","5.44","157","6.22","66.9","1019.3","-","-"
"2021/10/25","01:00","7","158","9.14","66.4","1019","-","-"
"2021/10/25","02:00","4.67","155","6.61","66","1018.7","-","-"
"2021/10/25","03:00","6.03","174","9.91","67.6","1018.7","-","-"
"2021/10/25","04:00","6.8","186","13.8","67.6","1018.3","-","-"
"2021/10/25","05:00","4.86","185","9.33","67.3","1018.2","-","-"
"2021/10/25","06:00","6.8","208","9.33","67.6","1018","-","-"
"2021/10/25","07:00","3.89","186","5.83","66.2","1017.9","-","-"
"2021/10/25","08:00","3.5","198","6.03","65.5","1017.3","-","-"
"2021/10/25","09:00","5.05","195","7.19","65.5","1017","-","-"
"2021/10/25","10:00","3.5","191","6.41","65.3","1016.7","-","-"
"2021/10/25","11:00","5.25","188","6.8","65.5","1016.4","-","-"
"2021/10/25","12:00","4.47","176","6.41","66","1016.2","-","-"
"2021/10/25","13:00","4.08","185","5.64","67.1","1016.4","-","-"
"2021/10/25","14:00","3.3","171","5.64","70.5","1015.2","-","-"
"2021/10/25","15:00","6.61","183","10.69","72.9","1014.7","-","-"
"2021/10/25","16:00","6.8","192","9.52","73","1013.6","-","-"
"2021/10/25","17:00","6.03","198","8.94","74.8","1012.1","-","-"
"2021/10/25","18:00","15.75","186","19.63","74.7","1010.6","-","-"
"2021/10/25","19:00","8.94","198","11.08","72.5","1010.3","-","-"
"2021/10/25","20:00","3.69","183","4.67","69.8","1009","-","-"
"2021/10/25","21:00","4.47","181","7.78","73.4","1007.9","-","-"
"2021/10/25","22:00","7.78","177","11.47","72.1","1007.6","-","-"
"2021/10/25","23:00","7.19","149","9.52","70.9","1006.5","-","-"
"2021/10/26","00:00","8.16","152","10.11","70","1005.3","-","-"
"2021/10/26","01:00","8.55","168","11.27","69.6","1005","-","-"
"2021/10/26","02:00","3.3","158","4.67","69.3","1004.9","-","-"
"2021/10/26","03:00","3.89","150","4.86","68.2","1003.4","-","-"
"2021/10/26","04:00","8.75","205","13.41","66.9","1003.4","-","-"
"2021/10/26","05:00","3.5","307","4.86","67.3","1001.8","-","-"
"2021/10/26","06:00","2.33","265","4.08","64.2","1000.3","-","-"
"2021/10/26","07:00","6.22","252","7.78","63.3","999.4","-","-"
"2021/10/26","08:00","14.38","260","17.11","63.5","999.2","-","-"
"2021/10/26","09:00","14.58","277","17.88","63","999.5","-","-"
"2021/10/26","10:00","15.55","285","20.6","62.6","1000.2","-","-"
"2021/10/26","11:00","14","290","18.86","62.6","1000.7","-","-"
"2021/10/26","12:00","12.05","286","14.58","61.5","1000.9","-","-"
"2021/10/26","13:00","11.86","278","15.16","61.3","1001.5","-","-"
"2021/10/26","14:00","12.25","281","14.19","61.9","1001.8","-","-"
"2021/10/26","15:00","13.22","308","17.11","63.9","1001.4","-","-"
"2021/10/26","16:00","16.72","319","19.05","66.2","1001.2","-","-"
"2021/10/26","17:00","14.19","278","20.99","67.8","1000.2","-","-"
"2021/10/26","18:00","21.38","315","23.91","68","999.6","-","-"
"2021/10/26","19:00","13.22","290","20.6","68.5","999.2","-","-"
"2021/10/26","20:00","16.13","293","21.77","68.5","999.6","-","-"
"2021/10/26","21:00","16.91","296","20.41","67.8","1000.4","-","-"
"2021/10/26","22:00","22.55","316","25.08","66.2","1001.6","-","-"
"2021/10/26","23:00","25.66","321","34.99","63.5","1002.6","-","-"
"2021/10/27","00:00","19.83","296","33.05","59.9","1003.3","-","-"
"2021/10/27","01:00","26.82","312","34.6","59","1003.8","-","-"
"2021/10/27","02:00","17.11","298","21.38","57.6","1004.2","-","-"
"2021/10/27","03:00","15.55","294","20.02","56.5","1004.3","-","-"
"2021/10/27","04:00","15.36","289","18.47","55.2","1004","-","-"
"2021/10/27","05:00","14.58","284","19.63","54","1003.4","-","-"
"2021/10/27","06:00","15.55","293","19.44","54.9","1003.8","-","-"
"2021/10/27","07:00","13.8","291","17.69","54.1","1003.8","-","-"
"2021/10/27","08:00","16.52","295","20.8","54.9","1003.8","-","-"
"2021/10/27","09:00","16.13","288","19.44","54.9","1004.3","-","-"
"2021/10/27","10:00","21.97","318","28.19","55.4","1005","-","-"
"2021/10/27","11:00","22.55","323","28.77","54.9","1005.6","-","-"
"2021/10/27","12:00","16.91","319","21.38","54.5","1006.1","-","-"
"2021/10/27","13:00","17.11","335","21.38","55.2","1006.6","-","-"
"2021/10/27","14:00","16.52","320","21.77","57.2","1006.7","-","-"
"2021/10/27","15:00","18.27","314","21.77","59.9","1006.5","-","-"
"2021/10/27","16:00","17.3","308","19.83","61.9","1006.7","-","-"
"2021/10/27","17:00","14.77","303","16.72","64.4","1006.3","-","-"
"2021/10/27","18:00","14.19","306","16.13","66","1006.4","-","-"
"2021/10/27","19:00","14","319","17.11","67.6","1006.6","-","-"
"2021/10/27","20:00","9.33","323","13.61","68.5","1006.9","-","-"
"2021/10/27","21:00","7.19","14","8.94","69.3","1007.5","-","-"
"2021/10/27","22:00","7.58","12","8.36","68","1008.4","-","-"
"2021/10/27","23:00","3.89","3","4.67","66","1008.8","-","-"
"2021/10/28","00:00","1.36","347","2.33","63.7","1009.4","-","-"
"2021/10/28","01:00","2.33","312","3.3","64.8","1009.8","-","-"
"2021/10/28","02:00","5.05","271","5.64","64.2","1010.2","-","-"
"2021/10/28","03:00","3.5","276","4.28","63.9","1010.8","-","-"
"2021/10/28","04:00","5.83","342","7","64.2","1010.8","-","-"
"2021/10/28","05:00","7.19","4","8.36","63.1","1011.1","-","-"
"2021/10/28","06:00","7.19","8","8.75","62.4","1011.2","-","-"
"2021/10/28","07:00","8.36","30","8.94","62.2","1011.3","-","-"
"2021/10/28","08:00","11.47","46","14.19","62.6","1011.1","-","-"
"2021/10/28","09:00","5.25","19","6.03","61.7","1011.8","-","-"
"2021/10/28","10:00","6.03","27","7","61","1012.1","-","-"
"2021/10/28","11:00","8.16","45","10.69","61","1012.7","-","-"
"2021/10/28","12:00","4.08","12","4.86","60.3","1013.3","-","-"
"2021/10/28","13:00","3.5","3","4.28","61","1013.5","-","-"
"2021/10/28","14:00","8.94","91","10.69","62.8","1013.8","-","-"
"2021/10/28","15:00","13.22","68","16.72","62.1","1013","-","-"
"2021/10/28","16:00","12.05","68","14","61.9","1012.8","-","-"
"2021/10/28","17:00","6.22","97","8.75","62.1","1012.8","-","-"
"2021/10/28","18:00","9.14","99","10.5","62.2","1011.6","-","-"
"2021/10/28","19:00","8.94","111","10.69","62.8","1011.6","-","-"
"2021/10/28","20:00","10.69","96","12.44","62.6","1011.2","-","-"
"2021/10/28","21:00","13.41","93","15.36","63.3","1010.4","-","-"
"2021/10/28","22:00","11.86","113","13.41","63.7","1010.9","-","-"
"2021/10/28","23:00","15.75","108","18.08","63.3","1010.7","-","-"
"2021/10/29","00:00","14.97","104","18.27","63.1","1010.3","-","-"
"2021/10/29","01:00","18.27","96","20.41","63.3","1010.2","-","-"
"2021/10/29","02:00","18.66","88","20.99","62.8","1009.9","-","-"
"2021/10/29","03:00","18.47","92","21.77","63","1009.4","-","-"
"2021/10/29","04:00","19.05","93","23.13","63.1","1008.2","-","-"
"2021/10/29","05:00","23.91","86","28.96","63.5","1007","-","-"
"2021/10/29","06:00","19.44","96","23.52","63.3","1006.9","-","-"
"2021/10/29","07:00","22.94","91","26.44","63.7","1006","-","-"
"2021/10/29","08:00","20.22","93","24.49","64","1004.9","-","-"
"2021/10/29","09:00","22.74","96","27.21","64.2","1003.7","-","-"
"2021/10/29","10:00","23.91","98","30.52","64.2","1003","-","-"
"2021/10/29","11:00","22.55","104","26.63","65.1","1001.7","-","-"
"2021/10/29","12:00","22.16","124","28.77","65.8","1000.9","-","-"
"2021/10/29","13:00","22.94","124","33.05","66","1000.6","-","-"
"2021/10/29","14:00","16.33","131","25.08","66.6","999.7","-","-"
"2021/10/29","15:00","10.89","142","17.49","68.2","999.3","-","-"
"2021/10/29","16:00","10.3","150","17.11","70","998.9","-","-"
"2021/10/29","17:00","10.5","139","13.61","71.1","997.7","-","-"
"2021/10/29","18:00","10.3","162","13.8","73.4","996.5","-","-"
"2021/10/29","19:00","5.83","191","7.19","71.2","995.9","-","-"
"2021/10/29","20:00","9.72","198","13.41","74.7","995.9","-","-"
"2021/10/29","21:00","7.58","258","9.91","67.5","996","-","-"
"2021/10/29","22:00","13.41","240","18.47","64.4","996.2","-","-"
"2021/10/29","23:00","7","214","9.52","63.1","997.2","-","-"
"2021/10/30","00:00","8.75","211","12.25","62.4","998.3","-","-"
"2021/10/30","01:00","9.14","201","14.97","63.1","998.8","-","-"
"2021/10/30","02:00","9.91","203","16.33","63.7","999.6","-","-"
"2021/10/30","03:00","10.5","220","16.33","62.4","1000","-","-"
"2021/10/30","04:00","13.02","215","20.99","61.2","1001.2","-","-"
"2021/10/30","05:00","12.44","214","17.49","60.4","1001.2","-","-"
"2021/10/30","06:00","9.72","210","11.66","58.8","1001","-","-"
"2021/10/30","07:00","7.78","207","11.27","58.5","1001.1","-","-"
"2021/10/30","08:00","5.83","226","8.55","57.9","1000.3","-","-"
"2021/10/30","09:00","5.64","205","8.16","57","1000.9","-","-"
"2021/10/30","10:00","7.39","183","8.55","56.1","1001.2","-","-"
"2021/10/30","11:00","6.61","180","7.97","55.8","1001.5","-","-"
"2021/10/30","12:00","5.44","167","7.78","55.8","1001.8","-","-"
"2021/10/30","13:00","6.03","163","8.94","59","1002.1","-","-"
"2021/10/30","14:00","10.69","188","13.22","61","1002.1","-","-"
"2021/10/30","15:00","10.5","197","13.22","61.9","1002.1","-","-"
"2021/10/30","16:00","10.89","189","12.44","62.8","1001.7","-","-"
"2021/10/30","17:00","6.03","208","11.27","64","1001.2","-","-"
"2021/10/30","18:00","7.19","210","10.69","63.5","1000.7","-","-"
"2021/10/30","19:00","6.61","233","10.3","63.5","1000.5","-","-"
"2021/10/30","20:00","2.72","219","4.47","63.7","1000.4","-","-"
"2021/10/30","21:00","6.03","229","10.5","63.3","1000.4","-","-"
"2021/10/30","22:00","3.89","215","5.05","61.9","1000.8","-","-"
"2021/10/30","23:00","6.03","241","7.78","59.7","1001.5","-","-"
"2021/10/31","00:00","4.86","224","7.19","58.1","1002.1","-","-"
"2021/10/31","01:00","7","239","8.55","57.2","1002.4","-","-"
"2021/10/31","02:00","5.83","252","7","56.7","1002.1","-","-"
"2021/10/31","03:00","7.39","234","9.72","56.3","1002.2","-","-"
"2021/10/31","04:00","10.89","240","13.61","55.8","1002","-","-"
"2021/10/31","05:00","9.72","223","13.02","55","1002.4","-","-"
"2021/10/31","06:00","9.14","227","11.66","54.3","1002.6","-","-"
"2021/10/31","07:00","8.16","222","11.66","54.5","1002.6","-","-"
"2021/10/31","08:00","7.58","223","9.72","54.3","1002.5","-","-"
"2021/10/31","09:00","6.8","220","8.55","54.1","1002.9","-","-"
"2021/10/31","10:00","8.94","218","10.69","53.1","1003.4","-","-"
"2021/10/31","11:00","10.11","226","12.25","53.4","1003.9","-","-"
"2021/10/31","12:00","10.3","237","13.22","53.4","1004.7","-","-"
"2021/10/31","13:00","8.36","244","11.27","55","1005.5","-","-"
"2021/10/31","14:00","10.11","251","13.22","56.7","1005.9","-","-"
"2021/10/31","15:00","9.14","237","12.25","58.8","1006.4","-","-"
"2021/10/31","16:00","11.08","260","15.16","62.1","1006.5","-","-"
"2021/10/31","17:00","9.72","256","12.44","64.6","1006.3","-","-"
"2021/10/31","18:00","9.72","270","13.8","66.4","1006.4","-","-"
"2021/10/31","19:00","11.86","271","14.38","68.4","1006.8","-","-"
"2021/10/31","20:00","10.11","271","13.22","69.4","1007.4","-","-"
"2021/10/31","21:00","4.67","263","5.64","69.1","1008.2","-","-"
"2021/10/31","22:00","4.86","248","5.64","66.9","1009.1","-","-"
"2021/10/31","23:00","5.83","246","6.8","65.1","1010","-","-"
"2021/11/01","00:00","7","249","9.72","63.9","1010.8","-","-"
"2021/11/01","01:00","7.97","287","9.33","63.7","1011.9","-","-"
"2021/11/01","02:00","7.39","297","8.94","63.7","1013.2","-","-"
"2021/11/01","03:00","8.94","329","12.83","61.9","1014.5","-","-"
"2021/11/01","04:00","2.53","346","4.47","60.1","1015","-","-"
"2021/11/01","05:00","1.17","266","1.94","59","1015.3","-","-"
"2021/11/01","06:00","2.14","231","3.11","56.8","1015.7","-","-"
"2021/11/01","07:00","4.47","275","5.44","56.5","1016.1","-","-"
"2021/11/01","08:00","5.83","268","6.61","55.8","1016.6","-","-"
"2021/11/01","09:00","3.89","267","5.25","55.9","1017.3","-","-"
"2021/11/01","10:00","6.61","247","7.97","54.7","1017.5","-","-"
"2021/11/01","11:00","7.19","240","8.55","55.2","1018","-","-"
"2021/11/01","12:00","7.78","290","8.75","55","1019.3","-","-"
"2021/11/01","13:00","6.22","261","7.39","55.8","1020.3","-","-"
"2021/11/01","14:00","4.86","280","6.22","58.8","1021","-","-"
"2021/11/01","15:00","7.39","329","8.94","59.4","1021.1","-","-"
"2021/11/01","16:00","7.78","352","10.3","62.1","1021.3","-","-"
"2021/11/01","17:00","7.78","315","9.91","62.6","1021.1","-","-"
"2021/11/01","18:00","9.52","20","11.66","62.1","1021","-","-"
"2021/11/01","19:00","4.47","357","5.83","63.9","1020.7","-","-"
"2021/11/01","20:00","7.19","310","8.16","63.5","1020.5","-","-"
"2021/11/01","21:00","4.86","303","5.44","64.2","1020.5","-","-"
"2021/11/01","22:00","3.5","131","5.64","62.1","1020.7","-","-"
"2021/11/01","23:00","1.56","187","2.53","59.4","1021.3","-","-"
"2021/11/02","00:00","2.14","183","2.92","58.5","1021.8","-","-"
"2021/11/02","01:00","3.11","151","4.67","57.4","1022.4","-","-"
"2021/11/02","02:00","5.25","52","5.83","60.3","1022.9","-","-"
"2021/11/02","03:00","4.08","156","4.86","57.2","1023.2","-","-"
"2021/11/02","04:00","3.5","155","4.47","57.6","1023.1","-","-"
"2021/11/02","05:00","1.94","148","3.89","57.6","1022.9","-","-"
"2021/11/02","06:00","1.75","164","2.53","57.4","1022.5","-","-"
"2021/11/02","07:00","1.75","148","2.53","57","1022.2","-","-"
"2021/11/02","08:00","0.39","129","2.72","55.9","1022.2","-","-"
"2021/11/02","09:00","5.05","104","6.8","59.9","1022.3","-","-"
"2021/11/02","10:00","7.39","113","8.36","60.3","1022.5","-","-"
"2021/11/02","11:00","5.25","140","6.61","59.2","1022.2","-","-"
"2021/11/02","12:00","1.75","214","2.14","57.4","1022.5","-","-"
"2021/11/02","13:00","2.53","104","3.3","60.4","1022.9","-","-"
"2021/11/02","14:00","4.47","144","8.36","62.6","1022.8","-","-"
"2021/11/02","15:00","2.72","134","5.05","63.5","1022.8","-","-"
"2021/11/02","16:00","5.25","264","7.19","62.4","1022.4","-","-"
"2021/11/02","17:00","12.05","317","13.02","59.4","1021.8","-","-"
"2021/11/02","18:00","9.91","347","13.02","55.2","1021.7","-","-"
"2021/11/02","19:00","11.86","353","14.97","53.8","1021.6","-","-"
"2021/11/02","20:00","10.3","344","13.8","52","1021.8","-","-"
"2021/11/02","21:00","8.94","334","11.27","50.9","1022.1","-","-"
"2021/11/02","22:00","12.05","347","14.58","50.5","1022.6","-","-"
"2021/11/02","23:00","12.25","350","14.58","50.4","1023.3","-","-"
"2021/11/03","00:00","11.86","359","15.36","49.5","1024.1","-","-"
"2021/11/03","01:00","7.97","4","10.11","49.5","1024.1","-","-"
"2021/11/03","02:00","6.8","6","9.91","49.5","1024.3","-","-"
"2021/11/03","03:00","9.14","353","11.08","49.5","1024.6","-","-"
"2021/11/03","04:00","8.94","341","10.5","49.6","1024.4","-","-"
"2021/11/03","05:00","7.58","346","8.94","49.1","1024.4","-","-"
"2021/11/03","06:00","9.14","341","10.5","48.6","1024.3","-","-"
"2021/11/03","07:00","11.47","344","13.22","47.7","1024.5","-","-"
"2021/11/03","08:00","12.44","339","14.97","47.1","1025.1","-","-"
"2021/11/03","09:00","10.5","341","13.22","46.6","1024.9","-","-"
"2021/11/03","10:00","11.86","343","13.8","45.9","1025.3","-","-"
"2021/11/03","11:00","11.47","347","13.41","45.5","1025.6","-","-"
"2021/11/03","12:00","11.27","355","14.38","45.5","1026.1","-","-"
"2021/11/03","13:00","11.27","358","13.8","46.2","1026.9","-","-"
"2021/11/03","14:00","9.72","357","11.66","48.2","1027.4","-","-"
"2021/11/03","15:00","11.66","1","16.33","49.3","1027.8","-","-"
"2021/11/03","16:00","11.08","346","14.38","50.4","1027.4","-","-"
"2021/11/03","17:00","5.05","337","11.08","51.1","1026.6","-","-"
"2021/11/03","18:00","4.67","341","9.72","52","1025.7","-","-"
"2021/11/03","19:00","8.16","324","10.3","52","1025.2","-","-"
"2021/11/03","20:00","7.39","296","11.66","52.7","1025.1","-","-"
"2021/11/03","21:00","8.16","2","10.89","52.7","1025.5","-","-"
"2021/11/03","22:00","10.3","12","11.66","51.3","1025.6","-","-"
"2021/11/03","23:00","8.55","14","10.11","50.5","1026","-","-"
"2021/11/04","00:00","8.75","7","9.91","50","1026.8","-","-"
"2021/11/04","01:00","9.14","358","10.69","50.2","1026.7","-","-"
"2021/11/04","02:00","8.94","350","10.89","50.2","1026.9","-","-"
"2021/11/04","03:00","10.89","3","12.63","49.5","1026.7","-","-"
"2021/11/04","04:00","8.75","351","9.52","49.5","1026.7","-","-"
"2021/11/04","05:00","10.11","0","11.47","49.6","1026.7","-","-"
"2021/11/04","06:00","12.25","358","14.19","49.5","1026.7","-","-"
"2021/11/04","07:00","9.14","360","12.63","49.1","1026.8","-","-"
"2021/11/04","08:00","9.72","12","10.89","49.8","1026.6","-","-"
"2021/11/04","09:00","6.8","29","11.27","49.1","1026.5","-","-"
"2021/11/04","10:00","7.97","41","9.52","48.9","1026.2","-","-"
"2021/11/04","11:00","7","52","9.91","49.8","1025.6","-","-"
"2021/11/04","12:00","8.36","357","9.52","49.1","1025.8","-","-"
"2021/11/04","13:00","8.75","6","10.3","48.7","1026.2","-","-"
"2021/11/04","14:00","6.8","7","8.16","49.6","1026.2","-","-"
"2021/11/04","15:00","8.75","28","12.05","51.4","1025.9","-","-"
"2021/11/04","16:00","8.16","29","13.41","52.7","1025.8","-","-"
"2021/11/04","17:00","11.27","27","13.61","52","1025.1","-","-"
"2021/11/04","18:00","11.08","13","15.36","52","1024.3","-","-"
"2021/11/04","19:00","11.47","4","13.22","51.3","1024.3","-","-"
"2021/11/04","20:00","12.25","357","13.8","50.5","1023.8","-","-"
"2021/11/04","21:00","8.55","359","12.44","50","1023.6","-","-"
"2021/11/04","22:00","9.14","347","10.89","49.1","1023.4","-","-"
"2021/11/04","23:00","9.33","343","10.89","48.7","1023.5","-","-"
"2021/11/05","00:00","10.11","347","12.63","48.4","1023.5","-","-"
"2021/11/05","01:00","9.14","348","11.66","48.6","1023.2","-","-"
"2021/11/05","02:00","11.86","349","14","48.6","1023.4","-","-"
"2021/11/05","03:00","11.47","346","13.8","48.2","1023.4","-","-"
"2021/11/05","04:00","10.5","355","13.22","47.7","1023.3","-","-"
"2021/11/05","05:00","10.5","347","12.44","47.5","1023.1","-","-"
"2021/11/05","06:00","11.66","330","14.19","46.9","1023","-","-"
"2021/11/05","07:00","7.19","336","9.52","45.3","1023.4","-","-"
"2021/11/05","08:00","10.89","331","13.22","45.1","1023.7","-","-"
"2021/11/05","09:00","10.5","340","14","44.2","1024.1","-","-"
"2021/11/05","10:00","11.66","341","14.97","44.1","1024.9","-","-"
"2021/11/05","11:00","11.27","340","13.02","44.2","1025.7","-","-"
"2021/11/05","12:00","14.97","351","17.49","45","1025.8","-","-"
"2021/11/05","13:00","10.89","348","15.16","45.7","1026.9","-","-"
"2021/11/05","14:00","11.47","355","14.77","48","1027.4","-","-"
"2021/11/05","15:00","16.52","8","21.58","50.5","1027.7","-","-"
"2021/11/05","16:00","19.83","29","24.88","51.4","1027.7","-","-"
"2021/11/05","17:00","20.22","38","24.88","51.8","1027.2","-","-"
"2021/11/05","18:00","14.77","31","23.71","52.5","1027.1","-","-"
"2021/11/05","19:00","18.27","44","21.58","52.3","1027.2","-","-"
"2021/11/05","20:00","11.66","9","17.69","52.5","1027.5","-","-"
"2021/11/05","21:00","12.44","26","16.52","52.3","1027.8","-","-"
"2021/11/05","22:00","8.94","7","11.47","51.1","1027.8","-","-"
"2021/11/05","23:00","9.52","7","11.47","50.4","1027.6","-","-"
"2021/11/06","00:00","8.75","358","11.08","49.3","1027.8","-","-"
"2021/11/06","01:00","9.14","4","10.5","48","1027.9","-","-"
"2021/11/06","02:00","9.52","6","11.47","48","1028","-","-"
"2021/11/06","03:00","8.94","7","10.5","48","1027.5","-","-"
"2021/11/06","04:00","7","2","7.97","47.5","1027.6","-","-"
"2021/11/06","05:00","8.36","4","9.52","46.9","1027.4","-","-"
"2021/11/06","06:00","9.33","355","10.3","46.4","1027.2","-","-"
"2021/11/06","07:00","9.72","359","11.27","46.4","1026.7","-","-"
"2021/11/06","08:00","10.11","353","11.66","46.4","1026.3","-","-"
"2021/11/06","09:00","7","341","9.14","46.4","1026.2","-","-"
"2021/11/06","10:00","9.33","341","11.08","46.4","1026.2","-","-"
"2021/11/06","11:00","7.97","350","10.3","47.3","1025.8","-","-"
"2021/11/06","12:00","7.19","337","10.69","49.1","1025.9","-","-"
"2021/11/06","13:00","14.19","29","18.08","52.5","1026.6","-","-"
"2021/11/06","14:00","14.58","26","19.44","52.9","1026.3","-","-"
"2021/11/06","15:00","14.97","32","18.08","53.6","1025.6","-","-"
"2021/11/06","16:00","13.41","32","16.72","54.3","1025.3","-","-"
"2021/11/06","17:00","14","31","20.6","54","1024.3","-","-"
"2021/11/06","18:00","14.38","28","19.63","53.2","1023.8","-","-"
"2021/11/06","19:00","14.97","32","19.44","54","1023.1","-","-"
"2021/11/06","20:00","13.61","13","15.75","52.7","1022.6","-","-"
"2021/11/06","21:00","11.66","8","14","54.3","1022.5","-","-"
"2021/11/06","22:00","14","25","18.08","55.4","1022.2","-","-"
"2021/11/06","23:00","13.02","37","18.08","56.1","1022.4","-","-"
"2021/11/07","00:00","15.16","47","20.6","56.3","1022.5","-","-"
"2021/11/07","01:00","17.3","48","20.6","56.3","1022.3","-","-"
"2021/11/07","02:00","14.19","46","16.13","55.6","1022","-","-"
"2021/11/07","03:00","9.33","14","11.66","54.5","1022.1","-","-"
"2021/11/07","04:00","11.66","20","15.55","54.1","1021.6","-","-"
"2021/11/07","05:00","9.33","349","10.69","51.4","1020.7","-","-"
"2021/11/07","06:00","11.08","359","13.61","50.9","1020.3","-","-"
"2021/11/07","07:00","12.05","7","14.19","50.7","1019.8","-","-"
"2021/11/07","08:00","13.8","5","16.13","50.9","1019.5","-","-"
"2021/11/07","09:00","12.83","357","15.55","50.2","1019.4","-","-"
"2021/11/07","10:00","13.22","359","15.94","50.4","1019.3","-","-"
"2021/11/07","11:00","12.05","11","14.38","51.3","1019.5","-","-"
"2021/11/07","12:00","12.25","353","14.38","51.1","1019.6","-","-"
"2021/11/07","13:00","13.61","8","17.69","51.3","1019.9","-","-"
"2021/11/07","14:00","12.83","352","18.27","51.8","1020","-","-"
"2021/11/07","15:00","19.24","7","22.94","52.9","1020","-","-"
"2021/11/07","16:00","18.47","15","22.55","53.6","1019.5","-","-"
"2021/11/07","17:00","20.02","11","23.33","54.7","1018.9","-","-"
"2021/11/07","18:00","17.69","14","20.99","55.6","1018.3","-","-"
"2021/11/07","19:00","19.83","4","26.05","56.1","1017.8","-","-"
"2021/11/07","20:00","20.02","1","22.74","55.8","1017.8","-","-"
"2021/11/07","21:00","13.22","5","20.99","55.4","1017.6","-","-"
"2021/11/07","22:00","11.27","345","13.22","53.6","1017.8","-","-"
"2021/11/07","23:00","14.77","343","20.99","52","1018","-","-"
"2021/11/08","00:00","12.63","1","14.38","51.3","1018.1","-","-"
"2021/11/08","01:00","9.72","359","13.41","51.4","1018","-","-"
"2021/11/08","02:00","8.55","343","10.5","50.7","1018","-","-"
"2021/11/08","03:00","7.19","350","8.94","50.4","1018","-","-"
"2021/11/08","04:00","8.94","335","10.5","50","1017.8","-","-"
"2021/11/08","05:00","12.25","328","15.36","48.4","1018.1","-","-"
"2021/11/08","06:00","11.08","331","12.83","48.2","1017.7","-","-"
"2021/11/08","07:00","14.38","319","16.72","48.7","1017.6","-","-"
"2021/11/08","08:00","11.86","329","14.58","48.2","1017.4","-","-"
"2021/11/08","09:00","14.97","318","16.91","48","1017.4","-","-"
"2021/11/08","10:00","13.22","320","15.75","47.5","1017.9","-","-"
"2021/11/08","11:00","13.41","324","15.75","47.3","1018.7","-","-"
"2021/11/08","12:00","11.27","324","13.8","47.1","1019.6","-","-"
"2021/11/08","13:00","13.41","317","15.36","49.3","1020.2","-","-"
"2021/11/08","14:00","12.05","344","13.8","53.8","1020.8","-","-"
"2021/11/08","15:00","17.69","351","20.6","57.6","1021.2","-","-"
"2021/11/08","16:00","13.22","347","18.66","59.2","1021.5","-","-"
"2021/11/08","17:00","12.44","329","15.55","61","1020.9","-","-"
"2021/11/08","18:00","11.66","305","13.41","60.4","1020.5","-","-"
"2021/11/08","19:00","10.89","306","13.41","61.3","1020.2","-","-"
"2021/11/08","20:00","12.25","311","13.41","62.4","1020.3","-","-"
"2021/11/08","21:00","6.61","343","9.91","63.3","1020.7","-","-"
"2021/11/08","22:00","5.05","303","5.44","61.7","1021","-","-"
"2021/11/08","23:00","2.53","297","3.89","59.4","1021.6","-","-"
"2021/11/09","00:00","2.53","275","3.11","55.4","1022.2","-","-"
"2021/11/09","01:00","0.97","239","1.75","53.2","1022.3","-","-"
"2021/11/09","02:00","1.75","265","2.53","52.2","1022.4","-","-"
"2021/11/09","03:00","2.33","286","3.3","52.5","1022.4","-","-"
"2021/11/09","04:00","5.64","287","6.41","52.9","1022.1","-","-"
"2021/11/09","05:00","4.28","293","5.44","53.6","1022","-","-"
"2021/11/09","06:00","4.08","287","5.64","53.2","1021.7","-","-"
"2021/11/09","07:00","4.28","297","5.25","52.7","1021.8","-","-"
"2021/11/09","08:00","5.25","288","6.03","52.5","1021.9","-","-"
"2021/11/09","09:00","3.5","273","5.25","52.5","1022.3","-","-"
"2021/11/09","10:00","2.53","259","3.89","50","1022.5","-","-"
"2021/11/09","11:00","2.33","250","3.11","48.7","1022.4","-","-"
"2021/11/09","12:00","1.56","239","2.33","49.5","1022.8","-","-"
"2021/11/09","13:00","2.33","277","3.11","52.9","1023.5","-","-"
"2021/11/09","14:00","1.56","328","1.75","56.7","1023.6","-","-"
"2021/11/09","15:00","1.36","325","1.56","58.8","1023.2","-","-"
"2021/11/09","16:00","6.03","258","7","66.2","1022.8","-","-"
"2021/11/09","17:00","6.8","245","9.33","68.9","1021.6","-","-"
"2021/11/09","18:00","7","243","10.5","70.5","1020.5","-","-"
"2021/11/09","19:00","7.39","213","9.33","71.6","1019.9","-","-"
"2021/11/09","20:00","8.36","226","10.11","72.3","1019.6","-","-"
"2021/11/09","21:00","5.64","215","7.39","72.1","1019.4","-","-"
"2021/11/09","22:00","3.69","186","5.05","68","1019.2","-","-"
"2021/11/09","23:00","3.89","202","4.86","64.2","1019.4","-","-"
"2021/11/10","00:00","2.53","220","3.11","62.1","1019.4","-","-"
"2021/11/10","01:00","3.3","185","3.5","58.8","1019.3","-","-"
"2021/11/10","02:00","6.03","214","6.61","59.9","1019.1","-","-"
"2021/11/10","03:00","6.8","215","8.75","59.5","1018.8","-","-"
"2021/11/10","04:00","11.08","223","14.58","60.3","1018.3","-","-"
"2021/11/10","05:00","9.91","219","12.44","59.2","1018.2","-","-"
"2021/11/10","06:00","12.25","220","15.55","58.8","1017.6","-","-"
"2021/11/10","07:00","11.66","229","14.97","59.2","1017.4","-","-"
"2021/11/10","08:00","5.64","253","7.97","58.8","1017.4","-","-"
"2021/11/10","09:00","5.44","277","7","56.8","1017.6","-","-"
"2021/11/10","10:00","3.89","242","6.41","55.2","1017.6","-","-"
"2021/11/10","11:00","6.61","277","8.16","53.8","1018.2","-","-"
"2021/11/10","12:00","1.94","270","3.69","52.9","1018.7","-","-"
"2021/11/10","13:00","4.67","274","7.97","54.5","1020.3","-","-"
"2021/11/10","14:00","4.67","318","5.05","57.6","1020.3","-","-"
"2021/11/10","15:00","6.8","312","7.58","58.1","1021","-","-"
"2021/11/10","16:00","3.89","289","4.28","60.8","1020.6","-","-"
"2021/11/10","17:00","0.97","113","1.94","65.3","1019.7","-","-"
"2021/11/10","18:00","5.83","93","6.03","64.9","1019.4","-","-"
"2021/11/10","19:00","3.89","90","4.28","64.6","1019.3","-","-"
"2021/11/10","20:00","3.69","93","3.89","64","1019.5","-","-"
"2021/11/10","21:00","3.69","115","4.67","66.6","1020","-","-"
"2021/11/10","22:00","4.08","108","4.47","63.7","1020.4","-","-"
"2021/11/10","23:00","2.33","159","2.72","60.8","1021.1","-","-"
"2021/11/11","00:00","0.58","141","0.78","57.7","1021.5","-","-"
"2021/11/11","01:00","1.17","269","1.36","55.9","1022","-","-"
"2021/11/11","02:00","0.78","204","0.97","55.6","1022.3","-","-"
"2021/11/11","03:00","2.14","176","2.14","54.9","1022.7","-","-"
"2021/11/11","04:00","0.58","167","1.17","54.3","1022.4","-","-"
"2021/11/11","05:00","0.39","137","0.78","54.3","1022.7","-","-"
"2021/11/11","06:00","1.56","180","1.75","54.1","1022.7","-","-"
"2021/11/11","07:00","0.97","147","2.14","54.7","1022.6","-","-"
"2021/11/11","08:00","0.97","220","1.36","53.8","1022.4","-","-"
"2021/11/11","09:00","0.78","53","2.14","54.1","1022.5","-","-"
"2021/11/11","10:00","1.36","205","1.56","53.2","1022.8","-","-"
"2021/11/11","11:00","1.17","159","1.56","54.1","1022.5","-","-"
"2021/11/11","12:00","1.94","170","2.33","54.9","1022.8","-","-"
"2021/11/11","13:00","1.94","123","2.33","58.1","1023.1","-","-"
"2021/11/11","14:00","5.44","146","7","61.3","1022.8","-","-"
"2021/11/11","15:00","6.61","156","8.75","65.3","1022.7","-","-"
"2021/11/11","16:00","11.27","150","13.22","67.5","1022.1","-","-"
"2021/11/11","17:00","7.78","152","8.94","66.9","1021.1","-","-"
"2021/11/11","18:00","2.92","53","4.47","63.3","1020.6","-","-"
"2021/11/11","19:00","7","186","12.44","70.9","1019.9","-","-"
"2021/11/11","20:00","7.19","179","9.14","71.4","1019.6","-","-"
"2021/11/11","21:00","4.47","170","5.05","70","1019.7","-","-"
"2021/11/11","22:00","4.28","151","4.67","66.4","1019.4","-","-"
"2021/11/11","23:00","5.25","148","6.22","63.9","1019.4","-","-"
"2021/11/12","00:00","6.61","151","7.78","62.8","1018.9","-","-"
"2021/11/12","01:00","8.75","156","12.63","65.1","1018.6","-","-"
"2021/11/12","02:00","9.52","161","12.44","65.7","1018.6","-","-"
"2021/11/12","03:00","9.91","159","13.22","65.1","1018.3","-","-"
"2021/11/12","04:00","9.14","162","11.27","65.5","1017.5","-","-"
"2021/11/12","05:00","11.27","158","13.61","65.5","1016.5","-","-"
"2021/11/12","06:00","10.69","155","15.36","66.2","1015.5","-","-"
"2021/11/12","07:00","11.47","159","16.91","66.7","1014.9","-","-"
"2021/11/12","08:00","10.69","168","15.16","63.7","1014.5","-","-"
"2021/11/12","09:00","7.19","175","10.11","63.5","1014.2","-","-"
"2021/11/12","10:00","9.14","181","10.89","63.5","1014.2","-","-"
"2021/11/12","11:00","8.94","169","13.22","63.9","1013.7","-","-"
"2021/11/12","12:00","10.3","175","14.58","64.4","1013.4","-","-"
"2021/11/12","13:00","6.41","193","8.75","64.2","1013.8","-","-"
"2021/11/12","14:00","6.03","215","8.16","65.5","1013.9","-","-"
"2021/11/12","15:00","8.36","245","11.66","67.1","1014.5","-","-"
"2021/11/12","16:00","9.91","272","12.63","67.8","1014.3","-","-"
"2021/11/12","17:00","9.52","274","11.86","68.5","1013.7","-","-"
"2021/11/12","18:00","6.22","304","7.19","68.4","1012.8","-","-"
"2021/11/12","19:00","8.94","320","10.5","66.7","1013.5","-","-"
"2021/11/12","20:00","9.72","252","12.25","70","1013.3","-","-"
"2021/11/12","21:00","9.33","281","10.69","69.3","1013.7","-","-"
"2021/11/12","22:00","6.22","262","7.39","66.7","1014.5","-","-"
"2021/11/12","23:00","3.11","248","3.5","61.5","1015.1","-","-"
"2021/11/13","00:00","1.56","94","2.53","58.1","1015","-","-"
"2021/11/13","01:00","1.75","185","2.14","55","1014.8","-","-"
"2021/11/13","02:00","1.36","211","1.94","52.9","1014.6","-","-"
"2021/11/13","03:00","2.92","164","4.08","52.3","1014.6","-","-"
"2021/11/13","04:00","2.53","225","3.11","53.2","1014.1","-","-"
"2021/11/13","05:00","1.17","261","1.56","52.5","1013.6","-","-"
"2021/11/13","06:00","0.58","174","1.17","50.9","1012.8","-","-"
"2021/11/13","07:00","0.78","165","1.36","51.6","1012.6","-","-"
"2021/11/13","08:00","1.17","178","1.75","50","1012.1","-","-"
"2021/11/13","09:00","0.97","184","1.56","50","1011.5","-","-"
"2021/11/13","10:00","1.56","145","2.14","50.9","1011.1","-","-"
"2021/11/13","11:00","10.11","163","12.83","53.2","1009.6","-","-"
"2021/11/13","12:00","6.41","220","8.55","52.5","1010.8","-","-"
"2021/11/13","13:00","9.52","212","10.89","54.7","1010.4","-","-"
"2021/11/13","14:00","9.72","220","13.61","58.8","1010.1","-","-"
"2021/11/13","15:00","13.41","217","17.69","60.4","1009.4","-","-"
"2021/11/13","16:00","13.02","216","17.88","62.2","1009.4","-","-"
"2021/11/13","17:00","17.88","272","21.97","64.4","1008.5","-","-"
"2021/11/13","18:00","23.52","278","29.16","63","1008.7","-","-"
"2021/11/13","19:00","18.66","273","22.74","63.1","1008.7","-","-"
"2021/11/13","20:00","19.63","266","24.1","63","1009","-","-"
"2021/11/13","21:00","14.58","298","17.69","61.3","1009.9","-","-"
"2021/11/13","22:00","10.3","291","12.83","59.5","1010.8","-","-"
"2021/11/13","23:00","12.25","295","15.16","57.2","1012.2","-","-"
"2021/11/14","00:00","13.8","330","18.27","54.5","1013.7","-","-"
"2021/11/14","01:00","15.16","335","18.27","52.7","1014.7","-","-"
"2021/11/14","02:00","15.16","326","17.88","49.3","1015.6","-","-"
"2021/11/14","03:00","13.41","332","16.52","46.9","1016.7","-","-"
"2021/11/14","04:00","9.33","339","11.08","45","1016.8","-","-"
"2021/11/14","05:00","7.58","334","10.5","44.4","1017","-","-"
"2021/11/14","06:00","5.44","356","7.39","44.2","1016.8","-","-"
"2021/11/14","07:00","4.86","16","6.41","44.4","1016.8","-","-"
"2021/11/14","08:00","3.3","13","4.47","45","1017","-","-"
"2021/11/14","09:00","4.67","342","6.03","44.6","1016.8","-","-"
"2021/11/14","10:00","5.64","295","6.22","43.5","1017.4","-","-"
"2021/11/14","11:00","6.03","281","7.39","42.6","1017.4","-","-"
"2021/11/14","12:00","5.83","282","6.22","41.4","1017.5","-","-"
"2021/11/14","13:00","5.05","282","6.61","42.6","1017.7","-","-"
"2021/11/14","14:00","5.83","298","7.39","44.4","1017.9","-","-"
"2021/11/14","15:00","5.44","307","7","45.7","1017.8","-","-"
"2021/11/14","16:00","4.28","73","5.83","47.3","1017.1","-","-"
"2021/11/14","17:00","5.64","62","7.78","48","1015.8","-","-"
"2021/11/14","18:00","9.52","224","15.55","50.9","1014.2","-","-"
"2021/11/14","19:00","10.3","216","14.77","53.1","1012.8","-","-"
"2021/11/14","20:00","7.19","218","11.66","54.1","1012.3","-","-"
"2021/11/14","21:00","5.83","215","8.75","54.5","1011.6","-","-"
"2021/11/14","22:00","3.11","204","4.67","53.6","1010.8","-","-"
"2021/11/14","23:00","2.33","223","2.72","51.3","1011.1","-","-"
"2021/11/15","00:00","3.3","240","3.89","50.7","1011.3","-","-"
"2021/11/15","01:00","1.94","228","3.3","51.4","1011.5","-","-"
"2021/11/15","02:00","3.69","217","4.67","51.3","1011.7","-","-"
"2021/11/15","03:00","4.47","211","5.83","51.1","1011.4","-","-"
"2021/11/15","04:00","3.89","199","5.44","51.4","1010.8","-","-"
"2021/11/15","05:00","11.86","248","14.58","52.9","1010.3","-","-"
"2021/11/15","06:00","9.72","249","12.83","52.3","1009.8","-","-"
"2021/11/15","07:00","12.05","247","17.88","52.5","1009.7","-","-"
"2021/11/15","08:00","11.27","259","15.36","51.4","1009.6","-","-"
"2021/11/15","09:00","11.86","271","16.33","51.8","1010.1","-","-"
"2021/11/15","10:00","15.75","270","20.99","50.4","1010.9","-","-"
"2021/11/15","11:00","14.19","269","17.49","48.6","1012.1","-","-"
"2021/11/15","12:00","12.44","271","15.75","47.5","1013.5","-","-"
"2021/11/15","13:00","13.41","282","18.47","47.3","1014.8","-","-"
"2021/11/15","14:00","16.33","271","20.02","47.7","1016","-","-"
"2021/11/15","15:00","20.41","277","25.46","48","1016.2","-","-"
"2021/11/15","16:00","14.58","303","20.99","48.7","1016.5","-","-"
"2021/11/15","17:00","17.11","276","21.77","49.5","1016.5","-","-"
"2021/11/15","18:00","15.55","288","19.63","50","1016.2","-","-"
"2021/11/15","19:00","14.97","297","20.8","51.1","1016.3","-","-"
"2021/11/15","20:00","17.69","280","21.38","51.3","1016.8","-","-"
"2021/11/15","21:00","14.77","289","19.05","51.3","1017.5","-","-"
"2021/11/15","22:00","7.97","267","11.08","50.2","1018.1","-","-"
"2021/11/15","23:00","7.19","255","9.52","48.9","1018.6","-","-"
"2021/11/16","00:00","7.78","231","9.14","47.5","1019.4","-","-"
"2021/11/16","01:00","8.36","234","10.11","46.4","1019.9","-","-"
"2021/11/16","02:00","8.55","225","9.91","45","1020.3","-","-"
"2021/11/16","03:00","7.39","348","10.69","46.2","1020.6","-","-"
"2021/11/16","04:00","6.61","353","7.97","45.1","1021.7","-","-"
"2021/11/16","05:00","7.19","4","8.55","44.8","1021.5","-","-"
"2021/11/16","06:00","4.08","327","5.83","44.8","1021.3","-","-"
"2021/11/16","07:00","5.83","341","7.39","44.6","1021.8","-","-"
"2021/11/16","08:00","5.05","1","6.61","44.4","1021.9","-","-"
"2021/11/16","09:00","2.72","330","4.47","44.1","1022.1","-","-"
"2021/11/16","10:00","2.72","231","3.3","43.5","1022.5","-","-"
"2021/11/16","11:00","4.08","214","4.86","42.6","1022.8","-","-"
"2021/11/16","12:00","7","221","7.78","41.4","1023.3","-","-"
"2021/11/16","13:00","5.64","220","7","44.6","1024.1","-","-"
"2021/11/16","14:00","2.92","202","4.47","48","1024.1","-","-"
"2021/11/16","15:00","3.11","215","6.61","49.6","1024.2","-","-"
"2021/11/16","16:00","4.67","244","9.52","50.9","1024","-","-"
"2021/11/16","17:00","5.44","263","9.72","52.7","1022.8","-","-"
"2021/11/16","18:00","6.22","257","8.94","54","1022.3","-","-"
"2021/11/16","19:00","2.72","221","8.16","56.3","1021.9","-","-"
"2021/11/16","20:00","3.3","154","6.22","56.1","1021.7","-","-"
"2021/11/16","21:00","2.33","98","3.3","57.2","1021.9","-","-"
"2021/11/16","22:00","0","159","1.17","54.9","1022.3","-","-"
"2021/11/16","23:00","3.5","148","4.67","52.3","1023.2","-","-"
"2021/11/17","00:00","3.11","148","3.5","52","1023.6","-","-"
"2021/11/17","01:00","3.69","167","4.86","51.1","1023.6","-","-"
"2021/11/17","02:00","5.44","170","6.61","50.9","1024.2","-","-"
"2021/11/17","03:00","7.97","185","10.89","50.9","1024","-","-"
"2021/11/17","04:00","4.86","171","6.03","50.2","1024.1","-","-"
"2021/11/17","05:00","3.5","176","4.28","49.3","1024.2","-","-"
"2021/11/17","06:00","4.08","186","4.86","48.6","1024.1","-","-"
"2021/11/17","07:00","7","190","9.14","49.6","1023.9","-","-"
"2021/11/17","08:00","6.03","205","7.97","49.8","1024.1","-","-"
"2021/11/17","09:00","5.83","188","8.36","50.5","1023.7","-","-"
"2021/11/17","10:00","8.55","206","10.89","50.7","1024.2","-","-"
"2021/11/17","11:00","8.16","205","11.66","51.3","1024.3","-","-"
"2021/11/17","12:00","2.33","206","3.69","51.3","1024.8","-","-"
"2021/11/17","13:00","4.08","202","5.64","52.5","1025.1","-","-"
"2021/11/17","14:00","4.67","217","6.41","54.7","1025.3","-","-"
"2021/11/17","15:00","6.41","212","8.75","57.9","1025.2","-","-"
"2021/11/17","16:00","7.39","214","9.52","62.4","1024.7","-","-"
"2021/11/17","17:00","7.58","230","10.3","65.5","1023.8","-","-"
"2021/11/17","18:00","6.22","205","12.44","68.4","1023.1","-","-"
"2021/11/17","19:00","10.69","186","13.8","69.8","1022.3","-","-"
"2021/11/17","20:00","7.39","203","12.25","70.5","1022.2","-","-"
"2021/11/17","21:00","8.36","192","10.69","70.2","1022.1","-","-"
"2021/11/17","22:00","7.78","175","9.91","67.5","1022","-","-"
"2021/11/17","23:00","8.16","182","10.3","66.4","1022.3","-","-"
"2021/11/18","00:00","6.61","185","8.55","64.9","1022.7","-","-"
"2021/11/18","01:00","7.97","190","11.47","63.7","1022.7","-","-"
"2021/11/18","02:00","6.8","186","10.69","62.1","1022.7","-","-"
"2021/11/18","03:00","9.14","200","14","61.9","1022.8","-","-"
"2021/11/18","04:00","9.14","214","12.83","61.5","1022.9","-","-"
"2021/11/18","05:00","12.63","215","20.41","61.2","1022.4","-","-"
"2021/11/18","06:00","10.5","211","12.63","59.9","1022.2","-","-"
"2021/11/18","07:00","7.78","208","11.66","58.6","1022.1","-","-"
"2021/11/18","08:00","10.3","223","14.77","59.7","1022","-","-"
"2021/11/18","09:00","13.02","228","17.49","59.5","1021.6","-","-"
"2021/11/18","10:00","9.91","225","14.97","58.5","1021.8","-","-"
"2021/11/18","11:00","10.89","220","15.55","57.9","1022","-","-"
"2021/11/18","12:00","11.66","222","15.16","57.4","1022.3","-","-"
"2021/11/18","13:00","10.69","223","14.19","58.8","1022.4","-","-"
"2021/11/18","14:00","14.58","231","17.49","62.2","1022.4","-","-"
"2021/11/18","15:00","10.89","225","14.58","64.8","1022.3","-","-"
"2021/11/18","16:00","11.47","236","16.52","68.2","1021.3","-","-"
"2021/11/18","17:00","16.72","219","23.71","71.1","1019.8","-","-"
"2021/11/18","18:00","14.19","211","21.58","72.7","1018.7","-","-"
"2021/11/18","19:00","9.91","215","19.44","73.2","1017.7","-","-"
"2021/11/18","20:00","16.13","211","20.22","73.9","1017","-","-"
"2021/11/18","21:00","15.94","210","20.6","73.8","1016.6","-","-"
"2021/11/18","22:00","8.36","213","12.05","72.1","1016.8","-","-"
"2021/11/18","23:00","4.28","198","7.39","70.3","1017.2","-","-"
"2021/11/19","00:00","6.22","257","8.94","69.4","1017.2","-","-"
"2021/11/19","01:00","7","206","11.27","68.2","1017.2","-","-"
"2021/11/19","02:00","8.16","201","11.27","68","1016.8","-","-"
"2021/11/19","03:00","11.27","211","16.13","67.3","1016.8","-","-"
"2021/11/19","04:00","5.44","243","8.16","66.7","1017.3","-","-"
"2021/11/19","05:00","15.55","286","21.19","64.4","1018.4","-","-"
"2021/11/19","06:00","14.97","329","20.02","52.9","1020.8","-","-"
"2021/11/19","07:00","11.27","359","14","47.5","1022","-","-"
"2021/11/19","08:00","9.33","338","10.11","47.1","1022.8","-","-"
"2021/11/19","09:00","7.97","335","12.05","46.4","1023.5","-","-"
"2021/11/19","10:00","10.89","330","12.83","45.7","1024.2","-","-"
"2021/11/19","11:00","10.5","326","12.25","46.4","1024.8","-","-"
"2021/11/19","12:00","8.36","314","11.86","46.9","1025.8","-","-"
"2021/11/19","13:00","12.83","313","15.94","46.2","1026.8","-","-"
"2021/11/19","14:00","7.39","10","10.3","45.3","1027.9","-","-"
"2021/11/19","15:00","12.25","352","14.77","46.6","1028.7","-","-"
"2021/11/19","16:00","15.55","318","21.38","47.7","1029.1","-","-"
"2021/11/19","17:00","17.3","330","22.55","48","1029.3","-","-"
"2021/11/19","18:00","14.38","312","17.11","48","1028.8","-","-"
"2021/11/19","19:00","14.77","347","17.88","48.4","1029","-","-"
"2021/11/19","20:00","9.91","349","17.88","48.4","1029.3","-","-"
"2021/11/19","21:00","12.25","358","16.13","48.2","1029.8","-","-"
"2021/11/19","22:00","10.89","2","14","47.1","1030.5","-","-"
"2021/11/19","23:00","8.94","348","10.11","45.7","1031","-","-"
"2021/11/20","00:00","8.94","340","10.3","45.7","1031.6","-","-"
"2021/11/20","01:00","8.75","348","10.11","44.4","1032.2","-","-"
"2021/11/20","02:00","10.5","4","13.41","43","1033","-","-"
"2021/11/20","03:00","9.72","347","12.05","41.5","1033.8","-","-"
"2021/11/20","04:00","10.69","352","13.41","41","1033.7","-","-"
"2021/11/20","05:00","7","351","8.75","40.1","1033.6","-","-"
"2021/11/20","06:00","8.36","345","10.11","40.3","1033.4","-","-"
"2021/11/20","07:00","12.44","337","13.8","40.8","1033.7","-","-"
"2021/11/20","08:00","9.91","342","12.63","40.1","1033.7","-","-"
"2021/11/20","09:00","12.05","345","13.41","39.4","1034","-","-"
"2021/11/20","10:00","11.08","356","13.02","38.8","1034","-","-"
"2021/11/20","11:00","10.89","349","12.44","37.9","1034.2","-","-"
"2021/11/20","12:00","9.33","312","11.86","39","1034.9","-","-"
"2021/11/20","13:00","8.94","331","10.3","38.1","1034.9","-","-"
"2021/11/20","14:00","6.61","354","10.11","41.2","1035","-","-"
"2021/11/20","15:00","5.64","30","8.16","45.5","1034.9","-","-"
"2021/11/20","16:00","5.25","86","7.39","46.8","1034.7","-","-"
"2021/11/20","17:00","5.05","47","7.58","47.5","1033.7","-","-"
"2021/11/20","18:00","7.58","61","9.52","48","1032.9","-","-"
"2021/11/20","19:00","5.83","80","7.58","48.4","1032.2","-","-"
"2021/11/20","20:00","6.8","85","8.16","48.7","1031.5","-","-"
"2021/11/20","21:00","4.86","99","7.78","48.9","1031.8","-","-"
"2021/11/20","22:00","4.67","86","6.41","48.7","1031.5","-","-"
"2021/11/20","23:00","5.05","112","6.41","48.6","1031.2","-","-"
"2021/11/21","00:00","3.89","37","5.05","48","1031.4","-","-"
"2021/11/21","01:00","1.75","165","2.14","45.3","1030.8","-","-"
"2021/11/21","02:00","0.78","174","2.14","44.1","1030.6","-","-"
"2021/11/21","03:00","1.36","149","2.14","45","1030.3","-","-"
"2021/11/21","04:00","1.17","212","1.94","44.6","1029.8","-","-"
"2021/11/21","05:00","3.5","288","4.28","45.9","1029.5","-","-"
"2021/11/21","06:00","3.11","292","4.08","46.4","1028.9","-","-"
"2021/11/21","07:00","3.5","283","3.89","46.8","1028.7","-","-"
"2021/11/21","08:00","6.03","318","7.78","46.2","1028","-","-"
"2021/11/21","09:00","1.75","263","3.11","45.9","1027.7","-","-"
"2021/11/21","10:00","1.36","221","1.75","46.2","1027.4","-","-"
"2021/11/21","11:00","2.33","172","2.92","46.4","1027","-","-"
"2021/11/21","12:00","0.58","229","1.75","45.7","1027","-","-"
"2021/11/21","13:00","4.67","296","6.03","46.9","1027.2","-","-"
"2021/11/21","14:00","5.44","311","6.03","48","1027.3","-","-"
"2021/11/21","15:00","0.39","85","1.17","53.8","1026.5","-","-"
"2021/11/21","16:00","1.36","321","2.72","53.2","1025.7","-","-"
"2021/11/21","17:00","4.47","63","4.86","54","1024.4","-","-"
"2021/11/21","18:00","5.05","89","5.64","54","1023.4","-","-"
"2021/11/21","19:00","6.03","75","6.41","54.7","1022.6","-","-"
"2021/11/21","20:00","5.83","74","6.22","54.7","1021.6","-","-"
"2021/11/21","21:00","4.86","92","5.05","55.2","1021","-","-"
"2021/11/21","22:00","4.67","125","5.83","55","1020.5","-","-"
"2021/11/21","23:00","4.67","163","6.03","55","1019.9","-","-"
"2021/11/22","00:00","4.86","162","5.25","54.7","1019.3","-","-"
"2021/11/22","01:00","3.69","182","4.28","55","1019.2","-","-"
"2021/11/22","02:00","6.03","177","7.58","56.3","1018.2","-","-"
"2021/11/22","03:00","5.44","185","7.97","57.7","1017.5","-","-"
"2021/11/22","04:00","7","196","7.78","58.5","1016.9","-","-"
"2021/11/22","05:00","6.8","188","9.52","58.5","1016.2","-","-"
"2021/11/22","06:00","7.58","199","9.72","58.8","1015","-","-"
"2021/11/22","07:00","6.03","202","7.78","58.5","1014","-","-"
"2021/11/22","08:00","5.44","200","7.97","58.5","1013.3","-","-"
"2021/11/22","09:00","7.97","279","9.72","57.9","1013","-","-"
"2021/11/22","10:00","4.08","239","6.22","57.4","1012.5","-","-"
"2021/11/22","11:00","4.67","230","7.39","56.5","1012.2","-","-"
"2021/11/22","12:00","4.67","257","5.83","55.2","1012.1","-","-"
"2021/11/22","13:00","5.05","248","6.61","54.3","1012","-","-"
"2021/11/22","14:00","7.19","258","8.75","54.3","1012.3","-","-"
"2021/11/22","15:00","12.63","325","14.38","54.1","1012.6","-","-"
"2021/11/22","16:00","8.55","6","10.3","52.2","1012.5","-","-"
"2021/11/22","17:00","8.55","21","13.22","50.5","1012","-","-"
"2021/11/22","18:00","4.47","31","6.41","49.6","1011.2","-","-"
"2021/11/22","19:00","5.25","55","6.22","50","1010.8","-","-"
"2021/11/22","20:00","6.61","331","7.78","49.5","1011.2","-","-"
"2021/11/22","21:00","4.08","34","6.41","50.4","1011.3","-","-"
"2021/11/22","22:00","4.28","345","5.05","50","1011.1","-","-"
"2021/11/22","23:00","7","332","8.16","50.2","1011.7","-","-"
"2021/11/23","00:00","10.89","5","13.02","49.5","1012.6","-","-"
"2021/11/23","01:00","12.44","349","15.36","47.8","1013.7","-","-"
"2021/11/23","02:00","18.47","0","21.19","46.8","1014.5","-","-"
"2021/11/23","03:00","11.08","342","16.52","44.8","1014.7","-","-"
"2021/11/23","04:00","14","345","17.69","43.5","1015.2","-","-"
"2021/11/23","05:00","16.33","344","19.83","42.1","1015.7","-","-"
"2021/11/23","06:00","16.33","345","19.24","40.5","1015.8","-","-"
"2021/11/23","07:00","12.63","337","15.55","39.4","1016.4","-","-"
"2021/11/23","08:00","14.19","337","16.72","38.7","1016.7","-","-"
"2021/11/23","09:00","14.58","332","17.3","37.4","1017.1","-","-"
"2021/11/23","10:00","14.38","323","16.91","37.6","1017.5","-","-"
"2021/11/23","11:00","15.55","328","18.27","37.2","1018.1","-","-"
"2021/11/23","12:00","13.8","325","19.63","37.2","1019.3","-","-"
"2021/11/23","13:00","17.49","328","20.41","36.5","1019.9","-","-"
"2021/11/23","14:00","15.94","334","20.02","37","1020.3","-","-"
"2021/11/23","15:00","18.86","324","21.77","38.5","1020.4","-","-"
"2021/11/23","16:00","15.94","332","18.27","40.5","1020.4","-","-"
"2021/11/23","17:00","12.44","334","18.47","42.1","1019.7","-","-"
"2021/11/23","18:00","16.52","337","21.77","42.3","1019.6","-","-"
"2021/11/23","19:00","17.88","313","21.97","43.3","1019.2","-","-"
"2021/11/23","20:00","19.24","324","21.97","44.1","1019.4","-","-"
"2021/11/23","21:00","15.75","327","22.74","44.4","1020.3","-","-"
"2021/11/23","22:00","13.22","342","14.97","43.9","1021.7","-","-"
"2021/11/23","23:00","10.11","350","12.44","42.4","1022.5","-","-"
"2021/11/24","00:00","11.08","339","14.19","41.4","1023.4","-","-"
"2021/11/24","01:00","11.08","326","14.97","41","1024","-","-"
"2021/11/24","02:00","12.05","338","15.16","41.2","1024.6","-","-"
"2021/11/24","03:00","13.22","336","16.91","40.3","1024.7","-","-"
"2021/11/24","04:00","13.02","341","14.77","39","1025.2","-","-"
"2021/11/24","05:00","12.63","330","15.16","38.7","1025.4","-","-"
"2021/11/24","06:00","13.8","339","16.13","38.1","1025.6","-","-"
"2021/11/24","07:00","11.08","342","13.22","37.2","1026.3","-","-"
"2021/11/24","08:00","9.91","327","11.47","37","1026.8","-","-"
"2021/11/24","09:00","11.27","323","15.36","36.9","1027","-","-"
"2021/11/24","10:00","10.11","325","12.25","36.7","1027.9","-","-"
"2021/11/24","11:00","10.89","316","12.63","36","1028.8","-","-"
"2021/11/24","12:00","8.94","324","10.69","35.8","1029.6","-","-"
"2021/11/24","13:00","10.69","319","12.44","36.1","1030.3","-","-"
"2021/11/24","14:00","10.89","312","13.02","38.5","1031.1","-","-"
"2021/11/24","15:00","8.16","319","10.11","40.8","1031.2","-","-"
"2021/11/24","16:00","7.39","299","9.52","41.7","1030.7","-","-"
"2021/11/24","17:00","7.78","306","8.75","43","1030.1","-","-"
"2021/11/24","18:00","3.11","292","4.86","44.4","1029.1","-","-"
"2021/11/24","19:00","8.16","315","9.91","45.5","1029","-","-"
"2021/11/24","20:00","6.03","324","7.78","46.6","1028.8","-","-"
"2021/11/24","21:00","1.17","314","1.94","48.7","1028.6","-","-"
"2021/11/24","22:00","3.11","281","3.5","46","1028.8","-","-"
"2021/11/24","23:00","1.56","228","2.53","42.1","1028.7","-","-"
"2021/11/25","00:00","2.33","234","2.92","41.2","1028.7","-","-"
"2021/11/25","01:00","5.25","221","5.64","39.7","1028.1","-","-"
"2021/11/25","02:00","2.72","238","3.11","38.7","1028","-","-"
"2021/11/25","03:00","4.47","226","5.25","40.8","1028","-","-"
"2021/11/25","04:00","3.89","221","5.05","39.7","1027.4","-","-"
"2021/11/25","05:00","7.19","219","8.36","39.6","1026.8","-","-"
"2021/11/25","06:00","5.64","227","7.39","40.3","1026.3","-","-"
"2021/11/25","07:00","5.64","236","8.36","40.6","1026.2","-","-"
"2021/11/25","08:00","6.61","225","8.16","39.9","1025.9","-","-"
"2021/11/25","09:00","6.41","215","7.58","38.5","1025","-","-"
"2021/11/25","10:00","2.14","198","2.53","39","1024.6","-","-"
"2021/11/25","11:00","7.97","212","10.69","38.8","1023.8","-","-"
"2021/11/25","12:00","5.05","227","5.83","39.2","1023.4","-","-"
"2021/11/25","13:00","3.89","223","7.97","42.8","1023","-","-"
"2021/11/25","14:00","9.52","249","13.61","44.1","1022.3","-","-"
"2021/11/25","15:00","9.91","243","13.8","46.8","1021.5","-","-"
"2021/11/25","16:00","12.44","240","15.75","48.9","1020","-","-"
"2021/11/25","17:00","9.72","256","12.83","52","1018.9","-","-"
"2021/11/25","18:00","9.72","252","13.22","54.5","1018","-","-"
"2021/11/25","19:00","6.8","220","10.11","57.2","1016.4","-","-"
"2021/11/25","20:00","9.52","227","12.83","57.9","1015.6","-","-"
"2021/11/25","21:00","5.83","226","9.72","58.6","1015.3","-","-"
"2021/11/25","22:00","4.67","238","6.22","56.1","1015.5","-","-"
"2021/11/25","23:00","8.16","190","10.89","54.1","1014.5","-","-"
"2021/11/26","00:00","8.16","210","11.27","53.6","1014.4","-","-"
"2021/11/26","01:00","10.69","227","14.19","53.1","1013.2","-","-"
"2021/11/26","02:00","10.89","235","14.19","53.6","1012.5","-","-"
"2021/11/26","03:00","11.27","234","15.36","53.8","1011.9","-","-"
"2021/11/26","04:00","13.22","230","17.88","53.1","1011","-","-"
"2021/11/26","05:00","11.86","231","16.13","52.3","1010.2","-","-"
"2021/11/26","06:00","9.33","232","14.58","52.2","1009.2","-","-"
"2021/11/26","07:00","9.72","255","13.02","53.2","1009.1","-","-"
"2021/11/26","08:00","10.89","264","14.97","50.9","1009","-","-"
"2021/11/26","09:00","4.08","285","6.8","46.6","1008.7","-","-"
"2021/11/26","10:00","0.58","73","2.14","46.6","1007.9","-","-"
"2021/11/26","11:00","10.5","227","12.63","47.3","1007.6","-","-"
"2021/11/26","12:00","6.03","232","7.97","47.5","1008.5","-","-"
"2021/11/26","13:00","6.61","240","10.3","47.3","1008.8","-","-"
"2021/11/26","14:00","14.38","289","17.3","50.7","1009","-","-"
"2021/11/26","15:00","17.88","316","20.8","51.3","1009.9","-","-"
"2021/11/26","16:00","19.44","323","24.3","50.7","1009.7","-","-"
"2021/11/26","17:00","14.38","321","18.27","51.6","1009","-","-"
"2021/11/26","18:00","21.77","323","26.82","52","1008.6","-","-"
"2021/11/26","19:00","21.97","313","27.99","52","1008.9","-","-"
"2021/11/26","20:00","18.86","308","23.33","51.8","1009.6","-","-"
"2021/11/26","21:00","22.55","313","26.05","50.5","1010.4","-","-"
"2021/11/26","22:00","23.52","315","27.6","49.8","1011.3","-","-"
"2021/11/26","23:00","17.88","325","24.1","48.6","1011.8","-","-"
"2021/11/27","00:00","12.83","347","14.97","45.1","1012.6","-","-"
"2021/11/27","01:00","17.49","329","21.19","43","1013.3","-","-"
"2021/11/27","02:00","14.97","335","19.83","41.2","1013.8","-","-"
"2021/11/27","03:00","15.55","332","20.22","39.6","1014.1","-","-"
"2021/11/27","04:00","13.41","327","16.33","37.9","1014.5","-","-"
"2021/11/27","05:00","13.02","327","15.55","37.2","1014.7","-","-"
"2021/11/27","06:00","12.63","334","15.36","36.3","1015","-","-"
"2021/11/27","07:00","14.38","332","16.52","36.1","1015.6","-","-"
"2021/11/27","08:00","11.08","323","14.97","36.3","1015.9","-","-"
"2021/11/27","09:00","8.36","279","10.3","34.3","1016.1","-","-"
"2021/11/27","10:00","9.72","286","11.47","34.3","1016.7","-","-"
"2021/11/27","11:00","7.97","292","10.69","34.2","1017.1","-","-"
"2021/11/27","12:00","8.16","274","9.52","32.7","1017.4","-","-"
"2021/11/27","13:00","7.39","287","9.91","34.2","1018","-","-"
"2021/11/27","14:00","7.39","296","10.11","35.1","1018.5","-","-"
"2021/11/27","15:00","13.61","314","17.3","36.5","1018.6","-","-"
"2021/11/27","16:00","11.86","316","15.55","37.8","1018.1","-","-"
"2021/11/27","17:00","9.14","309","15.75","39.2","1017.4","-","-"
"2021/11/27","18:00","7.58","297","14","41.5","1016.8","-","-"
"2021/11/27","19:00","9.52","254","12.05","42.8","1016.1","-","-"
"2021/11/27","20:00","7","320","9.52","44.1","1016.2","-","-"
"2021/11/27","21:00","5.44","236","8.94","45","1016","-","-"
"2021/11/27","22:00","3.3","236","4.08","43.5","1016.3","-","-"
"2021/11/27","23:00","2.92","247","4.08","42.3","1016.9","-","-"
"2021/11/28","00:00","4.67","210","5.05","40.8","1016.4","-","-"
"2021/11/28","01:00","3.11","205","3.89","38.5","1016.7","-","-"
"2021/11/28","02:00","2.72","171","3.5","39.6","1016.5","-","-"
"2021/11/28","03:00","5.25","185","6.8","41","1015.9","-","-"
"2021/11/28","04:00","6.41","209","8.75","41.4","1015.6","-","-"
"2021/11/28","05:00","5.05","204","6.41","42.4","1014.9","-","-"
"2021/11/28","06:00","8.94","209","12.25","44.4","1014.2","-","-"
"2021/11/28","07:00","9.72","187","12.05","44.2","1013.5","-","-"
"2021/11/28","08:00","7.78","207","10.69","44.6","1013","-","-"
"2021/11/28","09:00","10.5","211","14.38","45.1","1012.5","-","-"
"2021/11/28","10:00","12.44","218","16.52","45","1012.1","-","-"
"2021/11/28","11:00","12.25","221","14.97","45.5","1011.9","-","-"
"2021/11/28","12:00","12.05","225","16.13","45","1012.4","-","-"
"2021/11/28","13:00","3.5","216","7","44.4","1012.5","-","-"
"2021/11/28","14:00","12.63","214","15.55","46.4","1012","-","-"
"2021/11/28","15:00","7.39","233","9.72","48.4","1012.4","-","-"
"2021/11/28","16:00","9.72","247","11.47","51.4","1012","-","-"
"2021/11/28","17:00","4.67","232","11.08","54.1","1010.8","-","-"
"2021/11/28","18:00","6.22","221","10.11","57","1009.5","-","-"
"2021/11/28","19:00","9.52","248","13.02","57.9","1009","-","-"
"2021/11/28","20:00","9.33","235","11.86","57.7","1008.6","-","-"
"2021/11/28","21:00","5.83","229","8.75","57","1008.6","-","-"
"2021/11/28","22:00","3.5","205","4.08","55","1008.5","-","-"
"2021/11/28","23:00","3.69","218","4.67","52.7","1009.2","-","-"
"2021/11/29","00:00","3.5","256","6.22","51.4","1009.4","-","-"
"2021/11/29","01:00","1.94","323","2.53","50.2","1009.5","-","-"
"2021/11/29","02:00","5.44","262","6.61","51.8","1009.2","-","-"
"2021/11/29","03:00","3.11","277","4.28","50.7","1009.3","-","-"
"2021/11/29","04:00","4.08","216","4.67","47.8","1009.1","-","-"
"2021/11/29","05:00","7.19","262","8.36","49.8","1009","-","-"
"2021/11/29","06:00","14.38","356","18.08","47.3","1010","-","-"
"2021/11/29","07:00","11.66","343","15.94","46.2","1010.5","-","-"
"2021/11/29","08:00","12.44","344","15.75","45.7","1011.2","-","-"
"2021/11/29","09:00","14.97","341","18.86","45.5","1011.6","-","-"
"2021/11/29","10:00","14.77","336","21.97","45","1012.2","-","-"
"2021/11/29","11:00","16.13","340","21.58","44.2","1013.6","-","-"
"2021/11/29","12:00","16.13","325","19.05","42.6","1014.8","-","-"
"2021/11/29","13:00","16.52","329","18.86","41.7","1015.7","-","-"
"2021/11/29","14:00","18.66","323","22.74","41.7","1016.6","-","-"
"2021/11/29","15:00","19.44","320","25.27","42.4","1016.7","-","-"
"2021/11/29","16:00","14.77","332","24.49","43.3","1016.5","-","-"
"2021/11/29","17:00","18.27","325","22.55","44.4","1015.9","-","-"
"2021/11/29","18:00","18.08","319","22.35","45.3","1015.6","-","-"
"2021/11/29","19:00","17.3","317","20.8","46.2","1015.7","-","-"
"2021/11/29","20:00","14.58","320","22.16","46.8","1015.9","-","-"
"2021/11/29","21:00","16.33","329","18.47","46.9","1016.3","-","-"
"2021/11/29","22:00","8.36","3","9.72","45.5","1016.4","-","-"
"2021/11/29","23:00","5.44","348","7.19","44.4","1017.1","-","-"
"2021/11/30","00:00","6.03","346","7.39","44.2","1017.7","-","-"
"2021/11/30","01:00","3.3","281","4.86","43","1018.3","-","-"
"2021/11/30","02:00","1.94","242","2.72","38.3","1018.7","-","-"
"2021/11/30","03:00","2.33","248","3.5","36.9","1019.6","-","-"
"2021/11/30","04:00","2.14","213","2.53","36.9","1019.4","-","-"
"2021/11/30","05:00","2.53","249","3.5","35.6","1019.5","-","-"
"2021/11/30","06:00","2.53","163","3.3","35.8","1019.5","-","-"
"2021/11/30","07:00","1.56","227","2.33","35.2","1019.7","-","-"
"2021/11/30","08:00","2.72","215","3.5","35.8","1019.7","-","-"
"2021/11/30","09:00","0.58","186","1.36","36.7","1019.4","-","-"
"2021/11/30","10:00","1.17","193","1.56","35.8","1019.6","-","-"
"2021/11/30","11:00","1.94","181","2.33","37.6","1019.4","-","-"
"2021/11/30","12:00","6.61","213","7.58","37.8","1019.4","-","-"
"2021/11/30","13:00","6.03","218","8.36","37.6","1019.2","-","-"
"2021/11/30","14:00","7","217","9.72","41.4","1019.1","-","-"
"2021/11/30","15:00","8.36","224","11.66","43.5","1019.1","-","-"
"2021/11/30","16:00","15.94","222","20.8","45.7","1018","-","-"
"2021/11/30","17:00","15.16","221","19.44","48.4","1016.8","-","-"
"2021/11/30","18:00","13.41","221","18.66","51.1","1015.5","-","-"
"2021/11/30","19:00","13.61","233","21.77","53.2","1014.3","-","-"
"2021/11/30","20:00","16.52","219","21.97","54.3","1014.4","-","-"
"2021/11/30","21:00","11.27","231","13.22","55","1014.7","-","-"
"2021/11/30","22:00","8.36","221","10.11","53.4","1014.9","-","-"
"2021/11/30","23:00","7.97","219","10.89","52","1015.6","-","-"
"2021/12/01","00:00","8.36","219","13.02","50.9","1016.1","-","-"
"2021/12/01","01:00","10.11","219","13.02","50.4","1016.8","-","-"
"2021/12/01","02:00","12.05","221","16.52","50.7","1016.9","-","-"
"2021/12/01","03:00","11.08","234","17.49","51.1","1016.9","-","-"
"2021/12/01","04:00","10.3","232","14.58","50.5","1017.3","-","-"
"2021/12/01","05:00","5.05","272","8.94","50.4","1017.6","-","-"
"2021/12/01","06:00","11.47","247","14.38","49.6","1017.7","-","-"
"2021/12/01","07:00","6.03","297","8.16","48.4","1018.3","-","-"
"2021/12/01","08:00","5.64","287","7.78","47.5","1018.9","-","-"
"2021/12/01","09:00","4.67","254","5.83","45.5","1019.5","-","-"
"2021/12/01","10:00","2.92","247","3.69","43.5","1020","-","-"
"2021/12/01","11:00","2.33","257","3.5","41.2","1020.9","-","-"
"2021/12/01","12:00","2.92","3","3.89","43.9","1022","-","-"
"2021/12/01","13:00","0.78","340","2.14","45.9","1022.8","-","-"
"2021/12/01","14:00","2.14","149","2.53","48","1023.1","-","-"
"2021/12/01","15:00","1.17","63","1.56","50.5","1023.9","-","-"
"2021/12/01","16:00","3.69","83","4.28","50.5","1023.6","-","-"
"2021/12/01","17:00","6.22","58","6.8","50.5","1022.8","-","-"
"2021/12/01","18:00","7.19","51","7.78","50.5","1022.5","-","-"
"2021/12/01","19:00","8.16","81","8.94","51.4","1021.5","-","-"
"2021/12/01","20:00","9.72","96","11.08","52.9","1020.8","-","-"
"2021/12/01","21:00","7","156","8.75","52.3","1020.1","-","-"
"2021/12/01","22:00","4.86","141","7","51.1","1020","-","-"
"2021/12/01","23:00","2.72","135","3.11","50.2","1020.4","-","-"
"2021/12/02","00:00","4.28","156","5.64","50.7","1020","-","-"
"2021/12/02","01:00","2.72","157","3.89","50.4","1020.1","-","-"
"2021/12/02","02:00","0.58","98","1.36","50","1019.6","-","-"
"2021/12/02","03:00","6.03","193","7.58","51.3","1018.7","-","-"
"2021/12/02","04:00","7.97","198","11.86","52.7","1018","-","-"
"2021/12/02","05:00","10.11","209","14.58","54.3","1017.5","-","-"
"2021/12/02","06:00","8.36","215","10.3","53.1","1016.9","-","-"
"2021/12/02","07:00","8.75","203","11.47","52.9","1015.8","-","-"
"2021/12/02","08:00","9.72","217","12.63","52.9","1015.2","-","-"
"2021/12/02","09:00","8.16","218","11.47","51.8","1014.7","-","-"
"2021/12/02","10:00","9.91","216","11.86","51.8","1014.4","-","-"
"2021/12/02","11:00","9.52","219","14","52.3","1014.3","-","-"
"2021/12/02","12:00","11.66","218","14.58","51.8","1014.1","-","-"
"2021/12/02","13:00","13.22","220","15.94","52","1014.4","-","-"
"2021/12/02","14:00","12.83","227","15.75","54.5","1013.5","-","-"
"2021/12/02","15:00","11.27","227","15.55","57.7","1013.8","-","-"
"2021/12/02","16:00","12.63","239","17.69","60.4","1012.5","-","-"
"2021/12/02","17:00","6.8","235","10.11","62.2","1011.2","-","-"
"2021/12/02","18:00","8.75","245","17.11","64.9","1009.7","-","-"
"2021/12/02","19:00","10.11","228","12.63","65.3","1009","-","-"
"2021/12/02","20:00","10.11","233","15.16","66.7","1008.7","-","-"
"2021/12/02","21:00","8.94","250","11.27","66.2","1008.9","-","-"
"2021/12/02","22:00","8.16","225","10.89","64.8","1009","-","-"
"2021/12/02","23:00","8.16","212","12.05","63.3","1008.5","-","-"
"2021/12/03","00:00","10.69","224","14.38","62.8","1008.2","-","-"
"2021/12/03","01:00","12.25","230","17.11","62.4","1008.4","-","-"
"2021/12/03","02:00","13.41","227","17.3","61.2","1008.2","-","-"
"2021/12/03","03:00","13.02","229","17.88","60.6","1008.3","-","-"
"2021/12/03","04:00","12.44","235","16.91","61.2","1008.5","-","-"
"2021/12/03","05:00","14.19","237","20.8","61.5","1008.7","-","-"
"2021/12/03","06:00","14.77","235","19.44","60.4","1008.9","-","-"
"2021/12/03","07:00","14.97","252","18.27","59.9","1009.7","-","-"
"2021/12/03","08:00","8.55","277","9.91","57.7","1010.9","-","-"
"2021/12/03","09:00","10.3","1","12.44","55.4","1012.1","-","-"
"2021/12/03","10:00","4.86","295","5.64","55","1012.2","-","-"
"2021/12/03","11:00","5.83","318","6.41","53.8","1013.7","-","-"
"2021/12/03","12:00","0.97","141","2.72","53.2","1015.3","-","-"
"2021/12/03","13:00","5.05","0","5.83","53.1","1016.6","-","-"
"2021/12/03","14:00","9.14","4","10.3","53.1","1017.4","-","-"
"2021/12/03","15:00","6.03","17","8.75","53.8","1017.5","-","-"
"2021/12/03","16:00","0.39","201","1.56","57.6","1017.4","-","-"
"2021/12/03","17:00","3.89","347","4.08","55.2","1016.4","-","-"
"2021/12/03","18:00","4.67","93","5.44","53.1","1015.8","-","-"
"2021/12/03","19:00","6.61","79","7.19","53.1","1015.8","-","-"
"2021/12/03","20:00","5.44","105","7.19","55","1016.4","-","-"
"2021/12/03","21:00","9.14","80","10.5","51.3","1016.9","-","-"
"2021/12/03","22:00","5.25","93","6.03","50.7","1017.5","-","-"
"2021/12/03","23:00","5.83","118","8.75","50.9","1018.2","-","-"
"2021/12/04","00:00","5.05","155","5.44","50.2","1018.3","-","-"
"2021/12/04","01:00","6.41","120","8.94","50.4","1018.1","-","-"
"2021/12/04","02:00","7.58","113","8.75","50.9","1018.3","-","-"
"2021/12/04","03:00","3.5","174","4.28","49.8","1018.9","-","-"
"2021/12/04","04:00","2.14","141","3.3","48.6","1019.1","-","-"
"2021/12/04","05:00","4.28","147","5.44","48.4","1018.1","-","-"
"2021/12/04","06:00","2.14","152","2.92","49.5","1017.4","-","-"
"2021/12/04","07:00","2.53","148","3.5","48.6","1017.2","-","-"
"2021/12/04","08:00","1.94","77","2.33","48","1017.1","-","-"
"2021/12/04","09:00","2.92","148","3.5","47.8","1016.6","-","-"
"2021/12/04","10:00","2.53","141","3.11","48","1016.3","-","-"
"2021/12/04","11:00","2.14","291","3.5","47.8","1016.5","-","-"
"2021/12/04","12:00","1.56","241","2.33","46","1016.7","-","-"
"2021/12/04","13:00","1.56","264","1.56","46.8","1017","-","-"
"2021/12/04","14:00","4.08","316","4.86","48.9","1017.6","-","-"
"2021/12/04","15:00","3.69","316","4.86","50.5","1018","-","-"
"2021/12/04","16:00","8.75","317","9.14","51.4","1018.1","-","-"
"2021/12/04","17:00","11.47","317","12.05","51.1","1017.6","-","-"
"2021/12/04","18:00","9.72","312","10.3","52","1017.5","-","-"
"2021/12/04","19:00","12.44","318","13.22","52.9","1017.7","-","-"
"2021/12/04","20:00","8.36","313","9.72","54.3","1018","-","-"
"2021/12/04","21:00","4.67","26","5.25","54.7","1018.6","-","-"
"2021/12/04","22:00","6.8","2","8.55","54.9","1019.6","-","-"
"2021/12/04","23:00","6.03","10","6.22","53.2","1020.1","-","-"
"2021/12/05","00:00","3.69","350","4.08","52.7","1020.8","-","-"
"2021/12/05","01:00","4.47","17","4.67","51.8","1021.3","-","-"
"2021/12/05","02:00","2.53","307","4.67","51.1","1022.1","-","-"
"2021/12/05","03:00","2.92","329","3.69","50.2","1022.7","-","-"
"2021/12/05","04:00","0.78","28","1.56","48.7","1023.2","-","-"
"2021/12/05","05:00","1.56","167","1.94","48.7","1023.4","-","-"
"2021/12/05","06:00","1.75","248","1.75","46.9","1023.6","-","-"
"2021/12/05","07:00","1.36","283","2.72","47.5","1024.1","-","-"
"2021/12/05","08:00","2.72","309","3.5","47.1","1024.8","-","-"
"2021/12/05","09:00","2.92","340","3.5","46.6","1024.9","-","-"
"2021/12/05","10:00","1.36","11","1.75","46.2","1025.3","-","-"
"2021/12/05","11:00","6.41","25","7.58","46.8","1026","-","-"
"2021/12/05","12:00","7","47","7.58","48.6","1026.5","-","-"
"2021/12/05","13:00","7","51","8.75","49.3","1027.1","-","-"
"2021/12/05","14:00","14.77","64","16.52","50.4","1027.6","-","-"
"2021/12/05","15:00","14.19","56","16.13","50.2","1028","-","-"
"2021/12/05","16:00","11.47","76","13.22","50.5","1027.7","-","-"
"2021/12/05","17:00","10.11","66","12.05","51.4","1026.8","-","-"
"2021/12/05","18:00","9.52","64","11.27","52.7","1025.7","-","-"
"2021/12/05","19:00","11.47","72","13.02","52.5","1025","-","-"
"2021/12/05","20:00","9.33","63","9.91","52.5","1024.5","-","-"
"2021/12/05","21:00","8.16","69","9.52","52.2","1024.3","-","-"
"2021/12/05","22:00","7.58","58","9.14","52.2","1023.8","-","-"
"2021/12/05","23:00","6.41","52","7.39","51.8","1023","-","-"
"2021/12/06","00:00","4.86","23","7.39","51.4","1022.6","-","-"
"2021/12/06","01:00","3.5","41","3.89","51.3","1022.1","-","-"
"2021/12/06","02:00","5.05","314","6.03","51.3","1021.7","-","-"
"2021/12/06","03:00","7","315","7.58","50.7","1021","-","-"
"2021/12/06","04:00","4.28","289","5.44","51.4","1020.6","-","-"
"2021/12/06","05:00","5.25","273","6.61","51.3","1020.1","-","-"
"2021/12/06","06:00","2.92","211","3.5","51.3","1019.2","-","-"
"2021/12/06","07:00","8.94","250","13.02","50.9","1019.3","-","-"
"2021/12/06","08:00","5.83","222","7.78","50.4","1018.9","-","-"
"2021/12/06","09:00","4.47","194","7.97","50.4","1017.9","-","-"
"2021/12/06","10:00","6.03","217","7.78","50.7","1017.6","-","-"
"2021/12/06","11:00","7.78","200","11.27","51.3","1016.9","-","-"
"2021/12/06","12:00","8.16","206","12.25","52.2","1017.1","-","-"
"2021/12/06","13:00","10.89","209","15.55","53.8","1016","-","-"
"2021/12/06","14:00","11.27","211","15.36","55.2","1015.7","-","-"
"2021/12/06","15:00","12.63","206","16.33","56.7","1015.1","-","-"
"2021/12/06","16:00","12.25","201","17.49","59.4","1013.9","-","-"
"2021/12/06","17:00","13.41","213","18.27","63.1","1012.4","-","-"
"2021/12/06","18:00","16.33","206","22.74","65.1","1011.3","-","-"
"2021/12/06","19:00","12.83","204","17.88","66.9","1010.2","-","-"
"2021/12/06","20:00","9.91","205","15.75","68.2","1009.4","-","-"
"2021/12/06","21:00","15.55","200","22.16","67.6","1008.1","-","-"
"2021/12/06","22:00","11.86","214","17.88","67.1","1008.6","-","-"
"2021/12/06","23:00","13.41","207","17.88","66.6","1008","-","-"
"2021/12/07","00:00","13.8","215","19.05","66.6","1008","-","-"
"2021/12/07","01:00","8.16","222","15.36","65.7","1008.8","-","-"
"2021/12/07","02:00","11.27","232","19.05","66","1009.2","-","-"
"2021/12/07","03:00","10.69","236","15.36","66.4","1010.1","-","-"
"2021/12/07","04:00","24.1","316","29.94","62.2","1012.9","-","-"
"2021/12/07","05:00","15.16","343","19.05","56.7","1014.7","-","-"
"2021/12/07","06:00","17.88","4","22.74","53.6","1016.2","-","-"
"2021/12/07","07:00","18.08","0","20.99","50.5","1017.8","-","-"
"2021/12/07","08:00","14.19","4","19.63","47.3","1018.7","-","-"
"2021/12/07","09:00","12.25","5","16.91","45.1","1020.1","-","-"
"2021/12/07","10:00","13.8","4","17.11","43.3","1021.2","-","-"
"2021/12/07","11:00","14.77","356","19.05","41.2","1022.4","-","-"
"2021/12/07","12:00","14.19","0","16.91","40.1","1023.5","-","-"
"2021/12/07","13:00","7.39","10","10.5","39.9","1023.9","-","-"
"2021/12/07","14:00","7.19","5","10.5","40.6","1024.4","-","-"
"2021/12/07","15:00","8.94","22","11.08","41.4","1024.7","-","-"
"2021/12/07","16:00","10.89","7","14.58","43.2","1024.3","-","-"
"2021/12/07","17:00","7.19","28","10.3","44.4","1023","-","-"
"2021/12/07","18:00","8.75","24","10.11","45.5","1022.7","-","-"
"2021/12/07","19:00","8.75","102","11.47","44.4","1022.4","-","-"
"2021/12/07","20:00","10.5","77","12.63","43.3","1022.3","-","-"
"2021/12/07","21:00","10.5","72","12.44","43.2","1022.3","-","-"
"2021/12/07","22:00","8.94","81","10.5","43","1022.7","-","-"
"2021/12/07","23:00","8.94","60","11.27","43","1022.7","-","-"
"2021/12/08","00:00","9.14","66","11.66","43.3","1022.5","-","-"
"2021/12/08","01:00","7.19","47","9.52","43.2","1022.2","-","-"
"2021/12/08","02:00","1.56","158","2.53","41.9","1021.8","-","-"
"2021/12/08","03:00","0.58","211","1.56","40.5","1021.5","-","-"
"2021/12/08","04:00","5.83","7","7","41.5","1021.2","-","-"
"2021/12/08","05:00","4.47","40","5.64","42.3","1020.6","-","-"
"2021/12/08","06:00","5.64","16","6.61","42.6","1019.6","-","-"
"2021/12/08","07:00","6.41","26","7.39","42.4","1019.2","-","-"
"2021/12/08","08:00","7.39","15","8.55","42.4","1019","-","-"
"2021/12/08","09:00","7.58","53","8.75","43.3","1017.6","-","-"
"2021/12/08","10:00","10.89","80","12.05","45","1017","-","-"
"2021/12/08","11:00","11.27","73","13.22","45.1","1017.1","-","-"
"2021/12/08","12:00","8.36","32","10.3","44.1","1017.2","-","-"
"2021/12/08","13:00","4.28","358","6.41","43.3","1017.8","-","-"
"2021/12/08","14:00","7.19","39","8.55","43.7","1016.9","-","-"
"2021/12/08","15:00","9.14","56","10.89","44.2","1016","-","-"
"2021/12/08","16:00","10.11","40","11.66","44.4","1015.1","-","-"
"2021/12/08","17:00","11.86","38","15.75","43.9","1014.2","-","-"
"2021/12/08","18:00","9.14","14","10.69","43.2","1013.3","-","-"
"2021/12/08","19:00","8.16","1","10.5","43","1012.3","-","-"
"2021/12/08","20:00","8.36","356","10.11","43.3","1012.1","-","-"
"2021/12/08","21:00","4.08","311","6.61","44.2","1012.5","-","-"
"2021/12/08","22:00","3.5","250","4.67","42.8","1012.6","-","-"
"2021/12/08","23:00","5.83","350","7.19","41.9","1013.4","-","-"
"2021/12/09","00:00","7.19","329","7.58","41.5","1014.4","-","-"
"2021/12/09","01:00","2.53","238","3.11","38.8","1015.2","-","-"
"2021/12/09","02:00","3.11","347","5.05","40.5","1015.9","-","-"
"2021/12/09","03:00","1.36","249","2.53","37.9","1016.3","-","-"
"2021/12/09","04:00","3.11","305","4.67","40.1","1017.5","-","-"
"2021/12/09","05:00","6.8","344","9.33","39","1018.7","-","-"
"2021/12/09","06:00","8.94","334","11.66","39","1019.2","-","-"
"2021/12/09","07:00","10.89","325","13.41","38.5","1019.6","-","-"
"2021/12/09","08:00","13.61","331","15.75","37.4","1020.9","-","-"
"2021/12/09","09:00","12.25","340","16.91","37","1021.7","-","-"
"2021/12/09","10:00","9.72","332","11.66","36.5","1022.4","-","-"
"2021/12/09","11:00","6.03","323","7.78","36","1023.1","-","-"
"2021/12/09","12:00","6.8","344","8.94","36.1","1023.4","-","-"
"2021/12/09","13:00","7.97","345","9.91","37","1024.8","-","-"
"2021/12/09","14:00","7","342","9.14","37.9","1025.2","-","-"
"2021/12/09","15:00","6.03","352","7.78","38.8","1025.7","-","-"
"2021/12/09","16:00","3.3","35","6.22","41","1025.9","-","-"
"2021/12/09","17:00","3.69","97","5.83","41.4","1025.3","-","-"
"2021/12/09","18:00","5.64","112","7.39","41.4","1024.9","-","-"
"2021/12/09","19:00","8.94","98","10.89","41","1024","-","-"
"2021/12/09","20:00","5.05","135","8.36","41.2","1024","-","-"
"2021/12/09","21:00","5.25","153","8.16","41.7","1024.3","-","-"
"2021/12/09","22:00","4.28","158","5.05","41.4","1024.2","-","-"
"2021/12/09","23:00","1.94","180","2.92","39.7","1024.6","-","-"
"2021/12/10","00:00","3.3","153","4.08","39","1024.9","-","-"
"2021/12/10","01:00","5.83","168","6.8","38.3","1024.5","-","-"
"2021/12/10","02:00","2.72","150","5.05","38.3","1024.1","-","-"
"2021/12/10","03:00","2.72","167","3.89","38.7","1024.3","-","-"
"2021/12/10","04:00","3.89","150","4.86","37.6","1023.5","-","-"
"2021/12/10","05:00","2.53","171","3.3","38.3","1022.9","-","-"
"2021/12/10","06:00","4.28","203","5.25","39","1022.4","-","-"
"2021/12/10","07:00","4.86","194","6.61","39.6","1022.3","-","-"
"2021/12/10","08:00","2.92","192","4.28","40.1","1022","-","-"
"2021/12/10","09:00","2.53","263","3.3","41.5","1021.5","-","-"
"2021/12/10","10:00","2.14","220","2.53","41.4","1021.6","-","-"
"2021/12/10","11:00","3.3","266","4.28","41.5","1021.6","-","-"
"2021/12/10","12:00","0.78","159","1.94","42.4","1022","-","-"
"2021/12/10","13:00","4.08","233","7.19","44.8","1022.1","-","-"
"2021/12/10","14:00","4.28","254","5.44","46.2","1022.6","-","-"
"2021/12/10","15:00","5.05","255","7.19","48.9","1022.5","-","-"
"2021/12/10","16:00","5.25","253","6.61","50","1022","-","-"
"2021/12/10","17:00","4.28","225","7.19","50.7","1021","-","-"
"2021/12/10","18:00","2.14","206","5.05","51.4","1020.2","-","-"
"2021/12/10","19:00","4.28","216","5.44","51.8","1019.7","-","-"
"2021/12/10","20:00","6.03","154","6.8","50.7","1018.8","-","-"
"2021/12/10","21:00","3.69","238","4.86","52.2","1019.4","-","-"
"2021/12/10","22:00","6.03","172","6.8","51.4","1019.3","-","-"
"2021/12/10","23:00","0.97","167","1.17","51.6","1020","-","-"
"2021/12/11","00:00","1.36","145","2.53","50.9","1020.3","-","-"
"2021/12/11","01:00","2.14","129","3.3","50.9","1019.7","-","-"
"2021/12/11","02:00","4.47","188","6.22","51.6","1019.5","-","-"
"2021/12/11","03:00","4.28","193","7","52.5","1018.7","-","-"
"2021/12/11","04:00","6.22","200","7.97","53.1","1018.2","-","-"
"2021/12/11","05:00","5.64","202","7.58","52.9","1018.1","-","-"
"2021/12/11","06:00","4.86","206","7.78","53.8","1016.7","-","-"
"2021/12/11","07:00","7","203","10.89","53.8","1016.5","-","-"
"2021/12/11","08:00","8.75","215","11.08","54","1016.1","-","-"
"2021/12/11","09:00","8.94","230","11.27","55","1015.8","-","-"
"2021/12/11","10:00","9.33","208","12.83","55.6","1015","-","-"
"2021/12/11","11:00","11.08","213","14.97","56.5","1014.9","-","-"
"2021/12/11","12:00","9.14","211","10.89","57","1014.9","-","-"
"2021/12/11","13:00","9.72","218","11.27","58.8","1015.2","-","-"
"2021/12/11","14:00","9.14","199","14.97","60.6","1014.8","-","-"
"2021/12/11","15:00","12.25","210","16.91","62.6","1014.5","-","-"
"2021/12/11","16:00","15.94","211","20.41","64.6","1013.6","-","-"
"2021/12/11","17:00","12.05","212","20.41","64.9","1012.2","-","-"
"2021/12/11","18:00","14.77","216","21.19","66.6","1010.8","-","-"
"2021/12/11","19:00","17.11","212","23.13","68.9","1010","-","-"
"2021/12/11","20:00","13.41","200","18.66","71.1","1009","-","-"
"2021/12/11","21:00","12.63","207","19.05","72","1008.9","-","-"
"2021/12/11","22:00","14.97","205","25.08","72","1008.1","-","-"
"2021/12/11","23:00","16.72","211","24.49","72.5","1008.1","-","-"
"2021/12/12","00:00","10.89","216","15.36","70.9","1008.6","-","-"
"2021/12/12","01:00","14.19","232","18.47","71.1","1009.1","-","-"
"2021/12/12","02:00","13.8","232","24.88","63.3","1008.8","-","-"
"2021/12/12","03:00","11.66","212","16.33","62.1","1008.9","-","-"
"2021/12/12","04:00","12.44","209","18.27","61.5","1009.9","-","-"
"2021/12/12","05:00","8.75","206","10.69","61","1009.9","-","-"
"2021/12/12","06:00","10.69","301","11.86","55","1011.6","-","-"
"2021/12/12","07:00","9.52","2","10.89","54.7","1014.2","-","-"
"2021/12/12","08:00","14.19","357","18.08","52","1014.7","-","-"
"2021/12/12","09:00","18.27","356","24.1","49.1","1017.2","-","-"
"2021/12/12","10:00","17.3","350","25.27","47.7","1018.5","-","-"
"2021/12/12","11:00","15.16","337","20.6","46.8","1020.6","-","-"
"2021/12/12","12:00","13.02","337","17.3","45.5","1022.1","-","-"
"2021/12/12","13:00","12.05","328","14.38","44.6","1023.5","-","-"
"2021/12/12","14:00","13.02","340","15.75","44.8","1024.8","-","-"
"2021/12/12","15:00","17.49","331","23.91","45.9","1025.5","-","-"
"2021/12/12","16:00","15.94","325","19.05","46.6","1026","-","-"
"2021/12/12","17:00","15.75","348","19.05","47.1","1025.6","-","-"
"2021/12/12","18:00","11.27","348","15.55","47.8","1025.8","-","-"
"2021/12/12","19:00","10.3","305","13.41","48","1025.1","-","-"
"2021/12/12","20:00","9.14","306","11.08","48.7","1025.8","-","-"
"2021/12/12","21:00","8.36","329","9.33","49.5","1026.4","-","-"
"2021/12/12","22:00","4.67","334","5.83","48.9","1026.8","-","-"
"2021/12/12","23:00","2.33","228","2.92","43.7","1026.8","-","-"
"2021/12/13","00:00","1.75","227","3.11","41.5","1027.3","-","-"
"2021/12/13","01:00","1.94","233","3.11","40.5","1027.6","-","-"
"2021/12/13","02:00","2.53","220","4.86","39.9","1027.6","-","-"
"2021/12/13","03:00","5.05","207","6.22","41.5","1028.2","-","-"
"2021/12/13","04:00","7.58","227","8.36","41.5","1028.3","-","-"
"2021/12/13","05:00","5.64","218","6.41","40.5","1028.4","-","-"
"2021/12/13","06:00","4.47","220","5.25","39.6","1028.5","-","-"
"2021/12/13","07:00","6.03","217","7.19","38.7","1028.7","-","-"
"2021/12/13","08:00","3.69","217","4.86","36.9","1028.8","-","-"
"2021/12/13","09:00","0.97","186","1.56","37.4","1028.6","-","-"
"2021/12/13","10:00","7","224","8.75","39.4","1028.6","-","-"
"2021/12/13","11:00","7.78","221","8.75","39.2","1028.8","-","-"
"2021/12/13","12:00","7.19","225","8.94","39.2","1029.6","-","-"
"2021/12/13","13:00","7.39","211","8.55","39.6","1029.9","-","-"
"2021/12/13","14:00","8.75","222","10.89","43","1030.3","-","-"
"2021/12/13","15:00","5.44","251","13.02","46.2","1030.1","-","-"
"2021/12/13","16:00","8.36","241","13.02","48.6","1029.2","-","-"
"2021/12/13","17:00","10.89","255","14.19","50.2","1028.4","-","-"
"2021/12/13","18:00","9.52","229","12.05","52","1027.4","-","-"
"2021/12/13","19:00","7.97","239","10.89","53.4","1026.7","-","-"
"2021/12/13","20:00","6.03","241","10.3","54.7","1026.3","-","-"
"2021/12/13","21:00","3.11","249","5.83","55.4","1026.7","-","-"
"2021/12/13","22:00","2.92","216","3.5","52.7","1026.9","-","-"
"2021/12/13","23:00","4.28","212","4.47","50","1027.2","-","-"
"2021/12/14","00:00","3.69","206","4.67","48.7","1027.6","-","-"
"2021/12/14","01:00","6.41","207","7.19","46.8","1027.8","-","-"
"2021/12/14","02:00","6.03","201","7.39","47.3","1027.7","-","-"
"2021/12/14","03:00","7.97","214","9.52","46.4","1027.9","-","-"
"2021/12/14","04:00","7.78","216","10.3","46.2","1027.8","-","-"
"2021/12/14","05:00","4.28","215","6.03","45.5","1027.5","-","-"
"2021/12/14","06:00","0.39","224","1.94","45","1027.4","-","-"
"2021/12/14","07:00","1.36","207","2.92","45.3","1027.8","-","-"
"2021/12/14","08:00","3.11","252","4.47","44.6","1028","-","-"
"2021/12/14","09:00","3.69","294","4.47","43.7","1028.1","-","-"
"2021/12/14","10:00","3.69","274","4.67","41.5","1028.5","-","-"
"2021/12/14","11:00","5.44","294","6.41","42.6","1029.2","-","-"
"2021/12/14","12:00","2.53","307","3.69","43.5","1029.9","-","-"
"2021/12/14","13:00","4.08","330","5.25","44.1","1030.6","-","-"
"2021/12/14","14:00","3.3","337","3.69","45.5","1031.3","-","-"
"2021/12/14","15:00","2.14","19","3.5","49.8","1032.1","-","-"
"2021/12/14","16:00","5.83","57","7.19","51.8","1032.5","-","-"
"2021/12/14","17:00","7.58","69","9.72","52","1031.8","-","-"
"2021/12/14","18:00","8.16","21","9.72","53.2","1031.7","-","-"
"2021/12/14","19:00","5.83","20","6.8","54.1","1031.5","-","-"
"2021/12/14","20:00","5.05","50","6.41","53.4","1031.3","-","-"
"2021/12/14","21:00","7.19","38","8.55","52.7","1032","-","-"
"2021/12/14","22:00","7.78","53","8.75","50.4","1032.8","-","-"
"2021/12/14","23:00","4.86","46","5.64","48.7","1033.3","-","-"
"2021/12/15","00:00","6.03","80","6.8","48.2","1033.2","-","-"
"2021/12/15","01:00","7","50","7.97","47.8","1033.9","-","-"
"2021/12/15","02:00","4.47","33","5.25","46.8","1034.5","-","-"
"2021/12/15","03:00","7.58","43","8.75","46.6","1034.6","-","-"
"2021/12/15","04:00","4.47","28","6.03","46.4","1034.2","-","-"
"2021/12/15","05:00","8.75","39","10.69","47.1","1034.2","-","-"
"2021/12/15","06:00","6.22","22","7.39","47.5","1033.7","-","-"
"2021/12/15","07:00","5.05","23","6.41","47.3","1034","-","-"
"2021/12/15","08:00","4.67","21","7.19","46.9","1034","-","-"
"2021/12/15","09:00","3.89","26","5.05","46.8","1033.5","-","-"
"2021/12/15","10:00","3.69","5","4.67","46.2","1033.5","-","-"
"2021/12/15","11:00","3.5","333","5.64","45.3","1033.6","-","-"
"2021/12/15","12:00","4.86","319","5.64","45","1033.8","-","-"
"2021/12/15","13:00","4.86","323","6.41","44.4","1033.8","-","-"
"2021/12/15","14:00","6.61","314","7.19","45.5","1034.1","-","-"
"2021/12/15","15:00","9.52","304","10.3","45.7","1034","-","-"
"2021/12/15","16:00","6.03","302","6.41","47.8","1033","-","-"
"2021/12/15","17:00","0.39","13","0.78","51.8","1032","-","-"
"2021/12/15","18:00","7","64","7.19","54","1030.9","-","-"
"2021/12/15","19:00","8.36","67","8.94","52.9","1029.9","-","-"
"2021/12/15","20:00","8.75","64","9.33","53.1","1029.5","-","-"
"2021/12/15","21:00","8.16","87","8.55","52.5","1029.2","-","-"
"2021/12/15","22:00","6.22","94","6.41","52.7","1029.1","-","-"
"2021/12/15","23:00","2.92","110","3.69","52","1029.1","-","-"
"2021/12/16","00:00","1.75","164","1.94","50.9","1028.8","-","-"
"2021/12/16","01:00","1.36","159","1.56","50.2","1028.7","-","-"
"2021/12/16","02:00","0.39","175","0.78","48.7","1028.3","-","-"
"2021/12/16","03:00","1.36","211","1.94","48.6","1027.9","-","-"
"2021/12/16","04:00","6.22","201","8.94","55.4","1027.3","-","-"
"2021/12/16","05:00","5.83","200","8.75","55","1026.7","-","-"
"2021/12/16","06:00","5.05","218","6.61","53.4","1025.6","-","-"
"2021/12/16","07:00","1.94","234","3.3","52","1026","-","-"
"2021/12/16","08:00","4.28","213","5.25","51.6","1025.5","-","-"
"2021/12/16","09:00","4.86","226","6.8","52","1025.4","-","-"
"2021/12/16","10:00","5.44","227","7.97","51.3","1024.9","-","-"
"2021/12/16","11:00","4.47","205","6.41","50","1025","-","-"
"2021/12/16","12:00","9.72","239","13.22","51.4","1025.1","-","-"
"2021/12/16","13:00","11.27","237","13.41","52.2","1024.9","-","-"
"2021/12/16","14:00","8.36","234","11.27","52.7","1024.8","-","-"
"2021/12/16","15:00","8.55","231","11.27","57.2","1024.8","-","-"
"2021/12/16","16:00","8.16","229","13.41","61.3","1023.7","-","-"
"2021/12/16","17:00","11.08","226","18.47","64.9","1022.2","-","-"
"2021/12/16","18:00","11.27","232","18.27","67.5","1020.7","-","-"
"2021/12/16","19:00","14.58","228","26.05","68.5","1019.9","-","-"
"2021/12/16","20:00","13.61","220","17.49","68.5","1019.3","-","-"
"2021/12/16","21:00","11.08","217","16.13","67.6","1019","-","-"
"2021/12/16","22:00","10.69","226","14.97","66.2","1019.1","-","-"
"2021/12/16","23:00","11.27","215","13.61","64.9","1019.3","-","-"
"2021/12/17","00:00","12.05","214","15.55","64.2","1019.1","-","-"
"2021/12/17","01:00","14.58","216","17.88","63.9","1018.8","-","-"
"2021/12/17","02:00","12.25","222","16.13","63.3","1019","-","-"
"2021/12/17","03:00","10.11","223","15.16","62.4","1019.4","-","-"
"2021/12/17","04:00","11.86","221","16.72","62.6","1019.3","-","-"
"2021/12/17","05:00","12.05","220","14.97","61.7","1018.7","-","-"
"2021/12/17","06:00","11.66","220","17.3","60.8","1018.2","-","-"
"2021/12/17","07:00","13.02","226","18.27","60.3","1018","-","-"
"2021/12/17","08:00","8.55","230","12.05","60.1","1018.8","-","-"
"2021/12/17","09:00","14.77","227","18.08","60.3","1018.3","-","-"
"2021/12/17","10:00","15.16","223","17.49","59.7","1018.6","-","-"
"2021/12/17","11:00","13.8","227","16.13","60.1","1018.9","-","-"
"2021/12/17","12:00","10.69","235","14.77","59.7","1020","-","-"
"2021/12/17","13:00","7.78","247","10.3","59.4","1020.6","-","-"
"2021/12/17","14:00","8.36","248","12.05","60.1","1021.2","-","-"
"2021/12/17","15:00","9.72","233","12.44","61.2","1021.4","-","-"
"2021/12/17","16:00","9.14","238","11.08","64.4","1021.1","-","-"
"2021/12/17","17:00","2.53","10","4.47","64.4","1020.6","-","-"
"2021/12/17","18:00","2.72","8","3.11","67.1","1020.2","-","-"
"2021/12/17","19:00","10.69","88","11.66","57","1020.4","-","-"
"2021/12/17","20:00","5.44","97","6.61","56.3","1020.3","-","-"
"2021/12/17","21:00","4.47","88","4.67","58.1","1020.5","-","-"
"2021/12/17","22:00","3.69","115","5.25","59.4","1020.7","-","-"
"2021/12/17","23:00","3.5","81","3.69","56.1","1021.2","-","-"
"2021/12/18","00:00","4.28","112","4.47","56.5","1021.4","-","-"
"2021/12/18","01:00","3.5","87","3.69","56.3","1021.6","-","-"
"2021/12/18","02:00","5.25","105","5.83","54.3","1021.4","-","-"
"2021/12/18","03:00","2.53","342","3.3","52.7","1021.6","-","-"
"2021/12/18","04:00","3.5","109","4.28","53.8","1021.3","-","-"
"2021/12/18","05:00","0.78","81","1.94","53.2","1020.7","-","-"
"2021/12/18","06:00","0.78","193","1.56","53.1","1020.4","-","-"
"2021/12/18","07:00","3.5","109","3.5","53.1","1020","-","-"
"2021/12/18","08:00","3.69","99","4.28","53.1","1020.3","-","-"
"2021/12/18","09:00","4.08","88","4.86","52.3","1019.6","-","-"
"2021/12/18","10:00","2.72","168","3.5","52.3","1019","-","-"
"2021/12/18","11:00","0.78","64","1.56","52.5","1019","-","-"
"2021/12/18","12:00","3.3","115","4.47","52.7","1018.6","-","-"
"2021/12/18","13:00","0.97","67","1.75","52.5","1018.5","-","-"
"2021/12/18","14:00","7","229","9.14","56.3","1018.5","-","-"
"2021/12/18","15:00","5.44","255","7.58","57.2","1018.6","-","-"
"2021/12/18","16:00","7.97","267","10.3","57.9","1017.9","-","-"
"2021/12/18","17:00","5.64","225","7.97","59.5","1016.8","-","-"
"2021/12/18","18:00","6.22","249","8.94","61.5","1015.7","-","-"
"2021/12/18","19:00","6.41","264","11.08","63","1015","-","-"
"2021/12/18","20:00","3.3","242","4.86","62.1","1014.7","-","-"
"2021/12/18","21:00","1.56","213","2.33","61.9","1014.3","-","-"
"2021/12/18","22:00","3.89","189","5.05","62.6","1013.9","-","-"
"2021/12/18","23:00","7","201","13.22","64.6","1012.9","-","-"
"2021/12/19","00:00","8.55","194","11.47","64.9","1012.8","-","-"
"2021/12/19","01:00","7.58","189","9.72","64.9","1011.8","-","-"
"2021/12/19","02:00","7.78","204","12.44","66.2","1011.4","-","-"
"2021/12/19","03:00","13.41","210","17.3","66.7","1010.9","-","-"
"2021/12/19","04:00","9.14","224","12.25","67.1","1010.8","-","-"
"2021/12/19","05:00","12.25","229","17.3","67.5","1010.1","-","-"
"2021/12/19","06:00","11.86","242","16.13","67.3","1010","-","-"
"2021/12/19","07:00","10.69","240","13.61","67.1","1010.3","-","-"
"2021/12/19","08:00","8.75","243","13.8","66.6","1010.4","-","-"
"2021/12/19","09:00","7.97","240","13.22","66.2","1010","-","-"
"2021/12/19","10:00","9.33","236","12.44","66","1010.7","-","-"
"2021/12/19","11:00","17.88","19","26.05","57.2","1012.8","-","-"
"2021/12/19","12:00","11.27","14","15.16","53.1","1014.4","-","-"
"2021/12/19","13:00","20.41","19","25.66","50","1016","-","-"
"2021/12/19","14:00","15.55","355","21.38","46.4","1017.9","-","-"
"2021/12/19","15:00","15.55","359","19.24","45.3","1018.7","-","-"
"2021/12/19","16:00","14.38","356","19.63","43.3","1019.6","-","-"
"2021/12/19","17:00","14.77","357","17.3","42.1","1018.6","-","-"
"2021/12/19","18:00","10.5","340","15.94","41.4","1019.4","-","-"
"2021/12/19","19:00","11.08","356","14.38","40.8","1018.8","-","-"
"2021/12/19","20:00","10.5","351","13.41","40.3","1019.1","-","-"
"2021/12/19","21:00","9.72","344","11.66","40.8","1019.8","-","-"
"2021/12/19","22:00","8.16","329","9.52","41.4","1020.4","-","-"
"2021/12/19","23:00","8.55","340","10.11","41.7","1021","-","-"
"2021/12/20","00:00","8.94","356","12.25","41.5","1021.9","-","-"
"2021/12/20","01:00","11.47","357","14","41","1022.6","-","-"
"2021/12/20","02:00","10.69","341","12.83","39.9","1023.3","-","-"
"2021/12/20","03:00","9.33","332","11.47","39.6","1024.2","-","-"
"2021/12/20","04:00","8.55","332","11.47","38.8","1024.4","-","-"
"2021/12/20","05:00","8.36","344","10.89","38.5","1024.7","-","-"
"2021/12/20","06:00","9.91","337","12.63","37.9","1025","-","-"
"2021/12/20","07:00","9.33","349","10.89","36.9","1025.1","-","-"
"2021/12/20","08:00","7.58","350","8.75","36.1","1025.5","-","-"
"2021/12/20","09:00","8.75","345","11.08","35.6","1025.9","-","-"
"2021/12/20","10:00","7.78","24","11.08","35.6","1026.1","-","-"
"2021/12/20","11:00","11.08","11","14.97","35.6","1026.6","-","-"
"2021/12/20","12:00","10.3","35","12.63","34.9","1027.5","-","-"
"2021/12/20","13:00","10.89","26","13.02","34.9","1028.3","-","-"
"2021/12/20","14:00","11.66","55","14","35.4","1029.1","-","-"
"2021/12/20","15:00","10.89","53","13.8","36.1","1029.6","-","-"
"2021/12/20","16:00","7.58","49","10.69","37","1029.6","-","-"
"2021/12/20","17:00","7.39","25","10.11","38.3","1028.9","-","-"
"2021/12/20","18:00","4.08","60","8.16","39.4","1027.1","-","-"
"2021/12/20","19:00","2.14","48","3.5","40.5","1026.4","-","-"
"2021/12/20","20:00","4.08","47","5.25","40.3","1026","-","-"
"2021/12/20","21:00","3.5","49","5.25","40.3","1025.9","-","-"
"2021/12/20","22:00","0.78","4","3.5","39.6","1025.8","-","-"
"2021/12/20","23:00","2.72","239","3.3","37.4","1025.8","-","-"
"2021/12/21","00:00","2.92","249","3.3","36.1","1025.7","-","-"
"2021/12/21","01:00","0.97","208","1.75","36.5","1025.3","-","-"
"2021/12/21","02:00","2.72","255","3.3","36.5","1025.1","-","-"
"2021/12/21","03:00","2.14","273","3.5","37","1025.1","-","-"
"2021/12/21","04:00","1.36","225","2.92","37","1024.4","-","-"
"2021/12/21","05:00","2.33","218","2.92","36.3","1023.6","-","-"
"2021/12/21","06:00","1.75","238","2.33","36.9","1022.6","-","-"
"2021/12/21","07:00","1.75","210","2.72","35.2","1022.2","-","-"
"2021/12/21","08:00","1.17","298","2.14","36.7","1021.6","-","-"
"2021/12/21","09:00","3.3","336","4.08","39.2","1021.1","-","-"
"2021/12/21","10:00","4.86","352","6.03","39","1020.6","-","-"
"2021/12/21","11:00","5.25","355","7","38.1","1020.5","-","-"
"2021/12/21","12:00","5.44","355","7.97","38.1","1020.4","-","-"
"2021/12/21","13:00","4.47","18","5.05","39.2","1020.4","-","-"
"2021/12/21","14:00","4.47","20","6.22","39.6","1020.2","-","-"
"2021/12/21","15:00","6.41","40","7.19","41.5","1020.3","-","-"
"2021/12/21","16:00","6.22","48","7.78","42.4","1019.4","-","-"
"2021/12/21","17:00","7.58","48","9.14","41.7","1017.5","-","-"
"2021/12/21","18:00","7.19","41","7.97","43.5","1015.9","-","-"
"2021/12/21","19:00","8.94","7","10.5","43.7","1015","-","-"
"2021/12/21","20:00","6.61","62","10.11","44.2","1014.4","-","-"
"2021/12/21","21:00","7.97","49","9.91","42.8","1013.5","-","-"
"2021/12/21","22:00","7.97","50","9.72","43.2","1013.1","-","-"
"2021/12/21","23:00","7.78","14","9.52","43.5","1012","-","-"
"2021/12/22","00:00","5.83","19","7.19","43.9","1011.1","-","-"
"2021/12/22","01:00","5.44","356","6.8","43.9","1010.7","-","-"
"2021/12/22","02:00","6.41","337","8.75","44.2","1009.8","-","-"
"2021/12/22","03:00","10.11","331","12.44","43.7","1008.4","-","-"
"2021/12/22","04:00","11.08","327","13.61","43","1007.8","-","-"
"2021/12/22","05:00","10.5","335","11.47","41.9","1006.1","-","-"
"2021/12/22","06:00","9.33","330","12.44","40.1","1005.3","-","-"
"2021/12/22","07:00","11.66","324","14.97","39.7","1004.4","-","-"
"2021/12/22","08:00","12.63","323","15.36","39.6","1003.6","-","-"
"2021/12/22","09:00","10.69","324","12.83","39.2","1003.3","-","-"
"2021/12/22","10:00","12.63","317","14.58","40.1","1003.4","-","-"
"2021/12/22","11:00","11.86","316","13.02","41.2","1003.9","-","-"
"2021/12/22","12:00","3.89","288","6.03","41.9","1003.9","-","-"
"2021/12/22","13:00","7.97","282","10.5","41.9","1004.6","-","-"
"2021/12/22","14:00","11.27","319","13.61","42.3","1005.2","-","-"
"2021/12/22","15:00","9.91","295","15.16","43","1006.1","-","-"
"2021/12/22","16:00","10.11","311","11.47","43.3","1006.4","-","-"
"2021/12/22","17:00","8.75","290","11.27","44.4","1006.5","-","-"
"2021/12/22","18:00","6.03","336","7.19","46.6","1006.5","-","-"
"2021/12/22","19:00","6.22","287","7.97","48.6","1006.9","-","-"
"2021/12/22","20:00","9.14","316","10.89","50.4","1007.4","-","-"
"2021/12/22","21:00","4.67","271","5.05","51.4","1008.2","-","-"
"2021/12/22","22:00","2.14","277","2.72","48.9","1009","-","-"
"2021/12/22","23:00","2.33","160","2.72","45.7","1009.9","-","-"
"2021/12/23","00:00","6.41","9","7.78","46.9","1011.7","-","-"
"2021/12/23","01:00","11.47","8","15.75","45.7","1013.7","-","-"
"2021/12/23","02:00","10.89","342","13.8","44.4","1015.1","-","-"
"2021/12/23","03:00","11.86","334","14.58","42.8","1016.4","-","-"
"2021/12/23","04:00","7","345","8.36","41","1017.1","-","-"
"2021/12/23","05:00","8.75","332","10.5","40.1","1017.8","-","-"
"2021/12/23","06:00","8.94","337","12.25","39.2","1018.5","-","-"
"2021/12/23","07:00","6.03","331","7.78","37.6","1019.4","-","-"
"2021/12/23","08:00","8.16","333","9.52","37","1020.4","-","-"
"2021/12/23","09:00","7","350","7.97","36","1021.5","-","-"
"2021/12/23","10:00","7.19","341","8.94","35.2","1022.2","-","-"
"2021/12/23","11:00","6.41","347","7.97","34.9","1022.7","-","-"
"2021/12/23","12:00","6.8","347","8.55","34.3","1023.4","-","-"
"2021/12/23","13:00","6.8","353","8.16","34.5","1024.4","-","-"
"2021/12/23","14:00","6.41","350","8.94","34.3","1025.3","-","-"
"2021/12/23","15:00","5.83","352","8.94","36","1026","-","-"
"2021/12/23","16:00","3.11","14","6.03","37.6","1025.8","-","-"
"2021/12/23","17:00","0.58","16","1.56","40.3","1025","-","-"
"2021/12/23","18:00","4.47","293","5.64","39.4","1024.5","-","-"
"2021/12/23","19:00","5.05","309","7.58","40.5","1024.1","-","-"
"2021/12/23","20:00","4.67","313","6.41","41.9","1024.1","-","-"
"2021/12/23","21:00","1.94","326","3.11","43","1024","-","-"
"2021/12/23","22:00","3.69","245","4.08","41.5","1024.4","-","-"
"2021/12/23","23:00","4.86","159","6.41","39.7","1023.3","-","-"
"2021/12/24","00:00","5.44","173","6.61","38.3","1023.3","-","-"
"2021/12/24","01:00","2.92","189","3.89","37.8","1023.7","-","-"
"2021/12/24","02:00","1.75","181","2.72","36.5","1023.5","-","-"
"2021/12/24","03:00","3.89","193","4.86","36.9","1022.9","-","-"
"2021/12/24","04:00","4.28","198","5.64","37.4","1022.5","-","-"
"2021/12/24","05:00","7.97","184","9.72","38.5","1021.5","-","-"
"2021/12/24","06:00","8.36","209","10.5","40.1","1020.8","-","-"
"2021/12/24","07:00","7.78","206","12.05","40.5","1021.1","-","-"
"2021/12/24","08:00","6.61","202","9.91","40.5","1020.8","-","-"
"2021/12/24","09:00","9.14","227","13.61","42.1","1020.6","-","-"
"2021/12/24","10:00","14.77","218","19.83","41.7","1019.4","-","-"
"2021/12/24","11:00","14.38","221","18.08","43.2","1019.1","-","-"
"2021/12/24","12:00","17.11","228","22.74","44.4","1018.2","-","-"
"2021/12/24","13:00","16.33","234","21.58","44.8","1018.6","-","-"
"2021/12/24","14:00","7.39","238","11.27","45.1","1019.4","-","-"
"2021/12/24","15:00","9.72","246","12.44","46.9","1019.7","-","-"
"2021/12/24","16:00","10.11","272","12.44","50.5","1018.9","-","-"
"2021/12/24","17:00","8.16","257","12.63","54.1","1017.5","-","-"
"2021/12/24","18:00","8.75","268","14.97","56.8","1016.9","-","-"
"2021/12/24","19:00","6.8","234","10.11","59","1015.9","-","-"
"2021/12/24","20:00","5.83","207","10.3","59.9","1015.4","-","-"
"2021/12/24","21:00","-","-","-","-","-","-","-"
"2021/12/24","22:00","6.22","201","8.94","57.2","1015.6","-","-"
"2021/12/24","23:00","6.22","203","9.52","55.9","1015.6","-","-"
"2021/12/25","00:00","7.39","205","11.08","55","1015.6","-","-"
"2021/12/25","01:00","5.64","200","9.14","53.6","1014.8","-","-"
"2021/12/25","02:00","7","206","9.52","52.9","1014.1","-","-"
"2021/12/25","03:00","8.16","233","11.86","54.3","1013.7","-","-"
"2021/12/25","04:00","11.08","214","15.94","55","1012.5","-","-"
"2021/12/25","05:00","11.27","213","18.47","54.7","1011","-","-"
"2021/12/25","06:00","10.3","223","15.36","54.3","1010.9","-","-"
"2021/12/25","07:00","10.69","221","14.97","54.1","1009.8","-","-"
"2021/12/25","08:00","9.14","241","14.58","54.7","1010.1","-","-"
"2021/12/25","09:00","11.08","226","13.8","55","1009","-","-"
"2021/12/25","10:00","16.72","226","20.41","54.9","1008.3","-","-"
"2021/12/25","11:00","13.8","222","21.77","54.3","1007.9","-","-"
"2021/12/25","12:00","17.49","224","22.55","55","1008.1","-","-"
"2021/12/25","13:00","18.47","225","25.08","55","1007.7","-","-"
"2021/12/25","14:00","13.61","235","19.83","55.6","1007.9","-","-"
"2021/12/25","15:00","18.86","231","23.71","57.4","1007.2","-","-"
"2021/12/25","16:00","13.41","231","22.35","60.1","1006.1","-","-"
"2021/12/25","17:00","15.75","235","21.77","61.2","1004.4","-","-"
"2021/12/25","18:00","10.89","226","19.83","63","1003.6","-","-"
"2021/12/25","19:00","12.05","241","21.77","65.3","1003","-","-"
"2021/12/25","20:00","12.44","229","18.47","67.3","1002.4","-","-"
"2021/12/25","21:00","12.63","244","20.6","67.8","1002.9","-","-"
"2021/12/25","22:00","7.97","235","12.83","65.8","1003.2","-","-"
"2021/12/25","23:00","9.72","238","14.77","64.9","1003.9","-","-"
"2021/12/26","00:00","14","238","18.66","64.4","1003.7","-","-"
"2021/12/26","01:00","13.02","237","19.63","64.2","1004","-","-"
"2021/12/26","02:00","12.83","245","18.47","65.3","1004.1","-","-"
"2021/12/26","03:00","14.97","240","19.05","66.2","1004.5","-","-"
"2021/12/26","04:00","14.38","244","20.02","66","1005.1","-","-"
"2021/12/26","05:00","16.13","256","22.35","66","1005.5","-","-"
"2021/12/26","06:00","13.22","249","19.63","65.5","1005.8","-","-"
"2021/12/26","07:00","14.38","256","20.02","64.6","1006.7","-","-"
"2021/12/26","08:00","11.66","264","15.36","63.7","1007.9","-","-"
"2021/12/26","09:00","9.33","332","10.11","60.1","1008.5","-","-"
"2021/12/26","10:00","5.25","294","6.03","58.8","1009.5","-","-"
"2021/12/26","11:00","6.41","311","7.19","55.8","1010.6","-","-"
"2021/12/26","12:00","7.39","314","8.16","55.6","1011.8","-","-"
"2021/12/26","13:00","7.78","316","8.16","54.1","1012.7","-","-"
"2021/12/26","14:00","6.22","310","6.8","54","1013.6","-","-"
"2021/12/26","15:00","6.41","299","7.58","56.8","1014.6","-","-"
"2021/12/26","16:00","6.41","306","6.8","58.5","1014.1","-","-"
"2021/12/26","17:00","9.14","310","9.52","57.2","1013.8","-","-"
"2021/12/26","18:00","8.16","88","10.69","54.5","1013.4","-","-"
"2021/12/26","19:00","7.39","132","8.36","55.9","1013.1","-","-"
"2021/12/26","20:00","6.8","105","8.75","54","1013.5","-","-"
"2021/12/26","21:00","7.19","96","7.58","53.6","1013.9","-","-"
"2021/12/26","22:00","4.47","118","7.19","53.2","1014.5","-","-"
"2021/12/26","23:00","3.3","139","4.08","52","1015.1","-","-"
"2021/12/27","00:00","2.14","156","2.33","51.3","1016.3","-","-"
"2021/12/27","01:00","1.17","352","1.36","49.3","1016.8","-","-"
"2021/12/27","02:00","1.17","172","2.53","48.9","1017.4","-","-"
"2021/12/27","03:00","0.78","307","1.75","48.6","1018","-","-"
"2021/12/27","04:00","0.78","286","1.56","50","1018.7","-","-"
"2021/12/27","05:00","2.72","27","3.3","50.5","1019.5","-","-"
"2021/12/27","06:00","5.05","45","6.03","48.9","1019.7","-","-"
"2021/12/27","07:00","9.91","58","10.89","48.7","1019.6","-","-"
"2021/12/27","08:00","9.91","43","12.83","47.3","1019.9","-","-"
"2021/12/27","09:00","9.33","59","10.89","46.6","1019.2","-","-"
"2021/12/27","10:00","15.16","76","16.91","46.4","1018.2","-","-"
"2021/12/27","11:00","13.8","81","15.75","45.5","1018.3","-","-"
"2021/12/27","12:00","11.86","58","14.19","45","1019","-","-"
"2021/12/27","13:00","11.47","67","13.41","44.8","1018.8","-","-"
"2021/12/27","14:00","9.72","104","12.63","45.3","1018.2","-","-"
"2021/12/27","15:00","8.16","95","11.27","45.9","1018.1","-","-"
"2021/12/27","16:00","4.86","106","7.39","46.8","1016.1","-","-"
"2021/12/27","17:00","5.44","65","5.83","48.2","1015.8","-","-"
"2021/12/27","18:00","6.03","83","6.61","48.7","1014.9","-","-"
"2021/12/27","19:00","6.8","98","8.16","49.6","1013","-","-"
"2021/12/27","20:00","9.91","60","11.27","50","1013.4","-","-"
"2021/12/27","21:00","6.22","80","8.16","49.6","1012.4","-","-"
"2021/12/27","22:00","3.11","44","3.69","48.9","1012.1","-","-"
"2021/12/27","23:00","3.3","348","3.89","48.2","1012","-","-"
"2021/12/28","00:00","3.5","320","4.08","48.4","1011.6","-","-"
"2021/12/28","01:00","2.53","322","2.92","48.2","1010.9","-","-"
"2021/12/28","02:00","1.36","241","2.33","46.9","1010.3","-","-"
"2021/12/28","03:00","0","274","0.39","46.9","1009.6","-","-"
"2021/12/28","04:00","2.33","216","3.5","48.4","1009.1","-","-"
"2021/12/28","05:00","2.33","304","3.5","48.7","1008.8","-","-"
"2021/12/28","06:00","5.44","222","7.78","51.4","1008.3","-","-"
"2021/12/28","07:00","6.41","245","10.69","53.2","1009","-","-"
"2021/12/28","08:00","13.22","226","15.75","54.1","1008.4","-","-"
"2021/12/28","09:00","9.33","250","15.16","55.4","1009.3","-","-"
"2021/12/28","10:00","1.17","272","2.53","52.9","1009.6","-","-"
"2021/12/28","11:00","3.89","88","4.28","50","1011","-","-"
"2021/12/28","12:00","3.11","20","4.08","50","1011.9","-","-"
"2021/12/28","13:00","2.33","30","3.69","49.5","1013.3","-","-"
"2021/12/28","14:00","0","316","0.78","49.8","1014.4","-","-"
"2021/12/28","15:00","0","29","0.19","53.1","1014.8","-","-"
"2021/12/28","16:00","1.17","134","2.33","54.3","1014.8","-","-"
"2021/12/28","17:00","4.47","103","5.44","53.1","1013.7","-","-"
"2021/12/28","18:00","6.03","101","7.39","54.3","1012.8","-","-"
"2021/12/28","19:00","9.72","87","10.11","52","1012.2","-","-"
"2021/12/28","20:00","8.55","88","8.94","51.6","1011.5","-","-"
"2021/12/28","21:00","5.44","104","6.41","53.1","1011.4","-","-"
"2021/12/28","22:00","5.44","117","6.22","52","1012.3","-","-"
"2021/12/28","23:00","5.83","102","7.58","51.3","1012.2","-","-"
"2021/12/29","00:00","7.78","129","9.52","53.2","1011.4","-","-"
"2021/12/29","01:00","4.67","139","5.64","52.2","1010.5","-","-"
"2021/12/29","02:00","7.58","151","9.91","52.7","1009.9","-","-"
"2021/12/29","03:00","5.83","166","7","53.6","1009.5","-","-"
"2021/12/29","04:00","7.19","183","9.52","54.5","1008.6","-","-"
"2021/12/29","05:00","8.55","194","11.47","55.9","1007.7","-","-"
"2021/12/29","06:00","10.3","214","15.36","59.4","1007.7","-","-"
"2021/12/29","07:00","11.86","219","16.52","59.7","1007.4","-","-"
"2021/12/29","08:00","12.44","223","17.3","61.2","1007.5","-","-"
"2021/12/29","09:00","13.02","221","20.41","61.9","1007.1","-","-"
"2021/12/29","10:00","13.22","218","20.41","63.1","1007.1","-","-"
"2021/12/29","11:00","14.19","221","20.02","64.2","1007.7","-","-"
"2021/12/29","12:00","14.19","232","18.47","64.6","1008.5","-","-"
"2021/12/29","13:00","14","235","17.69","65.1","1009.4","-","-"
"2021/12/29","14:00","10.11","236","15.55","66.6","1010.4","-","-"
"2021/12/29","15:00","5.64","269","8.75","66.7","1011","-","-"
"2021/12/29","16:00","8.16","252","11.27","67.8","1011.1","-","-"
"2021/12/29","17:00","7.78","261","10.5","68.9","1010.6","-","-"
"2021/12/29","18:00","10.3","85","11.27","54.1","1010.3","-","-"
"2021/12/29","19:00","4.47","87","5.05","53.8","1010.3","-","-"
"2021/12/29","20:00","6.61","70","6.61","53.8","1010.5","-","-"
"2021/12/29","21:00","1.17","73","1.75","54","1010.9","-","-"
"2021/12/29","22:00","1.17","129","1.36","54.5","1011.3","-","-"
"2021/12/29","23:00","4.28","79","4.47","54.5","1011.2","-","-"
"2021/12/30","00:00","5.83","57","6.22","53.4","1011.3","-","-"
"2021/12/30","01:00","6.61","64","8.16","55.2","1011.4","-","-"
"2021/12/30","02:00","4.08","34","6.22","55","1011.9","-","-"
"2021/12/30","03:00","11.27","33","14.77","52.5","1012.6","-","-"
"2021/12/30","04:00","7.39","51","10.69","51.1","1012","-","-"
"2021/12/30","05:00","5.83","67","14","51.8","1011.7","-","-"
"2021/12/30","06:00","9.33","25","10.11","52.2","1011.9","-","-"
"2021/12/30","07:00","8.75","12","12.63","51.8","1012","-","-"
"2021/12/30","08:00","10.69","72","12.44","51.8","1011.4","-","-"
"2021/12/30","09:00","9.33","32","10.3","51.3","1010.7","-","-"
"2021/12/30","10:00","6.8","39","7.39","50.5","1010.5","-","-"
"2021/12/30","11:00","5.44","16","6.41","50.4","1011.3","-","-"
"2021/12/30","12:00","3.3","6","3.69","50.4","1011.5","-","-"
"2021/12/30","13:00","4.28","352","4.67","50.4","1011.8","-","-"
"2021/12/30","14:00","4.28","8","4.47","50.7","1012.3","-","-"
"2021/12/30","15:00","3.11","42","4.86","51.3","1013.1","-","-"
"2021/12/30","16:00","5.83","22","7.97","50.9","1013.3","-","-"
"2021/12/30","17:00","4.08","47","5.44","50.9","1012.8","-","-"
"2021/12/30","18:00","2.14","73","3.3","51.1","1012.7","-","-"
"2021/12/30","19:00","2.33","61","3.89","51.1","1012.7","-","-"
"2021/12/30","20:00","3.89","121","4.08","50.9","1012.8","-","-"
"2021/12/30","21:00","2.72","96","3.5","50.9","1012.9","-","-"
"2021/12/30","22:00","2.53","92","2.72","50.9","1013.1","-","-"
"2021/12/30","23:00","1.94","121","2.14","51.3","1013.3","-","-"
"2021/12/31","00:00","4.86","97","5.05","50.2","1013.2","-","-"
"2021/12/31","01:00","2.72","103","3.69","50.2","1013.3","-","-"
"2021/12/31","02:00","4.86","47","5.25","49.8","1013","-","-"
"2021/12/31","03:00","0","218","2.72","50.2","1013.5","-","-"
"2021/12/31","04:00","1.17","160","1.75","50.5","1013.4","-","-"
"2021/12/31","05:00","2.14","133","2.33","50.5","1013","-","-"
"2021/12/31","06:00","2.14","104","3.3","50.7","1012.8","-","-"
"2021/12/31","07:00","2.33","77","3.5","50.7","1013.1","-","-"
"2021/12/31","08:00","3.3","44","3.69","50.9","1013.2","-","-"
"2021/12/31","09:00","0.19","148","0.78","50.9","1013.1","-","-"
"2021/12/31","10:00","4.67","27","5.05","50.9","1013","-","-"
"2021/12/31","11:00","4.28","5","4.47","50.9","1013.8","-","-"
"2021/12/31","12:00","3.11","1","3.5","51.1","1014.6","-","-"
"2021/12/31","13:00","2.92","14","4.08","50.9","1015.2","-","-"
"2021/12/31","14:00","4.08","104","5.05","51.1","1015.1","-","-"
"2021/12/31","15:00","2.72","222","3.11","51.4","1016.2","-","-"
"2021/12/31","16:00","4.47","247","6.22","52.9","1016.3","-","-"
"2021/12/31","17:00","1.75","230","2.92","53.1","1015","-","-"
"2021/12/31","18:00","5.83","164","8.16","53.6","1014.1","-","-"
"2021/12/31","19:00","5.83","197","7.19","54.3","1014.1","-","-"
"2021/12/31","20:00","6.22","215","9.14","54.9","1014","-","-"
"2021/12/31","21:00","4.08","183","6.22","55.4","1013.8","-","-"
"2021/12/31","22:00","3.11","150","3.89","54.7","1014","-","-"
"2021/12/31","23:00","2.33","132","4.28","53.8","1014.2","-","-"