"Date","Time (GMT)","Wind Speed (kn)","Wind Dir (deg)","Wind Gust (kn)","Air Temp (°F)","Baro (mb)","Humidity (%)","Visibility (nm)"
"2022/01/01","00:00","4.47","133","5.05","54.1","1013.8","-","-"
"2022/01/01","01:00","4.67","167","5.44","56.1","1014.4","-","-"
"2022/01/01","02:00","9.52","193","14.58","57","1013.2","-","-"
"2022/01/01","03:00","12.05","192","15.94","57.9","1012.9","-","-"
"2022/01/01","04:00","10.5","210","15.55","58.3","1012.7","-","-"
"2022/01/01","05:00","5.25","216","7.58","59.5","1012.5","-","-"
"2022/01/01","06:00","5.44","197","8.16","59.7","1011.9","-","-"
"2022/01/01","07:00","5.44","222","8.36","61","1012.1","-","-"
"2022/01/01","08:00","8.16","217","10.11","61.5","1011.7","-","-"
"2022/01/01","09:00","6.03","234","9.14","62.2","1011","-","-"
"2022/01/01","10:00","8.36","229","11.08","62.6","1010.7","-","-"
"2022/01/01","11:00","10.11","220","11.47","62.4","1010.4","-","-"
"2022/01/01","12:00","10.5","213","12.44","61.9","1010.4","-","-"
"2022/01/01","13:00","9.33","218","12.63","62.1","1010.9","-","-"
"2022/01/01","14:00","6.61","206","8.94","62.8","1011.1","-","-"
"2022/01/01","15:00","7","199","10.89","63","1010.6","-","-"
"2022/01/01","16:00","7.78","199","12.83","65.1","1009.1","-","-"
"2022/01/01","17:00","12.05","217","15.36","69.6","1007.4","-","-"
"2022/01/01","18:00","11.08","232","15.75","71.4","1006.8","-","-"
"2022/01/01","19:00","11.66","245","16.72","72.3","1006.2","-","-"
"2022/01/01","20:00","12.05","234","17.88","73.9","1005.8","-","-"
"2022/01/01","21:00","7.58","221","11.86","73.2","1005.5","-","-"
"2022/01/01","22:00","8.16","215","11.08","72.7","1005.3","-","-"
"2022/01/01","23:00","8.94","202","14","72","1004.8","-","-"
"2022/01/02","00:00","10.69","208","16.33","71.8","1004.9","-","-"
"2022/01/02","01:00","11.86","213","20.02","72.3","1004.6","-","-"
"2022/01/02","02:00","16.13","205","25.08","71.4","1004.3","-","-"
"2022/01/02","03:00","14.19","216","20.99","71.2","1004","-","-"
"2022/01/02","04:00","10.5","228","16.33","69.4","1004.1","-","-"
"2022/01/02","05:00","15.55","223","22.74","69.8","1003.4","-","-"
"2022/01/02","06:00","15.94","224","23.91","70.5","1003.1","-","-"
"2022/01/02","07:00","12.44","231","24.3","70.2","1003.4","-","-"
"2022/01/02","08:00","10.89","219","18.47","69.6","1002.9","-","-"
"2022/01/02","09:00","14.97","223","20.6","69.6","1002.5","-","-"
"2022/01/02","10:00","8.16","218","16.13","69.3","1002.7","-","-"
"2022/01/02","11:00","14.97","328","17.49","59.4","1005","-","-"
"2022/01/02","12:00","3.89","3","4.47","58.6","1005.7","-","-"
"2022/01/02","13:00","7","157","7.39","58.1","1006.2","-","-"
"2022/01/02","14:00","6.03","158","8.94","58.3","1006.3","-","-"
"2022/01/02","15:00","7.78","186","9.91","59.7","1007.5","-","-"
"2022/01/02","16:00","11.27","197","16.52","60.4","1007.7","-","-"
"2022/01/02","17:00","7.97","216","10.89","61","1007","-","-"
"2022/01/02","18:00","8.36","243","13.41","62.6","1007.4","-","-"
"2022/01/02","19:00","7.78","261","10.11","64.2","1007.3","-","-"
"2022/01/02","20:00","6.61","257","8.36","64.8","1007.6","-","-"
"2022/01/02","21:00","3.89","249","5.25","64.9","1008.7","-","-"
"2022/01/02","22:00","5.05","224","6.61","64.8","1009.2","-","-"
"2022/01/02","23:00","6.41","302","7.58","62.1","1010","-","-"
"2022/01/03","00:00","4.28","256","6.8","65.3","1009.5","-","-"
"2022/01/03","01:00","6.03","219","7.39","64.4","1010.5","-","-"
"2022/01/03","02:00","6.03","239","9.14","64.8","1011","-","-"
"2022/01/03","03:00","3.3","175","4.08","63.7","1011","-","-"
"2022/01/03","04:00","1.56","228","6.41","60.4","1011.7","-","-"
"2022/01/03","05:00","9.52","41","17.11","51.6","1014.3","-","-"
"2022/01/03","06:00","7.78","19","11.08","49.3","1014.4","-","-"
"2022/01/03","07:00","9.91","9","16.52","47.5","1014.4","-","-"
"2022/01/03","08:00","12.63","31","14.77","47.3","1013.8","-","-"
"2022/01/03","09:00","25.27","47","28.77","45.5","1011.4","-","-"
"2022/01/03","10:00","24.69","43","30.32","44.1","1010.3","-","-"
"2022/01/03","11:00","19.83","39","24.3","42.1","1011.3","-","-"
"2022/01/03","12:00","14.38","34","21.38","41.5","1012.8","-","-"
"2022/01/03","13:00","23.91","29","28.38","41.2","1010.5","-","-"
"2022/01/03","14:00","24.3","29","31.49","39.7","1010.2","-","-"
"2022/01/03","15:00","27.02","31","33.05","39.9","1009.2","-","-"
"2022/01/03","16:00","34.99","31","42.76","39.4","1008.4","-","-"
"2022/01/03","17:00","22.55","9","30.13","36.9","1009.6","-","-"
"2022/01/03","18:00","21.97","1","27.8","34.9","1011.1","-","-"
"2022/01/03","19:00","23.33","339","26.82","34.2","1012.5","-","-"
"2022/01/03","20:00","24.3","324","29.16","33.1","1015.8","-","-"
"2022/01/03","21:00","26.24","342","31.49","32","1017.7","-","-"
"2022/01/03","22:00","21.97","320","25.08","32.5","1019.1","-","-"
"2022/01/03","23:00","20.02","321","26.63","32.2","1020.6","-","-"
"2022/01/04","00:00","20.02","324","24.69","32.2","1021.8","-","-"
"2022/01/04","01:00","19.83","325","24.88","32.2","1023.2","-","-"
"2022/01/04","02:00","13.41","344","17.49","30.7","1023.7","-","-"
"2022/01/04","03:00","14","330","15.55","30.9","1024.4","-","-"
"2022/01/04","04:00","15.94","322","17.49","30.9","1025.5","-","-"
"2022/01/04","05:00","17.3","317","22.74","32","1026.6","-","-"
"2022/01/04","06:00","14.19","313","17.49","31.1","1027.8","-","-"
"2022/01/04","07:00","13.41","328","17.49","31.3","1028.9","-","-"
"2022/01/04","08:00","14","328","16.52","30.4","1029.6","-","-"
"2022/01/04","09:00","11.66","334","14.38","29.8","1029.6","-","-"
"2022/01/04","10:00","11.47","336","13.8","29.1","1029.8","-","-"
"2022/01/04","11:00","9.33","339","11.66","28.8","1030.4","-","-"
"2022/01/04","12:00","8.75","348","11.08","29.5","1031.1","-","-"
"2022/01/04","13:00","10.11","2","11.66","29.8","1031.2","-","-"
"2022/01/04","14:00","11.08","9","14.19","30.9","1031.4","-","-"
"2022/01/04","15:00","5.25","5","6.8","32.5","1032","-","-"
"2022/01/04","16:00","8.16","61","12.83","34.5","1031.9","-","-"
"2022/01/04","17:00","7","43","8.16","34.7","1031.5","-","-"
"2022/01/04","18:00","4.86","19","8.55","35.1","1030.7","-","-"
"2022/01/04","19:00","0.39","20","3.89","37.2","1030.5","-","-"
"2022/01/04","20:00","1.94","354","4.47","37.8","1030.2","-","-"
"2022/01/04","21:00","1.94","79","4.28","38.1","1030","-","-"
"2022/01/04","22:00","4.28","116","5.83","36.1","1029.9","-","-"
"2022/01/04","23:00","6.22","123","7.78","35.6","1029.2","-","-"
"2022/01/05","00:00","4.28","128","5.83","35.8","1028.5","-","-"
"2022/01/05","01:00","5.44","161","7","35.1","1027.6","-","-"
"2022/01/05","02:00","3.89","158","5.05","35.1","1027.3","-","-"
"2022/01/05","03:00","4.47","158","7.78","36.7","1026.5","-","-"
"2022/01/05","04:00","4.08","155","4.67","36.9","1025.9","-","-"
"2022/01/05","05:00","3.3","248","4.08","38.7","1024.2","-","-"
"2022/01/05","06:00","8.94","283","10.5","36.7","1023.8","-","-"
"2022/01/05","07:00","6.03","286","8.75","37.8","1023.3","-","-"
"2022/01/05","08:00","4.47","299","5.83","37","1022.6","-","-"
"2022/01/05","09:00","6.41","248","7.58","38.7","1021.6","-","-"
"2022/01/05","10:00","4.47","174","5.05","38.7","1019.7","-","-"
"2022/01/05","11:00","2.72","177","4.28","39.2","1018.8","-","-"
"2022/01/05","12:00","3.5","287","5.64","39.2","1018.7","-","-"
"2022/01/05","13:00","5.05","268","6.8","39.6","1018.5","-","-"
"2022/01/05","14:00","6.8","278","7.97","40.3","1018.2","-","-"
"2022/01/05","15:00","1.75","249","3.69","41.7","1017.2","-","-"
"2022/01/05","16:00","3.89","265","4.67","43.3","1016","-","-"
"2022/01/05","17:00","7.97","277","10.11","43.7","1014.6","-","-"
"2022/01/05","18:00","3.5","218","4.86","45.1","1012.9","-","-"
"2022/01/05","19:00","4.08","200","6.8","48.6","1011.7","-","-"
"2022/01/05","20:00","6.22","211","8.94","48.6","1011.1","-","-"
"2022/01/05","21:00","5.83","214","7","48.9","1010.8","-","-"
"2022/01/05","22:00","3.3","224","5.44","48.6","1010.1","-","-"
"2022/01/05","23:00","4.28","204","6.8","47.8","1009.9","-","-"
"2022/01/06","00:00","9.14","222","10.89","47.3","1010.2","-","-"
"2022/01/06","01:00","4.47","218","7","46.8","1009.8","-","-"
"2022/01/06","02:00","7.97","222","10.69","47.1","1009.4","-","-"
"2022/01/06","03:00","6.61","239","8.75","47.5","1009.5","-","-"
"2022/01/06","04:00","7.78","227","10.69","48","1009.4","-","-"
"2022/01/06","05:00","9.14","238","12.25","47.8","1009.5","-","-"
"2022/01/06","06:00","9.33","240","13.41","48.4","1009.3","-","-"
"2022/01/06","07:00","12.05","236","14.19","48.7","1009.8","-","-"
"2022/01/06","08:00","9.91","234","12.63","47.7","1010.7","-","-"
"2022/01/06","09:00","10.69","228","13.02","46.8","1011.5","-","-"
"2022/01/06","10:00","3.11","240","6.61","45.7","1012.2","-","-"
"2022/01/06","11:00","10.3","233","12.83","45.3","1012.8","-","-"
"2022/01/06","12:00","9.72","247","11.27","45","1013.8","-","-"
"2022/01/06","13:00","4.08","296","7.19","45.1","1014.9","-","-"
"2022/01/06","14:00","5.64","271","7.39","46.2","1015.5","-","-"
"2022/01/06","15:00","5.64","284","7","47.5","1015.8","-","-"
"2022/01/06","16:00","2.33","222","4.08","49.8","1015.4","-","-"
"2022/01/06","17:00","2.33","229","3.11","50.4","1014.1","-","-"
"2022/01/06","18:00","6.22","79","7","48.7","1013.2","-","-"
"2022/01/06","19:00","8.94","97","10.3","48.6","1012.7","-","-"
"2022/01/06","20:00","8.75","77","10.11","48.6","1012.6","-","-"
"2022/01/06","21:00","5.25","80","6.03","47.7","1012.4","-","-"
"2022/01/06","22:00","8.94","87","9.52","46.9","1012.7","-","-"
"2022/01/06","23:00","9.72","75","11.27","47.1","1012.7","-","-"
"2022/01/07","00:00","9.52","150","14.58","47.1","1012.3","-","-"
"2022/01/07","01:00","10.11","103","14.77","46.8","1009.7","-","-"
"2022/01/07","02:00","9.72","109","12.25","47.1","1008.5","-","-"
"2022/01/07","03:00","7.39","111","9.33","48","1007.6","-","-"
"2022/01/07","04:00","5.44","73","6.61","48.4","1006.9","-","-"
"2022/01/07","05:00","5.44","97","6.8","48","1005.8","-","-"
"2022/01/07","06:00","5.25","79","7","47.8","1004.6","-","-"
"2022/01/07","07:00","5.44","61","8.94","47.3","1004","-","-"
"2022/01/07","08:00","16.13","261","20.41","49.1","1004.5","-","-"
"2022/01/07","09:00","31.68","317","36.54","36.3","1007.8","-","-"
"2022/01/07","10:00","19.24","316","22.35","35.4","1010.3","-","-"
"2022/01/07","11:00","23.33","332","30.13","36","1012.7","-","-"
"2022/01/07","12:00","21.38","323","27.02","35.6","1013.9","-","-"
"2022/01/07","13:00","21.19","322","25.08","35.8","1014.9","-","-"
"2022/01/07","14:00","14.58","297","18.66","34.9","1016.6","-","-"
"2022/01/07","15:00","15.36","324","19.24","34.9","1016.9","-","-"
"2022/01/07","16:00","13.41","324","17.88","34.9","1017.7","-","-"
"2022/01/07","17:00","15.36","339","20.02","33.6","1018.1","-","-"
"2022/01/07","18:00","13.61","317","18.27","34.3","1018","-","-"
"2022/01/07","19:00","12.83","316","19.44","36.1","1018.2","-","-"
"2022/01/07","20:00","17.49","311","22.35","36.1","1019.3","-","-"
"2022/01/07","21:00","14.19","300","20.6","36.7","1020.5","-","-"
"2022/01/07","22:00","13.8","287","18.27","35.8","1022.1","-","-"
"2022/01/07","23:00","11.27","286","14.58","34.7","1023.5","-","-"
"2022/01/08","00:00","8.36","282","10.5","33.6","1024.7","-","-"
"2022/01/08","01:00","10.11","348","12.25","32.9","1026","-","-"
"2022/01/08","02:00","14.19","337","18.08","32.2","1027.2","-","-"
"2022/01/08","03:00","12.25","338","16.33","31.1","1028.4","-","-"
"2022/01/08","04:00","14.58","341","18.47","29.8","1029.4","-","-"
"2022/01/08","05:00","16.13","338","22.35","29.1","1030","-","-"
"2022/01/08","06:00","14.38","333","19.44","29.5","1030.9","-","-"
"2022/01/08","07:00","14","329","16.91","28.4","1031.9","-","-"
"2022/01/08","08:00","12.05","342","16.72","27.9","1032.5","-","-"
"2022/01/08","09:00","14.19","329","17.11","27.1","1032.5","-","-"
"2022/01/08","10:00","12.83","329","17.11","27","1033.5","-","-"
"2022/01/08","11:00","13.61","328","15.75","27","1034.5","-","-"
"2022/01/08","12:00","13.61","325","17.49","26.6","1035.6","-","-"
"2022/01/08","13:00","11.66","328","16.72","26.8","1036.7","-","-"
"2022/01/08","14:00","6.8","334","11.08","26.8","1037.8","-","-"
"2022/01/08","15:00","6.22","357","9.91","28.2","1039.1","-","-"
"2022/01/08","16:00","7.19","355","8.75","29.8","1039.3","-","-"
"2022/01/08","17:00","1.75","97","4.08","32","1038","-","-"
"2022/01/08","18:00","3.11","153","4.47","33.6","1037.3","-","-"
"2022/01/08","19:00","6.41","94","7.78","32.9","1036.4","-","-"
"2022/01/08","20:00","6.22","97","8.55","34","1036.5","-","-"
"2022/01/08","21:00","3.89","151","6.22","35.6","1037.1","-","-"
"2022/01/08","22:00","6.03","120","7.19","34","1037.5","-","-"
"2022/01/08","23:00","7","130","8.36","33.6","1037.5","-","-"
"2022/01/09","00:00","3.3","200","3.89","32.4","1037.7","-","-"
"2022/01/09","01:00","3.89","163","5.25","33.3","1036.9","-","-"
"2022/01/09","02:00","4.67","167","6.41","33.1","1036.7","-","-"
"2022/01/09","03:00","6.41","172","7.58","32.7","1036.3","-","-"
"2022/01/09","04:00","4.86","195","6.41","32.9","1036.4","-","-"
"2022/01/09","05:00","3.5","173","4.86","32.5","1035.7","-","-"
"2022/01/09","06:00","3.5","172","4.08","32.7","1034.5","-","-"
"2022/01/09","07:00","2.14","205","2.92","32.9","1034.3","-","-"
"2022/01/09","08:00","4.08","181","5.83","33.1","1033.2","-","-"
"2022/01/09","09:00","3.89","249","4.86","33.6","1032.4","-","-"
"2022/01/09","10:00","3.69","157","5.05","34.3","1031","-","-"
"2022/01/09","11:00","4.08","200","5.25","35.6","1030.6","-","-"
"2022/01/09","12:00","4.67","208","7.19","37.2","1030","-","-"
"2022/01/09","13:00","5.25","214","7.39","38.3","1029.4","-","-"
"2022/01/09","14:00","8.75","216","14","40.3","1028.9","-","-"
"2022/01/09","15:00","7.19","222","13.61","43.9","1028","-","-"
"2022/01/09","16:00","10.3","219","16.72","46.9","1027.1","-","-"
"2022/01/09","17:00","10.3","229","15.16","51.8","1025.2","-","-"
"2022/01/09","18:00","12.25","214","18.86","56.7","1023","-","-"
"2022/01/09","19:00","12.63","213","18.86","59.2","1021.3","-","-"
"2022/01/09","20:00","12.25","228","18.08","61.5","1020.2","-","-"
"2022/01/09","21:00","9.72","222","15.94","62.1","1019.7","-","-"
"2022/01/09","22:00","8.36","201","13.02","62.4","1018.8","-","-"
"2022/01/09","23:00","7.78","205","10.89","62.4","1018.1","-","-"
"2022/01/10","00:00","4.86","218","7.19","59.7","1017.5","-","-"
"2022/01/10","01:00","6.61","268","8.55","57.6","1018.1","-","-"
"2022/01/10","02:00","8.36","293","11.08","53.4","1018.5","-","-"
"2022/01/10","03:00","10.89","236","13.02","55.2","1017.9","-","-"
"2022/01/10","04:00","7.19","221","9.14","54.7","1017.6","-","-"
"2022/01/10","05:00","8.36","253","9.72","54.7","1017.4","-","-"
"2022/01/10","06:00","9.72","274","13.02","54","1017.1","-","-"
"2022/01/10","07:00","13.8","315","15.94","51.4","1017.3","-","-"
"2022/01/10","08:00","16.52","346","20.99","48.6","1018.6","-","-"
"2022/01/10","09:00","17.88","342","20.41","44.6","1019.7","-","-"
"2022/01/10","10:00","12.63","337","18.08","43","1019.9","-","-"
"2022/01/10","11:00","11.27","339","15.16","41.5","1021.4","-","-"
"2022/01/10","12:00","14.58","343","18.27","39.7","1022.8","-","-"
"2022/01/10","13:00","18.08","346","22.16","38.8","1024","-","-"
"2022/01/10","14:00","16.91","352","25.08","38.8","1024.6","-","-"
"2022/01/10","15:00","18.08","347","23.13","38.1","1025.7","-","-"
"2022/01/10","16:00","10.89","327","14.77","38.7","1025.4","-","-"
"2022/01/10","17:00","8.36","299","12.05","39.2","1024.2","-","-"
"2022/01/10","18:00","9.91","323","13.02","40.3","1023.8","-","-"
"2022/01/10","19:00","4.28","323","7.58","41.2","1022.7","-","-"
"2022/01/10","20:00","4.86","333","7.19","42.1","1022.6","-","-"
"2022/01/10","21:00","1.56","314","3.11","44.1","1022.3","-","-"
"2022/01/10","22:00","8.16","284","10.69","44.1","1022.6","-","-"
"2022/01/10","23:00","3.69","132","6.41","39.7","1023.1","-","-"
"2022/01/11","00:00","5.44","66","6.8","38.7","1023.7","-","-"
"2022/01/11","01:00","0.97","284","2.14","36.1","1023.7","-","-"
"2022/01/11","02:00","12.83","297","18.27","40.1","1024.1","-","-"
"2022/01/11","03:00","22.35","318","25.46","39.4","1025.3","-","-"
"2022/01/11","04:00","11.27","348","13.61","36.3","1025.9","-","-"
"2022/01/11","05:00","15.16","348","18.08","35.1","1026.8","-","-"
"2022/01/11","06:00","12.63","350","14.97","32","1027.4","-","-"
"2022/01/11","07:00","9.72","348","12.83","31.1","1028.4","-","-"
"2022/01/11","08:00","8.94","330","10.5","30.2","1029.3","-","-"
"2022/01/11","09:00","9.33","326","10.89","29.7","1029.8","-","-"
"2022/01/11","10:00","9.72","334","12.83","29.7","1030.6","-","-"
"2022/01/11","11:00","9.14","346","12.63","28.8","1031.8","-","-"
"2022/01/11","12:00","7.39","331","8.75","27.9","1032.4","-","-"
"2022/01/11","13:00","10.89","329","13.41","28.2","1034","-","-"
"2022/01/11","14:00","9.52","360","11.66","28.2","1034.6","-","-"
"2022/01/11","15:00","10.11","10","14.19","29.1","1035.4","-","-"
"2022/01/11","16:00","13.41","21","16.33","29.5","1035.3","-","-"
"2022/01/11","17:00","10.5","324","13.8","30.6","1034.5","-","-"
"2022/01/11","18:00","11.86","317","17.49","31.3","1033.3","-","-"
"2022/01/11","19:00","14.19","337","17.69","32.2","1032.8","-","-"
"2022/01/11","20:00","5.25","4","9.52","32.9","1032.8","-","-"
"2022/01/11","21:00","7.78","43","9.33","32.7","1033.6","-","-"
"2022/01/11","22:00","7.39","25","9.91","31.5","1034","-","-"
"2022/01/11","23:00","7.39","20","9.14","30.7","1034.5","-","-"
"2022/01/12","00:00","5.83","23","7.58","30.6","1034.9","-","-"
"2022/01/12","01:00","8.36","53","9.72","30.4","1035.1","-","-"
"2022/01/12","02:00","6.22","33","7.97","30.4","1034.8","-","-"
"2022/01/12","03:00","4.08","116","6.22","31.1","1034.2","-","-"
"2022/01/12","04:00","5.83","165","6.8","29.7","1033.6","-","-"
"2022/01/12","05:00","7","162","8.36","29.7","1033.1","-","-"
"2022/01/12","06:00","5.44","166","6.61","28.8","1032.3","-","-"
"2022/01/12","07:00","6.61","193","8.55","28.8","1031.8","-","-"
"2022/01/12","08:00","3.89","183","5.05","28.8","1031.8","-","-"
"2022/01/12","09:00","4.28","194","6.03","28.8","1031","-","-"
"2022/01/12","10:00","5.83","198","7.97","29.3","1030","-","-"
"2022/01/12","11:00","10.3","198","14.58","30.4","1028.7","-","-"
"2022/01/12","12:00","7.39","211","9.91","30.4","1028.7","-","-"
"2022/01/12","13:00","7","215","10.11","30.9","1028.9","-","-"
"2022/01/12","14:00","8.75","220","13.02","33.1","1028.3","-","-"
"2022/01/12","15:00","10.11","223","18.66","36.1","1027.4","-","-"
"2022/01/12","16:00","12.25","208","16.72","38.8","1026.3","-","-"
"2022/01/12","17:00","14.38","215","18.86","42.1","1024.3","-","-"
"2022/01/12","18:00","13.02","212","18.47","45.1","1022.8","-","-"
"2022/01/12","19:00","13.8","215","16.13","47.5","1021.6","-","-"
"2022/01/12","20:00","15.75","221","20.6","49.1","1021","-","-"
"2022/01/12","21:00","12.44","223","17.3","49.6","1020.6","-","-"
"2022/01/12","22:00","7.39","216","9.33","48.4","1020.8","-","-"
"2022/01/12","23:00","5.44","217","7.19","46.6","1020.9","-","-"
"2022/01/13","00:00","4.67","227","6.8","45.9","1021.2","-","-"
"2022/01/13","01:00","8.75","220","11.86","46","1020.5","-","-"
"2022/01/13","02:00","8.75","219","12.05","44.8","1020.3","-","-"
"2022/01/13","03:00","8.16","225","12.44","44.4","1020","-","-"
"2022/01/13","04:00","7.39","222","12.25","43.3","1019.8","-","-"
"2022/01/13","05:00","9.72","220","13.41","43.5","1019.3","-","-"
"2022/01/13","06:00","7.78","220","10.69","42.8","1019.2","-","-"
"2022/01/13","07:00","4.86","216","7.97","42.1","1018.8","-","-"
"2022/01/13","08:00","7.39","223","9.14","41.5","1018.2","-","-"
"2022/01/13","09:00","6.41","231","10.11","41","1017.4","-","-"
"2022/01/13","10:00","2.92","228","4.08","40.3","1016.9","-","-"
"2022/01/13","11:00","2.14","224","4.67","39.6","1016.8","-","-"
"2022/01/13","12:00","4.67","223","7","38.3","1016.4","-","-"
"2022/01/13","13:00","5.64","303","7","38.3","1016.3","-","-"
"2022/01/13","14:00","1.36","313","2.33","39.7","1016","-","-"
"2022/01/13","15:00","2.92","89","3.3","41.2","1016.1","-","-"
"2022/01/13","16:00","3.11","51","3.89","42.4","1015.4","-","-"
"2022/01/13","17:00","4.28","63","4.67","42.8","1014","-","-"
"2022/01/13","18:00","6.41","58","6.8","43.3","1012.6","-","-"
"2022/01/13","19:00","7.78","84","8.16","42.8","1011.6","-","-"
"2022/01/13","20:00","7.78","70","8.55","42.6","1010.8","-","-"
"2022/01/13","21:00","5.44","90","6.22","42.6","1010.4","-","-"
"2022/01/13","22:00","5.05","85","5.64","43","1009.9","-","-"
"2022/01/13","23:00","3.69","14","3.89","42.8","1009.8","-","-"
"2022/01/14","00:00","5.05","65","6.03","41.9","1009.9","-","-"
"2022/01/14","01:00","2.33","4","2.92","41","1009.7","-","-"
"2022/01/14","02:00","3.3","336","3.89","40.6","1009.2","-","-"
"2022/01/14","03:00","3.89","322","4.47","40.6","1008.6","-","-"
"2022/01/14","04:00","6.03","355","7","40.5","1008.1","-","-"
"2022/01/14","05:00","9.14","313","10.11","40.3","1007.6","-","-"
"2022/01/14","06:00","8.16","321","8.94","40.1","1007.5","-","-"
"2022/01/14","07:00","9.72","318","10.69","39","1007","-","-"
"2022/01/14","08:00","10.5","325","12.44","38.8","1006.8","-","-"
"2022/01/14","09:00","10.89","330","12.83","39","1006.4","-","-"
"2022/01/14","10:00","11.27","330","13.41","39.6","1006","-","-"
"2022/01/14","11:00","10.11","326","13.22","40.3","1006.5","-","-"
"2022/01/14","12:00","14.97","318","17.3","39.9","1006.6","-","-"
"2022/01/14","13:00","13.22","322","15.55","39","1007.3","-","-"
"2022/01/14","14:00","17.3","323","20.99","40.3","1007.6","-","-"
"2022/01/14","15:00","14","338","16.72","43.7","1008.4","-","-"
"2022/01/14","16:00","18.27","340","24.3","46","1008.8","-","-"
"2022/01/14","17:00","19.44","334","25.66","47.5","1008.2","-","-"
"2022/01/14","18:00","14","327","20.02","48.6","1007.8","-","-"
"2022/01/14","19:00","16.91","330","19.63","48.7","1008.4","-","-"
"2022/01/14","20:00","21.19","317","27.8","47.1","1009.1","-","-"
"2022/01/14","21:00","19.83","328","24.88","47.1","1010.1","-","-"
"2022/01/14","22:00","17.88","325","20.99","45.7","1010.7","-","-"
"2022/01/14","23:00","18.66","324","21.97","44.8","1011.5","-","-"
"2022/01/15","00:00","14.19","323","18.66","43.9","1012.4","-","-"
"2022/01/15","01:00","18.66","335","23.33","43","1013.4","-","-"
"2022/01/15","02:00","15.55","337","21.19","41.5","1014.4","-","-"
"2022/01/15","03:00","16.91","334","21.19","40.5","1015.2","-","-"
"2022/01/15","04:00","10.89","334","12.25","39.7","1016","-","-"
"2022/01/15","05:00","8.75","341","10.5","38.7","1016.6","-","-"
"2022/01/15","06:00","8.55","1","10.3","37.9","1017.1","-","-"
"2022/01/15","07:00","11.47","351","13.61","36.7","1017.8","-","-"
"2022/01/15","08:00","12.44","335","15.36","36.1","1018.5","-","-"
"2022/01/15","09:00","12.05","358","15.36","33.8","1018.9","-","-"
"2022/01/15","10:00","12.83","346","14.77","32.9","1019.7","-","-"
"2022/01/15","11:00","9.33","346","12.25","31.5","1020.5","-","-"
"2022/01/15","12:00","10.89","4","15.16","30.9","1021.4","-","-"
"2022/01/15","13:00","11.08","2","16.52","29.8","1022.6","-","-"
"2022/01/15","14:00","13.22","12","15.75","29.8","1023.8","-","-"
"2022/01/15","15:00","14.58","18","17.11","29.8","1025.3","-","-"
"2022/01/15","16:00","10.3","8","15.36","30","1025","-","-"
"2022/01/15","17:00","6.22","288","10.3","31.6","1025.1","-","-"
"2022/01/15","18:00","7","29","9.72","32.2","1024.8","-","-"
"2022/01/15","19:00","9.14","24","10.89","32","1024.9","-","-"
"2022/01/15","20:00","7","360","9.33","31.6","1025.2","-","-"
"2022/01/15","21:00","11.86","49","14.77","29.7","1025.8","-","-"
"2022/01/15","22:00","13.02","30","15.16","28.9","1026.4","-","-"
"2022/01/15","23:00","11.08","31","15.16","28.9","1026.6","-","-"
"2022/01/16","00:00","9.91","32","12.05","28.4","1026.8","-","-"
"2022/01/16","01:00","10.11","14","13.22","27.9","1027.5","-","-"
"2022/01/16","02:00","8.94","1","11.66","27.9","1027.9","-","-"
"2022/01/16","03:00","9.33","15","10.69","27.7","1027.9","-","-"
"2022/01/16","04:00","9.33","4","10.3","27.7","1027.9","-","-"
"2022/01/16","05:00","9.72","32","12.63","27.9","1027.5","-","-"
"2022/01/16","06:00","11.66","41","13.22","28.2","1027","-","-"
"2022/01/16","07:00","10.3","40","12.83","27.9","1027.4","-","-"
"2022/01/16","08:00","12.05","52","14.19","27.7","1027","-","-"
"2022/01/16","09:00","11.27","46","13.22","28.2","1026.4","-","-"
"2022/01/16","10:00","10.5","44","13.02","29.3","1025.5","-","-"
"2022/01/16","11:00","10.89","35","14.19","29.1","1025.4","-","-"
"2022/01/16","12:00","9.91","33","12.25","29.5","1025.2","-","-"
"2022/01/16","13:00","13.8","34","15.55","31.6","1024.5","-","-"
"2022/01/16","14:00","11.66","44","15.36","33.3","1023.8","-","-"
"2022/01/16","15:00","12.44","47","14.58","34.5","1023.3","-","-"
"2022/01/16","16:00","13.8","40","16.52","34.7","1021.7","-","-"
"2022/01/16","17:00","14.38","35","18.27","34.5","1018.5","-","-"
"2022/01/16","18:00","9.33","35","14","34.9","1016.5","-","-"
"2022/01/16","19:00","14.19","35","18.27","35.8","1013.6","-","-"
"2022/01/16","20:00","15.94","44","18.66","37.9","1010.8","-","-"
"2022/01/16","21:00","19.44","57","24.3","43","1008.5","-","-"
"2022/01/16","22:00","24.49","63","27.6","44.2","1005.3","-","-"
"2022/01/16","23:00","23.33","83","26.05","46.2","1001.6","-","-"
"2022/01/17","00:00","23.13","95","29.16","48.4","998.3","-","-"
"2022/01/17","01:00","28.38","100","38.29","50.2","993.9","-","-"
"2022/01/17","02:00","20.41","136","24.69","55.6","992.7","-","-"
"2022/01/17","03:00","11.27","202","16.91","56.5","990.9","-","-"
"2022/01/17","04:00","16.72","226","26.44","48.2","991.7","-","-"
"2022/01/17","05:00","17.69","229","24.3","44.2","991.9","-","-"
"2022/01/17","06:00","12.83","226","16.91","42.3","991.1","-","-"
"2022/01/17","07:00","15.75","214","21.77","41.2","991","-","-"
"2022/01/17","08:00","11.86","215","16.33","39.7","990.5","-","-"
"2022/01/17","09:00","12.05","241","18.47","38.7","990.1","-","-"
"2022/01/17","10:00","21.97","227","30.71","38.3","990.4","-","-"
"2022/01/17","11:00","15.16","224","26.44","38.1","991","-","-"
"2022/01/17","12:00","15.16","236","22.16","37.6","991.7","-","-"
"2022/01/17","13:00","14.58","238","24.1","37.4","992.2","-","-"
"2022/01/17","14:00","14.58","235","19.63","39","992.4","-","-"
"2022/01/17","15:00","16.91","249","30.32","40.8","993.2","-","-"
"2022/01/17","16:00","17.3","254","23.91","42.6","993.7","-","-"
"2022/01/17","17:00","21.97","257","31.1","43.9","993.7","-","-"
"2022/01/17","18:00","18.66","266","29.55","42.6","994","-","-"
"2022/01/17","19:00","19.44","267","27.21","42.3","995","-","-"
"2022/01/17","20:00","18.08","261","25.85","42.3","996.4","-","-"
"2022/01/17","21:00","21.97","272","33.43","41.2","997.6","-","-"
"2022/01/17","22:00","19.63","281","27.21","40.3","999.1","-","-"
"2022/01/17","23:00","18.86","278","26.24","39.4","1000.3","-","-"
"2022/01/18","00:00","17.49","270","25.46","39","1001.9","-","-"
"2022/01/18","01:00","20.22","271","28.38","37.6","1003.2","-","-"
"2022/01/18","02:00","14.97","254","19.24","37","1004.5","-","-"
"2022/01/18","03:00","16.91","259","24.3","36.7","1005.5","-","-"
"2022/01/18","04:00","15.16","261","22.74","36.3","1006.7","-","-"
"2022/01/18","05:00","13.61","265","18.47","35.8","1007.4","-","-"
"2022/01/18","06:00","14.38","261","17.3","35.2","1008.3","-","-"
"2022/01/18","07:00","15.94","259","20.41","35.1","1009.5","-","-"
"2022/01/18","08:00","13.22","263","16.91","34.5","1010.9","-","-"
"2022/01/18","09:00","10.5","249","14.19","33.6","1011.7","-","-"
"2022/01/18","10:00","12.25","256","14.77","33.3","1013.2","-","-"
"2022/01/18","11:00","8.94","249","12.05","32.7","1014.5","-","-"
"2022/01/18","12:00","9.52","254","11.86","32.4","1015.7","-","-"
"2022/01/18","13:00","7.97","250","12.25","32.9","1017.1","-","-"
"2022/01/18","14:00","6.41","299","10.5","34.9","1018.3","-","-"
"2022/01/18","15:00","10.89","286","14","36.9","1019.3","-","-"
"2022/01/18","16:00","12.05","314","14.58","38.1","1019.8","-","-"
"2022/01/18","17:00","15.16","313","18.27","38.8","1019.3","-","-"
"2022/01/18","18:00","13.41","316","15.36","40.5","1018.8","-","-"
"2022/01/18","19:00","11.47","314","17.3","42.4","1019.1","-","-"
"2022/01/18","20:00","8.16","322","10.69","42.6","1019.6","-","-"
"2022/01/18","21:00","9.14","318","11.47","43.7","1019.9","-","-"
"2022/01/18","22:00","5.25","305","8.94","42.8","1020.7","-","-"
"2022/01/18","23:00","2.92","300","3.89","40.8","1021.8","-","-"
"2022/01/19","00:00","2.53","287","3.3","39.9","1022.8","-","-"
"2022/01/19","01:00","1.36","168","1.56","36.9","1023.1","-","-"
"2022/01/19","02:00","1.17","157","2.72","34.5","1023.1","-","-"
"2022/01/19","03:00","1.36","178","1.75","33.4","1023.6","-","-"
"2022/01/19","04:00","1.75","191","1.94","32.4","1024","-","-"
"2022/01/19","05:00","3.11","221","3.69","32.4","1023.9","-","-"
"2022/01/19","06:00","4.86","208","5.64","33.6","1023.8","-","-"
"2022/01/19","07:00","5.83","220","6.03","34.7","1023.8","-","-"
"2022/01/19","08:00","4.86","196","5.64","33.8","1023.9","-","-"
"2022/01/19","09:00","5.05","191","6.61","34.2","1023.5","-","-"
"2022/01/19","10:00","2.92","166","3.89","33.6","1023.5","-","-"
"2022/01/19","11:00","6.03","194","8.55","36.1","1023.5","-","-"
"2022/01/19","12:00","5.64","181","7.97","35.8","1023.7","-","-"
"2022/01/19","13:00","6.61","200","10.5","37.9","1023.6","-","-"
"2022/01/19","14:00","6.8","205","10.5","40.8","1023.4","-","-"
"2022/01/19","15:00","11.08","219","15.16","41.4","1023.7","-","-"
"2022/01/19","16:00","11.27","222","17.88","46.8","1022.5","-","-"
"2022/01/19","17:00","18.66","219","27.6","50.2","1021.2","-","-"
"2022/01/19","18:00","14.77","221","23.13","52.7","1020.1","-","-"
"2022/01/19","19:00","9.33","215","14.38","54.1","1019.5","-","-"
"2022/01/19","20:00","10.69","220","14.97","55.9","1018.8","-","-"
"2022/01/19","21:00","11.86","221","19.44","56.3","1018.6","-","-"
"2022/01/19","22:00","9.52","208","14.19","55.8","1018.3","-","-"
"2022/01/19","23:00","5.64","209","10.5","54.3","1018.7","-","-"
"2022/01/20","00:00","5.44","223","9.14","53.1","1018.7","-","-"
"2022/01/20","01:00","9.33","213","13.22","53.1","1018.5","-","-"
"2022/01/20","02:00","13.22","215","16.13","53.2","1018.3","-","-"
"2022/01/20","03:00","7.78","215","11.66","52.2","1018.4","-","-"
"2022/01/20","04:00","10.3","211","13.8","52.3","1018.2","-","-"
"2022/01/20","05:00","8.75","218","10.69","50.9","1018.1","-","-"
"2022/01/20","06:00","10.89","225","14.19","50.5","1017.9","-","-"
"2022/01/20","07:00","8.16","218","13.02","50.2","1017.6","-","-"
"2022/01/20","08:00","7.19","216","11.08","49.5","1017.6","-","-"
"2022/01/20","09:00","7","216","9.91","48.2","1016.7","-","-"
"2022/01/20","10:00","7.39","219","9.72","47.7","1016.9","-","-"
"2022/01/20","11:00","7.97","209","11.47","47.8","1016.5","-","-"
"2022/01/20","12:00","7.19","220","9.14","47.5","1017.5","-","-"
"2022/01/20","13:00","6.61","212","9.14","47.7","1017.8","-","-"
"2022/01/20","14:00","9.14","242","12.83","49.1","1018.7","-","-"
"2022/01/20","15:00","13.41","316","15.55","46","1019.7","-","-"
"2022/01/20","16:00","12.05","323","14.19","42.8","1020","-","-"
"2022/01/20","17:00","9.91","313","10.89","41.7","1020.2","-","-"
"2022/01/20","18:00","9.33","28","12.05","42.3","1019.6","-","-"
"2022/01/20","19:00","13.02","23","18.08","41.2","1019.8","-","-"
"2022/01/20","20:00","10.5","2","12.83","38.7","1021","-","-"
"2022/01/20","21:00","10.11","4","14.38","37","1021.6","-","-"
"2022/01/20","22:00","12.25","358","15.16","36","1022.5","-","-"
"2022/01/20","23:00","7","5","8.75","33.6","1023.6","-","-"
"2022/01/21","00:00","8.16","0","10.3","33.4","1024.8","-","-"
"2022/01/21","01:00","8.36","10","11.47","34","1025.7","-","-"
"2022/01/21","02:00","12.25","27","15.94","33.1","1026.3","-","-"
"2022/01/21","03:00","12.63","29","19.83","32.4","1026.5","-","-"
"2022/01/21","04:00","9.52","7","13.22","32.5","1026.5","-","-"
"2022/01/21","05:00","15.16","7","19.24","32.9","1026.8","-","-"
"2022/01/21","06:00","14.38","2","16.72","32","1026.5","-","-"
"2022/01/21","07:00","14.97","11","19.63","30.9","1026.9","-","-"
"2022/01/21","08:00","16.72","0","18.66","30.2","1027.7","-","-"
"2022/01/21","09:00","13.02","5","16.91","29.3","1027.6","-","-"
"2022/01/21","10:00","16.91","7","20.41","28.8","1028.1","-","-"
"2022/01/21","11:00","14.38","8","17.49","28","1029","-","-"
"2022/01/21","12:00","14.38","21","19.44","27.7","1030","-","-"
"2022/01/21","13:00","19.44","6","22.74","26.6","1030.7","-","-"
"2022/01/21","14:00","18.86","12","22.35","25.9","1031.3","-","-"
"2022/01/21","15:00","14.77","13","18.86","25.2","1032.1","-","-"
"2022/01/21","16:00","14.19","359","16.52","25.3","1032.1","-","-"
"2022/01/21","17:00","13.02","352","16.91","25.9","1031.2","-","-"
"2022/01/21","18:00","14.97","1","18.47","25.7","1031","-","-"
"2022/01/21","19:00","14.97","9","19.44","26.1","1030.3","-","-"
"2022/01/21","20:00","14.38","16","18.47","26.1","1030.6","-","-"
"2022/01/21","21:00","17.3","21","20.99","26.8","1030.5","-","-"
"2022/01/21","22:00","11.66","357","15.94","26.2","1030.7","-","-"
"2022/01/21","23:00","11.27","358","15.75","26.6","1030.7","-","-"
"2022/01/22","00:00","12.05","4","19.63","26.1","1030.9","-","-"
"2022/01/22","01:00","12.25","7","16.72","27","1030.6","-","-"
"2022/01/22","02:00","14.58","9","17.69","27","1030.7","-","-"
"2022/01/22","03:00","13.02","359","15.55","24.6","1030.6","-","-"
"2022/01/22","04:00","12.63","13","19.83","24.1","1030.2","-","-"
"2022/01/22","05:00","14","353","19.24","23.4","1029","-","-"
"2022/01/22","06:00","11.86","351","14.77","23.9","1028.2","-","-"
"2022/01/22","07:00","14.38","341","18.08","23.7","1027.5","-","-"
"2022/01/22","08:00","12.05","348","16.91","24.3","1026.8","-","-"
"2022/01/22","09:00","11.66","339","15.94","24.6","1026.6","-","-"
"2022/01/22","10:00","11.66","335","15.75","24.3","1027.3","-","-"
"2022/01/22","11:00","13.22","331","16.13","24.6","1027.9","-","-"
"2022/01/22","12:00","9.52","336","12.44","25.5","1027.9","-","-"
"2022/01/22","13:00","9.33","347","11.08","25.3","1027.8","-","-"
"2022/01/22","14:00","12.05","340","15.94","26.8","1028.3","-","-"
"2022/01/22","15:00","10.11","344","16.13","26.6","1028.7","-","-"
"2022/01/22","16:00","8.94","343","11.08","27.9","1028.5","-","-"
"2022/01/22","17:00","8.16","332","12.44","28.9","1027.4","-","-"
"2022/01/22","18:00","8.36","327","10.3","31.1","1026.1","-","-"
"2022/01/22","19:00","6.61","334","8.55","33.4","1024.8","-","-"
"2022/01/22","20:00","8.55","21","9.52","34.5","1024.4","-","-"
"2022/01/22","21:00","7.39","47","8.36","34.9","1023.7","-","-"
"2022/01/22","22:00","5.83","32","7.58","34","1023.6","-","-"
"2022/01/22","23:00","3.69","40","4.67","33.1","1023.8","-","-"
"2022/01/23","00:00","0.39","301","2.14","31.8","1024","-","-"
"2022/01/23","01:00","3.11","181","3.5","29.8","1023.5","-","-"
"2022/01/23","02:00","2.53","216","2.92","29.1","1023.3","-","-"
"2022/01/23","03:00","5.25","215","5.64","28.2","1022.9","-","-"
"2022/01/23","04:00","4.28","207","5.44","27","1022.1","-","-"
"2022/01/23","05:00","4.86","225","5.64","27.3","1021.3","-","-"
"2022/01/23","06:00","4.86","210","5.05","27.1","1020.5","-","-"
"2022/01/23","07:00","5.44","207","6.03","27.1","1019.9","-","-"
"2022/01/23","08:00","4.86","217","6.61","26.8","1019.5","-","-"
"2022/01/23","09:00","5.44","212","6.41","26.4","1018.7","-","-"
"2022/01/23","10:00","5.83","234","7.19","26.4","1018","-","-"
"2022/01/23","11:00","3.11","210","4.67","25.7","1017.8","-","-"
"2022/01/23","12:00","3.89","219","5.44","25.9","1017.9","-","-"
"2022/01/23","13:00","3.89","241","5.83","26.6","1018","-","-"
"2022/01/23","14:00","5.44","259","7","28.2","1017.6","-","-"
"2022/01/23","15:00","3.3","275","4.08","30.9","1016.6","-","-"
"2022/01/23","16:00","0","332","0.58","36.9","1015.8","-","-"
"2022/01/23","17:00","2.33","38","3.5","35.8","1014.3","-","-"
"2022/01/23","18:00","3.3","72","3.5","36.1","1012.7","-","-"
"2022/01/23","19:00","4.47","201","7.39","38.7","1011.5","-","-"
"2022/01/23","20:00","6.8","210","8.36","39.4","1010.9","-","-"
"2022/01/23","21:00","7.39","222","10.5","40.6","1010.3","-","-"
"2022/01/23","22:00","1.75","199","3.69","39.6","1009.9","-","-"
"2022/01/23","23:00","2.33","212","3.5","38.3","1009.6","-","-"
"2022/01/24","00:00","6.22","220","9.33","39.4","1009.8","-","-"
"2022/01/24","01:00","8.16","214","11.27","39.4","1009.7","-","-"
"2022/01/24","02:00","10.89","230","14","39.2","1009.6","-","-"
"2022/01/24","03:00","8.55","220","10.5","37.8","1009.4","-","-"
"2022/01/24","04:00","10.69","233","15.94","37.9","1009.3","-","-"
"2022/01/24","05:00","11.86","239","16.52","37.8","1009.6","-","-"
"2022/01/24","06:00","12.83","252","17.49","37.9","1009.6","-","-"
"2022/01/24","07:00","4.08","319","7.58","37.9","1010.2","-","-"
"2022/01/24","08:00","6.03","257","6.41","35.8","1010.5","-","-"
"2022/01/24","09:00","3.89","245","4.67","34","1010.8","-","-"
"2022/01/24","10:00","6.41","282","7","34.7","1011.6","-","-"
"2022/01/24","11:00","5.83","284","6.61","34","1012.6","-","-"
"2022/01/24","12:00","2.53","274","2.72","32.4","1013.1","-","-"
"2022/01/24","13:00","2.92","309","3.69","33.1","1013.6","-","-"
"2022/01/24","14:00","6.41","318","6.61","34.5","1013.7","-","-"
"2022/01/24","15:00","4.08","298","5.05","36.5","1014.5","-","-"
"2022/01/24","16:00","4.47","113","5.64","39.4","1014.4","-","-"
"2022/01/24","17:00","9.33","75","9.91","37.9","1013.8","-","-"
"2022/01/24","18:00","11.27","81","11.86","37.6","1012.9","-","-"
"2022/01/24","19:00","9.72","107","11.08","39.4","1012.4","-","-"
"2022/01/24","20:00","9.91","102","11.66","39.6","1011.7","-","-"
"2022/01/24","21:00","8.75","125","10.11","40.8","1011.8","-","-"
"2022/01/24","22:00","8.36","138","10.5","39.2","1012.1","-","-"
"2022/01/24","23:00","6.8","147","7.97","38.7","1012","-","-"
"2022/01/25","00:00","6.61","156","8.36","38.7","1011.7","-","-"
"2022/01/25","01:00","2.92","172","3.69","37.4","1011.9","-","-"
"2022/01/25","02:00","7","183","10.69","39.7","1012.1","-","-"
"2022/01/25","03:00","6.8","203","10.5","40.8","1012.5","-","-"
"2022/01/25","04:00","5.83","202","7.78","39.9","1012.4","-","-"
"2022/01/25","05:00","6.8","208","9.14","40.1","1011.6","-","-"
"2022/01/25","06:00","12.05","211","16.13","41.5","1011.3","-","-"
"2022/01/25","07:00","10.3","215","13.61","41","1011.4","-","-"
"2022/01/25","08:00","8.94","219","12.05","40.8","1011.4","-","-"
"2022/01/25","09:00","10.69","218","13.8","39.9","1011.6","-","-"
"2022/01/25","10:00","7.39","214","10.5","39.2","1011.7","-","-"
"2022/01/25","11:00","7.19","221","8.75","39.2","1012.6","-","-"
"2022/01/25","12:00","11.08","214","14.19","39.6","1012.6","-","-"
"2022/01/25","13:00","10.5","214","12.44","39.7","1013.6","-","-"
"2022/01/25","14:00","6.8","224","9.52","41.4","1014.2","-","-"
"2022/01/25","15:00","4.08","254","4.86","43.5","1015.2","-","-"
"2022/01/25","16:00","7","217","8.55","46.6","1015","-","-"
"2022/01/25","17:00","3.89","245","5.64","49.5","1014.4","-","-"
"2022/01/25","18:00","2.72","336","4.08","50","1013.6","-","-"
"2022/01/25","19:00","5.05","347","6.22","51.3","1013.4","-","-"
"2022/01/25","20:00","4.47","301","4.86","49.8","1013.8","-","-"
"2022/01/25","21:00","12.25","104","13.22","43.3","1014.6","-","-"
"2022/01/25","22:00","10.11","25","11.86","47.1","1015.6","-","-"
"2022/01/25","23:00","11.47","34","13.02","44.2","1017","-","-"
"2022/01/26","00:00","7","35","9.33","43.5","1018.2","-","-"
"2022/01/26","01:00","6.03","34","7.78","42.8","1018.5","-","-"
"2022/01/26","02:00","12.44","34","17.3","41","1019.5","-","-"
"2022/01/26","03:00","13.61","25","16.33","39.7","1020.4","-","-"
"2022/01/26","04:00","13.61","33","16.72","37.9","1021","-","-"
"2022/01/26","05:00","11.66","12","14.97","36.1","1021.4","-","-"
"2022/01/26","06:00","11.08","3","14.77","34.5","1021.9","-","-"
"2022/01/26","07:00","13.02","356","16.33","33.6","1022.4","-","-"
"2022/01/26","08:00","10.89","6","14.77","33.4","1023","-","-"
"2022/01/26","09:00","14.38","352","17.3","32.5","1023.7","-","-"
"2022/01/26","10:00","17.69","3","21.38","31.6","1024.4","-","-"
"2022/01/26","11:00","12.44","2","18.86","31.1","1025.2","-","-"
"2022/01/26","12:00","14.77","6","18.66","31.1","1026.6","-","-"
"2022/01/26","13:00","13.41","10","16.13","31.1","1027.4","-","-"
"2022/01/26","14:00","12.83","10","16.72","30.7","1028.3","-","-"
"2022/01/26","15:00","15.94","5","20.41","30.7","1028.8","-","-"
"2022/01/26","16:00","14.77","347","17.88","31.5","1028.6","-","-"
"2022/01/26","17:00","10.5","33","13.02","32.5","1027.9","-","-"
"2022/01/26","18:00","9.14","8","11.27","33.6","1027.2","-","-"
"2022/01/26","19:00","10.3","21","13.02","34.5","1026.9","-","-"
"2022/01/26","20:00","13.22","30","15.55","34.9","1027","-","-"
"2022/01/26","21:00","12.63","19","14.77","34.9","1027.5","-","-"
"2022/01/26","22:00","11.47","46","14.19","32.7","1028.3","-","-"
"2022/01/26","23:00","10.11","41","12.05","31.1","1029.1","-","-"
"2022/01/27","00:00","8.94","41","10.89","31.1","1029.9","-","-"
"2022/01/27","01:00","8.75","38","9.91","30.9","1030.6","-","-"
"2022/01/27","02:00","7.19","29","8.75","30.6","1030.6","-","-"
"2022/01/27","03:00","8.36","44","10.69","31.1","1031.3","-","-"
"2022/01/27","04:00","10.11","41","12.05","30.6","1031.4","-","-"
"2022/01/27","05:00","11.47","52","14.19","30.6","1031.2","-","-"
"2022/01/27","06:00","13.8","69","16.13","30","1031.2","-","-"
"2022/01/27","07:00","12.05","55","14.38","29.5","1031","-","-"
"2022/01/27","08:00","12.63","59","14.97","29.5","1030.8","-","-"
"2022/01/27","09:00","11.86","52","13.61","29.1","1030.6","-","-"
"2022/01/27","10:00","12.05","55","14.58","29.1","1030.6","-","-"
"2022/01/27","11:00","10.5","46","13.22","28.9","1030.8","-","-"
"2022/01/27","12:00","8.94","41","10.5","28.9","1031","-","-"
"2022/01/27","13:00","9.52","45","11.08","29.8","1031.3","-","-"
"2022/01/27","14:00","10.69","78","13.02","31.3","1031.6","-","-"
"2022/01/27","15:00","8.55","89","10.3","31.6","1031.8","-","-"
"2022/01/27","16:00","6.8","73","9.33","32.4","1031.4","-","-"
"2022/01/27","17:00","5.83","75","7.39","32.9","1030.1","-","-"
"2022/01/27","18:00","5.05","86","5.83","33.3","1028.9","-","-"
"2022/01/27","19:00","5.44","77","6.41","34","1028","-","-"
"2022/01/27","20:00","5.64","74","6.41","34.9","1027","-","-"
"2022/01/27","21:00","8.16","94","8.75","35.2","1026.4","-","-"
"2022/01/27","22:00","6.22","116","7","35.6","1026.2","-","-"
"2022/01/27","23:00","4.28","141","5.05","34.3","1026","-","-"
"2022/01/28","00:00","3.89","162","4.86","32.9","1026","-","-"
"2022/01/28","01:00","2.53","170","3.5","32.4","1026.1","-","-"
"2022/01/28","02:00","1.75","180","2.33","31.3","1025.8","-","-"
"2022/01/28","03:00","2.53","181","3.11","31.5","1025.4","-","-"
"2022/01/28","04:00","1.75","231","1.94","31.3","1024.7","-","-"
"2022/01/28","05:00","2.53","185","2.72","31.3","1023.7","-","-"
"2022/01/28","06:00","1.36","201","2.53","30.6","1023.4","-","-"
"2022/01/28","07:00","1.17","152","1.75","31.5","1022.9","-","-"
"2022/01/28","08:00","0.78","203","1.36","31.3","1022.3","-","-"
"2022/01/28","09:00","2.33","186","2.72","30.9","1021.3","-","-"
"2022/01/28","10:00","1.94","176","2.33","31.3","1020.5","-","-"
"2022/01/28","11:00","2.53","157","3.3","31.8","1020.6","-","-"
"2022/01/28","12:00","2.72","228","3.5","33.1","1020.5","-","-"
"2022/01/28","13:00","2.53","148","2.92","32.9","1020","-","-"
"2022/01/28","14:00","0.58","106","0.97","35.8","1019.7","-","-"
"2022/01/28","15:00","2.92","21","3.11","37","1019.7","-","-"
"2022/01/28","16:00","3.3","100","4.28","38.1","1019.1","-","-"
"2022/01/28","17:00","4.08","68","4.67","38.5","1017.9","-","-"
"2022/01/28","18:00","6.8","111","7.78","39","1016.4","-","-"
"2022/01/28","19:00","6.8","98","7.78","39.4","1015.2","-","-"
"2022/01/28","20:00","8.16","71","9.52","40.8","1014.5","-","-"
"2022/01/28","21:00","10.3","47","10.89","40.5","1013.4","-","-"
"2022/01/28","22:00","6.22","36","8.36","39.7","1012.8","-","-"
"2022/01/28","23:00","8.16","14","11.66","39","1012","-","-"
"2022/01/29","00:00","7.97","351","11.66","39.4","1012.5","-","-"
"2022/01/29","01:00","15.16","17","18.47","38.7","1011.6","-","-"
"2022/01/29","02:00","12.83","22","18.86","34.9","1010.9","-","-"
"2022/01/29","03:00","7.39","9","10.3","32.9","1010.6","-","-"
"2022/01/29","04:00","14","7","17.69","32.4","1009.3","-","-"
"2022/01/29","05:00","14","332","18.66","32","1007.8","-","-"
"2022/01/29","06:00","13.41","343","16.72","32.2","1006.7","-","-"
"2022/01/29","07:00","16.72","341","18.47","32.4","1006.4","-","-"
"2022/01/29","08:00","18.08","337","20.99","32","1006","-","-"
"2022/01/29","09:00","19.63","336","25.08","31.3","1005.5","-","-"
"2022/01/29","10:00","18.47","332","22.16","30.7","1005.7","-","-"
"2022/01/29","11:00","21.58","331","26.82","30.2","1006.1","-","-"
"2022/01/29","12:00","17.88","332","21.38","30","1007","-","-"
"2022/01/29","13:00","23.33","332","26.63","28.8","1008.2","-","-"
"2022/01/29","14:00","20.8","318","24.69","28.2","1008.7","-","-"
"2022/01/29","15:00","23.52","326","30.71","28.2","1009.9","-","-"
"2022/01/29","16:00","18.08","325","25.85","28.6","1010.1","-","-"
"2022/01/29","17:00","27.8","316","34.99","28.8","1009.8","-","-"
"2022/01/29","18:00","24.3","311","34.21","28.9","1009.4","-","-"
"2022/01/29","19:00","21.38","299","25.46","29.5","1009.4","-","-"
"2022/01/29","20:00","23.13","317","25.85","30.6","1009.4","-","-"
"2022/01/29","21:00","25.85","307","32.66","29.8","1009.8","-","-"
"2022/01/29","22:00","26.05","314","31.88","30.2","1010.7","-","-"
"2022/01/29","23:00","17.49","295","24.3","29.5","1012.1","-","-"
"2022/01/30","00:00","21.19","328","27.8","28","1013.5","-","-"
"2022/01/30","01:00","22.94","323","29.16","26.4","1014.4","-","-"
"2022/01/30","02:00","21.97","324","25.08","26.2","1014.9","-","-"
"2022/01/30","03:00","21.77","327","28.57","26.4","1015.3","-","-"
"2022/01/30","04:00","16.13","291","21.97","25.3","1015.7","-","-"
"2022/01/30","05:00","12.83","290","17.3","24.4","1016.3","-","-"
"2022/01/30","06:00","18.66","314","23.52","25.5","1016.9","-","-"
"2022/01/30","07:00","13.02","298","19.83","24.6","1017.7","-","-"
"2022/01/30","08:00","11.47","283","13.61","23.2","1018.4","-","-"
"2022/01/30","09:00","8.75","273","10.5","21.7","1018.9","-","-"
"2022/01/30","10:00","7.19","287","9.33","22.3","1019.3","-","-"
"2022/01/30","11:00","6.03","281","11.08","22.8","1020.3","-","-"
"2022/01/30","12:00","2.92","241","4.28","20.7","1021","-","-"
"2022/01/30","13:00","2.92","232","3.5","22.1","1021.3","-","-"
"2022/01/30","14:00","3.11","196","5.05","24.4","1021.4","-","-"
"2022/01/30","15:00","2.33","234","7.19","26.4","1021.5","-","-"
"2022/01/30","16:00","6.41","218","9.52","27.9","1021.2","-","-"
"2022/01/30","17:00","6.61","214","9.52","28.9","1020.2","-","-"
"2022/01/30","18:00","4.67","215","9.52","30.7","1019","-","-"
"2022/01/30","19:00","1.75","120","6.03","33.3","1017.7","-","-"
"2022/01/30","20:00","5.25","212","8.16","33.3","1017.5","-","-"
"2022/01/30","21:00","4.28","177","8.55","35.4","1017.2","-","-"
"2022/01/30","22:00","5.83","159","6.8","35.2","1017.2","-","-"
"2022/01/30","23:00","6.41","125","8.36","32.5","1017.6","-","-"
"2022/01/31","00:00","0.78","154","1.94","32.2","1018.6","-","-"
"2022/01/31","01:00","1.94","160","2.53","32","1019.6","-","-"
"2022/01/31","02:00","5.83","155","7.58","32.9","1019.7","-","-"
"2022/01/31","03:00","3.89","158","4.67","32.9","1020","-","-"
"2022/01/31","04:00","3.3","161","4.47","32.9","1020.1","-","-"
"2022/01/31","05:00","0.39","212","1.17","32.4","1020.1","-","-"
"2022/01/31","06:00","0.58","178","0.97","32","1019.8","-","-"
"2022/01/31","07:00","0.39","156","1.56","30.6","1019.5","-","-"
"2022/01/31","08:00","0.97","267","1.75","29.8","1019.6","-","-"
"2022/01/31","09:00","0.39","246","1.56","29.5","1019.8","-","-"
"2022/01/31","10:00","2.92","330","3.69","30.6","1020.4","-","-"
"2022/01/31","11:00","1.56","359","2.14","30.7","1021.1","-","-"
"2022/01/31","12:00","1.94","315","2.53","31.3","1022","-","-"
"2022/01/31","13:00","0.78","59","2.14","32.4","1022.4","-","-"
"2022/01/31","14:00","2.92","39","3.3","34.5","1023.2","-","-"
"2022/01/31","15:00","2.92","299","3.5","36","1023.8","-","-"
"2022/01/31","16:00","2.33","37","2.92","40.6","1023.9","-","-"
"2022/01/31","17:00","0.97","335","2.14","40.8","1023.6","-","-"
"2022/01/31","18:00","6.03","40","6.61","42.6","1023.1","-","-"
"2022/01/31","19:00","7.78","39","9.91","42.6","1022.8","-","-"
"2022/01/31","20:00","8.75","42","12.25","43.3","1023","-","-"
"2022/01/31","21:00","11.86","73","12.83","41.5","1023.4","-","-"
"2022/01/31","22:00","11.66","64","13.8","40.5","1024.1","-","-"
"2022/01/31","23:00","8.16","52","10.11","38.8","1024.9","-","-"
"2022/02/01","00:00","9.91","56","11.27","37.2","1026.1","-","-"
"2022/02/01","01:00","8.36","40","11.66","36","1027.1","-","-"
"2022/02/01","02:00","9.14","39","14.19","35.2","1027.7","-","-"
"2022/02/01","03:00","9.91","32","11.47","34.9","1028.3","-","-"
"2022/02/01","04:00","8.16","34","10.69","34.3","1028.3","-","-"
"2022/02/01","05:00","11.08","35","13.02","34.2","1028.1","-","-"
"2022/02/01","06:00","9.91","40","12.25","34.3","1028.1","-","-"
"2022/02/01","07:00","10.11","29","11.86","34.2","1028.8","-","-"
"2022/02/01","08:00","6.41","5","7.39","32.9","1028.5","-","-"
"2022/02/01","09:00","5.64","329","7.19","32.2","1028.8","-","-"
"2022/02/01","10:00","6.8","342","8.16","30.9","1029.6","-","-"
"2022/02/01","11:00","4.86","327","5.83","31.3","1030.1","-","-"
"2022/02/01","12:00","6.22","19","8.94","32.4","1030.8","-","-"
"2022/02/01","13:00","5.05","336","6.22","32.5","1031.5","-","-"
"2022/02/01","14:00","5.44","8","6.41","34.2","1031.7","-","-"
"2022/02/01","15:00","7.39","31","9.14","37.4","1031.9","-","-"
"2022/02/01","16:00","7.97","41","10.11","39.2","1032","-","-"
"2022/02/01","17:00","8.36","14","11.66","40.6","1031.7","-","-"
"2022/02/01","18:00","4.67","41","6.41","42.1","1031.1","-","-"
"2022/02/01","19:00","7.58","85","8.36","40.5","1030.7","-","-"
"2022/02/01","20:00","6.8","73","7.58","40.5","1030.2","-","-"
"2022/02/01","21:00","6.8","104","8.36","39.7","1030.3","-","-"
"2022/02/01","22:00","7.39","93","8.94","39.4","1030.6","-","-"
"2022/02/01","23:00","3.89","75","4.47","38.8","1031.1","-","-"
"2022/02/02","00:00","3.11","40","3.89","37.8","1031.5","-","-"
"2022/02/02","01:00","4.08","34","4.86","37.4","1031.9","-","-"
"2022/02/02","02:00","5.05","29","6.22","36.5","1032.2","-","-"
"2022/02/02","03:00","3.5","55","5.25","36.3","1031.9","-","-"
"2022/02/02","04:00","2.53","8","3.11","35.8","1031.6","-","-"
"2022/02/02","05:00","1.75","5","2.33","35.2","1031.1","-","-"
"2022/02/02","06:00","2.92","343","3.89","34.9","1030.8","-","-"
"2022/02/02","07:00","3.69","337","4.67","33.4","1030.9","-","-"
"2022/02/02","08:00","3.69","320","4.67","33.8","1030.6","-","-"
"2022/02/02","09:00","3.69","335","5.05","33.6","1030.1","-","-"
"2022/02/02","10:00","1.75","350","2.14","33.6","1029.8","-","-"
"2022/02/02","11:00","4.86","317","6.61","33.6","1029.8","-","-"
"2022/02/02","12:00","2.33","356","2.72","33.1","1029.8","-","-"
"2022/02/02","13:00","6.03","314","7.39","32.5","1030","-","-"
"2022/02/02","14:00","4.86","319","6.03","32.9","1030.6","-","-"
"2022/02/02","15:00","5.05","310","5.83","34.9","1030.8","-","-"
"2022/02/02","16:00","4.47","285","4.86","35.6","1030.6","-","-"
"2022/02/02","17:00","1.17","177","1.36","40.8","1030","-","-"
"2022/02/02","18:00","2.53","280","2.72","43.5","1029.2","-","-"
"2022/02/02","19:00","1.94","119","2.14","45.7","1028.4","-","-"
"2022/02/02","20:00","7.58","102","8.55","43.2","1027.5","-","-"
"2022/02/02","21:00","8.75","99","9.14","42.3","1027.3","-","-"
"2022/02/02","22:00","5.83","78","6.22","40.3","1027","-","-"
"2022/02/02","23:00","3.11","125","4.67","41.2","1027.3","-","-"
"2022/02/03","00:00","6.22","91","7.39","39.6","1026.9","-","-"
"2022/02/03","01:00","2.72","91","3.3","39.6","1027.2","-","-"
"2022/02/03","02:00","5.83","118","6.41","39.9","1026.8","-","-"
"2022/02/03","03:00","4.47","116","5.05","39.7","1026.3","-","-"
"2022/02/03","04:00","4.08","82","4.47","38.8","1026.2","-","-"
"2022/02/03","05:00","1.56","104","1.94","38.3","1026.1","-","-"
"2022/02/03","06:00","1.94","120","2.33","38.5","1025.6","-","-"
"2022/02/03","07:00","1.36","350","2.14","38.3","1025.5","-","-"
"2022/02/03","08:00","2.33","86","3.3","38.3","1025.1","-","-"
"2022/02/03","09:00","1.17","38","1.36","38.5","1024.9","-","-"
"2022/02/03","10:00","2.72","331","2.72","38.7","1025.1","-","-"
"2022/02/03","11:00","1.36","126","1.75","39","1025.2","-","-"
"2022/02/03","12:00","1.94","117","2.14","39","1025.1","-","-"
"2022/02/03","13:00","1.75","89","1.94","39.7","1025.5","-","-"
"2022/02/03","14:00","2.33","138","2.72","39.7","1025.6","-","-"
"2022/02/03","15:00","4.28","86","5.25","40.5","1025.5","-","-"
"2022/02/03","16:00","4.86","76","5.25","40.6","1025.2","-","-"
"2022/02/03","17:00","8.75","184","10.69","58.1","1023.8","-","-"
"2022/02/03","18:00","9.14","185","10.69","60.1","1022.6","-","-"
"2022/02/03","19:00","8.75","187","11.47","61.5","1021.6","-","-"
"2022/02/03","20:00","7","187","8.75","63.3","1020.2","-","-"
"2022/02/03","21:00","6.61","165","10.11","63.5","1019.7","-","-"
"2022/02/03","22:00","8.16","175","10.11","64.4","1019.8","-","-"
"2022/02/03","23:00","10.89","178","14.77","63.7","1019.7","-","-"
"2022/02/04","00:00","9.52","171","14.19","62.2","1019.7","-","-"
"2022/02/04","01:00","9.52","179","15.75","61.5","1019.5","-","-"
"2022/02/04","02:00","14.38","185","18.86","61.9","1018.5","-","-"
"2022/02/04","03:00","11.27","186","15.36","61.2","1018.5","-","-"
"2022/02/04","04:00","9.91","194","15.94","61.9","1018.3","-","-"
"2022/02/04","05:00","12.25","202","20.22","63.1","1017.3","-","-"
"2022/02/04","06:00","13.41","199","18.86","63.3","1016.4","-","-"
"2022/02/04","07:00","10.89","190","16.33","62.8","1015.7","-","-"
"2022/02/04","08:00","12.25","192","20.02","62.6","1014.8","-","-"
"2022/02/04","09:00","14.38","188","21.19","62.2","1013.4","-","-"
"2022/02/04","10:00","16.52","203","24.88","63.9","1012.3","-","-"
"2022/02/04","11:00","14.58","212","17.88","64.4","1012.8","-","-"
"2022/02/04","12:00","17.3","209","24.69","66.9","1013","-","-"
"2022/02/04","13:00","16.91","218","23.91","68","1013.1","-","-"
"2022/02/04","14:00","13.8","221","25.08","67.8","1013.7","-","-"
"2022/02/04","15:00","14.97","221","22.74","64.9","1014.4","-","-"
"2022/02/04","16:00","9.52","202","15.16","64.2","1013.3","-","-"
"2022/02/04","17:00","10.89","205","17.3","66.7","1011.5","-","-"
"2022/02/04","18:00","9.14","225","15.36","68.4","1010.4","-","-"
"2022/02/04","19:00","13.22","219","19.05","70.7","1009.8","-","-"
"2022/02/04","20:00","12.05","230","23.71","70.9","1009.6","-","-"
"2022/02/04","21:00","13.8","244","20.6","71.2","1010.3","-","-"
"2022/02/04","22:00","5.05","268","9.91","69.1","1011.9","-","-"
"2022/02/04","23:00","13.61","8","16.52","46.4","1014.3","-","-"
"2022/02/05","00:00","12.05","37","14.19","43.5","1014.4","-","-"
"2022/02/05","01:00","9.72","340","14.77","42.6","1016.1","-","-"
"2022/02/05","02:00","9.52","340","11.86","41.4","1016.4","-","-"
"2022/02/05","03:00","14.19","333","18.47","40.1","1017.9","-","-"
"2022/02/05","04:00","10.5","4","12.44","38.3","1017.1","-","-"
"2022/02/05","05:00","8.75","342","12.44","38.5","1017.3","-","-"
"2022/02/05","06:00","12.25","328","14.38","37.9","1017.6","-","-"
"2022/02/05","07:00","12.25","337","16.72","37","1017.7","-","-"
"2022/02/05","08:00","13.22","340","20.22","36.3","1018.1","-","-"
"2022/02/05","09:00","17.69","341","20.41","35.6","1019.1","-","-"
"2022/02/05","10:00","13.02","332","15.94","34.9","1020.5","-","-"
"2022/02/05","11:00","13.41","336","18.27","34.7","1022","-","-"
"2022/02/05","12:00","10.3","324","14.77","34.5","1023.5","-","-"
"2022/02/05","13:00","14.38","326","18.86","34.5","1025.1","-","-"
"2022/02/05","14:00","13.41","329","16.33","34.5","1026.3","-","-"
"2022/02/05","15:00","19.63","325","22.94","35.6","1027.3","-","-"
"2022/02/05","16:00","19.05","318","22.74","36","1027.9","-","-"
"2022/02/05","17:00","17.69","309","22.74","36.9","1028","-","-"
"2022/02/05","18:00","16.33","319","23.52","37","1027.3","-","-"
"2022/02/05","19:00","13.8","345","18.66","37.4","1027.9","-","-"
"2022/02/05","20:00","13.61","335","16.72","37","1028.1","-","-"
"2022/02/05","21:00","17.88","355","20.02","36.3","1029.4","-","-"
"2022/02/05","22:00","12.44","355","17.11","35.8","1030.5","-","-"
"2022/02/05","23:00","10.5","6","13.02","34.7","1031.8","-","-"
"2022/02/06","00:00","9.52","4","12.44","33.3","1032.8","-","-"
"2022/02/06","01:00","7.19","4","9.91","32.5","1033.1","-","-"
"2022/02/06","02:00","7.58","357","9.14","31.8","1033.6","-","-"
"2022/02/06","03:00","6.8","12","7.97","31.5","1033.7","-","-"
"2022/02/06","04:00","8.16","4","9.52","31.1","1033.8","-","-"
"2022/02/06","05:00","8.36","8","9.72","30.7","1033.8","-","-"
"2022/02/06","06:00","13.8","46","17.11","30.6","1033.9","-","-"
"2022/02/06","07:00","11.47","39","13.8","30.2","1034","-","-"
"2022/02/06","08:00","14.19","42","16.52","29.5","1034.2","-","-"
"2022/02/06","09:00","13.22","59","16.33","29.7","1034.6","-","-"
"2022/02/06","10:00","10.69","58","13.22","29.1","1035.2","-","-"
"2022/02/06","11:00","10.69","46","15.55","29.1","1035","-","-"
"2022/02/06","12:00","11.08","40","13.8","28.8","1035","-","-"
"2022/02/06","13:00","12.44","43","15.36","29.3","1035.2","-","-"
"2022/02/06","14:00","13.61","54","16.33","30.6","1035.4","-","-"
"2022/02/06","15:00","12.63","67","14.58","31.1","1035.5","-","-"
"2022/02/06","16:00","9.14","60","12.63","32.2","1035.4","-","-"
"2022/02/06","17:00","9.72","68","10.89","32.5","1034.4","-","-"
"2022/02/06","18:00","9.14","42","10.89","33.6","1033","-","-"
"2022/02/06","19:00","5.83","57","10.11","34.2","1032.6","-","-"
"2022/02/06","20:00","7.97","44","10.11","34.7","1032","-","-"
"2022/02/06","21:00","5.64","42","7","35.1","1031.7","-","-"
"2022/02/06","22:00","5.83","44","8.36","35.4","1031.2","-","-"
"2022/02/06","23:00","7.97","34","9.33","35.1","1031","-","-"
"2022/02/07","00:00","6.41","18","8.16","34.9","1030.7","-","-"
"2022/02/07","01:00","4.67","6","7.19","34.7","1030.5","-","-"
"2022/02/07","02:00","6.03","11","7.58","35.6","1030.2","-","-"
"2022/02/07","03:00","3.11","16","5.25","36","1029.8","-","-"
"2022/02/07","04:00","6.8","348","7.78","35.2","1029.2","-","-"
"2022/02/07","05:00","7.97","330","10.5","35.2","1028.9","-","-"
"2022/02/07","06:00","6.8","344","8.16","35.8","1028.5","-","-"
"2022/02/07","07:00","5.25","332","6.41","35.6","1027.6","-","-"
"2022/02/07","08:00","7.58","320","8.94","36","1027.2","-","-"
"2022/02/07","09:00","10.89","320","12.44","36","1026.7","-","-"
"2022/02/07","10:00","5.64","335","6.8","36","1026","-","-"
"2022/02/07","11:00","8.55","318","9.72","36.1","1026","-","-"
"2022/02/07","12:00","6.03","330","7.39","36.1","1025.7","-","-"
"2022/02/07","13:00","9.33","325","11.47","36.9","1025.6","-","-"
"2022/02/07","14:00","2.92","330","5.05","37.2","1025","-","-"
"2022/02/07","15:00","3.89","305","4.67","38.3","1024.2","-","-"
"2022/02/07","16:00","9.14","313","9.91","38.8","1023.6","-","-"
"2022/02/07","17:00","7.97","312","9.91","39.7","1022.3","-","-"
"2022/02/07","18:00","6.8","323","7.58","40.1","1020.9","-","-"
"2022/02/07","19:00","7.58","5","8.75","41","1020.1","-","-"
"2022/02/07","20:00","8.75","358","10.89","40.6","1019.6","-","-"
"2022/02/07","21:00","8.94","3","11.86","40.6","1018.8","-","-"
"2022/02/07","22:00","10.5","358","12.44","40.6","1018.3","-","-"
"2022/02/07","23:00","6.61","26","9.91","39.9","1017.3","-","-"
"2022/02/08","00:00","11.66","1","14.38","39.7","1016.4","-","-"
"2022/02/08","01:00","10.5","341","12.83","40.1","1016.2","-","-"
"2022/02/08","02:00","9.52","321","11.08","40.3","1015.9","-","-"
"2022/02/08","03:00","9.72","333","10.89","40.3","1015.1","-","-"
"2022/02/08","04:00","7.97","309","9.33","39.9","1015.3","-","-"
"2022/02/08","05:00","10.69","311","12.63","39.7","1015.2","-","-"
"2022/02/08","06:00","15.36","316","17.3","39.9","1015.4","-","-"
"2022/02/08","07:00","13.41","312","15.16","39.7","1015.4","-","-"
"2022/02/08","08:00","12.05","302","14.97","39.2","1015.8","-","-"
"2022/02/08","09:00","8.55","286","13.41","38.8","1016.1","-","-"
"2022/02/08","10:00","7.39","292","9.52","38.3","1016.5","-","-"
"2022/02/08","11:00","4.86","285","6.22","37.2","1017.3","-","-"
"2022/02/08","12:00","5.83","293","6.61","36.3","1018.1","-","-"
"2022/02/08","13:00","5.25","262","6.03","36","1018.4","-","-"
"2022/02/08","14:00","4.67","256","5.83","36.9","1018.8","-","-"
"2022/02/08","15:00","5.05","237","6.22","38.5","1018.8","-","-"
"2022/02/08","16:00","6.61","249","8.36","39.9","1019.1","-","-"
"2022/02/08","17:00","6.03","193","8.36","41.7","1018.5","-","-"
"2022/02/08","18:00","6.8","261","8.36","43.3","1017.6","-","-"
"2022/02/08","19:00","9.72","250","13.22","44.2","1016.6","-","-"
"2022/02/08","20:00","7.19","270","10.89","45","1017.1","-","-"
"2022/02/08","21:00","5.64","251","6.61","45.3","1017.3","-","-"
"2022/02/08","22:00","4.47","237","6.41","45","1017.8","-","-"
"2022/02/08","23:00","5.25","221","6.61","43.5","1018.3","-","-"
"2022/02/09","00:00","6.03","228","6.8","41.9","1019","-","-"
"2022/02/09","01:00","11.08","235","13.02","41.9","1019.5","-","-"
"2022/02/09","02:00","11.47","237","14","41.5","1019.8","-","-"
"2022/02/09","03:00","8.36","240","10.3","41.4","1019.6","-","-"
"2022/02/09","04:00","4.28","248","6.03","40.1","1019.8","-","-"
"2022/02/09","05:00","2.72","267","4.47","39","1019.5","-","-"
"2022/02/09","06:00","2.33","226","3.5","36.7","1019","-","-"
"2022/02/09","07:00","2.53","207","3.5","37","1019.2","-","-"
"2022/02/09","08:00","1.94","204","2.53","34.5","1018.8","-","-"
"2022/02/09","09:00","0.19","203","0.78","34.5","1018.5","-","-"
"2022/02/09","10:00","1.56","242","1.94","34.3","1018.8","-","-"
"2022/02/09","11:00","0.19","164","2.72","32.7","1019.1","-","-"
"2022/02/09","12:00","0.39","173","1.75","32","1019.6","-","-"
"2022/02/09","13:00","1.36","198","1.94","34.3","1019.8","-","-"
"2022/02/09","14:00","0.39","78","0.78","40.3","1020.1","-","-"
"2022/02/09","15:00","3.89","80","4.47","39.6","1019.6","-","-"
"2022/02/09","16:00","5.64","67","6.41","42.4","1019.1","-","-"
"2022/02/09","17:00","0.78","121","2.92","50.5","1018.1","-","-"
"2022/02/09","18:00","7.78","213","9.33","53.8","1016.8","-","-"
"2022/02/09","19:00","6.61","228","12.44","54.9","1015.7","-","-"
"2022/02/09","20:00","7.78","203","12.05","55.2","1014.8","-","-"
"2022/02/09","21:00","7.97","74","10.5","48.4","1014.4","-","-"
"2022/02/09","22:00","9.72","136","11.86","50.2","1014.1","-","-"
"2022/02/09","23:00","7.78","148","8.55","46.6","1014","-","-"
"2022/02/10","00:00","5.64","162","7","45.9","1014.4","-","-"
"2022/02/10","01:00","1.17","183","1.56","43.5","1014.7","-","-"
"2022/02/10","02:00","0.58","195","1.17","40.8","1014.8","-","-"
"2022/02/10","03:00","5.83","203","7","44.1","1014.4","-","-"
"2022/02/10","04:00","7","209","8.36","45","1014.3","-","-"
"2022/02/10","05:00","7.78","213","9.14","44.2","1014.1","-","-"
"2022/02/10","06:00","8.36","222","10.69","43.7","1013.9","-","-"
"2022/02/10","07:00","9.72","221","11.66","43.3","1013.2","-","-"
"2022/02/10","08:00","9.72","217","12.44","43.9","1012.8","-","-"
"2022/02/10","09:00","12.25","223","14.97","44.2","1012.7","-","-"
"2022/02/10","10:00","10.89","228","15.55","44.1","1013.4","-","-"
"2022/02/10","11:00","7.19","263","8.75","43.2","1014.3","-","-"
"2022/02/10","12:00","3.3","299","7.58","42.3","1015","-","-"
"2022/02/10","13:00","7.97","263","8.94","42.8","1015.8","-","-"
"2022/02/10","14:00","8.36","266","10.5","46.8","1016","-","-"
"2022/02/10","15:00","11.47","239","14.19","52.2","1016.1","-","-"
"2022/02/10","16:00","9.91","246","11.27","55.8","1015.8","-","-"
"2022/02/10","17:00","12.63","254","15.55","57.7","1014.6","-","-"
"2022/02/10","18:00","14.77","238","19.44","59.5","1013.1","-","-"
"2022/02/10","19:00","10.89","234","20.99","61.3","1012.2","-","-"
"2022/02/10","20:00","14.77","267","19.05","62.8","1011.9","-","-"
"2022/02/10","21:00","8.75","240","19.83","63.5","1012","-","-"
"2022/02/10","22:00","9.52","228","14.58","62.8","1012.3","-","-"
"2022/02/10","23:00","5.05","220","7.19","60.6","1013","-","-"
"2022/02/11","00:00","3.89","207","4.86","58.1","1013.6","-","-"
"2022/02/11","01:00","6.22","203","9.33","57.2","1013.8","-","-"
"2022/02/11","02:00","6.61","204","9.72","56.1","1013.9","-","-"
"2022/02/11","03:00","7","200","11.66","55","1014.1","-","-"
"2022/02/11","04:00","9.91","199","13.22","53.6","1014","-","-"
"2022/02/11","05:00","10.5","212","13.02","52.3","1014","-","-"
"2022/02/11","06:00","9.91","228","13.02","50.5","1014.5","-","-"
"2022/02/11","07:00","11.08","224","13.41","49.3","1014.7","-","-"
"2022/02/11","08:00","10.89","221","12.44","47.7","1015","-","-"
"2022/02/11","09:00","3.11","292","4.47","46.2","1015.9","-","-"
"2022/02/11","10:00","4.08","241","5.44","44.8","1016.4","-","-"
"2022/02/11","11:00","5.25","236","7.58","44.6","1017","-","-"
"2022/02/11","12:00","2.72","244","5.05","43.9","1017.5","-","-"
"2022/02/11","13:00","1.75","259","4.28","46.2","1018.3","-","-"
"2022/02/11","14:00","4.28","214","6.8","49.5","1018.5","-","-"
"2022/02/11","15:00","0.39","104","1.75","50.7","1018.2","-","-"
"2022/02/11","16:00","3.11","98","4.47","48.6","1017.8","-","-"
"2022/02/11","17:00","8.94","208","14.19","61","1017","-","-"
"2022/02/11","18:00","6.61","200","13.22","62.4","1015.8","-","-"
"2022/02/11","19:00","13.22","217","19.05","64.2","1014.7","-","-"
"2022/02/11","20:00","12.44","207","18.27","65.5","1014.1","-","-"
"2022/02/11","21:00","16.52","188","21.19","65.1","1013.7","-","-"
"2022/02/11","22:00","7.78","194","12.63","64.6","1013.8","-","-"
"2022/02/11","23:00","6.61","179","9.91","61.7","1014.2","-","-"
"2022/02/12","00:00","10.5","178","13.61","61","1014.8","-","-"
"2022/02/12","01:00","6.22","172","8.94","57.7","1015.3","-","-"
"2022/02/12","02:00","7.78","177","11.66","56.3","1015.3","-","-"
"2022/02/12","03:00","6.22","182","8.16","55.8","1015.5","-","-"
"2022/02/12","04:00","6.8","203","16.72","56.5","1015.4","-","-"
"2022/02/12","05:00","8.75","208","15.94","56.1","1015.7","-","-"
"2022/02/12","06:00","11.47","215","16.33","55.4","1015.7","-","-"
"2022/02/12","07:00","10.11","212","14.38","54","1015.6","-","-"
"2022/02/12","08:00","9.91","213","13.61","53.8","1015.6","-","-"
"2022/02/12","09:00","10.89","219","15.75","53.4","1015.4","-","-"
"2022/02/12","10:00","8.55","222","12.63","52.5","1015.6","-","-"
"2022/02/12","11:00","10.11","210","12.83","52.2","1015.5","-","-"
"2022/02/12","12:00","11.86","218","17.11","51.3","1016","-","-"
"2022/02/12","13:00","15.36","216","20.02","51.6","1016.2","-","-"
"2022/02/12","14:00","14.38","225","18.27","54.1","1016.7","-","-"
"2022/02/12","15:00","12.44","236","16.72","56.7","1016.7","-","-"
"2022/02/12","16:00","7.97","236","13.22","60.1","1016.6","-","-"
"2022/02/12","17:00","6.61","269","13.61","63.5","1016.4","-","-"
"2022/02/12","18:00","12.05","247","16.72","66.2","1015.5","-","-"
"2022/02/12","19:00","12.83","254","15.55","67.6","1014.5","-","-"
"2022/02/12","20:00","8.75","275","12.25","68.4","1014.5","-","-"
"2022/02/12","21:00","6.61","294","9.14","65.7","1014.7","-","-"
"2022/02/12","22:00","3.11","312","5.83","64.9","1015.2","-","-"
"2022/02/12","23:00","4.08","77","4.86","53.1","1016.4","-","-"
"2022/02/13","00:00","3.11","145","4.08","52.9","1016.6","-","-"
"2022/02/13","01:00","0.58","65","1.94","52.3","1016.8","-","-"
"2022/02/13","02:00","1.17","255","4.28","52","1017.2","-","-"
"2022/02/13","03:00","2.53","354","5.05","51.4","1017.3","-","-"
"2022/02/13","04:00","4.47","205","4.86","50.5","1017.2","-","-"
"2022/02/13","05:00","2.92","15","9.91","50.4","1016.4","-","-"
"2022/02/13","06:00","2.72","64","3.5","49.1","1016.5","-","-"
"2022/02/13","07:00","4.28","13","6.61","48.6","1016.3","-","-"
"2022/02/13","08:00","7.58","21","14.77","46.9","1016.4","-","-"
"2022/02/13","09:00","15.55","16","21.38","45.7","1016.8","-","-"
"2022/02/13","10:00","14.77","13","23.71","44.2","1017.9","-","-"
"2022/02/13","11:00","17.69","25","22.74","42.8","1018.1","-","-"
"2022/02/13","12:00","19.24","27","26.05","40.8","1019","-","-"
"2022/02/13","13:00","17.3","32","20.41","39.9","1020","-","-"
"2022/02/13","14:00","15.55","29","19.83","39.7","1020.2","-","-"
"2022/02/13","15:00","15.16","41","18.27","39.9","1019.8","-","-"
"2022/02/13","16:00","14.38","26","18.27","40.3","1019.6","-","-"
"2022/02/13","17:00","15.16","18","17.88","40.3","1018.8","-","-"
"2022/02/13","18:00","15.94","20","18.66","39.7","1017.6","-","-"
"2022/02/13","19:00","11.86","24","17.49","39.7","1017","-","-"
"2022/02/13","20:00","11.86","0","13.8","39.6","1016.3","-","-"
"2022/02/13","21:00","10.89","351","15.75","38.3","1016.2","-","-"
"2022/02/13","22:00","14.19","341","15.75","36.3","1016.7","-","-"
"2022/02/13","23:00","11.08","352","13.02","35.4","1016.8","-","-"
"2022/02/14","00:00","9.91","331","11.47","33.4","1018.1","-","-"
"2022/02/14","01:00","8.75","354","10.89","33.4","1017.9","-","-"
"2022/02/14","02:00","10.3","341","12.83","33.8","1018.4","-","-"
"2022/02/14","03:00","10.5","327","12.25","33.6","1018.8","-","-"
"2022/02/14","04:00","10.3","320","12.44","33.3","1018.8","-","-"
"2022/02/14","05:00","12.05","326","14.97","33.3","1018.9","-","-"
"2022/02/14","06:00","8.16","342","9.14","33.3","1018.4","-","-"
"2022/02/14","07:00","11.47","317","14.58","33.1","1019","-","-"
"2022/02/14","08:00","7.78","339","8.94","32","1018.9","-","-"
"2022/02/14","09:00","5.64","266","7.39","30.7","1019.2","-","-"
"2022/02/14","10:00","5.44","281","6.8","30.9","1019.8","-","-"
"2022/02/14","11:00","3.69","275","5.05","30.4","1020.3","-","-"
"2022/02/14","12:00","5.44","278","7","30.9","1021.2","-","-"
"2022/02/14","13:00","3.5","295","6.8","31.5","1022.3","-","-"
"2022/02/14","14:00","11.86","348","13.8","30.9","1023.5","-","-"
"2022/02/14","15:00","11.66","345","15.94","30.9","1024.2","-","-"
"2022/02/14","16:00","12.05","308","16.13","31.5","1024.6","-","-"
"2022/02/14","17:00","13.61","302","18.27","32.2","1024.3","-","-"
"2022/02/14","18:00","14.19","328","18.66","31.6","1024.1","-","-"
"2022/02/14","19:00","11.27","332","16.91","33.1","1023.6","-","-"
"2022/02/14","20:00","12.83","311","17.69","34.9","1023.9","-","-"
"2022/02/14","21:00","12.44","317","18.08","35.4","1024.4","-","-"
"2022/02/14","22:00","11.86","328","15.36","35.2","1026.1","-","-"
"2022/02/14","23:00","8.36","359","10.3","34.3","1026.9","-","-"
"2022/02/15","00:00","10.3","22","12.25","33.6","1027.7","-","-"
"2022/02/15","01:00","7.19","14","9.33","32.7","1028.4","-","-"
"2022/02/15","02:00","9.91","24","11.86","31.5","1029.6","-","-"
"2022/02/15","03:00","5.83","27","8.16","31.1","1030.9","-","-"
"2022/02/15","04:00","4.67","4","6.61","30.9","1031.8","-","-"
"2022/02/15","05:00","4.67","23","6.22","30.7","1032.2","-","-"
"2022/02/15","06:00","4.67","351","5.83","30.7","1032.9","-","-"
"2022/02/15","07:00","6.03","355","7","30.2","1033.2","-","-"
"2022/02/15","08:00","7.58","349","10.69","28.8","1033.8","-","-"
"2022/02/15","09:00","5.44","1","7.78","28.4","1034.2","-","-"
"2022/02/15","10:00","5.83","355","6.8","28.9","1035.2","-","-"
"2022/02/15","11:00","5.44","19","7","28.9","1035.9","-","-"
"2022/02/15","12:00","7.78","26","9.14","29.1","1036.3","-","-"
"2022/02/15","13:00","4.08","34","6.22","30.6","1037.5","-","-"
"2022/02/15","14:00","6.03","89","7.97","31.8","1038.6","-","-"
"2022/02/15","15:00","7.19","78","8.16","32.4","1039.4","-","-"
"2022/02/15","16:00","8.94","75","11.27","32.7","1039.5","-","-"
"2022/02/15","17:00","11.27","76","12.83","32.9","1039.5","-","-"
"2022/02/15","18:00","10.69","89","12.05","34","1038.7","-","-"
"2022/02/15","19:00","12.83","86","15.55","34.7","1038","-","-"
"2022/02/15","20:00","11.66","96","15.16","35.6","1037.6","-","-"
"2022/02/15","21:00","9.91","114","15.16","36.1","1037.8","-","-"
"2022/02/15","22:00","10.5","118","14","35.6","1038.2","-","-"
"2022/02/15","23:00","8.94","125","12.25","34.9","1038.5","-","-"
"2022/02/16","00:00","7.97","136","9.91","34.7","1038.9","-","-"
"2022/02/16","01:00","7.78","146","10.3","34.7","1039.4","-","-"
"2022/02/16","02:00","4.67","159","6.03","34","1039.7","-","-"
"2022/02/16","03:00","3.69","146","5.25","34.3","1039.9","-","-"
"2022/02/16","04:00","3.11","179","4.08","33.8","1039.8","-","-"
"2022/02/16","05:00","1.56","172","2.33","32.9","1039.8","-","-"
"2022/02/16","06:00","3.11","140","4.67","34.2","1039.2","-","-"
"2022/02/16","07:00","1.36","201","2.33","33.8","1039.2","-","-"
"2022/02/16","08:00","1.17","192","1.36","32.4","1038.4","-","-"
"2022/02/16","09:00","0.97","174","1.36","32.4","1038.2","-","-"
"2022/02/16","10:00","0.97","216","1.17","32.2","1038.2","-","-"
"2022/02/16","11:00","0.58","176","0.58","32.5","1038.4","-","-"
"2022/02/16","12:00","1.36","162","1.75","33.4","1038.3","-","-"
"2022/02/16","13:00","0","185","1.17","39.6","1038.8","-","-"
"2022/02/16","14:00","0.58","97","1.17","43.5","1039","-","-"
"2022/02/16","15:00","2.72","71","3.69","43.7","1039","-","-"
"2022/02/16","16:00","7.97","180","12.05","50.4","1038.6","-","-"
"2022/02/16","17:00","6.03","66","7.58","46.4","1037.4","-","-"
"2022/02/16","18:00","8.16","210","11.47","54.5","1035.8","-","-"
"2022/02/16","19:00","10.11","192","14.19","55.6","1034.3","-","-"
"2022/02/16","20:00","10.69","209","14.77","58.1","1033.5","-","-"
"2022/02/16","21:00","8.75","201","11.08","59.7","1032.7","-","-"
"2022/02/16","22:00","7.19","185","14.38","59.9","1031.8","-","-"
"2022/02/16","23:00","6.61","114","7.39","48.7","1032.1","-","-"
"2022/02/17","00:00","5.83","169","8.16","48.4","1032.2","-","-"
"2022/02/17","01:00","5.25","145","6.22","50.4","1032.2","-","-"
"2022/02/17","02:00","7.39","159","9.72","51.4","1031.4","-","-"
"2022/02/17","03:00","8.36","164","11.47","53.4","1031.2","-","-"
"2022/02/17","04:00","9.72","195","15.36","55.6","1031","-","-"
"2022/02/17","05:00","7.19","188","11.47","55.2","1030.8","-","-"
"2022/02/17","06:00","7","182","9.52","54.3","1030.4","-","-"
"2022/02/17","07:00","8.16","184","15.94","55.2","1029.5","-","-"
"2022/02/17","08:00","10.69","195","13.61","55.4","1028.8","-","-"
"2022/02/17","09:00","6.8","183","9.91","55","1028.2","-","-"
"2022/02/17","10:00","6.61","195","11.86","55.2","1027.8","-","-"
"2022/02/17","11:00","8.55","202","13.02","55.6","1027.5","-","-"
"2022/02/17","12:00","7.78","200","12.83","55.6","1027.1","-","-"
"2022/02/17","13:00","9.33","189","12.05","56.1","1026.4","-","-"
"2022/02/17","14:00","8.75","191","11.66","58.6","1026.2","-","-"
"2022/02/17","15:00","11.27","196","18.86","61.5","1025.5","-","-"
"2022/02/17","16:00","14.97","223","20.6","64.8","1024.6","-","-"
"2022/02/17","17:00","13.61","205","17.69","67.6","1023.1","-","-"
"2022/02/17","18:00","12.63","206","20.41","68.9","1020.6","-","-"
"2022/02/17","19:00","13.41","206","22.35","70.5","1018.4","-","-"
"2022/02/17","20:00","16.13","209","23.52","71.6","1017.1","-","-"
"2022/02/17","21:00","11.08","199","17.69","70.7","1016.2","-","-"
"2022/02/17","22:00","9.52","192","14.58","69.8","1015.1","-","-"
"2022/02/17","23:00","11.27","179","15.75","67.3","1014.4","-","-"
"2022/02/18","00:00","12.83","177","16.52","65.1","1012.8","-","-"
"2022/02/18","01:00","13.61","181","17.11","64.2","1011.4","-","-"
"2022/02/18","02:00","15.36","186","23.52","64.9","1010.6","-","-"
"2022/02/18","03:00","17.49","197","21.38","65.1","1009.9","-","-"
"2022/02/18","04:00","14.38","219","21.38","65.1","1010.1","-","-"
"2022/02/18","05:00","18.08","214","26.63","66","1009.2","-","-"
"2022/02/18","06:00","17.88","198","33.24","67.5","1007.1","-","-"
"2022/02/18","07:00","15.55","193","25.66","66.9","1005.5","-","-"
"2022/02/18","08:00","15.16","194","26.82","66.4","1003.6","-","-"
"2022/02/18","09:00","17.3","207","23.52","68.2","1002.6","-","-"
"2022/02/18","10:00","20.22","220","28.77","69.6","1002.7","-","-"
"2022/02/18","11:00","17.11","236","26.82","68.9","1002.9","-","-"
"2022/02/18","12:00","14.77","229","21.77","69.3","1003.3","-","-"
"2022/02/18","13:00","13.22","243","18.66","67.6","1004.7","-","-"
"2022/02/18","14:00","13.61","261","17.11","68.4","1006.3","-","-"
"2022/02/18","15:00","21.97","324","25.66","61.3","1008.2","-","-"
"2022/02/18","16:00","22.35","321","28.38","57.2","1010","-","-"
"2022/02/18","17:00","20.6","321","23.33","55.2","1010.8","-","-"
"2022/02/18","18:00","14.19","10","16.91","52.9","1012","-","-"
"2022/02/18","19:00","19.63","2","22.35","50.7","1012.3","-","-"
"2022/02/18","20:00","14.77","7","19.44","48.4","1013","-","-"
"2022/02/18","21:00","11.27","19","13.22","48.2","1014.1","-","-"
"2022/02/18","22:00","12.25","360","15.75","47.7","1015","-","-"
"2022/02/18","23:00","11.86","12","17.69","45.5","1016.3","-","-"
"2022/02/19","00:00","13.61","11","16.13","44.1","1017.9","-","-"
"2022/02/19","01:00","12.44","10","15.94","42.3","1018.9","-","-"
"2022/02/19","02:00","14.58","17","18.08","40.8","1019.8","-","-"
"2022/02/19","03:00","6.22","352","8.36","39.7","1020.6","-","-"
"2022/02/19","04:00","5.83","337","7.58","39","1021.2","-","-"
"2022/02/19","05:00","7","334","8.36","38.3","1021","-","-"
"2022/02/19","06:00","6.22","352","7.39","37.4","1020.9","-","-"
"2022/02/19","07:00","6.03","356","7","36.9","1020.5","-","-"
"2022/02/19","08:00","4.86","358","6.03","36.5","1020","-","-"
"2022/02/19","09:00","2.14","259","3.3","34.7","1019.6","-","-"
"2022/02/19","10:00","2.33","266","2.92","33.6","1019.9","-","-"
"2022/02/19","11:00","2.53","252","2.72","32.2","1020.2","-","-"
"2022/02/19","12:00","1.94","206","2.33","32","1020.4","-","-"
"2022/02/19","13:00","4.08","231","4.86","36","1020.8","-","-"
"2022/02/19","14:00","8.16","239","10.11","38.3","1020.7","-","-"
"2022/02/19","15:00","11.27","236","17.11","41","1019.7","-","-"
"2022/02/19","16:00","13.22","224","19.24","43.5","1018.6","-","-"
"2022/02/19","17:00","13.22","210","17.88","46.6","1016.6","-","-"
"2022/02/19","18:00","13.61","226","18.86","49.5","1014.8","-","-"
"2022/02/19","19:00","16.33","250","24.69","51.8","1014.1","-","-"
"2022/02/19","20:00","18.08","255","24.3","53.6","1014.3","-","-"
"2022/02/19","21:00","20.6","272","24.88","54.3","1014.8","-","-"
"2022/02/19","22:00","21.58","304","26.82","53.1","1016.5","-","-"
"2022/02/19","23:00","23.33","321","30.13","48.6","1019.5","-","-"
"2022/02/20","00:00","20.02","326","23.33","46","1022.3","-","-"
"2022/02/20","01:00","18.86","356","25.08","42.3","1024.8","-","-"
"2022/02/20","02:00","11.08","1","14.77","39.9","1026.8","-","-"
"2022/02/20","03:00","10.3","333","12.63","37.6","1028.2","-","-"
"2022/02/20","04:00","13.61","356","18.47","34.9","1029.8","-","-"
"2022/02/20","05:00","12.44","348","16.52","33.3","1030.3","-","-"
"2022/02/20","06:00","10.69","7","12.44","31.8","1031.1","-","-"
"2022/02/20","07:00","6.41","8","11.47","30.7","1031.6","-","-"
"2022/02/20","08:00","7.78","8","10.11","29.8","1031.8","-","-"
"2022/02/20","09:00","7","15","11.66","29.5","1032.1","-","-"
"2022/02/20","10:00","6.41","23","9.14","29.1","1032.5","-","-"
"2022/02/20","11:00","7","10","7.97","28.9","1032.8","-","-"
"2022/02/20","12:00","4.86","20","6.22","28.9","1032.9","-","-"
"2022/02/20","13:00","7.97","37","9.91","30.7","1033.7","-","-"
"2022/02/20","14:00","7.58","58","8.55","32.2","1034.2","-","-"
"2022/02/20","15:00","7.58","91","8.75","32.2","1034.5","-","-"
"2022/02/20","16:00","8.36","75","11.08","33.1","1034.4","-","-"
"2022/02/20","17:00","10.69","85","12.25","33.8","1034.2","-","-"
"2022/02/20","18:00","13.22","94","14.58","35.1","1033.2","-","-"
"2022/02/20","19:00","12.25","100","14.77","37","1031.9","-","-"
"2022/02/20","20:00","11.08","116","15.16","38.7","1031.1","-","-"
"2022/02/20","21:00","12.83","129","17.3","39","1030.4","-","-"
"2022/02/20","22:00","10.11","138","14.38","39.6","1029.8","-","-"
"2022/02/20","23:00","5.64","134","7.78","38.5","1029.6","-","-"
"2022/02/21","00:00","4.67","142","5.64","38.3","1029.9","-","-"
"2022/02/21","01:00","3.5","177","4.86","37.9","1029.9","-","-"
"2022/02/21","02:00","3.89","183","4.67","37.4","1029.9","-","-"
"2022/02/21","03:00","3.69","173","5.25","36.9","1029.8","-","-"
"2022/02/21","04:00","4.28","185","5.44","36.3","1029.9","-","-"
"2022/02/21","05:00","6.03","189","8.36","37.2","1029.5","-","-"
"2022/02/21","06:00","5.44","203","6.41","36.5","1029","-","-"
"2022/02/21","07:00","2.53","191","3.89","36.3","1028.7","-","-"
"2022/02/21","08:00","0.78","154","1.36","35.8","1028.6","-","-"
"2022/02/21","09:00","5.05","212","6.8","36.7","1027.9","-","-"
"2022/02/21","10:00","3.5","202","5.05","36.9","1028.2","-","-"
"2022/02/21","11:00","1.56","199","2.53","35.8","1028.7","-","-"
"2022/02/21","12:00","6.61","217","7.97","36.9","1028.8","-","-"
"2022/02/21","13:00","4.86","235","8.94","40.3","1029.3","-","-"
"2022/02/21","14:00","5.83","227","8.16","44.4","1029.5","-","-"
"2022/02/21","15:00","5.25","237","8.36","50.5","1029.3","-","-"
"2022/02/21","16:00","4.08","229","8.75","54.7","1028.8","-","-"
"2022/02/21","17:00","7.78","214","10.11","57.9","1027.9","-","-"
"2022/02/21","18:00","7.19","222","9.33","60.1","1026.7","-","-"
"2022/02/21","19:00","7.58","230","12.44","62.6","1025.9","-","-"
"2022/02/21","20:00","6.03","216","8.75","64.2","1025.4","-","-"
"2022/02/21","21:00","10.5","67","12.44","49.3","1025.3","-","-"
"2022/02/21","22:00","3.3","118","7","51.6","1025.6","-","-"
"2022/02/21","23:00","8.55","191","11.47","61","1025.7","-","-"
"2022/02/22","00:00","9.52","185","12.44","59.2","1026.7","-","-"
"2022/02/22","01:00","9.52","192","11.27","58.6","1026.9","-","-"
"2022/02/22","02:00","9.91","184","14.19","57.7","1026.8","-","-"
"2022/02/22","03:00","10.5","199","14.97","57.9","1027","-","-"
"2022/02/22","04:00","7.97","198","11.86","57.9","1026.7","-","-"
"2022/02/22","05:00","6.41","181","9.14","57","1026.8","-","-"
"2022/02/22","06:00","6.8","176","9.72","57","1026.6","-","-"
"2022/02/22","07:00","5.83","160","8.94","56.5","1026.1","-","-"
"2022/02/22","08:00","7.78","182","9.14","57","1025.9","-","-"
"2022/02/22","09:00","7.78","184","9.33","57.2","1025.8","-","-"
"2022/02/22","10:00","4.86","177","7.97","56.8","1026","-","-"
"2022/02/22","11:00","7.58","184","9.52","56.7","1025.9","-","-"
"2022/02/22","12:00","5.64","209","8.16","57.4","1026.4","-","-"
"2022/02/22","13:00","6.03","202","12.05","58.5","1026.5","-","-"
"2022/02/22","14:00","9.72","189","14.58","59.7","1026.3","-","-"
"2022/02/22","15:00","11.08","190","16.33","61.7","1025.8","-","-"
"2022/02/22","16:00","7.97","192","16.91","63.7","1025.5","-","-"
"2022/02/22","17:00","13.22","211","18.08","66","1024.7","-","-"
"2022/02/22","18:00","11.47","206","17.49","66.9","1023.4","-","-"
"2022/02/22","19:00","18.47","213","22.55","68.2","1022.2","-","-"
"2022/02/22","20:00","12.83","200","16.91","68.5","1021.7","-","-"
"2022/02/22","21:00","13.02","200","19.83","69.4","1021.4","-","-"
"2022/02/22","22:00","10.5","185","15.16","68.2","1021.3","-","-"
"2022/02/22","23:00","11.08","185","14.77","66.7","1020.9","-","-"
"2022/02/23","00:00","12.83","189","19.83","66.6","1021.1","-","-"
"2022/02/23","01:00","14","196","18.27","66.6","1021.2","-","-"
"2022/02/23","02:00","15.16","189","20.41","66.4","1021.3","-","-"
"2022/02/23","03:00","10.11","194","16.52","65.1","1021.1","-","-"
"2022/02/23","04:00","11.86","209","16.52","65.5","1020.9","-","-"
"2022/02/23","05:00","9.14","201","16.33","65.5","1020.4","-","-"
"2022/02/23","06:00","11.27","246","14.97","65.5","1021","-","-"
"2022/02/23","07:00","6.61","263","8.36","63","1021.2","-","-"
"2022/02/23","08:00","6.22","207","8.16","62.4","1020.3","-","-"
"2022/02/23","09:00","11.08","214","15.36","63.3","1019.9","-","-"
"2022/02/23","10:00","11.86","210","16.13","62.8","1019.2","-","-"
"2022/02/23","11:00","13.02","216","16.91","62.6","1019.7","-","-"
"2022/02/23","12:00","11.86","230","15.94","63.1","1020.1","-","-"
"2022/02/23","13:00","12.63","245","16.52","63","1021.2","-","-"
"2022/02/23","14:00","11.27","227","15.16","61.2","1021.2","-","-"
"2022/02/23","15:00","9.91","209","15.36","60.3","1020.9","-","-"
"2022/02/23","16:00","17.11","186","20.99","60.3","1019.5","-","-"
"2022/02/23","17:00","9.91","242","15.75","61.7","1020.2","-","-"
"2022/02/23","18:00","10.89","241","14.77","63.7","1019.5","-","-"
"2022/02/23","19:00","8.94","255","13.8","66","1018.3","-","-"
"2022/02/23","20:00","11.47","243","13.8","67.8","1017.6","-","-"
"2022/02/23","21:00","11.27","250","14.38","68","1017.8","-","-"
"2022/02/23","22:00","7.19","246","10.3","68.5","1018","-","-"
"2022/02/23","23:00","4.47","219","5.05","66.7","1018.3","-","-"
"2022/02/24","00:00","4.28","218","5.64","64","1019.3","-","-"
"2022/02/24","01:00","1.56","165","4.86","61.5","1020.1","-","-"
"2022/02/24","02:00","1.94","216","2.53","61","1020.7","-","-"
"2022/02/24","03:00","0.78","345","1.36","57","1021.4","-","-"
"2022/02/24","04:00","13.22","45","16.72","56.5","1022.5","-","-"
"2022/02/24","05:00","14.97","22","22.74","54.5","1023.8","-","-"
"2022/02/24","06:00","9.52","41","13.41","50.5","1024.8","-","-"
"2022/02/24","07:00","11.08","45","14.19","47.5","1024.7","-","-"
"2022/02/24","08:00","11.66","37","15.36","45.5","1025.3","-","-"
"2022/02/24","09:00","10.11","31","13.41","44.4","1025.2","-","-"
"2022/02/24","10:00","14.77","54","17.88","43.7","1025.1","-","-"
"2022/02/24","11:00","9.33","15","13.22","42.8","1026.7","-","-"
"2022/02/24","12:00","14","34","16.33","42.3","1027.1","-","-"
"2022/02/24","13:00","15.16","22","17.69","42.1","1028.7","-","-"
"2022/02/24","14:00","13.61","48","17.3","41.7","1029.2","-","-"
"2022/02/24","15:00","14.77","66","17.49","42.1","1028.4","-","-"
"2022/02/24","16:00","11.86","58","14.77","42.3","1027.9","-","-"
"2022/02/24","17:00","7.97","29","12.05","42.1","1028.4","-","-"
"2022/02/24","18:00","12.25","52","14.19","40.6","1027.6","-","-"
"2022/02/24","19:00","9.14","23","11.27","39.4","1028.1","-","-"
"2022/02/24","20:00","8.36","53","10.5","39.6","1027.3","-","-"
"2022/02/24","21:00","10.3","31","13.8","39.4","1027.2","-","-"
"2022/02/24","22:00","8.36","48","11.27","39.6","1026.6","-","-"
"2022/02/24","23:00","10.3","36","12.05","40.1","1027.4","-","-"
"2022/02/25","00:00","12.25","48","13.8","40.1","1027.5","-","-"
"2022/02/25","01:00","10.89","52","13.41","38.7","1027","-","-"
"2022/02/25","02:00","8.36","37","11.08","37.8","1026.7","-","-"
"2022/02/25","03:00","7.58","25","11.47","38.1","1026.4","-","-"
"2022/02/25","04:00","9.91","9","11.86","37.2","1026","-","-"
"2022/02/25","05:00","7.58","326","9.14","37.4","1026","-","-"
"2022/02/25","06:00","8.55","329","9.72","37.4","1025.2","-","-"
"2022/02/25","07:00","6.03","347","8.16","37.2","1023.9","-","-"
"2022/02/25","08:00","4.86","334","6.8","37","1022.6","-","-"
"2022/02/25","09:00","5.25","279","6.03","37.6","1021.6","-","-"
"2022/02/25","10:00","5.05","216","7","37.4","1020.4","-","-"
"2022/02/25","11:00","4.47","179","7.39","37.9","1018.7","-","-"
"2022/02/25","12:00","3.89","228","6.8","38.7","1018.7","-","-"
"2022/02/25","13:00","7","238","8.94","39","1018.7","-","-"
"2022/02/25","14:00","8.16","237","11.47","41.2","1018.3","-","-"
"2022/02/25","15:00","12.63","230","18.27","44.6","1017.7","-","-"
"2022/02/25","16:00","14.38","276","17.69","45.7","1019.1","-","-"
"2022/02/25","17:00","11.47","248","14.38","47.1","1018.1","-","-"
"2022/02/25","18:00","11.86","250","15.36","50.2","1017.4","-","-"
"2022/02/25","19:00","11.66","235","14.58","52.9","1017","-","-"
"2022/02/25","20:00","10.11","264","15.75","55.9","1017.8","-","-"
"2022/02/25","21:00","7.19","268","11.47","59","1018.2","-","-"
"2022/02/25","22:00","3.3","260","6.61","60.8","1019","-","-"
"2022/02/25","23:00","3.11","62","3.89","57","1020.3","-","-"
"2022/02/26","00:00","4.67","52","6.22","47.7","1021.6","-","-"
"2022/02/26","01:00","3.69","32","4.86","47.3","1023.1","-","-"
"2022/02/26","02:00","5.25","330","7.19","47.3","1024.5","-","-"
"2022/02/26","03:00","8.75","4","11.47","47.7","1025.7","-","-"
"2022/02/26","04:00","7.97","1","9.91","46.4","1026.3","-","-"
"2022/02/26","05:00","9.72","5","11.47","45.1","1026.9","-","-"
"2022/02/26","06:00","12.83","16","16.13","43.3","1027.6","-","-"
"2022/02/26","07:00","14.38","35","16.52","41.4","1027.8","-","-"
"2022/02/26","08:00","13.41","33","17.88","39.9","1028.5","-","-"
"2022/02/26","09:00","10.5","18","13.22","39","1029.1","-","-"
"2022/02/26","10:00","13.41","24","16.72","38.1","1030.3","-","-"
"2022/02/26","11:00","9.33","19","14.38","37.6","1031.1","-","-"
"2022/02/26","12:00","10.3","23","12.63","36.9","1031.9","-","-"
"2022/02/26","13:00","8.36","5","13.22","36.7","1032.8","-","-"
"2022/02/26","14:00","10.5","21","13.02","37.2","1032.4","-","-"
"2022/02/26","15:00","13.61","18","15.36","37.4","1033.2","-","-"
"2022/02/26","16:00","11.27","18","14.38","37","1032.9","-","-"
"2022/02/26","17:00","8.75","355","12.05","37.9","1032.3","-","-"
"2022/02/26","18:00","7.58","12","9.72","38.7","1030.5","-","-"
"2022/02/26","19:00","3.11","31","4.08","40.8","1029.6","-","-"
"2022/02/26","20:00","7.78","91","9.91","38.1","1029.1","-","-"
"2022/02/26","21:00","7.78","90","9.52","38.1","1028.3","-","-"
"2022/02/26","22:00","7.19","120","8.75","37.6","1028.5","-","-"
"2022/02/26","23:00","4.86","136","6.03","37.8","1028.7","-","-"
"2022/02/27","00:00","2.72","152","4.47","37.9","1029","-","-"
"2022/02/27","01:00","5.05","172","6.41","37.8","1028.4","-","-"
"2022/02/27","02:00","4.47","159","5.83","37.9","1027.9","-","-"
"2022/02/27","03:00","5.44","165","6.41","38.1","1027.8","-","-"
"2022/02/27","04:00","5.25","169","7","38.3","1027","-","-"
"2022/02/27","05:00","3.69","189","4.86","38.5","1025.8","-","-"
"2022/02/27","06:00","3.11","215","5.25","38.5","1025.7","-","-"
"2022/02/27","07:00","3.5","221","4.86","38.5","1025.1","-","-"
"2022/02/27","08:00","3.11","187","4.28","38.5","1024.1","-","-"
"2022/02/27","09:00","2.72","233","4.08","38.3","1023.7","-","-"
"2022/02/27","10:00","2.53","221","3.69","38.8","1023.2","-","-"
"2022/02/27","11:00","8.94","221","10.11","39.4","1023.5","-","-"
"2022/02/27","12:00","7.97","219","11.08","40.1","1022.8","-","-"
"2022/02/27","13:00","3.11","248","5.64","40.8","1023.5","-","-"
"2022/02/27","14:00","5.44","239","6.8","41.2","1023.2","-","-"
"2022/02/27","15:00","5.83","233","7.97","41.5","1022.4","-","-"
"2022/02/27","16:00","5.64","220","6.8","42.3","1021.5","-","-"
"2022/02/27","17:00","6.41","265","7.39","43.2","1021.2","-","-"
"2022/02/27","18:00","5.25","256","6.8","43.7","1019.8","-","-"
"2022/02/27","19:00","6.61","240","7.58","44.2","1018.9","-","-"
"2022/02/27","20:00","9.33","227","11.66","45.1","1017.3","-","-"
"2022/02/27","21:00","8.36","225","13.22","46.4","1016.3","-","-"
"2022/02/27","22:00","7","253","12.05","47.1","1016.3","-","-"
"2022/02/27","23:00","5.44","234","7.39","46.2","1016.2","-","-"
"2022/02/28","00:00","4.67","220","6.61","44.4","1016.5","-","-"
"2022/02/28","01:00","5.64","222","7.78","43.9","1016.6","-","-"
"2022/02/28","02:00","7.39","236","10.5","43.2","1017.2","-","-"
"2022/02/28","03:00","8.16","244","10.89","42.4","1017.6","-","-"
"2022/02/28","04:00","6.41","256","7.58","41.7","1017.9","-","-"
"2022/02/28","05:00","5.25","281","6.41","41.2","1018.1","-","-"
"2022/02/28","06:00","6.22","282","7.58","41.2","1018.6","-","-"
"2022/02/28","07:00","4.08","265","5.05","40.3","1018.8","-","-"
"2022/02/28","08:00","3.5","294","5.05","40.3","1018.9","-","-"
"2022/02/28","09:00","5.05","299","6.22","40.1","1019.2","-","-"
"2022/02/28","10:00","5.44","311","7","40.8","1020.4","-","-"
"2022/02/28","11:00","7.39","2","9.33","40.6","1021.4","-","-"
"2022/02/28","12:00","0.78","51","2.72","40.1","1022.2","-","-"
"2022/02/28","13:00","4.86","9","6.03","41.7","1023.5","-","-"
"2022/02/28","14:00","9.52","26","11.47","44.1","1024.1","-","-"
"2022/02/28","15:00","14.58","63","16.13","41.9","1025.2","-","-"
"2022/02/28","16:00","14","70","16.33","41","1025.6","-","-"
"2022/02/28","17:00","9.33","66","12.83","41.7","1025.7","-","-"
"2022/02/28","18:00","9.33","111","10.89","42.3","1025.3","-","-"
"2022/02/28","19:00","9.72","94","11.86","41.5","1024.8","-","-"
"2022/02/28","20:00","10.11","92","13.41","41.9","1024.6","-","-"
"2022/02/28","21:00","10.69","86","12.25","41.9","1024.7","-","-"
"2022/02/28","22:00","11.08","77","12.63","42.4","1024.9","-","-"
"2022/02/28","23:00","10.69","93","13.41","41.5","1024.7","-","-"
"2022/03/01","00:00","10.69","118","12.83","40.6","1024.8","-","-"
"2022/03/01","01:00","9.33","124","12.05","40.1","1024.7","-","-"
"2022/03/01","02:00","9.33","133","11.86","40.3","1024.6","-","-"
"2022/03/01","03:00","8.55","147","10.11","40.3","1024.5","-","-"
"2022/03/01","04:00","6.41","145","8.16","40.6","1024.5","-","-"
"2022/03/01","05:00","3.3","166","4.86","39.7","1024.1","-","-"
"2022/03/01","06:00","0.58","245","1.17","37.2","1024","-","-"
"2022/03/01","07:00","2.53","145","2.92","38.3","1023.4","-","-"
"2022/03/01","08:00","2.33","149","3.69","40.5","1023.1","-","-"
"2022/03/01","09:00","3.3","154","3.69","40.1","1022.9","-","-"
"2022/03/01","10:00","2.14","145","2.53","40.1","1022.7","-","-"
"2022/03/01","11:00","0.58","181","1.36","39.2","1022.8","-","-"
"2022/03/01","12:00","1.75","182","1.94","39.7","1023.2","-","-"
"2022/03/01","13:00","0.19","316","1.17","42.1","1023.1","-","-"
"2022/03/01","14:00","4.47","153","6.03","46.2","1022.7","-","-"
"2022/03/01","15:00","5.64","185","8.55","51.6","1022.4","-","-"
"2022/03/01","16:00","8.16","209","11.27","55.2","1021.4","-","-"
"2022/03/01","17:00","9.33","222","11.66","56.3","1020.3","-","-"
"2022/03/01","18:00","8.75","247","12.25","58.3","1018.7","-","-"
"2022/03/01","19:00","10.11","235","14.58","59.9","1017.5","-","-"
"2022/03/01","20:00","11.66","227","15.94","61","1016.7","-","-"
"2022/03/01","21:00","9.91","221","14.77","62.1","1016.4","-","-"
"2022/03/01","22:00","8.75","225","10.89","62.2","1016.1","-","-"
"2022/03/01","23:00","3.69","220","5.83","60.4","1016.1","-","-"
"2022/03/02","00:00","5.25","216","6.8","57.9","1016.3","-","-"
"2022/03/02","01:00","4.67","198","5.64","56.5","1016.2","-","-"
"2022/03/02","02:00","5.25","212","7","55.6","1016.5","-","-"
"2022/03/02","03:00","6.22","206","8.55","55.6","1016.4","-","-"
"2022/03/02","04:00","7","203","10.5","55","1016","-","-"
"2022/03/02","05:00","9.91","212","14","54.1","1015.9","-","-"
"2022/03/02","06:00","11.27","218","13.61","53.2","1015.7","-","-"
"2022/03/02","07:00","11.27","219","15.55","52.3","1015.4","-","-"
"2022/03/02","08:00","11.66","218","14.38","52","1014.6","-","-"
"2022/03/02","09:00","5.64","225","8.36","51.4","1014.9","-","-"
"2022/03/02","10:00","5.05","256","8.55","50.5","1015.2","-","-"
"2022/03/02","11:00","8.55","315","10.69","49.3","1016.3","-","-"
"2022/03/02","12:00","1.75","319","2.72","47.3","1016.7","-","-"
"2022/03/02","13:00","2.14","279","2.33","49.1","1017.5","-","-"
"2022/03/02","14:00","0.78","205","0.97","51.4","1017.5","-","-"
"2022/03/02","15:00","2.33","54","2.72","52","1017.8","-","-"
"2022/03/02","16:00","5.83","75","6.22","49.8","1017.8","-","-"
"2022/03/02","17:00","7.19","83","7.39","51.6","1017.9","-","-"
"2022/03/02","18:00","10.5","79","10.89","50.5","1017.1","-","-"
"2022/03/02","19:00","9.33","86","9.91","50.2","1016.6","-","-"
"2022/03/02","20:00","9.33","102","11.47","53.6","1016.2","-","-"
"2022/03/02","21:00","9.52","104","11.27","52.9","1015.9","-","-"
"2022/03/02","22:00","10.11","93","10.89","49.1","1015.6","-","-"
"2022/03/02","23:00","8.36","127","10.69","50","1015.7","-","-"
"2022/03/03","00:00","6.8","148","8.75","48.7","1015.8","-","-"
"2022/03/03","01:00","7.97","157","9.52","49.1","1015.8","-","-"
"2022/03/03","02:00","5.64","185","8.94","49.6","1015.5","-","-"
"2022/03/03","03:00","4.67","193","7.19","50","1015.1","-","-"
"2022/03/03","04:00","8.16","209","10.69","50","1014.7","-","-"
"2022/03/03","05:00","11.47","213","14.38","49.5","1014","-","-"
"2022/03/03","06:00","13.02","218","15.16","48.9","1013.7","-","-"
"2022/03/03","07:00","13.22","219","14.97","49.8","1013.4","-","-"
"2022/03/03","08:00","13.02","225","16.13","50.7","1012.8","-","-"
"2022/03/03","09:00","12.44","225","14.58","51.6","1012.5","-","-"
"2022/03/03","10:00","12.63","227","15.55","54.5","1012.7","-","-"
"2022/03/03","11:00","13.61","235","16.33","56.1","1013.3","-","-"
"2022/03/03","12:00","11.66","243","16.33","56.1","1014.1","-","-"
"2022/03/03","13:00","10.89","257","14.97","58.6","1015.1","-","-"
"2022/03/03","14:00","6.61","269","11.27","59.9","1015.4","-","-"
"2022/03/03","15:00","2.53","316","3.11","61","1016.1","-","-"
"2022/03/03","16:00","15.36","76","16.52","51.8","1016.9","-","-"
"2022/03/03","17:00","15.94","54","19.24","53.6","1017.6","-","-"
"2022/03/03","18:00","12.05","99","13.61","50.5","1017.4","-","-"
"2022/03/03","19:00","10.3","71","12.83","51.6","1017","-","-"
"2022/03/03","20:00","12.63","66","15.55","51.4","1017.8","-","-"
"2022/03/03","21:00","10.69","60","11.66","50.7","1018.3","-","-"
"2022/03/03","22:00","11.27","43","12.25","51.6","1019.1","-","-"
"2022/03/03","23:00","9.72","53","10.89","51.1","1020.4","-","-"
"2022/03/04","00:00","11.47","45","14.38","50.4","1022","-","-"
"2022/03/04","01:00","14.38","36","17.11","50.2","1023.5","-","-"
"2022/03/04","02:00","13.02","41","18.08","49.3","1024.8","-","-"
"2022/03/04","03:00","12.44","32","16.72","48.6","1025.6","-","-"
"2022/03/04","04:00","15.16","29","23.33","47.1","1026.9","-","-"
"2022/03/04","05:00","20.22","29","25.08","44.6","1028.3","-","-"
"2022/03/04","06:00","16.52","32","21.97","42.8","1029.2","-","-"
"2022/03/04","07:00","14.38","38","19.44","41.4","1029.8","-","-"
"2022/03/04","08:00","13.22","41","18.66","39.9","1030.3","-","-"
"2022/03/04","09:00","18.08","48","20.99","38.8","1030.8","-","-"
"2022/03/04","10:00","13.41","47","16.13","38.3","1031.5","-","-"
"2022/03/04","11:00","16.13","67","17.88","38.3","1032.6","-","-"
"2022/03/04","12:00","16.91","57","18.47","37.2","1033.4","-","-"
"2022/03/04","13:00","14.97","60","17.69","36.9","1034.6","-","-"
"2022/03/04","14:00","14.38","65","16.13","36.5","1035.5","-","-"
"2022/03/04","15:00","10.11","70","13.41","36.5","1035.5","-","-"
"2022/03/04","16:00","7.39","82","9.14","36.7","1035.5","-","-"
"2022/03/04","17:00","8.36","71","9.91","37.4","1034.9","-","-"
"2022/03/04","18:00","6.8","79","8.94","38.3","1033.8","-","-"
"2022/03/04","19:00","6.8","84","8.55","39","1032.6","-","-"
"2022/03/04","20:00","9.72","85","11.47","39.9","1031.7","-","-"
"2022/03/04","21:00","9.14","90","10.69","40.6","1031.3","-","-"
"2022/03/04","22:00","7","142","8.36","42.4","1031.2","-","-"
"2022/03/04","23:00","6.61","113","7.97","41","1031.2","-","-"
"2022/03/05","00:00","5.25","149","7","40.6","1031.7","-","-"
"2022/03/05","01:00","6.03","145","7.58","40.3","1031.9","-","-"
"2022/03/05","02:00","6.8","151","7.78","39.9","1031.9","-","-"
"2022/03/05","03:00","5.64","143","8.16","40.3","1031.9","-","-"
"2022/03/05","04:00","5.44","147","6.8","40.8","1031.8","-","-"
"2022/03/05","05:00","4.47","143","6.03","41.2","1031.6","-","-"
"2022/03/05","06:00","3.89","158","5.05","41.5","1031.4","-","-"
"2022/03/05","07:00","4.08","157","4.86","41.7","1031","-","-"
"2022/03/05","08:00","2.92","146","3.89","41.7","1030.4","-","-"
"2022/03/05","09:00","0.78","174","1.56","42.4","1031","-","-"
"2022/03/05","10:00","5.83","125","7.58","44.2","1030.8","-","-"
"2022/03/05","11:00","5.25","142","7","45","1031.2","-","-"
"2022/03/05","12:00","5.25","119","7.39","45.1","1031.3","-","-"
"2022/03/05","13:00","6.41","128","8.55","46.4","1031.8","-","-"
"2022/03/05","14:00","11.27","114","12.83","48.4","1032.4","-","-"
"2022/03/05","15:00","10.5","132","13.61","49.3","1032.6","-","-"
"2022/03/05","16:00","11.08","90","12.63","48.7","1032.2","-","-"
"2022/03/05","17:00","10.69","122","15.75","51.3","1031.5","-","-"
"2022/03/05","18:00","10.69","122","12.44","52.9","1030.3","-","-"
"2022/03/05","19:00","11.08","87","11.66","50.9","1029.9","-","-"
"2022/03/05","20:00","8.36","96","9.52","54.1","1028.5","-","-"
"2022/03/05","21:00","11.86","92","13.02","52.2","1028.1","-","-"
"2022/03/05","22:00","7.97","104","8.94","52.9","1027.9","-","-"
"2022/03/05","23:00","4.47","120","5.44","54.1","1027.4","-","-"
"2022/03/06","00:00","6.8","156","7.39","53.4","1027","-","-"
"2022/03/06","01:00","7.39","175","8.94","56.1","1026.6","-","-"
"2022/03/06","02:00","4.28","182","6.03","57.2","1026","-","-"
"2022/03/06","03:00","6.8","192","11.27","58.3","1025.7","-","-"
"2022/03/06","04:00","5.83","200","9.72","58.3","1025.4","-","-"
"2022/03/06","05:00","12.05","203","18.27","62.1","1024.7","-","-"
"2022/03/06","06:00","12.05","215","15.94","62.8","1024.7","-","-"
"2022/03/06","07:00","13.02","211","18.47","65.1","1024.4","-","-"
"2022/03/06","08:00","11.08","218","18.27","64","1024.2","-","-"
"2022/03/06","09:00","10.89","219","15.75","63.1","1024.7","-","-"
"2022/03/06","10:00","7.39","211","9.52","62.8","1025","-","-"
"2022/03/06","11:00","9.33","210","11.66","63","1024.7","-","-"
"2022/03/06","12:00","11.08","209","15.55","63.3","1024.3","-","-"
"2022/03/06","13:00","14.19","215","22.35","64.2","1023.9","-","-"
"2022/03/06","14:00","17.69","219","21.19","66.2","1023.9","-","-"
"2022/03/06","15:00","16.33","228","22.16","68.9","1023.2","-","-"
"2022/03/06","16:00","17.49","218","28.77","70.9","1022.7","-","-"
"2022/03/06","17:00","14.58","236","27.8","72.5","1022.1","-","-"
"2022/03/06","18:00","18.27","233","27.21","73.8","1020.8","-","-"
"2022/03/06","19:00","11.86","225","23.13","74.1","1020","-","-"
"2022/03/06","20:00","15.16","236","20.41","76.1","1019.4","-","-"
"2022/03/06","21:00","10.89","236","16.91","76.1","1019.3","-","-"
"2022/03/06","22:00","9.72","221","15.16","75.7","1019.1","-","-"
"2022/03/06","23:00","8.94","225","15.55","75","1019.2","-","-"
"2022/03/07","00:00","9.14","208","13.8","74.1","1019.2","-","-"
"2022/03/07","01:00","5.83","210","8.75","72.7","1019.5","-","-"
"2022/03/07","02:00","7.19","215","11.27","72","1019.6","-","-"
"2022/03/07","03:00","7.58","202","12.63","70.5","1019.7","-","-"
"2022/03/07","04:00","9.91","208","13.8","68.9","1019.7","-","-"
"2022/03/07","05:00","11.86","216","14","67.5","1019.4","-","-"
"2022/03/07","06:00","10.69","216","14.38","66.4","1018.9","-","-"
"2022/03/07","07:00","14","218","18.86","66","1018.4","-","-"
"2022/03/07","08:00","11.66","226","16.13","65.1","1017.5","-","-"
"2022/03/07","09:00","12.63","218","18.66","65.3","1016.9","-","-"
"2022/03/07","10:00","13.02","214","18.08","65.3","1016.6","-","-"
"2022/03/07","11:00","10.89","212","18.86","64.9","1015.9","-","-"
"2022/03/07","12:00","11.86","226","20.41","65.3","1016.2","-","-"
"2022/03/07","13:00","14.38","215","21.97","66.9","1016","-","-"
"2022/03/07","14:00","17.88","214","24.88","69.4","1015.4","-","-"
"2022/03/07","15:00","20.6","223","30.71","70.9","1014.9","-","-"
"2022/03/07","16:00","18.47","231","22.35","72.5","1013.8","-","-"
"2022/03/07","17:00","24.49","230","32.46","75","1012.5","-","-"
"2022/03/07","18:00","20.6","231","29.55","76.5","1010.7","-","-"
"2022/03/07","19:00","20.02","232","25.66","78.1","1009.6","-","-"
"2022/03/07","20:00","20.02","226","30.32","78.8","1008.7","-","-"
"2022/03/07","21:00","19.24","219","27.8","78.4","1008","-","-"
"2022/03/07","22:00","14","222","20.6","77.5","1008","-","-"
"2022/03/07","23:00","9.14","210","14","76.3","1007.7","-","-"
"2022/03/08","00:00","14.97","215","21.19","76.5","1007.7","-","-"
"2022/03/08","01:00","14.19","214","20.8","75.9","1007.5","-","-"
"2022/03/08","02:00","12.44","224","16.52","75.6","1007.5","-","-"
"2022/03/08","03:00","12.05","235","19.63","65.8","1009.4","-","-"
"2022/03/08","04:00","13.02","232","15.94","63.3","1009.7","-","-"
"2022/03/08","05:00","11.27","243","17.49","62.8","1010.6","-","-"
"2022/03/08","06:00","14","250","16.52","62.8","1011.8","-","-"
"2022/03/08","07:00","11.27","264","13.61","62.2","1012.2","-","-"
"2022/03/08","08:00","10.69","300","14.19","61","1012.9","-","-"
"2022/03/08","09:00","12.44","3","14.38","54.5","1014.8","-","-"
"2022/03/08","10:00","8.94","350","12.05","52.3","1016.4","-","-"
"2022/03/08","11:00","10.69","354","13.61","50.2","1017.8","-","-"
"2022/03/08","12:00","8.55","358","11.08","48.7","1018.7","-","-"
"2022/03/08","13:00","15.36","351","17.88","48.4","1020.7","-","-"
"2022/03/08","14:00","10.5","351","15.75","48.2","1021.4","-","-"
"2022/03/08","15:00","13.02","13","16.72","48.9","1021.8","-","-"
"2022/03/08","16:00","11.86","336","16.33","49.8","1021.6","-","-"
"2022/03/08","17:00","11.66","335","13.22","50.7","1021.6","-","-"
"2022/03/08","18:00","7.78","305","9.33","51.1","1021.3","-","-"
"2022/03/08","19:00","18.08","77","20.8","47.5","1021.4","-","-"
"2022/03/08","20:00","15.16","80","17.3","47.5","1021","-","-"
"2022/03/08","21:00","13.41","91","16.13","47.8","1020.9","-","-"
"2022/03/08","22:00","12.05","75","13.8","47.8","1020.6","-","-"
"2022/03/08","23:00","10.69","71","12.25","48.9","1020.9","-","-"
"2022/03/09","00:00","12.05","66","13.8","49.1","1021.1","-","-"
"2022/03/09","01:00","8.36","122","12.05","47.8","1021","-","-"
"2022/03/09","02:00","7.19","137","9.91","48","1021.3","-","-"
"2022/03/09","03:00","8.16","150","10.89","48","1021.9","-","-"
"2022/03/09","04:00","6.22","142","9.14","48","1021.5","-","-"
"2022/03/09","05:00","6.41","121","8.36","46.8","1020.9","-","-"
"2022/03/09","06:00","12.83","88","14.58","46.8","1019.5","-","-"
"2022/03/09","07:00","14.97","81","16.52","46","1018.1","-","-"
"2022/03/09","08:00","16.52","92","19.83","46","1016.6","-","-"
"2022/03/09","09:00","16.72","67","19.05","45.3","1015.7","-","-"
"2022/03/09","10:00","19.24","65","22.55","44.4","1014.4","-","-"
"2022/03/09","11:00","11.47","14","15.94","44.1","1015.2","-","-"
"2022/03/09","12:00","5.83","13","13.02","44.6","1014.6","-","-"
"2022/03/09","13:00","16.72","73","19.24","45.9","1012.7","-","-"
"2022/03/09","14:00","7.58","323","8.16","46.2","1013.5","-","-"
"2022/03/09","15:00","4.08","59","5.25","46.6","1011.5","-","-"
"2022/03/09","16:00","3.5","64","5.05","47.1","1010.1","-","-"
"2022/03/09","17:00","0.78","45","2.53","47.7","1009.5","-","-"
"2022/03/09","18:00","5.05","331","6.61","47.5","1008.7","-","-"
"2022/03/09","19:00","10.69","314","11.66","47.7","1008.3","-","-"
"2022/03/09","20:00","7.78","312","8.94","48.4","1009","-","-"
"2022/03/09","21:00","13.8","314","14.97","47.8","1010.3","-","-"
"2022/03/09","22:00","12.44","324","14.77","48.2","1010.8","-","-"
"2022/03/09","23:00","18.27","335","21.19","47.3","1012.6","-","-"
"2022/03/10","00:00","12.25","330","14.58","46.9","1014","-","-"
"2022/03/10","01:00","11.08","341","12.83","46","1015.2","-","-"
"2022/03/10","02:00","9.91","351","12.25","45.1","1016.5","-","-"
"2022/03/10","03:00","7.97","342","8.75","45","1017.1","-","-"
"2022/03/10","04:00","9.72","348","11.66","44.4","1017.2","-","-"
"2022/03/10","05:00","8.16","2","10.5","44.4","1017.5","-","-"
"2022/03/10","06:00","11.86","359","14.38","44.1","1018.5","-","-"
"2022/03/10","07:00","13.22","1","15.55","43.3","1018.7","-","-"
"2022/03/10","08:00","9.52","6","12.44","42.6","1018.3","-","-"
"2022/03/10","09:00","10.5","20","15.75","42.6","1019.2","-","-"
"2022/03/10","10:00","11.47","33","14.38","43","1020.1","-","-"
"2022/03/10","11:00","12.44","25","16.33","43","1020.6","-","-"
"2022/03/10","12:00","15.16","25","18.47","42.8","1020.6","-","-"
"2022/03/10","13:00","8.16","31","10.69","43","1022","-","-"
"2022/03/10","14:00","8.94","27","10.69","42.8","1022.1","-","-"
"2022/03/10","15:00","10.11","26","12.63","42.6","1022.5","-","-"
"2022/03/10","16:00","13.41","52","15.94","43.3","1021.9","-","-"
"2022/03/10","17:00","9.33","39","11.66","43","1021.4","-","-"
"2022/03/10","18:00","7.78","28","10.69","43.7","1020.6","-","-"
"2022/03/10","19:00","9.14","44","11.08","43.9","1019.8","-","-"
"2022/03/10","20:00","7","43","8.36","44.6","1019.2","-","-"
"2022/03/10","21:00","7.39","34","9.52","44.6","1019.3","-","-"
"2022/03/10","22:00","6.22","13","8.55","44.2","1019.5","-","-"
"2022/03/10","23:00","3.69","20","4.47","44.6","1019.4","-","-"
"2022/03/11","00:00","3.89","43","6.03","44.8","1019.3","-","-"
"2022/03/11","01:00","5.83","331","6.41","44.6","1020","-","-"
"2022/03/11","02:00","6.8","5","7.39","44.2","1020.4","-","-"
"2022/03/11","03:00","4.86","54","6.22","44.2","1020.2","-","-"
"2022/03/11","04:00","1.94","43","2.33","45","1020.3","-","-"
"2022/03/11","05:00","5.44","329","6.22","44.4","1020.4","-","-"
"2022/03/11","06:00","3.69","12","4.67","43.7","1020.3","-","-"
"2022/03/11","07:00","0.58","146","2.33","43.5","1019.7","-","-"
"2022/03/11","08:00","3.11","288","4.28","43","1019.7","-","-"
"2022/03/11","09:00","2.53","270","3.3","42.3","1019.5","-","-"
"2022/03/11","10:00","1.36","249","1.75","40.8","1020","-","-"
"2022/03/11","11:00","1.36","255","2.33","39.9","1019.9","-","-"
"2022/03/11","12:00","1.75","210","2.33","40.3","1019.9","-","-"
"2022/03/11","13:00","2.33","202","2.92","44.4","1020.3","-","-"
"2022/03/11","14:00","2.33","45","3.11","46.6","1019.9","-","-"
"2022/03/11","15:00","3.89","68","4.47","46.8","1020","-","-"
"2022/03/11","16:00","7.97","68","9.14","46.9","1019.6","-","-"
"2022/03/11","17:00","10.3","89","11.27","47.5","1019.1","-","-"
"2022/03/11","18:00","9.33","94","10.11","49.3","1017.5","-","-"
"2022/03/11","19:00","9.72","91","10.5","50.2","1016.2","-","-"
"2022/03/11","20:00","12.44","94","14.19","50","1014.6","-","-"
"2022/03/11","21:00","11.27","120","14.77","52.3","1013.9","-","-"
"2022/03/11","22:00","9.91","126","12.83","52.2","1013.6","-","-"
"2022/03/11","23:00","7.78","124","9.91","50","1013.2","-","-"
"2022/03/12","00:00","4.86","172","5.83","48.9","1012.3","-","-"
"2022/03/12","01:00","1.94","196","2.92","49.1","1012","-","-"
"2022/03/12","02:00","2.33","183","3.89","49.3","1011","-","-"
"2022/03/12","03:00","2.33","122","4.67","50","1010.1","-","-"
"2022/03/12","04:00","3.89","183","4.86","51.6","1008.8","-","-"
"2022/03/12","05:00","5.25","195","6.41","51.4","1007.3","-","-"
"2022/03/12","06:00","6.8","180","10.3","51.6","1005.7","-","-"
"2022/03/12","07:00","2.53","141","4.08","51.8","1003.3","-","-"
"2022/03/12","08:00","3.11","158","4.28","51.8","1001.3","-","-"
"2022/03/12","09:00","4.08","149","4.67","52","998.3","-","-"
"2022/03/12","10:00","5.83","177","7.78","53.4","997.7","-","-"
"2022/03/12","11:00","4.86","169","6.61","55.2","994.9","-","-"
"2022/03/12","12:00","9.14","170","13.61","57.7","992.5","-","-"
"2022/03/12","13:00","10.69","243","14","61.3","992.1","-","-"
"2022/03/12","14:00","23.71","349","27.21","45.9","994.2","-","-"
"2022/03/12","15:00","29.55","325","33.43","41.4","995.8","-","-"
"2022/03/12","16:00","23.33","337","33.82","37.9","995.6","-","-"
"2022/03/12","17:00","25.08","325","29.35","38.1","998","-","-"
"2022/03/12","18:00","27.99","333","34.99","36","998.7","-","-"
"2022/03/12","19:00","29.16","323","36.16","35.2","999.9","-","-"
"2022/03/12","20:00","34.21","319","39.07","34.7","1002.5","-","-"
"2022/03/12","21:00","22.35","331","31.1","33.4","1004.2","-","-"
"2022/03/12","22:00","26.82","334","37.13","32.9","1006.3","-","-"
"2022/03/12","23:00","27.41","318","34.79","33.1","1008.4","-","-"
"2022/03/13","00:00","21.38","297","27.41","32.9","1010.8","-","-"
"2022/03/13","01:00","24.69","304","32.66","33.4","1013","-","-"
"2022/03/13","02:00","28.19","297","35.57","31.8","1015.3","-","-"
"2022/03/13","03:00","20.8","289","25.85","30.4","1017.2","-","-"
"2022/03/13","04:00","21.97","297","27.41","30.4","1019.2","-","-"
"2022/03/13","05:00","13.8","289","18.66","28.9","1020.9","-","-"
"2022/03/13","06:00","12.83","288","19.24","28.4","1021.7","-","-"
"2022/03/13","07:00","10.69","272","14.77","27.9","1022.2","-","-"
"2022/03/13","08:00","11.47","280","13.61","27.5","1022.8","-","-"
"2022/03/13","09:00","10.5","278","14","26.8","1023.9","-","-"
"2022/03/13","10:00","10.11","273","12.05","26.4","1025.3","-","-"
"2022/03/13","11:00","9.52","268","11.47","26.4","1026.5","-","-"
"2022/03/13","12:00","8.55","260","11.08","26.8","1028","-","-"
"2022/03/13","13:00","7.19","268","10.89","28.6","1029.1","-","-"
"2022/03/13","14:00","10.69","295","15.75","29.5","1029.2","-","-"
"2022/03/13","15:00","6.41","302","11.27","31.6","1029.3","-","-"
"2022/03/13","16:00","9.33","254","12.05","33.3","1028.8","-","-"
"2022/03/13","17:00","10.11","231","14.19","34.9","1028.4","-","-"
"2022/03/13","18:00","9.72","223","16.33","37.2","1027.3","-","-"
"2022/03/13","19:00","5.83","198","16.33","39.4","1026.2","-","-"
"2022/03/13","20:00","14","218","18.86","40.8","1025.1","-","-"
"2022/03/13","21:00","12.44","199","16.52","42.8","1024.8","-","-"
"2022/03/13","22:00","15.36","219","18.86","43.9","1024.3","-","-"
"2022/03/13","23:00","9.72","210","14.58","43.7","1024.7","-","-"
"2022/03/14","00:00","9.52","207","13.8","43.3","1025.3","-","-"
"2022/03/14","01:00","8.75","207","16.33","43","1025.7","-","-"
"2022/03/14","02:00","11.08","214","17.69","43.3","1026.4","-","-"
"2022/03/14","03:00","12.44","221","17.11","43.2","1027","-","-"
"2022/03/14","04:00","11.47","224","18.86","43.2","1027.5","-","-"
"2022/03/14","05:00","12.83","232","16.72","44.1","1027.9","-","-"
"2022/03/14","06:00","11.27","230","21.19","44.4","1027.7","-","-"
"2022/03/14","07:00","15.75","241","18.66","43.7","1027.4","-","-"
"2022/03/14","08:00","12.63","243","16.52","42.4","1027.7","-","-"
"2022/03/14","09:00","4.47","270","7","41.4","1028.4","-","-"
"2022/03/14","10:00","3.89","243","6.03","39.7","1029.1","-","-"
"2022/03/14","11:00","3.3","212","5.05","39.4","1029.7","-","-"
"2022/03/14","12:00","7.58","211","9.33","38.3","1031.1","-","-"
"2022/03/14","13:00","5.25","226","8.36","41","1031.8","-","-"
"2022/03/14","14:00","0.97","275","1.75","45.9","1032.4","-","-"
"2022/03/14","15:00","2.33","41","3.5","47.1","1032.9","-","-"
"2022/03/14","16:00","4.67","67","5.25","49.1","1032.9","-","-"
"2022/03/14","17:00","8.16","127","9.52","53.4","1032.2","-","-"
"2022/03/14","18:00","10.11","115","11.47","53.6","1031.5","-","-"
"2022/03/14","19:00","10.5","103","12.83","52.7","1030.5","-","-"
"2022/03/14","20:00","10.69","100","12.63","52","1030","-","-"
"2022/03/14","21:00","10.69","93","11.66","51.6","1029.6","-","-"
"2022/03/14","22:00","8.55","132","11.66","53.4","1029.4","-","-"
"2022/03/14","23:00","7.58","96","8.94","48.9","1029.6","-","-"
"2022/03/15","00:00","1.94","101","3.3","48","1029.7","-","-"
"2022/03/15","01:00","1.94","150","2.53","46.9","1030.1","-","-"
"2022/03/15","02:00","1.94","118","2.72","46.2","1030.4","-","-"
"2022/03/15","03:00","3.69","147","4.08","45.1","1030.2","-","-"
"2022/03/15","04:00","5.25","189","7.78","46.9","1029.8","-","-"
"2022/03/15","05:00","5.83","205","7.97","47.3","1029.3","-","-"
"2022/03/15","06:00","5.83","211","7.19","47.5","1028.9","-","-"
"2022/03/15","07:00","6.61","216","9.72","47.7","1028.4","-","-"
"2022/03/15","08:00","11.08","223","13.8","48.6","1027.3","-","-"
"2022/03/15","09:00","9.33","223","12.63","47.7","1027","-","-"
"2022/03/15","10:00","8.75","232","11.66","48","1027","-","-"
"2022/03/15","11:00","6.61","232","8.94","46.8","1027.3","-","-"
"2022/03/15","12:00","5.44","238","8.16","46.9","1027.4","-","-"
"2022/03/15","13:00","6.61","246","9.72","50","1027.2","-","-"
"2022/03/15","14:00","9.52","235","11.47","54","1027.2","-","-"
"2022/03/15","15:00","9.52","239","12.25","58.5","1027","-","-"
"2022/03/15","16:00","8.94","212","11.27","61.5","1026.1","-","-"
"2022/03/15","17:00","10.89","209","13.02","63.9","1025","-","-"
"2022/03/15","18:00","9.52","241","14.97","65.3","1024","-","-"
"2022/03/15","19:00","13.22","251","16.72","66.4","1022.4","-","-"
"2022/03/15","20:00","9.72","197","14.19","66.6","1021.6","-","-"
"2022/03/15","21:00","10.3","221","15.94","67.5","1022","-","-"
"2022/03/15","22:00","8.94","212","13.22","66.9","1021.9","-","-"
"2022/03/15","23:00","5.64","198","6.8","64.6","1022.2","-","-"
"2022/03/16","00:00","6.03","196","6.8","62.6","1022","-","-"
"2022/03/16","01:00","4.86","196","6.61","61.9","1022.2","-","-"
"2022/03/16","02:00","5.64","215","7.97","60.4","1022.4","-","-"
"2022/03/16","03:00","5.25","201","7.58","59.9","1022.6","-","-"
"2022/03/16","04:00","5.05","203","7.58","59","1022.9","-","-"
"2022/03/16","05:00","4.86","218","6.8","57.4","1022.4","-","-"
"2022/03/16","06:00","6.61","210","8.36","56.5","1022.1","-","-"
"2022/03/16","07:00","5.83","222","7.58","55.4","1021.9","-","-"
"2022/03/16","08:00","6.22","226","8.55","54.1","1021.3","-","-"
"2022/03/16","09:00","0.78","190","1.94","52.5","1021.3","-","-"
"2022/03/16","10:00","1.75","188","2.33","52.5","1021.7","-","-"
"2022/03/16","11:00","1.36","210","2.14","50.5","1022.1","-","-"
"2022/03/16","12:00","0.39","111","1.36","48.6","1022.3","-","-"
"2022/03/16","13:00","1.17","37","1.56","49.6","1022.5","-","-"
"2022/03/16","14:00","2.53","61","3.11","51.8","1023","-","-"
"2022/03/16","15:00","4.08","97","4.86","52.3","1023.1","-","-"
"2022/03/16","16:00","6.22","84","6.61","52.7","1023.1","-","-"
"2022/03/16","17:00","4.28","97","5.25","53.8","1022.7","-","-"
"2022/03/16","18:00","10.69","70","11.08","55","1021.8","-","-"
"2022/03/16","19:00","11.08","72","11.47","54.5","1021","-","-"
"2022/03/16","20:00","11.08","117","12.63","60.4","1020.3","-","-"
"2022/03/16","21:00","8.94","135","10.89","60.4","1019.8","-","-"
"2022/03/16","22:00","9.91","133","11.86","61.7","1019.3","-","-"
"2022/03/16","23:00","8.94","138","11.86","60.1","1019.3","-","-"
"2022/03/17","00:00","7.19","142","9.91","59.4","1019.4","-","-"
"2022/03/17","01:00","8.55","66","9.91","52","1019.3","-","-"
"2022/03/17","02:00","5.44","68","6.61","52.3","1018.9","-","-"
"2022/03/17","03:00","5.83","67","6.03","51.6","1018.5","-","-"
"2022/03/17","04:00","6.61","67","7","52","1017.6","-","-"
"2022/03/17","05:00","3.11","83","6.41","52.5","1016.8","-","-"
"2022/03/17","06:00","3.11","76","4.08","52.9","1015.9","-","-"
"2022/03/17","07:00","1.36","69","5.83","52.9","1014.7","-","-"
"2022/03/17","08:00","4.67","56","5.05","52","1013.7","-","-"
"2022/03/17","09:00","5.83","58","6.61","53.1","1012.9","-","-"
"2022/03/17","10:00","7","59","7.97","55","1012.5","-","-"
"2022/03/17","11:00","3.11","44","6.03","54.5","1011.7","-","-"
"2022/03/17","12:00","8.75","48","10.11","55","1011.2","-","-"
"2022/03/17","13:00","8.36","23","11.27","55.8","1010","-","-"
"2022/03/17","14:00","6.8","25","8.55","55.4","1010.8","-","-"
"2022/03/17","15:00","11.86","40","13.41","57","1009.7","-","-"
"2022/03/17","16:00","0.39","98","2.33","58.3","1010","-","-"
"2022/03/17","17:00","8.36","16","9.91","58.8","1009.5","-","-"
"2022/03/17","18:00","9.14","11","9.91","59.7","1008.8","-","-"
"2022/03/17","19:00","18.47","312","20.8","56.1","1008.1","-","-"
"2022/03/17","20:00","18.47","315","21.19","55.6","1008.5","-","-"
"2022/03/17","21:00","13.61","305","16.72","55.8","1009.1","-","-"
"2022/03/17","22:00","13.02","295","16.33","58.5","1010","-","-"
"2022/03/17","23:00","12.63","296","14.77","57.4","1011.3","-","-"
"2022/03/18","00:00","13.8","314","14.97","55.6","1012.4","-","-"
"2022/03/18","01:00","12.05","316","13.61","55.6","1013.5","-","-"
"2022/03/18","02:00","11.47","319","15.36","55.6","1014.3","-","-"
"2022/03/18","03:00","7.19","296","7.78","55.9","1014.8","-","-"
"2022/03/18","04:00","7.39","308","8.36","55.6","1015","-","-"
"2022/03/18","05:00","5.25","278","6.22","57.4","1015.4","-","-"
"2022/03/18","06:00","5.25","262","7.39","57.7","1015.7","-","-"
"2022/03/18","07:00","1.94","221","2.72","56.3","1015.8","-","-"
"2022/03/18","08:00","5.25","228","6.8","54.7","1016","-","-"
"2022/03/18","09:00","0","130","1.36","52.9","1016.3","-","-"
"2022/03/18","10:00","0.58","328","0.97","51.6","1016.7","-","-"
"2022/03/18","11:00","2.14","201","3.3","51.4","1017.3","-","-"
"2022/03/18","12:00","2.14","181","3.5","52","1017.6","-","-"
"2022/03/18","13:00","0.97","49","1.17","52.5","1018.5","-","-"
"2022/03/18","14:00","1.75","74","2.53","51.6","1018.6","-","-"
"2022/03/18","15:00","5.25","78","5.64","53.2","1018.5","-","-"
"2022/03/18","16:00","9.52","71","9.91","53.1","1018.4","-","-"
"2022/03/18","17:00","11.08","74","11.47","56.7","1017.6","-","-"
"2022/03/18","18:00","5.05","70","6.61","57.9","1017","-","-"
"2022/03/18","19:00","11.66","108","12.83","63","1016","-","-"
"2022/03/18","20:00","13.8","133","16.52","65.3","1015.6","-","-"
"2022/03/18","21:00","8.94","138","11.47","61.9","1015.3","-","-"
"2022/03/18","22:00","5.83","129","7","61.7","1015.7","-","-"
"2022/03/18","23:00","6.41","139","7.58","59.9","1015.5","-","-"
"2022/03/19","00:00","7.58","146","8.94","61.2","1014.9","-","-"
"2022/03/19","01:00","10.5","152","14.38","63.3","1014","-","-"
"2022/03/19","02:00","18.27","161","27.41","64","1010.2","-","-"
"2022/03/19","03:00","7.78","189","12.63","64.8","1013.3","-","-"
"2022/03/19","04:00","6.03","175","7.97","63.5","1013.4","-","-"
"2022/03/19","05:00","5.44","183","8.55","63.5","1013.3","-","-"
"2022/03/19","06:00","7.78","173","9.72","63.3","1013","-","-"
"2022/03/19","07:00","7.39","178","10.3","62.6","1012.4","-","-"
"2022/03/19","08:00","6.41","191","9.91","63.1","1011.8","-","-"
"2022/03/19","09:00","9.52","199","14.77","63.5","1011.6","-","-"
"2022/03/19","10:00","13.61","211","18.47","63.9","1011.6","-","-"
"2022/03/19","11:00","7.39","221","11.47","63","1011.5","-","-"
"2022/03/19","12:00","8.75","218","14.19","63","1012.1","-","-"
"2022/03/19","13:00","8.75","226","15.16","64.4","1012.7","-","-"
"2022/03/19","14:00","17.3","212","21.38","66.6","1012.2","-","-"
"2022/03/19","15:00","16.33","232","22.94","68.9","1012","-","-"
"2022/03/19","16:00","20.02","231","27.02","69.4","1011.4","-","-"
"2022/03/19","17:00","16.33","228","20.8","71.8","1010.4","-","-"
"2022/03/19","18:00","20.02","229","29.74","76.3","1009.3","-","-"
"2022/03/19","19:00","17.3","237","28.57","76.8","1008.4","-","-"
"2022/03/19","20:00","20.02","228","27.99","77","1008","-","-"
"2022/03/19","21:00","18.08","210","23.91","76.8","1007.5","-","-"
"2022/03/19","22:00","12.25","214","17.11","75.9","1007.3","-","-"
"2022/03/19","23:00","12.44","222","17.11","75.7","1007","-","-"
"2022/03/20","00:00","12.44","208","17.69","74.7","1007.1","-","-"
"2022/03/20","01:00","13.61","215","18.86","73.8","1007.4","-","-"
"2022/03/20","02:00","10.3","211","14","73","1007.5","-","-"
"2022/03/20","03:00","11.27","215","15.16","72.1","1007.6","-","-"
"2022/03/20","04:00","12.83","227","17.49","72.1","1007.8","-","-"
"2022/03/20","05:00","13.61","230","19.63","72","1007.6","-","-"
"2022/03/20","06:00","14","242","19.83","71.1","1008.6","-","-"
"2022/03/20","07:00","10.3","258","16.52","68.7","1009.1","-","-"
"2022/03/20","08:00","14.38","270","17.69","66.7","1009.1","-","-"
"2022/03/20","09:00","10.89","304","12.44","57.9","1009.9","-","-"
"2022/03/20","10:00","6.41","300","7.58","60.6","1010.6","-","-"
"2022/03/20","11:00","7.97","273","10.69","60.3","1011.6","-","-"
"2022/03/20","12:00","7.39","267","9.52","58.3","1012.9","-","-"
"2022/03/20","13:00","9.72","292","11.08","58.5","1013","-","-"
"2022/03/20","14:00","10.69","306","12.63","57.6","1013.2","-","-"
"2022/03/20","15:00","11.08","317","13.8","57.7","1013","-","-"
"2022/03/20","16:00","8.16","295","11.47","58.6","1013","-","-"
"2022/03/20","17:00","10.5","287","16.33","60.8","1012.7","-","-"
"2022/03/20","18:00","12.25","318","19.24","60.4","1012.2","-","-"
"2022/03/20","19:00","14","307","19.05","60.8","1012.1","-","-"
"2022/03/20","20:00","16.52","292","22.35","61.3","1012.2","-","-"
"2022/03/20","21:00","13.41","293","20.99","61.2","1012.6","-","-"
"2022/03/20","22:00","15.16","310","18.47","59.7","1013.4","-","-"
"2022/03/20","23:00","21.38","323","25.46","59","1014.8","-","-"
"2022/03/21","00:00","21.19","292","25.08","58.6","1015.6","-","-"
"2022/03/21","01:00","18.47","299","21.97","57","1016.9","-","-"
"2022/03/21","02:00","23.33","315","27.6","55","1018.4","-","-"
"2022/03/21","03:00","14.38","295","17.11","54.1","1018.7","-","-"
"2022/03/21","04:00","15.55","299","19.05","53.4","1019.2","-","-"
"2022/03/21","05:00","15.75","306","19.05","53.4","1019.6","-","-"
"2022/03/21","06:00","14.19","316","17.11","52.9","1020.1","-","-"
"2022/03/21","07:00","17.11","321","20.41","52.9","1020.8","-","-"
"2022/03/21","08:00","10.69","292","14","51.6","1021.3","-","-"
"2022/03/21","09:00","8.36","286","10.5","50.2","1022.3","-","-"
"2022/03/21","10:00","7.39","273","8.75","48.6","1022.9","-","-"
"2022/03/21","11:00","6.03","276","7","47.8","1023.7","-","-"
"2022/03/21","12:00","7.78","266","8.75","48.2","1024.6","-","-"
"2022/03/21","13:00","7.78","275","9.33","50.4","1025.5","-","-"
"2022/03/21","14:00","8.16","312","9.52","54","1025.8","-","-"
"2022/03/21","15:00","10.3","303","11.66","55.4","1026","-","-"
"2022/03/21","16:00","10.69","308","12.05","56.3","1025.4","-","-"
"2022/03/21","17:00","6.61","310","7.97","57","1024.3","-","-"
"2022/03/21","18:00","4.28","317","6.8","59.9","1023.2","-","-"
"2022/03/21","19:00","4.08","273","6.41","62.6","1022.2","-","-"
"2022/03/21","20:00","11.86","252","16.72","64","1021.3","-","-"
"2022/03/21","21:00","10.3","263","15.36","65.8","1020.6","-","-"
"2022/03/21","22:00","7.19","265","10.11","66.6","1020.7","-","-"
"2022/03/21","23:00","4.86","231","6.41","65.8","1020.5","-","-"
"2022/03/22","00:00","3.89","203","6.22","62.8","1020.4","-","-"
"2022/03/22","01:00","6.41","210","7.97","61.2","1020.7","-","-"
"2022/03/22","02:00","7.78","225","9.72","61.5","1020.9","-","-"
"2022/03/22","03:00","8.75","219","11.66","60.3","1021","-","-"
"2022/03/22","04:00","11.86","218","14.97","59.5","1020.6","-","-"
"2022/03/22","05:00","11.27","222","15.55","58.3","1020.4","-","-"
"2022/03/22","06:00","11.08","226","13.41","57.7","1020.7","-","-"
"2022/03/22","07:00","10.89","227","15.36","57.4","1020.8","-","-"
"2022/03/22","08:00","7.78","230","11.08","55.8","1020.5","-","-"
"2022/03/22","09:00","15.55","228","22.35","54.7","1020.2","-","-"
"2022/03/22","10:00","12.83","235","17.69","54.7","1020.5","-","-"
"2022/03/22","11:00","11.86","232","15.36","54.5","1020.3","-","-"
"2022/03/22","12:00","10.5","230","13.8","54","1021.1","-","-"
"2022/03/22","13:00","6.41","260","8.75","56.1","1021.6","-","-"
"2022/03/22","14:00","6.8","268","8.55","58.8","1021.9","-","-"
"2022/03/22","15:00","6.22","263","8.55","61.5","1021.8","-","-"
"2022/03/22","16:00","4.47","10","4.86","63","1021.9","-","-"
"2022/03/22","17:00","5.64","51","5.83","63.9","1021.3","-","-"
"2022/03/22","18:00","13.22","79","14.19","56.8","1021","-","-"
"2022/03/22","19:00","9.91","101","12.05","57.4","1020.8","-","-"
"2022/03/22","20:00","7.39","95","8.36","58.3","1020","-","-"
"2022/03/22","21:00","7.19","125","7.58","57.9","1020","-","-"
"2022/03/22","22:00","10.5","102","12.25","57.9","1019.9","-","-"
"2022/03/22","23:00","8.75","110","10.11","56.8","1020.1","-","-"
"2022/03/23","00:00","7.19","120","10.5","55.4","1020","-","-"
"2022/03/23","01:00","7.19","101","9.33","53.6","1020.5","-","-"
"2022/03/23","02:00","5.64","120","7.19","53.1","1020.5","-","-"
"2022/03/23","03:00","8.36","92","9.33","52.5","1020.3","-","-"
"2022/03/23","04:00","4.86","109","6.22","52.5","1020.2","-","-"
"2022/03/23","05:00","3.3","111","3.69","52","1019.7","-","-"
"2022/03/23","06:00","0","173","0.97","50.7","1019.8","-","-"
"2022/03/23","07:00","1.56","140","1.94","50.4","1019.1","-","-"
"2022/03/23","08:00","3.3","213","4.28","50.2","1018.9","-","-"
"2022/03/23","09:00","1.36","139","1.75","51.4","1018.2","-","-"
"2022/03/23","10:00","2.53","112","3.89","52.2","1017.8","-","-"
"2022/03/23","11:00","2.53","95","2.72","51.8","1017.8","-","-"
"2022/03/23","12:00","3.69","86","3.89","53.8","1018","-","-"
"2022/03/23","13:00","5.25","62","5.64","54.5","1018.2","-","-"
"2022/03/23","14:00","7.39","69","8.36","54.1","1018.2","-","-"
"2022/03/23","15:00","8.36","66","10.11","54.1","1018","-","-"
"2022/03/23","16:00","3.69","69","5.05","54.9","1018.4","-","-"
"2022/03/23","17:00","8.94","85","9.91","54.7","1017.4","-","-"
"2022/03/23","18:00","7","65","7.39","54.5","1016.7","-","-"
"2022/03/23","19:00","10.69","67","11.66","54.5","1015.9","-","-"
"2022/03/23","20:00","4.47","106","5.25","57.2","1015.6","-","-"
"2022/03/23","21:00","7.58","132","8.36","57.2","1014.5","-","-"
"2022/03/23","22:00","6.61","136","11.08","58.5","1013.7","-","-"
"2022/03/23","23:00","9.72","151","12.83","61.3","1013.3","-","-"
"2022/03/24","00:00","12.63","164","16.91","64.2","1012.8","-","-"
"2022/03/24","01:00","14","166","18.86","65.8","1012.7","-","-"
"2022/03/24","02:00","10.89","170","15.36","66.2","1012.3","-","-"
"2022/03/24","03:00","10.3","183","16.13","66.9","1012.1","-","-"
"2022/03/24","04:00","10.5","182","13.22","67.3","1011.7","-","-"
"2022/03/24","05:00","9.33","181","15.75","67.8","1011.6","-","-"
"2022/03/24","06:00","12.44","186","16.52","68.4","1011.1","-","-"
"2022/03/24","07:00","11.47","193","20.22","68.5","1010.8","-","-"
"2022/03/24","08:00","10.3","184","13.61","68.4","1010.4","-","-"
"2022/03/24","09:00","8.36","186","12.83","68","1010.3","-","-"
"2022/03/24","10:00","6.03","207","10.89","68.2","1010.3","-","-"
"2022/03/24","11:00","7.19","224","11.86","67.3","1009.9","-","-"
"2022/03/24","12:00","5.64","206","7.39","67.3","1010.5","-","-"
"2022/03/24","13:00","7.19","265","7.97","67.5","1010.8","-","-"
"2022/03/24","14:00","8.55","218","12.83","65.8","1011.3","-","-"
"2022/03/24","15:00","5.25","245","6.8","65.7","1011.1","-","-"
"2022/03/24","16:00","5.64","220","9.91","65.7","1011.2","-","-"
"2022/03/24","17:00","3.69","198","5.64","65.8","1010.4","-","-"
"2022/03/24","18:00","4.67","174","6.8","65.3","1009.4","-","-"
"2022/03/24","19:00","8.36","193","11.66","67.5","1008.5","-","-"
"2022/03/24","20:00","11.08","191","15.36","67.5","1006.7","-","-"
"2022/03/24","21:00","4.67","223","7.78","67.1","1007.2","-","-"
"2022/03/24","22:00","7.97","191","10.3","67.5","1006.2","-","-"
"2022/03/24","23:00","4.86","195","8.75","67.5","1005.5","-","-"
"2022/03/25","00:00","6.03","196","10.5","67.3","1006","-","-"
"2022/03/25","01:00","9.33","217","12.44","67.8","1006.2","-","-"
"2022/03/25","02:00","9.14","199","11.86","66.9","1005.6","-","-"
"2022/03/25","03:00","13.02","221","16.72","66.4","1005.5","-","-"
"2022/03/25","04:00","11.08","229","14.58","65.3","1006.4","-","-"
"2022/03/25","05:00","12.25","236","15.55","65.1","1006","-","-"
"2022/03/25","06:00","8.16","228","9.91","64","1005.7","-","-"
"2022/03/25","07:00","7.39","238","8.75","63.5","1005.9","-","-"
"2022/03/25","08:00","7.39","238","8.55","62.4","1006.4","-","-"
"2022/03/25","09:00","6.8","351","8.55","57.9","1006.8","-","-"
"2022/03/25","10:00","6.22","58","7.39","56.3","1005.5","-","-"
"2022/03/25","11:00","3.69","65","3.89","55.9","1006","-","-"
"2022/03/25","12:00","3.5","6","4.08","55.8","1006.1","-","-"
"2022/03/25","13:00","2.33","341","3.5","56.1","1006.8","-","-"
"2022/03/25","14:00","0.58","351","2.53","57.2","1007","-","-"
"2022/03/25","15:00","4.67","54","8.75","57.9","1007","-","-"
"2022/03/25","16:00","4.47","9","5.05","57.4","1007.3","-","-"
"2022/03/25","17:00","3.3","144","3.89","57.7","1006.8","-","-"
"2022/03/25","18:00","6.03","212","9.72","60.3","1005.2","-","-"
"2022/03/25","19:00","11.27","201","16.33","61.5","1004.1","-","-"
"2022/03/25","20:00","7.39","225","12.83","61.9","1003.5","-","-"
"2022/03/25","21:00","7","238","9.33","63.5","1003","-","-"
"2022/03/25","22:00","9.52","252","13.22","64.2","1003.3","-","-"
"2022/03/25","23:00","7.78","259","11.66","63.3","1003.8","-","-"
"2022/03/26","00:00","4.47","243","5.44","61","1004","-","-"
"2022/03/26","01:00","5.25","218","5.44","56.8","1004.3","-","-"
"2022/03/26","02:00","4.67","235","5.05","55.4","1004.5","-","-"
"2022/03/26","03:00","4.08","298","5.25","55.8","1004.8","-","-"
"2022/03/26","04:00","7","284","9.33","56.5","1004.8","-","-"
"2022/03/26","05:00","8.16","267","9.72","54.5","1004.9","-","-"
"2022/03/26","06:00","8.16","270","9.72","53.6","1004.5","-","-"
"2022/03/26","07:00","9.52","263","12.63","52.7","1004.2","-","-"
"2022/03/26","08:00","10.69","255","12.83","51.6","1003.6","-","-"
"2022/03/26","09:00","9.33","246","12.44","50.2","1003","-","-"
"2022/03/26","10:00","10.3","243","11.86","49.3","1002.7","-","-"
"2022/03/26","11:00","11.27","255","17.69","48.6","1003","-","-"
"2022/03/26","12:00","11.86","254","15.75","49.1","1003.3","-","-"
"2022/03/26","13:00","15.55","262","24.49","50.2","1003.6","-","-"
"2022/03/26","14:00","25.08","280","31.3","50.4","1003.4","-","-"
"2022/03/26","15:00","16.13","259","24.69","52","1003","-","-"
"2022/03/26","16:00","19.24","266","28.19","52.5","1002.2","-","-"
"2022/03/26","17:00","15.55","277","22.16","53.6","1001.6","-","-"
"2022/03/26","18:00","22.35","269","31.68","53.4","1001.5","-","-"
"2022/03/26","19:00","17.11","268","29.94","53.1","1001.6","-","-"
"2022/03/26","20:00","27.21","286","34.79","52.5","1001.5","-","-"
"2022/03/26","21:00","17.3","287","27.6","52.3","1001.8","-","-"
"2022/03/26","22:00","18.27","281","26.44","51.6","1002.8","-","-"
"2022/03/26","23:00","15.55","268","21.77","50.9","1003.9","-","-"
"2022/03/27","00:00","9.91","266","14.38","49.8","1004.6","-","-"
"2022/03/27","01:00","11.08","279","15.36","49.3","1006.1","-","-"
"2022/03/27","02:00","16.91","287","20.02","48.7","1007","-","-"
"2022/03/27","03:00","15.36","295","20.02","47.7","1007.7","-","-"
"2022/03/27","04:00","11.86","287","14.19","46","1007.8","-","-"
"2022/03/27","05:00","10.89","289","14.97","45","1007.6","-","-"
"2022/03/27","06:00","11.47","278","14.58","43.5","1007.5","-","-"
"2022/03/27","07:00","8.94","278","13.22","42.8","1007.9","-","-"
"2022/03/27","08:00","7.97","258","9.33","41.4","1008","-","-"
"2022/03/27","09:00","9.72","260","11.47","40.8","1008.2","-","-"
"2022/03/27","10:00","5.83","235","7.97","40.1","1008.4","-","-"
"2022/03/27","11:00","9.14","251","12.25","39.6","1009.4","-","-"
"2022/03/27","12:00","10.3","246","13.02","40.1","1009.8","-","-"
"2022/03/27","13:00","10.69","272","13.61","42.4","1010","-","-"
"2022/03/27","14:00","10.11","290","12.05","43.5","1010.1","-","-"
"2022/03/27","15:00","13.41","275","17.88","43.9","1009.8","-","-"
"2022/03/27","16:00","10.69","286","14","45.3","1009.6","-","-"
"2022/03/27","17:00","12.83","275","16.33","46.2","1009.3","-","-"
"2022/03/27","18:00","13.02","295","16.72","46.9","1008.8","-","-"
"2022/03/27","19:00","15.94","290","19.83","48.2","1008.2","-","-"
"2022/03/27","20:00","16.91","289","20.22","49.8","1007.9","-","-"
"2022/03/27","21:00","19.83","289","24.1","50.4","1007.7","-","-"
"2022/03/27","22:00","17.69","267","22.16","50.9","1008.5","-","-"
"2022/03/27","23:00","14.77","290","17.88","50.7","1009.2","-","-"
"2022/03/28","00:00","18.66","326","25.08","49.8","1010.5","-","-"
"2022/03/28","01:00","12.25","344","16.91","45.3","1012.7","-","-"
"2022/03/28","02:00","14.38","335","17.3","43.3","1013.8","-","-"
"2022/03/28","03:00","17.88","331","22.94","42.1","1014.6","-","-"
"2022/03/28","04:00","16.13","338","21.38","40.3","1015.3","-","-"
"2022/03/28","05:00","10.89","335","13.02","37.9","1015.7","-","-"
"2022/03/28","06:00","10.5","335","12.44","36.7","1015.7","-","-"
"2022/03/28","07:00","7.39","332","10.3","36","1015.8","-","-"
"2022/03/28","08:00","5.44","332","8.55","35.6","1015.8","-","-"
"2022/03/28","09:00","5.83","323","8.36","35.4","1016.1","-","-"
"2022/03/28","10:00","5.83","334","7.78","34.9","1016.6","-","-"
"2022/03/28","11:00","4.86","334","6.22","35.2","1017.1","-","-"
"2022/03/28","12:00","2.33","7","5.44","36.1","1017.6","-","-"
"2022/03/28","13:00","4.86","62","7.58","35.6","1017.5","-","-"
"2022/03/28","14:00","2.72","25","4.28","37","1017.4","-","-"
"2022/03/28","15:00","6.61","46","7.97","37.8","1016.7","-","-"
"2022/03/28","16:00","9.14","78","11.47","39.6","1015.6","-","-"
"2022/03/28","17:00","10.3","235","17.88","44.4","1014.3","-","-"
"2022/03/28","18:00","14.77","279","19.63","46.4","1012.9","-","-"
"2022/03/28","19:00","16.52","255","27.21","47.8","1012.2","-","-"
"2022/03/28","20:00","18.47","262","30.13","49.3","1011.9","-","-"
"2022/03/28","21:00","21.77","315","27.02","49.3","1012.5","-","-"
"2022/03/28","22:00","20.02","5","26.44","45.9","1014.8","-","-"
"2022/03/28","23:00","16.72","349","19.83","42.6","1016.7","-","-"
"2022/03/29","00:00","17.88","343","25.08","40.6","1018.1","-","-"
"2022/03/29","01:00","13.8","339","18.27","38.7","1019.8","-","-"
"2022/03/29","02:00","18.47","344","25.27","36.3","1020.7","-","-"
"2022/03/29","03:00","16.13","326","19.83","35.2","1021.3","-","-"
"2022/03/29","04:00","18.47","339","21.97","34.2","1021.9","-","-"
"2022/03/29","05:00","12.05","330","16.33","33.1","1022.6","-","-"
"2022/03/29","06:00","12.44","334","15.36","32","1023","-","-"
"2022/03/29","07:00","13.02","332","16.13","31.1","1023.3","-","-"
"2022/03/29","08:00","11.27","332","13.8","30.6","1023.3","-","-"
"2022/03/29","09:00","11.66","339","13.8","30.2","1023.9","-","-"
"2022/03/29","10:00","11.66","335","15.55","30.4","1024.5","-","-"
"2022/03/29","11:00","14.58","333","18.66","29.7","1025.6","-","-"
"2022/03/29","12:00","13.61","330","16.52","29.5","1026.5","-","-"
"2022/03/29","13:00","14.19","329","18.86","29.1","1026.8","-","-"
"2022/03/29","14:00","12.05","330","17.11","30.4","1026.9","-","-"
"2022/03/29","15:00","10.5","306","18.66","31.3","1026.5","-","-"
"2022/03/29","16:00","12.83","313","16.52","33.3","1026.1","-","-"
"2022/03/29","17:00","11.66","321","14.77","35.8","1025.3","-","-"
"2022/03/29","18:00","7.58","321","10.69","38.1","1024.7","-","-"
"2022/03/29","19:00","7.97","340","13.02","40.8","1023.6","-","-"
"2022/03/29","20:00","10.69","321","12.44","42.4","1022.8","-","-"
"2022/03/29","21:00","9.33","336","11.66","44.4","1022.5","-","-"
"2022/03/29","22:00","7.19","323","10.11","45.7","1022.4","-","-"
"2022/03/29","23:00","8.94","303","11.66","46.8","1022.5","-","-"
"2022/03/30","00:00","4.08","270","5.25","45","1023.3","-","-"
"2022/03/30","01:00","2.92","220","3.5","41.2","1023.7","-","-"
"2022/03/30","02:00","2.53","208","3.3","39.9","1024.1","-","-"
"2022/03/30","03:00","1.94","193","2.33","40.1","1023.7","-","-"
"2022/03/30","04:00","1.17","180","2.72","40.5","1024.1","-","-"
"2022/03/30","05:00","1.36","199","1.94","40.6","1024.3","-","-"
"2022/03/30","06:00","2.72","167","3.69","43","1024.1","-","-"
"2022/03/30","07:00","2.72","190","4.08","42.1","1023.9","-","-"
"2022/03/30","08:00","2.14","172","4.08","42.6","1023.8","-","-"
"2022/03/30","09:00","1.75","111","2.33","43.2","1024","-","-"
"2022/03/30","10:00","4.28","142","5.25","43.7","1023.3","-","-"
"2022/03/30","11:00","3.89","144","5.44","44.6","1023.3","-","-"
"2022/03/30","12:00","2.92","213","4.08","44.8","1024.2","-","-"
"2022/03/30","13:00","2.92","156","3.89","45.5","1024.3","-","-"
"2022/03/30","14:00","4.08","151","5.25","48.7","1024.2","-","-"
"2022/03/30","15:00","3.69","135","7.58","52.3","1024","-","-"
"2022/03/30","16:00","5.44","117","15.16","51.6","1023.1","-","-"
"2022/03/30","17:00","14.97","92","16.72","51.4","1022","-","-"
"2022/03/30","18:00","11.27","110","14.97","53.2","1021.3","-","-"
"2022/03/30","19:00","9.72","96","11.47","54.1","1019.9","-","-"
"2022/03/30","20:00","9.33","193","12.05","60.4","1018.6","-","-"
"2022/03/30","21:00","9.91","172","12.44","59.9","1017.6","-","-"
"2022/03/30","22:00","8.55","174","12.25","60.3","1016.9","-","-"
"2022/03/30","23:00","6.41","173","12.25","60.3","1016","-","-"
"2022/03/31","00:00","4.67","173","6.8","59.2","1015.5","-","-"
"2022/03/31","01:00","5.25","100","6.61","55.8","1015","-","-"
"2022/03/31","02:00","10.3","186","16.52","60.8","1014.6","-","-"
"2022/03/31","03:00","12.83","191","17.88","61.7","1014.1","-","-"
"2022/03/31","04:00","13.02","192","19.63","62.4","1013.6","-","-"
"2022/03/31","05:00","10.3","192","17.3","62.4","1013.7","-","-"
"2022/03/31","06:00","11.86","191","15.55","62.1","1013.2","-","-"
"2022/03/31","07:00","7.78","192","12.25","61.5","1012.6","-","-"
"2022/03/31","08:00","7.58","196","15.94","61.7","1011.9","-","-"
"2022/03/31","09:00","15.94","190","21.58","62.2","1011","-","-"
"2022/03/31","10:00","16.52","184","19.05","62.6","1010.5","-","-"
"2022/03/31","11:00","12.63","189","20.22","63.3","1010.1","-","-"
"2022/03/31","12:00","15.16","189","22.35","64.8","1009.8","-","-"
"2022/03/31","13:00","15.75","185","25.46","65.8","1009.2","-","-"
"2022/03/31","14:00","14.19","190","22.16","67.1","1009.1","-","-"
"2022/03/31","15:00","15.94","193","21.77","68.2","1008.8","-","-"
"2022/03/31","16:00","13.41","197","24.49","70","1007.8","-","-"
"2022/03/31","17:00","14","186","23.71","71.1","1006.8","-","-"
"2022/03/31","18:00","13.02","189","19.24","72.3","1005.8","-","-"
"2022/03/31","19:00","15.75","200","22.16","72.9","1004.5","-","-"
"2022/03/31","20:00","12.05","183","19.63","70.2","1003","-","-"
"2022/03/31","21:00","7.58","184","11.86","66","1002.7","-","-"
"2022/03/31","22:00","10.11","162","14","65.5","1000.9","-","-"
"2022/03/31","23:00","10.5","185","16.52","67.6","1000.5","-","-"
"2022/04/01","00:00","10.89","191","16.72","68.9","1000.2","-","-"
"2022/04/01","01:00","10.89","205","20.6","69.1","1001.1","-","-"
"2022/04/01","02:00","13.41","212","18.08","69.4","1001.1","-","-"
"2022/04/01","03:00","15.55","217","22.94","70.2","1001.1","-","-"
"2022/04/01","04:00","14","224","21.19","69.4","1001.1","-","-"
"2022/04/01","05:00","13.8","220","19.63","68.7","1001.1","-","-"
"2022/04/01","06:00","13.22","221","19.63","68.4","1001","-","-"
"2022/04/01","07:00","11.86","219","19.63","67.5","1001.3","-","-"
"2022/04/01","08:00","12.63","247","19.24","67.3","1001.3","-","-"
"2022/04/01","09:00","9.91","247","13.61","65.8","1001.7","-","-"
"2022/04/01","10:00","11.86","251","16.33","64.4","1002.4","-","-"
"2022/04/01","11:00","16.72","278","21.77","61.5","1003.7","-","-"
"2022/04/01","12:00","12.05","297","14.97","58.5","1005.7","-","-"
"2022/04/01","13:00","14.38","272","18.47","58.6","1006.8","-","-"
"2022/04/01","14:00","11.27","265","14.58","58.5","1007.4","-","-"
"2022/04/01","15:00","17.3","253","22.35","58.6","1007.7","-","-"
"2022/04/01","16:00","22.74","272","31.1","59.5","1007.4","-","-"
"2022/04/01","17:00","22.16","286","25.85","59.7","1007.5","-","-"
"2022/04/01","18:00","24.49","290","35.18","60.4","1007.4","-","-"
"2022/04/01","19:00","18.08","269","27.41","61.3","1007.5","-","-"
"2022/04/01","20:00","16.52","289","21.97","61.5","1008.1","-","-"
"2022/04/01","21:00","23.13","303","28.19","61.2","1009","-","-"
"2022/04/01","22:00","20.6","273","24.88","60.6","1010.6","-","-"
"2022/04/01","23:00","17.3","294","22.35","58.6","1012.2","-","-"
"2022/04/02","00:00","14.38","284","19.44","57","1013.7","-","-"
"2022/04/02","01:00","13.61","307","19.44","54.7","1015.9","-","-"
"2022/04/02","02:00","11.27","334","14.19","52.9","1017","-","-"
"2022/04/02","03:00","15.75","323","20.99","52.2","1017.8","-","-"
"2022/04/02","04:00","9.33","348","13.61","50.4","1018.4","-","-"
"2022/04/02","05:00","8.75","331","12.05","49.3","1019","-","-"
"2022/04/02","06:00","9.91","332","10.69","47.8","1019","-","-"
"2022/04/02","07:00","10.5","331","12.44","47.3","1019.1","-","-"
"2022/04/02","08:00","12.25","340","14","45","1018.9","-","-"
"2022/04/02","09:00","12.44","338","14","43.9","1019.6","-","-"
"2022/04/02","10:00","5.25","359","7.39","43.3","1020.3","-","-"
"2022/04/02","11:00","7","344","9.91","42.8","1021.1","-","-"
"2022/04/02","12:00","7.78","338","8.94","43","1021.5","-","-"
"2022/04/02","13:00","9.33","3","14","44.4","1021.9","-","-"
"2022/04/02","14:00","9.33","14","12.05","46","1022.1","-","-"
"2022/04/02","15:00","4.28","286","7.19","47.1","1021.8","-","-"
"2022/04/02","16:00","4.67","312","6.41","48","1021","-","-"
"2022/04/02","17:00","11.27","89","13.02","46.8","1020","-","-"
"2022/04/02","18:00","10.3","84","11.66","47.1","1019.1","-","-"
"2022/04/02","19:00","12.05","89","13.8","47.1","1018.4","-","-"
"2022/04/02","20:00","9.91","86","11.66","48.4","1017.5","-","-"
"2022/04/02","21:00","9.14","107","11.66","50.7","1016.8","-","-"
"2022/04/02","22:00","9.72","122","13.8","50.5","1016.4","-","-"
"2022/04/02","23:00","10.5","139","15.16","49.1","1016.3","-","-"
"2022/04/03","00:00","8.36","143","10.69","48.2","1015.4","-","-"
"2022/04/03","01:00","8.16","151","10.5","48","1015.8","-","-"
"2022/04/03","02:00","8.55","161","11.08","47.8","1015.5","-","-"
"2022/04/03","03:00","5.44","160","8.16","48","1015","-","-"
"2022/04/03","04:00","6.41","137","8.16","48.2","1013.7","-","-"
"2022/04/03","05:00","4.67","176","9.14","48.4","1013.1","-","-"
"2022/04/03","06:00","3.69","175","5.83","48.7","1012.5","-","-"
"2022/04/03","07:00","4.67","163","5.44","49.6","1011.6","-","-"
"2022/04/03","08:00","4.86","192","7.19","50.5","1010.1","-","-"
"2022/04/03","09:00","4.47","204","6.61","50.9","1009.3","-","-"
"2022/04/03","10:00","2.33","219","3.69","50.7","1008.9","-","-"
"2022/04/03","11:00","8.36","213","10.5","50.5","1008.6","-","-"
"2022/04/03","12:00","9.33","223","12.63","52.2","1008.4","-","-"
"2022/04/03","13:00","10.69","247","14","54.7","1008.5","-","-"
"2022/04/03","14:00","9.14","262","13.02","57.6","1008.5","-","-"
"2022/04/03","15:00","11.27","324","12.25","58.5","1008.7","-","-"
"2022/04/03","16:00","10.3","324","13.41","60.3","1008.3","-","-"
"2022/04/03","17:00","9.91","301","14.77","62.8","1008.3","-","-"
"2022/04/03","18:00","11.66","296","14.38","62.1","1008","-","-"
"2022/04/03","19:00","16.33","319","22.74","62.2","1007.8","-","-"
"2022/04/03","20:00","19.05","320","25.66","63","1007.9","-","-"
"2022/04/03","21:00","24.88","325","30.32","63","1008.6","-","-"
"2022/04/03","22:00","20.6","322","27.02","61.2","1009.7","-","-"
"2022/04/03","23:00","21.19","320","24.3","59.4","1010.9","-","-"
"2022/04/04","00:00","15.94","342","24.3","56.8","1012.3","-","-"
"2022/04/04","01:00","15.94","349","18.86","53.2","1013.9","-","-"
"2022/04/04","02:00","14.58","354","20.02","51.1","1015","-","-"
"2022/04/04","03:00","16.13","337","21.19","50","1015.5","-","-"
"2022/04/04","04:00","10.11","333","11.86","48.9","1016.2","-","-"
"2022/04/04","05:00","14","338","18.08","48.4","1016.7","-","-"
"2022/04/04","06:00","11.47","330","13.22","47.5","1016.7","-","-"
"2022/04/04","07:00","9.52","336","12.25","46.6","1016.8","-","-"
"2022/04/04","08:00","11.08","333","14.19","46.2","1017.3","-","-"
"2022/04/04","09:00","9.91","331","12.25","45.3","1017.8","-","-"
"2022/04/04","10:00","9.72","337","11.86","44.2","1018.5","-","-"
"2022/04/04","11:00","10.69","340","12.05","44.6","1019.1","-","-"
"2022/04/04","12:00","9.33","344","11.08","44.1","1019.3","-","-"
"2022/04/04","13:00","6.61","336","9.91","45","1019.1","-","-"
"2022/04/04","14:00","6.41","352","8.36","46.2","1019.1","-","-"
"2022/04/04","15:00","5.05","299","7.97","47.1","1019.6","-","-"
"2022/04/04","16:00","7","303","9.14","48.6","1019.5","-","-"
"2022/04/04","17:00","4.08","334","4.86","50.7","1018.4","-","-"
"2022/04/04","18:00","9.14","108","11.86","51.3","1018.2","-","-"
"2022/04/04","19:00","8.36","101","10.5","51.4","1017.6","-","-"
"2022/04/04","20:00","11.08","91","12.25","50.4","1016.8","-","-"
"2022/04/04","21:00","8.94","85","10.11","52.3","1016.3","-","-"
"2022/04/04","22:00","9.14","143","11.66","53.6","1016.5","-","-"
"2022/04/04","23:00","8.94","143","11.08","52.3","1016.5","-","-"
"2022/04/05","00:00","7.78","140","10.11","51.8","1016.1","-","-"
"2022/04/05","01:00","6.8","160","9.52","50.9","1016.7","-","-"
"2022/04/05","02:00","5.64","160","8.36","50.2","1017","-","-"
"2022/04/05","03:00","8.16","177","10.11","49.8","1016.7","-","-"
"2022/04/05","04:00","5.64","174","7.97","50.2","1016.8","-","-"
"2022/04/05","05:00","4.47","185","7.78","50","1016.8","-","-"
"2022/04/05","06:00","6.61","189","9.33","50.4","1016.6","-","-"
"2022/04/05","07:00","3.5","188","5.25","51.1","1016.4","-","-"
"2022/04/05","08:00","3.3","135","4.08","51.6","1016.1","-","-"
"2022/04/05","09:00","4.67","172","5.83","51.6","1015.4","-","-"
"2022/04/05","10:00","5.05","168","6.8","53.2","1015","-","-"
"2022/04/05","11:00","1.56","131","2.53","53.6","1015.4","-","-"
"2022/04/05","12:00","2.72","92","3.11","54.3","1015.4","-","-"
"2022/04/05","13:00","4.47","72","4.67","54.5","1015.2","-","-"
"2022/04/05","14:00","6.61","60","7.39","55.2","1015.2","-","-"
"2022/04/05","15:00","4.67","79","6.03","55.8","1015.5","-","-"
"2022/04/05","16:00","6.22","47","7.58","57.4","1014.5","-","-"
"2022/04/05","17:00","8.75","89","10.69","57","1014.2","-","-"
"2022/04/05","18:00","10.89","84","11.66","58.1","1013.3","-","-"
"2022/04/05","19:00","7.97","95","10.3","59.9","1012.4","-","-"
"2022/04/05","20:00","4.86","71","7","58.6","1011.6","-","-"
"2022/04/05","21:00","6.41","81","8.55","58.6","1011.2","-","-"
"2022/04/05","22:00","5.83","84","8.75","57.6","1010","-","-"
"2022/04/05","23:00","4.47","120","5.44","58.6","1009.4","-","-"
"2022/04/06","00:00","10.69","167","16.72","65.7","1008.8","-","-"
"2022/04/06","01:00","10.3","169","14.38","63.1","1008.8","-","-"
"2022/04/06","02:00","12.05","140","15.55","62.2","1005.9","-","-"
"2022/04/06","03:00","10.11","153","14.19","62.6","1005.5","-","-"
"2022/04/06","04:00","9.33","147","12.83","62.2","1003.8","-","-"
"2022/04/06","05:00","12.25","164","15.94","61.9","1002.3","-","-"
"2022/04/06","06:00","9.72","150","14.19","61.5","1000.6","-","-"
"2022/04/06","07:00","3.3","278","10.69","62.6","999.3","-","-"
"2022/04/06","08:00","3.11","246","4.67","62.2","998.8","-","-"
"2022/04/06","09:00","7.19","244","9.52","62.8","998.8","-","-"
"2022/04/06","10:00","15.16","266","20.02","63.5","999.4","-","-"
"2022/04/06","11:00","11.66","254","17.88","63.1","1000.3","-","-"
"2022/04/06","12:00","16.52","265","22.55","63","1001.6","-","-"
"2022/04/06","13:00","17.11","259","20.6","62.4","1002.7","-","-"
"2022/04/06","14:00","16.13","278","21.38","62.8","1003.4","-","-"
"2022/04/06","15:00","19.83","280","23.71","63.3","1004.8","-","-"
"2022/04/06","16:00","17.88","321","22.16","60.4","1005.9","-","-"
"2022/04/06","17:00","16.13","330","21.38","60.3","1006.3","-","-"
"2022/04/06","18:00","15.75","321","17.49","62.1","1006.5","-","-"
"2022/04/06","19:00","12.44","347","14.58","63.1","1007","-","-"
"2022/04/06","20:00","12.83","309","14","62.2","1007.4","-","-"
"2022/04/06","21:00","9.91","308","10.3","62.4","1007.3","-","-"
"2022/04/06","22:00","11.86","53","12.44","62.6","1007.6","-","-"
"2022/04/06","23:00","11.27","52","13.41","59.4","1008.6","-","-"
"2022/04/07","00:00","14","80","15.16","55.9","1008.5","-","-"
"2022/04/07","01:00","14.58","84","15.75","55.9","1009.1","-","-"
"2022/04/07","02:00","10.69","104","13.61","54.9","1010.7","-","-"
"2022/04/07","03:00","16.33","93","18.86","53.6","1010.1","-","-"
"2022/04/07","04:00","16.13","110","18.66","52.3","1009.8","-","-"
"2022/04/07","05:00","12.83","117","17.49","51.1","1009.1","-","-"
"2022/04/07","06:00","14.38","107","18.27","51.4","1008","-","-"
"2022/04/07","07:00","10.5","110","15.16","52","1007","-","-"
"2022/04/07","08:00","13.8","88","15.36","52.3","1005.8","-","-"
"2022/04/07","09:00","13.41","98","16.33","52.7","1005.7","-","-"
"2022/04/07","10:00","7.97","110","10.3","52.9","1005.8","-","-"
"2022/04/07","11:00","7.58","123","9.91","54","1005.4","-","-"
"2022/04/07","12:00","5.83","137","7.39","54.9","1004.4","-","-"
"2022/04/07","13:00","5.83","139","8.16","57.6","1003.5","-","-"
"2022/04/07","14:00","5.05","327","7.39","55.8","1003.7","-","-"
"2022/04/07","15:00","9.33","201","13.02","62.1","1002.6","-","-"
"2022/04/07","16:00","9.91","210","12.83","66.2","1001.6","-","-"
"2022/04/07","17:00","10.3","197","16.72","69.6","1000.6","-","-"
"2022/04/07","18:00","10.11","205","15.16","72.9","999.9","-","-"
"2022/04/07","19:00","7.97","186","13.41","75.4","999.1","-","-"
"2022/04/07","20:00","2.92","38","6.41","66.7","998.1","-","-"
"2022/04/07","21:00","10.5","68","11.66","60.4","996.8","-","-"
"2022/04/07","22:00","15.94","309","20.02","59.5","996.5","-","-"
"2022/04/07","23:00","21.97","329","26.05","54.5","1000.1","-","-"
"2022/04/08","00:00","16.72","332","20.02","53.2","1001.4","-","-"
"2022/04/08","01:00","12.05","332","15.55","53.4","1002.2","-","-"
"2022/04/08","02:00","12.05","324","14.19","53.4","1003.2","-","-"
"2022/04/08","03:00","10.89","324","14","53.6","1003.7","-","-"
"2022/04/08","04:00","12.44","306","15.75","52.3","1003.3","-","-"
"2022/04/08","05:00","9.91","283","14.58","51.6","1003.5","-","-"
"2022/04/08","06:00","9.14","290","12.05","50.7","1004.1","-","-"
"2022/04/08","07:00","7.19","294","8.75","50.2","1004.6","-","-"
"2022/04/08","08:00","5.25","267","6.22","49.5","1005","-","-"
"2022/04/08","09:00","4.86","265","5.83","48.9","1005.7","-","-"
"2022/04/08","10:00","4.28","263","5.44","48.7","1006","-","-"
"2022/04/08","11:00","3.89","236","4.67","48.9","1006.7","-","-"
"2022/04/08","12:00","6.03","237","6.8","51.1","1007.4","-","-"
"2022/04/08","13:00","3.69","274","6.41","54","1007.6","-","-"
"2022/04/08","14:00","1.36","4","2.33","55.8","1007.4","-","-"
"2022/04/08","15:00","0","38","0.97","59.2","1007.4","-","-"
"2022/04/08","16:00","9.91","57","12.63","55.2","1006.9","-","-"
"2022/04/08","17:00","12.63","88","14.38","55.9","1006.4","-","-"
"2022/04/08","18:00","7.78","78","12.83","54","1006.6","-","-"
"2022/04/08","19:00","9.72","122","11.86","51.1","1005.9","-","-"
"2022/04/08","20:00","11.86","116","13.8","53.1","1005.3","-","-"
"2022/04/08","21:00","13.8","118","15.94","54.7","1004.9","-","-"
"2022/04/08","22:00","9.14","144","13.41","52.9","1005.1","-","-"
"2022/04/08","23:00","7","147","8.75","53.1","1004.3","-","-"
"2022/04/09","00:00","8.75","80","10.3","52.3","1004.8","-","-"
"2022/04/09","01:00","6.03","148","8.36","52.3","1005.4","-","-"
"2022/04/09","02:00","3.3","153","5.25","51.6","1005.6","-","-"
"2022/04/09","03:00","5.05","171","6.22","51.1","1005.3","-","-"
"2022/04/09","04:00","3.3","191","5.25","50.7","1005.4","-","-"
"2022/04/09","05:00","9.52","228","12.44","52.9","1005.6","-","-"
"2022/04/09","06:00","6.41","243","8.55","51.4","1005.6","-","-"
"2022/04/09","07:00","9.52","241","14","51.3","1005.4","-","-"
"2022/04/09","08:00","7.58","237","9.91","49.6","1005.4","-","-"
"2022/04/09","09:00","10.69","242","14.38","49.1","1005.6","-","-"
"2022/04/09","10:00","6.41","247","7.78","48.4","1005.6","-","-"
"2022/04/09","11:00","5.64","247","7.97","47.8","1006.3","-","-"
"2022/04/09","12:00","6.8","258","8.75","47.8","1006.8","-","-"
"2022/04/09","13:00","5.64","253","9.52","48","1007","-","-"
"2022/04/09","14:00","6.03","243","8.94","50.2","1006.9","-","-"
"2022/04/09","15:00","8.75","259","13.02","51.3","1006.7","-","-"
"2022/04/09","16:00","13.61","268","16.52","53.1","1006.3","-","-"
"2022/04/09","17:00","15.36","259","21.19","55.2","1005.7","-","-"
"2022/04/09","18:00","11.27","272","13.41","55.2","1005.3","-","-"
"2022/04/09","19:00","15.36","264","20.02","55.6","1005.1","-","-"
"2022/04/09","20:00","12.44","266","18.08","55.8","1004.9","-","-"
"2022/04/09","21:00","9.33","272","16.91","55.9","1004.9","-","-"
"2022/04/09","22:00","11.08","268","16.91","55","1005.5","-","-"
"2022/04/09","23:00","9.52","263","13.8","54.3","1006.1","-","-"
"2022/04/10","00:00","9.33","263","11.08","53.6","1006.7","-","-"
"2022/04/10","01:00","5.83","262","8.36","52.9","1007.5","-","-"
"2022/04/10","02:00","5.05","247","7","51.8","1007.9","-","-"
"2022/04/10","03:00","13.02","281","16.13","52","1008","-","-"
"2022/04/10","04:00","10.3","279","13.61","50.9","1008.4","-","-"
"2022/04/10","05:00","11.66","297","16.91","50.7","1008.9","-","-"
"2022/04/10","06:00","12.63","320","15.94","49.8","1009.5","-","-"
"2022/04/10","07:00","14","294","16.72","47.8","1009.7","-","-"
"2022/04/10","08:00","14.38","291","17.11","46.6","1010.4","-","-"
"2022/04/10","09:00","12.25","294","17.11","45.7","1011.2","-","-"
"2022/04/10","10:00","12.44","281","16.72","44.6","1012","-","-"
"2022/04/10","11:00","7.97","276","10.11","42.4","1013.3","-","-"
"2022/04/10","12:00","9.91","287","12.25","44.1","1014","-","-"
"2022/04/10","13:00","10.3","293","14","46","1014.6","-","-"
"2022/04/10","14:00","13.41","302","16.91","47.5","1015","-","-"
"2022/04/10","15:00","12.05","303","18.47","48.6","1015.4","-","-"
"2022/04/10","16:00","14.77","311","20.8","49.6","1015.1","-","-"
"2022/04/10","17:00","16.91","313","20.6","49.8","1014.9","-","-"
"2022/04/10","18:00","11.86","325","16.52","51.1","1014.8","-","-"
"2022/04/10","19:00","16.33","318","20.41","52.7","1014.1","-","-"
"2022/04/10","20:00","16.13","280","21.19","55","1013.5","-","-"
"2022/04/10","21:00","20.02","288","27.02","57.2","1013.2","-","-"
"2022/04/10","22:00","12.25","285","15.94","58.6","1013.7","-","-"
"2022/04/10","23:00","11.66","287","15.16","59.2","1014.2","-","-"
"2022/04/11","00:00","4.67","260","5.25","56.7","1015","-","-"
"2022/04/11","01:00","3.5","201","4.08","52.7","1016","-","-"
"2022/04/11","02:00","4.67","136","6.22","52.2","1017","-","-"
"2022/04/11","03:00","2.53","159","3.11","51.4","1017.3","-","-"
"2022/04/11","04:00","0.97","179","2.14","49.5","1017.7","-","-"
"2022/04/11","05:00","3.3","192","4.67","48","1018.1","-","-"
"2022/04/11","06:00","2.92","155","3.3","48.6","1018.4","-","-"
"2022/04/11","07:00","1.94","184","2.53","47.7","1018.7","-","-"
"2022/04/11","08:00","0.97","147","1.17","46.9","1018.8","-","-"
"2022/04/11","09:00","0.58","195","1.56","46","1019.4","-","-"
"2022/04/11","10:00","0.78","255","1.36","46.2","1020.1","-","-"
"2022/04/11","11:00","0.97","154","1.36","47.1","1021.2","-","-"
"2022/04/11","12:00","13.61","81","15.36","51.8","1021.4","-","-"
"2022/04/11","13:00","14.38","84","15.75","50.5","1021.8","-","-"
"2022/04/11","14:00","12.05","85","13.61","49.8","1022.3","-","-"
"2022/04/11","15:00","13.61","109","15.36","52","1022","-","-"
"2022/04/11","16:00","13.22","105","15.94","52.2","1021.7","-","-"
"2022/04/11","17:00","15.36","104","19.83","51.8","1021","-","-"
"2022/04/11","18:00","13.02","104","17.11","52.3","1021.2","-","-"
"2022/04/11","19:00","14.38","99","17.49","53.2","1020.7","-","-"
"2022/04/11","20:00","14.58","100","16.91","53.8","1019.9","-","-"
"2022/04/11","21:00","13.22","106","16.91","54.3","1019.4","-","-"
"2022/04/11","22:00","11.66","117","16.33","54.9","1018.6","-","-"
"2022/04/11","23:00","7.19","108","8.75","55.6","1018.2","-","-"
"2022/04/12","00:00","7.19","137","9.72","55.8","1017.8","-","-"
"2022/04/12","01:00","5.83","122","6.8","55.2","1017.8","-","-"
"2022/04/12","02:00","2.92","124","3.69","55.2","1017.8","-","-"
"2022/04/12","03:00","6.22","179","8.16","56.7","1017.2","-","-"
"2022/04/12","04:00","11.08","203","14.77","62.8","1016.5","-","-"
"2022/04/12","05:00","10.69","208","14.77","63.9","1016.2","-","-"
"2022/04/12","06:00","9.91","211","13.41","64.8","1016","-","-"
"2022/04/12","07:00","9.91","222","14.58","64.8","1015.8","-","-"
"2022/04/12","08:00","9.52","226","17.11","64.6","1015.6","-","-"
"2022/04/12","09:00","14","209","18.08","65.1","1015.2","-","-"
"2022/04/12","10:00","11.86","230","17.3","65.1","1016","-","-"
"2022/04/12","11:00","12.05","229","16.91","65.5","1016.9","-","-"
"2022/04/12","12:00","12.25","232","15.94","64.9","1017.4","-","-"
"2022/04/12","13:00","11.08","246","14.58","65.8","1017.9","-","-"
"2022/04/12","14:00","13.41","240","17.49","66","1018.8","-","-"
"2022/04/12","15:00","13.41","257","15.94","66.4","1019.4","-","-"
"2022/04/12","16:00","9.14","234","11.27","66.9","1019.1","-","-"
"2022/04/12","17:00","9.14","246","13.41","71.2","1018.9","-","-"
"2022/04/12","18:00","8.75","241","14.77","73.9","1018.5","-","-"
"2022/04/12","19:00","8.94","259","13.22","75.6","1017.9","-","-"
"2022/04/12","20:00","8.36","205","12.44","76.8","1017.4","-","-"
"2022/04/12","21:00","9.52","217","11.86","77.4","1017.3","-","-"
"2022/04/12","22:00","11.08","222","13.61","75.7","1017.5","-","-"
"2022/04/12","23:00","6.22","222","8.75","74.8","1017.5","-","-"
"2022/04/13","00:00","4.08","189","5.25","72.3","1017.7","-","-"
"2022/04/13","01:00","3.89","191","5.44","70.2","1018","-","-"
"2022/04/13","02:00","2.14","204","2.33","65.1","1018.2","-","-"
"2022/04/13","03:00","5.64","209","6.41","68.5","1018.2","-","-"
"2022/04/13","04:00","3.3","135","3.69","64.4","1018.1","-","-"
"2022/04/13","05:00","6.8","216","7.97","67.6","1017.7","-","-"
"2022/04/13","06:00","7.97","224","9.72","68.4","1017.5","-","-"
"2022/04/13","07:00","4.86","227","6.03","67.5","1017","-","-"
"2022/04/13","08:00","9.72","213","11.27","67.6","1017","-","-"
"2022/04/13","09:00","6.22","218","7.78","66.9","1017.3","-","-"
"2022/04/13","10:00","6.61","208","8.16","66.4","1017.1","-","-"
"2022/04/13","11:00","6.03","207","7.19","66","1017.6","-","-"
"2022/04/13","12:00","9.33","215","11.27","66.2","1018","-","-"
"2022/04/13","13:00","10.11","237","14.97","69.3","1018.1","-","-"
"2022/04/13","14:00","5.83","244","13.61","70.9","1018.1","-","-"
"2022/04/13","15:00","11.86","232","15.36","74.5","1018","-","-"
"2022/04/13","16:00","11.27","228","17.69","77.7","1017.5","-","-"
"2022/04/13","17:00","9.52","233","14.19","79.5","1016.5","-","-"
"2022/04/13","18:00","10.11","223","14.77","80.6","1015.5","-","-"
"2022/04/13","19:00","8.94","216","14","81.9","1014.3","-","-"
"2022/04/13","20:00","10.3","197","19.24","82","1013.2","-","-"
"2022/04/13","21:00","17.88","218","23.91","82.6","1012.6","-","-"
"2022/04/13","22:00","11.66","212","20.41","82.4","1012.2","-","-"
"2022/04/13","23:00","8.94","207","14.19","80.8","1012.3","-","-"
"2022/04/14","00:00","7.97","210","10.89","79.3","1012.5","-","-"
"2022/04/14","01:00","9.14","194","13.02","77.9","1012.1","-","-"
"2022/04/14","02:00","9.52","219","13.61","76.6","1012.5","-","-"
"2022/04/14","03:00","9.72","218","13.41","75.4","1012.3","-","-"
"2022/04/14","04:00","13.8","210","19.63","73.9","1011.8","-","-"
"2022/04/14","05:00","14.19","215","20.02","72.5","1012.4","-","-"
"2022/04/14","06:00","17.88","219","22.55","71.2","1012.3","-","-"
"2022/04/14","07:00","14.77","219","19.05","69.8","1011.9","-","-"
"2022/04/14","08:00","12.63","228","19.63","69.6","1011.7","-","-"
"2022/04/14","09:00","11.08","239","15.75","69.8","1012.9","-","-"
"2022/04/14","10:00","15.55","225","20.22","69.8","1012.4","-","-"
"2022/04/14","11:00","12.25","215","19.24","69.4","1012","-","-"
"2022/04/14","12:00","13.22","219","17.3","69.6","1012.3","-","-"
"2022/04/14","13:00","14.19","219","23.13","70.5","1012.5","-","-"
"2022/04/14","14:00","13.02","219","20.99","72.3","1012","-","-"
"2022/04/14","15:00","14.38","240","21.58","74.8","1011.1","-","-"
"2022/04/14","16:00","14.77","244","20.22","76.6","1011","-","-"
"2022/04/14","17:00","19.24","219","24.1","79.3","1010.3","-","-"
"2022/04/14","18:00","18.86","243","26.44","79.7","1009.9","-","-"
"2022/04/14","19:00","9.72","242","12.63","79.5","1009.8","-","-"
"2022/04/14","20:00","4.47","233","11.08","78.4","1009.7","-","-"
"2022/04/14","21:00","12.05","227","15.75","79.7","1009.2","-","-"
"2022/04/14","22:00","11.86","216","16.91","79.7","1009.4","-","-"
"2022/04/14","23:00","5.83","237","7.78","72","1009.8","-","-"
"2022/04/15","00:00","5.25","226","6.61","71.2","1010.2","-","-"
"2022/04/15","01:00","17.69","346","22.55","64.6","1012.9","-","-"
"2022/04/15","02:00","8.36","9","12.83","61","1014.5","-","-"
"2022/04/15","03:00","5.64","24","7.97","59.7","1015.7","-","-"
"2022/04/15","04:00","11.47","13","13.02","57.9","1016.8","-","-"
"2022/04/15","05:00","7.78","12","9.52","56.8","1017.8","-","-"
"2022/04/15","06:00","6.8","359","8.36","56.8","1018","-","-"
"2022/04/15","07:00","4.47","45","5.25","57.7","1018.8","-","-"
"2022/04/15","08:00","4.86","18","5.44","56.5","1018.5","-","-"
"2022/04/15","09:00","4.08","232","5.44","55","1019.9","-","-"
"2022/04/15","10:00","4.86","274","5.64","55.9","1020.6","-","-"
"2022/04/15","11:00","4.28","288","5.05","55.2","1021.5","-","-"
"2022/04/15","12:00","5.25","343","6.61","57.6","1022.5","-","-"
"2022/04/15","13:00","10.3","2","12.25","60.6","1023.4","-","-"
"2022/04/15","14:00","7.97","9","12.44","62.4","1023.6","-","-"
"2022/04/15","15:00","8.94","52","10.89","63.1","1023.9","-","-"
"2022/04/15","16:00","10.5","94","11.47","61","1023.9","-","-"
"2022/04/15","17:00","10.11","96","11.08","61.3","1023.6","-","-"
"2022/04/15","18:00","6.03","93","7.58","63","1023.4","-","-"
"2022/04/15","19:00","7.19","96","7.97","63.3","1023","-","-"
"2022/04/15","20:00","8.75","140","12.25","65.5","1021.9","-","-"
"2022/04/15","21:00","11.08","119","13.8","65.7","1021.1","-","-"
"2022/04/15","22:00","12.83","111","14.97","63.1","1021.2","-","-"
"2022/04/15","23:00","8.55","140","13.61","63.3","1020.8","-","-"
"2022/04/16","00:00","5.83","160","7.58","61.3","1021.3","-","-"
"2022/04/16","01:00","8.75","176","11.47","60.8","1022","-","-"
"2022/04/16","02:00","7.58","178","11.47","59.7","1021.9","-","-"
"2022/04/16","03:00","9.33","181","12.44","59","1021.5","-","-"
"2022/04/16","04:00","4.86","167","7.58","57.9","1021.2","-","-"
"2022/04/16","05:00","9.14","193","11.86","58.6","1020.8","-","-"
"2022/04/16","06:00","7.78","194","10.5","57.9","1020.4","-","-"
"2022/04/16","07:00","7","210","8.36","56.5","1019.3","-","-"
"2022/04/16","08:00","3.89","197","5.44","55.9","1019.2","-","-"
"2022/04/16","09:00","3.3","212","4.28","54.5","1019","-","-"
"2022/04/16","10:00","5.05","192","6.8","54.5","1018.4","-","-"
"2022/04/16","11:00","4.47","176","5.64","54","1018.8","-","-"
"2022/04/16","12:00","3.3","198","4.67","55.6","1018.4","-","-"
"2022/04/16","13:00","5.44","194","7.97","57.9","1018","-","-"
"2022/04/16","14:00","6.61","252","9.33","59.9","1018.4","-","-"
"2022/04/16","15:00","7","210","9.33","60.8","1017.7","-","-"
"2022/04/16","16:00","12.05","237","15.94","62.2","1017","-","-"
"2022/04/16","17:00","10.69","241","16.13","64","1016","-","-"
"2022/04/16","18:00","11.66","223","14.77","67.6","1014.2","-","-"
"2022/04/16","19:00","8.55","198","14","69.8","1012.7","-","-"
"2022/04/16","20:00","17.11","224","23.33","72.3","1011.6","-","-"
"2022/04/16","21:00","13.8","213","19.63","72.7","1010.4","-","-"
"2022/04/16","22:00","12.83","226","19.44","72.7","1010.3","-","-"
"2022/04/16","23:00","7.78","230","14.77","72","1010","-","-"
"2022/04/17","00:00","8.16","227","12.25","70.9","1010.2","-","-"
"2022/04/17","01:00","6.41","214","8.75","69.4","1010.5","-","-"
"2022/04/17","02:00","11.66","226","19.24","69.3","1010.1","-","-"
"2022/04/17","03:00","13.02","227","18.27","68.5","1009.9","-","-"
"2022/04/17","04:00","13.41","224","16.13","67.6","1010.1","-","-"
"2022/04/17","05:00","12.63","350","18.47","66.6","1011.4","-","-"
"2022/04/17","06:00","16.52","35","21.19","62.1","1012.3","-","-"
"2022/04/17","07:00","13.61","26","16.52","58.3","1013","-","-"
"2022/04/17","08:00","8.75","39","13.22","57.9","1013.9","-","-"
"2022/04/17","09:00","9.91","44","12.63","57.7","1015.1","-","-"
"2022/04/17","10:00","12.83","59","17.69","57.6","1016.4","-","-"
"2022/04/17","11:00","12.83","43","16.13","56.5","1017.6","-","-"
"2022/04/17","12:00","9.52","47","11.27","56.1","1018.4","-","-"
"2022/04/17","13:00","14.97","53","17.88","55.8","1019.1","-","-"
"2022/04/17","14:00","12.63","48","17.3","55.4","1019.8","-","-"
"2022/04/17","15:00","14.38","40","17.11","54.7","1020.6","-","-"
"2022/04/17","16:00","12.83","50","16.91","54.5","1020.9","-","-"
"2022/04/17","17:00","14.58","32","16.91","54.3","1020.7","-","-"
"2022/04/17","18:00","7.39","43","9.33","55.8","1020.8","-","-"
"2022/04/17","19:00","10.5","71","15.55","56.1","1021.3","-","-"
"2022/04/17","20:00","16.91","72","19.24","55.4","1021.1","-","-"
"2022/04/17","21:00","14.97","68","19.44","55.8","1021.6","-","-"
"2022/04/17","22:00","14.97","60","18.86","55.8","1022.3","-","-"
"2022/04/17","23:00","19.24","52","22.35","55","1022.5","-","-"
"2022/04/18","00:00","15.55","49","18.86","54.5","1023.2","-","-"
"2022/04/18","01:00","12.44","49","14.38","54.5","1024.1","-","-"
"2022/04/18","02:00","18.86","81","20.8","53.6","1024.1","-","-"
"2022/04/18","03:00","16.52","80","18.86","53.4","1025","-","-"
"2022/04/18","04:00","23.52","62","25.85","52.9","1024.9","-","-"
"2022/04/18","05:00","21.38","67","25.27","51.6","1025.3","-","-"
"2022/04/18","06:00","19.83","76","21.77","51.3","1025.4","-","-"
"2022/04/18","07:00","19.44","75","23.13","51.3","1024.7","-","-"
"2022/04/18","08:00","22.74","70","25.85","50.9","1024.2","-","-"
"2022/04/18","09:00","21.38","83","24.88","50.7","1023.7","-","-"
"2022/04/18","10:00","21.97","88","24.88","50.4","1023.8","-","-"
"2022/04/18","11:00","20.02","87","24.3","50.5","1024.1","-","-"
"2022/04/18","12:00","21.58","91","26.63","51.1","1023.6","-","-"
"2022/04/18","13:00","22.74","90","25.27","51.3","1023","-","-"
"2022/04/18","14:00","24.49","81","28.19","51.8","1021.6","-","-"
"2022/04/18","15:00","18.47","86","22.55","52","1022.3","-","-"
"2022/04/18","16:00","25.46","80","29.16","52.7","1019.2","-","-"
"2022/04/18","17:00","28.57","83","34.21","52.5","1017.5","-","-"
"2022/04/18","18:00","27.8","82","33.63","52.9","1015.2","-","-"
"2022/04/18","19:00","23.71","76","30.13","53.8","1014","-","-"
"2022/04/18","20:00","22.35","61","28.77","53.6","1011.5","-","-"
"2022/04/18","21:00","16.13","7","18.86","53.8","1009.6","-","-"
"2022/04/18","22:00","16.72","4","22.55","53.1","1008","-","-"
"2022/04/18","23:00","13.02","5","19.24","52.9","1005.9","-","-"
"2022/04/19","00:00","20.22","305","24.1","50.5","1005.4","-","-"
"2022/04/19","01:00","25.08","318","29.16","49.3","1006.5","-","-"
"2022/04/19","02:00","13.41","293","17.3","48.9","1007.1","-","-"
"2022/04/19","03:00","20.02","295","25.46","49.1","1007.5","-","-"
"2022/04/19","04:00","16.91","297","21.97","45.9","1008.8","-","-"
"2022/04/19","05:00","15.75","287","19.44","45.3","1009.5","-","-"
"2022/04/19","06:00","14.38","285","17.3","44.2","1009.7","-","-"
"2022/04/19","07:00","10.5","281","13.8","44.6","1010.2","-","-"
"2022/04/19","08:00","9.72","283","14.97","44.8","1010.8","-","-"
"2022/04/19","09:00","9.33","275","12.25","44.8","1011.1","-","-"
"2022/04/19","10:00","7.39","256","9.33","43.7","1011.9","-","-"
"2022/04/19","11:00","6.8","255","8.94","42.8","1013","-","-"
"2022/04/19","12:00","13.22","266","17.69","45.1","1013.6","-","-"
"2022/04/19","13:00","15.55","268","20.8","47.1","1013.8","-","-"
"2022/04/19","14:00","15.36","276","20.6","48.2","1014","-","-"
"2022/04/19","15:00","19.83","271","27.02","49.6","1014.5","-","-"
"2022/04/19","16:00","15.75","278","23.13","49.8","1015.1","-","-"
"2022/04/19","17:00","17.3","270","25.27","50.2","1015.3","-","-"
"2022/04/19","18:00","20.02","288","27.02","50","1015.7","-","-"
"2022/04/19","19:00","14.38","299","19.63","50.7","1016.2","-","-"
"2022/04/19","20:00","14.38","300","16.72","52","1016.2","-","-"
"2022/04/19","21:00","19.24","275","27.02","53.4","1016.3","-","-"
"2022/04/19","22:00","10.69","285","21.77","54.3","1017.3","-","-"
"2022/04/19","23:00","11.66","284","15.75","54","1018.6","-","-"
"2022/04/20","00:00","5.44","260","6.41","52.2","1020","-","-"
"2022/04/20","01:00","6.61","272","7.78","51.4","1021.5","-","-"
"2022/04/20","02:00","17.69","320","21.38","51.8","1023","-","-"
"2022/04/20","03:00","14.58","303","18.66","50.2","1023.5","-","-"
"2022/04/20","04:00","12.05","299","16.52","49.3","1024","-","-"
"2022/04/20","05:00","11.86","296","14.77","48.4","1024.7","-","-"
"2022/04/20","06:00","11.66","290","14.77","48.7","1024.9","-","-"
"2022/04/20","07:00","9.33","290","11.27","47.7","1025.8","-","-"
"2022/04/20","08:00","11.86","314","16.52","48.7","1026.7","-","-"
"2022/04/20","09:00","9.52","316","12.25","47.1","1027.3","-","-"
"2022/04/20","10:00","4.28","248","8.16","43.7","1028.4","-","-"
"2022/04/20","11:00","3.3","231","4.47","41.4","1029.4","-","-"
"2022/04/20","12:00","1.75","308","3.69","45.5","1030.2","-","-"
"2022/04/20","13:00","3.5","305","5.83","47.1","1030.7","-","-"
"2022/04/20","14:00","6.22","349","9.14","49.8","1031","-","-"
"2022/04/20","15:00","7.39","307","8.36","50.9","1030.8","-","-"
"2022/04/20","16:00","5.25","324","7","51.8","1030.9","-","-"
"2022/04/20","17:00","6.03","324","8.55","53.6","1030.6","-","-"
"2022/04/20","18:00","7.58","79","11.08","53.1","1030.6","-","-"
"2022/04/20","19:00","8.55","96","10.3","54.1","1030.3","-","-"
"2022/04/20","20:00","12.44","83","13.22","53.6","1029.8","-","-"
"2022/04/20","21:00","10.69","82","12.63","55","1029.7","-","-"
"2022/04/20","22:00","7","108","9.14","56.7","1029.8","-","-"
"2022/04/20","23:00","9.52","143","15.55","55.4","1030","-","-"
"2022/04/21","00:00","9.14","141","11.86","53.6","1030.6","-","-"
"2022/04/21","01:00","7.39","162","8.75","52.7","1031.3","-","-"
"2022/04/21","02:00","5.05","176","6.61","51.3","1031.6","-","-"
"2022/04/21","03:00","5.64","173","7","50","1031.9","-","-"
"2022/04/21","04:00","5.05","178","6.8","50","1032.1","-","-"
"2022/04/21","05:00","5.05","160","6.8","49.6","1032","-","-"
"2022/04/21","06:00","3.11","157","4.67","48.9","1031.9","-","-"
"2022/04/21","07:00","4.67","158","6.03","48.4","1031.7","-","-"
"2022/04/21","08:00","4.47","196","5.64","48.2","1031.9","-","-"
"2022/04/21","09:00","2.14","213","3.5","47.5","1032.3","-","-"
"2022/04/21","10:00","1.17","248","1.75","46.4","1032.6","-","-"
"2022/04/21","11:00","0.39","221","1.56","46.8","1032.7","-","-"
"2022/04/21","12:00","4.47","162","5.25","50.2","1032.8","-","-"
"2022/04/21","13:00","1.75","144","3.3","54","1032.9","-","-"
"2022/04/21","14:00","6.22","223","12.63","58.3","1033","-","-"
"2022/04/21","15:00","8.36","174","10.89","60.8","1032.6","-","-"
"2022/04/21","16:00","5.64","200","11.08","61.9","1031.9","-","-"
"2022/04/21","17:00","7.78","205","10.89","63.7","1031.2","-","-"
"2022/04/21","18:00","3.5","125","17.49","59.9","1030.5","-","-"
"2022/04/21","19:00","8.94","97","11.47","61","1029.8","-","-"
"2022/04/21","20:00","10.11","112","13.22","61.2","1028.8","-","-"
"2022/04/21","21:00","10.11","128","12.44","61.7","1028.2","-","-"
"2022/04/21","22:00","6.22","101","7.58","61.5","1028","-","-"
"2022/04/21","23:00","4.67","146","6.22","63.5","1027.8","-","-"
"2022/04/22","00:00","2.33","156","4.08","62.1","1028.1","-","-"
"2022/04/22","01:00","3.11","163","3.69","61.7","1028.4","-","-"
"2022/04/22","02:00","5.25","163","6.22","61.9","1028.6","-","-"
"2022/04/22","03:00","5.05","184","7","62.2","1028.4","-","-"
"2022/04/22","04:00","7.58","201","12.44","63.1","1028.4","-","-"
"2022/04/22","05:00","7.39","204","10.89","62.1","1028.3","-","-"
"2022/04/22","06:00","6.61","213","9.72","60.8","1028.1","-","-"
"2022/04/22","07:00","8.55","226","10.5","60.1","1027.8","-","-"
"2022/04/22","08:00","8.55","219","11.08","59.4","1027.7","-","-"
"2022/04/22","09:00","11.66","226","14.77","58.8","1027.4","-","-"
"2022/04/22","10:00","14.19","229","17.3","58.8","1027.2","-","-"
"2022/04/22","11:00","5.64","281","8.75","58.6","1028.4","-","-"
"2022/04/22","12:00","7.39","309","8.16","58.8","1029.3","-","-"
"2022/04/22","13:00","7.39","318","7.97","59.2","1029.7","-","-"
"2022/04/22","14:00","6.61","297","7.19","60.8","1029.6","-","-"
"2022/04/22","15:00","9.14","19","11.27","67.3","1029.5","-","-"
"2022/04/22","16:00","13.02","46","14.38","67.6","1029.5","-","-"
"2022/04/22","17:00","11.08","76","12.05","65.1","1029.2","-","-"
"2022/04/22","18:00","10.11","101","12.63","64.6","1028.8","-","-"
"2022/04/22","19:00","12.44","92","13.22","64.4","1028.3","-","-"
"2022/04/22","20:00","9.14","112","11.08","66.2","1027.6","-","-"
"2022/04/22","21:00","10.69","95","11.08","65.1","1027.4","-","-"
"2022/04/22","22:00","8.36","95","8.94","65.1","1027.3","-","-"
"2022/04/22","23:00","8.75","92","10.5","64.6","1027.3","-","-"
"2022/04/23","00:00","3.11","128","3.5","64.8","1027.4","-","-"
"2022/04/23","01:00","4.08","145","5.83","63","1027.7","-","-"
"2022/04/23","02:00","3.3","102","4.28","61.3","1027.8","-","-"
"2022/04/23","03:00","2.53","127","3.3","59.9","1028","-","-"
"2022/04/23","04:00","0.58","143","1.94","58.8","1027.8","-","-"
"2022/04/23","05:00","0.78","145","1.36","58.3","1028.3","-","-"
"2022/04/23","06:00","0.78","125","1.36","56.8","1028","-","-"
"2022/04/23","07:00","3.89","192","6.03","58.8","1027.5","-","-"
"2022/04/23","08:00","1.36","110","2.33","57.6","1027.1","-","-"
"2022/04/23","09:00","1.75","144","2.33","56.7","1027.3","-","-"
"2022/04/23","10:00","1.36","144","1.94","55.9","1027.5","-","-"
"2022/04/23","11:00","1.17","94","1.56","57.6","1027.6","-","-"
"2022/04/23","12:00","2.14","80","2.53","59.2","1027.9","-","-"
"2022/04/23","13:00","4.08","84","4.47","59.5","1027.9","-","-"
"2022/04/23","14:00","10.3","71","10.89","59.5","1028.2","-","-"
"2022/04/23","15:00","10.89","82","11.47","60.6","1027.8","-","-"
"2022/04/23","16:00","12.44","86","13.02","62.2","1027.3","-","-"
"2022/04/23","17:00","14.97","95","16.52","63.5","1026.3","-","-"
"2022/04/23","18:00","10.89","123","13.61","66.4","1025.4","-","-"
"2022/04/23","19:00","12.63","118","15.75","65.1","1024.3","-","-"
"2022/04/23","20:00","10.69","122","13.41","65.8","1023.1","-","-"
"2022/04/23","21:00","8.16","97","10.5","65.1","1022.6","-","-"
"2022/04/23","22:00","11.08","89","14","63.3","1022.6","-","-"
"2022/04/23","23:00","5.64","131","7.39","66","1021.8","-","-"
"2022/04/24","00:00","3.69","91","4.28","63.1","1021.6","-","-"
"2022/04/24","01:00","2.53","155","2.92","64","1021.8","-","-"
"2022/04/24","02:00","5.83","182","9.14","66.6","1021.7","-","-"
"2022/04/24","03:00","7","187","8.75","66.6","1021.7","-","-"
"2022/04/24","04:00","6.41","191","9.91","65.8","1021.7","-","-"
"2022/04/24","05:00","10.5","210","13.22","66.6","1021.1","-","-"
"2022/04/24","06:00","10.11","208","13.22","66.4","1020.6","-","-"
"2022/04/24","07:00","10.3","216","13.02","66","1020.5","-","-"
"2022/04/24","08:00","9.52","219","12.25","65.1","1020.6","-","-"
"2022/04/24","09:00","10.69","219","14.58","64.4","1020.3","-","-"
"2022/04/24","10:00","10.69","225","12.83","64.4","1020.4","-","-"
"2022/04/24","11:00","11.86","224","14","64.6","1020.8","-","-"
"2022/04/24","12:00","12.05","234","16.72","66.2","1021.1","-","-"
"2022/04/24","13:00","13.41","240","17.49","69.1","1020.9","-","-"
"2022/04/24","14:00","11.27","240","19.83","73","1020.6","-","-"
"2022/04/24","15:00","14.58","241","18.86","76.6","1020.3","-","-"
"2022/04/24","16:00","15.16","233","18.47","78.6","1020.1","-","-"
"2022/04/24","17:00","13.61","277","19.05","80.1","1019.7","-","-"
"2022/04/24","18:00","12.83","285","16.91","81.5","1019.3","-","-"
"2022/04/24","19:00","10.11","290","14.58","82.8","1018.8","-","-"
"2022/04/24","20:00","11.27","83","17.88","71.2","1018.5","-","-"
"2022/04/24","21:00","9.14","74","9.91","67.3","1018.5","-","-"
"2022/04/24","22:00","6.41","77","6.8","67.8","1018.5","-","-"
"2022/04/24","23:00","8.94","84","9.14","68.5","1018.3","-","-"
"2022/04/25","00:00","7.58","89","8.94","66.9","1018.9","-","-"
"2022/04/25","01:00","7.97","83","10.5","63.1","1019.4","-","-"
"2022/04/25","02:00","6.8","75","7.58","62.1","1019.5","-","-"
"2022/04/25","03:00","6.61","69","7","61.5","1019.4","-","-"
"2022/04/25","04:00","5.05","94","5.64","61.5","1019","-","-"
"2022/04/25","05:00","3.11","100","4.28","61.5","1019","-","-"
"2022/04/25","06:00","4.67","141","5.83","61.3","1018.7","-","-"
"2022/04/25","07:00","0.97","151","1.36","60.3","1018.6","-","-"
"2022/04/25","08:00","0.19","82","0.78","59.7","1018.6","-","-"
"2022/04/25","09:00","2.53","118","3.11","61","1018.7","-","-"
"2022/04/25","10:00","1.75","152","1.94","60.1","1018.7","-","-"
"2022/04/25","11:00","1.17","196","1.94","61.9","1019.4","-","-"
"2022/04/25","12:00","6.8","230","8.75","65.3","1019.4","-","-"
"2022/04/25","13:00","7.19","242","9.52","68.4","1019.2","-","-"
"2022/04/25","14:00","4.28","251","7.58","72","1018.9","-","-"
"2022/04/25","15:00","4.28","214","8.36","76.1","1018.7","-","-"
"2022/04/25","16:00","2.14","112","5.05","73.4","1018.5","-","-"
"2022/04/25","17:00","8.75","89","9.91","68.5","1018.4","-","-"
"2022/04/25","18:00","13.8","89","16.33","66.6","1018.6","-","-"
"2022/04/25","19:00","9.72","84","13.41","66.6","1018.5","-","-"
"2022/04/25","20:00","10.3","83","12.44","66","1018.4","-","-"
"2022/04/25","21:00","9.52","89","11.27","66.6","1018.3","-","-"
"2022/04/25","22:00","9.72","83","11.66","67.5","1018.3","-","-"
"2022/04/25","23:00","11.86","76","14.58","66.7","1018.3","-","-"
"2022/04/26","00:00","12.63","85","14.38","65.5","1017.8","-","-"
"2022/04/26","01:00","8.94","118","10.69","66.9","1017.7","-","-"
"2022/04/26","02:00","5.83","143","7.19","66.2","1017.6","-","-"
"2022/04/26","03:00","2.14","139","2.53","65.7","1017.5","-","-"
"2022/04/26","04:00","4.86","183","7","67.5","1017.2","-","-"
"2022/04/26","05:00","6.8","206","8.94","68.5","1016.9","-","-"
"2022/04/26","06:00","8.55","208","11.27","68.4","1016.5","-","-"
"2022/04/26","07:00","8.16","214","11.08","67.8","1016.2","-","-"
"2022/04/26","08:00","9.91","216","12.44","67.3","1016","-","-"
"2022/04/26","09:00","11.66","222","17.3","66.7","1016.1","-","-"
"2022/04/26","10:00","10.89","218","14.19","65.8","1016.4","-","-"
"2022/04/26","11:00","9.91","219","15.16","65.8","1016.6","-","-"
"2022/04/26","12:00","8.94","217","11.47","67.6","1016.9","-","-"
"2022/04/26","13:00","10.89","225","14.58","70.2","1016.5","-","-"
"2022/04/26","14:00","6.8","243","8.36","72.5","1016.4","-","-"
"2022/04/26","15:00","6.61","210","9.33","75.4","1016.1","-","-"
"2022/04/26","16:00","3.3","205","7.19","78.6","1015.5","-","-"
"2022/04/26","17:00","8.36","215","12.05","80.8","1014.5","-","-"
"2022/04/26","18:00","13.22","192","18.66","83.3","1013.6","-","-"
"2022/04/26","19:00","7.97","237","13.41","84.2","1012.8","-","-"
"2022/04/26","20:00","17.49","57","18.86","69.4","1011.9","-","-"
"2022/04/26","21:00","10.3","20","14.97","69.3","1012.9","-","-"
"2022/04/26","22:00","18.27","338","25.85","63","1015.2","-","-"
"2022/04/26","23:00","7.78","358","14","60.3","1016","-","-"
"2022/04/27","00:00","7","51","8.36","60.1","1015.6","-","-"
"2022/04/27","01:00","8.16","67","11.47","61.9","1014.9","-","-"
"2022/04/27","02:00","6.41","79","8.36","62.1","1016","-","-"
"2022/04/27","03:00","6.61","265","9.33","59.5","1017.7","-","-"
"2022/04/27","04:00","9.72","301","11.86","59.4","1017.5","-","-"
"2022/04/27","05:00","8.16","284","9.72","58.6","1017.7","-","-"
"2022/04/27","06:00","7.39","281","8.55","58.5","1017.2","-","-"
"2022/04/27","07:00","5.05","265","6.41","57.7","1016.8","-","-"
"2022/04/27","08:00","14.58","320","17.88","59.4","1017.3","-","-"
"2022/04/27","09:00","14","328","18.27","56.8","1017.3","-","-"
"2022/04/27","10:00","14.97","329","18.27","55.2","1017.9","-","-"
"2022/04/27","11:00","13.02","339","16.13","52.7","1019","-","-"
"2022/04/27","12:00","14.58","336","18.08","51.8","1019.7","-","-"
"2022/04/27","13:00","14","333","19.44","51.6","1019.6","-","-"
"2022/04/27","14:00","14.58","333","21.38","53.8","1019.4","-","-"
"2022/04/27","15:00","14.19","311","17.49","54.5","1019","-","-"
"2022/04/27","16:00","13.02","320","15.16","55.6","1018.7","-","-"
"2022/04/27","17:00","11.27","333","16.72","56.7","1018.1","-","-"
"2022/04/27","18:00","10.11","318","16.72","58.3","1017.4","-","-"
"2022/04/27","19:00","11.86","294","19.44","60.1","1016.6","-","-"
"2022/04/27","20:00","11.47","261","14","61.9","1015.9","-","-"
"2022/04/27","21:00","7.78","268","11.47","63.7","1015.3","-","-"
"2022/04/27","22:00","7.97","302","12.25","64.8","1014.9","-","-"
"2022/04/27","23:00","6.61","273","9.14","65.5","1014.9","-","-"
"2022/04/28","00:00","13.02","57","15.75","59.4","1016.1","-","-"
"2022/04/28","01:00","7.78","54","8.55","59","1016.8","-","-"
"2022/04/28","02:00","7.78","54","9.72","58.8","1017.5","-","-"
"2022/04/28","03:00","7.97","33","9.14","57.7","1018","-","-"
"2022/04/28","04:00","14","36","16.13","55.6","1019","-","-"
"2022/04/28","05:00","15.94","25","20.41","53.2","1019.5","-","-"
"2022/04/28","06:00","11.86","6","17.69","50.9","1019.8","-","-"
"2022/04/28","07:00","10.11","357","13.02","48.7","1019.6","-","-"
"2022/04/28","08:00","11.66","6","13.61","47.8","1019.6","-","-"
"2022/04/28","09:00","9.91","337","12.25","45.3","1020","-","-"
"2022/04/28","10:00","14.97","328","18.66","45.1","1020.6","-","-"
"2022/04/28","11:00","12.25","333","15.16","43.3","1021.5","-","-"
"2022/04/28","12:00","12.05","3","15.55","42.6","1022.2","-","-"
"2022/04/28","13:00","15.36","338","18.86","43.5","1022.4","-","-"
"2022/04/28","14:00","13.8","312","17.88","45.9","1022","-","-"
"2022/04/28","15:00","19.24","314","23.13","47.7","1022","-","-"
"2022/04/28","16:00","19.24","311","26.05","49.3","1021.7","-","-"
"2022/04/28","17:00","17.69","305","22.16","50","1021.1","-","-"
"2022/04/28","18:00","18.47","296","20.6","52.2","1020.4","-","-"
"2022/04/28","19:00","16.13","299","19.05","54.3","1019.8","-","-"
"2022/04/28","20:00","15.36","304","20.99","56.1","1019.3","-","-"
"2022/04/28","21:00","15.55","328","17.11","57.7","1019.2","-","-"
"2022/04/28","22:00","13.41","317","16.91","58.6","1019.2","-","-"
"2022/04/28","23:00","12.25","321","15.55","59.4","1019.1","-","-"
"2022/04/29","00:00","7.58","12","8.75","58.5","1019.2","-","-"
"2022/04/29","01:00","5.64","40","6.41","56.5","1019.8","-","-"
"2022/04/29","02:00","7","22","7.97","55.9","1020.5","-","-"
"2022/04/29","03:00","2.14","227","3.5","50","1021","-","-"
"2022/04/29","04:00","2.53","255","3.69","48.6","1021.4","-","-"
"2022/04/29","05:00","2.53","264","3.11","48.6","1021.2","-","-"
"2022/04/29","06:00","1.94","268","3.11","48.9","1021.1","-","-"
"2022/04/29","07:00","6.41","294","8.36","52.5","1021.2","-","-"
"2022/04/29","08:00","8.94","304","11.27","52.3","1021.4","-","-"
"2022/04/29","09:00","12.83","318","14.38","50.9","1022.1","-","-"
"2022/04/29","10:00","9.33","336","10.89","48.4","1022.8","-","-"
"2022/04/29","11:00","9.33","4","10.89","47.8","1023.4","-","-"
"2022/04/29","12:00","6.8","16","8.55","49.5","1023.9","-","-"
"2022/04/29","13:00","6.8","27","12.05","52","1024.3","-","-"
"2022/04/29","14:00","6.03","54","8.16","52.7","1024.1","-","-"
"2022/04/29","15:00","3.69","279","5.44","54","1023.8","-","-"
"2022/04/29","16:00","6.61","306","8.36","54.9","1023.3","-","-"
"2022/04/29","17:00","10.69","317","12.25","56.7","1022.3","-","-"
"2022/04/29","18:00","7","311","8.75","58.8","1021.4","-","-"
"2022/04/29","19:00","6.22","333","7.58","61","1020.5","-","-"
"2022/04/29","20:00","4.08","297","5.44","62.4","1019.6","-","-"
"2022/04/29","21:00","4.47","91","8.16","61.2","1019.2","-","-"
"2022/04/29","22:00","8.36","85","9.72","59.7","1019.2","-","-"
"2022/04/29","23:00","7","83","7.39","59.7","1019","-","-"
"2022/04/30","00:00","5.64","103","7.19","58.3","1019.2","-","-"
"2022/04/30","01:00","4.28","113","5.64","58.6","1019.8","-","-"
"2022/04/30","02:00","1.17","103","2.33","57.2","1020.3","-","-"
"2022/04/30","03:00","3.69","196","4.47","54","1020.7","-","-"
"2022/04/30","04:00","2.14","222","2.72","54","1020.9","-","-"
"2022/04/30","05:00","0.39","184","0.97","52.3","1021","-","-"
"2022/04/30","06:00","0.97","209","1.94","50.2","1020.6","-","-"
"2022/04/30","07:00","1.75","170","2.53","50.5","1020.1","-","-"
"2022/04/30","08:00","1.56","225","2.14","49.3","1020.2","-","-"
"2022/04/30","09:00","0.58","72","0.78","50.9","1020","-","-"
"2022/04/30","10:00","0.97","224","1.75","50.2","1020.2","-","-"
"2022/04/30","11:00","3.3","293","4.08","53.4","1020.8","-","-"
"2022/04/30","12:00","8.55","36","10.3","54.3","1021.4","-","-"
"2022/04/30","13:00","10.89","69","13.8","55.9","1021.4","-","-"
"2022/04/30","14:00","10.3","72","11.86","55.8","1021.5","-","-"
"2022/04/30","15:00","8.36","72","10.3","55.9","1021.6","-","-"
"2022/04/30","16:00","7.78","90","9.33","56.7","1021.5","-","-"
"2022/04/30","17:00","7","89","7.78","57.7","1021.3","-","-"
"2022/04/30","18:00","7.58","91","9.14","58.6","1020.7","-","-"
"2022/04/30","19:00","9.52","85","10.5","58.8","1020","-","-"
"2022/04/30","20:00","8.55","107","10.11","59.5","1019.6","-","-"
"2022/04/30","21:00","6.03","162","7.58","59.5","1019.3","-","-"
"2022/04/30","22:00","2.92","146","5.44","60.6","1019.2","-","-"
"2022/04/30","23:00","4.28","148","5.05","60.8","1019.5","-","-"
"2022/05/01","00:00","3.5","152","4.86","59.7","1019.7","-","-"
"2022/05/01","01:00","3.89","154","5.05","57.6","1019.8","-","-"
"2022/05/01","02:00","3.5","160","5.05","56.8","1019.9","-","-"
"2022/05/01","03:00","7.19","166","8.36","55.8","1019.4","-","-"
"2022/05/01","04:00","0.97","211","3.3","54.3","1020","-","-"
"2022/05/01","05:00","2.33","190","3.5","54.3","1019.9","-","-"
"2022/05/01","06:00","1.56","163","2.33","54","1019.7","-","-"
"2022/05/01","07:00","1.56","144","3.3","54.3","1019.6","-","-"
"2022/05/01","08:00","1.75","169","2.53","54","1019.1","-","-"
"2022/05/01","09:00","1.17","179","2.14","54.1","1019.1","-","-"
"2022/05/01","10:00","2.14","102","4.08","55.6","1019.1","-","-"
"2022/05/01","11:00","2.72","183","3.69","56.7","1019.5","-","-"
"2022/05/01","12:00","3.69","153","5.25","57.6","1019.4","-","-"
"2022/05/01","13:00","4.67","142","5.83","59.9","1019.8","-","-"
"2022/05/01","14:00","6.41","142","8.36","63.3","1019.8","-","-"
"2022/05/01","15:00","10.89","95","13.02","62.8","1019.4","-","-"
"2022/05/01","16:00","13.22","89","14.58","63.3","1019.1","-","-"
"2022/05/01","17:00","13.61","86","14.97","63.3","1018.6","-","-"
"2022/05/01","18:00","12.44","89","13.61","63.1","1017.8","-","-"
"2022/05/01","19:00","11.66","96","13.02","65.1","1017","-","-"
"2022/05/01","20:00","10.89","83","11.66","64.6","1016.3","-","-"
"2022/05/01","21:00","13.41","81","13.8","64.2","1015.8","-","-"
"2022/05/01","22:00","9.33","98","11.27","63.3","1015.6","-","-"
"2022/05/01","23:00","7.39","99","8.75","63.9","1015.1","-","-"
"2022/05/02","00:00","4.47","88","5.25","64.2","1014.8","-","-"
"2022/05/02","01:00","18.27","302","22.94","64","1015.8","-","-"
"2022/05/02","02:00","7.19","87","7.78","63.3","1015.4","-","-"
"2022/05/02","03:00","2.33","222","2.72","64","1016.2","-","-"
"2022/05/02","04:00","1.56","111","2.14","63.5","1016","-","-"
"2022/05/02","05:00","3.3","237","4.08","63.3","1016.1","-","-"
"2022/05/02","06:00","2.92","217","3.3","63.5","1015.5","-","-"
"2022/05/02","07:00","10.11","216","13.02","64.6","1014.8","-","-"
"2022/05/02","08:00","9.72","218","12.83","64.8","1014.9","-","-"
"2022/05/02","09:00","9.91","228","13.02","64.9","1015","-","-"
"2022/05/02","10:00","9.52","225","13.22","64.9","1014.9","-","-"
"2022/05/02","11:00","13.22","235","16.33","65.8","1015.1","-","-"
"2022/05/02","12:00","11.86","232","17.69","66.7","1015.5","-","-"
"2022/05/02","13:00","11.86","257","16.72","68.4","1015.9","-","-"
"2022/05/02","14:00","9.52","268","13.22","69.6","1016.1","-","-"
"2022/05/02","15:00","5.44","279","9.72","72","1016.5","-","-"
"2022/05/02","16:00","2.53","6","3.89","73.6","1016.3","-","-"
"2022/05/02","17:00","3.89","31","4.67","76.6","1015.9","-","-"
"2022/05/02","18:00","5.44","105","6.61","76.1","1015.5","-","-"
"2022/05/02","19:00","8.16","92","8.94","73","1014.7","-","-"
"2022/05/02","20:00","10.3","79","10.69","72.3","1014.2","-","-"
"2022/05/02","21:00","8.55","118","11.47","74.7","1014.4","-","-"
"2022/05/02","22:00","5.64","104","7","74.1","1014.3","-","-"
"2022/05/02","23:00","4.28","100","7.19","68","1014.8","-","-"
"2022/05/03","00:00","2.53","82","4.08","69.3","1015.2","-","-"
"2022/05/03","01:00","0.58","99","1.56","68","1015.6","-","-"
"2022/05/03","02:00","7.78","90","9.52","67.1","1016","-","-"
"2022/05/03","03:00","2.53","136","3.11","66.2","1015.9","-","-"
"2022/05/03","04:00","2.92","158","3.3","65.3","1015.7","-","-"
"2022/05/03","05:00","1.75","159","2.53","64.8","1015.7","-","-"
"2022/05/03","06:00","1.94","200","3.89","65.5","1015.4","-","-"
"2022/05/03","07:00","5.05","205","6.61","66.7","1014.6","-","-"
"2022/05/03","08:00","8.75","219","10.5","67.3","1014.5","-","-"
"2022/05/03","09:00","9.14","313","11.66","65.8","1015.3","-","-"
"2022/05/03","10:00","0.78","324","2.14","64.9","1015.6","-","-"
"2022/05/03","11:00","5.83","96","7","64.9","1016.5","-","-"
"2022/05/03","12:00","12.83","69","14.19","61","1017.4","-","-"
"2022/05/03","13:00","11.27","77","12.25","59.9","1018.4","-","-"
"2022/05/03","14:00","8.55","56","12.05","59.9","1018.7","-","-"
"2022/05/03","15:00","11.27","60","12.63","59.7","1019.2","-","-"
"2022/05/03","16:00","11.27","72","12.83","59.4","1019.2","-","-"
"2022/05/03","17:00","10.69","69","11.86","59","1019","-","-"
"2022/05/03","18:00","10.89","74","13.41","59","1018.6","-","-"
"2022/05/03","19:00","9.14","66","11.27","59.9","1018.4","-","-"
"2022/05/03","20:00","11.27","76","13.02","59.2","1018","-","-"
"2022/05/03","21:00","12.63","78","14","59.4","1017.2","-","-"
"2022/05/03","22:00","12.44","97","14.38","59.2","1016.8","-","-"
"2022/05/03","23:00","12.05","95","14.97","58.6","1016.6","-","-"
"2022/05/04","00:00","12.83","89","15.36","57.9","1016.6","-","-"
"2022/05/04","01:00","4.28","228","14","58.1","1018.1","-","-"
"2022/05/04","02:00","19.05","176","23.71","59.4","1015.8","-","-"
"2022/05/04","03:00","8.75","165","13.41","60.8","1015","-","-"
"2022/05/04","04:00","4.67","339","5.25","61.2","1015","-","-"
"2022/05/04","05:00","4.86","71","5.83","61","1015.1","-","-"
"2022/05/04","06:00","1.56","157","2.14","60.6","1014.6","-","-"
"2022/05/04","07:00","2.53","105","2.92","60.6","1014","-","-"
"2022/05/04","08:00","3.3","22","5.83","60.3","1014.8","-","-"
"2022/05/04","09:00","6.41","34","10.11","60.4","1015.2","-","-"
"2022/05/04","10:00","6.03","84","6.8","60.4","1015","-","-"
"2022/05/04","11:00","5.05","112","6.61","60.6","1015.1","-","-"
"2022/05/04","12:00","6.22","109","6.8","61.2","1014.9","-","-"
"2022/05/04","13:00","4.67","119","5.44","62.2","1014.9","-","-"
"2022/05/04","14:00","2.33","92","3.3","64.8","1014.6","-","-"
"2022/05/04","15:00","8.36","73","8.75","63.7","1014.3","-","-"
"2022/05/04","16:00","7.19","81","8.55","64.4","1014","-","-"
"2022/05/04","17:00","8.36","78","9.14","65.5","1013","-","-"
"2022/05/04","18:00","8.16","74","8.55","66.9","1012.9","-","-"
"2022/05/04","19:00","7.78","101","9.14","68.5","1012.2","-","-"
"2022/05/04","20:00","4.47","91","5.64","69.3","1011.6","-","-"
"2022/05/04","21:00","2.14","52","2.72","72","1011.9","-","-"
"2022/05/04","22:00","5.64","108","7.58","71.2","1011.7","-","-"
"2022/05/04","23:00","5.25","146","6.8","72.5","1011.2","-","-"
"2022/05/05","00:00","11.86","48","13.02","67.6","1012.5","-","-"
"2022/05/05","01:00","10.89","3","13.02","69.1","1013.7","-","-"
"2022/05/05","02:00","8.36","70","9.52","68","1014.8","-","-"
"2022/05/05","03:00","1.94","33","3.11","67.6","1014.9","-","-"
"2022/05/05","04:00","2.14","249","3.11","67.1","1015.4","-","-"
"2022/05/05","05:00","2.53","8","3.11","66.9","1015.5","-","-"
"2022/05/05","06:00","9.14","324","10.5","66","1015.3","-","-"
"2022/05/05","07:00","7.78","344","8.55","65.3","1015.4","-","-"
"2022/05/05","08:00","11.66","356","14.38","64.9","1015.5","-","-"
"2022/05/05","09:00","11.47","336","14.38","63.3","1015.6","-","-"
"2022/05/05","10:00","13.61","5","17.11","62.4","1015.6","-","-"
"2022/05/05","11:00","10.69","11","12.63","61.7","1016.4","-","-"
"2022/05/05","12:00","8.94","23","13.22","61.7","1017.5","-","-"
"2022/05/05","13:00","12.25","44","14.38","62.2","1019.1","-","-"
"2022/05/05","14:00","11.47","34","15.16","62.1","1019","-","-"
"2022/05/05","15:00","8.36","43","10.5","62.4","1019.1","-","-"
"2022/05/05","16:00","6.61","44","8.75","63.7","1019","-","-"
"2022/05/05","17:00","6.41","74","7.78","63.7","1018.9","-","-"
"2022/05/05","18:00","10.89","88","12.44","63.5","1018.3","-","-"
"2022/05/05","19:00","9.33","92","10.11","64","1017.8","-","-"
"2022/05/05","20:00","8.16","85","9.14","64.4","1017.2","-","-"
"2022/05/05","21:00","7.78","78","8.55","65.1","1016.8","-","-"
"2022/05/05","22:00","9.52","90","10.3","64.2","1017.1","-","-"
"2022/05/05","23:00","8.36","112","9.91","64.2","1017.3","-","-"
"2022/05/06","00:00","9.33","102","11.08","63.5","1016.6","-","-"
"2022/05/06","01:00","10.89","99","13.41","61.9","1016.7","-","-"
"2022/05/06","02:00","9.33","99","10.5","61.5","1017.8","-","-"
"2022/05/06","03:00","9.33","125","11.08","60.8","1017.3","-","-"
"2022/05/06","04:00","3.69","141","5.25","59.9","1017.1","-","-"
"2022/05/06","05:00","5.25","146","6.8","59.5","1016.5","-","-"
"2022/05/06","06:00","2.33","132","4.28","59.2","1015.5","-","-"
"2022/05/06","07:00","2.14","128","3.3","59.5","1014.3","-","-"
"2022/05/06","08:00","2.72","157","3.3","59.2","1013.9","-","-"
"2022/05/06","09:00","3.89","158","5.44","58.8","1013.2","-","-"
"2022/05/06","10:00","0.58","141","1.36","58.1","1013.1","-","-"
"2022/05/06","11:00","3.3","279","3.89","58.8","1013.7","-","-"
"2022/05/06","12:00","1.56","229","2.14","60.3","1013.5","-","-"
"2022/05/06","13:00","2.53","88","3.3","61.7","1012.8","-","-"
"2022/05/06","14:00","7.19","85","8.36","63","1012.2","-","-"
"2022/05/06","15:00","14.77","90","15.75","62.2","1010.7","-","-"
"2022/05/06","16:00","6.41","153","7.78","64.4","1011","-","-"
"2022/05/06","17:00","9.72","101","10.89","64.8","1009.6","-","-"
"2022/05/06","18:00","10.3","97","12.63","63.3","1008.3","-","-"
"2022/05/06","19:00","15.94","98","17.88","63","1006.8","-","-"
"2022/05/06","20:00","15.36","99","18.47","63.3","1004.9","-","-"
"2022/05/06","21:00","13.8","117","17.88","64","1003.9","-","-"
"2022/05/06","22:00","10.3","144","13.8","64","1003.2","-","-"
"2022/05/06","23:00","10.11","116","13.8","64.6","1001.7","-","-"
"2022/05/07","00:00","2.33","190","4.47","65.7","1002.4","-","-"
"2022/05/07","01:00","5.25","67","6.22","64.9","1001.6","-","-"
"2022/05/07","02:00","1.75","120","2.53","65.3","1000.9","-","-"
"2022/05/07","03:00","4.08","102","6.61","65.3","1000.2","-","-"
"2022/05/07","04:00","5.25","168","7.97","66.6","998.5","-","-"
"2022/05/07","05:00","5.05","193","11.08","65.3","998.7","-","-"
"2022/05/07","06:00","6.22","204","8.55","64.2","998","-","-"
"2022/05/07","07:00","7.78","208","11.08","64","996.6","-","-"
"2022/05/07","08:00","6.61","208","8.55","63.9","997","-","-"
"2022/05/07","09:00","5.25","267","11.27","64.4","997.5","-","-"
"2022/05/07","10:00","10.89","278","12.63","63.7","997.8","-","-"
"2022/05/07","11:00","7.97","274","10.69","62.4","998.5","-","-"
"2022/05/07","12:00","6.03","292","8.55","62.6","999.2","-","-"
"2022/05/07","13:00","6.41","303","8.75","61.2","999.8","-","-"
"2022/05/07","14:00","13.22","317","14.77","60.4","1000.4","-","-"
"2022/05/07","15:00","12.25","319","13.41","59.9","1000.7","-","-"
"2022/05/07","16:00","14","311","15.16","59.9","1001.2","-","-"
"2022/05/07","17:00","12.44","323","15.55","59.5","1001.1","-","-"
"2022/05/07","18:00","16.13","310","18.08","59.9","1001.2","-","-"
"2022/05/07","19:00","14.19","328","16.91","60.3","1001.9","-","-"
"2022/05/07","20:00","11.66","333","14.38","60.6","1002","-","-"
"2022/05/07","21:00","13.61","3","18.66","57.7","1003","-","-"
"2022/05/07","22:00","14.97","355","19.24","56.7","1003.7","-","-"
"2022/05/07","23:00","14.38","355","18.66","55.2","1003.8","-","-"
"2022/05/08","00:00","15.75","12","20.41","54.1","1005.4","-","-"
"2022/05/08","01:00","16.72","6","21.38","53.6","1006.4","-","-"
"2022/05/08","02:00","13.41","12","21.58","53.2","1007.1","-","-"
"2022/05/08","03:00","14.58","5","20.22","52.9","1007.8","-","-"
"2022/05/08","04:00","17.88","23","24.69","52.9","1007.6","-","-"
"2022/05/08","05:00","18.27","29","28.19","52.7","1008.1","-","-"
"2022/05/08","06:00","21.38","30","30.32","52","1008","-","-"
"2022/05/08","07:00","22.16","25","35.18","52","1008.2","-","-"
"2022/05/08","08:00","19.83","24","28.77","51.4","1008.6","-","-"
"2022/05/08","09:00","19.05","20","30.91","51.1","1009.1","-","-"
"2022/05/08","10:00","11.47","334","19.05","50","1009.8","-","-"
"2022/05/08","11:00","14","18","18.27","50.2","1010.8","-","-"
"2022/05/08","12:00","14.38","4","17.49","49.5","1011.8","-","-"
"2022/05/08","13:00","16.52","15","21.38","51.1","1012.7","-","-"
"2022/05/08","14:00","16.33","11","22.94","50.4","1013.7","-","-"
"2022/05/08","15:00","17.3","27","24.1","51.3","1014.2","-","-"
"2022/05/08","16:00","19.83","21","24.49","50.9","1014.5","-","-"
"2022/05/08","17:00","15.36","12","19.05","50.4","1014.6","-","-"
"2022/05/08","18:00","17.11","10","20.99","50.5","1015.2","-","-"
"2022/05/08","19:00","22.94","31","26.82","51.1","1015.8","-","-"
"2022/05/08","20:00","18.66","30","28.96","50.9","1015.4","-","-"
"2022/05/08","21:00","21.77","16","29.16","51.8","1016.2","-","-"
"2022/05/08","22:00","23.91","22","30.91","51.4","1017","-","-"
"2022/05/08","23:00","18.86","31","25.27","52.7","1017.1","-","-"
"2022/05/09","00:00","16.33","27","24.69","53.1","1018.4","-","-"
"2022/05/09","01:00","23.91","33","28.19","53.4","1018.7","-","-"
"2022/05/09","02:00","23.71","33","27.41","53.8","1019","-","-"
"2022/05/09","03:00","22.35","40","28.96","53.2","1018.8","-","-"
"2022/05/09","04:00","17.69","28","23.33","52.7","1019.2","-","-"
"2022/05/09","05:00","17.3","42","22.16","52.5","1018.7","-","-"
"2022/05/09","06:00","18.08","36","21.19","51.8","1018.1","-","-"
"2022/05/09","07:00","18.86","28","22.94","51.8","1018","-","-"
"2022/05/09","08:00","14.19","33","18.86","51.6","1017.9","-","-"
"2022/05/09","09:00","14.38","29","21.38","51.6","1018.2","-","-"
"2022/05/09","10:00","9.14","341","12.05","50.2","1018.5","-","-"
"2022/05/09","11:00","20.99","19","26.63","52.3","1019.7","-","-"
"2022/05/09","12:00","15.75","8","18.86","52.9","1020.1","-","-"
"2022/05/09","13:00","19.83","30","24.49","54","1020.6","-","-"
"2022/05/09","14:00","15.75","30","22.16","54.3","1021","-","-"
"2022/05/09","15:00","15.75","18","22.16","55","1021.5","-","-"
"2022/05/09","16:00","16.91","32","20.8","55.9","1021.8","-","-"
"2022/05/09","17:00","15.75","30","19.63","57.2","1021.5","-","-"
"2022/05/09","18:00","20.41","32","24.3","58.6","1021.4","-","-"
"2022/05/09","19:00","22.16","33","27.21","59.7","1021.5","-","-"
"2022/05/09","20:00","19.24","26","26.63","61","1021","-","-"
"2022/05/09","21:00","23.33","33","26.82","61.9","1021.3","-","-"
"2022/05/09","22:00","19.24","50","21.38","60.3","1021.2","-","-"
"2022/05/09","23:00","10.5","35","13.22","60.4","1021.1","-","-"
"2022/05/10","00:00","5.83","28","7.78","60.1","1021.4","-","-"
"2022/05/10","01:00","3.69","44","4.28","59.7","1021.7","-","-"
"2022/05/10","02:00","15.16","57","17.49","59.9","1022.4","-","-"
"2022/05/10","03:00","11.08","41","17.69","58.8","1022.2","-","-"
"2022/05/10","04:00","17.11","37","25.27","58.8","1021.8","-","-"
"2022/05/10","05:00","16.13","34","22.16","58.3","1021.2","-","-"
"2022/05/10","06:00","22.35","29","27.21","58.3","1021.1","-","-"
"2022/05/10","07:00","18.08","30","26.44","57.6","1021","-","-"
"2022/05/10","08:00","20.6","30","24.1","56.8","1021","-","-"
"2022/05/10","09:00","15.16","43","21.58","55.8","1021","-","-"
"2022/05/10","10:00","19.83","32","27.21","55.8","1021.7","-","-"
"2022/05/10","11:00","19.05","24","24.69","55.9","1022.3","-","-"
"2022/05/10","12:00","18.86","30","25.08","56.1","1022.8","-","-"
"2022/05/10","13:00","20.02","21","26.24","55.9","1023.8","-","-"
"2022/05/10","14:00","19.44","28","25.08","56.1","1024.4","-","-"
"2022/05/10","15:00","16.72","21","22.55","57.4","1024.6","-","-"
"2022/05/10","16:00","16.52","10","23.13","58.5","1024.7","-","-"
"2022/05/10","17:00","21.19","23","26.24","59.4","1024.3","-","-"
"2022/05/10","18:00","20.99","22","26.44","60.4","1024.1","-","-"
"2022/05/10","19:00","16.52","24","22.35","60.8","1023.6","-","-"
"2022/05/10","20:00","24.1","21","31.3","61","1023.7","-","-"
"2022/05/10","21:00","16.72","33","22.55","60.1","1023.1","-","-"
"2022/05/10","22:00","21.19","31","24.88","61.3","1023.3","-","-"
"2022/05/10","23:00","17.11","33","22.55","60.8","1023.4","-","-"
"2022/05/11","00:00","23.91","42","29.55","60.6","1023.9","-","-"
"2022/05/11","01:00","22.35","39","27.6","60.4","1024.1","-","-"
"2022/05/11","02:00","21.97","53","27.8","59.9","1024.4","-","-"
"2022/05/11","03:00","16.91","38","22.35","58.3","1024","-","-"
"2022/05/11","04:00","14.97","29","22.16","58.8","1023.1","-","-"
"2022/05/11","05:00","15.36","30","21.19","58.6","1022.7","-","-"
"2022/05/11","06:00","17.69","35","22.35","57.9","1022.2","-","-"
"2022/05/11","07:00","13.41","36","18.86","57.4","1021.6","-","-"
"2022/05/11","08:00","14.58","32","17.11","56.8","1021.7","-","-"
"2022/05/11","09:00","13.8","28","16.91","56.3","1021.6","-","-"
"2022/05/11","10:00","10.11","17","13.02","55.8","1021.6","-","-"
"2022/05/11","11:00","11.66","29","16.13","56.5","1021.8","-","-"
"2022/05/11","12:00","19.05","28","21.97","56.3","1022.3","-","-"
"2022/05/11","13:00","15.36","27","20.99","56.7","1022.3","-","-"
"2022/05/11","14:00","15.16","11","18.27","57","1022.3","-","-"
"2022/05/11","15:00","13.22","6","17.3","57.9","1022.3","-","-"
"2022/05/11","16:00","17.11","22","21.77","59.5","1022.1","-","-"
"2022/05/11","17:00","18.08","20","21.97","60.1","1022","-","-"
"2022/05/11","18:00","17.3","27","21.19","60.8","1021.8","-","-"
"2022/05/11","19:00","16.72","31","23.33","61.3","1021.7","-","-"
"2022/05/11","20:00","13.41","20","19.05","60.4","1021.3","-","-"
"2022/05/11","21:00","13.8","24","15.75","60.6","1021.5","-","-"
"2022/05/11","22:00","16.91","20","26.82","60.1","1021.7","-","-"
"2022/05/11","23:00","19.63","17","26.24","59.2","1021.5","-","-"
"2022/05/12","00:00","16.91","27","21.77","58.5","1022.2","-","-"
"2022/05/12","01:00","19.83","31","24.88","59.2","1021.9","-","-"
"2022/05/12","02:00","17.11","37","24.1","59.2","1021.9","-","-"
"2022/05/12","03:00","13.61","35","16.13","59.5","1021.5","-","-"
"2022/05/12","04:00","13.8","30","17.49","58.6","1020.8","-","-"
"2022/05/12","05:00","14.38","21","17.49","58.1","1020.6","-","-"
"2022/05/12","06:00","14","25","17.88","58.1","1019.9","-","-"
"2022/05/12","07:00","15.75","32","20.02","57.7","1019.7","-","-"
"2022/05/12","08:00","12.63","31","16.72","57.7","1019.7","-","-"
"2022/05/12","09:00","10.89","18","13.61","57.6","1019.1","-","-"
"2022/05/12","10:00","12.25","38","15.36","57.4","1019.8","-","-"
"2022/05/12","11:00","10.69","30","15.75","57.4","1019.9","-","-"
"2022/05/12","12:00","11.08","33","15.16","57.2","1020.8","-","-"
"2022/05/12","13:00","13.22","31","15.75","56.5","1021.1","-","-"
"2022/05/12","14:00","8.75","37","11.27","56.8","1021.7","-","-"
"2022/05/12","15:00","8.94","47","10.5","57.2","1022.2","-","-"
"2022/05/12","16:00","11.86","18","14","57.4","1022.2","-","-"
"2022/05/12","17:00","11.66","20","14.77","58.5","1022.2","-","-"
"2022/05/12","18:00","8.36","18","10.5","59.5","1021.8","-","-"
"2022/05/12","19:00","11.08","22","13.41","60.8","1021.8","-","-"
"2022/05/12","20:00","9.72","36","11.66","62.1","1021.2","-","-"
"2022/05/12","21:00","10.11","42","12.63","62.2","1021.1","-","-"
"2022/05/12","22:00","8.94","33","10.69","62.8","1021.2","-","-"
"2022/05/12","23:00","14.38","34","17.69","61.9","1021.2","-","-"
"2022/05/13","00:00","13.8","35","18.66","61.9","1021.3","-","-"
"2022/05/13","01:00","11.66","40","15.36","61","1022.3","-","-"
"2022/05/13","02:00","8.75","41","10.3","60.1","1022.3","-","-"
"2022/05/13","03:00","8.36","36","9.52","59.2","1021.8","-","-"
"2022/05/13","04:00","8.36","37","10.11","58.8","1021.5","-","-"
"2022/05/13","05:00","6.61","39","9.14","58.5","1020.9","-","-"
"2022/05/13","06:00","6.41","5","7.97","58.5","1019.6","-","-"
"2022/05/13","07:00","3.5","42","5.64","58.6","1019.9","-","-"
"2022/05/13","08:00","5.64","3","6.8","59.4","1019.5","-","-"
"2022/05/13","09:00","4.86","13","6.03","59.9","1019.1","-","-"
"2022/05/13","10:00","4.08","38","7","60.6","1019.3","-","-"
"2022/05/13","11:00","4.67","50","6.61","61.5","1019.9","-","-"
"2022/05/13","12:00","7.39","76","8.16","62.1","1020","-","-"
"2022/05/13","13:00","8.75","63","10.11","61.5","1020.2","-","-"
"2022/05/13","14:00","8.75","79","10.3","61.3","1020.8","-","-"
"2022/05/13","15:00","4.28","45","5.05","61.5","1020.9","-","-"
"2022/05/13","16:00","4.28","59","5.44","61.7","1021","-","-"
"2022/05/13","17:00","4.28","69","4.86","61.7","1021.2","-","-"
"2022/05/13","18:00","7.58","63","9.33","61.9","1020.8","-","-"
"2022/05/13","19:00","10.69","96","13.02","63.7","1019.5","-","-"
"2022/05/13","20:00","5.83","111","7.58","63.7","1019.3","-","-"
"2022/05/13","21:00","7.78","96","8.55","65.8","1018.9","-","-"
"2022/05/13","22:00","10.69","133","12.25","66.9","1018.9","-","-"
"2022/05/13","23:00","9.91","121","11.47","63.9","1018.7","-","-"
"2022/05/14","00:00","9.14","109","12.05","62.8","1019.2","-","-"
"2022/05/14","01:00","6.61","91","7.19","61.2","1019.1","-","-"
"2022/05/14","02:00","7","101","8.55","61.2","1019.4","-","-"
"2022/05/14","03:00","7.19","109","8.36","61.2","1019.6","-","-"
"2022/05/14","04:00","4.67","95","6.22","60.4","1019.5","-","-"
"2022/05/14","05:00","3.11","114","4.67","59.9","1018.9","-","-"
"2022/05/14","06:00","2.53","77","2.92","60.3","1018.5","-","-"
"2022/05/14","07:00","4.86","81","5.83","60.6","1018.1","-","-"
"2022/05/14","08:00","6.03","51","7.39","60.8","1017.2","-","-"
"2022/05/14","09:00","3.5","100","4.67","61","1016.8","-","-"
"2022/05/14","10:00","5.05","74","5.44","61.3","1016.6","-","-"
"2022/05/14","11:00","3.69","89","5.25","61.2","1017.3","-","-"
"2022/05/14","12:00","5.05","78","5.64","61.2","1017.1","-","-"
"2022/05/14","13:00","2.92","107","3.69","61.3","1016.9","-","-"
"2022/05/14","14:00","1.56","69","3.11","61.3","1017.4","-","-"
"2022/05/14","15:00","3.5","53","3.69","61.2","1017","-","-"
"2022/05/14","16:00","5.44","99","7.39","61.7","1016.6","-","-"
"2022/05/14","17:00","5.44","132","6.03","62.4","1016.3","-","-"
"2022/05/14","18:00","3.89","56","4.67","62.4","1015.6","-","-"
"2022/05/14","19:00","3.11","46","3.3","63.7","1015","-","-"
"2022/05/14","20:00","9.14","79","9.52","62.8","1014.5","-","-"
"2022/05/14","21:00","7.58","92","8.94","61.9","1014.1","-","-"
"2022/05/14","22:00","6.61","76","7.19","63.3","1012.7","-","-"
"2022/05/14","23:00","3.89","352","4.47","65.1","1013","-","-"
"2022/05/15","00:00","2.92","92","3.3","63.9","1012.9","-","-"
"2022/05/15","01:00","2.33","122","2.53","63.1","1013.5","-","-"
"2022/05/15","02:00","0.58","162","1.36","63","1013.7","-","-"
"2022/05/15","03:00","1.17","197","1.36","62.4","1013.9","-","-"
"2022/05/15","04:00","2.33","194","2.92","61.9","1013.7","-","-"
"2022/05/15","05:00","1.56","136","2.53","62.6","1013.6","-","-"
"2022/05/15","06:00","1.17","210","1.56","61.7","1013.4","-","-"
"2022/05/15","07:00","2.33","167","2.72","61.5","1013.2","-","-"
"2022/05/15","08:00","2.14","354","2.53","62.6","1012.7","-","-"
"2022/05/15","09:00","2.14","112","2.53","62.4","1012.9","-","-"
"2022/05/15","10:00","0.97","162","1.36","63","1013.1","-","-"
"2022/05/15","11:00","0.58","296","1.36","63.7","1013.4","-","-"
"2022/05/15","12:00","3.5","187","4.67","64","1013.6","-","-"
"2022/05/15","13:00","4.08","232","4.86","64.9","1013.6","-","-"
"2022/05/15","14:00","2.92","334","3.89","65.1","1013.8","-","-"
"2022/05/15","15:00","1.56","46","1.75","68.2","1013.8","-","-"
"2022/05/15","16:00","6.41","82","8.36","67.3","1013.4","-","-"
"2022/05/15","17:00","7.58","89","8.16","65.8","1012.9","-","-"
"2022/05/15","18:00","7.97","86","8.94","67.6","1012.3","-","-"
"2022/05/15","19:00","8.75","103","10.69","72.9","1011.4","-","-"
"2022/05/15","20:00","6.41","115","7.58","73.4","1010.6","-","-"
"2022/05/15","21:00","6.41","110","7.58","72.7","1009.8","-","-"
"2022/05/15","22:00","8.55","108","9.14","73","1009.4","-","-"
"2022/05/15","23:00","7.19","152","8.36","72.9","1009.4","-","-"
"2022/05/16","00:00","3.11","120","3.69","70.7","1009.5","-","-"
"2022/05/16","01:00","3.11","176","5.25","71.8","1009.6","-","-"
"2022/05/16","02:00","3.11","144","3.69","66.2","1010.5","-","-"
"2022/05/16","03:00","7.39","192","10.3","72.3","1010.4","-","-"
"2022/05/16","04:00","8.75","199","13.02","72.3","1010.3","-","-"
"2022/05/16","05:00","5.25","210","9.52","72","1010.1","-","-"
"2022/05/16","06:00","2.53","138","3.5","69.4","1009.6","-","-"
"2022/05/16","07:00","3.89","170","4.47","67.5","1009","-","-"
"2022/05/16","08:00","5.44","212","6.61","69.3","1008.5","-","-"
"2022/05/16","09:00","7","212","8.55","68.5","1008.3","-","-"
"2022/05/16","10:00","8.36","211","10.5","68.4","1008","-","-"
"2022/05/16","11:00","8.16","210","11.47","69.1","1007.9","-","-"
"2022/05/16","12:00","9.91","221","12.63","71.1","1007.8","-","-"
"2022/05/16","13:00","10.11","225","13.02","73.8","1007.7","-","-"
"2022/05/16","14:00","9.33","227","15.36","76.5","1007.4","-","-"
"2022/05/16","15:00","11.66","239","18.27","78.6","1007.3","-","-"
"2022/05/16","16:00","12.83","228","16.72","80.8","1006.9","-","-"
"2022/05/16","17:00","13.61","218","18.86","81.9","1005.7","-","-"
"2022/05/16","18:00","7.78","242","13.41","74.8","1004.9","-","-"
"2022/05/16","19:00","6.41","203","8.55","77.9","1004.4","-","-"
"2022/05/16","20:00","10.5","219","15.94","81.9","1003.5","-","-"
"2022/05/16","21:00","8.16","260","11.47","81.5","1002.9","-","-"
"2022/05/16","22:00","8.75","247","13.22","80.8","1004.3","-","-"
"2022/05/16","23:00","7.58","245","9.91","81.1","1004.5","-","-"
"2022/05/17","00:00","8.75","232","11.08","78.8","1005.1","-","-"
"2022/05/17","01:00","7.19","235","9.52","76.3","1006.1","-","-"
"2022/05/17","02:00","12.05","357","17.69","74.8","1008.5","-","-"
"2022/05/17","03:00","5.64","357","7.97","72.5","1010","-","-"
"2022/05/17","04:00","8.75","336","10.89","70.5","1010.3","-","-"
"2022/05/17","05:00","6.61","301","7.97","67.8","1010.6","-","-"
"2022/05/17","06:00","6.8","268","7.19","66.9","1010.8","-","-"
"2022/05/17","07:00","7.39","284","7.78","64.8","1010.6","-","-"
"2022/05/17","08:00","6.03","276","7","64.2","1010.8","-","-"
"2022/05/17","09:00","7.58","271","8.36","63.5","1011","-","-"
"2022/05/17","10:00","4.67","282","6.03","62.6","1012","-","-"
"2022/05/17","11:00","4.28","294","4.86","63.5","1012.7","-","-"
"2022/05/17","12:00","7","274","8.36","66.4","1013","-","-"
"2022/05/17","13:00","6.8","318","7.78","67.3","1013.4","-","-"
"2022/05/17","14:00","5.83","317","7.97","68.7","1013.5","-","-"
"2022/05/17","15:00","7.78","316","12.44","72.7","1013.5","-","-"
"2022/05/17","16:00","9.52","324","10.3","74.3","1013.1","-","-"
"2022/05/17","17:00","11.27","232","17.88","77","1012.1","-","-"
"2022/05/17","18:00","12.25","259","16.91","78.4","1011.4","-","-"
"2022/05/17","19:00","13.41","275","17.3","78.8","1011.1","-","-"
"2022/05/17","20:00","13.8","245","19.05","80.1","1010.5","-","-"
"2022/05/17","21:00","14.19","256","18.47","80.6","1010.5","-","-"
"2022/05/17","22:00","12.63","261","17.49","80.8","1010.6","-","-"
"2022/05/17","23:00","8.16","246","10.89","80.4","1010.6","-","-"
"2022/05/18","00:00","5.05","226","6.22","77.4","1010.9","-","-"
"2022/05/18","01:00","6.61","216","7.19","73.9","1011.3","-","-"
"2022/05/18","02:00","7.58","214","9.14","72.9","1011.8","-","-"
"2022/05/18","03:00","7.78","221","9.33","72","1012","-","-"
"2022/05/18","04:00","9.52","231","14.97","71.6","1012.2","-","-"
"2022/05/18","05:00","7.39","268","9.14","69.6","1012.9","-","-"
"2022/05/18","06:00","4.47","343","6.41","69.1","1013.3","-","-"
"2022/05/18","07:00","5.05","327","5.25","67.3","1014","-","-"
"2022/05/18","08:00","3.89","332","4.28","65.1","1014.6","-","-"
"2022/05/18","09:00","3.89","323","4.47","64.6","1015","-","-"
"2022/05/18","10:00","4.28","329","4.67","63.5","1015.6","-","-"
"2022/05/18","11:00","4.67","340","6.03","63.7","1016.2","-","-"
"2022/05/18","12:00","6.61","347","7.97","64.2","1017.1","-","-"
"2022/05/18","13:00","7.58","29","8.75","66.7","1017.9","-","-"
"2022/05/18","14:00","9.91","96","11.08","65.1","1018.2","-","-"
"2022/05/18","15:00","8.16","90","8.94","65.1","1018.1","-","-"
"2022/05/18","16:00","11.86","81","12.63","64.9","1017.5","-","-"
"2022/05/18","17:00","10.89","77","11.86","65.7","1017.1","-","-"
"2022/05/18","18:00","8.94","91","10.89","67.1","1016.5","-","-"
"2022/05/18","19:00","9.14","112","10.3","70.5","1015.7","-","-"
"2022/05/18","20:00","9.52","103","12.05","69.3","1014.9","-","-"
"2022/05/18","21:00","11.08","116","13.8","69.6","1014.4","-","-"
"2022/05/18","22:00","9.72","128","12.05","68.7","1014","-","-"
"2022/05/18","23:00","7.39","122","9.72","68.4","1013","-","-"
"2022/05/19","00:00","7.39","143","8.94","67.3","1012.9","-","-"
"2022/05/19","01:00","7.97","147","9.72","66.2","1012.7","-","-"
"2022/05/19","02:00","10.89","171","14.19","66.7","1012.3","-","-"
"2022/05/19","03:00","10.69","178","14.19","67.3","1011.9","-","-"
"2022/05/19","04:00","8.16","172","12.05","66.9","1011.5","-","-"
"2022/05/19","05:00","10.89","176","13.02","66.9","1010.2","-","-"
"2022/05/19","06:00","11.86","186","17.49","68","1009.1","-","-"
"2022/05/19","07:00","11.66","192","16.91","68.4","1008","-","-"
"2022/05/19","08:00","10.5","197","14.19","68.2","1007.2","-","-"
"2022/05/19","09:00","10.3","206","15.55","71.6","1006.2","-","-"
"2022/05/19","10:00","14.19","224","18.86","72.3","1006.5","-","-"
"2022/05/19","11:00","14.38","229","22.55","72.7","1007.2","-","-"
"2022/05/19","12:00","13.61","226","17.3","72.3","1007.4","-","-"
"2022/05/19","13:00","14.58","245","18.66","73.9","1007.6","-","-"
"2022/05/19","14:00","15.75","270","20.6","76.3","1007.8","-","-"
"2022/05/19","15:00","15.75","270","19.83","77.7","1007.8","-","-"
"2022/05/19","16:00","12.83","281","16.91","79","1007.9","-","-"
"2022/05/19","17:00","8.16","298","16.72","80.2","1007.4","-","-"
"2022/05/19","18:00","6.41","299","11.27","81.5","1007.1","-","-"
"2022/05/19","19:00","8.36","319","15.55","79.9","1007.1","-","-"
"2022/05/19","20:00","7.97","325","9.14","81.1","1007.2","-","-"
"2022/05/19","21:00","10.69","87","12.05","72","1007","-","-"
"2022/05/19","22:00","7.97","75","8.75","71.1","1006.9","-","-"
"2022/05/19","23:00","6.22","77","6.8","71.8","1007.5","-","-"
"2022/05/20","00:00","7.78","117","9.52","75.2","1007.8","-","-"
"2022/05/20","01:00","2.33","121","3.3","74.1","1009","-","-"
"2022/05/20","02:00","1.17","187","1.56","70.9","1009.9","-","-"
"2022/05/20","03:00","1.36","169","1.56","70.5","1010.3","-","-"
"2022/05/20","04:00","2.92","83","3.3","70.3","1010.4","-","-"
"2022/05/20","05:00","7.19","73","7.58","68.7","1009.9","-","-"
"2022/05/20","06:00","6.41","65","6.8","68.2","1009.7","-","-"
"2022/05/20","07:00","2.33","67","2.72","68.4","1010.1","-","-"
"2022/05/20","08:00","1.75","157","2.14","68.2","1010.1","-","-"
"2022/05/20","09:00","2.92","65","3.3","68.9","1009.8","-","-"
"2022/05/20","10:00","1.17","102","2.53","68.4","1010.2","-","-"
"2022/05/20","11:00","2.92","67","3.5","68.7","1010.9","-","-"
"2022/05/20","12:00","2.92","79","3.5","68.9","1012","-","-"
"2022/05/20","13:00","2.33","72","3.11","70","1012.6","-","-"
"2022/05/20","14:00","3.5","233","8.55","78.8","1012.7","-","-"
"2022/05/20","15:00","9.33","219","12.25","83.5","1012.7","-","-"
"2022/05/20","16:00","9.72","216","12.05","85.6","1012.5","-","-"
"2022/05/20","17:00","7.19","208","11.27","87.6","1012.2","-","-"
"2022/05/20","18:00","10.5","227","16.13","88.7","1012","-","-"
"2022/05/20","19:00","13.22","233","19.44","90.1","1011.9","-","-"
"2022/05/20","20:00","10.3","203","17.3","90.7","1011.8","-","-"
"2022/05/20","21:00","12.05","208","15.16","91.9","1011.6","-","-"
"2022/05/20","22:00","11.27","212","15.55","91.9","1011.9","-","-"
"2022/05/20","23:00","11.86","213","15.55","91","1012.1","-","-"
"2022/05/21","00:00","5.05","207","7.78","88.7","1012.7","-","-"
"2022/05/21","01:00","4.86","200","6.22","85.8","1013.1","-","-"
"2022/05/21","02:00","8.16","212","10.69","85.5","1013.6","-","-"
"2022/05/21","03:00","9.14","217","15.16","85.5","1014.1","-","-"
"2022/05/21","04:00","11.27","205","15.75","82.9","1014.6","-","-"
"2022/05/21","05:00","12.63","209","16.72","81.1","1015","-","-"
"2022/05/21","06:00","12.25","220","17.88","80.1","1014.9","-","-"
"2022/05/21","07:00","14.77","224","19.83","79.2","1015.1","-","-"
"2022/05/21","08:00","12.83","220","15.55","77.9","1015.6","-","-"
"2022/05/21","09:00","8.55","222","12.05","76.8","1016.3","-","-"
"2022/05/21","10:00","10.11","232","13.61","76.3","1016.6","-","-"
"2022/05/21","11:00","11.27","221","14.38","76.1","1017.4","-","-"
"2022/05/21","12:00","7.39","234","13.8","77","1018","-","-"
"2022/05/21","13:00","6.61","243","11.47","79.2","1018.6","-","-"
"2022/05/21","14:00","5.25","252","8.94","81.5","1019.1","-","-"
"2022/05/21","15:00","9.52","255","11.66","84","1019.1","-","-"
"2022/05/21","16:00","6.61","246","9.72","86.7","1019.2","-","-"
"2022/05/21","17:00","6.03","265","11.86","88.5","1018.8","-","-"
"2022/05/21","18:00","9.14","81","9.72","78.6","1018.6","-","-"
"2022/05/21","19:00","9.52","85","10.3","77.7","1018.3","-","-"
"2022/05/21","20:00","7.97","91","8.36","79.3","1017.7","-","-"
"2022/05/21","21:00","8.16","63","9.33","76.5","1017.3","-","-"
"2022/05/21","22:00","2.72","65","4.47","76.5","1017.4","-","-"
"2022/05/21","23:00","1.17","53","1.94","76.8","1017","-","-"
"2022/05/22","00:00","1.36","183","3.3","78.1","1017.4","-","-"
"2022/05/22","01:00","12.83","289","17.69","69.4","1021.7","-","-"
"2022/05/22","02:00","20.22","261","23.33","69.1","1020.2","-","-"
"2022/05/22","03:00","8.36","234","10.5","71.1","1020.2","-","-"
"2022/05/22","04:00","9.33","244","12.44","72.1","1019.8","-","-"
"2022/05/22","05:00","10.11","229","13.22","71.8","1019.5","-","-"
"2022/05/22","06:00","10.11","210","13.41","71.4","1019","-","-"
"2022/05/22","07:00","10.3","222","13.41","71.6","1019","-","-"
"2022/05/22","08:00","10.3","217","12.44","71.8","1018.9","-","-"
"2022/05/22","09:00","3.3","212","5.64","71.2","1018.8","-","-"
"2022/05/22","10:00","6.41","243","8.94","71.6","1019","-","-"
"2022/05/22","11:00","8.16","228","10.5","72.1","1019.4","-","-"
"2022/05/22","12:00","11.08","212","15.16","74.1","1019.3","-","-"
"2022/05/22","13:00","13.41","226","17.69","75.2","1019.6","-","-"
"2022/05/22","14:00","10.5","238","13.22","77","1019.5","-","-"
"2022/05/22","15:00","10.89","264","13.02","79.3","1019.2","-","-"
"2022/05/22","16:00","11.27","230","15.75","81.5","1018.9","-","-"
"2022/05/22","17:00","13.61","245","19.05","83.1","1018.2","-","-"
"2022/05/22","18:00","12.83","223","16.13","83.5","1017.6","-","-"
"2022/05/22","19:00","10.89","229","14.97","83.8","1017.1","-","-"
"2022/05/22","20:00","13.61","263","18.27","84.7","1016.9","-","-"
"2022/05/22","21:00","7.58","248","11.66","85.5","1016.4","-","-"
"2022/05/22","22:00","10.5","214","16.91","85.8","1016.4","-","-"
"2022/05/22","23:00","8.55","228","12.25","85.3","1016.4","-","-"
"2022/05/23","00:00","6.22","220","7.78","83.7","1017","-","-"
"2022/05/23","01:00","4.86","237","6.41","81.7","1017.6","-","-"
"2022/05/23","02:00","7.97","267","11.66","79.9","1018.2","-","-"
"2022/05/23","03:00","6.61","275","8.55","79.7","1018.7","-","-"
"2022/05/23","04:00","6.8","324","8.16","77.7","1019.1","-","-"
"2022/05/23","05:00","3.3","313","4.28","75.4","1019.1","-","-"
"2022/05/23","06:00","3.3","259","3.89","73.4","1018.7","-","-"
"2022/05/23","07:00","4.28","279","4.67","72.5","1018.5","-","-"
"2022/05/23","08:00","4.86","286","5.64","72.5","1018.9","-","-"
"2022/05/23","09:00","7.58","332","9.52","72.9","1018.8","-","-"
"2022/05/23","10:00","6.22","335","7.78","71.4","1019.6","-","-"
"2022/05/23","11:00","6.22","341","8.36","70.3","1020.4","-","-"
"2022/05/23","12:00","11.08","7","14.58","70","1021.1","-","-"
"2022/05/23","13:00","11.08","20","17.3","70","1021.3","-","-"
"2022/05/23","14:00","12.05","15","14.77","70.2","1021.8","-","-"
"2022/05/23","15:00","11.86","23","15.36","69.3","1022.1","-","-"
"2022/05/23","16:00","11.47","31","12.83","70.7","1022.3","-","-"
"2022/05/23","17:00","7.39","33","9.91","71.4","1022.3","-","-"
"2022/05/23","18:00","12.44","64","13.61","71.1","1021.5","-","-"
"2022/05/23","19:00","10.3","80","12.05","70.9","1021.5","-","-"
"2022/05/23","20:00","14","93","15.94","68.5","1021.5","-","-"
"2022/05/23","21:00","14.77","87","17.3","67.8","1020.3","-","-"
"2022/05/23","22:00","10.5","121","13.02","67.1","1021.3","-","-"
"2022/05/23","23:00","7.58","129","10.89","67.3","1022","-","-"
"2022/05/24","00:00","7.19","118","8.75","66.6","1022.4","-","-"
"2022/05/24","01:00","18.27","78","19.83","65.8","1020.7","-","-"
"2022/05/24","02:00","15.94","104","20.22","65.8","1020.4","-","-"
"2022/05/24","03:00","7","124","10.11","65.5","1021.8","-","-"
"2022/05/24","04:00","6.03","131","10.89","65.1","1021.8","-","-"
"2022/05/24","05:00","5.05","140","7.58","64.9","1021.8","-","-"
"2022/05/24","06:00","2.53","106","3.69","64","1021.5","-","-"
"2022/05/24","07:00","13.22","80","14.38","63.9","1020.4","-","-"
"2022/05/24","08:00","16.33","85","18.86","64.2","1019.6","-","-"
"2022/05/24","09:00","16.72","92","18.66","64.2","1019.2","-","-"
"2022/05/24","10:00","14.97","91","17.3","64.6","1019.4","-","-"
"2022/05/24","11:00","18.08","94","20.8","65.5","1020.3","-","-"
"2022/05/24","12:00","16.72","83","19.83","64.4","1020.9","-","-"
"2022/05/24","13:00","16.33","89","18.47","63.7","1020.7","-","-"
"2022/05/24","14:00","13.02","71","15.94","63.7","1021.2","-","-"
"2022/05/24","15:00","18.08","75","21.19","63.9","1020.7","-","-"
"2022/05/24","16:00","16.91","73","18.47","64","1021","-","-"
"2022/05/24","17:00","18.86","73","22.35","64","1020.6","-","-"
"2022/05/24","18:00","21.97","60","24.1","63.1","1020.8","-","-"
"2022/05/24","19:00","19.05","64","23.13","61.7","1021.2","-","-"
"2022/05/24","20:00","21.38","71","26.24","62.2","1020.9","-","-"
"2022/05/24","21:00","25.08","69","29.55","61.5","1021.2","-","-"
"2022/05/24","22:00","22.74","70","25.27","60.8","1021.4","-","-"
"2022/05/24","23:00","14.97","57","19.83","59.7","1022.1","-","-"
"2022/05/25","00:00","12.05","52","17.11","59.9","1022.4","-","-"
"2022/05/25","01:00","13.41","49","16.52","60.1","1022.8","-","-"
"2022/05/25","02:00","12.44","44","16.13","59.4","1023.6","-","-"
"2022/05/25","03:00","12.83","49","17.88","59","1023.6","-","-"
"2022/05/25","04:00","12.05","60","14.38","58.8","1023.5","-","-"
"2022/05/25","05:00","12.05","50","13.8","58.6","1023.2","-","-"
"2022/05/25","06:00","8.55","32","9.52","58.6","1023","-","-"
"2022/05/25","07:00","10.5","33","12.25","59.4","1022.6","-","-"
"2022/05/25","08:00","8.75","22","10.89","59.9","1022.7","-","-"
"2022/05/25","09:00","8.36","5","10.3","60.1","1023.1","-","-"
"2022/05/25","10:00","7.19","10","9.33","60.1","1023.3","-","-"
"2022/05/25","11:00","9.33","26","12.25","61.2","1023.9","-","-"
"2022/05/25","12:00","10.11","27","12.05","61.5","1024.4","-","-"
"2022/05/25","13:00","12.25","46","14.58","62.2","1024.9","-","-"
"2022/05/25","14:00","12.44","51","14.77","62.2","1025.5","-","-"
"2022/05/25","15:00","16.72","56","19.24","62.4","1025.2","-","-"
"2022/05/25","16:00","15.94","56","18.27","62.2","1025.5","-","-"
"2022/05/25","17:00","15.55","66","16.91","60.8","1025.8","-","-"
"2022/05/25","18:00","10.89","40","15.55","60.6","1025.8","-","-"
"2022/05/25","19:00","15.36","56","18.66","61.7","1025.5","-","-"
"2022/05/25","20:00","11.27","65","14","61.3","1025.2","-","-"
"2022/05/25","21:00","15.36","65","18.66","62.8","1025.1","-","-"
"2022/05/25","22:00","16.72","68","20.8","63.7","1025","-","-"
"2022/05/25","23:00","16.72","50","19.05","63.5","1025.1","-","-"
"2022/05/26","00:00","18.08","59","20.41","63","1025.4","-","-"
"2022/05/26","01:00","16.13","65","20.41","63.1","1025.3","-","-"
"2022/05/26","02:00","17.11","67","19.44","62.6","1025.3","-","-"
"2022/05/26","03:00","13.8","73","19.05","63","1025.4","-","-"
"2022/05/26","04:00","13.8","58","16.52","62.1","1025","-","-"
"2022/05/26","05:00","12.83","68","15.75","61.9","1024.6","-","-"
"2022/05/26","06:00","13.61","61","15.16","62.2","1023.8","-","-"
"2022/05/26","07:00","8.16","45","10.11","61.5","1023.8","-","-"
"2022/05/26","08:00","7.78","40","8.94","61.3","1023.6","-","-"
"2022/05/26","09:00","9.33","48","10.3","61.9","1023.2","-","-"
"2022/05/26","10:00","7.39","50","11.08","62.4","1023.5","-","-"
"2022/05/26","11:00","7.78","47","9.14","62.4","1023.8","-","-"
"2022/05/26","12:00","9.91","59","11.47","63","1023.7","-","-"
"2022/05/26","13:00","7.78","61","9.33","63.7","1023.9","-","-"
"2022/05/26","14:00","8.75","68","9.72","64.4","1023.8","-","-"
"2022/05/26","15:00","8.16","73","9.72","65.1","1023.4","-","-"
"2022/05/26","16:00","8.16","71","9.52","65.7","1023.2","-","-"
"2022/05/26","17:00","5.64","76","6.8","66","1022.6","-","-"
"2022/05/26","18:00","5.05","63","6.41","66.7","1021.9","-","-"
"2022/05/26","19:00","5.25","83","6.22","67.1","1021","-","-"
"2022/05/26","20:00","6.61","95","7.39","67.1","1020.2","-","-"
"2022/05/26","21:00","6.41","94","7.39","66.6","1019.7","-","-"
"2022/05/26","22:00","3.69","102","5.44","66.6","1019.4","-","-"
"2022/05/26","23:00","1.36","0","1.75","66.9","1019.3","-","-"
"2022/05/27","00:00","4.47","91","4.86","66.9","1018.9","-","-"
"2022/05/27","01:00","0","246","0","67.3","1018.7","-","-"
"2022/05/27","02:00","4.08","149","5.25","66.7","1019","-","-"
"2022/05/27","03:00","5.64","132","6.41","65.8","1018.4","-","-"
"2022/05/27","04:00","4.28","143","5.05","65.7","1018.2","-","-"
"2022/05/27","05:00","3.11","148","4.67","65.3","1017.5","-","-"
"2022/05/27","06:00","1.36","135","2.53","65.5","1016.7","-","-"
"2022/05/27","07:00","5.25","184","7.39","66.6","1016","-","-"
"2022/05/27","08:00","4.08","181","4.67","67.3","1015.6","-","-"
"2022/05/27","09:00","4.47","200","8.75","69.1","1015.2","-","-"
"2022/05/27","10:00","5.83","195","7.97","69.6","1015.1","-","-"
"2022/05/27","11:00","7","189","11.86","70.3","1014.9","-","-"
"2022/05/27","12:00","8.16","186","11.86","71.1","1014.5","-","-"
"2022/05/27","13:00","7.19","179","11.27","73.2","1014.1","-","-"
"2022/05/27","14:00","9.52","187","15.75","76.1","1013.8","-","-"
"2022/05/27","15:00","11.27","202","19.05","79","1013","-","-"
"2022/05/27","16:00","13.02","196","19.63","80.2","1012.2","-","-"
"2022/05/27","17:00","10.3","208","17.3","71.6","1012.6","-","-"
"2022/05/27","18:00","7.19","240","11.66","68.2","1012.8","-","-"
"2022/05/27","19:00","6.22","137","8.36","69.1","1011.7","-","-"
"2022/05/27","20:00","9.14","171","13.41","70.7","1010.1","-","-"
"2022/05/27","21:00","7.19","183","12.44","74.5","1009.8","-","-"
"2022/05/27","22:00","7","168","11.66","74.5","1008.8","-","-"
"2022/05/27","23:00","8.94","178","14.97","74.7","1008.6","-","-"
"2022/05/28","00:00","8.75","175","13.41","74.1","1008.1","-","-"
"2022/05/28","01:00","8.55","186","14","73.9","1008.4","-","-"
"2022/05/28","02:00","10.5","198","16.33","73.4","1008.9","-","-"
"2022/05/28","03:00","8.16","199","12.83","72.3","1008.9","-","-"
"2022/05/28","04:00","5.25","221","9.52","71.2","1009.1","-","-"
"2022/05/28","05:00","4.86","249","7.58","71.1","1009.2","-","-"
"2022/05/28","06:00","6.41","244","7.39","70.7","1009","-","-"
"2022/05/28","07:00","7.19","273","9.33","69.3","1008.4","-","-"
"2022/05/28","08:00","5.25","244","8.36","67.6","1008.3","-","-"
"2022/05/28","09:00","7.39","243","9.52","66.4","1007.7","-","-"
"2022/05/28","10:00","1.75","227","3.69","65.5","1008","-","-"
"2022/05/28","11:00","6.8","240","8.36","65.7","1009.4","-","-"
"2022/05/28","12:00","10.11","266","11.47","67.5","1009.5","-","-"
"2022/05/28","13:00","8.94","273","11.27","68.5","1010.2","-","-"
"2022/05/28","14:00","6.41","288","7.58","70.3","1010.4","-","-"
"2022/05/28","15:00","7.39","314","8.16","71.2","1010.3","-","-"
"2022/05/28","16:00","8.16","299","9.91","73.2","1010.4","-","-"
"2022/05/28","17:00","5.05","281","9.72","74.3","1010.3","-","-"
"2022/05/28","18:00","5.83","307","9.33","74.7","1010.2","-","-"
"2022/05/28","19:00","8.36","280","12.25","76.5","1010.4","-","-"
"2022/05/28","20:00","9.72","317","13.61","76.1","1010.4","-","-"
"2022/05/28","21:00","7.19","309","10.89","76.8","1010.5","-","-"
"2022/05/28","22:00","10.11","260","11.66","78.1","1011","-","-"
"2022/05/28","23:00","4.67","261","6.61","78.1","1011.2","-","-"
"2022/05/29","00:00","6.41","255","7.39","75.6","1011.6","-","-"
"2022/05/29","01:00","5.64","234","6.61","73.2","1012.1","-","-"
"2022/05/29","02:00","5.44","234","6.41","72","1013.1","-","-"
"2022/05/29","03:00","1.36","277","1.75","70.5","1013.9","-","-"
"2022/05/29","04:00","1.56","215","2.33","69.3","1014.4","-","-"
"2022/05/29","05:00","1.36","261","1.56","67.5","1014.5","-","-"
"2022/05/29","06:00","2.72","213","3.11","66.2","1014.6","-","-"
"2022/05/29","07:00","1.56","222","1.75","65.5","1014.6","-","-"
"2022/05/29","08:00","2.53","309","3.5","66.2","1014.6","-","-"
"2022/05/29","09:00","2.14","264","2.92","65.7","1015","-","-"
"2022/05/29","10:00","3.11","285","3.89","66.4","1015.6","-","-"
"2022/05/29","11:00","3.11","296","4.08","68","1016.4","-","-"
"2022/05/29","12:00","3.69","303","4.47","69.4","1016.9","-","-"
"2022/05/29","13:00","3.11","293","3.89","70.2","1017.6","-","-"
"2022/05/29","14:00","2.33","317","2.92","72.1","1018.1","-","-"
"2022/05/29","15:00","6.41","89","7","72.5","1018.5","-","-"
"2022/05/29","16:00","8.55","83","9.33","72.7","1018.7","-","-"
"2022/05/29","17:00","7.19","84","7.97","73.4","1018.5","-","-"
"2022/05/29","18:00","7.39","87","7.78","74.8","1018.6","-","-"
"2022/05/29","19:00","8.55","79","10.11","73.9","1018.3","-","-"
"2022/05/29","20:00","9.52","81","10.11","74.5","1017.9","-","-"
"2022/05/29","21:00","7.39","101","9.14","76.6","1017.6","-","-"
"2022/05/29","22:00","5.83","101","6.8","77.2","1017.2","-","-"
"2022/05/29","23:00","5.44","103","6.61","77.7","1017.3","-","-"
"2022/05/30","00:00","5.64","120","6.41","76.5","1017.5","-","-"
"2022/05/30","01:00","2.53","168","3.11","74.1","1017.9","-","-"
"2022/05/30","02:00","4.08","160","5.44","72.9","1018.5","-","-"
"2022/05/30","03:00","5.83","180","7.19","72.7","1019","-","-"
"2022/05/30","04:00","3.69","168","4.86","72","1019.3","-","-"
"2022/05/30","05:00","4.28","202","6.22","71.2","1019.6","-","-"
"2022/05/30","06:00","5.25","194","6.22","70.5","1019.5","-","-"
"2022/05/30","07:00","4.08","183","5.44","70.2","1019.5","-","-"
"2022/05/30","08:00","2.33","176","3.89","68.9","1019.3","-","-"
"2022/05/30","09:00","3.69","201","5.64","69.6","1019.3","-","-"
"2022/05/30","10:00","0.97","340","2.33","69.4","1019.7","-","-"
"2022/05/30","11:00","1.17","79","1.36","72","1020.3","-","-"
"2022/05/30","12:00","2.14","206","4.28","73","1020.8","-","-"
"2022/05/30","13:00","1.17","18","2.14","74.7","1021.1","-","-"
"2022/05/30","14:00","4.67","229","7.39","78.1","1020.8","-","-"
"2022/05/30","15:00","4.28","39","5.44","75.2","1020.5","-","-"
"2022/05/30","16:00","7.19","74","7.58","75.7","1020.4","-","-"
"2022/05/30","17:00","9.52","97","10.11","77.5","1019.9","-","-"
"2022/05/30","18:00","8.94","88","10.11","77.7","1019.8","-","-"
"2022/05/30","19:00","10.69","93","11.27","78.6","1019.4","-","-"
"2022/05/30","20:00","9.33","102","11.66","81.1","1018.9","-","-"
"2022/05/30","21:00","11.27","120","12.83","82.8","1018.5","-","-"
"2022/05/30","22:00","8.75","133","12.83","82.6","1018.3","-","-"
"2022/05/30","23:00","9.72","157","11.47","81.9","1018.5","-","-"
"2022/05/31","00:00","8.94","159","11.47","80.1","1018.7","-","-"
"2022/05/31","01:00","6.22","167","7.78","78.4","1019.3","-","-"
"2022/05/31","02:00","6.61","180","11.08","77.7","1019.4","-","-"
"2022/05/31","03:00","9.91","193","14","77.5","1019.4","-","-"
"2022/05/31","04:00","9.91","199","12.44","76.5","1019.1","-","-"
"2022/05/31","05:00","7.78","201","9.52","75.4","1019","-","-"
"2022/05/31","06:00","9.72","209","11.47","74.7","1018.7","-","-"
"2022/05/31","07:00","10.69","218","13.02","74.7","1018.4","-","-"
"2022/05/31","08:00","9.14","222","11.66","73.6","1018","-","-"
"2022/05/31","09:00","3.3","249","6.8","73","1018.2","-","-"
"2022/05/31","10:00","7.58","231","9.72","72.1","1018.2","-","-"
"2022/05/31","11:00","8.75","254","11.86","73","1018.5","-","-"
"2022/05/31","12:00","8.16","276","10.11","74.7","1018.6","-","-"
"2022/05/31","13:00","7.97","269","10.5","76.6","1018.5","-","-"
"2022/05/31","14:00","9.14","263","11.86","79.3","1018.2","-","-"
"2022/05/31","15:00","7.78","257","12.44","82.2","1017.9","-","-"
"2022/05/31","16:00","8.94","257","10.69","84.2","1017.4","-","-"
"2022/05/31","17:00","6.03","246","8.16","86","1017.1","-","-"
"2022/05/31","18:00","1.36","326","1.94","87.1","1016.4","-","-"
"2022/05/31","19:00","1.56","101","2.14","88.9","1016","-","-"
"2022/05/31","20:00","0.19","357","1.17","95","1015.4","-","-"
"2022/05/31","21:00","4.47","87","6.03","86.5","1015.2","-","-"
"2022/05/31","22:00","7.39","95","7.78","84.9","1015","-","-"
"2022/05/31","23:00","5.64","115","6.03","87.3","1014.9","-","-"
"2022/06/01","00:00","0.19","143","0.78","85.1","1015.1","-","-"
"2022/06/01","01:00","2.33","170","2.72","80.4","1015.1","-","-"
"2022/06/01","02:00","3.5","195","4.86","81","1015.6","-","-"
"2022/06/01","03:00","5.83","216","6.41","80.4","1015.5","-","-"
"2022/06/01","04:00","7.58","208","9.14","79.7","1015","-","-"
"2022/06/01","05:00","7.58","216","8.94","78.8","1014.5","-","-"
"2022/06/01","06:00","2.72","306","2.92","76.8","1014.3","-","-"
"2022/06/01","07:00","3.69","304","5.25","76.3","1014.1","-","-"
"2022/06/01","08:00","3.11","294","4.28","75.7","1013.8","-","-"
"2022/06/01","09:00","2.14","305","2.72","75.2","1013.5","-","-"
"2022/06/01","10:00","1.75","254","2.53","74.1","1013.6","-","-"
"2022/06/01","11:00","3.3","295","4.28","74.5","1014.1","-","-"
"2022/06/01","12:00","3.89","292","4.86","77.7","1013.8","-","-"
"2022/06/01","13:00","7.19","309","7.78","76.8","1014","-","-"
"2022/06/01","14:00","2.92","318","4.28","79.5","1013.7","-","-"
"2022/06/01","15:00","0.39","233","0.78","84.6","1013.6","-","-"
"2022/06/01","16:00","2.33","124","3.5","88","1013.5","-","-"
"2022/06/01","17:00","7","86","7.19","82.9","1013.1","-","-"
"2022/06/01","18:00","7.58","91","7.97","82.2","1012.5","-","-"
"2022/06/01","19:00","11.08","83","11.66","82.2","1011.9","-","-"
"2022/06/01","20:00","9.14","84","10.11","82.8","1011.2","-","-"
"2022/06/01","21:00","6.41","103","7.97","85.5","1010.8","-","-"
"2022/06/01","22:00","2.92","103","4.08","85.6","1010.5","-","-"
"2022/06/01","23:00","7.39","95","7.78","84","1010","-","-"
"2022/06/02","00:00","6.8","171","7.97","84.6","1009.8","-","-"
"2022/06/02","01:00","2.92","214","3.3","82.4","1010.1","-","-"
"2022/06/02","02:00","4.86","188","6.03","80.8","1010.2","-","-"
"2022/06/02","03:00","7.19","203","9.52","81.3","1010","-","-"
"2022/06/02","04:00","8.75","204","10.3","81","1009.5","-","-"
"2022/06/02","05:00","7","224","9.14","80.6","1009","-","-"
"2022/06/02","06:00","10.11","229","11.86","80.4","1008.4","-","-"
"2022/06/02","07:00","10.3","225","11.86","78.8","1008.3","-","-"
"2022/06/02","08:00","9.91","218","12.05","78.3","1007.9","-","-"
"2022/06/02","09:00","8.75","222","10.69","77.5","1008.2","-","-"
"2022/06/02","10:00","7","240","8.94","77","1008.5","-","-"
"2022/06/02","11:00","5.44","226","6.22","76.5","1008.4","-","-"
"2022/06/02","12:00","7.39","259","8.94","78.6","1008.6","-","-"
"2022/06/02","13:00","4.86","268","6.03","80.8","1008.4","-","-"
"2022/06/02","14:00","6.03","324","6.41","81.5","1008.2","-","-"
"2022/06/02","15:00","4.86","293","5.25","83.8","1008.1","-","-"
"2022/06/02","16:00","4.08","304","4.86","86.2","1007.8","-","-"
"2022/06/02","17:00","3.3","94","3.89","85.3","1007.3","-","-"
"2022/06/02","18:00","8.36","254","10.69","89.6","1006.6","-","-"
"2022/06/02","19:00","4.08","293","8.94","90.7","1006.1","-","-"
"2022/06/02","20:00","5.44","250","8.55","91.4","1005.3","-","-"
"2022/06/02","21:00","5.83","222","8.36","92.3","1004.4","-","-"
"2022/06/02","22:00","10.5","212","13.61","91.8","1003.9","-","-"
"2022/06/02","23:00","5.83","243","7.19","89.1","1004.7","-","-"
"2022/06/03","00:00","24.88","323","30.32","78.4","1005.7","-","-"
"2022/06/03","01:00","3.69","326","6.22","74.7","1006","-","-"
"2022/06/03","02:00","3.69","178","3.89","74.8","1006.6","-","-"
"2022/06/03","03:00","2.14","14","3.69","74.3","1007.5","-","-"
"2022/06/03","04:00","5.83","150","7.19","72.1","1007.3","-","-"
"2022/06/03","05:00","2.33","230","6.03","71.1","1007.3","-","-"
"2022/06/03","06:00","5.05","176","8.94","71.8","1006.3","-","-"
"2022/06/03","07:00","3.5","264","5.05","72","1006.3","-","-"
"2022/06/03","08:00","6.41","304","7","73.4","1006.2","-","-"
"2022/06/03","09:00","4.08","283","4.67","72.5","1006.3","-","-"
"2022/06/03","10:00","8.36","299","9.52","72.7","1007.1","-","-"
"2022/06/03","11:00","5.25","280","6.03","71.8","1007.8","-","-"
"2022/06/03","12:00","12.44","331","15.36","73.2","1008.5","-","-"
"2022/06/03","13:00","12.05","324","14.97","73.2","1008.9","-","-"
"2022/06/03","14:00","11.86","317","14.77","74.1","1009.1","-","-"
"2022/06/03","15:00","14.77","316","18.08","74.7","1009.5","-","-"
"2022/06/03","16:00","11.66","310","13.8","75.2","1009.5","-","-"
"2022/06/03","17:00","8.16","303","11.47","75.9","1009.7","-","-"
"2022/06/03","18:00","7.78","298","11.27","76.5","1009.8","-","-"
"2022/06/03","19:00","12.44","314","13.8","75.9","1009.4","-","-"
"2022/06/03","20:00","7","308","9.33","76.5","1009.3","-","-"
"2022/06/03","21:00","8.36","322","13.8","77.5","1009.3","-","-"
"2022/06/03","22:00","12.25","359","13.41","77.4","1009.7","-","-"
"2022/06/03","23:00","7.78","2","8.94","76.3","1010.1","-","-"
"2022/06/04","00:00","8.16","347","10.89","74.1","1010.9","-","-"
"2022/06/04","01:00","4.47","331","5.05","74.3","1011.1","-","-"
"2022/06/04","02:00","5.25","327","6.03","74.1","1011.3","-","-"
"2022/06/04","03:00","2.72","248","3.3","71.1","1011.7","-","-"
"2022/06/04","04:00","2.14","298","2.92","70.3","1011.6","-","-"
"2022/06/04","05:00","4.08","289","4.47","70.2","1011.4","-","-"
"2022/06/04","06:00","4.67","289","5.44","69.4","1011.3","-","-"
"2022/06/04","07:00","5.05","297","6.03","69.6","1011.2","-","-"
"2022/06/04","08:00","7.97","314","9.72","70.2","1010.8","-","-"
"2022/06/04","09:00","9.14","327","11.47","69.4","1011.1","-","-"
"2022/06/04","10:00","9.91","328","11.47","69.1","1011.6","-","-"
"2022/06/04","11:00","9.33","330","11.66","66.9","1011.8","-","-"
"2022/06/04","12:00","5.05","331","6.61","68.2","1012.4","-","-"
"2022/06/04","13:00","6.41","310","8.16","70","1012.6","-","-"
"2022/06/04","14:00","2.14","5","3.89","73.9","1012.6","-","-"
"2022/06/04","15:00","4.47","103","6.22","75.6","1012.6","-","-"
"2022/06/04","16:00","8.75","89","9.91","75.2","1012.9","-","-"
"2022/06/04","17:00","10.3","93","11.08","75.4","1013","-","-"
"2022/06/04","18:00","6.41","104","8.16","77.7","1012.9","-","-"
"2022/06/04","19:00","9.72","98","12.25","78.8","1012.7","-","-"
"2022/06/04","20:00","6.8","101","8.36","78.6","1012.5","-","-"
"2022/06/04","21:00","9.14","98","10.11","77.5","1012.2","-","-"
"2022/06/04","22:00","7.58","127","9.33","78.6","1012.1","-","-"
"2022/06/04","23:00","6.03","132","8.94","78.3","1012.1","-","-"
"2022/06/05","00:00","5.64","144","7.19","76.3","1012.1","-","-"
"2022/06/05","01:00","2.72","161","4.08","73.4","1012.1","-","-"
"2022/06/05","02:00","1.17","204","2.14","70.2","1012.6","-","-"
"2022/06/05","03:00","1.94","214","2.53","68.7","1012.8","-","-"
"2022/06/05","04:00","1.17","190","2.33","69.4","1012.5","-","-"
"2022/06/05","05:00","2.53","169","5.25","69.8","1012.1","-","-"
"2022/06/05","06:00","2.14","210","2.92","68","1011.9","-","-"
"2022/06/05","07:00","0.58","175","0.97","68","1011.5","-","-"
"2022/06/05","08:00","2.92","262","3.89","67.1","1011.5","-","-"
"2022/06/05","09:00","2.14","276","2.53","65.7","1012","-","-"
"2022/06/05","10:00","3.69","292","4.67","65.7","1012.4","-","-"
"2022/06/05","11:00","5.83","330","8.16","66.2","1013.3","-","-"
"2022/06/05","12:00","2.33","331","2.92","69.1","1013.4","-","-"
"2022/06/05","13:00","2.72","276","3.3","70.9","1013.6","-","-"
"2022/06/05","14:00","3.89","303","5.05","73.6","1013.4","-","-"
"2022/06/05","15:00","5.44","18","6.61","77.2","1013.7","-","-"
"2022/06/05","16:00","6.61","29","8.16","78.1","1013.9","-","-"
"2022/06/05","17:00","8.94","87","10.5","76.8","1013.6","-","-"
"2022/06/05","18:00","13.22","67","14.58","77.2","1013.5","-","-"
"2022/06/05","19:00","20.41","76","22.74","72.3","1014.4","-","-"
"2022/06/05","20:00","16.72","74","19.63","71.4","1014.2","-","-"
"2022/06/05","21:00","17.49","76","19.44","70.3","1014.1","-","-"
"2022/06/05","22:00","13.8","81","15.55","70.2","1013.8","-","-"
"2022/06/05","23:00","13.41","74","15.16","70","1013.9","-","-"
"2022/06/06","00:00","11.47","67","13.22","69.8","1014.3","-","-"
"2022/06/06","01:00","11.47","86","12.44","69.6","1014.6","-","-"
"2022/06/06","02:00","11.08","59","12.63","69.4","1015.2","-","-"
"2022/06/06","03:00","12.05","77","13.61","69.4","1015.3","-","-"
"2022/06/06","04:00","12.25","71","13.41","69.3","1015.2","-","-"
"2022/06/06","05:00","7.39","44","9.14","68","1015.4","-","-"
"2022/06/06","06:00","8.16","51","9.14","68.7","1015.1","-","-"
"2022/06/06","07:00","6.8","43","9.33","68.2","1015","-","-"
"2022/06/06","08:00","7.39","44","8.55","67.6","1015.1","-","-"
"2022/06/06","09:00","7.19","62","9.91","67.8","1015.3","-","-"
"2022/06/06","10:00","4.86","33","6.03","66.7","1015.8","-","-"
"2022/06/06","11:00","7.58","36","8.75","68.2","1016.4","-","-"
"2022/06/06","12:00","5.83","43","6.61","69.3","1017","-","-"
"2022/06/06","13:00","6.8","70","9.52","70.3","1017.6","-","-"
"2022/06/06","14:00","7","87","8.36","70.3","1017.6","-","-"
"2022/06/06","15:00","8.55","77","9.72","70","1018","-","-"
"2022/06/06","16:00","5.83","74","7.39","70.5","1018.5","-","-"
"2022/06/06","17:00","7.19","86","8.94","71.8","1018.5","-","-"
"2022/06/06","18:00","11.47","98","14.38","72.9","1018.2","-","-"
"2022/06/06","19:00","12.25","91","14.19","72.7","1017.9","-","-"
"2022/06/06","20:00","11.86","91","13.22","71.6","1017.9","-","-"
"2022/06/06","21:00","13.61","110","16.33","72.3","1017.1","-","-"
"2022/06/06","22:00","11.86","103","14.77","71.8","1016.6","-","-"
"2022/06/06","23:00","10.89","121","14.97","71.6","1016.6","-","-"
"2022/06/07","00:00","11.08","118","13.22","70.3","1016.5","-","-"
"2022/06/07","01:00","9.72","138","13.02","70","1016.6","-","-"
"2022/06/07","02:00","5.44","151","6.8","69.8","1018","-","-"
"2022/06/07","03:00","6.03","149","7.78","69.3","1018.1","-","-"
"2022/06/07","04:00","4.67","158","6.22","67.8","1018","-","-"
"2022/06/07","05:00","3.89","167","5.05","67.5","1017.2","-","-"
"2022/06/07","06:00","4.28","159","6.22","67.5","1016.8","-","-"
"2022/06/07","07:00","4.86","159","6.03","67.3","1016.2","-","-"
"2022/06/07","08:00","5.44","166","7","67.5","1016.2","-","-"
"2022/06/07","09:00","4.67","171","7","67.5","1016.3","-","-"
"2022/06/07","10:00","6.03","166","7","67.5","1016.7","-","-"
"2022/06/07","11:00","4.47","167","6.22","69.4","1016.8","-","-"
"2022/06/07","12:00","5.25","164","7.78","72","1017.2","-","-"
"2022/06/07","13:00","8.94","178","14.77","75","1017.3","-","-"
"2022/06/07","14:00","11.47","184","15.55","75.7","1017","-","-"
"2022/06/07","15:00","7.78","179","13.8","77","1016.7","-","-"
"2022/06/07","16:00","10.3","184","12.63","77.7","1016.7","-","-"
"2022/06/07","17:00","7.58","164","14.77","79.7","1016.4","-","-"
"2022/06/07","18:00","11.47","155","13.22","80.6","1015.4","-","-"
"2022/06/07","19:00","7.78","163","13.8","81.7","1014.8","-","-"
"2022/06/07","20:00","13.61","160","16.72","81.7","1014","-","-"
"2022/06/07","21:00","6.22","170","10.5","81.9","1013.7","-","-"
"2022/06/07","22:00","7.58","182","12.44","82.6","1013.4","-","-"
"2022/06/07","23:00","11.47","175","17.3","82","1013","-","-"
"2022/06/08","00:00","9.91","164","12.25","80.2","1012.9","-","-"
"2022/06/08","01:00","6.41","171","9.14","78.4","1013","-","-"
"2022/06/08","02:00","9.14","170","12.44","77.9","1013.7","-","-"
"2022/06/08","03:00","9.33","185","13.02","77.4","1013.7","-","-"
"2022/06/08","04:00","8.55","189","12.63","76.6","1013.9","-","-"
"2022/06/08","05:00","11.08","202","13.61","76.3","1013.3","-","-"
"2022/06/08","06:00","10.5","206","16.33","75.9","1012.7","-","-"
"2022/06/08","07:00","9.33","211","12.44","75","1012.5","-","-"
"2022/06/08","08:00","9.72","213","12.44","74.5","1012.6","-","-"
"2022/06/08","09:00","9.33","215","12.44","74.7","1012.3","-","-"
"2022/06/08","10:00","7.58","217","11.66","73.9","1012.6","-","-"
"2022/06/08","11:00","10.3","228","12.83","74.1","1012.8","-","-"
"2022/06/08","12:00","10.89","225","13.41","74.7","1012.9","-","-"
"2022/06/08","13:00","5.25","294","7.97","75.6","1013.6","-","-"
"2022/06/08","14:00","5.05","242","7.78","78.4","1013.2","-","-"
"2022/06/08","15:00","6.41","237","8.36","79.2","1013.2","-","-"
"2022/06/08","16:00","3.11","212","6.61","82.4","1012.9","-","-"
"2022/06/08","17:00","0.97","270","1.36","85.5","1012.5","-","-"
"2022/06/08","18:00","10.11","83","10.3","79.2","1011.7","-","-"
"2022/06/08","19:00","9.91","95","10.5","81.3","1011","-","-"
"2022/06/08","20:00","11.66","96","12.83","80.2","1010.4","-","-"
"2022/06/08","21:00","10.89","126","16.33","83.8","1010.1","-","-"
"2022/06/08","22:00","8.55","152","13.41","83.7","1009.6","-","-"
"2022/06/08","23:00","13.02","171","18.86","82.6","1009.4","-","-"
"2022/06/09","00:00","2.72","188","3.3","74.1","1009.6","-","-"
"2022/06/09","01:00","6.03","185","9.72","76.1","1008.9","-","-"
"2022/06/09","02:00","8.75","192","14","76.5","1009.2","-","-"
"2022/06/09","03:00","7","184","10.11","76.1","1008.8","-","-"
"2022/06/09","04:00","7.97","193","12.05","75.6","1008.6","-","-"
"2022/06/09","05:00","8.55","205","12.44","75.4","1008.4","-","-"
"2022/06/09","06:00","11.66","214","15.94","75.2","1008","-","-"
"2022/06/09","07:00","10.11","213","16.52","75.2","1007.2","-","-"
"2022/06/09","08:00","9.72","215","15.36","75","1006.5","-","-"
"2022/06/09","09:00","11.66","214","16.52","75","1006.4","-","-"
"2022/06/09","10:00","12.05","224","14.58","75","1006.3","-","-"
"2022/06/09","11:00","10.3","211","15.36","75.2","1005.9","-","-"
"2022/06/09","12:00","12.05","222","16.91","75.9","1005.7","-","-"
"2022/06/09","13:00","7","241","10.3","76.8","1006.5","-","-"
"2022/06/09","14:00","12.05","240","16.33","77.4","1006.4","-","-"
"2022/06/09","15:00","7.58","245","12.44","79","1006.8","-","-"
"2022/06/09","16:00","7.97","287","11.66","80.8","1006.7","-","-"
"2022/06/09","17:00","7.78","263","10.3","83.1","1006.2","-","-"
"2022/06/09","18:00","9.14","318","9.91","82.2","1006","-","-"
"2022/06/09","19:00","13.22","316","14.38","81.9","1006","-","-"
"2022/06/09","20:00","12.63","320","14.97","82.9","1006","-","-"
"2022/06/09","21:00","12.83","325","16.52","83.5","1006.4","-","-"
"2022/06/09","22:00","11.47","319","13.8","82","1006.6","-","-"
"2022/06/09","23:00","10.5","358","12.63","81.1","1007.3","-","-"
"2022/06/10","00:00","14.19","4","18.08","80.1","1008.4","-","-"
"2022/06/10","01:00","13.61","344","17.11","77.9","1009.4","-","-"
"2022/06/10","02:00","9.52","360","11.86","76.6","1010.4","-","-"
"2022/06/10","03:00","5.64","344","7.78","75.4","1010.7","-","-"
"2022/06/10","04:00","5.64","6","7.58","74.5","1011.1","-","-"
"2022/06/10","05:00","7.39","345","8.94","72.7","1010.9","-","-"
"2022/06/10","06:00","4.28","346","5.25","71.1","1011","-","-"
"2022/06/10","07:00","7.19","352","8.36","70","1011.3","-","-"
"2022/06/10","08:00","7.97","10","9.52","69.6","1011.7","-","-"
"2022/06/10","09:00","6.8","344","8.16","68.2","1011.6","-","-"
"2022/06/10","10:00","7.19","355","10.11","67.5","1012.1","-","-"
"2022/06/10","11:00","4.28","346","5.44","67.3","1012.6","-","-"
"2022/06/10","12:00","8.16","358","9.14","68","1013.1","-","-"
"2022/06/10","13:00","5.44","7","6.61","70","1013.4","-","-"
"2022/06/10","14:00","5.44","40","7.97","72","1013.7","-","-"
"2022/06/10","15:00","3.11","112","5.05","73","1014.2","-","-"
"2022/06/10","16:00","7.58","109","8.36","73.6","1013.4","-","-"
"2022/06/10","17:00","9.33","79","10.69","72.1","1013.1","-","-"
"2022/06/10","18:00","6.03","86","7","73.4","1012.8","-","-"
"2022/06/10","19:00","9.14","88","10.11","73.8","1012.5","-","-"
"2022/06/10","20:00","9.14","84","10.11","74.3","1012","-","-"
"2022/06/10","21:00","9.52","100","11.86","74.8","1011.8","-","-"
"2022/06/10","22:00","9.33","99","10.69","74.7","1011.9","-","-"
"2022/06/10","23:00","8.75","127","10.11","74.1","1012.1","-","-"
"2022/06/11","00:00","7","127","9.14","73.9","1011.9","-","-"
"2022/06/11","01:00","4.47","171","5.64","72.7","1012.6","-","-"
"2022/06/11","02:00","4.67","165","5.25","71.1","1013.5","-","-"
"2022/06/11","03:00","5.44","179","7","70.7","1013.5","-","-"
"2022/06/11","04:00","5.05","186","7.58","69.8","1013.4","-","-"
"2022/06/11","05:00","2.33","175","3.69","69.4","1013.3","-","-"
"2022/06/11","06:00","2.14","232","2.72","67.3","1013","-","-"
"2022/06/11","07:00","1.17","236","2.72","67.1","1012.6","-","-"
"2022/06/11","08:00","1.36","203","2.33","66","1012.3","-","-"
"2022/06/11","09:00","4.47","230","5.44","66.7","1012.3","-","-"
"2022/06/11","10:00","3.69","229","5.25","67.1","1012.5","-","-"
"2022/06/11","11:00","2.14","268","2.92","69.4","1013.1","-","-"
"2022/06/11","12:00","0.19","126","0.39","72.5","1013.8","-","-"
"2022/06/11","13:00","3.5","172","4.47","73.2","1014.2","-","-"
"2022/06/11","14:00","1.94","74","3.3","75","1014.1","-","-"
"2022/06/11","15:00","5.44","58","6.41","75.2","1014.2","-","-"
"2022/06/11","16:00","8.36","69","11.08","76.5","1013.9","-","-"
"2022/06/11","17:00","7.78","68","9.72","77","1013.7","-","-"
"2022/06/11","18:00","11.08","84","12.63","76.1","1013","-","-"
"2022/06/11","19:00","13.41","117","16.13","77.4","1012.3","-","-"
"2022/06/11","20:00","13.41","121","17.11","77","1012","-","-"
"2022/06/11","21:00","8.55","147","10.89","78.1","1012","-","-"
"2022/06/11","22:00","9.52","131","14.58","77.5","1012.1","-","-"
"2022/06/11","23:00","13.8","119","16.33","75.9","1012.5","-","-"
"2022/06/12","00:00","8.36","116","10.5","73.9","1013","-","-"
"2022/06/12","01:00","7.58","173","9.14","70.7","1013.2","-","-"
"2022/06/12","02:00","9.72","165","10.89","71.1","1013.5","-","-"
"2022/06/12","03:00","5.25","172","7.97","70.7","1014","-","-"
"2022/06/12","04:00","8.16","175","10.5","71.4","1013.8","-","-"
"2022/06/12","05:00","6.22","175","9.14","71.6","1013.8","-","-"
"2022/06/12","06:00","4.47","179","6.8","72","1013.6","-","-"
"2022/06/12","07:00","4.08","188","5.83","72","1013.7","-","-"
"2022/06/12","08:00","4.86","183","7","71.6","1013.2","-","-"
"2022/06/12","09:00","4.67","197","6.22","71.4","1013.9","-","-"
"2022/06/12","10:00","1.94","206","3.69","71.4","1014.2","-","-"
"2022/06/12","11:00","2.92","143","3.69","72.5","1014","-","-"
"2022/06/12","12:00","1.75","107","2.33","72.7","1014","-","-"
"2022/06/12","13:00","2.92","183","4.08","75.7","1014.2","-","-"
"2022/06/12","14:00","7","195","11.08","78.1","1013.8","-","-"
"2022/06/12","15:00","6.61","165","8.36","79.5","1013.8","-","-"
"2022/06/12","16:00","3.5","109","6.22","79.9","1013.1","-","-"
"2022/06/12","17:00","7.39","41","15.94","72","1014.3","-","-"
"2022/06/12","18:00","4.86","117","6.22","72.3","1013.5","-","-"
"2022/06/12","19:00","7.78","125","11.47","75.2","1013.4","-","-"
"2022/06/12","20:00","5.25","165","10.69","76.8","1012.8","-","-"
"2022/06/12","21:00","5.83","162","8.36","78.8","1012.6","-","-"
"2022/06/12","22:00","5.25","179","6.61","80.6","1012.7","-","-"
"2022/06/12","23:00","6.03","192","8.16","80.2","1012.2","-","-"
"2022/06/13","00:00","6.8","195","9.91","78.8","1012.3","-","-"
"2022/06/13","01:00","7.78","221","9.52","76.6","1012.4","-","-"
"2022/06/13","02:00","6.22","217","8.16","75.7","1013.1","-","-"
"2022/06/13","03:00","8.36","229","11.86","75.7","1013.5","-","-"
"2022/06/13","04:00","8.36","247","11.86","74.8","1013.4","-","-"
"2022/06/13","05:00","5.05","252","8.16","74.3","1013.2","-","-"
"2022/06/13","06:00","3.3","309","4.47","74.5","1013.3","-","-"
"2022/06/13","07:00","3.89","268","4.67","74.5","1013","-","-"
"2022/06/13","08:00","4.47","222","6.61","73.6","1013","-","-"
"2022/06/13","09:00","3.5","220","4.86","72.9","1013.1","-","-"
"2022/06/13","10:00","1.56","242","2.14","72.9","1013.4","-","-"
"2022/06/13","11:00","1.94","220","4.86","73.9","1014.3","-","-"
"2022/06/13","12:00","3.3","263","6.8","76.3","1014.6","-","-"
"2022/06/13","13:00","6.03","238","8.94","78.3","1014.6","-","-"
"2022/06/13","14:00","6.22","231","8.36","80.6","1014.3","-","-"
"2022/06/13","15:00","1.56","239","3.3","83.7","1014.2","-","-"
"2022/06/13","16:00","2.72","9","3.11","83.8","1014.6","-","-"
"2022/06/13","17:00","3.11","70","3.69","84.2","1013.7","-","-"
"2022/06/13","18:00","6.41","70","8.16","81.5","1013.3","-","-"
"2022/06/13","19:00","7.97","95","8.36","82.6","1012.6","-","-"
"2022/06/13","20:00","8.16","119","8.94","85.8","1012.6","-","-"
"2022/06/13","21:00","7.97","95","9.52","80.8","1012.2","-","-"
"2022/06/13","22:00","3.3","99","3.5","86.5","1011.7","-","-"
"2022/06/13","23:00","6.61","60","7","81.3","1012","-","-"
"2022/06/14","00:00","3.69","149","5.83","83.5","1012.6","-","-"
"2022/06/14","01:00","5.83","161","8.55","82","1013","-","-"
"2022/06/14","02:00","7","201","10.5","81.3","1013.3","-","-"
"2022/06/14","03:00","7.78","207","10.11","80.6","1013.3","-","-"
"2022/06/14","04:00","1.75","240","3.11","80.1","1012.6","-","-"
"2022/06/14","05:00","9.91","241","12.05","82.2","1012.4","-","-"
"2022/06/14","06:00","9.52","195","12.44","79.2","1011.4","-","-"
"2022/06/14","07:00","9.33","208","11.86","79","1011.4","-","-"
"2022/06/14","08:00","11.08","217","14","79.7","1010.9","-","-"
"2022/06/14","09:00","10.89","218","13.02","79.5","1010.3","-","-"
"2022/06/14","10:00","1.36","334","2.33","79.3","1010.9","-","-"
"2022/06/14","11:00","7.58","251","9.91","79.7","1011","-","-"
"2022/06/14","12:00","7.19","280","11.66","81.1","1011.5","-","-"
"2022/06/14","13:00","3.89","204","5.44","82.2","1010.6","-","-"
"2022/06/14","14:00","15.94","278","19.63","80.1","1011.2","-","-"
"2022/06/14","15:00","0.39","60","2.72","77.7","1010.3","-","-"
"2022/06/14","16:00","7.19","279","11.08","79.9","1010.4","-","-"
"2022/06/14","17:00","9.33","293","11.47","83.7","1010.9","-","-"
"2022/06/14","18:00","11.27","252","14.38","83.5","1010.5","-","-"
"2022/06/14","19:00","8.75","288","12.83","75.7","1012","-","-"
"2022/06/14","20:00","8.16","1","9.52","76.6","1012.2","-","-"
"2022/06/14","21:00","5.05","8","6.03","76.6","1011.9","-","-"
"2022/06/14","22:00","5.25","9","6.41","78.3","1011.4","-","-"
"2022/06/14","23:00","1.17","45","1.36","79","1012","-","-"
"2022/06/15","00:00","2.53","86","2.72","77.4","1012.4","-","-"
"2022/06/15","01:00","7.19","71","8.55","76.8","1013","-","-"
"2022/06/15","02:00","6.61","44","8.36","76.3","1014","-","-"
"2022/06/15","03:00","6.03","43","7.39","75.7","1014.6","-","-"
"2022/06/15","04:00","5.05","51","5.64","75.4","1014.8","-","-"
"2022/06/15","05:00","3.89","154","4.86","74.3","1014.9","-","-"
"2022/06/15","06:00","4.08","154","5.25","73.6","1015.3","-","-"
"2022/06/15","07:00","4.47","178","5.44","72.1","1014.9","-","-"
"2022/06/15","08:00","1.75","192","2.92","71.2","1015.3","-","-"
"2022/06/15","09:00","3.5","209","4.08","70","1015.5","-","-"
"2022/06/15","10:00","3.5","211","4.28","69.6","1015.9","-","-"
"2022/06/15","11:00","1.75","224","2.14","72.1","1016.4","-","-"
"2022/06/15","12:00","0.39","296","0.78","74.7","1016.8","-","-"
"2022/06/15","13:00","0.78","300","1.17","74.8","1017.8","-","-"
"2022/06/15","14:00","1.56","83","1.75","76.6","1018.5","-","-"
"2022/06/15","15:00","2.33","79","2.92","77.5","1018.8","-","-"
"2022/06/15","16:00","7.19","76","7.97","77.7","1019.1","-","-"
"2022/06/15","17:00","8.16","84","9.33","78.1","1019.5","-","-"
"2022/06/15","18:00","7","88","8.16","79.5","1019.2","-","-"
"2022/06/15","19:00","10.3","90","11.86","79.7","1018.8","-","-"
"2022/06/15","20:00","10.11","89","11.47","79.9","1018.8","-","-"
"2022/06/15","21:00","8.36","102","10.3","81.7","1018.5","-","-"
"2022/06/15","22:00","8.16","98","9.33","81","1018.5","-","-"
"2022/06/15","23:00","7.97","131","9.72","80.4","1018.2","-","-"
"2022/06/16","00:00","5.05","138","6.61","79.3","1018.6","-","-"
"2022/06/16","01:00","6.41","142","8.36","77.4","1018.8","-","-"
"2022/06/16","02:00","6.41","154","8.55","76.5","1019.4","-","-"
"2022/06/16","03:00","6.03","165","8.75","75.7","1019.3","-","-"
"2022/06/16","04:00","6.61","144","7.58","75","1019.6","-","-"
"2022/06/16","05:00","5.05","166","6.41","74.1","1019.9","-","-"
"2022/06/16","06:00","3.89","148","4.86","73.9","1019.9","-","-"
"2022/06/16","07:00","4.28","136","6.22","73.8","1020.3","-","-"
"2022/06/16","08:00","5.44","147","7.58","73.4","1019.9","-","-"
"2022/06/16","09:00","2.33","174","3.11","73","1020.2","-","-"
"2022/06/16","10:00","5.25","162","6.61","72.9","1020.5","-","-"
"2022/06/16","11:00","5.05","172","6.41","73.4","1021.5","-","-"
"2022/06/16","12:00","5.44","145","6.61","70.5","1021.1","-","-"
"2022/06/16","13:00","4.67","131","6.03","70.9","1021.8","-","-"
"2022/06/16","14:00","5.44","167","8.94","73.9","1021.5","-","-"
"2022/06/16","15:00","10.5","202","12.63","76.3","1021.2","-","-"
"2022/06/16","16:00","10.11","190","13.02","76.3","1020.9","-","-"
"2022/06/16","17:00","7.58","182","10.89","77.2","1020.9","-","-"
"2022/06/16","18:00","6.22","217","8.94","77.9","1019.9","-","-"
"2022/06/16","19:00","12.44","177","16.13","79.5","1018.8","-","-"
"2022/06/16","20:00","11.08","193","15.94","79.3","1017","-","-"
"2022/06/16","21:00","12.05","213","16.13","81","1016.5","-","-"
"2022/06/16","22:00","13.02","209","17.49","81.3","1016.5","-","-"
"2022/06/16","23:00","6.8","220","10.69","79.7","1016.3","-","-"
"2022/06/17","00:00","7.19","193","10.69","78.6","1015.5","-","-"
"2022/06/17","01:00","3.3","203","4.28","77.7","1015.9","-","-"
"2022/06/17","02:00","10.69","209","15.94","77","1015.5","-","-"
"2022/06/17","03:00","18.08","208","24.3","76.5","1012.5","-","-"
"2022/06/17","04:00","0.78","42","2.14","76.5","1015.1","-","-"
"2022/06/17","05:00","6.22","155","6.8","76.1","1014.8","-","-"
"2022/06/17","06:00","6.8","183","8.94","75.7","1013.4","-","-"
"2022/06/17","07:00","6.22","204","10.89","75.6","1011.9","-","-"
"2022/06/17","08:00","4.67","203","6.03","75.2","1012","-","-"
"2022/06/17","09:00","7.78","204","10.5","74.8","1011.7","-","-"
"2022/06/17","10:00","6.61","241","10.11","74.8","1011.8","-","-"
"2022/06/17","11:00","8.75","230","12.44","74.7","1011.7","-","-"
"2022/06/17","12:00","10.69","222","13.22","76.3","1011.5","-","-"
"2022/06/17","13:00","5.05","230","7.58","78.3","1011.5","-","-"
"2022/06/17","14:00","5.64","263","7.39","81.1","1011.2","-","-"
"2022/06/17","15:00","10.5","262","13.61","84.4","1011.2","-","-"
"2022/06/17","16:00","10.89","259","14.38","86.9","1010.7","-","-"
"2022/06/17","17:00","8.36","261","10.3","89.2","1010","-","-"
"2022/06/17","18:00","6.61","222","10.89","91.9","1008.6","-","-"
"2022/06/17","19:00","6.61","246","9.91","94.3","1007.7","-","-"
"2022/06/17","20:00","11.08","257","15.55","94.3","1007.2","-","-"
"2022/06/17","21:00","8.55","256","11.86","93.6","1007.2","-","-"
"2022/06/17","22:00","6.22","241","7.58","91.8","1006.1","-","-"
"2022/06/17","23:00","6.61","230","7.97","89.8","1005.4","-","-"
"2022/06/18","00:00","8.75","339","11.66","82.9","1006.3","-","-"
"2022/06/18","01:00","3.5","243","4.28","81","1005.7","-","-"
"2022/06/18","02:00","10.5","244","13.22","83.1","1005.3","-","-"
"2022/06/18","03:00","8.16","247","9.52","81.3","1005.8","-","-"
"2022/06/18","04:00","14.77","265","17.49","79.9","1006.3","-","-"
"2022/06/18","05:00","10.3","279","13.61","78.8","1007","-","-"
"2022/06/18","06:00","7.97","269","9.52","77.2","1007.3","-","-"
"2022/06/18","07:00","8.75","269","10.3","75.7","1007","-","-"
"2022/06/18","08:00","8.75","266","9.72","74.5","1007.1","-","-"
"2022/06/18","09:00","6.41","272","8.55","73.2","1007.1","-","-"
"2022/06/18","10:00","7","275","7.97","72.9","1007","-","-"
"2022/06/18","11:00","8.36","273","9.52","73","1007.4","-","-"
"2022/06/18","12:00","6.41","264","7.97","75.7","1007.3","-","-"
"2022/06/18","13:00","7.97","323","9.33","76.5","1007.1","-","-"
"2022/06/18","14:00","14.97","319","18.27","77.2","1007.3","-","-"
"2022/06/18","15:00","11.66","333","18.66","77.5","1008.1","-","-"
"2022/06/18","16:00","20.22","316","21.58","77.7","1008.2","-","-"
"2022/06/18","17:00","22.16","317","28.57","77.5","1009","-","-"
"2022/06/18","18:00","14.38","335","23.13","77.2","1009.4","-","-"
"2022/06/18","19:00","17.11","344","19.63","76.5","1009.9","-","-"
"2022/06/18","20:00","12.63","325","17.69","75.6","1010.1","-","-"
"2022/06/18","21:00","18.08","325","22.16","74.8","1010.6","-","-"
"2022/06/18","22:00","14.19","350","19.24","75","1011.1","-","-"
"2022/06/18","23:00","12.25","335","17.11","75.4","1011.6","-","-"
"2022/06/19","00:00","10.89","352","12.83","74.1","1012.2","-","-"
"2022/06/19","01:00","6.8","344","7.78","73","1012.6","-","-"
"2022/06/19","02:00","4.67","294","6.03","72.1","1013.2","-","-"
"2022/06/19","03:00","6.03","287","7","71.4","1013.4","-","-"
"2022/06/19","04:00","9.72","327","12.25","72.1","1014","-","-"
"2022/06/19","05:00","15.55","337","16.91","69.6","1014.7","-","-"
"2022/06/19","06:00","13.61","335","17.11","68.4","1015.6","-","-"
"2022/06/19","07:00","13.02","333","15.75","66.6","1015.9","-","-"
"2022/06/19","08:00","10.3","336","13.22","64.8","1016.1","-","-"
"2022/06/19","09:00","11.27","331","13.61","64.6","1016.7","-","-"
"2022/06/19","10:00","13.02","331","15.94","64.2","1017.2","-","-"
"2022/06/19","11:00","15.55","327","17.11","63.3","1017.6","-","-"
"2022/06/19","12:00","15.94","328","18.27","63.9","1018.3","-","-"
"2022/06/19","13:00","16.72","342","20.02","64.8","1018.7","-","-"
"2022/06/19","14:00","13.61","325","18.27","66","1018.8","-","-"
"2022/06/19","15:00","14.19","324","17.69","67.6","1018.8","-","-"
"2022/06/19","16:00","17.11","309","23.91","68.5","1018.3","-","-"
"2022/06/19","17:00","15.16","304","19.83","69.6","1018","-","-"
"2022/06/19","18:00","15.36","307","18.66","71.1","1017.3","-","-"
"2022/06/19","19:00","13.8","308","16.52","72.7","1017","-","-"
"2022/06/19","20:00","15.36","315","20.22","73.9","1016.9","-","-"
"2022/06/19","21:00","14.58","306","17.88","74.8","1016.7","-","-"
"2022/06/19","22:00","17.69","315","20.99","75.9","1016.7","-","-"
"2022/06/19","23:00","15.75","315","18.08","76.5","1016.9","-","-"
"2022/06/20","00:00","6.61","307","8.55","75.2","1017.5","-","-"
"2022/06/20","01:00","1.75","253","3.89","71.4","1018.2","-","-"
"2022/06/20","02:00","2.72","253","3.5","67.6","1018.7","-","-"
"2022/06/20","03:00","2.72","266","3.5","68.4","1019","-","-"
"2022/06/20","04:00","5.83","273","7.39","69.3","1019.3","-","-"
"2022/06/20","05:00","6.8","278","7.58","68.4","1019.6","-","-"
"2022/06/20","06:00","7.58","271","8.94","67.6","1019.8","-","-"
"2022/06/20","07:00","8.75","282","12.83","66.4","1019.4","-","-"
"2022/06/20","08:00","9.91","294","11.08","66.9","1019.8","-","-"
"2022/06/20","09:00","11.27","328","14.38","66.2","1020.5","-","-"
"2022/06/20","10:00","7.58","341","8.94","62.8","1021.5","-","-"
"2022/06/20","11:00","6.03","320","8.36","63.7","1022.1","-","-"
"2022/06/20","12:00","5.25","344","6.61","65.5","1022.6","-","-"
"2022/06/20","13:00","10.5","30","15.16","68.9","1023.4","-","-"
"2022/06/20","14:00","2.33","21","3.3","70.5","1023.3","-","-"
"2022/06/20","15:00","0.19","259","2.14","72.1","1023.3","-","-"
"2022/06/20","16:00","3.3","292","3.89","72.5","1022.9","-","-"
"2022/06/20","17:00","6.61","309","8.75","72.9","1022.8","-","-"
"2022/06/20","18:00","9.52","317","10.69","74.1","1022.5","-","-"
"2022/06/20","19:00","10.3","315","12.63","75.2","1022.1","-","-"
"2022/06/20","20:00","6.03","299","7.58","75.9","1021.3","-","-"
"2022/06/20","21:00","6.22","302","7.39","76.5","1021.3","-","-"
"2022/06/20","22:00","8.36","303","11.66","76.8","1021.1","-","-"
"2022/06/20","23:00","6.41","292","8.55","77.5","1021.1","-","-"
"2022/06/21","00:00","6.61","268","8.75","75","1021.2","-","-"
"2022/06/21","01:00","5.05","257","6.22","73.4","1021","-","-"
"2022/06/21","02:00","2.53","222","3.11","70.5","1021.5","-","-"
"2022/06/21","03:00","7.39","218","7.78","68.4","1021.2","-","-"
"2022/06/21","04:00","6.61","231","7.19","68.9","1021.4","-","-"
"2022/06/21","05:00","8.94","205","10.89","67.6","1021.3","-","-"
"2022/06/21","06:00","8.36","207","10.69","66.6","1021.3","-","-"
"2022/06/21","07:00","8.16","214","10.11","65.7","1020.9","-","-"
"2022/06/21","08:00","8.75","216","10.69","65.1","1020.6","-","-"
"2022/06/21","09:00","9.14","221","10.5","65.5","1020.9","-","-"
"2022/06/21","10:00","9.14","228","10.3","65.8","1021.6","-","-"
"2022/06/21","11:00","7.97","240","11.66","66.9","1022.2","-","-"
"2022/06/21","12:00","7","236","11.27","68.7","1022.7","-","-"
"2022/06/21","13:00","6.03","235","7.97","70.2","1022.6","-","-"
"2022/06/21","14:00","6.22","249","8.36","72.7","1022.4","-","-"
"2022/06/21","15:00","5.64","284","6.8","74.8","1022.4","-","-"
"2022/06/21","16:00","4.28","273","7.58","76.3","1022.2","-","-"
"2022/06/21","17:00","6.22","276","8.16","77.4","1021.5","-","-"
"2022/06/21","18:00","4.67","272","5.64","77.9","1021","-","-"
"2022/06/21","19:00","0.39","50","1.75","81","1020.4","-","-"
"2022/06/21","20:00","2.53","23","3.11","79.2","1020.1","-","-"
"2022/06/21","21:00","8.75","95","9.91","76.3","1019.7","-","-"
"2022/06/21","22:00","5.83","108","7","77.9","1018.8","-","-"
"2022/06/21","23:00","7.58","93","8.36","77.2","1018.7","-","-"
"2022/06/22","00:00","2.14","146","2.92","78.1","1018.6","-","-"
"2022/06/22","01:00","3.69","171","4.47","76.1","1018.4","-","-"
"2022/06/22","02:00","8.16","188","10.69","75.2","1018.2","-","-"
"2022/06/22","03:00","6.22","191","9.14","74.1","1018.2","-","-"
"2022/06/22","04:00","5.44","197","9.52","73","1017.9","-","-"
"2022/06/22","05:00","7.97","216","10.89","72.7","1017.4","-","-"
"2022/06/22","06:00","9.91","211","14.38","72.5","1016.8","-","-"
"2022/06/22","07:00","10.89","219","13.41","71.8","1016.2","-","-"
"2022/06/22","08:00","6.8","209","13.8","71.6","1015.8","-","-"
"2022/06/22","09:00","4.86","226","7.19","70.5","1015.6","-","-"
"2022/06/22","10:00","8.75","223","11.66","70.9","1014.9","-","-"
"2022/06/22","11:00","8.55","225","12.83","71.6","1014.7","-","-"
"2022/06/22","12:00","4.86","241","10.11","72.7","1014.3","-","-"
"2022/06/22","13:00","9.91","243","13.8","74.3","1013.9","-","-"
"2022/06/22","14:00","4.08","250","9.52","76.1","1013.4","-","-"
"2022/06/22","15:00","6.61","272","7.97","76.3","1013.2","-","-"
"2022/06/22","16:00","1.17","151","3.11","78.6","1012.8","-","-"
"2022/06/22","17:00","1.56","43","1.94","78.8","1012.4","-","-"
"2022/06/22","18:00","7","78","7.58","77.9","1011.6","-","-"
"2022/06/22","19:00","8.75","59","9.33","77.7","1010.5","-","-"
"2022/06/22","20:00","19.05","74","20.8","76.6","1010.8","-","-"
"2022/06/22","21:00","8.16","101","9.91","77","1009.5","-","-"
"2022/06/22","22:00","15.75","104","18.27","71.6","1010.8","-","-"
"2022/06/22","23:00","1.56","26","2.33","71.2","1011.2","-","-"
"2022/06/23","00:00","6.41","117","7.97","71.4","1010.6","-","-"
"2022/06/23","01:00","3.3","135","5.25","71.1","1010.1","-","-"
"2022/06/23","02:00","1.75","157","3.11","72.3","1011.4","-","-"
"2022/06/23","03:00","4.47","337","5.25","72.1","1011.6","-","-"
"2022/06/23","04:00","5.05","283","7","72","1011.3","-","-"
"2022/06/23","05:00","5.44","3","7.39","71.6","1010.8","-","-"
"2022/06/23","06:00","6.8","5","8.16","71.8","1010.4","-","-"
"2022/06/23","07:00","6.41","3","7.97","71.4","1009.6","-","-"
"2022/06/23","08:00","7","352","9.14","71.1","1009.6","-","-"
"2022/06/23","09:00","8.16","121","11.66","70","1009.6","-","-"
"2022/06/23","10:00","9.72","120","14","69.4","1009.7","-","-"
"2022/06/23","11:00","9.52","109","14","70.7","1010","-","-"
"2022/06/23","12:00","10.69","111","12.63","71.2","1010.5","-","-"
"2022/06/23","13:00","7.97","123","9.72","71.1","1010.7","-","-"
"2022/06/23","14:00","-","-","-","-","-","-","-"
"2022/06/23","15:00","5.64","95","6.8","71.8","1011.3","-","-"
"2022/06/23","16:00","7.97","88","10.11","71.8","1011.3","-","-"
"2022/06/23","17:00","17.11","68","18.27","70","1012","-","-"
"2022/06/23","18:00","14.19","63","15.55","70.3","1012.4","-","-"
"2022/06/23","19:00","10.3","43","13.22","67.5","1012.8","-","-"
"2022/06/23","20:00","7.58","35","9.91","70","1012.6","-","-"
"2022/06/23","21:00","8.75","47","11.27","70.5","1012.7","-","-"
"2022/06/23","22:00","6.41","61","7.97","71.8","1012.6","-","-"
"2022/06/23","23:00","7","46","8.36","71.8","1012.9","-","-"
"2022/06/24","00:00","9.33","51","11.08","71.6","1013.2","-","-"
"2022/06/24","01:00","6.41","39","8.94","70.9","1013.8","-","-"
"2022/06/24","02:00","5.05","14","6.8","70.5","1014.3","-","-"
"2022/06/24","03:00","2.72","31","3.5","70.2","1014.4","-","-"
"2022/06/24","04:00","4.67","5","5.64","70.2","1014.5","-","-"
"2022/06/24","05:00","1.94","229","2.72","68.2","1014.5","-","-"
"2022/06/24","06:00","4.28","313","5.44","68.9","1014.8","-","-"
"2022/06/24","07:00","3.69","278","4.67","68.7","1014.7","-","-"
"2022/06/24","08:00","4.86","350","5.44","68.9","1014.8","-","-"
"2022/06/24","09:00","6.03","4","6.61","67.6","1015.4","-","-"
"2022/06/24","10:00","4.86","4","5.83","68","1015.9","-","-"
"2022/06/24","11:00","5.64","7","7","68","1016.6","-","-"
"2022/06/24","12:00","4.86","46","5.83","70.3","1017.1","-","-"
"2022/06/24","13:00","4.47","49","7","71.1","1017.3","-","-"
"2022/06/24","14:00","4.86","99","6.61","71.8","1017.4","-","-"
"2022/06/24","15:00","3.11","112","5.44","72.5","1017.5","-","-"
"2022/06/24","16:00","3.3","93","4.08","73.6","1017.7","-","-"
"2022/06/24","17:00","9.14","80","10.11","72.9","1018","-","-"
"2022/06/24","18:00","8.36","80","9.91","73.9","1018","-","-"
"2022/06/24","19:00","8.75","97","9.91","73.9","1017.8","-","-"
"2022/06/24","20:00","8.55","95","9.52","73.8","1017.5","-","-"
"2022/06/24","21:00","6.61","85","7.78","75","1017.4","-","-"
"2022/06/24","22:00","7.58","92","8.55","75","1017.3","-","-"
"2022/06/24","23:00","8.36","102","9.33","74.8","1017.6","-","-"
"2022/06/25","00:00","8.75","122","9.91","73.9","1017.8","-","-"
"2022/06/25","01:00","7.39","141","9.33","72.5","1018","-","-"
"2022/06/25","02:00","5.25","148","6.61","71.4","1018.7","-","-"
"2022/06/25","03:00","6.8","165","8.16","70.5","1019","-","-"
"2022/06/25","04:00","3.11","188","5.83","69.8","1019.1","-","-"
"2022/06/25","05:00","5.44","200","7","68.7","1019.2","-","-"
"2022/06/25","06:00","4.67","197","6.61","69.1","1019.2","-","-"
"2022/06/25","07:00","2.72","275","3.89","67.5","1019.3","-","-"
"2022/06/25","08:00","2.92","258","3.69","67.5","1019.4","-","-"
"2022/06/25","09:00","1.17","243","3.11","66.9","1019.5","-","-"
"2022/06/25","10:00","1.75","253","2.33","66.7","1019.8","-","-"
"2022/06/25","11:00","2.53","282","3.3","68","1020.3","-","-"
"2022/06/25","12:00","2.53","303","3.89","70.2","1020.9","-","-"
"2022/06/25","13:00","1.36","332","2.92","72.1","1021.4","-","-"
"2022/06/25","14:00","2.33","5","2.53","73.6","1021.5","-","-"
"2022/06/25","15:00","2.14","33","2.92","77.2","1021.3","-","-"
"2022/06/25","16:00","4.86","87","5.25","77","1021.3","-","-"
"2022/06/25","17:00","9.52","81","10.11","76.5","1021.1","-","-"
"2022/06/25","18:00","8.94","89","9.72","77.5","1020.7","-","-"
"2022/06/25","19:00","7.58","100","10.3","79.5","1020.7","-","-"
"2022/06/25","20:00","11.27","92","12.44","79","1020","-","-"
"2022/06/25","21:00","7.97","101","11.08","79.5","1019.7","-","-"
"2022/06/25","22:00","10.11","121","11.47","79.3","1019.5","-","-"
"2022/06/25","23:00","7.39","134","11.66","78.8","1019.5","-","-"
"2022/06/26","00:00","7","146","8.55","77.7","1019.7","-","-"
"2022/06/26","01:00","7.39","150","9.52","75.4","1019.9","-","-"
"2022/06/26","02:00","5.83","165","7.97","74.3","1020.4","-","-"
"2022/06/26","03:00","4.08","173","5.25","72.9","1020.6","-","-"
"2022/06/26","04:00","4.08","182","5.64","71.6","1021.1","-","-"
"2022/06/26","05:00","3.11","180","3.89","70.3","1021.1","-","-"
"2022/06/26","06:00","3.69","180","4.86","68.7","1020.8","-","-"
"2022/06/26","07:00","4.08","188","5.25","68.7","1020.4","-","-"
"2022/06/26","08:00","4.28","209","5.44","68","1020.4","-","-"
"2022/06/26","09:00","1.56","193","2.92","68.4","1020.5","-","-"
"2022/06/26","10:00","3.3","178","4.28","68.2","1020.7","-","-"
"2022/06/26","11:00","2.72","258","3.69","69.4","1021.1","-","-"
"2022/06/26","12:00","4.08","228","5.83","72","1021.4","-","-"
"2022/06/26","13:00","3.69","199","5.25","75.4","1021.2","-","-"
"2022/06/26","14:00","3.89","238","6.03","77.4","1020.7","-","-"
"2022/06/26","15:00","3.69","251","5.25","79.7","1020.4","-","-"
"2022/06/26","16:00","3.3","306","5.25","81","1020.4","-","-"
"2022/06/26","17:00","4.86","162","9.72","83.1","1019.8","-","-"
"2022/06/26","18:00","5.44","159","7.78","84.6","1019.3","-","-"
"2022/06/26","19:00","14.77","106","16.72","80.2","1018.9","-","-"
"2022/06/26","20:00","13.02","99","15.16","80.1","1018.2","-","-"
"2022/06/26","21:00","10.3","100","12.83","80.8","1017.6","-","-"
"2022/06/26","22:00","7.58","100","9.91","81.5","1017.2","-","-"
"2022/06/26","23:00","5.64","185","11.86","85.5","1017.1","-","-"
"2022/06/27","00:00","6.03","181","8.16","83.3","1016.8","-","-"
"2022/06/27","01:00","11.66","173","16.13","80.8","1016.9","-","-"
"2022/06/27","02:00","9.72","172","15.55","79.3","1017.4","-","-"
"2022/06/27","03:00","12.44","189","16.52","78.1","1017.5","-","-"
"2022/06/27","04:00","12.63","193","16.91","76.8","1017.9","-","-"
"2022/06/27","05:00","10.69","188","14.38","75.7","1018.1","-","-"
"2022/06/27","06:00","6.41","201","15.16","75.2","1017.7","-","-"
"2022/06/27","07:00","8.75","187","17.49","74.8","1017.2","-","-"
"2022/06/27","08:00","-","-","-","-","-","-","-"
"2022/06/27","09:00","13.41","210","18.47","74.3","1016.1","-","-"
"2022/06/27","10:00","12.25","210","17.49","74.1","1016.2","-","-"
"2022/06/27","11:00","15.75","208","21.77","74.7","1016.2","-","-"
"2022/06/27","12:00","16.52","210","19.63","75.6","1016","-","-"
"2022/06/27","13:00","10.89","215","16.52","77","1016.4","-","-"
"2022/06/27","14:00","10.89","225","16.13","78.3","1016","-","-"
"2022/06/27","15:00","10.11","210","12.83","80.4","1015.7","-","-"
"2022/06/27","16:00","11.86","213","16.91","81.9","1015.9","-","-"
"2022/06/27","17:00","9.72","238","11.47","82.4","1015.6","-","-"
"2022/06/27","18:00","8.75","217","12.63","84.6","1014.6","-","-"
"2022/06/27","19:00","3.69","209","9.52","86.2","1013.6","-","-"
"2022/06/27","20:00","7","216","12.25","85.5","1013","-","-"
"2022/06/27","21:00","5.05","249","7.19","83.3","1013.5","-","-"
"2022/06/27","22:00","7.39","297","13.22","73","1015.3","-","-"
"2022/06/27","23:00","4.67","199","6.61","72.7","1016","-","-"
"2022/06/28","00:00","2.33","193","3.11","73.4","1015.9","-","-"
"2022/06/28","01:00","3.5","326","3.89","73.6","1015.7","-","-"
"2022/06/28","02:00","7","340","7.78","73.4","1016.8","-","-"
"2022/06/28","03:00","7.78","273","9.72","71.8","1017.1","-","-"
"2022/06/28","04:00","4.08","39","6.41","71.6","1016.9","-","-"
"2022/06/28","05:00","6.03","327","7.19","72.1","1017.4","-","-"
"2022/06/28","06:00","3.5","263","4.67","70.9","1017.6","-","-"
"2022/06/28","07:00","3.5","292","4.28","70.7","1017.7","-","-"
"2022/06/28","08:00","10.5","353","12.44","70.9","1018.2","-","-"
"2022/06/28","09:00","12.44","5","14.38","69.6","1018.8","-","-"
"2022/06/28","10:00","9.52","348","11.27","68.4","1019.5","-","-"
"2022/06/28","11:00","6.03","321","8.55","67.5","1020.3","-","-"
"2022/06/28","12:00","8.94","334","10.3","68.7","1020.8","-","-"
"2022/06/28","13:00","10.11","2","14.19","72.3","1021.4","-","-"
"2022/06/28","14:00","14.97","7","20.41","73.8","1022","-","-"
"2022/06/28","15:00","12.05","22","15.94","74.3","1022.4","-","-"
"2022/06/28","16:00","8.75","26","12.25","75","1022.5","-","-"
"2022/06/28","17:00","8.16","64","10.3","75","1022.5","-","-"
"2022/06/28","18:00","6.8","58","10.3","75.6","1022.3","-","-"
"2022/06/28","19:00","7","95","8.55","75.9","1022.2","-","-"
"2022/06/28","20:00","1.56","117","9.14","77.9","1022","-","-"
"2022/06/28","21:00","6.03","300","7.58","76.8","1021.7","-","-"
"2022/06/28","22:00","2.72","245","3.5","77.7","1021.8","-","-"
"2022/06/28","23:00","8.16","96","10.11","75.2","1022","-","-"
"2022/06/29","00:00","5.83","99","7.78","75.2","1022.4","-","-"
"2022/06/29","01:00","3.5","148","4.86","74.1","1022.7","-","-"
"2022/06/29","02:00","3.11","175","4.28","72","1023.1","-","-"
"2022/06/29","03:00","2.14","191","3.69","70.3","1023.3","-","-"
"2022/06/29","04:00","7.39","169","8.55","70.9","1023.4","-","-"
"2022/06/29","05:00","5.05","199","7","69.3","1023.5","-","-"
"2022/06/29","06:00","5.64","178","7.39","69.4","1023.6","-","-"
"2022/06/29","07:00","6.41","205","9.91","68.2","1023.5","-","-"
"2022/06/29","08:00","5.05","227","6.8","66.9","1023.5","-","-"
"2022/06/29","09:00","7.19","220","8.16","67.1","1023.7","-","-"
"2022/06/29","10:00","6.8","211","7.78","67.6","1023.9","-","-"
"2022/06/29","11:00","4.67","218","6.22","67.6","1024.1","-","-"
"2022/06/29","12:00","3.3","219","4.67","71.2","1024.4","-","-"
"2022/06/29","13:00","4.08","228","5.44","72.1","1025","-","-"
"2022/06/29","14:00","6.03","225","6.61","75","1025","-","-"
"2022/06/29","15:00","3.5","137","5.25","77.9","1025.2","-","-"
"2022/06/29","16:00","2.33","206","5.44","79","1025.2","-","-"
"2022/06/29","17:00","6.22","154","7.78","80.1","1024.9","-","-"
"2022/06/29","18:00","4.47","217","7.19","80.1","1024.4","-","-"
"2022/06/29","19:00","6.03","238","10.5","80.6","1023.7","-","-"
"2022/06/29","20:00","-","-","-","-","-","-","-"
"2022/06/29","21:00","3.5","219","7.97","82.9","1022.7","-","-"
"2022/06/29","22:00","8.94","143","12.44","81.3","1022.7","-","-"
"2022/06/29","23:00","7.19","157","10.11","80.8","1022.5","-","-"
"2022/06/30","00:00","5.83","155","7.39","79","1022.4","-","-"
"2022/06/30","01:00","1.94","200","3.11","77.7","1022.7","-","-"
"2022/06/30","02:00","3.89","183","5.44","76.3","1023.2","-","-"
"2022/06/30","03:00","3.3","203","4.86","75.6","1023.5","-","-"
"2022/06/30","04:00","2.72","200","3.89","74.7","1023.8","-","-"
"2022/06/30","05:00","4.08","224","6.03","73.2","1023.6","-","-"
"2022/06/30","06:00","1.56","196","3.69","73.4","1023.5","-","-"
"2022/06/30","07:00","4.67","214","5.44","72","1023.4","-","-"
"2022/06/30","08:00","8.16","225","9.33","71.8","1023.2","-","-"
"2022/06/30","09:00","7.58","219","9.72","71.4","1023.3","-","-"
"2022/06/30","10:00","6.61","231","8.94","71.6","1023.6","-","-"
"2022/06/30","11:00","1.17","249","2.92","72.7","1023.4","-","-"
"2022/06/30","12:00","7.78","217","10.3","75","1023.4","-","-"
"2022/06/30","13:00","11.27","228","13.8","76.6","1023.6","-","-"
"2022/06/30","14:00","6.41","243","10.3","78.4","1023.6","-","-"
"2022/06/30","15:00","3.69","221","7.97","80.8","1023.4","-","-"
"2022/06/30","16:00","3.5","45","4.28","82","1023.2","-","-"
"2022/06/30","17:00","9.52","83","10.11","80.6","1023","-","-"
"2022/06/30","18:00","9.14","79","10.69","82.2","1022.1","-","-"
"2022/06/30","19:00","11.66","104","13.41","82.8","1021.4","-","-"
"2022/06/30","20:00","10.3","126","14","85.1","1021","-","-"
"2022/06/30","21:00","12.25","122","13.61","84.7","1020.6","-","-"
"2022/06/30","22:00","10.11","122","12.44","84.9","1020.3","-","-"
"2022/06/30","23:00","9.33","157","12.25","84.7","1020.2","-","-"
"2022/07/01","00:00","8.75","178","13.41","84.4","1020.5","-","-"
"2022/07/01","01:00","8.94","188","14.19","82.6","1020.5","-","-"
"2022/07/01","02:00","7","190","13.02","81.3","1021.3","-","-"
"2022/07/01","03:00","7.39","199","11.86","79.9","1021.5","-","-"
"2022/07/01","04:00","6.41","192","11.47","78.6","1021.3","-","-"
"2022/07/01","05:00","8.16","201","10.11","77.4","1021.2","-","-"
"2022/07/01","06:00","7.19","204","9.72","76.6","1021","-","-"
"2022/07/01","07:00","7.58","212","9.52","75.9","1020.7","-","-"
"2022/07/01","08:00","8.55","210","11.08","75.2","1020.4","-","-"
"2022/07/01","09:00","7.39","218","9.91","74.7","1020.4","-","-"
"2022/07/01","10:00","7.19","209","9.33","74.5","1020.5","-","-"
"2022/07/01","11:00","7.58","210","10.89","75","1020.7","-","-"
"2022/07/01","12:00","11.47","208","13.8","77.2","1020.4","-","-"
"2022/07/01","13:00","10.3","217","14.38","78.8","1020.4","-","-"
"2022/07/01","14:00","7.19","206","9.33","80.4","1020.4","-","-"
"2022/07/01","15:00","4.28","279","6.22","81.9","1020.6","-","-"
"2022/07/01","16:00","4.47","168","6.41","84.2","1020.1","-","-"
"2022/07/01","17:00","5.83","175","6.61","85.8","1019.6","-","-"
"2022/07/01","18:00","7.78","215","11.47","86.7","1018.7","-","-"
"2022/07/01","19:00","9.91","153","12.83","87.8","1017.8","-","-"
"2022/07/01","20:00","4.08","222","11.86","89.2","1017.1","-","-"
"2022/07/01","21:00","10.11","93","12.25","83.7","1017.2","-","-"
"2022/07/01","22:00","7.19","102","11.47","85.1","1016.8","-","-"
"2022/07/01","23:00","7","197","11.08","88.7","1016.4","-","-"
"2022/07/02","00:00","8.16","186","11.66","85.6","1016.3","-","-"
"2022/07/02","01:00","6.22","188","8.36","84","1016.2","-","-"
"2022/07/02","02:00","7.78","220","13.02","82.4","1017.3","-","-"
"2022/07/02","03:00","7.19","221","9.14","80.8","1016.9","-","-"
"2022/07/02","04:00","8.36","219","11.27","79.3","1016.3","-","-"
"2022/07/02","05:00","11.27","228","16.13","78.6","1016.3","-","-"
"2022/07/02","06:00","10.3","225","13.02","77.7","1016.4","-","-"
"2022/07/02","07:00","9.52","239","12.05","76.5","1016.5","-","-"
"2022/07/02","08:00","10.89","223","14.38","75.9","1016.1","-","-"
"2022/07/02","09:00","10.11","222","14.38","75.2","1016.1","-","-"
"2022/07/02","10:00","8.94","219","12.25","74.7","1016.4","-","-"
"2022/07/02","11:00","7.39","221","12.05","75.2","1016.6","-","-"
"2022/07/02","12:00","7","229","11.66","76.1","1016.5","-","-"
"2022/07/02","13:00","13.41","220","18.86","77.5","1016","-","-"
"2022/07/02","14:00","12.25","198","16.13","79.9","1016.2","-","-"
"2022/07/02","15:00","14","215","22.16","81.9","1016","-","-"
"2022/07/02","16:00","9.52","212","14.77","83.7","1016","-","-"
"2022/07/02","17:00","10.5","238","13.41","85.5","1015.7","-","-"
"2022/07/02","18:00","6.8","210","12.05","86.9","1015","-","-"
"2022/07/02","19:00","8.36","232","13.22","88.2","1014.5","-","-"
"2022/07/02","20:00","8.75","215","15.55","88.2","1014.3","-","-"
"2022/07/02","21:00","8.36","195","14","88.3","1014.1","-","-"
"2022/07/02","22:00","9.52","183","12.63","86.7","1013.5","-","-"
"2022/07/02","23:00","12.44","198","19.44","85.1","1014","-","-"
"2022/07/03","00:00","10.11","200","18.27","83.5","1014.3","-","-"
"2022/07/03","01:00","10.11","190","13.41","81.1","1014.8","-","-"
"2022/07/03","02:00","8.16","209","11.86","79.7","1015.3","-","-"
"2022/07/03","03:00","10.3","208","13.41","79","1015.5","-","-"
"2022/07/03","04:00","11.27","207","15.55","78.6","1015.2","-","-"
"2022/07/03","05:00","9.91","207","16.13","78.1","1014.9","-","-"
"2022/07/03","06:00","6.61","209","11.66","77.5","1014.9","-","-"
"2022/07/03","07:00","4.47","209","6.8","77","1014.8","-","-"
"2022/07/03","08:00","4.86","162","6.03","76.3","1014.6","-","-"
"2022/07/03","09:00","2.14","225","2.92","75","1015","-","-"
"2022/07/03","10:00","3.3","172","4.86","75.6","1015.6","-","-"
"2022/07/03","11:00","2.14","192","3.69","75.6","1015.8","-","-"
"2022/07/03","12:00","6.61","232","7.97","77.2","1015.7","-","-"
"2022/07/03","13:00","2.72","309","3.3","78.6","1015.8","-","-"
"2022/07/03","14:00","3.5","354","4.08","79.2","1015.7","-","-"
"2022/07/03","15:00","6.61","308","7.58","80.1","1016.2","-","-"
"2022/07/03","16:00","9.52","305","10.3","80.6","1016","-","-"
"2022/07/03","17:00","4.47","293","5.05","82.6","1016","-","-"
"2022/07/03","18:00","15.36","73","23.13","77","1015.8","-","-"
"2022/07/03","19:00","9.72","70","13.8","79.3","1015.5","-","-"
"2022/07/03","20:00","12.44","78","14","80.2","1015.9","-","-"
"2022/07/03","21:00","8.36","66","10.11","79.3","1015.8","-","-"
"2022/07/03","22:00","1.75","52","2.33","82.6","1015.5","-","-"
"2022/07/03","23:00","11.27","351","13.02","82.9","1016.3","-","-"
"2022/07/04","00:00","5.64","340","7.19","82.4","1017","-","-"
"2022/07/04","01:00","6.41","353","7.19","79.9","1017","-","-"
"2022/07/04","02:00","6.41","332","7.19","79.2","1017.8","-","-"
"2022/07/04","03:00","1.17","184","1.56","78.1","1018.7","-","-"
"2022/07/04","04:00","1.75","257","2.53","77","1018.9","-","-"
"2022/07/04","05:00","7.19","326","7.97","77.7","1018.7","-","-"
"2022/07/04","06:00","5.44","323","7","77","1018.6","-","-"
"2022/07/04","07:00","4.67","331","5.64","76.1","1018.4","-","-"
"2022/07/04","08:00","4.67","319","6.61","75","1018.5","-","-"
"2022/07/04","09:00","1.56","212","2.14","73.8","1019.1","-","-"
"2022/07/04","10:00","2.92","266","3.69","73.2","1019.9","-","-"
"2022/07/04","11:00","0.58","240","0.97","75.4","1020.1","-","-"
"2022/07/04","12:00","1.17","134","1.56","77.7","1020.3","-","-"
"2022/07/04","13:00","1.56","305","2.53","76.8","1020.7","-","-"
"2022/07/04","14:00","1.56","305","2.92","78.1","1021.1","-","-"
"2022/07/04","15:00","3.5","98","4.08","80.2","1021.7","-","-"
"2022/07/04","16:00","6.03","101","7.39","80.6","1021.3","-","-"
"2022/07/04","17:00","7.39","76","7.97","81","1021.4","-","-"
"2022/07/04","18:00","9.91","82","10.89","81.9","1020.6","-","-"
"2022/07/04","19:00","10.11","88","11.47","80.4","1020.6","-","-"
"2022/07/04","20:00","10.69","92","12.05","80.8","1019.8","-","-"
"2022/07/04","21:00","10.5","106","12.25","81.5","1019.9","-","-"
"2022/07/04","22:00","11.27","102","12.44","80.6","1019.9","-","-"
"2022/07/04","23:00","9.91","120","12.83","79.9","1020.1","-","-"
"2022/07/05","00:00","9.33","120","10.69","78.6","1020.2","-","-"
"2022/07/05","01:00","5.64","137","9.14","78.3","1020.2","-","-"
"2022/07/05","02:00","4.86","151","6.03","77.2","1020.8","-","-"
"2022/07/05","03:00","3.69","154","4.67","76.5","1020.8","-","-"
"2022/07/05","04:00","3.3","171","4.08","75.4","1020.8","-","-"
"2022/07/05","05:00","5.25","156","6.8","74.7","1020.4","-","-"
"2022/07/05","06:00","5.05","184","6.41","73.6","1020.2","-","-"
"2022/07/05","07:00","4.28","149","5.05","73.6","1019.8","-","-"
"2022/07/05","08:00","4.08","186","5.44","73.9","1019.7","-","-"
"2022/07/05","09:00","1.75","184","2.92","73.9","1020.1","-","-"
"2022/07/05","10:00","2.33","158","3.11","73.4","1020.1","-","-"
"2022/07/05","11:00","3.5","148","4.08","73.9","1020","-","-"
"2022/07/05","12:00","5.25","197","7","76.1","1020.1","-","-"
"2022/07/05","13:00","5.83","202","7.78","78.8","1019.8","-","-"
"2022/07/05","14:00","6.41","214","9.72","80.4","1019.1","-","-"
"2022/07/05","15:00","5.44","190","11.86","82.4","1018.5","-","-"
"2022/07/05","16:00","6.61","197","10.5","84.2","1017.8","-","-"
"2022/07/05","17:00","8.94","185","12.25","85.6","1017","-","-"
"2022/07/05","18:00","7.58","197","10.3","87.1","1015.8","-","-"
"2022/07/05","19:00","7.39","190","11.47","88.5","1014.9","-","-"
"2022/07/05","20:00","7.58","210","12.44","88.5","1014.4","-","-"
"2022/07/05","21:00","8.36","200","13.02","89.1","1013.2","-","-"
"2022/07/05","22:00","4.67","200","10.11","88.7","1013.1","-","-"
"2022/07/05","23:00","4.47","202","5.83","87.8","1012.8","-","-"
"2022/07/06","00:00","7.58","177","9.72","86.7","1012","-","-"
"2022/07/06","01:00","7.78","197","10.69","85.8","1012","-","-"
"2022/07/06","02:00","8.55","226","11.66","84.9","1012.5","-","-"
"2022/07/06","03:00","7.39","237","11.27","83.5","1012.2","-","-"
"2022/07/06","04:00","5.64","246","9.52","81.9","1012.2","-","-"
"2022/07/06","05:00","8.16","240","10.3","80.6","1012.4","-","-"
"2022/07/06","06:00","8.94","242","12.25","79","1012.3","-","-"
"2022/07/06","07:00","7","247","9.33","78.1","1012.8","-","-"
"2022/07/06","08:00","6.03","254","7.39","77.2","1012.1","-","-"
"2022/07/06","09:00","7.19","242","9.14","76.6","1011.8","-","-"
"2022/07/06","10:00","5.83","235","8.16","75.6","1012.3","-","-"
"2022/07/06","11:00","6.61","247","8.94","75.7","1012.4","-","-"
"2022/07/06","12:00","7.39","262","9.14","77","1012.2","-","-"
"2022/07/06","13:00","5.44","247","8.36","78.6","1012.5","-","-"
"2022/07/06","14:00","6.03","256","7.58","80.2","1012.7","-","-"
"2022/07/06","15:00","2.72","227","4.28","82.9","1013.1","-","-"
"2022/07/06","16:00","3.11","19","3.89","84.7","1013.1","-","-"
"2022/07/06","17:00","4.86","70","6.03","84.6","1012.6","-","-"
"2022/07/06","18:00","3.89","70","4.67","87.3","1012.3","-","-"
"2022/07/06","19:00","4.67","213","6.03","89.4","1011.9","-","-"
"2022/07/06","20:00","7.19","78","9.14","86.2","1011.3","-","-"
"2022/07/06","21:00","9.91","102","12.05","85.5","1010.7","-","-"
"2022/07/06","22:00","9.33","110","9.72","84.9","1010.8","-","-"
"2022/07/06","23:00","5.44","115","7.58","87.1","1011.3","-","-"
"2022/07/07","00:00","4.47","101","5.05","85.1","1011.3","-","-"
"2022/07/07","01:00","7.58","238","13.8","84","1011.8","-","-"
"2022/07/07","02:00","9.52","240","11.47","82.9","1012.1","-","-"
"2022/07/07","03:00","4.28","282","4.86","81.5","1012.2","-","-"
"2022/07/07","04:00","5.64","259","7.78","79.5","1012.3","-","-"
"2022/07/07","05:00","6.61","258","9.52","77.9","1011.9","-","-"
"2022/07/07","06:00","5.25","243","6.22","77.2","1011.9","-","-"
"2022/07/07","07:00","5.25","260","7","76.6","1011.7","-","-"
"2022/07/07","08:00","6.61","238","8.55","76.3","1011.7","-","-"
"2022/07/07","09:00","5.64","224","7.58","76.3","1012.2","-","-"
"2022/07/07","10:00","2.33","273","3.11","76.3","1012.1","-","-"
"2022/07/07","11:00","3.69","248","5.25","75.9","1012","-","-"
"2022/07/07","12:00","5.44","255","6.8","77.7","1012.3","-","-"
"2022/07/07","13:00","6.8","265","9.33","78.1","1013","-","-"
"2022/07/07","14:00","5.05","329","7","79","1012.6","-","-"
"2022/07/07","15:00","5.25","350","6.22","80.4","1013","-","-"
"2022/07/07","16:00","9.14","320","10.89","80.8","1013.4","-","-"
"2022/07/07","17:00","9.91","314","10.69","81","1013.6","-","-"
"2022/07/07","18:00","5.05","291","5.25","82.8","1013.4","-","-"
"2022/07/07","19:00","5.44","319","6.8","83.1","1013","-","-"
"2022/07/07","20:00","10.3","70","11.47","81","1012.9","-","-"
"2022/07/07","21:00","10.3","106","13.41","81","1012.9","-","-"
"2022/07/07","22:00","12.44","57","14.97","81.3","1012.8","-","-"
"2022/07/07","23:00","10.11","52","12.25","81","1013.2","-","-"
"2022/07/08","00:00","8.36","37","10.5","79.5","1013.5","-","-"
"2022/07/08","01:00","7.19","51","8.16","78.8","1013.8","-","-"
"2022/07/08","02:00","9.91","65","11.27","78.6","1014.5","-","-"
"2022/07/08","03:00","5.25","26","6.22","78.3","1014.7","-","-"
"2022/07/08","04:00","7.58","132","9.91","77.9","1015.1","-","-"
"2022/07/08","05:00","4.86","138","6.03","76.8","1015","-","-"
"2022/07/08","06:00","6.61","87","7.39","77","1014.1","-","-"
"2022/07/08","07:00","7.97","84","9.52","76.8","1014.4","-","-"
"2022/07/08","08:00","7.19","45","8.36","76.3","1014.5","-","-"
"2022/07/08","09:00","6.8","61","7.97","76.1","1014.5","-","-"
"2022/07/08","10:00","6.03","49","7.58","75.7","1015.1","-","-"
"2022/07/08","11:00","9.33","59","10.69","76.6","1015.2","-","-"
"2022/07/08","12:00","7.19","76","8.55","76.6","1015.8","-","-"
"2022/07/08","13:00","6.22","62","7.97","77","1016.2","-","-"
"2022/07/08","14:00","5.83","105","7","77.5","1016.7","-","-"
"2022/07/08","15:00","5.64","107","7.78","77.7","1017","-","-"
"2022/07/08","16:00","8.55","91","9.91","77.4","1017","-","-"
"2022/07/08","17:00","7.78","82","8.75","76.8","1016.9","-","-"
"2022/07/08","18:00","9.14","79","10.5","77.7","1016.3","-","-"
"2022/07/08","19:00","7.58","78","8.55","78.4","1015.8","-","-"
"2022/07/08","20:00","9.52","76","11.27","79","1015.3","-","-"
"2022/07/08","21:00","9.33","84","10.5","79.9","1015","-","-"
"2022/07/08","22:00","10.89","110","12.83","80.1","1014.8","-","-"
"2022/07/08","23:00","10.5","128","15.16","78.3","1015.2","-","-"
"2022/07/09","00:00","8.36","114","11.27","78.3","1015.3","-","-"
"2022/07/09","01:00","8.75","128","11.86","77.9","1015.4","-","-"
"2022/07/09","02:00","5.44","148","8.16","78.1","1015.9","-","-"
"2022/07/09","03:00","4.47","148","7.58","78.3","1015.3","-","-"
"2022/07/09","04:00","4.47","146","7.58","77.9","1014.6","-","-"
"2022/07/09","05:00","4.86","133","6.8","77.7","1014.3","-","-"
"2022/07/09","06:00","3.89","135","5.05","77.7","1013.8","-","-"
"2022/07/09","07:00","3.69","107","4.67","78.3","1013.2","-","-"
"2022/07/09","08:00","3.89","159","6.41","77.9","1012.7","-","-"
"2022/07/09","09:00","4.28","151","5.25","77.7","1012.7","-","-"
"2022/07/09","10:00","5.05","211","5.83","77.4","1012.8","-","-"
"2022/07/09","11:00","3.5","223","4.08","77.5","1012.9","-","-"
"2022/07/09","12:00","4.86","210","6.8","78.3","1013.3","-","-"
"2022/07/09","13:00","1.94","202","4.47","80.1","1013","-","-"
"2022/07/09","14:00","4.08","149","4.86","80.8","1013","-","-"
"2022/07/09","15:00","5.64","185","7.78","81.5","1012.8","-","-"
"2022/07/09","16:00","4.08","112","6.41","81.3","1012.6","-","-"
"2022/07/09","17:00","16.33","69","19.05","74.7","1013","-","-"
"2022/07/09","18:00","17.69","66","20.99","75.7","1013.1","-","-"
"2022/07/09","19:00","18.47","70","21.77","76.1","1013.1","-","-"
"2022/07/09","20:00","17.49","75","19.05","76.5","1013.4","-","-"
"2022/07/09","21:00","10.11","35","19.05","74.7","1014","-","-"
"2022/07/09","22:00","14.38","47","18.47","73","1014.1","-","-"
"2022/07/09","23:00","16.52","55","19.44","71.1","1014.1","-","-"
"2022/07/10","00:00","13.41","41","18.86","71.2","1014.9","-","-"
"2022/07/10","01:00","13.8","41","16.91","71.6","1014.9","-","-"
"2022/07/10","02:00","12.25","44","14.97","71.4","1015.5","-","-"
"2022/07/10","03:00","11.47","42","13.61","71.1","1015.5","-","-"
"2022/07/10","04:00","11.27","43","15.55","70.5","1015.3","-","-"
"2022/07/10","05:00","15.16","44","18.08","70","1015","-","-"
"2022/07/10","06:00","17.69","59","20.8","71.1","1015.2","-","-"
"2022/07/10","07:00","10.11","45","13.61","70.3","1015","-","-"
"2022/07/10","08:00","9.91","42","12.05","70.5","1014.2","-","-"
"2022/07/10","09:00","13.8","43","15.75","70","1014.7","-","-"
"2022/07/10","10:00","19.83","76","23.13","70.7","1014.8","-","-"
"2022/07/10","11:00","15.75","56","19.44","71.1","1015.2","-","-"
"2022/07/10","12:00","11.86","34","15.36","70","1015.8","-","-"
"2022/07/10","13:00","22.74","57","24.69","70.3","1016.7","-","-"
"2022/07/10","14:00","12.44","45","15.55","69.8","1016.3","-","-"
"2022/07/10","15:00","9.72","46","12.83","73.2","1016.5","-","-"
"2022/07/10","16:00","15.94","43","18.47","72.5","1016.6","-","-"
"2022/07/10","17:00","19.05","62","22.35","74.1","1016.5","-","-"
"2022/07/10","18:00","14.77","69","19.63","74.1","1016.4","-","-"
"2022/07/10","19:00","18.08","73","20.99","74.7","1016.1","-","-"
"2022/07/10","20:00","21.97","79","25.08","74.1","1015.9","-","-"
"2022/07/10","21:00","20.02","83","21.97","72.5","1015.9","-","-"
"2022/07/10","22:00","16.72","68","19.83","72.5","1016.1","-","-"
"2022/07/10","23:00","15.75","68","19.24","73.2","1015.8","-","-"
"2022/07/11","00:00","17.11","67","21.77","73.9","1015.5","-","-"
"2022/07/11","01:00","13.8","82","15.55","72.9","1015","-","-"
"2022/07/11","02:00","12.83","62","15.55","73.2","1015.3","-","-"
"2022/07/11","03:00","8.55","38","10.5","72.7","1015.5","-","-"
"2022/07/11","04:00","7.78","40","11.08","73","1015.3","-","-"
"2022/07/11","05:00","11.66","54","13.41","73.2","1014.7","-","-"
"2022/07/11","06:00","13.61","53","15.55","72.5","1014.7","-","-"
"2022/07/11","07:00","7.58","39","9.72","71.6","1014","-","-"
"2022/07/11","08:00","7","34","8.55","72.9","1013.9","-","-"
"2022/07/11","09:00","6.8","33","7.97","72.9","1014","-","-"
"2022/07/11","10:00","7.58","353","8.55","71.4","1014.4","-","-"
"2022/07/11","11:00","5.25","4","5.83","70.5","1014.3","-","-"
"2022/07/11","12:00","9.52","90","11.86","72.3","1014.5","-","-"
"2022/07/11","13:00","7.39","79","10.5","72.7","1014.8","-","-"
"2022/07/11","14:00","5.83","50","7.78","73.8","1014.8","-","-"
"2022/07/11","15:00","5.05","70","7.78","75","1015","-","-"
"2022/07/11","16:00","6.22","86","7.78","75.4","1014.8","-","-"
"2022/07/11","17:00","8.94","90","10.5","75","1014.5","-","-"
"2022/07/11","18:00","7.78","88","9.33","75.6","1014.6","-","-"
"2022/07/11","19:00","7.97","82","8.94","75.7","1014.3","-","-"
"2022/07/11","20:00","8.16","85","9.33","76.1","1014","-","-"
"2022/07/11","21:00","7.78","80","8.55","76.5","1013.5","-","-"
"2022/07/11","22:00","6.8","107","7.78","77","1012.8","-","-"
"2022/07/11","23:00","6.22","135","7.97","77.4","1012.6","-","-"
"2022/07/12","00:00","6.41","163","8.55","76.8","1012.7","-","-"
"2022/07/12","01:00","3.3","164","4.47","75.4","1013","-","-"
"2022/07/12","02:00","3.5","169","4.47","74.8","1013","-","-"
"2022/07/12","03:00","5.25","198","8.16","73.8","1013.4","-","-"
"2022/07/12","04:00","7","195","9.72","73.4","1013","-","-"
"2022/07/12","05:00","3.5","218","4.28","72","1012.7","-","-"
"2022/07/12","06:00","4.67","219","6.41","71.2","1012.3","-","-"
"2022/07/12","07:00","5.05","219","6.41","70.7","1012.6","-","-"
"2022/07/12","08:00","6.22","220","7.78","70.3","1012.5","-","-"
"2022/07/12","09:00","7","215","9.14","70.7","1012.2","-","-"
"2022/07/12","10:00","8.16","211","9.52","70.3","1012","-","-"
"2022/07/12","11:00","7.39","212","9.72","72.1","1012","-","-"
"2022/07/12","12:00","5.25","218","9.33","75.4","1012","-","-"
"2022/07/12","13:00","8.55","234","11.66","76.8","1012","-","-"
"2022/07/12","14:00","11.86","223","16.91","78.4","1011.6","-","-"
"2022/07/12","15:00","8.55","220","15.55","81.1","1011.4","-","-"
"2022/07/12","16:00","11.08","231","14.97","82.8","1011.4","-","-"
"2022/07/12","17:00","13.22","239","17.11","84","1011","-","-"
"2022/07/12","18:00","8.16","220","12.25","85.1","1010.6","-","-"
"2022/07/12","19:00","12.63","219","16.33","86","1010","-","-"
"2022/07/12","20:00","10.5","239","18.66","86.9","1009.3","-","-"
"2022/07/12","21:00","10.69","225","18.47","87.8","1009","-","-"
"2022/07/12","22:00","10.3","236","16.33","88.3","1008.6","-","-"
"2022/07/12","23:00","7","244","9.91","88.2","1009.1","-","-"
"2022/07/13","00:00","6.61","233","8.16","86.7","1009.6","-","-"
"2022/07/13","01:00","3.3","220","4.28","84.4","1010.2","-","-"
"2022/07/13","02:00","4.86","225","5.44","81.7","1011","-","-"
"2022/07/13","03:00","7.19","317","10.5","81.9","1011.3","-","-"
"2022/07/13","04:00","2.92","59","3.5","79.9","1011.9","-","-"
"2022/07/13","05:00","4.28","136","6.03","79.2","1011.4","-","-"
"2022/07/13","06:00","5.64","195","7.19","78.4","1011.7","-","-"
"2022/07/13","07:00","9.52","224","11.86","79","1011.1","-","-"
"2022/07/13","08:00","8.16","229","13.02","78.1","1010.5","-","-"
"2022/07/13","09:00","7.97","231","10.5","77","1010.7","-","-"
"2022/07/13","10:00","7.19","257","9.72","76.5","1011.5","-","-"
"2022/07/13","11:00","7.97","284","10.11","77.2","1012.2","-","-"
"2022/07/13","12:00","8.75","258","10.89","78.4","1012.9","-","-"
"2022/07/13","13:00","5.83","304","7","79.2","1013.4","-","-"
"2022/07/13","14:00","5.83","313","6.41","79.2","1013.7","-","-"
"2022/07/13","15:00","4.86","326","5.25","81.1","1013.9","-","-"
"2022/07/13","16:00","3.11","286","3.3","83.3","1013.9","-","-"
"2022/07/13","17:00","3.89","319","4.47","81.7","1014.1","-","-"
"2022/07/13","18:00","3.3","291","5.44","81.1","1013.6","-","-"
"2022/07/13","19:00","2.33","91","2.53","82.2","1013.2","-","-"
"2022/07/13","20:00","3.3","115","3.89","83.1","1013.2","-","-"
"2022/07/13","21:00","4.08","203","5.44","80.6","1013","-","-"
"2022/07/13","22:00","7.39","206","10.3","79.7","1012.3","-","-"
"2022/07/13","23:00","4.47","218","7.58","79","1012.7","-","-"
"2022/07/14","00:00","7.58","225","10.89","79.7","1013.7","-","-"
"2022/07/14","01:00","4.08","203","4.86","78.3","1013.3","-","-"
"2022/07/14","02:00","2.72","209","4.28","77.2","1013.3","-","-"
"2022/07/14","03:00","3.69","192","4.28","76.6","1013.3","-","-"
"2022/07/14","04:00","4.86","210","8.75","76.3","1013.4","-","-"
"2022/07/14","05:00","7.19","223","9.72","75.9","1014.1","-","-"
"2022/07/14","06:00","5.05","216","7.39","75.7","1014","-","-"
"2022/07/14","07:00","5.44","252","8.36","75.4","1013.5","-","-"
"2022/07/14","08:00","7","235","8.55","75","1012.9","-","-"
"2022/07/14","09:00","9.14","250","12.25","75.2","1013.2","-","-"
"2022/07/14","10:00","7.97","249","9.52","74.7","1014","-","-"
"2022/07/14","11:00","7.19","263","8.94","75.4","1014.8","-","-"
"2022/07/14","12:00","8.36","286","10.89","75.7","1015","-","-"
"2022/07/14","13:00","7.97","307","9.72","76.1","1015.5","-","-"
"2022/07/14","14:00","6.61","300","7","77.9","1016.1","-","-"
"2022/07/14","15:00","4.28","313","5.25","79.3","1016.8","-","-"
"2022/07/14","16:00","3.89","305","4.86","80.6","1016.7","-","-"
"2022/07/14","17:00","2.53","280","2.92","82.9","1017.1","-","-"
"2022/07/14","18:00","2.53","310","3.89","84.2","1017","-","-"
"2022/07/14","19:00","4.08","320","4.86","84.7","1016.8","-","-"
"2022/07/14","20:00","3.11","304","4.08","85.1","1016.8","-","-"
"2022/07/14","21:00","2.33","255","3.69","86.2","1016.4","-","-"
"2022/07/14","22:00","3.5","237","3.89","85.1","1015.9","-","-"
"2022/07/14","23:00","2.33","206","2.72","84.4","1016","-","-"
"2022/07/15","00:00","3.3","207","3.89","82","1016.6","-","-"
"2022/07/15","01:00","5.05","213","5.44","80.2","1017","-","-"
"2022/07/15","02:00","0.58","167","1.75","80.2","1017.9","-","-"
"2022/07/15","03:00","2.53","197","3.11","77.5","1018.2","-","-"
"2022/07/15","04:00","4.47","219","5.83","78.4","1018.3","-","-"
"2022/07/15","05:00","0.97","234","1.94","78.3","1018.1","-","-"
"2022/07/15","06:00","4.28","163","4.47","77.2","1018.2","-","-"
"2022/07/15","07:00","0.19","280","1.17","76.3","1018.1","-","-"
"2022/07/15","08:00","0.19","260","1.56","75.9","1017.7","-","-"
"2022/07/15","09:00","3.3","292","4.28","75.6","1018","-","-"
"2022/07/15","10:00","5.64","34","7","76.3","1018.1","-","-"
"2022/07/15","11:00","8.36","76","9.33","77.9","1018.2","-","-"
"2022/07/15","12:00","9.33","85","9.91","78.3","1018","-","-"
"2022/07/15","13:00","7.58","106","10.3","78.3","1019.2","-","-"
"2022/07/15","14:00","8.16","138","10.3","79.5","1019","-","-"
"2022/07/15","15:00","6.41","128","7.78","81","1019.6","-","-"
"2022/07/15","16:00","8.16","83","9.33","79.5","1019.4","-","-"
"2022/07/15","17:00","9.33","104","11.86","81.3","1018.9","-","-"
"2022/07/15","18:00","13.61","68","15.16","78.8","1018.4","-","-"
"2022/07/15","19:00","23.13","319","27.8","69.8","1019.4","-","-"
"2022/07/15","20:00","4.08","193","6.41","68.2","1018.5","-","-"
"2022/07/15","21:00","4.47","256","6.22","69.1","1018.6","-","-"
"2022/07/15","22:00","6.03","226","6.8","69.6","1018.7","-","-"
"2022/07/15","23:00","6.22","307","7.78","71.1","1019.2","-","-"
"2022/07/16","00:00","2.33","266","3.69","73.4","1018.5","-","-"
"2022/07/16","01:00","2.33","169","3.3","72.7","1018.7","-","-"
"2022/07/16","02:00","2.14","196","3.11","72.5","1018.8","-","-"
"2022/07/16","03:00","3.11","275","3.69","71.8","1019.2","-","-"
"2022/07/16","04:00","3.5","267","4.47","72.3","1019.4","-","-"
"2022/07/16","05:00","2.33","233","2.72","71.6","1019","-","-"
"2022/07/16","06:00","0.58","195","1.56","71.8","1018.8","-","-"
"2022/07/16","07:00","2.14","355","3.5","73.6","1018.5","-","-"
"2022/07/16","08:00","1.17","259","1.75","71.8","1018.2","-","-"
"2022/07/16","09:00","3.69","282","4.47","72","1018.2","-","-"
"2022/07/16","10:00","1.75","354","3.3","72.5","1018.4","-","-"
"2022/07/16","11:00","3.69","338","4.28","72.5","1018.9","-","-"
"2022/07/16","12:00","3.11","326","3.5","72.5","1019.2","-","-"
"2022/07/16","13:00","1.36","322","2.33","74.5","1019.2","-","-"
"2022/07/16","14:00","2.92","328","3.69","76.3","1019.1","-","-"
"2022/07/16","15:00","2.72","44","3.11","78.3","1018.9","-","-"
"2022/07/16","16:00","4.47","72","5.44","79","1018.9","-","-"
"2022/07/16","17:00","9.72","79","10.3","79.7","1018.4","-","-"
"2022/07/16","18:00","8.94","79","9.91","80.4","1017.7","-","-"
"2022/07/16","19:00","10.11","86","10.5","81.1","1016.7","-","-"
"2022/07/16","20:00","10.69","91","12.25","81.7","1015.8","-","-"
"2022/07/16","21:00","10.11","115","11.86","83.1","1016.1","-","-"
"2022/07/16","22:00","8.36","145","10.69","81.7","1015.8","-","-"
"2022/07/16","23:00","15.75","316","23.13","77.9","1016.2","-","-"
"2022/07/17","00:00","0.97","347","5.25","75","1017.1","-","-"
"2022/07/17","01:00","6.61","281","9.14","73.9","1016.7","-","-"
"2022/07/17","02:00","2.92","188","3.3","73.2","1018","-","-"
"2022/07/17","03:00","4.86","315","6.41","73.4","1017.7","-","-"
"2022/07/17","04:00","4.28","230","4.86","72.9","1017","-","-"
"2022/07/17","05:00","3.89","274","5.05","72.9","1017.2","-","-"
"2022/07/17","06:00","6.41","202","8.94","72.5","1017.4","-","-"
"2022/07/17","07:00","4.08","221","6.8","71.8","1017.2","-","-"
"2022/07/17","08:00","2.72","212","4.08","71.4","1016.6","-","-"
"2022/07/17","09:00","2.33","251","3.69","72","1016.5","-","-"
"2022/07/17","10:00","3.3","222","5.44","71.6","1016.7","-","-"
"2022/07/17","11:00","5.64","217","7.19","72.3","1016.7","-","-"
"2022/07/17","12:00","5.05","230","7.58","74.3","1016.8","-","-"
"2022/07/17","13:00","6.41","264","8.94","76.6","1017","-","-"
"2022/07/17","14:00","6.03","241","8.94","79","1016.8","-","-"
"2022/07/17","15:00","2.33","203","6.8","82.2","1016.5","-","-"
"2022/07/17","16:00","6.41","186","8.36","84.4","1016.6","-","-"
"2022/07/17","17:00","7","220","8.94","85.8","1016.6","-","-"
"2022/07/17","18:00","7.97","178","11.66","87.3","1016.4","-","-"
"2022/07/17","19:00","7.78","188","11.47","88.5","1015.8","-","-"
"2022/07/17","20:00","5.44","203","9.33","88.9","1015.2","-","-"
"2022/07/17","21:00","5.05","210","7.19","88.5","1015.3","-","-"
"2022/07/17","22:00","3.89","204","7","87.4","1015","-","-"
"2022/07/17","23:00","3.11","246","4.67","85.1","1015.2","-","-"
"2022/07/18","00:00","3.5","218","4.28","83.7","1015.3","-","-"
"2022/07/18","01:00","7.78","213","11.08","83.5","1015.5","-","-"
"2022/07/18","02:00","6.41","198","8.94","82.4","1016.3","-","-"
"2022/07/18","03:00","7.19","204","10.3","81.5","1016.2","-","-"
"2022/07/18","04:00","6.61","199","12.83","81.1","1016.4","-","-"
"2022/07/18","05:00","9.33","210","13.22","80.6","1015.9","-","-"
"2022/07/18","06:00","9.33","210","14","79.5","1015.7","-","-"
"2022/07/18","07:00","10.3","214","13.22","78.8","1015.2","-","-"
"2022/07/18","08:00","9.52","214","14.58","77.9","1015","-","-"
"2022/07/18","09:00","8.94","215","10.89","77.4","1015.2","-","-"
"2022/07/18","10:00","8.36","210","10.3","76.8","1015.4","-","-"
"2022/07/18","11:00","9.14","214","12.05","76.6","1015.7","-","-"
"2022/07/18","12:00","9.52","214","13.61","77.5","1016","-","-"
"2022/07/18","13:00","12.25","217","16.52","79.2","1015.3","-","-"
"2022/07/18","14:00","6.41","244","9.14","81.1","1015.3","-","-"
"2022/07/18","15:00","8.55","223","11.27","82.6","1014.9","-","-"
"2022/07/18","16:00","8.16","213","12.83","83.8","1014.4","-","-"
"2022/07/18","17:00","5.44","227","10.3","85.3","1014.1","-","-"
"2022/07/18","18:00","9.33","211","12.83","86.4","1013.1","-","-"
"2022/07/18","19:00","8.75","193","12.44","87.6","1012.2","-","-"
"2022/07/18","20:00","10.11","203","14.58","88.3","1011.3","-","-"
"2022/07/18","21:00","10.69","196","15.16","89.4","1010.6","-","-"
"2022/07/18","22:00","8.55","223","10.89","89.1","1010.7","-","-"
"2022/07/18","23:00","8.36","230","11.08","88.5","1010.5","-","-"
"2022/07/19","00:00","7.97","228","10.89","87.1","1010.6","-","-"
"2022/07/19","01:00","6.41","212","8.94","85.3","1010.6","-","-"
"2022/07/19","02:00","6.41","206","10.11","84.4","1010.8","-","-"
"2022/07/19","03:00","7.39","206","9.33","83.5","1011.3","-","-"
"2022/07/19","04:00","10.11","216","15.16","82","1011.6","-","-"
"2022/07/19","05:00","10.11","222","12.63","81.5","1011.5","-","-"
"2022/07/19","06:00","9.91","221","15.36","80.8","1011.4","-","-"
"2022/07/19","07:00","9.14","227","12.83","79.7","1011.1","-","-"
"2022/07/19","08:00","9.91","236","14.97","79.2","1010.7","-","-"
"2022/07/19","09:00","8.16","236","13.41","78.6","1010.8","-","-"
"2022/07/19","10:00","7.97","236","10.11","78.1","1011","-","-"
"2022/07/19","11:00","7.58","250","11.27","78.4","1011.5","-","-"
"2022/07/19","12:00","6.61","250","8.94","79.3","1011.9","-","-"
"2022/07/19","13:00","8.36","245","10.89","80.1","1012.1","-","-"
"2022/07/19","14:00","3.5","235","8.94","81.9","1012.2","-","-"
"2022/07/19","15:00","7.97","257","12.25","82.9","1012.2","-","-"
"2022/07/19","16:00","5.44","7","7.58","83.3","1012.3","-","-"
"2022/07/19","17:00","3.3","307","4.08","84","1011.9","-","-"
"2022/07/19","18:00","0.39","344","1.56","87.3","1011.4","-","-"
"2022/07/19","19:00","9.52","80","10.11","82.8","1011.2","-","-"
"2022/07/19","20:00","8.36","88","8.94","82.9","1010.7","-","-"
"2022/07/19","21:00","6.8","86","8.16","82.9","1010.4","-","-"
"2022/07/19","22:00","7.19","97","8.55","83.5","1009.8","-","-"
"2022/07/19","23:00","6.61","96","8.36","83.7","1010.1","-","-"
"2022/07/20","00:00","2.14","105","2.92","76.5","1011.2","-","-"
"2022/07/20","01:00","5.05","151","6.03","78.4","1010.9","-","-"
"2022/07/20","02:00","3.11","194","4.67","76.8","1011.3","-","-"
"2022/07/20","03:00","6.8","247","8.36","76.8","1011.4","-","-"
"2022/07/20","04:00","9.33","276","12.05","77.5","1011.2","-","-"
"2022/07/20","05:00","5.64","172","6.8","76.3","1010.9","-","-"
"2022/07/20","06:00","4.28","204","8.16","76.6","1010.6","-","-"
"2022/07/20","07:00","3.5","209","4.86","75.9","1010.5","-","-"
"2022/07/20","08:00","5.25","226","6.41","76.1","1010.4","-","-"
"2022/07/20","09:00","3.5","301","6.22","76.1","1010.5","-","-"
"2022/07/20","10:00","1.94","244","3.69","76.1","1010.8","-","-"
"2022/07/20","11:00","3.3","289","3.69","76.5","1011.3","-","-"
"2022/07/20","12:00","1.94","301","2.14","78.1","1011.1","-","-"
"2022/07/20","13:00","5.05","242","6.22","79.9","1011.1","-","-"
"2022/07/20","14:00","3.11","302","3.89","81.7","1011.1","-","-"
"2022/07/20","15:00","0.39","17","3.3","84.9","1011.1","-","-"
"2022/07/20","16:00","4.28","250","6.61","85.8","1010.7","-","-"
"2022/07/20","17:00","7.39","240","8.75","87.4","1010.3","-","-"
"2022/07/20","18:00","4.28","273","8.36","89.2","1009.7","-","-"
"2022/07/20","19:00","4.67","245","6.8","89.8","1009.2","-","-"
"2022/07/20","20:00","2.53","236","6.8","91","1008.5","-","-"
"2022/07/20","21:00","7.78","213","10.3","91","1008","-","-"
"2022/07/20","22:00","8.94","223","12.83","90.5","1007.7","-","-"
"2022/07/20","23:00","6.61","225","10.3","89.4","1007.6","-","-"
"2022/07/21","00:00","5.05","206","7","88","1007.7","-","-"
"2022/07/21","01:00","4.08","203","5.83","85.8","1008.2","-","-"
"2022/07/21","02:00","6.61","198","9.33","85.5","1008.4","-","-"
"2022/07/21","03:00","9.91","206","13.22","84.9","1008.4","-","-"
"2022/07/21","04:00","8.75","216","12.63","83.3","1008","-","-"
"2022/07/21","05:00","8.75","211","12.25","82.2","1007.6","-","-"
"2022/07/21","06:00","9.52","230","12.83","81.3","1007.2","-","-"
"2022/07/21","07:00","10.3","221","15.55","80.2","1006.9","-","-"
"2022/07/21","08:00","10.3","222","13.41","80.1","1006.7","-","-"
"2022/07/21","09:00","13.22","211","15.75","79.7","1006.7","-","-"
"2022/07/21","10:00","12.83","223","16.13","79.2","1007.1","-","-"
"2022/07/21","11:00","12.63","220","15.75","78.8","1007.2","-","-"
"2022/07/21","12:00","10.89","230","15.36","79.3","1007.6","-","-"
"2022/07/21","13:00","11.08","231","17.49","81","1007.7","-","-"
"2022/07/21","14:00","11.08","225","14.38","82.6","1007.5","-","-"
"2022/07/21","15:00","12.44","241","16.72","84.2","1007.8","-","-"
"2022/07/21","16:00","15.36","240","18.47","85.6","1008.1","-","-"
"2022/07/21","17:00","13.02","225","17.3","86.9","1007.9","-","-"
"2022/07/21","18:00","10.5","232","14.38","88","1007.5","-","-"
"2022/07/21","19:00","9.52","225","18.66","88.7","1007.4","-","-"
"2022/07/21","20:00","11.08","207","15.36","88.7","1006.7","-","-"
"2022/07/21","21:00","19.05","308","23.13","80.8","1009","-","-"
"2022/07/21","22:00","20.02","245","26.24","75.2","1009.4","-","-"
"2022/07/21","23:00","12.63","252","14.97","76.3","1008.9","-","-"
"2022/07/22","00:00","8.36","223","13.41","75.2","1009","-","-"
"2022/07/22","01:00","4.28","282","6.22","74.5","1009.4","-","-"
"2022/07/22","02:00","7.19","214","9.72","74.8","1010.6","-","-"
"2022/07/22","03:00","10.3","208","13.8","74.8","1010.4","-","-"
"2022/07/22","04:00","11.66","224","13.61","75.2","1010.3","-","-"
"2022/07/22","05:00","10.69","230","14.58","75.9","1010.4","-","-"
"2022/07/22","06:00","12.63","224","15.55","75.7","1010.5","-","-"
"2022/07/22","07:00","4.67","239","7.97","75.4","1010.8","-","-"
"2022/07/22","08:00","5.83","240","10.11","75.4","1011.1","-","-"
"2022/07/22","09:00","5.64","254","6.61","74.8","1011.6","-","-"
"2022/07/22","10:00","4.67","245","8.55","74.8","1012.4","-","-"
"2022/07/22","11:00","8.16","245","9.33","75.2","1012.7","-","-"
"2022/07/22","12:00","7","263","10.11","76.6","1013.6","-","-"
"2022/07/22","13:00","6.03","282","8.36","79","1014","-","-"
"2022/07/22","14:00","7.39","319","8.16","79.9","1014.4","-","-"
"2022/07/22","15:00","5.64","302","6.61","82","1014.6","-","-"
"2022/07/22","16:00","5.25","303","6.22","84.6","1014.9","-","-"
"2022/07/22","17:00","2.33","315","2.72","86.5","1014.9","-","-"
"2022/07/22","18:00","2.33","341","2.92","88.3","1015.2","-","-"
"2022/07/22","19:00","0.78","70","0.97","91.6","1014.7","-","-"
"2022/07/22","20:00","5.05","264","6.22","88.3","1014.5","-","-"
"2022/07/22","21:00","6.22","290","7.97","87.6","1014.6","-","-"
"2022/07/22","22:00","3.69","260","4.28","86.4","1014.3","-","-"
"2022/07/22","23:00","5.05","262","6.03","86.7","1014.8","-","-"
"2022/07/23","00:00","2.53","214","2.92","85.1","1015","-","-"
"2022/07/23","01:00","5.44","187","6.03","82.9","1015.1","-","-"
"2022/07/23","02:00","6.22","221","7.39","82","1015.8","-","-"
"2022/07/23","03:00","5.05","222","7.19","81.5","1015.7","-","-"
"2022/07/23","04:00","3.89","220","5.25","80.1","1016","-","-"
"2022/07/23","05:00","2.33","198","2.92","79.3","1016.2","-","-"
"2022/07/23","06:00","6.61","226","7.97","79","1016.4","-","-"
"2022/07/23","07:00","10.11","230","13.02","79.7","1016.2","-","-"
"2022/07/23","08:00","9.72","228","12.44","79.7","1016.2","-","-"
"2022/07/23","09:00","6.22","264","7","79.5","1016.3","-","-"
"2022/07/23","10:00","5.25","276","7.19","78.8","1016.5","-","-"
"2022/07/23","11:00","4.67","224","6.03","78.1","1017.2","-","-"
"2022/07/23","12:00","1.94","237","4.28","79.7","1017.6","-","-"
"2022/07/23","13:00","5.05","221","5.83","79.9","1017.9","-","-"
"2022/07/23","14:00","0.97","5","1.94","82.8","1017.8","-","-"
"2022/07/23","15:00","1.94","349","2.33","84.2","1017.8","-","-"
"2022/07/23","16:00","0.78","84","1.17","90.1","1018","-","-"
"2022/07/23","17:00","6.03","66","6.61","88.2","1017.9","-","-"
"2022/07/23","18:00","7","87","7.58","87.6","1017.7","-","-"
"2022/07/23","19:00","7.58","85","8.55","87.1","1017.5","-","-"
"2022/07/23","20:00","7.97","80","8.36","87.4","1016.9","-","-"
"2022/07/23","21:00","7","106","8.75","89.4","1016.4","-","-"
"2022/07/23","22:00","8.36","107","9.14","88","1016.1","-","-"
"2022/07/23","23:00","4.28","81","5.83","86.4","1016.4","-","-"
"2022/07/24","00:00","2.33","94","2.53","86.5","1016.9","-","-"
"2022/07/24","01:00","1.56","221","3.11","83.7","1017.7","-","-"
"2022/07/24","02:00","5.83","218","6.22","83.7","1018.2","-","-"
"2022/07/24","03:00","5.25","213","7","83.8","1018.1","-","-"
"2022/07/24","04:00","4.08","210","5.83","83.7","1018.1","-","-"
"2022/07/24","05:00","2.92","252","6.22","82","1018.1","-","-"
"2022/07/24","06:00","10.69","211","13.02","81.9","1017.3","-","-"
"2022/07/24","07:00","7.58","216","10.5","81.1","1017.2","-","-"
"2022/07/24","08:00","6.22","214","7.78","80.4","1017.1","-","-"
"2022/07/24","09:00","8.75","212","10.3","79.5","1016.9","-","-"
"2022/07/24","10:00","10.11","213","12.05","79","1016.9","-","-"
"2022/07/24","11:00","10.11","210","12.63","79.5","1017.4","-","-"
"2022/07/24","12:00","10.5","214","12.63","80.8","1017.8","-","-"
"2022/07/24","13:00","6.41","237","9.91","80.4","1018.8","-","-"
"2022/07/24","14:00","7.19","235","9.14","81","1019.1","-","-"
"2022/07/24","15:00","2.92","219","6.03","84","1018.6","-","-"
"2022/07/24","16:00","6.8","213","9.33","87.3","1018.4","-","-"
"2022/07/24","17:00","5.64","238","7.58","89.2","1017.9","-","-"
"2022/07/24","18:00","7.58","230","10.5","90.9","1017.6","-","-"
"2022/07/24","19:00","11.86","212","15.16","92.5","1016.6","-","-"
"2022/07/24","20:00","8.75","236","14.97","92.8","1016.2","-","-"
"2022/07/24","21:00","8.16","213","13.22","93.6","1015.8","-","-"
"2022/07/24","22:00","6.41","197","10.89","92.8","1016.1","-","-"
"2022/07/24","23:00","6.61","176","9.14","90","1016","-","-"
"2022/07/25","00:00","7.39","198","9.33","79.5","1016.5","-","-"
"2022/07/25","01:00","6.61","196","8.16","81.1","1016.8","-","-"
"2022/07/25","02:00","7.97","190","10.11","82","1016.7","-","-"
"2022/07/25","03:00","10.89","212","14.97","82.6","1016.8","-","-"
"2022/07/25","04:00","10.69","214","14.38","82","1016.9","-","-"
"2022/07/25","05:00","9.14","210","12.25","81","1016.8","-","-"
"2022/07/25","06:00","12.05","227","16.91","80.4","1016.5","-","-"
"2022/07/25","07:00","7.58","210","12.44","79.3","1016.2","-","-"
"2022/07/25","08:00","10.5","219","13.41","79","1015.7","-","-"
"2022/07/25","09:00","7.97","220","11.66","78.1","1016.1","-","-"
"2022/07/25","10:00","10.5","219","16.13","77.7","1016.3","-","-"
"2022/07/25","11:00","7.58","204","13.22","77.9","1016.3","-","-"
"2022/07/25","12:00","13.61","216","16.33","78.8","1016.4","-","-"
"2022/07/25","13:00","16.13","209","21.77","80.2","1016.2","-","-"
"2022/07/25","14:00","14.19","217","21.97","81.3","1016.1","-","-"
"2022/07/25","15:00","13.41","217","20.8","83.7","1016.2","-","-"
"2022/07/25","16:00","14.97","228","20.6","85.5","1015.9","-","-"
"2022/07/25","17:00","10.89","202","20.22","87.6","1015.4","-","-"
"2022/07/25","18:00","12.44","210","23.52","89.2","1014.6","-","-"
"2022/07/25","19:00","9.91","228","14","90.5","1014.2","-","-"
"2022/07/25","20:00","12.63","209","20.22","91.2","1013.2","-","-"
"2022/07/25","21:00","10.3","212","13.8","89.8","1013.1","-","-"
"2022/07/25","22:00","11.27","238","13.61","89.1","1014.1","-","-"
"2022/07/25","23:00","11.08","239","15.55","88.2","1014.2","-","-"
"2022/07/26","00:00","8.36","250","13.22","84.7","1015.2","-","-"
"2022/07/26","01:00","6.03","268","9.91","82.6","1015.7","-","-"
"2022/07/26","02:00","1.94","226","2.72","80.6","1015.6","-","-"
"2022/07/26","03:00","8.36","226","13.8","80.6","1015.8","-","-"
"2022/07/26","04:00","10.5","229","13.02","80.4","1015.7","-","-"
"2022/07/26","05:00","12.63","225","17.49","79.7","1015.5","-","-"
"2022/07/26","06:00","6.41","233","9.72","78.6","1015.7","-","-"
"2022/07/26","07:00","10.89","224","14.19","78.8","1015.6","-","-"
"2022/07/26","08:00","10.11","233","13.8","78.1","1015.6","-","-"
"2022/07/26","09:00","10.5","235","16.33","78.8","1015.5","-","-"
"2022/07/26","10:00","7.78","240","11.86","78.4","1016.1","-","-"
"2022/07/26","11:00","8.36","231","12.05","78.1","1016.3","-","-"
"2022/07/26","12:00","8.36","232","11.66","78.3","1016.8","-","-"
"2022/07/26","13:00","10.3","247","12.25","79.7","1017.1","-","-"
"2022/07/26","14:00","11.27","236","16.33","81.1","1016.8","-","-"
"2022/07/26","15:00","10.3","245","18.27","82.9","1016.6","-","-"
"2022/07/26","16:00","8.55","270","11.08","83.3","1016.9","-","-"
"2022/07/26","17:00","5.83","241","7.97","84.4","1016.7","-","-"
"2022/07/26","18:00","8.75","273","10.69","85.5","1015.6","-","-"
"2022/07/26","19:00","9.14","257","14.19","86.2","1015.3","-","-"
"2022/07/26","20:00","5.64","250","7","85.3","1015","-","-"
"2022/07/26","21:00","8.94","218","12.63","80.8","1015.4","-","-"
"2022/07/26","22:00","14.77","211","30.71","76.5","1016.5","-","-"
"2022/07/26","23:00","9.14","249","11.66","76.1","1016.2","-","-"
"2022/07/27","00:00","8.36","230","11.66","77.2","1016.2","-","-"
"2022/07/27","01:00","9.14","224","11.47","76.1","1015.6","-","-"
"2022/07/27","02:00","9.72","227","11.08","76.3","1015.5","-","-"
"2022/07/27","03:00","8.75","223","11.08","76.6","1015.5","-","-"
"2022/07/27","04:00","6.41","228","8.36","76.3","1015.9","-","-"
"2022/07/27","05:00","4.47","258","6.61","76.1","1016","-","-"
"2022/07/27","06:00","4.28","231","5.83","75.7","1015.4","-","-"
"2022/07/27","07:00","5.83","222","7.78","75.4","1015.4","-","-"
"2022/07/27","08:00","7","235","8.16","75.6","1014.9","-","-"
"2022/07/27","09:00","4.08","235","5.83","75.6","1014.8","-","-"
"2022/07/27","10:00","6.03","228","9.52","76.1","1014.6","-","-"
"2022/07/27","11:00","7.78","240","12.63","76.5","1014.6","-","-"
"2022/07/27","12:00","5.05","238","8.16","76.6","1014.8","-","-"
"2022/07/27","13:00","8.55","230","10.5","77.2","1014.4","-","-"
"2022/07/27","14:00","9.33","247","15.36","80.2","1014.4","-","-"
"2022/07/27","15:00","10.3","266","15.36","81","1014.9","-","-"
"2022/07/27","16:00","-","-","-","-","-","-","-"
"2022/07/27","17:00","6.8","253","12.25","83.5","1014.3","-","-"
"2022/07/27","18:00","8.55","268","13.61","84.6","1014.3","-","-"
"2022/07/27","19:00","8.36","316","10.89","86","1013.8","-","-"
"2022/07/27","20:00","7.39","251","11.08","86.5","1013.3","-","-"
"2022/07/27","21:00","8.55","250","11.66","88.3","1013.3","-","-"
"2022/07/27","22:00","4.86","246","5.64","87.3","1013.5","-","-"
"2022/07/27","23:00","4.67","248","6.03","86","1013.3","-","-"
"2022/07/28","00:00","5.44","217","6.8","85.1","1012.5","-","-"
"2022/07/28","01:00","7.39","255","10.11","83.5","1013.3","-","-"
"2022/07/28","02:00","7","234","8.55","82","1013.5","-","-"
"2022/07/28","03:00","5.64","235","7.19","81","1013.2","-","-"
"2022/07/28","04:00","5.05","237","7","79.9","1013.5","-","-"
"2022/07/28","05:00","8.16","229","10.11","79.3","1013.6","-","-"
"2022/07/28","06:00","12.05","231","14.58","78.4","1013.4","-","-"
"2022/07/28","07:00","10.3","232","12.44","78.3","1012.9","-","-"
"2022/07/28","08:00","8.75","226","11.27","77.2","1012.6","-","-"
"2022/07/28","09:00","9.72","223","11.86","77.2","1012.7","-","-"
"2022/07/28","10:00","10.89","224","15.75","77.2","1012.6","-","-"
"2022/07/28","11:00","12.44","223","16.13","77.4","1012.5","-","-"
"2022/07/28","12:00","13.02","235","15.94","78.8","1012.7","-","-"
"2022/07/28","13:00","7.97","237","12.05","80.4","1012.5","-","-"
"2022/07/28","14:00","12.83","256","16.72","82.2","1012.8","-","-"
"2022/07/28","15:00","8.94","228","14.19","84.6","1012.7","-","-"
"2022/07/28","16:00","7.58","228","12.83","86.5","1012.5","-","-"
"2022/07/28","17:00","10.69","240","13.41","87.8","1012.5","-","-"
"2022/07/28","18:00","9.33","261","13.22","88.7","1012.4","-","-"
"2022/07/28","19:00","12.63","268","14.97","89.8","1011.8","-","-"
"2022/07/28","20:00","11.08","253","16.33","90.7","1011.4","-","-"
"2022/07/28","21:00","5.83","258","8.36","90.5","1010.9","-","-"
"2022/07/28","22:00","8.16","262","10.3","90.7","1011","-","-"
"2022/07/28","23:00","7.97","262","10.11","90.1","1011.5","-","-"
"2022/07/29","00:00","5.05","242","5.64","87.6","1011.9","-","-"
"2022/07/29","01:00","6.03","243","7.39","86.2","1011.9","-","-"
"2022/07/29","02:00","6.41","225","8.55","84.9","1012.8","-","-"
"2022/07/29","03:00","5.83","247","7.97","84.6","1012.9","-","-"
"2022/07/29","04:00","7.58","240","9.91","82.6","1013","-","-"
"2022/07/29","05:00","7.19","254","8.55","81.1","1012.8","-","-"
"2022/07/29","06:00","1.94","224","3.3","80.2","1013","-","-"
"2022/07/29","07:00","10.89","219","13.41","79.3","1012.6","-","-"
"2022/07/29","08:00","8.36","226","11.27","79.5","1012.9","-","-"
"2022/07/29","09:00","3.89","304","5.05","79.5","1013","-","-"
"2022/07/29","10:00","1.94","239","3.69","79.2","1013.4","-","-"
"2022/07/29","11:00","1.94","226","3.89","78.4","1013.6","-","-"
"2022/07/29","12:00","6.8","214","7.97","80.6","1013.7","-","-"
"2022/07/29","13:00","5.83","214","7","82.4","1014","-","-"
"2022/07/29","14:00","0.97","180","4.08","84.2","1014.1","-","-"
"2022/07/29","15:00","0.97","146","1.56","86.7","1014.3","-","-"
"2022/07/29","16:00","3.11","55","3.5","84.6","1014.1","-","-"
"2022/07/29","17:00","4.28","148","7.58","87.8","1013.5","-","-"
"2022/07/29","18:00","7.58","214","10.11","89.2","1012.2","-","-"
"2022/07/29","19:00","9.33","215","15.36","91","1011.6","-","-"
"2022/07/29","20:00","9.91","209","17.49","91","1011.5","-","-"
"2022/07/29","21:00","20.8","320","24.3","80.1","1013.4","-","-"
"2022/07/29","22:00","10.89","316","12.63","78.4","1012.6","-","-"
"2022/07/29","23:00","6.41","219","7.39","76.3","1012.4","-","-"
"2022/07/30","00:00","11.86","231","14.58","77.2","1012.5","-","-"
"2022/07/30","01:00","8.16","227","10.11","76.8","1012.7","-","-"
"2022/07/30","02:00","2.72","216","4.67","77.4","1013.8","-","-"
"2022/07/30","03:00","8.55","212","10.89","77.7","1014.2","-","-"
"2022/07/30","04:00","8.55","230","10.5","77.5","1014.4","-","-"
"2022/07/30","05:00","8.36","225","11.66","77.2","1014.8","-","-"
"2022/07/30","06:00","7","253","9.72","76.8","1014.7","-","-"
"2022/07/30","07:00","2.33","282","2.92","77","1015.3","-","-"
"2022/07/30","08:00","5.44","287","7.58","77","1015.7","-","-"
"2022/07/30","09:00","3.89","260","5.25","77","1016.1","-","-"
"2022/07/30","10:00","-","-","-","-","-","-","-"
"2022/07/30","11:00","8.55","328","10.11","76.8","1017.4","-","-"
"2022/07/30","12:00","6.03","318","8.75","76.6","1018.2","-","-"
"2022/07/30","13:00","8.36","354","11.66","78.3","1018.7","-","-"
"2022/07/30","14:00","9.14","349","10.89","79.5","1019","-","-"
"2022/07/30","15:00","10.11","37","13.61","81","1019.6","-","-"
"2022/07/30","16:00","6.41","9","10.5","81.9","1020.2","-","-"
"2022/07/30","17:00","7.19","17","9.72","82.6","1020.2","-","-"
"2022/07/30","18:00","4.08","37","8.94","83.7","1020.1","-","-"
"2022/07/30","19:00","3.3","22","5.83","84.6","1020","-","-"
"2022/07/30","20:00","4.47","105","6.03","84","1019.6","-","-"
"2022/07/30","21:00","6.61","101","9.33","83.1","1019.5","-","-"
"2022/07/30","22:00","6.8","112","8.55","83.8","1019.6","-","-"
"2022/07/30","23:00","7.19","118","8.55","83.7","1020.1","-","-"
"2022/07/31","00:00","4.67","143","5.83","82.6","1020.5","-","-"
"2022/07/31","01:00","1.17","149","2.72","80.2","1020.5","-","-"
"2022/07/31","02:00","1.17","176","1.56","78.3","1021.1","-","-"
"2022/07/31","03:00","1.94","196","2.92","75.7","1021.3","-","-"
"2022/07/31","04:00","5.05","210","5.83","76.5","1021.9","-","-"
"2022/07/31","05:00","7","219","8.16","76.1","1021.9","-","-"
"2022/07/31","06:00","6.61","218","7","75.9","1021.6","-","-"
"2022/07/31","07:00","2.53","291","3.3","75.4","1021.4","-","-"
"2022/07/31","08:00","0.97","244","1.94","75.4","1021.2","-","-"
"2022/07/31","09:00","1.56","234","1.94","74.8","1021","-","-"
"2022/07/31","10:00","0.58","145","1.36","76.3","1020.9","-","-"
"2022/07/31","11:00","1.56","156","2.14","76.1","1021","-","-"
"2022/07/31","12:00","2.14","173","2.92","78.8","1021.7","-","-"
"2022/07/31","13:00","3.89","168","4.67","79.2","1022.2","-","-"
"2022/07/31","14:00","5.64","139","7.39","81","1021.8","-","-"
"2022/07/31","15:00","8.55","130","11.08","81.3","1022","-","-"
"2022/07/31","16:00","6.8","134","10.3","81.1","1021.8","-","-"
"2022/07/31","17:00","7.78","133","11.27","82.2","1021","-","-"
"2022/07/31","18:00","7.97","143","11.08","84","1020.4","-","-"
"2022/07/31","19:00","4.86","143","7.78","83.7","1019.7","-","-"
"2022/07/31","20:00","6.22","107","7.39","80.8","1019.6","-","-"
"2022/07/31","21:00","6.8","131","8.55","80.2","1019.5","-","-"
"2022/07/31","22:00","7.97","125","10.5","78.6","1018.7","-","-"
"2022/07/31","23:00","3.5","203","5.83","79.2","1017.9","-","-"
"2022/08/01","00:00","4.67","191","8.16","77.2","1018.1","-","-"
"2022/08/01","01:00","2.53","199","3.5","76.1","1017.9","-","-"
"2022/08/01","02:00","2.92","150","3.69","76.3","1017.5","-","-"
"2022/08/01","03:00","2.33","192","4.08","76.1","1017.6","-","-"
"2022/08/01","04:00","3.3","227","5.25","76.1","1017.3","-","-"
"2022/08/01","05:00","3.11","220","4.08","76.1","1017.1","-","-"
"2022/08/01","06:00","3.5","215","4.86","75.9","1016.2","-","-"
"2022/08/01","07:00","5.05","185","6.22","76.1","1015.9","-","-"
"2022/08/01","08:00","5.05","186","7.19","76.1","1015.2","-","-"
"2022/08/01","09:00","3.3","215","5.44","75.7","1015.2","-","-"
"2022/08/01","10:00","6.8","226","9.91","75.7","1015.3","-","-"
"2022/08/01","11:00","5.25","229","7.78","75.7","1015.6","-","-"
"2022/08/01","12:00","6.03","221","7.97","76.3","1015.9","-","-"
"2022/08/01","13:00","9.52","259","12.05","76.8","1016.1","-","-"
"2022/08/01","14:00","10.11","279","12.83","78.3","1015.9","-","-"
"2022/08/01","15:00","4.08","258","7","80.6","1015.6","-","-"
"2022/08/01","16:00","6.22","242","10.5","82.2","1015.1","-","-"
"2022/08/01","17:00","13.8","269","16.33","83.8","1014.7","-","-"
"2022/08/01","18:00","5.05","304","8.94","84.6","1014.4","-","-"
"2022/08/01","19:00","3.11","329","5.44","84.9","1013.7","-","-"
"2022/08/01","20:00","10.3","290","12.63","82","1013.5","-","-"
"2022/08/01","21:00","5.64","314","6.8","80.4","1013.6","-","-"
"2022/08/01","22:00","3.3","199","4.86","80.8","1012.8","-","-"
"2022/08/01","23:00","6.61","184","7.97","80.8","1012.6","-","-"
"2022/08/02","00:00","4.08","198","6.61","80.8","1012.5","-","-"
"2022/08/02","01:00","5.05","195","7.39","79.5","1012.5","-","-"
"2022/08/02","02:00","5.83","196","8.94","79","1013","-","-"
"2022/08/02","03:00","8.75","223","11.66","78.3","1012.7","-","-"
"2022/08/02","04:00","8.94","226","12.05","78.6","1012.3","-","-"
"2022/08/02","05:00","8.55","230","11.27","78.4","1012","-","-"
"2022/08/02","06:00","9.52","229","11.86","78.4","1011.6","-","-"
"2022/08/02","07:00","11.08","237","13.8","78.6","1011.4","-","-"
"2022/08/02","08:00","9.72","237","12.83","78.3","1011.5","-","-"
"2022/08/02","09:00","5.05","228","7.39","76.5","1011.6","-","-"
"2022/08/02","10:00","5.83","248","7.97","76.6","1012.2","-","-"
"2022/08/02","11:00","9.72","227","12.25","76.5","1012.5","-","-"
"2022/08/02","12:00","9.72","240","12.83","77.5","1012.7","-","-"
"2022/08/02","13:00","8.75","247","15.16","79.2","1012.7","-","-"
"2022/08/02","14:00","9.14","266","13.61","81","1012.6","-","-"
"2022/08/02","15:00","10.5","278","11.66","82.9","1012.7","-","-"
"2022/08/02","16:00","8.36","323","9.33","84.2","1012.8","-","-"
"2022/08/02","17:00","6.03","325","6.8","84.7","1012.5","-","-"
"2022/08/02","18:00","6.41","321","7","86","1012.4","-","-"
"2022/08/02","19:00","2.53","303","4.08","88.2","1012.2","-","-"
"2022/08/02","20:00","5.83","258","6.61","89.1","1011.7","-","-"
"2022/08/02","21:00","5.44","264","7.19","88.3","1011.3","-","-"
"2022/08/02","22:00","9.33","3","9.91","83.1","1011.8","-","-"
"2022/08/02","23:00","1.56","112","1.94","84.7","1011.7","-","-"
"2022/08/03","00:00","0","228","1.36","83.5","1011.9","-","-"
"2022/08/03","01:00","10.5","330","16.72","81.3","1012.9","-","-"
"2022/08/03","02:00","1.75","222","2.33","80.4","1013.2","-","-"
"2022/08/03","03:00","2.72","184","3.3","79.5","1013.1","-","-"
"2022/08/03","04:00","0.78","150","2.72","79.3","1013.3","-","-"
"2022/08/03","05:00","1.17","244","1.56","78.4","1013.6","-","-"
"2022/08/03","06:00","2.72","268","3.11","78.4","1013.5","-","-"
"2022/08/03","07:00","1.94","235","2.53","78.1","1013.9","-","-"
"2022/08/03","08:00","3.69","267","4.28","77.5","1014","-","-"
"2022/08/03","09:00","3.11","284","4.28","78.1","1014.2","-","-"
"2022/08/03","10:00","4.67","323","5.64","79.2","1014.5","-","-"
"2022/08/03","11:00","3.3","339","5.25","79.9","1015.1","-","-"
"2022/08/03","12:00","5.05","342","5.64","79.9","1015.7","-","-"
"2022/08/03","13:00","5.05","339","6.41","79.9","1016.1","-","-"
"2022/08/03","14:00","2.72","5","4.08","81.5","1016.3","-","-"
"2022/08/03","15:00","1.75","260","3.89","82.9","1016.7","-","-"
"2022/08/03","16:00","1.56","71","2.14","86.2","1016.6","-","-"
"2022/08/03","17:00","5.25","73","6.22","85.1","1016.6","-","-"
"2022/08/03","18:00","5.83","78","7.39","84.9","1016.2","-","-"
"2022/08/03","19:00","5.44","82","7.39","86","1015.6","-","-"
"2022/08/03","20:00","8.75","81","10.11","86.2","1015.3","-","-"
"2022/08/03","21:00","10.3","108","11.86","86.4","1014.8","-","-"
"2022/08/03","22:00","7.97","121","10.3","86","1014.9","-","-"
"2022/08/03","23:00","6.22","120","7.78","86.2","1015","-","-"
"2022/08/04","00:00","3.5","147","5.05","85.6","1015.6","-","-"
"2022/08/04","01:00","4.47","144","5.44","83.7","1015.8","-","-"
"2022/08/04","02:00","2.53","130","2.92","82.4","1016.7","-","-"
"2022/08/04","03:00","3.89","175","4.86","81.5","1017","-","-"
"2022/08/04","04:00","2.92","201","3.3","80.2","1017.6","-","-"
"2022/08/04","05:00","5.64","208","6.61","80.2","1017.5","-","-"
"2022/08/04","06:00","7.39","220","8.16","79.7","1017.2","-","-"
"2022/08/04","07:00","8.36","212","10.89","79.2","1017.1","-","-"
"2022/08/04","08:00","6.03","208","7","78.3","1017.1","-","-"
"2022/08/04","09:00","5.64","219","7.19","78.6","1016.6","-","-"
"2022/08/04","10:00","6.41","213","7.19","78.4","1017","-","-"
"2022/08/04","11:00","0.58","148","2.72","79.3","1017.8","-","-"
"2022/08/04","12:00","3.69","216","4.86","79.5","1018.3","-","-"
"2022/08/04","13:00","4.08","218","5.05","81.3","1018.6","-","-"
"2022/08/04","14:00","4.86","238","6.03","82.6","1018.5","-","-"
"2022/08/04","15:00","5.44","241","8.75","84.6","1018.8","-","-"
"2022/08/04","16:00","6.61","252","8.94","87.1","1018.8","-","-"
"2022/08/04","17:00","7.78","231","10.11","89.1","1018.5","-","-"
"2022/08/04","18:00","6.61","236","8.55","90.9","1018.2","-","-"
"2022/08/04","19:00","2.53","252","6.41","92.5","1017.7","-","-"
"2022/08/04","20:00","7.39","234","8.94","93","1016.9","-","-"
"2022/08/04","21:00","3.11","289","4.28","88","1017.6","-","-"
"2022/08/04","22:00","6.03","186","12.05","79.9","1018.6","-","-"
"2022/08/04","23:00","6.8","197","9.52","78.1","1018.7","-","-"
"2022/08/05","00:00","5.25","255","7.78","76.8","1018.4","-","-"
"2022/08/05","01:00","1.75","310","4.86","76.1","1018.8","-","-"
"2022/08/05","02:00","4.47","211","6.8","76.8","1019.3","-","-"
"2022/08/05","03:00","3.89","187","5.05","76.6","1019.7","-","-"
"2022/08/05","04:00","7.19","207","10.5","77.4","1020.1","-","-"
"2022/08/05","05:00","7.97","222","10.5","77.9","1019.8","-","-"
"2022/08/05","06:00","1.75","258","4.86","78.3","1019.8","-","-"
"2022/08/05","07:00","3.3","293","5.05","79.2","1020","-","-"
"2022/08/05","08:00","1.17","206","2.53","77.9","1019.9","-","-"
"2022/08/05","09:00","1.94","216","2.72","76.6","1019.9","-","-"
"2022/08/05","10:00","4.47","209","6.22","76.6","1020.3","-","-"
"2022/08/05","11:00","5.05","211","6.61","76.6","1020.9","-","-"
"2022/08/05","12:00","6.8","211","9.52","77.2","1021.2","-","-"
"2022/08/05","13:00","5.64","215","8.55","78.1","1021.5","-","-"
"2022/08/05","14:00","5.44","207","10.11","79.7","1021.7","-","-"
"2022/08/05","15:00","7.39","235","9.91","82.8","1021.7","-","-"
"2022/08/05","16:00","6.03","254","8.75","82.9","1022","-","-"
"2022/08/05","17:00","5.83","193","9.91","86.4","1021.9","-","-"
"2022/08/05","18:00","7.19","229","10.89","87.4","1021.5","-","-"
"2022/08/05","19:00","7.39","202","12.05","88.9","1020.4","-","-"
"2022/08/05","20:00","7","188","12.83","89.2","1019.8","-","-"
"2022/08/05","21:00","9.72","203","12.63","87.3","1019.7","-","-"
"2022/08/05","22:00","4.67","194","7.78","86","1020.2","-","-"
"2022/08/05","23:00","4.08","249","5.25","84","1021","-","-"
"2022/08/06","00:00","13.8","308","16.33","79.3","1021.7","-","-"
"2022/08/06","01:00","13.22","296","16.13","76.6","1022.9","-","-"
"2022/08/06","02:00","10.11","299","13.41","75.9","1022.8","-","-"
"2022/08/06","03:00","3.69","219","4.67","75.4","1023.2","-","-"
"2022/08/06","04:00","4.86","166","9.33","76.5","1023.1","-","-"
"2022/08/06","05:00","3.11","233","6.22","75.6","1023.5","-","-"
"2022/08/06","06:00","3.89","193","6.22","74.3","1023","-","-"
"2022/08/06","07:00","3.69","218","4.47","74.3","1023.1","-","-"
"2022/08/06","08:00","8.55","151","10.11","75.4","1022.2","-","-"
"2022/08/06","09:00","3.89","171","6.41","75.7","1022.7","-","-"
"2022/08/06","10:00","7","142","8.16","76.5","1022.9","-","-"
"2022/08/06","11:00","5.44","277","7.19","75.7","1024","-","-"
"2022/08/06","12:00","0.58","326","2.14","76.6","1024.2","-","-"
"2022/08/06","13:00","4.47","207","5.44","77.9","1024.6","-","-"
"2022/08/06","14:00","7.78","194","10.89","80.4","1024.6","-","-"
"2022/08/06","15:00","8.75","232","11.27","81.7","1024.8","-","-"
"2022/08/06","16:00","8.55","204","11.47","83.8","1024.8","-","-"
"2022/08/06","17:00","5.64","191","7","84.4","1024.6","-","-"
"2022/08/06","18:00","0.97","203","5.64","87.4","1024","-","-"
"2022/08/06","19:00","8.55","217","11.27","87.4","1023.5","-","-"
"2022/08/06","20:00","5.83","181","9.33","87.8","1022.7","-","-"
"2022/08/06","21:00","9.33","110","11.08","84.7","1022.4","-","-"
"2022/08/06","22:00","8.55","123","13.41","86.4","1022.1","-","-"
"2022/08/06","23:00","8.55","120","11.66","86.2","1022.3","-","-"
"2022/08/07","00:00","5.44","183","6.8","79.5","1023","-","-"
"2022/08/07","01:00","3.89","195","5.25","79.7","1023.3","-","-"
"2022/08/07","02:00","3.69","166","5.64","79.7","1023.6","-","-"
"2022/08/07","03:00","8.36","171","11.27","80.1","1023.6","-","-"
"2022/08/07","04:00","4.67","196","6.8","79.7","1023.8","-","-"
"2022/08/07","05:00","3.3","210","5.25","78.6","1023.8","-","-"
"2022/08/07","06:00","3.5","214","4.86","77.9","1023.5","-","-"
"2022/08/07","07:00","4.47","190","6.22","78.1","1023.2","-","-"
"2022/08/07","08:00","2.92","191","4.67","77.9","1023","-","-"
"2022/08/07","09:00","4.47","192","6.03","77.2","1023.2","-","-"
"2022/08/07","10:00","2.72","209","4.28","76.3","1023.2","-","-"
"2022/08/07","11:00","3.5","210","4.47","77.2","1023.8","-","-"
"2022/08/07","12:00","2.92","210","4.47","78.8","1023.9","-","-"
"2022/08/07","13:00","2.53","172","4.08","80.4","1023.9","-","-"
"2022/08/07","14:00","8.36","184","11.08","81.7","1023.9","-","-"
"2022/08/07","15:00","7.58","171","10.3","82.8","1023.9","-","-"
"2022/08/07","16:00","6.61","189","8.36","84","1023.4","-","-"
"2022/08/07","17:00","8.94","155","13.41","85.3","1022.8","-","-"
"2022/08/07","18:00","3.11","201","9.52","87.4","1022","-","-"
"2022/08/07","19:00","11.27","165","13.61","87.6","1021.2","-","-"
"2022/08/07","20:00","11.27","195","15.36","87.3","1020.4","-","-"
"2022/08/07","21:00","7.19","200","8.36","87.1","1020.1","-","-"
"2022/08/07","22:00","6.22","207","8.36","87.6","1020.2","-","-"
"2022/08/07","23:00","8.55","198","9.91","86.9","1019.7","-","-"
"2022/08/08","00:00","6.41","195","10.3","84.7","1020.2","-","-"
"2022/08/08","01:00","3.89","220","5.05","82.8","1020.5","-","-"
"2022/08/08","02:00","4.47","182","6.03","81.9","1020.8","-","-"
"2022/08/08","03:00","6.41","187","8.16","81.3","1020.7","-","-"
"2022/08/08","04:00","7.78","204","11.86","81.3","1020.7","-","-"
"2022/08/08","05:00","7.97","197","10.3","80.6","1020.7","-","-"
"2022/08/08","06:00","9.33","203","12.83","79.7","1020","-","-"
"2022/08/08","07:00","7.78","212","10.89","78.8","1019.7","-","-"
"2022/08/08","08:00","9.52","213","11.66","78.4","1019.4","-","-"
"2022/08/08","09:00","7.58","202","12.25","77.9","1019.3","-","-"
"2022/08/08","10:00","7.19","207","9.52","77.5","1019.3","-","-"
"2022/08/08","11:00","8.36","207","9.91","77.4","1019.7","-","-"
"2022/08/08","12:00","11.86","221","15.36","78.8","1019.7","-","-"
"2022/08/08","13:00","9.91","226","14.97","80.2","1019.6","-","-"
"2022/08/08","14:00","9.52","222","13.41","81.9","1019.2","-","-"
"2022/08/08","15:00","5.64","216","10.5","83.8","1019.4","-","-"
"2022/08/08","16:00","9.72","210","12.05","85.5","1018.9","-","-"
"2022/08/08","17:00","8.94","219","12.83","87.3","1018.3","-","-"
"2022/08/08","18:00","9.72","232","12.63","88.5","1017.6","-","-"
"2022/08/08","19:00","7.58","240","11.08","89.2","1017.2","-","-"
"2022/08/08","20:00","9.14","203","11.47","90.3","1016.5","-","-"
"2022/08/08","21:00","10.69","223","12.83","90.3","1015.9","-","-"
"2022/08/08","22:00","5.83","226","10.5","90.7","1015.5","-","-"
"2022/08/08","23:00","6.8","212","10.5","90.1","1015.3","-","-"
"2022/08/09","00:00","6.03","196","7.19","88.3","1015.7","-","-"
"2022/08/09","01:00","7.19","187","9.52","87.3","1015.5","-","-"
"2022/08/09","02:00","6.03","195","7.97","85.6","1016.3","-","-"
"2022/08/09","03:00","12.83","213","16.33","84.6","1016.3","-","-"
"2022/08/09","04:00","13.41","210","20.6","83.3","1016.7","-","-"
"2022/08/09","05:00","10.3","220","14.19","82","1016.6","-","-"
"2022/08/09","06:00","11.27","227","16.13","81.5","1016.7","-","-"
"2022/08/09","07:00","10.69","223","13.61","80.8","1016.5","-","-"
"2022/08/09","08:00","9.33","231","12.83","79.9","1016.3","-","-"
"2022/08/09","09:00","10.89","226","14.19","79.3","1016.3","-","-"
"2022/08/09","10:00","12.05","227","16.13","78.6","1016.5","-","-"
"2022/08/09","11:00","12.25","215","16.33","78.3","1016.8","-","-"
"2022/08/09","12:00","11.66","232","17.11","79.2","1017.1","-","-"
"2022/08/09","13:00","11.86","236","16.91","80.4","1017.3","-","-"
"2022/08/09","14:00","5.64","248","10.89","82.8","1017.6","-","-"
"2022/08/09","15:00","9.52","235","12.63","84.9","1017.3","-","-"
"2022/08/09","16:00","7.19","240","12.44","87.4","1016.8","-","-"
"2022/08/09","17:00","8.16","234","12.25","88.7","1016.5","-","-"
"2022/08/09","18:00","6.41","249","12.05","90.7","1015.9","-","-"
"2022/08/09","19:00","8.55","219","12.25","91.9","1015.5","-","-"
"2022/08/09","20:00","10.11","268","15.55","91.9","1014.9","-","-"
"2022/08/09","21:00","7.58","260","10.5","92.3","1014.5","-","-"
"2022/08/09","22:00","7.58","256","10.3","92.1","1014.5","-","-"
"2022/08/09","23:00","4.28","218","6.41","90.3","1014.6","-","-"
"2022/08/10","00:00","4.08","205","5.25","89.2","1014.9","-","-"
"2022/08/10","01:00","3.69","213","4.28","86.2","1015.5","-","-"
"2022/08/10","02:00","4.08","215","4.86","85.3","1016.1","-","-"
"2022/08/10","03:00","6.03","222","7.19","84.9","1016.1","-","-"
"2022/08/10","04:00","7.78","227","10.11","84.4","1016.4","-","-"
"2022/08/10","05:00","8.16","229","11.27","83.8","1016.7","-","-"
"2022/08/10","06:00","8.55","225","10.3","82.4","1016.6","-","-"
"2022/08/10","07:00","8.36","229","10.89","81.3","1016.6","-","-"
"2022/08/10","08:00","8.94","215","12.63","80.4","1016.6","-","-"
"2022/08/10","09:00","9.52","229","13.8","79.5","1016.6","-","-"
"2022/08/10","10:00","9.91","230","11.47","79","1016.9","-","-"
"2022/08/10","11:00","3.3","233","4.86","79","1017.5","-","-"
"2022/08/10","12:00","11.66","233","14.58","79.5","1017.4","-","-"
"2022/08/10","13:00","6.03","245","9.52","80.8","1017.5","-","-"
"2022/08/10","14:00","4.86","277","6.61","82.4","1017.5","-","-"
"2022/08/10","15:00","7.78","257","9.52","84","1018.1","-","-"
"2022/08/10","16:00","4.08","330","4.86","85.1","1018","-","-"
"2022/08/10","17:00","4.08","325","4.86","85.8","1017.8","-","-"
"2022/08/10","18:00","1.56","67","2.14","89.6","1016.8","-","-"
"2022/08/10","19:00","2.14","55","2.33","89.6","1015.7","-","-"
"2022/08/10","20:00","27.02","339","34.6","76.1","1018.1","-","-"
"2022/08/10","21:00","4.28","242","7.19","75","1014.7","-","-"
"2022/08/10","22:00","6.61","152","8.94","76.3","1014.9","-","-"
"2022/08/10","23:00","5.05","199","7.97","75.7","1016.4","-","-"
"2022/08/11","00:00","21.58","303","30.91","73.8","1019","-","-"
"2022/08/11","01:00","4.28","2","6.61","72.1","1018.5","-","-"
"2022/08/11","02:00","4.08","92","4.47","72.5","1016.6","-","-"
"2022/08/11","03:00","7.97","209","9.72","71.8","1015.8","-","-"
"2022/08/11","04:00","6.8","223","9.91","73.6","1015.5","-","-"
"2022/08/11","05:00","4.28","269","8.75","73.8","1016.1","-","-"
"2022/08/11","06:00","7.19","278","11.86","73.6","1016.2","-","-"
"2022/08/11","07:00","3.3","218","4.86","73","1015.2","-","-"
"2022/08/11","08:00","5.25","236","7.19","73","1015","-","-"
"2022/08/11","09:00","5.64","259","7","73.4","1014.9","-","-"
"2022/08/11","10:00","4.67","273","5.83","74.1","1014.5","-","-"
"2022/08/11","11:00","5.25","273","6.03","73.8","1014.3","-","-"
"2022/08/11","12:00","5.83","239","8.55","74.7","1014.1","-","-"
"2022/08/11","13:00","5.25","226","6.61","75.6","1014.2","-","-"
"2022/08/11","14:00","7.97","248","10.5","76.8","1014.6","-","-"
"2022/08/11","15:00","7.78","256","9.52","78.3","1014.8","-","-"
"2022/08/11","16:00","7","248","9.14","79.3","1014.8","-","-"
"2022/08/11","17:00","6.22","235","7.58","76.8","1014.4","-","-"
"2022/08/11","18:00","6.8","309","8.55","79","1014.1","-","-"
"2022/08/11","19:00","3.5","238","4.08","75.9","1014.1","-","-"
"2022/08/11","20:00","8.36","348","10.5","77","1013.6","-","-"
"2022/08/11","21:00","2.14","299","2.92","79","1013.3","-","-"
"2022/08/11","22:00","3.89","279","5.44","78.4","1013.2","-","-"
"2022/08/11","23:00","4.86","267","5.83","79.3","1013","-","-"
"2022/08/12","00:00","4.47","240","5.44","77.9","1013.4","-","-"
"2022/08/12","01:00","4.28","282","5.44","77.5","1013.7","-","-"
"2022/08/12","02:00","4.86","261","5.44","77.4","1014.1","-","-"
"2022/08/12","03:00","5.05","262","6.61","77.4","1013.7","-","-"
"2022/08/12","04:00","4.28","253","5.64","76.3","1013.7","-","-"
"2022/08/12","05:00","4.08","265","4.86","75.6","1013.8","-","-"
"2022/08/12","06:00","3.69","269","4.67","75","1013.4","-","-"
"2022/08/12","07:00","5.44","268","6.41","74.5","1013.4","-","-"
"2022/08/12","08:00","7.19","269","9.14","74.7","1013.4","-","-"
"2022/08/12","09:00","14.97","321","17.69","75","1013.4","-","-"
"2022/08/12","10:00","12.63","320","13.8","75","1013.8","-","-"
"2022/08/12","11:00","10.5","324","12.63","72.7","1014.1","-","-"
"2022/08/12","12:00","9.91","322","11.47","73","1014.6","-","-"
"2022/08/12","13:00","9.91","336","13.61","74.5","1015.2","-","-"
"2022/08/12","14:00","4.28","343","6.61","75.7","1015.5","-","-"
"2022/08/12","15:00","11.08","40","15.36","78.1","1015.9","-","-"
"2022/08/12","16:00","8.94","19","10.5","78.3","1016.2","-","-"
"2022/08/12","17:00","11.66","343","14.19","74.8","1016.1","-","-"
"2022/08/12","18:00","3.5","15","5.64","76.6","1015.8","-","-"
"2022/08/12","19:00","5.25","310","6.03","76.8","1015.4","-","-"
"2022/08/12","20:00","5.25","340","8.75","79.2","1015.1","-","-"
"2022/08/12","21:00","8.16","348","10.3","79.3","1015.2","-","-"
"2022/08/12","22:00","7.78","354","9.91","80.1","1015.1","-","-"
"2022/08/12","23:00","8.75","4","10.5","81","1015.6","-","-"
"2022/08/13","00:00","5.25","355","5.83","79.2","1016.2","-","-"
"2022/08/13","01:00","6.22","4","7","77.7","1016.5","-","-"
"2022/08/13","02:00","2.14","258","2.92","74.8","1016.7","-","-"
"2022/08/13","03:00","4.67","276","6.03","74.7","1016.8","-","-"
"2022/08/13","04:00","5.44","289","6.41","74.3","1017","-","-"
"2022/08/13","05:00","7.78","3","9.14","73.8","1017","-","-"
"2022/08/13","06:00","6.61","337","7.97","71.8","1017.1","-","-"
"2022/08/13","07:00","5.25","331","8.36","71.1","1017.3","-","-"
"2022/08/13","08:00","8.55","324","9.52","71.8","1017.4","-","-"
"2022/08/13","09:00","9.14","335","11.86","71.2","1017.6","-","-"
"2022/08/13","10:00","11.08","324","13.8","70.5","1017.7","-","-"
"2022/08/13","11:00","9.52","340","11.08","68.4","1018.2","-","-"
"2022/08/13","12:00","9.14","8","10.3","71.4","1018.6","-","-"
"2022/08/13","13:00","8.94","20","10.69","73.8","1019","-","-"
"2022/08/13","14:00","13.8","32","16.91","75.6","1019.7","-","-"
"2022/08/13","15:00","12.25","40","15.36","76.3","1019.9","-","-"
"2022/08/13","16:00","7.97","22","11.86","77.2","1019.9","-","-"
"2022/08/13","17:00","3.11","16","7.78","78.8","1019.7","-","-"
"2022/08/13","18:00","7.39","16","8.94","79","1019.3","-","-"
"2022/08/13","19:00","3.5","27","6.41","79.9","1018.9","-","-"
"2022/08/13","20:00","5.64","17","8.36","79","1018.5","-","-"
"2022/08/13","21:00","7.97","90","10.11","78.1","1018.2","-","-"
"2022/08/13","22:00","5.83","64","8.75","79","1017.9","-","-"
"2022/08/13","23:00","8.16","49","9.14","78.4","1017.9","-","-"
"2022/08/14","00:00","6.03","47","7.19","76.8","1018.1","-","-"
"2022/08/14","01:00","4.47","38","5.44","76.3","1018.2","-","-"
"2022/08/14","02:00","5.83","41","6.8","75.2","1018.4","-","-"
"2022/08/14","03:00","3.5","29","4.08","73.9","1018.1","-","-"
"2022/08/14","04:00","0.78","185","1.75","71.6","1018.1","-","-"
"2022/08/14","05:00","3.89","208","4.47","69.6","1018.6","-","-"
"2022/08/14","06:00","4.28","178","5.64","71.4","1018.1","-","-"
"2022/08/14","07:00","4.28","214","4.86","69.6","1018","-","-"
"2022/08/14","08:00","5.64","212","6.41","69.4","1017.7","-","-"
"2022/08/14","09:00","4.47","231","5.44","68.7","1017.4","-","-"
"2022/08/14","10:00","1.36","263","1.75","70.2","1017.4","-","-"
"2022/08/14","11:00","3.69","276","4.28","70.2","1017.7","-","-"
"2022/08/14","12:00","2.92","269","4.08","70.5","1017.8","-","-"
"2022/08/14","13:00","1.56","248","2.92","71.4","1017.8","-","-"
"2022/08/14","14:00","2.53","297","3.11","73.4","1017.7","-","-"
"2022/08/14","15:00","2.33","290","2.92","75","1017.9","-","-"
"2022/08/14","16:00","3.3","84","4.08","76.8","1017.8","-","-"
"2022/08/14","17:00","7.19","85","9.52","76.5","1017.5","-","-"
"2022/08/14","18:00","8.75","88","10.5","76.5","1017.3","-","-"
"2022/08/14","19:00","9.52","87","11.08","77.4","1016.7","-","-"
"2022/08/14","20:00","10.69","91","12.44","77.4","1016.2","-","-"
"2022/08/14","21:00","10.11","95","12.05","77.4","1016","-","-"
"2022/08/14","22:00","7.97","108","9.52","78.1","1015.7","-","-"
"2022/08/14","23:00","7.58","122","10.3","77.4","1015.5","-","-"
"2022/08/15","00:00","6.61","117","9.14","76.1","1015.4","-","-"
"2022/08/15","01:00","8.55","107","10.5","76.1","1015.4","-","-"
"2022/08/15","02:00","9.52","110","11.47","75.9","1015.8","-","-"
"2022/08/15","03:00","6.03","120","8.16","75.7","1015.8","-","-"
"2022/08/15","04:00","7","97","8.75","75.9","1016.1","-","-"
"2022/08/15","05:00","6.41","76","8.55","75.4","1015.9","-","-"
"2022/08/15","06:00","0.78","250","1.56","72.7","1015.4","-","-"
"2022/08/15","07:00","7.58","28","8.94","73.6","1014.8","-","-"
"2022/08/15","08:00","8.36","38","10.11","73.2","1014.1","-","-"
"2022/08/15","09:00","7","43","8.36","73.9","1013.5","-","-"
"2022/08/15","10:00","7.78","36","8.94","73.9","1013.3","-","-"
"2022/08/15","11:00","6.22","29","8.55","73.4","1013.5","-","-"
"2022/08/15","12:00","6.03","36","7","74.1","1013.6","-","-"
"2022/08/15","13:00","6.03","34","7.58","75","1014","-","-"
"2022/08/15","14:00","5.64","352","7.39","74.7","1014.3","-","-"
"2022/08/15","15:00","8.16","353","9.52","73","1014.6","-","-"
"2022/08/15","16:00","5.25","331","6.61","72.7","1014.6","-","-"
"2022/08/15","17:00","7.19","299","9.14","72.7","1014.5","-","-"
"2022/08/15","18:00","6.8","262","7.78","69.8","1014.6","-","-"
"2022/08/15","19:00","5.64","252","7.39","68.2","1014.3","-","-"
"2022/08/15","20:00","4.67","294","7","68.5","1014.2","-","-"
"2022/08/15","21:00","2.92","303","4.28","69.6","1013.5","-","-"
"2022/08/15","22:00","2.33","5","3.3","70","1013.3","-","-"
"2022/08/15","23:00","1.75","6","2.92","71.2","1012.9","-","-"
"2022/08/16","00:00","3.69","9","5.25","71.1","1013.1","-","-"
"2022/08/16","01:00","0.78","262","2.14","70.2","1013.6","-","-"
"2022/08/16","02:00","7","345","7.58","71.6","1013.8","-","-"
"2022/08/16","03:00","9.52","342","10.3","70.7","1013.7","-","-"
"2022/08/16","04:00","7.19","354","9.52","69.1","1013.5","-","-"
"2022/08/16","05:00","8.55","344","9.72","70","1013.8","-","-"
"2022/08/16","06:00","10.3","353","12.05","69.6","1013.6","-","-"
"2022/08/16","07:00","7.97","333","10.3","68.5","1013.3","-","-"
"2022/08/16","08:00","6.8","322","8.36","68.4","1012.9","-","-"
"2022/08/16","09:00","11.66","311","12.83","69.1","1012.8","-","-"
"2022/08/16","10:00","8.36","331","10.3","68.5","1012.8","-","-"
"2022/08/16","11:00","7.78","339","9.72","68.5","1013","-","-"
"2022/08/16","12:00","7","328","7.97","70.2","1013.2","-","-"
"2022/08/16","13:00","5.25","2","6.41","71.4","1013.5","-","-"
"2022/08/16","14:00","12.44","39","14.58","73.2","1013.8","-","-"
"2022/08/16","15:00","12.25","65","14.19","74.5","1014.3","-","-"
"2022/08/16","16:00","9.72","51","11.08","75.4","1014.4","-","-"
"2022/08/16","17:00","11.66","41","14.97","75.6","1014.5","-","-"
"2022/08/16","18:00","11.08","55","13.02","76.1","1014.3","-","-"
"2022/08/16","19:00","9.52","70","11.27","76.3","1014.1","-","-"
"2022/08/16","20:00","9.72","74","11.08","76.8","1013.9","-","-"
"2022/08/16","21:00","7.39","94","10.11","77","1013.6","-","-"
"2022/08/16","22:00","10.5","75","12.25","76.6","1013.7","-","-"
"2022/08/16","23:00","9.33","92","10.89","76.5","1013.7","-","-"
"2022/08/17","00:00","13.61","90","16.72","75.4","1014","-","-"
"2022/08/17","01:00","15.16","77","18.08","75.2","1014.2","-","-"
"2022/08/17","02:00","14.97","62","17.11","74.7","1014.6","-","-"
"2022/08/17","03:00","13.41","53","15.36","74.1","1014.6","-","-"
"2022/08/17","04:00","9.33","46","13.41","74.1","1014.7","-","-"
"2022/08/17","05:00","8.36","42","10.11","73.4","1014.6","-","-"
"2022/08/17","06:00","7.78","36","9.33","72.7","1014","-","-"
"2022/08/17","07:00","5.44","354","6.8","70.3","1013.8","-","-"
"2022/08/17","08:00","6.41","3","7.39","70.3","1013.7","-","-"
"2022/08/17","09:00","6.8","349","7.39","70","1013.8","-","-"
"2022/08/17","10:00","7","350","7.97","69.8","1014.1","-","-"
"2022/08/17","11:00","7.97","13","8.94","70.3","1014.7","-","-"
"2022/08/17","12:00","7.97","33","9.33","71.6","1015","-","-"
"2022/08/17","13:00","18.27","45","20.6","73.8","1015.5","-","-"
"2022/08/17","14:00","14.97","41","20.6","73.8","1015.9","-","-"
"2022/08/17","15:00","13.8","52","17.3","74.5","1015.8","-","-"
"2022/08/17","16:00","11.66","36","14.97","75.4","1015.9","-","-"
"2022/08/17","17:00","14.19","23","19.05","76.1","1015.7","-","-"
"2022/08/17","18:00","12.25","60","15.36","76.5","1015.3","-","-"
"2022/08/17","19:00","10.11","34","11.47","77.2","1014.9","-","-"
"2022/08/17","20:00","8.36","49","11.27","77.5","1014.5","-","-"
"2022/08/17","21:00","6.61","52","8.55","78.1","1014.2","-","-"
"2022/08/17","22:00","9.72","141","11.27","77.2","1014.2","-","-"
"2022/08/17","23:00","6.8","142","8.94","76.3","1014.2","-","-"
"2022/08/18","00:00","6.41","133","7","74.7","1014.5","-","-"
"2022/08/18","01:00","2.53","183","3.5","72.9","1014.9","-","-"
"2022/08/18","02:00","3.69","175","4.47","72.3","1014.8","-","-"
"2022/08/18","03:00","2.53","213","3.89","70","1014.9","-","-"
"2022/08/18","04:00","4.28","221","4.67","69.3","1014.8","-","-"
"2022/08/18","05:00","2.92","235","4.08","68.9","1014.6","-","-"
"2022/08/18","06:00","3.89","245","4.67","69.3","1014","-","-"
"2022/08/18","07:00","2.72","221","3.3","68.7","1013.9","-","-"
"2022/08/18","08:00","1.56","201","2.14","68","1014","-","-"
"2022/08/18","09:00","2.72","224","3.5","68.4","1014.3","-","-"
"2022/08/18","10:00","3.5","212","4.08","66.9","1014.5","-","-"
"2022/08/18","11:00","3.5","274","5.25","68.9","1015.1","-","-"
"2022/08/18","12:00","2.53","251","4.08","70.2","1015.6","-","-"
"2022/08/18","13:00","4.86","275","6.22","72.1","1015.7","-","-"
"2022/08/18","14:00","3.11","315","4.08","73.2","1015.5","-","-"
"2022/08/18","15:00","4.47","338","5.83","75.6","1015.6","-","-"
"2022/08/18","16:00","3.69","3","5.64","77.2","1015.3","-","-"
"2022/08/18","17:00","2.33","356","3.5","79.3","1015.2","-","-"
"2022/08/18","18:00","1.94","345","3.69","80.4","1015.1","-","-"
"2022/08/18","19:00","4.28","69","4.86","80.4","1014.7","-","-"
"2022/08/18","20:00","1.36","64","2.14","82.9","1014.5","-","-"
"2022/08/18","21:00","6.8","114","8.16","82","1014.4","-","-"
"2022/08/18","22:00","9.91","125","10.69","81.1","1014.5","-","-"
"2022/08/18","23:00","8.36","141","10.5","80.8","1014.4","-","-"
"2022/08/19","00:00","5.44","164","6.22","78.6","1014.9","-","-"
"2022/08/19","01:00","5.44","167","7.19","77","1015.7","-","-"
"2022/08/19","02:00","6.22","187","7.58","76.1","1016.4","-","-"
"2022/08/19","03:00","7.58","193","9.33","75.2","1016.5","-","-"
"2022/08/19","04:00","7","198","10.3","74.7","1016.7","-","-"
"2022/08/19","05:00","7.78","204","11.66","73.9","1016.7","-","-"
"2022/08/19","06:00","6.61","219","8.75","72.9","1017.1","-","-"
"2022/08/19","07:00","5.44","220","8.94","72.1","1017","-","-"
"2022/08/19","08:00","6.03","223","7.39","71.4","1017","-","-"
"2022/08/19","09:00","2.92","211","5.05","71.4","1017.2","-","-"
"2022/08/19","10:00","3.89","249","5.44","70.7","1017.5","-","-"
"2022/08/19","11:00","3.5","246","5.64","72","1018.2","-","-"
"2022/08/19","12:00","2.33","230","3.3","73.2","1018.5","-","-"
"2022/08/19","13:00","3.89","267","5.44","75.2","1018.8","-","-"
"2022/08/19","14:00","5.25","235","6.41","77.5","1019.3","-","-"
"2022/08/19","15:00","2.72","263","3.5","79.7","1019.4","-","-"
"2022/08/19","16:00","2.33","26","3.11","81.9","1019.3","-","-"
"2022/08/19","17:00","8.36","83","8.75","79.9","1019.1","-","-"
"2022/08/19","18:00","6.03","105","7.58","80.6","1019.1","-","-"
"2022/08/19","19:00","7.97","106","9.91","81","1019.2","-","-"
"2022/08/19","20:00","9.33","107","11.66","81.1","1018.8","-","-"
"2022/08/19","21:00","12.05","117","14.38","81.5","1018.7","-","-"
"2022/08/19","22:00","10.89","108","12.25","80.2","1018.6","-","-"
"2022/08/19","23:00","8.55","129","10.89","79","1018.3","-","-"
"2022/08/20","00:00","6.8","138","9.33","78.1","1018.4","-","-"
"2022/08/20","01:00","5.44","150","6.61","77.2","1019","-","-"
"2022/08/20","02:00","2.53","175","3.3","76.3","1019.5","-","-"
"2022/08/20","03:00","3.89","165","4.28","75.6","1019.6","-","-"
"2022/08/20","04:00","2.53","157","3.11","75.7","1019.3","-","-"
"2022/08/20","05:00","1.17","287","1.36","75.6","1019.3","-","-"
"2022/08/20","06:00","0.97","112","3.89","76.8","1019.3","-","-"
"2022/08/20","07:00","1.17","60","2.14","76.8","1019.4","-","-"
"2022/08/20","08:00","5.44","85","6.61","77.5","1019.1","-","-"
"2022/08/20","09:00","7.19","84","8.16","77.7","1018.9","-","-"
"2022/08/20","10:00","7.19","104","8.94","77.7","1019.3","-","-"
"2022/08/20","11:00","9.91","84","12.05","76.8","1019.8","-","-"
"2022/08/20","12:00","6.8","160","9.72","73.6","1020.4","-","-"
"2022/08/20","13:00","2.53","128","3.69","74.8","1021","-","-"
"2022/08/20","14:00","7.19","103","9.72","76.6","1021","-","-"
"2022/08/20","15:00","7.58","87","8.55","77.4","1021.2","-","-"
"2022/08/20","16:00","7.58","85","8.75","77.7","1021.1","-","-"
"2022/08/20","17:00","8.16","79","9.52","78.4","1020.7","-","-"
"2022/08/20","18:00","8.94","91","10.69","79.2","1020.7","-","-"
"2022/08/20","19:00","10.69","95","12.05","79","1020.5","-","-"
"2022/08/20","20:00","11.08","102","13.41","80.2","1020.1","-","-"
"2022/08/20","21:00","9.72","109","13.41","80.6","1019.9","-","-"
"2022/08/20","22:00","8.75","106","11.86","80.4","1019.6","-","-"
"2022/08/20","23:00","8.16","119","10.5","79.7","1019.4","-","-"
"2022/08/21","00:00","5.05","133","8.55","78.3","1019.5","-","-"
"2022/08/21","01:00","5.44","145","6.03","76.8","1019.3","-","-"
"2022/08/21","02:00","3.89","153","5.64","76.5","1019.3","-","-"
"2022/08/21","03:00","2.14","144","3.3","75.9","1019.3","-","-"
"2022/08/21","04:00","3.5","210","4.28","74.1","1019.5","-","-"
"2022/08/21","05:00","2.53","142","3.11","75.2","1019","-","-"
"2022/08/21","06:00","2.92","186","3.3","74.7","1018.9","-","-"
"2022/08/21","07:00","1.56","206","2.53","73.6","1018.9","-","-"
"2022/08/21","08:00","1.36","195","1.56","73.4","1018.9","-","-"
"2022/08/21","09:00","1.36","184","2.53","74.3","1018.7","-","-"
"2022/08/21","10:00","2.92","177","3.69","74.1","1018.5","-","-"
"2022/08/21","11:00","2.53","173","2.92","74.1","1019.2","-","-"
"2022/08/21","12:00","3.3","160","4.28","76.3","1019.4","-","-"
"2022/08/21","13:00","2.92","165","5.05","77.2","1019.1","-","-"
"2022/08/21","14:00","4.67","97","5.25","78.3","1019.4","-","-"
"2022/08/21","15:00","7.58","87","8.94","77.9","1019","-","-"
"2022/08/21","16:00","6.22","81","7.39","78.6","1019.5","-","-"
"2022/08/21","17:00","7.97","86","8.75","78.4","1019.1","-","-"
"2022/08/21","18:00","4.47","95","6.22","79.2","1018.5","-","-"
"2022/08/21","19:00","7.78","75","8.75","79","1017.5","-","-"
"2022/08/21","20:00","7.19","98","8.36","79.7","1016.1","-","-"
"2022/08/21","21:00","7.97","133","9.91","81.1","1015.4","-","-"
"2022/08/21","22:00","7.58","156","10.3","80.2","1015.9","-","-"
"2022/08/21","23:00","7.39","165","9.52","78.6","1015.7","-","-"
"2022/08/22","00:00","9.14","201","12.25","75.2","1015.8","-","-"
"2022/08/22","01:00","6.61","203","9.52","74.1","1015.1","-","-"
"2022/08/22","02:00","2.33","248","4.08","73.2","1015.1","-","-"
"2022/08/22","03:00","3.11","208","4.67","73.4","1015.1","-","-"
"2022/08/22","04:00","2.33","195","3.5","73.8","1015.3","-","-"
"2022/08/22","05:00","3.89","195","5.44","73.4","1015.5","-","-"
"2022/08/22","06:00","4.47","168","5.05","73.4","1015.2","-","-"
"2022/08/22","07:00","6.61","210","11.27","73.2","1014.7","-","-"
"2022/08/22","08:00","7.19","218","9.52","73","1014.3","-","-"
"2022/08/22","09:00","5.44","206","7.97","72.5","1013.4","-","-"
"2022/08/22","10:00","4.08","228","5.83","72.7","1013","-","-"
"2022/08/22","11:00","5.05","217","6.8","73","1013.3","-","-"
"2022/08/22","12:00","2.14","247","2.92","73.4","1013.5","-","-"
"2022/08/22","13:00","4.86","170","5.83","74.3","1013.8","-","-"
"2022/08/22","14:00","7.58","242","8.94","75.4","1013.6","-","-"
"2022/08/22","15:00","5.05","222","6.41","76.6","1013","-","-"
"2022/08/22","16:00","1.36","274","3.5","79","1012.7","-","-"
"2022/08/22","17:00","2.53","61","3.11","79.9","1012.4","-","-"
"2022/08/22","18:00","8.36","87","9.52","78.6","1011.9","-","-"
"2022/08/22","19:00","7.39","107","7.97","79.7","1011.1","-","-"
"2022/08/22","20:00","2.53","245","4.47","82.4","1010.4","-","-"
"2022/08/22","21:00","6.41","251","10.11","83.7","1010.1","-","-"
"2022/08/22","22:00","5.05","233","7.39","82.6","1010.1","-","-"
"2022/08/22","23:00","6.41","231","7.78","81.7","1009.9","-","-"
"2022/08/23","00:00","5.83","222","7.97","80.8","1010.4","-","-"
"2022/08/23","01:00","3.11","220","4.28","79.5","1011.2","-","-"
"2022/08/23","02:00","7.19","230","10.89","79.5","1010.9","-","-"
"2022/08/23","03:00","5.83","234","7.58","78.6","1011.4","-","-"
"2022/08/23","04:00","4.67","232","6.22","77.9","1011.5","-","-"
"2022/08/23","05:00","4.86","228","5.64","76.8","1010.9","-","-"
"2022/08/23","06:00","7","246","8.36","76.6","1010.2","-","-"
"2022/08/23","07:00","3.5","285","5.25","76.1","1010.3","-","-"
"2022/08/23","08:00","2.33","281","3.11","75.2","1010.1","-","-"
"2022/08/23","09:00","3.11","273","3.89","74.8","1010.5","-","-"
"2022/08/23","10:00","2.72","262","3.69","74.1","1010.8","-","-"
"2022/08/23","11:00","1.94","246","2.53","73.9","1011.2","-","-"
"2022/08/23","12:00","2.53","275","3.11","75","1011.7","-","-"
"2022/08/23","13:00","2.92","306","3.89","76.3","1011.8","-","-"
"2022/08/23","14:00","7.39","307","8.55","77","1012.1","-","-"
"2022/08/23","15:00","5.64","303","7","78.1","1012.4","-","-"
"2022/08/23","16:00","5.25","304","6.03","79.5","1012.4","-","-"
"2022/08/23","17:00","7.78","317","8.75","80.8","1012.2","-","-"
"2022/08/23","18:00","4.08","320","4.67","82.4","1012.1","-","-"
"2022/08/23","19:00","3.69","321","4.86","82.9","1011.7","-","-"
"2022/08/23","20:00","3.89","336","5.05","83.8","1011.2","-","-"
"2022/08/23","21:00","1.75","319","2.72","85.5","1011.1","-","-"
"2022/08/23","22:00","1.56","129","2.72","85.8","1011.4","-","-"
"2022/08/23","23:00","5.83","162","7.19","82.8","1011.6","-","-"
"2022/08/24","00:00","6.41","164","7.78","80.8","1012.2","-","-"
"2022/08/24","01:00","5.83","182","7.19","80.1","1012.9","-","-"
"2022/08/24","02:00","6.22","218","6.61","77.7","1013.3","-","-"
"2022/08/24","03:00","2.92","211","4.67","77","1013.5","-","-"
"2022/08/24","04:00","2.53","147","3.3","77.4","1013.9","-","-"
"2022/08/24","05:00","0.58","248","2.33","75","1014","-","-"
"2022/08/24","06:00","0","127","0","75.2","1014","-","-"
"2022/08/24","07:00","2.33","224","3.11","75.6","1013.9","-","-"
"2022/08/24","08:00","2.53","272","3.5","75.4","1013.9","-","-"
"2022/08/24","09:00","3.5","272","4.47","74.8","1014","-","-"
"2022/08/24","10:00","2.72","278","3.5","74.7","1014.4","-","-"
"2022/08/24","11:00","5.83","316","7.58","76.5","1015.1","-","-"
"2022/08/24","12:00","7","326","8.16","76.5","1015.6","-","-"
"2022/08/24","13:00","5.64","3","6.41","77.5","1016.5","-","-"
"2022/08/24","14:00","3.89","350","4.86","78.8","1016.7","-","-"
"2022/08/24","15:00","1.17","254","1.75","81.1","1016.7","-","-"
"2022/08/24","16:00","1.94","304","3.5","81.5","1016.7","-","-"
"2022/08/24","17:00","1.56","129","2.72","84.4","1016.6","-","-"
"2022/08/24","18:00","5.25","81","6.8","83.1","1016.3","-","-"
"2022/08/24","19:00","6.41","79","7","82.9","1016.1","-","-"
"2022/08/24","20:00","5.83","84","6.22","83.3","1015.6","-","-"
"2022/08/24","21:00","5.83","74","6.61","84","1015.3","-","-"
"2022/08/24","22:00","6.8","98","7.78","83.8","1015.4","-","-"
"2022/08/24","23:00","4.67","101","6.61","84","1015.4","-","-"
"2022/08/25","00:00","5.44","94","6.41","82.2","1015.7","-","-"
"2022/08/25","01:00","4.67","185","6.03","79.9","1016.2","-","-"
"2022/08/25","02:00","2.72","182","3.3","79","1016.8","-","-"
"2022/08/25","03:00","5.44","209","6.03","77.2","1017.2","-","-"
"2022/08/25","04:00","5.64","210","7","76.6","1017.6","-","-"
"2022/08/25","05:00","5.83","214","7.78","76.6","1017.8","-","-"
"2022/08/25","06:00","3.69","218","4.47","75.4","1017.7","-","-"
"2022/08/25","07:00","2.53","231","4.08","75.2","1017.5","-","-"
"2022/08/25","08:00","7.39","231","9.72","75.2","1017.2","-","-"
"2022/08/25","09:00","7.58","229","9.72","75.2","1017","-","-"
"2022/08/25","10:00","5.83","234","7.97","75.2","1017.1","-","-"
"2022/08/25","11:00","2.33","274","2.92","75.6","1017.7","-","-"
"2022/08/25","12:00","1.56","279","3.89","77.2","1017.7","-","-"
"2022/08/25","13:00","2.53","275","4.08","78.8","1017.8","-","-"
"2022/08/25","14:00","2.33","266","2.92","80.1","1018.2","-","-"
"2022/08/25","15:00","4.86","237","6.41","82.8","1018.4","-","-"
"2022/08/25","16:00","3.5","351","4.08","83.8","1018.5","-","-"
"2022/08/25","17:00","2.92","22","3.3","85.8","1018.1","-","-"
"2022/08/25","18:00","7.97","110","10.89","84.4","1017.6","-","-"
"2022/08/25","19:00","10.11","112","11.47","84.7","1017.1","-","-"
"2022/08/25","20:00","9.91","145","12.44","83.8","1016.9","-","-"
"2022/08/25","21:00","7.97","163","10.69","83.5","1016.7","-","-"
"2022/08/25","22:00","9.52","172","11.27","82.4","1016.6","-","-"
"2022/08/25","23:00","8.94","174","12.25","80.6","1016.7","-","-"
"2022/08/26","00:00","8.16","187","10.5","80.6","1016.7","-","-"
"2022/08/26","01:00","7.78","190","10.3","80.2","1017.1","-","-"
"2022/08/26","02:00","10.3","211","13.02","80.4","1017.2","-","-"
"2022/08/26","03:00","7.58","210","10.3","79.3","1017.3","-","-"
"2022/08/26","04:00","8.36","231","11.47","77.9","1017.5","-","-"
"2022/08/26","05:00","8.36","236","10.3","76.6","1017.3","-","-"
"2022/08/26","06:00","3.69","218","6.22","75","1017","-","-"
"2022/08/26","07:00","4.08","230","5.05","73.8","1016.5","-","-"
"2022/08/26","08:00","5.64","229","7.58","72.9","1016.2","-","-"
"2022/08/26","09:00","1.56","246","2.92","72.1","1015.9","-","-"
"2022/08/26","10:00","3.3","206","4.47","71.6","1015.9","-","-"
"2022/08/26","11:00","2.53","260","4.28","71.8","1016","-","-"
"2022/08/26","12:00","4.86","215","8.16","73.4","1016","-","-"
"2022/08/26","13:00","5.44","252","8.16","75.7","1016.4","-","-"
"2022/08/26","14:00","3.3","229","5.83","78.6","1016.3","-","-"
"2022/08/26","15:00","5.83","174","7.39","81.7","1016.2","-","-"
"2022/08/26","16:00","4.28","206","8.55","82.9","1015.9","-","-"
"2022/08/26","17:00","5.44","176","9.33","84.4","1015.3","-","-"
"2022/08/26","18:00","7.19","224","8.94","85.3","1014.9","-","-"
"2022/08/26","19:00","8.16","168","10.3","86.5","1014.2","-","-"
"2022/08/26","20:00","2.33","19","3.5","87.8","1013.6","-","-"
"2022/08/26","21:00","7.58","85","8.75","84.6","1013.4","-","-"
"2022/08/26","22:00","5.64","188","8.16","88","1013","-","-"
"2022/08/26","23:00","3.5","187","4.28","86.5","1013","-","-"
"2022/08/27","00:00","1.75","167","2.14","82","1013.6","-","-"
"2022/08/27","01:00","3.69","211","4.08","78.6","1014","-","-"
"2022/08/27","02:00","6.41","205","9.14","80.8","1014.3","-","-"
"2022/08/27","03:00","5.25","202","7.19","79.9","1014.5","-","-"
"2022/08/27","04:00","6.8","217","7.78","78.4","1014.5","-","-"
"2022/08/27","05:00","7.39","208","9.14","77.9","1015","-","-"
"2022/08/27","06:00","8.16","209","9.72","77.5","1014.5","-","-"
"2022/08/27","07:00","7.58","212","10.3","76.5","1014.1","-","-"
"2022/08/27","08:00","9.52","217","11.08","75.9","1013.9","-","-"
"2022/08/27","09:00","2.14","215","3.3","75.2","1014","-","-"
"2022/08/27","10:00","5.83","231","6.61","74.8","1014.2","-","-"
"2022/08/27","11:00","7.78","238","9.91","75.2","1014.4","-","-"
"2022/08/27","12:00","7.39","257","9.14","77","1015","-","-"
"2022/08/27","13:00","1.94","301","3.11","78.8","1015.4","-","-"
"2022/08/27","14:00","4.28","330","4.86","79.3","1015.7","-","-"
"2022/08/27","15:00","4.28","319","5.05","81.1","1015.7","-","-"
"2022/08/27","16:00","4.08","323","4.47","83.1","1015.5","-","-"
"2022/08/27","17:00","4.08","325","4.67","84.9","1015.2","-","-"
"2022/08/27","18:00","9.72","93","10.5","84","1014.9","-","-"
"2022/08/27","19:00","9.14","93","11.08","83.8","1014.3","-","-"
"2022/08/27","20:00","9.33","94","10.3","83.5","1014","-","-"
"2022/08/27","21:00","8.94","87","12.05","83.7","1014.3","-","-"
"2022/08/27","22:00","9.52","112","11.86","85.5","1014.4","-","-"
"2022/08/27","23:00","7.78","182","14","81.7","1014.5","-","-"
"2022/08/28","00:00","4.28","268","6.03","78.3","1015.5","-","-"
"2022/08/28","01:00","5.64","292","6.8","77.5","1015.9","-","-"
"2022/08/28","02:00","2.14","288","3.5","77.7","1016.3","-","-"
"2022/08/28","03:00","2.72","236","3.5","75.4","1016.6","-","-"
"2022/08/28","04:00","2.72","190","3.5","75.9","1016.8","-","-"
"2022/08/28","05:00","1.94","197","2.53","75","1016.7","-","-"
"2022/08/28","06:00","1.36","192","2.53","74.5","1016.6","-","-"
"2022/08/28","07:00","1.94","204","2.72","74.3","1016.4","-","-"
"2022/08/28","08:00","0","177","0.78","74.8","1016.5","-","-"
"2022/08/28","09:00","0.78","256","1.36","74.5","1016.8","-","-"
"2022/08/28","10:00","1.56","354","2.92","75.7","1017","-","-"
"2022/08/28","11:00","3.11","324","3.89","75.9","1017.9","-","-"
"2022/08/28","12:00","2.53","335","3.11","77.2","1018.6","-","-"
"2022/08/28","13:00","2.14","331","2.72","78.4","1018.8","-","-"
"2022/08/28","14:00","1.36","353","1.94","80.8","1019.4","-","-"
"2022/08/28","15:00","5.25","92","6.03","81.1","1019.6","-","-"
"2022/08/28","16:00","7.39","80","8.55","81.1","1019.4","-","-"
"2022/08/28","17:00","8.75","79","9.91","81.9","1019.2","-","-"
"2022/08/28","18:00","10.89","102","12.44","82.9","1018.9","-","-"
"2022/08/28","19:00","10.89","92","12.25","82.6","1018.4","-","-"
"2022/08/28","20:00","8.75","109","12.83","84.4","1018.2","-","-"
"2022/08/28","21:00","9.14","102","10.69","83.8","1017.7","-","-"
"2022/08/28","22:00","7.97","129","11.47","83.5","1017.3","-","-"
"2022/08/28","23:00","6.8","124","8.36","82.6","1017.3","-","-"
"2022/08/29","00:00","6.03","148","7.58","80.6","1017.6","-","-"
"2022/08/29","01:00","5.83","124","8.36","79.9","1018.1","-","-"
"2022/08/29","02:00","7.58","119","8.94","79.7","1018.5","-","-"
"2022/08/29","03:00","4.47","154","5.25","78.6","1018.8","-","-"
"2022/08/29","04:00","3.69","144","4.86","78.6","1018.7","-","-"
"2022/08/29","05:00","1.56","194","3.3","77.4","1018.5","-","-"
"2022/08/29","06:00","0.39","193","1.56","77.2","1018.6","-","-"
"2022/08/29","07:00","1.17","262","1.56","77.2","1018.4","-","-"
"2022/08/29","08:00","2.72","300","3.3","77.2","1018.4","-","-"
"2022/08/29","09:00","2.72","274","4.08","76.8","1018.4","-","-"
"2022/08/29","10:00","5.25","346","5.83","77.2","1018.6","-","-"
"2022/08/29","11:00","4.47","4","4.86","77.4","1019","-","-"
"2022/08/29","12:00","5.44","21","6.03","78.3","1019.2","-","-"
"2022/08/29","13:00","9.14","83","10.3","79.7","1019.2","-","-"
"2022/08/29","14:00","9.33","90","10.11","79.9","1019.7","-","-"
"2022/08/29","15:00","8.75","84","9.52","80.2","1020","-","-"
"2022/08/29","16:00","7.19","77","8.16","81","1019.8","-","-"
"2022/08/29","17:00","6.41","81","7.97","81.5","1019.2","-","-"
"2022/08/29","18:00","6.61","72","7.58","81.9","1018.9","-","-"
"2022/08/29","19:00","7.39","76","9.33","82","1018.1","-","-"
"2022/08/29","20:00","7.78","80","9.91","82.4","1017.5","-","-"
"2022/08/29","21:00","9.72","103","11.47","82.8","1017.1","-","-"
"2022/08/29","22:00","9.91","125","13.61","83.3","1017","-","-"
"2022/08/29","23:00","8.55","134","11.47","82.6","1016.7","-","-"
"2022/08/30","00:00","7.39","146","9.52","81.1","1016.6","-","-"
"2022/08/30","01:00","5.64","141","7.97","80.1","1016.9","-","-"
"2022/08/30","02:00","4.86","153","6.41","79.5","1017","-","-"
"2022/08/30","03:00","2.14","189","3.11","78.4","1016.9","-","-"
"2022/08/30","04:00","4.67","164","5.64","78.6","1016.5","-","-"
"2022/08/30","05:00","3.11","164","4.28","78.4","1016.2","-","-"
"2022/08/30","06:00","2.92","200","4.28","77.7","1015.6","-","-"
"2022/08/30","07:00","2.14","231","2.72","77","1015.3","-","-"
"2022/08/30","08:00","1.56","222","2.33","76.8","1015.3","-","-"
"2022/08/30","09:00","2.14","221","2.72","76.6","1015.1","-","-"
"2022/08/30","10:00","3.89","227","4.67","75.9","1014.9","-","-"
"2022/08/30","11:00","3.11","214","4.47","75.6","1014.9","-","-"
"2022/08/30","12:00","7.97","221","10.5","76.5","1014.6","-","-"
"2022/08/30","13:00","6.22","219","7.97","79.2","1014.5","-","-"
"2022/08/30","14:00","9.52","261","10.5","81.7","1014.3","-","-"
"2022/08/30","15:00","6.41","258","9.33","84","1013.9","-","-"
"2022/08/30","16:00","8.36","275","10.3","85.3","1013.3","-","-"
"2022/08/30","17:00","8.75","266","11.08","86.2","1012.3","-","-"
"2022/08/30","18:00","8.75","220","11.66","88.3","1011.5","-","-"
"2022/08/30","19:00","9.91","215","14.19","89.2","1010.3","-","-"
"2022/08/30","20:00","10.89","204","15.55","89.6","1009.4","-","-"
"2022/08/30","21:00","7.78","216","10.11","89.6","1009","-","-"
"2022/08/30","22:00","9.33","218","11.08","89.2","1009","-","-"
"2022/08/30","23:00","4.86","204","6.61","87.1","1008.6","-","-"
"2022/08/31","00:00","4.86","219","9.33","85.1","1008.9","-","-"
"2022/08/31","01:00","5.83","271","7","83.3","1009.8","-","-"
"2022/08/31","02:00","6.8","262","8.75","81","1010.4","-","-"
"2022/08/31","03:00","7.78","283","9.33","79.9","1010.8","-","-"
"2022/08/31","04:00","6.22","288","8.36","78.4","1010.6","-","-"
"2022/08/31","05:00","9.91","307","12.05","77.7","1010.9","-","-"
"2022/08/31","06:00","7","254","8.16","76.1","1010.6","-","-"
"2022/08/31","07:00","4.08","249","5.25","75.4","1010.5","-","-"
"2022/08/31","08:00","4.28","253","6.61","74.7","1010.9","-","-"
"2022/08/31","09:00","7","269","8.75","74.3","1011.5","-","-"
"2022/08/31","10:00","6.03","280","7","73.9","1011.9","-","-"
"2022/08/31","11:00","7.19","325","8.75","76.1","1012.4","-","-"
"2022/08/31","12:00","5.83","355","7.39","76.6","1012.7","-","-"
"2022/08/31","13:00","5.64","334","8.55","77.7","1013","-","-"
"2022/08/31","14:00","7.97","340","9.91","78.8","1013.1","-","-"
"2022/08/31","15:00","8.55","340","10.5","80.4","1013.3","-","-"
"2022/08/31","16:00","9.72","298","10.69","80.8","1013","-","-"
"2022/08/31","17:00","6.22","322","8.55","82","1012.7","-","-"
"2022/08/31","18:00","5.83","330","7.78","82.6","1012.3","-","-"
"2022/08/31","19:00","3.89","320","5.25","84","1012.1","-","-"
"2022/08/31","20:00","3.3","311","5.25","84.6","1011.8","-","-"
"2022/08/31","21:00","10.69","253","12.44","85.8","1011.5","-","-"
"2022/08/31","22:00","6.22","261","9.14","86","1011.6","-","-"
"2022/08/31","23:00","3.3","261","3.89","85.1","1011.6","-","-"
"2022/09/01","00:00","2.53","262","3.11","80.6","1012.1","-","-"
"2022/09/01","01:00","5.44","61","6.41","81","1012.9","-","-"
"2022/09/01","02:00","1.94","175","3.5","78.4","1013.2","-","-"
"2022/09/01","03:00","2.33","170","2.72","77.5","1013.4","-","-"
"2022/09/01","04:00","1.75","229","2.92","77.5","1013.8","-","-"
"2022/09/01","05:00","1.56","204","2.53","75.6","1014","-","-"
"2022/09/01","06:00","1.94","187","2.72","75","1014","-","-"
"2022/09/01","07:00","3.3","303","3.69","75.6","1014.1","-","-"
"2022/09/01","08:00","5.83","316","7.97","76.8","1014.5","-","-"
"2022/09/01","09:00","10.89","1","14.19","75.4","1015","-","-"
"2022/09/01","10:00","5.83","326","7.58","74.1","1015.4","-","-"
"2022/09/01","11:00","4.67","317","5.83","73.2","1015.8","-","-"
"2022/09/01","12:00","5.83","333","7.19","73.6","1016.4","-","-"
"2022/09/01","13:00","5.25","354","6.61","75.6","1016.9","-","-"
"2022/09/01","14:00","6.03","10","9.33","78.4","1017","-","-"
"2022/09/01","15:00","4.28","67","6.8","80.6","1017.2","-","-"
"2022/09/01","16:00","3.69","119","4.47","82","1017","-","-"
"2022/09/01","17:00","1.75","40","4.08","82.9","1016.8","-","-"
"2022/09/01","18:00","6.03","326","7.39","83.3","1016.5","-","-"
"2022/09/01","19:00","3.5","89","4.86","84.7","1016","-","-"
"2022/09/01","20:00","5.05","97","5.83","83.8","1015.6","-","-"
"2022/09/01","21:00","0.19","327","1.36","88.5","1014.9","-","-"
"2022/09/01","22:00","-","-","-","-","-","-","-"
"2022/09/01","23:00","-","-","-","-","-","-","-"
"2022/09/02","00:00","-","-","-","-","-","-","-"
"2022/09/02","01:00","-","-","-","-","-","-","-"
"2022/09/02","02:00","-","-","-","-","-","-","-"
"2022/09/02","03:00","-","-","-","-","-","-","-"
"2022/09/02","04:00","-","-","-","-","-","-","-"
"2022/09/02","05:00","-","-","-","-","-","-","-"
"2022/09/02","06:00","-","-","-","-","-","-","-"
"2022/09/02","07:00","-","-","-","-","-","-","-"
"2022/09/02","08:00","-","-","-","-","-","-","-"
"2022/09/02","09:00","-","-","-","-","-","-","-"
"2022/09/02","10:00","-","-","-","-","-","-","-"
"2022/09/02","11:00","-","-","-","-","-","-","-"
"2022/09/02","12:00","-","-","-","-","-","-","-"
"2022/09/02","13:00","-","-","-","-","-","-","-"
"2022/09/02","14:00","-","-","-","-","-","-","-"
"2022/09/02","15:00","-","-","-","-","-","-","-"
"2022/09/02","16:00","-","-","-","-","-","-","-"
"2022/09/02","17:00","-","-","-","-","-","-","-"
"2022/09/02","18:00","-","-","-","-","-","-","-"
"2022/09/02","19:00","-","-","-","-","-","-","-"
"2022/09/02","20:00","-","-","-","-","-","-","-"
"2022/09/02","21:00","-","-","-","-","-","-","-"
"2022/09/02","22:00","-","-","-","-","-","-","-"
"2022/09/02","23:00","-","-","-","-","-","-","-"
"2022/09/03","00:00","-","-","-","-","-","-","-"
"2022/09/03","01:00","-","-","-","-","-","-","-"
"2022/09/03","02:00","-","-","-","-","-","-","-"
"2022/09/03","03:00","-","-","-","-","-","-","-"
"2022/09/03","04:00","-","-","-","-","-","-","-"
"2022/09/03","05:00","-","-","-","-","-","-","-"
"2022/09/03","06:00","-","-","-","-","-","-","-"
"2022/09/03","07:00","-","-","-","-","-","-","-"
"2022/09/03","08:00","-","-","-","-","-","-","-"
"2022/09/03","09:00","-","-","-","-","-","-","-"
"2022/09/03","10:00","-","-","-","-","-","-","-"
"2022/09/03","11:00","-","-","-","-","-","-","-"
"2022/09/03","12:00","-","-","-","-","-","-","-"
"2022/09/03","13:00","-","-","-","-","-","-","-"
"2022/09/03","14:00","-","-","-","-","-","-","-"
"2022/09/03","15:00","-","-","-","-","-","-","-"
"2022/09/03","16:00","-","-","-","-","-","-","-"
"2022/09/03","17:00","-","-","-","-","-","-","-"
"2022/09/03","18:00","-","-","-","-","-","-","-"
"2022/09/03","19:00","-","-","-","-","-","-","-"
"2022/09/03","20:00","-","-","-","-","-","-","-"
"2022/09/03","21:00","-","-","-","-","-","-","-"
"2022/09/03","22:00","-","-","-","-","-","-","-"
"2022/09/03","23:00","-","-","-","-","-","-","-"
"2022/09/04","00:00","-","-","-","-","-","-","-"
"2022/09/04","01:00","-","-","-","-","-","-","-"
"2022/09/04","02:00","-","-","-","-","-","-","-"
"2022/09/04","03:00","-","-","-","-","-","-","-"
"2022/09/04","04:00","-","-","-","-","-","-","-"
"2022/09/04","05:00","-","-","-","-","-","-","-"
"2022/09/04","06:00","-","-","-","-","-","-","-"
"2022/09/04","07:00","-","-","-","-","-","-","-"
"2022/09/04","08:00","-","-","-","-","-","-","-"
"2022/09/04","09:00","-","-","-","-","-","-","-"
"2022/09/04","10:00","-","-","-","-","-","-","-"
"2022/09/04","11:00","-","-","-","-","-","-","-"
"2022/09/04","12:00","-","-","-","-","-","-","-"
"2022/09/04","13:00","-","-","-","-","-","-","-"
"2022/09/04","14:00","-","-","-","-","-","-","-"
"2022/09/04","15:00","-","-","-","-","-","-","-"
"2022/09/04","16:00","-","-","-","-","-","-","-"
"2022/09/04","17:00","-","-","-","-","-","-","-"
"2022/09/04","18:00","-","-","-","-","-","-","-"
"2022/09/04","19:00","-","-","-","-","-","-","-"
"2022/09/04","20:00","-","-","-","-","-","-","-"
"2022/09/04","21:00","-","-","-","-","-","-","-"
"2022/09/04","22:00","-","-","-","-","-","-","-"
"2022/09/04","23:00","-","-","-","-","-","-","-"
"2022/09/05","00:00","-","-","-","-","-","-","-"
"2022/09/05","01:00","-","-","-","-","-","-","-"
"2022/09/05","02:00","-","-","-","-","-","-","-"
"2022/09/05","03:00","-","-","-","-","-","-","-"
"2022/09/05","04:00","-","-","-","-","-","-","-"
"2022/09/05","05:00","-","-","-","-","-","-","-"
"2022/09/05","06:00","-","-","-","-","-","-","-"
"2022/09/05","07:00","-","-","-","-","-","-","-"
"2022/09/05","08:00","-","-","-","-","-","-","-"
"2022/09/05","09:00","-","-","-","-","-","-","-"
"2022/09/05","10:00","-","-","-","-","-","-","-"
"2022/09/05","11:00","-","-","-","-","-","-","-"
"2022/09/05","12:00","-","-","-","-","-","-","-"
"2022/09/05","13:00","-","-","-","-","-","-","-"
"2022/09/05","14:00","-","-","-","-","-","-","-"
"2022/09/05","15:00","-","-","-","-","-","-","-"
"2022/09/05","16:00","-","-","-","-","-","-","-"
"2022/09/05","17:00","-","-","-","-","-","-","-"
"2022/09/05","18:00","-","-","-","-","-","-","-"
"2022/09/05","19:00","-","-","-","-","-","-","-"
"2022/09/05","20:00","-","-","-","-","-","-","-"
"2022/09/05","21:00","-","-","-","-","-","-","-"
"2022/09/05","22:00","-","-","-","-","-","-","-"
"2022/09/05","23:00","-","-","-","-","-","-","-"
"2022/09/06","00:00","-","-","-","-","-","-","-"
"2022/09/06","01:00","-","-","-","-","-","-","-"
"2022/09/06","02:00","-","-","-","-","-","-","-"
"2022/09/06","03:00","-","-","-","-","-","-","-"
"2022/09/06","04:00","-","-","-","-","-","-","-"
"2022/09/06","05:00","-","-","-","-","-","-","-"
"2022/09/06","06:00","-","-","-","-","-","-","-"
"2022/09/06","07:00","-","-","-","-","-","-","-"
"2022/09/06","08:00","-","-","-","-","-","-","-"
"2022/09/06","09:00","-","-","-","-","-","-","-"
"2022/09/06","10:00","-","-","-","-","-","-","-"
"2022/09/06","11:00","-","-","-","-","-","-","-"
"2022/09/06","12:00","-","-","-","-","-","-","-"
"2022/09/06","13:00","-","-","-","-","-","-","-"
"2022/09/06","14:00","-","-","-","-","-","-","-"
"2022/09/06","15:00","-","-","-","-","-","-","-"
"2022/09/06","16:00","-","-","-","-","-","-","-"
"2022/09/06","17:00","-","-","-","-","-","-","-"
"2022/09/06","18:00","-","-","-","-","-","-","-"
"2022/09/06","19:00","-","-","-","-","-","-","-"
"2022/09/06","20:00","-","-","-","-","-","-","-"
"2022/09/06","21:00","-","-","-","-","-","-","-"
"2022/09/06","22:00","-","-","-","-","-","-","-"
"2022/09/06","23:00","-","-","-","-","-","-","-"
"2022/09/07","00:00","-","-","-","-","-","-","-"
"2022/09/07","01:00","-","-","-","-","-","-","-"
"2022/09/07","02:00","-","-","-","-","-","-","-"
"2022/09/07","03:00","-","-","-","-","-","-","-"
"2022/09/07","04:00","-","-","-","-","-","-","-"
"2022/09/07","05:00","-","-","-","-","-","-","-"
"2022/09/07","06:00","-","-","-","-","-","-","-"
"2022/09/07","07:00","-","-","-","-","-","-","-"
"2022/09/07","08:00","-","-","-","-","-","-","-"
"2022/09/07","09:00","-","-","-","-","-","-","-"
"2022/09/07","10:00","-","-","-","-","-","-","-"
"2022/09/07","11:00","-","-","-","-","-","-","-"
"2022/09/07","12:00","-","-","-","-","-","-","-"
"2022/09/07","13:00","-","-","-","-","-","-","-"
"2022/09/07","14:00","-","-","-","-","-","-","-"
"2022/09/07","15:00","-","-","-","-","-","-","-"
"2022/09/07","16:00","-","-","-","-","-","-","-"
"2022/09/07","17:00","-","-","-","-","-","-","-"
"2022/09/07","18:00","-","-","-","-","-","-","-"
"2022/09/07","19:00","-","-","-","-","-","-","-"
"2022/09/07","20:00","-","-","-","-","-","-","-"
"2022/09/07","21:00","-","-","-","-","-","-","-"
"2022/09/07","22:00","-","-","-","-","-","-","-"
"2022/09/07","23:00","-","-","-","-","-","-","-"
"2022/09/08","00:00","-","-","-","-","-","-","-"
"2022/09/08","01:00","-","-","-","-","-","-","-"
"2022/09/08","02:00","-","-","-","-","-","-","-"
"2022/09/08","03:00","-","-","-","-","-","-","-"
"2022/09/08","04:00","-","-","-","-","-","-","-"
"2022/09/08","05:00","-","-","-","-","-","-","-"
"2022/09/08","06:00","-","-","-","-","-","-","-"
"2022/09/08","07:00","-","-","-","-","-","-","-"
"2022/09/08","08:00","-","-","-","-","-","-","-"
"2022/09/08","09:00","-","-","-","-","-","-","-"
"2022/09/08","10:00","-","-","-","-","-","-","-"
"2022/09/08","11:00","-","-","-","-","-","-","-"
"2022/09/08","12:00","-","-","-","-","-","-","-"
"2022/09/08","13:00","-","-","-","-","-","-","-"
"2022/09/08","14:00","-","-","-","-","-","-","-"
"2022/09/08","15:00","-","-","-","-","-","-","-"
"2022/09/08","16:00","9.14","5","12.63","74.1","1012.4","-","-"
"2022/09/08","17:00","12.63","20","15.75","74.8","1012.1","-","-"
"2022/09/08","18:00","12.83","38","16.91","76.1","1011.8","-","-"
"2022/09/08","19:00","12.05","30","15.36","76.1","1011.5","-","-"
"2022/09/08","20:00","10.5","20","12.63","76.1","1011.1","-","-"
"2022/09/08","21:00","11.08","29","15.36","75.7","1011.1","-","-"
"2022/09/08","22:00","11.47","35","15.36","75.6","1010.9","-","-"
"2022/09/08","23:00","10.11","31","14.77","75","1011","-","-"
"2022/09/09","00:00","5.83","26","8.16","74.1","1011.6","-","-"
"2022/09/09","01:00","6.22","24","9.14","73.8","1012","-","-"
"2022/09/09","02:00","5.64","0","7","72","1012.2","-","-"
"2022/09/09","03:00","7.78","17","9.14","71.6","1012.1","-","-"
"2022/09/09","04:00","4.86","5","6.8","71.8","1012.4","-","-"
"2022/09/09","05:00","5.05","11","6.22","71.8","1012.8","-","-"
"2022/09/09","06:00","7.58","5","8.16","70.7","1012.9","-","-"
"2022/09/09","07:00","7.19","4","7.97","70.2","1013.2","-","-"
"2022/09/09","08:00","7.78","2","8.94","69.4","1013.1","-","-"
"2022/09/09","09:00","8.94","2","9.91","68.5","1013.3","-","-"
"2022/09/09","10:00","10.3","3","11.66","67.8","1013.7","-","-"
"2022/09/09","11:00","7.58","3","8.16","68.4","1014.3","-","-"
"2022/09/09","12:00","7.19","2","8.36","69.4","1015.1","-","-"
"2022/09/09","13:00","11.66","32","13.22","72.5","1015.4","-","-"
"2022/09/09","14:00","14.38","68","17.49","73.8","1016.3","-","-"
"2022/09/09","15:00","16.52","56","19.83","74.1","1016.7","-","-"
"2022/09/09","16:00","13.8","63","17.88","74.7","1016.8","-","-"
"2022/09/09","17:00","10.69","73","12.25","75.4","1016.3","-","-"
"2022/09/09","18:00","8.94","79","11.86","76.3","1016.6","-","-"
"2022/09/09","19:00","10.11","79","12.25","77","1016.6","-","-"
"2022/09/09","20:00","11.08","81","14","77","1016.6","-","-"
"2022/09/09","21:00","10.3","95","13.22","76.6","1016.7","-","-"
"2022/09/09","22:00","14.58","91","16.13","76.1","1016.9","-","-"
"2022/09/09","23:00","13.02","88","16.72","75.4","1017.2","-","-"
"2022/09/10","00:00","15.36","74","19.05","75","1017.7","-","-"
"2022/09/10","01:00","16.33","78","17.88","74.7","1018.7","-","-"
"2022/09/10","02:00","15.16","85","17.3","74.7","1019.6","-","-"
"2022/09/10","03:00","14.77","80","17.11","74.3","1019.8","-","-"
"2022/09/10","04:00","14.19","80","17.69","74.5","1020","-","-"
"2022/09/10","05:00","13.61","90","17.3","74.3","1020.3","-","-"
"2022/09/10","06:00","12.63","81","14.97","74.3","1020","-","-"
"2022/09/10","07:00","12.05","76","14.97","74.5","1019.9","-","-"
"2022/09/10","08:00","12.44","65","15.16","74.1","1020.2","-","-"
"2022/09/10","09:00","11.27","80","14.19","74.1","1020.3","-","-"
"2022/09/10","10:00","12.83","78","15.55","73.9","1020.4","-","-"
"2022/09/10","11:00","12.63","78","15.75","74.5","1021","-","-"
"2022/09/10","12:00","11.86","78","15.16","74.7","1021.5","-","-"
"2022/09/10","13:00","13.22","80","15.16","75","1021.7","-","-"
"2022/09/10","14:00","13.8","88","15.55","75.9","1022.2","-","-"
"2022/09/10","15:00","13.8","88","15.75","76.8","1022.6","-","-"
"2022/09/10","16:00","13.61","87","16.33","77.4","1022.4","-","-"
"2022/09/10","17:00","14.58","83","16.33","77.7","1022.1","-","-"
"2022/09/10","18:00","12.83","83","15.36","78.1","1022.2","-","-"
"2022/09/10","19:00","11.86","88","15.16","78.3","1021.7","-","-"
"2022/09/10","20:00","12.63","97","15.16","78.8","1021.5","-","-"
"2022/09/10","21:00","14","90","16.13","78.8","1020.9","-","-"
"2022/09/10","22:00","11.47","94","16.13","78.8","1021.2","-","-"
"2022/09/10","23:00","11.08","104","14","78.6","1021.2","-","-"
"2022/09/11","00:00","11.27","118","14","78.1","1021.2","-","-"
"2022/09/11","01:00","8.94","120","14.97","77.9","1021.8","-","-"
"2022/09/11","02:00","11.66","115","13.8","78.1","1021.8","-","-"
"2022/09/11","03:00","10.3","134","14","78.1","1021.5","-","-"
"2022/09/11","04:00","7.39","146","11.66","77.9","1021.3","-","-"
"2022/09/11","05:00","8.16","136","11.47","77.7","1020.9","-","-"
"2022/09/11","06:00","7","131","8.94","77.5","1020.4","-","-"
"2022/09/11","07:00","5.25","148","8.16","77.2","1019.9","-","-"
"2022/09/11","08:00","6.03","125","7.97","77.2","1019.5","-","-"
"2022/09/11","09:00","7.78","143","11.08","77.4","1019.1","-","-"
"2022/09/11","10:00","6.41","147","8.75","77.4","1019.1","-","-"
"2022/09/11","11:00","4.67","151","6.41","77.2","1019.2","-","-"
"2022/09/11","12:00","6.22","159","8.16","77.5","1019.1","-","-"
"2022/09/11","13:00","7.78","167","9.52","78.6","1019","-","-"
"2022/09/11","14:00","9.91","191","17.49","79.9","1018.8","-","-"
"2022/09/11","15:00","12.44","177","17.49","81.3","1018.4","-","-"
"2022/09/11","16:00","9.33","209","12.25","82.9","1018","-","-"
"2022/09/11","17:00","11.66","223","17.11","78.6","1017.5","-","-"
"2022/09/11","18:00","13.61","183","18.27","77.5","1017.1","-","-"
"2022/09/11","19:00","4.86","282","7.19","76.1","1016.4","-","-"
"2022/09/11","20:00","7.58","163","11.66","81.3","1015.4","-","-"
"2022/09/11","21:00","10.69","164","13.22","81.9","1014.6","-","-"
"2022/09/11","22:00","8.16","179","9.33","81.3","1014.3","-","-"
"2022/09/11","23:00","4.08","171","5.83","80.4","1014.2","-","-"
"2022/09/12","00:00","11.27","332","16.33","75","1014.6","-","-"
"2022/09/12","01:00","3.5","74","4.08","75","1014.7","-","-"
"2022/09/12","02:00","3.5","130","5.25","74.7","1014.8","-","-"
"2022/09/12","03:00","7.39","171","9.14","74.8","1014.4","-","-"
"2022/09/12","04:00","6.22","190","8.94","75.2","1014","-","-"
"2022/09/12","05:00","7.39","207","11.08","75.4","1013.4","-","-"
"2022/09/12","06:00","7.58","201","10.89","75.4","1012.4","-","-"
"2022/09/12","07:00","7.97","217","9.72","74.8","1011.8","-","-"
"2022/09/12","08:00","9.33","229","11.27","74.5","1011.5","-","-"
"2022/09/12","09:00","8.36","227","10.3","73.8","1011.1","-","-"
"2022/09/12","10:00","8.36","221","11.86","73.9","1011.1","-","-"
"2022/09/12","11:00","8.75","219","12.25","74.1","1011.3","-","-"
"2022/09/12","12:00","6.41","221","8.55","74.5","1011.5","-","-"
"2022/09/12","13:00","5.25","201","8.36","75.7","1011.3","-","-"
"2022/09/12","14:00","7","219","8.94","77.7","1011.4","-","-"
"2022/09/12","15:00","3.3","225","6.8","80.1","1011.5","-","-"
"2022/09/12","16:00","4.67","242","7.19","82","1011","-","-"
"2022/09/12","17:00","7.78","203","9.72","83.8","1010.4","-","-"
"2022/09/12","18:00","9.52","177","13.8","84.7","1009.7","-","-"
"2022/09/12","19:00","8.16","193","15.75","86.4","1008.6","-","-"
"2022/09/12","20:00","6.8","193","10.89","86.9","1007.8","-","-"
"2022/09/12","21:00","9.52","214","12.25","87.6","1007.4","-","-"
"2022/09/12","22:00","5.05","219","6.61","86","1007.1","-","-"
"2022/09/12","23:00","3.89","225","6.22","84","1007.4","-","-"
"2022/09/13","00:00","4.47","216","6.41","82.4","1007.3","-","-"
"2022/09/13","01:00","4.67","214","8.16","81.9","1007.8","-","-"
"2022/09/13","02:00","7.78","191","10.5","81.1","1008.2","-","-"
"2022/09/13","03:00","3.89","227","5.83","79.9","1008.7","-","-"
"2022/09/13","04:00","0.19","68","0.58","79","1008.3","-","-"
"2022/09/13","05:00","2.53","212","4.28","77.5","1008.4","-","-"
"2022/09/13","06:00","3.5","216","4.67","76.1","1007.9","-","-"
"2022/09/13","07:00","6.41","207","8.16","76.1","1007.6","-","-"
"2022/09/13","08:00","7.19","233","10.11","75.2","1007.5","-","-"
"2022/09/13","09:00","5.83","221","7.97","73.9","1007.5","-","-"
"2022/09/13","10:00","7.97","234","9.91","73.4","1007.6","-","-"
"2022/09/13","11:00","8.36","254","11.27","73","1008","-","-"
"2022/09/13","12:00","6.8","281","10.11","73.4","1008.8","-","-"
"2022/09/13","13:00","4.08","306","5.25","75","1009.2","-","-"
"2022/09/13","14:00","6.41","311","9.14","75.4","1009.6","-","-"
"2022/09/13","15:00","4.67","303","6.41","76.1","1010","-","-"
"2022/09/13","16:00","3.11","337","3.69","77.5","1010.1","-","-"
"2022/09/13","17:00","6.22","318","6.8","77.9","1009.7","-","-"
"2022/09/13","18:00","4.67","322","6.03","79","1009.2","-","-"
"2022/09/13","19:00","2.92","3","4.08","81","1008.7","-","-"
"2022/09/13","20:00","5.05","260","6.61","83.7","1008.4","-","-"
"2022/09/13","21:00","8.36","271","11.27","84","1008.4","-","-"
"2022/09/13","22:00","10.89","280","12.63","83.5","1008.9","-","-"
"2022/09/13","23:00","8.36","265","10.69","81","1009.7","-","-"
"2022/09/14","00:00","7","257","9.14","78.1","1010.5","-","-"
"2022/09/14","01:00","7.39","266","9.33","76.1","1011.6","-","-"
"2022/09/14","02:00","7.39","293","8.75","76.1","1011.8","-","-"
"2022/09/14","03:00","4.67","258","6.22","73.4","1012.2","-","-"
"2022/09/14","04:00","3.69","250","5.44","72.9","1012.6","-","-"
"2022/09/14","05:00","3.89","280","4.47","71.8","1012.7","-","-"
"2022/09/14","06:00","9.72","309","12.25","72","1013.1","-","-"
"2022/09/14","07:00","7.19","336","9.14","68.9","1013.7","-","-"
"2022/09/14","08:00","7.58","332","8.94","68.7","1013.9","-","-"
"2022/09/14","09:00","4.47","338","5.83","68","1014.3","-","-"
"2022/09/14","10:00","8.16","323","10.11","68.4","1014.9","-","-"
"2022/09/14","11:00","11.27","331","14.38","67.8","1015.4","-","-"
"2022/09/14","12:00","10.3","344","12.25","67.3","1016.4","-","-"
"2022/09/14","13:00","10.69","347","15.75","68.7","1016.9","-","-"
"2022/09/14","14:00","10.89","351","13.41","69.4","1017.2","-","-"
"2022/09/14","15:00","5.05","357","8.75","71.1","1017.7","-","-"
"2022/09/14","16:00","4.67","296","6.8","72.5","1017.8","-","-"
"2022/09/14","17:00","3.89","296","5.25","73","1017.5","-","-"
"2022/09/14","18:00","5.25","303","6.22","74.8","1017.2","-","-"
"2022/09/14","19:00","9.72","309","12.83","76.1","1016.7","-","-"
"2022/09/14","20:00","6.41","299","8.36","76.3","1016.2","-","-"
"2022/09/14","21:00","7.39","355","9.72","77.7","1016.4","-","-"
"2022/09/14","22:00","8.55","10","9.91","77.9","1017.1","-","-"
"2022/09/14","23:00","5.64","38","6.8","77","1017.3","-","-"
"2022/09/15","00:00","2.72","191","3.5","72.9","1018","-","-"
"2022/09/15","01:00","4.08","197","5.05","70.7","1018.8","-","-"
"2022/09/15","02:00","2.72","189","3.89","70","1019","-","-"
"2022/09/15","03:00","6.03","219","6.22","68.9","1019","-","-"
"2022/09/15","04:00","5.25","229","5.83","69.8","1018.8","-","-"
"2022/09/15","05:00","3.89","283","5.64","70.3","1019.2","-","-"
"2022/09/15","06:00","5.25","277","6.22","69.1","1018.8","-","-"
"2022/09/15","07:00","5.25","269","6.41","68.5","1018.9","-","-"
"2022/09/15","08:00","4.67","274","5.64","68.7","1019.2","-","-"
"2022/09/15","09:00","9.91","321","11.47","70.5","1019.4","-","-"
"2022/09/15","10:00","11.08","326","13.02","69.6","1019.6","-","-"
"2022/09/15","11:00","9.33","318","10.69","67.8","1020.1","-","-"
"2022/09/15","12:00","8.55","334","10.89","67.6","1020.6","-","-"
"2022/09/15","13:00","10.3","2","12.25","70.2","1020.8","-","-"
"2022/09/15","14:00","8.94","5","11.47","73.2","1021.2","-","-"
"2022/09/15","15:00","13.61","44","17.49","75","1021.7","-","-"
"2022/09/15","16:00","12.83","42","15.55","75.9","1021.5","-","-"
"2022/09/15","17:00","14","44","19.63","76.6","1021.4","-","-"
"2022/09/15","18:00","11.86","56","14.97","77.2","1020.6","-","-"
"2022/09/15","19:00","10.11","54","12.63","77.4","1020.2","-","-"
"2022/09/15","20:00","10.5","40","11.86","77.5","1020","-","-"
"2022/09/15","21:00","11.47","38","12.63","77.2","1019.8","-","-"
"2022/09/15","22:00","9.14","53","10.89","77","1020.2","-","-"
"2022/09/15","23:00","10.11","53","11.86","76.3","1020.3","-","-"
"2022/09/16","00:00","8.36","46","9.72","75.4","1020.5","-","-"
"2022/09/16","01:00","7.19","43","9.14","74.7","1021.5","-","-"
"2022/09/16","02:00","6.8","42","8.16","73.9","1021.6","-","-"
"2022/09/16","03:00","3.89","161","4.86","73.2","1021.5","-","-"
"2022/09/16","04:00","3.69","173","5.25","71.8","1021.4","-","-"
"2022/09/16","05:00","2.53","162","3.5","71.6","1021.5","-","-"
"2022/09/16","06:00","3.11","138","4.86","71.2","1021.5","-","-"
"2022/09/16","07:00","4.86","22","6.61","71.1","1021.3","-","-"
"2022/09/16","08:00","5.83","9","6.41","69.6","1021.3","-","-"
"2022/09/16","09:00","5.44","11","6.8","70","1021.4","-","-"
"2022/09/16","10:00","6.22","2","6.61","69.4","1021.8","-","-"
"2022/09/16","11:00","7.19","5","8.16","68.7","1022.2","-","-"
"2022/09/16","12:00","9.33","5","10.3","68.7","1022.6","-","-"
"2022/09/16","13:00","7.58","4","9.14","70","1022.8","-","-"
"2022/09/16","14:00","4.67","20","7","72","1023.1","-","-"
"2022/09/16","15:00","4.08","357","6.03","73","1023.3","-","-"
"2022/09/16","16:00","6.03","23","10.5","74.1","1022.8","-","-"
"2022/09/16","17:00","7.97","82","9.14","74.5","1022.6","-","-"
"2022/09/16","18:00","7.58","49","10.69","75.4","1022.1","-","-"
"2022/09/16","19:00","7.97","99","9.72","75.2","1021.5","-","-"
"2022/09/16","20:00","9.52","94","10.69","75","1021.3","-","-"
"2022/09/16","21:00","6.8","82","8.55","75.7","1021.2","-","-"
"2022/09/16","22:00","7.58","60","8.16","75.9","1021.2","-","-"
"2022/09/16","23:00","5.64","58","7.19","75","1021.3","-","-"
"2022/09/17","00:00","6.22","62","7.19","74.7","1021.5","-","-"
"2022/09/17","01:00","2.14","62","3.89","72","1021.9","-","-"
"2022/09/17","02:00","4.67","55","6.22","73.6","1022","-","-"
"2022/09/17","03:00","1.17","243","1.75","67.8","1022","-","-"
"2022/09/17","04:00","1.75","202","2.33","66.4","1022.3","-","-"
"2022/09/17","05:00","2.14","194","3.69","66.7","1022.4","-","-"
"2022/09/17","06:00","4.47","216","5.44","66.6","1022.5","-","-"
"2022/09/17","07:00","1.75","235","3.11","66.6","1022.7","-","-"
"2022/09/17","08:00","1.36","218","2.72","65.3","1022.5","-","-"
"2022/09/17","09:00","4.28","289","4.86","65.8","1022.7","-","-"
"2022/09/17","10:00","4.28","278","4.86","65.3","1022.8","-","-"
"2022/09/17","11:00","5.25","272","5.83","65.7","1023.2","-","-"
"2022/09/17","12:00","5.05","290","6.41","66.6","1023.8","-","-"
"2022/09/17","13:00","5.83","333","7.19","68.7","1023.8","-","-"
"2022/09/17","14:00","3.3","299","5.44","70.5","1024.3","-","-"
"2022/09/17","15:00","0.97","337","2.14","73.2","1024.5","-","-"
"2022/09/17","16:00","6.22","80","7.97","73.2","1024.4","-","-"
"2022/09/17","17:00","8.55","74","9.91","73.2","1024.1","-","-"
"2022/09/17","18:00","8.16","88","10.3","73.9","1023.7","-","-"
"2022/09/17","19:00","9.33","79","10.69","74.5","1023","-","-"
"2022/09/17","20:00","9.91","91","11.86","75","1022.8","-","-"
"2022/09/17","21:00","7.58","112","10.5","75.6","1022.4","-","-"
"2022/09/17","22:00","7.58","115","9.33","75.2","1022.2","-","-"
"2022/09/17","23:00","7.39","121","9.52","74.1","1022","-","-"
"2022/09/18","00:00","8.36","132","10.3","73.4","1022.1","-","-"
"2022/09/18","01:00","6.8","145","8.55","72.9","1022.3","-","-"
"2022/09/18","02:00","3.89","154","5.83","71.6","1022.3","-","-"
"2022/09/18","03:00","2.72","167","3.3","70.2","1022.1","-","-"
"2022/09/18","04:00","4.08","178","4.47","70.2","1021.9","-","-"
"2022/09/18","05:00","1.94","193","3.69","68.9","1021.6","-","-"
"2022/09/18","06:00","3.3","187","5.25","69.6","1021.2","-","-"
"2022/09/18","07:00","1.94","194","4.08","69.4","1020.8","-","-"
"2022/09/18","08:00","3.89","186","5.64","69.3","1020.6","-","-"
"2022/09/18","09:00","4.47","194","5.83","68.7","1020.4","-","-"
"2022/09/18","10:00","4.47","215","5.64","67.8","1020.2","-","-"
"2022/09/18","11:00","1.36","293","2.53","68.2","1020.7","-","-"
"2022/09/18","12:00","1.17","259","2.72","69.4","1021.1","-","-"
"2022/09/18","13:00","3.3","247","5.44","70.7","1021.2","-","-"
"2022/09/18","14:00","4.28","263","6.03","73.8","1021.3","-","-"
"2022/09/18","15:00","8.94","280","11.86","75.2","1021.3","-","-"
"2022/09/18","16:00","8.75","272","11.66","76.5","1021.1","-","-"
"2022/09/18","17:00","2.72","272","7.78","79.2","1020.5","-","-"
"2022/09/18","18:00","4.28","258","6.61","81.1","1019.6","-","-"
"2022/09/18","19:00","6.41","58","9.91","80.4","1018.8","-","-"
"2022/09/18","20:00","8.94","69","9.91","78.4","1018.1","-","-"
"2022/09/18","21:00","7","63","8.94","79.5","1017.7","-","-"
"2022/09/18","22:00","6.41","71","9.14","79.9","1017.5","-","-"
"2022/09/18","23:00","7","151","8.36","79.3","1017.4","-","-"
"2022/09/19","00:00","6.41","163","7.97","76.8","1017.6","-","-"
"2022/09/19","01:00","6.41","182","7.19","75.7","1017.7","-","-"
"2022/09/19","02:00","5.25","190","6.03","74.8","1017.7","-","-"
"2022/09/19","03:00","6.61","192","8.36","74.1","1017.6","-","-"
"2022/09/19","04:00","6.8","200","8.75","73.2","1017.6","-","-"
"2022/09/19","05:00","7.97","207","10.11","72.3","1017.2","-","-"
"2022/09/19","06:00","6.8","216","9.14","71.2","1016.9","-","-"
"2022/09/19","07:00","6.8","216","8.94","70.5","1016.8","-","-"
"2022/09/19","08:00","9.33","212","10.89","70.9","1016.2","-","-"
"2022/09/19","09:00","7.58","220","10.3","70.5","1016.3","-","-"
"2022/09/19","10:00","8.75","227","10.69","70.5","1016.4","-","-"
"2022/09/19","11:00","7.39","226","10.3","70.3","1016.6","-","-"
"2022/09/19","12:00","5.44","243","8.94","71.4","1017","-","-"
"2022/09/19","13:00","7.19","227","9.72","73.6","1016.9","-","-"
"2022/09/19","14:00","5.83","250","8.94","76.6","1017.2","-","-"
"2022/09/19","15:00","8.36","229","11.66","79.5","1016.6","-","-"
"2022/09/19","16:00","9.72","199","12.05","81.5","1015.9","-","-"
"2022/09/19","17:00","8.75","269","10.69","81.7","1015.5","-","-"
"2022/09/19","18:00","8.16","262","10.11","83.1","1014.8","-","-"
"2022/09/19","19:00","3.89","267","6.41","83.5","1013.9","-","-"
"2022/09/19","20:00","8.75","263","11.86","85.5","1013.3","-","-"
"2022/09/19","21:00","6.03","279","9.14","86.2","1013.1","-","-"
"2022/09/19","22:00","4.67","251","5.44","84.6","1013","-","-"
"2022/09/19","23:00","5.25","244","7.97","82.8","1012.8","-","-"
"2022/09/20","00:00","4.86","239","5.25","80.1","1013","-","-"
"2022/09/20","01:00","5.44","225","6.41","79.5","1013.3","-","-"
"2022/09/20","02:00","5.05","221","6.03","78.4","1013.4","-","-"
"2022/09/20","03:00","5.44","223","7.78","77.7","1013.4","-","-"
"2022/09/20","04:00","5.64","227","7.19","77.2","1013.4","-","-"
"2022/09/20","05:00","5.44","214","6.22","75.6","1013.5","-","-"
"2022/09/20","06:00","6.61","201","8.94","73.9","1013.2","-","-"
"2022/09/20","07:00","6.03","205","9.52","72.9","1013.1","-","-"
"2022/09/20","08:00","6.22","229","8.16","72.7","1012.8","-","-"
"2022/09/20","09:00","6.61","221","8.75","72","1013","-","-"
"2022/09/20","10:00","6.03","231","7.39","71.2","1013.1","-","-"
"2022/09/20","11:00","6.22","256","7.97","71.8","1013.7","-","-"
"2022/09/20","12:00","4.47","278","5.83","73","1014.1","-","-"
"2022/09/20","13:00","5.44","297","6.41","74.5","1014.6","-","-"
"2022/09/20","14:00","7.78","23","12.05","78.8","1015","-","-"
"2022/09/20","15:00","5.83","6","7.78","79.9","1014.9","-","-"
"2022/09/20","16:00","5.25","12","7.97","81.3","1014.3","-","-"
"2022/09/20","17:00","3.11","118","5.05","83.1","1014.1","-","-"
"2022/09/20","18:00","10.5","311","11.86","81.5","1014","-","-"
"2022/09/20","19:00","8.36","309","9.72","81.7","1013.2","-","-"
"2022/09/20","20:00","8.75","308","10.11","82.8","1013","-","-"
"2022/09/20","21:00","1.56","12","4.67","84.4","1012.9","-","-"
"2022/09/20","22:00","11.66","94","12.25","79.5","1013.3","-","-"
"2022/09/20","23:00","7","89","9.33","78.8","1013.7","-","-"
"2022/09/21","00:00","6.41","89","7.19","78.8","1014.1","-","-"
"2022/09/21","01:00","2.53","38","3.89","77.9","1014.5","-","-"
"2022/09/21","02:00","1.17","203","1.75","75.9","1014.6","-","-"
"2022/09/21","03:00","1.36","171","1.75","73.9","1014.8","-","-"
"2022/09/21","04:00","0.19","177","1.36","72.5","1014.8","-","-"
"2022/09/21","05:00","0.97","223","2.14","72.3","1015","-","-"
"2022/09/21","06:00","1.75","281","2.53","71.8","1014.7","-","-"
"2022/09/21","07:00","2.14","267","2.72","71.4","1014.5","-","-"
"2022/09/21","08:00","3.69","269","4.28","71.8","1014.1","-","-"
"2022/09/21","09:00","3.11","288","3.69","71.4","1014.3","-","-"
"2022/09/21","10:00","2.53","247","2.92","71.1","1014.6","-","-"
"2022/09/21","11:00","3.3","278","4.47","71.4","1015.1","-","-"
"2022/09/21","12:00","3.3","282","3.69","72.1","1015.7","-","-"
"2022/09/21","13:00","6.41","304","7.19","72.7","1015.8","-","-"
"2022/09/21","14:00","5.83","299","7","73.9","1016.2","-","-"
"2022/09/21","15:00","4.67","317","5.44","76.6","1015.9","-","-"
"2022/09/21","16:00","4.67","355","5.44","79.9","1015.6","-","-"
"2022/09/21","17:00","3.3","1","4.28","81.3","1014.8","-","-"
"2022/09/21","18:00","4.67","332","5.25","81.9","1013.8","-","-"
"2022/09/21","19:00","3.69","67","4.67","82.4","1013.1","-","-"
"2022/09/21","20:00","5.25","84","5.64","81.3","1012.6","-","-"
"2022/09/21","21:00","6.41","96","6.8","81.1","1012.6","-","-"
"2022/09/21","22:00","8.55","153","9.72","81.9","1012.1","-","-"
"2022/09/21","23:00","5.64","165","7.19","79.5","1012","-","-"
"2022/09/22","00:00","7.78","161","9.33","77.7","1012","-","-"
"2022/09/22","01:00","7.78","181","10.11","77","1012.5","-","-"
"2022/09/22","02:00","9.33","185","12.25","76.8","1012.4","-","-"
"2022/09/22","03:00","11.08","189","14.77","76.1","1011.9","-","-"
"2022/09/22","04:00","9.52","197","15.75","75.4","1011.5","-","-"
"2022/09/22","05:00","11.27","208","14.58","74.8","1010.9","-","-"
"2022/09/22","06:00","11.08","204","14.38","74.7","1010.2","-","-"
"2022/09/22","07:00","11.86","218","14.38","74.5","1009.6","-","-"
"2022/09/22","08:00","11.86","229","15.75","74.1","1008.7","-","-"
"2022/09/22","09:00","11.08","226","17.11","74.1","1008.2","-","-"
"2022/09/22","10:00","12.44","231","15.16","73.6","1007.9","-","-"
"2022/09/22","11:00","10.11","221","14.77","72.1","1007.6","-","-"
"2022/09/22","12:00","12.25","213","15.16","72.7","1007","-","-"
"2022/09/22","13:00","14.38","212","17.88","75.6","1006.3","-","-"
"2022/09/22","14:00","13.41","214","19.63","78.4","1006.1","-","-"
"2022/09/22","15:00","11.08","231","14.77","82.2","1005.3","-","-"
"2022/09/22","16:00","10.69","251","13.41","86.2","1004.7","-","-"
"2022/09/22","17:00","12.44","246","19.44","88","1003.5","-","-"
"2022/09/22","18:00","9.14","261","12.25","88.2","1002.6","-","-"
"2022/09/22","19:00","12.25","256","16.52","89.2","1001.7","-","-"
"2022/09/22","20:00","13.61","315","19.05","81.3","1002.8","-","-"
"2022/09/22","21:00","21.38","353","29.16","73.8","1004.6","-","-"
"2022/09/22","22:00","16.72","358","20.22","73.6","1004.9","-","-"
"2022/09/22","23:00","14.38","338","17.49","73.9","1005.3","-","-"
"2022/09/23","00:00","15.16","340","21.19","73.8","1006.1","-","-"
"2022/09/23","01:00","12.83","347","15.94","72","1008","-","-"
"2022/09/23","02:00","18.27","337","21.58","70.3","1009.8","-","-"
"2022/09/23","03:00","17.49","338","23.52","68.4","1010.9","-","-"
"2022/09/23","04:00","17.69","330","28.96","66.4","1011.6","-","-"
"2022/09/23","05:00","16.13","327","23.33","64.6","1012.3","-","-"
"2022/09/23","06:00","20.6","329","25.46","63.1","1012.5","-","-"
"2022/09/23","07:00","20.22","327","24.1","61.7","1012.7","-","-"
"2022/09/23","08:00","19.44","331","23.91","60.8","1012.9","-","-"
"2022/09/23","09:00","19.83","322","25.27","60.3","1013.5","-","-"
"2022/09/23","10:00","18.47","323","23.71","59","1014","-","-"
"2022/09/23","11:00","19.44","329","25.08","57.9","1014.9","-","-"
"2022/09/23","12:00","19.05","332","24.1","57.6","1015.8","-","-"
"2022/09/23","13:00","16.91","330","20.8","57.7","1016.6","-","-"
"2022/09/23","14:00","13.61","325","20.41","58.6","1017.4","-","-"
"2022/09/23","15:00","15.94","334","20.02","59.9","1017.6","-","-"
"2022/09/23","16:00","12.83","323","20.22","61","1017.2","-","-"
"2022/09/23","17:00","17.88","315","21.77","61.9","1017.1","-","-"
"2022/09/23","18:00","19.24","313","22.74","63.1","1016.5","-","-"
"2022/09/23","19:00","18.66","308","23.91","64.6","1016","-","-"
"2022/09/23","20:00","17.88","316","21.38","66.2","1015.8","-","-"
"2022/09/23","21:00","17.11","317","22.55","67.5","1016","-","-"
"2022/09/23","22:00","16.13","327","20.22","68","1016","-","-"
"2022/09/23","23:00","11.27","344","14.19","67.5","1017.1","-","-"
"2022/09/24","00:00","7.39","334","9.14","66.7","1017.8","-","-"
"2022/09/24","01:00","5.44","299","8.55","65.7","1018.5","-","-"
"2022/09/24","02:00","6.8","282","8.94","63.7","1018.7","-","-"
"2022/09/24","03:00","11.08","337","13.41","65.1","1019.2","-","-"
"2022/09/24","04:00","10.5","2","12.83","62.6","1019.5","-","-"
"2022/09/24","05:00","11.08","350","13.22","62.2","1019.4","-","-"
"2022/09/24","06:00","10.89","347","12.83","61.5","1019.6","-","-"
"2022/09/24","07:00","11.27","347","14","60.6","1019.4","-","-"
"2022/09/24","08:00","10.5","340","12.44","60.3","1019.3","-","-"
"2022/09/24","09:00","9.33","339","11.86","59.5","1019.5","-","-"
"2022/09/24","10:00","10.11","331","12.63","59.2","1019.8","-","-"
"2022/09/24","11:00","7.39","342","10.89","58.1","1019.9","-","-"
"2022/09/24","12:00","6.8","5","8.94","58.6","1020.1","-","-"
"2022/09/24","13:00","7.58","358","9.33","59.2","1020.7","-","-"
"2022/09/24","14:00","2.14","326","4.08","61.7","1020.7","-","-"
"2022/09/24","15:00","3.11","15","4.08","64","1020.2","-","-"
"2022/09/24","16:00","4.08","308","5.05","64.6","1019.8","-","-"
"2022/09/24","17:00","5.64","354","6.61","66.6","1019","-","-"
"2022/09/24","18:00","3.5","341","5.44","68.5","1017.8","-","-"
"2022/09/24","19:00","8.55","296","11.08","70.7","1016.6","-","-"
"2022/09/24","20:00","7.58","280","11.86","72.5","1015.9","-","-"
"2022/09/24","21:00","4.47","234","6.22","73.4","1015.5","-","-"
"2022/09/24","22:00","2.72","241","4.08","73.6","1015.1","-","-"
"2022/09/24","23:00","3.69","176","4.67","71.1","1014.7","-","-"
"2022/09/25","00:00","5.05","189","5.44","67.1","1014.6","-","-"
"2022/09/25","01:00","7.58","237","10.89","67.5","1014.9","-","-"
"2022/09/25","02:00","6.41","247","8.16","67.3","1015.1","-","-"
"2022/09/25","03:00","7","221","9.14","66.2","1014.5","-","-"
"2022/09/25","04:00","4.47","216","5.83","65.7","1014.2","-","-"
"2022/09/25","05:00","5.83","216","7.19","65.1","1013.7","-","-"
"2022/09/25","06:00","4.47","193","5.44","65.7","1013.2","-","-"
"2022/09/25","07:00","4.67","241","6.61","62.8","1012.7","-","-"
"2022/09/25","08:00","8.36","210","11.08","62.1","1011.9","-","-"
"2022/09/25","09:00","9.14","222","11.86","63.5","1011.6","-","-"
"2022/09/25","10:00","11.08","213","14.19","65.8","1011.2","-","-"
"2022/09/25","11:00","10.5","223","16.13","64.9","1011.1","-","-"
"2022/09/25","12:00","10.5","226","13.61","65.5","1011.3","-","-"
"2022/09/25","13:00","11.66","230","16.13","67.3","1010.8","-","-"
"2022/09/25","14:00","8.75","224","13.02","69.8","1010.3","-","-"
"2022/09/25","15:00","9.52","238","15.36","73","1010.1","-","-"
"2022/09/25","16:00","13.8","221","17.88","75.9","1008.9","-","-"
"2022/09/25","17:00","14.77","209","17.49","78.8","1008","-","-"
"2022/09/25","18:00","12.25","209","20.22","81.3","1006.7","-","-"
"2022/09/25","19:00","12.63","222","17.11","83.5","1005.9","-","-"
"2022/09/25","20:00","10.69","225","23.52","85.3","1005.2","-","-"
"2022/09/25","21:00","13.8","213","19.24","85.3","1004.9","-","-"
"2022/09/25","22:00","15.16","302","25.85","64.4","1008.4","-","-"
"2022/09/25","23:00","6.22","204","8.16","64.8","1007.4","-","-"
"2022/09/26","00:00","10.5","217","15.36","65.3","1006.9","-","-"
"2022/09/26","01:00","10.11","233","13.02","70.2","1007.6","-","-"
"2022/09/26","02:00","15.16","212","20.8","69.1","1007.4","-","-"
"2022/09/26","03:00","7.78","208","12.44","67.8","1007.4","-","-"
"2022/09/26","04:00","7.78","219","11.66","67.3","1007.8","-","-"
"2022/09/26","05:00","10.69","211","13.41","67.3","1007.6","-","-"
"2022/09/26","06:00","11.08","220","13.41","67.8","1007.4","-","-"
"2022/09/26","07:00","11.47","226","15.16","67.1","1007.2","-","-"
"2022/09/26","08:00","11.66","237","15.75","66.9","1007","-","-"
"2022/09/26","09:00","11.27","221","13.41","66","1007.2","-","-"
"2022/09/26","10:00","3.5","287","5.05","65.3","1008","-","-"
"2022/09/26","11:00","5.64","242","7.97","64.4","1008.2","-","-"
"2022/09/26","12:00","8.94","234","11.47","64.9","1008.5","-","-"
"2022/09/26","13:00","5.44","236","9.72","67.5","1008.9","-","-"
"2022/09/26","14:00","6.8","259","10.89","70.5","1009.3","-","-"
"2022/09/26","15:00","11.66","275","15.16","72.7","1009.2","-","-"
"2022/09/26","16:00","12.63","253","17.3","73.9","1008.9","-","-"
"2022/09/26","17:00","13.61","271","20.8","75.6","1008.4","-","-"
"2022/09/26","18:00","11.08","262","15.94","76.6","1007.7","-","-"
"2022/09/26","19:00","12.83","288","15.94","77.7","1007.2","-","-"
"2022/09/26","20:00","8.16","263","14.97","79","1007.2","-","-"
"2022/09/26","21:00","7.58","289","11.27","79.2","1007.2","-","-"
"2022/09/26","22:00","6.8","287","10.3","78.4","1007.9","-","-"
"2022/09/26","23:00","4.08","257","4.67","74.5","1008.4","-","-"
"2022/09/27","00:00","3.89","240","4.28","70.5","1009","-","-"
"2022/09/27","01:00","6.22","205","6.61","68.9","1010","-","-"
"2022/09/27","02:00","7.19","208","7.78","69.8","1010.2","-","-"
"2022/09/27","03:00","7.39","234","8.75","69.3","1010.5","-","-"
"2022/09/27","04:00","5.25","288","7","68.7","1011","-","-"
"2022/09/27","05:00","9.33","295","11.08","69.4","1010.8","-","-"
"2022/09/27","06:00","9.14","295","10.89","68","1010.7","-","-"
"2022/09/27","07:00","7.39","301","8.55","67.3","1011.1","-","-"
"2022/09/27","08:00","9.52","319","11.47","67.1","1011","-","-"
"2022/09/27","09:00","5.44","278","6.22","63.7","1011.2","-","-"
"2022/09/27","10:00","5.44","274","7.78","63.1","1011.2","-","-"
"2022/09/27","11:00","6.22","280","7.39","62.1","1011.9","-","-"
"2022/09/27","12:00","5.83","284","8.55","63.1","1012.6","-","-"
"2022/09/27","13:00","6.41","308","8.16","65.7","1013.2","-","-"
"2022/09/27","14:00","7.97","314","10.5","66.9","1013.9","-","-"
"2022/09/27","15:00","6.8","302","7.97","68","1014","-","-"
"2022/09/27","16:00","6.41","318","7.78","69.4","1013.8","-","-"
"2022/09/27","17:00","2.92","66","4.28","71.2","1013.4","-","-"
"2022/09/27","18:00","3.69","277","7.19","73","1012.7","-","-"
"2022/09/27","19:00","4.08","247","9.91","74.1","1012.3","-","-"
"2022/09/27","20:00","4.86","226","11.66","75","1012.4","-","-"
"2022/09/27","21:00","10.11","310","12.25","74.5","1012.8","-","-"
"2022/09/27","22:00","10.69","298","12.63","74.1","1013.1","-","-"
"2022/09/27","23:00","5.83","282","8.16","71.8","1013.7","-","-"
"2022/09/28","00:00","4.28","289","5.83","69.3","1015","-","-"
"2022/09/28","01:00","4.86","358","7.39","68","1016.2","-","-"
"2022/09/28","02:00","2.72","250","3.89","64.8","1016.6","-","-"
"2022/09/28","03:00","3.11","236","3.89","61.5","1016.9","-","-"
"2022/09/28","04:00","13.22","322","17.49","64.2","1018.3","-","-"
"2022/09/28","05:00","13.61","333","17.49","62.2","1018.2","-","-"
"2022/09/28","06:00","9.72","352","13.8","61.9","1018.9","-","-"
"2022/09/28","07:00","11.86","354","15.36","61.7","1019.1","-","-"
"2022/09/28","08:00","9.14","3","11.27","60.8","1019.4","-","-"
"2022/09/28","09:00","7","360","9.14","59.9","1019.7","-","-"
"2022/09/28","10:00","7.58","2","9.33","59","1020.3","-","-"
"2022/09/28","11:00","10.3","0","12.83","58.6","1020.7","-","-"
"2022/09/28","12:00","10.11","348","12.25","58.5","1021.3","-","-"
"2022/09/28","13:00","13.8","338","16.72","59.7","1021.4","-","-"
"2022/09/28","14:00","12.05","330","14.38","61","1021.9","-","-"
"2022/09/28","15:00","12.44","349","16.91","62.8","1022.1","-","-"
"2022/09/28","16:00","7.58","9","10.3","64.4","1022","-","-"
"2022/09/28","17:00","6.41","350","12.44","65.7","1021.7","-","-"
"2022/09/28","18:00","8.94","297","10.5","66","1021.4","-","-"
"2022/09/28","19:00","10.69","307","12.05","67.5","1021.1","-","-"
"2022/09/28","20:00","7.78","303","11.47","68.2","1021","-","-"
"2022/09/28","21:00","6.8","315","10.69","68.7","1021.2","-","-"
"2022/09/28","22:00","9.91","18","12.05","68.5","1021.8","-","-"
"2022/09/28","23:00","10.11","8","12.83","67.1","1022.1","-","-"
"2022/09/29","00:00","7.58","359","8.94","65.7","1022.4","-","-"
"2022/09/29","01:00","9.14","1","10.5","64.9","1023.2","-","-"
"2022/09/29","02:00","8.75","1","10.5","64","1023.4","-","-"
"2022/09/29","03:00","10.5","352","13.22","63.5","1023.7","-","-"
"2022/09/29","04:00","11.47","355","14.58","62.4","1023.7","-","-"
"2022/09/29","05:00","10.89","354","14.19","61.7","1023.5","-","-"
"2022/09/29","06:00","11.86","344","13.41","60.8","1023.6","-","-"
"2022/09/29","07:00","11.47","351","13.8","59.9","1023.4","-","-"
"2022/09/29","08:00","11.66","345","13.22","59.5","1023.3","-","-"
"2022/09/29","09:00","12.25","351","14.77","58.6","1023.3","-","-"
"2022/09/29","10:00","12.63","353","15.16","59.7","1023.6","-","-"
"2022/09/29","11:00","18.08","28","22.55","62.6","1024.2","-","-"
"2022/09/29","12:00","17.49","12","19.83","61.9","1024.5","-","-"
"2022/09/29","13:00","15.55","25","22.94","62.2","1024.7","-","-"
"2022/09/29","14:00","22.35","23","28.57","61.9","1025.3","-","-"
"2022/09/29","15:00","19.44","26","23.52","62.6","1025.5","-","-"
"2022/09/29","16:00","18.27","31","23.52","63.3","1025.9","-","-"
"2022/09/29","17:00","18.27","31","23.71","64","1025.5","-","-"
"2022/09/29","18:00","20.8","21","24.3","64.8","1025","-","-"
"2022/09/29","19:00","16.33","27","22.55","65.7","1024.6","-","-"
"2022/09/29","20:00","20.6","25","23.91","65.5","1024.2","-","-"
"2022/09/29","21:00","18.66","18","22.35","65.7","1024.1","-","-"
"2022/09/29","22:00","15.16","24","19.63","66.2","1023.6","-","-"
"2022/09/29","23:00","14.19","38","20.8","65.7","1023.6","-","-"
"2022/09/30","00:00","19.83","32","25.46","65.3","1023.4","-","-"
"2022/09/30","01:00","19.83","39","23.71","64.8","1023.6","-","-"
"2022/09/30","02:00","17.69","45","23.52","64.8","1023.7","-","-"
"2022/09/30","03:00","21.97","45","29.16","64.9","1023.4","-","-"
"2022/09/30","04:00","22.35","44","26.24","65.1","1022.9","-","-"
"2022/09/30","05:00","20.41","40","25.08","64.6","1022","-","-"
"2022/09/30","06:00","20.6","45","23.91","64.8","1021.3","-","-"
"2022/09/30","07:00","17.49","45","23.52","64.9","1020.9","-","-"
"2022/09/30","08:00","20.22","36","25.27","64.9","1020.1","-","-"
"2022/09/30","09:00","17.49","40","21.58","65.3","1020.3","-","-"
"2022/09/30","10:00","18.86","40","27.21","65.7","1019.8","-","-"
"2022/09/30","11:00","18.08","41","25.27","65.7","1019.7","-","-"
"2022/09/30","12:00","17.88","38","20.22","65.1","1019.9","-","-"
"2022/09/30","13:00","14.58","35","21.19","64","1019.7","-","-"
"2022/09/30","14:00","16.91","41","20.99","64.2","1019.3","-","-"
"2022/09/30","15:00","24.88","46","28.96","65.7","1018.9","-","-"
"2022/09/30","16:00","22.35","46","28.77","65.1","1018","-","-"
"2022/09/30","17:00","22.55","40","26.63","64.4","1017.3","-","-"
"2022/09/30","18:00","24.49","38","30.52","64.4","1015.7","-","-"
"2022/09/30","19:00","27.99","39","33.63","64.2","1014.9","-","-"
"2022/09/30","20:00","26.63","44","35.77","64.2","1013.8","-","-"
"2022/09/30","21:00","30.52","45","35.96","64","1012.6","-","-"
"2022/09/30","22:00","26.05","45","35.96","64","1011.7","-","-"
"2022/09/30","23:00","34.79","43","40.43","64.6","1010.1","-","-"
"2022/10/01","00:00","32.07","49","40.43","65.3","1009.6","-","-"
"2022/10/01","01:00","29.35","52","34.6","66.2","1009.5","-","-"
"2022/10/01","02:00","27.02","61","34.6","66.9","1008.9","-","-"
"2022/10/01","03:00","32.66","57","40.24","67.3","1008.2","-","-"
"2022/10/01","04:00","27.41","45","33.43","67.6","1007.7","-","-"
"2022/10/01","05:00","8.55","43","12.63","69.4","1006.9","-","-"
"2022/10/01","06:00","7.97","84","9.72","70.9","1006.6","-","-"
"2022/10/01","07:00","6.61","57","8.75","70","1006.4","-","-"
"2022/10/01","08:00","5.64","17","6.03","70.5","1006.4","-","-"
"2022/10/01","09:00","3.3","52","6.03","69.8","1006.6","-","-"
"2022/10/01","10:00","4.28","46","5.05","70","1007","-","-"
"2022/10/01","11:00","1.56","51","2.14","69.8","1007.4","-","-"
"2022/10/01","12:00","2.72","346","3.5","69.4","1008.1","-","-"
"2022/10/01","13:00","4.86","83","6.03","70.2","1008.3","-","-"
"2022/10/01","14:00","4.08","141","6.03","72.9","1008.5","-","-"
"2022/10/01","15:00","9.14","129","10.5","73.4","1008.4","-","-"
"2022/10/01","16:00","10.89","232","13.02","71.2","1008.7","-","-"
"2022/10/01","17:00","7.19","178","10.69","72.5","1008.7","-","-"
"2022/10/01","18:00","11.86","177","16.13","73.2","1008.2","-","-"
"2022/10/01","19:00","10.5","191","13.61","73.6","1008.1","-","-"
"2022/10/01","20:00","7","204","9.91","73.4","1008.1","-","-"
"2022/10/01","21:00","7.58","233","10.89","72.9","1008.6","-","-"
"2022/10/01","22:00","10.3","242","14","69.3","1009.3","-","-"
"2022/10/01","23:00","8.55","253","9.72","66.4","1009.6","-","-"
"2022/10/02","00:00","7.58","250","10.3","65.1","1009.8","-","-"
"2022/10/02","01:00","8.36","257","9.91","64.8","1010.1","-","-"
"2022/10/02","02:00","3.69","237","4.47","63.9","1010.5","-","-"
"2022/10/02","03:00","2.72","252","3.11","62.2","1010.7","-","-"
"2022/10/02","04:00","2.53","241","3.11","61.7","1010.6","-","-"
"2022/10/02","05:00","0.97","253","1.56","61.5","1010.3","-","-"
"2022/10/02","06:00","0.78","248","1.36","61.3","1010.1","-","-"
"2022/10/02","07:00","1.36","189","1.75","61.5","1010","-","-"
"2022/10/02","08:00","1.36","233","1.75","62.4","1009.8","-","-"
"2022/10/02","09:00","0.78","169","2.14","63","1009.7","-","-"
"2022/10/02","10:00","3.89","210","4.08","62.2","1010","-","-"
"2022/10/02","11:00","0.19","243","1.17","62.6","1010.4","-","-"
"2022/10/02","12:00","2.33","295","4.28","63.1","1010.6","-","-"
"2022/10/02","13:00","4.47","335","5.05","63.7","1011.2","-","-"
"2022/10/02","14:00","4.67","313","5.44","64.8","1011.5","-","-"
"2022/10/02","15:00","4.28","326","5.05","65.7","1011.9","-","-"
"2022/10/02","16:00","3.3","342","3.69","67.1","1011.9","-","-"
"2022/10/02","17:00","4.08","346","5.64","68.2","1011.6","-","-"
"2022/10/02","18:00","6.41","311","7","68.5","1011.4","-","-"
"2022/10/02","19:00","15.55","24","20.99","64.9","1011.7","-","-"
"2022/10/02","20:00","15.36","10","18.08","63.9","1012","-","-"
"2022/10/02","21:00","14.19","3","17.69","62.6","1012.5","-","-"
"2022/10/02","22:00","14.58","9","20.22","62.4","1013","-","-"
"2022/10/02","23:00","19.83","9","25.46","61.9","1013.9","-","-"
"2022/10/03","00:00","17.11","8","23.13","60.6","1014.5","-","-"
"2022/10/03","01:00","18.66","6","24.88","59.5","1015","-","-"
"2022/10/03","02:00","21.77","13","24.49","59.9","1015.1","-","-"
"2022/10/03","03:00","19.24","12","24.1","59.7","1015.3","-","-"
"2022/10/03","04:00","18.27","359","25.46","57.7","1015.8","-","-"
"2022/10/03","05:00","19.63","350","25.08","55.9","1016.1","-","-"
"2022/10/03","06:00","16.13","349","19.44","54.7","1016.1","-","-"
"2022/10/03","07:00","17.3","353","20.99","53.8","1016.1","-","-"
"2022/10/03","08:00","14.19","334","16.91","53.1","1016","-","-"
"2022/10/03","09:00","12.44","336","18.47","52.2","1016.1","-","-"
"2022/10/03","10:00","14.97","344","21.97","52.2","1016.8","-","-"
"2022/10/03","11:00","17.69","351","21.38","52.5","1017.3","-","-"
"2022/10/03","12:00","15.16","344","18.47","52.3","1017.6","-","-"
"2022/10/03","13:00","15.36","339","20.99","52.2","1018","-","-"
"2022/10/03","14:00","15.16","344","20.8","52.5","1018.4","-","-"
"2022/10/03","15:00","15.94","351","21.38","53.4","1018.5","-","-"
"2022/10/03","16:00","16.91","351","21.19","53.8","1018.5","-","-"
"2022/10/03","17:00","17.3","352","21.58","54.3","1018.3","-","-"
"2022/10/03","18:00","17.88","345","21.58","53.6","1018.4","-","-"
"2022/10/03","19:00","17.49","352","22.16","54","1018.2","-","-"
"2022/10/03","20:00","19.05","358","26.24","53.6","1018.2","-","-"
"2022/10/03","21:00","16.13","342","20.02","53.6","1018.6","-","-"
"2022/10/03","22:00","16.72","330","21.58","52","1018.7","-","-"
"2022/10/03","23:00","14.38","338","20.22","51.3","1018.8","-","-"
"2022/10/04","00:00","14.77","354","19.24","52","1019.2","-","-"
"2022/10/04","01:00","14.97","349","20.22","51.6","1019.1","-","-"
"2022/10/04","02:00","16.13","335","19.24","51.4","1019","-","-"
"2022/10/04","03:00","15.75","348","19.44","51.3","1018.5","-","-"
"2022/10/04","04:00","13.41","344","20.02","51.4","1017.9","-","-"
"2022/10/04","05:00","12.25","341","17.49","51.1","1017.3","-","-"
"2022/10/04","06:00","12.25","349","15.16","51.6","1016.7","-","-"
"2022/10/04","07:00","14.58","325","17.49","50.2","1016","-","-"
"2022/10/04","08:00","14.19","326","19.63","50.9","1015.6","-","-"
"2022/10/04","09:00","15.94","331","24.3","50.7","1015.4","-","-"
"2022/10/04","10:00","16.33","332","23.33","50.2","1015.6","-","-"
"2022/10/04","11:00","17.3","332","22.35","50.4","1015.4","-","-"
"2022/10/04","12:00","17.88","333","20.99","49.5","1015.7","-","-"
"2022/10/04","13:00","17.69","332","22.35","50","1015.4","-","-"
"2022/10/04","14:00","18.27","322","22.74","50.7","1015.2","-","-"
"2022/10/04","15:00","15.94","328","18.47","51.8","1014.8","-","-"
"2022/10/04","16:00","16.72","319","20.99","52.5","1014.5","-","-"
"2022/10/04","17:00","15.75","319","18.47","53.4","1014.1","-","-"
"2022/10/04","18:00","17.11","323","20.22","53.8","1013.6","-","-"
"2022/10/04","19:00","14","289","16.72","53.2","1013.2","-","-"
"2022/10/04","20:00","14","285","16.72","53.2","1013.1","-","-"
"2022/10/04","21:00","14","296","17.49","52.2","1013.1","-","-"
"2022/10/04","22:00","16.33","286","22.16","53.1","1012.9","-","-"
"2022/10/04","23:00","15.16","289","17.11","52.7","1012.9","-","-"
"2022/10/05","00:00","12.83","289","18.86","52.9","1013.1","-","-"
"2022/10/05","01:00","13.22","296","17.88","53.4","1013.1","-","-"
"2022/10/05","02:00","18.08","322","26.82","55","1013.2","-","-"
"2022/10/05","03:00","20.22","327","24.88","53.6","1012.8","-","-"
"2022/10/05","04:00","14.19","293","18.08","53.2","1012.2","-","-"
"2022/10/05","05:00","12.05","303","26.44","53.4","1012.3","-","-"
"2022/10/05","06:00","13.61","284","18.47","52.7","1011.9","-","-"
"2022/10/05","07:00","14.77","294","18.66","52.9","1011.4","-","-"
"2022/10/05","08:00","14.97","291","18.27","52.5","1010.8","-","-"
"2022/10/05","09:00","13.61","296","16.33","52.7","1010.9","-","-"
"2022/10/05","10:00","14.58","286","18.66","52.2","1011","-","-"
"2022/10/05","11:00","17.88","323","20.02","54.1","1011.3","-","-"
"2022/10/05","12:00","16.72","320","19.44","54.3","1011.6","-","-"
"2022/10/05","13:00","11.86","296","23.71","54.5","1012.1","-","-"
"2022/10/05","14:00","14.58","315","18.86","55.2","1012.6","-","-"
"2022/10/05","15:00","16.33","314","19.63","55.8","1012.6","-","-"
"2022/10/05","16:00","16.33","322","19.24","56.3","1012.9","-","-"
"2022/10/05","17:00","17.11","318","20.22","57","1013.2","-","-"
"2022/10/05","18:00","17.3","318","20.41","58.3","1013","-","-"
"2022/10/05","19:00","15.75","316","20.02","59.2","1012.8","-","-"
"2022/10/05","20:00","14.97","319","16.33","60.1","1013.1","-","-"
"2022/10/05","21:00","10.3","294","13.41","60.8","1013.4","-","-"
"2022/10/05","22:00","9.91","321","12.25","61.9","1013.9","-","-"
"2022/10/05","23:00","10.89","317","14.58","62.6","1014.4","-","-"
"2022/10/06","00:00","7.19","315","8.55","62.2","1014.8","-","-"
"2022/10/06","01:00","7.58","314","9.14","62.2","1015.1","-","-"
"2022/10/06","02:00","5.44","326","7.78","61.7","1015.5","-","-"
"2022/10/06","03:00","3.5","275","5.05","61.2","1015.5","-","-"
"2022/10/06","04:00","5.25","269","7","60.6","1015.3","-","-"
"2022/10/06","05:00","4.67","287","5.25","60.4","1015.4","-","-"
"2022/10/06","06:00","6.41","268","7.78","60.8","1015.6","-","-"
"2022/10/06","07:00","7.39","317","8.55","60.6","1015.2","-","-"
"2022/10/06","08:00","4.67","293","5.44","59.4","1015.1","-","-"
"2022/10/06","09:00","7.97","279","8.36","58.5","1015.2","-","-"
"2022/10/06","10:00","9.72","261","11.08","57.2","1015.8","-","-"
"2022/10/06","11:00","6.41","272","7","57.4","1016.3","-","-"
"2022/10/06","12:00","5.44","286","6.8","58.1","1016.5","-","-"
"2022/10/06","13:00","7","301","8.36","60.8","1017","-","-"
"2022/10/06","14:00","8.55","312","10.3","62.4","1017.2","-","-"
"2022/10/06","15:00","8.94","319","9.52","63","1017.1","-","-"
"2022/10/06","16:00","5.83","311","7.19","64.8","1016.9","-","-"
"2022/10/06","17:00","5.83","308","6.41","66.4","1016.4","-","-"
"2022/10/06","18:00","5.64","319","5.83","69.3","1015.8","-","-"
"2022/10/06","19:00","5.44","334","6.03","71.2","1015.4","-","-"
"2022/10/06","20:00","3.11","312","3.11","71.6","1015.3","-","-"
"2022/10/06","21:00","2.14","303","2.72","73.9","1015.2","-","-"
"2022/10/06","22:00","0","229","0","75.6","1015.2","-","-"
"2022/10/06","23:00","1.36","171","1.56","67.1","1015.5","-","-"
"2022/10/07","00:00","1.17","193","1.75","63.9","1016","-","-"
"2022/10/07","01:00","1.56","218","1.94","63.5","1016.4","-","-"
"2022/10/07","02:00","0.58","113","1.75","63.3","1016.7","-","-"
"2022/10/07","03:00","7","199","9.14","64.4","1016.6","-","-"
"2022/10/07","04:00","7.58","199","10.5","64.8","1016.6","-","-"
"2022/10/07","05:00","2.72","189","6.41","63.5","1016.5","-","-"
"2022/10/07","06:00","0.58","317","2.72","62.4","1016.4","-","-"
"2022/10/07","07:00","2.53","210","4.28","61.3","1016.3","-","-"
"2022/10/07","08:00","2.14","213","3.11","60.8","1016.2","-","-"
"2022/10/07","09:00","1.56","209","3.3","60.6","1016.2","-","-"
"2022/10/07","10:00","0.78","192","3.69","61.7","1016.7","-","-"
"2022/10/07","11:00","3.3","253","4.47","61","1017","-","-"
"2022/10/07","12:00","7","236","9.33","61","1017.4","-","-"
"2022/10/07","13:00","3.69","257","4.28","63.3","1017.9","-","-"
"2022/10/07","14:00","2.53","6","3.5","64.8","1017.9","-","-"
"2022/10/07","15:00","2.14","322","2.53","66","1017.9","-","-"
"2022/10/07","16:00","7","308","8.16","66.7","1017.7","-","-"
"2022/10/07","17:00","4.08","324","4.86","71.2","1017.3","-","-"
"2022/10/07","18:00","0.39","73","1.17","76.3","1016.5","-","-"
"2022/10/07","19:00","7.58","89","7.78","68.9","1015.8","-","-"
"2022/10/07","20:00","7.97","94","8.55","70.2","1015.5","-","-"
"2022/10/07","21:00","6.22","68","6.8","69.1","1015.4","-","-"
"2022/10/07","22:00","6.03","72","6.41","68.7","1015.6","-","-"
"2022/10/07","23:00","0.39","107","1.56","67.5","1016.1","-","-"
"2022/10/08","00:00","1.17","195","1.56","65.3","1016.4","-","-"
"2022/10/08","01:00","0","140","0.97","64.4","1016.8","-","-"
"2022/10/08","02:00","2.14","233","3.69","65.5","1017","-","-"
"2022/10/08","03:00","7.19","220","8.36","66.6","1017","-","-"
"2022/10/08","04:00","7.78","220","9.33","66.2","1017","-","-"
"2022/10/08","05:00","16.33","331","20.99","66.7","1018.2","-","-"
"2022/10/08","06:00","11.66","344","14.38","64","1019","-","-"
"2022/10/08","07:00","12.05","351","16.91","62.6","1019.7","-","-"
"2022/10/08","08:00","11.86","344","15.36","61.2","1020.1","-","-"
"2022/10/08","09:00","7.97","329","10.11","60.1","1020.8","-","-"
"2022/10/08","10:00","9.91","334","11.27","58.3","1021.5","-","-"
"2022/10/08","11:00","8.55","336","11.27","57.2","1022","-","-"
"2022/10/08","12:00","10.5","333","13.22","56.5","1022.4","-","-"
"2022/10/08","13:00","13.8","336","16.33","56.5","1023.1","-","-"
"2022/10/08","14:00","12.05","6","17.49","56.8","1023.9","-","-"
"2022/10/08","15:00","14.77","3","17.11","56.8","1024.3","-","-"
"2022/10/08","16:00","9.14","358","14.97","56.8","1024","-","-"
"2022/10/08","17:00","7.58","346","10.11","58.6","1023.3","-","-"
"2022/10/08","18:00","9.14","4","13.41","59.5","1022.6","-","-"
"2022/10/08","19:00","9.91","351","11.08","59.7","1022.2","-","-"
"2022/10/08","20:00","6.03","300","7.78","60.1","1022.1","-","-"
"2022/10/08","21:00","7.39","339","10.5","61.5","1021.9","-","-"
"2022/10/08","22:00","7.97","2","9.91","60.8","1022.3","-","-"
"2022/10/08","23:00","11.27","3","13.22","58.1","1022.8","-","-"
"2022/10/09","00:00","8.36","15","10.11","56.7","1023.1","-","-"
"2022/10/09","01:00","7.19","21","8.16","57","1023.4","-","-"
"2022/10/09","02:00","5.05","20","7.19","56.5","1023.6","-","-"
"2022/10/09","03:00","4.47","360","5.05","56.3","1023.8","-","-"
"2022/10/09","04:00","6.03","7","7.58","55","1024.3","-","-"
"2022/10/09","05:00","6.22","4","7.19","54.5","1024.2","-","-"
"2022/10/09","06:00","6.03","358","7","54.1","1024.5","-","-"
"2022/10/09","07:00","4.47","356","5.44","54.3","1024.5","-","-"
"2022/10/09","08:00","3.3","305","4.28","53.1","1024.2","-","-"
"2022/10/09","09:00","2.72","253","3.69","50.4","1024.3","-","-"
"2022/10/09","10:00","3.89","285","4.86","51.6","1024.4","-","-"
"2022/10/09","11:00","2.92","252","3.5","49.1","1024.5","-","-"
"2022/10/09","12:00","1.94","260","2.72","52.3","1024.7","-","-"
"2022/10/09","13:00","4.28","41","5.64","55.6","1025.4","-","-"
"2022/10/09","14:00","5.64","47","8.75","56.8","1025.5","-","-"
"2022/10/09","15:00","2.72","35","6.22","58.6","1025.6","-","-"
"2022/10/09","16:00","6.22","100","7.39","58.6","1025.3","-","-"
"2022/10/09","17:00","4.28","80","5.25","59","1024.5","-","-"
"2022/10/09","18:00","4.86","66","8.36","59.7","1023.6","-","-"
"2022/10/09","19:00","7.39","92","9.91","60.3","1022.5","-","-"
"2022/10/09","20:00","6.22","86","7.58","61","1021.8","-","-"
"2022/10/09","21:00","6.22","121","8.36","62.2","1021.6","-","-"
"2022/10/09","22:00","5.83","127","9.91","61.2","1021.8","-","-"
"2022/10/09","23:00","4.47","139","5.44","59.2","1021.9","-","-"
"2022/10/10","00:00","4.67","159","5.83","57.7","1022.3","-","-"
"2022/10/10","01:00","4.86","180","6.03","56.7","1022.6","-","-"
"2022/10/10","02:00","1.36","171","3.3","54.9","1022.8","-","-"
"2022/10/10","03:00","1.94","188","3.11","54","1023","-","-"
"2022/10/10","04:00","1.56","220","2.33","53.4","1022.8","-","-"
"2022/10/10","05:00","1.94","267","2.72","54.1","1022.8","-","-"
"2022/10/10","06:00","0.97","215","2.53","52.3","1023","-","-"
"2022/10/10","07:00","0.78","206","1.56","52.9","1022.8","-","-"
"2022/10/10","08:00","2.14","160","3.3","53.4","1022.8","-","-"
"2022/10/10","09:00","4.08","204","5.05","53.2","1022.8","-","-"
"2022/10/10","10:00","2.53","168","3.11","54.3","1023","-","-"
"2022/10/10","11:00","4.67","265","5.64","53.6","1023.6","-","-"
"2022/10/10","12:00","4.08","262","5.25","54.9","1024","-","-"
"2022/10/10","13:00","5.25","298","6.22","56.8","1024.7","-","-"
"2022/10/10","14:00","4.47","316","5.44","58.6","1025.1","-","-"
"2022/10/10","15:00","1.56","38","2.53","62.4","1025","-","-"
"2022/10/10","16:00","3.3","92","4.28","63.5","1024.8","-","-"
"2022/10/10","17:00","6.61","83","8.16","63","1024.7","-","-"
"2022/10/10","18:00","6.61","90","7.58","63.5","1023.9","-","-"
"2022/10/10","19:00","6.8","74","7.58","64.9","1023.2","-","-"
"2022/10/10","20:00","6.03","99","8.36","65.7","1023.2","-","-"
"2022/10/10","21:00","8.55","95","9.72","64.8","1023.2","-","-"
"2022/10/10","22:00","4.86","153","6.8","64.8","1023.3","-","-"
"2022/10/10","23:00","5.44","141","6.8","63.1","1023.7","-","-"
"2022/10/11","00:00","3.5","178","4.08","61","1024.4","-","-"
"2022/10/11","01:00","1.56","157","2.33","59.4","1025","-","-"
"2022/10/11","02:00","1.36","259","1.75","58.1","1025.6","-","-"
"2022/10/11","03:00","2.14","302","2.53","57.9","1026.1","-","-"
"2022/10/11","04:00","1.94","275","2.92","56.8","1026.1","-","-"
"2022/10/11","05:00","2.14","248","2.53","55.4","1026","-","-"
"2022/10/11","06:00","0.97","225","1.56","54.9","1025.9","-","-"
"2022/10/11","07:00","1.56","243","2.33","54.7","1025.9","-","-"
"2022/10/11","08:00","0.19","213","1.36","53.6","1025.7","-","-"
"2022/10/11","09:00","1.17","252","1.56","53.8","1026.1","-","-"
"2022/10/11","10:00","1.36","277","2.53","54.9","1026.6","-","-"
"2022/10/11","11:00","2.14","273","2.92","54.1","1027.1","-","-"
"2022/10/11","12:00","2.14","309","3.3","56.5","1027.5","-","-"
"2022/10/11","13:00","5.05","316","6.22","57.9","1028.1","-","-"
"2022/10/11","14:00","4.28","306","5.05","59.2","1028.5","-","-"
"2022/10/11","15:00","2.33","330","3.5","62.2","1028.7","-","-"
"2022/10/11","16:00","0.97","59","1.17","67.1","1028.6","-","-"
"2022/10/11","17:00","7.97","74","8.36","64.4","1028","-","-"
"2022/10/11","18:00","7.58","67","8.36","65.1","1027.3","-","-"
"2022/10/11","19:00","8.75","86","10.89","65.8","1027","-","-"
"2022/10/11","20:00","8.75","94","10.11","65.8","1026.8","-","-"
"2022/10/11","21:00","7.78","106","9.91","65.5","1026.3","-","-"
"2022/10/11","22:00","7","122","9.14","64","1025.8","-","-"
"2022/10/11","23:00","4.08","123","5.44","62.8","1025.8","-","-"
"2022/10/12","00:00","1.75","183","3.11","60.4","1026.1","-","-"
"2022/10/12","01:00","1.36","175","1.75","59.7","1026.1","-","-"
"2022/10/12","02:00","1.94","152","2.53","58.8","1026.2","-","-"
"2022/10/12","03:00","2.53","177","2.92","58.6","1026.1","-","-"
"2022/10/12","04:00","2.14","188","2.72","57.9","1025.9","-","-"
"2022/10/12","05:00","1.36","221","1.94","56.8","1025.8","-","-"
"2022/10/12","06:00","0.78","199","1.17","56.7","1025.4","-","-"
"2022/10/12","07:00","0.58","128","0.97","55.8","1025","-","-"
"2022/10/12","08:00","0.58","202","1.17","55.2","1024.7","-","-"
"2022/10/12","09:00","0.39","160","1.17","55","1024.6","-","-"
"2022/10/12","10:00","0.97","192","1.36","54.1","1024.7","-","-"
"2022/10/12","11:00","0.97","254","1.36","54.5","1024.6","-","-"
"2022/10/12","12:00","1.36","193","1.75","55.8","1024.6","-","-"
"2022/10/12","13:00","0.78","323","1.17","61","1024.6","-","-"
"2022/10/12","14:00","0.97","31","1.17","64.8","1024.8","-","-"
"2022/10/12","15:00","2.72","123","4.47","67.6","1024.5","-","-"
"2022/10/12","16:00","4.28","76","7.19","65.8","1024","-","-"
"2022/10/12","17:00","8.36","74","8.75","66.4","1023.1","-","-"
"2022/10/12","18:00","7.19","146","8.75","70.9","1021.7","-","-"
"2022/10/12","19:00","12.05","94","14","67.6","1020.5","-","-"
"2022/10/12","20:00","8.94","105","10.5","68.7","1019.7","-","-"
"2022/10/12","21:00","10.3","117","11.47","66.7","1019.1","-","-"
"2022/10/12","22:00","7.97","123","9.33","66.2","1018.5","-","-"
"2022/10/12","23:00","1.75","155","3.11","66","1018.6","-","-"
"2022/10/13","00:00","5.05","153","7","66.2","1018.4","-","-"
"2022/10/13","01:00","4.67","153","7.97","65.5","1018.1","-","-"
"2022/10/13","02:00","6.03","162","7.58","64.6","1018.1","-","-"
"2022/10/13","03:00","5.64","172","8.16","64.6","1017.7","-","-"
"2022/10/13","04:00","4.86","176","6.22","64.8","1017.2","-","-"
"2022/10/13","05:00","5.44","163","7.19","64.4","1016.2","-","-"
"2022/10/13","06:00","5.25","189","7.58","65.1","1015.6","-","-"
"2022/10/13","07:00","3.3","117","4.28","63.9","1014","-","-"
"2022/10/13","08:00","3.69","169","4.67","63.1","1013.7","-","-"
"2022/10/13","09:00","3.89","173","5.44","63.9","1013.1","-","-"
"2022/10/13","10:00","6.41","158","7.39","64.4","1011.9","-","-"
"2022/10/13","11:00","5.44","170","7","64.6","1012","-","-"
"2022/10/13","12:00","3.69","158","5.64","64.4","1011.4","-","-"
"2022/10/13","13:00","5.83","163","7.19","65.3","1011","-","-"
"2022/10/13","14:00","5.64","164","7","66.9","1010.5","-","-"
"2022/10/13","15:00","10.11","178","13.61","66.6","1010.2","-","-"
"2022/10/13","16:00","7","161","8.55","67.1","1008.9","-","-"
"2022/10/13","17:00","5.05","196","7.58","69.1","1008.4","-","-"
"2022/10/13","18:00","5.25","188","9.33","70","1007.4","-","-"
"2022/10/13","19:00","6.41","192","10.3","70.3","1007.3","-","-"
"2022/10/13","20:00","10.69","189","13.02","73.2","1006.6","-","-"
"2022/10/13","21:00","5.05","174","7.58","73.9","1005.9","-","-"
"2022/10/13","22:00","8.16","81","9.52","68","1006","-","-"
"2022/10/13","23:00","3.3","85","4.08","67.8","1005.7","-","-"
"2022/10/14","00:00","1.17","83","1.94","67.1","1006","-","-"
"2022/10/14","01:00","2.33","141","3.5","67.1","1006.3","-","-"
"2022/10/14","02:00","0.97","170","1.94","66.4","1006.9","-","-"
"2022/10/14","03:00","2.33","170","3.3","65.8","1007","-","-"
"2022/10/14","04:00","5.25","204","6.22","66","1007.1","-","-"
"2022/10/14","05:00","5.83","215","8.36","66.2","1007.1","-","-"
"2022/10/14","06:00","14.58","343","19.63","60.3","1009.5","-","-"
"2022/10/14","07:00","12.63","358","15.36","60.3","1009.8","-","-"
"2022/10/14","08:00","9.33","359","10.89","59.9","1009.7","-","-"
"2022/10/14","09:00","7.39","20","11.47","60.3","1010.7","-","-"
"2022/10/14","10:00","4.86","336","6.22","59.7","1011.3","-","-"
"2022/10/14","11:00","6.41","338","7.39","59.5","1011.9","-","-"
"2022/10/14","12:00","5.83","355","7.39","59.2","1012.5","-","-"
"2022/10/14","13:00","5.25","0","6.41","59.5","1013.6","-","-"
"2022/10/14","14:00","5.44","357","6.41","60.4","1014.3","-","-"
"2022/10/14","15:00","7.58","29","10.11","61.9","1014.9","-","-"
"2022/10/14","16:00","4.86","41","7.78","63.1","1014.8","-","-"
"2022/10/14","17:00","5.05","57","6.61","64","1014.4","-","-"
"2022/10/14","18:00","3.89","39","5.83","65.7","1014.1","-","-"
"2022/10/14","19:00","5.05","113","6.41","65.8","1013.7","-","-"
"2022/10/14","20:00","7.39","92","7.78","64.8","1013.8","-","-"
"2022/10/14","21:00","5.64","96","6.61","64.6","1013.8","-","-"
"2022/10/14","22:00","3.89","121","4.67","64.6","1014","-","-"
"2022/10/14","23:00","2.72","217","3.3","58.8","1014.4","-","-"
"2022/10/15","00:00","0.97","214","1.56","56.8","1014.9","-","-"
"2022/10/15","01:00","2.33","266","2.92","56.1","1015.4","-","-"
"2022/10/15","02:00","1.36","177","1.94","55.4","1015.7","-","-"
"2022/10/15","03:00","1.17","197","1.56","54.7","1016.4","-","-"
"2022/10/15","04:00","1.36","188","1.75","54","1016.7","-","-"
"2022/10/15","05:00","1.75","211","2.14","53.6","1017","-","-"
"2022/10/15","06:00","0.78","193","1.17","53.6","1017.3","-","-"
"2022/10/15","07:00","0.78","176","1.75","52.9","1017.3","-","-"
"2022/10/15","08:00","1.36","209","2.14","53.2","1017.2","-","-"
"2022/10/15","09:00","2.33","215","2.92","54.1","1017.5","-","-"
"2022/10/15","10:00","0","165","1.17","53.8","1017.8","-","-"
"2022/10/15","11:00","1.56","159","2.72","53.6","1018","-","-"
"2022/10/15","12:00","2.14","185","3.5","54.7","1018.3","-","-"
"2022/10/15","13:00","7.97","212","10.89","57.6","1018.4","-","-"
"2022/10/15","14:00","8.94","222","10.5","61.7","1018.3","-","-"
"2022/10/15","15:00","7","228","10.89","66","1018","-","-"
"2022/10/15","16:00","9.52","214","11.27","68.5","1017.7","-","-"
"2022/10/15","17:00","7.58","209","10.89","71.1","1017.2","-","-"
"2022/10/15","18:00","11.66","195","15.16","72.9","1016.1","-","-"
"2022/10/15","19:00","9.14","188","14","73.9","1015.3","-","-"
"2022/10/15","20:00","10.5","210","17.49","74.5","1015.1","-","-"
"2022/10/15","21:00","11.47","201","16.91","74.8","1014.7","-","-"
"2022/10/15","22:00","5.05","209","7","73.6","1015.1","-","-"
"2022/10/15","23:00","3.5","193","5.64","70.7","1015.4","-","-"
"2022/10/16","00:00","6.8","211","9.33","68.4","1015.6","-","-"
"2022/10/16","01:00","8.36","212","10.89","67.8","1015.6","-","-"
"2022/10/16","02:00","8.16","217","10.89","66.7","1015.9","-","-"
"2022/10/16","03:00","10.5","219","13.22","66.6","1016","-","-"
"2022/10/16","04:00","9.91","216","12.63","66.4","1015.9","-","-"
"2022/10/16","05:00","11.47","227","13.8","66.2","1015.5","-","-"
"2022/10/16","06:00","10.89","228","16.33","65.8","1015.1","-","-"
"2022/10/16","07:00","11.47","229","14.77","65.5","1014.8","-","-"
"2022/10/16","08:00","10.89","230","14.19","64.9","1014.6","-","-"
"2022/10/16","09:00","9.91","233","13.22","63.7","1014.7","-","-"
"2022/10/16","10:00","7.19","252","10.5","63.3","1015.2","-","-"
"2022/10/16","11:00","13.22","254","15.75","62.6","1015.5","-","-"
"2022/10/16","12:00","14","258","17.3","62.1","1015.5","-","-"
"2022/10/16","13:00","7.78","254","9.33","63.3","1015.6","-","-"
"2022/10/16","14:00","8.36","310","9.33","64","1016","-","-"
"2022/10/16","15:00","7.58","316","9.14","64","1016.1","-","-"
"2022/10/16","16:00","2.92","295","3.69","65.7","1016.1","-","-"
"2022/10/16","17:00","3.5","90","3.89","67.1","1015.4","-","-"
"2022/10/16","18:00","9.72","89","10.3","66.2","1014.5","-","-"
"2022/10/16","19:00","7.78","99","8.94","66.2","1013.7","-","-"
"2022/10/16","20:00","6.8","106","9.14","67.3","1013.5","-","-"
"2022/10/16","21:00","3.5","65","5.05","66","1013.6","-","-"
"2022/10/16","22:00","3.11","112","3.5","65.7","1014","-","-"
"2022/10/16","23:00","5.64","174","6.61","63.9","1013.2","-","-"
"2022/10/17","00:00","5.83","182","8.16","64.6","1012.5","-","-"
"2022/10/17","01:00","8.16","171","9.52","64.8","1011.4","-","-"
"2022/10/17","02:00","7.58","178","10.69","65.5","1010.6","-","-"
"2022/10/17","03:00","13.8","349","16.52","60.4","1012.7","-","-"
"2022/10/17","04:00","5.44","3","8.36","60.4","1011.9","-","-"
"2022/10/17","05:00","5.83","304","7.97","59.9","1012.4","-","-"
"2022/10/17","06:00","4.86","305","6.8","59","1012.4","-","-"
"2022/10/17","07:00","5.64","161","6.22","58.5","1011.2","-","-"
"2022/10/17","08:00","5.05","184","6.41","58.6","1010","-","-"
"2022/10/17","09:00","5.44","190","7","58.8","1009.5","-","-"
"2022/10/17","10:00","5.05","195","6.61","59","1009.7","-","-"
"2022/10/17","11:00","9.33","191","12.44","59.7","1009.1","-","-"
"2022/10/17","12:00","8.75","176","10.89","60.6","1008","-","-"
"2022/10/17","13:00","8.36","239","10.69","61.2","1009","-","-"
"2022/10/17","14:00","8.55","200","11.08","61.3","1008.5","-","-"
"2022/10/17","15:00","6.22","194","8.55","63.1","1007.8","-","-"
"2022/10/17","16:00","8.36","219","12.25","64.4","1007.3","-","-"
"2022/10/17","17:00","10.11","209","11.86","66.7","1006.1","-","-"
"2022/10/17","18:00","7.78","217","11.86","68.7","1004.9","-","-"
"2022/10/17","19:00","5.05","198","8.75","70.2","1004","-","-"
"2022/10/17","20:00","7","181","10.3","70.5","1003.4","-","-"
"2022/10/17","21:00","0.78","182","1.75","71.6","1002.6","-","-"
"2022/10/17","22:00","7.19","120","7.97","67.8","1002","-","-"
"2022/10/17","23:00","2.33","21","3.89","66.4","1002","-","-"
"2022/10/18","00:00","10.89","325","12.44","65.7","1001.7","-","-"
"2022/10/18","01:00","1.36","293","3.5","61.5","1002.3","-","-"
"2022/10/18","02:00","8.75","320","13.22","59.5","1003","-","-"
"2022/10/18","03:00","14.19","342","17.69","58.1","1003.4","-","-"
"2022/10/18","04:00","8.36","347","9.91","59.7","1003.5","-","-"
"2022/10/18","05:00","12.44","353","17.3","58.8","1004.4","-","-"
"2022/10/18","06:00","8.94","350","11.08","56.1","1004.9","-","-"
"2022/10/18","07:00","8.94","350","10.89","54.9","1004.6","-","-"
"2022/10/18","08:00","7.78","350","11.27","54.1","1005","-","-"
"2022/10/18","09:00","9.72","332","11.08","53.8","1005","-","-"
"2022/10/18","10:00","10.89","331","12.83","53.2","1005.5","-","-"
"2022/10/18","11:00","9.52","336","13.41","52.7","1006.1","-","-"
"2022/10/18","12:00","14.58","332","18.27","52.2","1006.5","-","-"
"2022/10/18","13:00","12.83","339","16.72","51.4","1007.3","-","-"
"2022/10/18","14:00","9.72","349","12.63","51.1","1007.8","-","-"
"2022/10/18","15:00","10.3","309","12.83","51.3","1007.6","-","-"
"2022/10/18","16:00","9.14","316","12.44","51.6","1007.7","-","-"
"2022/10/18","17:00","10.5","334","13.22","52","1007.3","-","-"
"2022/10/18","18:00","8.55","321","13.61","53.4","1006.6","-","-"
"2022/10/18","19:00","9.33","334","11.08","54.9","1006.5","-","-"
"2022/10/18","20:00","11.27","263","13.02","55.9","1006.8","-","-"
"2022/10/18","21:00","8.55","286","10.11","56.5","1007.2","-","-"
"2022/10/18","22:00","8.16","286","11.08","55.2","1007.7","-","-"
"2022/10/18","23:00","6.22","269","7.39","52.9","1008.3","-","-"
"2022/10/19","00:00","6.41","261","7.97","51.4","1009.1","-","-"
"2022/10/19","01:00","6.61","279","7.58","51.3","1009.4","-","-"
"2022/10/19","02:00","8.55","322","10.11","53.2","1010","-","-"
"2022/10/19","03:00","13.02","360","15.75","50.2","1011","-","-"
"2022/10/19","04:00","9.33","341","10.69","48.4","1011.4","-","-"
"2022/10/19","05:00","10.11","335","12.44","49.6","1011.8","-","-"
"2022/10/19","06:00","9.14","334","11.66","48.7","1012","-","-"
"2022/10/19","07:00","4.08","268","5.44","46.9","1011.7","-","-"
"2022/10/19","08:00","6.41","255","7.78","45.7","1011.4","-","-"
"2022/10/19","09:00","10.11","260","12.05","44.2","1011.5","-","-"
"2022/10/19","10:00","9.33","263","11.08","43.9","1012","-","-"
"2022/10/19","11:00","4.47","284","6.61","44.1","1012.7","-","-"
"2022/10/19","12:00","5.64","266","7.97","43.9","1013.3","-","-"
"2022/10/19","13:00","8.75","263","11.86","46.2","1013.6","-","-"
"2022/10/19","14:00","9.91","262","12.63","48.4","1014","-","-"
"2022/10/19","15:00","9.33","260","14.58","49.6","1013.8","-","-"
"2022/10/19","16:00","15.16","285","21.38","50.7","1013.9","-","-"
"2022/10/19","17:00","14.19","289","18.47","52","1013.4","-","-"
"2022/10/19","18:00","12.44","276","15.55","53.6","1012.7","-","-"
"2022/10/19","19:00","9.91","260","18.08","55","1012.8","-","-"
"2022/10/19","20:00","10.5","274","20.8","55.4","1013.1","-","-"
"2022/10/19","21:00","8.75","262","11.08","54.5","1013.4","-","-"
"2022/10/19","22:00","6.03","260","7.39","54.7","1013.9","-","-"
"2022/10/19","23:00","6.03","236","7.58","53.2","1014.6","-","-"
"2022/10/20","00:00","7.19","241","9.91","51.6","1015.7","-","-"
"2022/10/20","01:00","7.58","255","9.72","52","1016.4","-","-"
"2022/10/20","02:00","9.14","263","10.89","51.1","1016.9","-","-"
"2022/10/20","03:00","10.69","269","14","50.7","1017.4","-","-"
"2022/10/20","04:00","7.39","249","8.75","49.5","1017.7","-","-"
"2022/10/20","05:00","9.91","261","12.63","49.5","1017.5","-","-"
"2022/10/20","06:00","3.11","254","4.86","48.4","1017.8","-","-"
"2022/10/20","07:00","4.47","198","5.44","46","1017.8","-","-"
"2022/10/20","08:00","2.53","245","4.08","45.3","1017.7","-","-"
"2022/10/20","09:00","5.05","208","6.8","44.6","1017.8","-","-"
"2022/10/20","10:00","8.94","215","10.11","45.5","1018.1","-","-"
"2022/10/20","11:00","8.94","214","9.91","45.1","1018.6","-","-"
"2022/10/20","12:00","7.19","219","9.33","45.9","1018.8","-","-"
"2022/10/20","13:00","7","208","7.97","48.4","1019.2","-","-"
"2022/10/20","14:00","9.14","207","13.61","52.9","1019.1","-","-"
"2022/10/20","15:00","10.5","222","13.61","55.2","1018.7","-","-"
"2022/10/20","16:00","8.16","226","11.27","56.8","1018.5","-","-"
"2022/10/20","17:00","9.72","208","16.33","58.3","1017.9","-","-"
"2022/10/20","18:00","7","231","12.83","59.7","1016.8","-","-"
"2022/10/20","19:00","9.33","238","13.8","61","1016","-","-"
"2022/10/20","20:00","13.02","225","17.69","61.9","1015.3","-","-"
"2022/10/20","21:00","6.41","228","8.16","62.4","1015.1","-","-"
"2022/10/20","22:00","4.86","205","9.14","61","1015","-","-"
"2022/10/20","23:00","3.3","186","3.69","57","1015.3","-","-"
"2022/10/21","00:00","5.05","208","5.64","54.1","1015.8","-","-"
"2022/10/21","01:00","3.5","201","4.67","52.9","1016.4","-","-"
"2022/10/21","02:00","6.03","192","6.61","53.6","1017.3","-","-"
"2022/10/21","03:00","6.22","192","7.19","53.4","1017.9","-","-"
"2022/10/21","04:00","6.41","207","7.97","52.5","1018.1","-","-"
"2022/10/21","05:00","6.61","212","8.94","52.2","1017.8","-","-"
"2022/10/21","06:00","8.16","210","9.72","52","1017.5","-","-"
"2022/10/21","07:00","8.16","208","9.72","50.9","1017.2","-","-"
"2022/10/21","08:00","8.94","210","10.3","50.2","1017.4","-","-"
"2022/10/21","09:00","8.36","215","8.94","50","1017.7","-","-"
"2022/10/21","10:00","3.3","208","4.08","50","1018.4","-","-"
"2022/10/21","11:00","3.89","246","5.64","50.5","1019.1","-","-"
"2022/10/21","12:00","3.69","286","4.67","50.5","1019.7","-","-"
"2022/10/21","13:00","5.25","288","6.03","52.2","1020.7","-","-"
"2022/10/21","14:00","4.67","316","5.44","54","1021","-","-"
"2022/10/21","15:00","6.22","335","7.39","56.3","1020.9","-","-"
"2022/10/21","16:00","0.39","4","1.17","60.4","1020.7","-","-"
"2022/10/21","17:00","5.64","79","6.61","59.7","1020.6","-","-"
"2022/10/21","18:00","8.75","77","9.52","60.8","1020","-","-"
"2022/10/21","19:00","9.72","77","10.89","61.3","1019.7","-","-"
"2022/10/21","20:00","8.16","106","10.69","63.3","1019.6","-","-"
"2022/10/21","21:00","8.75","98","11.27","63","1019.8","-","-"
"2022/10/21","22:00","7","134","9.14","61.9","1020","-","-"
"2022/10/21","23:00","3.3","154","4.86","59.4","1020.2","-","-"
"2022/10/22","00:00","3.5","167","4.86","57.4","1020.7","-","-"
"2022/10/22","01:00","3.69","162","4.86","57","1021.1","-","-"
"2022/10/22","02:00","3.5","180","4.08","56.7","1021.5","-","-"
"2022/10/22","03:00","1.56","158","2.53","56.3","1022","-","-"
"2022/10/22","04:00","0","189","1.75","54.7","1022.2","-","-"
"2022/10/22","05:00","1.36","237","1.94","53.8","1021.7","-","-"
"2022/10/22","06:00","0","133","0.58","53.2","1021.4","-","-"
"2022/10/22","07:00","0.78","180","1.56","52.9","1021.4","-","-"
"2022/10/22","08:00","2.14","310","2.72","54.3","1021.3","-","-"
"2022/10/22","09:00","1.75","244","2.33","54.5","1021.7","-","-"
"2022/10/22","10:00","1.94","320","2.33","56.5","1022.2","-","-"
"2022/10/22","11:00","3.69","280","4.08","56.1","1022.5","-","-"
"2022/10/22","12:00","3.89","294","5.64","55.8","1023.2","-","-"
"2022/10/22","13:00","1.94","355","2.72","58.3","1024","-","-"
"2022/10/22","14:00","0.39","17","1.17","61.9","1024.3","-","-"
"2022/10/22","15:00","8.16","79","8.94","61.3","1024.2","-","-"
"2022/10/22","16:00","7.97","96","8.75","61.9","1024.4","-","-"
"2022/10/22","17:00","6.41","71","6.8","62.8","1023.7","-","-"
"2022/10/22","18:00","3.89","94","4.86","63.3","1023.3","-","-"
"2022/10/22","19:00","4.08","93","4.67","63.5","1022.5","-","-"
"2022/10/22","20:00","4.67","87","6.22","63.3","1023.3","-","-"
"2022/10/22","21:00","4.08","73","7.39","63.1","1022.9","-","-"
"2022/10/22","22:00","5.25","40","7","63.1","1022.4","-","-"
"2022/10/22","23:00","6.41","51","7.58","61.7","1022.5","-","-"
"2022/10/23","00:00","7.19","49","7.58","61","1023.1","-","-"
"2022/10/23","01:00","9.91","55","11.66","61","1022.7","-","-"
"2022/10/23","02:00","7","30","7.39","58.8","1022.6","-","-"
"2022/10/23","03:00","5.83","4","6.8","57.7","1022.5","-","-"
"2022/10/23","04:00","6.8","3","7.78","55.9","1021.8","-","-"
"2022/10/23","05:00","7.39","354","9.52","55.6","1021.6","-","-"
"2022/10/23","06:00","6.22","8","7.58","55.6","1021.9","-","-"
"2022/10/23","07:00","7.19","350","8.16","55","1021.7","-","-"
"2022/10/23","08:00","10.89","333","12.44","55.2","1020.8","-","-"
"2022/10/23","09:00","10.89","332","12.25","55.6","1020.8","-","-"
"2022/10/23","10:00","8.94","348","10.5","55.8","1020.9","-","-"
"2022/10/23","11:00","8.94","340","10.89","55.8","1020.2","-","-"
"2022/10/23","12:00","11.08","347","12.44","56.7","1020","-","-"
"2022/10/23","13:00","9.14","338","11.47","57.4","1021","-","-"
"2022/10/23","14:00","10.3","346","13.02","57.4","1021.4","-","-"
"2022/10/23","15:00","12.05","340","14","57.7","1020.8","-","-"
"2022/10/23","16:00","8.75","328","10.69","58.6","1021","-","-"
"2022/10/23","17:00","12.25","320","14","58.8","1020.5","-","-"
"2022/10/23","18:00","12.25","329","14","59","1020","-","-"
"2022/10/23","19:00","9.72","324","11.66","59.4","1019.8","-","-"
"2022/10/23","20:00","10.3","334","13.8","59.5","1019.5","-","-"
"2022/10/23","21:00","12.05","354","14.58","59.2","1019.3","-","-"
"2022/10/23","22:00","13.02","345","15.75","59.2","1019.4","-","-"
"2022/10/23","23:00","13.41","325","15.94","59","1019.7","-","-"
"2022/10/24","00:00","11.27","325","13.22","58.5","1020.1","-","-"
"2022/10/24","01:00","11.08","331","12.83","58.5","1019.5","-","-"
"2022/10/24","02:00","10.3","321","12.05","58.5","1019.6","-","-"
"2022/10/24","03:00","10.11","330","11.66","58.6","1019.7","-","-"
"2022/10/24","04:00","9.91","326","13.22","59","1019.6","-","-"
"2022/10/24","05:00","11.08","329","13.61","58.8","1019.5","-","-"
"2022/10/24","06:00","13.41","319","15.16","58.5","1019","-","-"
"2022/10/24","07:00","9.33","325","11.08","58.3","1019.4","-","-"
"2022/10/24","08:00","9.72","329","11.08","57.6","1019","-","-"
"2022/10/24","09:00","11.86","320","14","57.4","1019.2","-","-"
"2022/10/24","10:00","14","321","16.13","57.7","1020.1","-","-"
"2022/10/24","11:00","12.25","332","15.16","57.2","1020.6","-","-"
"2022/10/24","12:00","11.47","328","13.61","57.2","1020.5","-","-"
"2022/10/24","13:00","11.47","337","13.8","57.4","1021.4","-","-"
"2022/10/24","14:00","9.52","326","12.44","57.6","1021","-","-"
"2022/10/24","15:00","11.86","321","14.58","58.5","1020.9","-","-"
"2022/10/24","16:00","9.72","321","12.25","59.4","1021.2","-","-"
"2022/10/24","17:00","9.52","313","10.69","60.4","1020.2","-","-"
"2022/10/24","18:00","7.39","6","8.36","61.2","1019.5","-","-"
"2022/10/24","19:00","4.47","303","6.22","62.1","1019.2","-","-"
"2022/10/24","20:00","4.67","53","5.05","62.8","1019.1","-","-"
"2022/10/24","21:00","5.83","79","6.41","62.1","1019.1","-","-"
"2022/10/24","22:00","4.28","69","4.67","61.9","1019","-","-"
"2022/10/24","23:00","2.14","36","2.92","61.7","1019.4","-","-"
"2022/10/25","00:00","2.92","59","3.3","61.3","1019.6","-","-"
"2022/10/25","01:00","2.92","1","3.69","61.3","1019.6","-","-"
"2022/10/25","02:00","3.3","32","4.08","60.1","1019.9","-","-"
"2022/10/25","03:00","3.5","54","3.89","59.4","1019.6","-","-"
"2022/10/25","04:00","2.92","60","3.5","59.7","1019.1","-","-"
"2022/10/25","05:00","2.14","305","2.92","58.8","1018.7","-","-"
"2022/10/25","06:00","1.75","247","2.14","58.6","1018.5","-","-"
"2022/10/25","07:00","3.11","281","4.67","59","1018.6","-","-"
"2022/10/25","08:00","3.89","300","5.25","59.4","1018.5","-","-"
"2022/10/25","09:00","5.05","350","6.41","58.8","1018.5","-","-"
"2022/10/25","10:00","3.89","8","5.44","58.6","1018.8","-","-"
"2022/10/25","11:00","4.86","12","6.61","58.1","1018.9","-","-"
"2022/10/25","12:00","5.05","325","5.44","58.3","1018.9","-","-"
"2022/10/25","13:00","5.25","28","6.03","57.9","1019.3","-","-"
"2022/10/25","14:00","2.72","360","4.86","57.9","1019.3","-","-"
"2022/10/25","15:00","4.08","351","4.47","58.3","1019.2","-","-"
"2022/10/25","16:00","2.92","3","3.89","59","1018.8","-","-"
"2022/10/25","17:00","1.17","243","1.94","59.5","1018","-","-"
"2022/10/25","18:00","3.3","303","4.28","59.5","1017.3","-","-"
"2022/10/25","19:00","1.75","142","1.94","60.3","1016.8","-","-"
"2022/10/25","20:00","1.94","99","2.92","60.4","1016.2","-","-"
"2022/10/25","21:00","0.78","312","0.97","60.8","1015.7","-","-"
"2022/10/25","22:00","6.22","95","7","60.4","1015.3","-","-"
"2022/10/25","23:00","4.47","56","6.41","60.4","1015.4","-","-"
"2022/10/26","00:00","2.92","22","3.69","60.3","1015.3","-","-"
"2022/10/26","01:00","2.92","15","4.28","59.7","1015.1","-","-"
"2022/10/26","02:00","3.11","47","4.28","59.5","1014.9","-","-"
"2022/10/26","03:00","3.11","38","3.3","59.4","1014.6","-","-"
"2022/10/26","04:00","4.08","70","5.44","59.7","1013.9","-","-"
"2022/10/26","05:00","1.17","59","2.92","59.7","1013.6","-","-"
"2022/10/26","06:00","0","318","0.78","59.9","1013.3","-","-"
"2022/10/26","07:00","3.69","284","4.08","59.5","1012.9","-","-"
"2022/10/26","08:00","0.19","6","1.36","59.5","1011.9","-","-"
"2022/10/26","09:00","0.78","72","0.97","59.9","1011.5","-","-"
"2022/10/26","10:00","1.75","178","2.53","60.1","1011.2","-","-"
"2022/10/26","11:00","4.47","258","4.67","59.9","1011.2","-","-"
"2022/10/26","12:00","2.72","268","4.86","59.7","1011.2","-","-"
"2022/10/26","13:00","1.75","177","2.33","60.3","1011.5","-","-"
"2022/10/26","14:00","2.92","256","5.05","61","1011.5","-","-"
"2022/10/26","15:00","6.22","271","8.94","61.5","1011.2","-","-"
"2022/10/26","16:00","7.39","283","8.75","61.3","1011.1","-","-"
"2022/10/26","17:00","5.05","228","6.8","62.8","1010.4","-","-"
"2022/10/26","18:00","1.36","13","2.33","65.7","1009.5","-","-"
"2022/10/26","19:00","1.56","335","3.11","64.8","1009","-","-"
"2022/10/26","20:00","0.78","122","3.11","66.2","1008.8","-","-"
"2022/10/26","21:00","2.53","216","5.25","67.8","1008.5","-","-"
"2022/10/26","22:00","4.28","280","4.67","66","1009.3","-","-"
"2022/10/26","23:00","3.89","263","4.86","65.5","1010.2","-","-"
"2022/10/27","00:00","5.44","208","5.83","64","1010.5","-","-"
"2022/10/27","01:00","4.08","241","5.25","62.8","1010.8","-","-"
"2022/10/27","02:00","1.56","266","3.11","61","1011.4","-","-"
"2022/10/27","03:00","8.55","305","10.11","61.9","1011.5","-","-"
"2022/10/27","04:00","7.58","293","9.14","62.1","1012.2","-","-"
"2022/10/27","05:00","4.08","281","4.86","61.2","1012.8","-","-"
"2022/10/27","06:00","8.36","331","9.91","61.7","1013.3","-","-"
"2022/10/27","07:00","12.25","359","14.97","61.2","1014.6","-","-"
"2022/10/27","08:00","8.75","335","10.3","59.9","1015.5","-","-"
"2022/10/27","09:00","9.52","340","11.08","58.8","1016.1","-","-"
"2022/10/27","10:00","10.5","336","11.66","58.5","1017","-","-"
"2022/10/27","11:00","8.16","354","10.11","58.1","1017.7","-","-"
"2022/10/27","12:00","13.02","354","15.36","57.7","1018.5","-","-"
"2022/10/27","13:00","9.14","333","11.27","57.4","1019.6","-","-"
"2022/10/27","14:00","14.97","353","20.22","59.4","1020.4","-","-"
"2022/10/27","15:00","13.02","4","17.3","59.7","1020.9","-","-"
"2022/10/27","16:00","11.27","29","14.19","61","1021.2","-","-"
"2022/10/27","17:00","8.94","6","14","61.7","1020.9","-","-"
"2022/10/27","18:00","10.89","11","13.02","62.4","1020.6","-","-"
"2022/10/27","19:00","9.33","18","13.02","63.1","1020.7","-","-"
"2022/10/27","20:00","7.19","35","10.69","63.1","1021.1","-","-"
"2022/10/27","21:00","11.66","46","13.41","62.2","1021.9","-","-"
"2022/10/27","22:00","8.36","31","11.08","61.5","1022.5","-","-"
"2022/10/27","23:00","8.94","19","10.5","60.1","1023","-","-"
"2022/10/28","00:00","7.58","7","9.14","59.2","1023.6","-","-"
"2022/10/28","01:00","7.97","6","9.52","57.7","1023.9","-","-"
"2022/10/28","02:00","8.55","8","10.3","57.6","1024.4","-","-"
"2022/10/28","03:00","7.19","358","8.55","57.7","1025.2","-","-"
"2022/10/28","04:00","7","358","7.97","56.8","1025.5","-","-"
"2022/10/28","05:00","6.61","2","7.97","55.9","1025.1","-","-"
"2022/10/28","06:00","7.19","357","7.78","55.4","1025.4","-","-"
"2022/10/28","07:00","7","5","7.78","54.7","1025.5","-","-"
"2022/10/28","08:00","12.63","38","13.61","57.6","1025.3","-","-"
"2022/10/28","09:00","10.3","28","12.83","57","1025.6","-","-"
"2022/10/28","10:00","11.86","26","14.77","56.8","1026.3","-","-"
"2022/10/28","11:00","14.58","20","17.11","56.5","1026.5","-","-"
"2022/10/28","12:00","10.3","19","13.61","55.8","1027.2","-","-"
"2022/10/28","13:00","14.19","30","16.13","56.7","1027.4","-","-"
"2022/10/28","14:00","13.02","25","16.52","57.6","1028","-","-"
"2022/10/28","15:00","14.58","24","18.86","58.5","1028.2","-","-"
"2022/10/28","16:00","12.63","31","18.66","59.4","1028.3","-","-"
"2022/10/28","17:00","12.63","27","16.13","60.4","1028.1","-","-"
"2022/10/28","18:00","10.11","39","13.8","61.7","1027.6","-","-"
"2022/10/28","19:00","14.38","45","19.05","62.1","1027.5","-","-"
"2022/10/28","20:00","14.19","42","17.49","62.1","1027.7","-","-"
"2022/10/28","21:00","14.58","43","17.69","61.3","1027.8","-","-"
"2022/10/28","22:00","13.61","39","20.41","60.6","1028.3","-","-"
"2022/10/28","23:00","12.63","35","17.11","60.4","1028.5","-","-"
"2022/10/29","00:00","15.36","32","18.86","60.3","1029.1","-","-"
"2022/10/29","01:00","14.77","41","17.3","59.5","1029","-","-"
"2022/10/29","02:00","13.61","45","19.24","59.4","1029","-","-"
"2022/10/29","03:00","13.02","39","22.35","59","1029.2","-","-"
"2022/10/29","04:00","12.25","32","15.16","58.6","1029.3","-","-"
"2022/10/29","05:00","11.27","23","13.8","58.3","1029.3","-","-"
"2022/10/29","06:00","12.05","33","15.55","57.7","1028.6","-","-"
"2022/10/29","07:00","14","33","17.88","57","1028","-","-"
"2022/10/29","08:00","14.38","21","17.49","56.7","1028.1","-","-"
"2022/10/29","09:00","14","26","16.33","56.8","1027.8","-","-"
"2022/10/29","10:00","14.19","20","17.11","55.9","1028.1","-","-"
"2022/10/29","11:00","10.5","3","13.02","55.2","1028.7","-","-"
"2022/10/29","12:00","10.5","1","12.83","54","1028.9","-","-"
"2022/10/29","13:00","9.91","4","11.47","54.5","1029.3","-","-"
"2022/10/29","14:00","11.66","37","15.94","57.7","1029.4","-","-"
"2022/10/29","15:00","12.44","39","16.72","58.1","1029.6","-","-"
"2022/10/29","16:00","14.77","13","16.33","57.9","1029.7","-","-"
"2022/10/29","17:00","8.75","27","14.58","58.8","1028.8","-","-"
"2022/10/29","18:00","10.11","35","13.41","59","1028.1","-","-"
"2022/10/29","19:00","10.69","36","12.44","59","1027.9","-","-"
"2022/10/29","20:00","12.05","23","14.38","58.6","1028","-","-"
"2022/10/29","21:00","12.63","30","14.19","58.5","1027.8","-","-"
"2022/10/29","22:00","6.41","25","8.36","57.9","1027.7","-","-"
"2022/10/29","23:00","6.61","5","7.78","56.7","1027.6","-","-"
"2022/10/30","00:00","6.03","16","7.19","56.5","1027.5","-","-"
"2022/10/30","01:00","14","59","16.91","57.9","1027.3","-","-"
"2022/10/30","02:00","9.91","43","11.47","56.8","1027","-","-"
"2022/10/30","03:00","7.39","19","8.55","55.6","1026.7","-","-"
"2022/10/30","04:00","9.52","347","10.69","53.2","1025.7","-","-"
"2022/10/30","05:00","8.55","347","10.3","52.5","1025.3","-","-"
"2022/10/30","06:00","4.86","320","7","52","1024.9","-","-"
"2022/10/30","07:00","4.47","319","7.19","52.2","1024.5","-","-"
"2022/10/30","08:00","6.61","319","8.36","52.7","1024.2","-","-"
"2022/10/30","09:00","5.64","331","8.16","52","1024.2","-","-"
"2022/10/30","10:00","5.64","334","7.19","51.4","1024.1","-","-"
"2022/10/30","11:00","6.61","320","8.75","51.8","1024.1","-","-"
"2022/10/30","12:00","6.03","314","8.55","52","1024.1","-","-"
"2022/10/30","13:00","7.78","339","8.75","53.2","1024.5","-","-"
"2022/10/30","14:00","5.05","327","6.61","55.4","1024.5","-","-"
"2022/10/30","15:00","6.41","10","7.97","58.8","1024.2","-","-"
"2022/10/30","16:00","5.44","72","7.19","61.2","1023.3","-","-"
"2022/10/30","17:00","8.55","93","9.33","60.6","1022.4","-","-"
"2022/10/30","18:00","8.36","97","9.33","60.8","1021.7","-","-"
"2022/10/30","19:00","7","86","7.39","60.8","1020.9","-","-"
"2022/10/30","20:00","7.58","86","8.36","60.4","1020.5","-","-"
"2022/10/30","21:00","6.41","83","7.39","60.4","1020.3","-","-"
"2022/10/30","22:00","7.58","92","7.97","60.3","1020","-","-"
"2022/10/30","23:00","6.03","83","6.8","59.7","1020.2","-","-"
"2022/10/31","00:00","4.08","108","5.05","59.9","1020.6","-","-"
"2022/10/31","01:00","2.53","146","3.69","58.8","1020.7","-","-"
"2022/10/31","02:00","1.94","148","2.33","57.9","1020.6","-","-"
"2022/10/31","03:00","2.33","179","2.72","57.7","1020.3","-","-"
"2022/10/31","04:00","2.72","142","3.11","57.6","1019.6","-","-"
"2022/10/31","05:00","2.33","151","3.11","57.4","1019.1","-","-"
"2022/10/31","06:00","1.75","178","1.94","57","1019","-","-"
"2022/10/31","07:00","0.58","223","1.36","56.7","1018.8","-","-"
"2022/10/31","08:00","0.97","258","1.75","55.9","1018.6","-","-"
"2022/10/31","09:00","1.17","163","1.36","55.6","1018.5","-","-"
"2022/10/31","10:00","2.33","215","2.72","55.4","1018.8","-","-"
"2022/10/31","11:00","1.94","194","2.33","55","1018.5","-","-"
"2022/10/31","12:00","1.75","201","2.33","55.4","1019","-","-"
"2022/10/31","13:00","2.14","150","3.11","59.2","1019.3","-","-"
"2022/10/31","14:00","0.97","56","1.36","62.4","1019.4","-","-"
"2022/10/31","15:00","0.97","140","2.92","63.1","1019.4","-","-"
"2022/10/31","16:00","6.03","94","7","61.9","1019","-","-"
"2022/10/31","17:00","6.22","77","7.58","63.1","1018.1","-","-"
"2022/10/31","18:00","8.94","94","11.66","64.4","1016.9","-","-"
"2022/10/31","19:00","8.36","96","11.66","64.2","1016.2","-","-"
"2022/10/31","20:00","6.03","122","6.61","66.4","1016.3","-","-"
"2022/10/31","21:00","9.14","119","10.5","64.6","1016","-","-"
"2022/10/31","22:00","5.83","130","8.16","63.3","1016.2","-","-"
"2022/10/31","23:00","4.67","113","5.83","63","1016.4","-","-"
"2022/11/01","00:00","4.67","146","5.44","63.1","1016.5","-","-"
"2022/11/01","01:00","3.3","160","4.28","63.3","1016.6","-","-"
"2022/11/01","02:00","2.72","139","3.5","63.3","1016.8","-","-"
"2022/11/01","03:00","4.67","196","6.61","62.8","1016.8","-","-"
"2022/11/01","04:00","6.8","175","8.55","62.8","1016.4","-","-"
"2022/11/01","05:00","6.41","209","8.75","63.5","1016.1","-","-"
"2022/11/01","06:00","6.61","211","7.97","63.7","1016.2","-","-"
"2022/11/01","07:00","7","203","9.72","63.9","1015.9","-","-"
"2022/11/01","08:00","7.78","205","10.89","63.9","1015.6","-","-"
"2022/11/01","09:00","3.89","290","6.03","63.5","1016.2","-","-"
"2022/11/01","10:00","5.25","289","5.64","63.1","1016.6","-","-"
"2022/11/01","11:00","3.3","273","4.08","63.7","1016.5","-","-"
"2022/11/01","12:00","4.86","280","5.44","64","1017","-","-"
"2022/11/01","13:00","1.36","207","2.72","64.2","1017.3","-","-"
"2022/11/01","14:00","1.36","314","1.56","64.6","1018","-","-"
"2022/11/01","15:00","5.44","272","9.33","67.1","1017.8","-","-"
"2022/11/01","16:00","6.8","269","10.11","67.5","1018","-","-"
"2022/11/01","17:00","9.14","265","13.02","69.8","1017.1","-","-"
"2022/11/01","18:00","9.91","328","10.89","68.7","1016.9","-","-"
"2022/11/01","19:00","8.55","293","9.14","70.5","1016.7","-","-"
"2022/11/01","20:00","5.05","20","8.55","69.8","1017.2","-","-"
"2022/11/01","21:00","6.41","98","6.61","66","1017.4","-","-"
"2022/11/01","22:00","2.33","144","4.28","67.1","1018.1","-","-"
"2022/11/01","23:00","0.58","157","0.78","64.6","1018.9","-","-"
"2022/11/02","00:00","0.97","243","0.97","62.4","1019.7","-","-"
"2022/11/02","01:00","0.97","255","1.17","61.5","1020.5","-","-"
"2022/11/02","02:00","1.17","301","1.75","61.7","1021.1","-","-"
"2022/11/02","03:00","4.47","306","6.03","64","1021.4","-","-"
"2022/11/02","04:00","8.16","311","9.91","63.9","1021.5","-","-"
"2022/11/02","05:00","9.14","316","10.3","63.3","1021.7","-","-"
"2022/11/02","06:00","7.19","317","9.33","62.6","1022.2","-","-"
"2022/11/02","07:00","9.52","310","11.27","61.9","1022.6","-","-"
"2022/11/02","08:00","8.75","320","9.91","60.8","1022.7","-","-"
"2022/11/02","09:00","8.75","315","10.11","59.7","1023","-","-"
"2022/11/02","10:00","7.78","314","8.94","59.5","1023.7","-","-"
"2022/11/02","11:00","8.94","315","9.91","59.5","1024.1","-","-"
"2022/11/02","12:00","7.39","326","8.55","58.5","1024.8","-","-"
"2022/11/02","13:00","8.16","349","9.52","59.4","1025.8","-","-"
"2022/11/02","14:00","9.72","4","13.61","62.4","1026.4","-","-"
"2022/11/02","15:00","12.63","29","15.55","63.7","1026.3","-","-"
"2022/11/02","16:00","14","43","18.27","64","1025.8","-","-"
"2022/11/02","17:00","7.58","26","12.44","63.9","1025.7","-","-"
"2022/11/02","18:00","7.19","60","8.36","63.9","1025.4","-","-"
"2022/11/02","19:00","9.33","37","12.44","63.7","1025.2","-","-"
"2022/11/02","20:00","10.5","40","12.44","63.5","1025.2","-","-"
"2022/11/02","21:00","5.64","35","6.41","63.1","1025.3","-","-"
"2022/11/02","22:00","7.78","48","8.36","62.4","1024.9","-","-"
"2022/11/02","23:00","1.75","39","2.72","61.7","1025.4","-","-"
"2022/11/03","00:00","1.56","252","1.75","60.1","1026","-","-"
"2022/11/03","01:00","1.75","357","2.92","61.2","1026.1","-","-"
"2022/11/03","02:00","3.11","135","3.89","59.5","1026.3","-","-"
"2022/11/03","03:00","5.83","57","6.61","61","1026.4","-","-"
"2022/11/03","04:00","3.5","33","5.64","59.7","1026.2","-","-"
"2022/11/03","05:00","3.3","35","4.86","60.3","1026.2","-","-"
"2022/11/03","06:00","3.89","25","4.28","59.5","1025.8","-","-"
"2022/11/03","07:00","5.64","4","6.8","58.5","1025.6","-","-"
"2022/11/03","08:00","3.69","38","8.16","58.6","1025.3","-","-"
"2022/11/03","09:00","9.72","50","10.5","59","1024.9","-","-"
"2022/11/03","10:00","4.08","14","6.41","58.8","1025.6","-","-"
"2022/11/03","11:00","5.44","344","6.61","57.9","1025.6","-","-"
"2022/11/03","12:00","2.53","12","5.05","58.8","1026.4","-","-"
"2022/11/03","13:00","3.5","340","4.86","59.2","1027.2","-","-"
"2022/11/03","14:00","7.97","319","8.55","59.4","1027.3","-","-"
"2022/11/03","15:00","8.75","42","9.72","63.9","1026.9","-","-"
"2022/11/03","16:00","9.14","57","10.11","64.6","1027","-","-"
"2022/11/03","17:00","6.61","57","8.75","65.7","1026.4","-","-"
"2022/11/03","18:00","9.33","35","10.3","66.6","1025.8","-","-"
"2022/11/03","19:00","7.39","40","8.36","66.7","1025.5","-","-"
"2022/11/03","20:00","6.61","50","7.39","67.5","1025.6","-","-"
"2022/11/03","21:00","9.14","36","9.91","67.1","1025.7","-","-"
"2022/11/03","22:00","5.25","28","6.8","65.1","1025.9","-","-"
"2022/11/03","23:00","4.67","37","6.03","63.5","1026.3","-","-"
"2022/11/04","00:00","3.3","43","4.28","62.4","1026.4","-","-"
"2022/11/04","01:00","3.5","25","4.86","61.9","1026.5","-","-"
"2022/11/04","02:00","3.69","47","4.08","61.5","1026.2","-","-"
"2022/11/04","03:00","3.89","351","5.05","60.8","1026.4","-","-"
"2022/11/04","04:00","2.72","26","4.08","60.3","1026.1","-","-"
"2022/11/04","05:00","2.33","12","2.72","59.9","1025.8","-","-"
"2022/11/04","06:00","1.56","355","2.72","59.9","1025.7","-","-"
"2022/11/04","07:00","3.5","322","3.89","59.4","1025.6","-","-"
"2022/11/04","08:00","4.28","337","5.44","59.5","1025.5","-","-"
"2022/11/04","09:00","2.72","6","3.5","59.2","1025.6","-","-"
"2022/11/04","10:00","3.5","324","4.47","58.8","1025.3","-","-"
"2022/11/04","11:00","3.11","326","3.69","58.1","1025.5","-","-"
"2022/11/04","12:00","4.47","319","5.05","57.6","1026","-","-"
"2022/11/04","13:00","2.92","328","4.28","58.6","1026.8","-","-"
"2022/11/04","14:00","4.86","303","5.83","59.9","1027.4","-","-"
"2022/11/04","15:00","7.39","311","9.14","60.4","1027.6","-","-"
"2022/11/04","16:00","4.47","296","5.25","61.5","1027.2","-","-"
"2022/11/04","17:00","1.75","303","2.14","63.5","1026.5","-","-"
"2022/11/04","18:00","4.67","83","5.25","66.2","1025.8","-","-"
"2022/11/04","19:00","5.25","76","5.44","66","1025.4","-","-"
"2022/11/04","20:00","8.16","96","8.36","66.2","1025.1","-","-"
"2022/11/04","21:00","9.72","95","10.69","64.8","1024.8","-","-"
"2022/11/04","22:00","7.58","94","7.97","64.2","1025.2","-","-"
"2022/11/04","23:00","4.47","92","4.86","63.7","1025.2","-","-"
"2022/11/05","00:00","3.89","140","5.64","65.3","1025.2","-","-"
"2022/11/05","01:00","3.3","147","3.89","65.1","1025.3","-","-"
"2022/11/05","02:00","2.92","148","3.69","65.3","1025.4","-","-"
"2022/11/05","03:00","0.39","182","2.33","64.2","1025.1","-","-"
"2022/11/05","04:00","0.97","112","1.56","63.1","1024.6","-","-"
"2022/11/05","05:00","0.97","144","1.36","62.4","1024.3","-","-"
"2022/11/05","06:00","1.17","136","1.56","62.2","1023.9","-","-"
"2022/11/05","07:00","0.78","98","0.97","61.5","1023.6","-","-"
"2022/11/05","08:00","2.72","153","3.3","61.3","1023.3","-","-"
"2022/11/05","09:00","3.5","150","3.89","61.5","1023","-","-"
"2022/11/05","10:00","2.53","130","2.72","61.7","1023.2","-","-"
"2022/11/05","11:00","1.75","143","2.72","61.5","1023","-","-"
"2022/11/05","12:00","1.56","150","3.5","61.7","1023.2","-","-"
"2022/11/05","13:00","3.5","150","4.08","65.7","1023.9","-","-"
"2022/11/05","14:00","4.47","144","6.8","68.7","1024","-","-"
"2022/11/05","15:00","5.83","148","8.36","71.6","1023.9","-","-"
"2022/11/05","16:00","8.55","168","12.83","74.8","1023.5","-","-"
"2022/11/05","17:00","6.8","156","14.19","75.6","1022.5","-","-"
"2022/11/05","18:00","10.89","94","12.05","68.7","1021.6","-","-"
"2022/11/05","19:00","6.03","117","10.89","72.7","1021.1","-","-"
"2022/11/05","20:00","8.16","106","11.27","71.2","1020.6","-","-"
"2022/11/05","21:00","11.66","154","14.19","76.8","1020.3","-","-"
"2022/11/05","22:00","8.55","159","13.22","74.7","1020.5","-","-"
"2022/11/05","23:00","7.97","163","10.3","73.2","1021.1","-","-"
"2022/11/06","00:00","7.19","161","9.14","72","1021.7","-","-"
"2022/11/06","01:00","6.03","151","8.36","70.3","1021.7","-","-"
"2022/11/06","02:00","4.47","154","6.8","69.1","1021.9","-","-"
"2022/11/06","03:00","7.97","164","10.5","69.6","1021.7","-","-"
"2022/11/06","04:00","7","160","10.5","68.9","1021.6","-","-"
"2022/11/06","05:00","5.64","179","8.36","68.5","1021.9","-","-"
"2022/11/06","06:00","5.44","189","7.58","68.5","1021.7","-","-"
"2022/11/06","07:00","5.64","196","7.39","68.5","1022","-","-"
"2022/11/06","08:00","5.44","147","6.03","66","1021.5","-","-"
"2022/11/06","09:00","5.05","164","7.19","66.2","1021.3","-","-"
"2022/11/06","10:00","4.86","186","7.19","67.1","1021.5","-","-"
"2022/11/06","11:00","5.83","167","7.58","66.7","1022","-","-"
"2022/11/06","12:00","5.05","156","6.61","65.3","1022.5","-","-"
"2022/11/06","13:00","3.11","170","4.67","68.9","1023.4","-","-"
"2022/11/06","14:00","5.83","190","7.19","72.1","1023.9","-","-"
"2022/11/06","15:00","10.3","178","13.22","74.1","1023.9","-","-"
"2022/11/06","16:00","8.75","200","11.86","75.7","1023.7","-","-"
"2022/11/06","17:00","4.86","179","11.08","76.3","1022.8","-","-"
"2022/11/06","18:00","4.08","175","11.08","78.3","1022.1","-","-"
"2022/11/06","19:00","7.78","171","11.08","77.7","1021.8","-","-"
"2022/11/06","20:00","7.78","168","10.11","79.2","1021.5","-","-"
"2022/11/06","21:00","7.39","190","10.69","79.2","1021.6","-","-"
"2022/11/06","22:00","3.11","122","5.05","71.2","1021.9","-","-"
"2022/11/06","23:00","1.36","172","2.33","69.3","1022.3","-","-"
"2022/11/07","00:00","7.97","161","9.14","71.4","1022.7","-","-"
"2022/11/07","01:00","7.19","174","8.55","71.2","1022.7","-","-"
"2022/11/07","02:00","6.8","183","8.75","71.1","1022.9","-","-"
"2022/11/07","03:00","7.39","181","8.75","70.5","1023.2","-","-"
"2022/11/07","04:00","8.16","194","10.69","70.3","1023.1","-","-"
"2022/11/07","05:00","8.55","195","12.83","69.4","1022.8","-","-"
"2022/11/07","06:00","6.8","209","9.14","68.9","1023.1","-","-"
"2022/11/07","07:00","3.89","219","5.44","67.8","1023.4","-","-"
"2022/11/07","08:00","5.05","216","8.94","66.9","1022.9","-","-"
"2022/11/07","09:00","6.61","207","8.55","67.1","1022.9","-","-"
"2022/11/07","10:00","8.16","228","11.08","67.1","1023.1","-","-"
"2022/11/07","11:00","4.47","212","7.97","66","1023.4","-","-"
"2022/11/07","12:00","5.05","220","7.39","66.4","1023.7","-","-"
"2022/11/07","13:00","6.03","216","7.78","68","1024","-","-"
"2022/11/07","14:00","4.08","257","7","70.7","1024.3","-","-"
"2022/11/07","15:00","3.69","272","5.64","71.2","1024.3","-","-"
"2022/11/07","16:00","6.22","302","7.39","69.3","1024.2","-","-"
"2022/11/07","17:00","8.75","19","12.05","75.9","1023.5","-","-"
"2022/11/07","18:00","0.39","159","2.72","78.4","1022.9","-","-"
"2022/11/07","19:00","2.14","107","3.3","76.8","1022.4","-","-"
"2022/11/07","20:00","10.11","95","11.47","71.2","1022.6","-","-"
"2022/11/07","21:00","6.8","99","8.94","70.3","1022.9","-","-"
"2022/11/07","22:00","2.72","76","4.47","69.3","1023.2","-","-"
"2022/11/07","23:00","0.58","346","2.72","69.3","1023.9","-","-"
"2022/11/08","00:00","2.33","304","3.69","68.7","1024.5","-","-"
"2022/11/08","01:00","3.69","288","3.89","66.7","1024.8","-","-"
"2022/11/08","02:00","4.86","311","5.64","64.9","1025.1","-","-"
"2022/11/08","03:00","2.14","236","2.33","63.5","1025.4","-","-"
"2022/11/08","04:00","6.8","321","7","64.9","1025.6","-","-"
"2022/11/08","05:00","9.14","351","11.08","66.6","1026","-","-"
"2022/11/08","06:00","11.66","359","14","64.9","1026.3","-","-"
"2022/11/08","07:00","16.13","4","19.44","64.6","1026.7","-","-"
"2022/11/08","08:00","14.97","9","21.38","63.3","1027.1","-","-"
"2022/11/08","09:00","11.27","18","12.63","61.9","1027.8","-","-"
"2022/11/08","10:00","17.88","26","22.55","61.2","1029.1","-","-"
"2022/11/08","11:00","17.3","37","21.19","58.6","1030.1","-","-"
"2022/11/08","12:00","16.13","36","22.55","57","1031.2","-","-"
"2022/11/08","13:00","17.88","23","22.74","56.3","1032.1","-","-"
"2022/11/08","14:00","22.74","33","28.57","54.9","1032.9","-","-"
"2022/11/08","15:00","20.22","35","26.63","54.1","1033.3","-","-"
"2022/11/08","16:00","16.13","21","22.16","54.5","1033.3","-","-"
"2022/11/08","17:00","15.55","39","21.19","55","1032.4","-","-"
"2022/11/08","18:00","15.94","29","20.41","55.9","1031.9","-","-"
"2022/11/08","19:00","14.58","38","17.49","56.8","1031.8","-","-"
"2022/11/08","20:00","14.19","39","19.24","57.4","1031.7","-","-"
"2022/11/08","21:00","14.77","35","19.24","57.7","1032","-","-"
"2022/11/08","22:00","12.05","7","15.75","56.7","1032","-","-"
"2022/11/08","23:00","9.91","4","11.27","55.6","1032.4","-","-"
"2022/11/09","00:00","10.3","358","12.44","54.5","1032.6","-","-"
"2022/11/09","01:00","16.91","47","19.83","57.6","1032.9","-","-"
"2022/11/09","02:00","14.38","39","19.24","57.4","1032.7","-","-"
"2022/11/09","03:00","16.72","48","20.22","58.1","1033","-","-"
"2022/11/09","04:00","17.3","45","21.77","57.4","1032.9","-","-"
"2022/11/09","05:00","16.72","46","20.41","57.2","1032.6","-","-"
"2022/11/09","06:00","17.69","46","20.22","57.4","1032.6","-","-"
"2022/11/09","07:00","13.02","46","19.05","57.2","1032.7","-","-"
"2022/11/09","08:00","12.63","44","15.55","56.8","1032.9","-","-"
"2022/11/09","09:00","12.83","50","15.16","56.7","1032.8","-","-"
"2022/11/09","10:00","16.13","49","20.22","56.8","1033.1","-","-"
"2022/11/09","11:00","14","47","17.69","56.5","1033.3","-","-"
"2022/11/09","12:00","14.58","40","16.52","55.2","1033.6","-","-"
"2022/11/09","13:00","13.02","37","15.36","55.8","1034.3","-","-"
"2022/11/09","14:00","16.13","49","19.05","56.7","1034.7","-","-"
"2022/11/09","15:00","16.13","45","20.02","57.4","1034.9","-","-"
"2022/11/09","16:00","12.83","38","19.63","58.5","1034.4","-","-"
"2022/11/09","17:00","13.41","40","16.72","58.8","1033.9","-","-"
"2022/11/09","18:00","11.86","48","16.33","59.4","1033.3","-","-"
"2022/11/09","19:00","16.33","40","18.27","59.2","1033","-","-"
"2022/11/09","20:00","13.02","28","16.72","60.1","1032.5","-","-"
"2022/11/09","21:00","10.5","27","13.22","59.2","1032.4","-","-"
"2022/11/09","22:00","8.94","32","13.61","59.4","1032","-","-"
"2022/11/09","23:00","9.33","51","11.86","59.5","1031.9","-","-"
"2022/11/10","00:00","15.55","56","17.88","58.5","1032.1","-","-"
"2022/11/10","01:00","12.83","53","15.55","57.9","1031.9","-","-"
"2022/11/10","02:00","12.63","51","15.16","57.6","1031.5","-","-"
"2022/11/10","03:00","9.14","37","11.66","57.4","1030.9","-","-"
"2022/11/10","04:00","7.19","24","8.94","56.8","1030.6","-","-"
"2022/11/10","05:00","8.94","4","10.3","55.9","1030","-","-"
"2022/11/10","06:00","6.41","15","8.16","55.9","1029.7","-","-"
"2022/11/10","07:00","6.8","18","8.16","56.7","1029.1","-","-"
"2022/11/10","08:00","4.08","28","6.61","57.2","1028.6","-","-"
"2022/11/10","09:00","4.86","23","6.03","57.6","1027.9","-","-"
"2022/11/10","10:00","6.41","32","7.78","57.9","1027.8","-","-"
"2022/11/10","11:00","6.8","31","8.36","58.6","1027.7","-","-"
"2022/11/10","12:00","5.25","35","7","59","1027.6","-","-"
"2022/11/10","13:00","4.47","34","5.64","59.7","1027.8","-","-"
"2022/11/10","14:00","4.28","33","5.25","60.6","1027.8","-","-"
"2022/11/10","15:00","8.36","43","10.3","62.6","1027.3","-","-"
"2022/11/10","16:00","6.8","70","9.14","64.8","1026.7","-","-"
"2022/11/10","17:00","10.69","73","12.83","64.9","1025.9","-","-"
"2022/11/10","18:00","6.41","84","9.14","64.8","1024.9","-","-"
"2022/11/10","19:00","7.19","84","9.14","64.9","1024.5","-","-"
"2022/11/10","20:00","6.8","75","8.36","64.9","1023.9","-","-"
"2022/11/10","21:00","4.86","90","6.22","64.2","1023.1","-","-"
"2022/11/10","22:00","1.56","105","2.72","63.7","1022.5","-","-"
"2022/11/10","23:00","1.94","44","2.53","63.5","1022.3","-","-"
"2022/11/11","00:00","2.14","75","3.3","63.3","1022.4","-","-"
"2022/11/11","01:00","2.92","84","4.47","63","1021.9","-","-"
"2022/11/11","02:00","4.47","86","5.05","62.8","1021.5","-","-"
"2022/11/11","03:00","5.83","81","7","63.1","1021.1","-","-"
"2022/11/11","04:00","4.86","85","5.44","63.1","1020.5","-","-"
"2022/11/11","05:00","7.39","86","8.36","63.3","1019.5","-","-"
"2022/11/11","06:00","8.16","101","9.72","64.2","1018.8","-","-"
"2022/11/11","07:00","7.78","117","10.11","64.6","1018.1","-","-"
"2022/11/11","08:00","7.97","117","10.11","65.3","1017.1","-","-"
"2022/11/11","09:00","12.05","120","15.94","65.7","1016.1","-","-"
"2022/11/11","10:00","11.27","129","13.41","65.8","1015.8","-","-"
"2022/11/11","11:00","12.44","134","16.72","66.2","1015.1","-","-"
"2022/11/11","12:00","12.83","132","15.36","66","1014.6","-","-"
"2022/11/11","13:00","11.27","127","14.19","66.4","1014.1","-","-"
"2022/11/11","14:00","12.83","127","14.38","66.9","1013.5","-","-"
"2022/11/11","15:00","9.52","119","11.86","68.4","1012.7","-","-"
"2022/11/11","16:00","7.78","115","8.94","69.1","1011.7","-","-"
"2022/11/11","17:00","7.39","108","8.94","68.9","1010.1","-","-"
"2022/11/11","18:00","10.11","104","12.05","69.8","1008.1","-","-"
"2022/11/11","19:00","12.25","151","16.52","73.9","1007.7","-","-"
"2022/11/11","20:00","12.25","143","16.52","72.9","1006.8","-","-"
"2022/11/11","21:00","12.05","96","13.22","67.8","1006.1","-","-"
"2022/11/11","22:00","9.52","154","13.61","72.5","1005.2","-","-"
"2022/11/11","23:00","10.69","162","14.97","73.2","1004.7","-","-"
"2022/11/12","00:00","10.89","169","15.36","72.7","1004.5","-","-"
"2022/11/12","01:00","12.05","178","20.99","72","1003.7","-","-"
"2022/11/12","02:00","16.13","180","22.16","72.7","1003.2","-","-"
"2022/11/12","03:00","17.69","183","24.1","73.8","1002.1","-","-"
"2022/11/12","04:00","13.61","181","22.94","73.8","1001.2","-","-"
"2022/11/12","05:00","18.27","187","25.27","73.6","1000.7","-","-"
"2022/11/12","06:00","13.41","207","19.63","70","1001.3","-","-"
"2022/11/12","07:00","15.36","230","23.33","69.4","1001.5","-","-"
"2022/11/12","08:00","14.97","234","25.08","70.2","1002.3","-","-"
"2022/11/12","09:00","14.38","245","18.66","69.1","1003.5","-","-"
"2022/11/12","10:00","11.66","235","16.13","68.5","1005","-","-"
"2022/11/12","11:00","10.3","230","15.16","67.5","1006.1","-","-"
"2022/11/12","12:00","9.72","237","15.75","66.9","1007.2","-","-"
"2022/11/12","13:00","10.89","256","14","67.8","1007.7","-","-"
"2022/11/12","14:00","9.72","245","14","68.7","1008.4","-","-"
"2022/11/12","15:00","7.97","258","12.44","69.8","1008.4","-","-"
"2022/11/12","16:00","7.97","267","11.27","71.1","1008.3","-","-"
"2022/11/12","17:00","6.03","204","8.94","73.2","1007.5","-","-"
"2022/11/12","18:00","8.36","211","12.44","74.1","1006.8","-","-"
"2022/11/12","19:00","9.33","226","13.22","75","1006.4","-","-"
"2022/11/12","20:00","6.22","212","16.52","75.4","1006.2","-","-"
"2022/11/12","21:00","10.11","215","16.13","74.3","1006.3","-","-"
"2022/11/12","22:00","5.05","228","7.19","72","1006.9","-","-"
"2022/11/12","23:00","2.14","215","3.11","70.5","1007.3","-","-"
"2022/11/13","00:00","3.5","224","4.08","69.1","1007.5","-","-"
"2022/11/13","01:00","7.19","223","8.94","68.9","1007.5","-","-"
"2022/11/13","02:00","5.64","221","8.36","67.6","1007.9","-","-"
"2022/11/13","03:00","5.05","217","7.58","66.7","1008.3","-","-"
"2022/11/13","04:00","4.86","204","6.22","66.4","1008.2","-","-"
"2022/11/13","05:00","3.3","252","3.69","65.5","1008.5","-","-"
"2022/11/13","06:00","5.83","270","7.39","65.1","1008","-","-"
"2022/11/13","07:00","7.97","264","9.52","65.3","1008.4","-","-"
"2022/11/13","08:00","16.33","355","19.44","57.6","1009.9","-","-"
"2022/11/13","09:00","14.19","348","18.27","54.5","1011","-","-"
"2022/11/13","10:00","16.91","341","20.8","52.7","1011.9","-","-"
"2022/11/13","11:00","14","336","18.86","52.5","1012.4","-","-"
"2022/11/13","12:00","14.38","334","20.02","51.4","1013.8","-","-"
"2022/11/13","13:00","13.02","340","19.83","50.5","1014.8","-","-"
"2022/11/13","14:00","16.33","342","20.6","49.6","1015.8","-","-"
"2022/11/13","15:00","18.08","331","21.58","50.2","1016.2","-","-"
"2022/11/13","16:00","15.16","333","21.77","50.9","1016.4","-","-"
"2022/11/13","17:00","19.44","315","25.27","51.6","1015.9","-","-"
"2022/11/13","18:00","17.11","321","24.49","52.5","1016","-","-"
"2022/11/13","19:00","18.66","328","22.16","53.1","1016.3","-","-"
"2022/11/13","20:00","18.08","326","22.74","53.2","1016.8","-","-"
"2022/11/13","21:00","16.91","343","20.22","52.7","1017.8","-","-"
"2022/11/13","22:00","13.02","356","16.13","50.9","1018.8","-","-"
"2022/11/13","23:00","11.08","1","14.77","49.1","1020.4","-","-"
"2022/11/14","00:00","10.11","337","11.86","47.1","1021.5","-","-"
"2022/11/14","01:00","12.44","333","16.33","46.2","1022.3","-","-"
"2022/11/14","02:00","10.5","325","13.41","45","1023.1","-","-"
"2022/11/14","03:00","13.61","331","16.13","44.8","1023.6","-","-"
"2022/11/14","04:00","15.94","329","18.86","44.1","1023.9","-","-"
"2022/11/14","05:00","15.16","329","17.3","43.9","1024.3","-","-"
"2022/11/14","06:00","14.19","336","18.27","43.3","1024.3","-","-"
"2022/11/14","07:00","13.22","340","17.49","42.6","1024.7","-","-"
"2022/11/14","08:00","12.83","340","15.94","41.9","1025.1","-","-"
"2022/11/14","09:00","11.86","340","14.77","41.5","1025.2","-","-"
"2022/11/14","10:00","11.86","340","14.19","41.7","1026","-","-"
"2022/11/14","11:00","12.44","339","15.16","40.8","1026.8","-","-"
"2022/11/14","12:00","11.86","339","14.19","39.9","1027.7","-","-"
"2022/11/14","13:00","9.52","341","13.22","41.2","1028.3","-","-"
"2022/11/14","14:00","10.11","351","13.41","43.3","1029","-","-"
"2022/11/14","15:00","10.3","15","12.44","45.7","1029.3","-","-"
"2022/11/14","16:00","6.8","352","8.94","46.6","1029.1","-","-"
"2022/11/14","17:00","4.08","27","5.44","48.2","1028.4","-","-"
"2022/11/14","18:00","4.47","284","5.83","48.4","1027.7","-","-"
"2022/11/14","19:00","1.75","356","4.86","49.5","1027.4","-","-"
"2022/11/14","20:00","1.75","26","4.86","50.2","1027.3","-","-"
"2022/11/14","21:00","5.64","106","8.75","49.5","1027.5","-","-"
"2022/11/14","22:00","3.5","90","5.44","48.4","1027.5","-","-"
"2022/11/14","23:00","0.97","259","2.14","46.9","1027.9","-","-"
"2022/11/15","00:00","6.41","45","8.55","47.8","1028.2","-","-"
"2022/11/15","01:00","7","47","8.36","48","1028.6","-","-"
"2022/11/15","02:00","8.75","71","15.75","48","1028.8","-","-"
"2022/11/15","03:00","7","86","10.69","47.8","1029.1","-","-"
"2022/11/15","04:00","7.39","87","12.05","48","1028.9","-","-"
"2022/11/15","05:00","10.3","93","13.8","48.2","1028.5","-","-"
"2022/11/15","06:00","11.47","79","13.02","48.6","1028","-","-"
"2022/11/15","07:00","9.52","73","13.22","48.9","1027.9","-","-"
"2022/11/15","08:00","6.41","14","7.78","46","1028.1","-","-"
"2022/11/15","09:00","7.78","27","8.75","46.8","1027.3","-","-"
"2022/11/15","10:00","8.94","1","10.11","46","1028.1","-","-"
"2022/11/15","11:00","9.33","24","11.27","45.1","1027.9","-","-"
"2022/11/15","12:00","9.33","15","10.69","45.5","1027.8","-","-"
"2022/11/15","13:00","7.58","13","8.94","46","1028.6","-","-"
"2022/11/15","14:00","12.25","46","13.41","49.6","1028.1","-","-"
"2022/11/15","15:00","14","64","16.13","50.9","1027.7","-","-"
"2022/11/15","16:00","13.22","67","15.94","51.3","1026.8","-","-"
"2022/11/15","17:00","10.69","57","13.02","51.8","1025.1","-","-"
"2022/11/15","18:00","11.27","61","13.41","53.2","1023.9","-","-"
"2022/11/15","19:00","14.97","87","16.72","55.2","1022.5","-","-"
"2022/11/15","20:00","14.19","87","16.33","56.1","1021.5","-","-"
"2022/11/15","21:00","11.86","78","13.61","57","1021.4","-","-"
"2022/11/15","22:00","13.22","87","14.58","57.6","1020","-","-"
"2022/11/15","23:00","8.94","101","10.89","57.6","1018.8","-","-"
"2022/11/16","00:00","8.94","113","10.5","57.9","1017","-","-"
"2022/11/16","01:00","7.19","147","9.72","59.4","1015.1","-","-"
"2022/11/16","02:00","4.08","120","5.64","60.6","1014.7","-","-"
"2022/11/16","03:00","8.55","294","12.83","58.6","1015.7","-","-"
"2022/11/16","04:00","14.77","297","17.49","51.3","1015.3","-","-"
"2022/11/16","05:00","14.58","291","18.47","47.5","1015.1","-","-"
"2022/11/16","06:00","5.83","279","7.78","45.9","1014.5","-","-"
"2022/11/16","07:00","10.69","285","12.83","45.1","1014.6","-","-"
"2022/11/16","08:00","9.91","293","12.05","43.2","1014.9","-","-"
"2022/11/16","09:00","12.44","277","14.58","43","1015.1","-","-"
"2022/11/16","10:00","11.27","274","14","42.3","1015.3","-","-"
"2022/11/16","11:00","13.02","281","15.36","41.9","1016.3","-","-"
"2022/11/16","12:00","12.25","288","14.77","43","1016.8","-","-"
"2022/11/16","13:00","10.11","286","12.44","43","1017.1","-","-"
"2022/11/16","14:00","8.55","289","10.5","43.5","1017.5","-","-"
"2022/11/16","15:00","8.75","312","10.3","45","1017.8","-","-"
"2022/11/16","16:00","7.78","315","11.08","46.8","1017.7","-","-"
"2022/11/16","17:00","7.97","328","9.14","48","1017","-","-"
"2022/11/16","18:00","5.83","335","7.58","49.5","1016.3","-","-"
"2022/11/16","19:00","9.14","318","11.66","50.7","1016.1","-","-"
"2022/11/16","20:00","7.39","323","9.52","50.9","1016.2","-","-"
"2022/11/16","21:00","2.53","315","5.25","51.4","1016.3","-","-"
"2022/11/16","22:00","1.17","217","2.14","50.7","1016.8","-","-"
"2022/11/16","23:00","2.53","193","3.3","49.3","1016.6","-","-"
"2022/11/17","00:00","4.47","204","5.05","48.7","1016.6","-","-"
"2022/11/17","01:00","5.05","212","5.83","49.1","1016.5","-","-"
"2022/11/17","02:00","8.75","246","10.69","50.2","1016.5","-","-"
"2022/11/17","03:00","12.83","313","15.55","49.3","1017","-","-"
"2022/11/17","04:00","10.89","328","14","47.5","1017.2","-","-"
"2022/11/17","05:00","10.5","324","12.63","47.1","1017.1","-","-"
"2022/11/17","06:00","9.72","330","11.08","46","1017.4","-","-"
"2022/11/17","07:00","7","289","9.91","44.4","1017.5","-","-"
"2022/11/17","08:00","10.5","293","13.61","43.5","1017.4","-","-"
"2022/11/17","09:00","9.91","272","12.63","42.3","1017.8","-","-"
"2022/11/17","10:00","9.52","263","11.08","41.2","1018","-","-"
"2022/11/17","11:00","13.61","271","15.75","40.6","1018.5","-","-"
"2022/11/17","12:00","7.19","296","9.52","39.7","1019.1","-","-"
"2022/11/17","13:00","13.41","285","15.16","41.4","1019.7","-","-"
"2022/11/17","14:00","13.22","300","17.11","43.5","1020.3","-","-"
"2022/11/17","15:00","13.22","285","18.86","43.7","1020.2","-","-"
"2022/11/17","16:00","18.47","312","22.94","44.6","1019.9","-","-"
"2022/11/17","17:00","15.94","320","19.44","45.7","1020","-","-"
"2022/11/17","18:00","13.22","318","16.33","46.4","1018.8","-","-"
"2022/11/17","19:00","10.5","333","14","47.3","1019","-","-"
"2022/11/17","20:00","10.89","319","12.25","48","1019.1","-","-"
"2022/11/17","21:00","10.89","292","15.36","47.8","1019.6","-","-"
"2022/11/17","22:00","6.22","282","8.36","46.9","1019.8","-","-"
"2022/11/17","23:00","5.64","262","7.39","45.7","1020.5","-","-"
"2022/11/18","00:00","5.05","269","6.22","44.4","1021.2","-","-"
"2022/11/18","01:00","6.61","295","7.58","45.3","1021.7","-","-"
"2022/11/18","02:00","11.66","6","13.02","41.9","1022.7","-","-"
"2022/11/18","03:00","7.78","14","9.72","41.7","1022.5","-","-"
"2022/11/18","04:00","6.22","341","9.14","41","1022.8","-","-"
"2022/11/18","05:00","7.97","348","10.11","40.5","1023.2","-","-"
"2022/11/18","06:00","5.25","335","6.41","40.3","1022.6","-","-"
"2022/11/18","07:00","9.14","340","11.08","40.1","1022.5","-","-"
"2022/11/18","08:00","7.78","332","9.14","39.7","1022.5","-","-"
"2022/11/18","09:00","7.39","338","8.36","39.6","1022.9","-","-"
"2022/11/18","10:00","6.61","270","8.16","36.3","1023.6","-","-"
"2022/11/18","11:00","4.47","244","5.44","37.2","1023.9","-","-"
"2022/11/18","12:00","6.8","276","7.97","35.2","1024.4","-","-"
"2022/11/18","13:00","4.67","301","6.61","36.5","1025.4","-","-"
"2022/11/18","14:00","7.19","283","9.14","39","1025.5","-","-"
"2022/11/18","15:00","12.44","311","14.58","40.3","1025.7","-","-"
"2022/11/18","16:00","7.78","344","9.52","41.4","1025","-","-"
"2022/11/18","17:00","2.33","281","3.69","45","1023.9","-","-"
"2022/11/18","18:00","6.22","217","9.72","46","1022.7","-","-"
"2022/11/18","19:00","9.52","256","11.47","47.7","1022.3","-","-"
"2022/11/18","20:00","7.58","245","11.47","48.6","1021.8","-","-"
"2022/11/18","21:00","5.44","237","12.05","49.5","1022","-","-"
"2022/11/18","22:00","4.86","232","6.8","47.8","1022.5","-","-"
"2022/11/18","23:00","4.47","217","5.25","45.5","1022.9","-","-"
"2022/11/19","00:00","5.05","212","6.22","44.2","1023.1","-","-"
"2022/11/19","01:00","4.08","205","5.83","43.9","1023.4","-","-"
"2022/11/19","02:00","5.64","200","6.8","43.7","1023.5","-","-"
"2022/11/19","03:00","3.11","194","4.67","43.7","1023.9","-","-"
"2022/11/19","04:00","6.03","212","8.36","43.7","1024.1","-","-"
"2022/11/19","05:00","7","231","8.75","44.8","1024.1","-","-"
"2022/11/19","06:00","9.52","260","12.44","44.1","1024.3","-","-"
"2022/11/19","07:00","7.19","235","9.14","42.6","1024.2","-","-"
"2022/11/19","08:00","5.83","249","8.75","42.1","1024.3","-","-"
"2022/11/19","09:00","5.64","266","7","41.4","1024.7","-","-"
"2022/11/19","10:00","5.05","6","7","41.7","1025","-","-"
"2022/11/19","11:00","6.41","359","8.36","40.8","1025.5","-","-"
"2022/11/19","12:00","12.05","1","13.41","39.9","1025.2","-","-"
"2022/11/19","13:00","9.14","19","10.89","41.2","1025.9","-","-"
"2022/11/19","14:00","6.03","26","7.19","43.2","1026.4","-","-"
"2022/11/19","15:00","6.61","19","8.16","45.1","1026.4","-","-"
"2022/11/19","16:00","6.8","103","8.94","44.8","1025.7","-","-"
"2022/11/19","17:00","4.08","76","5.44","45.5","1024.7","-","-"
"2022/11/19","18:00","5.64","93","7.19","46","1023.3","-","-"
"2022/11/19","19:00","10.3","91","11.66","46.9","1022.2","-","-"
"2022/11/19","20:00","8.36","84","9.91","48.4","1021.2","-","-"
"2022/11/19","21:00","5.44","206","7.58","50.9","1020.4","-","-"
"2022/11/19","22:00","6.22","160","8.94","47.8","1020.4","-","-"
"2022/11/19","23:00","4.67","174","6.03","46.4","1020.1","-","-"
"2022/11/20","00:00","4.47","191","5.44","45.7","1020.5","-","-"
"2022/11/20","01:00","3.69","182","5.05","45.5","1019.9","-","-"
"2022/11/20","02:00","3.69","179","4.86","45.5","1019.7","-","-"
"2022/11/20","03:00","3.5","178","4.67","45.5","1018.9","-","-"
"2022/11/20","04:00","4.28","169","5.64","45.7","1018.2","-","-"
"2022/11/20","05:00","3.11","221","5.25","44.6","1017.7","-","-"
"2022/11/20","06:00","10.11","252","13.61","47.5","1018.2","-","-"
"2022/11/20","07:00","12.05","263","15.36","47.5","1018.4","-","-"
"2022/11/20","08:00","9.14","272","11.66","46.6","1018.4","-","-"
"2022/11/20","09:00","9.91","276","12.05","45.9","1019.2","-","-"
"2022/11/20","10:00","14.19","297","18.47","45.9","1019.9","-","-"
"2022/11/20","11:00","16.72","296","26.44","43.7","1021.1","-","-"
"2022/11/20","12:00","15.36","306","21.97","43","1022.2","-","-"
"2022/11/20","13:00","15.94","295","19.24","40.8","1023.4","-","-"
"2022/11/20","14:00","12.44","287","17.11","40.8","1024.6","-","-"
"2022/11/20","15:00","15.94","312","18.66","41","1025.5","-","-"
"2022/11/20","16:00","14","312","18.86","40.6","1025.4","-","-"
"2022/11/20","17:00","14","325","17.11","41.4","1025","-","-"
"2022/11/20","18:00","9.33","312","12.05","42.8","1024.3","-","-"
"2022/11/20","19:00","7.39","319","12.25","43.7","1024.7","-","-"
"2022/11/20","20:00","13.41","317","15.36","44.4","1024.7","-","-"
"2022/11/20","21:00","9.52","321","13.22","44.4","1025.6","-","-"
"2022/11/20","22:00","9.72","345","12.05","43.7","1026.4","-","-"
"2022/11/20","23:00","8.16","35","10.11","42.1","1027.3","-","-"
"2022/11/21","00:00","9.72","35","11.08","41","1028.1","-","-"
"2022/11/21","01:00","9.52","27","10.89","40.3","1028.5","-","-"
"2022/11/21","02:00","8.36","26","10.5","40.3","1029.3","-","-"
"2022/11/21","03:00","5.83","27","7.97","39.6","1029.9","-","-"
"2022/11/21","04:00","10.3","11","12.44","38.7","1030.4","-","-"
"2022/11/21","05:00","7.19","3","9.33","37.8","1031.4","-","-"
"2022/11/21","06:00","5.05","356","7","37.2","1031.8","-","-"
"2022/11/21","07:00","7.58","27","9.33","37.8","1032.3","-","-"
"2022/11/21","08:00","8.55","18","10.69","38.1","1032.5","-","-"
"2022/11/21","09:00","8.55","21","9.33","37.6","1032.5","-","-"
"2022/11/21","10:00","7","17","9.72","37.9","1032.8","-","-"
"2022/11/21","11:00","6.41","75","10.3","40.3","1033.1","-","-"
"2022/11/21","12:00","8.94","47","10.5","40.3","1033","-","-"
"2022/11/21","13:00","9.52","99","12.44","41.2","1033","-","-"
"2022/11/21","14:00","10.11","95","11.66","41.4","1033.4","-","-"
"2022/11/21","15:00","8.16","104","9.72","42.6","1033.2","-","-"
"2022/11/21","16:00","7.78","141","9.33","45","1032.8","-","-"
"2022/11/21","17:00","6.41","137","10.11","47.7","1031.7","-","-"
"2022/11/21","18:00","4.47","195","8.94","49.6","1030.7","-","-"
"2022/11/21","19:00","8.75","187","13.41","50.2","1029.9","-","-"
"2022/11/21","20:00","7","212","11.86","51.4","1029.1","-","-"
"2022/11/21","21:00","8.16","190","10.3","52","1028.8","-","-"
"2022/11/21","22:00","4.67","193","5.83","50.7","1028.4","-","-"
"2022/11/21","23:00","4.67","193","6.8","49.1","1028.6","-","-"
"2022/11/22","00:00","2.92","217","3.69","47.1","1028.8","-","-"
"2022/11/22","01:00","3.69","204","4.08","45.3","1028.8","-","-"
"2022/11/22","02:00","5.44","199","7.97","45.9","1028.6","-","-"
"2022/11/22","03:00","4.47","214","6.22","45.1","1028.8","-","-"
"2022/11/22","04:00","4.67","216","6.41","45","1029.1","-","-"
"2022/11/22","05:00","4.28","228","5.83","45","1028.9","-","-"
"2022/11/22","06:00","3.69","243","5.83","44.8","1028.7","-","-"
"2022/11/22","07:00","2.14","231","2.72","44.6","1028.4","-","-"
"2022/11/22","08:00","1.56","296","2.72","42.1","1028.2","-","-"
"2022/11/22","09:00","0.19","183","2.92","40.1","1028.2","-","-"
"2022/11/22","10:00","3.11","180","3.69","41.5","1028.5","-","-"
"2022/11/22","11:00","3.11","182","3.3","38.7","1028.7","-","-"
"2022/11/22","12:00","2.33","213","3.11","38.8","1029","-","-"
"2022/11/22","13:00","1.56","275","1.94","42.6","1029","-","-"
"2022/11/22","14:00","3.11","301","4.28","45.7","1029.6","-","-"
"2022/11/22","15:00","2.92","3","3.89","48","1029.4","-","-"
"2022/11/22","16:00","1.36","201","2.14","51.3","1029","-","-"
"2022/11/22","17:00","5.25","93","6.61","52","1028.1","-","-"
"2022/11/22","18:00","4.47","101","6.22","53.4","1027.2","-","-"
"2022/11/22","19:00","6.03","79","6.8","53.4","1026.8","-","-"
"2022/11/22","20:00","6.22","111","7","54.3","1026.2","-","-"
"2022/11/22","21:00","4.86","90","6.03","53.2","1025.8","-","-"
"2022/11/22","22:00","2.92","100","4.28","52","1025.8","-","-"
"2022/11/22","23:00","0.97","157","1.17","49.1","1025.8","-","-"
"2022/11/23","00:00","1.17","181","2.53","46.9","1025.5","-","-"
"2022/11/23","01:00","1.94","177","2.33","45.5","1025.3","-","-"
"2022/11/23","02:00","0","184","1.36","45.1","1025.1","-","-"
"2022/11/23","03:00","1.36","252","1.94","45","1024.7","-","-"
"2022/11/23","04:00","0.78","260","1.36","45.9","1024.5","-","-"
"2022/11/23","05:00","2.33","226","3.3","46.2","1024.2","-","-"
"2022/11/23","06:00","0.97","268","2.14","45.1","1023.8","-","-"
"2022/11/23","07:00","2.72","220","4.47","44.1","1023.8","-","-"
"2022/11/23","08:00","2.33","267","2.72","44.4","1023.8","-","-"
"2022/11/23","09:00","2.33","259","3.11","43.9","1023.3","-","-"
"2022/11/23","10:00","2.33","240","2.72","41.5","1023.6","-","-"
"2022/11/23","11:00","1.75","279","2.72","42.4","1023.9","-","-"
"2022/11/23","12:00","4.28","304","7.19","45.7","1024.1","-","-"
"2022/11/23","13:00","7.39","321","8.55","46.9","1024.7","-","-"
"2022/11/23","14:00","3.11","337","4.28","48.7","1025.3","-","-"
"2022/11/23","15:00","1.17","18","1.94","55.2","1025.6","-","-"
"2022/11/23","16:00","7","44","9.14","55.9","1025.6","-","-"
"2022/11/23","17:00","5.44","73","7.78","56.3","1025","-","-"
"2022/11/23","18:00","8.94","98","9.91","55","1024.4","-","-"
"2022/11/23","19:00","7.39","111","7.97","55.9","1023.9","-","-"
"2022/11/23","20:00","6.61","87","7.39","56.1","1023.9","-","-"
"2022/11/23","21:00","7","95","7.97","55.4","1024.2","-","-"
"2022/11/23","22:00","2.53","156","3.3","53.8","1024.2","-","-"
"2022/11/23","23:00","1.75","174","1.94","51.4","1024.8","-","-"
"2022/11/24","00:00","0","258","0.97","48","1025.4","-","-"
"2022/11/24","01:00","0.97","256","1.75","45.9","1025.7","-","-"
"2022/11/24","02:00","0.58","178","0.78","45.3","1026.3","-","-"
"2022/11/24","03:00","1.36","283","1.94","45","1026.3","-","-"
"2022/11/24","04:00","1.94","288","3.3","46.6","1026.2","-","-"
"2022/11/24","05:00","2.72","297","3.3","46.4","1026.1","-","-"
"2022/11/24","06:00","3.11","301","4.28","45.9","1026.3","-","-"
"2022/11/24","07:00","2.53","298","3.11","45.7","1026.5","-","-"
"2022/11/24","08:00","3.89","312","4.67","46.9","1026.3","-","-"
"2022/11/24","09:00","2.92","349","3.3","47.1","1026.6","-","-"
"2022/11/24","10:00","2.92","36","4.47","47.8","1027","-","-"
"2022/11/24","11:00","2.72","354","3.11","46.8","1027.2","-","-"
"2022/11/24","12:00","2.33","359","2.72","47.7","1027.8","-","-"
"2022/11/24","13:00","2.53","341","3.5","48.4","1028.4","-","-"
"2022/11/24","14:00","2.33","351","3.3","49.6","1028.6","-","-"
"2022/11/24","15:00","1.17","334","1.75","52.3","1028.5","-","-"
"2022/11/24","16:00","0.39","120","1.17","56.1","1028.2","-","-"
"2022/11/24","17:00","5.44","64","5.83","54.7","1027.8","-","-"
"2022/11/24","18:00","6.8","70","7.58","55.2","1026.8","-","-"
"2022/11/24","19:00","6.8","68","7.58","55.2","1026.5","-","-"
"2022/11/24","20:00","6.41","62","7.58","55.4","1025.9","-","-"
"2022/11/24","21:00","5.83","74","6.22","55","1025.5","-","-"
"2022/11/24","22:00","4.67","109","5.05","54.3","1025.1","-","-"
"2022/11/24","23:00","1.75","116","2.92","52.9","1025.2","-","-"
"2022/11/25","00:00","1.56","160","1.56","51.3","1025","-","-"
"2022/11/25","01:00","2.53","134","2.92","50.9","1024.6","-","-"
"2022/11/25","02:00","0.78","208","1.56","49.3","1024","-","-"
"2022/11/25","03:00","0.39","199","1.36","49.3","1023.4","-","-"
"2022/11/25","04:00","0.78","147","0.97","48.7","1022.9","-","-"
"2022/11/25","05:00","2.14","167","2.72","49.8","1021.9","-","-"
"2022/11/25","06:00","2.33","178","3.11","51.4","1021.2","-","-"
"2022/11/25","07:00","0","64","0.58","51.3","1020.8","-","-"
"2022/11/25","08:00","1.56","196","1.94","50.7","1020.1","-","-"
"2022/11/25","09:00","2.72","324","2.92","52.5","1018.6","-","-"
"2022/11/25","10:00","5.05","294","6.03","52","1017.9","-","-"
"2022/11/25","11:00","6.41","295","7.97","51.6","1017.6","-","-"
"2022/11/25","12:00","4.67","184","5.64","51.4","1016.8","-","-"
"2022/11/25","13:00","9.72","273","12.44","52.3","1016.8","-","-"
"2022/11/25","14:00","10.11","319","11.08","53.8","1015.7","-","-"
"2022/11/25","15:00","2.14","279","2.92","54.7","1014.8","-","-"
"2022/11/25","16:00","1.94","286","3.3","53.2","1014.2","-","-"
"2022/11/25","17:00","6.22","310","6.41","53.1","1013","-","-"
"2022/11/25","18:00","4.86","269","6.8","55.4","1011.6","-","-"
"2022/11/25","19:00","7.19","253","9.91","58.1","1011.2","-","-"
"2022/11/25","20:00","6.22","260","9.33","59.7","1011.5","-","-"
"2022/11/25","21:00","6.61","322","7.19","58.3","1012.2","-","-"
"2022/11/25","22:00","7.39","312","8.75","56.1","1013","-","-"
"2022/11/25","23:00","4.47","342","5.05","57.4","1013.5","-","-"
"2022/11/26","00:00","6.22","312","6.8","55.8","1014.3","-","-"
"2022/11/26","01:00","6.22","321","7","53.8","1015.2","-","-"
"2022/11/26","02:00","7.78","311","11.08","54.1","1016","-","-"
"2022/11/26","03:00","11.08","318","14.19","53.2","1016.9","-","-"
"2022/11/26","04:00","10.5","329","12.44","52","1017.4","-","-"
"2022/11/26","05:00","9.33","342","10.89","50.5","1017.8","-","-"
"2022/11/26","06:00","9.14","332","10.89","50","1018.3","-","-"
"2022/11/26","07:00","10.5","336","13.02","49.1","1019.2","-","-"
"2022/11/26","08:00","7.78","321","9.52","48.7","1019.8","-","-"
"2022/11/26","09:00","6.61","350","8.75","47.3","1019.8","-","-"
"2022/11/26","10:00","6.61","336","7.58","47.3","1020.4","-","-"
"2022/11/26","11:00","8.16","336","9.52","47.8","1021.2","-","-"
"2022/11/26","12:00","6.61","359","8.16","46.8","1021.3","-","-"
"2022/11/26","13:00","4.67","318","6.22","48","1022","-","-"
"2022/11/26","14:00","6.61","342","9.14","48.9","1022.3","-","-"
"2022/11/26","15:00","3.3","302","5.25","50.2","1022.8","-","-"
"2022/11/26","16:00","3.89","327","5.64","52.3","1022.3","-","-"
"2022/11/26","17:00","6.41","331","6.8","52.7","1021.3","-","-"
"2022/11/26","18:00","11.66","249","14","54.5","1020.4","-","-"
"2022/11/26","19:00","10.69","254","12.83","56.1","1019.9","-","-"
"2022/11/26","20:00","6.8","263","11.86","56.7","1019.8","-","-"
"2022/11/26","21:00","2.33","237","4.28","57.7","1019.6","-","-"
"2022/11/26","22:00","2.14","173","2.53","53.2","1019.3","-","-"
"2022/11/26","23:00","3.69","199","5.83","52.2","1019.5","-","-"
"2022/11/27","00:00","2.14","155","2.92","51.1","1020.1","-","-"
"2022/11/27","01:00","4.47","218","6.41","50.4","1020","-","-"
"2022/11/27","02:00","6.41","204","9.33","50.4","1019.5","-","-"
"2022/11/27","03:00","7.19","202","10.3","50.5","1018.6","-","-"
"2022/11/27","04:00","10.11","213","11.86","49.8","1018.3","-","-"
"2022/11/27","05:00","10.89","214","13.02","49.3","1018","-","-"
"2022/11/27","06:00","7.97","206","10.5","49.1","1017.6","-","-"
"2022/11/27","07:00","6.22","213","7.97","48.9","1017.2","-","-"
"2022/11/27","08:00","8.55","202","11.08","49.8","1016","-","-"
"2022/11/27","09:00","7.19","207","10.69","49.5","1015.9","-","-"
"2022/11/27","10:00","6.03","191","7.78","49.3","1015.1","-","-"
"2022/11/27","11:00","4.28","184","7.39","49.5","1014.6","-","-"
"2022/11/27","12:00","5.83","177","7.97","50.9","1013.7","-","-"
"2022/11/27","13:00","6.8","187","8.75","52.9","1013.4","-","-"
"2022/11/27","14:00","7.97","172","11.27","53.2","1012.4","-","-"
"2022/11/27","15:00","11.27","176","13.61","54.5","1010.6","-","-"
"2022/11/27","16:00","10.11","188","15.55","56.5","1009.5","-","-"
"2022/11/27","17:00","8.94","196","14.38","58.3","1007.8","-","-"
"2022/11/27","18:00","12.05","170","15.55","60.1","1004.6","-","-"
"2022/11/27","19:00","9.72","184","16.33","63","1002.3","-","-"
"2022/11/27","20:00","13.61","192","22.55","65.3","1000.6","-","-"
"2022/11/27","21:00","14","180","21.19","66.4","999.1","-","-"
"2022/11/27","22:00","10.69","209","19.24","67.8","999","-","-"
"2022/11/27","23:00","9.33","205","13.41","68.2","999.3","-","-"
"2022/11/28","00:00","9.14","221","13.61","68.2","999.6","-","-"
"2022/11/28","01:00","10.89","239","14.38","68.9","999.8","-","-"
"2022/11/28","02:00","10.69","243","14.58","68.2","1000.4","-","-"
"2022/11/28","03:00","9.14","246","10.89","66.4","1000.9","-","-"
"2022/11/28","04:00","11.27","245","14.97","65.8","1001.1","-","-"
"2022/11/28","05:00","11.47","241","14.77","64.4","1001.5","-","-"
"2022/11/28","06:00","8.16","251","14.19","62.8","1001.8","-","-"
"2022/11/28","07:00","10.89","245","14.58","61","1002.3","-","-"
"2022/11/28","08:00","11.66","245","15.36","59.5","1002.9","-","-"
"2022/11/28","09:00","11.08","247","16.52","58.1","1003.2","-","-"
"2022/11/28","10:00","12.05","237","14.77","56.7","1003.6","-","-"
"2022/11/28","11:00","12.44","234","14.77","55.4","1004.5","-","-"
"2022/11/28","12:00","11.66","235","14.77","54","1005.4","-","-"
"2022/11/28","13:00","12.83","242","17.49","54.7","1006.5","-","-"
"2022/11/28","14:00","9.14","263","14.58","56.8","1007.4","-","-"
"2022/11/28","15:00","8.75","283","12.83","59.5","1008.3","-","-"
"2022/11/28","16:00","14.77","292","18.08","61","1008.7","-","-"
"2022/11/28","17:00","14","313","16.52","58.3","1008.7","-","-"
"2022/11/28","18:00","16.91","319","19.63","58.3","1009.4","-","-"
"2022/11/28","19:00","10.5","309","12.44","56.3","1010.2","-","-"
"2022/11/28","20:00","11.66","333","15.16","57.6","1011.3","-","-"
"2022/11/28","21:00","12.25","345","14.58","57.4","1012.2","-","-"
"2022/11/28","22:00","8.16","3","12.25","55","1013.6","-","-"
"2022/11/28","23:00","10.11","2","13.02","53.4","1015.1","-","-"
"2022/11/29","00:00","5.64","7","7","52.2","1016.4","-","-"
"2022/11/29","01:00","4.47","338","6.03","50.9","1017.3","-","-"
"2022/11/29","02:00","5.05","2","6.41","50.2","1017.8","-","-"
"2022/11/29","03:00","5.44","328","6.41","50","1018.7","-","-"
"2022/11/29","04:00","7.58","327","8.94","50","1019.5","-","-"
"2022/11/29","05:00","6.8","346","7.97","48","1019.8","-","-"
"2022/11/29","06:00","5.83","355","7.39","47.5","1020.1","-","-"
"2022/11/29","07:00","6.41","354","8.16","46","1020.9","-","-"
"2022/11/29","08:00","7.39","19","8.55","46","1021","-","-"
"2022/11/29","09:00","5.44","1","7","46.2","1021.7","-","-"
"2022/11/29","10:00","3.69","330","4.86","45.5","1022.1","-","-"
"2022/11/29","11:00","3.69","355","4.47","45.7","1022.7","-","-"
"2022/11/29","12:00","3.69","14","5.44","46.6","1023.5","-","-"
"2022/11/29","13:00","4.67","48","5.64","48.4","1024.6","-","-"
"2022/11/29","14:00","3.89","98","6.22","50.9","1026.1","-","-"
"2022/11/29","15:00","6.61","96","7.97","51.1","1026.1","-","-"
"2022/11/29","16:00","5.44","84","6.41","51.4","1026.2","-","-"
"2022/11/29","17:00","6.41","78","7.58","51.4","1025.7","-","-"
"2022/11/29","18:00","7.39","76","8.75","51.6","1024.7","-","-"
"2022/11/29","19:00","7.97","86","9.33","51.8","1024.1","-","-"
"2022/11/29","20:00","7.58","92","8.16","52.5","1024","-","-"
"2022/11/29","21:00","6.8","102","8.16","52.5","1024.3","-","-"
"2022/11/29","22:00","6.8","119","8.55","51.4","1023.9","-","-"
"2022/11/29","23:00","7.78","132","9.91","51.4","1024.1","-","-"
"2022/11/30","00:00","4.47","140","6.22","51.3","1024.3","-","-"
"2022/11/30","01:00","3.89","141","5.05","50.5","1023.9","-","-"
"2022/11/30","02:00","3.69","145","5.25","50.5","1023.5","-","-"
"2022/11/30","03:00","5.83","141","7.39","50.4","1022.9","-","-"
"2022/11/30","04:00","7.58","163","9.14","50.5","1022.9","-","-"
"2022/11/30","05:00","5.83","160","7.78","50.5","1022.1","-","-"
"2022/11/30","06:00","7.97","164","9.14","52.2","1020.9","-","-"
"2022/11/30","07:00","6.8","159","8.75","52.7","1019.8","-","-"
"2022/11/30","08:00","7.78","149","8.94","53.1","1018.9","-","-"
"2022/11/30","09:00","6.03","150","7.39","53.8","1018.6","-","-"
"2022/11/30","10:00","6.41","159","8.16","54.9","1017.8","-","-"
"2022/11/30","11:00","7","156","8.16","56.1","1017.6","-","-"
"2022/11/30","12:00","7.78","179","11.86","57.9","1017.1","-","-"
"2022/11/30","13:00","8.16","177","13.8","57.4","1016.4","-","-"
"2022/11/30","14:00","5.05","199","7.19","56.5","1016.6","-","-"
"2022/11/30","15:00","3.89","240","6.8","55.9","1016.5","-","-"
"2022/11/30","16:00","4.28","238","6.8","55.2","1015.2","-","-"
"2022/11/30","17:00","14","175","19.24","57.2","1010.7","-","-"
"2022/11/30","18:00","4.08","202","8.36","58.3","1010.8","-","-"
"2022/11/30","19:00","9.33","190","14.19","59.5","1009.5","-","-"
"2022/11/30","20:00","7.97","198","12.44","61","1009.4","-","-"
"2022/11/30","21:00","8.36","227","15.36","61","1009.2","-","-"
"2022/11/30","22:00","6.61","237","8.94","60.6","1010.1","-","-"
"2022/11/30","23:00","9.52","233","14","60.1","1011.4","-","-"
"2022/12/01","00:00","14","264","17.88","61","1012.7","-","-"
"2022/12/01","01:00","24.3","322","31.68","58.3","1014.6","-","-"
"2022/12/01","02:00","14.19","301","18.27","55.8","1015.7","-","-"
"2022/12/01","03:00","14.38","293","16.13","53.2","1016.5","-","-"
"2022/12/01","04:00","11.08","276","14.38","50.5","1017.6","-","-"
"2022/12/01","05:00","13.8","286","16.33","49.3","1018.4","-","-"
"2022/12/01","06:00","13.02","284","17.3","47.8","1019.2","-","-"
"2022/12/01","07:00","13.8","275","15.94","46.8","1020.1","-","-"
"2022/12/01","08:00","10.3","270","13.02","45.3","1021.2","-","-"
"2022/12/01","09:00","10.3","271","12.44","43.9","1022.4","-","-"
"2022/12/01","10:00","9.72","295","12.63","43.2","1023.7","-","-"
"2022/12/01","11:00","13.22","294","18.27","42.3","1024.6","-","-"
"2022/12/01","12:00","12.83","295","17.3","42.4","1026.2","-","-"
"2022/12/01","13:00","13.8","294","17.88","42.3","1027.7","-","-"
"2022/12/01","14:00","12.83","296","16.33","43","1028.8","-","-"
"2022/12/01","15:00","10.5","301","16.91","44.2","1029.7","-","-"
"2022/12/01","16:00","10.5","332","13.8","44.6","1030.6","-","-"
"2022/12/01","17:00","12.63","323","15.55","45.1","1030.2","-","-"
"2022/12/01","18:00","13.8","323","15.36","46.2","1029.9","-","-"
"2022/12/01","19:00","14.77","316","19.44","46.9","1029.6","-","-"
"2022/12/01","20:00","15.55","306","16.91","47.8","1029.9","-","-"
"2022/12/01","21:00","12.44","316","14.38","48","1030.5","-","-"
"2022/12/01","22:00","8.16","340","9.91","47.5","1031.3","-","-"
"2022/12/01","23:00","3.5","256","3.89","45.1","1032","-","-"
"2022/12/02","00:00","1.56","238","2.33","41.5","1032.2","-","-"
"2022/12/02","01:00","1.56","231","2.33","40.5","1032.7","-","-"
"2022/12/02","02:00","4.47","36","5.05","43.5","1033","-","-"
"2022/12/02","03:00","0.58","238","1.75","39.7","1033.1","-","-"
"2022/12/02","04:00","0.78","48","1.36","40.5","1033.1","-","-"
"2022/12/02","05:00","1.75","275","2.53","39","1032.8","-","-"
"2022/12/02","06:00","1.94","269","2.53","39.2","1033.1","-","-"
"2022/12/02","07:00","2.14","261","2.72","38.1","1033.3","-","-"
"2022/12/02","08:00","0.97","264","1.56","37.8","1033.4","-","-"
"2022/12/02","09:00","2.14","217","2.53","36.9","1033.1","-","-"
"2022/12/02","10:00","1.94","241","2.33","36.9","1033.5","-","-"
"2022/12/02","11:00","1.56","248","2.53","37.2","1034.3","-","-"
"2022/12/02","12:00","3.11","224","3.5","35.8","1035.1","-","-"
"2022/12/02","13:00","0.97","191","1.56","38.3","1035.2","-","-"
"2022/12/02","14:00","0.58","225","1.75","44.6","1035.6","-","-"
"2022/12/02","15:00","4.47","197","8.16","47.3","1035.5","-","-"
"2022/12/02","16:00","9.52","197","12.44","48.7","1034.6","-","-"
"2022/12/02","17:00","7.97","193","11.86","50.4","1033.1","-","-"
"2022/12/02","18:00","9.52","190","12.83","51.3","1032.6","-","-"
"2022/12/02","19:00","5.25","183","10.3","53.1","1031.7","-","-"
"2022/12/02","20:00","6.03","176","8.55","54.5","1031.2","-","-"
"2022/12/02","21:00","7.19","106","8.16","51.6","1031.5","-","-"
"2022/12/02","22:00","3.89","159","6.03","50.5","1031.5","-","-"
"2022/12/02","23:00","3.11","178","3.5","48.6","1031.7","-","-"
"2022/12/03","00:00","5.05","177","6.03","48.9","1031.4","-","-"
"2022/12/03","01:00","5.25","182","6.41","49.5","1031","-","-"
"2022/12/03","02:00","5.83","173","7.39","49.6","1030.7","-","-"
"2022/12/03","03:00","6.8","164","8.75","51.1","1030.2","-","-"
"2022/12/03","04:00","5.64","177","8.16","51.1","1029.9","-","-"
"2022/12/03","05:00","5.25","187","6.61","52","1029.9","-","-"
"2022/12/03","06:00","8.55","185","14","52.5","1029.4","-","-"
"2022/12/03","07:00","8.75","186","11.66","53.6","1028.8","-","-"
"2022/12/03","08:00","11.08","185","13.8","55.2","1027.7","-","-"
"2022/12/03","09:00","10.3","192","15.55","57.2","1026.9","-","-"
"2022/12/03","10:00","11.08","194","14.19","58.3","1026.3","-","-"
"2022/12/03","11:00","11.08","201","15.75","57.9","1026.4","-","-"
"2022/12/03","12:00","9.52","188","12.63","56.1","1026","-","-"
"2022/12/03","13:00","12.05","184","14.58","57.6","1024.9","-","-"
"2022/12/03","14:00","11.86","191","16.91","59.2","1024.3","-","-"
"2022/12/03","15:00","7.58","208","12.63","59.9","1024.6","-","-"
"2022/12/03","16:00","11.27","220","14.58","61.5","1024.5","-","-"
"2022/12/03","17:00","8.16","197","11.86","58.8","1022.9","-","-"
"2022/12/03","18:00","10.11","215","12.44","60.3","1022.3","-","-"
"2022/12/03","19:00","8.36","225","13.22","60.3","1021.6","-","-"
"2022/12/03","20:00","13.8","214","18.08","60.3","1020.6","-","-"
"2022/12/03","21:00","13.02","227","18.66","61.2","1020.2","-","-"
"2022/12/03","22:00","8.94","221","14.38","61","1019.9","-","-"
"2022/12/03","23:00","7.97","231","14","60.4","1020.3","-","-"
"2022/12/04","00:00","11.08","237","14.97","60.4","1020.2","-","-"
"2022/12/04","01:00","10.69","237","16.33","59.7","1020.5","-","-"
"2022/12/04","02:00","11.47","250","15.16","59.2","1020.8","-","-"
"2022/12/04","03:00","6.41","317","7.19","58.3","1021.3","-","-"
"2022/12/04","04:00","9.14","285","10.5","57.7","1021.6","-","-"
"2022/12/04","05:00","16.91","334","20.8","56.7","1022.3","-","-"
"2022/12/04","06:00","8.94","341","10.3","54","1022.3","-","-"
"2022/12/04","07:00","10.3","343","12.83","51.4","1022.8","-","-"
"2022/12/04","08:00","7.19","344","8.36","49.6","1022.9","-","-"
"2022/12/04","09:00","6.61","351","7.78","48","1023.3","-","-"
"2022/12/04","10:00","7.19","25","10.11","46.8","1023.2","-","-"
"2022/12/04","11:00","7","3","8.75","45.3","1023.9","-","-"
"2022/12/04","12:00","7.19","4","9.91","44.4","1024.9","-","-"
"2022/12/04","13:00","7.97","9","10.11","43.5","1025.3","-","-"
"2022/12/04","14:00","10.11","3","13.41","43.7","1025.5","-","-"
"2022/12/04","15:00","9.91","26","12.25","44.6","1025.4","-","-"
"2022/12/04","16:00","6.61","26","8.94","45.5","1024.8","-","-"
"2022/12/04","17:00","4.28","65","6.03","46.6","1024","-","-"
"2022/12/04","18:00","2.53","93","3.3","47.1","1023.4","-","-"
"2022/12/04","19:00","2.72","27","4.86","47.8","1022.8","-","-"
"2022/12/04","20:00","4.86","95","7.58","46","1023","-","-"
"2022/12/04","21:00","5.44","86","7","45.9","1023.3","-","-"
"2022/12/04","22:00","6.8","77","8.55","45.3","1023.1","-","-"
"2022/12/04","23:00","7.19","72","8.16","45.1","1022.5","-","-"
"2022/12/05","00:00","7.58","38","8.75","44.6","1023.2","-","-"
"2022/12/05","01:00","3.3","53","4.08","44.2","1023.5","-","-"
"2022/12/05","02:00","1.94","41","2.72","43.7","1023.2","-","-"
"2022/12/05","03:00","0.39","322","1.17","39.9","1023.5","-","-"
"2022/12/05","04:00","3.3","13","3.89","43.2","1023.2","-","-"
"2022/12/05","05:00","2.53","223","2.92","37.8","1022.8","-","-"
"2022/12/05","06:00","1.36","232","2.53","37.6","1022.7","-","-"
"2022/12/05","07:00","1.94","262","2.53","38.1","1022.7","-","-"
"2022/12/05","08:00","1.75","254","2.53","37.8","1022.7","-","-"
"2022/12/05","09:00","2.92","292","3.69","39.9","1022.8","-","-"
"2022/12/05","10:00","3.69","289","4.47","37.4","1023.3","-","-"
"2022/12/05","11:00","3.5","276","4.67","38.7","1023.5","-","-"
"2022/12/05","12:00","4.47","303","5.83","38.7","1024","-","-"
"2022/12/05","13:00","3.69","305","6.03","39.2","1024.6","-","-"
"2022/12/05","14:00","5.83","316","7.58","41.2","1025.2","-","-"
"2022/12/05","15:00","5.25","36","6.8","44.8","1025.5","-","-"
"2022/12/05","16:00","5.83","71","7.19","46.6","1025.2","-","-"
"2022/12/05","17:00","7.58","80","9.52","47.7","1024.4","-","-"
"2022/12/05","18:00","7.39","70","8.75","48.4","1023.6","-","-"
"2022/12/05","19:00","5.44","66","7","49.1","1023.1","-","-"
"2022/12/05","20:00","4.28","58","4.86","50","1023.1","-","-"
"2022/12/05","21:00","3.5","65","3.89","49.5","1023.2","-","-"
"2022/12/05","22:00","1.36","80","1.94","49.6","1023.1","-","-"
"2022/12/05","23:00","2.14","153","2.53","47.8","1023","-","-"
"2022/12/06","00:00","2.53","133","3.5","48.6","1023.4","-","-"
"2022/12/06","01:00","2.92","4","3.89","49.1","1024.1","-","-"
"2022/12/06","02:00","1.94","346","2.53","48.2","1024","-","-"
"2022/12/06","03:00","3.89","336","4.47","48.2","1023.8","-","-"
"2022/12/06","04:00","2.53","303","3.69","47.3","1023.6","-","-"
"2022/12/06","05:00","3.69","336","4.86","47.7","1023.1","-","-"
"2022/12/06","06:00","2.92","334","3.5","47.1","1022.7","-","-"
"2022/12/06","07:00","1.17","2","1.75","47.3","1022.8","-","-"
"2022/12/06","08:00","2.53","332","3.69","47.7","1022.7","-","-"
"2022/12/06","09:00","3.3","320","3.69","48.4","1022.6","-","-"
"2022/12/06","10:00","3.5","320","4.28","49.1","1022.8","-","-"
"2022/12/06","11:00","2.53","85","3.11","49.5","1022.8","-","-"
"2022/12/06","12:00","3.3","315","3.89","50","1023.1","-","-"
"2022/12/06","13:00","4.86","306","7.78","49.5","1023.7","-","-"
"2022/12/06","14:00","5.25","301","6.41","50.2","1024.3","-","-"
"2022/12/06","15:00","1.94","300","2.92","50.4","1024.7","-","-"
"2022/12/06","16:00","2.14","298","2.72","51.1","1024.2","-","-"
"2022/12/06","17:00","3.5","46","4.08","53.2","1023.1","-","-"
"2022/12/06","18:00","5.05","76","6.03","53.6","1022.9","-","-"
"2022/12/06","19:00","6.8","184","10.89","63.7","1022.2","-","-"
"2022/12/06","20:00","5.83","178","7.19","63.7","1022.5","-","-"
"2022/12/06","21:00","5.44","72","5.83","55","1023.1","-","-"
"2022/12/06","22:00","2.53","165","2.72","54.9","1022.9","-","-"
"2022/12/06","23:00","2.14","154","2.33","55.2","1023.2","-","-"
"2022/12/07","00:00","0.97","144","1.36","56.5","1023.3","-","-"
"2022/12/07","01:00","1.17","204","2.33","61","1023.7","-","-"
"2022/12/07","02:00","6.41","190","12.63","62.2","1023.6","-","-"
"2022/12/07","03:00","6.03","192","10.3","62.1","1023.6","-","-"
"2022/12/07","04:00","5.64","174","6.8","61.2","1023.5","-","-"
"2022/12/07","05:00","7","174","9.14","60.8","1023.2","-","-"
"2022/12/07","06:00","7.97","191","11.86","61.7","1023","-","-"
"2022/12/07","07:00","7.39","207","10.69","62.2","1023.1","-","-"
"2022/12/07","08:00","6.22","201","12.63","62.2","1023","-","-"
"2022/12/07","09:00","7.19","217","11.08","62.6","1023.1","-","-"
"2022/12/07","10:00","7.19","214","10.89","62.4","1022.8","-","-"
"2022/12/07","11:00","6.03","219","8.16","61.9","1022.7","-","-"
"2022/12/07","12:00","7.39","205","10.89","62.2","1023.2","-","-"
"2022/12/07","13:00","5.05","208","7","62.2","1023.2","-","-"
"2022/12/07","14:00","6.03","222","10.11","63.1","1023.6","-","-"
"2022/12/07","15:00","8.16","216","10.5","63.5","1023.7","-","-"
"2022/12/07","16:00","6.61","228","9.72","63.5","1023.4","-","-"
"2022/12/07","17:00","8.36","221","11.47","63","1022.6","-","-"
"2022/12/07","18:00","9.14","210","12.05","63","1021.8","-","-"
"2022/12/07","19:00","9.72","228","14.97","64.2","1021.3","-","-"
"2022/12/07","20:00","11.47","212","15.75","64.2","1020.6","-","-"
"2022/12/07","21:00","14.19","218","18.08","64.4","1020.6","-","-"
"2022/12/07","22:00","7.58","228","11.27","64","1021.1","-","-"
"2022/12/07","23:00","5.64","207","8.16","64","1021.1","-","-"
"2022/12/08","00:00","5.83","230","8.94","63.9","1021.2","-","-"
"2022/12/08","01:00","2.33","254","3.69","63.5","1021","-","-"
"2022/12/08","02:00","8.36","249","12.83","63.9","1021.2","-","-"
"2022/12/08","03:00","5.83","251","9.52","63.7","1021","-","-"
"2022/12/08","04:00","6.8","260","10.11","63.5","1020.7","-","-"
"2022/12/08","05:00","8.94","278","11.27","62.8","1020.8","-","-"
"2022/12/08","06:00","9.52","323","10.69","58.3","1020.9","-","-"
"2022/12/08","07:00","7.97","319","9.14","57.2","1021","-","-"
"2022/12/08","08:00","7.78","324","9.33","56.7","1021.5","-","-"
"2022/12/08","09:00","7","8","9.91","59.2","1021.5","-","-"
"2022/12/08","10:00","7.58","50","8.36","57","1021.9","-","-"
"2022/12/08","11:00","8.55","48","9.91","54.7","1022.5","-","-"
"2022/12/08","12:00","7.19","12","9.33","54.7","1023.3","-","-"
"2022/12/08","13:00","9.14","30","10.5","53.4","1024.1","-","-"
"2022/12/08","14:00","7.97","71","9.14","52.5","1023.9","-","-"
"2022/12/08","15:00","6.22","60","8.16","54.1","1023.8","-","-"
"2022/12/08","16:00","11.66","29","13.8","55.6","1024.7","-","-"
"2022/12/08","17:00","11.27","45","13.41","56.3","1024","-","-"
"2022/12/08","18:00","10.69","33","12.83","55.8","1023.9","-","-"
"2022/12/08","19:00","9.52","43","11.86","55","1023.2","-","-"
"2022/12/08","20:00","10.5","33","12.44","55.2","1023.2","-","-"
"2022/12/08","21:00","9.33","30","11.47","54.7","1022.8","-","-"
"2022/12/08","22:00","4.67","17","5.83","53.8","1023.1","-","-"
"2022/12/08","23:00","3.89","352","4.67","53.2","1023.2","-","-"
"2022/12/09","00:00","5.64","338","6.41","52.9","1023.5","-","-"
"2022/12/09","01:00","6.61","5","7.78","52.3","1023.5","-","-"
"2022/12/09","02:00","6.03","18","7.39","52.2","1023.3","-","-"
"2022/12/09","03:00","6.22","22","8.16","51.8","1023.2","-","-"
"2022/12/09","04:00","8.55","21","9.91","51.4","1023.8","-","-"
"2022/12/09","05:00","10.69","31","14","50.9","1023.9","-","-"
"2022/12/09","06:00","7.19","21","8.16","50.4","1023.8","-","-"
"2022/12/09","07:00","7","31","9.72","49.6","1023.6","-","-"
"2022/12/09","08:00","8.16","36","9.52","49.1","1023.5","-","-"
"2022/12/09","09:00","10.3","28","13.61","48.7","1023.4","-","-"
"2022/12/09","10:00","7","349","9.52","47.7","1023.6","-","-"
"2022/12/09","11:00","7.97","1","9.91","46.9","1023.7","-","-"
"2022/12/09","12:00","8.16","10","10.11","46.4","1024.1","-","-"
"2022/12/09","13:00","8.36","5","10.89","45.7","1024.3","-","-"
"2022/12/09","14:00","10.11","8","12.25","45.9","1024.5","-","-"
"2022/12/09","15:00","11.27","25","14.19","46.6","1024.9","-","-"
"2022/12/09","16:00","11.27","36","14.97","46.2","1024.7","-","-"
"2022/12/09","17:00","11.08","45","12.63","46.6","1024.1","-","-"
"2022/12/09","18:00","8.36","36","11.47","47.5","1024","-","-"
"2022/12/09","19:00","10.3","28","13.61","48.4","1023.4","-","-"
"2022/12/09","20:00","9.33","38","13.61","48.9","1023","-","-"
"2022/12/09","21:00","8.55","58","10.69","48","1023.5","-","-"
"2022/12/09","22:00","8.75","37","10.89","46.2","1023.8","-","-"
"2022/12/09","23:00","8.75","25","10.3","45.1","1023.8","-","-"
"2022/12/10","00:00","7.58","17","9.33","44.6","1024.1","-","-"
"2022/12/10","01:00","7.39","2","8.36","43.9","1024.5","-","-"
"2022/12/10","02:00","8.36","5","9.72","43.2","1024.8","-","-"
"2022/12/10","03:00","9.52","8","11.66","42.6","1024.7","-","-"
"2022/12/10","04:00","7.39","15","8.36","43","1024.6","-","-"
"2022/12/10","05:00","6.41","21","7.97","42.8","1024.2","-","-"
"2022/12/10","06:00","4.28","338","5.05","43","1024.3","-","-"
"2022/12/10","07:00","5.83","14","7","42.3","1024.1","-","-"
"2022/12/10","08:00","9.52","319","10.5","42.3","1024.8","-","-"
"2022/12/10","09:00","9.14","345","10.5","40.6","1024.7","-","-"
"2022/12/10","10:00","11.47","21","12.83","40.3","1024.5","-","-"
"2022/12/10","11:00","6.61","352","8.16","40.5","1024.9","-","-"
"2022/12/10","12:00","7.39","315","10.11","39.7","1025.5","-","-"
"2022/12/10","13:00","7.39","329","8.94","39.6","1025.8","-","-"
"2022/12/10","14:00","8.16","2","9.52","41.9","1025.9","-","-"
"2022/12/10","15:00","4.47","348","7","45","1026.8","-","-"
"2022/12/10","16:00","6.22","4","10.5","45.9","1026.1","-","-"
"2022/12/10","17:00","4.08","37","5.64","48.4","1025.5","-","-"
"2022/12/10","18:00","2.53","36","6.22","49.6","1025","-","-"
"2022/12/10","19:00","5.44","55","8.16","49.8","1024.8","-","-"
"2022/12/10","20:00","4.67","42","6.61","50.4","1024.9","-","-"
"2022/12/10","21:00","5.05","39","6.8","49.6","1024.7","-","-"
"2022/12/10","22:00","10.69","43","11.86","48.2","1025.1","-","-"
"2022/12/10","23:00","7.58","44","8.94","47.3","1025.3","-","-"
"2022/12/11","00:00","7.97","35","9.72","46.8","1025","-","-"
"2022/12/11","01:00","6.03","0","7","46.2","1025.3","-","-"
"2022/12/11","02:00","8.36","11","10.3","45.7","1025.1","-","-"
"2022/12/11","03:00","5.25","353","6.41","45.7","1024.8","-","-"
"2022/12/11","04:00","6.22","7","8.75","46.4","1024.7","-","-"
"2022/12/11","05:00","5.25","347","7","45.5","1023.9","-","-"
"2022/12/11","06:00","6.8","317","8.55","45.7","1023.8","-","-"
"2022/12/11","07:00","10.5","321","11.66","45.7","1024.3","-","-"
"2022/12/11","08:00","4.86","336","7.97","45.1","1024","-","-"
"2022/12/11","09:00","2.53","359","3.11","45.3","1023.4","-","-"
"2022/12/11","10:00","6.03","332","7.19","45.3","1023.7","-","-"
"2022/12/11","11:00","4.28","324","5.64","45.3","1023.1","-","-"
"2022/12/11","12:00","1.75","342","3.69","45.5","1022.5","-","-"
"2022/12/11","13:00","1.75","337","2.72","45.9","1022.2","-","-"
"2022/12/11","14:00","5.44","321","6.22","46.4","1022.8","-","-"
"2022/12/11","15:00","6.22","308","7.58","46.9","1022.7","-","-"
"2022/12/11","16:00","3.89","293","4.28","47.7","1021.5","-","-"
"2022/12/11","17:00","0.97","37","1.17","51.8","1020.2","-","-"
"2022/12/11","18:00","1.75","59","2.14","50.4","1019.7","-","-"
"2022/12/11","19:00","2.72","66","3.3","50.5","1018.8","-","-"
"2022/12/11","20:00","3.5","56","4.28","51.6","1018.2","-","-"
"2022/12/11","21:00","3.11","96","3.5","50.9","1017.8","-","-"
"2022/12/11","22:00","1.75","237","1.94","49.8","1017.7","-","-"
"2022/12/11","23:00","2.53","261","3.11","49.3","1017.8","-","-"
"2022/12/12","00:00","3.11","281","4.08","49.6","1018.1","-","-"
"2022/12/12","01:00","4.28","293","5.05","50","1018.5","-","-"
"2022/12/12","02:00","4.47","289","5.25","49.3","1018.3","-","-"
"2022/12/12","03:00","5.25","328","6.03","48.7","1018.4","-","-"
"2022/12/12","04:00","3.89","351","5.25","47.1","1018.4","-","-"
"2022/12/12","05:00","6.22","7","7.78","46.4","1018.6","-","-"
"2022/12/12","06:00","8.16","4","9.33","45.5","1018.5","-","-"
"2022/12/12","07:00","7.58","337","9.14","45.5","1018.5","-","-"
"2022/12/12","08:00","6.41","347","7.78","44.6","1018.8","-","-"
"2022/12/12","09:00","7.39","335","9.52","43.7","1019","-","-"
"2022/12/12","10:00","7.97","335","9.33","43.2","1019.4","-","-"
"2022/12/12","11:00","8.36","333","9.14","42.4","1019.9","-","-"
"2022/12/12","12:00","9.14","352","10.69","41.9","1020.4","-","-"
"2022/12/12","13:00","10.89","343","12.05","41.7","1021","-","-"
"2022/12/12","14:00","10.69","3","12.83","42.8","1021.9","-","-"
"2022/12/12","15:00","10.89","343","14","43.9","1022.5","-","-"
"2022/12/12","16:00","14.58","334","15.94","44.1","1022.2","-","-"
"2022/12/12","17:00","16.72","338","19.05","44.8","1021.7","-","-"
"2022/12/12","18:00","12.83","347","16.33","44.4","1021.6","-","-"
"2022/12/12","19:00","13.61","338","16.13","44.1","1021.5","-","-"
"2022/12/12","20:00","11.86","335","15.94","44.4","1021.8","-","-"
"2022/12/12","21:00","10.89","327","13.02","44.4","1022.4","-","-"
"2022/12/12","22:00","11.66","331","15.36","43.7","1022.9","-","-"
"2022/12/12","23:00","13.02","339","16.13","43.3","1023.4","-","-"
"2022/12/13","00:00","12.63","325","14.77","43","1023.6","-","-"
"2022/12/13","01:00","11.08","334","13.61","43","1024","-","-"
"2022/12/13","02:00","10.69","343","12.63","42.6","1024","-","-"
"2022/12/13","03:00","12.05","332","15.94","42.1","1024.3","-","-"
"2022/12/13","04:00","11.08","333","13.8","42.1","1024.3","-","-"
"2022/12/13","05:00","11.08","341","13.22","41.9","1024.4","-","-"
"2022/12/13","06:00","11.08","344","14.19","41.7","1024.5","-","-"
"2022/12/13","07:00","11.66","347","14","41.5","1025","-","-"
"2022/12/13","08:00","11.08","355","13.41","41.2","1025.1","-","-"
"2022/12/13","09:00","10.5","5","12.05","40.6","1025.3","-","-"
"2022/12/13","10:00","11.86","4","14.19","40.6","1025.4","-","-"
"2022/12/13","11:00","13.22","0","15.94","40.3","1025.8","-","-"
"2022/12/13","12:00","12.63","355","14.38","39.9","1026.4","-","-"
"2022/12/13","13:00","9.72","346","11.66","39.2","1026.5","-","-"
"2022/12/13","14:00","11.08","348","14.19","39.4","1027","-","-"
"2022/12/13","15:00","5.64","13","12.25","38.8","1027.6","-","-"
"2022/12/13","16:00","5.64","316","10.11","39.6","1027.3","-","-"
"2022/12/13","17:00","8.94","287","11.08","39.2","1026.6","-","-"
"2022/12/13","18:00","6.03","288","9.91","40.5","1025.8","-","-"
"2022/12/13","19:00","7.19","302","8.16","41.2","1025.5","-","-"
"2022/12/13","20:00","7.39","297","8.75","42.3","1025.4","-","-"
"2022/12/13","21:00","7.39","307","9.72","42.8","1025.3","-","-"
"2022/12/13","22:00","4.47","268","5.25","42.1","1025.3","-","-"
"2022/12/13","23:00","3.11","267","4.47","40.6","1025.4","-","-"
"2022/12/14","00:00","3.5","250","4.28","38.5","1025.2","-","-"
"2022/12/14","01:00","2.33","212","3.11","38.3","1025","-","-"
"2022/12/14","02:00","1.75","244","2.14","36.7","1024.6","-","-"
"2022/12/14","03:00","1.94","269","3.11","36.9","1023.9","-","-"
"2022/12/14","04:00","3.89","239","4.47","34","1023.7","-","-"
"2022/12/14","05:00","4.47","244","5.25","36.3","1023.4","-","-"
"2022/12/14","06:00","7.78","262","8.94","36.3","1023.1","-","-"
"2022/12/14","07:00","7","256","8.36","35.6","1023.1","-","-"
"2022/12/14","08:00","6.22","299","7.19","35.6","1023","-","-"
"2022/12/14","09:00","6.61","270","7.39","33.8","1023.1","-","-"
"2022/12/14","10:00","4.28","273","5.64","34.2","1022.7","-","-"
"2022/12/14","11:00","4.67","262","6.8","34.2","1023","-","-"
"2022/12/14","12:00","4.47","274","5.05","34.7","1023.1","-","-"
"2022/12/14","13:00","5.83","330","7.19","36.1","1023.2","-","-"
"2022/12/14","14:00","5.83","331","7.97","36.5","1023.7","-","-"
"2022/12/14","15:00","3.5","314","6.22","38.7","1023.6","-","-"
"2022/12/14","16:00","6.22","291","7","40.3","1023.2","-","-"
"2022/12/14","17:00","7.97","337","9.72","41.9","1022","-","-"
"2022/12/14","18:00","7.19","310","9.91","43","1021.2","-","-"
"2022/12/14","19:00","7","286","9.14","43.7","1021.3","-","-"
"2022/12/14","20:00","5.44","308","6.8","44.6","1021.3","-","-"
"2022/12/14","21:00","2.92","312","3.89","44.4","1021","-","-"
"2022/12/14","22:00","4.47","5","5.05","44.2","1020.9","-","-"
"2022/12/14","23:00","4.28","10","5.25","43.7","1021","-","-"
"2022/12/15","00:00","5.05","11","6.22","43.5","1021.1","-","-"
"2022/12/15","01:00","4.86","21","5.25","43.5","1021.4","-","-"
"2022/12/15","02:00","6.8","28","7.97","43.2","1021.3","-","-"
"2022/12/15","03:00","6.22","36","6.8","43","1021.5","-","-"
"2022/12/15","04:00","8.55","43","9.52","43.2","1021.2","-","-"
"2022/12/15","05:00","8.94","47","10.5","42.4","1021.1","-","-"
"2022/12/15","06:00","7.19","47","9.14","41.2","1021","-","-"
"2022/12/15","07:00","8.36","52","9.91","40.8","1021.1","-","-"
"2022/12/15","08:00","10.11","80","13.22","40.6","1020.8","-","-"
"2022/12/15","09:00","10.3","78","12.83","41.7","1019.9","-","-"
"2022/12/15","10:00","11.86","85","13.41","43.2","1019.4","-","-"
"2022/12/15","11:00","18.47","67","20.8","43.2","1018.5","-","-"
"2022/12/15","12:00","14.97","86","16.52","44.8","1018.6","-","-"
"2022/12/15","13:00","19.83","87","22.55","46","1016.9","-","-"
"2022/12/15","14:00","17.3","106","20.41","46.9","1016.5","-","-"
"2022/12/15","15:00","18.08","101","21.58","47.3","1016.1","-","-"
"2022/12/15","16:00","19.05","106","22.94","48","1014.5","-","-"
"2022/12/15","17:00","17.11","118","22.16","48.7","1012.9","-","-"
"2022/12/15","18:00","14.38","112","19.63","50.2","1011.3","-","-"
"2022/12/15","19:00","16.52","110","20.02","51.8","1008.7","-","-"
"2022/12/15","20:00","19.05","134","25.85","53.6","1007","-","-"
"2022/12/15","21:00","18.08","130","27.8","54.3","1004.9","-","-"
"2022/12/15","22:00","12.25","155","21.19","55.9","1004.1","-","-"
"2022/12/15","23:00","8.16","139","14","55.9","1002.8","-","-"
"2022/12/16","00:00","2.72","285","3.3","54.1","1002.8","-","-"
"2022/12/16","01:00","5.44","301","7","53.6","1003.2","-","-"
"2022/12/16","02:00","9.52","257","12.63","50.7","1003.1","-","-"
"2022/12/16","03:00","10.69","253","13.61","46.6","1003.7","-","-"
"2022/12/16","04:00","13.22","270","17.69","44.1","1004.1","-","-"
"2022/12/16","05:00","14.38","266","21.19","43","1004.7","-","-"
"2022/12/16","06:00","14.77","270","22.94","42.6","1004.8","-","-"
"2022/12/16","07:00","17.3","273","23.91","43.2","1005.4","-","-"
"2022/12/16","08:00","12.25","275","17.11","43.7","1005.9","-","-"
"2022/12/16","09:00","14.58","282","18.66","44.1","1006.1","-","-"
"2022/12/16","10:00","10.69","271","12.44","44.2","1006.4","-","-"
"2022/12/16","11:00","14","257","18.47","42.1","1007.3","-","-"
"2022/12/16","12:00","7.78","273","12.44","41.2","1007.7","-","-"
"2022/12/16","13:00","7.97","289","9.72","40.6","1008.2","-","-"
"2022/12/16","14:00","8.94","289","10.69","42.1","1009.1","-","-"
"2022/12/16","15:00","6.8","284","8.75","45.5","1009","-","-"
"2022/12/16","16:00","8.75","288","10.69","48.4","1008.6","-","-"
"2022/12/16","17:00","9.33","260","12.63","49.1","1007.7","-","-"
"2022/12/16","18:00","13.8","288","16.72","51.4","1006.9","-","-"
"2022/12/16","19:00","11.66","278","18.27","53.1","1006.9","-","-"
"2022/12/16","20:00","15.75","267","19.24","53.4","1006.8","-","-"
"2022/12/16","21:00","12.83","277","17.11","53.1","1007.2","-","-"
"2022/12/16","22:00","7.97","272","10.11","51.3","1007.9","-","-"
"2022/12/16","23:00","6.8","265","7.97","49.3","1008.4","-","-"
"2022/12/17","00:00","7.39","260","8.75","48.4","1008.9","-","-"
"2022/12/17","01:00","7.19","248","9.33","47.1","1009.3","-","-"
"2022/12/17","02:00","7.78","248","9.33","46.4","1009.2","-","-"
"2022/12/17","03:00","7.78","233","9.14","44.4","1009.5","-","-"
"2022/12/17","04:00","7.78","230","10.5","43.5","1009.8","-","-"
"2022/12/17","05:00","7.58","227","9.14","42.3","1009.7","-","-"
"2022/12/17","06:00","8.55","225","10.5","41.4","1009.7","-","-"
"2022/12/17","07:00","7.58","238","9.14","40.8","1010.1","-","-"
"2022/12/17","08:00","9.91","245","13.22","41.4","1010.3","-","-"
"2022/12/17","09:00","11.08","251","14","41.7","1010.4","-","-"
"2022/12/17","10:00","10.5","249","14.19","41.5","1010.5","-","-"
"2022/12/17","11:00","11.86","261","14.58","42.4","1010.7","-","-"
"2022/12/17","12:00","10.5","258","14.19","41","1011.3","-","-"
"2022/12/17","13:00","7.19","271","8.36","40.6","1012","-","-"
"2022/12/17","14:00","6.03","281","7.58","41.7","1013","-","-"
"2022/12/17","15:00","11.27","294","14.77","45.5","1012.9","-","-"
"2022/12/17","16:00","8.55","282","13.61","46.4","1012.6","-","-"
"2022/12/17","17:00","16.13","282","20.8","47.3","1011.3","-","-"
"2022/12/17","18:00","10.5","219","15.75","47.5","1010.3","-","-"
"2022/12/17","19:00","8.16","218","14.58","48.7","1009.9","-","-"
"2022/12/17","20:00","9.72","241","15.55","48.9","1009.9","-","-"
"2022/12/17","21:00","9.14","244","12.63","48.9","1010","-","-"
"2022/12/17","22:00","5.64","220","7.78","46.9","1010.7","-","-"
"2022/12/17","23:00","4.28","223","5.83","45.1","1010.7","-","-"
"2022/12/18","00:00","4.67","219","5.83","43.5","1011.3","-","-"
"2022/12/18","01:00","4.86","228","5.44","42.4","1011.4","-","-"
"2022/12/18","02:00","0.58","235","1.17","41","1012.2","-","-"
"2022/12/18","03:00","1.36","174","2.14","39.4","1012.3","-","-"
"2022/12/18","04:00","3.69","205","4.08","38.7","1012.3","-","-"
"2022/12/18","05:00","2.33","171","2.72","39","1011.8","-","-"
"2022/12/18","06:00","1.75","212","2.92","36.9","1011.8","-","-"
"2022/12/18","07:00","5.83","219","7","39.2","1011.8","-","-"
"2022/12/18","08:00","2.92","252","4.67","39.9","1012","-","-"
"2022/12/18","09:00","7.58","270","8.75","39.4","1011.9","-","-"
"2022/12/18","10:00","8.55","274","9.52","37.8","1012.3","-","-"
"2022/12/18","11:00","8.36","280","9.52","37.4","1012.8","-","-"
"2022/12/18","12:00","7.39","280","9.14","37.6","1013.4","-","-"
"2022/12/18","13:00","9.14","276","10.69","36.3","1014.3","-","-"
"2022/12/18","14:00","7.97","296","10.11","37.9","1015.5","-","-"
"2022/12/18","15:00","8.55","307","11.08","39.6","1015.7","-","-"
"2022/12/18","16:00","10.11","313","11.66","42.3","1015.9","-","-"
"2022/12/18","17:00","13.02","326","16.72","44.2","1015.6","-","-"
"2022/12/18","18:00","12.63","316","16.72","44.4","1015.3","-","-"
"2022/12/18","19:00","10.11","318","13.61","44.8","1015.4","-","-"
"2022/12/18","20:00","12.25","329","14.19","45.3","1016.2","-","-"
"2022/12/18","21:00","12.05","333","14.38","44.8","1017.7","-","-"
"2022/12/18","22:00","12.83","294","14.38","44.4","1018.5","-","-"
"2022/12/18","23:00","9.52","297","12.63","43.5","1019.5","-","-"
"2022/12/19","00:00","6.03","295","7.97","41.7","1020.4","-","-"
"2022/12/19","01:00","10.11","278","13.02","40.8","1021.1","-","-"
"2022/12/19","02:00","11.08","305","14.77","40.6","1022.1","-","-"
"2022/12/19","03:00","10.5","334","13.41","38.1","1023.2","-","-"
"2022/12/19","04:00","12.05","330","14.58","36.9","1024.1","-","-"
"2022/12/19","05:00","9.33","337","11.86","35.8","1024.3","-","-"
"2022/12/19","06:00","9.91","325","12.05","36.5","1024.4","-","-"
"2022/12/19","07:00","6.41","274","7.97","34.3","1025","-","-"
"2022/12/19","08:00","7","276","8.36","33.4","1025.5","-","-"
"2022/12/19","09:00","7.97","297","9.72","33.6","1026","-","-"
"2022/12/19","10:00","7.97","282","11.27","32.7","1026.3","-","-"
"2022/12/19","11:00","8.36","282","10.5","33.3","1026.8","-","-"
"2022/12/19","12:00","6.8","270","8.16","31.5","1027.3","-","-"
"2022/12/19","13:00","7.58","271","9.91","31.5","1028.2","-","-"
"2022/12/19","14:00","7.39","291","9.33","33.1","1028.8","-","-"
"2022/12/19","15:00","10.3","300","12.83","34.9","1029.3","-","-"
"2022/12/19","16:00","9.72","313","12.44","36","1029.1","-","-"
"2022/12/19","17:00","9.33","319","10.89","37.4","1028.1","-","-"
"2022/12/19","18:00","7.39","321","9.72","38.7","1027.1","-","-"
"2022/12/19","19:00","8.16","323","9.72","40.1","1027.1","-","-"
"2022/12/19","20:00","6.61","256","8.75","41.4","1027.1","-","-"
"2022/12/19","21:00","7.39","260","9.52","41.7","1027.1","-","-"
"2022/12/19","22:00","6.61","271","7.78","41.2","1027.3","-","-"
"2022/12/19","23:00","5.44","264","6.41","40.5","1028.2","-","-"
"2022/12/20","00:00","4.47","292","6.22","40.3","1028.4","-","-"
"2022/12/20","01:00","8.36","323","10.69","40.8","1028.9","-","-"
"2022/12/20","02:00","8.36","337","9.14","40.3","1029.5","-","-"
"2022/12/20","03:00","8.36","332","9.14","38.3","1030","-","-"
"2022/12/20","04:00","10.89","338","12.25","37.9","1030.6","-","-"
"2022/12/20","05:00","12.05","15","14","36.3","1030.5","-","-"
"2022/12/20","06:00","8.16","348","12.25","35.2","1030.5","-","-"
"2022/12/20","07:00","10.69","348","13.22","33.8","1031.3","-","-"
"2022/12/20","08:00","8.94","352","11.47","32.2","1031.2","-","-"
"2022/12/20","09:00","8.36","350","10.89","31.8","1031.4","-","-"
"2022/12/20","10:00","11.27","3","13.61","32","1031.6","-","-"
"2022/12/20","11:00","7.19","335","9.52","31.1","1031.8","-","-"
"2022/12/20","12:00","6.22","330","7.97","31.3","1032.4","-","-"
"2022/12/20","13:00","7.19","346","8.36","31.3","1032.4","-","-"
"2022/12/20","14:00","6.8","356","8.94","32","1033","-","-"
"2022/12/20","15:00","6.61","355","9.14","34","1033.5","-","-"
"2022/12/20","16:00","2.72","318","5.64","36.1","1032.8","-","-"
"2022/12/20","17:00","4.86","316","5.64","36.9","1031.7","-","-"
"2022/12/20","18:00","1.17","270","2.92","39.2","1030.6","-","-"
"2022/12/20","19:00","0.78","57","1.36","42.1","1029.9","-","-"
"2022/12/20","20:00","1.75","341","2.72","41.2","1030.3","-","-"
"2022/12/20","21:00","5.64","334","8.16","40.6","1030.3","-","-"
"2022/12/20","22:00","4.47","352","5.25","40.3","1030.4","-","-"
"2022/12/20","23:00","1.56","202","2.14","38.1","1030.8","-","-"
"2022/12/21","00:00","2.92","239","3.5","36.3","1031.4","-","-"
"2022/12/21","01:00","0.97","266","1.75","36.1","1031.6","-","-"
"2022/12/21","02:00","0.78","244","1.75","36.1","1030.9","-","-"
"2022/12/21","03:00","2.33","223","2.92","35.1","1031.1","-","-"
"2022/12/21","04:00","1.36","266","1.94","34.5","1031.3","-","-"
"2022/12/21","05:00","2.53","236","3.11","35.4","1031.1","-","-"
"2022/12/21","06:00","1.36","275","2.33","35.4","1030.8","-","-"
"2022/12/21","07:00","4.28","309","6.22","36.1","1030.8","-","-"
"2022/12/21","08:00","7.78","356","9.14","36.7","1030.8","-","-"
"2022/12/21","09:00","8.75","1","10.5","35.8","1030.7","-","-"
"2022/12/21","10:00","8.55","360","10.11","35.2","1031","-","-"
"2022/12/21","11:00","9.33","2","10.3","34.9","1031.2","-","-"
"2022/12/21","12:00","7.58","8","8.75","35.2","1031.5","-","-"
"2022/12/21","13:00","9.33","4","10.69","35.6","1031.6","-","-"
"2022/12/21","14:00","7","23","8.16","37.8","1032.2","-","-"
"2022/12/21","15:00","10.11","57","12.25","40.5","1032.6","-","-"
"2022/12/21","16:00","7.97","71","9.91","41.2","1032.5","-","-"
"2022/12/21","17:00","7.58","92","9.14","41.4","1031.9","-","-"
"2022/12/21","18:00","7.39","78","8.55","41.9","1030.9","-","-"
"2022/12/21","19:00","9.14","87","10.5","41.9","1030.4","-","-"
"2022/12/21","20:00","5.44","80","6.03","42.3","1030.6","-","-"
"2022/12/21","21:00","3.69","78","5.05","42.4","1030.7","-","-"
"2022/12/21","22:00","9.33","45","10.69","41.9","1030.4","-","-"
"2022/12/21","23:00","7.97","57","9.52","40.1","1030.4","-","-"
"2022/12/22","00:00","8.75","49","10.5","40.6","1030.4","-","-"
"2022/12/22","01:00","12.25","65","14.77","42.4","1030.5","-","-"
"2022/12/22","02:00","13.41","70","15.75","42.8","1029.9","-","-"
"2022/12/22","03:00","10.11","84","12.25","43","1030.1","-","-"
"2022/12/22","04:00","11.27","71","12.44","43.5","1029.6","-","-"
"2022/12/22","05:00","5.05","36","6.61","41.7","1029","-","-"
"2022/12/22","06:00","5.25","51","6.61","41.5","1028.3","-","-"
"2022/12/22","07:00","7.78","53","9.52","43.2","1027.3","-","-"
"2022/12/22","08:00","11.47","33","13.22","44.1","1026.9","-","-"
"2022/12/22","09:00","9.72","51","11.08","45","1026.1","-","-"
"2022/12/22","10:00","11.47","65","13.02","46","1025.4","-","-"
"2022/12/22","11:00","12.25","62","13.8","45.9","1023.9","-","-"
"2022/12/22","12:00","11.08","77","12.44","46.9","1022.6","-","-"
"2022/12/22","13:00","6.41","83","7.78","47.8","1021.9","-","-"
"2022/12/22","14:00","12.05","97","15.55","50.2","1020.6","-","-"
"2022/12/22","15:00","12.83","90","14","50.5","1020","-","-"
"2022/12/22","16:00","12.44","100","15.94","51.1","1017.7","-","-"
"2022/12/22","17:00","7.39","149","9.33","52.5","1017","-","-"
"2022/12/22","18:00","9.72","119","11.66","52.2","1015.3","-","-"
"2022/12/22","19:00","13.8","114","18.47","52","1013.4","-","-"
"2022/12/22","20:00","9.14","143","14","52.2","1013.6","-","-"
"2022/12/22","21:00","13.02","121","18.86","53.1","1010.1","-","-"
"2022/12/22","22:00","12.83","132","15.94","53.6","1008.6","-","-"
"2022/12/22","23:00","13.22","129","16.52","54.7","1007.4","-","-"
"2022/12/23","00:00","12.83","120","16.33","54.3","1006.2","-","-"
"2022/12/23","01:00","13.8","129","17.88","54.3","1004","-","-"
"2022/12/23","02:00","13.8","153","16.91","56.8","1002.1","-","-"
"2022/12/23","03:00","4.47","173","6.61","57","1001.2","-","-"
"2022/12/23","04:00","16.72","231","22.35","58.3","1001.1","-","-"
"2022/12/23","05:00","14.19","230","17.88","50.2","1001.5","-","-"
"2022/12/23","06:00","12.63","237","24.49","46.6","1001.5","-","-"
"2022/12/23","07:00","8.94","227","17.49","45.3","1000.5","-","-"
"2022/12/23","08:00","13.22","218","20.99","45.3","998.9","-","-"
"2022/12/23","09:00","15.55","223","23.13","45.3","998.2","-","-"
"2022/12/23","10:00","11.86","212","19.63","45.7","997","-","-"
"2022/12/23","11:00","11.66","209","17.88","46.9","995.9","-","-"
"2022/12/23","12:00","9.72","217","17.88","48.2","994.5","-","-"
"2022/12/23","13:00","8.94","221","13.8","50.2","993.6","-","-"
"2022/12/23","14:00","20.22","222","29.74","52.7","992.4","-","-"
"2022/12/23","15:00","19.44","255","38.29","45.5","994.3","-","-"
"2022/12/23","16:00","25.66","239","38.29","44.6","994.8","-","-"
"2022/12/23","17:00","26.44","268","35.96","41.4","995.7","-","-"
"2022/12/23","18:00","27.21","261","41.79","37.2","997.6","-","-"
"2022/12/23","19:00","21.19","258","38.88","33.8","999.7","-","-"
"2022/12/23","20:00","26.82","278","34.99","30.6","1001.5","-","-"
"2022/12/23","21:00","28.77","282","37.71","28.2","1003.2","-","-"
"2022/12/23","22:00","24.69","268","34.79","27.1","1004.5","-","-"
"2022/12/23","23:00","28.96","275","35.57","25.3","1005.9","-","-"
"2022/12/24","00:00","23.91","272","34.41","23.9","1007.4","-","-"
"2022/12/24","01:00","26.24","269","34.79","22.3","1008.2","-","-"
"2022/12/24","02:00","21.97","270","26.44","21","1009.5","-","-"
"2022/12/24","03:00","25.27","261","31.88","19.6","1010","-","-"
"2022/12/24","04:00","18.08","274","29.74","19.2","1011.2","-","-"
"2022/12/24","05:00","16.91","253","21.58","18.1","1011.8","-","-"
"2022/12/24","06:00","15.75","261","25.46","17.6","1012.3","-","-"
"2022/12/24","07:00","20.02","258","24.49","17.1","1012.7","-","-"
"2022/12/24","08:00","14.19","262","21.38","16","1013.2","-","-"
"2022/12/24","09:00","19.63","260","24.49","14.9","1013","-","-"
"2022/12/24","10:00","17.3","259","24.49","14.5","1013.5","-","-"
"2022/12/24","11:00","20.22","258","24.1","13.3","1014.2","-","-"
"2022/12/24","12:00","24.1","271","30.13","12.6","1015.2","-","-"
"2022/12/24","13:00","16.52","268","20.6","12","1016.2","-","-"
"2022/12/24","14:00","20.22","262","25.85","12.2","1016.6","-","-"
"2022/12/24","15:00","16.91","274","28.96","13.3","1017.4","-","-"
"2022/12/24","16:00","17.11","268","23.91","14.7","1016.5","-","-"
"2022/12/24","17:00","13.61","263","20.22","16.9","1015.9","-","-"
"2022/12/24","18:00","15.16","259","22.16","18.7","1015.5","-","-"
"2022/12/24","19:00","16.91","249","21.77","21.2","1014.8","-","-"
"2022/12/24","20:00","16.33","252","22.55","22.6","1014.9","-","-"
"2022/12/24","21:00","11.47","261","16.91","24.3","1015.2","-","-"
"2022/12/24","22:00","11.66","245","15.75","24.1","1015.4","-","-"
"2022/12/24","23:00","13.02","249","16.52","23.9","1016.1","-","-"
"2022/12/25","00:00","8.94","236","15.36","24.1","1016.9","-","-"
"2022/12/25","01:00","7.78","220","12.05","23.9","1016.8","-","-"
"2022/12/25","02:00","14","238","18.08","24.4","1016.5","-","-"
"2022/12/25","03:00","13.8","234","17.49","25","1016.2","-","-"
"2022/12/25","04:00","12.83","239","16.72","24.6","1015.9","-","-"
"2022/12/25","05:00","11.86","243","14.97","24.8","1015.6","-","-"
"2022/12/25","06:00","12.05","241","17.49","25","1015.5","-","-"
"2022/12/25","07:00","11.27","256","15.75","24.8","1015.8","-","-"
"2022/12/25","08:00","13.41","267","17.11","24.3","1015.9","-","-"
"2022/12/25","09:00","9.91","267","13.8","23.2","1016.1","-","-"
"2022/12/25","10:00","12.25","251","18.47","22.6","1016","-","-"
"2022/12/25","11:00","14","248","18.08","22.1","1016.2","-","-"
"2022/12/25","12:00","10.5","239","14.38","21.6","1016.8","-","-"
"2022/12/25","13:00","7.97","250","10.69","21.9","1017.4","-","-"
"2022/12/25","14:00","13.61","273","19.24","23.2","1018.2","-","-"
"2022/12/25","15:00","9.52","264","12.25","25.2","1018.3","-","-"
"2022/12/25","16:00","13.61","276","15.94","26.8","1017.8","-","-"
"2022/12/25","17:00","7.78","265","12.44","28.6","1016.8","-","-"
"2022/12/25","18:00","10.3","247","14.97","30.6","1016","-","-"
"2022/12/25","19:00","10.89","272","16.13","32.7","1015.8","-","-"
"2022/12/25","20:00","11.47","275","15.16","34","1015.8","-","-"
"2022/12/25","21:00","7.78","273","10.11","35.2","1016.4","-","-"
"2022/12/25","22:00","5.25","248","7.78","34.3","1017.2","-","-"
"2022/12/25","23:00","5.25","251","6.22","32.9","1017.9","-","-"
"2022/12/26","00:00","4.67","238","5.64","32.2","1018.7","-","-"
"2022/12/26","01:00","6.03","243","9.52","32","1019.2","-","-"
"2022/12/26","02:00","5.25","231","6.41","31.3","1019.7","-","-"
"2022/12/26","03:00","6.41","218","7.78","30.2","1020","-","-"
"2022/12/26","04:00","5.44","229","7.19","30.6","1020.7","-","-"
"2022/12/26","05:00","5.44","245","8.16","29.7","1020.9","-","-"
"2022/12/26","06:00","3.89","255","5.05","29.1","1021.2","-","-"
"2022/12/26","07:00","3.3","247","3.89","27.9","1021.9","-","-"
"2022/12/26","08:00","4.47","253","5.44","27.7","1022.5","-","-"
"2022/12/26","09:00","6.61","270","7.78","26.8","1023","-","-"
"2022/12/26","10:00","4.08","278","4.86","25.9","1023.4","-","-"
"2022/12/26","11:00","4.08","267","5.64","26.1","1024.3","-","-"
"2022/12/26","12:00","4.08","330","5.44","26.4","1025.2","-","-"
"2022/12/26","13:00","4.47","356","5.25","27.9","1025.9","-","-"
"2022/12/26","14:00","6.22","54","7","30.9","1026.5","-","-"
"2022/12/26","15:00","6.22","82","8.75","32.7","1026.8","-","-"
"2022/12/26","16:00","6.03","67","7.78","32.9","1026.6","-","-"
"2022/12/26","17:00","6.8","72","7.97","33.4","1026.1","-","-"
"2022/12/26","18:00","9.72","87","11.47","34.7","1025.2","-","-"
"2022/12/26","19:00","10.11","88","11.27","34.3","1024.5","-","-"
"2022/12/26","20:00","5.83","81","7.78","35.1","1024.1","-","-"
"2022/12/26","21:00","5.64","90","6.8","34.9","1024.5","-","-"
"2022/12/26","22:00","3.69","133","4.86","34.5","1024.8","-","-"
"2022/12/26","23:00","1.75","184","2.72","33.6","1025.1","-","-"
"2022/12/27","00:00","4.08","177","4.86","33.3","1025.2","-","-"
"2022/12/27","01:00","1.56","189","2.33","32.7","1025.5","-","-"
"2022/12/27","02:00","2.72","236","3.11","32.4","1025.5","-","-"
"2022/12/27","03:00","0.78","223","1.75","31.6","1025.4","-","-"
"2022/12/27","04:00","1.75","205","2.72","32","1025.5","-","-"
"2022/12/27","05:00","3.11","207","3.89","31.6","1025.6","-","-"
"2022/12/27","06:00","2.14","193","2.72","30.4","1025.1","-","-"
"2022/12/27","07:00","0.78","252","0.97","31.5","1025.4","-","-"
"2022/12/27","08:00","3.3","286","3.69","31.5","1025.9","-","-"
"2022/12/27","09:00","2.14","281","2.72","33.1","1025.8","-","-"
"2022/12/27","10:00","3.11","289","3.69","33.1","1025.4","-","-"
"2022/12/27","11:00","4.28","276","4.86","33.3","1025.8","-","-"
"2022/12/27","12:00","3.11","291","3.69","34","1025.8","-","-"
"2022/12/27","13:00","3.69","287","4.67","34.7","1026","-","-"
"2022/12/27","14:00","3.5","282","4.08","36","1026.7","-","-"
"2022/12/27","15:00","3.89","303","4.86","36.1","1027.2","-","-"
"2022/12/27","16:00","1.56","288","2.53","38.8","1026.7","-","-"
"2022/12/27","17:00","3.11","84","3.3","40.1","1025.8","-","-"
"2022/12/27","18:00","8.94","81","9.33","40.3","1025.3","-","-"
"2022/12/27","19:00","6.61","103","8.75","40.8","1025","-","-"
"2022/12/27","20:00","7.97","71","8.36","40.8","1025","-","-"
"2022/12/27","21:00","6.41","82","7.78","40.6","1025.3","-","-"
"2022/12/27","22:00","3.69","99","5.64","39.6","1025.8","-","-"
"2022/12/27","23:00","3.5","162","4.08","37.6","1026.3","-","-"
"2022/12/28","00:00","2.33","172","2.72","36.5","1026.5","-","-"
"2022/12/28","01:00","0.39","176","1.56","35.8","1026.7","-","-"
"2022/12/28","02:00","0","196","0","34.2","1026.6","-","-"
"2022/12/28","03:00","0.97","199","1.36","33.1","1026.7","-","-"
"2022/12/28","04:00","0.19","174","0.78","33.8","1026.6","-","-"
"2022/12/28","05:00","1.36","175","2.92","34.3","1025.8","-","-"
"2022/12/28","06:00","0.97","211","1.36","34.7","1026","-","-"
"2022/12/28","07:00","1.17","238","2.33","32.4","1026.1","-","-"
"2022/12/28","08:00","0.58","205","0.97","31.5","1026.1","-","-"
"2022/12/28","09:00","1.75","273","2.14","32.2","1026.3","-","-"
"2022/12/28","10:00","1.75","261","3.3","31.6","1026.6","-","-"
"2022/12/28","11:00","1.75","259","2.33","31.8","1027.3","-","-"
"2022/12/28","12:00","1.17","221","1.75","30.6","1027.8","-","-"
"2022/12/28","13:00","1.36","247","1.36","31.8","1028","-","-"
"2022/12/28","14:00","0.97","292","1.36","36.9","1028.6","-","-"
"2022/12/28","15:00","2.14","278","3.3","39.4","1029.1","-","-"
"2022/12/28","16:00","3.69","238","5.25","45.3","1028.7","-","-"
"2022/12/28","17:00","5.44","270","9.33","47.7","1027.7","-","-"
"2022/12/28","18:00","7.39","280","9.72","48.4","1027.2","-","-"
"2022/12/28","19:00","7","277","7.97","50","1026.6","-","-"
"2022/12/28","20:00","5.25","276","9.52","50.7","1026.4","-","-"
"2022/12/28","21:00","4.47","230","5.25","52.2","1026.6","-","-"
"2022/12/28","22:00","3.5","131","4.86","43.7","1026.8","-","-"
"2022/12/28","23:00","1.17","192","1.56","41.9","1027.4","-","-"
"2022/12/29","00:00","4.08","207","4.67","41","1028","-","-"
"2022/12/29","01:00","1.36","203","3.11","41.7","1028.3","-","-"
"2022/12/29","02:00","1.36","142","2.33","38.8","1028.2","-","-"
"2022/12/29","03:00","4.28","212","4.86","39.9","1028.3","-","-"
"2022/12/29","04:00","5.44","205","6.22","41.2","1028","-","-"
"2022/12/29","05:00","7.39","209","8.55","40.5","1027.7","-","-"
"2022/12/29","06:00","7.19","211","8.55","41.4","1027.5","-","-"
"2022/12/29","07:00","5.25","217","5.83","39.7","1027.6","-","-"
"2022/12/29","08:00","6.61","218","7.39","38.5","1027.8","-","-"
"2022/12/29","09:00","5.44","228","7.39","38.3","1028","-","-"
"2022/12/29","10:00","4.28","205","5.25","37.6","1027.9","-","-"
"2022/12/29","11:00","4.47","211","5.05","36.1","1028.2","-","-"
"2022/12/29","12:00","5.44","229","7","37.9","1028.7","-","-"
"2022/12/29","13:00","5.44","216","6.61","39.2","1029.2","-","-"
"2022/12/29","14:00","4.47","210","7.58","43.5","1029.5","-","-"
"2022/12/29","15:00","6.22","205","9.33","47.7","1029.5","-","-"
"2022/12/29","16:00","9.33","223","13.8","50.9","1028.8","-","-"
"2022/12/29","17:00","11.08","226","17.49","54","1027.5","-","-"
"2022/12/29","18:00","9.72","230","15.16","56.5","1026.6","-","-"
"2022/12/29","19:00","11.47","252","16.52","58.3","1025.8","-","-"
"2022/12/29","20:00","5.05","245","10.69","59.9","1025.9","-","-"
"2022/12/29","21:00","4.86","221","9.14","60.3","1026.2","-","-"
"2022/12/29","22:00","3.3","200","4.47","58.1","1026.6","-","-"
"2022/12/29","23:00","3.11","191","4.08","53.8","1026.8","-","-"
"2022/12/30","00:00","4.08","190","5.25","49.3","1027.2","-","-"
"2022/12/30","01:00","2.53","224","3.69","46","1027.6","-","-"
"2022/12/30","02:00","6.61","207","7.58","52.2","1027.7","-","-"
"2022/12/30","03:00","6.61","207","9.14","51.3","1027.7","-","-"
"2022/12/30","04:00","8.36","210","10.11","50.5","1027.6","-","-"
"2022/12/30","05:00","7.19","214","8.16","50","1027.5","-","-"
"2022/12/30","06:00","7.19","216","8.94","49.3","1027.3","-","-"
"2022/12/30","07:00","5.44","230","6.61","48.6","1027.7","-","-"
"2022/12/30","08:00","5.25","224","6.8","47.7","1027.8","-","-"
"2022/12/30","09:00","6.22","222","7.58","47.5","1027.5","-","-"
"2022/12/30","10:00","0.78","123","2.33","43","1027.7","-","-"
"2022/12/30","11:00","0.19","91","0.78","41.5","1027.7","-","-"
"2022/12/30","12:00","1.56","142","1.94","40.6","1027.8","-","-"
"2022/12/30","13:00","0","353","0","43.2","1028","-","-"
"2022/12/30","14:00","2.53","123","3.11","44.1","1028.1","-","-"
"2022/12/30","15:00","2.33","80","3.11","44.8","1028","-","-"
"2022/12/30","16:00","2.33","76","3.3","48.6","1027.5","-","-"
"2022/12/30","17:00","4.08","113","5.64","52.9","1026.2","-","-"
"2022/12/30","18:00","1.94","50","3.5","53.1","1024.9","-","-"
"2022/12/30","19:00","3.69","212","5.25","62.4","1024.1","-","-"
"2022/12/30","20:00","9.72","200","12.05","66.6","1023.7","-","-"
"2022/12/30","21:00","6.03","142","8.75","58.5","1023.8","-","-"
"2022/12/30","22:00","3.69","76","4.47","48.2","1024.2","-","-"
"2022/12/30","23:00","1.75","110","3.89","46.9","1024.7","-","-"
"2022/12/31","00:00","2.53","92","3.3","47.1","1024.4","-","-"
"2022/12/31","01:00","5.64","76","7.39","47.3","1024","-","-"
"2022/12/31","02:00","2.33","132","3.5","51.1","1023.7","-","-"
"2022/12/31","03:00","1.56","83","2.14","47.1","1022.8","-","-"
"2022/12/31","04:00","1.94","78","4.28","46","1022.5","-","-"
"2022/12/31","05:00","4.67","81","4.86","44.8","1022","-","-"
"2022/12/31","06:00","2.53","74","3.11","44.4","1021.4","-","-"
"2022/12/31","07:00","4.47","73","5.05","44.4","1020.7","-","-"
"2022/12/31","08:00","0.78","84","4.47","45","1020.3","-","-"
"2022/12/31","09:00","9.52","146","11.08","51.6","1018.3","-","-"
"2022/12/31","10:00","6.61","188","9.91","59.5","1018.6","-","-"
"2022/12/31","11:00","5.05","172","6.03","60.3","1018.2","-","-"
"2022/12/31","12:00","1.36","192","3.3","56.7","1018.5","-","-"
"2022/12/31","13:00","7.19","305","8.36","48.7","1017.7","-","-"
"2022/12/31","14:00","7.97","313","8.94","49.3","1017.6","-","-"
"2022/12/31","15:00","4.28","288","6.03","53.1","1017","-","-"
"2022/12/31","16:00","4.08","317","4.86","52.3","1017","-","-"
"2022/12/31","17:00","4.28","259","5.83","57.6","1015.9","-","-"
"2022/12/31","18:00","7.19","216","9.14","60.1","1014.8","-","-"
"2022/12/31","19:00","6.8","208","9.91","61","1013.8","-","-"
"2022/12/31","20:00","2.14","147","3.5","59.9","1012.9","-","-"
"2022/12/31","21:00","4.28","74","4.47","54","1012.4","-","-"
"2022/12/31","22:00","1.94","113","2.33","52","1012.7","-","-"
"2022/12/31","23:00","3.5","101","4.28","52.7","1011.7","-","-"