"Date","Time (GMT)","Wind Speed (kn)","Wind Dir (deg)","Wind Gust (kn)","Air Temp (°F)","Baro (mb)","Humidity (%)","Visibility (nm)"
"2023/01/01","00:00","5.25","117","5.44","50.9","1011.2","-","-"
"2023/01/01","01:00","11.27","225","14.97","63.3","1011.1","-","-"
"2023/01/01","02:00","14.38","276","20.6","61.2","1012","-","-"
"2023/01/01","03:00","8.36","230","11.27","60.3","1011.1","-","-"
"2023/01/01","04:00","8.55","235","12.44","59.5","1011.2","-","-"
"2023/01/01","05:00","9.33","264","11.08","58.6","1011.4","-","-"
"2023/01/01","06:00","9.14","264","14.38","57.7","1011.9","-","-"
"2023/01/01","07:00","7.39","248","10.11","56.7","1012.2","-","-"
"2023/01/01","08:00","3.3","283","5.83","53.8","1012.2","-","-"
"2023/01/01","09:00","5.83","274","10.11","54.5","1012.8","-","-"
"2023/01/01","10:00","7","267","10.11","54","1013.2","-","-"
"2023/01/01","11:00","7.97","273","10.3","52.9","1014.3","-","-"
"2023/01/01","12:00","6.8","279","8.36","52.5","1014.7","-","-"
"2023/01/01","13:00","7.58","295","9.14","51.8","1015.6","-","-"
"2023/01/01","14:00","6.03","343","6.8","50.4","1016.6","-","-"
"2023/01/01","15:00","2.92","272","3.5","50","1017.7","-","-"
"2023/01/01","16:00","0.97","183","1.56","56.3","1017.2","-","-"
"2023/01/01","17:00","1.75","311","2.33","57.4","1016.6","-","-"
"2023/01/01","18:00","2.33","292","3.5","57.6","1016.5","-","-"
"2023/01/01","19:00","2.72","84","2.92","58.5","1016","-","-"
"2023/01/01","20:00","6.61","99","7.19","57.4","1016","-","-"
"2023/01/01","21:00","5.44","113","6.22","58.6","1016.3","-","-"
"2023/01/01","22:00","3.3","157","5.25","54.1","1016.7","-","-"
"2023/01/01","23:00","2.92","177","3.89","52.3","1017.3","-","-"
"2023/01/02","00:00","6.61","179","8.94","54.5","1018.2","-","-"
"2023/01/02","01:00","4.86","184","5.83","53.1","1018.7","-","-"
"2023/01/02","02:00","6.61","196","7.39","53.2","1018.8","-","-"
"2023/01/02","03:00","8.16","213","9.91","54.7","1018.8","-","-"
"2023/01/02","04:00","4.47","232","7.19","54.5","1018.9","-","-"
"2023/01/02","05:00","5.83","227","7.58","53.6","1018.7","-","-"
"2023/01/02","06:00","8.36","226","11.66","53.4","1018.5","-","-"
"2023/01/02","07:00","7.19","246","10.5","53.6","1018.8","-","-"
"2023/01/02","08:00","5.05","274","6.8","52.5","1019.1","-","-"
"2023/01/02","09:00","5.25","291","5.83","52.3","1019.3","-","-"
"2023/01/02","10:00","4.67","279","5.05","51.1","1019.8","-","-"
"2023/01/02","11:00","3.69","295","4.08","49.8","1020.3","-","-"
"2023/01/02","12:00","3.69","287","4.08","46.9","1020.9","-","-"
"2023/01/02","13:00","0.97","256","1.75","48.9","1021.2","-","-"
"2023/01/02","14:00","0","159","0","48.9","1021.5","-","-"
"2023/01/02","15:00","2.92","291","3.5","49.5","1022.1","-","-"
"2023/01/02","16:00","1.56","311","1.94","56.8","1021.8","-","-"
"2023/01/02","17:00","3.11","72","4.08","50.7","1021.5","-","-"
"2023/01/02","18:00","1.75","88","2.33","53.6","1021.2","-","-"
"2023/01/02","19:00","6.41","89","6.8","52","1020.3","-","-"
"2023/01/02","20:00","4.08","58","6.03","52.7","1020.3","-","-"
"2023/01/02","21:00","2.92","73","5.05","50.7","1020.4","-","-"
"2023/01/02","22:00","1.56","224","1.94","51.3","1019.8","-","-"
"2023/01/02","23:00","0.78","7","1.75","48.9","1020.1","-","-"
"2023/01/03","00:00","1.56","55","1.94","50.5","1020.7","-","-"
"2023/01/03","01:00","3.89","197","6.03","52.7","1020.4","-","-"
"2023/01/03","02:00","6.8","213","8.75","59.7","1020.4","-","-"
"2023/01/03","03:00","7","210","12.05","59.7","1020.3","-","-"
"2023/01/03","04:00","5.25","223","8.16","58.3","1020.2","-","-"
"2023/01/03","05:00","2.92","195","5.83","56.8","1019.7","-","-"
"2023/01/03","06:00","4.28","223","6.03","55.9","1019.5","-","-"
"2023/01/03","07:00","9.52","234","11.66","55.8","1020","-","-"
"2023/01/03","08:00","7","224","9.72","55","1019.9","-","-"
"2023/01/03","09:00","7.78","229","9.72","56.5","1019.4","-","-"
"2023/01/03","10:00","8.94","223","10.89","55.8","1019.4","-","-"
"2023/01/03","11:00","9.33","220","13.22","55.9","1019","-","-"
"2023/01/03","12:00","10.5","213","13.41","56.7","1018.4","-","-"
"2023/01/03","13:00","10.3","209","15.16","57.7","1018.2","-","-"
"2023/01/03","14:00","9.91","226","15.16","58.8","1018.7","-","-"
"2023/01/03","15:00","9.52","216","14.19","60.1","1018.9","-","-"
"2023/01/03","16:00","9.91","233","15.75","62.2","1018.5","-","-"
"2023/01/03","17:00","11.08","224","16.72","64","1017.4","-","-"
"2023/01/03","18:00","11.47","218","16.72","65.8","1015.9","-","-"
"2023/01/03","19:00","10.69","223","15.75","66.6","1015.4","-","-"
"2023/01/03","20:00","8.36","217","15.16","67.5","1015","-","-"
"2023/01/03","21:00","5.05","203","6.41","67.5","1014.7","-","-"
"2023/01/03","22:00","6.41","204","10.5","67.1","1014.5","-","-"
"2023/01/03","23:00","9.91","189","13.61","66","1014.1","-","-"
"2023/01/04","00:00","12.05","188","14.97","66.2","1013.7","-","-"
"2023/01/04","01:00","11.47","189","19.63","66.4","1013.3","-","-"
"2023/01/04","02:00","9.14","207","15.75","66.4","1013.9","-","-"
"2023/01/04","03:00","11.66","205","16.33","66.2","1013.8","-","-"
"2023/01/04","04:00","13.61","197","19.05","65.8","1012.9","-","-"
"2023/01/04","05:00","17.11","209","22.35","66.9","1012","-","-"
"2023/01/04","06:00","14.58","216","19.83","66.7","1011.9","-","-"
"2023/01/04","07:00","7.78","216","14.58","66.4","1012.3","-","-"
"2023/01/04","08:00","5.44","295","7.19","63.3","1013.4","-","-"
"2023/01/04","09:00","2.72","244","3.11","64","1013.5","-","-"
"2023/01/04","10:00","4.47","196","6.41","64","1013.2","-","-"
"2023/01/04","11:00","0.58","227","2.53","64","1013.6","-","-"
"2023/01/04","12:00","5.44","210","7","64","1013.9","-","-"
"2023/01/04","13:00","5.25","175","7.78","62.4","1013.9","-","-"
"2023/01/04","14:00","7","200","10.69","64.8","1014.3","-","-"
"2023/01/04","15:00","9.14","218","12.63","66.2","1014.6","-","-"
"2023/01/04","16:00","14.38","231","19.63","68.2","1013.8","-","-"
"2023/01/04","17:00","11.86","209","15.55","68","1013.3","-","-"
"2023/01/04","18:00","7.19","216","11.27","67.6","1012.3","-","-"
"2023/01/04","19:00","4.67","221","8.94","66.9","1011.5","-","-"
"2023/01/04","20:00","4.86","188","7.78","66.4","1011.1","-","-"
"2023/01/04","21:00","15.55","124","17.49","62.1","1008.9","-","-"
"2023/01/04","22:00","6.03","169","8.16","65.5","1009.8","-","-"
"2023/01/04","23:00","8.36","205","9.72","66.7","1009.7","-","-"
"2023/01/05","00:00","12.05","227","17.11","66.7","1010.6","-","-"
"2023/01/05","01:00","9.14","218","13.22","64.9","1011.2","-","-"
"2023/01/05","02:00","8.55","233","14.38","65.1","1011.7","-","-"
"2023/01/05","03:00","9.14","223","14.77","64.9","1011.9","-","-"
"2023/01/05","04:00","8.16","226","12.83","64.8","1012.3","-","-"
"2023/01/05","05:00","7.58","195","9.72","63.9","1012","-","-"
"2023/01/05","06:00","5.44","212","11.27","62.6","1012.5","-","-"
"2023/01/05","07:00","7.39","216","9.14","61.7","1012.7","-","-"
"2023/01/05","08:00","10.3","228","14.38","61.5","1012.9","-","-"
"2023/01/05","09:00","11.08","226","15.16","60.8","1012.9","-","-"
"2023/01/05","10:00","10.69","222","14.77","60.4","1012.9","-","-"
"2023/01/05","11:00","10.69","228","14.38","59.7","1013","-","-"
"2023/01/05","12:00","3.89","234","6.61","59","1013.9","-","-"
"2023/01/05","13:00","5.64","271","7","55.9","1014.7","-","-"
"2023/01/05","14:00","2.92","73","5.44","52.9","1014.8","-","-"
"2023/01/05","15:00","2.72","250","3.3","57.9","1015.2","-","-"
"2023/01/05","16:00","2.92","252","4.86","60.4","1014.8","-","-"
"2023/01/05","17:00","4.28","319","4.86","58.8","1014.4","-","-"
"2023/01/05","18:00","1.17","286","2.33","59.2","1013.5","-","-"
"2023/01/05","19:00","0.39","192","1.17","61.2","1012.8","-","-"
"2023/01/05","20:00","5.44","251","7.97","64.9","1012.5","-","-"
"2023/01/05","21:00","5.64","228","7.78","65.7","1012.3","-","-"
"2023/01/05","22:00","5.25","230","7.58","63.3","1012.6","-","-"
"2023/01/05","23:00","5.05","211","5.25","60.6","1012.8","-","-"
"2023/01/06","00:00","6.22","213","7.78","59","1013.2","-","-"
"2023/01/06","01:00","5.25","211","6.03","58.1","1013.6","-","-"
"2023/01/06","02:00","5.05","204","6.03","56.3","1013.6","-","-"
"2023/01/06","03:00","5.44","196","6.61","56.1","1013.5","-","-"
"2023/01/06","04:00","9.33","208","10.69","56.3","1013.2","-","-"
"2023/01/06","05:00","8.75","229","11.66","55.6","1013","-","-"
"2023/01/06","06:00","8.16","220","10.11","53.6","1012.6","-","-"
"2023/01/06","07:00","7.78","268","9.72","51.8","1013","-","-"
"2023/01/06","08:00","7","299","7.97","49.6","1013.5","-","-"
"2023/01/06","09:00","4.67","13","6.61","48.2","1013.9","-","-"
"2023/01/06","10:00","3.11","63","3.89","47.7","1014.4","-","-"
"2023/01/06","11:00","6.22","256","7.58","46","1015.3","-","-"
"2023/01/06","12:00","1.94","262","2.33","44.6","1015.8","-","-"
"2023/01/06","13:00","6.8","273","7.39","45.9","1016.5","-","-"
"2023/01/06","14:00","7.39","267","8.36","48.2","1017.1","-","-"
"2023/01/06","15:00","5.83","290","7.58","50.7","1017.8","-","-"
"2023/01/06","16:00","5.25","311","9.72","50.9","1017.6","-","-"
"2023/01/06","17:00","9.72","320","13.61","51.8","1017","-","-"
"2023/01/06","18:00","12.63","314","13.8","52","1017.2","-","-"
"2023/01/06","19:00","12.05","338","13.22","52.7","1017.4","-","-"
"2023/01/06","20:00","5.05","339","6.22","52.9","1017.5","-","-"
"2023/01/06","21:00","4.08","81","7.19","50.4","1018.7","-","-"
"2023/01/06","22:00","4.28","108","4.67","49.6","1019.4","-","-"
"2023/01/06","23:00","3.3","155","3.89","48","1020.3","-","-"
"2023/01/07","00:00","1.94","198","2.14","47.1","1021.3","-","-"
"2023/01/07","01:00","1.56","239","2.53","44.6","1022","-","-"
"2023/01/07","02:00","2.92","350","4.28","44.8","1022.6","-","-"
"2023/01/07","03:00","4.28","349","5.25","46.2","1022.9","-","-"
"2023/01/07","04:00","1.75","279","1.94","43.3","1023.4","-","-"
"2023/01/07","05:00","2.33","231","2.53","41.5","1023.4","-","-"
"2023/01/07","06:00","4.08","304","5.05","42.4","1023","-","-"
"2023/01/07","07:00","4.08","337","5.64","42.8","1023.4","-","-"
"2023/01/07","08:00","3.69","293","4.47","41.2","1023.7","-","-"
"2023/01/07","09:00","4.08","288","4.86","41","1023.6","-","-"
"2023/01/07","10:00","4.86","286","5.44","41.2","1023.9","-","-"
"2023/01/07","11:00","3.89","292","4.86","40.5","1024","-","-"
"2023/01/07","12:00","4.67","272","5.64","39.7","1024.4","-","-"
"2023/01/07","13:00","3.5","248","4.67","39.7","1024.6","-","-"
"2023/01/07","14:00","3.69","295","4.67","40.5","1025.4","-","-"
"2023/01/07","15:00","4.47","306","5.44","42.1","1025.8","-","-"
"2023/01/07","16:00","0.58","296","1.75","45.5","1025","-","-"
"2023/01/07","17:00","2.14","352","2.33","46.8","1023.9","-","-"
"2023/01/07","18:00","3.11","15","3.89","48","1022.9","-","-"
"2023/01/07","19:00","3.89","0","7.19","48.6","1022.2","-","-"
"2023/01/07","20:00","4.67","302","6.41","49.1","1022.1","-","-"
"2023/01/07","21:00","8.36","258","10.5","50.2","1022.6","-","-"
"2023/01/07","22:00","3.5","231","4.67","48.9","1023.2","-","-"
"2023/01/07","23:00","2.53","228","2.72","44.8","1023.8","-","-"
"2023/01/08","00:00","0.58","67","2.92","43.9","1024.7","-","-"
"2023/01/08","01:00","0.39","274","1.17","41.4","1025.3","-","-"
"2023/01/08","02:00","8.36","35","9.14","43.3","1026","-","-"
"2023/01/08","03:00","0.39","324","2.72","42.8","1026.6","-","-"
"2023/01/08","04:00","7.97","345","8.94","41.9","1027.3","-","-"
"2023/01/08","05:00","9.72","5","11.08","40.5","1027.2","-","-"
"2023/01/08","06:00","6.03","329","7.39","39.6","1027.3","-","-"
"2023/01/08","07:00","7.58","330","9.14","39.6","1027.5","-","-"
"2023/01/08","08:00","4.28","324","5.83","37.4","1027.6","-","-"
"2023/01/08","09:00","8.55","326","9.33","37.9","1027.7","-","-"
"2023/01/08","10:00","7","334","8.55","-","-","-","-"
"2023/01/08","11:00","5.25","324","6.61","36.3","1027.8","-","-"
"2023/01/08","12:00","2.92","2","5.25","35.8","1028.1","-","-"
"2023/01/08","13:00","-","-","-","-","-","-","-"
"2023/01/08","14:00","4.47","355","6.03","37.2","1029","-","-"
"2023/01/08","15:00","2.53","30","3.89","39.7","1028.8","-","-"
"2023/01/08","16:00","2.53","133","3.69","41.5","1028.1","-","-"
"2023/01/08","17:00","5.64","74","7","41.2","1027.4","-","-"
"2023/01/08","18:00","5.44","63","7","41.5","1026.5","-","-"
"2023/01/08","19:00","5.44","88","6.61","41.9","1025.6","-","-"
"2023/01/08","20:00","5.44","110","6.61","42.8","1024.5","-","-"
"2023/01/08","21:00","3.3","140","4.08","42.4","1024.7","-","-"
"2023/01/08","22:00","4.67","157","7","41.7","1023.9","-","-"
"2023/01/08","23:00","4.86","161","5.83","41.4","1023.5","-","-"
"2023/01/09","00:00","3.69","154","4.86","41.5","1023.3","-","-"
"2023/01/09","01:00","3.89","137","4.86","42.3","1022.9","-","-"
"2023/01/09","02:00","5.64","139","7.39","42.4","1022","-","-"
"2023/01/09","03:00","2.53","148","4.08","42.8","1021.4","-","-"
"2023/01/09","04:00","4.67","118","6.03","43.5","1020.6","-","-"
"2023/01/09","05:00","4.08","111","5.05","43.7","1019.6","-","-"
"2023/01/09","06:00","5.64","166","8.36","43.5","1018.5","-","-"
"2023/01/09","07:00","10.3","155","11.47","43.7","1016.1","-","-"
"2023/01/09","08:00","6.22","181","6.8","44.2","1015.2","-","-"
"2023/01/09","09:00","3.69","240","5.05","44.6","1014.4","-","-"
"2023/01/09","10:00","3.3","297","4.86","43.9","1014","-","-"
"2023/01/09","11:00","2.92","283","3.89","43","1013.7","-","-"
"2023/01/09","12:00","7.58","305","9.52","42.6","1014.9","-","-"
"2023/01/09","13:00","18.08","333","23.13","42.1","1015.7","-","-"
"2023/01/09","14:00","11.66","334","16.52","42.4","1016.5","-","-"
"2023/01/09","15:00","12.44","354","16.52","43.9","1017.1","-","-"
"2023/01/09","16:00","-","-","-","-","-","-","-"
"2023/01/09","17:00","11.66","300","14.77","45.3","1016.3","-","-"
"2023/01/09","18:00","16.33","312","19.83","46.4","1015.5","-","-"
"2023/01/09","19:00","15.16","323","17.88","48","1015.3","-","-"
"2023/01/09","20:00","14","315","16.13","48.7","1015.7","-","-"
"2023/01/09","21:00","10.5","316","12.83","48.7","1016","-","-"
"2023/01/09","22:00","8.94","299","10.3","48.6","1016.5","-","-"
"2023/01/09","23:00","5.83","286","7.78","48.4","1016.9","-","-"
"2023/01/10","00:00","3.3","288","5.05","45.3","-","-","-"
"2023/01/10","01:00","2.33","265","3.5","43.9","-","-","-"
"2023/01/10","02:00","3.89","269","4.28","42.3","-","-","-"
"2023/01/10","03:00","1.36","197","1.56","40.3","-","-","-"
"2023/01/10","04:00","3.5","246","3.89","38.3","-","-","-"
"2023/01/10","05:00","1.17","254","2.14","38.3","-","-","-"
"2023/01/10","06:00","0.97","258","2.14","38.1","-","-","-"
"2023/01/10","07:00","2.72","233","2.92","35.4","-","-","-"
"2023/01/10","08:00","1.56","233","1.94","36","-","-","-"
"2023/01/10","09:00","2.33","236","2.92","36.9","-","-","-"
"2023/01/10","10:00","1.36","249","1.75","35.4","-","-","-"
"2023/01/10","11:00","1.56","9","1.75","37.2","-","-","-"
"2023/01/10","12:00","1.17","66","1.94","37.9","-","-","-"
"2023/01/10","13:00","0","277","0.39","39.7","-","-","-"
"2023/01/10","14:00","3.5","114","5.64","42.1","-","-","-"
"2023/01/10","15:00","5.83","117","8.16","43.5","-","-","-"
"2023/01/10","16:00","5.25","138","7","44.6","-","-","-"
"2023/01/10","17:00","-","-","-","-","-","-","-"
"2023/01/10","18:00","-","-","-","-","-","-","-"
"2023/01/10","19:00","-","-","-","-","-","-","-"
"2023/01/10","20:00","10.3","98","13.02","45.1","1015.2","-","-"
"2023/01/10","21:00","7.58","118","10.3","44.2","1015.7","-","-"
"2023/01/10","22:00","5.05","128","7.39","43.9","1015.7","-","-"
"2023/01/10","23:00","7.58","102","8.55","44.1","1016","-","-"
"2023/01/11","00:00","8.36","76","9.72","43.9","1016.5","-","-"
"2023/01/11","01:00","3.5","44","5.83","42.1","1017","-","-"
"2023/01/11","02:00","2.92","52","3.5","41.4","1016.8","-","-"
"2023/01/11","03:00","5.83","66","7.19","42.1","1016.7","-","-"
"2023/01/11","04:00","3.69","358","4.28","41.4","1017.5","-","-"
"2023/01/11","05:00","1.36","286","1.75","40.3","1017.5","-","-"
"2023/01/11","06:00","0.97","303","1.56","39.9","1017.4","-","-"
"2023/01/11","07:00","4.08","327","4.86","39.4","1018","-","-"
"2023/01/11","08:00","2.92","9","4.28","38.8","1017.9","-","-"
"2023/01/11","09:00","1.17","330","1.94","38.7","1018.1","-","-"
"2023/01/11","10:00","2.14","330","2.53","39","1018.4","-","-"
"2023/01/11","11:00","2.72","317","2.92","38.1","1019.2","-","-"
"2023/01/11","12:00","2.53","357","3.11","38.1","1019.7","-","-"
"2023/01/11","13:00","6.03","50","7.58","40.8","1020","-","-"
"2023/01/11","14:00","13.22","81","14.77","42.6","1020.2","-","-"
"2023/01/11","15:00","9.33","99","10.69","43.5","1020.9","-","-"
"2023/01/11","16:00","8.55","118","11.27","45","1021.4","-","-"
"2023/01/11","17:00","-","-","-","-","-","-","-"
"2023/01/11","18:00","6.61","80","7.58","45.1","1019.9","-","-"
"2023/01/11","19:00","10.11","95","11.66","46","1019.4","-","-"
"2023/01/11","20:00","5.83","101","9.33","46.4","1019.9","-","-"
"2023/01/11","21:00","8.94","102","10.3","46.4","1020.1","-","-"
"2023/01/11","22:00","7.97","102","9.14","46","1020.1","-","-"
"2023/01/11","23:00","7.78","114","10.5","45.7","1020.1","-","-"
"2023/01/12","00:00","9.14","102","10.3","45.7","1020.2","-","-"
"2023/01/12","01:00","5.44","110","7","45.1","1020.4","-","-"
"2023/01/12","02:00","5.25","108","6.61","45.3","1020.2","-","-"
"2023/01/12","03:00","5.83","115","8.36","46.2","1020.2","-","-"
"2023/01/12","04:00","4.67","121","6.41","46.4","1019.9","-","-"
"2023/01/12","05:00","7.78","143","9.52","46.8","1019.3","-","-"
"2023/01/12","06:00","5.83","144","8.16","47.5","1019","-","-"
"2023/01/12","07:00","9.14","153","10.89","48.2","1018.3","-","-"
"2023/01/12","08:00","6.61","155","8.55","48.4","1017.7","-","-"
"2023/01/12","09:00","5.83","153","7.58","48.7","1017.3","-","-"
"2023/01/12","10:00","4.08","152","5.44","48.7","1017.1","-","-"
"2023/01/12","11:00","2.53","146","3.11","49.3","1017","-","-"
"2023/01/12","12:00","3.89","182","5.25","49.5","1017.1","-","-"
"2023/01/12","13:00","3.3","170","4.47","50.5","1016.9","-","-"
"2023/01/12","14:00","2.53","76","3.3","48.4","1017.1","-","-"
"2023/01/12","15:00","5.44","176","8.16","53.4","1017.1","-","-"
"2023/01/12","16:00","9.52","188","16.52","58.1","1015.5","-","-"
"2023/01/12","17:00","11.66","211","14.19","60.3","1014","-","-"
"2023/01/12","18:00","8.36","185","11.86","60.1","1012.1","-","-"
"2023/01/12","19:00","8.36","193","11.27","61.5","1012","-","-"
"2023/01/12","20:00","8.94","203","12.83","63.5","1010.5","-","-"
"2023/01/12","21:00","10.69","190","14.38","64.9","1010.1","-","-"
"2023/01/12","22:00","8.36","181","10.89","64.9","1009.3","-","-"
"2023/01/12","23:00","6.8","162","10.11","63.3","1008.7","-","-"
"2023/01/13","00:00","15.75","184","21.97","66","1007.8","-","-"
"2023/01/13","01:00","16.52","192","20.8","64.9","1007.2","-","-"
"2023/01/13","02:00","17.88","187","23.71","65.1","1006.1","-","-"
"2023/01/13","03:00","15.75","188","22.35","65.3","1005.6","-","-"
"2023/01/13","04:00","27.8","279","35.77","59.5","1006.3","-","-"
"2023/01/13","05:00","9.33","238","13.41","56.1","1006.5","-","-"
"2023/01/13","06:00","9.52","218","12.63","56.3","1005","-","-"
"2023/01/13","07:00","8.94","230","13.22","57","1004.2","-","-"
"2023/01/13","08:00","8.94","174","11.47","56.7","1002.6","-","-"
"2023/01/13","09:00","11.66","176","15.75","56.1","1001.4","-","-"
"2023/01/13","10:00","6.41","197","9.33","55.9","1001.4","-","-"
"2023/01/13","11:00","9.91","207","14.19","55.9","1001.2","-","-"
"2023/01/13","12:00","10.69","227","14.77","56.7","1001.6","-","-"
"2023/01/13","13:00","9.52","230","14.58","56.5","1001.8","-","-"
"2023/01/13","14:00","9.91","246","14.38","56.3","1002.4","-","-"
"2023/01/13","15:00","10.11","308","12.44","54","1003.7","-","-"
"2023/01/13","16:00","16.91","2","19.63","52.3","1003.8","-","-"
"2023/01/13","17:00","9.33","341","14","51.8","1003","-","-"
"2023/01/13","18:00","10.3","322","12.05","51.4","1001.9","-","-"
"2023/01/13","19:00","11.86","319","13.22","50.9","1001.4","-","-"
"2023/01/13","20:00","8.55","13","11.66","51.8","1002.3","-","-"
"2023/01/13","21:00","10.5","0","11.66","50.7","1002.7","-","-"
"2023/01/13","22:00","9.72","3","15.75","49.8","1003.1","-","-"
"2023/01/13","23:00","10.89","1","14","48.7","1004","-","-"
"2023/01/14","00:00","12.83","352","18.08","47.7","1004.6","-","-"
"2023/01/14","01:00","14.97","344","17.49","45.9","1004.9","-","-"
"2023/01/14","02:00","15.55","339","20.02","44.1","1005.1","-","-"
"2023/01/14","03:00","14.77","352","20.41","43","1005.2","-","-"
"2023/01/14","04:00","15.36","344","19.05","42.4","1005.4","-","-"
"2023/01/14","05:00","19.05","350","23.71","41.7","1005.8","-","-"
"2023/01/14","06:00","12.05","342","18.08","41","1005.9","-","-"
"2023/01/14","07:00","12.83","351","16.13","40.8","1006.2","-","-"
"2023/01/14","08:00","11.86","346","16.91","40.6","1006.5","-","-"
"2023/01/14","09:00","13.41","338","16.72","40.1","1006.3","-","-"
"2023/01/14","10:00","16.72","337","19.24","39.4","1006.6","-","-"
"2023/01/14","11:00","13.41","347","20.8","39.2","1007.4","-","-"
"2023/01/14","12:00","18.27","1","21.38","38.3","1008.1","-","-"
"2023/01/14","13:00","11.27","349","18.86","37.8","1008.8","-","-"
"2023/01/14","14:00","16.72","350","20.41","37.9","1008.8","-","-"
"2023/01/14","15:00","15.36","346","21.97","37.2","1009.6","-","-"
"2023/01/14","16:00","14.97","355","20.41","37.2","1009.7","-","-"
"2023/01/14","17:00","18.86","340","21.77","37.2","1009.7","-","-"
"2023/01/14","18:00","15.55","342","23.33","37","1009.5","-","-"
"2023/01/14","19:00","16.33","340","22.55","36.7","1009.4","-","-"
"2023/01/14","20:00","16.72","345","19.05","36.3","1009.5","-","-"
"2023/01/14","21:00","18.27","342","22.35","36.3","1009.7","-","-"
"2023/01/14","22:00","17.11","341","24.1","36.5","1010","-","-"
"2023/01/14","23:00","20.41","345","25.08","36.5","1010.2","-","-"
"2023/01/15","00:00","14.58","340","19.63","36.7","1011","-","-"
"2023/01/15","01:00","18.47","355","26.05","37","1011.8","-","-"
"2023/01/15","02:00","17.3","349","23.33","36.9","1012","-","-"
"2023/01/15","03:00","15.75","343","23.52","36.1","1012.4","-","-"
"2023/01/15","04:00","18.66","329","24.3","34.9","1012.4","-","-"
"2023/01/15","05:00","16.72","330","23.52","34.7","1012.5","-","-"
"2023/01/15","06:00","22.55","332","26.24","33.6","1012.7","-","-"
"2023/01/15","07:00","23.91","322","27.41","33.6","1012.8","-","-"
"2023/01/15","08:00","19.83","337","24.88","33.3","1013.3","-","-"
"2023/01/15","09:00","17.49","341","21.77","32.4","1014.2","-","-"
"2023/01/15","10:00","15.36","333","19.24","31.5","1014.4","-","-"
"2023/01/15","11:00","13.22","346","16.72","31.6","1015.1","-","-"
"2023/01/15","12:00","11.47","337","14.19","31.6","1015.4","-","-"
"2023/01/15","13:00","13.61","335","15.94","31.8","1016.2","-","-"
"2023/01/15","14:00","16.72","333","21.38","33.1","1016.6","-","-"
"2023/01/15","15:00","18.08","335","26.63","34.9","1016.9","-","-"
"2023/01/15","16:00","19.83","343","23.52","36","1017.1","-","-"
"2023/01/15","17:00","16.52","313","20.41","37.4","1016","-","-"
"2023/01/15","18:00","18.66","308","23.13","38.3","1015.4","-","-"
"2023/01/15","19:00","19.83","309","23.33","39.6","1014.8","-","-"
"2023/01/15","20:00","18.08","314","22.74","41.2","1014.8","-","-"
"2023/01/15","21:00","16.13","312","18.47","42.3","1014.8","-","-"
"2023/01/15","22:00","13.41","340","16.33","42.6","1015.3","-","-"
"2023/01/15","23:00","11.08","332","13.61","42.1","1015.9","-","-"
"2023/01/16","00:00","13.02","326","15.55","41.7","1016","-","-"
"2023/01/16","01:00","10.11","297","12.25","41","1015.9","-","-"
"2023/01/16","02:00","11.66","306","15.16","40.3","1016","-","-"
"2023/01/16","03:00","13.61","327","15.75","39.7","1016","-","-"
"2023/01/16","04:00","13.41","328","15.16","38.5","1015.9","-","-"
"2023/01/16","05:00","11.08","340","13.22","37.6","1015.9","-","-"
"2023/01/16","06:00","10.89","325","13.61","37","1015.5","-","-"
"2023/01/16","07:00","11.27","330","13.41","36.1","1015.4","-","-"
"2023/01/16","08:00","14.97","324","16.33","35.6","1015.3","-","-"
"2023/01/16","09:00","10.69","327","12.05","34.7","1015.4","-","-"
"2023/01/16","10:00","9.72","328","12.25","34.2","1015.3","-","-"
"2023/01/16","11:00","12.83","322","16.33","34.9","1015.9","-","-"
"2023/01/16","12:00","14.97","328","17.69","35.1","1015.8","-","-"
"2023/01/16","13:00","8.55","282","12.05","34.2","1016.9","-","-"
"2023/01/16","14:00","11.66","312","14.77","36.3","1016.5","-","-"
"2023/01/16","15:00","9.91","299","11.86","37.4","1015.8","-","-"
"2023/01/16","16:00","13.02","317","14.38","41.2","1015.7","-","-"
"2023/01/16","17:00","11.08","314","13.02","43.7","1014.3","-","-"
"2023/01/16","18:00","11.66","305","13.22","45.3","1012.8","-","-"
"2023/01/16","19:00","12.44","317","13.61","48.2","1012.3","-","-"
"2023/01/16","20:00","8.55","303","9.52","48.4","1012.5","-","-"
"2023/01/16","21:00","6.41","304","6.8","49.5","1011.8","-","-"
"2023/01/16","22:00","2.92","300","3.89","49.5","1011.5","-","-"
"2023/01/16","23:00","3.3","231","4.28","46.8","1011.5","-","-"
"2023/01/17","00:00","7.97","255","10.69","50.2","1011.7","-","-"
"2023/01/17","01:00","7.58","247","8.94","49.3","1011.7","-","-"
"2023/01/17","02:00","5.25","263","6.03","47.1","1011.7","-","-"
"2023/01/17","03:00","8.75","253","13.02","48.7","1011.3","-","-"
"2023/01/17","04:00","9.72","260","13.22","49.1","1011","-","-"
"2023/01/17","05:00","3.5","251","6.41","48.2","1010.6","-","-"
"2023/01/17","06:00","4.28","254","7","47.3","1010.1","-","-"
"2023/01/17","07:00","7.78","236","9.91","46.8","1010","-","-"
"2023/01/17","08:00","6.41","211","7.39","44.6","1009.6","-","-"
"2023/01/17","09:00","4.86","207","5.83","43.2","1008.9","-","-"
"2023/01/17","10:00","5.64","198","7.78","44.6","1008.6","-","-"
"2023/01/17","11:00","7.97","218","10.69","45.9","1008.4","-","-"
"2023/01/17","12:00","8.94","219","10.89","46.4","1008.5","-","-"
"2023/01/17","13:00","4.28","219","8.55","46","1008","-","-"
"2023/01/17","14:00","9.14","218","11.08","47.3","1008","-","-"
"2023/01/17","15:00","6.8","230","9.72","48","1008","-","-"
"2023/01/17","16:00","9.52","242","11.66","50.2","1007.3","-","-"
"2023/01/17","17:00","8.36","245","13.61","48","1006.6","-","-"
"2023/01/17","18:00","10.5","230","15.75","47.5","1005.6","-","-"
"2023/01/17","19:00","11.27","225","14.38","46.8","1005","-","-"
"2023/01/17","20:00","6.22","247","10.11","46.9","1004.9","-","-"
"2023/01/17","21:00","11.47","224","15.94","46.9","1004.9","-","-"
"2023/01/17","22:00","10.11","232","17.49","47.1","1004.7","-","-"
"2023/01/17","23:00","12.83","228","17.88","47.3","1005","-","-"
"2023/01/18","00:00","13.41","238","17.88","47.3","1005.4","-","-"
"2023/01/18","01:00","16.33","230","20.8","47.7","1005.3","-","-"
"2023/01/18","02:00","12.05","241","14.38","48.2","1006","-","-"
"2023/01/18","03:00","12.05","246","14.97","48.7","1006.6","-","-"
"2023/01/18","04:00","13.41","244","19.83","49.5","1006.2","-","-"
"2023/01/18","05:00","11.47","236","15.55","50","1006.4","-","-"
"2023/01/18","06:00","8.75","241","13.61","49.8","1006.4","-","-"
"2023/01/18","07:00","10.89","243","15.16","50.4","1006.6","-","-"
"2023/01/18","08:00","14","238","19.83","50.5","1007.1","-","-"
"2023/01/18","09:00","12.83","237","18.66","49.8","1007.6","-","-"
"2023/01/18","10:00","12.63","233","14.77","49.5","1008.1","-","-"
"2023/01/18","11:00","15.16","231","18.08","49.5","1008.8","-","-"
"2023/01/18","12:00","13.22","228","16.52","48.9","1009.7","-","-"
"2023/01/18","13:00","12.83","234","17.88","49.5","1010.5","-","-"
"2023/01/18","14:00","11.66","240","18.66","50.9","1011.5","-","-"
"2023/01/18","15:00","10.89","242","15.16","53.6","1012","-","-"
"2023/01/18","16:00","11.08","242","14.38","55.4","1012.2","-","-"
"2023/01/18","17:00","10.89","266","15.94","58.6","1011.3","-","-"
"2023/01/18","18:00","11.86","251","16.52","59.4","1010.7","-","-"
"2023/01/18","19:00","11.08","273","14.38","60.4","1010.6","-","-"
"2023/01/18","20:00","7.78","248","12.25","60.3","1011.3","-","-"
"2023/01/18","21:00","9.14","271","12.44","60.4","1012.1","-","-"
"2023/01/18","22:00","8.16","255","9.52","59.4","1013.2","-","-"
"2023/01/18","23:00","3.11","27","3.69","54.7","1013.9","-","-"
"2023/01/19","00:00","0","243","0.39","51.3","1014.3","-","-"
"2023/01/19","01:00","0","238","0","50","1014.5","-","-"
"2023/01/19","02:00","1.75","127","3.5","48.6","1015.4","-","-"
"2023/01/19","03:00","2.53","97","3.89","49.6","1016","-","-"
"2023/01/19","04:00","5.05","95","5.25","48.6","1015.5","-","-"
"2023/01/19","05:00","2.92","91","4.47","47.8","1015.8","-","-"
"2023/01/19","06:00","4.86","78","6.22","47.3","1016","-","-"
"2023/01/19","07:00","3.89","79","4.28","46.2","1015.8","-","-"
"2023/01/19","08:00","5.44","85","6.03","45.5","1015.2","-","-"
"2023/01/19","09:00","3.69","109","4.28","45.7","1015.4","-","-"
"2023/01/19","10:00","2.72","98","3.11","45.7","1015.5","-","-"
"2023/01/19","11:00","5.83","104","7.97","45.7","1014.4","-","-"
"2023/01/19","12:00","5.64","136","8.16","46.8","1013.9","-","-"
"2023/01/19","13:00","8.36","126","11.08","47.8","1013.4","-","-"
"2023/01/19","14:00","8.36","79","8.94","46","1013.3","-","-"
"2023/01/19","15:00","4.08","149","6.8","52.3","1012.4","-","-"
"2023/01/19","16:00","10.11","179","16.33","57.4","1010.8","-","-"
"2023/01/19","17:00","10.5","199","15.55","62.6","1008.8","-","-"
"2023/01/19","18:00","9.14","214","17.49","65.3","1007.4","-","-"
"2023/01/19","19:00","9.33","192","14.19","66","1005.9","-","-"
"2023/01/19","20:00","7.39","210","16.13","67.3","1005.1","-","-"
"2023/01/19","21:00","6.22","188","8.55","65.7","1004.9","-","-"
"2023/01/19","22:00","8.16","186","11.66","66.9","1003.3","-","-"
"2023/01/19","23:00","12.63","200","17.69","68.2","1002.6","-","-"
"2023/01/20","00:00","12.63","209","20.02","67.6","1002.3","-","-"
"2023/01/20","01:00","7.78","204","12.05","66.4","1002","-","-"
"2023/01/20","02:00","10.89","208","17.11","65.8","1001.2","-","-"
"2023/01/20","03:00","10.5","225","14","64.8","1001.9","-","-"
"2023/01/20","04:00","8.94","229","12.44","63.9","1002","-","-"
"2023/01/20","05:00","10.5","253","13.61","63.9","1002.1","-","-"
"2023/01/20","06:00","11.27","254","14.97","63.7","1002.2","-","-"
"2023/01/20","07:00","10.5","250","14.58","62.8","1002.5","-","-"
"2023/01/20","08:00","10.5","251","17.3","61.3","1002.5","-","-"
"2023/01/20","09:00","12.25","250","16.52","60.3","1002.7","-","-"
"2023/01/20","10:00","10.5","250","13.22","59","1003.4","-","-"
"2023/01/20","11:00","8.94","262","12.63","57","1004.3","-","-"
"2023/01/20","12:00","14.38","287","17.3","56.7","1005.5","-","-"
"2023/01/20","13:00","9.14","311","11.66","51.1","1006.9","-","-"
"2023/01/20","14:00","13.02","301","16.91","51.6","1008.2","-","-"
"2023/01/20","15:00","12.44","309","14","51.3","1008.7","-","-"
"2023/01/20","16:00","-","-","-","-","-","-","-"
"2023/01/20","17:00","12.83","292","16.13","53.4","1008.3","-","-"
"2023/01/20","18:00","11.66","293","17.49","53.4","1008.1","-","-"
"2023/01/20","19:00","11.08","303","18.27","52.3","1008.5","-","-"
"2023/01/20","20:00","16.52","309","20.41","53.6","1009","-","-"
"2023/01/20","21:00","16.13","298","23.71","53.6","1010.2","-","-"
"2023/01/20","22:00","11.27","315","14","50.9","1011.6","-","-"
"2023/01/20","23:00","11.66","318","14.19","49.6","1012.8","-","-"
"2023/01/21","00:00","8.75","318","10.11","48.2","1013.9","-","-"
"2023/01/21","01:00","5.64","291","7","47.7","1014.7","-","-"
"2023/01/21","02:00","7.19","333","9.52","46.4","1015.4","-","-"
"2023/01/21","03:00","6.41","328","7.97","44.8","1016","-","-"
"2023/01/21","04:00","6.8","322","8.55","43.9","1016.6","-","-"
"2023/01/21","05:00","10.11","331","12.44","42.6","1016.6","-","-"
"2023/01/21","06:00","8.36","338","9.91","41.5","1016.8","-","-"
"2023/01/21","07:00","9.91","329","11.27","41.2","1017.5","-","-"
"2023/01/21","08:00","11.27","317","13.61","41.2","1017.9","-","-"
"2023/01/21","09:00","10.11","292","13.8","40.8","1018.2","-","-"
"2023/01/21","10:00","7.97","292","9.72","39","1019","-","-"
"2023/01/21","11:00","7.97","303","11.47","39.9","1019.6","-","-"
"2023/01/21","12:00","7.78","290","9.14","39.2","1020.5","-","-"
"2023/01/21","13:00","5.64","272","7.78","38.5","1020.9","-","-"
"2023/01/21","14:00","9.14","307","11.08","39.7","1021.2","-","-"
"2023/01/21","15:00","11.08","315","12.05","40.8","1021.8","-","-"
"2023/01/21","16:00","14","309","16.33","43","1021.8","-","-"
"2023/01/21","17:00","14.19","311","17.11","43.9","1021.3","-","-"
"2023/01/21","18:00","11.86","304","15.55","44.4","1020.7","-","-"
"2023/01/21","19:00","7.78","331","14.97","45.3","1020.4","-","-"
"2023/01/21","20:00","7.78","299","10.69","45.5","1020.5","-","-"
"2023/01/21","21:00","8.55","307","10.11","45.1","1021.3","-","-"
"2023/01/21","22:00","7","344","8.36","45","1021.6","-","-"
"2023/01/21","23:00","3.69","19","5.44","43.2","1021.8","-","-"
"2023/01/22","00:00","3.89","26","4.86","42.1","1022","-","-"
"2023/01/22","01:00","0","206","0","40.1","1022.8","-","-"
"2023/01/22","02:00","3.89","50","4.28","41","1022.1","-","-"
"2023/01/22","03:00","4.67","62","5.05","41.5","1022","-","-"
"2023/01/22","04:00","2.53","161","3.69","40.5","1022.4","-","-"
"2023/01/22","05:00","1.94","132","3.89","39.9","1022.1","-","-"
"2023/01/22","06:00","2.53","171","3.11","39.9","1021.6","-","-"
"2023/01/22","07:00","4.47","179","5.64","39.9","1022.1","-","-"
"2023/01/22","08:00","1.94","139","3.11","39.7","1020.7","-","-"
"2023/01/22","09:00","2.53","155","2.92","39.2","1020.4","-","-"
"2023/01/22","10:00","2.92","153","3.69","38.8","1019.8","-","-"
"2023/01/22","11:00","2.33","160","2.92","39.6","1019.5","-","-"
"2023/01/22","12:00","3.5","159","4.08","40.1","1018.8","-","-"
"2023/01/22","13:00","0.78","155","1.94","41.2","1018.2","-","-"
"2023/01/22","14:00","4.08","145","4.86","42.3","1018","-","-"
"2023/01/22","15:00","4.08","138","6.22","44.6","1018.6","-","-"
"2023/01/22","16:00","6.03","138","8.36","44.4","1017.6","-","-"
"2023/01/22","17:00","6.8","139","10.69","43.9","1015.4","-","-"
"2023/01/22","18:00","10.11","118","14.19","44.4","1013.3","-","-"
"2023/01/22","19:00","10.3","121","13.02","45","1011.8","-","-"
"2023/01/22","20:00","12.05","106","15.16","46","1010.5","-","-"
"2023/01/22","21:00","10.89","93","11.86","45.7","1009.3","-","-"
"2023/01/22","22:00","7","80","7.78","45.5","1007.7","-","-"
"2023/01/22","23:00","7.39","75","8.94","45.9","1006.6","-","-"
"2023/01/23","00:00","7","117","7.97","47.3","1004.7","-","-"
"2023/01/23","01:00","4.47","72","4.67","47.7","1003.7","-","-"
"2023/01/23","02:00","3.5","276","3.69","48.2","1003.5","-","-"
"2023/01/23","03:00","14.19","318","17.3","46","1003.3","-","-"
"2023/01/23","04:00","8.16","308","10.11","46","1004.2","-","-"
"2023/01/23","05:00","8.16","320","8.94","45.5","1002.4","-","-"
"2023/01/23","06:00","8.75","287","10.5","44.8","1003","-","-"
"2023/01/23","07:00","2.92","172","3.89","44.1","1001","-","-"
"2023/01/23","08:00","5.05","273","5.83","43.9","1000.8","-","-"
"2023/01/23","09:00","10.89","308","12.44","43.9","1000.7","-","-"
"2023/01/23","10:00","10.3","286","12.63","43.3","1001.9","-","-"
"2023/01/23","11:00","9.14","260","12.25","42.8","1002.8","-","-"
"2023/01/23","12:00","12.05","274","14.19","42.6","1004","-","-"
"2023/01/23","13:00","9.52","277","12.63","42.4","1004.9","-","-"
"2023/01/23","14:00","8.55","271","12.83","42.4","1005.8","-","-"
"2023/01/23","15:00","11.27","263","14.77","43","1006.5","-","-"
"2023/01/23","16:00","-","-","-","-","-","-","-"
"2023/01/23","17:00","-","-","-","-","-","-","-"
"2023/01/23","18:00","-","-","-","-","-","-","-"
"2023/01/23","19:00","-","-","-","-","-","-","-"
"2023/01/23","20:00","-","-","-","-","-","-","-"
"2023/01/23","21:00","14.38","296","18.08","50.7","1009.8","-","-"
"2023/01/23","22:00","10.11","276","11.47","50.4","1011","-","-"
"2023/01/23","23:00","12.05","292","15.94","49.1","1012.4","-","-"
"2023/01/24","00:00","15.16","292","17.88","47.8","1014.2","-","-"
"2023/01/24","01:00","14.97","304","18.47","46.6","1015.8","-","-"
"2023/01/24","02:00","11.86","294","15.36","45.1","1017","-","-"
"2023/01/24","03:00","14.19","290","18.27","43.7","1017.9","-","-"
"2023/01/24","04:00","11.66","286","14.77","42.8","1018.6","-","-"
"2023/01/24","05:00","7.19","283","8.75","41","1019.2","-","-"
"2023/01/24","06:00","9.72","260","12.25","39.9","1019.8","-","-"
"2023/01/24","07:00","7.97","236","10.89","39","1020.5","-","-"
"2023/01/24","08:00","7.39","235","9.14","37.6","1020.2","-","-"
"2023/01/24","09:00","6.61","231","8.94","36.9","1020.7","-","-"
"2023/01/24","10:00","8.75","235","11.66","36.3","1021","-","-"
"2023/01/24","11:00","7.97","237","11.27","36.1","1021.5","-","-"
"2023/01/24","12:00","5.05","258","8.16","35.8","1022.3","-","-"
"2023/01/24","13:00","3.5","272","4.86","36","1023.2","-","-"
"2023/01/24","14:00","5.25","261","7","39.4","1023.8","-","-"
"2023/01/24","15:00","6.03","245","8.94","42.4","1023.7","-","-"
"2023/01/24","16:00","4.47","346","5.44","43.2","1024","-","-"
"2023/01/24","17:00","3.69","35","4.08","44.1","1023","-","-"
"2023/01/24","18:00","1.56","50","2.53","46.2","1022.5","-","-"
"2023/01/24","19:00","6.41","203","7.78","49.5","1021.9","-","-"
"2023/01/24","20:00","5.44","281","7.19","50.7","1021.7","-","-"
"2023/01/24","21:00","1.94","214","5.64","52.5","1021.8","-","-"
"2023/01/24","22:00","5.83","75","6.03","46.4","1022.2","-","-"
"2023/01/24","23:00","2.33","91","2.53","45.3","1022.6","-","-"
"2023/01/25","00:00","2.14","198","2.53","41.9","1023.2","-","-"
"2023/01/25","01:00","2.33","132","5.44","41.2","1023.8","-","-"
"2023/01/25","02:00","2.72","195","2.92","39.2","1024.5","-","-"
"2023/01/25","03:00","3.11","156","3.69","39.4","1023.9","-","-"
"2023/01/25","04:00","1.36","126","1.36","39","1023.1","-","-"
"2023/01/25","05:00","0","209","0","38.1","1023.1","-","-"
"2023/01/25","06:00","0","208","0","38.1","1023","-","-"
"2023/01/25","07:00","2.72","109","2.92","38.5","1022","-","-"
"2023/01/25","08:00","6.03","200","8.16","40.8","1023","-","-"
"2023/01/25","09:00","5.44","203","7","41.4","1022.7","-","-"
"2023/01/25","10:00","1.36","130","2.14","40.5","1022.4","-","-"
"2023/01/25","11:00","3.69","127","4.28","38.8","1021.4","-","-"
"2023/01/25","12:00","0","193","1.75","38.8","1021.2","-","-"
"2023/01/25","13:00","7.58","122","9.14","41.5","1020.1","-","-"
"2023/01/25","14:00","5.83","138","7.58","44.2","1019.6","-","-"
"2023/01/25","15:00","12.05","125","14.19","45.5","1018.5","-","-"
"2023/01/25","16:00","7.39","116","10.69","46","1018.1","-","-"
"2023/01/25","17:00","15.36","115","19.63","47.1","1014.2","-","-"
"2023/01/25","18:00","11.27","136","18.27","48.2","1012","-","-"
"2023/01/25","19:00","6.8","109","8.55","49.3","1010.4","-","-"
"2023/01/25","20:00","7.58","119","8.55","48.9","1008.8","-","-"
"2023/01/25","21:00","9.33","147","13.02","52.7","1006.9","-","-"
"2023/01/25","22:00","15.94","174","24.1","57.9","1005.4","-","-"
"2023/01/25","23:00","17.3","180","22.94","59.5","1004.5","-","-"
"2023/01/26","00:00","13.8","178","24.69","59.4","1003.9","-","-"
"2023/01/26","01:00","11.66","184","16.91","59.9","1003","-","-"
"2023/01/26","02:00","12.05","176","14.97","60.8","1002.3","-","-"
"2023/01/26","03:00","6.61","189","10.5","60.4","1000.5","-","-"
"2023/01/26","04:00","8.55","198","13.61","61.3","1000.3","-","-"
"2023/01/26","05:00","8.75","218","12.63","60.3","999.3","-","-"
"2023/01/26","06:00","8.75","223","13.41","59","999.3","-","-"
"2023/01/26","07:00","7.78","217","11.27","59.4","999.3","-","-"
"2023/01/26","08:00","15.36","251","21.58","54.9","1000.1","-","-"
"2023/01/26","09:00","14.58","277","21.19","51.8","1001","-","-"
"2023/01/26","10:00","11.27","254","15.55","49.3","1002.3","-","-"
"2023/01/26","11:00","12.25","251","15.55","48","1003.8","-","-"
"2023/01/26","12:00","14.77","265","19.44","46.6","1005.3","-","-"
"2023/01/26","13:00","12.05","260","16.52","45.7","1006.8","-","-"
"2023/01/26","14:00","10.89","264","14.77","46.2","1008.2","-","-"
"2023/01/26","15:00","12.63","269","17.69","47.3","1009","-","-"
"2023/01/26","16:00","13.41","286","18.08","48.6","1009.1","-","-"
"2023/01/26","17:00","14.58","266","20.41","49.5","1008.6","-","-"
"2023/01/26","18:00","14.19","240","20.99","49.8","1008.5","-","-"
"2023/01/26","19:00","11.08","281","14.58","49.8","1008.8","-","-"
"2023/01/26","20:00","12.44","259","18.66","49.3","1009.9","-","-"
"2023/01/26","21:00","11.27","266","14.38","49.5","1010.6","-","-"
"2023/01/26","22:00","7.58","266","12.05","48.9","1011.2","-","-"
"2023/01/26","23:00","5.64","238","7.97","47.7","1012.1","-","-"
"2023/01/27","00:00","6.8","243","8.75","47.1","1013.2","-","-"
"2023/01/27","01:00","11.66","275","14.58","47.1","1014","-","-"
"2023/01/27","02:00","5.64","258","8.94","45.5","1014.8","-","-"
"2023/01/27","03:00","8.16","243","10.3","44.6","1015","-","-"
"2023/01/27","04:00","9.52","245","13.02","43.5","1015.4","-","-"
"2023/01/27","05:00","5.64","238","8.16","42.3","1015.8","-","-"
"2023/01/27","06:00","7.58","261","11.47","42.1","1015.8","-","-"
"2023/01/27","07:00","7.58","268","9.14","40.6","1016.2","-","-"
"2023/01/27","08:00","9.14","291","11.08","40.3","1016.6","-","-"
"2023/01/27","09:00","5.05","297","6.61","39.9","1017.1","-","-"
"2023/01/27","10:00","1.75","215","2.53","36.7","1017.7","-","-"
"2023/01/27","11:00","1.94","184","2.72","35.8","1018.6","-","-"
"2023/01/27","12:00","9.14","221","11.66","35.1","1019.3","-","-"
"2023/01/27","13:00","8.36","236","10.11","36.5","1020.2","-","-"
"2023/01/27","14:00","3.89","287","5.25","39.4","1020.8","-","-"
"2023/01/27","15:00","8.94","302","12.83","42.3","1021.3","-","-"
"2023/01/27","16:00","8.94","321","11.08","42.8","1021.1","-","-"
"2023/01/27","17:00","12.63","275","20.22","43.9","1020.1","-","-"
"2023/01/27","18:00","11.08","257","13.61","44.4","1019.7","-","-"
"2023/01/27","19:00","11.27","260","16.33","45.1","1019.4","-","-"
"2023/01/27","20:00","11.08","245","15.36","45.7","1019.4","-","-"
"2023/01/27","21:00","10.3","266","13.02","46.6","1019.8","-","-"
"2023/01/27","22:00","6.22","263","10.5","46.4","1020.1","-","-"
"2023/01/27","23:00","2.14","236","2.72","43","1020.7","-","-"
"2023/01/28","00:00","3.69","212","3.69","41.4","1021.4","-","-"
"2023/01/28","01:00","5.05","231","6.03","41.5","1022.2","-","-"
"2023/01/28","02:00","5.05","226","5.83","39.4","1022.5","-","-"
"2023/01/28","03:00","5.64","205","6.41","39.2","1022.4","-","-"
"2023/01/28","04:00","6.61","203","7.19","39.2","1022.4","-","-"
"2023/01/28","05:00","6.61","212","7","37.9","1022.5","-","-"
"2023/01/28","06:00","4.28","217","5.83","38.5","1022.9","-","-"
"2023/01/28","07:00","7","221","9.72","39.6","1023.3","-","-"
"2023/01/28","08:00","10.3","233","14.38","41.2","1023.4","-","-"
"2023/01/28","09:00","11.27","240","14","42.3","1023.5","-","-"
"2023/01/28","10:00","13.22","238","16.33","41.5","1023.6","-","-"
"2023/01/28","11:00","5.64","237","10.89","40.6","1024.2","-","-"
"2023/01/28","12:00","5.44","238","7.58","40.3","1025","-","-"
"2023/01/28","13:00","6.41","256","8.94","40.5","1025.8","-","-"
"2023/01/28","14:00","6.61","245","11.27","42.4","1026.5","-","-"
"2023/01/28","15:00","11.86","249","15.94","46.2","1026.4","-","-"
"2023/01/28","16:00","6.41","257","9.72","49.5","1026.5","-","-"
"2023/01/28","17:00","8.16","256","10.89","52.5","1025.5","-","-"
"2023/01/28","18:00","8.36","245","11.66","54.9","1024.3","-","-"
"2023/01/28","19:00","9.91","222","13.41","56.5","1023.9","-","-"
"2023/01/28","20:00","7.58","243","13.02","57.7","1024.1","-","-"
"2023/01/28","21:00","7.97","262","11.08","58.8","1024.5","-","-"
"2023/01/28","22:00","4.08","213","8.94","57","1025.1","-","-"
"2023/01/28","23:00","3.69","194","5.64","54.7","1025.5","-","-"
"2023/01/29","00:00","4.28","197","5.64","51.4","1025.8","-","-"
"2023/01/29","01:00","4.47","194","5.44","50.9","1026.1","-","-"
"2023/01/29","02:00","5.25","201","6.22","49.8","1026.4","-","-"
"2023/01/29","03:00","6.41","214","7.58","49.5","1026.6","-","-"
"2023/01/29","04:00","7.58","202","10.11","49.1","1026.6","-","-"
"2023/01/29","05:00","6.61","199","9.72","48.4","1026.3","-","-"
"2023/01/29","06:00","5.64","204","8.36","47.1","1025.8","-","-"
"2023/01/29","07:00","6.8","207","10.11","46.2","1025.4","-","-"
"2023/01/29","08:00","8.94","214","11.86","45.5","1025.1","-","-"
"2023/01/29","09:00","6.41","216","7.97","44.4","1025.2","-","-"
"2023/01/29","10:00","2.53","183","3.69","43","1024.7","-","-"
"2023/01/29","11:00","5.44","191","7.39","42.8","1024.5","-","-"
"2023/01/29","12:00","6.41","198","7.78","41.5","1024.8","-","-"
"2023/01/29","13:00","6.22","189","7.19","42.1","1024.8","-","-"
"2023/01/29","14:00","4.67","199","7.58","46","1025.1","-","-"
"2023/01/29","15:00","8.75","203","13.61","50.5","1024.6","-","-"
"2023/01/29","16:00","14.38","244","21.58","53.2","1024.6","-","-"
"2023/01/29","17:00","9.14","226","14.38","55","1024","-","-"
"2023/01/29","18:00","8.36","234","12.83","53.6","1022.6","-","-"
"2023/01/29","19:00","13.02","230","19.44","53.2","1021.7","-","-"
"2023/01/29","20:00","7.58","229","11.47","52.3","1021.9","-","-"
"2023/01/29","21:00","7.39","217","11.27","50.5","1021.5","-","-"
"2023/01/29","22:00","5.64","234","8.75","50.2","1021.1","-","-"
"2023/01/29","23:00","3.89","290","4.28","49.3","1020.7","-","-"
"2023/01/30","00:00","3.11","249","3.69","49.3","1021.3","-","-"
"2023/01/30","01:00","5.83","297","6.22","47.3","1021.4","-","-"
"2023/01/30","02:00","3.69","289","4.47","48.2","1021.7","-","-"
"2023/01/30","03:00","4.08","210","5.05","48.7","1021.7","-","-"
"2023/01/30","04:00","3.11","252","4.28","49.6","1021.5","-","-"
"2023/01/30","05:00","1.94","260","2.53","48.4","1021.3","-","-"
"2023/01/30","06:00","4.47","322","4.67","48.6","1020.6","-","-"
"2023/01/30","07:00","1.36","166","2.33","46.9","1020.2","-","-"
"2023/01/30","08:00","0.97","192","2.14","46.4","1020","-","-"
"2023/01/30","09:00","0.58","356","1.17","46","1019.9","-","-"
"2023/01/30","10:00","1.17","50","1.36","46","1020.2","-","-"
"2023/01/30","11:00","1.36","354","1.56","45.7","1020.8","-","-"
"2023/01/30","12:00","4.67","128","5.05","45.9","1019.8","-","-"
"2023/01/30","13:00","4.47","159","4.86","46.4","1020.1","-","-"
"2023/01/30","14:00","0","296","0.78","47.1","1020.8","-","-"
"2023/01/30","15:00","2.53","294","2.92","47.1","1021.1","-","-"
"2023/01/30","16:00","0.78","52","1.75","48","1020.3","-","-"
"2023/01/30","17:00","4.47","91","4.86","47.8","1019.5","-","-"
"2023/01/30","18:00","0.58","28","2.33","48.4","1018.9","-","-"
"2023/01/30","19:00","4.28","105","4.67","49.8","1017.9","-","-"
"2023/01/30","20:00","6.03","75","6.8","48.6","1017.8","-","-"
"2023/01/30","21:00","2.53","108","3.3","51.1","1017.9","-","-"
"2023/01/30","22:00","2.14","327","2.53","50.5","1018.2","-","-"
"2023/01/30","23:00","0.78","194","0.97","47.5","1018.4","-","-"
"2023/01/31","00:00","3.5","192","4.08","50.4","1018.4","-","-"
"2023/01/31","01:00","0.78","239","1.75","47.3","1018.5","-","-"
"2023/01/31","02:00","2.14","267","3.11","47.8","1018.9","-","-"
"2023/01/31","03:00","1.36","195","2.72","46.8","1019","-","-"
"2023/01/31","04:00","4.86","205","6.41","49.6","1018.6","-","-"
"2023/01/31","05:00","6.61","218","8.36","50.2","1018.3","-","-"
"2023/01/31","06:00","7.58","223","10.69","50.2","1017.8","-","-"
"2023/01/31","07:00","8.94","222","12.25","50.4","1017.7","-","-"
"2023/01/31","08:00","5.83","241","9.52","50.2","1017.7","-","-"
"2023/01/31","09:00","5.83","220","9.52","50","1017.6","-","-"
"2023/01/31","10:00","10.11","230","13.02","50.2","1017.9","-","-"
"2023/01/31","11:00","9.52","225","11.47","50.2","1018.1","-","-"
"2023/01/31","12:00","9.33","218","12.44","50.2","1018.7","-","-"
"2023/01/31","13:00","2.72","228","5.64","50.2","1019.2","-","-"
"2023/01/31","14:00","12.63","218","16.52","50.5","1019.9","-","-"
"2023/01/31","15:00","4.08","34","6.61","49.8","1020.7","-","-"
"2023/01/31","16:00","5.83","327","8.16","48.9","1021.3","-","-"
"2023/01/31","17:00","4.28","58","5.64","49.3","1020.2","-","-"
"2023/01/31","18:00","9.33","45","11.08","47.1","1019.4","-","-"
"2023/01/31","19:00","7.97","34","11.86","46.8","1018.7","-","-"
"2023/01/31","20:00","11.27","43","13.41","45.7","1019","-","-"
"2023/01/31","21:00","11.47","43","13.8","45.1","1019.3","-","-"
"2023/01/31","22:00","8.16","57","10.3","43.2","1019.2","-","-"
"2023/01/31","23:00","7.78","34","10.11","43.2","1019.4","-","-"
"2023/02/01","00:00","14.19","67","15.75","43.2","1020","-","-"
"2023/02/01","01:00","13.22","66","14.58","43","1019.5","-","-"
"2023/02/01","02:00","11.08","69","12.05","42.4","1019.9","-","-"
"2023/02/01","03:00","10.11","49","12.63","41.7","1019.7","-","-"
"2023/02/01","04:00","9.91","47","11.08","41","1019.2","-","-"
"2023/02/01","05:00","9.52","37","11.27","40.5","1019.4","-","-"
"2023/02/01","06:00","8.75","30","11.86","39.9","1018.8","-","-"
"2023/02/01","07:00","7.78","42","10.69","39.6","1018.2","-","-"
"2023/02/01","08:00","9.72","19","12.83","39.6","1018.3","-","-"
"2023/02/01","09:00","10.3","1","11.66","38.8","1018.4","-","-"
"2023/02/01","10:00","9.14","15","11.27","38.8","1019.2","-","-"
"2023/02/01","11:00","9.52","8","13.22","38.8","1020","-","-"
"2023/02/01","12:00","10.69","14","12.63","38.7","1020.5","-","-"
"2023/02/01","13:00","14.19","360","17.49","38.1","1022.6","-","-"
"2023/02/01","14:00","8.16","13","9.72","37.2","1022.6","-","-"
"2023/02/01","15:00","14","8","17.69","37","1023.6","-","-"
"2023/02/01","16:00","10.11","360","12.05","36.5","1024.4","-","-"
"2023/02/01","17:00","11.47","3","13.8","37.9","1024","-","-"
"2023/02/01","18:00","16.52","348","20.8","39.4","1023.1","-","-"
"2023/02/01","19:00","12.63","1","18.47","40.5","1023.2","-","-"
"2023/02/01","20:00","15.36","11","17.3","40.3","1023.1","-","-"
"2023/02/01","21:00","8.16","32","11.08","40.3","1023.3","-","-"
"2023/02/01","22:00","5.25","34","8.36","40.1","1023.4","-","-"
"2023/02/01","23:00","7.19","51","8.16","38.7","1024.4","-","-"
"2023/02/02","00:00","4.86","44","6.22","38.3","1024.8","-","-"
"2023/02/02","01:00","5.83","36","6.8","37.9","1024.4","-","-"
"2023/02/02","02:00","4.28","22","5.44","37.4","1025","-","-"
"2023/02/02","03:00","4.86","25","5.44","37.4","1024.8","-","-"
"2023/02/02","04:00","4.08","34","5.25","37.8","1025","-","-"
"2023/02/02","05:00","5.44","25","6.8","37.9","1024.3","-","-"
"2023/02/02","06:00","4.08","9","5.44","37.8","1024","-","-"
"2023/02/02","07:00","6.41","22","7.58","36.9","1023.2","-","-"
"2023/02/02","08:00","5.64","18","6.61","36.5","1023.5","-","-"
"2023/02/02","09:00","4.08","1","5.25","36.7","1023.4","-","-"
"2023/02/02","10:00","7.39","9","8.16","36.7","1023.2","-","-"
"2023/02/02","11:00","7.19","357","7.97","37","1023.1","-","-"
"2023/02/02","12:00","2.53","13","3.69","35.8","1023.3","-","-"
"2023/02/02","13:00","2.33","215","3.69","35.8","1022.5","-","-"
"2023/02/02","14:00","3.11","194","4.08","36.3","1022.6","-","-"
"2023/02/02","15:00","3.11","75","4.47","36.3","1023.1","-","-"
"2023/02/02","16:00","3.3","95","4.67","36","1022.3","-","-"
"2023/02/02","17:00","3.3","100","4.28","36.7","1021.4","-","-"
"2023/02/02","18:00","3.89","94","4.28","36.9","1019.4","-","-"
"2023/02/02","19:00","4.08","89","5.05","37.8","1018","-","-"
"2023/02/02","20:00","2.14","58","3.3","37.9","1017.5","-","-"
"2023/02/02","21:00","1.56","119","2.53","38.7","1017.2","-","-"
"2023/02/02","22:00","3.11","225","4.86","39.4","1016.5","-","-"
"2023/02/02","23:00","3.5","309","4.47","39","1015.8","-","-"
"2023/02/03","00:00","2.92","190","3.89","38.5","1015.6","-","-"
"2023/02/03","01:00","4.28","220","5.44","38.5","1016.2","-","-"
"2023/02/03","02:00","4.86","226","6.03","39","1015","-","-"
"2023/02/03","03:00","6.03","227","7.78","39.2","1014","-","-"
"2023/02/03","04:00","7.78","242","11.66","39.4","1013.7","-","-"
"2023/02/03","05:00","7.39","241","10.11","39.6","1012.4","-","-"
"2023/02/03","06:00","5.25","238","7.58","39.9","1011.5","-","-"
"2023/02/03","07:00","7","249","10.5","40.8","1011.3","-","-"
"2023/02/03","08:00","6.03","263","8.16","41.5","1010.5","-","-"
"2023/02/03","09:00","6.61","289","8.55","43","1010.1","-","-"
"2023/02/03","10:00","9.52","279","12.63","43.2","1010.8","-","-"
"2023/02/03","11:00","7.97","295","10.3","43.3","1011.1","-","-"
"2023/02/03","12:00","7.78","297","9.33","43","1012.2","-","-"
"2023/02/03","13:00","7.78","355","8.94","40.8","1013.2","-","-"
"2023/02/03","14:00","8.36","321","9.72","41.2","1013.8","-","-"
"2023/02/03","15:00","12.63","323","14.77","41.2","1015.3","-","-"
"2023/02/03","16:00","15.36","349","17.88","-","-","-","-"
"2023/02/03","17:00","-","-","-","-","-","-","-"
"2023/02/03","18:00","-","-","-","-","-","-","-"
"2023/02/03","19:00","14.19","351","19.63","37","1017.8","-","-"
"2023/02/03","20:00","23.52","336","27.41","35.8","1018.8","-","-"
"2023/02/03","21:00","21.77","3","25.46","35.2","1020.6","-","-"
"2023/02/03","22:00","16.91","345","23.33","34.2","1022.1","-","-"
"2023/02/03","23:00","14.19","356","18.66","33.3","1024","-","-"
"2023/02/04","00:00","16.52","344","19.83","32","1025.5","-","-"
"2023/02/04","01:00","15.36","345","22.74","30.9","1027.1","-","-"
"2023/02/04","02:00","15.16","336","20.99","29.8","1028.4","-","-"
"2023/02/04","03:00","16.13","347","19.24","28.8","1029.4","-","-"
"2023/02/04","04:00","16.72","359","21.58","27.9","1030.7","-","-"
"2023/02/04","05:00","13.02","341","16.33","26.2","1031.4","-","-"
"2023/02/04","06:00","12.25","337","15.94","24.8","1032.3","-","-"
"2023/02/04","07:00","12.44","344","15.36","23.7","1033","-","-"
"2023/02/04","08:00","10.3","342","14.58","22.6","1034.1","-","-"
"2023/02/04","09:00","11.66","348","14.58","22.3","1034.5","-","-"
"2023/02/04","10:00","10.69","349","13.41","21.6","1036","-","-"
"2023/02/04","11:00","12.44","345","15.75","21","1036.4","-","-"
"2023/02/04","12:00","9.14","335","14","20.1","1037.5","-","-"
"2023/02/04","13:00","7","19","8.75","20.5","1037.5","-","-"
"2023/02/04","14:00","5.44","42","7.97","21.9","1038.2","-","-"
"2023/02/04","15:00","5.05","45","8.36","23.4","1038.3","-","-"
"2023/02/04","16:00","5.44","85","7.19","24.1","1037.6","-","-"
"2023/02/04","17:00","5.25","116","7.78","25.3","1036.7","-","-"
"2023/02/04","18:00","5.64","94","7.97","26.6","1035.3","-","-"
"2023/02/04","19:00","9.91","83","12.25","27.1","1034.2","-","-"
"2023/02/04","20:00","6.41","109","8.94","30.7","1033.4","-","-"
"2023/02/04","21:00","8.36","188","11.47","33.8","1032.9","-","-"
"2023/02/04","22:00","12.05","131","14.97","31.3","1032.4","-","-"
"2023/02/04","23:00","5.44","158","8.75","30.9","1032.5","-","-"
"2023/02/05","00:00","3.5","158","4.28","30.7","1032.2","-","-"
"2023/02/05","01:00","4.28","184","6.22","31.5","1031.9","-","-"
"2023/02/05","02:00","6.03","189","8.16","32.5","1031.6","-","-"
"2023/02/05","03:00","5.25","196","9.52","32.4","1031.4","-","-"
"2023/02/05","04:00","5.83","198","9.91","32.2","1030.6","-","-"
"2023/02/05","05:00","6.61","202","9.91","32.4","1030.2","-","-"
"2023/02/05","06:00","6.8","196","8.55","33.1","1029.4","-","-"
"2023/02/05","07:00","8.36","200","14.58","34","1028.5","-","-"
"2023/02/05","08:00","8.94","206","12.05","34.9","1028","-","-"
"2023/02/05","09:00","9.33","225","13.61","35.1","1028","-","-"
"2023/02/05","10:00","9.52","220","13.02","35.8","1027.4","-","-"
"2023/02/05","11:00","8.55","226","11.86","36.1","1026.8","-","-"
"2023/02/05","12:00","6.41","220","10.69","36.7","1026.9","-","-"
"2023/02/05","13:00","9.52","218","14.97","38.1","1026.6","-","-"
"2023/02/05","14:00","12.25","214","14.77","41","1026.1","-","-"
"2023/02/05","15:00","8.16","228","11.66","43.3","1025.6","-","-"
"2023/02/05","16:00","10.89","221","14.58","45.3","1024.5","-","-"
"2023/02/05","17:00","8.16","232","11.47","50","1023.2","-","-"
"2023/02/05","18:00","9.72","211","13.8","52.9","1021.5","-","-"
"2023/02/05","19:00","8.36","203","12.83","54.3","1020.1","-","-"
"2023/02/05","20:00","9.33","213","19.24","54","1019.3","-","-"
"2023/02/05","21:00","12.63","198","17.11","53.1","1018.8","-","-"
"2023/02/05","22:00","8.36","196","13.22","48.9","1018.8","-","-"
"2023/02/05","23:00","8.94","199","16.33","50","1018.2","-","-"
"2023/02/06","00:00","10.5","210","14.77","51.8","1017.9","-","-"
"2023/02/06","01:00","8.55","202","11.86","51.1","1017.3","-","-"
"2023/02/06","02:00","7.19","189","9.72","50.4","1016.9","-","-"
"2023/02/06","03:00","6.41","177","9.33","50","1015.8","-","-"
"2023/02/06","04:00","5.64","285","6.41","50","1015.8","-","-"
"2023/02/06","05:00","3.89","250","5.25","49.6","1014.5","-","-"
"2023/02/06","06:00","4.47","269","5.05","49.8","1013.3","-","-"
"2023/02/06","07:00","6.03","274","8.36","49.5","1012.4","-","-"
"2023/02/06","08:00","6.22","267","7.39","47.1","1011.6","-","-"
"2023/02/06","09:00","6.41","272","7.78","45.7","1011.3","-","-"
"2023/02/06","10:00","9.14","275","11.47","45.1","1011.2","-","-"
"2023/02/06","11:00","10.69","291","11.66","45","1011.7","-","-"
"2023/02/06","12:00","10.89","306","13.22","44.2","1012.5","-","-"
"2023/02/06","13:00","12.44","312","16.33","43.9","1013.2","-","-"
"2023/02/06","14:00","10.89","312","12.83","44.4","1014","-","-"
"2023/02/06","15:00","11.47","313","15.75","47.1","1014.6","-","-"
"2023/02/06","16:00","12.44","313","17.88","49.1","1014.9","-","-"
"2023/02/06","17:00","19.44","5","24.1","53.2","1015.1","-","-"
"2023/02/06","18:00","16.91","347","24.3","53.1","1014.9","-","-"
"2023/02/06","19:00","18.66","333","23.52","52.5","1015.4","-","-"
"2023/02/06","20:00","17.49","356","21.77","53.1","1016.1","-","-"
"2023/02/06","21:00","17.11","1","19.05","52.3","1016.9","-","-"
"2023/02/06","22:00","13.61","333","19.05","51.3","1018.2","-","-"
"2023/02/06","23:00","10.11","347","13.02","50","1019.2","-","-"
"2023/02/07","00:00","10.11","349","13.41","48.6","1020.5","-","-"
"2023/02/07","01:00","8.75","345","10.11","47.1","1021.5","-","-"
"2023/02/07","02:00","5.83","339","6.61","45.7","1022.2","-","-"
"2023/02/07","03:00","3.11","359","3.89","44.1","1022.9","-","-"
"2023/02/07","04:00","2.33","22","3.11","42.1","1023","-","-"
"2023/02/07","05:00","1.36","261","2.72","39.6","1023.1","-","-"
"2023/02/07","06:00","5.64","278","6.22","40.8","1023.6","-","-"
"2023/02/07","07:00","3.89","311","4.67","40.5","1024.5","-","-"
"2023/02/07","08:00","6.22","323","7.19","39.9","1025","-","-"
"2023/02/07","09:00","5.64","343","6.03","39","1025.1","-","-"
"2023/02/07","10:00","3.69","325","4.67","37.8","1025.5","-","-"
"2023/02/07","11:00","5.64","354","6.41","37.4","1026","-","-"
"2023/02/07","12:00","0.19","239","2.33","35.2","1026.5","-","-"
"2023/02/07","13:00","0.19","247","0.39","36.5","1026.9","-","-"
"2023/02/07","14:00","1.17","289","1.75","41.4","1027.3","-","-"
"2023/02/07","15:00","2.33","40","2.92","40.8","1027.4","-","-"
"2023/02/07","16:00","7","62","7.58","41.7","1027.3","-","-"
"2023/02/07","17:00","8.75","69","9.52","42.1","1026.6","-","-"
"2023/02/07","18:00","8.55","75","9.52","43.5","1025.4","-","-"
"2023/02/07","19:00","9.91","81","12.44","44.4","1024.1","-","-"
"2023/02/07","20:00","5.05","194","13.8","53.2","1023.2","-","-"
"2023/02/07","21:00","4.08","197","7.97","55.6","1022.8","-","-"
"2023/02/07","22:00","2.92","78","4.08","48.7","1022.3","-","-"
"2023/02/07","23:00","1.17","191","2.14","47.3","1021.7","-","-"
"2023/02/08","00:00","5.44","196","9.52","52.5","1021.4","-","-"
"2023/02/08","01:00","7.97","207","12.25","53.4","1021.3","-","-"
"2023/02/08","02:00","9.52","211","16.33","52.7","1020.8","-","-"
"2023/02/08","03:00","8.55","222","12.63","52","1020.9","-","-"
"2023/02/08","04:00","10.11","223","14.77","52.5","1020.5","-","-"
"2023/02/08","05:00","9.72","234","13.61","53.8","1020.3","-","-"
"2023/02/08","06:00","11.47","234","16.72","55.2","1019.9","-","-"
"2023/02/08","07:00","13.02","232","17.88","54.9","1019.3","-","-"
"2023/02/08","08:00","13.8","227","17.11","54","1018.8","-","-"
"2023/02/08","09:00","12.63","233","18.66","52.3","1018.5","-","-"
"2023/02/08","10:00","15.55","231","19.05","51.8","1018.6","-","-"
"2023/02/08","11:00","8.55","251","13.8","50.7","1019.6","-","-"
"2023/02/08","12:00","5.25","251","9.72","50.4","1020.3","-","-"
"2023/02/08","13:00","7.19","268","11.08","50.7","1021.1","-","-"
"2023/02/08","14:00","6.22","258","8.16","51.6","1021.6","-","-"
"2023/02/08","15:00","5.83","296","7.97","53.4","1022.1","-","-"
"2023/02/08","16:00","1.56","306","1.75","54.1","1022.6","-","-"
"2023/02/08","17:00","7.78","84","9.33","49.3","1022.4","-","-"
"2023/02/08","18:00","4.08","119","5.25","58.3","1021.8","-","-"
"2023/02/08","19:00","8.36","90","10.3","54.1","1021.5","-","-"
"2023/02/08","20:00","9.14","88","9.52","55.9","1021.3","-","-"
"2023/02/08","21:00","7.39","102","9.33","58.1","1021.9","-","-"
"2023/02/08","22:00","6.03","127","7.19","56.8","1022.5","-","-"
"2023/02/08","23:00","4.08","148","5.05","53.2","1023","-","-"
"2023/02/09","00:00","2.92","82","3.69","48.9","1023.4","-","-"
"2023/02/09","01:00","1.17","103","2.14","48","1023.6","-","-"
"2023/02/09","02:00","0.39","73","1.94","46.9","1023.5","-","-"
"2023/02/09","03:00","0.19","61","1.56","46.8","1024","-","-"
"2023/02/09","04:00","2.33","83","2.53","46.4","1023.8","-","-"
"2023/02/09","05:00","2.92","109","3.5","45.7","1023.5","-","-"
"2023/02/09","06:00","2.53","156","3.11","49.5","1023.3","-","-"
"2023/02/09","07:00","5.44","87","6.03","46","1023.3","-","-"
"2023/02/09","08:00","3.3","72","5.64","46","1022.9","-","-"
"2023/02/09","09:00","3.11","115","4.28","45.1","1022.3","-","-"
"2023/02/09","10:00","2.53","60","2.92","45.3","1022.3","-","-"
"2023/02/09","11:00","0","103","0","45.7","1022.3","-","-"
"2023/02/09","12:00","3.11","101","3.3","46.4","1022.2","-","-"
"2023/02/09","13:00","3.3","106","4.28","46.9","1022.2","-","-"
"2023/02/09","14:00","8.75","192","13.02","55.2","1021.9","-","-"
"2023/02/09","15:00","8.94","195","11.47","58.6","1021.2","-","-"
"2023/02/09","16:00","5.83","208","9.14","60.4","1020.4","-","-"
"2023/02/09","17:00","8.55","224","14.77","64.8","1018.9","-","-"
"2023/02/09","18:00","7.78","194","15.94","66.4","1017.3","-","-"
"2023/02/09","19:00","17.11","191","21.58","67.8","1015.8","-","-"
"2023/02/09","20:00","6.8","175","12.83","66.9","1015.2","-","-"
"2023/02/09","21:00","9.52","189","14","68.7","1015","-","-"
"2023/02/09","22:00","6.03","174","11.08","67.5","1014.2","-","-"
"2023/02/09","23:00","6.8","169","9.52","65.1","1014","-","-"
"2023/02/10","00:00","11.08","177","14.77","66.4","1013.7","-","-"
"2023/02/10","01:00","9.72","199","15.94","66.2","1013","-","-"
"2023/02/10","02:00","12.05","200","17.69","66","1012.8","-","-"
"2023/02/10","03:00","10.5","222","18.66","65.3","1012.6","-","-"
"2023/02/10","04:00","13.22","209","19.83","66","1011.9","-","-"
"2023/02/10","05:00","7.78","221","16.13","65.3","1012.1","-","-"
"2023/02/10","06:00","12.63","216","21.38","66.6","1011.6","-","-"
"2023/02/10","07:00","12.63","222","19.05","66","1011.6","-","-"
"2023/02/10","08:00","11.66","228","20.8","65.7","1011.5","-","-"
"2023/02/10","09:00","12.05","223","16.52","65.3","1011.2","-","-"
"2023/02/10","10:00","11.66","227","16.72","64.8","1011.9","-","-"
"2023/02/10","11:00","10.89","245","18.27","64.6","1012.3","-","-"
"2023/02/10","12:00","10.5","245","15.55","64.6","1012.5","-","-"
"2023/02/10","13:00","8.75","244","11.86","64.6","1013.2","-","-"
"2023/02/10","14:00","10.69","247","13.8","64.8","1013.5","-","-"
"2023/02/10","15:00","13.8","259","20.41","66.6","1013.3","-","-"
"2023/02/10","16:00","16.72","259","20.6","66.7","1013.5","-","-"
"2023/02/10","17:00","16.52","255","20.02","67.5","1013.3","-","-"
"2023/02/10","18:00","10.89","280","15.36","68","1013.2","-","-"
"2023/02/10","19:00","14.97","77","16.72","52.9","1013.2","-","-"
"2023/02/10","20:00","10.5","100","11.08","52.5","1013.7","-","-"
"2023/02/10","21:00","7.58","108","8.55","52.3","1014.5","-","-"
"2023/02/10","22:00","2.53","85","5.44","54.5","1015.3","-","-"
"2023/02/10","23:00","2.53","125","3.3","52.9","1016.4","-","-"
"2023/02/11","00:00","1.56","36","2.72","52.9","1016.3","-","-"
"2023/02/11","01:00","5.25","11","5.83","52.2","1017.5","-","-"
"2023/02/11","02:00","3.89","318","4.08","50.5","1018.3","-","-"
"2023/02/11","03:00","9.14","5","11.66","53.4","1018.6","-","-"
"2023/02/11","04:00","11.66","358","13.02","51.8","1019.2","-","-"
"2023/02/11","05:00","10.3","356","11.47","50.7","1019.9","-","-"
"2023/02/11","06:00","8.36","358","10.5","49.6","1020.2","-","-"
"2023/02/11","07:00","3.89","342","4.47","48.9","1020.2","-","-"
"2023/02/11","08:00","2.53","295","3.69","47.7","1020.4","-","-"
"2023/02/11","09:00","3.69","313","4.08","47.3","1020.4","-","-"
"2023/02/11","10:00","2.72","274","3.11","47.1","1021.4","-","-"
"2023/02/11","11:00","2.53","272","3.5","46.8","1022.4","-","-"
"2023/02/11","12:00","2.53","4","2.53","46","1023","-","-"
"2023/02/11","13:00","5.05","349","5.83","46.2","1024.4","-","-"
"2023/02/11","14:00","11.47","20","13.41","46.8","1024.9","-","-"
"2023/02/11","15:00","12.44","10","15.55","45.7","1025.5","-","-"
"2023/02/11","16:00","9.91","9","12.63","46.4","1025.7","-","-"
"2023/02/11","17:00","10.3","11","12.25","47.3","1025.3","-","-"
"2023/02/11","18:00","5.64","303","7.39","48","1024.9","-","-"
"2023/02/11","19:00","13.41","83","15.36","44.6","1024.6","-","-"
"2023/02/11","20:00","14.58","76","15.94","44.2","1024.1","-","-"
"2023/02/11","21:00","8.55","89","10.69","44.4","1023.7","-","-"
"2023/02/11","22:00","6.61","69","8.36","45.1","1023.5","-","-"
"2023/02/11","23:00","5.25","53","7.19","45","1024.6","-","-"
"2023/02/12","00:00","11.08","74","12.63","44.8","1024.8","-","-"
"2023/02/12","01:00","10.3","61","11.47","44.6","1024.4","-","-"
"2023/02/12","02:00","8.55","70","9.91","44.6","1024.4","-","-"
"2023/02/12","03:00","9.14","85","10.5","44.6","1024.4","-","-"
"2023/02/12","04:00","10.3","100","11.66","44.1","1023","-","-"
"2023/02/12","05:00","7.97","102","9.72","44.1","1022.6","-","-"
"2023/02/12","06:00","9.14","67","10.89","43.7","1021.4","-","-"
"2023/02/12","07:00","7.97","52","12.25","43.9","1020.9","-","-"
"2023/02/12","08:00","10.89","53","12.44","43.9","1019.9","-","-"
"2023/02/12","09:00","9.52","42","11.86","43.5","1018.7","-","-"
"2023/02/12","10:00","13.02","68","17.11","43.9","1017.8","-","-"
"2023/02/12","11:00","12.63","45","15.16","43.2","1017.2","-","-"
"2023/02/12","12:00","10.3","39","13.41","41.7","1015.9","-","-"
"2023/02/12","13:00","12.63","41","15.75","42.6","1015","-","-"
"2023/02/12","14:00","15.36","49","19.24","43","1014","-","-"
"2023/02/12","15:00","16.33","42","22.94","43.3","1012.3","-","-"
"2023/02/12","16:00","16.13","34","21.77","44.4","1011.7","-","-"
"2023/02/12","17:00","20.41","29","27.02","44.4","1009.2","-","-"
"2023/02/12","18:00","21.77","38","26.44","44.4","1007.4","-","-"
"2023/02/12","19:00","18.47","40","25.27","44.8","1004.8","-","-"
"2023/02/12","20:00","19.63","40","24.49","45.3","1002.9","-","-"
"2023/02/12","21:00","19.83","40","26.82","45.9","1001.3","-","-"
"2023/02/12","22:00","12.25","13","16.72","45.7","1000.2","-","-"
"2023/02/12","23:00","12.25","333","17.3","45.5","1000.2","-","-"
"2023/02/13","00:00","10.5","334","14","44.8","1000.4","-","-"
"2023/02/13","01:00","10.5","343","12.25","44.6","999.9","-","-"
"2023/02/13","02:00","12.25","3","15.55","43.7","999.6","-","-"
"2023/02/13","03:00","11.66","356","15.16","43.5","999.5","-","-"
"2023/02/13","04:00","13.61","343","18.47","42.3","999.2","-","-"
"2023/02/13","05:00","15.16","348","19.44","41.4","999.1","-","-"
"2023/02/13","06:00","12.44","335","16.33","41.4","998.8","-","-"
"2023/02/13","07:00","16.33","331","18.86","41.5","999.6","-","-"
"2023/02/13","08:00","16.33","326","19.83","41.5","999.9","-","-"
"2023/02/13","09:00","18.86","324","21.38","40.6","1000.5","-","-"
"2023/02/13","10:00","18.86","331","23.71","40.5","1001.5","-","-"
"2023/02/13","11:00","21.38","320","26.24","41.7","1002.3","-","-"
"2023/02/13","12:00","20.02","317","23.52","42.3","1003.5","-","-"
"2023/02/13","13:00","20.02","321","21.38","42.6","1004.6","-","-"
"2023/02/13","14:00","16.13","317","18.47","44.6","1005.5","-","-"
"2023/02/13","15:00","16.13","307","20.02","45.9","1006.7","-","-"
"2023/02/13","16:00","13.61","306","17.11","48.2","1006.9","-","-"
"2023/02/13","17:00","12.63","307","15.36","50.7","1006.4","-","-"
"2023/02/13","18:00","11.27","312","13.41","51.3","1006","-","-"
"2023/02/13","19:00","10.69","255","12.44","55.6","1005.3","-","-"
"2023/02/13","20:00","9.33","269","12.25","57.4","1005.4","-","-"
"2023/02/13","21:00","11.86","281","17.11","58.6","1005.3","-","-"
"2023/02/13","22:00","5.83","233","9.33","59","1005","-","-"
"2023/02/13","23:00","-","-","-","-","-","-","-"
"2023/02/14","00:00","-","-","-","-","-","-","-"
"2023/02/14","01:00","-","-","-","-","-","-","-"
"2023/02/14","02:00","-","-","-","-","-","-","-"
"2023/02/14","03:00","-","-","-","-","-","-","-"
"2023/02/14","04:00","-","-","-","-","-","-","-"
"2023/02/14","05:00","-","-","-","-","-","-","-"
"2023/02/14","06:00","-","-","-","-","-","-","-"
"2023/02/14","07:00","-","-","-","-","-","-","-"
"2023/02/14","08:00","-","-","-","-","-","-","-"
"2023/02/14","09:00","-","-","-","-","-","-","-"
"2023/02/14","10:00","-","-","-","-","-","-","-"
"2023/02/14","11:00","-","-","-","-","-","-","-"
"2023/02/14","12:00","-","-","-","-","-","-","-"
"2023/02/14","13:00","0.39","285","1.56","45.3","1017.2","-","-"
"2023/02/14","14:00","0","29","0","50.9","1017.9","-","-"
"2023/02/14","15:00","2.33","136","3.69","52","1019.2","-","-"
"2023/02/14","16:00","6.41","111","7","50.7","1019.5","-","-"
"2023/02/14","17:00","7.78","95","8.94","50.7","1019.2","-","-"
"2023/02/14","18:00","9.52","85","10.5","49.8","1019.1","-","-"
"2023/02/14","19:00","10.5","84","11.27","50.9","1018.6","-","-"
"2023/02/14","20:00","9.14","77","10.3","50.2","1018.4","-","-"
"2023/02/14","21:00","8.36","89","10.11","51.1","1018.8","-","-"
"2023/02/14","22:00","-","-","-","-","-","-","-"
"2023/02/14","23:00","-","-","-","-","-","-","-"
"2023/02/15","00:00","-","-","-","-","-","-","-"
"2023/02/15","01:00","-","-","-","-","-","-","-"
"2023/02/15","02:00","-","-","-","-","-","-","-"
"2023/02/15","03:00","-","-","-","-","-","-","-"
"2023/02/15","04:00","-","-","-","-","-","-","-"
"2023/02/15","05:00","-","-","-","-","-","-","-"
"2023/02/15","06:00","-","-","-","-","-","-","-"
"2023/02/15","07:00","-","-","-","-","-","-","-"
"2023/02/15","08:00","-","-","-","-","-","-","-"
"2023/02/15","09:00","-","-","-","-","-","-","-"
"2023/02/15","10:00","-","-","-","-","-","-","-"
"2023/02/15","11:00","-","-","-","-","-","-","-"
"2023/02/15","12:00","-","-","-","-","-","-","-"
"2023/02/15","13:00","-","-","-","-","-","-","-"
"2023/02/15","14:00","6.41","193","11.27","57.7","1019","-","-"
"2023/02/15","15:00","9.72","201","14.19","61.2","1018.8","-","-"
"2023/02/15","16:00","10.5","232","14.38","62.8","1018.9","-","-"
"2023/02/15","17:00","8.55","218","14.97","64.6","1018","-","-"
"2023/02/15","18:00","7.19","224","14.38","65.1","-","-","-"
"2023/02/15","19:00","11.86","222","15.94","68.5","1015.5","-","-"
"2023/02/15","20:00","10.89","229","17.49","70.3","1015.1","-","-"
"2023/02/15","21:00","10.3","228","17.88","70.7","1014.9","-","-"
"2023/02/15","22:00","7.97","229","15.55","71.1","1015.2","-","-"
"2023/02/15","23:00","-","-","-","-","-","-","-"
"2023/02/16","00:00","-","-","-","-","-","-","-"
"2023/02/16","01:00","-","-","-","-","-","-","-"
"2023/02/16","02:00","-","-","-","-","-","-","-"
"2023/02/16","03:00","-","-","-","-","-","-","-"
"2023/02/16","04:00","-","-","-","-","-","-","-"
"2023/02/16","05:00","-","-","-","-","-","-","-"
"2023/02/16","06:00","-","-","-","-","-","-","-"
"2023/02/16","07:00","-","-","-","-","-","-","-"
"2023/02/16","08:00","-","-","-","-","-","-","-"
"2023/02/16","09:00","-","-","-","-","-","-","-"
"2023/02/16","10:00","-","-","-","-","-","-","-"
"2023/02/16","11:00","-","-","-","-","-","-","-"
"2023/02/16","12:00","-","-","-","-","-","-","-"
"2023/02/16","13:00","-","-","-","-","-","-","-"
"2023/02/16","14:00","-","-","-","-","-","-","-"
"2023/02/16","15:00","8.16","213","13.02","62.1","1016.8","-","-"
"2023/02/16","16:00","11.08","204","14.97","66.6","1016.5","-","-"
"2023/02/16","17:00","11.86","220","14.97","68.9","1015.4","-","-"
"2023/02/16","18:00","15.55","224","23.13","71.6","1013.8","-","-"
"2023/02/16","19:00","16.13","230","24.49","72.1","1013.1","-","-"
"2023/02/16","20:00","8.94","223","20.6","72.1","1012.8","-","-"
"2023/02/16","21:00","9.33","219","14.19","72","1012.7","-","-"
"2023/02/16","22:00","6.03","236","9.72","72.3","1012.6","-","-"
"2023/02/16","23:00","7.58","216","11.27","71.8","1012.6","-","-"
"2023/02/17","00:00","3.11","174","4.28","69.3","1012.8","-","-"
"2023/02/17","01:00","7","194","9.52","69.8","1012.4","-","-"
"2023/02/17","02:00","6.41","197","8.94","69.1","1012.3","-","-"
"2023/02/17","03:00","5.44","199","9.91","67.3","1012.3","-","-"
"2023/02/17","04:00","9.33","210","14.58","66.7","1012","-","-"
"2023/02/17","05:00","7.97","202","11.08","67.1","1011.8","-","-"
"2023/02/17","06:00","4.86","169","7.19","64.8","1011","-","-"
"2023/02/17","07:00","8.36","188","14","65.3","1009.8","-","-"
"2023/02/17","08:00","10.3","206","14.97","65.3","1008.4","-","-"
"2023/02/17","09:00","9.91","198","14.38","64.9","1007.6","-","-"
"2023/02/17","10:00","9.33","206","17.11","64.4","1007.2","-","-"
"2023/02/17","11:00","11.86","210","14.97","64.9","1006.6","-","-"
"2023/02/17","12:00","10.5","208","15.94","64.4","1006","-","-"
"2023/02/17","13:00","15.16","212","21.58","65.7","1005.9","-","-"
"2023/02/17","14:00","10.11","214","17.3","66","1005.6","-","-"
"2023/02/17","15:00","10.11","213","14.38","64.6","1005.1","-","-"
"2023/02/17","16:00","10.5","231","16.91","63.9","1004.6","-","-"
"2023/02/17","17:00","9.91","216","14.58","64","1003.2","-","-"
"2023/02/17","18:00","12.05","222","17.49","65.5","1002.4","-","-"
"2023/02/17","19:00","12.83","219","19.83","66","1001","-","-"
"2023/02/17","20:00","11.27","224","15.75","66.4","1001.5","-","-"
"2023/02/17","21:00","8.16","219","11.08","65.8","1001.8","-","-"
"2023/02/17","22:00","20.02","336","27.02","51.1","1006.2","-","-"
"2023/02/17","23:00","15.75","349","20.8","50.2","1007.9","-","-"
"2023/02/18","00:00","20.02","331","27.41","47.8","1010.5","-","-"
"2023/02/18","01:00","20.8","340","27.6","45.7","1012.6","-","-"
"2023/02/18","02:00","17.3","341","21.38","43.5","1014.3","-","-"
"2023/02/18","03:00","19.24","332","26.05","41.9","1016.2","-","-"
"2023/02/18","04:00","16.52","342","22.94","39.9","1017.7","-","-"
"2023/02/18","05:00","17.3","339","22.94","38.8","1018.6","-","-"
"2023/02/18","06:00","17.88","333","25.66","38.1","1019.8","-","-"
"2023/02/18","07:00","14.77","336","21.77","36.9","1021","-","-"
"2023/02/18","08:00","14.97","346","18.66","36.1","1022.2","-","-"
"2023/02/18","09:00","13.8","345","17.49","35.1","1023.5","-","-"
"2023/02/18","10:00","14.77","333","17.88","34.2","1025","-","-"
"2023/02/18","11:00","11.66","338","14.97","33.3","1026.4","-","-"
"2023/02/18","12:00","13.61","355","18.27","33.4","1027.6","-","-"
"2023/02/18","13:00","8.94","352","12.25","32.4","1028.4","-","-"
"2023/02/18","14:00","12.44","345","18.47","33.3","1029.3","-","-"
"2023/02/18","15:00","11.08","348","13.22","34.9","1029.8","-","-"
"2023/02/18","16:00","6.41","334","8.94","36.7","1029.8","-","-"
"2023/02/18","17:00","3.3","354","10.11","38.3","1028.8","-","-"
"2023/02/18","18:00","7.39","307","8.94","39.7","1028.5","-","-"
"2023/02/18","19:00","3.3","309","4.67","43","1028.1","-","-"
"2023/02/18","20:00","3.3","12","6.22","43.9","1027.7","-","-"
"2023/02/18","21:00","1.94","246","6.61","46.9","1028.1","-","-"
"2023/02/18","22:00","5.25","113","6.41","44.8","1028","-","-"
"2023/02/18","23:00","4.08","235","4.67","44.2","1028.2","-","-"
"2023/02/19","00:00","3.5","163","5.25","41.4","1028.6","-","-"
"2023/02/19","01:00","3.5","183","4.08","40.8","1028.6","-","-"
"2023/02/19","02:00","3.89","186","4.47","40.5","1029","-","-"
"2023/02/19","03:00","4.47","189","5.44","40.6","1028.6","-","-"
"2023/02/19","04:00","7.19","183","8.16","39","1028.5","-","-"
"2023/02/19","05:00","5.64","185","7.78","38.8","1028.3","-","-"
"2023/02/19","06:00","3.89","186","5.83","38.3","1028.8","-","-"
"2023/02/19","07:00","3.11","149","4.86","38.7","1028.6","-","-"
"2023/02/19","08:00","3.69","172","4.67","38.1","1027.9","-","-"
"2023/02/19","09:00","3.89","185","5.05","39.4","1027.8","-","-"
"2023/02/19","10:00","5.64","189","9.52","39.7","1027.4","-","-"
"2023/02/19","11:00","8.55","216","11.86","39.9","1028.1","-","-"
"2023/02/19","12:00","8.94","209","11.86","39.9","1027.7","-","-"
"2023/02/19","13:00","7","216","9.91","41","1028.2","-","-"
"2023/02/19","14:00","9.52","199","15.55","43","1027.6","-","-"
"2023/02/19","15:00","9.33","220","12.25","45.1","1027.6","-","-"
"2023/02/19","16:00","9.33","207","12.83","49.8","1026.2","-","-"
"2023/02/19","17:00","8.36","214","13.8","51.3","1024.5","-","-"
"2023/02/19","18:00","10.69","216","13.41","54.5","1022.9","-","-"
"2023/02/19","19:00","12.44","194","15.55","56.7","1021.2","-","-"
"2023/02/19","20:00","6.22","201","13.02","58.5","1020","-","-"
"2023/02/19","21:00","10.89","195","19.44","59.9","1018.8","-","-"
"2023/02/19","22:00","11.27","189","14.97","59.9","1017.7","-","-"
"2023/02/19","23:00","7.78","191","14.19","59.2","1017","-","-"
"2023/02/20","00:00","10.3","201","15.55","58.6","1017","-","-"
"2023/02/20","01:00","8.36","191","11.66","57.9","1016.7","-","-"
"2023/02/20","02:00","10.69","194","15.16","56.7","1015.9","-","-"
"2023/02/20","03:00","7.58","202","14","55.8","1015.8","-","-"
"2023/02/20","04:00","9.33","215","16.52","55.8","1014.9","-","-"
"2023/02/20","05:00","11.66","214","16.52","55.8","1014.4","-","-"
"2023/02/20","06:00","11.47","220","16.13","55.2","1013.2","-","-"
"2023/02/20","07:00","10.89","230","15.36","54.7","1013","-","-"
"2023/02/20","08:00","10.69","223","14.19","53.8","1012","-","-"
"2023/02/20","09:00","11.86","224","14","53.6","1011","-","-"
"2023/02/20","10:00","8.36","228","14.97","53.1","1010.8","-","-"
"2023/02/20","11:00","9.72","225","16.33","52.7","1010.5","-","-"
"2023/02/20","12:00","10.89","236","13.02","52.7","1010","-","-"
"2023/02/20","13:00","9.33","230","15.36","52.7","1009.2","-","-"
"2023/02/20","14:00","10.89","216","13.22","53.1","1008.4","-","-"
"2023/02/20","15:00","13.02","231","17.3","54.9","1008.8","-","-"
"2023/02/20","16:00","9.52","228","14","56.8","1008.3","-","-"
"2023/02/20","17:00","9.14","244","15.55","57.7","1008","-","-"
"2023/02/20","18:00","9.33","257","12.83","58.1","1007.5","-","-"
"2023/02/20","19:00","10.89","233","14.19","58.5","1006.1","-","-"
"2023/02/20","20:00","9.91","255","11.66","59.2","1005.8","-","-"
"2023/02/20","21:00","10.89","240","14.38","59","1005.4","-","-"
"2023/02/20","22:00","6.8","227","8.75","58.3","1005.5","-","-"
"2023/02/20","23:00","8.75","227","11.47","58.1","1005.2","-","-"
"2023/02/21","00:00","9.14","224","11.47","57.6","1005.5","-","-"
"2023/02/21","01:00","10.69","225","12.83","57.2","1005.3","-","-"
"2023/02/21","02:00","7.39","246","11.08","56.8","1005.3","-","-"
"2023/02/21","03:00","6.03","230","8.16","56.5","1005","-","-"
"2023/02/21","04:00","5.64","211","6.41","54.9","1003.6","-","-"
"2023/02/21","05:00","2.72","205","4.47","54.9","1003.2","-","-"
"2023/02/21","06:00","2.33","193","2.72","54.5","1001.9","-","-"
"2023/02/21","07:00","6.8","199","8.55","53.4","1001.1","-","-"
"2023/02/21","08:00","10.5","214","12.25","53.6","1000.7","-","-"
"2023/02/21","09:00","10.89","228","14.97","54","1000.3","-","-"
"2023/02/21","10:00","11.66","235","16.33","54.1","1000.9","-","-"
"2023/02/21","11:00","11.08","235","14.97","54.9","1001","-","-"
"2023/02/21","12:00","8.16","260","10.69","54.1","1002","-","-"
"2023/02/21","13:00","7.39","308","8.55","51.6","1002.5","-","-"
"2023/02/21","14:00","2.53","337","3.11","53.4","1003","-","-"
"2023/02/21","15:00","2.92","325","4.67","55.6","1003.2","-","-"
"2023/02/21","16:00","6.8","314","7.78","56.3","1003.7","-","-"
"2023/02/21","17:00","1.36","43","10.3","61","1003","-","-"
"2023/02/21","18:00","9.72","269","12.05","64.9","1001.8","-","-"
"2023/02/21","19:00","13.22","272","20.02","67.1","1001.1","-","-"
"2023/02/21","20:00","17.88","263","24.1","68.4","1001.6","-","-"
"2023/02/21","21:00","18.66","278","22.55","69.3","1002.2","-","-"
"2023/02/21","22:00","10.69","273","16.91","69.8","1002.9","-","-"
"2023/02/21","23:00","8.94","267","12.44","67.6","1004.1","-","-"
"2023/02/22","00:00","8.36","264","11.27","66","1005.5","-","-"
"2023/02/22","01:00","8.94","267","11.08","64.2","1007","-","-"
"2023/02/22","02:00","4.86","310","7.39","61.9","1008.1","-","-"
"2023/02/22","03:00","3.5","15","7.78","56.1","1009.8","-","-"
"2023/02/22","04:00","1.94","20","3.11","54.7","1010.6","-","-"
"2023/02/22","05:00","1.36","137","1.75","52.7","1011.8","-","-"
"2023/02/22","06:00","2.53","147","3.89","51.4","1012.7","-","-"
"2023/02/22","07:00","2.72","163","3.5","50.2","1013.7","-","-"
"2023/02/22","08:00","0","9","0.97","48.7","1014.3","-","-"
"2023/02/22","09:00","3.69","73","4.28","48.7","1014.2","-","-"
"2023/02/22","10:00","3.89","105","4.67","48.7","1015.2","-","-"
"2023/02/22","11:00","6.03","117","6.8","49.6","1015.9","-","-"
"2023/02/22","12:00","10.69","115","13.41","50.5","1015.3","-","-"
"2023/02/22","13:00","-","-","-","-","-","-","-"
"2023/02/22","14:00","-","-","-","-","-","-","-"
"2023/02/22","15:00","6.61","85","7.19","50.2","1017.8","-","-"
"2023/02/22","16:00","9.33","94","13.41","52","1017.1","-","-"
"2023/02/22","17:00","11.86","92","12.63","52.2","1015.5","-","-"
"2023/02/22","18:00","14.38","111","17.3","55.6","1013.8","-","-"
"2023/02/22","19:00","11.47","107","13.8","55.2","1012.5","-","-"
"2023/02/22","20:00","6.61","97","8.75","54.9","1011.4","-","-"
"2023/02/22","21:00","6.22","73","6.61","53.1","1010.7","-","-"
"2023/02/22","22:00","6.61","56","7.58","51.3","1010.5","-","-"
"2023/02/22","23:00","5.83","58","6.8","51.8","1010.4","-","-"
"2023/02/23","00:00","2.92","117","3.3","52","1009.9","-","-"
"2023/02/23","01:00","2.33","159","2.72","52.2","1009.5","-","-"
"2023/02/23","02:00","1.56","304","2.53","52","1009.8","-","-"
"2023/02/23","03:00","2.92","294","3.5","50.9","1010.9","-","-"
"2023/02/23","04:00","0","263","1.36","51.1","1010.7","-","-"
"2023/02/23","05:00","8.36","200","11.47","60.3","1009.7","-","-"
"2023/02/23","06:00","10.5","206","17.88","65.3","1009.1","-","-"
"2023/02/23","07:00","13.22","211","17.11","66.6","1008.5","-","-"
"2023/02/23","08:00","13.41","225","19.24","66.7","1008.4","-","-"
"2023/02/23","09:00","14.38","222","22.16","68","1008.1","-","-"
"2023/02/23","10:00","14.77","219","21.77","68.5","1008.3","-","-"
"2023/02/23","11:00","16.72","231","22.35","68.2","1008.6","-","-"
"2023/02/23","12:00","14.97","232","21.58","67.8","1008.6","-","-"
"2023/02/23","13:00","17.3","233","24.3","68.5","1009.4","-","-"
"2023/02/23","14:00","18.47","237","29.16","70.2","1009.9","-","-"
"2023/02/23","15:00","16.52","245","22.74","72","1010.1","-","-"
"2023/02/23","16:00","11.66","255","16.91","74.3","1011","-","-"
"2023/02/23","17:00","16.72","259","21.19","75.6","1011","-","-"
"2023/02/23","18:00","14.19","268","19.63","75.7","1010.6","-","-"
"2023/02/23","19:00","18.66","264","24.1","77.2","1010.6","-","-"
"2023/02/23","20:00","15.75","268","19.63","79.5","1010.7","-","-"
"2023/02/23","21:00","10.11","243","18.66","79.9","1011.3","-","-"
"2023/02/23","22:00","8.16","257","13.22","79.5","1011.8","-","-"
"2023/02/23","23:00","5.05","224","8.36","76.3","1012.1","-","-"
"2023/02/24","00:00","6.41","216","8.75","74.8","1012.6","-","-"
"2023/02/24","01:00","4.28","234","6.8","73.4","1012.7","-","-"
"2023/02/24","02:00","7","268","8.75","72.3","1013.2","-","-"
"2023/02/24","03:00","12.25","242","17.3","71.1","1013.8","-","-"
"2023/02/24","04:00","13.02","244","16.52","69.1","1013.9","-","-"
"2023/02/24","05:00","12.25","248","17.11","68","1013.8","-","-"
"2023/02/24","06:00","9.14","235","13.41","66.2","1013.5","-","-"
"2023/02/24","07:00","9.14","232","12.63","65.7","1013.2","-","-"
"2023/02/24","08:00","12.83","246","16.13","67.1","1013.3","-","-"
"2023/02/24","09:00","12.25","244","16.91","66.2","1013.5","-","-"
"2023/02/24","10:00","11.86","250","17.3","65.1","1014.2","-","-"
"2023/02/24","11:00","13.02","262","17.69","65.1","1014.9","-","-"
"2023/02/24","12:00","7.39","305","9.72","63.3","1016.2","-","-"
"2023/02/24","13:00","10.5","315","16.13","61.7","1017.6","-","-"
"2023/02/24","14:00","13.22","322","13.61","59.5","1019.6","-","-"
"2023/02/24","15:00","14.38","355","16.91","62.8","1021.1","-","-"
"2023/02/24","16:00","16.13","332","17.69","62.4","1021.7","-","-"
"2023/02/24","17:00","10.69","316","12.25","61.2","1021.8","-","-"
"2023/02/24","18:00","11.27","308","15.75","59.9","1021.6","-","-"
"2023/02/24","19:00","11.47","341","14.58","62.6","1022","-","-"
"2023/02/24","20:00","13.41","350","17.49","63.7","1022.6","-","-"
"2023/02/24","21:00","14.19","15","18.47","60.6","1024.1","-","-"
"2023/02/24","22:00","13.41","25","15.55","57.6","1025.4","-","-"
"2023/02/24","23:00","15.55","4","19.44","55.6","1026.6","-","-"
"2023/02/25","00:00","15.16","4","19.05","54.3","1027.8","-","-"
"2023/02/25","01:00","8.36","20","13.8","53.1","1028.1","-","-"
"2023/02/25","02:00","9.52","37","11.47","50.2","1029.4","-","-"
"2023/02/25","03:00","10.69","37","15.55","49.5","1029.8","-","-"
"2023/02/25","04:00","11.08","20","17.88","49.1","1030.8","-","-"
"2023/02/25","05:00","17.3","32","20.6","48.2","1030.8","-","-"
"2023/02/25","06:00","13.02","45","17.49","46.9","1031.2","-","-"
"2023/02/25","07:00","12.63","52","15.75","45.5","1030.4","-","-"
"2023/02/25","08:00","11.66","39","13.61","44.6","1029.7","-","-"
"2023/02/25","09:00","12.05","57","14.19","44.1","1029.9","-","-"
"2023/02/25","10:00","11.86","48","13.8","43.5","1029.1","-","-"
"2023/02/25","11:00","9.33","57","10.3","43.5","1028.9","-","-"
"2023/02/25","12:00","9.33","90","10.5","44.2","1028.3","-","-"
"2023/02/25","13:00","7.58","134","10.89","45.1","1027.1","-","-"
"2023/02/25","14:00","10.11","110","13.41","46.8","1026.6","-","-"
"2023/02/25","15:00","8.55","83","10.89","46.8","1026.9","-","-"
"2023/02/25","16:00","11.08","111","14.38","46.9","1024.8","-","-"
"2023/02/25","17:00","11.66","131","14.58","46.6","1023.1","-","-"
"2023/02/25","18:00","8.94","91","9.72","44.6","1022.3","-","-"
"2023/02/25","19:00","8.75","53","10.11","44.6","1022","-","-"
"2023/02/25","20:00","12.83","57","14.19","42.6","1020.8","-","-"
"2023/02/25","21:00","10.3","42","13.61","41.5","1020.7","-","-"
"2023/02/25","22:00","7.58","61","9.91","41.5","1019.8","-","-"
"2023/02/25","23:00","6.22","55","7.39","41","1019.4","-","-"
"2023/02/26","00:00","7.19","30","8.75","40.6","1019.3","-","-"
"2023/02/26","01:00","5.83","25","7.58","41","1018.9","-","-"
"2023/02/26","02:00","4.67","22","5.64","41","1018.8","-","-"
"2023/02/26","03:00","7.97","6","9.91","41.2","1019.1","-","-"
"2023/02/26","04:00","5.83","1","6.61","41.2","1018.6","-","-"
"2023/02/26","05:00","7.39","347","8.36","40.8","1018.3","-","-"
"2023/02/26","06:00","9.91","340","11.47","40.8","1018.4","-","-"
"2023/02/26","07:00","6.61","3","9.14","40.5","1018","-","-"
"2023/02/26","08:00","8.16","342","9.33","39.6","1017.7","-","-"
"2023/02/26","09:00","5.64","326","7.19","39.4","1017.3","-","-"
"2023/02/26","10:00","4.86","353","5.83","39.9","1017.2","-","-"
"2023/02/26","11:00","4.08","15","5.05","39.9","1017","-","-"
"2023/02/26","12:00","2.53","40","3.69","39.9","1017","-","-"
"2023/02/26","13:00","4.08","236","4.67","39.7","1017.4","-","-"
"2023/02/26","14:00","5.05","205","6.8","39.9","1017.1","-","-"
"2023/02/26","15:00","7.78","233","11.27","41.4","1016.4","-","-"
"2023/02/26","16:00","10.89","216","13.41","42.8","1015.9","-","-"
"2023/02/26","17:00","9.91","234","11.47","43.5","1014.8","-","-"
"2023/02/26","18:00","8.75","242","11.86","46","1013.2","-","-"
"2023/02/26","19:00","13.61","241","16.72","47.3","1011.5","-","-"
"2023/02/26","20:00","13.22","245","16.91","47.7","1010.4","-","-"
"2023/02/26","21:00","11.66","262","15.36","48.4","1010.2","-","-"
"2023/02/26","22:00","8.36","237","12.05","49.1","1009.6","-","-"
"2023/02/26","23:00","3.89","231","5.44","48.4","1009.8","-","-"
"2023/02/27","00:00","1.94","212","4.28","47.5","1010","-","-"
"2023/02/27","01:00","0.78","154","2.14","46.8","1009.7","-","-"
"2023/02/27","02:00","2.14","165","2.53","46","1010.3","-","-"
"2023/02/27","03:00","0.58","92","0.97","45","1010.3","-","-"
"2023/02/27","04:00","0","194","1.17","44.8","1010.6","-","-"
"2023/02/27","05:00","2.33","294","2.92","45.9","1011","-","-"
"2023/02/27","06:00","2.92","282","4.08","46.9","1011.6","-","-"
"2023/02/27","07:00","2.14","271","2.92","45.7","1012","-","-"
"2023/02/27","08:00","1.17","206","2.14","44.8","1012.1","-","-"
"2023/02/27","09:00","0.97","251","1.36","43.2","1012.5","-","-"
"2023/02/27","10:00","0.19","327","0.78","45.1","1012.7","-","-"
"2023/02/27","11:00","2.14","61","3.5","47.8","1012.7","-","-"
"2023/02/27","12:00","3.69","65","5.05","48.7","1012.8","-","-"
"2023/02/27","13:00","4.08","68","5.05","47.7","1012.5","-","-"
"2023/02/27","14:00","4.86","98","5.64","50.2","1013","-","-"
"2023/02/27","15:00","12.83","89","14.19","49.8","1012.2","-","-"
"2023/02/27","16:00","10.3","98","12.25","50.7","1012.8","-","-"
"2023/02/27","17:00","12.25","130","15.16","51.1","1012.6","-","-"
"2023/02/27","18:00","11.47","125","14.77","51.1","1011.2","-","-"
"2023/02/27","19:00","9.72","115","12.63","50.7","1010.1","-","-"
"2023/02/27","20:00","16.72","102","21.97","50.4","1007.2","-","-"
"2023/02/27","21:00","17.3","115","20.02","50.4","1006.4","-","-"
"2023/02/27","22:00","15.55","124","19.83","50.4","1004.2","-","-"
"2023/02/27","23:00","14","122","17.3","50.2","1002.8","-","-"
"2023/02/28","00:00","11.08","117","14.77","50.4","1001.2","-","-"
"2023/02/28","01:00","9.33","123","10.69","51.1","998.8","-","-"
"2023/02/28","02:00","10.5","166","16.13","53.8","996.3","-","-"
"2023/02/28","03:00","13.41","266","20.41","56.3","996","-","-"
"2023/02/28","04:00","7.78","322","9.72","52.3","995.6","-","-"
"2023/02/28","05:00","5.44","332","6.03","50.5","994.7","-","-"
"2023/02/28","06:00","10.11","314","12.63","50.5","995","-","-"
"2023/02/28","07:00","11.27","307","15.94","50","995.2","-","-"
"2023/02/28","08:00","10.11","319","11.86","49.3","995.5","-","-"
"2023/02/28","09:00","12.44","320","14.97","48.7","996.3","-","-"
"2023/02/28","10:00","8.94","324","10.5","48.6","997.4","-","-"
"2023/02/28","11:00","8.16","312","10.11","48.6","998.8","-","-"
"2023/02/28","12:00","7.78","315","8.55","48","999.9","-","-"
"2023/02/28","13:00","6.41","328","7.39","47.7","1001","-","-"
"2023/02/28","14:00","4.86","333","6.8","47.5","1002.3","-","-"
"2023/02/28","15:00","3.5","350","4.86","48.9","1002.9","-","-"
"2023/02/28","16:00","4.86","295","5.44","49.8","1003.8","-","-"
"2023/02/28","17:00","5.83","313","6.22","52.3","1004.1","-","-"
"2023/02/28","18:00","9.72","75","10.5","50.7","1004.3","-","-"
"2023/02/28","19:00","11.27","90","12.63","49.5","1005.4","-","-"
"2023/02/28","20:00","7.19","86","8.55","50.2","1006.4","-","-"
"2023/02/28","21:00","10.5","87","11.27","51.1","1007","-","-"
"2023/02/28","22:00","7.78","102","9.14","52","1008.1","-","-"
"2023/02/28","23:00","9.91","49","11.66","53.2","1009.4","-","-"
"2023/03/01","00:00","4.86","59","5.64","52.2","1010.6","-","-"
"2023/03/01","01:00","3.69","63","4.67","51.4","1011.3","-","-"
"2023/03/01","02:00","3.3","63","4.08","51.1","1012.6","-","-"
"2023/03/01","03:00","6.61","54","8.16","51.1","1013.5","-","-"
"2023/03/01","04:00","10.3","77","11.66","50.5","1014.3","-","-"
"2023/03/01","05:00","9.91","94","11.66","49.1","1014.7","-","-"
"2023/03/01","06:00","9.14","94","10.89","48.7","1015.6","-","-"
"2023/03/01","07:00","8.55","98","10.3","48.2","1015.7","-","-"
"2023/03/01","08:00","13.02","87","14.77","48","1015.7","-","-"
"2023/03/01","09:00","10.89","86","12.44","48","1016.1","-","-"
"2023/03/01","10:00","11.86","94","13.22","47.8","1016.7","-","-"
"2023/03/01","11:00","10.5","75","11.86","48","1017.7","-","-"
"2023/03/01","12:00","10.5","86","11.86","48","1017.8","-","-"
"2023/03/01","13:00","9.52","88","11.47","48.7","1018.4","-","-"
"2023/03/01","14:00","11.27","83","13.41","48.9","1018.4","-","-"
"2023/03/01","15:00","9.72","77","12.25","49.1","1018.9","-","-"
"2023/03/01","16:00","9.33","72","10.5","49.8","1018.2","-","-"
"2023/03/01","17:00","9.91","81","10.89","50","1017.2","-","-"
"2023/03/01","18:00","10.3","79","12.83","50.4","1016.2","-","-"
"2023/03/01","19:00","9.14","89","11.27","50.9","1015.2","-","-"
"2023/03/01","20:00","10.3","82","11.66","50.9","1014.4","-","-"
"2023/03/01","21:00","8.16","82","11.27","50.9","1013.8","-","-"
"2023/03/01","22:00","6.41","90","8.94","50.2","1012.9","-","-"
"2023/03/01","23:00","4.08","97","5.25","50","1012.5","-","-"
"2023/03/02","00:00","2.72","104","3.5","49.8","1012.4","-","-"
"2023/03/02","01:00","1.56","210","2.14","48.2","1011.7","-","-"
"2023/03/02","02:00","1.36","176","1.75","47.7","1011.2","-","-"
"2023/03/02","03:00","0.78","161","1.36","47.3","1010.4","-","-"
"2023/03/02","04:00","0.97","129","1.36","46.6","1009.6","-","-"
"2023/03/02","05:00","1.75","146","2.14","46.6","1008.4","-","-"
"2023/03/02","06:00","3.3","145","4.08","47.1","1006.7","-","-"
"2023/03/02","07:00","2.14","153","3.3","49.6","1005.8","-","-"
"2023/03/02","08:00","4.28","210","6.61","54.3","1005.2","-","-"
"2023/03/02","09:00","5.05","202","6.41","57","1004.5","-","-"
"2023/03/02","10:00","12.83","231","17.88","61.2","1004.4","-","-"
"2023/03/02","11:00","8.36","222","10.3","60.4","1004.8","-","-"
"2023/03/02","12:00","10.3","241","15.16","57.9","1006.3","-","-"
"2023/03/02","13:00","5.64","258","7.78","57.7","1006","-","-"
"2023/03/02","14:00","5.83","207","7.58","58.1","1004.1","-","-"
"2023/03/02","15:00","7","296","9.33","60.1","1004","-","-"
"2023/03/02","16:00","7.58","245","10.3","60.8","1004.9","-","-"
"2023/03/02","17:00","10.3","263","12.25","62.1","1004.6","-","-"
"2023/03/02","18:00","5.44","256","9.14","63.1","1003.6","-","-"
"2023/03/02","19:00","6.41","261","8.75","63.5","1003.6","-","-"
"2023/03/02","20:00","5.25","274","9.52","64","1004","-","-"
"2023/03/02","21:00","3.3","265","5.83","63.9","1003.7","-","-"
"2023/03/02","22:00","4.67","257","6.41","63.9","1004.8","-","-"
"2023/03/02","23:00","3.89","272","4.67","62.6","1005.8","-","-"
"2023/03/03","00:00","3.89","278","4.28","59.2","1006.1","-","-"
"2023/03/03","01:00","3.11","282","3.3","60.4","1006.8","-","-"
"2023/03/03","02:00","3.3","282","4.47","60.4","1007.5","-","-"
"2023/03/03","03:00","4.47","53","5.44","57.7","1008.6","-","-"
"2023/03/03","04:00","3.3","59","4.67","56.5","1009.3","-","-"
"2023/03/03","05:00","0.97","58","1.75","56.1","1009.8","-","-"
"2023/03/03","06:00","7","76","8.75","54.3","1010.7","-","-"
"2023/03/03","07:00","2.92","90","3.69","52.7","1010.3","-","-"
"2023/03/03","08:00","1.94","36","2.33","51.8","1010.3","-","-"
"2023/03/03","09:00","4.47","32","5.44","51.4","1010.9","-","-"
"2023/03/03","10:00","3.5","68","4.28","51.6","1011","-","-"
"2023/03/03","11:00","3.5","66","4.86","51.3","1011.3","-","-"
"2023/03/03","12:00","5.05","116","6.03","51.4","1012.2","-","-"
"2023/03/03","13:00","12.63","76","14.38","50.9","1012.6","-","-"
"2023/03/03","14:00","12.44","88","14.77","51.1","1013.7","-","-"
"2023/03/03","15:00","20.6","81","24.1","50.5","1012.7","-","-"
"2023/03/03","16:00","21.19","72","23.52","49.6","1012.8","-","-"
"2023/03/03","17:00","19.05","71","22.55","48.9","1012.3","-","-"
"2023/03/03","18:00","17.88","77","20.6","47.8","1011.8","-","-"
"2023/03/03","19:00","19.05","74","20.41","47.1","1010.7","-","-"
"2023/03/03","20:00","16.91","95","20.41","48","1008.3","-","-"
"2023/03/03","21:00","14","96","17.49","49.6","1007","-","-"
"2023/03/03","22:00","15.36","97","20.41","50.9","1004.9","-","-"
"2023/03/03","23:00","8.36","124","13.02","53.1","1003.6","-","-"
"2023/03/04","00:00","14.38","128","18.27","54.1","1001.1","-","-"
"2023/03/04","01:00","8.16","138","12.44","55.4","998.6","-","-"
"2023/03/04","02:00","9.33","147","10.89","58.5","996.2","-","-"
"2023/03/04","03:00","15.36","181","22.55","64.2","994.6","-","-"
"2023/03/04","04:00","14.97","181","21.97","67.5","993.2","-","-"
"2023/03/04","05:00","20.6","194","26.63","69.3","992","-","-"
"2023/03/04","06:00","12.63","209","20.41","68.9","991.3","-","-"
"2023/03/04","07:00","13.02","227","19.24","70","991.5","-","-"
"2023/03/04","08:00","15.75","228","20.99","69.8","990.9","-","-"
"2023/03/04","09:00","19.83","256","27.02","68.7","992.2","-","-"
"2023/03/04","10:00","22.94","266","29.16","65.5","993.8","-","-"
"2023/03/04","11:00","19.83","261","28.19","62.8","995.5","-","-"
"2023/03/04","12:00","16.72","259","25.27","61.5","997.3","-","-"
"2023/03/04","13:00","19.44","276","31.49","60.3","999.1","-","-"
"2023/03/04","14:00","20.8","291","28.96","59.4","1000.4","-","-"
"2023/03/04","15:00","22.94","297","28.57","59","1001.7","-","-"
"2023/03/04","16:00","17.49","289","22.16","59.2","1002.8","-","-"
"2023/03/04","17:00","17.69","302","22.94","58.6","1004","-","-"
"2023/03/04","18:00","18.66","322","22.74","58.1","1004.4","-","-"
"2023/03/04","19:00","17.49","332","20.41","59.4","1005.3","-","-"
"2023/03/04","20:00","20.41","319","23.71","59.5","1005.9","-","-"
"2023/03/04","21:00","15.36","338","19.05","61.2","1007","-","-"
"2023/03/04","22:00","12.05","316","14.97","59.2","1008.1","-","-"
"2023/03/04","23:00","13.8","334","16.33","59.5","1009.7","-","-"
"2023/03/05","00:00","8.55","356","11.47","57.4","1011.1","-","-"
"2023/03/05","01:00","9.91","344","12.63","54.7","1012.6","-","-"
"2023/03/05","02:00","15.94","344","20.41","53.8","1014.1","-","-"
"2023/03/05","03:00","13.8","343","22.55","52.7","1015.7","-","-"
"2023/03/05","04:00","13.41","343","16.72","51.8","1016.2","-","-"
"2023/03/05","05:00","8.55","352","9.52","50.4","1016.7","-","-"
"2023/03/05","06:00","5.44","352","7.78","49.1","1017.2","-","-"
"2023/03/05","07:00","6.22","348","7.39","48.4","1017.5","-","-"
"2023/03/05","08:00","6.22","24","6.8","47.3","1017.5","-","-"
"2023/03/05","09:00","4.47","15","5.64","47.3","1018.1","-","-"
"2023/03/05","10:00","1.56","266","2.53","43.5","1018.8","-","-"
"2023/03/05","11:00","0.58","257","1.36","44.1","1019.4","-","-"
"2023/03/05","12:00","0.97","174","2.14","43.7","1020.1","-","-"
"2023/03/05","13:00","0.39","259","0.97","49.1","1021","-","-"
"2023/03/05","14:00","0.78","73","1.75","51.6","1021.5","-","-"
"2023/03/05","15:00","3.11","46","3.5","50.2","1021.7","-","-"
"2023/03/05","16:00","3.3","51","4.28","52","1021.5","-","-"
"2023/03/05","17:00","2.14","42","2.92","53.6","1021","-","-"
"2023/03/05","18:00","6.8","252","8.75","58.3","1020","-","-"
"2023/03/05","19:00","6.8","271","9.72","59.9","1019.6","-","-"
"2023/03/05","20:00","8.16","330","10.11","60.8","1019.4","-","-"
"2023/03/05","21:00","8.36","279","14.97","63","1019.3","-","-"
"2023/03/05","22:00","8.16","242","10.5","63.7","1019.1","-","-"
"2023/03/05","23:00","3.89","237","6.61","62.2","1019.2","-","-"
"2023/03/06","00:00","4.86","210","5.25","57.6","1019","-","-"
"2023/03/06","01:00","1.17","113","1.75","53.8","1019.6","-","-"
"2023/03/06","02:00","0.39","128","1.56","52","1020.4","-","-"
"2023/03/06","03:00","1.56","150","1.94","50.9","1020.4","-","-"
"2023/03/06","04:00","1.17","192","2.33","51.1","1020.1","-","-"
"2023/03/06","05:00","0.19","308","0.97","50.4","1020.6","-","-"
"2023/03/06","06:00","4.67","54","5.25","50.5","1021","-","-"
"2023/03/06","07:00","4.28","39","4.67","50.2","1021.1","-","-"
"2023/03/06","08:00","7.58","42","9.72","49.3","1021.1","-","-"
"2023/03/06","09:00","10.11","43","12.44","49.6","1021.1","-","-"
"2023/03/06","10:00","8.36","54","10.3","49.6","1021.5","-","-"
"2023/03/06","11:00","7.78","53","8.55","48.6","1021.5","-","-"
"2023/03/06","12:00","11.08","60","12.05","49.3","1021.5","-","-"
"2023/03/06","13:00","8.75","54","11.66","49.3","1022.1","-","-"
"2023/03/06","14:00","8.36","72","10.11","49.6","1021.9","-","-"
"2023/03/06","15:00","7","98","9.33","50.5","1022.3","-","-"
"2023/03/06","16:00","9.33","100","10.69","50.4","1021.4","-","-"
"2023/03/06","17:00","10.3","78","12.25","49.3","1020.5","-","-"
"2023/03/06","18:00","7.58","78","8.36","49.6","1019.1","-","-"
"2023/03/06","19:00","11.27","72","11.86","50.9","1017.6","-","-"
"2023/03/06","20:00","11.47","84","12.05","50.2","1016.5","-","-"
"2023/03/06","21:00","9.91","85","10.89","51.6","1015","-","-"
"2023/03/06","22:00","9.91","98","11.86","51.1","1014.2","-","-"
"2023/03/06","23:00","8.36","104","10.5","50.5","1013.7","-","-"
"2023/03/07","00:00","7.97","130","9.91","50","1012.9","-","-"
"2023/03/07","01:00","5.64","140","7.78","49.8","1012","-","-"
"2023/03/07","02:00","6.41","155","9.33","49.5","1010.7","-","-"
"2023/03/07","03:00","3.69","148","5.25","49.6","1010.2","-","-"
"2023/03/07","04:00","4.28","161","5.64","49.3","1009.1","-","-"
"2023/03/07","05:00","3.5","152","5.05","49.5","1007.7","-","-"
"2023/03/07","06:00","7.58","212","10.89","52.5","1005.9","-","-"
"2023/03/07","07:00","14.97","226","21.38","57.2","1004","-","-"
"2023/03/07","08:00","13.61","228","18.66","59.2","1002.8","-","-"
"2023/03/07","09:00","15.16","231","20.8","58.5","1002.4","-","-"
"2023/03/07","10:00","17.3","330","22.16","58.6","1004.6","-","-"
"2023/03/07","11:00","14.38","304","17.11","53.4","1005.6","-","-"
"2023/03/07","12:00","17.3","324","20.8","51.3","1006.9","-","-"
"2023/03/07","13:00","13.22","337","19.24","49.8","1008.1","-","-"
"2023/03/07","14:00","11.66","347","15.16","50.9","1009.5","-","-"
"2023/03/07","15:00","16.13","339","21.77","51.8","1010.7","-","-"
"2023/03/07","16:00","17.49","345","26.24","53.8","1010.8","-","-"
"2023/03/07","17:00","18.86","335","32.27","54.5","1011.2","-","-"
"2023/03/07","18:00","23.71","326","29.55","52.3","1011.6","-","-"
"2023/03/07","19:00","24.49","343","31.88","52.7","1011.4","-","-"
"2023/03/07","20:00","20.99","336","25.46","53.8","1011.7","-","-"
"2023/03/07","21:00","28.19","338","37.13","54.9","1012.2","-","-"
"2023/03/07","22:00","17.49","330","28.96","55.4","1012.7","-","-"
"2023/03/07","23:00","20.41","329","25.46","54.3","1013.6","-","-"
"2023/03/08","00:00","19.83","327","23.91","53.6","1014.5","-","-"
"2023/03/08","01:00","17.49","336","23.13","52.2","1015.2","-","-"
"2023/03/08","02:00","19.63","327","25.08","50.9","1016.3","-","-"
"2023/03/08","03:00","23.71","327","30.91","49.6","1017.1","-","-"
"2023/03/08","04:00","20.41","333","26.05","48.2","1017.8","-","-"
"2023/03/08","05:00","19.63","330","25.27","46.9","1018.2","-","-"
"2023/03/08","06:00","19.24","335","27.6","45.1","1018.7","-","-"
"2023/03/08","07:00","20.02","331","23.91","43.3","1018.9","-","-"
"2023/03/08","08:00","16.72","346","20.99","41.2","1019.4","-","-"
"2023/03/08","09:00","18.66","330","23.71","39.9","1020.1","-","-"
"2023/03/08","10:00","19.05","329","25.85","38.7","1020.2","-","-"
"2023/03/08","11:00","14.97","331","19.24","37.6","1020.5","-","-"
"2023/03/08","12:00","17.11","328","20.02","37","1021.1","-","-"
"2023/03/08","13:00","17.88","326","22.55","37.4","1021.6","-","-"
"2023/03/08","14:00","18.27","352","25.08","39.4","1021.7","-","-"
"2023/03/08","15:00","21.19","8","24.49","40.8","1021.9","-","-"
"2023/03/08","16:00","13.8","334","17.69","43","1021.4","-","-"
"2023/03/08","17:00","14.97","349","19.24","44.6","1021.4","-","-"
"2023/03/08","18:00","11.86","309","16.72","46.2","1020.2","-","-"
"2023/03/08","19:00","14.58","310","17.69","47.5","1019.3","-","-"
"2023/03/08","20:00","14.19","311","19.83","49.3","1019.3","-","-"
"2023/03/08","21:00","14.19","331","16.52","51.1","1019.5","-","-"
"2023/03/08","22:00","15.75","314","18.66","51.1","1019.6","-","-"
"2023/03/08","23:00","13.41","334","15.94","50.9","1020.3","-","-"
"2023/03/09","00:00","9.52","338","11.86","49.8","1020.7","-","-"
"2023/03/09","01:00","13.41","336","15.55","49.3","1020.8","-","-"
"2023/03/09","02:00","13.41","343","15.94","48.7","1021.4","-","-"
"2023/03/09","03:00","11.27","345","13.22","47.7","1021.3","-","-"
"2023/03/09","04:00","10.89","342","13.02","46.8","1021.7","-","-"
"2023/03/09","05:00","10.69","340","12.25","46.2","1021.5","-","-"
"2023/03/09","06:00","10.69","333","12.83","45.9","1021.8","-","-"
"2023/03/09","07:00","10.11","342","13.41","44.4","1021.5","-","-"
"2023/03/09","08:00","11.86","333","14.38","43.9","1021.5","-","-"
"2023/03/09","09:00","10.3","330","11.66","42.8","1021.5","-","-"
"2023/03/09","10:00","9.91","333","12.25","42.4","1021.5","-","-"
"2023/03/09","11:00","10.89","329","12.83","41","1021.6","-","-"
"2023/03/09","12:00","10.5","332","12.83","40.5","1021.9","-","-"
"2023/03/09","13:00","10.89","342","14.58","41.2","1022.1","-","-"
"2023/03/09","14:00","10.3","350","13.41","42.6","1022.2","-","-"
"2023/03/09","15:00","7","315","10.5","44.6","1021.9","-","-"
"2023/03/09","16:00","9.14","297","11.27","45.1","1021.8","-","-"
"2023/03/09","17:00","9.72","319","11.27","47.3","1021.1","-","-"
"2023/03/09","18:00","12.44","316","14.38","49.8","1020.4","-","-"
"2023/03/09","19:00","10.5","313","13.22","51.4","1019.6","-","-"
"2023/03/09","20:00","4.67","352","13.41","51.3","1018.9","-","-"
"2023/03/09","21:00","8.75","91","10.5","49.3","1018.6","-","-"
"2023/03/09","22:00","9.91","81","11.08","48.6","1019","-","-"
"2023/03/09","23:00","7.78","86","8.36","48.4","1019.5","-","-"
"2023/03/10","00:00","4.08","120","5.05","47.5","1019.6","-","-"
"2023/03/10","01:00","6.22","76","6.8","49.1","1019.9","-","-"
"2023/03/10","02:00","3.11","163","3.89","46","1019.6","-","-"
"2023/03/10","03:00","0.39","155","1.75","45.9","1019.7","-","-"
"2023/03/10","04:00","1.56","296","1.94","44.2","1019.7","-","-"
"2023/03/10","05:00","0.19","243","1.17","42.3","1019.1","-","-"
"2023/03/10","06:00","0","205","1.17","42.3","1018.7","-","-"
"2023/03/10","07:00","1.36","281","2.72","43.5","1018","-","-"
"2023/03/10","08:00","1.36","252","1.94","42.1","1017.5","-","-"
"2023/03/10","09:00","1.17","162","1.94","43.2","1017.2","-","-"
"2023/03/10","10:00","2.53","171","4.47","43.5","1017","-","-"
"2023/03/10","11:00","2.33","214","3.3","43.7","1016.8","-","-"
"2023/03/10","12:00","2.53","207","3.5","44.2","1016.5","-","-"
"2023/03/10","13:00","5.83","206","8.75","45.5","1015.7","-","-"
"2023/03/10","14:00","5.83","142","7","46.9","1014.7","-","-"
"2023/03/10","15:00","6.03","164","8.16","48.6","1014.1","-","-"
"2023/03/10","16:00","6.22","136","9.52","49.1","1013.1","-","-"
"2023/03/10","17:00","5.83","131","9.72","50","1011.9","-","-"
"2023/03/10","18:00","8.94","165","11.27","51.3","1009.8","-","-"
"2023/03/10","19:00","9.33","183","12.83","51.8","1008","-","-"
"2023/03/10","20:00","9.72","181","13.22","52.2","1006.7","-","-"
"2023/03/10","21:00","10.3","189","15.36","52.9","1005.7","-","-"
"2023/03/10","22:00","8.75","196","15.36","51.6","1004.4","-","-"
"2023/03/10","23:00","6.22","200","9.14","49.6","1004.4","-","-"
"2023/03/11","00:00","5.44","279","7","49.5","1004.6","-","-"
"2023/03/11","01:00","3.89","278","5.25","49.3","1003.8","-","-"
"2023/03/11","02:00","9.52","253","12.63","50.2","1003.6","-","-"
"2023/03/11","03:00","10.89","284","15.36","50.2","1003.5","-","-"
"2023/03/11","04:00","16.33","298","20.8","49.8","1003.6","-","-"
"2023/03/11","05:00","13.22","300","18.08","48.6","1003.5","-","-"
"2023/03/11","06:00","12.05","325","15.36","47.1","1003.7","-","-"
"2023/03/11","07:00","12.63","301","18.66","45.7","1004","-","-"
"2023/03/11","08:00","16.33","314","20.99","45.3","1004.1","-","-"
"2023/03/11","09:00","13.8","310","18.86","44.2","1004.4","-","-"
"2023/03/11","10:00","11.66","299","15.16","43.2","1004.6","-","-"
"2023/03/11","11:00","12.63","334","17.11","43.2","1005.1","-","-"
"2023/03/11","12:00","19.63","331","23.52","42.3","1006","-","-"
"2023/03/11","13:00","21.19","324","25.66","41.7","1006.7","-","-"
"2023/03/11","14:00","25.66","325","31.49","42.8","1007.1","-","-"
"2023/03/11","15:00","25.27","316","31.49","43.7","1007","-","-"
"2023/03/11","16:00","20.6","323","27.8","44.8","1007.5","-","-"
"2023/03/11","17:00","25.46","318","30.52","45.5","1007.5","-","-"
"2023/03/11","18:00","23.52","315","28.19","46","1007.8","-","-"
"2023/03/11","19:00","20.41","321","23.52","46.9","1008.1","-","-"
"2023/03/11","20:00","17.49","324","24.88","47.3","1008.9","-","-"
"2023/03/11","21:00","18.47","324","21.58","47.5","1009.3","-","-"
"2023/03/11","22:00","11.08","333","16.72","48.2","1010.1","-","-"
"2023/03/11","23:00","12.83","346","16.91","47.7","1011.4","-","-"
"2023/03/12","00:00","10.89","348","13.61","46.6","1012.5","-","-"
"2023/03/12","01:00","10.5","344","12.63","45.5","1013","-","-"
"2023/03/12","02:00","10.89","359","12.63","44.1","1013.3","-","-"
"2023/03/12","03:00","9.72","347","12.05","43.3","1013.4","-","-"
"2023/03/12","04:00","9.33","332","10.69","43.2","1014","-","-"
"2023/03/12","05:00","9.91","334","11.86","42.3","1014","-","-"
"2023/03/12","06:00","11.86","326","14.19","41.5","1014.5","-","-"
"2023/03/12","07:00","11.27","332","13.61","40.3","1014.4","-","-"
"2023/03/12","08:00","12.25","335","14.38","39.6","1014.3","-","-"
"2023/03/12","09:00","9.14","1","11.66","37.9","1013.9","-","-"
"2023/03/12","10:00","10.3","13","12.63","37.9","1013.8","-","-"
"2023/03/12","11:00","7.97","19","8.94","38.5","1014.3","-","-"
"2023/03/12","12:00","3.69","351","5.64","39","1014.8","-","-"
"2023/03/12","13:00","4.47","349","5.64","39","1015.2","-","-"
"2023/03/12","14:00","0.97","52","2.53","40.6","1015.2","-","-"
"2023/03/12","15:00","3.5","53","4.47","41.2","1015.2","-","-"
"2023/03/12","16:00","6.03","69","7.58","41.7","1014.7","-","-"
"2023/03/12","17:00","7.78","82","9.33","41.5","1014","-","-"
"2023/03/12","18:00","4.47","81","7","42.3","1013.9","-","-"
"2023/03/12","19:00","1.75","108","4.28","42.6","1013.6","-","-"
"2023/03/12","20:00","1.94","102","3.11","42.1","1013.5","-","-"
"2023/03/12","21:00","1.56","59","2.72","42.3","1013.5","-","-"
"2023/03/12","22:00","5.25","95","7","42.3","1013.4","-","-"
"2023/03/12","23:00","6.03","101","8.36","42.6","1013.3","-","-"
"2023/03/13","00:00","5.83","127","6.8","42.4","1013.3","-","-"
"2023/03/13","01:00","8.16","111","10.3","43.2","1012.7","-","-"
"2023/03/13","02:00","8.94","117","13.02","42.8","1012.1","-","-"
"2023/03/13","03:00","9.72","109","11.08","43.3","1011.7","-","-"
"2023/03/13","04:00","8.16","114","11.86","42.6","1011.5","-","-"
"2023/03/13","05:00","8.16","117","10.11","42.3","1010.9","-","-"
"2023/03/13","06:00","9.33","102","10.89","42.4","1010.2","-","-"
"2023/03/13","07:00","9.91","77","11.27","43.2","1009.9","-","-"
"2023/03/13","08:00","10.89","67","11.66","44.1","1009","-","-"
"2023/03/13","09:00","8.55","28","11.66","44.2","1009","-","-"
"2023/03/13","10:00","8.55","31","10.11","44.1","1008.7","-","-"
"2023/03/13","11:00","10.89","7","12.63","43.7","1008.8","-","-"
"2023/03/13","12:00","9.33","16","11.86","44.1","1008.7","-","-"
"2023/03/13","13:00","7","6","9.72","43.9","1009.3","-","-"
"2023/03/13","14:00","7.58","358","8.75","43.7","1009.4","-","-"
"2023/03/13","15:00","8.55","4","9.91","44.1","1008.9","-","-"
"2023/03/13","16:00","7.58","9","10.11","45.1","1008.5","-","-"
"2023/03/13","17:00","8.16","342","9.52","44.8","1008.2","-","-"
"2023/03/13","18:00","8.16","5","9.91","45.5","1007.3","-","-"
"2023/03/13","19:00","9.14","348","11.86","45.9","1006.9","-","-"
"2023/03/13","20:00","9.33","334","11.27","45.1","1006.7","-","-"
"2023/03/13","21:00","11.47","327","14","45.5","1006.8","-","-"
"2023/03/13","22:00","13.22","319","14.77","46.8","1007.2","-","-"
"2023/03/13","23:00","6.61","336","9.33","46.8","1007.1","-","-"
"2023/03/14","00:00","8.75","328","10.11","46.8","1007.5","-","-"
"2023/03/14","01:00","4.67","279","6.03","44.6","1007.7","-","-"
"2023/03/14","02:00","5.25","275","5.64","44.4","1007.9","-","-"
"2023/03/14","03:00","10.5","288","12.05","45.1","1008.3","-","-"
"2023/03/14","04:00","6.22","275","7.78","43.5","1008.4","-","-"
"2023/03/14","05:00","17.88","326","22.16","45.5","1008.7","-","-"
"2023/03/14","06:00","9.91","288","12.25","43.3","1009","-","-"
"2023/03/14","07:00","12.05","289","14.97","42.1","1009.5","-","-"
"2023/03/14","08:00","13.41","294","18.66","41","1009.5","-","-"
"2023/03/14","09:00","15.75","295","22.74","39.4","1009.6","-","-"
"2023/03/14","10:00","14","281","17.11","37.8","1010.1","-","-"
"2023/03/14","11:00","14.19","282","21.77","37.8","1010.5","-","-"
"2023/03/14","12:00","15.36","276","19.05","37.6","1011.1","-","-"
"2023/03/14","13:00","13.41","280","17.88","38.3","1011.4","-","-"
"2023/03/14","14:00","17.88","294","25.08","39.6","1011.3","-","-"
"2023/03/14","15:00","16.91","311","23.13","40.8","1011.2","-","-"
"2023/03/14","16:00","20.02","311","27.02","41.9","1010.9","-","-"
"2023/03/14","17:00","18.47","297","26.44","43.7","1010.2","-","-"
"2023/03/14","18:00","16.72","291","23.71","45.3","1009.4","-","-"
"2023/03/14","19:00","21.38","288","27.21","46.4","1008.4","-","-"
"2023/03/14","20:00","15.94","293","23.91","47.5","1008.5","-","-"
"2023/03/14","21:00","23.52","283","27.99","47.5","1008.5","-","-"
"2023/03/14","22:00","20.02","304","25.85","46.9","1009.4","-","-"
"2023/03/14","23:00","19.63","297","24.69","45.9","1010.4","-","-"
"2023/03/15","00:00","23.33","311","29.74","44.1","1011.2","-","-"
"2023/03/15","01:00","28.96","311","34.79","42.3","1012","-","-"
"2023/03/15","02:00","23.33","302","29.16","40.5","1013","-","-"
"2023/03/15","03:00","21.58","288","25.66","38.3","1013.5","-","-"
"2023/03/15","04:00","18.27","292","22.94","37.2","1013.7","-","-"
"2023/03/15","05:00","18.47","288","23.33","36.5","1013.2","-","-"
"2023/03/15","06:00","16.91","289","19.05","36","1013.6","-","-"
"2023/03/15","07:00","18.86","286","21.38","35.2","1013.6","-","-"
"2023/03/15","08:00","16.91","294","21.58","35.1","1013.5","-","-"
"2023/03/15","09:00","14.97","295","22.16","34.7","1014","-","-"
"2023/03/15","10:00","16.52","298","22.55","34.7","1014.5","-","-"
"2023/03/15","11:00","15.16","294","19.24","34.2","1015.1","-","-"
"2023/03/15","12:00","16.72","304","21.77","34.9","1016.2","-","-"
"2023/03/15","13:00","21.38","316","25.66","35.8","1016.7","-","-"
"2023/03/15","14:00","23.91","323","29.35","37.2","1016.7","-","-"
"2023/03/15","15:00","25.46","317","30.91","39.6","1016.9","-","-"
"2023/03/15","16:00","24.69","314","28.57","41.4","1016.7","-","-"
"2023/03/15","17:00","24.49","314","27.8","43.7","1016.5","-","-"
"2023/03/15","18:00","18.86","322","25.27","45.5","1016","-","-"
"2023/03/15","19:00","20.22","320","27.02","47.3","1015.4","-","-"
"2023/03/15","20:00","22.94","320","26.63","49.1","1015.1","-","-"
"2023/03/15","21:00","19.44","331","26.05","50.4","1015.3","-","-"
"2023/03/15","22:00","20.99","325","24.1","50.7","1015.7","-","-"
"2023/03/15","23:00","18.66","331","23.13","50.5","1016.2","-","-"
"2023/03/16","00:00","11.66","330","14.77","49.3","1017.1","-","-"
"2023/03/16","01:00","11.08","327","12.44","48.4","1018","-","-"
"2023/03/16","02:00","9.91","315","11.86","47.5","1018.3","-","-"
"2023/03/16","03:00","5.64","316","6.61","46.4","1018.7","-","-"
"2023/03/16","04:00","6.03","303","10.69","45.9","1018.8","-","-"
"2023/03/16","05:00","7.39","294","8.36","45.1","1018.9","-","-"
"2023/03/16","06:00","7.58","306","11.47","44.1","1019.3","-","-"
"2023/03/16","07:00","11.86","319","14.58","44.4","1019.5","-","-"
"2023/03/16","08:00","12.25","328","14.77","42.6","1019.1","-","-"
"2023/03/16","09:00","9.33","317","11.27","42.4","1019.4","-","-"
"2023/03/16","10:00","5.44","296","7","42.6","1020.1","-","-"
"2023/03/16","11:00","4.67","267","5.44","40.5","1020.7","-","-"
"2023/03/16","12:00","3.11","219","3.89","38.3","1020.9","-","-"
"2023/03/16","13:00","1.36","265","1.94","41.4","1020.8","-","-"
"2023/03/16","14:00","2.72","294","4.08","45","1021.2","-","-"
"2023/03/16","15:00","5.83","284","8.75","50.5","1021.1","-","-"
"2023/03/16","16:00","5.05","293","9.72","52.3","1020.5","-","-"
"2023/03/16","17:00","4.08","290","6.8","54.5","1019.5","-","-"
"2023/03/16","18:00","3.69","47","7.19","52.2","1018.3","-","-"
"2023/03/16","19:00","7.39","223","10.89","57.6","1017","-","-"
"2023/03/16","20:00","8.16","216","11.86","59.5","1016.1","-","-"
"2023/03/16","21:00","8.75","209","13.8","60.6","1015.3","-","-"
"2023/03/16","22:00","8.36","208","11.66","61","1015","-","-"
"2023/03/16","23:00","5.25","205","9.14","59.9","1015.1","-","-"
"2023/03/17","00:00","3.11","185","4.86","55.4","1015","-","-"
"2023/03/17","01:00","5.25","186","7.39","55.2","1014.6","-","-"
"2023/03/17","02:00","8.94","206","12.44","56.1","1014.6","-","-"
"2023/03/17","03:00","9.14","202","11.27","55.6","1014.2","-","-"
"2023/03/17","04:00","11.66","212","14.38","54.5","1013.3","-","-"
"2023/03/17","05:00","7.97","212","10.69","53.2","1012.5","-","-"
"2023/03/17","06:00","8.36","208","11.86","51.6","1011.8","-","-"
"2023/03/17","07:00","8.94","222","12.44","50.9","1011.4","-","-"
"2023/03/17","08:00","10.5","221","14","51.3","1010.3","-","-"
"2023/03/17","09:00","12.25","212","16.52","51.4","1010.5","-","-"
"2023/03/17","10:00","9.91","214","13.02","51.1","1010.1","-","-"
"2023/03/17","11:00","10.5","213","14.19","50.2","1010.1","-","-"
"2023/03/17","12:00","9.72","218","14","50.4","1009.6","-","-"
"2023/03/17","13:00","10.89","226","19.63","52.3","1009.4","-","-"
"2023/03/17","14:00","13.41","210","20.41","54.5","1009","-","-"
"2023/03/17","15:00","11.47","209","19.63","56.1","1008.4","-","-"
"2023/03/17","16:00","6.61","201","16.52","60.6","1007.1","-","-"
"2023/03/17","17:00","18.08","232","24.1","64.8","1005.8","-","-"
"2023/03/17","18:00","14.77","238","25.66","65.8","1005.2","-","-"
"2023/03/17","19:00","11.47","240","24.1","66.7","1004","-","-"
"2023/03/17","20:00","12.25","238","15.75","66.6","1004.1","-","-"
"2023/03/17","21:00","11.08","221","15.75","65.3","1004","-","-"
"2023/03/17","22:00","10.11","227","21.77","65.8","1003.6","-","-"
"2023/03/17","23:00","9.72","218","14.58","66.4","1003.7","-","-"
"2023/03/18","00:00","7.58","215","10.3","65.8","1003.3","-","-"
"2023/03/18","01:00","7","207","9.72","65.7","1003.6","-","-"
"2023/03/18","02:00","10.11","219","16.52","66.2","1003.6","-","-"
"2023/03/18","03:00","11.86","222","18.27","64.2","1003.2","-","-"
"2023/03/18","04:00","14.19","226","20.6","63.9","1003.2","-","-"
"2023/03/18","05:00","12.05","217","19.44","62.1","1003.5","-","-"
"2023/03/18","06:00","6.8","254","9.52","59.5","1003.4","-","-"
"2023/03/18","07:00","6.22","276","10.5","58.3","1003.1","-","-"
"2023/03/18","08:00","8.36","258","10.5","57.4","1003","-","-"
"2023/03/18","09:00","22.35","343","26.63","48.6","1004.7","-","-"
"2023/03/18","10:00","12.63","342","15.75","46.6","1005.9","-","-"
"2023/03/18","11:00","10.11","337","13.02","45","1006.6","-","-"
"2023/03/18","12:00","8.75","346","10.89","43.5","1007.7","-","-"
"2023/03/18","13:00","7.78","338","9.14","43.7","1008","-","-"
"2023/03/18","14:00","8.55","340","11.66","44.2","1008.2","-","-"
"2023/03/18","15:00","9.33","0","11.66","45","1009","-","-"
"2023/03/18","16:00","11.08","304","13.61","45.9","1009.4","-","-"
"2023/03/18","17:00","12.25","314","13.41","46.8","1008.7","-","-"
"2023/03/18","18:00","7","301","7.97","48.4","1007.9","-","-"
"2023/03/18","19:00","0.39","228","0.78","54","1007.6","-","-"
"2023/03/18","20:00","3.5","36","4.47","52","1007.4","-","-"
"2023/03/18","21:00","10.69","82","12.25","47.3","1007.1","-","-"
"2023/03/18","22:00","9.72","85","11.66","47.1","1007.5","-","-"
"2023/03/18","23:00","6.41","97","7.78","47.7","1007.7","-","-"
"2023/03/19","00:00","3.11","105","3.5","46.9","1008.6","-","-"
"2023/03/19","01:00","2.33","153","4.28","46.8","1010","-","-"
"2023/03/19","02:00","0.97","226","1.75","45.1","1010.2","-","-"
"2023/03/19","03:00","0.19","265","1.36","44.2","1010.8","-","-"
"2023/03/19","04:00","4.86","296","7","46.8","1011.4","-","-"
"2023/03/19","05:00","12.25","323","14.77","47.8","1012.2","-","-"
"2023/03/19","06:00","9.91","324","11.66","46.4","1012.5","-","-"
"2023/03/19","07:00","6.22","326","8.36","45.5","1012.8","-","-"
"2023/03/19","08:00","7","292","9.52","45","1013.1","-","-"
"2023/03/19","09:00","13.41","331","15.94","43.9","1014","-","-"
"2023/03/19","10:00","7.58","335","9.52","42.1","1015","-","-"
"2023/03/19","11:00","10.89","349","12.63","40.3","1016.1","-","-"
"2023/03/19","12:00","10.69","354","14.77","38.7","1017","-","-"
"2023/03/19","13:00","14.77","13","16.91","37.6","1018.5","-","-"
"2023/03/19","14:00","11.86","9","15.94","37","1019.2","-","-"
"2023/03/19","15:00","11.86","338","15.94","36.7","1019.8","-","-"
"2023/03/19","16:00","12.25","300","17.49","37.2","1019.8","-","-"
"2023/03/19","17:00","12.63","315","16.13","38.8","1019.6","-","-"
"2023/03/19","18:00","7.39","312","13.8","40.1","1019.1","-","-"
"2023/03/19","19:00","12.25","320","14.19","41.4","1018.6","-","-"
"2023/03/19","20:00","10.3","321","12.25","42.4","1018.6","-","-"
"2023/03/19","21:00","12.44","331","14.97","43.5","1018.8","-","-"
"2023/03/19","22:00","13.22","318","15.75","44.1","1019","-","-"
"2023/03/19","23:00","10.5","331","14.19","43.7","1020.1","-","-"
"2023/03/20","00:00","9.72","342","12.25","42.4","1020.9","-","-"
"2023/03/20","01:00","8.75","341","10.69","41.2","1022","-","-"
"2023/03/20","02:00","7.78","350","9.72","40.1","1022.5","-","-"
"2023/03/20","03:00","3.3","17","3.89","39.6","1023.1","-","-"
"2023/03/20","04:00","4.47","354","5.64","39.6","1023.3","-","-"
"2023/03/20","05:00","9.52","12","11.47","38.7","1023.2","-","-"
"2023/03/20","06:00","9.14","20","11.08","38.7","1023.6","-","-"
"2023/03/20","07:00","11.27","12","14.58","38.1","1024.2","-","-"
"2023/03/20","08:00","7.19","344","9.33","36.9","1024.3","-","-"
"2023/03/20","09:00","7.19","333","9.72","35.8","1024.5","-","-"
"2023/03/20","10:00","7","335","9.33","34.5","1025.4","-","-"
"2023/03/20","11:00","7.19","346","8.94","33.8","1025.6","-","-"
"2023/03/20","12:00","7.58","348","9.33","34.5","1026.1","-","-"
"2023/03/20","13:00","7.39","355","10.5","36.3","1027.1","-","-"
"2023/03/20","14:00","6.8","24","10.5","38.5","1027.3","-","-"
"2023/03/20","15:00","8.16","52","9.72","39.9","1027.2","-","-"
"2023/03/20","16:00","8.94","85","11.08","39.9","1026.8","-","-"
"2023/03/20","17:00","10.11","101","11.66","40.6","1026.6","-","-"
"2023/03/20","18:00","6.22","90","8.16","41","1026.2","-","-"
"2023/03/20","19:00","6.61","86","8.16","41.9","1025.1","-","-"
"2023/03/20","20:00","7.78","93","8.94","42.8","1024.7","-","-"
"2023/03/20","21:00","8.36","101","10.3","43.7","1024.5","-","-"
"2023/03/20","22:00","7.58","95","10.3","43.7","1024.5","-","-"
"2023/03/20","23:00","4.28","112","5.64","43.7","1024.8","-","-"
"2023/03/21","00:00","5.44","136","6.8","43","1025.4","-","-"
"2023/03/21","01:00","1.94","177","3.3","41.5","1025.4","-","-"
"2023/03/21","02:00","2.33","187","2.53","39","1025.7","-","-"
"2023/03/21","03:00","4.86","207","5.64","38.7","1026.1","-","-"
"2023/03/21","04:00","3.89","216","4.86","38.7","1026.7","-","-"
"2023/03/21","05:00","1.56","193","2.33","36.5","1026.5","-","-"
"2023/03/21","06:00","2.14","294","2.72","37.2","1026.5","-","-"
"2023/03/21","07:00","1.17","243","1.56","36.9","1025.9","-","-"
"2023/03/21","08:00","3.5","250","4.47","35.6","1025.9","-","-"
"2023/03/21","09:00","5.83","287","7","37.9","1026.3","-","-"
"2023/03/21","10:00","3.5","257","4.28","35.8","1027","-","-"
"2023/03/21","11:00","1.94","217","2.53","34.9","1027.8","-","-"
"2023/03/21","12:00","0.39","204","2.14","37.2","1028.6","-","-"
"2023/03/21","13:00","5.25","286","5.83","41.7","1029.1","-","-"
"2023/03/21","14:00","2.72","2","3.11","45.3","1029.4","-","-"
"2023/03/21","15:00","3.89","2","4.08","47.5","1029.9","-","-"
"2023/03/21","16:00","3.3","26","3.5","51.4","1029.9","-","-"
"2023/03/21","17:00","5.05","69","5.25","52.9","1029.5","-","-"
"2023/03/21","18:00","10.5","81","11.47","51.6","1028.9","-","-"
"2023/03/21","19:00","10.5","90","12.05","51.6","1028.2","-","-"
"2023/03/21","20:00","10.3","98","11.86","53.8","1027.6","-","-"
"2023/03/21","21:00","12.25","143","14.97","54.7","1027.5","-","-"
"2023/03/21","22:00","12.05","137","15.94","53.1","1027.3","-","-"
"2023/03/21","23:00","7","144","9.72","52","1028","-","-"
"2023/03/22","00:00","7","152","9.72","50.5","1028.2","-","-"
"2023/03/22","01:00","8.94","165","11.08","50.5","1028","-","-"
"2023/03/22","02:00","7.39","168","8.94","49.5","1028","-","-"
"2023/03/22","03:00","6.03","170","7.39","47.8","1028","-","-"
"2023/03/22","04:00","6.41","188","9.52","46.6","1028.2","-","-"
"2023/03/22","05:00","2.53","170","4.47","45.5","1028.2","-","-"
"2023/03/22","06:00","2.14","188","3.3","45.3","1028.2","-","-"
"2023/03/22","07:00","4.47","191","6.03","46.4","1027.9","-","-"
"2023/03/22","08:00","5.05","175","6.41","47.3","1026.9","-","-"
"2023/03/22","09:00","3.3","242","4.47","48","1027","-","-"
"2023/03/22","10:00","2.14","166","2.92","47.7","1026.6","-","-"
"2023/03/22","11:00","1.56","152","2.92","48.2","1026.5","-","-"
"2023/03/22","12:00","2.72","129","3.3","48.6","1026.5","-","-"
"2023/03/22","13:00","1.75","4","2.53","49.3","1027.1","-","-"
"2023/03/22","14:00","2.53","279","3.11","49.6","1027","-","-"
"2023/03/22","15:00","3.89","44","4.08","51.6","1026.6","-","-"
"2023/03/22","16:00","9.33","70","9.72","52","1026.3","-","-"
"2023/03/22","17:00","7.19","68","7.97","51.4","1025.5","-","-"
"2023/03/22","18:00","7.97","77","8.36","52.3","1024.7","-","-"
"2023/03/22","19:00","5.25","68","5.83","53.2","1023.9","-","-"
"2023/03/22","20:00","11.27","226","16.91","60.6","1023","-","-"
"2023/03/22","21:00","9.52","240","16.52","59.7","1022.3","-","-"
"2023/03/22","22:00","9.72","219","13.61","59","1022.1","-","-"
"2023/03/22","23:00","6.03","226","7.78","58.6","1022.2","-","-"
"2023/03/23","00:00","7.97","227","11.27","56.5","1022.4","-","-"
"2023/03/23","01:00","6.22","216","7.39","54.9","1022.3","-","-"
"2023/03/23","02:00","5.64","213","9.14","54","1022.2","-","-"
"2023/03/23","03:00","7.58","216","11.08","54","1021.9","-","-"
"2023/03/23","04:00","10.11","238","16.52","54.1","1021.9","-","-"
"2023/03/23","05:00","12.05","232","16.52","53.8","1021.6","-","-"
"2023/03/23","06:00","12.25","226","16.52","53.8","1021.3","-","-"
"2023/03/23","07:00","11.47","231","17.88","54.1","1020.5","-","-"
"2023/03/23","08:00","13.41","243","17.88","54.1","1019.3","-","-"
"2023/03/23","09:00","10.69","234","14.97","53.8","1019.2","-","-"
"2023/03/23","10:00","7.39","223","12.05","54.1","1018.8","-","-"
"2023/03/23","11:00","9.33","224","14.38","53.6","1018.3","-","-"
"2023/03/23","12:00","11.27","228","18.86","54.1","1018.2","-","-"
"2023/03/23","13:00","10.11","232","14.38","55.6","1017.8","-","-"
"2023/03/23","14:00","13.61","240","19.44","58.6","1017.1","-","-"
"2023/03/23","15:00","11.08","243","15.94","60.3","1016.8","-","-"
"2023/03/23","16:00","15.75","229","19.63","64.9","1015.5","-","-"
"2023/03/23","17:00","14.19","227","20.41","68.7","1014.4","-","-"
"2023/03/23","18:00","16.13","233","21.19","70.9","1013.1","-","-"
"2023/03/23","19:00","13.41","240","18.27","75.6","1011.8","-","-"
"2023/03/23","20:00","18.86","245","23.71","77.7","1010.6","-","-"
"2023/03/23","21:00","15.75","240","22.55","78.3","1009.7","-","-"
"2023/03/23","22:00","12.25","241","22.74","78.8","1009.7","-","-"
"2023/03/23","23:00","12.05","244","19.24","78.1","1010","-","-"
"2023/03/24","00:00","8.55","220","13.61","75.6","1010.3","-","-"
"2023/03/24","01:00","9.52","221","13.22","73.6","1010.5","-","-"
"2023/03/24","02:00","11.27","229","15.55","72.5","1011.1","-","-"
"2023/03/24","03:00","9.33","222","16.33","70.9","1011.1","-","-"
"2023/03/24","04:00","15.16","230","19.83","70.9","1010.2","-","-"
"2023/03/24","05:00","11.47","237","16.52","70.3","1010.6","-","-"
"2023/03/24","06:00","12.25","236","17.49","70.5","1010.7","-","-"
"2023/03/24","07:00","12.44","242","15.75","69.1","1010.3","-","-"
"2023/03/24","08:00","13.41","237","17.11","68.4","1009.8","-","-"
"2023/03/24","09:00","11.66","228","17.69","67.6","1009.5","-","-"
"2023/03/24","10:00","11.66","232","16.52","65.8","1009.6","-","-"
"2023/03/24","11:00","12.83","227","15.36","65.3","1009.4","-","-"
"2023/03/24","12:00","12.44","223","17.88","65.3","1009.8","-","-"
"2023/03/24","13:00","10.11","237","19.05","66.7","1010.1","-","-"
"2023/03/24","14:00","9.14","250","13.61","68.7","1010.3","-","-"
"2023/03/24","15:00","9.72","261","16.13","70.2","1010.3","-","-"
"2023/03/24","16:00","6.8","342","8.36","69.8","1011","-","-"
"2023/03/24","17:00","14.58","36","18.08","62.1","1011.5","-","-"
"2023/03/24","18:00","11.86","77","14.97","54.9","1011.7","-","-"
"2023/03/24","19:00","13.8","77","16.13","55.2","1011.1","-","-"
"2023/03/24","20:00","7.58","81","8.75","54.5","1011","-","-"
"2023/03/24","21:00","9.33","76","10.89","54.7","1010.8","-","-"
"2023/03/24","22:00","11.27","79","12.63","53.8","1011.3","-","-"
"2023/03/24","23:00","15.36","78","18.08","52.3","1012","-","-"
"2023/03/25","00:00","12.83","46","14.97","52.5","1014.2","-","-"
"2023/03/25","01:00","16.33","85","17.88","51.4","1013.4","-","-"
"2023/03/25","02:00","15.94","86","19.63","49.8","1014","-","-"
"2023/03/25","03:00","10.5","61","11.66","50.4","1014.5","-","-"
"2023/03/25","04:00","14.19","71","15.75","50.4","1013.9","-","-"
"2023/03/25","05:00","13.02","75","15.75","49.1","1013.7","-","-"
"2023/03/25","06:00","12.05","71","13.8","49.1","1012.9","-","-"
"2023/03/25","07:00","12.44","75","13.61","48.7","1012.1","-","-"
"2023/03/25","08:00","12.63","85","13.8","48.7","1011.4","-","-"
"2023/03/25","09:00","12.25","88","13.8","48.7","1011","-","-"
"2023/03/25","10:00","11.66","90","14","49.5","1009.9","-","-"
"2023/03/25","11:00","9.14","93","11.27","50.5","1009.9","-","-"
"2023/03/25","12:00","7.97","97","8.55","50.9","1010.2","-","-"
"2023/03/25","13:00","8.55","125","11.86","51.8","1008.5","-","-"
"2023/03/25","14:00","2.53","43","3.11","52.3","1009.8","-","-"
"2023/03/25","15:00","6.22","191","10.69","59","1008.6","-","-"
"2023/03/25","16:00","10.3","231","13.41","65.3","1007.3","-","-"
"2023/03/25","17:00","10.69","217","13.22","69.4","1005.6","-","-"
"2023/03/25","18:00","8.94","214","13.41","72.5","1004.6","-","-"
"2023/03/25","19:00","10.89","200","15.36","74.5","1004.2","-","-"
"2023/03/25","20:00","15.94","211","26.63","74.7","1003.7","-","-"
"2023/03/25","21:00","15.55","207","20.8","73.9","1003.7","-","-"
"2023/03/25","22:00","14.58","214","20.6","74.7","1003.6","-","-"
"2023/03/25","23:00","9.72","221","15.75","73.4","1003.9","-","-"
"2023/03/26","00:00","9.14","214","13.02","71.6","1004.4","-","-"
"2023/03/26","01:00","11.66","214","17.11","71.1","1005.1","-","-"
"2023/03/26","02:00","10.69","213","20.99","70","1005.9","-","-"
"2023/03/26","03:00","13.61","224","18.66","69.4","1006.2","-","-"
"2023/03/26","04:00","14.97","227","22.74","70.2","1006.3","-","-"
"2023/03/26","05:00","12.63","249","16.72","69.8","1006.8","-","-"
"2023/03/26","06:00","9.72","238","13.61","67.5","1007.6","-","-"
"2023/03/26","07:00","10.11","234","14","65.8","1008.2","-","-"
"2023/03/26","08:00","11.08","238","14.19","64.9","1008.2","-","-"
"2023/03/26","09:00","9.33","235","12.63","63.5","1009.1","-","-"
"2023/03/26","10:00","4.86","245","7.97","61.7","1010.4","-","-"
"2023/03/26","11:00","5.05","285","5.64","60.1","1011.6","-","-"
"2023/03/26","12:00","7","290","7.97","61.9","1012.8","-","-"
"2023/03/26","13:00","8.36","323","9.14","59.9","1013.4","-","-"
"2023/03/26","14:00","8.55","313","10.3","60.1","1013.7","-","-"
"2023/03/26","15:00","12.25","87","13.02","55.2","1014","-","-"
"2023/03/26","16:00","10.69","95","12.83","55.4","1014.5","-","-"
"2023/03/26","17:00","10.5","97","12.63","55.8","1014.9","-","-"
"2023/03/26","18:00","8.94","105","9.72","55.2","1015.1","-","-"
"2023/03/26","19:00","8.16","101","9.52","56.3","1014.6","-","-"
"2023/03/26","20:00","7.39","74","8.75","55.4","1014.3","-","-"
"2023/03/26","21:00","7.97","54","10.11","56.8","1013.3","-","-"
"2023/03/26","22:00","8.55","103","9.91","61.5","1012.4","-","-"
"2023/03/26","23:00","7","142","8.55","59.9","1012.5","-","-"
"2023/03/27","00:00","3.89","137","6.03","57.6","1013.1","-","-"
"2023/03/27","01:00","3.89","134","5.05","55.6","1013.9","-","-"
"2023/03/27","02:00","5.44","151","7.19","54.9","1014.5","-","-"
"2023/03/27","03:00","6.03","170","8.16","54.1","1014.5","-","-"
"2023/03/27","04:00","4.47","169","6.03","53.4","1014.4","-","-"
"2023/03/27","05:00","2.72","171","3.69","53.2","1014.8","-","-"
"2023/03/27","06:00","3.11","170","4.08","53.1","1014.7","-","-"
"2023/03/27","07:00","0.58","84","1.56","53.2","1013.8","-","-"
"2023/03/27","08:00","1.94","140","2.92","53.1","1012.8","-","-"
"2023/03/27","09:00","2.92","77","3.3","53.2","1012.9","-","-"
"2023/03/27","10:00","3.11","73","3.5","53.4","1013","-","-"
"2023/03/27","11:00","6.8","96","9.14","54","1012.7","-","-"
"2023/03/27","12:00","9.52","121","11.27","54.1","1012.3","-","-"
"2023/03/27","13:00","8.36","102","10.3","53.8","1011.8","-","-"
"2023/03/27","14:00","7.78","132","11.08","54.1","1011.1","-","-"
"2023/03/27","15:00","8.36","136","9.72","56.3","1010.6","-","-"
"2023/03/27","16:00","6.22","145","9.33","58.1","1010.2","-","-"
"2023/03/27","17:00","4.86","74","5.44","55.4","1009.9","-","-"
"2023/03/27","18:00","4.67","55","5.64","54.9","1009","-","-"
"2023/03/27","19:00","1.75","94","3.3","57.6","1007.9","-","-"
"2023/03/27","20:00","7.19","261","14.77","69.4","1007.3","-","-"
"2023/03/27","21:00","10.11","257","11.86","70.5","1006.9","-","-"
"2023/03/27","22:00","7.97","252","11.66","71.6","1006.9","-","-"
"2023/03/27","23:00","5.83","275","6.8","70.7","1007.1","-","-"
"2023/03/28","00:00","5.64","282","6.03","64","1008","-","-"
"2023/03/28","01:00","6.22","355","7.58","62.8","1009.4","-","-"
"2023/03/28","02:00","14","351","16.33","62.4","1010.9","-","-"
"2023/03/28","03:00","7.97","11","9.91","59.4","1011.7","-","-"
"2023/03/28","04:00","6.8","3","7.78","58.1","1011.9","-","-"
"2023/03/28","05:00","4.86","333","5.25","56.5","1012.7","-","-"
"2023/03/28","06:00","5.25","36","7.19","55.8","1013.4","-","-"
"2023/03/28","07:00","3.89","2","4.08","54.5","1013.7","-","-"
"2023/03/28","08:00","6.03","56","7.58","53.1","1014.3","-","-"
"2023/03/28","09:00","4.28","36","4.67","51.6","1014.8","-","-"
"2023/03/28","10:00","3.5","26","4.67","50.7","1015.7","-","-"
"2023/03/28","11:00","3.89","36","4.47","50.4","1016.3","-","-"
"2023/03/28","12:00","3.11","8","3.89","50.2","1016.9","-","-"
"2023/03/28","13:00","2.53","13","2.92","51.4","1017.6","-","-"
"2023/03/28","14:00","0","294","0","56.1","1018.3","-","-"
"2023/03/28","15:00","10.3","2","13.41","54.5","1018.3","-","-"
"2023/03/28","16:00","12.05","357","15.75","54.7","1018.1","-","-"
"2023/03/28","17:00","8.94","77","13.02","54.1","1017.4","-","-"
"2023/03/28","18:00","9.91","88","10.89","53.2","1017.2","-","-"
"2023/03/28","19:00","11.47","84","13.41","52.5","1017.1","-","-"
"2023/03/28","20:00","9.33","89","10.89","52.5","1017.4","-","-"
"2023/03/28","21:00","7.97","94","10.3","53.4","1016.9","-","-"
"2023/03/28","22:00","8.16","89","8.75","53.2","1016.8","-","-"
"2023/03/28","23:00","9.52","73","10.69","53.8","1016.4","-","-"
"2023/03/29","00:00","10.11","66","12.05","54.1","1016.3","-","-"
"2023/03/29","01:00","7.58","45","9.14","52.9","1016.3","-","-"
"2023/03/29","02:00","3.11","62","5.25","51.8","1016.9","-","-"
"2023/03/29","03:00","5.25","25","6.03","50.5","1016.4","-","-"
"2023/03/29","04:00","13.02","106","14.77","50.2","1016.5","-","-"
"2023/03/29","05:00","10.11","128","12.05","48.2","1016.6","-","-"
"2023/03/29","06:00","9.14","73","12.05","48.7","1016.8","-","-"
"2023/03/29","07:00","10.89","31","15.16","46.6","1017.8","-","-"
"2023/03/29","08:00","9.91","18","13.61","45.1","1019.2","-","-"
"2023/03/29","09:00","6.8","35","9.72","44.6","1018.3","-","-"
"2023/03/29","10:00","6.8","326","8.16","45","1018.8","-","-"
"2023/03/29","11:00","3.69","349","5.05","45.7","1019.1","-","-"
"2023/03/29","12:00","11.66","336","13.41","46.2","1020.3","-","-"
"2023/03/29","13:00","8.75","342","13.8","47.1","1020.2","-","-"
"2023/03/29","14:00","9.33","8","12.83","49.1","1020.5","-","-"
"2023/03/29","15:00","6.03","3","9.52","50.5","1020.9","-","-"
"2023/03/29","16:00","9.14","41","12.25","51.8","1021.1","-","-"
"2023/03/29","17:00","7","92","9.33","52.7","1020.4","-","-"
"2023/03/29","18:00","8.36","95","9.72","52.7","1020","-","-"
"2023/03/29","19:00","7.97","84","8.75","52.5","1019.3","-","-"
"2023/03/29","20:00","8.94","94","10.3","53.4","1018.6","-","-"
"2023/03/29","21:00","9.52","103","10.89","54","1018.4","-","-"
"2023/03/29","22:00","6.61","127","10.11","55.4","1018","-","-"
"2023/03/29","23:00","4.28","187","6.03","55.9","1017.8","-","-"
"2023/03/30","00:00","4.67","190","7.19","53.8","1018.2","-","-"
"2023/03/30","01:00","7.78","171","9.33","51.8","1018.8","-","-"
"2023/03/30","02:00","8.36","173","11.47","50.7","1018.8","-","-"
"2023/03/30","03:00","7.78","191","11.47","50.5","1018.3","-","-"
"2023/03/30","04:00","9.14","207","12.63","49.5","1018.2","-","-"
"2023/03/30","05:00","10.69","212","13.22","48.9","1018.2","-","-"
"2023/03/30","06:00","8.36","225","11.47","48.7","1018.3","-","-"
"2023/03/30","07:00","8.16","244","13.61","49.8","1018.6","-","-"
"2023/03/30","08:00","4.86","256","7","47.8","1019","-","-"
"2023/03/30","09:00","7.58","297","11.08","48.6","1020.7","-","-"
"2023/03/30","10:00","7","1","8.75","47.1","1022.1","-","-"
"2023/03/30","11:00","9.33","5","12.63","46.8","1023.3","-","-"
"2023/03/30","12:00","9.33","2","11.86","46.9","1024.7","-","-"
"2023/03/30","13:00","15.36","13","17.3","46.6","1025.5","-","-"
"2023/03/30","14:00","12.05","20","17.88","46.8","1025.9","-","-"
"2023/03/30","15:00","12.05","40","16.13","46.6","1026.4","-","-"
"2023/03/30","16:00","11.47","53","14","46.6","1026.7","-","-"
"2023/03/30","17:00","9.33","88","12.05","47.3","1026.5","-","-"
"2023/03/30","18:00","9.52","93","12.25","47.3","1026","-","-"
"2023/03/30","19:00","11.47","88","13.61","47.3","1025.6","-","-"
"2023/03/30","20:00","12.25","85","13.61","47.3","1025.3","-","-"
"2023/03/30","21:00","10.69","86","11.86","47.7","1025.2","-","-"
"2023/03/30","22:00","9.33","82","10.3","48.4","1025.1","-","-"
"2023/03/30","23:00","10.5","106","11.66","48.4","1025.3","-","-"
"2023/03/31","00:00","9.72","147","14.19","47.5","1025.7","-","-"
"2023/03/31","01:00","7.97","146","9.91","47.8","1025.7","-","-"
"2023/03/31","02:00","9.72","161","10.5","46.9","1026.1","-","-"
"2023/03/31","03:00","6.61","157","8.94","46","1026.3","-","-"
"2023/03/31","04:00","6.03","163","7.19","46.4","1026","-","-"
"2023/03/31","05:00","6.03","145","7.39","45.5","1025.8","-","-"
"2023/03/31","06:00","3.11","204","4.08","45","1026.5","-","-"
"2023/03/31","07:00","4.28","140","6.03","45.1","1025.7","-","-"
"2023/03/31","08:00","4.28","159","5.64","45.1","1025.6","-","-"
"2023/03/31","09:00","3.3","156","5.44","45.3","1025.1","-","-"
"2023/03/31","10:00","5.64","142","7.78","46","1024.9","-","-"
"2023/03/31","11:00","6.61","156","8.36","47.3","1024.5","-","-"
"2023/03/31","12:00","6.8","165","9.14","49.1","1024.4","-","-"
"2023/03/31","13:00","8.55","176","10.5","54","1024.2","-","-"
"2023/03/31","14:00","7.39","188","10.11","57.9","1024.3","-","-"
"2023/03/31","15:00","10.69","207","14.38","60.4","1023.4","-","-"
"2023/03/31","16:00","11.47","202","17.11","63.9","1022.1","-","-"
"2023/03/31","17:00","18.47","224","26.05","67.1","1020.7","-","-"
"2023/03/31","18:00","16.52","209","23.33","68.9","1019.4","-","-"
"2023/03/31","19:00","13.41","234","22.74","70","1018.4","-","-"
"2023/03/31","20:00","12.83","237","19.44","71.2","1017.5","-","-"
"2023/03/31","21:00","12.83","239","17.3","70.9","1017","-","-"
"2023/03/31","22:00","16.72","224","22.55","70.3","1016.4","-","-"
"2023/03/31","23:00","7.39","239","11.66","66.4","1016.3","-","-"
"2023/04/01","00:00","11.47","232","14.97","62.4","1017.3","-","-"
"2023/04/01","01:00","9.52","212","11.27","61","1017","-","-"
"2023/04/01","02:00","7.19","200","9.91","60.3","1016.4","-","-"
"2023/04/01","03:00","9.72","196","15.36","61","1015","-","-"
"2023/04/01","04:00","18.47","213","27.99","63","1013.5","-","-"
"2023/04/01","05:00","16.52","217","23.71","64.2","1013","-","-"
"2023/04/01","06:00","13.22","218","20.6","64.8","1012.4","-","-"
"2023/04/01","07:00","15.55","216","25.46","65.8","1010.9","-","-"
"2023/04/01","08:00","14.38","208","21.77","65.5","1009.4","-","-"
"2023/04/01","09:00","17.3","210","24.3","65.8","1008.5","-","-"
"2023/04/01","10:00","13.61","208","24.49","65.8","1007.5","-","-"
"2023/04/01","11:00","16.52","212","26.63","66.6","1007.1","-","-"
"2023/04/01","12:00","15.55","206","24.49","67.1","1005.9","-","-"
"2023/04/01","13:00","16.13","215","25.27","67.6","1005.9","-","-"
"2023/04/01","14:00","14","216","23.91","68.9","1004.8","-","-"
"2023/04/01","15:00","15.75","225","22.16","69.8","1004.4","-","-"
"2023/04/01","16:00","19.05","220","27.02","70.3","1003.6","-","-"
"2023/04/01","17:00","18.66","225","29.16","69.6","1002.7","-","-"
"2023/04/01","18:00","15.36","225","21.19","67.8","1001.8","-","-"
"2023/04/01","19:00","16.72","252","23.33","62.4","1000.4","-","-"
"2023/04/01","20:00","17.88","233","26.24","70.3","998.1","-","-"
"2023/04/01","21:00","20.02","239","25.46","73.4","996.4","-","-"
"2023/04/01","22:00","17.11","227","29.35","74.8","995.5","-","-"
"2023/04/01","23:00","14","209","25.08","73.9","995","-","-"
"2023/04/02","00:00","17.49","211","25.85","73.9","994.9","-","-"
"2023/04/02","01:00","17.49","225","22.55","73.8","995.3","-","-"
"2023/04/02","02:00","12.83","240","26.24","73.2","996.8","-","-"
"2023/04/02","03:00","15.94","349","23.13","61","1002.5","-","-"
"2023/04/02","04:00","20.99","322","29.74","60.4","1003.7","-","-"
"2023/04/02","05:00","24.1","320","29.94","57.6","1005.4","-","-"
"2023/04/02","06:00","18.08","336","24.3","55","1006.9","-","-"
"2023/04/02","07:00","14.58","336","18.47","52.7","1008.2","-","-"
"2023/04/02","08:00","8.75","340","14.58","51.1","1009.2","-","-"
"2023/04/02","09:00","9.72","289","14","50.7","1009.7","-","-"
"2023/04/02","10:00","8.75","284","12.25","49.5","1010.4","-","-"
"2023/04/02","11:00","10.89","294","14.97","49.8","1011.3","-","-"
"2023/04/02","12:00","12.63","302","15.75","50.4","1012.2","-","-"
"2023/04/02","13:00","17.69","314","21.97","51.1","1013.4","-","-"
"2023/04/02","14:00","20.22","321","25.66","51.4","1014.3","-","-"
"2023/04/02","15:00","15.75","310","20.22","52","1015.1","-","-"
"2023/04/02","16:00","14.77","305","19.44","52.7","1015.2","-","-"
"2023/04/02","17:00","12.25","310","15.55","54","1014.9","-","-"
"2023/04/02","18:00","11.27","309","12.83","55.4","1014.8","-","-"
"2023/04/02","19:00","10.69","308","11.66","56.7","1014.8","-","-"
"2023/04/02","20:00","16.72","85","18.66","52.3","1014.5","-","-"
"2023/04/02","21:00","14.58","76","16.91","52.3","1014.6","-","-"
"2023/04/02","22:00","12.63","82","13.61","52.5","1015","-","-"
"2023/04/02","23:00","12.05","76","13.02","52.5","1015.6","-","-"
"2023/04/03","00:00","10.11","70","11.27","52.7","1016.1","-","-"
"2023/04/03","01:00","9.33","67","10.11","53.1","1016.8","-","-"
"2023/04/03","02:00","5.44","134","6.8","52.5","1017.7","-","-"
"2023/04/03","03:00","6.61","171","7.58","50.2","1017.8","-","-"
"2023/04/03","04:00","5.44","166","7.39","49.5","1017.7","-","-"
"2023/04/03","05:00","3.11","171","4.28","48.6","1018.1","-","-"
"2023/04/03","06:00","4.47","166","5.64","47.8","1017.6","-","-"
"2023/04/03","07:00","4.86","174","6.61","48.2","1017.6","-","-"
"2023/04/03","08:00","5.64","158","6.61","46.9","1017.2","-","-"
"2023/04/03","09:00","4.67","170","6.03","47.3","1017.2","-","-"
"2023/04/03","10:00","4.67","150","5.64","46.9","1017.9","-","-"
"2023/04/03","11:00","4.47","143","6.03","47.8","1018.5","-","-"
"2023/04/03","12:00","5.25","158","6.41","51.3","1019.1","-","-"
"2023/04/03","13:00","4.86","158","7.39","54.9","1019.2","-","-"
"2023/04/03","14:00","7","155","10.3","57.7","1019.3","-","-"
"2023/04/03","15:00","8.94","206","13.02","60.1","1019.3","-","-"
"2023/04/03","16:00","11.08","199","13.8","62.2","1018.8","-","-"
"2023/04/03","17:00","9.91","202","15.55","64.8","1018.2","-","-"
"2023/04/03","18:00","11.86","179","15.55","66.7","1017.4","-","-"
"2023/04/03","19:00","11.86","189","15.94","67.8","1016.5","-","-"
"2023/04/03","20:00","12.25","190","16.33","68.7","1015.6","-","-"
"2023/04/03","21:00","11.27","211","16.13","69.6","1015.1","-","-"
"2023/04/03","22:00","7.19","204","14.97","69.1","1014.9","-","-"
"2023/04/03","23:00","6.61","185","10.89","68.2","1015","-","-"
"2023/04/04","00:00","4.08","165","5.83","66.6","1015","-","-"
"2023/04/04","01:00","6.03","164","7.78","64.8","1015.2","-","-"
"2023/04/04","02:00","10.3","180","15.16","64.9","1015.3","-","-"
"2023/04/04","03:00","7","188","10.89","64.2","1015.3","-","-"
"2023/04/04","04:00","6.61","190","9.91","64","1015.4","-","-"
"2023/04/04","05:00","6.61","199","10.89","63.1","1015.1","-","-"
"2023/04/04","06:00","7.19","191","9.72","62.2","1014.6","-","-"
"2023/04/04","07:00","3.5","176","4.86","60.8","1014.3","-","-"
"2023/04/04","08:00","0.97","34","1.36","58.3","1014.2","-","-"
"2023/04/04","09:00","1.94","129","2.14","58.5","1014.2","-","-"
"2023/04/04","10:00","1.75","100","1.94","57.9","1014.5","-","-"
"2023/04/04","11:00","2.33","125","2.53","57.7","1014.8","-","-"
"2023/04/04","12:00","1.56","86","2.14","57.9","1015.3","-","-"
"2023/04/04","13:00","3.11","65","3.89","58.3","1015.6","-","-"
"2023/04/04","14:00","1.75","13","2.92","61.7","1015.9","-","-"
"2023/04/04","15:00","5.83","50","6.61","59.9","1015.9","-","-"
"2023/04/04","16:00","3.11","157","5.44","61.3","1015.8","-","-"
"2023/04/04","17:00","7.58","98","8.94","62.2","1015.4","-","-"
"2023/04/04","18:00","10.11","89","12.25","64.9","1015.2","-","-"
"2023/04/04","19:00","10.69","98","12.44","66.4","1014.7","-","-"
"2023/04/04","20:00","11.86","117","13.41","69.3","1014","-","-"
"2023/04/04","21:00","7","114","10.3","71.6","1013.9","-","-"
"2023/04/04","22:00","11.08","127","13.61","73.2","1014","-","-"
"2023/04/04","23:00","7.97","156","11.08","73.4","1014.4","-","-"
"2023/04/05","00:00","6.41","161","9.33","70.5","1014.9","-","-"
"2023/04/05","01:00","5.64","157","7.19","68.7","1015.6","-","-"
"2023/04/05","02:00","3.11","155","3.69","67.6","1016.6","-","-"
"2023/04/05","03:00","5.25","179","6.61","67.1","1016.7","-","-"
"2023/04/05","04:00","4.86","170","7.58","66.4","1016.6","-","-"
"2023/04/05","05:00","7","198","10.69","66.6","1016.9","-","-"
"2023/04/05","06:00","7","201","11.27","65.7","1017.1","-","-"
"2023/04/05","07:00","4.47","194","6.03","64.8","1017.3","-","-"
"2023/04/05","08:00","4.08","169","5.44","64","1017.1","-","-"
"2023/04/05","09:00","3.3","203","4.28","63.7","1017.7","-","-"
"2023/04/05","10:00","6.03","193","8.94","63.7","1018","-","-"
"2023/04/05","11:00","6.61","183","8.55","64","1018.5","-","-"
"2023/04/05","12:00","3.69","176","6.03","66","1019","-","-"
"2023/04/05","13:00","6.03","215","7.78","69.8","1019.2","-","-"
"2023/04/05","14:00","7","186","8.75","73.4","1019.2","-","-"
"2023/04/05","15:00","6.03","64","7","66.4","1019.2","-","-"
"2023/04/05","16:00","8.75","189","11.86","78.4","1018.7","-","-"
"2023/04/05","17:00","10.69","196","19.24","79.7","1018.6","-","-"
"2023/04/05","18:00","13.8","181","20.22","80.8","1017.9","-","-"
"2023/04/05","19:00","8.16","187","13.61","82.6","1017.1","-","-"
"2023/04/05","20:00","11.66","191","16.91","82.9","1016.6","-","-"
"2023/04/05","21:00","10.3","185","18.27","83.5","1016.6","-","-"
"2023/04/05","22:00","11.27","204","16.33","84.2","1016.5","-","-"
"2023/04/05","23:00","8.36","202","13.02","82.6","1016.7","-","-"
"2023/04/06","00:00","5.83","183","8.16","79.2","1017.2","-","-"
"2023/04/06","01:00","5.64","183","8.16","77.2","1018.1","-","-"
"2023/04/06","02:00","9.72","179","13.61","75.4","1018.5","-","-"
"2023/04/06","03:00","13.22","183","17.11","73.9","1018.6","-","-"
"2023/04/06","04:00","9.52","189","12.63","72.7","1018.6","-","-"
"2023/04/06","05:00","9.33","196","14.38","72.1","1018.7","-","-"
"2023/04/06","06:00","11.47","205","14.97","71.1","1018.5","-","-"
"2023/04/06","07:00","9.72","206","14","69.8","1018.1","-","-"
"2023/04/06","08:00","8.16","208","14","68.9","1017.9","-","-"
"2023/04/06","09:00","9.33","217","12.25","68.5","1018.1","-","-"
"2023/04/06","10:00","12.05","210","15.36","68","1018.3","-","-"
"2023/04/06","11:00","12.05","211","15.94","68.2","1018.9","-","-"
"2023/04/06","12:00","10.3","209","13.02","69.1","1019.7","-","-"
"2023/04/06","13:00","12.25","223","17.3","70.5","1020.1","-","-"
"2023/04/06","14:00","10.3","226","14.58","72.3","1020.4","-","-"
"2023/04/06","15:00","11.47","222","16.72","74.5","1020.4","-","-"
"2023/04/06","16:00","10.3","217","17.69","76.5","1020","-","-"
"2023/04/06","17:00","8.36","236","15.94","79.2","1019.5","-","-"
"2023/04/06","18:00","13.61","226","18.66","81.5","1019","-","-"
"2023/04/06","19:00","9.72","225","13.61","82.9","1018.5","-","-"
"2023/04/06","20:00","14.77","185","19.24","81.9","1017.7","-","-"
"2023/04/06","21:00","13.02","211","16.72","82.4","1017.1","-","-"
"2023/04/06","22:00","9.72","217","13.02","81.7","1017.1","-","-"
"2023/04/06","23:00","7.39","218","11.66","80.8","1017.5","-","-"
"2023/04/07","00:00","6.8","210","9.52","79.7","1018.1","-","-"
"2023/04/07","01:00","7.78","206","10.11","78.8","1018.7","-","-"
"2023/04/07","02:00","8.55","253","11.66","75.7","1020.4","-","-"
"2023/04/07","03:00","5.44","299","11.08","69.4","1020.4","-","-"
"2023/04/07","04:00","14.38","329","19.05","65.7","1020.1","-","-"
"2023/04/07","05:00","11.86","21","16.13","64.6","1022.3","-","-"
"2023/04/07","06:00","11.27","30","16.13","62.4","1022.6","-","-"
"2023/04/07","07:00","8.75","39","10.5","60.8","1022.8","-","-"
"2023/04/07","08:00","9.14","39","10.5","59.5","1022.8","-","-"
"2023/04/07","09:00","10.69","31","13.61","59.4","1022.6","-","-"
"2023/04/07","10:00","10.89","33","13.02","58.8","1023.6","-","-"
"2023/04/07","11:00","9.14","44","11.47","58.3","1024.4","-","-"
"2023/04/07","12:00","9.52","33","11.66","58.1","1025","-","-"
"2023/04/07","13:00","10.3","18","14","57","1025.5","-","-"
"2023/04/07","14:00","13.61","32","17.3","56.5","1025.7","-","-"
"2023/04/07","15:00","18.86","28","23.13","57.2","1026","-","-"
"2023/04/07","16:00","15.55","14","21.97","55.4","1026.6","-","-"
"2023/04/07","17:00","18.47","13","21.38","53.4","1026.6","-","-"
"2023/04/07","18:00","13.02","360","14.19","50.7","1027.6","-","-"
"2023/04/07","19:00","13.22","4","18.08","49.6","1027.4","-","-"
"2023/04/07","20:00","14.77","4","18.47","46.9","1027.9","-","-"
"2023/04/07","21:00","9.33","17","12.63","45.9","1027.8","-","-"
"2023/04/07","22:00","7","35","10.3","46.8","1027.1","-","-"
"2023/04/07","23:00","6.61","50","9.14","47.8","1027.1","-","-"
"2023/04/08","00:00","6.22","12","7","47.8","1027","-","-"
"2023/04/08","01:00","5.64","6","7.58","48","1027.6","-","-"
"2023/04/08","02:00","8.94","349","10.11","48","1028.3","-","-"
"2023/04/08","03:00","6.61","346","8.75","47.7","1028.4","-","-"
"2023/04/08","04:00","4.28","296","5.83","47.1","1027.7","-","-"
"2023/04/08","05:00","5.64","274","6.8","46.9","1027.7","-","-"
"2023/04/08","06:00","7.58","296","9.52","47.5","1027.9","-","-"
"2023/04/08","07:00","5.83","330","7.58","47.7","1027.2","-","-"
"2023/04/08","08:00","5.05","271","5.83","47.7","1027","-","-"
"2023/04/08","09:00","1.36","280","2.53","47.3","1027.1","-","-"
"2023/04/08","10:00","5.05","331","7.58","46.6","1027.4","-","-"
"2023/04/08","11:00","5.25","10","7","47.3","1027.8","-","-"
"2023/04/08","12:00","9.14","11","11.08","48.7","1028.1","-","-"
"2023/04/08","13:00","22.16","61","24.1","51.6","1028.9","-","-"
"2023/04/08","14:00","20.02","70","23.13","50.7","1029.9","-","-"
"2023/04/08","15:00","18.47","57","22.35","50","1030","-","-"
"2023/04/08","16:00","18.47","57","21.38","49.5","1029.8","-","-"
"2023/04/08","17:00","16.91","61","19.44","49.8","1029.7","-","-"
"2023/04/08","18:00","14.38","48","20.6","49.1","1028.9","-","-"
"2023/04/08","19:00","13.02","36","17.69","49.1","1028.6","-","-"
"2023/04/08","20:00","13.41","89","19.44","49.1","1027.8","-","-"
"2023/04/08","21:00","15.55","83","19.24","48.2","1028.1","-","-"
"2023/04/08","22:00","17.88","83","21.97","48.4","1027.6","-","-"
"2023/04/08","23:00","18.08","71","21.19","47.7","1027.9","-","-"
"2023/04/09","00:00","18.08","68","21.58","47.7","1027.3","-","-"
"2023/04/09","01:00","18.47","62","22.16","47.3","1027.4","-","-"
"2023/04/09","02:00","14","48","16.72","47.5","1027.8","-","-"
"2023/04/09","03:00","12.44","48","16.91","47.3","1027.1","-","-"
"2023/04/09","04:00","14.58","39","16.33","47.7","1026.9","-","-"
"2023/04/09","05:00","12.25","40","17.11","48.2","1026.7","-","-"
"2023/04/09","06:00","13.22","38","18.27","48.6","1026.6","-","-"
"2023/04/09","07:00","14.58","45","17.69","48.4","1026.2","-","-"
"2023/04/09","08:00","14.58","39","16.33","48","1026.3","-","-"
"2023/04/09","09:00","13.22","45","17.69","48","1026.3","-","-"
"2023/04/09","10:00","15.75","43","20.02","48.2","1026.7","-","-"
"2023/04/09","11:00","13.22","47","16.13","47.7","1027.3","-","-"
"2023/04/09","12:00","18.86","48","22.74","48","1028","-","-"
"2023/04/09","13:00","19.24","50","22.16","48.7","1028.5","-","-"
"2023/04/09","14:00","15.75","55","19.44","49.8","1029","-","-"
"2023/04/09","15:00","14.58","52","20.02","50.2","1029.7","-","-"
"2023/04/09","16:00","17.3","74","21.19","51.3","1029.6","-","-"
"2023/04/09","17:00","17.49","72","19.24","51.6","1029.4","-","-"
"2023/04/09","18:00","15.36","72","19.24","52.2","1029.6","-","-"
"2023/04/09","19:00","15.94","78","20.22","52.3","1029.3","-","-"
"2023/04/09","20:00","15.55","82","17.88","52.5","1029.1","-","-"
"2023/04/09","21:00","15.94","70","19.83","53.2","1029","-","-"
"2023/04/09","22:00","15.75","74","19.44","52.7","1029.2","-","-"
"2023/04/09","23:00","15.36","78","18.08","51.8","1029.5","-","-"
"2023/04/10","00:00","14","72","17.88","51.3","1029.5","-","-"
"2023/04/10","01:00","12.83","80","16.52","50.7","1029.9","-","-"
"2023/04/10","02:00","13.41","76","15.75","50.4","1030.1","-","-"
"2023/04/10","03:00","12.63","90","14.58","49.8","1030.1","-","-"
"2023/04/10","04:00","10.69","97","13.41","49.8","1029.8","-","-"
"2023/04/10","05:00","10.89","93","12.44","49.6","1029.5","-","-"
"2023/04/10","06:00","8.94","82","11.47","49.8","1029.3","-","-"
"2023/04/10","07:00","9.72","80","12.05","49.5","1029","-","-"
"2023/04/10","08:00","7.19","37","8.75","48.6","1029.2","-","-"
"2023/04/10","09:00","7.19","22","8.36","47.7","1029.6","-","-"
"2023/04/10","10:00","6.03","12","6.8","45.7","1029.9","-","-"
"2023/04/10","11:00","7.39","10","8.16","46","1030.4","-","-"
"2023/04/10","12:00","8.16","17","9.14","47.3","1031","-","-"
"2023/04/10","13:00","6.22","16","7.19","48.7","1031.4","-","-"
"2023/04/10","14:00","6.22","44","11.27","51.3","1031.3","-","-"
"2023/04/10","15:00","10.11","68","12.44","52.2","1031.4","-","-"
"2023/04/10","16:00","12.05","83","14.19","52","1031.2","-","-"
"2023/04/10","17:00","7.58","92","9.72","52.2","1030.8","-","-"
"2023/04/10","18:00","7","80","7.97","52.7","1030.2","-","-"
"2023/04/10","19:00","9.33","87","10.11","53.4","1029.5","-","-"
"2023/04/10","20:00","7.78","84","8.55","53.6","1029","-","-"
"2023/04/10","21:00","6.03","75","6.8","53.8","1028.5","-","-"
"2023/04/10","22:00","6.41","79","7.19","54.3","1028.4","-","-"
"2023/04/10","23:00","5.83","111","7.97","54.5","1028.2","-","-"
"2023/04/11","00:00","5.05","132","6.41","52.5","1027.9","-","-"
"2023/04/11","01:00","3.5","171","4.67","50","1028.3","-","-"
"2023/04/11","02:00","4.08","184","5.25","48.7","1028.4","-","-"
"2023/04/11","03:00","4.86","166","6.41","48.9","1027.8","-","-"
"2023/04/11","04:00","4.86","186","6.8","47.5","1027.1","-","-"
"2023/04/11","05:00","4.08","199","5.83","46.8","1026.6","-","-"
"2023/04/11","06:00","5.83","211","7.39","46.8","1026.1","-","-"
"2023/04/11","07:00","4.86","229","7.39","46","1025.4","-","-"
"2023/04/11","08:00","1.94","280","2.72","45.3","1025.2","-","-"
"2023/04/11","09:00","0.78","234","2.92","44.2","1025.2","-","-"
"2023/04/11","10:00","2.72","248","3.3","43.2","1025.1","-","-"
"2023/04/11","11:00","3.3","249","5.05","44.1","1025.3","-","-"
"2023/04/11","12:00","4.28","244","6.03","47.3","1025.4","-","-"
"2023/04/11","13:00","5.25","235","7.19","52.2","1025.3","-","-"
"2023/04/11","14:00","7.78","235","9.72","55.9","1025.1","-","-"
"2023/04/11","15:00","6.22","278","10.69","59.5","1025","-","-"
"2023/04/11","16:00","8.36","234","11.86","62.4","1024.1","-","-"
"2023/04/11","17:00","5.25","233","10.11","65.1","1023.3","-","-"
"2023/04/11","18:00","7.39","249","11.47","67.6","1022.1","-","-"
"2023/04/11","19:00","7.97","269","15.55","69.1","1020.9","-","-"
"2023/04/11","20:00","10.89","287","14.19","70.2","1019.7","-","-"
"2023/04/11","21:00","10.11","221","13.02","71.2","1019","-","-"
"2023/04/11","22:00","6.8","253","9.52","72.3","1018.8","-","-"
"2023/04/11","23:00","3.69","242","4.28","72","1018.6","-","-"
"2023/04/12","00:00","4.47","210","5.25","67.3","1018.4","-","-"
"2023/04/12","01:00","6.8","208","8.55","65.1","1018.6","-","-"
"2023/04/12","02:00","9.72","214","13.02","64.6","1018.7","-","-"
"2023/04/12","03:00","9.91","221","13.8","63.7","1018.4","-","-"
"2023/04/12","04:00","10.11","220","13.61","62.8","1018","-","-"
"2023/04/12","05:00","10.3","227","13.02","62.1","1017.8","-","-"
"2023/04/12","06:00","13.02","228","19.24","61.7","1017","-","-"
"2023/04/12","07:00","14.77","229","20.02","61","1016","-","-"
"2023/04/12","08:00","12.25","236","15.36","59.7","1015.8","-","-"
"2023/04/12","09:00","4.67","260","11.47","57.7","1016.3","-","-"
"2023/04/12","10:00","5.05","270","6.22","56.3","1016.5","-","-"
"2023/04/12","11:00","3.69","234","7.78","54.9","1017.1","-","-"
"2023/04/12","12:00","5.44","259","6.61","56.5","1017.5","-","-"
"2023/04/12","13:00","6.22","264","9.33","59.5","1017.5","-","-"
"2023/04/12","14:00","6.61","255","7.78","64.8","1017.3","-","-"
"2023/04/12","15:00","3.5","277","5.05","70.2","1017","-","-"
"2023/04/12","16:00","8.94","236","11.27","73.6","1016.5","-","-"
"2023/04/12","17:00","5.83","268","9.52","75.9","1015.6","-","-"
"2023/04/12","18:00","7.58","272","12.05","76.1","1014.6","-","-"
"2023/04/12","19:00","9.72","247","14.38","77.7","1013.8","-","-"
"2023/04/12","20:00","11.27","256","16.33","78.8","1013","-","-"
"2023/04/12","21:00","9.14","261","13.41","79.5","1012.6","-","-"
"2023/04/12","22:00","10.11","240","13.41","80.1","1012.5","-","-"
"2023/04/12","23:00","5.64","240","7.58","79","1012.3","-","-"
"2023/04/13","00:00","6.03","212","6.22","73.8","1012.3","-","-"
"2023/04/13","01:00","7","217","7.97","71.6","1012.7","-","-"
"2023/04/13","02:00","7","220","8.75","69.8","1013.1","-","-"
"2023/04/13","03:00","8.16","218","10.3","67.8","1013.2","-","-"
"2023/04/13","04:00","10.11","222","13.8","67.6","1012.9","-","-"
"2023/04/13","05:00","10.3","230","12.83","66.9","1013","-","-"
"2023/04/13","06:00","9.91","227","13.41","65.7","1012.9","-","-"
"2023/04/13","07:00","10.3","229","12.25","65.3","1012.6","-","-"
"2023/04/13","08:00","7.97","242","10.11","64.8","1012.7","-","-"
"2023/04/13","09:00","9.52","227","12.83","63.1","1013","-","-"
"2023/04/13","10:00","4.08","260","6.41","61.5","1013.6","-","-"
"2023/04/13","11:00","5.25","276","6.61","60.1","1014.1","-","-"
"2023/04/13","12:00","5.25","278","7.78","61.3","1014.4","-","-"
"2023/04/13","13:00","4.28","279","6.61","64.9","1014.6","-","-"
"2023/04/13","14:00","3.69","320","5.25","64.6","1014.6","-","-"
"2023/04/13","15:00","5.25","342","5.83","67.5","1014.7","-","-"
"2023/04/13","16:00","3.3","302","3.5","71.4","1014.4","-","-"
"2023/04/13","17:00","2.53","91","2.72","76.5","1013.9","-","-"
"2023/04/13","18:00","9.14","80","9.52","72.5","1013.3","-","-"
"2023/04/13","19:00","10.11","90","11.08","73.8","1012.8","-","-"
"2023/04/13","20:00","8.75","89","9.33","73.2","1011.8","-","-"
"2023/04/13","21:00","7.58","208","11.27","82.2","1011.4","-","-"
"2023/04/13","22:00","5.25","237","8.16","82.8","1011.4","-","-"
"2023/04/13","23:00","6.03","206","8.55","81.9","1011.6","-","-"
"2023/04/14","00:00","5.25","211","6.41","77.9","1011.9","-","-"
"2023/04/14","01:00","6.03","217","8.36","75.4","1012.1","-","-"
"2023/04/14","02:00","7.39","220","9.52","73","1012.5","-","-"
"2023/04/14","03:00","8.36","218","10.11","71.8","1012.4","-","-"
"2023/04/14","04:00","10.11","209","15.16","69.3","1012.5","-","-"
"2023/04/14","05:00","12.05","214","16.72","67.3","1013","-","-"
"2023/04/14","06:00","9.33","227","15.75","65.7","1012.9","-","-"
"2023/04/14","07:00","10.5","226","13.8","64.2","1012.6","-","-"
"2023/04/14","08:00","7.39","231","12.05","63","1012.8","-","-"
"2023/04/14","09:00","8.55","222","13.8","61.7","1013","-","-"
"2023/04/14","10:00","6.22","225","8.94","60.6","1013.1","-","-"
"2023/04/14","11:00","5.64","228","8.75","60.4","1013.6","-","-"
"2023/04/14","12:00","6.41","220","9.52","61.3","1014","-","-"
"2023/04/14","13:00","4.28","226","6.61","63.7","1013.9","-","-"
"2023/04/14","14:00","0.39","271","1.75","67.8","1013.7","-","-"
"2023/04/14","15:00","5.83","224","7.97","69.3","1013.6","-","-"
"2023/04/14","16:00","6.03","199","7.97","68.4","1013.9","-","-"
"2023/04/14","17:00","5.05","198","8.16","68.9","1013.3","-","-"
"2023/04/14","18:00","4.67","194","7.58","68.4","1012.4","-","-"
"2023/04/14","19:00","4.47","232","5.25","66.4","1012.3","-","-"
"2023/04/14","20:00","3.69","337","3.89","65.5","1011.7","-","-"
"2023/04/14","21:00","3.11","242","5.05","68","1011.3","-","-"
"2023/04/14","22:00","8.16","81","9.14","64.4","1011.2","-","-"
"2023/04/14","23:00","7.19","118","9.33","66.2","1010.8","-","-"
"2023/04/15","00:00","4.08","139","6.03","65.7","1010.3","-","-"
"2023/04/15","01:00","3.11","150","3.69","64.4","1010.7","-","-"
"2023/04/15","02:00","1.17","133","1.56","63.7","1010.8","-","-"
"2023/04/15","03:00","2.14","102","2.72","63.1","1010.5","-","-"
"2023/04/15","04:00","5.83","175","8.36","65.8","1009.8","-","-"
"2023/04/15","05:00","8.75","196","11.47","65.8","1010.2","-","-"
"2023/04/15","06:00","6.61","207","9.14","65.5","1009.9","-","-"
"2023/04/15","07:00","8.36","207","10.69","65.8","1009.6","-","-"
"2023/04/15","08:00","3.5","226","4.86","65.5","1009.5","-","-"
"2023/04/15","09:00","3.11","196","3.69","64.2","1009.6","-","-"
"2023/04/15","10:00","2.14","204","3.3","64","1009.9","-","-"
"2023/04/15","11:00","1.17","81","2.14","62.8","1010.5","-","-"
"2023/04/15","12:00","1.75","296","3.3","63.3","1010.6","-","-"
"2023/04/15","13:00","5.05","221","9.33","66.4","1011.3","-","-"
"2023/04/15","14:00","8.36","244","11.47","67.3","1011.2","-","-"
"2023/04/15","15:00","1.94","338","3.89","68.7","1011.1","-","-"
"2023/04/15","16:00","5.64","230","9.52","71.4","1010.6","-","-"
"2023/04/15","17:00","2.53","60","4.67","69.3","1009.9","-","-"
"2023/04/15","18:00","10.89","89","11.86","65.3","1009.4","-","-"
"2023/04/15","19:00","11.66","81","13.61","65.3","1008.8","-","-"
"2023/04/15","20:00","9.91","36","13.02","66.4","1008.4","-","-"
"2023/04/15","21:00","10.3","245","14.97","76.8","1007.7","-","-"
"2023/04/15","22:00","8.75","244","11.47","77","1008.1","-","-"
"2023/04/15","23:00","7.78","248","10.11","76.3","1008.4","-","-"
"2023/04/16","00:00","4.86","235","5.64","73.6","1009.2","-","-"
"2023/04/16","01:00","4.86","214","5.64","71.4","1009.2","-","-"
"2023/04/16","02:00","1.75","273","2.33","66.2","1010.1","-","-"
"2023/04/16","03:00","7.19","220","8.75","69.3","1010","-","-"
"2023/04/16","04:00","8.36","226","10.3","68.5","1009.5","-","-"
"2023/04/16","05:00","9.91","225","12.05","68.4","1009.1","-","-"
"2023/04/16","06:00","8.16","239","11.66","68.2","1009","-","-"
"2023/04/16","07:00","10.11","233","12.83","67.3","1008.8","-","-"
"2023/04/16","08:00","9.52","226","12.44","65.3","1008.9","-","-"
"2023/04/16","09:00","6.61","234","8.36","64.9","1008.8","-","-"
"2023/04/16","10:00","4.67","226","6.8","63.7","1009.5","-","-"
"2023/04/16","11:00","10.69","224","13.61","63","1009.6","-","-"
"2023/04/16","12:00","1.56","254","4.28","65.7","1010","-","-"
"2023/04/16","13:00","3.69","236","5.64","67.6","1009.4","-","-"
"2023/04/16","14:00","7.19","226","8.55","70.7","1009.6","-","-"
"2023/04/16","15:00","5.05","221","7.58","73.9","1009.3","-","-"
"2023/04/16","16:00","7.78","219","9.52","76.6","1008.8","-","-"
"2023/04/16","17:00","7.58","206","10.89","78.3","1007.7","-","-"
"2023/04/16","18:00","6.41","190","9.72","77.5","1007.4","-","-"
"2023/04/16","19:00","5.25","215","7.39","76.3","1006.7","-","-"
"2023/04/16","20:00","11.27","219","15.94","77.4","1006.1","-","-"
"2023/04/16","21:00","8.16","216","10.5","78.3","1005.6","-","-"
"2023/04/16","22:00","0.19","124","0.97","77.9","1005","-","-"
"2023/04/16","23:00","6.22","51","7","67.5","1004.4","-","-"
"2023/04/17","00:00","6.22","210","8.16","69.6","1004.7","-","-"
"2023/04/17","01:00","3.89","189","5.44","67.5","1004.4","-","-"
"2023/04/17","02:00","4.08","170","5.44","67.1","1004.1","-","-"
"2023/04/17","03:00","5.44","189","7.19","68.2","1003.6","-","-"
"2023/04/17","04:00","7.97","201","11.47","68.2","1003.1","-","-"
"2023/04/17","05:00","8.75","217","13.22","68.2","1002.8","-","-"
"2023/04/17","06:00","7.19","220","10.5","68.4","1002.1","-","-"
"2023/04/17","07:00","8.94","252","14.58","67.8","1002.1","-","-"
"2023/04/17","08:00","7.58","249","10.11","66.7","1001.9","-","-"
"2023/04/17","09:00","6.8","240","10.3","65.1","1001.9","-","-"
"2023/04/17","10:00","12.83","270","15.75","64","1003","-","-"
"2023/04/17","11:00","10.11","290","13.22","62.8","1003.9","-","-"
"2023/04/17","12:00","9.52","285","11.86","62.4","1004.4","-","-"
"2023/04/17","13:00","12.63","306","17.3","62.6","1005.1","-","-"
"2023/04/17","14:00","8.55","279","10.5","63.3","1005.1","-","-"
"2023/04/17","15:00","8.36","272","12.83","63.7","1005.2","-","-"
"2023/04/17","16:00","10.89","263","15.55","63.5","1004.9","-","-"
"2023/04/17","17:00","11.86","276","17.11","64.2","1004.4","-","-"
"2023/04/17","18:00","16.13","290","19.44","64","1003.9","-","-"
"2023/04/17","19:00","11.66","254","19.44","66.7","1003.2","-","-"
"2023/04/17","20:00","14.19","264","18.66","67.1","1002.6","-","-"
"2023/04/17","21:00","10.69","263","19.05","67.6","1002.5","-","-"
"2023/04/17","22:00","10.69","275","14.19","68","1003","-","-"
"2023/04/17","23:00","4.86","242","8.16","67.1","1003.6","-","-"
"2023/04/18","00:00","4.08","230","5.05","65.1","1004.2","-","-"
"2023/04/18","01:00","3.89","201","5.05","61.5","1004.7","-","-"
"2023/04/18","02:00","3.89","194","5.44","60.6","1005.4","-","-"
"2023/04/18","03:00","5.25","190","6.61","60.4","1005.6","-","-"
"2023/04/18","04:00","5.64","198","7.19","59","1005.3","-","-"
"2023/04/18","05:00","8.55","219","10.69","60.6","1005.4","-","-"
"2023/04/18","06:00","9.33","263","12.05","59.5","1005.7","-","-"
"2023/04/18","07:00","12.83","302","15.75","57.4","1006.3","-","-"
"2023/04/18","08:00","8.16","315","9.52","56.1","1007.1","-","-"
"2023/04/18","09:00","2.53","280","4.08","56.1","1007.8","-","-"
"2023/04/18","10:00","2.53","230","3.3","52.2","1008.4","-","-"
"2023/04/18","11:00","9.33","219","11.66","52.5","1008.9","-","-"
"2023/04/18","12:00","7.78","227","9.91","54.1","1009.7","-","-"
"2023/04/18","13:00","6.8","231","10.89","58.5","1009.7","-","-"
"2023/04/18","14:00","12.63","276","17.3","61","1009.6","-","-"
"2023/04/18","15:00","14.19","244","23.71","62.8","1009.6","-","-"
"2023/04/18","16:00","17.49","272","26.63","64.2","1009.1","-","-"
"2023/04/18","17:00","16.33","259","24.3","66.9","1008.4","-","-"
"2023/04/18","18:00","11.08","240","20.22","69.3","1008","-","-"
"2023/04/18","19:00","17.69","284","24.3","70.3","1007.4","-","-"
"2023/04/18","20:00","18.27","273","22.94","72.5","1006.8","-","-"
"2023/04/18","21:00","17.88","258","21.38","74.1","1006.7","-","-"
"2023/04/18","22:00","14","269","19.24","74.7","1006.8","-","-"
"2023/04/18","23:00","7.78","258","11.47","74.5","1007.3","-","-"
"2023/04/19","00:00","5.25","221","6.03","71.2","1008.1","-","-"
"2023/04/19","01:00","7.19","216","9.14","67.8","1009.1","-","-"
"2023/04/19","02:00","7.78","220","9.52","66.7","1010","-","-"
"2023/04/19","03:00","9.33","238","10.69","66.6","1010.5","-","-"
"2023/04/19","04:00","8.36","236","10.5","64.6","1011.1","-","-"
"2023/04/19","05:00","13.02","45","16.13","63","1012.9","-","-"
"2023/04/19","06:00","10.69","46","14.58","58.6","1013.5","-","-"
"2023/04/19","07:00","10.3","50","13.61","58.3","1013.8","-","-"
"2023/04/19","08:00","15.75","62","17.69","56.7","1014.5","-","-"
"2023/04/19","09:00","13.61","72","16.72","55.8","1014.9","-","-"
"2023/04/19","10:00","14.77","79","16.52","54.9","1015.6","-","-"
"2023/04/19","11:00","12.44","96","14.97","54.7","1016.5","-","-"
"2023/04/19","12:00","12.05","88","15.55","54.7","1017.5","-","-"
"2023/04/19","13:00","9.91","87","12.44","54.9","1017.9","-","-"
"2023/04/19","14:00","7.19","88","9.33","55.6","1018.5","-","-"
"2023/04/19","15:00","7.78","72","9.33","56.3","1019","-","-"
"2023/04/19","16:00","10.11","65","10.89","56.5","1018.8","-","-"
"2023/04/19","17:00","13.22","78","14.58","57.4","1018.4","-","-"
"2023/04/19","18:00","12.83","77","14.19","57.7","1017.9","-","-"
"2023/04/19","19:00","11.08","90","13.41","60.4","1017.2","-","-"
"2023/04/19","20:00","10.69","106","12.63","62.6","1016.7","-","-"
"2023/04/19","21:00","7.78","108","9.14","65.3","1016.8","-","-"
"2023/04/19","22:00","5.83","116","7.39","65.5","1016.7","-","-"
"2023/04/19","23:00","5.44","126","6.8","64.2","1016.7","-","-"
"2023/04/20","00:00","3.89","112","4.08","62.2","1017.2","-","-"
"2023/04/20","01:00","4.86","82","5.05","61.3","1017.8","-","-"
"2023/04/20","02:00","4.47","155","6.41","60.8","1018.2","-","-"
"2023/04/20","03:00","7.39","172","11.27","61.2","1018.2","-","-"
"2023/04/20","04:00","4.28","174","5.64","61.2","1018.5","-","-"
"2023/04/20","05:00","3.11","96","4.28","60.8","1018.7","-","-"
"2023/04/20","06:00","0.78","168","1.17","58.5","1018.5","-","-"
"2023/04/20","07:00","1.17","149","2.33","58.1","1018.1","-","-"
"2023/04/20","08:00","1.94","116","2.14","58.3","1018.2","-","-"
"2023/04/20","09:00","1.36","168","2.33","57.7","1018","-","-"
"2023/04/20","10:00","8.36","213","10.3","60.4","1017.9","-","-"
"2023/04/20","11:00","11.47","214","14.19","61.2","1018","-","-"
"2023/04/20","12:00","7.78","221","10.3","63.1","1018.8","-","-"
"2023/04/20","13:00","9.52","224","12.05","66.4","1018.8","-","-"
"2023/04/20","14:00","7.19","230","8.94","70.7","1019.1","-","-"
"2023/04/20","15:00","7","325","7.97","69.1","1019.6","-","-"
"2023/04/20","16:00","4.08","344","4.47","70.7","1019","-","-"
"2023/04/20","17:00","5.64","94","7.97","67.5","1018.5","-","-"
"2023/04/20","18:00","7.97","79","10.11","68.4","1017.8","-","-"
"2023/04/20","19:00","7.97","70","8.55","68.2","1017.4","-","-"
"2023/04/20","20:00","8.36","67","9.33","68.2","1016.9","-","-"
"2023/04/20","21:00","11.66","74","13.8","69.3","1016.8","-","-"
"2023/04/20","22:00","10.3","63","12.25","66.6","1016.9","-","-"
"2023/04/20","23:00","6.8","66","8.16","66","1016.5","-","-"
"2023/04/21","00:00","1.36","226","1.56","66.2","1016.4","-","-"
"2023/04/21","01:00","1.56","156","1.56","65.3","1016.8","-","-"
"2023/04/21","02:00","5.25","201","7.39","73.4","1016.8","-","-"
"2023/04/21","03:00","6.8","193","7.78","71.6","1016.9","-","-"
"2023/04/21","04:00","7.19","195","9.14","71.2","1016.5","-","-"
"2023/04/21","05:00","8.55","203","11.08","70.5","1016.3","-","-"
"2023/04/21","06:00","8.75","210","10.3","69.6","1016.3","-","-"
"2023/04/21","07:00","9.72","225","11.86","69.8","1015.9","-","-"
"2023/04/21","08:00","10.3","227","13.22","68.4","1016.1","-","-"
"2023/04/21","09:00","10.11","222","13.02","67.8","1015.9","-","-"
"2023/04/21","10:00","8.16","229","10.89","66.2","1016.1","-","-"
"2023/04/21","11:00","8.16","217","10.89","65.1","1016.4","-","-"
"2023/04/21","12:00","7","224","9.33","66.7","1016.7","-","-"
"2023/04/21","13:00","6.41","236","9.72","70.3","1016.4","-","-"
"2023/04/21","14:00","6.22","225","11.27","73.4","1016","-","-"
"2023/04/21","15:00","6.61","212","11.47","75.9","1015.7","-","-"
"2023/04/21","16:00","5.83","235","9.91","78.6","1015","-","-"
"2023/04/21","17:00","7.39","225","10.69","80.2","1014.5","-","-"
"2023/04/21","18:00","10.11","217","16.91","82.2","1013.6","-","-"
"2023/04/21","19:00","14.77","228","20.41","83.1","1012.8","-","-"
"2023/04/21","20:00","8.94","200","16.72","83.1","1012.1","-","-"
"2023/04/21","21:00","8.36","203","15.94","83.3","1011.9","-","-"
"2023/04/21","22:00","12.05","197","17.88","82.9","1012.1","-","-"
"2023/04/21","23:00","11.08","182","13.41","81.1","1012.2","-","-"
"2023/04/22","00:00","7.19","183","12.44","78.1","1012.2","-","-"
"2023/04/22","01:00","7.19","175","9.14","75.4","1012.5","-","-"
"2023/04/22","02:00","11.08","181","15.55","74.3","1012.3","-","-"
"2023/04/22","03:00","9.91","184","16.91","72.3","1011.9","-","-"
"2023/04/22","04:00","10.89","184","15.75","70.3","1011.6","-","-"
"2023/04/22","05:00","12.05","189","15.94","68.2","1011.5","-","-"
"2023/04/22","06:00","9.72","199","15.16","66.6","1011","-","-"
"2023/04/22","07:00","8.36","197","15.16","65.8","1010.7","-","-"
"2023/04/22","08:00","8.36","193","12.83","65.5","1010.9","-","-"
"2023/04/22","09:00","5.83","177","8.94","64.2","1010.8","-","-"
"2023/04/22","10:00","5.83","181","7.58","63.9","1010.7","-","-"
"2023/04/22","11:00","4.08","174","6.61","64","1010.6","-","-"
"2023/04/22","12:00","6.03","183","10.89","65.7","1010.7","-","-"
"2023/04/22","13:00","9.52","179","13.41","67.6","1010.2","-","-"
"2023/04/22","14:00","9.91","179","14.77","69.3","1009.9","-","-"
"2023/04/22","15:00","18.47","176","21.77","70.7","1009.2","-","-"
"2023/04/22","16:00","8.36","192","17.3","72.5","1008.6","-","-"
"2023/04/22","17:00","11.47","174","17.49","74.5","1008","-","-"
"2023/04/22","18:00","15.75","169","20.6","74.8","1006.7","-","-"
"2023/04/22","19:00","13.41","175","17.88","74.8","1006","-","-"
"2023/04/22","20:00","11.27","284","15.16","64.4","1007.1","-","-"
"2023/04/22","21:00","9.91","277","12.63","62.4","1006.6","-","-"
"2023/04/22","22:00","5.83","230","7","63.3","1007","-","-"
"2023/04/22","23:00","1.94","140","3.5","63.3","1007.1","-","-"
"2023/04/23","00:00","0","293","0","63","1007.1","-","-"
"2023/04/23","01:00","5.25","261","8.36","60.8","1007.9","-","-"
"2023/04/23","02:00","2.72","293","4.28","60.4","1008.5","-","-"
"2023/04/23","03:00","5.64","233","8.94","59.2","1008.7","-","-"
"2023/04/23","04:00","2.14","353","2.72","59.2","1007.5","-","-"
"2023/04/23","05:00","0.58","216","2.14","58.8","1008.1","-","-"
"2023/04/23","06:00","12.83","349","14.97","57.9","1008.4","-","-"
"2023/04/23","07:00","10.3","331","12.05","56.8","1008","-","-"
"2023/04/23","08:00","9.52","325","12.25","57","1008.7","-","-"
"2023/04/23","09:00","8.36","276","9.72","55","1009.2","-","-"
"2023/04/23","10:00","8.36","276","10.11","54.7","1010.3","-","-"
"2023/04/23","11:00","10.11","293","12.05","55.4","1011.2","-","-"
"2023/04/23","12:00","8.75","294","11.08","56.3","1012.3","-","-"
"2023/04/23","13:00","8.75","310","11.27","57.9","1012.6","-","-"
"2023/04/23","14:00","6.22","303","7.97","59.4","1012.6","-","-"
"2023/04/23","15:00","5.83","307","6.8","61.3","1013","-","-"
"2023/04/23","16:00","5.83","319","7.78","63","1012.4","-","-"
"2023/04/23","17:00","4.28","292","7","64","1011.9","-","-"
"2023/04/23","18:00","11.47","262","16.52","65.8","1012","-","-"
"2023/04/23","19:00","10.3","236","13.8","66.7","1012.1","-","-"
"2023/04/23","20:00","8.36","247","14.58","67.5","1011.5","-","-"
"2023/04/23","21:00","9.91","263","13.8","68.2","1011.3","-","-"
"2023/04/23","22:00","3.5","302","6.41","68.7","1011.7","-","-"
"2023/04/23","23:00","5.83","260","9.14","68","1011.8","-","-"
"2023/04/24","00:00","3.69","253","4.67","64.2","1012.1","-","-"
"2023/04/24","01:00","3.5","253","4.47","61.7","1012.9","-","-"
"2023/04/24","02:00","2.33","260","2.92","61.3","1013.6","-","-"
"2023/04/24","03:00","12.25","11","14","59.5","1014.3","-","-"
"2023/04/24","04:00","10.5","14","14.38","58.3","1014.9","-","-"
"2023/04/24","05:00","11.08","353","15.55","56.3","1015.4","-","-"
"2023/04/24","06:00","15.55","12","22.35","54.7","1015.2","-","-"
"2023/04/24","07:00","7.78","6","11.27","52.3","1015.7","-","-"
"2023/04/24","08:00","10.5","336","13.22","50.9","1016.1","-","-"
"2023/04/24","09:00","10.11","341","12.44","49.8","1016.1","-","-"
"2023/04/24","10:00","11.27","357","15.16","48.2","1016.3","-","-"
"2023/04/24","11:00","9.33","354","13.22","47.1","1017.4","-","-"
"2023/04/24","12:00","7","2","9.52","47.5","1017.5","-","-"
"2023/04/24","13:00","6.41","352","7.97","48.4","1017.4","-","-"
"2023/04/24","14:00","8.36","345","10.3","49.8","1018","-","-"
"2023/04/24","15:00","7.78","331","10.11","51.3","1018.1","-","-"
"2023/04/24","16:00","4.86","356","11.08","52.7","1018","-","-"
"2023/04/24","17:00","2.72","320","3.89","54.9","1017.7","-","-"
"2023/04/24","18:00","2.72","309","4.86","56.5","1017","-","-"
"2023/04/24","19:00","6.03","339","7","57.7","1016.2","-","-"
"2023/04/24","20:00","7.19","73","8.55","57","1015.5","-","-"
"2023/04/24","21:00","10.89","77","12.83","55.6","1015.6","-","-"
"2023/04/24","22:00","10.11","90","12.25","55.8","1016","-","-"
"2023/04/24","23:00","7.97","98","12.25","56.3","1016.3","-","-"
"2023/04/25","00:00","9.72","70","11.08","57","1016.9","-","-"
"2023/04/25","01:00","9.52","57","11.47","57.4","1017.7","-","-"
"2023/04/25","02:00","9.52","82","11.47","57.7","1017.9","-","-"
"2023/04/25","03:00","2.92","165","3.89","54.9","1017.8","-","-"
"2023/04/25","04:00","2.53","196","3.3","52.2","1018","-","-"
"2023/04/25","05:00","0.39","186","1.17","52.5","1018.1","-","-"
"2023/04/25","06:00","6.03","28","7.97","55.6","1018.1","-","-"
"2023/04/25","07:00","8.94","335","10.11","51.3","1018.2","-","-"
"2023/04/25","08:00","13.02","6","14.19","50.7","1018.5","-","-"
"2023/04/25","09:00","11.08","11","13.41","51.1","1018.7","-","-"
"2023/04/25","10:00","8.55","9","10.11","50.7","1019.1","-","-"
"2023/04/25","11:00","8.55","8","9.52","51.1","1019.6","-","-"
"2023/04/25","12:00","6.61","20","7.97","52.9","1020.1","-","-"
"2023/04/25","13:00","11.27","53","13.61","54.9","1020.5","-","-"
"2023/04/25","14:00","11.27","63","13.02","55.4","1021","-","-"
"2023/04/25","15:00","8.16","62","10.89","56.1","1021.1","-","-"
"2023/04/25","16:00","11.66","76","13.8","56.3","1021.1","-","-"
"2023/04/25","17:00","10.89","68","12.83","56.7","1020.9","-","-"
"2023/04/25","18:00","9.72","75","12.25","56.8","1020.7","-","-"
"2023/04/25","19:00","9.72","76","11.66","57","1020.6","-","-"
"2023/04/25","20:00","8.94","82","11.08","57.2","1020.3","-","-"
"2023/04/25","21:00","8.75","113","11.08","57.6","1020.1","-","-"
"2023/04/25","22:00","7.39","118","11.27","57.6","1020.1","-","-"
"2023/04/25","23:00","6.8","115","9.14","57.7","1019.9","-","-"
"2023/04/26","00:00","6.8","144","9.14","56.8","1020.4","-","-"
"2023/04/26","01:00","5.25","140","5.83","55.9","1020.7","-","-"
"2023/04/26","02:00","4.28","153","5.05","54.9","1020.7","-","-"
"2023/04/26","03:00","4.28","145","5.44","54.7","1020.7","-","-"
"2023/04/26","04:00","3.11","167","4.08","53.1","1020.5","-","-"
"2023/04/26","05:00","2.33","183","4.28","52.7","1020.6","-","-"
"2023/04/26","06:00","1.17","185","2.53","51.1","1020.3","-","-"
"2023/04/26","07:00","1.94","140","2.53","51.6","1019.9","-","-"
"2023/04/26","08:00","1.56","164","2.14","51.8","1020","-","-"
"2023/04/26","09:00","2.53","163","3.5","52.9","1020.2","-","-"
"2023/04/26","10:00","2.92","146","4.28","54.1","1020.3","-","-"
"2023/04/26","11:00","2.53","150","4.08","55.8","1020.7","-","-"
"2023/04/26","12:00","9.33","111","11.27","58.5","1020.8","-","-"
"2023/04/26","13:00","9.14","127","14","59.2","1021","-","-"
"2023/04/26","14:00","12.44","116","14.77","59.7","1020.9","-","-"
"2023/04/26","15:00","10.11","99","12.83","60.6","1020.8","-","-"
"2023/04/26","16:00","10.11","107","13.61","61.5","1020.3","-","-"
"2023/04/26","17:00","13.41","94","15.16","60.4","1019.8","-","-"
"2023/04/26","18:00","12.05","124","14.77","61.2","1019.4","-","-"
"2023/04/26","19:00","11.86","130","15.16","61.2","1019.1","-","-"
"2023/04/26","20:00","13.8","116","16.13","60.8","1018.6","-","-"
"2023/04/26","21:00","9.33","138","13.41","60.8","1018.6","-","-"
"2023/04/26","22:00","7.97","140","11.08","60.3","1018.6","-","-"
"2023/04/26","23:00","7.39","142","9.33","59.7","1018.2","-","-"
"2023/04/27","00:00","7.58","140","9.14","59.7","1018.5","-","-"
"2023/04/27","01:00","4.86","145","6.22","59.4","1018.6","-","-"
"2023/04/27","02:00","3.11","144","6.22","58.8","1019","-","-"
"2023/04/27","03:00","3.3","157","4.08","57.9","1018.7","-","-"
"2023/04/27","04:00","3.69","172","4.47","57.2","1018.5","-","-"
"2023/04/27","05:00","1.75","187","2.14","56.3","1018.3","-","-"
"2023/04/27","06:00","0.58","231","0.97","54.9","1018.1","-","-"
"2023/04/27","07:00","1.17","237","1.75","53.4","1017.6","-","-"
"2023/04/27","08:00","0.58","218","1.75","52.9","1018","-","-"
"2023/04/27","09:00","0.39","183","0.58","53.1","1017.9","-","-"
"2023/04/27","10:00","1.56","230","1.75","53.2","1018.6","-","-"
"2023/04/27","11:00","1.94","232","2.33","54.3","1019.1","-","-"
"2023/04/27","12:00","3.11","191","4.08","57.2","1019","-","-"
"2023/04/27","13:00","4.67","203","7","60.6","1019.2","-","-"
"2023/04/27","14:00","9.14","160","13.02","63.3","1019.2","-","-"
"2023/04/27","15:00","5.44","178","8.75","65.5","1019","-","-"
"2023/04/27","16:00","1.94","141","8.75","67.3","1018.7","-","-"
"2023/04/27","17:00","7.39","84","9.72","64","1018.5","-","-"
"2023/04/27","18:00","8.36","86","10.3","64.8","1018.1","-","-"
"2023/04/27","19:00","11.66","90","14.19","65.7","1017.5","-","-"
"2023/04/27","20:00","11.86","89","14.58","64.9","1016.9","-","-"
"2023/04/27","21:00","11.08","125","16.33","67.3","1016.6","-","-"
"2023/04/27","22:00","10.11","108","12.25","66.2","1016.2","-","-"
"2023/04/27","23:00","10.3","116","13.8","64.8","1015.9","-","-"
"2023/04/28","00:00","9.33","129","13.02","62.6","1016","-","-"
"2023/04/28","01:00","11.27","121","13.22","61.5","1016.4","-","-"
"2023/04/28","02:00","9.33","113","11.66","61.7","1016","-","-"
"2023/04/28","03:00","10.11","110","13.02","62.6","1016.1","-","-"
"2023/04/28","04:00","9.72","114","13.02","62.8","1015.6","-","-"
"2023/04/28","05:00","9.91","114","12.25","62.8","1015","-","-"
"2023/04/28","06:00","8.55","109","10.69","62.4","1014.1","-","-"
"2023/04/28","07:00","10.11","113","13.41","61.3","1013.6","-","-"
"2023/04/28","08:00","19.24","82","22.35","60.8","1012.5","-","-"
"2023/04/28","09:00","21.38","79","24.69","60.6","1011.9","-","-"
"2023/04/28","10:00","23.52","72","27.6","61.2","1010.9","-","-"
"2023/04/28","11:00","23.13","88","26.44","61","1010.9","-","-"
"2023/04/28","12:00","16.13","96","18.27","60.3","1010.9","-","-"
"2023/04/28","13:00","18.47","107","21.97","60.3","1009.9","-","-"
"2023/04/28","14:00","19.44","110","24.3","60.4","1009.5","-","-"
"2023/04/28","15:00","16.72","112","21.19","60.3","1009","-","-"
"2023/04/28","16:00","17.3","126","21.19","61.2","1007.6","-","-"
"2023/04/28","17:00","14.77","124","20.8","61.5","1007.1","-","-"
"2023/04/28","18:00","15.16","130","18.27","62.2","1006.2","-","-"
"2023/04/28","19:00","10.89","129","15.94","63.3","1005.7","-","-"
"2023/04/28","20:00","9.52","128","14.77","64.9","1005.2","-","-"
"2023/04/28","21:00","12.44","130","17.3","63.3","1004.9","-","-"
"2023/04/28","22:00","15.55","125","17.88","63.7","1004.7","-","-"
"2023/04/28","23:00","9.14","93","9.91","62.6","1004.9","-","-"
"2023/04/29","00:00","8.55","123","12.63","62.6","1005.2","-","-"
"2023/04/29","01:00","7","141","10.11","63.7","1005.4","-","-"
"2023/04/29","02:00","5.25","134","7.58","63","1006","-","-"
"2023/04/29","03:00","2.92","79","3.89","62.6","1005.4","-","-"
"2023/04/29","04:00","3.5","264","4.47","62.8","1005.3","-","-"
"2023/04/29","05:00","7.39","260","8.55","63.3","1005.2","-","-"
"2023/04/29","06:00","7.58","286","8.55","63.5","1004.2","-","-"
"2023/04/29","07:00","13.41","306","15.36","59.7","1004.5","-","-"
"2023/04/29","08:00","7.78","308","11.27","58.5","1004.9","-","-"
"2023/04/29","09:00","7.19","312","10.69","57.7","1005.6","-","-"
"2023/04/29","10:00","6.61","285","9.52","56.8","1006.2","-","-"
"2023/04/29","11:00","9.72","311","11.27","55.8","1007.2","-","-"
"2023/04/29","12:00","6.22","308","8.75","55.4","1008","-","-"
"2023/04/29","13:00","5.44","309","8.94","55.6","1008","-","-"
"2023/04/29","14:00","8.75","325","12.63","55.9","1008.1","-","-"
"2023/04/29","15:00","8.94","335","9.91","57.7","1008.2","-","-"
"2023/04/29","16:00","8.16","325","8.75","59.2","1008.3","-","-"
"2023/04/29","17:00","3.69","15","4.28","63.3","1007.1","-","-"
"2023/04/29","18:00","0.97","30","1.75","66.7","1006.1","-","-"
"2023/04/29","19:00","9.33","75","10.3","64","1006","-","-"
"2023/04/29","20:00","12.05","73","13.41","63.1","1006.2","-","-"
"2023/04/29","21:00","9.52","81","10.3","64.4","1005.8","-","-"
"2023/04/29","22:00","8.36","82","9.72","64.6","1005.4","-","-"
"2023/04/29","23:00","6.41","92","7.58","65.5","1005.5","-","-"
"2023/04/30","00:00","5.25","102","7.97","64.6","1006.1","-","-"
"2023/04/30","01:00","7.58","112","10.89","63","1005.9","-","-"
"2023/04/30","02:00","6.61","98","7.58","61.9","1005.7","-","-"
"2023/04/30","03:00","6.61","109","8.75","62.1","1005","-","-"
"2023/04/30","04:00","4.28","106","6.41","62.8","1004.5","-","-"
"2023/04/30","05:00","7","85","7.78","62.8","1003.9","-","-"
"2023/04/30","06:00","9.14","97","10.89","61.9","1002.4","-","-"
"2023/04/30","07:00","6.8","104","8.55","62.4","1001.1","-","-"
"2023/04/30","08:00","3.89","101","4.86","62.6","999.6","-","-"
"2023/04/30","09:00","7.78","119","10.3","63.1","998.8","-","-"
"2023/04/30","10:00","6.41","141","7.58","63.1","998","-","-"
"2023/04/30","11:00","6.61","173","9.33","64.6","996.8","-","-"
"2023/04/30","12:00","6.8","175","8.94","66.7","996.1","-","-"
"2023/04/30","13:00","8.55","153","10.5","67.6","994.6","-","-"
"2023/04/30","14:00","9.91","142","12.63","68","993.7","-","-"
"2023/04/30","15:00","10.5","133","13.02","68","992.4","-","-"
"2023/04/30","16:00","12.44","321","16.72","66.2","990.5","-","-"
"2023/04/30","17:00","9.91","328","10.3","66.7","989","-","-"
"2023/04/30","18:00","5.05","35","6.22","65.1","988.2","-","-"
"2023/04/30","19:00","8.94","96","10.11","65.1","986.5","-","-"
"2023/04/30","20:00","2.92","142","4.08","67.1","985.2","-","-"
"2023/04/30","21:00","7.58","81","9.52","64.8","984","-","-"
"2023/04/30","22:00","3.89","191","10.11","64.2","984.4","-","-"
"2023/04/30","23:00","9.33","336","10.89","62.8","984.8","-","-"
"2023/05/01","00:00","11.66","274","13.41","63.3","986.3","-","-"
"2023/05/01","01:00","15.16","268","18.27","64.2","988.1","-","-"
"2023/05/01","02:00","20.6","296","24.49","63.3","990.2","-","-"
"2023/05/01","03:00","12.63","292","16.33","61.2","991.2","-","-"
"2023/05/01","04:00","8.36","268","11.86","59.9","992","-","-"
"2023/05/01","05:00","9.33","258","11.27","59.2","993.4","-","-"
"2023/05/01","06:00","12.63","253","15.94","59.4","994","-","-"
"2023/05/01","07:00","10.11","260","12.83","57.7","994.3","-","-"
"2023/05/01","08:00","13.61","263","18.47","56.7","994.9","-","-"
"2023/05/01","09:00","12.83","260","17.49","54.9","995.3","-","-"
"2023/05/01","10:00","13.61","258","18.66","52.9","996.1","-","-"
"2023/05/01","11:00","14.58","248","21.58","52.5","996.9","-","-"
"2023/05/01","12:00","14.38","249","21.77","53.2","997.4","-","-"
"2023/05/01","13:00","13.8","248","20.8","54.9","997.5","-","-"
"2023/05/01","14:00","16.13","244","28.38","56.7","997.4","-","-"
"2023/05/01","15:00","21.38","264","31.1","57.9","997.2","-","-"
"2023/05/01","16:00","21.77","253","30.32","59.7","997","-","-"
"2023/05/01","17:00","24.1","264","29.16","61","996.8","-","-"
"2023/05/01","18:00","20.02","250","26.05","61.7","996.7","-","-"
"2023/05/01","19:00","18.08","252","22.74","62.8","996.4","-","-"
"2023/05/01","20:00","13.22","250","21.58","63.5","996.1","-","-"
"2023/05/01","21:00","14.38","248","20.8","63.9","996.3","-","-"
"2023/05/01","22:00","4.47","248","7.78","63.5","996.7","-","-"
"2023/05/01","23:00","5.64","240","7.78","63","996.9","-","-"
"2023/05/02","00:00","5.25","260","7.97","61.3","997.4","-","-"
"2023/05/02","01:00","9.91","238","21.19","59.7","997.9","-","-"
"2023/05/02","02:00","6.41","226","8.36","59.7","997.9","-","-"
"2023/05/02","03:00","5.44","241","7.58","58.8","998.2","-","-"
"2023/05/02","04:00","7.97","237","12.63","58.8","997.9","-","-"
"2023/05/02","05:00","8.75","239","12.44","58.5","997.5","-","-"
"2023/05/02","06:00","9.91","234","13.61","57.2","997.1","-","-"
"2023/05/02","07:00","15.94","244","20.99","58.5","996.4","-","-"
"2023/05/02","08:00","11.86","252","19.44","57.2","996.7","-","-"
"2023/05/02","09:00","11.66","249","17.11","56.3","997","-","-"
"2023/05/02","10:00","12.63","242","18.47","54.9","997.1","-","-"
"2023/05/02","11:00","12.05","241","15.75","55","997.7","-","-"
"2023/05/02","12:00","11.86","254","15.36","56.3","998","-","-"
"2023/05/02","13:00","14.38","239","20.41","58.6","997.9","-","-"
"2023/05/02","14:00","17.11","247","22.94","60.4","997.6","-","-"
"2023/05/02","15:00","14","258","25.46","61.9","997.5","-","-"
"2023/05/02","16:00","16.72","275","24.1","63","997.1","-","-"
"2023/05/02","17:00","17.11","248","21.97","63.7","996.9","-","-"
"2023/05/02","18:00","13.02","255","21.38","65.1","996.7","-","-"
"2023/05/02","19:00","18.86","271","27.8","65.1","996.3","-","-"
"2023/05/02","20:00","12.83","265","18.47","65.8","996","-","-"
"2023/05/02","21:00","7.78","261","14.19","66.6","996.1","-","-"
"2023/05/02","22:00","12.83","281","15.94","66.6","996.2","-","-"
"2023/05/02","23:00","4.08","237","6.41","65.3","996.6","-","-"
"2023/05/03","00:00","3.11","209","3.11","63.5","997.1","-","-"
"2023/05/03","01:00","7.97","8","13.8","62.1","998.6","-","-"
"2023/05/03","02:00","6.03","5","7.39","61.2","999.1","-","-"
"2023/05/03","03:00","4.28","332","5.05","60.3","999.2","-","-"
"2023/05/03","04:00","2.53","27","3.5","59.9","999.4","-","-"
"2023/05/03","05:00","0.97","255","1.94","56.1","999.3","-","-"
"2023/05/03","06:00","2.33","261","3.89","55","999.2","-","-"
"2023/05/03","07:00","7.97","357","10.11","53.8","999.4","-","-"
"2023/05/03","08:00","2.92","347","4.08","53.2","998.8","-","-"
"2023/05/03","09:00","3.3","77","6.61","53.6","998.1","-","-"
"2023/05/03","10:00","5.83","225","6.41","49.6","998.1","-","-"
"2023/05/03","11:00","7.39","210","8.55","51.3","998.8","-","-"
"2023/05/03","12:00","6.61","188","8.75","54.9","998.5","-","-"
"2023/05/03","13:00","6.41","218","8.16","55.8","998.7","-","-"
"2023/05/03","14:00","9.91","254","20.02","57.7","998.5","-","-"
"2023/05/03","15:00","13.41","290","16.52","58.3","998.8","-","-"
"2023/05/03","16:00","11.47","285","14.19","58.6","998.6","-","-"
"2023/05/03","17:00","12.05","282","15.55","58.1","998.5","-","-"
"2023/05/03","18:00","9.14","274","12.25","53.6","999.4","-","-"
"2023/05/03","19:00","14.19","316","21.19","53.8","999.6","-","-"
"2023/05/03","20:00","11.66","323","13.8","54.9","999.5","-","-"
"2023/05/03","21:00","13.22","323","15.36","56.7","999.9","-","-"
"2023/05/03","22:00","8.36","298","13.41","57.9","1000.7","-","-"
"2023/05/03","23:00","8.55","282","10.69","57.6","1001.5","-","-"
"2023/05/04","00:00","14.38","304","19.24","56.8","1002.9","-","-"
"2023/05/04","01:00","8.75","283","11.47","54.1","1003.6","-","-"
"2023/05/04","02:00","7.19","270","8.16","52.3","1004.3","-","-"
"2023/05/04","03:00","11.08","267","14.38","51.8","1004.6","-","-"
"2023/05/04","04:00","13.8","296","17.3","53.1","1004.9","-","-"
"2023/05/04","05:00","11.27","280","15.94","50.2","1005.4","-","-"
"2023/05/04","06:00","10.3","287","12.25","50","1005.8","-","-"
"2023/05/04","07:00","10.69","267","14","50.4","1006","-","-"
"2023/05/04","08:00","8.16","287","10.69","50.2","1006.9","-","-"
"2023/05/04","09:00","7","298","8.94","49.3","1007.7","-","-"
"2023/05/04","10:00","5.25","302","6.8","49.1","1008.2","-","-"
"2023/05/04","11:00","10.11","341","13.22","50.7","1009","-","-"
"2023/05/04","12:00","9.14","333","12.05","51.1","1009.8","-","-"
"2023/05/04","13:00","13.22","317","15.75","52.9","1010.3","-","-"
"2023/05/04","14:00","9.72","305","13.41","54.1","1010.8","-","-"
"2023/05/04","15:00","16.91","315","20.22","55.2","1011","-","-"
"2023/05/04","16:00","19.83","313","21.77","56.7","1011.4","-","-"
"2023/05/04","17:00","18.66","314","22.16","57.6","1011.6","-","-"
"2023/05/04","18:00","13.61","309","17.88","59.4","1012","-","-"
"2023/05/04","19:00","14.97","316","17.3","60.4","1012.1","-","-"
"2023/05/04","20:00","11.08","311","12.83","61","1012.1","-","-"
"2023/05/04","21:00","10.11","323","13.02","61.5","1012.5","-","-"
"2023/05/04","22:00","2.33","18","4.08","59.5","1013.4","-","-"
"2023/05/04","23:00","8.36","90","9.91","58.8","1013.8","-","-"
"2023/05/05","00:00","5.05","112","6.22","58.6","1014.4","-","-"
"2023/05/05","01:00","2.14","149","3.5","58.3","1015.2","-","-"
"2023/05/05","02:00","2.92","202","3.5","55.2","1016.1","-","-"
"2023/05/05","03:00","4.47","221","5.64","55.2","1016.6","-","-"
"2023/05/05","04:00","4.47","219","4.86","54.3","1016.9","-","-"
"2023/05/05","05:00","0.78","238","1.36","53.8","1017.4","-","-"
"2023/05/05","06:00","1.75","235","2.53","53.1","1017.2","-","-"
"2023/05/05","07:00","2.92","277","3.3","53.8","1016.9","-","-"
"2023/05/05","08:00","3.3","271","4.67","54","1017.3","-","-"
"2023/05/05","09:00","4.67","273","5.25","53.6","1017.6","-","-"
"2023/05/05","10:00","4.67","278","5.25","51.6","1018.4","-","-"
"2023/05/05","11:00","6.03","285","7","52.7","1019.4","-","-"
"2023/05/05","12:00","5.64","308","7.78","54.7","1020.2","-","-"
"2023/05/05","13:00","7.58","317","9.33","56.7","1021","-","-"
"2023/05/05","14:00","7","306","8.36","57.9","1021.3","-","-"
"2023/05/05","15:00","7.19","317","8.36","59.9","1021.3","-","-"
"2023/05/05","16:00","5.83","322","7.39","62.2","1021.2","-","-"
"2023/05/05","17:00","5.05","325","6.8","63.7","1020.9","-","-"
"2023/05/05","18:00","10.11","317","10.89","64.2","1020.6","-","-"
"2023/05/05","19:00","10.5","76","13.02","61.9","1020.5","-","-"
"2023/05/05","20:00","11.47","77","12.25","61.7","1020.1","-","-"
"2023/05/05","21:00","9.14","91","10.5","61.7","1020.2","-","-"
"2023/05/05","22:00","8.75","78","9.72","61.9","1020.5","-","-"
"2023/05/05","23:00","7.19","80","7.58","62.1","1020.3","-","-"
"2023/05/06","00:00","5.64","86","7.39","61.7","1020.9","-","-"
"2023/05/06","01:00","2.53","180","2.92","59.5","1021.3","-","-"
"2023/05/06","02:00","4.86","175","5.44","58.3","1021.6","-","-"
"2023/05/06","03:00","2.92","165","4.28","57.9","1021.7","-","-"
"2023/05/06","04:00","6.41","196","8.36","59","1021.8","-","-"
"2023/05/06","05:00","5.44","212","6.22","57","1022.1","-","-"
"2023/05/06","06:00","1.56","209","2.33","57.7","1022","-","-"
"2023/05/06","07:00","2.33","262","2.53","56.5","1022.1","-","-"
"2023/05/06","08:00","1.17","245","1.56","56.1","1022.2","-","-"
"2023/05/06","09:00","1.36","281","1.75","56.8","1022.6","-","-"
"2023/05/06","10:00","2.92","350","3.3","57.4","1022.7","-","-"
"2023/05/06","11:00","3.3","290","3.89","58.3","1023.4","-","-"
"2023/05/06","12:00","3.89","312","5.25","60.4","1023.8","-","-"
"2023/05/06","13:00","3.11","303","3.89","61.7","1024.2","-","-"
"2023/05/06","14:00","3.89","310","4.47","64","1024.1","-","-"
"2023/05/06","15:00","1.94","86","2.33","66.4","1024","-","-"
"2023/05/06","16:00","7.58","78","8.55","64.8","1023.8","-","-"
"2023/05/06","17:00","11.86","76","12.63","62.8","1023.2","-","-"
"2023/05/06","18:00","11.86","79","13.41","63.7","1022.9","-","-"
"2023/05/06","19:00","10.89","83","11.66","64.8","1022.2","-","-"
"2023/05/06","20:00","10.5","82","11.27","65.1","1021.5","-","-"
"2023/05/06","21:00","9.52","92","10.69","65.3","1020.9","-","-"
"2023/05/06","22:00","8.94","98","10.89","65.5","1021.2","-","-"
"2023/05/06","23:00","6.8","129","10.11","66.4","1021","-","-"
"2023/05/07","00:00","7","138","8.75","64.9","1020.9","-","-"
"2023/05/07","01:00","4.28","148","5.44","63.5","1021.1","-","-"
"2023/05/07","02:00","4.28","170","6.61","61.9","1021.6","-","-"
"2023/05/07","03:00","5.05","173","7","61","1021.5","-","-"
"2023/05/07","04:00","6.41","176","7.78","60.8","1020.9","-","-"
"2023/05/07","05:00","7","191","10.5","60.3","1020.5","-","-"
"2023/05/07","06:00","8.36","190","10.3","59.9","1019.9","-","-"
"2023/05/07","07:00","1.94","167","3.11","59.4","1019.6","-","-"
"2023/05/07","08:00","1.75","175","2.92","59.7","1019.1","-","-"
"2023/05/07","09:00","3.3","133","4.86","60.3","1018.7","-","-"
"2023/05/07","10:00","2.72","174","3.5","59.9","1018.5","-","-"
"2023/05/07","11:00","5.44","194","7.97","60.4","1018.9","-","-"
"2023/05/07","12:00","2.92","189","8.75","62.6","1018.4","-","-"
"2023/05/07","13:00","4.47","176","6.8","64.9","1017.5","-","-"
"2023/05/07","14:00","2.53","154","4.28","69.1","1016.9","-","-"
"2023/05/07","15:00","7.19","215","10.3","70.3","1016.5","-","-"
"2023/05/07","16:00","4.47","244","10.3","73.6","1015.9","-","-"
"2023/05/07","17:00","8.16","260","10.89","75.4","1015.1","-","-"
"2023/05/07","18:00","9.52","233","15.55","77.5","1013.9","-","-"
"2023/05/07","19:00","8.75","228","16.33","78.8","1013.2","-","-"
"2023/05/07","20:00","9.91","241","13.02","79.5","1011.8","-","-"
"2023/05/07","21:00","11.66","212","19.63","79","1010.5","-","-"
"2023/05/07","22:00","7","236","10.11","77.9","1010.7","-","-"
"2023/05/07","23:00","9.72","217","12.05","75.7","1009.9","-","-"
"2023/05/08","00:00","2.72","204","3.3","72.7","1009.8","-","-"
"2023/05/08","01:00","3.69","44","4.08","68","1009.5","-","-"
"2023/05/08","02:00","6.03","185","7.19","66.4","1010","-","-"
"2023/05/08","03:00","10.3","205","12.05","66.2","1009.1","-","-"
"2023/05/08","04:00","8.16","207","9.72","65.7","1008.6","-","-"
"2023/05/08","05:00","5.44","223","6.61","65.3","1008.4","-","-"
"2023/05/08","06:00","3.89","260","5.44","64.9","1008.3","-","-"
"2023/05/08","07:00","5.44","281","7.58","65.1","1008.2","-","-"
"2023/05/08","08:00","7","288","8.55","64.8","1008.6","-","-"
"2023/05/08","09:00","3.5","278","4.67","64.2","1008.6","-","-"
"2023/05/08","10:00","6.61","252","9.33","64","1008.7","-","-"
"2023/05/08","11:00","7","247","9.14","64.4","1008.9","-","-"
"2023/05/08","12:00","6.03","267","7.19","65.3","1009.5","-","-"
"2023/05/08","13:00","7","283","8.36","68","1009.7","-","-"
"2023/05/08","14:00","4.67","314","7","69.8","1009.6","-","-"
"2023/05/08","15:00","5.64","299","7.19","69.8","1009.8","-","-"
"2023/05/08","16:00","3.3","320","4.47","73.2","1009.5","-","-"
"2023/05/08","17:00","5.64","342","6.8","76.3","1008.9","-","-"
"2023/05/08","18:00","4.67","324","7.97","77.9","1008.4","-","-"
"2023/05/08","19:00","1.36","307","2.72","79.2","1008","-","-"
"2023/05/08","20:00","2.92","91","3.69","74.5","1007.4","-","-"
"2023/05/08","21:00","6.61","73","7.39","76.5","1007.3","-","-"
"2023/05/08","22:00","7.58","92","8.55","75.9","1007.4","-","-"
"2023/05/08","23:00","6.8","140","7.78","77.9","1007.2","-","-"
"2023/05/09","00:00","5.05","171","6.41","76.3","1007.5","-","-"
"2023/05/09","01:00","6.03","190","7.78","75.2","1007.9","-","-"
"2023/05/09","02:00","2.53","223","4.67","73.6","1008.8","-","-"
"2023/05/09","03:00","7","319","8.94","72.1","1009.1","-","-"
"2023/05/09","04:00","5.83","190","7.19","71.2","1008.4","-","-"
"2023/05/09","05:00","7.19","213","8.36","70.2","1007.8","-","-"
"2023/05/09","06:00","5.64","222","6.61","70.3","1007.6","-","-"
"2023/05/09","07:00","3.89","80","4.28","68.5","1007.7","-","-"
"2023/05/09","08:00","3.11","106","4.86","68.4","1007.5","-","-"
"2023/05/09","09:00","7.39","92","8.75","67.8","1007.2","-","-"
"2023/05/09","10:00","6.22","3","7.39","67.3","1008.2","-","-"
"2023/05/09","11:00","12.44","32","15.16","65.8","1008.7","-","-"
"2023/05/09","12:00","8.55","51","10.11","66","1009.3","-","-"
"2023/05/09","13:00","7.58","57","9.33","66.2","1009.7","-","-"
"2023/05/09","14:00","2.33","150","2.92","69.8","1010.6","-","-"
"2023/05/09","15:00","3.11","89","3.5","68.7","1010.9","-","-"
"2023/05/09","16:00","6.22","100","7.19","70.2","1010.6","-","-"
"2023/05/09","17:00","9.52","86","9.91","66.9","1010.7","-","-"
"2023/05/09","18:00","10.69","26","13.41","67.1","1010.7","-","-"
"2023/05/09","19:00","12.83","26","16.33","65.3","1011.2","-","-"
"2023/05/09","20:00","10.89","39","18.08","64.6","1011","-","-"
"2023/05/09","21:00","14","22","18.08","63.7","1011.9","-","-"
"2023/05/09","22:00","17.49","34","20.22","63.1","1012.4","-","-"
"2023/05/09","23:00","9.91","35","14.97","61.9","1012.9","-","-"
"2023/05/10","00:00","7.19","8","9.72","61.9","1013.3","-","-"
"2023/05/10","01:00","6.03","2","7.39","61.9","1014.8","-","-"
"2023/05/10","02:00","8.55","32","10.11","61.9","1016","-","-"
"2023/05/10","03:00","12.25","60","14.97","62.6","1016.1","-","-"
"2023/05/10","04:00","11.86","66","14.38","62.4","1016.3","-","-"
"2023/05/10","05:00","9.33","70","11.27","62.2","1016.6","-","-"
"2023/05/10","06:00","8.94","66","10.89","61.9","1016.6","-","-"
"2023/05/10","07:00","5.44","28","6.61","59.5","1016.9","-","-"
"2023/05/10","08:00","4.08","357","5.44","57.7","1017.4","-","-"
"2023/05/10","09:00","6.03","359","7.19","55.9","1018","-","-"
"2023/05/10","10:00","7.19","1","7.97","55.4","1018.4","-","-"
"2023/05/10","11:00","7","360","8.16","55.2","1019.6","-","-"
"2023/05/10","12:00","6.22","17","7.39","57.7","1019.9","-","-"
"2023/05/10","13:00","4.08","46","6.61","61.3","1019.8","-","-"
"2023/05/10","14:00","7.39","83","8.36","62.4","1020.7","-","-"
"2023/05/10","15:00","7.97","79","9.52","62.8","1021","-","-"
"2023/05/10","16:00","7","72","8.94","63","1021.1","-","-"
"2023/05/10","17:00","9.52","76","10.5","63.7","1020.7","-","-"
"2023/05/10","18:00","11.08","78","12.05","64.4","1020.2","-","-"
"2023/05/10","19:00","9.91","87","11.27","65.5","1019.7","-","-"
"2023/05/10","20:00","7.39","105","10.3","67.5","1019.2","-","-"
"2023/05/10","21:00","9.14","97","10.11","66.7","1018.7","-","-"
"2023/05/10","22:00","7.39","122","9.91","66.9","1019","-","-"
"2023/05/10","23:00","7.97","128","9.33","65.8","1018.9","-","-"
"2023/05/11","00:00","5.44","143","7.19","64.2","1018.7","-","-"
"2023/05/11","01:00","7.39","173","8.75","62.6","1019","-","-"
"2023/05/11","02:00","5.05","172","7.19","62.4","1019.8","-","-"
"2023/05/11","03:00","4.47","188","6.8","61.2","1020.2","-","-"
"2023/05/11","04:00","3.5","149","4.67","60.3","1020.1","-","-"
"2023/05/11","05:00","2.33","167","2.92","59","1019.9","-","-"
"2023/05/11","06:00","1.36","196","2.33","57.7","1019.7","-","-"
"2023/05/11","07:00","1.17","231","2.14","57.2","1019.8","-","-"
"2023/05/11","08:00","2.72","217","4.08","57","1019.8","-","-"
"2023/05/11","09:00","1.94","216","2.33","56.8","1019.9","-","-"
"2023/05/11","10:00","3.89","226","5.64","57.4","1020.2","-","-"
"2023/05/11","11:00","5.25","238","6.61","59","1020.8","-","-"
"2023/05/11","12:00","7.39","239","10.89","61","1021.1","-","-"
"2023/05/11","13:00","6.41","231","11.66","65.3","1021.2","-","-"
"2023/05/11","14:00","10.3","256","15.36","67.3","1021.1","-","-"
"2023/05/11","15:00","5.83","265","9.33","69.1","1021.1","-","-"
"2023/05/11","16:00","7.58","223","9.52","70.5","1020.6","-","-"
"2023/05/11","17:00","6.41","249","7.97","73.2","1020.1","-","-"
"2023/05/11","18:00","1.75","235","5.83","75.9","1019.7","-","-"
"2023/05/11","19:00","10.11","85","10.69","70.9","1019.1","-","-"
"2023/05/11","20:00","9.72","73","11.27","70.9","1018.7","-","-"
"2023/05/11","21:00","7.97","86","10.3","70.5","1018.4","-","-"
"2023/05/11","22:00","7.78","119","9.52","73.8","1017.9","-","-"
"2023/05/11","23:00","7.39","150","10.11","73.6","1017.9","-","-"
"2023/05/12","00:00","4.08","169","5.25","72","1017.9","-","-"
"2023/05/12","01:00","3.5","192","4.08","70","1018.4","-","-"
"2023/05/12","02:00","4.86","197","6.03","68.4","1018.7","-","-"
"2023/05/12","03:00","7.97","201","11.08","69.3","1019","-","-"
"2023/05/12","04:00","8.16","198","11.47","68.5","1019","-","-"
"2023/05/12","05:00","10.69","210","15.16","68.2","1018.8","-","-"
"2023/05/12","06:00","10.89","211","15.55","67.1","1018.2","-","-"
"2023/05/12","07:00","11.66","222","15.94","66.2","1017.8","-","-"
"2023/05/12","08:00","14.19","226","19.63","65.7","1017.7","-","-"
"2023/05/12","09:00","14.58","226","18.08","64.9","1017.9","-","-"
"2023/05/12","10:00","14.19","227","18.47","64.4","1018.1","-","-"
"2023/05/12","11:00","14.77","223","19.63","64.2","1018.7","-","-"
"2023/05/12","12:00","15.36","231","19.24","66","1019.2","-","-"
"2023/05/12","13:00","13.41","234","18.08","68","1019.5","-","-"
"2023/05/12","14:00","8.94","252","11.27","71.2","1019.6","-","-"
"2023/05/12","15:00","7.97","214","11.86","73.9","1019.2","-","-"
"2023/05/12","16:00","10.69","214","14","75.9","1019.1","-","-"
"2023/05/12","17:00","9.33","257","14.38","78.4","1018.2","-","-"
"2023/05/12","18:00","7","227","12.25","79.9","1017.8","-","-"
"2023/05/12","19:00","10.89","218","17.49","81","1017.2","-","-"
"2023/05/12","20:00","10.89","215","14","82","1016.5","-","-"
"2023/05/12","21:00","11.47","229","16.91","82","1016.2","-","-"
"2023/05/12","22:00","6.22","217","9.14","82.2","1016.1","-","-"
"2023/05/12","23:00","5.64","223","8.94","81","1016.1","-","-"
"2023/05/13","00:00","4.67","204","6.41","79.2","1016.2","-","-"
"2023/05/13","01:00","4.08","207","5.25","77","1016.5","-","-"
"2023/05/13","02:00","3.89","211","4.67","75.7","1016.8","-","-"
"2023/05/13","03:00","6.41","196","7.97","75","1016.7","-","-"
"2023/05/13","04:00","12.25","216","17.11","73.9","1016.7","-","-"
"2023/05/13","05:00","10.89","216","13.8","72.3","1016.7","-","-"
"2023/05/13","06:00","11.47","213","15.94","70.7","1016.2","-","-"
"2023/05/13","07:00","10.69","214","14.58","70","1016.4","-","-"
"2023/05/13","08:00","9.72","219","14.19","69.6","1016.5","-","-"
"2023/05/13","09:00","14.58","226","17.69","69.6","1016.5","-","-"
"2023/05/13","10:00","10.89","226","14.97","68.4","1016.6","-","-"
"2023/05/13","11:00","9.72","228","13.61","67.8","1017.3","-","-"
"2023/05/13","12:00","12.63","222","17.49","68.4","1016.9","-","-"
"2023/05/13","13:00","14","227","17.88","70.3","1016.9","-","-"
"2023/05/13","14:00","10.11","220","14.77","71.8","1016.8","-","-"
"2023/05/13","15:00","11.08","221","17.3","73.9","1016.8","-","-"
"2023/05/13","16:00","10.11","225","15.16","75.6","1016.7","-","-"
"2023/05/13","17:00","6.61","233","12.63","77.7","1016.2","-","-"
"2023/05/13","18:00","5.25","248","8.36","77.5","1015.7","-","-"
"2023/05/13","19:00","8.55","246","10.3","77.5","1015","-","-"
"2023/05/13","20:00","9.14","224","12.63","79","1014.2","-","-"
"2023/05/13","21:00","7.97","232","9.91","78.8","1013.9","-","-"
"2023/05/13","22:00","2.53","216","3.89","77.5","1013.7","-","-"
"2023/05/13","23:00","5.83","210","6.8","72.7","1013.3","-","-"
"2023/05/14","00:00","11.66","284","26.82","72.1","1014.8","-","-"
"2023/05/14","01:00","7.19","1","9.72","68.2","1015.9","-","-"
"2023/05/14","02:00","6.61","354","8.36","66.7","1016.6","-","-"
"2023/05/14","03:00","4.47","347","6.61","66.6","1016.7","-","-"
"2023/05/14","04:00","7.39","340","8.75","66.2","1017","-","-"
"2023/05/14","05:00","7","330","7.97","65.7","1017","-","-"
"2023/05/14","06:00","6.41","333","7.58","65.3","1016.7","-","-"
"2023/05/14","07:00","6.8","326","9.14","65.3","1016.7","-","-"
"2023/05/14","08:00","7","331","9.14","65.3","1016.9","-","-"
"2023/05/14","09:00","8.94","319","10.89","65.8","1017.4","-","-"
"2023/05/14","10:00","9.52","325","10.69","65.3","1017.8","-","-"
"2023/05/14","11:00","6.61","338","8.36","64.8","1018.3","-","-"
"2023/05/14","12:00","7.78","7","9.72","65.7","1019.1","-","-"
"2023/05/14","13:00","11.08","28","13.02","66.7","1019.2","-","-"
"2023/05/14","14:00","14.38","24","16.72","66.9","1019.7","-","-"
"2023/05/14","15:00","10.89","10","12.05","67.1","1020","-","-"
"2023/05/14","16:00","7.78","23","10.69","68","1020.2","-","-"
"2023/05/14","17:00","7.19","51","8.94","68.7","1020.2","-","-"
"2023/05/14","18:00","7.19","73","8.75","69.4","1020.1","-","-"
"2023/05/14","19:00","7.78","90","8.55","69.8","1019.8","-","-"
"2023/05/14","20:00","3.69","41","7.58","71.4","1019.7","-","-"
"2023/05/14","21:00","7.39","94","8.36","70.7","1019.9","-","-"
"2023/05/14","22:00","5.64","79","8.36","70.3","1020.2","-","-"
"2023/05/14","23:00","7.19","92","8.16","70.5","1020","-","-"
"2023/05/15","00:00","7.19","136","10.3","67.8","1020.1","-","-"
"2023/05/15","01:00","6.8","158","8.16","65.3","1020.5","-","-"
"2023/05/15","02:00","4.08","182","5.05","63.3","1021.1","-","-"
"2023/05/15","03:00","3.5","157","4.47","62.6","1021.6","-","-"
"2023/05/15","04:00","2.33","249","3.69","61","1021.7","-","-"
"2023/05/15","05:00","1.36","216","2.14","60.3","1021.7","-","-"
"2023/05/15","06:00","2.72","261","3.3","59.9","1021.7","-","-"
"2023/05/15","07:00","3.5","261","3.89","59.7","1021.9","-","-"
"2023/05/15","08:00","6.03","290","7.19","60.4","1022.4","-","-"
"2023/05/15","09:00","5.05","298","5.83","61.2","1022.8","-","-"
"2023/05/15","10:00","10.11","340","13.02","62.1","1022.8","-","-"
"2023/05/15","11:00","8.16","17","9.33","60.4","1023.4","-","-"
"2023/05/15","12:00","9.52","29","11.27","62.1","1023.6","-","-"
"2023/05/15","13:00","9.14","41","11.47","63.5","1023.8","-","-"
"2023/05/15","14:00","8.36","28","10.11","64","1023.9","-","-"
"2023/05/15","15:00","6.03","70","7.78","65.5","1023.7","-","-"
"2023/05/15","16:00","4.86","98","7","66.2","1023.6","-","-"
"2023/05/15","17:00","4.28","80","5.44","66.2","1023.1","-","-"
"2023/05/15","18:00","6.03","68","6.61","66.2","1022.2","-","-"
"2023/05/15","19:00","6.22","79","7","66.6","1022","-","-"
"2023/05/15","20:00","4.86","95","6.41","67.1","1021","-","-"
"2023/05/15","21:00","2.14","70","2.92","68.5","1020.5","-","-"
"2023/05/15","22:00","0","79","1.56","70","1020.1","-","-"
"2023/05/15","23:00","2.53","232","3.89","68.5","1019.5","-","-"
"2023/05/16","00:00","2.92","251","3.5","67.6","1019.2","-","-"
"2023/05/16","01:00","3.11","211","3.69","66.4","1018.9","-","-"
"2023/05/16","02:00","4.08","215","4.86","64.9","1019","-","-"
"2023/05/16","03:00","3.5","225","4.08","63.5","1018.6","-","-"
"2023/05/16","04:00","4.08","237","5.25","63.7","1018","-","-"
"2023/05/16","05:00","7.58","231","9.14","65.3","1017","-","-"
"2023/05/16","06:00","4.86","223","6.41","65.3","1016.4","-","-"
"2023/05/16","07:00","7.39","216","9.91","66.2","1015.3","-","-"
"2023/05/16","08:00","10.11","213","13.02","66.9","1014.8","-","-"
"2023/05/16","09:00","10.5","219","14.77","67.3","1014.4","-","-"
"2023/05/16","10:00","15.36","226","20.41","65.8","1014","-","-"
"2023/05/16","11:00","8.16","214","14","62.4","1014.1","-","-"
"2023/05/16","12:00","10.3","207","14.19","64.2","1013.2","-","-"
"2023/05/16","13:00","9.14","209","14","66.2","1012.4","-","-"
"2023/05/16","14:00","8.94","213","16.72","67.3","1011.7","-","-"
"2023/05/16","15:00","10.69","220","16.72","68.2","1010.7","-","-"
"2023/05/16","16:00","17.3","231","23.91","69.8","1009.6","-","-"
"2023/05/16","17:00","13.02","224","18.47","70.7","1008.8","-","-"
"2023/05/16","18:00","12.25","232","18.47","71.8","1007.6","-","-"
"2023/05/16","19:00","14.38","240","19.83","73.2","1006.5","-","-"
"2023/05/16","20:00","9.33","236","13.22","75.4","1005.5","-","-"
"2023/05/16","21:00","15.16","250","20.22","76.8","1004.5","-","-"
"2023/05/16","22:00","9.52","222","15.94","76.8","1003.7","-","-"
"2023/05/16","23:00","5.25","233","7.19","76.1","1003.3","-","-"
"2023/05/17","00:00","2.33","190","3.11","75.6","1002.4","-","-"
"2023/05/17","01:00","5.25","192","7.19","74.5","1002","-","-"
"2023/05/17","02:00","8.55","207","11.47","75","1001.7","-","-"
"2023/05/17","03:00","11.27","193","16.72","74.1","1000.8","-","-"
"2023/05/17","04:00","11.08","316","12.05","67.5","1002.6","-","-"
"2023/05/17","05:00","0.97","145","1.75","66.7","1001.7","-","-"
"2023/05/17","06:00","4.28","205","5.05","66.6","1001.2","-","-"
"2023/05/17","07:00","2.14","266","2.53","66.6","1001.1","-","-"
"2023/05/17","08:00","7","273","11.27","67.6","1001.1","-","-"
"2023/05/17","09:00","10.3","315","15.16","67.1","1001.7","-","-"
"2023/05/17","10:00","7.39","323","10.11","67.3","1002.1","-","-"
"2023/05/17","11:00","7.58","327","9.91","67.5","1002.7","-","-"
"2023/05/17","12:00","11.08","331","16.52","68","1003.7","-","-"
"2023/05/17","13:00","11.08","327","14.58","68.2","1004.5","-","-"
"2023/05/17","14:00","10.89","323","14.77","69.1","1005.2","-","-"
"2023/05/17","15:00","11.27","316","14.58","69.8","1006","-","-"
"2023/05/17","16:00","1.94","357","5.64","72.1","1006.3","-","-"
"2023/05/17","17:00","3.5","311","5.25","73","1006.6","-","-"
"2023/05/17","18:00","5.44","17","7.78","71.6","1007.1","-","-"
"2023/05/17","19:00","13.02","75","15.94","70.2","1007.5","-","-"
"2023/05/17","20:00","14.77","56","17.3","70.2","1007.9","-","-"
"2023/05/17","21:00","14.58","64","17.69","69.3","1008.7","-","-"
"2023/05/17","22:00","12.05","117","14.58","67.1","1009.2","-","-"
"2023/05/17","23:00","9.72","116","13.02","66.2","1009.9","-","-"
"2023/05/18","00:00","12.63","101","14.97","65.1","1010.8","-","-"
"2023/05/18","01:00","13.61","94","16.72","64","1012.4","-","-"
"2023/05/18","02:00","14.58","95","15.55","63","1013.5","-","-"
"2023/05/18","03:00","11.86","106","14.19","63","1014.6","-","-"
"2023/05/18","04:00","10.69","116","13.61","63","1014.9","-","-"
"2023/05/18","05:00","15.55","94","18.08","63.5","1015.5","-","-"
"2023/05/18","06:00","15.75","92","17.88","63","1015.8","-","-"
"2023/05/18","07:00","15.75","95","18.27","62.1","1016.3","-","-"
"2023/05/18","08:00","14.77","94","17.3","61.5","1016.7","-","-"
"2023/05/18","09:00","14.38","94","18.08","61.7","1017.5","-","-"
"2023/05/18","10:00","15.75","85","20.99","61.5","1018.4","-","-"
"2023/05/18","11:00","18.08","88","20.99","61.5","1019.5","-","-"
"2023/05/18","12:00","15.75","86","18.66","61.7","1020","-","-"
"2023/05/18","13:00","16.72","79","19.44","61.5","1020.9","-","-"
"2023/05/18","14:00","14.77","83","16.72","62.1","1022","-","-"
"2023/05/18","15:00","12.63","101","17.49","62.6","1022.5","-","-"
"2023/05/18","16:00","12.44","96","15.55","62.6","1023.2","-","-"
"2023/05/18","17:00","10.69","85","14.97","62.6","1023.2","-","-"
"2023/05/18","18:00","9.91","77","12.83","62.8","1023","-","-"
"2023/05/18","19:00","11.47","77","13.02","63.1","1022.9","-","-"
"2023/05/18","20:00","12.44","80","14.38","64","1022.5","-","-"
"2023/05/18","21:00","13.61","81","15.75","63","1022.6","-","-"
"2023/05/18","22:00","10.89","93","15.94","63.1","1022.7","-","-"
"2023/05/18","23:00","11.47","96","14.38","62.8","1022.9","-","-"
"2023/05/19","00:00","14.38","87","17.11","61.9","1023.2","-","-"
"2023/05/19","01:00","14.19","82","17.3","61.7","1023.1","-","-"
"2023/05/19","02:00","11.66","85","14.19","62.6","1023.3","-","-"
"2023/05/19","03:00","11.86","93","12.83","63.5","1023.3","-","-"
"2023/05/19","04:00","10.3","92","12.05","64","1023.2","-","-"
"2023/05/19","05:00","10.5","101","13.8","64.8","1022.9","-","-"
"2023/05/19","06:00","8.75","110","13.02","64.8","1022.3","-","-"
"2023/05/19","07:00","11.66","112","13.8","64.9","1021.7","-","-"
"2023/05/19","08:00","11.08","114","14.38","64.9","1021.8","-","-"
"2023/05/19","09:00","9.72","116","13.61","64.9","1021.6","-","-"
"2023/05/19","10:00","9.72","115","16.13","64.8","1021.9","-","-"
"2023/05/19","11:00","12.63","125","15.16","65.1","1022.6","-","-"
"2023/05/19","12:00","15.75","111","20.41","65.3","1022.9","-","-"
"2023/05/19","13:00","15.75","108","20.22","65.3","1023","-","-"
"2023/05/19","14:00","14.97","109","18.08","65.5","1023.4","-","-"
"2023/05/19","15:00","14.58","103","18.66","65.3","1023.4","-","-"
"2023/05/19","16:00","16.33","105","20.41","66","1023.1","-","-"
"2023/05/19","17:00","14.38","105","18.66","66.7","1023","-","-"
"2023/05/19","18:00","14","90","17.88","66.4","1022.6","-","-"
"2023/05/19","19:00","14.58","83","17.3","66","1022.2","-","-"
"2023/05/19","20:00","14.38","84","16.72","66","1021.3","-","-"
"2023/05/19","21:00","15.55","90","18.08","66","1020.3","-","-"
"2023/05/19","22:00","15.16","84","17.69","66","1019.9","-","-"
"2023/05/19","23:00","15.94","86","17.11","65.8","1019.6","-","-"
"2023/05/20","00:00","11.47","63","14.38","65.7","1019.8","-","-"
"2023/05/20","01:00","12.44","67","14.97","64.9","1019.7","-","-"
"2023/05/20","02:00","10.89","50","12.63","64.6","1019.5","-","-"
"2023/05/20","03:00","10.11","36","14.19","64.6","1019","-","-"
"2023/05/20","04:00","8.94","38","11.08","64.2","1018.3","-","-"
"2023/05/20","05:00","11.08","38","13.41","64.2","1017.3","-","-"
"2023/05/20","06:00","10.11","47","12.44","64.2","1016.2","-","-"
"2023/05/20","07:00","7.78","24","9.91","64.4","1015.5","-","-"
"2023/05/20","08:00","9.52","16","11.47","64.4","1014.8","-","-"
"2023/05/20","09:00","9.72","6","11.08","63.9","1014.7","-","-"
"2023/05/20","10:00","7.19","12","9.33","63.9","1014.8","-","-"
"2023/05/20","11:00","5.83","16","7.97","64.4","1014.8","-","-"
"2023/05/20","12:00","5.25","7","7.58","64.9","1014.8","-","-"
"2023/05/20","13:00","4.47","5","5.64","65.3","1014.5","-","-"
"2023/05/20","14:00","6.03","349","7.39","65.3","1014.3","-","-"
"2023/05/20","15:00","9.14","322","10.3","66.6","1014.5","-","-"
"2023/05/20","16:00","3.89","313","6.03","67.5","1013.7","-","-"
"2023/05/20","17:00","1.36","76","1.75","69.8","1013.3","-","-"
"2023/05/20","18:00","2.14","80","3.3","70","1012.9","-","-"
"2023/05/20","19:00","3.11","89","3.3","70","1012.4","-","-"
"2023/05/20","20:00","5.25","59","5.83","71.2","1011.7","-","-"
"2023/05/20","21:00","8.55","86","9.33","70.9","1011.1","-","-"
"2023/05/20","22:00","7.19","83","7.39","71.4","1010.6","-","-"
"2023/05/20","23:00","0.39","143","2.72","74.8","1010.2","-","-"
"2023/05/21","00:00","1.17","236","1.56","72.5","1010.4","-","-"
"2023/05/21","01:00","2.14","212","2.33","71.6","1010.7","-","-"
"2023/05/21","02:00","4.28","199","5.44","72","1011.1","-","-"
"2023/05/21","03:00","5.25","213","5.83","70.9","1011.5","-","-"
"2023/05/21","04:00","5.25","239","7.19","70.5","1011.7","-","-"
"2023/05/21","05:00","6.41","240","7.78","70.3","1012","-","-"
"2023/05/21","06:00","10.69","359","14.38","69.6","1012.5","-","-"
"2023/05/21","07:00","12.44","348","18.66","67.8","1012.9","-","-"
"2023/05/21","08:00","16.72","2","21.38","65.8","1013.5","-","-"
"2023/05/21","09:00","10.69","1","15.36","61.9","1014.1","-","-"
"2023/05/21","10:00","4.86","349","7.39","60.4","1014.5","-","-"
"2023/05/21","11:00","5.83","12","9.91","61.7","1015.3","-","-"
"2023/05/21","12:00","5.25","16","7.39","61.3","1015.7","-","-"
"2023/05/21","13:00","9.14","340","10.5","62.1","1015.9","-","-"
"2023/05/21","14:00","10.3","335","12.44","61.9","1016","-","-"
"2023/05/21","15:00","6.61","347","8.75","63.7","1016.2","-","-"
"2023/05/21","16:00","3.3","293","4.67","66","1015.9","-","-"
"2023/05/21","17:00","9.14","308","11.47","67.1","1015.4","-","-"
"2023/05/21","18:00","7.19","305","8.94","68.5","1014.9","-","-"
"2023/05/21","19:00","8.16","303","10.5","69.8","1014.7","-","-"
"2023/05/21","20:00","5.64","302","7.19","70.9","1014.4","-","-"
"2023/05/21","21:00","2.33","45","9.72","71.2","1014.4","-","-"
"2023/05/21","22:00","5.83","85","6.8","69.8","1014.4","-","-"
"2023/05/21","23:00","4.47","84","5.44","70.3","1014.5","-","-"
"2023/05/22","00:00","4.86","103","6.8","68.9","1014.9","-","-"
"2023/05/22","01:00","2.92","165","3.89","66.9","1015.3","-","-"
"2023/05/22","02:00","2.33","170","4.08","65.7","1015.9","-","-"
"2023/05/22","03:00","5.83","204","6.8","63.7","1015.9","-","-"
"2023/05/22","04:00","7.39","216","7.97","64.6","1015.7","-","-"
"2023/05/22","05:00","6.8","227","7.39","64.2","1015.7","-","-"
"2023/05/22","06:00","3.11","297","3.89","64.4","1015.4","-","-"
"2023/05/22","07:00","4.08","299","5.44","62.4","1015.3","-","-"
"2023/05/22","08:00","2.14","241","2.92","61","1015.4","-","-"
"2023/05/22","09:00","6.61","284","7.97","62.1","1015.4","-","-"
"2023/05/22","10:00","6.41","341","8.55","63.3","1016","-","-"
"2023/05/22","11:00","4.08","32","6.41","63.3","1016.6","-","-"
"2023/05/22","12:00","0.39","36","2.33","65.5","1017.1","-","-"
"2023/05/22","13:00","10.3","53","13.41","68.7","1017.8","-","-"
"2023/05/22","14:00","12.44","64","13.41","70","1018.2","-","-"
"2023/05/22","15:00","9.72","56","13.41","70.9","1018.7","-","-"
"2023/05/22","16:00","9.91","57","11.86","71.4","1018.9","-","-"
"2023/05/22","17:00","9.72","63","14.58","71.8","1018.9","-","-"
"2023/05/22","18:00","9.72","67","11.27","72.3","1019","-","-"
"2023/05/22","19:00","9.52","82","10.5","72.3","1018.7","-","-"
"2023/05/22","20:00","9.14","85","10.3","72.7","1018.7","-","-"
"2023/05/22","21:00","10.5","83","11.86","72.1","1018.8","-","-"
"2023/05/22","22:00","10.5","89","11.86","71.6","1018.9","-","-"
"2023/05/22","23:00","12.63","93","14.19","69.8","1019.3","-","-"
"2023/05/23","00:00","11.66","81","14.97","68.9","1019.9","-","-"
"2023/05/23","01:00","13.02","84","14.58","68.2","1020.2","-","-"
"2023/05/23","02:00","13.8","78","16.13","67.5","1020.8","-","-"
"2023/05/23","03:00","14.38","77","16.13","66.9","1020.8","-","-"
"2023/05/23","04:00","11.47","78","15.36","66.7","1020.9","-","-"
"2023/05/23","05:00","12.05","69","14","66.9","1020.6","-","-"
"2023/05/23","06:00","13.61","70","15.16","66.6","1020.6","-","-"
"2023/05/23","07:00","13.41","68","16.13","66.6","1020.4","-","-"
"2023/05/23","08:00","7.58","34","9.52","64.2","1020.4","-","-"
"2023/05/23","09:00","8.55","41","10.3","63.5","1020.4","-","-"
"2023/05/23","10:00","9.72","36","11.27","63.7","1020.7","-","-"
"2023/05/23","11:00","7.78","30","9.72","64","1021.2","-","-"
"2023/05/23","12:00","9.33","36","11.66","64.9","1021.3","-","-"
"2023/05/23","13:00","15.36","45","17.69","65.8","1021.4","-","-"
"2023/05/23","14:00","14.97","60","17.88","66.2","1021.8","-","-"
"2023/05/23","15:00","14.58","62","17.88","66.9","1022.2","-","-"
"2023/05/23","16:00","17.69","76","20.6","66","1022.3","-","-"
"2023/05/23","17:00","16.72","66","20.02","66","1022.2","-","-"
"2023/05/23","18:00","16.91","73","20.41","66.4","1021.9","-","-"
"2023/05/23","19:00","15.36","65","20.22","66.7","1021.4","-","-"
"2023/05/23","20:00","12.63","77","16.13","66.2","1021.1","-","-"
"2023/05/23","21:00","14.77","71","16.52","66.2","1021","-","-"
"2023/05/23","22:00","15.75","67","17.88","65.8","1020.4","-","-"
"2023/05/23","23:00","14.19","41","17.88","65.8","1020.1","-","-"
"2023/05/24","00:00","14.77","49","17.11","65.3","1019.8","-","-"
"2023/05/24","01:00","17.3","48","19.44","64.4","1019.6","-","-"
"2023/05/24","02:00","16.91","51","19.24","63.7","1019.6","-","-"
"2023/05/24","03:00","14.19","49","18.27","62.4","1019.2","-","-"
"2023/05/24","04:00","14.19","55","16.72","61.5","1018.8","-","-"
"2023/05/24","05:00","14","51","16.13","61.2","1018.4","-","-"
"2023/05/24","06:00","13.02","40","15.55","60.3","1017.6","-","-"
"2023/05/24","07:00","10.5","36","13.8","60.3","1017.3","-","-"
"2023/05/24","08:00","10.5","40","13.61","59.9","1017.2","-","-"
"2023/05/24","09:00","11.86","32","15.36","59.5","1016.5","-","-"
"2023/05/24","10:00","11.27","33","12.83","58.8","1016.7","-","-"
"2023/05/24","11:00","11.86","43","14.58","59.4","1016.7","-","-"
"2023/05/24","12:00","9.52","39","11.86","59.7","1016.5","-","-"
"2023/05/24","13:00","13.8","35","16.91","60.4","1016.6","-","-"
"2023/05/24","14:00","12.63","27","15.16","62.2","1016.1","-","-"
"2023/05/24","15:00","12.25","36","17.3","64","1015.7","-","-"
"2023/05/24","16:00","9.91","39","14","65.5","1015.7","-","-"
"2023/05/24","17:00","11.66","40","15.36","66.9","1015.4","-","-"
"2023/05/24","18:00","10.11","52","12.25","67.8","1014.8","-","-"
"2023/05/24","19:00","7.19","46","10.5","68.7","1014.2","-","-"
"2023/05/24","20:00","5.83","57","7.58","69.8","1013.6","-","-"
"2023/05/24","21:00","7.39","55","9.91","71.1","1013.2","-","-"
"2023/05/24","22:00","5.83","18","9.52","71.4","1013.2","-","-"
"2023/05/24","23:00","4.67","29","6.22","71.2","1012.9","-","-"
"2023/05/25","00:00","3.3","40","4.28","70.2","1012.8","-","-"
"2023/05/25","01:00","3.5","5","4.86","68","1012.6","-","-"
"2023/05/25","02:00","1.56","291","1.75","64.4","1012.5","-","-"
"2023/05/25","03:00","0.97","243","1.36","63.3","1011.9","-","-"
"2023/05/25","04:00","1.75","264","3.11","62.6","1011.9","-","-"
"2023/05/25","05:00","1.36","237","2.33","60.8","1012.1","-","-"
"2023/05/25","06:00","3.5","184","3.89","59.2","1012.1","-","-"
"2023/05/25","07:00","3.11","210","3.5","60.3","1012","-","-"
"2023/05/25","08:00","7.39","336","13.41","61.9","1012.9","-","-"
"2023/05/25","09:00","9.33","346","10.5","63.9","1012.5","-","-"
"2023/05/25","10:00","15.36","30","17.49","63.3","1013.5","-","-"
"2023/05/25","11:00","18.86","53","24.3","62.6","1015.4","-","-"
"2023/05/25","12:00","20.6","48","22.94","62.4","1016.4","-","-"
"2023/05/25","13:00","20.8","50","24.3","62.4","1016.8","-","-"
"2023/05/25","14:00","14.38","47","19.05","62.8","1017.3","-","-"
"2023/05/25","15:00","12.05","49","16.91","62.6","1018","-","-"
"2023/05/25","16:00","13.8","45","16.52","63","1018","-","-"
"2023/05/25","17:00","12.44","29","15.36","62.6","1018.1","-","-"
"2023/05/25","18:00","12.25","39","15.55","62.6","1018.1","-","-"
"2023/05/25","19:00","12.63","40","14","63","1018","-","-"
"2023/05/25","20:00","11.08","41","14.38","63.7","1017.6","-","-"
"2023/05/25","21:00","11.66","101","14.38","62.6","1017.8","-","-"
"2023/05/25","22:00","13.8","95","16.52","61.7","1017.9","-","-"
"2023/05/25","23:00","13.41","95","15.16","61.3","1018.2","-","-"
"2023/05/26","00:00","12.83","90","16.33","61.5","1018.6","-","-"
"2023/05/26","01:00","14.19","82","16.52","61.7","1018.8","-","-"
"2023/05/26","02:00","13.8","77","16.52","61.7","1019.3","-","-"
"2023/05/26","03:00","14.38","79","16.33","61.3","1019.4","-","-"
"2023/05/26","04:00","15.16","76","18.08","61","1019.5","-","-"
"2023/05/26","05:00","16.72","65","18.27","60.8","1019.3","-","-"
"2023/05/26","06:00","15.16","71","17.69","61","1019.4","-","-"
"2023/05/26","07:00","14.77","70","16.13","60.6","1019","-","-"
"2023/05/26","08:00","9.33","41","12.05","59.5","1018.9","-","-"
"2023/05/26","09:00","14","52","16.13","59.9","1019.3","-","-"
"2023/05/26","10:00","16.33","55","18.66","59.4","1019.9","-","-"
"2023/05/26","11:00","16.13","57","18.86","60.6","1020.5","-","-"
"2023/05/26","12:00","18.27","61","22.35","61.3","1021.1","-","-"
"2023/05/26","13:00","18.86","59","24.49","61.9","1021.6","-","-"
"2023/05/26","14:00","16.52","56","21.97","62.4","1021.8","-","-"
"2023/05/26","15:00","16.72","59","20.02","63.5","1022.2","-","-"
"2023/05/26","16:00","15.75","62","21.58","64.2","1022.4","-","-"
"2023/05/26","17:00","18.66","63","20.6","64.8","1022.3","-","-"
"2023/05/26","18:00","15.55","67","20.22","64.9","1022.1","-","-"
"2023/05/26","19:00","17.69","70","20.22","65.3","1022.2","-","-"
"2023/05/26","20:00","17.69","80","20.6","65.3","1022.2","-","-"
"2023/05/26","21:00","17.49","76","20.6","65.1","1022.1","-","-"
"2023/05/26","22:00","16.52","74","20.8","64.8","1022.1","-","-"
"2023/05/26","23:00","16.91","77","20.41","64.6","1021.8","-","-"
"2023/05/27","00:00","16.91","81","20.99","64.2","1021.7","-","-"
"2023/05/27","01:00","19.24","73","21.58","63.9","1021.8","-","-"
"2023/05/27","02:00","18.47","72","20.02","63.3","1022.2","-","-"
"2023/05/27","03:00","17.88","73","20.6","62.6","1022.3","-","-"
"2023/05/27","04:00","17.11","81","20.22","63","1022","-","-"
"2023/05/27","05:00","17.69","75","21.19","62.6","1021.6","-","-"
"2023/05/27","06:00","19.83","71","21.19","62.4","1021.3","-","-"
"2023/05/27","07:00","19.83","74","22.16","62.4","1021.1","-","-"
"2023/05/27","08:00","19.24","67","22.16","62.2","1021","-","-"
"2023/05/27","09:00","21.38","65","24.88","61.9","1021.2","-","-"
"2023/05/27","10:00","21.58","59","24.1","61.3","1021.5","-","-"
"2023/05/27","11:00","18.47","55","24.49","61.7","1021.8","-","-"
"2023/05/27","12:00","20.41","58","24.3","63","1022","-","-"
"2023/05/27","13:00","19.63","53","26.05","63.7","1022.2","-","-"
"2023/05/27","14:00","16.13","50","18.86","64","1022.3","-","-"
"2023/05/27","15:00","22.16","64","27.6","65.5","1022.4","-","-"
"2023/05/27","16:00","22.55","68","27.8","65.8","1022.3","-","-"
"2023/05/27","17:00","21.58","68","25.66","66.6","1022.3","-","-"
"2023/05/27","18:00","22.35","66","26.82","66.4","1022.4","-","-"
"2023/05/27","19:00","22.35","61","25.08","66.2","1021.9","-","-"
"2023/05/27","20:00","22.16","63","24.49","66.2","1021.6","-","-"
"2023/05/27","21:00","19.44","63","22.74","66.4","1021.1","-","-"
"2023/05/27","22:00","20.22","62","21.97","66.4","1020.7","-","-"
"2023/05/27","23:00","19.83","66","22.16","66","1020.6","-","-"
"2023/05/28","00:00","18.47","64","22.55","65.7","1020.8","-","-"
"2023/05/28","01:00","19.44","63","23.52","64.8","1020.8","-","-"
"2023/05/28","02:00","17.88","60","21.38","64.4","1020.7","-","-"
"2023/05/28","03:00","17.49","65","22.16","64.2","1020.3","-","-"
"2023/05/28","04:00","16.33","60","19.24","64","1019.5","-","-"
"2023/05/28","05:00","15.75","59","19.63","63.9","1018.4","-","-"
"2023/05/28","06:00","14.19","55","19.83","64","1017.9","-","-"
"2023/05/28","07:00","11.47","53","13.8","63.9","1018.2","-","-"
"2023/05/28","08:00","18.47","66","21.38","63.7","1017.6","-","-"
"2023/05/28","09:00","18.86","59","24.49","62.8","1017.3","-","-"
"2023/05/28","10:00","18.66","54","21.77","62.6","1017.1","-","-"
"2023/05/28","11:00","17.3","51","20.22","62.6","1017.1","-","-"
"2023/05/28","12:00","17.49","53","20.99","63","1016.9","-","-"
"2023/05/28","13:00","18.08","52","20.41","63.3","1016.7","-","-"
"2023/05/28","14:00","16.91","52","20.6","63.7","1016.4","-","-"
"2023/05/28","15:00","16.33","49","20.02","64.2","1016.1","-","-"
"2023/05/28","16:00","14.38","50","19.44","64.4","1015.4","-","-"
"2023/05/28","17:00","17.11","52","20.41","64.8","1014.8","-","-"
"2023/05/28","18:00","20.6","57","23.91","64.9","1014.1","-","-"
"2023/05/28","19:00","15.75","55","21.19","65.5","1013.2","-","-"
"2023/05/28","20:00","18.86","61","22.55","65.1","1012.6","-","-"
"2023/05/28","21:00","22.35","63","25.66","65.3","1011.9","-","-"
"2023/05/28","22:00","18.47","63","23.71","65.3","1011.8","-","-"
"2023/05/28","23:00","20.8","63","25.66","65.3","1011.3","-","-"
"2023/05/29","00:00","19.83","62","23.13","65.3","1011.2","-","-"
"2023/05/29","01:00","18.47","64","21.58","65.5","1011.1","-","-"
"2023/05/29","02:00","14.97","64","16.91","65.7","1011.5","-","-"
"2023/05/29","03:00","14","77","16.13","65.7","1011.4","-","-"
"2023/05/29","04:00","13.8","64","16.33","65.8","1011","-","-"
"2023/05/29","05:00","14.19","57","16.33","65.7","1010.5","-","-"
"2023/05/29","06:00","12.63","64","14.38","65.7","1010","-","-"
"2023/05/29","07:00","8.94","66","12.05","65.8","1009.7","-","-"
"2023/05/29","08:00","8.36","74","9.14","65.8","1009.5","-","-"
"2023/05/29","09:00","5.44","96","9.52","65.7","1009.5","-","-"
"2023/05/29","10:00","4.28","90","5.83","65.7","1009.7","-","-"
"2023/05/29","11:00","7.39","71","8.55","65.8","1010.4","-","-"
"2023/05/29","12:00","7","59","7.78","65.8","1010.5","-","-"
"2023/05/29","13:00","5.83","65","6.8","66.4","1010.6","-","-"
"2023/05/29","14:00","7.58","74","8.36","66.7","1011.1","-","-"
"2023/05/29","15:00","5.83","71","6.41","67.1","1011.1","-","-"
"2023/05/29","16:00","8.36","72","9.14","68.2","1011.2","-","-"
"2023/05/29","17:00","6.41","58","7","68.2","1011.1","-","-"
"2023/05/29","18:00","8.75","71","10.5","68.4","1011","-","-"
"2023/05/29","19:00","7.78","67","8.75","69.3","1010.6","-","-"
"2023/05/29","20:00","10.89","76","12.44","70","1010.4","-","-"
"2023/05/29","21:00","5.64","89","6.61","70.3","1010.8","-","-"
"2023/05/29","22:00","8.55","71","10.69","70.9","1010.8","-","-"
"2023/05/29","23:00","8.94","85","9.91","70.3","1011.4","-","-"
"2023/05/30","00:00","14.97","61","17.88","69.3","1012","-","-"
"2023/05/30","01:00","15.16","65","17.88","67.8","1012.9","-","-"
"2023/05/30","02:00","13.22","63","14.97","67.5","1013.6","-","-"
"2023/05/30","03:00","13.61","80","17.11","67.3","1013.7","-","-"
"2023/05/30","04:00","10.89","2","12.83","66.2","1012.9","-","-"
"2023/05/30","05:00","13.22","45","17.69","66","1014","-","-"
"2023/05/30","06:00","8.75","39","10.89","65.5","1013.2","-","-"
"2023/05/30","07:00","14.19","42","17.69","64.8","1014","-","-"
"2023/05/30","08:00","9.91","44","13.8","64","1014.2","-","-"
"2023/05/30","09:00","7.39","28","9.14","63.5","1014","-","-"
"2023/05/30","10:00","7.19","28","9.52","63.5","1014.6","-","-"
"2023/05/30","11:00","8.16","37","10.69","64","1015.3","-","-"
"2023/05/30","12:00","12.83","22","15.36","64","1015.2","-","-"
"2023/05/30","13:00","8.36","26","9.91","63.3","1016","-","-"
"2023/05/30","14:00","15.36","32","18.27","63.3","1016.3","-","-"
"2023/05/30","15:00","13.8","31","20.22","63.7","1016.5","-","-"
"2023/05/30","16:00","15.16","39","17.88","64.6","1017.1","-","-"
"2023/05/30","17:00","16.13","36","19.44","64.6","1017","-","-"
"2023/05/30","18:00","15.16","38","18.66","65.1","1016.7","-","-"
"2023/05/30","19:00","14.58","34","19.44","64.2","1016.6","-","-"
"2023/05/30","20:00","16.72","34","20.8","64","1016.8","-","-"
"2023/05/30","21:00","18.47","41","22.16","63.7","1016.7","-","-"
"2023/05/30","22:00","13.8","41","16.52","63.5","1016.7","-","-"
"2023/05/30","23:00","15.36","47","16.91","63.9","1016.8","-","-"
"2023/05/31","00:00","12.05","50","14.19","63.9","1017.1","-","-"
"2023/05/31","01:00","7","37","14","64","1017.4","-","-"
"2023/05/31","02:00","10.5","51","12.63","63.9","1017.7","-","-"
"2023/05/31","03:00","11.66","50","14.38","63.3","1018.1","-","-"
"2023/05/31","04:00","8.36","28","10.69","62.4","1018.3","-","-"
"2023/05/31","05:00","7.78","33","9.72","62.1","1017.8","-","-"
"2023/05/31","06:00","6.61","34","8.75","61.9","1017.6","-","-"
"2023/05/31","07:00","8.94","40","10.11","62.1","1017.5","-","-"
"2023/05/31","08:00","8.94","41","11.66","61.3","1017.2","-","-"
"2023/05/31","09:00","9.14","24","11.08","61.3","1017.8","-","-"
"2023/05/31","10:00","10.11","1","11.47","60.8","1018.1","-","-"
"2023/05/31","11:00","6.8","359","10.89","60.8","1018.2","-","-"
"2023/05/31","12:00","7","11","9.91","61.2","1018.5","-","-"
"2023/05/31","13:00","9.52","3","11.47","61.9","1018.6","-","-"
"2023/05/31","14:00","9.14","17","12.44","62.8","1018.8","-","-"
"2023/05/31","15:00","8.75","11","11.66","63.1","1018.7","-","-"
"2023/05/31","16:00","9.91","16","13.02","63.7","1019","-","-"
"2023/05/31","17:00","11.27","7","13.41","65.1","1018.8","-","-"
"2023/05/31","18:00","12.25","15","14","65.8","1018.5","-","-"
"2023/05/31","19:00","11.86","28","15.94","67.6","1018.1","-","-"
"2023/05/31","20:00","12.25","23","14.97","68.9","1017.5","-","-"
"2023/05/31","21:00","8.75","19","11.08","70.5","1017.2","-","-"
"2023/05/31","22:00","10.69","30","12.05","70.5","1016.9","-","-"
"2023/05/31","23:00","7.78","19","12.44","70.3","1016.8","-","-"
"2023/06/01","00:00","7.19","3","8.36","69.4","1016.9","-","-"
"2023/06/01","01:00","5.83","349","6.41","67.8","1016.9","-","-"
"2023/06/01","02:00","5.44","4","7.19","66.9","1017.1","-","-"
"2023/06/01","03:00","4.47","347","5.25","66.2","1016.8","-","-"
"2023/06/01","04:00","3.89","339","4.67","65.5","1016.7","-","-"
"2023/06/01","05:00","4.86","349","5.64","65.5","1016.2","-","-"
"2023/06/01","06:00","4.08","328","5.25","65.7","1015.7","-","-"
"2023/06/01","07:00","7","25","7.97","66.4","1015.4","-","-"
"2023/06/01","08:00","10.69","24","14.38","65.8","1015.3","-","-"
"2023/06/01","09:00","10.3","12","12.83","65.3","1015.3","-","-"
"2023/06/01","10:00","5.64","356","7.58","65.5","1015.5","-","-"
"2023/06/01","11:00","6.61","357","8.94","65.5","1015.7","-","-"
"2023/06/01","12:00","11.08","18","13.61","65.7","1016.2","-","-"
"2023/06/01","13:00","9.52","38","14.19","66.4","1016.6","-","-"
"2023/06/01","14:00","10.5","27","12.05","66.6","1016.6","-","-"
"2023/06/01","15:00","10.5","21","12.63","67.1","1016.2","-","-"
"2023/06/01","16:00","8.94","29","10.89","68.4","1016","-","-"
"2023/06/01","17:00","11.86","18","18.86","69.8","1015.6","-","-"
"2023/06/01","18:00","13.41","29","16.13","70.3","1015.5","-","-"
"2023/06/01","19:00","14.97","40","16.91","70.2","1015.2","-","-"
"2023/06/01","20:00","14.77","43","17.88","70.2","1014.9","-","-"
"2023/06/01","21:00","9.91","67","10.89","69.1","1014.6","-","-"
"2023/06/01","22:00","6.8","51","9.33","69.8","1014.5","-","-"
"2023/06/01","23:00","4.28","36","5.25","70.9","1014.2","-","-"
"2023/06/02","00:00","6.8","33","7.97","70.7","1014","-","-"
"2023/06/02","01:00","3.89","41","4.86","69.6","1013.8","-","-"
"2023/06/02","02:00","4.67","30","5.64","68.7","1014","-","-"
"2023/06/02","03:00","2.33","71","3.3","67.8","1013.9","-","-"
"2023/06/02","04:00","3.11","32","3.69","67.6","1013.7","-","-"
"2023/06/02","05:00","2.53","55","3.11","66.9","1013.3","-","-"
"2023/06/02","06:00","2.72","12","3.3","66.6","1012.6","-","-"
"2023/06/02","07:00","2.53","20","3.3","65.7","1012","-","-"
"2023/06/02","08:00","2.14","49","3.5","65.3","1011.9","-","-"
"2023/06/02","09:00","5.05","8","6.03","64.8","1011.7","-","-"
"2023/06/02","10:00","3.89","5","5.25","64.4","1011.9","-","-"
"2023/06/02","11:00","5.05","36","6.03","65.7","1012.1","-","-"
"2023/06/02","12:00","5.05","43","5.83","68","1012","-","-"
"2023/06/02","13:00","5.44","74","6.03","68.9","1012.3","-","-"
"2023/06/02","14:00","8.16","94","8.94","69.4","1012.2","-","-"
"2023/06/02","15:00","8.94","94","9.52","69.4","1012.2","-","-"
"2023/06/02","16:00","6.03","100","7.19","72.3","1012.2","-","-"
"2023/06/02","17:00","4.08","102","5.64","73.8","1011.7","-","-"
"2023/06/02","18:00","6.41","101","7.39","73.9","1011.1","-","-"
"2023/06/02","19:00","7","96","9.14","74.5","1010.5","-","-"
"2023/06/02","20:00","8.94","83","9.33","72.5","1010","-","-"
"2023/06/02","21:00","6.61","89","7.78","73","1009.4","-","-"
"2023/06/02","22:00","5.05","84","5.64","73.9","1009.1","-","-"
"2023/06/02","23:00","4.67","76","4.67","72.7","1008.9","-","-"
"2023/06/03","00:00","3.5","144","5.44","74.3","1008.9","-","-"
"2023/06/03","01:00","2.14","145","2.53","72","1008.7","-","-"
"2023/06/03","02:00","5.25","145","6.41","69.6","1009.1","-","-"
"2023/06/03","03:00","3.3","150","5.25","68.5","1009.2","-","-"
"2023/06/03","04:00","3.3","138","4.47","67.8","1009.1","-","-"
"2023/06/03","05:00","2.92","147","3.89","67.3","1008.8","-","-"
"2023/06/03","06:00","0.58","133","1.17","66.7","1008.4","-","-"
"2023/06/03","07:00","0.78","170","1.75","66","1008.1","-","-"
"2023/06/03","08:00","1.17","257","1.56","65.7","1007.6","-","-"
"2023/06/03","09:00","1.36","221","1.94","64.4","1007.6","-","-"
"2023/06/03","10:00","1.56","174","2.14","64","1007.9","-","-"
"2023/06/03","11:00","2.92","150","3.5","66.2","1008.4","-","-"
"2023/06/03","12:00","2.53","55","3.11","66.2","1008.9","-","-"
"2023/06/03","13:00","6.03","82","7.39","67.6","1009.3","-","-"
"2023/06/03","14:00","7.39","78","9.52","67.3","1009.9","-","-"
"2023/06/03","15:00","6.8","69","8.16","67.8","1009.9","-","-"
"2023/06/03","16:00","5.05","91","6.22","68.9","1010.2","-","-"
"2023/06/03","17:00","5.44","78","7.19","70.5","1010.2","-","-"
"2023/06/03","18:00","6.03","95","7.39","72.7","1010.3","-","-"
"2023/06/03","19:00","9.52","91","11.66","71.8","1010.3","-","-"
"2023/06/03","20:00","14.97","91","15.94","70.5","1010.1","-","-"
"2023/06/03","21:00","14.77","100","17.3","69.8","1010.7","-","-"
"2023/06/03","22:00","19.05","83","22.94","66.6","1011.4","-","-"
"2023/06/03","23:00","19.44","77","21.38","64.9","1012.1","-","-"
"2023/06/04","00:00","16.52","72","20.6","63.9","1012.4","-","-"
"2023/06/04","01:00","19.24","55","24.3","63","1013.2","-","-"
"2023/06/04","02:00","19.63","65","23.91","61.9","1014.1","-","-"
"2023/06/04","03:00","20.6","56","24.88","61.2","1014.2","-","-"
"2023/06/04","04:00","19.05","48","24.88","61.2","1014.4","-","-"
"2023/06/04","05:00","18.86","56","22.55","60.3","1014.2","-","-"
"2023/06/04","06:00","16.72","61","22.35","59.9","1014","-","-"
"2023/06/04","07:00","16.13","47","18.86","59.7","1013.7","-","-"
"2023/06/04","08:00","13.61","42","18.27","59.2","1013.9","-","-"
"2023/06/04","09:00","17.69","42","19.24","60.3","1014.3","-","-"
"2023/06/04","10:00","16.13","47","18.47","59.7","1014.7","-","-"
"2023/06/04","11:00","15.75","47","20.22","59.7","1014.7","-","-"
"2023/06/04","12:00","14","37","19.44","58.8","1015.3","-","-"
"2023/06/04","13:00","11.47","43","16.72","59.7","1015.6","-","-"
"2023/06/04","14:00","11.27","47","14.97","60.1","1015.5","-","-"
"2023/06/04","15:00","10.11","42","13.41","60.6","1015.2","-","-"
"2023/06/04","16:00","10.5","81","13.02","61.2","1014.8","-","-"
"2023/06/04","17:00","10.11","84","13.8","62.2","1014.8","-","-"
"2023/06/04","18:00","9.72","86","14.19","62.4","1014.2","-","-"
"2023/06/04","19:00","5.83","67","8.94","64.8","1014.2","-","-"
"2023/06/04","20:00","8.16","92","10.5","64.6","1013.8","-","-"
"2023/06/04","21:00","8.94","108","12.44","64.9","1013.2","-","-"
"2023/06/04","22:00","6.41","104","9.91","64.9","1013","-","-"
"2023/06/04","23:00","9.72","143","10.69","64.6","1012.7","-","-"
"2023/06/05","00:00","8.94","141","12.25","62.4","1013","-","-"
"2023/06/05","01:00","5.05","172","7.58","60.6","1013.3","-","-"
"2023/06/05","02:00","5.44","157","7.19","60.3","1013.4","-","-"
"2023/06/05","03:00","5.64","202","6.41","58.8","1013.5","-","-"
"2023/06/05","04:00","6.41","199","8.55","58.1","1013","-","-"
"2023/06/05","05:00","4.08","219","5.44","57.4","1012.5","-","-"
"2023/06/05","06:00","1.56","151","3.5","57.2","1012.6","-","-"
"2023/06/05","07:00","2.72","170","3.11","56.7","1012.2","-","-"
"2023/06/05","08:00","1.75","193","3.3","56.7","1012","-","-"
"2023/06/05","09:00","2.92","204","3.69","55.6","1012.1","-","-"
"2023/06/05","10:00","8.75","218","11.27","56.1","1012.2","-","-"
"2023/06/05","11:00","9.72","214","12.25","57.4","1012.2","-","-"
"2023/06/05","12:00","7","206","9.72","61","1012.3","-","-"
"2023/06/05","13:00","7","254","9.14","63.3","1012.5","-","-"
"2023/06/05","14:00","5.05","336","7","64.6","1012.2","-","-"
"2023/06/05","15:00","8.75","328","11.27","66.6","1012.1","-","-"
"2023/06/05","16:00","4.47","294","5.25","67.8","1011.6","-","-"
"2023/06/05","17:00","4.86","116","7.97","69.6","1011.5","-","-"
"2023/06/05","18:00","3.5","63","5.05","70.9","1011.1","-","-"
"2023/06/05","19:00","10.69","80","12.25","67.6","1010.7","-","-"
"2023/06/05","20:00","9.91","79","10.69","68.4","1010.4","-","-"
"2023/06/05","21:00","8.55","101","10.11","70","1010.2","-","-"
"2023/06/05","22:00","7.78","89","8.94","69.6","1010.1","-","-"
"2023/06/05","23:00","5.25","109","6.22","71.2","1010.2","-","-"
"2023/06/06","00:00","4.08","127","4.67","69.8","1010.2","-","-"
"2023/06/06","01:00","3.89","179","4.67","67.5","1010","-","-"
"2023/06/06","02:00","4.08","191","5.64","66.6","1010.5","-","-"
"2023/06/06","03:00","7.78","212","8.75","65.5","1010.4","-","-"
"2023/06/06","04:00","10.11","213","11.47","63.9","1010.2","-","-"
"2023/06/06","05:00","10.5","215","13.22","63.5","1009.9","-","-"
"2023/06/06","06:00","8.75","210","12.63","64","1009.5","-","-"
"2023/06/06","07:00","10.5","220","13.02","63.1","1009.3","-","-"
"2023/06/06","08:00","9.72","236","13.02","63.3","1008.9","-","-"
"2023/06/06","09:00","9.72","235","13.22","63.1","1008.8","-","-"
"2023/06/06","10:00","7.78","258","10.89","63","1008.9","-","-"
"2023/06/06","11:00","4.28","287","5.64","62.2","1009","-","-"
"2023/06/06","12:00","4.86","288","5.83","64.9","1009","-","-"
"2023/06/06","13:00","6.8","333","7.78","65.8","1008.9","-","-"
"2023/06/06","14:00","6.8","323","7.58","66.9","1008.5","-","-"
"2023/06/06","15:00","3.69","325","5.05","70.5","1008.2","-","-"
"2023/06/06","16:00","5.64","331","7.39","73.4","1007.8","-","-"
"2023/06/06","17:00","8.36","333","9.14","74.7","1007.1","-","-"
"2023/06/06","18:00","6.22","293","8.16","75.2","1006.4","-","-"
"2023/06/06","19:00","6.22","282","10.11","77.4","1005.6","-","-"
"2023/06/06","20:00","8.55","274","11.27","77.9","1005","-","-"
"2023/06/06","21:00","5.64","299","7.97","77.7","1004.6","-","-"
"2023/06/06","22:00","7.19","255","8.75","77.5","1004.2","-","-"
"2023/06/06","23:00","7","269","9.91","76.3","1004.3","-","-"
"2023/06/07","00:00","5.25","237","5.83","74.1","1004.3","-","-"
"2023/06/07","01:00","7.58","230","9.14","73","1004.2","-","-"
"2023/06/07","02:00","8.75","234","10.69","72.3","1004.4","-","-"
"2023/06/07","03:00","10.69","247","13.8","72.5","1004.4","-","-"
"2023/06/07","04:00","9.72","244","13.61","72.1","1004.1","-","-"
"2023/06/07","05:00","9.72","254","12.63","71.1","1003.5","-","-"
"2023/06/07","06:00","7","304","9.14","70.3","1003.3","-","-"
"2023/06/07","07:00","8.36","286","10.11","70.2","1003.1","-","-"
"2023/06/07","08:00","7.97","278","9.33","68.2","1002.6","-","-"
"2023/06/07","09:00","10.3","304","13.22","68.2","1003","-","-"
"2023/06/07","10:00","11.86","332","13.8","67.1","1003.5","-","-"
"2023/06/07","11:00","9.52","332","11.27","66.2","1004","-","-"
"2023/06/07","12:00","3.69","9","4.67","65.3","1004.4","-","-"
"2023/06/07","13:00","1.94","354","3.89","66.4","1005","-","-"
"2023/06/07","14:00","3.5","251","4.28","66.6","1005.2","-","-"
"2023/06/07","15:00","1.75","336","2.14","69.3","1004.8","-","-"
"2023/06/07","16:00","4.86","70","6.03","69.1","1004.6","-","-"
"2023/06/07","17:00","7.19","72","8.36","69.3","1004.3","-","-"
"2023/06/07","18:00","9.33","80","9.72","69.4","1003.7","-","-"
"2023/06/07","19:00","7.58","96","8.94","70.9","1003.6","-","-"
"2023/06/07","20:00","9.14","97","10.11","70.7","1003.1","-","-"
"2023/06/07","21:00","8.55","128","9.72","71.4","1002.8","-","-"
"2023/06/07","22:00","7.39","124","9.91","70.9","1002.4","-","-"
"2023/06/07","23:00","11.08","224","18.66","65.5","1003.2","-","-"
"2023/06/08","00:00","7.39","199","9.91","63","1003.1","-","-"
"2023/06/08","01:00","7.39","210","10.3","62.1","1003.6","-","-"
"2023/06/08","02:00","6.41","197","8.16","62.4","1003.6","-","-"
"2023/06/08","03:00","5.83","194","7.97","62.8","1003.5","-","-"
"2023/06/08","04:00","3.89","205","6.41","63","1003.3","-","-"
"2023/06/08","05:00","2.92","197","4.67","62.6","1002.8","-","-"
"2023/06/08","06:00","4.86","228","6.03","62.1","1002.3","-","-"
"2023/06/08","07:00","0.97","151","2.53","62.1","1002.1","-","-"
"2023/06/08","08:00","4.67","231","7.19","62.1","1001.8","-","-"
"2023/06/08","09:00","3.3","294","4.08","62.1","1002.1","-","-"
"2023/06/08","10:00","1.75","283","2.92","61.5","1002.7","-","-"
"2023/06/08","11:00","2.92","246","3.89","61.9","1003","-","-"
"2023/06/08","12:00","2.14","338","2.53","61.5","1003.6","-","-"
"2023/06/08","13:00","3.3","168","5.44","61.9","1003.9","-","-"
"2023/06/08","14:00","3.89","185","5.44","64.4","1003.9","-","-"
"2023/06/08","15:00","2.92","12","3.3","66.7","1003.9","-","-"
"2023/06/08","16:00","3.5","348","4.47","68.4","1003.4","-","-"
"2023/06/08","17:00","4.08","99","5.25","68.9","1002.8","-","-"
"2023/06/08","18:00","13.41","266","18.66","68.5","1003.4","-","-"
"2023/06/08","19:00","12.05","12","15.94","63.9","1003.9","-","-"
"2023/06/08","20:00","9.14","35","10.69","66.9","1003.8","-","-"
"2023/06/08","21:00","11.86","85","14.19","64.9","1004.9","-","-"
"2023/06/08","22:00","4.86","89","6.8","65.3","1005","-","-"
"2023/06/08","23:00","6.03","143","8.36","66.2","1004.7","-","-"
"2023/06/09","00:00","2.53","198","3.69","64.8","1005.3","-","-"
"2023/06/09","01:00","4.08","194","6.41","63.3","1005.9","-","-"
"2023/06/09","02:00","4.86","189","6.03","62.6","1006.4","-","-"
"2023/06/09","03:00","4.67","193","6.61","62.4","1006.5","-","-"
"2023/06/09","04:00","4.28","214","6.03","61.3","1006.4","-","-"
"2023/06/09","05:00","2.33","202","4.47","61","1006.2","-","-"
"2023/06/09","06:00","5.64","273","7.39","62.6","1006.2","-","-"
"2023/06/09","07:00","9.33","268","10.69","62.4","1006","-","-"
"2023/06/09","08:00","3.5","233","5.44","62.4","1005.7","-","-"
"2023/06/09","09:00","8.36","269","9.91","62.6","1006.2","-","-"
"2023/06/09","10:00","5.44","277","7.58","62.6","1006.7","-","-"
"2023/06/09","11:00","6.22","349","8.94","64.4","1007.3","-","-"
"2023/06/09","12:00","3.69","341","6.22","64.8","1007.8","-","-"
"2023/06/09","13:00","4.67","348","5.64","66.4","1008.1","-","-"
"2023/06/09","14:00","2.72","296","3.5","68","1008.2","-","-"
"2023/06/09","15:00","5.44","296","6.41","68.5","1008.3","-","-"
"2023/06/09","16:00","8.94","318","10.5","70.2","1008.1","-","-"
"2023/06/09","17:00","7.78","320","9.91","71.6","1007.7","-","-"
"2023/06/09","18:00","8.16","318","11.08","72.5","1007.3","-","-"
"2023/06/09","19:00","7.39","329","8.55","73","1007","-","-"
"2023/06/09","20:00","2.72","310","5.64","73.8","1006.7","-","-"
"2023/06/09","21:00","3.5","237","4.28","73.2","1006.7","-","-"
"2023/06/09","22:00","8.36","75","10.69","70.5","1007.1","-","-"
"2023/06/09","23:00","4.67","149","5.44","72.3","1007.5","-","-"
"2023/06/10","00:00","5.44","189","7","70.2","1007.7","-","-"
"2023/06/10","01:00","3.69","196","5.05","68.2","1008","-","-"
"2023/06/10","02:00","5.44","192","6.8","66.9","1008.5","-","-"
"2023/06/10","03:00","9.14","208","11.66","66","1008.4","-","-"
"2023/06/10","04:00","9.14","212","10.89","64.8","1008.3","-","-"
"2023/06/10","05:00","9.72","219","11.47","64.8","1008.1","-","-"
"2023/06/10","06:00","7.58","317","10.5","65.1","1008.3","-","-"
"2023/06/10","07:00","4.67","1","5.25","64.2","1008.4","-","-"
"2023/06/10","08:00","3.5","270","3.89","63.9","1008.5","-","-"
"2023/06/10","09:00","2.92","241","4.28","62.2","1008.7","-","-"
"2023/06/10","10:00","2.53","268","2.92","60.8","1009.3","-","-"
"2023/06/10","11:00","2.92","228","3.5","62.1","1009.6","-","-"
"2023/06/10","12:00","0.97","220","1.36","66.7","1010.2","-","-"
"2023/06/10","13:00","0.97","143","1.36","73.2","1010.5","-","-"
"2023/06/10","14:00","1.56","36","1.94","72","1010.6","-","-"
"2023/06/10","15:00","3.89","50","4.28","72.7","1010.4","-","-"
"2023/06/10","16:00","2.14","16","4.08","75","1010.2","-","-"
"2023/06/10","17:00","3.5","332","10.3","76.8","1009.9","-","-"
"2023/06/10","18:00","5.44","281","12.63","77.7","1009.5","-","-"
"2023/06/10","19:00","9.91","279","16.52","78.8","1009.3","-","-"
"2023/06/10","20:00","4.08","259","11.47","80.1","1008.9","-","-"
"2023/06/10","21:00","5.64","291","8.55","80.6","1008.8","-","-"
"2023/06/10","22:00","3.89","226","7.39","81.1","1009","-","-"
"2023/06/10","23:00","7.39","104","11.08","77","1009.3","-","-"
"2023/06/11","00:00","8.55","144","9.33","76.1","1009.5","-","-"
"2023/06/11","01:00","8.55","160","10.11","73.4","1009.8","-","-"
"2023/06/11","02:00","8.94","167","10.3","72.7","1010.3","-","-"
"2023/06/11","03:00","9.14","180","11.08","71.4","1010.5","-","-"
"2023/06/11","04:00","7.39","180","10.3","70.7","1010.6","-","-"
"2023/06/11","05:00","9.52","194","12.83","70.5","1010.7","-","-"
"2023/06/11","06:00","9.91","210","12.05","71.1","1010.7","-","-"
"2023/06/11","07:00","11.66","215","14.97","70.9","1010.3","-","-"
"2023/06/11","08:00","9.91","224","14.19","70.2","1010.1","-","-"
"2023/06/11","09:00","10.3","233","13.61","69.3","1010","-","-"
"2023/06/11","10:00","10.89","221","14.58","68.4","1010.4","-","-"
"2023/06/11","11:00","10.3","219","14.97","68","1010.9","-","-"
"2023/06/11","12:00","9.52","215","14.19","69.8","1011.2","-","-"
"2023/06/11","13:00","9.52","236","12.44","72.1","1011.7","-","-"
"2023/06/11","14:00","10.69","206","12.83","74.1","1011.7","-","-"
"2023/06/11","15:00","6.8","194","10.5","76.8","1011.5","-","-"
"2023/06/11","16:00","11.27","202","14.77","79.7","1010.9","-","-"
"2023/06/11","17:00","8.94","198","13.41","81.7","1010.1","-","-"
"2023/06/11","18:00","14.19","210","17.88","82.8","1009.4","-","-"
"2023/06/11","19:00","9.91","211","20.02","83.8","1008.8","-","-"
"2023/06/11","20:00","7.97","200","14","84.2","1008.2","-","-"
"2023/06/11","21:00","11.86","187","15.75","84","1008.1","-","-"
"2023/06/11","22:00","8.94","172","15.16","83.5","1008","-","-"
"2023/06/11","23:00","9.52","175","11.86","82.2","1008","-","-"
"2023/06/12","00:00","13.22","176","18.66","80.1","1007.9","-","-"
"2023/06/12","01:00","11.08","178","15.36","78.6","1008.2","-","-"
"2023/06/12","02:00","14.58","174","18.66","77.4","1008.3","-","-"
"2023/06/12","03:00","10.69","182","18.47","75.7","1008","-","-"
"2023/06/12","04:00","10.89","177","14.38","74.5","1007.5","-","-"
"2023/06/12","05:00","8.36","180","11.86","73.6","1007.1","-","-"
"2023/06/12","06:00","7.19","187","9.52","73.4","1006.6","-","-"
"2023/06/12","07:00","5.44","176","7.39","73.2","1006.2","-","-"
"2023/06/12","08:00","6.22","175","7.39","72.9","1005.8","-","-"
"2023/06/12","09:00","5.44","166","9.14","72.7","1005.1","-","-"
"2023/06/12","10:00","2.92","165","3.69","72","1005","-","-"
"2023/06/12","11:00","2.33","191","5.25","72.7","1005.1","-","-"
"2023/06/12","12:00","6.8","195","8.55","73.6","1005","-","-"
"2023/06/12","13:00","6.41","198","11.08","74.8","1004.7","-","-"
"2023/06/12","14:00","8.55","215","16.72","74.7","1004.7","-","-"
"2023/06/12","15:00","9.33","225","14.19","74.7","1004.2","-","-"
"2023/06/12","16:00","10.11","185","13.02","76.6","1003.6","-","-"
"2023/06/12","17:00","12.44","203","18.08","79.3","1003","-","-"
"2023/06/12","18:00","10.3","240","13.61","80.1","1001.9","-","-"
"2023/06/12","19:00","9.33","238","13.02","79.7","1001.7","-","-"
"2023/06/12","20:00","11.27","254","16.52","81.1","1001.7","-","-"
"2023/06/12","21:00","9.14","223","12.83","81.1","1001.2","-","-"
"2023/06/12","22:00","6.41","243","10.11","80.8","1001.4","-","-"
"2023/06/12","23:00","6.61","267","8.55","79.3","1001.6","-","-"
"2023/06/13","00:00","3.5","231","4.86","76.8","1002","-","-"
"2023/06/13","01:00","6.22","193","7.58","74.3","1003.1","-","-"
"2023/06/13","02:00","5.83","247","6.8","74.8","1003.4","-","-"
"2023/06/13","03:00","7.19","245","9.72","74.5","1004.3","-","-"
"2023/06/13","04:00","10.3","0","14.38","73.2","1005.2","-","-"
"2023/06/13","05:00","11.27","357","14.38","72.3","1005.5","-","-"
"2023/06/13","06:00","4.28","348","7","71.2","1005.7","-","-"
"2023/06/13","07:00","5.44","1","7.39","70.3","1005.9","-","-"
"2023/06/13","08:00","6.22","346","7.97","69.6","1005.8","-","-"
"2023/06/13","09:00","8.36","341","11.08","68.5","1006.1","-","-"
"2023/06/13","10:00","5.25","333","7.39","67.8","1007.1","-","-"
"2023/06/13","11:00","3.5","350","4.28","68","1008","-","-"
"2023/06/13","12:00","0.78","327","2.72","71.1","1008.4","-","-"
"2023/06/13","13:00","1.94","63","2.53","71.2","1008.3","-","-"
"2023/06/13","14:00","2.14","301","2.53","73","1008.2","-","-"
"2023/06/13","15:00","4.08","84","4.67","72.7","1008.1","-","-"
"2023/06/13","16:00","7.78","85","9.72","72.7","1007.9","-","-"
"2023/06/13","17:00","12.83","105","14","73.8","1007.4","-","-"
"2023/06/13","18:00","10.5","82","12.25","73.8","1006.3","-","-"
"2023/06/13","19:00","12.05","99","16.33","73.8","1006.1","-","-"
"2023/06/13","20:00","11.08","152","15.16","75.6","1005.7","-","-"
"2023/06/13","21:00","9.14","134","15.94","75.4","1005.2","-","-"
"2023/06/13","22:00","3.5","178","8.36","76.1","1005.2","-","-"
"2023/06/13","23:00","5.05","220","7.19","78.6","1004.9","-","-"
"2023/06/14","00:00","2.53","262","3.89","77","1005.2","-","-"
"2023/06/14","01:00","3.11","239","3.3","72.3","1005","-","-"
"2023/06/14","02:00","4.86","224","5.05","71.1","1005.1","-","-"
"2023/06/14","03:00","6.8","189","8.55","71.2","1005","-","-"
"2023/06/14","04:00","6.03","195","7.97","70.3","1005","-","-"
"2023/06/14","05:00","5.25","197","7.19","70","1004.7","-","-"
"2023/06/14","06:00","6.22","199","8.55","69.8","1004.4","-","-"
"2023/06/14","07:00","6.8","205","8.16","68.9","1003.6","-","-"
"2023/06/14","08:00","7.19","208","8.55","68","1003","-","-"
"2023/06/14","09:00","9.33","219","11.47","67.5","1002.8","-","-"
"2023/06/14","10:00","10.11","224","12.05","67.5","1002.8","-","-"
"2023/06/14","11:00","9.91","226","14","67.8","1002.8","-","-"
"2023/06/14","12:00","7.97","224","10.11","69.8","1002.8","-","-"
"2023/06/14","13:00","6.61","239","9.14","72.3","1002.8","-","-"
"2023/06/14","14:00","9.91","254","14","73.8","1002.5","-","-"
"2023/06/14","15:00","13.8","223","17.88","75.7","1002","-","-"
"2023/06/14","16:00","8.16","239","15.94","77.4","1001.8","-","-"
"2023/06/14","17:00","13.41","256","21.77","79.9","1001.4","-","-"
"2023/06/14","18:00","15.55","252","19.05","80.4","1001.1","-","-"
"2023/06/14","19:00","15.75","259","24.69","80.8","1001","-","-"
"2023/06/14","20:00","12.05","238","18.66","81.1","1000.7","-","-"
"2023/06/14","21:00","11.66","274","14.58","81","1000.6","-","-"
"2023/06/14","22:00","9.14","290","15.36","80.2","1000.5","-","-"
"2023/06/14","23:00","9.52","283","13.61","79.5","1001.2","-","-"
"2023/06/15","00:00","6.41","293","7.97","77.7","1001.3","-","-"
"2023/06/15","01:00","6.41","281","9.33","76.8","1001.8","-","-"
"2023/06/15","02:00","6.22","276","7.78","75","1002.8","-","-"
"2023/06/15","03:00","7.19","301","10.3","75.6","1003.1","-","-"
"2023/06/15","04:00","6.03","237","8.36","74.8","1002.7","-","-"
"2023/06/15","05:00","5.05","227","8.16","73.2","1002.9","-","-"
"2023/06/15","06:00","4.47","237","6.03","72","1003","-","-"
"2023/06/15","07:00","8.55","235","11.66","67.3","1003","-","-"
"2023/06/15","08:00","4.28","294","5.05","67.8","1002.1","-","-"
"2023/06/15","09:00","3.11","254","3.5","67.6","1002.8","-","-"
"2023/06/15","10:00","4.47","278","5.25","67.1","1003.7","-","-"
"2023/06/15","11:00","3.3","282","3.69","68.4","1004","-","-"
"2023/06/15","12:00","4.08","296","4.67","70.3","1005","-","-"
"2023/06/15","13:00","2.92","21","4.08","72.5","1005.5","-","-"
"2023/06/15","14:00","4.28","25","5.25","73.4","1005.5","-","-"
"2023/06/15","15:00","0","300","0","81.3","1005.7","-","-"
"2023/06/15","16:00","4.08","45","5.05","75","1005.8","-","-"
"2023/06/15","17:00","8.16","78","9.52","74.1","1005.5","-","-"
"2023/06/15","18:00","8.16","244","13.02","77.9","1005.4","-","-"
"2023/06/15","19:00","2.14","37","3.3","77.7","1005.2","-","-"
"2023/06/15","20:00","5.25","262","11.86","80.8","1004.5","-","-"
"2023/06/15","21:00","9.14","241","11.86","81","1004.3","-","-"
"2023/06/15","22:00","7","226","10.3","81","1004.4","-","-"
"2023/06/15","23:00","3.89","227","6.03","80.4","1004.7","-","-"
"2023/06/16","00:00","6.41","148","7.97","77","1004.9","-","-"
"2023/06/16","01:00","7.58","165","9.52","74.7","1005.5","-","-"
"2023/06/16","02:00","7.58","177","8.94","74.3","1005.7","-","-"
"2023/06/16","03:00","5.83","175","7.97","73.4","1005.8","-","-"
"2023/06/16","04:00","7.39","185","10.5","72.1","1005.8","-","-"
"2023/06/16","05:00","5.64","172","7.19","71.2","1005.9","-","-"
"2023/06/16","06:00","8.36","178","9.91","70.7","1005.7","-","-"
"2023/06/16","07:00","8.55","192","11.08","70.9","1005.1","-","-"
"2023/06/16","08:00","5.25","183","7","71.1","1004.9","-","-"
"2023/06/16","09:00","2.72","203","4.28","70.2","1004.6","-","-"
"2023/06/16","10:00","2.72","201","3.69","70.7","1004.2","-","-"
"2023/06/16","11:00","6.22","206","7.78","71.2","1004","-","-"
"2023/06/16","12:00","8.94","212","11.27","73","1004","-","-"
"2023/06/16","13:00","6.61","215","10.89","75.6","1004","-","-"
"2023/06/16","14:00","4.86","242","7.97","78.1","1004.4","-","-"
"2023/06/16","15:00","8.16","255","11.08","79","1004.5","-","-"
"2023/06/16","16:00","5.64","260","8.75","79","1004.1","-","-"
"2023/06/16","17:00","7.19","246","10.69","81.5","1003.1","-","-"
"2023/06/16","18:00","3.89","252","9.52","83.5","1001.7","-","-"
"2023/06/16","19:00","9.14","186","12.44","81.5","1001.6","-","-"
"2023/06/16","20:00","11.66","108","13.61","75.7","1001.5","-","-"
"2023/06/16","21:00","9.72","165","12.25","70.9","1002.2","-","-"
"2023/06/16","22:00","13.41","266","17.88","66.2","1003.4","-","-"
"2023/06/16","23:00","11.08","182","16.13","67.1","1000.6","-","-"
"2023/06/17","00:00","8.16","212","9.33","66.9","1001.4","-","-"
"2023/06/17","01:00","2.33","255","3.89","66.7","1002.3","-","-"
"2023/06/17","02:00","2.72","346","4.67","67.6","1003.5","-","-"
"2023/06/17","03:00","2.92","287","4.28","69.3","1003.7","-","-"
"2023/06/17","04:00","5.44","250","8.75","66","1004.3","-","-"
"2023/06/17","05:00","7.39","254","9.14","66","1004.5","-","-"
"2023/06/17","06:00","8.94","295","11.08","66.4","1004.4","-","-"
"2023/06/17","07:00","13.22","304","16.33","67.6","1004.6","-","-"
"2023/06/17","08:00","14.77","321","19.05","68","1005.1","-","-"
"2023/06/17","09:00","18.66","322","20.99","67.1","1005.7","-","-"
"2023/06/17","10:00","14","322","17.3","66.6","1006.3","-","-"
"2023/06/17","11:00","14.38","324","18.47","66","1006.8","-","-"
"2023/06/17","12:00","14.58","325","16.91","66.6","1007.5","-","-"
"2023/06/17","13:00","15.16","322","18.66","67.5","1007.8","-","-"
"2023/06/17","14:00","10.5","336","14.58","69.3","1007.7","-","-"
"2023/06/17","15:00","10.5","303","12.63","69.8","1007.7","-","-"
"2023/06/17","16:00","9.91","308","12.05","71.4","1007.9","-","-"
"2023/06/17","17:00","10.3","314","12.63","73","1007.7","-","-"
"2023/06/17","18:00","11.86","317","14.19","74.1","1007.2","-","-"
"2023/06/17","19:00","8.94","316","11.08","75.7","1007.2","-","-"
"2023/06/17","20:00","3.89","304","5.25","77.2","1007.2","-","-"
"2023/06/17","21:00","4.86","233","6.8","78.3","1007","-","-"
"2023/06/17","22:00","2.33","269","3.69","78.6","1006.9","-","-"
"2023/06/17","23:00","0.97","261","2.14","77.4","1007.5","-","-"
"2023/06/18","00:00","3.89","282","4.28","76.8","1007.9","-","-"
"2023/06/18","01:00","1.94","207","2.33","73.2","1008.6","-","-"
"2023/06/18","02:00","1.36","220","1.56","71.2","1009.4","-","-"
"2023/06/18","03:00","1.94","196","2.72","70.9","1009.7","-","-"
"2023/06/18","04:00","1.17","242","2.53","71.1","1010.2","-","-"
"2023/06/18","05:00","1.94","191","2.53","69.3","1010.2","-","-"
"2023/06/18","06:00","0.97","251","1.75","69.3","1010","-","-"
"2023/06/18","07:00","2.92","246","3.69","68.7","1009.8","-","-"
"2023/06/18","08:00","2.72","232","3.3","66.7","1009.6","-","-"
"2023/06/18","09:00","2.14","265","2.92","67.3","1009.7","-","-"
"2023/06/18","10:00","6.03","319","8.55","70.5","1010","-","-"
"2023/06/18","11:00","6.61","325","8.75","70","1010.8","-","-"
"2023/06/18","12:00","6.22","326","7.58","69.4","1011.5","-","-"
"2023/06/18","13:00","2.53","10","3.89","70.3","1011.9","-","-"
"2023/06/18","14:00","2.14","161","3.3","74.8","1011.8","-","-"
"2023/06/18","15:00","2.14","92","3.5","74.5","1012.3","-","-"
"2023/06/18","16:00","3.89","89","4.47","75.9","1012.7","-","-"
"2023/06/18","17:00","6.41","75","7.58","75.7","1012","-","-"
"2023/06/18","18:00","8.75","76","9.72","76.3","1011.3","-","-"
"2023/06/18","19:00","8.75","72","10.11","76.6","1011","-","-"
"2023/06/18","20:00","7.58","69","8.16","77.2","1011","-","-"
"2023/06/18","21:00","8.94","104","11.27","78.8","1010.8","-","-"
"2023/06/18","22:00","7.97","107","8.94","78.8","1010.6","-","-"
"2023/06/18","23:00","6.8","115","8.36","78.3","1010.3","-","-"
"2023/06/19","00:00","9.33","137","11.47","75.7","1010.6","-","-"
"2023/06/19","01:00","7","160","8.94","74.1","1011","-","-"
"2023/06/19","02:00","7.39","155","8.55","73.6","1011.6","-","-"
"2023/06/19","03:00","8.16","154","9.33","73.2","1012","-","-"
"2023/06/19","04:00","6.41","157","7.58","72.9","1012.1","-","-"
"2023/06/19","05:00","3.11","160","4.28","71.8","1012.1","-","-"
"2023/06/19","06:00","2.53","173","4.08","71.4","1012.1","-","-"
"2023/06/19","07:00","2.14","184","3.89","71.1","1011.6","-","-"
"2023/06/19","08:00","3.89","204","5.25","70.9","1011.8","-","-"
"2023/06/19","09:00","2.33","178","4.08","71.1","1012","-","-"
"2023/06/19","10:00","0.78","196","3.3","70.9","1012.6","-","-"
"2023/06/19","11:00","0.97","196","2.72","71.2","1013.3","-","-"
"2023/06/19","12:00","4.28","215","5.83","73.9","1013.6","-","-"
"2023/06/19","13:00","3.5","209","5.83","76.5","1013.8","-","-"
"2023/06/19","14:00","5.64","213","8.36","78.6","1013.9","-","-"
"2023/06/19","15:00","1.94","117","4.47","82","1014.2","-","-"
"2023/06/19","16:00","8.16","202","11.27","81.9","1014.1","-","-"
"2023/06/19","17:00","8.16","149","10.5","83.3","1013.7","-","-"
"2023/06/19","18:00","13.22","89","14.58","78.4","1012.7","-","-"
"2023/06/19","19:00","13.41","102","14.77","82","1012.3","-","-"
"2023/06/19","20:00","14","123","16.13","83.8","1012.3","-","-"
"2023/06/19","21:00","12.25","135","16.91","84","1012.3","-","-"
"2023/06/19","22:00","10.3","140","13.61","82.8","1012.4","-","-"
"2023/06/19","23:00","12.25","139","16.52","81","1013","-","-"
"2023/06/20","00:00","7.58","141","11.08","79.2","1013.3","-","-"
"2023/06/20","01:00","8.16","146","11.66","77.5","1013.8","-","-"
"2023/06/20","02:00","5.83","138","6.8","76.3","1014.1","-","-"
"2023/06/20","03:00","5.64","146","7.19","75.2","1014.3","-","-"
"2023/06/20","04:00","4.08","103","7.58","74.8","1014.2","-","-"
"2023/06/20","05:00","6.8","107","9.14","74.5","1014.1","-","-"
"2023/06/20","06:00","7.78","118","9.91","74.1","1013.8","-","-"
"2023/06/20","07:00","8.55","116","12.83","73.8","1013.5","-","-"
"2023/06/20","08:00","7.97","122","12.25","73.8","1013.4","-","-"
"2023/06/20","09:00","8.16","119","11.47","74.1","1013.6","-","-"
"2023/06/20","10:00","12.25","109","14.19","73.9","1014","-","-"
"2023/06/20","11:00","9.72","103","13.41","73.9","1014.1","-","-"
"2023/06/20","12:00","17.11","80","20.41","72.1","1014.5","-","-"
"2023/06/20","13:00","9.33","76","11.27","72.3","1014.7","-","-"
"2023/06/20","14:00","20.02","61","22.16","72","1014.7","-","-"
"2023/06/20","15:00","19.24","91","21.19","70.5","1015","-","-"
"2023/06/20","16:00","15.16","67","16.72","71.1","1015.1","-","-"
"2023/06/20","17:00","13.02","46","17.11","72.1","1014.9","-","-"
"2023/06/20","18:00","19.44","59","24.3","72.7","1014.7","-","-"
"2023/06/20","19:00","17.11","51","20.6","72.9","1014.5","-","-"
"2023/06/20","20:00","16.33","32","19.63","71.8","1014.1","-","-"
"2023/06/20","21:00","21.77","64","26.44","74.5","1013.9","-","-"
"2023/06/20","22:00","23.33","71","26.82","75","1014.2","-","-"
"2023/06/20","23:00","22.94","66","24.88","74.5","1014.5","-","-"
"2023/06/21","00:00","23.13","60","25.66","74.3","1014.5","-","-"
"2023/06/21","01:00","26.24","62","28.96","74.1","1014.5","-","-"
"2023/06/21","02:00","23.13","65","26.63","73.9","1014.7","-","-"
"2023/06/21","03:00","20.99","61","25.08","73.8","1014.6","-","-"
"2023/06/21","04:00","22.16","54","23.91","73.6","1014.4","-","-"
"2023/06/21","05:00","16.91","45","23.33","73.2","1013.9","-","-"
"2023/06/21","06:00","20.6","41","23.13","71.6","1013.2","-","-"
"2023/06/21","07:00","18.27","40","23.52","71.2","1012.4","-","-"
"2023/06/21","08:00","20.6","44","27.21","70.5","1011.9","-","-"
"2023/06/21","09:00","27.8","45","32.07","70.2","1011.2","-","-"
"2023/06/21","10:00","20.8","40","26.44","69.8","1010.8","-","-"
"2023/06/21","11:00","32.07","68","40.24","70.3","1010.5","-","-"
"2023/06/21","12:00","33.82","78","43.15","70.5","1010.9","-","-"
"2023/06/21","13:00","32.07","78","37.9","71.1","1012","-","-"
"2023/06/21","14:00","29.74","75","35.77","70.3","1012.7","-","-"
"2023/06/21","15:00","28.96","69","37.9","70.5","1013","-","-"
"2023/06/21","16:00","31.1","65","40.43","69.8","1013.1","-","-"
"2023/06/21","17:00","28.96","64","35.18","70.5","1012.9","-","-"
"2023/06/21","18:00","27.6","59","33.43","70","1012.5","-","-"
"2023/06/21","19:00","30.52","61","35.18","69.1","1012.7","-","-"
"2023/06/21","20:00","28.57","60","33.43","68.7","1012.5","-","-"
"2023/06/21","21:00","21.38","57","28.38","69.1","1012.4","-","-"
"2023/06/21","22:00","21.38","51","24.49","69.3","1012.5","-","-"
"2023/06/21","23:00","17.49","47","22.55","68.7","1012.6","-","-"
"2023/06/22","00:00","23.13","55","26.24","69.1","1012.9","-","-"
"2023/06/22","01:00","15.55","44","19.05","68.4","1013.3","-","-"
"2023/06/22","02:00","15.36","47","19.24","68.7","1013.6","-","-"
"2023/06/22","03:00","13.61","51","20.02","69.1","1013.6","-","-"
"2023/06/22","04:00","13.8","45","17.3","69.3","1013.6","-","-"
"2023/06/22","05:00","10.11","39","13.02","68.7","1013.3","-","-"
"2023/06/22","06:00","9.33","37","10.69","68.7","1013.1","-","-"
"2023/06/22","07:00","8.16","38","10.5","68.5","1013.4","-","-"
"2023/06/22","08:00","9.14","53","10.69","68.7","1013.6","-","-"
"2023/06/22","09:00","9.33","43","11.47","68.5","1013.5","-","-"
"2023/06/22","10:00","9.52","42","10.69","68.2","1014","-","-"
"2023/06/22","11:00","6.41","34","7.58","68","1014.5","-","-"
"2023/06/22","12:00","8.94","47","10.11","68.4","1015","-","-"
"2023/06/22","13:00","9.52","55","10.3","69.1","1015.5","-","-"
"2023/06/22","14:00","-","-","-","-","-","-","-"
"2023/06/22","15:00","10.69","75","11.86","70.2","1015.8","-","-"
"2023/06/22","16:00","9.91","76","11.08","70","1015.6","-","-"
"2023/06/22","17:00","10.11","76","11.66","70","1015.5","-","-"
"2023/06/22","18:00","11.86","82","13.41","71.4","1015.3","-","-"
"2023/06/22","19:00","16.91","85","17.88","71.1","1014.8","-","-"
"2023/06/22","20:00","14.19","79","16.91","70.9","1014.6","-","-"
"2023/06/22","21:00","14.97","81","18.27","71.6","1013.6","-","-"
"2023/06/22","22:00","11.47","92","14.97","72.3","1013.3","-","-"
"2023/06/22","23:00","11.27","108","13.41","72.9","1013","-","-"
"2023/06/23","00:00","8.16","107","10.89","73","1013","-","-"
"2023/06/23","01:00","4.86","135","5.83","73.4","1013.2","-","-"
"2023/06/23","02:00","5.05","150","6.41","73.4","1013.5","-","-"
"2023/06/23","03:00","7","155","9.33","74.3","1013.5","-","-"
"2023/06/23","04:00","7.19","140","8.94","73.6","1013.2","-","-"
"2023/06/23","05:00","5.05","162","8.94","72.9","1012.9","-","-"
"2023/06/23","06:00","6.8","158","8.16","73.9","1012.6","-","-"
"2023/06/23","07:00","5.44","166","9.14","74.5","1012.4","-","-"
"2023/06/23","08:00","1.94","184","4.86","73.6","1012.1","-","-"
"2023/06/23","09:00","4.08","136","4.86","73.4","1012.3","-","-"
"2023/06/23","10:00","6.22","158","7.39","73","1012.6","-","-"
"2023/06/23","11:00","8.55","191","11.27","74.1","1012.4","-","-"
"2023/06/23","12:00","7.19","180","11.08","74.1","1013.1","-","-"
"2023/06/23","13:00","10.5","167","13.02","75","1013.3","-","-"
"2023/06/23","14:00","7.97","188","14.77","77.5","1012.9","-","-"
"2023/06/23","15:00","6.61","171","11.08","78.8","1012.4","-","-"
"2023/06/23","16:00","1.56","174","7.19","78.4","1012.2","-","-"
"2023/06/23","17:00","10.89","150","13.22","72.5","1012.2","-","-"
"2023/06/23","18:00","5.44","152","7","74.3","1011.7","-","-"
"2023/06/23","19:00","6.03","150","8.94","79.7","1010.7","-","-"
"2023/06/23","20:00","5.64","140","7","77.5","1010.9","-","-"
"2023/06/23","21:00","9.33","1","10.5","73.9","1011","-","-"
"2023/06/23","22:00","7.58","329","8.36","72.7","1011","-","-"
"2023/06/23","23:00","3.89","267","4.47","72.5","1010.8","-","-"
"2023/06/24","00:00","5.25","187","6.03","72.7","1010.6","-","-"
"2023/06/24","01:00","5.44","176","7.39","72.5","1010.3","-","-"
"2023/06/24","02:00","4.08","155","6.03","72.5","1010.5","-","-"
"2023/06/24","03:00","7.58","189","11.08","72.5","1010.7","-","-"
"2023/06/24","04:00","5.83","192","8.75","72.3","1010.5","-","-"
"2023/06/24","05:00","7.58","206","10.69","72.3","1010.4","-","-"
"2023/06/24","06:00","7.58","212","8.94","72.7","1009.8","-","-"
"2023/06/24","07:00","7.19","217","9.91","72.9","1009.4","-","-"
"2023/06/24","08:00","3.11","243","5.25","73","1009.6","-","-"
"2023/06/24","09:00","2.33","206","3.69","72.3","1009.4","-","-"
"2023/06/24","10:00","2.53","196","3.11","72.5","1009.8","-","-"
"2023/06/24","11:00","3.11","203","4.28","73","1010","-","-"
"2023/06/24","12:00","4.47","215","6.03","74.3","1010.5","-","-"
"2023/06/24","13:00","5.83","184","7.58","75.2","1010.9","-","-"
"2023/06/24","14:00","9.14","194","12.25","75.7","1010.7","-","-"
"2023/06/24","15:00","7.39","201","9.33","77.2","1010.5","-","-"
"2023/06/24","16:00","8.16","231","10.5","78.4","1010","-","-"
"2023/06/24","17:00","6.41","248","8.94","80.8","1009.7","-","-"
"2023/06/24","18:00","7.97","220","9.72","81.3","1009.3","-","-"
"2023/06/24","19:00","8.75","275","10.3","81.5","1009","-","-"
"2023/06/24","20:00","8.16","256","10.69","83.1","1008.5","-","-"
"2023/06/24","21:00","5.25","244","7.19","82.4","1008.5","-","-"
"2023/06/24","22:00","1.17","248","3.89","82.6","1008.1","-","-"
"2023/06/24","23:00","2.92","227","3.69","82.6","1008.3","-","-"
"2023/06/25","00:00","6.22","315","8.36","80.2","1008.6","-","-"
"2023/06/25","01:00","0.78","205","1.94","76.8","1008.7","-","-"
"2023/06/25","02:00","3.5","353","3.69","76.8","1009.4","-","-"
"2023/06/25","03:00","2.72","203","3.69","75.6","1009.6","-","-"
"2023/06/25","04:00","4.86","205","7.39","75","1009.5","-","-"
"2023/06/25","05:00","5.25","229","7.97","74.8","1009.4","-","-"
"2023/06/25","06:00","2.14","231","2.72","73.9","1009.2","-","-"
"2023/06/25","07:00","4.28","239","5.44","73.4","1008.6","-","-"
"2023/06/25","08:00","2.92","282","4.28","72.1","1008.3","-","-"
"2023/06/25","09:00","6.8","297","8.16","73.4","1008.4","-","-"
"2023/06/25","10:00","2.72","224","3.5","72.3","1009.1","-","-"
"2023/06/25","11:00","4.67","246","6.03","72.5","1009.8","-","-"
"2023/06/25","12:00","4.28","290","6.03","73.6","1010","-","-"
"2023/06/25","13:00","3.5","291","4.08","74.3","1009.9","-","-"
"2023/06/25","14:00","1.17","140","1.94","79.5","1009.9","-","-"
"2023/06/25","15:00","3.89","124","4.86","80.6","1010","-","-"
"2023/06/25","16:00","6.61","80","7","79.5","1009.9","-","-"
"2023/06/25","17:00","9.52","70","9.91","78.6","1009.8","-","-"
"2023/06/25","18:00","8.94","62","9.91","79.2","1009.4","-","-"
"2023/06/25","19:00","8.75","77","10.11","79.7","1009","-","-"
"2023/06/25","20:00","5.25","88","6.61","79.9","1009.1","-","-"
"2023/06/25","21:00","4.67","154","5.64","82.4","1008.5","-","-"
"2023/06/25","22:00","5.83","143","7.58","82.4","1008.3","-","-"
"2023/06/25","23:00","5.83","160","7","82","1007.9","-","-"
"2023/06/26","00:00","6.03","163","7.78","80.2","1007.7","-","-"
"2023/06/26","01:00","7.58","190","9.14","77.7","1007.6","-","-"
"2023/06/26","02:00","7.58","198","10.11","76.8","1008.1","-","-"
"2023/06/26","03:00","7.39","205","9.33","75.9","1008.1","-","-"
"2023/06/26","04:00","6.41","197","9.52","75.9","1007.8","-","-"
"2023/06/26","05:00","7.39","190","9.14","75.7","1007.2","-","-"
"2023/06/26","06:00","7.19","187","10.11","75.7","1006.7","-","-"
"2023/06/26","07:00","8.55","192","11.08","75.7","1006.4","-","-"
"2023/06/26","08:00","9.33","209","12.44","75.2","1006.2","-","-"
"2023/06/26","09:00","7.78","217","10.11","75.2","1006.3","-","-"
"2023/06/26","10:00","7.78","200","10.69","74.8","1006.6","-","-"
"2023/06/26","11:00","7.19","204","11.66","75.6","1006.5","-","-"
"2023/06/26","12:00","8.75","196","12.05","76.8","1006.9","-","-"
"2023/06/26","13:00","6.8","196","11.08","77.7","1006.8","-","-"
"2023/06/26","14:00","6.8","189","10.5","80.8","1006.4","-","-"
"2023/06/26","15:00","7.97","201","10.11","82","1006","-","-"
"2023/06/26","16:00","11.27","209","15.75","83.8","1005.4","-","-"
"2023/06/26","17:00","10.89","178","16.33","84.7","1004.9","-","-"
"2023/06/26","18:00","4.67","171","8.75","84.4","1004.6","-","-"
"2023/06/26","19:00","12.05","207","15.75","84.2","1004.2","-","-"
"2023/06/26","20:00","13.61","206","18.66","84.2","1003.7","-","-"
"2023/06/26","21:00","10.11","206","14.19","86","1003","-","-"
"2023/06/26","22:00","9.14","196","16.13","86.5","1002.5","-","-"
"2023/06/26","23:00","7.78","199","10.89","87.1","1002.7","-","-"
"2023/06/27","00:00","7.39","203","10.11","85.5","1003.1","-","-"
"2023/06/27","01:00","6.8","220","8.16","82.9","1003.6","-","-"
"2023/06/27","02:00","9.14","308","11.27","78.8","1003.8","-","-"
"2023/06/27","03:00","23.71","337","28.57","77.9","1004.8","-","-"
"2023/06/27","04:00","3.69","105","3.89","75.4","1003.9","-","-"
"2023/06/27","05:00","16.91","324","22.16","72","1004.7","-","-"
"2023/06/27","06:00","8.55","296","12.83","67.1","1005.8","-","-"
"2023/06/27","07:00","4.08","164","6.22","68.5","1003.9","-","-"
"2023/06/27","08:00","7.19","95","7.97","68.2","1004","-","-"
"2023/06/27","09:00","4.47","215","5.25","68.5","1003.5","-","-"
"2023/06/27","10:00","2.92","207","5.25","67.8","1003.5","-","-"
"2023/06/27","11:00","6.03","178","8.16","69.1","1004.3","-","-"
"2023/06/27","12:00","7.78","190","11.08","70.9","1004.7","-","-"
"2023/06/27","13:00","14.38","209","17.88","71.4","1004.8","-","-"
"2023/06/27","14:00","7.19","216","9.91","73.8","1004.8","-","-"
"2023/06/27","15:00","8.36","228","10.69","75.7","1004.7","-","-"
"2023/06/27","16:00","6.41","222","9.91","78.8","1004.5","-","-"
"2023/06/27","17:00","9.14","233","11.08","80.6","1004.2","-","-"
"2023/06/27","18:00","6.41","245","8.75","82.9","1003.5","-","-"
"2023/06/27","19:00","9.72","206","11.86","82.9","1003.3","-","-"
"2023/06/27","20:00","13.02","284","16.72","83.7","1002.7","-","-"
"2023/06/27","21:00","11.66","263","15.55","84.7","1002.9","-","-"
"2023/06/27","22:00","5.83","240","7.78","81.5","1003.8","-","-"
"2023/06/27","23:00","2.14","262","4.86","81.1","1004.6","-","-"
"2023/06/28","00:00","4.86","116","7.78","78.8","1005.5","-","-"
"2023/06/28","01:00","11.66","16","14.77","74.7","1006.3","-","-"
"2023/06/28","02:00","1.75","109","2.72","71.8","1007.2","-","-"
"2023/06/28","03:00","4.28","146","5.25","73.2","1007.3","-","-"
"2023/06/28","04:00","6.03","225","7","71.2","1006.7","-","-"
"2023/06/28","05:00","5.05","253","6.61","73.2","1007.1","-","-"
"2023/06/28","06:00","4.67","283","6.03","72.1","1007.5","-","-"
"2023/06/28","07:00","4.67","292","5.64","72.5","1007.8","-","-"
"2023/06/28","08:00","6.41","278","7.58","72","1007.2","-","-"
"2023/06/28","09:00","6.03","271","7","71.4","1008","-","-"
"2023/06/28","10:00","5.05","268","6.03","70.9","1008.6","-","-"
"2023/06/28","11:00","6.22","282","7.39","71.8","1009.5","-","-"
"2023/06/28","12:00","5.64","306","7.39","73.9","1010.4","-","-"
"2023/06/28","13:00","3.69","296","5.64","75.2","1010.8","-","-"
"2023/06/28","14:00","7.19","300","8.36","75.6","1011.1","-","-"
"2023/06/28","15:00","3.3","299","4.08","77.4","1010.8","-","-"
"2023/06/28","16:00","4.47","339","5.44","78.3","1010.9","-","-"
"2023/06/28","17:00","7.58","317","9.91","78.4","1010.9","-","-"
"2023/06/28","18:00","3.5","344","5.44","80.1","1010.6","-","-"
"2023/06/28","19:00","6.8","87","9.14","78.8","1010.4","-","-"
"2023/06/28","20:00","5.44","80","6.41","79","1010.6","-","-"
"2023/06/28","21:00","6.8","83","7.39","78.8","1010.4","-","-"
"2023/06/28","22:00","7.58","85","7.97","79.3","1010.2","-","-"
"2023/06/28","23:00","5.83","111","7.19","80.2","1010.6","-","-"
"2023/06/29","00:00","3.69","153","5.05","78.8","1011","-","-"
"2023/06/29","01:00","8.36","50","9.52","77.4","1011.7","-","-"
"2023/06/29","02:00","5.64","51","7.19","77.4","1012.5","-","-"
"2023/06/29","03:00","7.78","50","8.75","77.4","1013.3","-","-"
"2023/06/29","04:00","2.92","96","3.5","77.2","1013.6","-","-"
"2023/06/29","05:00","3.69","6","4.47","75.4","1013.6","-","-"
"2023/06/29","06:00","1.56","339","2.53","75","1013.7","-","-"
"2023/06/29","07:00","5.05","339","5.83","73.8","1013.8","-","-"
"2023/06/29","08:00","5.83","321","7.78","72.5","1013.8","-","-"
"2023/06/29","09:00","5.64","355","8.16","71.2","1013.9","-","-"
"2023/06/29","10:00","7.78","337","8.75","70.5","1014.4","-","-"
"2023/06/29","11:00","4.47","360","6.41","69.8","1015.2","-","-"
"2023/06/29","12:00","4.47","337","7.58","70.7","1016","-","-"
"2023/06/29","13:00","3.5","340","4.47","73.2","1016.7","-","-"
"2023/06/29","14:00","3.69","340","4.86","75.2","1016.5","-","-"
"2023/06/29","15:00","2.14","87","3.89","77.7","1016.5","-","-"
"2023/06/29","16:00","7.97","97","9.72","77","1016.3","-","-"
"2023/06/29","17:00","9.72","84","10.89","76.1","1016.2","-","-"
"2023/06/29","18:00","8.16","76","9.33","76.6","1016","-","-"
"2023/06/29","19:00","6.8","77","7.39","77.7","1015.9","-","-"
"2023/06/29","20:00","8.94","81","9.52","77.7","1015.5","-","-"
"2023/06/29","21:00","7","101","8.75","79.2","1015.1","-","-"
"2023/06/29","22:00","8.55","101","9.91","78.4","1015","-","-"
"2023/06/29","23:00","6.61","104","7.78","78.1","1015.3","-","-"
"2023/06/30","00:00","5.44","118","7.97","76.8","1015.8","-","-"
"2023/06/30","01:00","3.89","162","5.64","75.7","1015.8","-","-"
"2023/06/30","02:00","5.25","157","5.83","74.7","1015.7","-","-"
"2023/06/30","03:00","6.22","167","7.19","73.6","1016.1","-","-"
"2023/06/30","04:00","5.05","177","6.61","73.2","1015.7","-","-"
"2023/06/30","05:00","5.64","175","6.8","72.1","1015.5","-","-"
"2023/06/30","06:00","2.72","213","4.08","71.2","1016","-","-"
"2023/06/30","07:00","1.56","187","2.53","71.2","1015.5","-","-"
"2023/06/30","08:00","2.53","158","3.3","70.9","1015.2","-","-"
"2023/06/30","09:00","3.11","150","5.05","70.7","1014.5","-","-"
"2023/06/30","10:00","1.36","152","2.72","70.5","1015.1","-","-"
"2023/06/30","11:00","1.75","230","2.33","71.2","1015.8","-","-"
"2023/06/30","12:00","1.75","153","2.92","75","1016.3","-","-"
"2023/06/30","13:00","4.08","149","4.67","77","1016.8","-","-"
"2023/06/30","14:00","1.17","132","2.72","80.4","1016.6","-","-"
"2023/06/30","15:00","4.86","60","5.44","78.4","1016.6","-","-"
"2023/06/30","16:00","8.55","71","11.08","78.1","1016.2","-","-"
"2023/06/30","17:00","10.5","80","11.66","78.4","1015.7","-","-"
"2023/06/30","18:00","11.08","100","12.25","81","1015.1","-","-"
"2023/06/30","19:00","11.86","87","13.02","79.5","1014.8","-","-"
"2023/06/30","20:00","13.22","121","15.75","79.7","1014.8","-","-"
"2023/06/30","21:00","10.69","135","13.41","78.6","1014.4","-","-"
"2023/06/30","22:00","12.44","124","14.58","78.1","1014.3","-","-"
"2023/06/30","23:00","10.5","126","12.83","77.5","1014.9","-","-"
"2023/07/01","00:00","5.83","114","9.14","77.5","1015.4","-","-"
"2023/07/01","01:00","6.03","115","7.78","77","1015.2","-","-"
"2023/07/01","02:00","6.61","129","8.16","76.8","1015.8","-","-"
"2023/07/01","03:00","5.64","163","8.36","76.5","1015.2","-","-"
"2023/07/01","04:00","3.89","147","6.61","75.7","1015.4","-","-"
"2023/07/01","05:00","4.08","159","5.64","75.2","1015.2","-","-"
"2023/07/01","06:00","2.33","163","3.5","74.7","1014.8","-","-"
"2023/07/01","07:00","3.11","136","3.89","75","1014.7","-","-"
"2023/07/01","08:00","3.11","155","3.89","74.5","1014.1","-","-"
"2023/07/01","09:00","2.72","170","4.47","73.8","1014.2","-","-"
"2023/07/01","10:00","3.5","154","4.47","73.2","1014.9","-","-"
"2023/07/01","11:00","3.5","167","4.67","73.8","1015","-","-"
"2023/07/01","12:00","3.69","185","4.86","75.6","1015.5","-","-"
"2023/07/01","13:00","3.69","199","8.55","77.5","1015.7","-","-"
"2023/07/01","14:00","5.64","239","7.97","80.2","1015.4","-","-"
"2023/07/01","15:00","4.47","198","6.22","82.4","1015.1","-","-"
"2023/07/01","16:00","5.44","200","8.36","83.7","1015.1","-","-"
"2023/07/01","17:00","4.86","103","8.36","82.4","1014.7","-","-"
"2023/07/01","18:00","7.97","94","10.69","83.3","1014","-","-"
"2023/07/01","19:00","13.02","106","14.19","83.8","1013.2","-","-"
"2023/07/01","20:00","11.66","103","14.19","83.1","1012.8","-","-"
"2023/07/01","21:00","10.69","119","12.83","82.9","1012","-","-"
"2023/07/01","22:00","10.5","138","12.63","82.9","1011.5","-","-"
"2023/07/01","23:00","5.64","117","6.61","82.4","1011.6","-","-"
"2023/07/02","00:00","6.61","154","8.55","83.1","1011.7","-","-"
"2023/07/02","01:00","6.8","177","10.5","82.4","1012.1","-","-"
"2023/07/02","02:00","3.89","169","5.44","80.1","1012","-","-"
"2023/07/02","03:00","5.05","245","6.41","78.6","1012.2","-","-"
"2023/07/02","04:00","9.33","226","12.25","77.7","1012.4","-","-"
"2023/07/02","05:00","7.78","215","9.72","77.9","1012.2","-","-"
"2023/07/02","06:00","7.78","203","10.89","78.6","1011.4","-","-"
"2023/07/02","07:00","11.86","214","15.75","78.3","1011","-","-"
"2023/07/02","08:00","11.27","212","14.97","77.5","1010.8","-","-"
"2023/07/02","09:00","9.14","211","14","76.5","1011.1","-","-"
"2023/07/02","10:00","11.66","210","15.55","76.1","1011.1","-","-"
"2023/07/02","11:00","7.58","207","10.5","75.6","1011.3","-","-"
"2023/07/02","12:00","9.33","213","12.63","76.8","1011.7","-","-"
"2023/07/02","13:00","8.55","207","13.61","78.4","1011.9","-","-"
"2023/07/02","14:00","6.03","247","9.72","80.4","1011.9","-","-"
"2023/07/02","15:00","9.14","209","15.16","81.1","1011.7","-","-"
"2023/07/02","16:00","12.25","224","16.52","83.5","1011.6","-","-"
"2023/07/02","17:00","13.8","219","17.49","85.5","1011.4","-","-"
"2023/07/02","18:00","9.14","236","13.02","87.6","1011","-","-"
"2023/07/02","19:00","8.16","235","11.27","88.5","1010.8","-","-"
"2023/07/02","20:00","8.75","240","11.27","89.6","1010.5","-","-"
"2023/07/02","21:00","12.63","216","16.13","90.7","1009.8","-","-"
"2023/07/02","22:00","5.25","225","9.14","89.1","1009.3","-","-"
"2023/07/02","23:00","5.25","180","6.41","88.9","1008.7","-","-"
"2023/07/03","00:00","5.83","200","7.19","88.2","1008.6","-","-"
"2023/07/03","01:00","4.47","210","6.61","86.2","1009","-","-"
"2023/07/03","02:00","10.5","235","14.58","85.5","1009.9","-","-"
"2023/07/03","03:00","8.94","235","10.89","84","1010.5","-","-"
"2023/07/03","04:00","8.75","234","12.25","82.4","1010.8","-","-"
"2023/07/03","05:00","7.97","220","10.3","82.2","1011","-","-"
"2023/07/03","06:00","9.33","216","11.47","81","1010.9","-","-"
"2023/07/03","07:00","10.5","219","13.41","80.8","1010.6","-","-"
"2023/07/03","08:00","7.19","256","8.55","79.9","1010.6","-","-"
"2023/07/03","09:00","6.8","223","9.14","78.3","1010.1","-","-"
"2023/07/03","10:00","9.72","212","12.44","77.9","1010","-","-"
"2023/07/03","11:00","9.14","225","13.61","79","1010.8","-","-"
"2023/07/03","12:00","11.27","214","14.77","80.2","1011.2","-","-"
"2023/07/03","13:00","11.08","242","15.36","82","1011.3","-","-"
"2023/07/03","14:00","7.97","257","9.91","83.3","1011.4","-","-"
"2023/07/03","15:00","11.27","254","14.58","84.9","1011.3","-","-"
"2023/07/03","16:00","9.52","224","12.05","86.7","1011.4","-","-"
"2023/07/03","17:00","4.28","240","7.58","87.6","1011.4","-","-"
"2023/07/03","18:00","7.39","248","10.69","88.2","1011.2","-","-"
"2023/07/03","19:00","7.19","242","13.41","90.1","1010.2","-","-"
"2023/07/03","20:00","8.75","276","10.5","90.3","1009.4","-","-"
"2023/07/03","21:00","3.89","170","6.03","88.2","1010.1","-","-"
"2023/07/03","22:00","13.41","196","19.24","83.5","1010.3","-","-"
"2023/07/03","23:00","13.41","194","17.11","82.2","1011.4","-","-"
"2023/07/04","00:00","14.97","190","24.1","77.9","1011.7","-","-"
"2023/07/04","01:00","15.55","190","24.3","77.5","1011.6","-","-"
"2023/07/04","02:00","11.27","206","17.11","76.6","1011.1","-","-"
"2023/07/04","03:00","8.36","205","10.89","77.7","1011.2","-","-"
"2023/07/04","04:00","14.38","216","18.86","78.4","1011.5","-","-"
"2023/07/04","05:00","13.02","221","19.63","77.9","1011.6","-","-"
"2023/07/04","06:00","12.05","232","17.11","76.6","1012","-","-"
"2023/07/04","07:00","8.55","204","11.27","76.5","1011.5","-","-"
"2023/07/04","08:00","6.61","225","9.52","76.3","1011.5","-","-"
"2023/07/04","09:00","9.72","223","13.41","76.5","1011.5","-","-"
"2023/07/04","10:00","8.75","226","10.5","76.3","1011.9","-","-"
"2023/07/04","11:00","7.39","231","9.91","76.6","1012.1","-","-"
"2023/07/04","12:00","6.61","231","9.91","78.1","1012.4","-","-"
"2023/07/04","13:00","8.75","239","10.5","79.9","1013","-","-"
"2023/07/04","14:00","7.19","261","9.33","81.7","1012.9","-","-"
"2023/07/04","15:00","8.94","238","12.25","83.7","1013","-","-"
"2023/07/04","16:00","7.97","279","11.08","85.1","1012.7","-","-"
"2023/07/04","17:00","9.91","260","12.44","86.5","1012.8","-","-"
"2023/07/04","18:00","4.47","270","10.11","87.6","1012.6","-","-"
"2023/07/04","19:00","9.72","273","14","88","1012.4","-","-"
"2023/07/04","20:00","6.8","258","10.89","88.9","1011.9","-","-"
"2023/07/04","21:00","9.33","240","11.66","89.1","1011.3","-","-"
"2023/07/04","22:00","4.86","260","10.11","89.2","1011.2","-","-"
"2023/07/04","23:00","4.67","226","6.22","87.8","1011.9","-","-"
"2023/07/05","00:00","4.67","239","5.64","86.4","1012.5","-","-"
"2023/07/05","01:00","5.44","237","5.83","84.6","1012.5","-","-"
"2023/07/05","02:00","5.05","258","6.22","83.7","1013.1","-","-"
"2023/07/05","03:00","6.61","255","7.39","83.7","1013.5","-","-"
"2023/07/05","04:00","5.05","218","7","81","1013.7","-","-"
"2023/07/05","05:00","4.28","223","5.64","80.2","1013.8","-","-"
"2023/07/05","06:00","2.92","251","3.5","79.5","1013.5","-","-"
"2023/07/05","07:00","0.39","293","0.58","79.3","1013.1","-","-"
"2023/07/05","08:00","4.08","205","8.55","78.6","1012.7","-","-"
"2023/07/05","09:00","0.58","171","3.5","77.7","1013","-","-"
"2023/07/05","10:00","1.56","264","1.94","77.4","1013.5","-","-"
"2023/07/05","11:00","1.17","295","1.56","77.9","1014","-","-"
"2023/07/05","12:00","1.36","254","1.94","81.1","1014.1","-","-"
"2023/07/05","13:00","1.94","326","2.33","82.9","1014.3","-","-"
"2023/07/05","14:00","0.19","265","1.36","83.7","1014.1","-","-"
"2023/07/05","15:00","0.19","138","1.75","86.2","1014.3","-","-"
"2023/07/05","16:00","6.8","98","7.58","84.2","1014.4","-","-"
"2023/07/05","17:00","7.39","86","8.36","83.7","1014.5","-","-"
"2023/07/05","18:00","5.83","78","6.22","84.6","1014.3","-","-"
"2023/07/05","19:00","6.61","78","7.39","84.6","1013.6","-","-"
"2023/07/05","20:00","6.41","87","7.39","84.7","1012.7","-","-"
"2023/07/05","21:00","9.14","91","9.52","84.6","1012.7","-","-"
"2023/07/05","22:00","6.41","105","7.58","85.1","1012.5","-","-"
"2023/07/05","23:00","7.78","119","9.14","85.6","1012.1","-","-"
"2023/07/06","00:00","4.28","137","6.41","85.5","1012.5","-","-"
"2023/07/06","01:00","3.3","208","4.08","82.6","1012.9","-","-"
"2023/07/06","02:00","10.3","224","14.58","81.1","1012.8","-","-"
"2023/07/06","03:00","5.44","237","8.36","79.5","1013.1","-","-"
"2023/07/06","04:00","3.11","221","4.86","78.4","1013.7","-","-"
"2023/07/06","05:00","4.47","243","5.25","78.4","1013.4","-","-"
"2023/07/06","06:00","5.64","241","8.94","78.6","1012.8","-","-"
"2023/07/06","07:00","2.53","288","3.5","77.9","1012.4","-","-"
"2023/07/06","08:00","3.11","285","4.67","77.4","1011.6","-","-"
"2023/07/06","09:00","1.56","253","2.92","76.8","1011.3","-","-"
"2023/07/06","10:00","3.3","184","3.89","76.3","1011.9","-","-"
"2023/07/06","11:00","3.11","190","4.86","76.8","1012.3","-","-"
"2023/07/06","12:00","2.53","213","4.08","77.9","1012.3","-","-"
"2023/07/06","13:00","1.75","125","3.5","81.5","1012.5","-","-"
"2023/07/06","14:00","2.92","96","4.28","82","1012.2","-","-"
"2023/07/06","15:00","1.56","121","4.08","84.6","1012","-","-"
"2023/07/06","16:00","8.55","62","9.52","81","1011.7","-","-"
"2023/07/06","17:00","11.47","68","12.05","81.5","1011.2","-","-"
"2023/07/06","18:00","11.66","72","12.63","82","1010.7","-","-"
"2023/07/06","19:00","7.58","91","9.14","81.9","1010.2","-","-"
"2023/07/06","20:00","5.64","66","6.03","83.1","1009.7","-","-"
"2023/07/06","21:00","6.03","58","6.61","82.8","1009.2","-","-"
"2023/07/06","22:00","7.78","96","10.3","82.2","1009.2","-","-"
"2023/07/06","23:00","7.39","139","9.72","82.4","1009.7","-","-"
"2023/07/07","00:00","1.17","184","2.92","81.3","1009.2","-","-"
"2023/07/07","01:00","3.5","109","4.67","81","1009.5","-","-"
"2023/07/07","02:00","4.86","159","6.41","80.1","1009.6","-","-"
"2023/07/07","03:00","1.56","154","2.53","79","1009.6","-","-"
"2023/07/07","04:00","2.72","241","3.11","77.4","1009.8","-","-"
"2023/07/07","05:00","0.58","176","1.36","77","1009.2","-","-"
"2023/07/07","06:00","2.53","251","2.92","76.6","1009","-","-"
"2023/07/07","07:00","1.17","234","1.94","76.3","1008.6","-","-"
"2023/07/07","08:00","1.17","265","1.75","76.1","1008.3","-","-"
"2023/07/07","09:00","1.94","256","2.53","75.7","1008.5","-","-"
"2023/07/07","10:00","0.39","268","1.36","75.7","1008.8","-","-"
"2023/07/07","11:00","0","234","1.17","77.7","1009","-","-"
"2023/07/07","12:00","2.53","35","2.92","78.3","1009.1","-","-"
"2023/07/07","13:00","3.3","109","4.08","80.1","1009.5","-","-"
"2023/07/07","14:00","5.44","86","6.8","80.4","1009.5","-","-"
"2023/07/07","15:00","6.41","88","7","80.6","1009.7","-","-"
"2023/07/07","16:00","6.8","91","7.58","81.7","1009.7","-","-"
"2023/07/07","17:00","7.39","86","8.16","82.2","1009.3","-","-"
"2023/07/07","18:00","7.58","77","8.36","83.1","1008.7","-","-"
"2023/07/07","19:00","10.3","89","11.86","82.2","1008.3","-","-"
"2023/07/07","20:00","10.69","85","11.47","82","1008.3","-","-"
"2023/07/07","21:00","9.33","98","10.69","82.6","1007.8","-","-"
"2023/07/07","22:00","7.58","123","8.94","82","1008.1","-","-"
"2023/07/07","23:00","6.03","128","7.97","81.7","1008.4","-","-"
"2023/07/08","00:00","6.22","122","7.39","81.5","1007.8","-","-"
"2023/07/08","01:00","2.72","172","5.05","80.6","1008.5","-","-"
"2023/07/08","02:00","3.89","157","4.28","80.4","1008.6","-","-"
"2023/07/08","03:00","0.97","92","2.14","80.2","1009.4","-","-"
"2023/07/08","04:00","4.08","178","5.05","79.5","1009.2","-","-"
"2023/07/08","05:00","5.25","213","6.61","78.4","1009.1","-","-"
"2023/07/08","06:00","2.72","239","3.69","77.9","1008.7","-","-"
"2023/07/08","07:00","5.25","263","5.83","77.4","1008.8","-","-"
"2023/07/08","08:00","3.3","297","4.28","77.4","1008.6","-","-"
"2023/07/08","09:00","3.3","293","4.08","76.8","1008.5","-","-"
"2023/07/08","10:00","2.33","292","2.92","76.8","1008.5","-","-"
"2023/07/08","11:00","2.72","275","3.3","77.2","1008.6","-","-"
"2023/07/08","12:00","3.89","301","4.86","79.5","1009","-","-"
"2023/07/08","13:00","0.19","172","0.78","83.5","1009.3","-","-"
"2023/07/08","14:00","6.61","73","6.8","82","1009.3","-","-"
"2023/07/08","15:00","6.8","84","8.16","82","1009.5","-","-"
"2023/07/08","16:00","9.52","86","10.3","83.1","1009.4","-","-"
"2023/07/08","17:00","9.91","98","12.25","84.4","1008.9","-","-"
"2023/07/08","18:00","14.58","92","15.94","82.6","1008.3","-","-"
"2023/07/08","19:00","12.63","124","14.77","83.1","1008.1","-","-"
"2023/07/08","20:00","10.11","98","14","83.8","1008.1","-","-"
"2023/07/08","21:00","8.16","225","10.3","82.4","1008.3","-","-"
"2023/07/08","22:00","3.5","286","7.78","76.5","1008.4","-","-"
"2023/07/08","23:00","2.14","222","2.72","77.2","1008.1","-","-"
"2023/07/09","00:00","0.19","124","0.58","77.4","1007.8","-","-"
"2023/07/09","01:00","1.17","190","2.53","77.2","1008","-","-"
"2023/07/09","02:00","3.11","255","3.89","76.6","1008.5","-","-"
"2023/07/09","03:00","0.78","174","1.17","77","1008.4","-","-"
"2023/07/09","04:00","2.33","182","3.5","76.8","1008.4","-","-"
"2023/07/09","05:00","0.97","255","2.14","76.8","1008.5","-","-"
"2023/07/09","06:00","2.14","344","3.3","77.2","1007.9","-","-"
"2023/07/09","07:00","3.69","296","5.05","77","1007.7","-","-"
"2023/07/09","08:00","2.92","312","3.5","76.8","1007.6","-","-"
"2023/07/09","09:00","2.72","8","3.5","76.8","1007.7","-","-"
"2023/07/09","10:00","0","186","0.58","76.3","1007.7","-","-"
"2023/07/09","11:00","2.53","1","3.3","77.4","1007.7","-","-"
"2023/07/09","12:00","1.94","342","2.53","78.8","1007.8","-","-"
"2023/07/09","13:00","1.94","49","2.53","80.6","1007.9","-","-"
"2023/07/09","14:00","1.56","45","1.94","81.3","1007.8","-","-"
"2023/07/09","15:00","9.72","80","11.27","80.4","1007.5","-","-"
"2023/07/09","16:00","11.27","83","14.19","81","1006.8","-","-"
"2023/07/09","17:00","10.5","101","14.58","82.4","1006.5","-","-"
"2023/07/09","18:00","10.89","95","12.44","82.9","1005.6","-","-"
"2023/07/09","19:00","7.97","92","8.55","82.4","1005.5","-","-"
"2023/07/09","20:00","2.53","54","4.47","83.7","1005.2","-","-"
"2023/07/09","21:00","9.14","120","12.63","80.6","1004.3","-","-"
"2023/07/09","22:00","11.86","137","15.36","78.8","1004.7","-","-"
"2023/07/09","23:00","14.77","56","18.27","75.9","1006.2","-","-"
"2023/07/10","00:00","10.11","132","11.08","76.3","1006.1","-","-"
"2023/07/10","01:00","6.41","166","10.3","74.5","1006.1","-","-"
"2023/07/10","02:00","2.72","271","4.86","74.3","1006.4","-","-"
"2023/07/10","03:00","1.36","232","4.08","74.5","1005.6","-","-"
"2023/07/10","04:00","8.16","332","10.11","75.9","1005.6","-","-"
"2023/07/10","05:00","5.83","323","7.39","76.1","1005.8","-","-"
"2023/07/10","06:00","2.14","242","3.5","75.6","1005.5","-","-"
"2023/07/10","07:00","9.14","333","10.69","75","1005.6","-","-"
"2023/07/10","08:00","9.52","344","12.63","73.4","1006.4","-","-"
"2023/07/10","09:00","10.5","324","12.05","73.4","1006.9","-","-"
"2023/07/10","10:00","7.39","4","8.36","72.5","1007.4","-","-"
"2023/07/10","11:00","7.97","344","10.89","72.9","1007.8","-","-"
"2023/07/10","12:00","7.97","334","9.91","74.5","1008.5","-","-"
"2023/07/10","13:00","7.97","304","9.72","75.6","1009","-","-"
"2023/07/10","14:00","10.69","323","13.8","76.3","1009","-","-"
"2023/07/10","15:00","11.66","323","13.61","77","1009.5","-","-"
"2023/07/10","16:00","7.97","297","9.52","77.7","1009.6","-","-"
"2023/07/10","17:00","6.03","317","7.78","79","1009.2","-","-"
"2023/07/10","18:00","8.55","314","11.08","79.9","1009.6","-","-"
"2023/07/10","19:00","4.86","305","7.39","80.6","1009.3","-","-"
"2023/07/10","20:00","4.67","302","7.39","81.1","1009.2","-","-"
"2023/07/10","21:00","3.5","328","5.05","81.5","1009.2","-","-"
"2023/07/10","22:00","6.22","318","7.58","81.7","1009.3","-","-"
"2023/07/10","23:00","4.28","312","5.05","82.2","1009.8","-","-"
"2023/07/11","00:00","2.33","227","2.72","81","1010.3","-","-"
"2023/07/11","01:00","2.14","276","2.72","77.7","1010.4","-","-"
"2023/07/11","02:00","3.3","185","3.89","77.2","1010.9","-","-"
"2023/07/11","03:00","3.69","201","4.28","75.9","1011.1","-","-"
"2023/07/11","04:00","4.47","206","5.05","75.4","1011.1","-","-"
"2023/07/11","05:00","1.75","223","2.53","75.2","1010.6","-","-"
"2023/07/11","06:00","4.28","211","4.67","73.9","1010.4","-","-"
"2023/07/11","07:00","2.33","196","2.92","74.1","1010","-","-"
"2023/07/11","08:00","3.11","251","3.69","74.1","1010","-","-"
"2023/07/11","09:00","6.61","273","7.39","73.9","1010.3","-","-"
"2023/07/11","10:00","7","266","8.36","73.4","1011","-","-"
"2023/07/11","11:00","7.58","310","9.14","75.4","1011.6","-","-"
"2023/07/11","12:00","6.61","311","9.14","77.2","1012.2","-","-"
"2023/07/11","13:00","6.61","306","7.58","78.3","1012.6","-","-"
"2023/07/11","14:00","7.78","307","10.11","78.6","1012.3","-","-"
"2023/07/11","15:00","7.78","316","8.36","80.2","1012.4","-","-"
"2023/07/11","16:00","5.25","307","6.61","82.4","1012.4","-","-"
"2023/07/11","17:00","8.36","313","9.91","83.8","1012.4","-","-"
"2023/07/11","18:00","8.36","315","9.72","84.7","1012.3","-","-"
"2023/07/11","19:00","5.25","319","7.97","85.8","1012","-","-"
"2023/07/11","20:00","10.3","78","12.25","82.9","1012.1","-","-"
"2023/07/11","21:00","7.97","80","9.33","83.3","1012.1","-","-"
"2023/07/11","22:00","6.8","87","7.58","83.8","1011.8","-","-"
"2023/07/11","23:00","4.08","126","5.05","84.9","1012","-","-"
"2023/07/12","00:00","3.11","140","3.89","84.4","1012.1","-","-"
"2023/07/12","01:00","1.75","188","2.72","80.1","1012.6","-","-"
"2023/07/12","02:00","1.75","173","2.92","79.7","1013","-","-"
"2023/07/12","03:00","5.44","186","6.22","80.2","1013.3","-","-"
"2023/07/12","04:00","6.61","196","7.39","78.4","1013.3","-","-"
"2023/07/12","05:00","7.97","212","10.5","78.3","1013.2","-","-"
"2023/07/12","06:00","7.19","209","8.36","76.8","1013.1","-","-"
"2023/07/12","07:00","7","214","7.78","76.1","1013.2","-","-"
"2023/07/12","08:00","5.05","219","5.83","76.1","1013.2","-","-"
"2023/07/12","09:00","1.94","200","2.72","74.5","1013.5","-","-"
"2023/07/12","10:00","3.3","225","3.89","75","1013.6","-","-"
"2023/07/12","11:00","1.17","167","1.94","76.8","1014","-","-"
"2023/07/12","12:00","2.53","305","3.69","78.4","1014.6","-","-"
"2023/07/12","13:00","0.97","283","2.53","82.6","1014.4","-","-"
"2023/07/12","14:00","3.69","255","4.47","84","1014.2","-","-"
"2023/07/12","15:00","3.89","247","5.25","85.5","1014.3","-","-"
"2023/07/12","16:00","2.33","286","3.89","86.9","1014.3","-","-"
"2023/07/12","17:00","4.08","241","7.78","88","1014.1","-","-"
"2023/07/12","18:00","3.11","115","4.47","88.5","1013.5","-","-"
"2023/07/12","19:00","5.05","69","5.83","87.1","1013","-","-"
"2023/07/12","20:00","4.28","239","5.83","88.5","1012.7","-","-"
"2023/07/12","21:00","6.8","253","9.33","89.8","1012.8","-","-"
"2023/07/12","22:00","5.44","237","8.16","88.9","1012.5","-","-"
"2023/07/12","23:00","4.47","244","5.44","88.9","1012.3","-","-"
"2023/07/13","00:00","3.89","218","3.89","86.2","1012.3","-","-"
"2023/07/13","01:00","3.3","211","3.89","82.4","1012.3","-","-"
"2023/07/13","02:00","2.72","171","3.5","81.5","1012.5","-","-"
"2023/07/13","03:00","5.05","190","7.58","81.3","1012.6","-","-"
"2023/07/13","04:00","5.83","194","7.19","80.6","1012.6","-","-"
"2023/07/13","05:00","7.39","190","9.33","79.7","1012.3","-","-"
"2023/07/13","06:00","7","189","9.52","79","1011.5","-","-"
"2023/07/13","07:00","7","214","10.11","78.3","1011.3","-","-"
"2023/07/13","08:00","4.86","208","7.97","77.7","1011.2","-","-"
"2023/07/13","09:00","5.44","214","7.39","77","1011.6","-","-"
"2023/07/13","10:00","8.94","212","11.08","77","1011.6","-","-"
"2023/07/13","11:00","9.72","226","12.25","77.4","1011.9","-","-"
"2023/07/13","12:00","11.86","217","14.97","78.8","1012.3","-","-"
"2023/07/13","13:00","9.91","235","11.66","80.4","1012.3","-","-"
"2023/07/13","14:00","8.16","240","12.05","82.6","1011.9","-","-"
"2023/07/13","15:00","9.14","189","12.44","84.6","1011.4","-","-"
"2023/07/13","16:00","7.19","188","11.08","86.4","1011.1","-","-"
"2023/07/13","17:00","8.55","217","11.27","88.3","1010.9","-","-"
"2023/07/13","18:00","9.14","234","15.55","89.2","1010.5","-","-"
"2023/07/13","19:00","8.75","204","15.75","90.3","1009.8","-","-"
"2023/07/13","20:00","11.08","210","15.16","90.3","1009.5","-","-"
"2023/07/13","21:00","8.94","224","12.25","90.3","1009.2","-","-"
"2023/07/13","22:00","5.05","230","10.69","89.2","1009.2","-","-"
"2023/07/13","23:00","4.67","221","5.83","87.8","1009.4","-","-"
"2023/07/14","00:00","4.47","240","5.83","86.9","1009.7","-","-"
"2023/07/14","01:00","4.86","212","6.61","86.2","1009.8","-","-"
"2023/07/14","02:00","6.61","199","9.91","85.5","1010.4","-","-"
"2023/07/14","03:00","8.36","200","12.05","84.7","1010.8","-","-"
"2023/07/14","04:00","10.69","206","13.8","83.8","1010.5","-","-"
"2023/07/14","05:00","7.58","210","14.19","82.4","1010.9","-","-"
"2023/07/14","06:00","6.8","268","9.14","80.4","1011","-","-"
"2023/07/14","07:00","7.78","228","9.52","75","1010.4","-","-"
"2023/07/14","08:00","10.89","180","16.13","75.4","1009.6","-","-"
"2023/07/14","09:00","4.28","243","6.61","75","1010.2","-","-"
"2023/07/14","10:00","7.19","234","9.91","74.8","1011","-","-"
"2023/07/14","11:00","6.22","242","8.16","74.7","1011.1","-","-"
"2023/07/14","12:00","5.25","279","6.61","75","1011.5","-","-"
"2023/07/14","13:00","6.41","201","8.94","75.2","1011.5","-","-"
"2023/07/14","14:00","4.28","254","5.83","78.3","1011.7","-","-"
"2023/07/14","15:00","0.58","165","2.33","80.1","1011.8","-","-"
"2023/07/14","16:00","1.94","349","4.86","81.7","1012.2","-","-"
"2023/07/14","17:00","8.36","209","12.63","83.7","1012.5","-","-"
"2023/07/14","18:00","7.39","185","11.47","85.3","1011.9","-","-"
"2023/07/14","19:00","5.44","193","10.89","84.7","1011.5","-","-"
"2023/07/14","20:00","5.64","253","10.5","86.5","1010.9","-","-"
"2023/07/14","21:00","9.52","180","13.61","79.3","1011","-","-"
"2023/07/14","22:00","1.36","116","2.92","80.8","1011.2","-","-"
"2023/07/14","23:00","6.22","156","7.97","84","1010.8","-","-"
"2023/07/15","00:00","4.47","176","5.05","82.4","1011","-","-"
"2023/07/15","01:00","5.05","198","7.78","81.7","1011.5","-","-"
"2023/07/15","02:00","5.44","180","7","81","1012.1","-","-"
"2023/07/15","03:00","8.55","202","14.19","81","1012.5","-","-"
"2023/07/15","04:00","6.41","201","9.14","80.6","1012.4","-","-"
"2023/07/15","05:00","5.05","220","8.75","80.1","1012.6","-","-"
"2023/07/15","06:00","7.97","207","11.27","79.5","1011.8","-","-"
"2023/07/15","07:00","7.78","217","10.11","79.2","1011.2","-","-"
"2023/07/15","08:00","5.05","215","7.39","78.4","1010.8","-","-"
"2023/07/15","09:00","6.8","210","9.52","78.3","1011","-","-"
"2023/07/15","10:00","2.33","224","4.28","77.7","1011.5","-","-"
"2023/07/15","11:00","2.53","220","4.86","78.3","1012.2","-","-"
"2023/07/15","12:00","6.41","213","10.3","79.7","1012.9","-","-"
"2023/07/15","13:00","5.44","221","8.16","80.8","1013","-","-"
"2023/07/15","14:00","4.28","208","9.91","82.4","1013","-","-"
"2023/07/15","15:00","6.61","166","9.14","84.7","1012.8","-","-"
"2023/07/15","16:00","5.25","222","10.11","85.1","1012.6","-","-"
"2023/07/15","17:00","7.58","170","10.69","87.1","1012.4","-","-"
"2023/07/15","18:00","5.44","172","9.14","89.1","1011.7","-","-"
"2023/07/15","19:00","7.97","88","11.86","85.5","1011.2","-","-"
"2023/07/15","20:00","7.97","92","9.33","86.7","1010.6","-","-"
"2023/07/15","21:00","16.33","184","22.16","82.6","1010.4","-","-"
"2023/07/15","22:00","7.78","186","14","81.1","1009.3","-","-"
"2023/07/15","23:00","7.19","159","9.33","83.5","1009.7","-","-"
"2023/07/16","00:00","5.83","150","7","81.9","1010","-","-"
"2023/07/16","01:00","8.16","166","11.47","81.9","1009.8","-","-"
"2023/07/16","02:00","5.83","182","7.97","81.5","1010.4","-","-"
"2023/07/16","03:00","3.89","192","6.8","81.3","1010.4","-","-"
"2023/07/16","04:00","6.41","199","12.44","81.5","1010.3","-","-"
"2023/07/16","05:00","9.33","185","13.02","81.3","1010.1","-","-"
"2023/07/16","06:00","7.19","184","12.44","81.1","1009.5","-","-"
"2023/07/16","07:00","6.61","199","11.08","80.8","1008.9","-","-"
"2023/07/16","08:00","7.19","197","10.89","80.6","1008.5","-","-"
"2023/07/16","09:00","7","187","9.91","80.6","1007.8","-","-"
"2023/07/16","10:00","5.64","180","12.44","80.4","1008.2","-","-"
"2023/07/16","11:00","5.25","199","8.55","79.9","1008.5","-","-"
"2023/07/16","12:00","8.75","191","11.66","80.6","1008.4","-","-"
"2023/07/16","13:00","8.16","200","12.63","81.3","1008.1","-","-"
"2023/07/16","14:00","9.72","203","11.27","82","1007.9","-","-"
"2023/07/16","15:00","9.33","179","11.47","83.5","1007.8","-","-"
"2023/07/16","16:00","8.75","194","15.94","84.6","1007","-","-"
"2023/07/16","17:00","8.75","163","13.22","84.2","1006.3","-","-"
"2023/07/16","18:00","5.83","231","7.58","81.1","1005.6","-","-"
"2023/07/16","19:00","11.47","271","16.52","77.5","1006.2","-","-"
"2023/07/16","20:00","12.05","293","16.33","79.9","1006.6","-","-"
"2023/07/16","21:00","7.97","292","9.91","79.3","1007.3","-","-"
"2023/07/16","22:00","11.66","285","13.22","81.7","1007.3","-","-"
"2023/07/16","23:00","7.39","270","8.55","82.8","1008.4","-","-"
"2023/07/17","00:00","3.69","247","4.28","81.5","1008.7","-","-"
"2023/07/17","01:00","6.22","247","8.16","80.4","1009.3","-","-"
"2023/07/17","02:00","5.05","220","5.64","78.6","1010.1","-","-"
"2023/07/17","03:00","6.8","231","10.89","79.9","1010.2","-","-"
"2023/07/17","04:00","6.8","224","8.36","80.1","1010.3","-","-"
"2023/07/17","05:00","6.61","230","8.55","79.5","1010.6","-","-"
"2023/07/17","06:00","7.39","241","8.55","79.9","1010.6","-","-"
"2023/07/17","07:00","3.11","269","4.86","79.5","1010.4","-","-"
"2023/07/17","08:00","1.56","224","2.92","78.1","1010.4","-","-"
"2023/07/17","09:00","2.53","275","2.92","78.4","1010.9","-","-"
"2023/07/17","10:00","0.58","360","1.75","77.5","1011.3","-","-"
"2023/07/17","11:00","5.44","20","6.03","77.9","1011.9","-","-"
"2023/07/17","12:00","3.11","22","3.5","79.9","1012.6","-","-"
"2023/07/17","13:00","2.72","41","3.11","81.3","1013.1","-","-"
"2023/07/17","14:00","3.89","54","4.47","82.4","1013.4","-","-"
"2023/07/17","15:00","4.67","93","5.44","82.8","1013.8","-","-"
"2023/07/17","16:00","5.25","84","6.03","82.6","1013.8","-","-"
"2023/07/17","17:00","5.44","84","6.61","83.7","1013.6","-","-"
"2023/07/17","18:00","5.64","80","7.19","83.7","1013.3","-","-"
"2023/07/17","19:00","7.39","75","9.14","84.2","1013.1","-","-"
"2023/07/17","20:00","9.52","88","11.47","83.7","1012.5","-","-"
"2023/07/17","21:00","7.78","94","9.72","84","1012.5","-","-"
"2023/07/17","22:00","9.14","96","12.05","83.8","1012.2","-","-"
"2023/07/17","23:00","6.8","90","10.69","83.1","1012.3","-","-"
"2023/07/18","00:00","3.89","163","5.64","83.1","1012.6","-","-"
"2023/07/18","01:00","4.86","154","6.41","81.7","1012.7","-","-"
"2023/07/18","02:00","5.64","172","7.39","80.8","1013","-","-"
"2023/07/18","03:00","3.3","165","4.67","80.1","1013.2","-","-"
"2023/07/18","04:00","2.92","270","3.3","78.6","1013.3","-","-"
"2023/07/18","05:00","2.53","213","3.3","78.4","1013.1","-","-"
"2023/07/18","06:00","3.11","286","4.67","77.7","1013","-","-"
"2023/07/18","07:00","6.8","256","9.14","78.4","1012.6","-","-"
"2023/07/18","08:00","4.47","296","5.83","77.4","1012.2","-","-"
"2023/07/18","09:00","7.58","264","8.75","78.3","1012.4","-","-"
"2023/07/18","10:00","8.36","265","11.08","78.3","1012.8","-","-"
"2023/07/18","11:00","6.03","253","6.8","79.2","1013","-","-"
"2023/07/18","12:00","5.05","215","6.22","79.2","1013.7","-","-"
"2023/07/18","13:00","5.83","229","7","81.3","1013.8","-","-"
"2023/07/18","14:00","6.22","248","7.97","82.9","1013.9","-","-"
"2023/07/18","15:00","7","231","8.94","83.7","1013.9","-","-"
"2023/07/18","16:00","8.16","270","11.27","85.1","1013.9","-","-"
"2023/07/18","17:00","8.36","255","14.38","86.5","1013.9","-","-"
"2023/07/18","18:00","10.3","251","13.8","87.3","1013.8","-","-"
"2023/07/18","19:00","8.75","254","14.97","88","1013.3","-","-"
"2023/07/18","20:00","11.08","258","13.61","88.7","1012.9","-","-"
"2023/07/18","21:00","6.41","258","8.36","89.2","1012.7","-","-"
"2023/07/18","22:00","8.94","259","11.27","88.7","1012.5","-","-"
"2023/07/18","23:00","5.25","261","7.97","87.6","1012.9","-","-"
"2023/07/19","00:00","4.67","256","6.03","84.6","1013","-","-"
"2023/07/19","01:00","3.89","244","4.47","82.2","1013.8","-","-"
"2023/07/19","02:00","4.67","248","5.25","81.5","1014.9","-","-"
"2023/07/19","03:00","4.28","229","5.83","79.3","1015.4","-","-"
"2023/07/19","04:00","2.33","178","2.92","78.3","1014.9","-","-"
"2023/07/19","05:00","5.64","218","6.61","78.3","1014.9","-","-"
"2023/07/19","06:00","5.25","207","6.61","77.9","1014.7","-","-"
"2023/07/19","07:00","5.64","207","8.36","77.7","1014.5","-","-"
"2023/07/19","08:00","6.41","209","8.36","77.9","1014.2","-","-"
"2023/07/19","09:00","8.75","235","11.86","79","1014.2","-","-"
"2023/07/19","10:00","7.97","215","11.27","79","1014.3","-","-"
"2023/07/19","11:00","7.97","220","11.27","79.3","1014.3","-","-"
"2023/07/19","12:00","9.33","238","13.8","80.2","1014.7","-","-"
"2023/07/19","13:00","7.78","240","12.25","80.4","1015.2","-","-"
"2023/07/19","14:00","9.72","266","13.61","81.5","1015.5","-","-"
"2023/07/19","15:00","7.58","222","10.69","82.6","1015.3","-","-"
"2023/07/19","16:00","2.92","150","3.3","85.5","1014.4","-","-"
"2023/07/19","17:00","1.56","18","2.72","84.4","1014.5","-","-"
"2023/07/19","18:00","5.64","95","7.58","83.3","1013.7","-","-"
"2023/07/19","19:00","2.53","229","6.03","84.6","1013","-","-"
"2023/07/19","20:00","6.41","329","9.91","74.5","1014","-","-"
"2023/07/19","21:00","0.58","256","1.56","75.4","1012.8","-","-"
"2023/07/19","22:00","8.75","206","9.52","78.8","1013","-","-"
"2023/07/19","23:00","4.67","243","6.61","78.8","1013.3","-","-"
"2023/07/20","00:00","4.47","203","5.83","78.6","1013.9","-","-"
"2023/07/20","01:00","1.17","198","2.53","78.4","1014.2","-","-"
"2023/07/20","02:00","2.53","215","3.89","78.6","1014.3","-","-"
"2023/07/20","03:00","5.05","244","5.64","78.3","1014.2","-","-"
"2023/07/20","04:00","5.44","208","7.19","77.4","1014.2","-","-"
"2023/07/20","05:00","1.56","215","4.08","77.5","1014.2","-","-"
"2023/07/20","06:00","2.72","274","3.11","77","1013.8","-","-"
"2023/07/20","07:00","4.47","278","5.25","75.9","1013.6","-","-"
"2023/07/20","08:00","3.5","296","3.69","75.7","1013.4","-","-"
"2023/07/20","09:00","3.3","279","4.47","75.9","1013.2","-","-"
"2023/07/20","10:00","3.5","271","4.28","75.9","1013.6","-","-"
"2023/07/20","11:00","0","171","1.75","77.5","1014","-","-"
"2023/07/20","12:00","3.3","351","4.67","78.1","1014.4","-","-"
"2023/07/20","13:00","2.72","35","3.3","80.4","1014.5","-","-"
"2023/07/20","14:00","2.14","143","2.72","82.6","1014","-","-"
"2023/07/20","15:00","6.22","98","7.58","82.2","1014.1","-","-"
"2023/07/20","16:00","5.83","78","8.36","82.4","1013.8","-","-"
"2023/07/20","17:00","9.33","81","10.5","82.9","1013.4","-","-"
"2023/07/20","18:00","7.97","96","12.25","84.2","1013","-","-"
"2023/07/20","19:00","9.33","109","11.08","83.3","1012.8","-","-"
"2023/07/20","20:00","8.16","96","8.94","84.2","1012","-","-"
"2023/07/20","21:00","8.55","86","9.33","85.1","1011.5","-","-"
"2023/07/20","22:00","8.55","111","10.3","86.2","1011.2","-","-"
"2023/07/20","23:00","7.97","147","11.66","85.6","1011.1","-","-"
"2023/07/21","00:00","5.05","152","7.19","83.8","1010.3","-","-"
"2023/07/21","01:00","4.67","150","6.41","82.2","1010.2","-","-"
"2023/07/21","02:00","5.05","163","6.03","80.8","1010.1","-","-"
"2023/07/21","03:00","5.44","168","6.8","81","1009.7","-","-"
"2023/07/21","04:00","3.69","182","4.86","80.4","1009.1","-","-"
"2023/07/21","05:00","4.67","180","6.22","80.2","1008.8","-","-"
"2023/07/21","06:00","5.05","197","6.22","79.2","1007.9","-","-"
"2023/07/21","07:00","4.08","216","5.25","78.6","1007.4","-","-"
"2023/07/21","08:00","4.86","201","5.83","78.3","1006.5","-","-"
"2023/07/21","09:00","6.03","211","7.58","78.4","1006.2","-","-"
"2023/07/21","10:00","5.64","232","7.19","77.9","1006.4","-","-"
"2023/07/21","11:00","4.08","212","5.05","77.7","1006.5","-","-"
"2023/07/21","12:00","2.72","257","3.3","79.9","1006.2","-","-"
"2023/07/21","13:00","0.39","329","1.56","84.4","1005.8","-","-"
"2023/07/21","14:00","3.11","345","3.89","82.6","1006","-","-"
"2023/07/21","15:00","3.69","342","5.25","83.7","1006.1","-","-"
"2023/07/21","16:00","8.36","287","10.3","81.5","1005.9","-","-"
"2023/07/21","17:00","10.89","322","12.05","83.3","1006","-","-"
"2023/07/21","18:00","16.33","315","17.49","82.9","1006.1","-","-"
"2023/07/21","19:00","15.16","312","18.08","84","1006","-","-"
"2023/07/21","20:00","12.05","313","16.91","85.3","1005.9","-","-"
"2023/07/21","21:00","9.91","347","11.86","85.5","1006.2","-","-"
"2023/07/21","22:00","9.72","357","14","84.7","1006.3","-","-"
"2023/07/21","23:00","8.75","8","10.89","84.4","1006.5","-","-"
"2023/07/22","00:00","2.92","4","3.89","83.7","1006.6","-","-"
"2023/07/22","01:00","4.67","343","6.03","82.8","1006.8","-","-"
"2023/07/22","02:00","0.78","252","2.33","79.3","1007.4","-","-"
"2023/07/22","03:00","1.75","251","2.14","78.6","1007.6","-","-"
"2023/07/22","04:00","1.36","257","2.14","78.6","1007.7","-","-"
"2023/07/22","05:00","2.72","274","3.5","78.6","1007.5","-","-"
"2023/07/22","06:00","7","328","8.36","79.5","1007.1","-","-"
"2023/07/22","07:00","11.08","2","13.02","78.8","1007.1","-","-"
"2023/07/22","08:00","9.52","350","13.02","77.7","1006.7","-","-"
"2023/07/22","09:00","9.14","325","11.47","77.4","1007.1","-","-"
"2023/07/22","10:00","8.55","334","9.52","75.9","1007.6","-","-"
"2023/07/22","11:00","8.75","340","10.5","74.8","1007.9","-","-"
"2023/07/22","12:00","7.39","344","10.3","75.2","1008.3","-","-"
"2023/07/22","13:00","8.16","348","9.72","76.1","1009","-","-"
"2023/07/22","14:00","6.8","8","9.33","77.7","1009","-","-"
"2023/07/22","15:00","6.03","11","7.19","79.2","1009.2","-","-"
"2023/07/22","16:00","4.47","42","7.58","79.9","1009.1","-","-"
"2023/07/22","17:00","6.41","51","9.14","80.1","1009.2","-","-"
"2023/07/22","18:00","6.22","57","7.19","80.8","1009.1","-","-"
"2023/07/22","19:00","7.78","41","9.72","80.2","1009.3","-","-"
"2023/07/22","20:00","3.69","53","6.41","80.8","1009.2","-","-"
"2023/07/22","21:00","4.67","38","7.78","81.3","1008.8","-","-"
"2023/07/22","22:00","7.19","44","8.16","80.2","1008.8","-","-"
"2023/07/22","23:00","5.83","38","7.39","79.9","1009.1","-","-"
"2023/07/23","00:00","5.83","66","6.61","79.5","1009.5","-","-"
"2023/07/23","01:00","4.67","59","6.03","79.5","1009.6","-","-"
"2023/07/23","02:00","1.94","245","3.69","77.7","1010.5","-","-"
"2023/07/23","03:00","3.5","207","4.86","75.7","1010.8","-","-"
"2023/07/23","04:00","2.14","202","3.11","76.5","1011","-","-"
"2023/07/23","05:00","5.44","211","6.61","74.3","1011","-","-"
"2023/07/23","06:00","5.25","228","6.8","74.1","1010.9","-","-"
"2023/07/23","07:00","5.25","241","7","74.5","1010.9","-","-"
"2023/07/23","08:00","3.89","273","4.47","73.9","1010.8","-","-"
"2023/07/23","09:00","3.3","271","3.89","73.9","1011.2","-","-"
"2023/07/23","10:00","2.53","285","3.69","74.3","1011.8","-","-"
"2023/07/23","11:00","6.41","349","7.19","74.1","1012.6","-","-"
"2023/07/23","12:00","5.64","340","7.58","76.3","1013.5","-","-"
"2023/07/23","13:00","3.11","325","5.25","77.9","1014","-","-"
"2023/07/23","14:00","1.17","24","1.94","80.6","1014.2","-","-"
"2023/07/23","15:00","3.69","113","5.83","81","1014.2","-","-"
"2023/07/23","16:00","7.19","81","8.55","80.1","1014.4","-","-"
"2023/07/23","17:00","7.78","72","9.33","80.6","1014.6","-","-"
"2023/07/23","18:00","9.14","73","11.08","81.3","1014.4","-","-"
"2023/07/23","19:00","11.08","90","12.63","81.1","1013.9","-","-"
"2023/07/23","20:00","11.08","98","14.58","81.9","1013.7","-","-"
"2023/07/23","21:00","9.91","117","14.38","82.6","1013.7","-","-"
"2023/07/23","22:00","12.05","110","16.13","82.4","1013.8","-","-"
"2023/07/23","23:00","9.52","114","13.8","82.8","1014.1","-","-"
"2023/07/24","00:00","7.19","141","9.91","81.5","1014.7","-","-"
"2023/07/24","01:00","5.44","133","7.58","80.8","1015.2","-","-"
"2023/07/24","02:00","6.03","149","8.16","79.7","1015.5","-","-"
"2023/07/24","03:00","4.47","171","7","78.6","1015.9","-","-"
"2023/07/24","04:00","5.44","163","6.41","77.5","1016","-","-"
"2023/07/24","05:00","5.83","163","7.39","77.2","1015.8","-","-"
"2023/07/24","06:00","5.64","185","7.19","77.7","1015.9","-","-"
"2023/07/24","07:00","5.05","157","6.22","77.5","1015.6","-","-"
"2023/07/24","08:00","2.33","163","3.89","77","1015.5","-","-"
"2023/07/24","09:00","1.36","336","2.14","76.5","1015.8","-","-"
"2023/07/24","10:00","20.99","296","26.05","72.3","1015.7","-","-"
"2023/07/24","11:00","5.83","10","8.55","72.7","1016.4","-","-"
"2023/07/24","12:00","9.91","83","11.27","74.5","1016.5","-","-"
"2023/07/24","13:00","9.52","103","11.47","75.2","1017.3","-","-"
"2023/07/24","14:00","13.61","79","16.72","75.2","1017.5","-","-"
"2023/07/24","15:00","10.5","97","11.47","76.3","1017.6","-","-"
"2023/07/24","16:00","10.69","90","12.63","76.3","1017.7","-","-"
"2023/07/24","17:00","6.8","98","9.33","78.1","1017.5","-","-"
"2023/07/24","18:00","8.55","110","11.66","79.5","1017","-","-"
"2023/07/24","19:00","14.19","97","16.72","79.2","1016.5","-","-"
"2023/07/24","20:00","10.89","99","14.58","79.3","1016.3","-","-"
"2023/07/24","21:00","11.66","125","15.94","79.2","1016.4","-","-"
"2023/07/24","22:00","9.33","106","11.47","78.4","1016.1","-","-"
"2023/07/24","23:00","8.36","139","10.89","79.3","1016","-","-"
"2023/07/25","00:00","4.86","151","6.8","78.6","1016.4","-","-"
"2023/07/25","01:00","4.67","150","5.44","77.4","1016.3","-","-"
"2023/07/25","02:00","3.89","116","4.67","77.5","1016.5","-","-"
"2023/07/25","03:00","3.11","165","3.89","76.3","1016.8","-","-"
"2023/07/25","04:00","0.39","239","1.56","75.4","1017.2","-","-"
"2023/07/25","05:00","1.36","218","2.14","75","1017.2","-","-"
"2023/07/25","06:00","1.75","219","2.33","75","1017","-","-"
"2023/07/25","07:00","2.72","150","3.5","74.8","1016.6","-","-"
"2023/07/25","08:00","3.11","269","3.89","74.3","1016.6","-","-"
"2023/07/25","09:00","0.97","205","1.56","73.4","1016.3","-","-"
"2023/07/25","10:00","1.17","241","1.75","73.8","1016.9","-","-"
"2023/07/25","11:00","0.58","209","0.78","74.8","1017","-","-"
"2023/07/25","12:00","2.14","180","3.11","78.6","1017.4","-","-"
"2023/07/25","13:00","1.36","110","2.53","80.8","1017.6","-","-"
"2023/07/25","14:00","2.92","84","3.89","81.1","1017.7","-","-"
"2023/07/25","15:00","-","-","-","81.9","1017.7","-","-"
"2023/07/25","16:00","-","-","-","81.5","1017.7","-","-"
"2023/07/25","17:00","-","-","-","81.7","1017.5","-","-"
"2023/07/25","18:00","9.91","75","10.89","82.4","1016.8","-","-"
"2023/07/25","19:00","9.72","85","11.66","83.1","1016.1","-","-"
"2023/07/25","20:00","3.3","46","5.83","86.5","1015.6","-","-"
"2023/07/25","21:00","6.03","226","9.91","87.8","1015.1","-","-"
"2023/07/25","22:00","8.94","227","11.27","88","1014.8","-","-"
"2023/07/25","23:00","3.11","211","4.86","86.7","1015.1","-","-"
"2023/07/26","00:00","3.11","175","3.89","86.4","1015.6","-","-"
"2023/07/26","01:00","2.33","185","3.5","82","1016.1","-","-"
"2023/07/26","02:00","3.5","179","5.05","82.2","1016.5","-","-"
"2023/07/26","03:00","20.41","82","24.3","78.1","1017.2","-","-"
"2023/07/26","04:00","12.83","75","14.97","76.8","1017.8","-","-"
"2023/07/26","05:00","7.58","72","11.27","71.8","1019.4","-","-"
"2023/07/26","06:00","10.11","114","14","73.6","1017.8","-","-"
"2023/07/26","07:00","6.03","180","7.39","72.9","1017.3","-","-"
"2023/07/26","08:00","2.33","191","4.86","72.7","1016.9","-","-"
"2023/07/26","09:00","4.47","186","7.58","72.5","1016.8","-","-"
"2023/07/26","10:00","2.53","232","4.86","73","1017.1","-","-"
"2023/07/26","11:00","3.69","263","5.44","73.6","1017.4","-","-"
"2023/07/26","12:00","7.39","353","9.52","73.9","1018.4","-","-"
"2023/07/26","13:00","3.89","32","4.67","75.6","1019","-","-"
"2023/07/26","14:00","4.67","44","6.8","78.6","1019.4","-","-"
"2023/07/26","15:00","6.61","55","9.14","79.9","1019.5","-","-"
"2023/07/26","16:00","6.61","85","9.14","81.1","1019.3","-","-"
"2023/07/26","17:00","9.52","71","10.5","80.4","1018.8","-","-"
"2023/07/26","18:00","9.91","78","12.44","81.3","1018.1","-","-"
"2023/07/26","19:00","12.05","87","13.22","82.2","1017.6","-","-"
"2023/07/26","20:00","12.44","86","14.38","81.9","1017.3","-","-"
"2023/07/26","21:00","12.05","78","13.61","82.2","1016.8","-","-"
"2023/07/26","22:00","10.11","79","12.05","83.3","1016.4","-","-"
"2023/07/26","23:00","5.83","136","7.58","84.9","1016.3","-","-"
"2023/07/27","00:00","5.44","96","8.36","83.3","1016.4","-","-"
"2023/07/27","01:00","1.94","158","2.72","82.8","1016.4","-","-"
"2023/07/27","02:00","6.41","192","10.11","82.2","1016.7","-","-"
"2023/07/27","03:00","7","172","8.94","81","1016.7","-","-"
"2023/07/27","04:00","7.39","176","9.72","79.7","1016.3","-","-"
"2023/07/27","05:00","6.61","181","10.3","80.1","1016.2","-","-"
"2023/07/27","06:00","6.22","194","10.11","80.2","1016.1","-","-"
"2023/07/27","07:00","5.05","209","8.55","79.7","1016.2","-","-"
"2023/07/27","08:00","8.16","197","10.5","79.2","1015.8","-","-"
"2023/07/27","09:00","7.58","190","10.69","78.8","1016.2","-","-"
"2023/07/27","10:00","6.22","196","11.27","78.3","1016.3","-","-"
"2023/07/27","11:00","10.3","219","14.97","78.8","1016.7","-","-"
"2023/07/27","12:00","11.27","226","13.41","80.1","1017","-","-"
"2023/07/27","13:00","10.3","218","13.22","81.7","1017.4","-","-"
"2023/07/27","14:00","9.91","213","12.25","84","1017.3","-","-"
"2023/07/27","15:00","12.63","226","16.91","86","1017","-","-"
"2023/07/27","16:00","9.33","201","12.44","88.2","1016.7","-","-"
"2023/07/27","17:00","12.44","214","17.3","89.1","1016.4","-","-"
"2023/07/27","18:00","10.5","210","15.55","90.7","1016","-","-"
"2023/07/27","19:00","11.08","218","18.66","91","1015.4","-","-"
"2023/07/27","20:00","11.47","226","15.16","91.2","1015","-","-"
"2023/07/27","21:00","11.08","203","19.24","91.8","1014.5","-","-"
"2023/07/27","22:00","12.83","224","15.36","91.4","1014.3","-","-"
"2023/07/27","23:00","6.22","213","10.89","90.5","1014.4","-","-"
"2023/07/28","00:00","6.22","214","7.78","88.9","1015","-","-"
"2023/07/28","01:00","7.19","204","10.89","87.8","1015.3","-","-"
"2023/07/28","02:00","9.33","204","12.63","87.4","1015.2","-","-"
"2023/07/28","03:00","10.11","216","13.8","86.5","1015.8","-","-"
"2023/07/28","04:00","8.55","221","10.69","84.7","1015.9","-","-"
"2023/07/28","05:00","13.02","213","18.08","83.5","1015.9","-","-"
"2023/07/28","06:00","12.44","225","17.69","82.6","1015.9","-","-"
"2023/07/28","07:00","12.05","223","16.13","81.7","1015.8","-","-"
"2023/07/28","08:00","13.22","214","20.22","81.5","1015.8","-","-"
"2023/07/28","09:00","9.52","233","12.63","80.8","1016.2","-","-"
"2023/07/28","10:00","9.52","214","12.25","80.2","1016.5","-","-"
"2023/07/28","11:00","10.11","206","16.33","80.4","1016.7","-","-"
"2023/07/28","12:00","11.47","216","15.94","81.5","1016.9","-","-"
"2023/07/28","13:00","11.66","225","19.63","83.1","1017","-","-"
"2023/07/28","14:00","11.86","235","16.72","85.1","1017","-","-"
"2023/07/28","15:00","10.89","231","17.88","86.7","1016.7","-","-"
"2023/07/28","16:00","12.05","233","15.16","88","1016.6","-","-"
"2023/07/28","17:00","9.14","226","14","89.1","1016.4","-","-"
"2023/07/28","18:00","10.5","198","13.8","90.9","1015.8","-","-"
"2023/07/28","19:00","8.16","213","13.22","91.8","1015.3","-","-"
"2023/07/28","20:00","13.22","223","17.11","92.1","1014.5","-","-"
"2023/07/28","21:00","10.69","229","15.55","92.7","1014.3","-","-"
"2023/07/28","22:00","11.27","220","16.52","92.5","1014.1","-","-"
"2023/07/28","23:00","12.05","209","14.38","91.9","1013.8","-","-"
"2023/07/29","00:00","7","214","11.47","89.6","1014.2","-","-"
"2023/07/29","01:00","8.55","209","14","88.3","1014.2","-","-"
"2023/07/29","02:00","12.05","216","16.13","87.8","1014.8","-","-"
"2023/07/29","03:00","12.05","217","16.91","86.5","1014.9","-","-"
"2023/07/29","04:00","9.52","218","17.69","84.7","1014.6","-","-"
"2023/07/29","05:00","10.5","225","14.58","83.7","1014.4","-","-"
"2023/07/29","06:00","11.86","222","15.16","82.2","1013.7","-","-"
"2023/07/29","07:00","9.52","225","13.41","81.5","1013.4","-","-"
"2023/07/29","08:00","9.33","234","12.83","80.6","1013.3","-","-"
"2023/07/29","09:00","8.55","236","12.25","80.1","1013.4","-","-"
"2023/07/29","10:00","11.27","231","14.58","79.5","1013.6","-","-"
"2023/07/29","11:00","10.3","224","14.38","79.3","1014.3","-","-"
"2023/07/29","12:00","15.16","220","20.41","80.4","1013.9","-","-"
"2023/07/29","13:00","12.05","233","19.63","82","1013.9","-","-"
"2023/07/29","14:00","11.08","225","15.94","84","1013.4","-","-"
"2023/07/29","15:00","12.83","236","18.86","86.2","1013.1","-","-"
"2023/07/29","16:00","14","234","20.22","87.6","1012.5","-","-"
"2023/07/29","17:00","8.55","233","13.41","89.4","1011.8","-","-"
"2023/07/29","18:00","16.91","207","22.35","89.2","1010.3","-","-"
"2023/07/29","19:00","15.94","201","23.52","89.8","1009","-","-"
"2023/07/29","20:00","12.63","200","20.8","90.7","1009.4","-","-"
"2023/07/29","21:00","18.86","236","23.33","90.5","1008.3","-","-"
"2023/07/29","22:00","12.05","226","18.27","90","1007.7","-","-"
"2023/07/29","23:00","14.97","214","21.77","89.2","1008.1","-","-"
"2023/07/30","00:00","11.86","225","19.83","87.8","1009.2","-","-"
"2023/07/30","01:00","16.52","218","21.97","87.1","1009","-","-"
"2023/07/30","02:00","16.91","213","21.19","79","1010","-","-"
"2023/07/30","03:00","11.08","238","16.91","78.3","1011","-","-"
"2023/07/30","04:00","11.47","310","13.61","79.2","1010.9","-","-"
"2023/07/30","05:00","9.14","283","10.5","78.1","1010.7","-","-"
"2023/07/30","06:00","7.78","225","9.72","76.6","1010.6","-","-"
"2023/07/30","07:00","3.11","222","3.89","75.9","1010.4","-","-"
"2023/07/30","08:00","4.67","241","5.44","76.1","1010.5","-","-"
"2023/07/30","09:00","6.22","274","7.19","76.5","1010.9","-","-"
"2023/07/30","10:00","6.03","298","7","76.6","1011.6","-","-"
"2023/07/30","11:00","7.39","343","8.75","76.6","1011.9","-","-"
"2023/07/30","12:00","9.14","21","13.02","77.5","1012.3","-","-"
"2023/07/30","13:00","14.38","18","17.69","77.5","1013.1","-","-"
"2023/07/30","14:00","14","15","18.27","77.4","1013.5","-","-"
"2023/07/30","15:00","14.58","16","17.88","77.2","1013.8","-","-"
"2023/07/30","16:00","12.83","37","16.13","77.9","1014","-","-"
"2023/07/30","17:00","9.91","45","15.36","78.3","1013.8","-","-"
"2023/07/30","18:00","10.89","36","15.16","78.8","1013.8","-","-"
"2023/07/30","19:00","7","42","9.91","79.5","1013","-","-"
"2023/07/30","20:00","8.75","73","10.69","79.5","1012.5","-","-"
"2023/07/30","21:00","7.97","59","10.3","80.4","1012.4","-","-"
"2023/07/30","22:00","8.16","45","9.91","80.6","1012.6","-","-"
"2023/07/30","23:00","6.8","49","8.94","79.5","1012.7","-","-"
"2023/07/31","00:00","6.41","71","8.55","79.5","1012.8","-","-"
"2023/07/31","01:00","4.08","143","5.83","78.8","1012.9","-","-"
"2023/07/31","02:00","4.67","174","6.22","75.6","1013.5","-","-"
"2023/07/31","03:00","5.25","169","6.22","74.8","1013.5","-","-"
"2023/07/31","04:00","5.05","174","6.8","74.5","1013.2","-","-"
"2023/07/31","05:00","4.67","192","6.61","73.8","1013.4","-","-"
"2023/07/31","06:00","5.44","203","6.61","72.9","1013.4","-","-"
"2023/07/31","07:00","6.61","198","8.94","72.3","1012.7","-","-"
"2023/07/31","08:00","5.83","198","9.52","72.5","1012.2","-","-"
"2023/07/31","09:00","2.14","249","3.3","71.4","1012.4","-","-"
"2023/07/31","10:00","2.92","229","4.28","71.8","1012.9","-","-"
"2023/07/31","11:00","3.11","249","3.89","71.2","1013.4","-","-"
"2023/07/31","12:00","4.47","251","6.41","73.8","1014.3","-","-"
"2023/07/31","13:00","4.28","276","6.61","75","1014.9","-","-"
"2023/07/31","14:00","4.86","208","6.61","76.5","1014.6","-","-"
"2023/07/31","15:00","5.05","224","5.83","78.4","1014.6","-","-"
"2023/07/31","16:00","5.44","251","8.94","81.1","1014.6","-","-"
"2023/07/31","17:00","5.64","187","10.5","82.2","1014.3","-","-"
"2023/07/31","18:00","6.22","238","9.72","83.1","1013.8","-","-"
"2023/07/31","19:00","3.3","236","4.28","84.4","1013.2","-","-"
"2023/07/31","20:00","6.61","260","8.55","78.6","1013.7","-","-"
"2023/07/31","21:00","2.33","105","3.3","76.1","1013.5","-","-"
"2023/07/31","22:00","7.58","340","8.94","77","1014.3","-","-"
"2023/07/31","23:00","11.27","287","14.19","75.2","1014.6","-","-"
"2023/08/01","00:00","3.3","294","5.44","74.7","1014.1","-","-"
"2023/08/01","01:00","2.92","167","4.28","75.6","1014.9","-","-"
"2023/08/01","02:00","3.5","202","4.47","74.5","1015.9","-","-"
"2023/08/01","03:00","2.14","252","2.72","74.8","1016.2","-","-"
"2023/08/01","04:00","5.25","345","5.83","74.1","1015.9","-","-"
"2023/08/01","05:00","5.25","334","6.41","73.9","1015.8","-","-"
"2023/08/01","06:00","5.64","350","6.41","73.2","1015.7","-","-"
"2023/08/01","07:00","3.3","287","5.25","72.7","1015.6","-","-"
"2023/08/01","08:00","3.89","282","4.86","72.1","1015.8","-","-"
"2023/08/01","09:00","4.86","306","7.78","73.2","1015.8","-","-"
"2023/08/01","10:00","4.47","273","6.61","71.6","1016.3","-","-"
"2023/08/01","11:00","8.16","326","10.11","72.5","1016.9","-","-"
"2023/08/01","12:00","10.69","330","12.83","73.4","1017.4","-","-"
"2023/08/01","13:00","8.55","340","10.11","75","1017.8","-","-"
"2023/08/01","14:00","7","14","10.11","77.9","1017.9","-","-"
"2023/08/01","15:00","8.55","26","12.25","79.5","1018","-","-"
"2023/08/01","16:00","6.03","19","12.05","80.1","1018.2","-","-"
"2023/08/01","17:00","7.97","32","11.66","80.1","1018.1","-","-"
"2023/08/01","18:00","10.3","36","12.44","79.9","1018","-","-"
"2023/08/01","19:00","9.72","43","13.41","79.7","1018.1","-","-"
"2023/08/01","20:00","11.08","35","14","79.7","1018","-","-"
"2023/08/01","21:00","11.27","22","14","79.3","1017.8","-","-"
"2023/08/01","22:00","9.72","18","11.86","79.2","1017.8","-","-"
"2023/08/01","23:00","8.16","19","10.69","78.3","1018","-","-"
"2023/08/02","00:00","7.97","14","8.94","76.8","1018.6","-","-"
"2023/08/02","01:00","7.97","17","9.52","75.7","1019.3","-","-"
"2023/08/02","02:00","6.8","13","8.36","74.8","1019.9","-","-"
"2023/08/02","03:00","6.41","359","8.55","73.9","1019.8","-","-"
"2023/08/02","04:00","7.19","6","8.36","73.8","1020","-","-"
"2023/08/02","05:00","7","7","7.97","73.8","1019.6","-","-"
"2023/08/02","06:00","6.03","358","6.41","73.6","1019.4","-","-"
"2023/08/02","07:00","7","314","8.16","73.9","1019.4","-","-"
"2023/08/02","08:00","4.86","322","7","72.1","1019.6","-","-"
"2023/08/02","09:00","6.8","312","8.16","70.5","1019.9","-","-"
"2023/08/02","10:00","5.44","322","6.8","70.7","1020.1","-","-"
"2023/08/02","11:00","3.69","290","5.44","70.9","1020.5","-","-"
"2023/08/02","12:00","2.92","350","4.86","70.7","1021","-","-"
"2023/08/02","13:00","6.61","11","8.36","73.8","1021","-","-"
"2023/08/02","14:00","5.64","45","7.19","76.3","1021.1","-","-"
"2023/08/02","15:00","6.41","91","8.16","76.6","1021.7","-","-"
"2023/08/02","16:00","6.22","65","7.78","77","1021.8","-","-"
"2023/08/02","17:00","4.28","115","5.64","79.7","1021.8","-","-"
"2023/08/02","18:00","8.94","78","10.69","78.3","1021","-","-"
"2023/08/02","19:00","7.78","68","9.33","78.6","1021","-","-"
"2023/08/02","20:00","6.22","64","8.55","79.2","1020.6","-","-"
"2023/08/02","21:00","4.86","92","8.55","79","1020.3","-","-"
"2023/08/02","22:00","6.22","101","9.72","79.2","1020","-","-"
"2023/08/02","23:00","6.8","109","9.52","78.6","1020","-","-"
"2023/08/03","00:00","5.64","148","6.61","77","1020.1","-","-"
"2023/08/03","01:00","5.44","137","6.8","75.7","1020","-","-"
"2023/08/03","02:00","6.22","157","7.58","74.7","1020.4","-","-"
"2023/08/03","03:00","5.64","167","7.58","73.6","1020.6","-","-"
"2023/08/03","04:00","5.44","168","7.19","73.4","1020.4","-","-"
"2023/08/03","05:00","4.86","174","6.41","72.9","1020.2","-","-"
"2023/08/03","06:00","5.44","176","7.19","72.5","1019.9","-","-"
"2023/08/03","07:00","4.67","179","6.03","71.4","1019","-","-"
"2023/08/03","08:00","5.25","180","7.58","71.4","1018.5","-","-"
"2023/08/03","09:00","2.53","190","4.08","70.5","1018.7","-","-"
"2023/08/03","10:00","3.69","167","4.47","69.6","1018.9","-","-"
"2023/08/03","11:00","4.86","178","6.03","70.7","1019.1","-","-"
"2023/08/03","12:00","5.64","189","6.8","71.8","1019.3","-","-"
"2023/08/03","13:00","2.92","181","4.67","74.1","1019.4","-","-"
"2023/08/03","14:00","5.05","164","7.78","77","1018.8","-","-"
"2023/08/03","15:00","8.16","165","11.47","78.6","1018.4","-","-"
"2023/08/03","16:00","8.94","147","11.08","79.9","1018.2","-","-"
"2023/08/03","17:00","2.92","206","7.58","80.6","1017.7","-","-"
"2023/08/03","18:00","8.16","197","9.72","80.1","1017.5","-","-"
"2023/08/03","19:00","3.69","235","7.19","79.2","1017.4","-","-"
"2023/08/03","20:00","6.61","253","8.36","76.3","1017","-","-"
"2023/08/03","21:00","2.33","242","3.5","76.6","1016.8","-","-"
"2023/08/03","22:00","0.19","118","1.36","76.5","1016.2","-","-"
"2023/08/03","23:00","2.53","164","3.89","75.9","1016","-","-"
"2023/08/04","00:00","1.17","295","2.53","74.7","1015.6","-","-"
"2023/08/04","01:00","3.69","130","6.22","75.7","1015.1","-","-"
"2023/08/04","02:00","4.28","116","6.41","76.1","1015.5","-","-"
"2023/08/04","03:00","8.36","155","9.72","72.5","1015.8","-","-"
"2023/08/04","04:00","8.36","137","9.72","72","1015.5","-","-"
"2023/08/04","05:00","6.03","158","7.78","70","1015.4","-","-"
"2023/08/04","06:00","4.86","129","7.58","68.5","1014.9","-","-"
"2023/08/04","07:00","7.97","118","10.69","69.8","1014.3","-","-"
"2023/08/04","08:00","8.55","108","11.47","70.5","1013.8","-","-"
"2023/08/04","09:00","7.97","122","10.5","70.5","1013.7","-","-"
"2023/08/04","10:00","7.19","139","11.27","70.7","1013.6","-","-"
"2023/08/04","11:00","6.8","136","10.89","70.3","1013.4","-","-"
"2023/08/04","12:00","6.03","150","8.16","70.7","1013.3","-","-"
"2023/08/04","13:00","7.19","115","8.75","70.5","1012.9","-","-"
"2023/08/04","14:00","5.83","132","7.39","71.8","1012.8","-","-"
"2023/08/04","15:00","4.47","133","6.03","72.3","1012.7","-","-"
"2023/08/04","16:00","4.28","152","6.8","73","1012.2","-","-"
"2023/08/04","17:00","5.05","193","6.8","74.1","1012.1","-","-"
"2023/08/04","18:00","5.05","225","6.41","74.5","1011.9","-","-"
"2023/08/04","19:00","5.44","259","7.78","74.5","1011.4","-","-"
"2023/08/04","20:00","3.89","209","4.47","75","1011.1","-","-"
"2023/08/04","21:00","1.94","154","2.92","74.8","1010.9","-","-"
"2023/08/04","22:00","1.94","155","2.53","76.3","1010.7","-","-"
"2023/08/04","23:00","3.3","81","4.86","75.7","1010.9","-","-"
"2023/08/05","00:00","2.72","87","5.64","75.7","1011.4","-","-"
"2023/08/05","01:00","1.94","47","3.5","76.1","1011.5","-","-"
"2023/08/05","02:00","4.47","24","5.44","75.4","1011.3","-","-"
"2023/08/05","03:00","0.78","189","2.53","74.7","1010.9","-","-"
"2023/08/05","04:00","1.56","8","2.33","75.4","1010.9","-","-"
"2023/08/05","05:00","9.33","345","10.69","74.5","1011.5","-","-"
"2023/08/05","06:00","6.41","345","7.19","74.3","1011.2","-","-"
"2023/08/05","07:00","7.58","327","10.11","74.8","1011.2","-","-"
"2023/08/05","08:00","8.75","326","10.5","73.6","1011.1","-","-"
"2023/08/05","09:00","8.75","319","10.69","72.3","1011.3","-","-"
"2023/08/05","10:00","8.75","323","10.5","72.5","1011.7","-","-"
"2023/08/05","11:00","8.16","1","9.91","72.9","1012","-","-"
"2023/08/05","12:00","7.19","347","8.55","73.6","1012.3","-","-"
"2023/08/05","13:00","7.58","7","10.11","75.6","1012.6","-","-"
"2023/08/05","14:00","6.8","36","8.16","76.8","1012.8","-","-"
"2023/08/05","15:00","6.22","7","9.52","78.4","1013.2","-","-"
"2023/08/05","16:00","8.36","26","9.91","79.5","1013.5","-","-"
"2023/08/05","17:00","7.39","57","8.36","80.1","1013.5","-","-"
"2023/08/05","18:00","10.11","94","11.47","80.2","1013.3","-","-"
"2023/08/05","19:00","9.14","85","10.89","79","1013.2","-","-"
"2023/08/05","20:00","9.52","78","11.47","79.2","1013.1","-","-"
"2023/08/05","21:00","8.55","86","10.3","79","1012.7","-","-"
"2023/08/05","22:00","7.78","99","9.52","79.9","1012.8","-","-"
"2023/08/05","23:00","6.22","84","7","80.4","1012.8","-","-"
"2023/08/06","00:00","7.78","56","8.94","79.9","1013","-","-"
"2023/08/06","01:00","2.53","55","3.3","79.3","1013.2","-","-"
"2023/08/06","02:00","0.97","156","1.75","78.4","1014","-","-"
"2023/08/06","03:00","2.92","203","3.5","75.7","1014.6","-","-"
"2023/08/06","04:00","4.28","209","4.86","74.3","1014.3","-","-"
"2023/08/06","05:00","2.53","197","5.05","74.7","1014.2","-","-"
"2023/08/06","06:00","0.78","215","1.17","74.1","1014.2","-","-"
"2023/08/06","07:00","1.75","212","2.53","73.2","1014.2","-","-"
"2023/08/06","08:00","3.11","170","3.5","73.6","1014.1","-","-"
"2023/08/06","09:00","3.5","196","5.83","73.9","1014","-","-"
"2023/08/06","10:00","6.41","210","8.36","72.7","1014.4","-","-"
"2023/08/06","11:00","5.25","213","6.22","73.2","1014.9","-","-"
"2023/08/06","12:00","5.25","276","6.03","75","1015.2","-","-"
"2023/08/06","13:00","4.47","277","6.41","75.6","1015.5","-","-"
"2023/08/06","14:00","5.25","153","7.97","77.7","1014.9","-","-"
"2023/08/06","15:00","3.69","142","4.67","78.8","1015.4","-","-"
"2023/08/06","16:00","3.3","75","4.47","80.6","1015.2","-","-"
"2023/08/06","17:00","2.72","100","5.05","83.1","1014.9","-","-"
"2023/08/06","18:00","11.08","86","12.05","81.9","1014.3","-","-"
"2023/08/06","19:00","12.25","96","13.22","82.6","1013.7","-","-"
"2023/08/06","20:00","8.94","111","12.63","83.8","1013.1","-","-"
"2023/08/06","21:00","10.11","107","14.97","82.6","1012.9","-","-"
"2023/08/06","22:00","10.5","118","14.19","83.3","1012.7","-","-"
"2023/08/06","23:00","9.72","120","12.25","82.6","1012.5","-","-"
"2023/08/07","00:00","6.61","136","10.11","81.5","1012.8","-","-"
"2023/08/07","01:00","9.14","161","13.8","80.4","1013.2","-","-"
"2023/08/07","02:00","7.78","149","11.27","79.3","1013.5","-","-"
"2023/08/07","03:00","8.75","165","11.08","79.2","1013.1","-","-"
"2023/08/07","04:00","10.5","180","14.97","79","1012.5","-","-"
"2023/08/07","05:00","9.52","193","13.41","78.1","1012.4","-","-"
"2023/08/07","06:00","7.97","184","10.3","77.4","1011.8","-","-"
"2023/08/07","07:00","5.25","199","6.8","76.8","1011.7","-","-"
"2023/08/07","08:00","6.22","174","8.75","76.8","1011.2","-","-"
"2023/08/07","09:00","7","210","9.52","76.5","1011.6","-","-"
"2023/08/07","10:00","8.75","192","12.63","76.6","1011.7","-","-"
"2023/08/07","11:00","6.8","203","9.72","76.3","1011.9","-","-"
"2023/08/07","12:00","7.19","190","10.3","78.1","1011.9","-","-"
"2023/08/07","13:00","8.36","217","10.89","79.5","1011.4","-","-"
"2023/08/07","14:00","7","183","9.52","81.1","1011.4","-","-"
"2023/08/07","15:00","8.55","225","12.83","83.5","1011","-","-"
"2023/08/07","16:00","8.36","209","11.08","84.6","1010.3","-","-"
"2023/08/07","17:00","9.14","203","11.66","85.8","1009.8","-","-"
"2023/08/07","18:00","6.61","192","11.47","87.1","1009.2","-","-"
"2023/08/07","19:00","7","201","13.22","88","1007.9","-","-"
"2023/08/07","20:00","9.72","208","14.77","88.9","1007.5","-","-"
"2023/08/07","21:00","7.97","195","12.63","89.6","1006.9","-","-"
"2023/08/07","22:00","11.08","172","19.24","89.1","1006.6","-","-"
"2023/08/07","23:00","9.33","182","13.22","88.7","1006.1","-","-"
"2023/08/08","00:00","5.83","164","7.39","86.7","1006.1","-","-"
"2023/08/08","01:00","6.22","193","10.69","86.4","1006.6","-","-"
"2023/08/08","02:00","11.47","205","14.38","85.8","1005.5","-","-"
"2023/08/08","03:00","7.78","206","11.47","85.1","1005.9","-","-"
"2023/08/08","04:00","13.61","212","22.55","83.3","1005.7","-","-"
"2023/08/08","05:00","15.16","221","19.44","80.1","1005.5","-","-"
"2023/08/08","06:00","15.55","223","21.38","78.4","1005.5","-","-"
"2023/08/08","07:00","11.66","223","19.83","76.8","1005.4","-","-"
"2023/08/08","08:00","12.25","219","19.24","75.4","1005.6","-","-"
"2023/08/08","09:00","14.19","227","20.99","74.7","1005.8","-","-"
"2023/08/08","10:00","13.41","226","18.47","74.3","1006.1","-","-"
"2023/08/08","11:00","12.63","220","14.97","74.3","1006.6","-","-"
"2023/08/08","12:00","14.38","226","18.08","75","1007.1","-","-"
"2023/08/08","13:00","13.22","245","16.72","77","1007.3","-","-"
"2023/08/08","14:00","12.44","255","17.49","78.8","1007.6","-","-"
"2023/08/08","15:00","12.25","246","15.36","80.6","1008.1","-","-"
"2023/08/08","16:00","10.3","300","12.63","81.5","1007.5","-","-"
"2023/08/08","17:00","13.8","319","16.91","81.9","1007.7","-","-"
"2023/08/08","18:00","15.75","325","18.86","81.9","1007.4","-","-"
"2023/08/08","19:00","11.27","280","16.13","83.3","1007.2","-","-"
"2023/08/08","20:00","9.72","276","14","83.7","1007.5","-","-"
"2023/08/08","21:00","9.33","295","11.27","84","1007.8","-","-"
"2023/08/08","22:00","9.14","287","11.47","83.8","1008.2","-","-"
"2023/08/08","23:00","6.61","266","8.36","81.9","1008.4","-","-"
"2023/08/09","00:00","5.83","261","6.61","79.3","1008.5","-","-"
"2023/08/09","01:00","2.92","236","4.67","78.1","1008.9","-","-"
"2023/08/09","02:00","4.67","227","6.22","76.5","1009.4","-","-"
"2023/08/09","03:00","5.25","219","6.03","77","1008.9","-","-"
"2023/08/09","04:00","7.78","221","9.52","76.3","1008.7","-","-"
"2023/08/09","05:00","8.75","223","11.27","75.7","1008.6","-","-"
"2023/08/09","06:00","8.36","243","10.3","75.2","1008.6","-","-"
"2023/08/09","07:00","8.16","264","11.08","74.8","1008.3","-","-"
"2023/08/09","08:00","8.55","263","10.69","73.6","1008.8","-","-"
"2023/08/09","09:00","5.64","275","7.58","73.4","1008.9","-","-"
"2023/08/09","10:00","6.22","295","9.33","74.5","1009.8","-","-"
"2023/08/09","11:00","4.86","261","5.83","72.1","1010.2","-","-"
"2023/08/09","12:00","4.47","302","6.03","74.3","1010.5","-","-"
"2023/08/09","13:00","7.58","315","9.14","76.3","1010.7","-","-"
"2023/08/09","14:00","5.83","334","7.97","78.4","1010.7","-","-"
"2023/08/09","15:00","6.22","340","7.58","80.2","1010.5","-","-"
"2023/08/09","16:00","2.33","259","3.69","81.5","1010.4","-","-"
"2023/08/09","17:00","1.17","9","1.36","84","1010","-","-"
"2023/08/09","18:00","4.28","342","6.03","83.1","1010","-","-"
"2023/08/09","19:00","8.55","211","11.08","84.2","1009.9","-","-"
"2023/08/09","20:00","9.52","239","13.02","84.7","1009.4","-","-"
"2023/08/09","21:00","7","281","13.02","84.9","1009.2","-","-"
"2023/08/09","22:00","6.22","239","8.75","84.9","1008.9","-","-"
"2023/08/09","23:00","4.28","240","4.86","84.2","1009.5","-","-"
"2023/08/10","00:00","3.69","211","4.28","80.6","1009.9","-","-"
"2023/08/10","01:00","2.92","171","3.5","79.3","1010.1","-","-"
"2023/08/10","02:00","3.3","163","4.47","78.8","1010.3","-","-"
"2023/08/10","03:00","5.44","197","6.22","78.1","1010","-","-"
"2023/08/10","04:00","6.03","202","7","77.2","1009.7","-","-"
"2023/08/10","05:00","6.8","205","7.97","76.1","1009.5","-","-"
"2023/08/10","06:00","7","205","7.97","76.3","1008.9","-","-"
"2023/08/10","07:00","6.22","195","7.58","76.1","1007.8","-","-"
"2023/08/10","08:00","6.61","195","9.33","76.3","1007.1","-","-"
"2023/08/10","09:00","7.58","202","8.55","75.6","1006.7","-","-"
"2023/08/10","10:00","6.8","202","8.75","75.6","1007","-","-"
"2023/08/10","11:00","4.28","191","5.44","76.1","1006.9","-","-"
"2023/08/10","12:00","6.03","192","8.16","77","1007.1","-","-"
"2023/08/10","13:00","5.44","195","6.61","78.3","1006.9","-","-"
"2023/08/10","14:00","10.69","202","14.19","80.6","1006.3","-","-"
"2023/08/10","15:00","13.22","217","19.63","80.1","1006.5","-","-"
"2023/08/10","16:00","16.33","244","21.97","75.6","1007.2","-","-"
"2023/08/10","17:00","8.36","205","10.89","75.2","1006.3","-","-"
"2023/08/10","18:00","6.8","206","9.72","75.4","1004.8","-","-"
"2023/08/10","19:00","12.05","209","15.55","76.6","1004.3","-","-"
"2023/08/10","20:00","11.47","207","15.55","77.9","1004.4","-","-"
"2023/08/10","21:00","10.89","224","13.02","78.6","1003.8","-","-"
"2023/08/10","22:00","4.28","232","6.22","77.4","1003.3","-","-"
"2023/08/10","23:00","8.16","225","11.66","78.3","1002.6","-","-"
"2023/08/11","00:00","10.5","233","13.41","77.5","1003.7","-","-"
"2023/08/11","01:00","11.27","236","13.8","77.4","1004.7","-","-"
"2023/08/11","02:00","11.66","244","15.55","77.4","1005.4","-","-"
"2023/08/11","03:00","12.63","243","16.91","77","1005.4","-","-"
"2023/08/11","04:00","9.91","236","12.83","76.6","1005.6","-","-"
"2023/08/11","05:00","11.08","256","13.8","76.6","1006","-","-"
"2023/08/11","06:00","9.33","283","11.66","76.3","1006.2","-","-"
"2023/08/11","07:00","10.11","284","11.66","75.9","1006.7","-","-"
"2023/08/11","08:00","7.39","262","9.14","73.9","1007.3","-","-"
"2023/08/11","09:00","6.41","265","7.78","73.2","1007.8","-","-"
"2023/08/11","10:00","7.19","269","8.75","72.9","1008.4","-","-"
"2023/08/11","11:00","5.83","276","7","72.9","1009","-","-"
"2023/08/11","12:00","5.44","282","6.8","75","1009.5","-","-"
"2023/08/11","13:00","4.08","287","5.44","76.1","1010.1","-","-"
"2023/08/11","14:00","5.05","321","6.03","77.9","1010.6","-","-"
"2023/08/11","15:00","3.5","331","4.67","80.4","1010.7","-","-"
"2023/08/11","16:00","2.53","341","3.11","82.9","1010.4","-","-"
"2023/08/11","17:00","2.14","8","2.92","83.3","1010.4","-","-"
"2023/08/11","18:00","5.83","106","7.78","83.3","1010.7","-","-"
"2023/08/11","19:00","3.3","121","6.41","83.8","1010.3","-","-"
"2023/08/11","20:00","5.44","81","7","82.4","1010","-","-"
"2023/08/11","21:00","6.03","138","7.39","82.9","1009.8","-","-"
"2023/08/11","22:00","1.36","131","2.92","83.5","1010","-","-"
"2023/08/11","23:00","2.14","177","2.92","81.9","1010.2","-","-"
"2023/08/12","00:00","3.5","178","3.69","81.3","1010.3","-","-"
"2023/08/12","01:00","3.11","207","3.3","78.4","1010.4","-","-"
"2023/08/12","02:00","2.53","192","3.11","76.8","1010.5","-","-"
"2023/08/12","03:00","4.47","215","5.44","76.3","1010.6","-","-"
"2023/08/12","04:00","1.75","156","2.92","76.1","1011","-","-"
"2023/08/12","05:00","2.33","181","3.69","75.2","1011.4","-","-"
"2023/08/12","06:00","4.86","187","5.83","74.1","1011.3","-","-"
"2023/08/12","07:00","5.05","189","5.64","74.7","1011.3","-","-"
"2023/08/12","08:00","6.22","211","7","74.3","1011.6","-","-"
"2023/08/12","09:00","1.56","235","3.11","73.4","1011.8","-","-"
"2023/08/12","10:00","0.19","191","1.17","73.2","1011.5","-","-"
"2023/08/12","11:00","2.53","212","3.5","74.3","1011.9","-","-"
"2023/08/12","12:00","5.64","199","6.41","76.1","1012.1","-","-"
"2023/08/12","13:00","5.64","216","8.36","79.5","1012.1","-","-"
"2023/08/12","14:00","8.75","204","10.5","82","1012","-","-"
"2023/08/12","15:00","7.19","208","8.94","83.5","1012.1","-","-"
"2023/08/12","16:00","6.61","247","8.55","84.7","1011.3","-","-"
"2023/08/12","17:00","3.69","225","9.72","86.2","1011.3","-","-"
"2023/08/12","18:00","5.83","250","8.16","87.6","1011.2","-","-"
"2023/08/12","19:00","5.05","270","9.72","88.3","1010.8","-","-"
"2023/08/12","20:00","7.19","206","10.11","89.4","1010.4","-","-"
"2023/08/12","21:00","7.58","222","12.44","89.6","1010.4","-","-"
"2023/08/12","22:00","7.58","230","9.14","89.6","1010.1","-","-"
"2023/08/12","23:00","3.3","211","4.47","87.6","1009.9","-","-"
"2023/08/13","00:00","4.28","146","5.05","84.9","1010.3","-","-"
"2023/08/13","01:00","5.25","170","6.22","83.5","1010.3","-","-"
"2023/08/13","02:00","5.05","170","6.03","82.9","1010.9","-","-"
"2023/08/13","03:00","5.44","187","7","82.2","1011.3","-","-"
"2023/08/13","04:00","7.78","178","9.52","81.7","1011.1","-","-"
"2023/08/13","05:00","7.58","205","8.94","80.4","1011.1","-","-"
"2023/08/13","06:00","7.19","205","8.75","80.1","1010.6","-","-"
"2023/08/13","07:00","8.36","185","10.89","80.4","1010.1","-","-"
"2023/08/13","08:00","6.41","203","8.16","79.9","1009.6","-","-"
"2023/08/13","09:00","6.22","205","7.39","79.7","1010.2","-","-"
"2023/08/13","10:00","7.58","211","9.14","79","1010.6","-","-"
"2023/08/13","11:00","10.5","209","15.94","79.5","1010.6","-","-"
"2023/08/13","12:00","7.19","248","9.91","80.8","1011.3","-","-"
"2023/08/13","13:00","8.36","247","14.77","82.6","1011.8","-","-"
"2023/08/13","14:00","9.72","262","13.02","84.2","1012.2","-","-"
"2023/08/13","15:00","8.55","254","11.47","86.7","1012.3","-","-"
"2023/08/13","16:00","7.39","237","9.14","88.9","1011.9","-","-"
"2023/08/13","17:00","5.25","278","9.91","90.1","1011.8","-","-"
"2023/08/13","18:00","6.41","295","9.52","91.2","1011.5","-","-"
"2023/08/13","19:00","5.64","253","7.58","92.5","1011.4","-","-"
"2023/08/13","20:00","2.92","234","5.64","92.8","1011.1","-","-"
"2023/08/13","21:00","12.05","76","13.41","86.7","1011.3","-","-"
"2023/08/13","22:00","8.94","71","11.66","86","1011.5","-","-"
"2023/08/13","23:00","6.41","112","8.94","87.3","1011.7","-","-"
"2023/08/14","00:00","1.36","137","3.11","86.5","1012.2","-","-"
"2023/08/14","01:00","8.36","46","9.33","84.2","1012.6","-","-"
"2023/08/14","02:00","4.47","44","6.8","84","1013.2","-","-"
"2023/08/14","03:00","3.3","65","5.83","82.6","1013.6","-","-"
"2023/08/14","04:00","2.92","5","3.5","82.4","1013.7","-","-"
"2023/08/14","05:00","0","234","0","82","1013.4","-","-"
"2023/08/14","06:00","2.53","47","2.92","81.9","1013","-","-"
"2023/08/14","07:00","6.41","79","7.58","81.5","1012.5","-","-"
"2023/08/14","08:00","1.75","127","5.83","80.8","1012.2","-","-"
"2023/08/14","09:00","1.94","162","3.5","81","1011.9","-","-"
"2023/08/14","10:00","4.08","44","4.67","80.4","1012.1","-","-"
"2023/08/14","11:00","3.3","68","4.86","81.1","1012.5","-","-"
"2023/08/14","12:00","1.17","133","4.08","82.8","1013","-","-"
"2023/08/14","13:00","1.75","3","2.14","82.8","1013.7","-","-"
"2023/08/14","14:00","2.72","54","3.5","82.8","1013.9","-","-"
"2023/08/14","15:00","3.3","67","3.69","83.5","1013.8","-","-"
"2023/08/14","16:00","8.94","63","9.52","83.3","1013.3","-","-"
"2023/08/14","17:00","11.86","66","12.44","82.6","1012.5","-","-"
"2023/08/14","18:00","8.75","65","9.33","84.6","1011.8","-","-"
"2023/08/14","19:00","8.36","70","9.52","86","1011","-","-"
"2023/08/14","20:00","6.03","101","7.19","87.8","1010.6","-","-"
"2023/08/14","21:00","4.47","132","5.25","88.2","1009.6","-","-"
"2023/08/14","22:00","4.47","130","5.64","88.5","1009.3","-","-"
"2023/08/14","23:00","1.36","136","2.92","81","1009.4","-","-"
"2023/08/15","00:00","6.22","181","7.39","80.8","1009.8","-","-"
"2023/08/15","01:00","5.25","212","6.61","81.3","1010","-","-"
"2023/08/15","02:00","4.28","208","5.83","81.1","1009.6","-","-"
"2023/08/15","03:00","8.36","197","10.3","81.1","1009.7","-","-"
"2023/08/15","04:00","9.72","212","13.61","81.3","1009.3","-","-"
"2023/08/15","05:00","7.19","220","10.5","80.8","1009.1","-","-"
"2023/08/15","06:00","7.78","218","11.66","80.6","1008.3","-","-"
"2023/08/15","07:00","8.94","213","12.05","80.6","1008.2","-","-"
"2023/08/15","08:00","9.52","212","14.19","79.9","1007.8","-","-"
"2023/08/15","09:00","10.5","222","14.97","80.1","1007.6","-","-"
"2023/08/15","10:00","10.89","219","14.77","79.3","1007.8","-","-"
"2023/08/15","11:00","10.3","233","14.38","79.3","1008.2","-","-"
"2023/08/15","12:00","13.61","220","18.47","80.4","1008","-","-"
"2023/08/15","13:00","13.8","222","19.24","82","1008.2","-","-"
"2023/08/15","14:00","9.52","213","15.16","83.7","1008.2","-","-"
"2023/08/15","15:00","6.61","213","10.5","86.2","1008.1","-","-"
"2023/08/15","16:00","8.16","238","12.05","88.5","1008.3","-","-"
"2023/08/15","17:00","10.3","230","15.16","90","1007.7","-","-"
"2023/08/15","18:00","11.08","212","13.41","91","1007.7","-","-"
"2023/08/15","19:00","8.75","218","15.75","91.9","1007","-","-"
"2023/08/15","20:00","8.36","218","12.25","92.8","1005.6","-","-"
"2023/08/15","21:00","5.44","233","6.41","89.2","1006.3","-","-"
"2023/08/15","22:00","7.58","189","9.33","78.6","1005.4","-","-"
"2023/08/15","23:00","8.36","205","10.11","78.8","1006.4","-","-"
"2023/08/16","00:00","12.05","199","16.13","76.8","1007.4","-","-"
"2023/08/16","01:00","10.5","200","13.02","75.4","1008.8","-","-"
"2023/08/16","02:00","8.94","203","13.8","75.7","1009.3","-","-"
"2023/08/16","03:00","9.52","219","11.47","75.6","1008.7","-","-"
"2023/08/16","04:00","10.5","240","14.58","75.6","1008.4","-","-"
"2023/08/16","05:00","11.66","236","16.13","75.6","1008.3","-","-"
"2023/08/16","06:00","10.89","224","14.58","75.4","1008.7","-","-"
"2023/08/16","07:00","3.3","283","5.25","74.5","1008.9","-","-"
"2023/08/16","08:00","4.28","262","6.22","74.1","1009.2","-","-"
"2023/08/16","09:00","4.67","241","5.83","74.5","1009.7","-","-"
"2023/08/16","10:00","6.03","282","7.97","75.2","1010.1","-","-"
"2023/08/16","11:00","5.83","346","6.8","77","1010.8","-","-"
"2023/08/16","12:00","5.64","341","7.19","76.6","1011.6","-","-"
"2023/08/16","13:00","7.97","352","10.11","77.5","1011.8","-","-"
"2023/08/16","14:00","9.52","8","13.02","79.5","1011.9","-","-"
"2023/08/16","15:00","8.55","10","9.72","80.4","1012.5","-","-"
"2023/08/16","16:00","4.47","347","7.19","81.5","1012.2","-","-"
"2023/08/16","17:00","4.47","95","5.64","83.1","1012","-","-"
"2023/08/16","18:00","11.08","81","11.86","81.3","1012.2","-","-"
"2023/08/16","19:00","9.52","77","11.47","81.5","1012.3","-","-"
"2023/08/16","20:00","8.55","86","9.72","82","1012","-","-"
"2023/08/16","21:00","6.22","68","7.97","82.2","1011.4","-","-"
"2023/08/16","22:00","7","84","7.78","83.1","1011.6","-","-"
"2023/08/16","23:00","4.28","84","6.22","83.5","1011.7","-","-"
"2023/08/17","00:00","5.64","90","7.19","82.2","1011.8","-","-"
"2023/08/17","01:00","3.89","139","4.86","80.2","1012","-","-"
"2023/08/17","02:00","3.69","153","5.05","79.2","1012.8","-","-"
"2023/08/17","03:00","2.72","165","3.89","78.1","1012.9","-","-"
"2023/08/17","04:00","1.56","161","2.14","78.1","1012.6","-","-"
"2023/08/17","05:00","1.56","166","2.72","77","1012.4","-","-"
"2023/08/17","06:00","1.56","128","1.94","77.9","1012","-","-"
"2023/08/17","07:00","4.08","113","5.25","79.2","1011.6","-","-"
"2023/08/17","08:00","4.67","114","6.03","79.9","1011.6","-","-"
"2023/08/17","09:00","4.67","116","6.61","79.7","1011.5","-","-"
"2023/08/17","10:00","3.11","140","4.67","79","1011.5","-","-"
"2023/08/17","11:00","3.69","142","5.25","78.4","1012.2","-","-"
"2023/08/17","12:00","8.75","146","10.69","77.9","1012.4","-","-"
"2023/08/17","13:00","7","163","9.72","76.1","1012.6","-","-"
"2023/08/17","14:00","4.08","198","5.44","77.5","1012.3","-","-"
"2023/08/17","15:00","7.58","180","9.52","81.1","1011.8","-","-"
"2023/08/17","16:00","1.17","162","4.47","82.8","1011.5","-","-"
"2023/08/17","17:00","7.39","199","9.52","82.4","1011.1","-","-"
"2023/08/17","18:00","4.86","179","7.97","84.4","1010.4","-","-"
"2023/08/17","19:00","3.11","190","8.16","86","1009.6","-","-"
"2023/08/17","20:00","7.78","176","11.08","86","1009.1","-","-"
"2023/08/17","21:00","6.03","185","8.36","85.8","1008.8","-","-"
"2023/08/17","22:00","8.36","156","12.05","86.5","1008.4","-","-"
"2023/08/17","23:00","8.55","174","11.08","86.4","1008.2","-","-"
"2023/08/18","00:00","6.03","192","9.14","84.7","1008.7","-","-"
"2023/08/18","01:00","11.47","181","14","83.3","1008.8","-","-"
"2023/08/18","02:00","7.97","186","13.41","81.9","1008.3","-","-"
"2023/08/18","03:00","9.72","189","12.44","81","1008","-","-"
"2023/08/18","04:00","10.5","195","14.97","80.8","1007.6","-","-"
"2023/08/18","05:00","9.33","205","14.77","80.2","1007.6","-","-"
"2023/08/18","06:00","8.36","200","14.19","79.3","1006.8","-","-"
"2023/08/18","07:00","9.14","207","13.02","78.4","1006.1","-","-"
"2023/08/18","08:00","9.33","218","13.22","78.1","1005.7","-","-"
"2023/08/18","09:00","7.78","226","9.52","77.5","1005.8","-","-"
"2023/08/18","10:00","9.91","227","13.41","77.2","1006.3","-","-"
"2023/08/18","11:00","11.47","232","15.16","77","1006.7","-","-"
"2023/08/18","12:00","10.5","232","15.16","77.9","1006.8","-","-"
"2023/08/18","13:00","9.91","262","12.83","79.2","1007.6","-","-"
"2023/08/18","14:00","7.97","285","9.72","80.8","1008.1","-","-"
"2023/08/18","15:00","9.72","325","12.25","81.1","1008.7","-","-"
"2023/08/18","16:00","10.89","316","12.83","81.9","1009","-","-"
"2023/08/18","17:00","8.94","321","10.11","82.9","1008.8","-","-"
"2023/08/18","18:00","4.47","307","6.22","83.7","1008.6","-","-"
"2023/08/18","19:00","6.41","331","7.39","84.9","1008.6","-","-"
"2023/08/18","20:00","6.41","326","7.78","85.3","1008.6","-","-"
"2023/08/18","21:00","12.25","77","13.8","82.4","1008.9","-","-"
"2023/08/18","22:00","11.08","75","12.05","82","1009","-","-"
"2023/08/18","23:00","5.05","114","7.58","82.9","1009.1","-","-"
"2023/08/19","00:00","3.69","131","5.25","81.7","1009.9","-","-"
"2023/08/19","01:00","2.33","174","4.28","79.2","1010.7","-","-"
"2023/08/19","02:00","2.14","299","2.92","77.9","1011.7","-","-"
"2023/08/19","03:00","1.75","128","3.69","79.5","1012","-","-"
"2023/08/19","04:00","3.5","198","3.89","75.7","1012.1","-","-"
"2023/08/19","05:00","14.77","9","17.11","77.4","1013.2","-","-"
"2023/08/19","06:00","10.89","356","14","76.6","1013.5","-","-"
"2023/08/19","07:00","10.11","345","13.02","75.6","1013.6","-","-"
"2023/08/19","08:00","7.19","327","10.11","73.8","1013.9","-","-"
"2023/08/19","09:00","7.97","335","9.72","72.5","1014.4","-","-"
"2023/08/19","10:00","7.97","349","10.69","71.4","1015.2","-","-"
"2023/08/19","11:00","9.91","344","12.05","70.5","1016.2","-","-"
"2023/08/19","12:00","8.16","336","10.3","70.9","1016.6","-","-"
"2023/08/19","13:00","10.3","4","13.22","73","1017.2","-","-"
"2023/08/19","14:00","10.11","18","14.58","74.8","1017.7","-","-"
"2023/08/19","15:00","7.58","358","9.91","75.6","1018.3","-","-"
"2023/08/19","16:00","4.67","341","6.61","77.2","1018","-","-"
"2023/08/19","17:00","2.92","323","4.67","78.1","1017.6","-","-"
"2023/08/19","18:00","4.08","60","7.19","78.1","1016.9","-","-"
"2023/08/19","19:00","7.39","78","8.75","77.7","1016.7","-","-"
"2023/08/19","20:00","7.58","62","8.94","78.3","1016.4","-","-"
"2023/08/19","21:00","5.64","75","7.19","79.5","1016","-","-"
"2023/08/19","22:00","3.69","123","5.25","81","1015.7","-","-"
"2023/08/19","23:00","5.25","107","6.22","80.2","1015.9","-","-"
"2023/08/20","00:00","6.41","139","8.36","77.4","1016.2","-","-"
"2023/08/20","01:00","5.25","160","6.41","75.2","1016.7","-","-"
"2023/08/20","02:00","6.61","169","7.97","74.3","1017.2","-","-"
"2023/08/20","03:00","7.39","170","9.14","73.6","1017.7","-","-"
"2023/08/20","04:00","7.19","191","8.94","73","1017.9","-","-"
"2023/08/20","05:00","3.69","183","5.25","71.4","1018","-","-"
"2023/08/20","06:00","6.22","184","7.58","72.5","1017.9","-","-"
"2023/08/20","07:00","6.41","185","7.78","72.7","1017.5","-","-"
"2023/08/20","08:00","5.64","196","7.19","72.5","1017.6","-","-"
"2023/08/20","09:00","1.17","125","2.33","72.3","1017.9","-","-"
"2023/08/20","10:00","0.58","235","1.36","71.4","1018.3","-","-"
"2023/08/20","11:00","1.17","208","2.14","70.9","1018.9","-","-"
"2023/08/20","12:00","0.97","187","1.36","75.2","1019.3","-","-"
"2023/08/20","13:00","3.11","183","4.67","79","1019.7","-","-"
"2023/08/20","14:00","3.89","23","4.86","78.4","1020","-","-"
"2023/08/20","15:00","1.94","23","2.72","80.8","1020.2","-","-"
"2023/08/20","16:00","5.25","72","7","80.4","1020.1","-","-"
"2023/08/20","17:00","7.19","68","9.33","81.1","1019.7","-","-"
"2023/08/20","18:00","9.33","77","10.11","81.5","1019","-","-"
"2023/08/20","19:00","12.63","75","14.38","81.7","1018.4","-","-"
"2023/08/20","20:00","12.05","81","14.38","81.5","1017.9","-","-"
"2023/08/20","21:00","9.33","99","12.83","83.3","1017.9","-","-"
"2023/08/20","22:00","10.11","117","12.05","83.7","1017.7","-","-"
"2023/08/20","23:00","7.39","139","10.89","83.5","1017.5","-","-"
"2023/08/21","00:00","7.19","137","8.55","81.5","1017.5","-","-"
"2023/08/21","01:00","5.64","154","7.19","80.2","1017.9","-","-"
"2023/08/21","02:00","5.25","163","6.41","79.7","1018.1","-","-"
"2023/08/21","03:00","7.19","166","9.52","79.3","1017.9","-","-"
"2023/08/21","04:00","8.55","170","9.72","79","1017.9","-","-"
"2023/08/21","05:00","7.78","181","10.3","78.8","1018","-","-"
"2023/08/21","06:00","8.94","176","10.5","78.4","1017.6","-","-"
"2023/08/21","07:00","8.36","194","10.3","78.1","1017.3","-","-"
"2023/08/21","08:00","7","196","9.52","77.4","1017.1","-","-"
"2023/08/21","09:00","2.14","216","5.83","76.3","1017","-","-"
"2023/08/21","10:00","0.78","196","2.72","75.6","1017.2","-","-"
"2023/08/21","11:00","5.44","199","7","75.7","1017.3","-","-"
"2023/08/21","12:00","3.69","235","6.03","77.5","1017.4","-","-"
"2023/08/21","13:00","2.33","271","5.44","81","1017.5","-","-"
"2023/08/21","14:00","3.69","321","4.08","81.9","1017.5","-","-"
"2023/08/21","15:00","5.25","312","5.64","82","1017.4","-","-"
"2023/08/21","16:00","4.86","315","5.64","82.8","1017.1","-","-"
"2023/08/21","17:00","2.33","11","2.72","85.8","1016.6","-","-"
"2023/08/21","18:00","4.67","330","5.44","87.8","1016.2","-","-"
"2023/08/21","19:00","6.41","323","7.39","88.2","1015.8","-","-"
"2023/08/21","20:00","4.28","309","5.05","89.2","1015.3","-","-"
"2023/08/21","21:00","6.03","297","7","88.3","1015.2","-","-"
"2023/08/21","22:00","8.94","305","10.3","86.5","1015.2","-","-"
"2023/08/21","23:00","5.25","84","6.03","83.7","1015.3","-","-"
"2023/08/22","00:00","3.3","18","4.08","83.7","1015.7","-","-"
"2023/08/22","01:00","3.11","37","3.89","82.4","1015.8","-","-"
"2023/08/22","02:00","1.94","243","2.33","80.1","1015.9","-","-"
"2023/08/22","03:00","1.56","233","1.94","79","1015.7","-","-"
"2023/08/22","04:00","1.94","218","2.53","78.3","1015.5","-","-"
"2023/08/22","05:00","2.14","229","2.92","77.2","1015.2","-","-"
"2023/08/22","06:00","2.53","245","3.3","77.2","1014.9","-","-"
"2023/08/22","07:00","1.17","237","2.33","77.4","1014.5","-","-"
"2023/08/22","08:00","2.53","252","3.69","77","1014.3","-","-"
"2023/08/22","09:00","4.08","274","5.25","76.8","1014.5","-","-"
"2023/08/22","10:00","4.08","275","5.44","76.6","1014.6","-","-"
"2023/08/22","11:00","8.16","260","9.91","76.8","1014.4","-","-"
"2023/08/22","12:00","10.5","320","13.02","79.3","1014.7","-","-"
"2023/08/22","13:00","8.75","341","10.89","79.9","1014.8","-","-"
"2023/08/22","14:00","16.52","6","18.27","79.7","1015.3","-","-"
"2023/08/22","15:00","11.86","14","14.38","79.9","1015.5","-","-"
"2023/08/22","16:00","13.22","32","15.94","80.1","1015.5","-","-"
"2023/08/22","17:00","11.66","41","16.52","81","1015.3","-","-"
"2023/08/22","18:00","9.14","23","15.75","81.5","1015.1","-","-"
"2023/08/22","19:00","12.44","22","14.77","80.4","1014.8","-","-"
"2023/08/22","20:00","14","39","17.69","80.1","1014.7","-","-"
"2023/08/22","21:00","16.13","27","18.66","79","1015.3","-","-"
"2023/08/22","22:00","14","17","16.91","79.5","1015.6","-","-"
"2023/08/22","23:00","13.41","30","15.75","78.4","1015.7","-","-"
"2023/08/23","00:00","9.33","56","13.22","76.8","1016","-","-"
"2023/08/23","01:00","15.94","62","19.24","75","1016.5","-","-"
"2023/08/23","02:00","16.91","51","20.99","74.7","1016.8","-","-"
"2023/08/23","03:00","13.8","41","15.55","73.9","1017.3","-","-"
"2023/08/23","04:00","13.22","45","16.33","73.9","1017.4","-","-"
"2023/08/23","05:00","12.44","37","17.69","73.4","1017.2","-","-"
"2023/08/23","06:00","10.69","39","12.83","73.2","1017","-","-"
"2023/08/23","07:00","12.05","39","14.38","73.8","1017","-","-"
"2023/08/23","08:00","13.8","39","16.72","73.9","1017.2","-","-"
"2023/08/23","09:00","14.58","43","17.69","73.8","1017.2","-","-"
"2023/08/23","10:00","12.25","31","16.33","73","1017.8","-","-"
"2023/08/23","11:00","14.77","42","18.66","73.8","1018.1","-","-"
"2023/08/23","12:00","13.41","41","18.08","74.3","1018.7","-","-"
"2023/08/23","13:00","13.61","46","17.11","75.4","1019.2","-","-"
"2023/08/23","14:00","10.89","58","14.38","75.6","1019.2","-","-"
"2023/08/23","15:00","9.14","53","13.22","75.6","1019.2","-","-"
"2023/08/23","16:00","10.3","61","13.02","75.6","1018.9","-","-"
"2023/08/23","17:00","8.75","55","10.89","75.6","1018.2","-","-"
"2023/08/23","18:00","7.78","57","8.94","76.3","1017.8","-","-"
"2023/08/23","19:00","8.75","74","10.5","76.5","1017.7","-","-"
"2023/08/23","20:00","7.97","76","8.75","77","1017.4","-","-"
"2023/08/23","21:00","8.36","77","9.52","76.8","1017.6","-","-"
"2023/08/23","22:00","6.03","88","8.16","77.2","1017.4","-","-"
"2023/08/23","23:00","7.97","142","9.91","77.4","1016","-","-"
"2023/08/24","00:00","5.44","156","7","75.4","1015.8","-","-"
"2023/08/24","01:00","4.47","145","5.25","74.7","1016.3","-","-"
"2023/08/24","02:00","6.03","141","7.78","73.8","1016","-","-"
"2023/08/24","03:00","4.67","156","7.39","73","1015.9","-","-"
"2023/08/24","04:00","5.25","156","6.22","73","1016.2","-","-"
"2023/08/24","05:00","3.3","177","4.28","72.9","1016.3","-","-"
"2023/08/24","06:00","5.05","171","7.39","72.9","1015.5","-","-"
"2023/08/24","07:00","4.47","189","5.44","72.3","1015.6","-","-"
"2023/08/24","08:00","4.28","182","5.64","72.1","1015.3","-","-"
"2023/08/24","09:00","3.89","181","6.03","72.1","1014.7","-","-"
"2023/08/24","10:00","5.64","176","7.19","72.3","1014.7","-","-"
"2023/08/24","11:00","6.8","171","8.75","72.5","1015","-","-"
"2023/08/24","12:00","4.08","183","6.03","73","1015.6","-","-"
"2023/08/24","13:00","4.47","162","5.44","74.3","1015.9","-","-"
"2023/08/24","14:00","4.28","184","6.22","75.9","1016.5","-","-"
"2023/08/24","15:00","5.44","179","7","76.3","1016.2","-","-"
"2023/08/24","16:00","5.25","161","6.41","77.9","1015.7","-","-"
"2023/08/24","17:00","6.41","175","10.5","79.9","1015.1","-","-"
"2023/08/24","18:00","7.19","177","12.44","80.8","1014.8","-","-"
"2023/08/24","19:00","4.28","170","9.72","82.4","1014.3","-","-"
"2023/08/24","20:00","7","179","11.08","83.5","1013.4","-","-"
"2023/08/24","21:00","7.58","139","12.63","84.6","1013.1","-","-"
"2023/08/24","22:00","6.8","117","10.69","81.3","1013.2","-","-"
"2023/08/24","23:00","10.3","121","12.25","80.8","1013.2","-","-"
"2023/08/25","00:00","6.22","136","8.55","80.4","1013.2","-","-"
"2023/08/25","01:00","7.58","155","9.14","79","1013.7","-","-"
"2023/08/25","02:00","6.22","144","8.55","78.4","1014.2","-","-"
"2023/08/25","03:00","5.25","159","7.19","77.7","1014.1","-","-"
"2023/08/25","04:00","8.75","177","12.25","77.5","1013.5","-","-"
"2023/08/25","05:00","10.69","185","13.8","77.4","1012.9","-","-"
"2023/08/25","06:00","8.36","191","11.66","76.5","1013.5","-","-"
"2023/08/25","07:00","9.14","194","14.19","75.7","1013.2","-","-"
"2023/08/25","08:00","9.72","189","12.44","75.7","1012.5","-","-"
"2023/08/25","09:00","9.14","194","14.38","75.6","1012.7","-","-"
"2023/08/25","10:00","9.14","188","11.66","75","1012.1","-","-"
"2023/08/25","11:00","8.94","196","13.02","75.2","1012.3","-","-"
"2023/08/25","12:00","8.94","205","12.05","76.3","1012.6","-","-"
"2023/08/25","13:00","13.22","223","16.91","76.3","1012.8","-","-"
"2023/08/25","14:00","13.61","208","21.97","79.3","1011.6","-","-"
"2023/08/25","15:00","18.86","213","26.24","81.5","1010.4","-","-"
"2023/08/25","16:00","14.38","214","24.49","84.6","1010","-","-"
"2023/08/25","17:00","12.25","201","17.11","85.8","1009.9","-","-"
"2023/08/25","18:00","13.41","227","16.13","87.3","1009.3","-","-"
"2023/08/25","19:00","9.14","225","15.55","89.2","1008.8","-","-"
"2023/08/25","20:00","8.55","209","11.86","90.3","1008.6","-","-"
"2023/08/25","21:00","9.33","226","14","90","1008.3","-","-"
"2023/08/25","22:00","8.75","220","12.83","90.9","1008.1","-","-"
"2023/08/25","23:00","4.47","205","7.39","90","1007.9","-","-"
"2023/08/26","00:00","4.86","189","6.8","87.6","1008","-","-"
"2023/08/26","01:00","5.25","168","7.78","86","1008.4","-","-"
"2023/08/26","02:00","7.78","179","8.94","84.9","1008.7","-","-"
"2023/08/26","03:00","8.55","188","13.22","83.5","1008.6","-","-"
"2023/08/26","04:00","10.11","197","12.44","82","1008.6","-","-"
"2023/08/26","05:00","11.66","199","14.97","81.5","1008.2","-","-"
"2023/08/26","06:00","12.63","206","18.86","81","1007.8","-","-"
"2023/08/26","07:00","10.69","212","15.16","80.2","1007.3","-","-"
"2023/08/26","08:00","7.97","216","11.08","78.8","1007.2","-","-"
"2023/08/26","09:00","8.75","213","10.89","78.1","1007.4","-","-"
"2023/08/26","10:00","6.41","216","9.72","77.2","1007.4","-","-"
"2023/08/26","11:00","6.41","226","7.39","76.8","1008.3","-","-"
"2023/08/26","12:00","6.03","244","7.39","78.3","1008.2","-","-"
"2023/08/26","13:00","8.36","302","10.11","79","1008.6","-","-"
"2023/08/26","14:00","9.33","311","9.91","79.7","1009.1","-","-"
"2023/08/26","15:00","10.11","313","11.08","81.1","1009.2","-","-"
"2023/08/26","16:00","8.75","311","10.5","82.8","1008.8","-","-"
"2023/08/26","17:00","8.36","308","10.69","83.8","1008.5","-","-"
"2023/08/26","18:00","10.3","65","12.25","82.2","1008.4","-","-"
"2023/08/26","19:00","9.91","76","13.02","81.9","1007.7","-","-"
"2023/08/26","20:00","11.47","82","12.44","82","1007.4","-","-"
"2023/08/26","21:00","8.36","77","9.91","82.6","1007","-","-"
"2023/08/26","22:00","6.8","78","7.97","83.3","1007.2","-","-"
"2023/08/26","23:00","8.36","89","9.72","83.7","1007.3","-","-"
"2023/08/27","00:00","7.19","78","8.94","82.2","1007.7","-","-"
"2023/08/27","01:00","2.53","107","4.67","82.6","1008.2","-","-"
"2023/08/27","02:00","5.25","73","6.22","82.6","1008.4","-","-"
"2023/08/27","03:00","0.58","157","1.36","80.6","1008.6","-","-"
"2023/08/27","04:00","6.61","89","7.58","81","1008.8","-","-"
"2023/08/27","05:00","4.08","123","5.83","80.2","1008.8","-","-"
"2023/08/27","06:00","5.83","103","6.61","79.5","1008.8","-","-"
"2023/08/27","07:00","8.36","83","9.72","79","1008.3","-","-"
"2023/08/27","08:00","7.97","76","8.94","78.4","1008.3","-","-"
"2023/08/27","09:00","7.39","79","8.55","78.4","1008.5","-","-"
"2023/08/27","10:00","5.64","65","7.78","78.6","1009","-","-"
"2023/08/27","11:00","6.41","27","7","77.9","1009.5","-","-"
"2023/08/27","12:00","4.67","36","6.8","78.4","1010","-","-"
"2023/08/27","13:00","7.78","48","9.72","78.8","1010.4","-","-"
"2023/08/27","14:00","10.69","60","12.83","79.5","1010.6","-","-"
"2023/08/27","15:00","9.72","73","11.47","79.7","1010.9","-","-"
"2023/08/27","16:00","9.91","76","11.66","79","1010.7","-","-"
"2023/08/27","17:00","11.27","80","13.8","78.8","1010.7","-","-"
"2023/08/27","18:00","13.61","68","15.36","79.7","1010.4","-","-"
"2023/08/27","19:00","12.25","83","15.36","79.9","1010.6","-","-"
"2023/08/27","20:00","12.05","93","14.19","79.9","1010.4","-","-"
"2023/08/27","21:00","11.47","96","14.19","79.7","1010.1","-","-"
"2023/08/27","22:00","11.66","95","14.58","79.5","1010","-","-"
"2023/08/27","23:00","11.27","104","14.19","79.2","1010.9","-","-"
"2023/08/28","00:00","9.91","101","12.44","78.4","1011.2","-","-"
"2023/08/28","01:00","12.05","80","13.22","78.4","1011.6","-","-"
"2023/08/28","02:00","12.63","80","14.97","78.4","1011.7","-","-"
"2023/08/28","03:00","12.25","78","13.22","78.3","1011.9","-","-"
"2023/08/28","04:00","11.66","82","14","77.5","1011.9","-","-"
"2023/08/28","05:00","11.08","94","14.77","77.4","1011.5","-","-"
"2023/08/28","06:00","10.69","87","12.63","77","1010.9","-","-"
"2023/08/28","07:00","11.66","85","13.02","77","1010.7","-","-"
"2023/08/28","08:00","11.47","82","13.41","77.4","1010.8","-","-"
"2023/08/28","09:00","11.47","87","12.83","77.5","1010.8","-","-"
"2023/08/28","10:00","12.63","79","15.94","78.3","1010.7","-","-"
"2023/08/28","11:00","14.58","74","16.33","78.3","1011.2","-","-"
"2023/08/28","12:00","14.38","77","15.36","78.6","1011.3","-","-"
"2023/08/28","13:00","13.22","84","15.55","78.6","1011.4","-","-"
"2023/08/28","14:00","15.36","86","17.11","78.8","1011.5","-","-"
"2023/08/28","15:00","18.86","76","24.88","77.7","1011.8","-","-"
"2023/08/28","16:00","19.63","85","21.58","77.7","1011.6","-","-"
"2023/08/28","17:00","16.91","86","20.8","77.4","1011.5","-","-"
"2023/08/28","18:00","17.69","75","21.77","76.1","1011.5","-","-"
"2023/08/28","19:00","19.24","72","22.16","76.3","1011.2","-","-"
"2023/08/28","20:00","19.44","79","21.58","75.9","1010.9","-","-"
"2023/08/28","21:00","18.47","72","21.77","76.6","1010.9","-","-"
"2023/08/28","22:00","18.66","55","21.58","75.9","1011.2","-","-"
"2023/08/28","23:00","16.72","71","18.66","76.1","1011.3","-","-"
"2023/08/29","00:00","13.8","87","16.33","76.1","1011","-","-"
"2023/08/29","01:00","7.78","93","9.91","76.3","1011.2","-","-"
"2023/08/29","02:00","9.14","82","10.89","76.8","1011.3","-","-"
"2023/08/29","03:00","8.16","79","9.33","77","1011.6","-","-"
"2023/08/29","04:00","8.36","73","9.52","77.5","1011.7","-","-"
"2023/08/29","05:00","5.83","97","8.36","77.7","1011.7","-","-"
"2023/08/29","06:00","1.75","93","2.92","77","1010.9","-","-"
"2023/08/29","07:00","2.33","280","3.11","76.8","1010.3","-","-"
"2023/08/29","08:00","1.36","343","1.75","76.3","1010.3","-","-"
"2023/08/29","09:00","3.11","262","3.5","75.7","1010.2","-","-"
"2023/08/29","10:00","0.97","221","1.94","75","1010.3","-","-"
"2023/08/29","11:00","5.25","302","6.22","75.9","1010.5","-","-"
"2023/08/29","12:00","6.41","288","7.58","75.9","1010.5","-","-"
"2023/08/29","13:00","5.25","300","6.8","76.8","1010.6","-","-"
"2023/08/29","14:00","6.8","300","7.97","77.7","1011","-","-"
"2023/08/29","15:00","7.97","304","8.75","78.8","1011.1","-","-"
"2023/08/29","16:00","6.41","308","7.39","79.3","1011.2","-","-"
"2023/08/29","17:00","6.03","297","7.19","79.7","1010.8","-","-"
"2023/08/29","18:00","3.5","306","4.28","80.8","1010.4","-","-"
"2023/08/29","19:00","5.25","86","5.83","80.6","1009.8","-","-"
"2023/08/29","20:00","7.78","73","8.75","80.6","1008.8","-","-"
"2023/08/29","21:00","7.78","69","8.55","80.8","1008.5","-","-"
"2023/08/29","22:00","7.39","71","8.36","80.4","1008.3","-","-"
"2023/08/29","23:00","5.83","75","6.41","80.6","1008.3","-","-"
"2023/08/30","00:00","3.69","99","4.28","80.1","1008.2","-","-"
"2023/08/30","01:00","3.11","132","3.89","79.5","1008.8","-","-"
"2023/08/30","02:00","4.08","164","5.05","78.6","1009","-","-"
"2023/08/30","03:00","2.92","151","3.69","78.4","1008.8","-","-"
"2023/08/30","04:00","3.5","158","4.28","78.3","1008.6","-","-"
"2023/08/30","05:00","3.5","191","4.28","78.3","1007.7","-","-"
"2023/08/30","06:00","3.3","210","5.83","78.1","1006.8","-","-"
"2023/08/30","07:00","6.03","218","7.58","77.7","1006.7","-","-"
"2023/08/30","08:00","3.5","223","5.05","77","1006.3","-","-"
"2023/08/30","09:00","5.83","229","7.39","76.5","1005.8","-","-"
"2023/08/30","10:00","5.64","221","7","76.3","1005.9","-","-"
"2023/08/30","11:00","4.47","222","6.41","76.1","1006.7","-","-"
"2023/08/30","12:00","7","244","9.33","77.4","1006.7","-","-"
"2023/08/30","13:00","5.64","232","8.16","78.4","1006.8","-","-"
"2023/08/30","14:00","7.19","247","11.08","80.8","1006.9","-","-"
"2023/08/30","15:00","7.78","261","10.5","82.9","1006.8","-","-"
"2023/08/30","16:00","9.33","249","11.47","84","1006.8","-","-"
"2023/08/30","17:00","9.91","305","11.86","82.4","1006.5","-","-"
"2023/08/30","18:00","8.75","301","9.52","82","1006","-","-"
"2023/08/30","19:00","7.97","8","9.52","82","1005.5","-","-"
"2023/08/30","20:00","5.25","10","7.39","81.9","1005.5","-","-"
"2023/08/30","21:00","4.67","21","5.05","81.9","1005.7","-","-"
"2023/08/30","22:00","6.22","7","7","81.3","1005.5","-","-"
"2023/08/30","23:00","4.08","7","4.67","80.2","1005.7","-","-"
"2023/08/31","00:00","7.78","10","8.75","79.5","1005.7","-","-"
"2023/08/31","01:00","3.69","42","5.25","79.2","1006.2","-","-"
"2023/08/31","02:00","6.8","66","7.58","80.8","1006.8","-","-"
"2023/08/31","03:00","7","47","8.16","80.6","1006.7","-","-"
"2023/08/31","04:00","8.94","31","9.72","79.3","1005.9","-","-"
"2023/08/31","05:00","7.58","6","8.55","78.1","1006.5","-","-"
"2023/08/31","06:00","17.11","40","19.83","78.8","1005.9","-","-"
"2023/08/31","07:00","17.11","40","22.35","78.3","1006.1","-","-"
"2023/08/31","08:00","17.3","26","21.19","76.5","1005.5","-","-"
"2023/08/31","09:00","23.91","37","27.21","75.6","1005.5","-","-"
"2023/08/31","10:00","21.38","31","24.88","74.5","1005.9","-","-"
"2023/08/31","11:00","17.69","27","24.1","71.8","1006","-","-"
"2023/08/31","12:00","19.63","22","26.63","70.2","1006.8","-","-"
"2023/08/31","13:00","15.36","17","19.63","69.3","1006.9","-","-"
"2023/08/31","14:00","17.49","32","23.33","69.8","1007.7","-","-"
"2023/08/31","15:00","19.63","18","24.3","70.9","1008.6","-","-"
"2023/08/31","16:00","20.99","11","26.05","71.1","1009.5","-","-"
"2023/08/31","17:00","18.86","8","22.35","70.5","1010.3","-","-"
"2023/08/31","18:00","13.8","5","17.69","70.9","1011.1","-","-"
"2023/08/31","19:00","14","11","19.24","72.3","1011.1","-","-"
"2023/08/31","20:00","17.69","10","21.77","72.7","1011.9","-","-"
"2023/08/31","21:00","15.75","4","19.05","73","1012.6","-","-"
"2023/08/31","22:00","14.58","8","17.49","73.6","1013.3","-","-"
"2023/08/31","23:00","13.02","29","15.36","73.4","1013.6","-","-"
"2023/09/01","00:00","7.19","14","9.14","72.5","1014.2","-","-"
"2023/09/01","01:00","6.03","3","7.19","72","1015","-","-"
"2023/09/01","02:00","5.83","5","6.61","71.2","1015.7","-","-"
"2023/09/01","03:00","9.33","38","10.5","71.6","1016.6","-","-"
"2023/09/01","04:00","7.78","41","10.11","71.4","1017.4","-","-"
"2023/09/01","05:00","9.33","43","10.69","71.6","1017.9","-","-"
"2023/09/01","06:00","7.78","37","9.52","71.1","1018","-","-"
"2023/09/01","07:00","4.86","15","6.61","69.6","1018.2","-","-"
"2023/09/01","08:00","5.64","10","6.41","68.9","1018.6","-","-"
"2023/09/01","09:00","7","7","8.16","68.9","1019.1","-","-"
"2023/09/01","10:00","5.05","356","7","68","1019.5","-","-"
"2023/09/01","11:00","4.86","351","6.61","68.5","1020.3","-","-"
"2023/09/01","12:00","5.05","329","6.03","68.9","1020.9","-","-"
"2023/09/01","13:00","14.19","39","17.11","72.3","1021.8","-","-"
"2023/09/01","14:00","12.63","32","16.72","72.7","1022.4","-","-"
"2023/09/01","15:00","13.8","39","17.3","73.2","1023.1","-","-"
"2023/09/01","16:00","9.14","50","12.63","73.4","1023.2","-","-"
"2023/09/01","17:00","10.89","65","12.83","73.6","1023.2","-","-"
"2023/09/01","18:00","8.94","39","12.05","74.7","1023","-","-"
"2023/09/01","19:00","5.83","23","10.3","75","1022.8","-","-"
"2023/09/01","20:00","6.22","58","7.97","75.6","1022.6","-","-"
"2023/09/01","21:00","8.75","78","10.69","75.4","1021.9","-","-"
"2023/09/01","22:00","7","29","8.75","75.2","1021.8","-","-"
"2023/09/01","23:00","7.78","55","8.75","75","1021.8","-","-"
"2023/09/02","00:00","9.91","86","12.05","73","1022.2","-","-"
"2023/09/02","01:00","12.63","81","15.16","72.3","1022.8","-","-"
"2023/09/02","02:00","11.47","77","13.8","72.1","1023.1","-","-"
"2023/09/02","03:00","11.27","93","13.22","71.8","1023.3","-","-"
"2023/09/02","04:00","3.89","151","5.64","70.9","1023.5","-","-"
"2023/09/02","05:00","2.92","170","3.89","67.5","1023.2","-","-"
"2023/09/02","06:00","2.33","201","2.92","66.2","1022.7","-","-"
"2023/09/02","07:00","1.36","257","2.33","66.7","1022.2","-","-"
"2023/09/02","08:00","2.14","247","3.3","66.4","1021.9","-","-"
"2023/09/02","09:00","4.67","274","5.44","67.1","1021.8","-","-"
"2023/09/02","10:00","4.86","290","6.61","67.5","1021.9","-","-"
"2023/09/02","11:00","4.67","335","6.22","67.6","1022.4","-","-"
"2023/09/02","12:00","5.44","329","6.41","68.9","1022.8","-","-"
"2023/09/02","13:00","6.22","312","7.39","70","1022.6","-","-"
"2023/09/02","14:00","2.72","344","5.05","71.2","1022.9","-","-"
"2023/09/02","15:00","2.33","30","5.64","72.7","1022.7","-","-"
"2023/09/02","16:00","2.14","104","5.83","73.8","1022.2","-","-"
"2023/09/02","17:00","5.83","75","6.8","73.4","1021.5","-","-"
"2023/09/02","18:00","7.19","72","8.55","73.6","1020.9","-","-"
"2023/09/02","19:00","8.36","75","9.33","73.6","1020.2","-","-"
"2023/09/02","20:00","7.78","82","9.72","74.3","1019.2","-","-"
"2023/09/02","21:00","7.97","86","8.94","74.8","1019","-","-"
"2023/09/02","22:00","5.64","139","8.55","77","1018.8","-","-"
"2023/09/02","23:00","5.44","96","7.19","75","1018.5","-","-"
"2023/09/03","00:00","6.22","140","7.58","72.9","1018.1","-","-"
"2023/09/03","01:00","5.44","166","7.78","70.9","1018.1","-","-"
"2023/09/03","02:00","4.08","162","5.44","70.3","1018.2","-","-"
"2023/09/03","03:00","5.44","169","6.8","69.1","1017.9","-","-"
"2023/09/03","04:00","4.86","186","6.22","68.4","1017.7","-","-"
"2023/09/03","05:00","2.92","163","4.67","67.8","1017.6","-","-"
"2023/09/03","06:00","3.3","198","6.22","66.9","1017.1","-","-"
"2023/09/03","07:00","3.89","208","7.78","66.6","1016.7","-","-"
"2023/09/03","08:00","2.33","235","3.69","66.9","1016.8","-","-"
"2023/09/03","09:00","3.11","228","4.86","66.6","1016.6","-","-"
"2023/09/03","10:00","2.53","203","4.28","66.2","1016.9","-","-"
"2023/09/03","11:00","2.72","227","3.89","66.6","1017.1","-","-"
"2023/09/03","12:00","7.39","217","11.47","69.4","1016.9","-","-"
"2023/09/03","13:00","4.47","284","6.03","71.8","1017","-","-"
"2023/09/03","14:00","4.28","242","6.41","75.9","1016.9","-","-"
"2023/09/03","15:00","4.08","263","6.8","78.8","1016.6","-","-"
"2023/09/03","16:00","5.05","253","6.8","81.1","1016","-","-"
"2023/09/03","17:00","3.11","269","4.47","82.9","1015.3","-","-"
"2023/09/03","18:00","1.17","29","1.94","86","1014.6","-","-"
"2023/09/03","19:00","1.56","36","2.33","85.6","1013.8","-","-"
"2023/09/03","20:00","5.64","256","8.36","86.9","1012.9","-","-"
"2023/09/03","21:00","5.25","216","7.19","86.9","1012.5","-","-"
"2023/09/03","22:00","4.67","232","5.25","86.7","1012.4","-","-"
"2023/09/03","23:00","4.08","207","5.83","84.9","1012","-","-"
"2023/09/04","00:00","4.86","212","5.64","81.3","1012.1","-","-"
"2023/09/04","01:00","6.61","210","8.94","80.8","1012.3","-","-"
"2023/09/04","02:00","8.16","219","10.69","79.9","1012.3","-","-"
"2023/09/04","03:00","9.14","219","10.69","79","1012.4","-","-"
"2023/09/04","04:00","8.55","219","10.89","78.4","1012.5","-","-"
"2023/09/04","05:00","6.22","228","8.75","77.4","1012.5","-","-"
"2023/09/04","06:00","8.55","230","10.69","77.2","1012.2","-","-"
"2023/09/04","07:00","10.3","228","13.22","76.8","1011.6","-","-"
"2023/09/04","08:00","11.47","229","16.33","75.9","1011.6","-","-"
"2023/09/04","09:00","4.86","268","6.41","75","1011.7","-","-"
"2023/09/04","10:00","7","266","8.94","75.2","1012.4","-","-"
"2023/09/04","11:00","4.67","277","5.25","75","1012.8","-","-"
"2023/09/04","12:00","5.05","295","5.83","76.6","1013.1","-","-"
"2023/09/04","13:00","8.16","302","8.75","77.9","1012.9","-","-"
"2023/09/04","14:00","7.58","301","7.97","79.9","1013.3","-","-"
"2023/09/04","15:00","4.67","297","5.25","81.5","1013.4","-","-"
"2023/09/04","16:00","8.55","304","9.52","83.1","1013.3","-","-"
"2023/09/04","17:00","6.03","290","7.58","85.8","1012.5","-","-"
"2023/09/04","18:00","7.39","326","8.55","86","1012","-","-"
"2023/09/04","19:00","4.86","326","6.03","87.1","1011.8","-","-"
"2023/09/04","20:00","4.08","270","5.25","89.4","1011","-","-"
"2023/09/04","21:00","3.5","281","6.61","89.8","1010.8","-","-"
"2023/09/04","22:00","3.11","212","3.69","89.8","1010.7","-","-"
"2023/09/04","23:00","3.3","217","4.47","87.4","1010.7","-","-"
"2023/09/05","00:00","6.41","212","7.19","84.6","1010.9","-","-"
"2023/09/05","01:00","7.39","208","7.97","82.8","1011.1","-","-"
"2023/09/05","02:00","6.61","233","7.97","82.8","1011.3","-","-"
"2023/09/05","03:00","5.25","281","6.22","81.9","1011.5","-","-"
"2023/09/05","04:00","4.28","270","4.67","80.6","1011.4","-","-"
"2023/09/05","05:00","5.64","275","6.03","79.3","1011.4","-","-"
"2023/09/05","06:00","5.64","271","6.61","78.1","1011.4","-","-"
"2023/09/05","07:00","7.19","276","8.36","78.6","1011.5","-","-"
"2023/09/05","08:00","11.47","313","14.19","80.1","1011.7","-","-"
"2023/09/05","09:00","10.11","315","12.44","79.2","1012.1","-","-"
"2023/09/05","10:00","8.36","319","9.33","79","1012.4","-","-"
"2023/09/05","11:00","10.69","316","11.86","78.4","1012.8","-","-"
"2023/09/05","12:00","9.72","316","11.27","78.6","1013.2","-","-"
"2023/09/05","13:00","7.97","307","8.55","79.7","1013.4","-","-"
"2023/09/05","14:00","7.39","309","8.94","80.4","1013.6","-","-"
"2023/09/05","15:00","6.22","293","8.36","81.9","1013.5","-","-"
"2023/09/05","16:00","6.41","306","6.8","83.1","1013.1","-","-"
"2023/09/05","17:00","5.64","297","6.03","84.7","1012.9","-","-"
"2023/09/05","18:00","5.44","303","5.83","86.4","1012.6","-","-"
"2023/09/05","19:00","3.89","70","7.39","86.9","1012.2","-","-"
"2023/09/05","20:00","9.91","80","10.69","83.7","1011.8","-","-"
"2023/09/05","21:00","6.03","97","7.78","84.9","1011.7","-","-"
"2023/09/05","22:00","10.11","87","11.08","84","1011.6","-","-"
"2023/09/05","23:00","3.89","148","4.47","84.2","1011.6","-","-"
"2023/09/06","00:00","2.53","133","3.11","82.8","1011.6","-","-"
"2023/09/06","01:00","2.33","189","2.72","80.2","1012.2","-","-"
"2023/09/06","02:00","0.19","167","0.97","80.1","1012","-","-"
"2023/09/06","03:00","2.72","219","4.08","79.7","1012","-","-"
"2023/09/06","04:00","0.78","145","1.17","79.2","1012","-","-"
"2023/09/06","05:00","0.19","335","0.78","79.3","1011.9","-","-"
"2023/09/06","06:00","1.75","249","2.92","77.5","1011.8","-","-"
"2023/09/06","07:00","3.89","270","4.47","77.4","1011.1","-","-"
"2023/09/06","08:00","2.33","161","3.5","77.5","1010.8","-","-"
"2023/09/06","09:00","4.67","315","7.97","77.5","1010.8","-","-"
"2023/09/06","10:00","1.36","229","2.33","76.5","1010.8","-","-"
"2023/09/06","11:00","3.5","290","4.08","77","1011.3","-","-"
"2023/09/06","12:00","1.75","264","1.94","79","1011.6","-","-"
"2023/09/06","13:00","5.64","312","6.03","79.9","1011.7","-","-"
"2023/09/06","14:00","5.83","309","6.22","81.3","1011.6","-","-"
"2023/09/06","15:00","4.67","325","5.05","83.5","1011.2","-","-"
"2023/09/06","16:00","3.89","312","4.08","85.1","1011","-","-"
"2023/09/06","17:00","5.05","316","5.25","86.2","1010.7","-","-"
"2023/09/06","18:00","5.64","309","6.41","87.8","1010.4","-","-"
"2023/09/06","19:00","6.03","64","8.94","86.7","1009.5","-","-"
"2023/09/06","20:00","8.36","78","9.52","85.6","1009","-","-"
"2023/09/06","21:00","9.14","78","10.5","86.2","1008.6","-","-"
"2023/09/06","22:00","7.78","79","8.94","85.8","1008.5","-","-"
"2023/09/06","23:00","7","89","7.39","84.9","1008.3","-","-"
"2023/09/07","00:00","4.08","102","5.05","84.2","1008.5","-","-"
"2023/09/07","01:00","3.69","83","4.47","83.1","1008.9","-","-"
"2023/09/07","02:00","0.97","160","1.75","82.2","1009","-","-"
"2023/09/07","03:00","1.75","157","2.33","81.3","1008.7","-","-"
"2023/09/07","04:00","2.92","171","4.08","80.8","1008.4","-","-"
"2023/09/07","05:00","5.64","189","7.19","80.4","1008","-","-"
"2023/09/07","06:00","6.22","196","8.36","80.1","1007.5","-","-"
"2023/09/07","07:00","6.41","200","8.16","79.2","1007.7","-","-"
"2023/09/07","08:00","5.44","192","7.97","79.7","1007.3","-","-"
"2023/09/07","09:00","6.8","201","9.33","79.3","1007.5","-","-"
"2023/09/07","10:00","5.83","196","7","79.2","1007.8","-","-"
"2023/09/07","11:00","6.03","206","8.36","78.8","1008.2","-","-"
"2023/09/07","12:00","2.72","216","5.05","79.7","1008.5","-","-"
"2023/09/07","13:00","1.36","218","4.47","82.2","1008.6","-","-"
"2023/09/07","14:00","3.89","240","6.61","84","1008.6","-","-"
"2023/09/07","15:00","3.3","45","3.89","84.9","1008.6","-","-"
"2023/09/07","16:00","5.83","65","6.22","84.7","1008.5","-","-"
"2023/09/07","17:00","2.72","58","6.41","87.4","1008","-","-"
"2023/09/07","18:00","9.14","232","18.86","93.4","1007.5","-","-"
"2023/09/07","19:00","13.41","174","16.91","93.4","1007","-","-"
"2023/09/07","20:00","8.94","178","15.16","94.1","1006.6","-","-"
"2023/09/07","21:00","8.55","184","13.61","93.7","1006.5","-","-"
"2023/09/07","22:00","7","189","10.5","93.4","1006.5","-","-"
"2023/09/07","23:00","6.03","173","8.16","90.7","1006.6","-","-"
"2023/09/08","00:00","3.11","202","3.5","86.5","1007.2","-","-"
"2023/09/08","01:00","5.44","188","7","86.9","1008.4","-","-"
"2023/09/08","02:00","9.52","339","13.41","81.9","1009.6","-","-"
"2023/09/08","03:00","2.53","175","3.11","81","1009.5","-","-"
"2023/09/08","04:00","4.47","148","5.05","80.2","1009","-","-"
"2023/09/08","05:00","6.8","173","9.14","81.3","1008.8","-","-"
"2023/09/08","06:00","7.19","189","9.33","81.3","1009.3","-","-"
"2023/09/08","07:00","8.94","211","10.89","80.8","1009.5","-","-"
"2023/09/08","08:00","7.58","206","9.72","79.7","1009.4","-","-"
"2023/09/08","09:00","7.97","203","9.91","79.2","1009.7","-","-"
"2023/09/08","10:00","5.83","196","8.94","78.6","1010.3","-","-"
"2023/09/08","11:00","9.14","201","10.69","77.9","1010.8","-","-"
"2023/09/08","12:00","7","213","10.5","78.8","1011.4","-","-"
"2023/09/08","13:00","4.67","252","7.19","80.8","1011.8","-","-"
"2023/09/08","14:00","6.03","187","7.39","82.6","1012.1","-","-"
"2023/09/08","15:00","7","172","9.52","86","1012.4","-","-"
"2023/09/08","16:00","5.83","189","9.52","87.3","1012.3","-","-"
"2023/09/08","17:00","4.08","163","11.27","88.2","1012","-","-"
"2023/09/08","18:00","5.83","169","9.52","88.2","1011.8","-","-"
"2023/09/08","19:00","4.47","149","7.78","90","1011.4","-","-"
"2023/09/08","20:00","11.08","90","12.44","85.1","1011","-","-"
"2023/09/08","21:00","8.16","96","10.3","85.6","1011","-","-"
"2023/09/08","22:00","6.61","106","10.11","86.4","1011.2","-","-"
"2023/09/08","23:00","6.41","120","7.97","86.2","1011.4","-","-"
"2023/09/09","00:00","8.75","170","10.89","85.8","1012","-","-"
"2023/09/09","01:00","2.53","197","5.25","84.4","1012.5","-","-"
"2023/09/09","02:00","8.36","200","13.8","81.7","1013.3","-","-"
"2023/09/09","03:00","9.33","202","10.89","79.9","1013.8","-","-"
"2023/09/09","04:00","6.41","206","8.55","78.3","1013.9","-","-"
"2023/09/09","05:00","0.58","250","3.69","76.8","1014.4","-","-"
"2023/09/09","06:00","2.14","284","2.53","75.9","1014.6","-","-"
"2023/09/09","07:00","0.97","214","1.17","75.9","1014.6","-","-"
"2023/09/09","08:00","2.53","208","3.11","75.6","1014.7","-","-"
"2023/09/09","09:00","2.14","225","2.72","75.9","1014.8","-","-"
"2023/09/09","10:00","0.19","183","0.78","76.1","1015.1","-","-"
"2023/09/09","11:00","2.53","198","3.69","75.4","1015.4","-","-"
"2023/09/09","12:00","1.75","117","3.5","77.7","1016.2","-","-"
"2023/09/09","13:00","2.72","152","4.28","79.7","1016.3","-","-"
"2023/09/09","14:00","5.25","180","7.58","80.6","1016.6","-","-"
"2023/09/09","15:00","7.19","212","9.33","81.7","1016.9","-","-"
"2023/09/09","16:00","4.47","192","7.58","83.1","1016.9","-","-"
"2023/09/09","17:00","5.44","163","7.19","85.3","1016.4","-","-"
"2023/09/09","18:00","13.8","79","28.38","79.7","1016.3","-","-"
"2023/09/09","19:00","5.44","290","7","75","1016.5","-","-"
"2023/09/09","20:00","2.14","232","3.11","73.9","1016.9","-","-"
"2023/09/09","21:00","10.3","227","13.61","71.6","1017.6","-","-"
"2023/09/09","22:00","5.05","255","6.8","70.9","1016.6","-","-"
"2023/09/09","23:00","3.5","254","4.67","71.8","1016.2","-","-"
"2023/09/10","00:00","2.33","79","3.5","73.4","1016.7","-","-"
"2023/09/10","01:00","4.08","114","5.25","73.8","1016.8","-","-"
"2023/09/10","02:00","1.75","215","3.3","74.3","1016.8","-","-"
"2023/09/10","03:00","0.19","188","2.92","74.3","1016.8","-","-"
"2023/09/10","04:00","10.3","88","11.66","77.7","1016.5","-","-"
"2023/09/10","05:00","3.3","101","5.44","77.2","1016.4","-","-"
"2023/09/10","06:00","4.47","137","6.61","77.2","1015.8","-","-"
"2023/09/10","07:00","2.14","175","3.5","76.8","1015.7","-","-"
"2023/09/10","08:00","4.28","172","5.44","76.5","1015.3","-","-"
"2023/09/10","09:00","5.25","137","6.61","76.1","1015.1","-","-"
"2023/09/10","10:00","2.14","199","3.5","75.7","1015.3","-","-"
"2023/09/10","11:00","3.3","256","3.89","74.8","1015.5","-","-"
"2023/09/10","12:00","5.44","314","6.22","74.8","1016","-","-"
"2023/09/10","13:00","3.11","329","4.47","76.3","1016.5","-","-"
"2023/09/10","14:00","1.56","12","2.14","79.3","1016.8","-","-"
"2023/09/10","15:00","3.3","33","4.08","78.8","1016.5","-","-"
"2023/09/10","16:00","4.28","59","5.25","79.5","1016.2","-","-"
"2023/09/10","17:00","8.16","75","9.52","79.7","1015.6","-","-"
"2023/09/10","18:00","10.69","78","11.47","79.3","1015.1","-","-"
"2023/09/10","19:00","10.11","74","12.44","78.1","1014.6","-","-"
"2023/09/10","20:00","7.19","105","8.55","75.7","1014.7","-","-"
"2023/09/10","21:00","4.47","207","9.33","73.8","1014.3","-","-"
"2023/09/10","22:00","7","97","9.52","76.3","1013.8","-","-"
"2023/09/10","23:00","1.17","223","1.75","76.1","1014.1","-","-"
"2023/09/11","00:00","1.94","132","2.53","76.8","1014.4","-","-"
"2023/09/11","01:00","2.92","140","4.47","77","1014.7","-","-"
"2023/09/11","02:00","2.72","154","3.3","76.5","1014.5","-","-"
"2023/09/11","03:00","1.94","126","2.53","75.9","1014.6","-","-"
"2023/09/11","04:00","4.67","150","5.44","76.1","1014.1","-","-"
"2023/09/11","05:00","5.44","157","6.41","75.7","1014.1","-","-"
"2023/09/11","06:00","5.64","337","7","73.4","1014.3","-","-"
"2023/09/11","07:00","2.14","19","2.72","73.6","1014","-","-"
"2023/09/11","08:00","2.53","191","3.11","73.2","1013.7","-","-"
"2023/09/11","09:00","2.33","209","2.92","72.9","1013.5","-","-"
"2023/09/11","10:00","2.14","212","3.3","72.5","1013.3","-","-"
"2023/09/11","11:00","4.47","306","5.44","73.4","1013.7","-","-"
"2023/09/11","12:00","4.67","291","5.83","72.5","1014.3","-","-"
"2023/09/11","13:00","5.44","282","7.78","73.8","1014.6","-","-"
"2023/09/11","14:00","6.41","303","8.75","75.6","1015","-","-"
"2023/09/11","15:00","6.61","320","8.36","76.3","1015.2","-","-"
"2023/09/11","16:00","3.89","314","5.64","79.9","1014.7","-","-"
"2023/09/11","17:00","10.3","311","11.66","77.9","1014.6","-","-"
"2023/09/11","18:00","10.5","305","11.47","79.3","1014.4","-","-"
"2023/09/11","19:00","11.27","315","13.8","80.4","1014.2","-","-"
"2023/09/11","20:00","7.39","314","8.75","81.3","1013.9","-","-"
"2023/09/11","21:00","3.69","320","4.28","82.8","1013.6","-","-"
"2023/09/11","22:00","5.64","295","6.61","83.5","1013.8","-","-"
"2023/09/11","23:00","4.28","239","5.05","81.9","1014.1","-","-"
"2023/09/12","00:00","2.33","222","2.92","78.8","1014.4","-","-"
"2023/09/12","01:00","3.3","213","3.5","77","1014.6","-","-"
"2023/09/12","02:00","1.17","219","2.72","77.5","1014.6","-","-"
"2023/09/12","03:00","0","206","2.14","75.9","1015.3","-","-"
"2023/09/12","04:00","2.14","301","2.53","76.1","1015.3","-","-"
"2023/09/12","05:00","4.67","215","6.03","76.1","1015","-","-"
"2023/09/12","06:00","2.14","218","3.11","75","1014.6","-","-"
"2023/09/12","07:00","1.94","200","2.53","75","1014.5","-","-"
"2023/09/12","08:00","4.47","210","5.05","73.9","1014.1","-","-"
"2023/09/12","09:00","1.56","244","2.92","73.9","1014.1","-","-"
"2023/09/12","10:00","1.56","227","2.72","73.8","1014.7","-","-"
"2023/09/12","11:00","3.11","209","3.5","73.2","1015","-","-"
"2023/09/12","12:00","2.14","270","3.3","74.8","1015.2","-","-"
"2023/09/12","13:00","3.5","267","4.28","78.6","1015.2","-","-"
"2023/09/12","14:00","2.53","294","4.08","81","1015.5","-","-"
"2023/09/12","15:00","2.92","303","4.67","82.9","1015.6","-","-"
"2023/09/12","16:00","4.67","237","7","84.6","1015.2","-","-"
"2023/09/12","17:00","4.67","94","6.41","84.2","1014.8","-","-"
"2023/09/12","18:00","9.33","70","12.63","82.6","1014.2","-","-"
"2023/09/12","19:00","8.36","68","10.3","83.5","1013.4","-","-"
"2023/09/12","20:00","10.11","106","13.22","84.7","1012.8","-","-"
"2023/09/12","21:00","9.33","117","12.25","84.4","1012.2","-","-"
"2023/09/12","22:00","7.58","134","9.33","84","1012.3","-","-"
"2023/09/12","23:00","7.39","137","10.3","82.2","1011.9","-","-"
"2023/09/13","00:00","4.28","146","5.44","81","1012.2","-","-"
"2023/09/13","01:00","6.41","156","7.78","80.2","1012.7","-","-"
"2023/09/13","02:00","5.05","170","7","79.9","1012.6","-","-"
"2023/09/13","03:00","5.44","168","7.58","79.9","1012.3","-","-"
"2023/09/13","04:00","8.94","190","13.41","79.3","1012.5","-","-"
"2023/09/13","05:00","8.36","240","12.63","74.8","1012.2","-","-"
"2023/09/13","06:00","7.78","172","11.66","73.2","1011.4","-","-"
"2023/09/13","07:00","6.22","182","9.72","73.2","1011.4","-","-"
"2023/09/13","08:00","7.58","286","9.14","72.5","1011.5","-","-"
"2023/09/13","09:00","9.91","287","11.86","72.1","1011.3","-","-"
"2023/09/13","10:00","7.58","279","10.5","71.8","1011.7","-","-"
"2023/09/13","11:00","5.44","294","8.16","72.5","1012.6","-","-"
"2023/09/13","12:00","1.75","240","2.14","72","1012.8","-","-"
"2023/09/13","13:00","5.25","259","9.52","74.3","1013.2","-","-"
"2023/09/13","14:00","6.03","319","7.58","74.5","1013.5","-","-"
"2023/09/13","15:00","6.8","314","8.55","75","1013.6","-","-"
"2023/09/13","16:00","3.11","307","4.28","76.8","1013.2","-","-"
"2023/09/13","17:00","0.19","29","1.94","80.6","1012.9","-","-"
"2023/09/13","18:00","1.36","88","2.72","80.2","1012.4","-","-"
"2023/09/13","19:00","5.44","77","6.22","79.3","1012.1","-","-"
"2023/09/13","20:00","5.64","72","7","78.8","1011.6","-","-"
"2023/09/13","21:00","4.67","88","5.64","79","1011.7","-","-"
"2023/09/13","22:00","2.92","40","3.11","80.1","1011.7","-","-"
"2023/09/13","23:00","3.3","99","6.03","79.5","1011.7","-","-"
"2023/09/14","00:00","3.11","150","4.28","78.1","1011.6","-","-"
"2023/09/14","01:00","2.53","178","3.11","77.2","1012.2","-","-"
"2023/09/14","02:00","1.17","216","2.72","75.6","1012.2","-","-"
"2023/09/14","03:00","5.44","34","6.22","78.3","1012.7","-","-"
"2023/09/14","04:00","3.5","358","4.86","76.6","1013.1","-","-"
"2023/09/14","05:00","6.61","7","8.16","76.1","1013.1","-","-"
"2023/09/14","06:00","7","3","8.36","75.4","1012.6","-","-"
"2023/09/14","07:00","10.89","336","12.83","73.6","1012.6","-","-"
"2023/09/14","08:00","10.3","347","11.86","72.3","1012.8","-","-"
"2023/09/14","09:00","9.91","337","12.63","71.1","1013","-","-"
"2023/09/14","10:00","8.55","344","11.27","70.9","1013.5","-","-"
"2023/09/14","11:00","7.39","328","8.55","70.7","1013.9","-","-"
"2023/09/14","12:00","6.22","7","9.33","73.9","1014.3","-","-"
"2023/09/14","13:00","7.19","335","8.16","74.3","1014.9","-","-"
"2023/09/14","14:00","9.14","12","14.19","76.8","1015.3","-","-"
"2023/09/14","15:00","14","22","17.49","77.4","1015.5","-","-"
"2023/09/14","16:00","12.83","13","14.19","78.1","1015.4","-","-"
"2023/09/14","17:00","12.25","16","15.75","78.8","1015","-","-"
"2023/09/14","18:00","10.11","10","14","79.2","1014.6","-","-"
"2023/09/14","19:00","12.44","22","15.55","79","1014.4","-","-"
"2023/09/14","20:00","15.94","20","18.47","78.6","1014","-","-"
"2023/09/14","21:00","14.19","11","17.88","78.6","1014.1","-","-"
"2023/09/14","22:00","13.02","14","15.94","78.1","1014","-","-"
"2023/09/14","23:00","11.66","9","14.38","76.8","1014.4","-","-"
"2023/09/15","00:00","11.47","8","14.19","74.8","1014.4","-","-"
"2023/09/15","01:00","11.66","4","14","74.1","1014.9","-","-"
"2023/09/15","02:00","13.41","6","17.49","73","1015.3","-","-"
"2023/09/15","03:00","12.25","0","15.36","71.6","1015.3","-","-"
"2023/09/15","04:00","9.52","0","11.86","71.4","1015.5","-","-"
"2023/09/15","05:00","11.27","352","14.19","70.2","1015","-","-"
"2023/09/15","06:00","12.83","346","14.97","69.4","1014.6","-","-"
"2023/09/15","07:00","12.44","348","14.38","68.7","1014.5","-","-"
"2023/09/15","08:00","9.72","358","12.83","67.8","1014.9","-","-"
"2023/09/15","09:00","13.02","346","17.69","67.3","1014.9","-","-"
"2023/09/15","10:00","13.8","2","16.72","67.3","1015.1","-","-"
"2023/09/15","11:00","13.61","342","15.55","65.3","1015.5","-","-"
"2023/09/15","12:00","10.11","333","15.36","64.9","1015.7","-","-"
"2023/09/15","13:00","15.55","338","18.27","65.1","1016","-","-"
"2023/09/15","14:00","12.25","358","18.66","66","1016.2","-","-"
"2023/09/15","15:00","9.91","354","15.75","66.7","1016.3","-","-"
"2023/09/15","16:00","8.75","5","13.22","68","1016","-","-"
"2023/09/15","17:00","11.47","352","18.86","69.3","1015.4","-","-"
"2023/09/15","18:00","11.66","332","16.91","71.1","1014.7","-","-"
"2023/09/15","19:00","12.44","357","17.11","71.8","1014.4","-","-"
"2023/09/15","20:00","10.11","13","16.33","72.5","1014","-","-"
"2023/09/15","21:00","9.72","350","15.36","73","1013.8","-","-"
"2023/09/15","22:00","11.66","1","14.97","72.9","1014","-","-"
"2023/09/15","23:00","7.78","337","9.91","72.5","1014","-","-"
"2023/09/16","00:00","6.22","341","8.36","72","1014.3","-","-"
"2023/09/16","01:00","6.61","350","7.78","71.1","1014.7","-","-"
"2023/09/16","02:00","6.61","3","7.39","70.3","1015.2","-","-"
"2023/09/16","03:00","5.25","267","6.03","68","1015","-","-"
"2023/09/16","04:00","6.41","276","7.39","67.1","1015.1","-","-"
"2023/09/16","05:00","6.61","270","7.58","66.2","1014.8","-","-"
"2023/09/16","06:00","7.97","272","9.14","65.1","1014.8","-","-"
"2023/09/16","07:00","6.8","271","8.16","64.4","1014.4","-","-"
"2023/09/16","08:00","6.8","278","7.97","64.2","1014.2","-","-"
"2023/09/16","09:00","6.41","275","7.78","63.3","1014.5","-","-"
"2023/09/16","10:00","6.61","272","7.78","63.3","1014.9","-","-"
"2023/09/16","11:00","6.03","276","7.39","62.6","1015.5","-","-"
"2023/09/16","12:00","5.44","285","8.55","64.6","1015.9","-","-"
"2023/09/16","13:00","8.55","305","10.5","66.7","1015.9","-","-"
"2023/09/16","14:00","9.33","306","11.66","68","1016.1","-","-"
"2023/09/16","15:00","7","306","10.11","70.7","1016","-","-"
"2023/09/16","16:00","10.69","277","15.16","72.9","1015.6","-","-"
"2023/09/16","17:00","8.75","322","12.44","74.3","1015","-","-"
"2023/09/16","18:00","8.55","314","11.66","75.2","1014.5","-","-"
"2023/09/16","19:00","5.83","323","7.97","76.5","1013.6","-","-"
"2023/09/16","20:00","5.05","315","6.22","77.5","1013.5","-","-"
"2023/09/16","21:00","3.3","234","7.19","79.2","1013.3","-","-"
"2023/09/16","22:00","4.47","283","5.44","79.3","1013","-","-"
"2023/09/16","23:00","2.14","188","2.53","76.8","1013.1","-","-"
"2023/09/17","00:00","6.03","207","6.41","72.5","1013.6","-","-"
"2023/09/17","01:00","5.05","193","5.44","71.6","1013.9","-","-"
"2023/09/17","02:00","5.25","192","6.22","71.2","1013.7","-","-"
"2023/09/17","03:00","5.44","196","6.03","71.4","1013.5","-","-"
"2023/09/17","04:00","6.22","197","7","69.6","1013.3","-","-"
"2023/09/17","05:00","6.41","206","7.78","69.4","1013.3","-","-"
"2023/09/17","06:00","7.58","202","8.55","69.4","1013.2","-","-"
"2023/09/17","07:00","8.16","205","9.52","68.7","1012.9","-","-"
"2023/09/17","08:00","7.58","204","8.75","68.2","1012.5","-","-"
"2023/09/17","09:00","8.16","201","9.52","68.5","1012.3","-","-"
"2023/09/17","10:00","9.91","212","12.05","68","1012.6","-","-"
"2023/09/17","11:00","8.94","207","10.69","68","1012.9","-","-"
"2023/09/17","12:00","9.14","207","10.5","68.9","1013.3","-","-"
"2023/09/17","13:00","9.52","209","12.44","71.6","1013.1","-","-"
"2023/09/17","14:00","11.08","214","15.75","74.5","1013.2","-","-"
"2023/09/17","15:00","9.33","233","13.22","76.6","1012.7","-","-"
"2023/09/17","16:00","6.61","196","15.16","77.9","1012.7","-","-"
"2023/09/17","17:00","8.55","210","11.86","78.8","1012.3","-","-"
"2023/09/17","18:00","8.36","167","11.66","79.3","1011.9","-","-"
"2023/09/17","19:00","8.94","160","12.05","79","1011","-","-"
"2023/09/17","20:00","7.97","169","10.11","78.4","1010.6","-","-"
"2023/09/17","21:00","6.8","176","9.72","78.6","1010.6","-","-"
"2023/09/17","22:00","2.92","209","4.28","77.5","1010.7","-","-"
"2023/09/17","23:00","3.11","191","4.28","76.6","1010.4","-","-"
"2023/09/18","00:00","4.28","253","5.25","73.8","1010.4","-","-"
"2023/09/18","01:00","3.3","139","4.67","74.1","1009.8","-","-"
"2023/09/18","02:00","3.69","154","6.03","73.9","1009.4","-","-"
"2023/09/18","03:00","4.86","255","5.44","68.7","1009.2","-","-"
"2023/09/18","04:00","6.41","282","8.36","68.2","1009","-","-"
"2023/09/18","05:00","7.19","319","8.16","68.7","1008.1","-","-"
"2023/09/18","06:00","7.58","331","8.55","67.1","1007.8","-","-"
"2023/09/18","07:00","7.58","333","8.75","66.2","1007.4","-","-"
"2023/09/18","08:00","5.44","353","7.58","66.4","1006.8","-","-"
"2023/09/18","09:00","8.36","333","11.08","66.2","1006.3","-","-"
"2023/09/18","10:00","7","357","9.33","66.6","1006.4","-","-"
"2023/09/18","11:00","7","351","9.91","66.4","1006.4","-","-"
"2023/09/18","12:00","5.44","339","9.14","66.6","1006.5","-","-"
"2023/09/18","13:00","10.11","326","11.27","67.1","1006.7","-","-"
"2023/09/18","14:00","14.77","330","16.91","66.9","1007.3","-","-"
"2023/09/18","15:00","13.02","313","15.55","68","1007.3","-","-"
"2023/09/18","16:00","13.61","316","16.52","67.5","1007.6","-","-"
"2023/09/18","17:00","9.52","329","13.02","68.2","1008","-","-"
"2023/09/18","18:00","7","319","12.44","71.1","1007.5","-","-"
"2023/09/18","19:00","16.33","311","20.99","73.8","1007.5","-","-"
"2023/09/18","20:00","16.13","312","18.66","74.8","1007.5","-","-"
"2023/09/18","21:00","14.97","296","17.11","75.9","1007.8","-","-"
"2023/09/18","22:00","9.52","293","10.89","75.9","1008.2","-","-"
"2023/09/18","23:00","5.05","252","6.61","73.6","1009.2","-","-"
"2023/09/19","00:00","5.83","267","7.78","71.8","1009.7","-","-"
"2023/09/19","01:00","5.83","253","6.8","72.3","1010.8","-","-"
"2023/09/19","02:00","3.89","273","6.41","69.8","1011.3","-","-"
"2023/09/19","03:00","6.03","256","7.19","68","1011.9","-","-"
"2023/09/19","04:00","7.39","270","8.36","68.9","1012.2","-","-"
"2023/09/19","05:00","8.75","286","11.08","69.3","1012.4","-","-"
"2023/09/19","06:00","6.41","278","7.58","68","1012.8","-","-"
"2023/09/19","07:00","14","322","17.69","69.3","1013.1","-","-"
"2023/09/19","08:00","14.19","323","16.13","68.5","1013","-","-"
"2023/09/19","09:00","12.44","322","16.52","67.1","1013.7","-","-"
"2023/09/19","10:00","11.66","323","14.38","66.7","1014.2","-","-"
"2023/09/19","11:00","9.33","319","12.63","66","1014.9","-","-"
"2023/09/19","12:00","7.39","333","10.11","66.4","1015.9","-","-"
"2023/09/19","13:00","7.78","331","9.52","67.6","1016.2","-","-"
"2023/09/19","14:00","3.89","325","9.72","69.3","1016.7","-","-"
"2023/09/19","15:00","5.05","294","7.78","70.9","1017","-","-"
"2023/09/19","16:00","3.5","285","4.86","72.1","1016.7","-","-"
"2023/09/19","17:00","4.86","317","7.58","73.8","1016.5","-","-"
"2023/09/19","18:00","6.22","323","7.97","74.5","1016.1","-","-"
"2023/09/19","19:00","5.44","316","6.22","75.2","1015.7","-","-"
"2023/09/19","20:00","4.67","354","5.64","76.1","1015.4","-","-"
"2023/09/19","21:00","0.19","305","1.36","77.7","1015.3","-","-"
"2023/09/19","22:00","4.08","308","5.05","77.4","1015.6","-","-"
"2023/09/19","23:00","1.75","226","2.72","73.8","1016","-","-"
"2023/09/20","00:00","2.14","158","3.69","71.1","1016.4","-","-"
"2023/09/20","01:00","1.94","138","2.72","71.1","1017.1","-","-"
"2023/09/20","02:00","2.72","165","4.08","70.7","1017.5","-","-"
"2023/09/20","03:00","4.28","136","5.25","70.7","1018","-","-"
"2023/09/20","04:00","4.08","160","6.03","69.4","1018.3","-","-"
"2023/09/20","05:00","6.03","161","7.19","68.4","1018.1","-","-"
"2023/09/20","06:00","4.28","173","5.44","68","1018.2","-","-"
"2023/09/20","07:00","0.97","227","2.14","67.5","1018.4","-","-"
"2023/09/20","08:00","1.17","167","2.14","67.1","1018.6","-","-"
"2023/09/20","09:00","0.78","350","1.36","68","1018.6","-","-"
"2023/09/20","10:00","1.75","264","2.14","67.8","1018.9","-","-"
"2023/09/20","11:00","4.08","192","5.05","67.3","1018.9","-","-"
"2023/09/20","12:00","3.11","145","3.89","67.8","1019.4","-","-"
"2023/09/20","13:00","3.89","145","4.86","71.8","1019.7","-","-"
"2023/09/20","14:00","3.11","163","5.05","74.5","1020.4","-","-"
"2023/09/20","15:00","4.86","214","7.78","76.5","1020.4","-","-"
"2023/09/20","16:00","4.47","221","6.41","77.2","1019.8","-","-"
"2023/09/20","17:00","7.78","59","8.75","75.9","1019.5","-","-"
"2023/09/20","18:00","6.41","55","7.78","76.6","1019.2","-","-"
"2023/09/20","19:00","7","81","8.55","77.2","1018.9","-","-"
"2023/09/20","20:00","6.22","87","7","78.3","1018.4","-","-"
"2023/09/20","21:00","3.5","245","6.03","80.8","1018.1","-","-"
"2023/09/20","22:00","1.36","238","1.75","81.5","1017.7","-","-"
"2023/09/20","23:00","3.69","205","3.89","75","1018","-","-"
"2023/09/21","00:00","5.44","199","5.83","73.6","1018.5","-","-"
"2023/09/21","01:00","8.16","173","9.33","73.6","1019.4","-","-"
"2023/09/21","02:00","6.22","191","7.58","73","1019.9","-","-"
"2023/09/21","03:00","5.25","207","8.55","72.9","1020.1","-","-"
"2023/09/21","04:00","4.86","216","6.03","72","1019.8","-","-"
"2023/09/21","05:00","3.5","202","6.8","70.5","1019.7","-","-"
"2023/09/21","06:00","5.25","230","7","69.8","1020.1","-","-"
"2023/09/21","07:00","6.03","226","7.58","69.6","1020","-","-"
"2023/09/21","08:00","6.41","255","7.97","69.3","1020.2","-","-"
"2023/09/21","09:00","4.28","261","4.86","68.2","1020.4","-","-"
"2023/09/21","10:00","4.28","298","4.86","68.4","1020.5","-","-"
"2023/09/21","11:00","1.75","241","2.33","67.8","1021","-","-"
"2023/09/21","12:00","1.75","313","2.72","70.2","1021.3","-","-"
"2023/09/21","13:00","2.92","3","3.69","71.4","1021.5","-","-"
"2023/09/21","14:00","4.28","28","6.61","73.8","1022.4","-","-"
"2023/09/21","15:00","10.3","24","12.25","74.7","1022.6","-","-"
"2023/09/21","16:00","8.16","27","11.47","75.6","1022.4","-","-"
"2023/09/21","17:00","7.78","36","9.52","75.7","1022.3","-","-"
"2023/09/21","18:00","8.55","42","10.3","76.3","1022","-","-"
"2023/09/21","19:00","9.14","41","12.63","75.9","1021.4","-","-"
"2023/09/21","20:00","12.83","37","14.77","74.5","1021.2","-","-"
"2023/09/21","21:00","12.63","62","14","74.1","1021","-","-"
"2023/09/21","22:00","9.72","52","11.08","74.3","1021.1","-","-"
"2023/09/21","23:00","10.69","68","12.44","73.9","1020.8","-","-"
"2023/09/22","00:00","12.05","59","13.41","73.6","1020.6","-","-"
"2023/09/22","01:00","14","60","15.94","73.2","1020.8","-","-"
"2023/09/22","02:00","13.8","60","17.11","73","1020.9","-","-"
"2023/09/22","03:00","14.97","63","17.3","72.7","1021.2","-","-"
"2023/09/22","04:00","15.94","61","18.47","72.7","1020.8","-","-"
"2023/09/22","05:00","17.88","67","20.41","72.9","1020.8","-","-"
"2023/09/22","06:00","20.8","60","23.13","73","1020.5","-","-"
"2023/09/22","07:00","19.24","57","22.94","72.3","1020.1","-","-"
"2023/09/22","08:00","14.97","45","16.91","71.4","1019.7","-","-"
"2023/09/22","09:00","16.13","42","20.22","71.1","1019.4","-","-"
"2023/09/22","10:00","18.27","38","20.8","70.5","1019.7","-","-"
"2023/09/22","11:00","17.3","35","23.91","70","1019.9","-","-"
"2023/09/22","12:00","17.49","37","20.8","70.2","1019.9","-","-"
"2023/09/22","13:00","16.72","38","20.41","69.8","1019.8","-","-"
"2023/09/22","14:00","18.27","31","20.02","70.3","1019.6","-","-"
"2023/09/22","15:00","21.58","37","24.49","71.6","1019.5","-","-"
"2023/09/22","16:00","17.49","37","22.16","72.3","1018.7","-","-"
"2023/09/22","17:00","16.72","35","23.71","73","1018.3","-","-"
"2023/09/22","18:00","24.49","50","29.35","74.3","1017.8","-","-"
"2023/09/22","19:00","23.52","40","28.19","73.8","1017.2","-","-"
"2023/09/22","20:00","19.63","37","24.69","72.3","1016.8","-","-"
"2023/09/22","21:00","20.99","31","26.24","70.2","1016.6","-","-"
"2023/09/22","22:00","21.58","33","29.55","69.6","1016.4","-","-"
"2023/09/22","23:00","24.1","27","32.46","69.8","1015.4","-","-"
"2023/09/23","00:00","25.46","33","34.41","70.2","1015","-","-"
"2023/09/23","01:00","24.49","34","33.05","69.4","1014.4","-","-"
"2023/09/23","02:00","24.49","24","32.27","66.7","1013.8","-","-"
"2023/09/23","03:00","27.8","21","36.74","66.6","1012.3","-","-"
"2023/09/23","04:00","25.85","26","36.54","66.9","1011.4","-","-"
"2023/09/23","05:00","26.63","23","33.05","66.2","1010.6","-","-"
"2023/09/23","06:00","23.13","15","33.43","66.6","1008.6","-","-"
"2023/09/23","07:00","25.27","21","30.71","67.5","1007.1","-","-"
"2023/09/23","08:00","29.55","33","37.52","69.6","1006.2","-","-"
"2023/09/23","09:00","26.24","31","33.43","69.8","1005.6","-","-"
"2023/09/23","10:00","23.13","29","26.82","69.3","1005.2","-","-"
"2023/09/23","11:00","19.83","26","29.55","69.3","1005.1","-","-"
"2023/09/23","12:00","20.99","26","25.46","69.3","1005.2","-","-"
"2023/09/23","13:00","22.16","23","26.63","70","1004.7","-","-"
"2023/09/23","14:00","21.77","26","27.6","71.1","1003.8","-","-"
"2023/09/23","15:00","20.99","62","26.44","73.2","1003.2","-","-"
"2023/09/23","16:00","25.08","68","28.19","74.3","1002.4","-","-"
"2023/09/23","17:00","22.55","79","28.19","75","1002","-","-"
"2023/09/23","18:00","21.97","94","27.41","75.7","1001","-","-"
"2023/09/23","19:00","21.58","96","25.27","75","1000.8","-","-"
"2023/09/23","20:00","13.61","107","17.3","75","1000.9","-","-"
"2023/09/23","21:00","10.89","123","15.75","73.4","1001.2","-","-"
"2023/09/23","22:00","15.94","132","20.41","71.2","1001.9","-","-"
"2023/09/23","23:00","13.8","158","19.05","69.6","1002.7","-","-"
"2023/09/24","00:00","14.38","144","20.41","68.5","1003.3","-","-"
"2023/09/24","01:00","14","140","18.08","67.5","1004.3","-","-"
"2023/09/24","02:00","9.33","145","13.8","66.9","1004.8","-","-"
"2023/09/24","03:00","9.52","148","14","65.8","1005.3","-","-"
"2023/09/24","04:00","9.52","158","13.02","65.1","1005.6","-","-"
"2023/09/24","05:00","12.83","144","16.52","65.1","1005.7","-","-"
"2023/09/24","06:00","8.75","161","11.86","64.4","1005.8","-","-"
"2023/09/24","07:00","11.08","154","13.22","64","1006","-","-"
"2023/09/24","08:00","8.36","166","12.44","64","1006.3","-","-"
"2023/09/24","09:00","8.55","172","11.47","63.3","1006.8","-","-"
"2023/09/24","10:00","8.55","177","12.25","63.5","1007.6","-","-"
"2023/09/24","11:00","7.39","189","11.86","63.5","1008.2","-","-"
"2023/09/24","12:00","9.14","206","13.02","63.9","1008.9","-","-"
"2023/09/24","13:00","11.08","201","16.91","64.2","1009.5","-","-"
"2023/09/24","14:00","9.91","200","16.91","65.1","1010","-","-"
"2023/09/24","15:00","8.36","232","11.86","66.2","1010.4","-","-"
"2023/09/24","16:00","11.47","211","19.05","66.6","1010.6","-","-"
"2023/09/24","17:00","12.83","231","16.33","67.8","1010.6","-","-"
"2023/09/24","18:00","9.91","236","17.69","70.7","1010.3","-","-"
"2023/09/24","19:00","12.05","254","13.41","71.4","1010.7","-","-"
"2023/09/24","20:00","6.8","226","8.55","71.2","1010.9","-","-"
"2023/09/24","21:00","3.89","242","4.86","71.8","1010.8","-","-"
"2023/09/24","22:00","4.08","226","4.86","71.1","1011.4","-","-"
"2023/09/24","23:00","2.14","208","2.33","70.9","1011.8","-","-"
"2023/09/25","00:00","2.72","212","2.92","70.3","1012.5","-","-"
"2023/09/25","01:00","3.11","205","3.89","70","1012.8","-","-"
"2023/09/25","02:00","0.78","217","1.94","70.3","1012.9","-","-"
"2023/09/25","03:00","1.17","183","1.56","70","1012.5","-","-"
"2023/09/25","04:00","4.67","204","5.25","69.4","1012.3","-","-"
"2023/09/25","05:00","1.17","207","1.56","70.3","1012.1","-","-"
"2023/09/25","06:00","1.56","243","2.14","69.1","1012.2","-","-"
"2023/09/25","07:00","6.22","346","7.19","68.5","1012.3","-","-"
"2023/09/25","08:00","6.03","326","7.58","67.8","1012.6","-","-"
"2023/09/25","09:00","7.97","325","9.52","68","1012.6","-","-"
"2023/09/25","10:00","6.03","325","7.97","67.6","1012.9","-","-"
"2023/09/25","11:00","7.78","324","10.3","67.3","1013.4","-","-"
"2023/09/25","12:00","5.64","327","8.16","67.1","1013.8","-","-"
"2023/09/25","13:00","7.39","332","9.33","67.3","1014.2","-","-"
"2023/09/25","14:00","7.39","319","8.55","68.4","1014.5","-","-"
"2023/09/25","15:00","8.36","307","9.91","69.3","1015","-","-"
"2023/09/25","16:00","9.33","292","10.69","69.3","1015","-","-"
"2023/09/25","17:00","7.19","299","8.75","70.3","1015","-","-"
"2023/09/25","18:00","7.19","313","8.36","72","1014.9","-","-"
"2023/09/25","19:00","7.78","306","8.75","72.1","1015.1","-","-"
"2023/09/25","20:00","7.97","327","9.14","72.5","1015.1","-","-"
"2023/09/25","21:00","3.11","70","5.83","71.4","1015.4","-","-"
"2023/09/25","22:00","2.14","56","3.11","71.6","1015.8","-","-"
"2023/09/25","23:00","6.03","352","7.97","71.1","1016.4","-","-"
"2023/09/26","00:00","6.41","6","7.58","70.3","1016.5","-","-"
"2023/09/26","01:00","5.05","4","6.41","69.6","1017.1","-","-"
"2023/09/26","02:00","6.22","3","7.19","69.1","1017.6","-","-"
"2023/09/26","03:00","5.44","339","7.58","68","1017.9","-","-"
"2023/09/26","04:00","4.67","345","6.03","67.3","1018.1","-","-"
"2023/09/26","05:00","6.8","336","8.16","66.6","1018.4","-","-"
"2023/09/26","06:00","5.25","332","7.78","66.4","1018.4","-","-"
"2023/09/26","07:00","11.27","349","12.83","65.5","1018.2","-","-"
"2023/09/26","08:00","10.11","334","11.47","64.9","1018.1","-","-"
"2023/09/26","09:00","8.16","342","11.08","64.8","1018.5","-","-"
"2023/09/26","10:00","8.75","321","11.47","64.6","1019","-","-"
"2023/09/26","11:00","7.97","319","11.08","64.9","1019.6","-","-"
"2023/09/26","12:00","10.89","321","13.61","64.9","1019.8","-","-"
"2023/09/26","13:00","11.66","311","13.22","65.8","1020.3","-","-"
"2023/09/26","14:00","9.72","8","12.05","66.9","1020.7","-","-"
"2023/09/26","15:00","10.69","10","14.19","66.2","1021.1","-","-"
"2023/09/26","16:00","11.08","9","14","65.8","1021.5","-","-"
"2023/09/26","17:00","12.05","24","13.8","66.2","1021.4","-","-"
"2023/09/26","18:00","9.72","13","12.83","66.2","1021.2","-","-"
"2023/09/26","19:00","8.36","10","10.11","66.6","1020.9","-","-"
"2023/09/26","20:00","10.5","7","13.8","66","1020.9","-","-"
"2023/09/26","21:00","11.86","12","14.58","65.8","1021","-","-"
"2023/09/26","22:00","10.69","9","13.22","65.1","1021.3","-","-"
"2023/09/26","23:00","8.55","10","10.5","64.8","1021.6","-","-"
"2023/09/27","00:00","7.97","360","9.72","64.4","1022.1","-","-"
"2023/09/27","01:00","6.8","5","10.3","64.9","1022.4","-","-"
"2023/09/27","02:00","9.33","18","11.47","65.5","1022.5","-","-"
"2023/09/27","03:00","8.55","19","11.27","65.3","1022.3","-","-"
"2023/09/27","04:00","7.97","9","10.89","64.4","1022","-","-"
"2023/09/27","05:00","11.08","19","13.8","64.9","1022.2","-","-"
"2023/09/27","06:00","10.3","16","12.44","64.6","1022.1","-","-"
"2023/09/27","07:00","12.63","22","15.36","64.4","1021.5","-","-"
"2023/09/27","08:00","13.41","22","18.08","64","1021.2","-","-"
"2023/09/27","09:00","14.38","23","16.33","62.6","1021.3","-","-"
"2023/09/27","10:00","8.75","1","10.5","62.4","1021.5","-","-"
"2023/09/27","11:00","9.52","349","11.47","62.6","1021.7","-","-"
"2023/09/27","12:00","7.97","349","9.52","62.8","1022.2","-","-"
"2023/09/27","13:00","12.44","19","15.16","64.6","1022.4","-","-"
"2023/09/27","14:00","11.27","26","14","65.3","1022.6","-","-"
"2023/09/27","15:00","11.86","14","16.33","65.7","1022.6","-","-"
"2023/09/27","16:00","12.44","27","16.91","66.2","1022.2","-","-"
"2023/09/27","17:00","13.8","11","15.94","66.2","1021.9","-","-"
"2023/09/27","18:00","12.25","23","14.38","66.6","1021.1","-","-"
"2023/09/27","19:00","13.22","4","14.97","66","1020.9","-","-"
"2023/09/27","20:00","12.63","15","17.69","66.6","1020.5","-","-"
"2023/09/27","21:00","13.02","23","15.75","66.9","1020.1","-","-"
"2023/09/27","22:00","6.8","8","8.55","66.7","1020.2","-","-"
"2023/09/27","23:00","12.83","41","15.75","67.1","1020.5","-","-"
"2023/09/28","00:00","14.77","41","17.11","66","1020.6","-","-"
"2023/09/28","01:00","12.83","35","15.36","65.1","1020.9","-","-"
"2023/09/28","02:00","10.69","29","14","64.4","1021.1","-","-"
"2023/09/28","03:00","8.94","10","11.08","63.9","1020.8","-","-"
"2023/09/28","04:00","7.97","8","9.72","63.5","1020.3","-","-"
"2023/09/28","05:00","9.33","17","11.86","64","1019.9","-","-"
"2023/09/28","06:00","8.94","20","12.83","64.6","1019.8","-","-"
"2023/09/28","07:00","10.89","14","13.22","64.6","1018.9","-","-"
"2023/09/28","08:00","7.39","331","9.72","63","1018.6","-","-"
"2023/09/28","09:00","10.5","17","13.61","64.4","1018.6","-","-"
"2023/09/28","10:00","7","347","12.83","63.7","1018.5","-","-"
"2023/09/28","11:00","8.16","333","9.33","63","1019.2","-","-"
"2023/09/28","12:00","9.91","339","11.47","63.1","1019.8","-","-"
"2023/09/28","13:00","8.36","340","9.91","63.7","1019.9","-","-"
"2023/09/28","14:00","10.69","340","12.83","64.4","1019.9","-","-"
"2023/09/28","15:00","10.11","4","11.86","65.3","1019.7","-","-"
"2023/09/28","16:00","9.14","17","14.19","65.8","1019.3","-","-"
"2023/09/28","17:00","10.69","6","13.61","66.4","1018.8","-","-"
"2023/09/28","18:00","9.52","359","14.38","66.9","1018.5","-","-"
"2023/09/28","19:00","12.25","348","14.97","67.3","1018.2","-","-"
"2023/09/28","20:00","11.08","342","14.19","67.5","1017.4","-","-"
"2023/09/28","21:00","11.08","360","14.38","67.6","1017.2","-","-"
"2023/09/28","22:00","12.63","15","15.36","67.6","1017.1","-","-"
"2023/09/28","23:00","12.83","9","16.91","67.1","1017.3","-","-"
"2023/09/29","00:00","11.86","6","14.97","66.7","1017.4","-","-"
"2023/09/29","01:00","9.52","6","11.47","66.2","1017.3","-","-"
"2023/09/29","02:00","8.55","9","13.61","66","1017.4","-","-"
"2023/09/29","03:00","8.94","7","11.47","65.1","1017.4","-","-"
"2023/09/29","04:00","9.91","5","12.83","65.5","1017","-","-"
"2023/09/29","05:00","11.27","2","14.19","64.9","1016.8","-","-"
"2023/09/29","06:00","11.08","358","13.02","65.1","1016.6","-","-"
"2023/09/29","07:00","7.58","334","9.72","64.6","1016.1","-","-"
"2023/09/29","08:00","8.55","327","10.89","64.8","1015.7","-","-"
"2023/09/29","09:00","9.72","348","12.05","64.9","1015.6","-","-"
"2023/09/29","10:00","12.25","337","15.36","64.4","1015.8","-","-"
"2023/09/29","11:00","10.89","345","12.44","64","1016.3","-","-"
"2023/09/29","12:00","10.69","329","13.22","64.4","1016.9","-","-"
"2023/09/29","13:00","13.02","341","15.55","64.4","1017.3","-","-"
"2023/09/29","14:00","7.78","347","10.3","65.7","1017.5","-","-"
"2023/09/29","15:00","10.3","334","12.83","66.2","1017.4","-","-"
"2023/09/29","16:00","10.89","344","13.8","67.1","1017.1","-","-"
"2023/09/29","17:00","12.25","359","14.38","67.6","1016.7","-","-"
"2023/09/29","18:00","10.11","330","12.25","67.8","1016.1","-","-"
"2023/09/29","19:00","10.69","347","12.44","68.2","1015.8","-","-"
"2023/09/29","20:00","11.08","344","13.61","67.8","1016","-","-"
"2023/09/29","21:00","9.72","343","11.86","67.8","1016","-","-"
"2023/09/29","22:00","9.14","336","11.27","67.5","1016.1","-","-"
"2023/09/29","23:00","9.91","327","12.05","67.3","1016.3","-","-"
"2023/09/30","00:00","7.78","329","9.72","66.7","1016.7","-","-"
"2023/09/30","01:00","7.58","327","9.72","66.4","1017.3","-","-"
"2023/09/30","02:00","8.75","336","10.69","66","1017.4","-","-"
"2023/09/30","03:00","8.55","347","11.27","65.8","1017.6","-","-"
"2023/09/30","04:00","7.97","337","9.33","65.8","1017.6","-","-"
"2023/09/30","05:00","8.16","321","10.11","65.8","1017.2","-","-"
"2023/09/30","06:00","10.3","315","12.05","65.8","1016.9","-","-"
"2023/09/30","07:00","10.5","327","13.41","65.3","1016.6","-","-"
"2023/09/30","08:00","8.55","328","10.89","65.1","1016.4","-","-"
"2023/09/30","09:00","10.89","323","12.05","65.5","1016.6","-","-"
"2023/09/30","10:00","10.89","338","13.61","64.9","1017.2","-","-"
"2023/09/30","11:00","8.75","325","11.08","65.1","1017.7","-","-"
"2023/09/30","12:00","8.75","346","10.5","65.3","1018.4","-","-"
"2023/09/30","13:00","10.3","336","12.25","65.5","1019.1","-","-"
"2023/09/30","14:00","8.55","354","10.5","65.3","1019.7","-","-"
"2023/09/30","15:00","9.33","340","10.5","64.9","1019.7","-","-"
"2023/09/30","16:00","7.19","335","9.33","66.9","1019.5","-","-"
"2023/09/30","17:00","7.78","356","12.44","67.5","1019.4","-","-"
"2023/09/30","18:00","11.27","348","14.97","68.2","1019.1","-","-"
"2023/09/30","19:00","9.72","2","11.86","69.8","1018.9","-","-"
"2023/09/30","20:00","9.52","29","12.44","69.1","1018.7","-","-"
"2023/09/30","21:00","11.66","14","12.63","69.3","1019.2","-","-"
"2023/09/30","22:00","6.41","17","9.33","68","1020","-","-"
"2023/09/30","23:00","7.39","8","8.94","68.2","1020.2","-","-"
"2023/10/01","00:00","6.41","346","7.39","67.3","1020.4","-","-"
"2023/10/01","01:00","5.83","33","7.19","67.3","1020.8","-","-"
"2023/10/01","02:00","3.5","14","4.28","67.1","1020.9","-","-"
"2023/10/01","03:00","4.67","1","5.83","66.2","1020.9","-","-"
"2023/10/01","04:00","5.25","21","6.22","65.7","1020.8","-","-"
"2023/10/01","05:00","5.25","9","8.94","65.7","1020.5","-","-"
"2023/10/01","06:00","5.83","329","6.41","64.8","1020.3","-","-"
"2023/10/01","07:00","7","331","8.16","64.8","1020.1","-","-"
"2023/10/01","08:00","7.19","324","7.97","64.6","1020","-","-"
"2023/10/01","09:00","8.36","324","11.27","63.5","1020","-","-"
"2023/10/01","10:00","8.16","328","10.11","63.5","1020.1","-","-"
"2023/10/01","11:00","8.75","333","10.11","63.1","1020.6","-","-"
"2023/10/01","12:00","9.33","325","11.66","64.8","1021.1","-","-"
"2023/10/01","13:00","9.52","342","11.86","66.4","1021.1","-","-"
"2023/10/01","14:00","8.75","359","11.66","68.9","1021.3","-","-"
"2023/10/01","15:00","9.91","13","13.22","70.5","1021.3","-","-"
"2023/10/01","16:00","7.97","26","10.5","71.2","1021.2","-","-"
"2023/10/01","17:00","8.36","15","11.47","73","1021","-","-"
"2023/10/01","18:00","8.16","339","9.72","74.1","1020.4","-","-"
"2023/10/01","19:00","9.52","8","11.86","74.7","1020","-","-"
"2023/10/01","20:00","8.36","8","10.3","74.7","1019.6","-","-"
"2023/10/01","21:00","8.75","8","13.22","74.8","1019.5","-","-"
"2023/10/01","22:00","2.53","22","3.11","73.2","1019.6","-","-"
"2023/10/01","23:00","1.75","212","2.53","69.8","1019.9","-","-"
"2023/10/02","00:00","1.36","214","2.53","67.3","1019.9","-","-"
"2023/10/02","01:00","2.33","262","2.72","67.3","1020","-","-"
"2023/10/02","02:00","2.72","253","3.11","66","1020.2","-","-"
"2023/10/02","03:00","4.86","283","6.22","67.8","1020.2","-","-"
"2023/10/02","04:00","4.47","282","5.44","67.8","1019.9","-","-"
"2023/10/02","05:00","4.67","283","5.25","67.5","1019.6","-","-"
"2023/10/02","06:00","5.64","301","6.61","67.5","1019.4","-","-"
"2023/10/02","07:00","7.39","291","8.55","66.6","1019.1","-","-"
"2023/10/02","08:00","7.39","296","8.75","66.2","1019","-","-"
"2023/10/02","09:00","10.69","319","11.86","66","1019.1","-","-"
"2023/10/02","10:00","7.19","329","8.36","64.2","1019.4","-","-"
"2023/10/02","11:00","4.28","311","5.83","63.9","1019.5","-","-"
"2023/10/02","12:00","3.89","342","4.47","65.8","1020","-","-"
"2023/10/02","13:00","3.89","319","6.22","68","1020.3","-","-"
"2023/10/02","14:00","4.28","5","5.83","70","1020.4","-","-"
"2023/10/02","15:00","8.36","15","9.14","72","1020.3","-","-"
"2023/10/02","16:00","7.19","17","9.14","73.9","1020.2","-","-"
"2023/10/02","17:00","6.41","17","7.78","75","1020.1","-","-"
"2023/10/02","18:00","9.91","45","11.86","75.7","1019.8","-","-"
"2023/10/02","19:00","7.78","38","9.91","76.8","1019.6","-","-"
"2023/10/02","20:00","7.39","76","8.94","74.3","1019.5","-","-"
"2023/10/02","21:00","6.22","53","7.97","75.9","1019.4","-","-"
"2023/10/02","22:00","5.05","39","5.64","75","1019.6","-","-"
"2023/10/02","23:00","4.86","45","5.05","73.2","1019.8","-","-"
"2023/10/03","00:00","6.41","111","8.75","71.6","1020.2","-","-"
"2023/10/03","01:00","3.69","139","4.47","70.3","1020.4","-","-"
"2023/10/03","02:00","2.14","138","3.11","69.1","1020.6","-","-"
"2023/10/03","03:00","1.36","170","1.94","68","1020.5","-","-"
"2023/10/03","04:00","2.14","160","2.72","67.1","1020.1","-","-"
"2023/10/03","05:00","0","176","0.39","66","1019.9","-","-"
"2023/10/03","06:00","0.19","199","0.58","65.8","1019.9","-","-"
"2023/10/03","07:00","3.89","282","4.47","65.5","1019.6","-","-"
"2023/10/03","08:00","4.67","305","5.64","66.2","1019.3","-","-"
"2023/10/03","09:00","3.3","328","3.89","65.5","1019.5","-","-"
"2023/10/03","10:00","4.47","320","5.44","65.8","1020","-","-"
"2023/10/03","11:00","6.41","308","7.97","66","1020.6","-","-"
"2023/10/03","12:00","4.67","333","5.44","66.4","1021","-","-"
"2023/10/03","13:00","1.17","340","2.14","68.2","1021.6","-","-"
"2023/10/03","14:00","3.11","292","3.89","68.9","1021.5","-","-"
"2023/10/03","15:00","0","286","0.19","73.9","1021.7","-","-"
"2023/10/03","16:00","3.69","80","4.28","71.4","1021.3","-","-"
"2023/10/03","17:00","6.61","72","7.19","72.3","1021.1","-","-"
"2023/10/03","18:00","6.41","76","7","72.5","1020.4","-","-"
"2023/10/03","19:00","10.3","79","10.69","72.7","1019.9","-","-"
"2023/10/03","20:00","8.75","79","10.11","72.9","1019.5","-","-"
"2023/10/03","21:00","5.64","95","6.41","74.1","1019.1","-","-"
"2023/10/03","22:00","5.05","105","6.03","73.6","1019.2","-","-"
"2023/10/03","23:00","3.11","107","3.89","71.6","1019.3","-","-"
"2023/10/04","00:00","4.08","140","4.67","69.4","1019.6","-","-"
"2023/10/04","01:00","3.5","154","4.28","68.2","1020","-","-"
"2023/10/04","02:00","2.72","167","3.69","67.3","1020.1","-","-"
"2023/10/04","03:00","2.33","182","3.11","66.7","1020.2","-","-"
"2023/10/04","04:00","1.75","222","1.94","64.9","1020","-","-"
"2023/10/04","05:00","4.86","209","5.25","64.4","1019.8","-","-"
"2023/10/04","06:00","0.78","194","1.17","63.9","1019.7","-","-"
"2023/10/04","07:00","1.17","221","1.75","63.1","1019.4","-","-"
"2023/10/04","08:00","2.14","258","2.92","63","1019.4","-","-"
"2023/10/04","09:00","1.94","263","2.53","63.3","1019.5","-","-"
"2023/10/04","10:00","2.72","282","3.3","64.2","1020","-","-"
"2023/10/04","11:00","3.3","345","4.28","64.4","1020.5","-","-"
"2023/10/04","12:00","2.92","8","3.89","64","1021.4","-","-"
"2023/10/04","13:00","1.75","342","2.53","66.6","1022","-","-"
"2023/10/04","14:00","0","324","0","72.3","1022.4","-","-"
"2023/10/04","15:00","4.86","94","6.8","70.7","1022.3","-","-"
"2023/10/04","16:00","6.8","77","8.16","69.6","1022.2","-","-"
"2023/10/04","17:00","7.58","65","8.55","70.3","1021.9","-","-"
"2023/10/04","18:00","8.36","59","9.14","71.2","1021","-","-"
"2023/10/04","19:00","8.94","62","9.72","71.6","1020.6","-","-"
"2023/10/04","20:00","8.16","64","8.94","72","1020.3","-","-"
"2023/10/04","21:00","8.16","80","8.94","72.3","1020.2","-","-"
"2023/10/04","22:00","7.78","102","10.69","72.7","1020.2","-","-"
"2023/10/04","23:00","6.8","116","9.14","71.6","1020.3","-","-"
"2023/10/05","00:00","4.86","133","6.41","70.9","1020.6","-","-"
"2023/10/05","01:00","4.47","129","6.41","70.2","1020.9","-","-"
"2023/10/05","02:00","2.72","138","3.5","69.4","1020.9","-","-"
"2023/10/05","03:00","3.11","142","3.89","68.9","1020.8","-","-"
"2023/10/05","04:00","0.97","201","1.75","67.6","1020.9","-","-"
"2023/10/05","05:00","1.17","348","1.75","67.6","1020.8","-","-"
"2023/10/05","06:00","3.11","4","3.69","66.6","1020.7","-","-"
"2023/10/05","07:00","2.72","22","3.5","66.7","1020.5","-","-"
"2023/10/05","08:00","1.94","32","2.72","67.1","1020.3","-","-"
"2023/10/05","09:00","1.94","351","2.92","66.7","1020.5","-","-"
"2023/10/05","10:00","1.94","358","2.33","66.4","1020.7","-","-"
"2023/10/05","11:00","1.36","355","2.53","66","1020.6","-","-"
"2023/10/05","12:00","2.92","339","3.3","67.3","1020.9","-","-"
"2023/10/05","13:00","2.72","345","3.3","68","1021.2","-","-"
"2023/10/05","14:00","4.08","57","4.86","72","1021.3","-","-"
"2023/10/05","15:00","7","74","7.78","72.7","1020.9","-","-"
"2023/10/05","16:00","10.3","76","11.47","73","1020.2","-","-"
"2023/10/05","17:00","8.16","67","9.91","73.8","1019.7","-","-"
"2023/10/05","18:00","9.33","65","11.47","73.6","1018.8","-","-"
"2023/10/05","19:00","8.94","67","9.91","74.1","1018","-","-"
"2023/10/05","20:00","8.94","69","9.91","74.1","1017.5","-","-"
"2023/10/05","21:00","10.89","78","12.44","73.8","1016.8","-","-"
"2023/10/05","22:00","9.33","95","10.89","74.3","1016.5","-","-"
"2023/10/05","23:00","8.36","93","9.14","73.4","1016.4","-","-"
"2023/10/06","00:00","5.44","73","7.39","72.7","1016.7","-","-"
"2023/10/06","01:00","3.3","56","4.47","72.9","1016.9","-","-"
"2023/10/06","02:00","3.5","66","4.28","72.5","1016.5","-","-"
"2023/10/06","03:00","2.92","68","3.3","72.5","1016.4","-","-"
"2023/10/06","04:00","1.17","133","2.53","72.3","1016.1","-","-"
"2023/10/06","05:00","2.14","72","2.92","71.6","1015.4","-","-"
"2023/10/06","06:00","1.36","122","1.75","70.5","1014.9","-","-"
"2023/10/06","07:00","0","143","0","69.8","1014.2","-","-"
"2023/10/06","08:00","1.36","157","2.14","69.4","1013.8","-","-"
"2023/10/06","09:00","3.3","292","4.47","69.4","1013.8","-","-"
"2023/10/06","10:00","1.36","301","1.56","69.4","1013.8","-","-"
"2023/10/06","11:00","1.56","341","2.14","69.3","1013.8","-","-"
"2023/10/06","12:00","2.53","31","3.69","70.3","1013.6","-","-"
"2023/10/06","13:00","1.36","310","2.33","71.6","1013.9","-","-"
"2023/10/06","14:00","3.89","297","4.08","72.1","1013.9","-","-"
"2023/10/06","15:00","3.3","306","5.25","73","1013.7","-","-"
"2023/10/06","16:00","0.97","55","1.17","75.2","1013.2","-","-"
"2023/10/06","17:00","6.61","73","7.39","73.8","1012.8","-","-"
"2023/10/06","18:00","2.72","83","4.28","75.4","1012","-","-"
"2023/10/06","19:00","7","82","7.39","73.9","1011.4","-","-"
"2023/10/06","20:00","6.22","93","7.58","74.1","1011.4","-","-"
"2023/10/06","21:00","6.22","73","6.61","73.4","1010.9","-","-"
"2023/10/06","22:00","6.03","78","7.39","73.4","1010.8","-","-"
"2023/10/06","23:00","4.08","55","4.86","73.4","1010.7","-","-"
"2023/10/07","00:00","1.94","322","2.33","72.3","1010.8","-","-"
"2023/10/07","01:00","0.97","6","1.36","71.6","1010.7","-","-"
"2023/10/07","02:00","0.78","228","1.56","70.7","1010.5","-","-"
"2023/10/07","03:00","1.75","221","1.94","70.7","1010.1","-","-"
"2023/10/07","04:00","0.19","161","0.78","70.5","1009.3","-","-"
"2023/10/07","05:00","2.72","268","3.3","69.6","1008.6","-","-"
"2023/10/07","06:00","3.5","255","4.28","68.9","1007.9","-","-"
"2023/10/07","07:00","3.89","282","4.28","68.5","1007.4","-","-"
"2023/10/07","08:00","3.89","295","4.67","68.4","1006.8","-","-"
"2023/10/07","09:00","1.75","303","2.33","68.4","1006.5","-","-"
"2023/10/07","10:00","3.11","286","3.89","68","1006.5","-","-"
"2023/10/07","11:00","4.28","281","4.86","67.6","1006.5","-","-"
"2023/10/07","12:00","3.3","281","3.89","67.6","1006.3","-","-"
"2023/10/07","13:00","6.22","272","7.19","70","1006.3","-","-"
"2023/10/07","14:00","18.47","330","23.71","67.8","1007.4","-","-"
"2023/10/07","15:00","16.52","325","20.22","66","1007.5","-","-"
"2023/10/07","16:00","17.11","347","22.74","64.8","1007.6","-","-"
"2023/10/07","17:00","10.11","342","14.58","63.3","1006.8","-","-"
"2023/10/07","18:00","14.58","319","16.52","64","1006.5","-","-"
"2023/10/07","19:00","14","313","16.72","64.6","1006.4","-","-"
"2023/10/07","20:00","15.36","306","18.47","66.7","1006.2","-","-"
"2023/10/07","21:00","11.47","333","15.75","67.1","1006","-","-"
"2023/10/07","22:00","7.78","338","11.66","66.9","1006.5","-","-"
"2023/10/07","23:00","13.8","303","22.35","66.7","1007.2","-","-"
"2023/10/08","00:00","15.16","326","19.05","64.4","1007.8","-","-"
"2023/10/08","01:00","14.58","331","20.02","61.9","1008.6","-","-"
"2023/10/08","02:00","13.22","332","16.13","59.5","1009.4","-","-"
"2023/10/08","03:00","16.33","326","20.99","59.5","1009.7","-","-"
"2023/10/08","04:00","13.22","312","20.8","59.4","1009.3","-","-"
"2023/10/08","05:00","12.63","301","19.44","58.5","1009.3","-","-"
"2023/10/08","06:00","9.52","272","10.69","54.5","1009.2","-","-"
"2023/10/08","07:00","6.22","279","7.58","52.3","1009","-","-"
"2023/10/08","08:00","9.52","258","11.47","52.9","1008.6","-","-"
"2023/10/08","09:00","10.5","253","12.83","53.6","1008.7","-","-"
"2023/10/08","10:00","9.14","237","12.63","52","1009","-","-"
"2023/10/08","11:00","8.36","232","10.89","51.4","1009.3","-","-"
"2023/10/08","12:00","10.69","248","13.02","52.9","1009.2","-","-"
"2023/10/08","13:00","11.27","247","14.19","55","1009.6","-","-"
"2023/10/08","14:00","9.91","257","12.05","57.6","1009.7","-","-"
"2023/10/08","15:00","9.72","293","12.25","59","1009.5","-","-"
"2023/10/08","16:00","11.47","298","16.91","59.7","1009","-","-"
"2023/10/08","17:00","8.36","283","13.41","60.6","1008.3","-","-"
"2023/10/08","18:00","12.05","298","14.77","61.2","1007.4","-","-"
"2023/10/08","19:00","13.41","253","17.11","61.5","1007.2","-","-"
"2023/10/08","20:00","12.05","255","19.24","61.9","1007.1","-","-"
"2023/10/08","21:00","11.66","266","16.33","61.9","1007.4","-","-"
"2023/10/08","22:00","13.22","283","15.94","61","1007.9","-","-"
"2023/10/08","23:00","8.16","266","10.5","59.2","1008.4","-","-"
"2023/10/09","00:00","7.58","252","9.91","57.6","1009.1","-","-"
"2023/10/09","01:00","5.64","238","7.19","56.5","1009.5","-","-"
"2023/10/09","02:00","6.61","211","7.39","54","1009.8","-","-"
"2023/10/09","03:00","6.22","211","7.78","54","1009.7","-","-"
"2023/10/09","04:00","8.16","206","9.14","53.2","1010.1","-","-"
"2023/10/09","05:00","8.36","228","10.11","54.1","1010","-","-"
"2023/10/09","06:00","10.5","260","13.41","54.5","1009.9","-","-"
"2023/10/09","07:00","3.89","311","6.03","53.2","1010.2","-","-"
"2023/10/09","08:00","7","276","10.69","53.4","1010.1","-","-"
"2023/10/09","09:00","9.33","291","10.69","53.4","1010.2","-","-"
"2023/10/09","10:00","7.39","248","8.94","49.6","1010.7","-","-"
"2023/10/09","11:00","5.44","278","6.61","50.5","1010.7","-","-"
"2023/10/09","12:00","3.3","233","4.67","51.3","1011.3","-","-"
"2023/10/09","13:00","5.44","241","7.78","54","1011.4","-","-"
"2023/10/09","14:00","8.36","219","10.89","56.7","1011.6","-","-"
"2023/10/09","15:00","11.08","268","14.19","58.3","1011.3","-","-"
"2023/10/09","16:00","7.19","254","17.11","61.2","1010.8","-","-"
"2023/10/09","17:00","11.27","213","16.33","63.5","1009.9","-","-"
"2023/10/09","18:00","10.3","234","13.8","64.9","1009.3","-","-"
"2023/10/09","19:00","10.89","243","15.16","66.4","1008.3","-","-"
"2023/10/09","20:00","9.14","203","13.22","67.5","1007.6","-","-"
"2023/10/09","21:00","11.86","202","14.58","67.8","1007.9","-","-"
"2023/10/09","22:00","4.86","211","6.03","66","1008.2","-","-"
"2023/10/09","23:00","3.3","199","4.67","64.2","1008.8","-","-"
"2023/10/10","00:00","3.89","194","5.05","63.7","1009.2","-","-"
"2023/10/10","01:00","6.03","187","8.55","63.9","1009.1","-","-"
"2023/10/10","02:00","4.67","233","6.22","62.6","1009.6","-","-"
"2023/10/10","03:00","2.14","221","2.53","60.6","1009.8","-","-"
"2023/10/10","04:00","2.14","213","2.53","60.8","1009.7","-","-"
"2023/10/10","05:00","5.83","205","6.41","58.3","1009.6","-","-"
"2023/10/10","06:00","7.19","205","7.97","58.3","1009.6","-","-"
"2023/10/10","07:00","5.64","200","7.97","57.6","1008.9","-","-"
"2023/10/10","08:00","6.8","209","7.78","56.8","1009.2","-","-"
"2023/10/10","09:00","4.86","211","7.78","57","1009.4","-","-"
"2023/10/10","10:00","4.08","193","5.25","56.3","1009.6","-","-"
"2023/10/10","11:00","6.22","210","7.39","56.1","1010","-","-"
"2023/10/10","12:00","5.64","202","7.58","55.6","1010.1","-","-"
"2023/10/10","13:00","3.89","237","5.25","58.5","1010.7","-","-"
"2023/10/10","14:00","5.83","265","7.97","61.2","1010.6","-","-"
"2023/10/10","15:00","5.64","281","7.58","63.3","1010.4","-","-"
"2023/10/10","16:00","8.75","273","10.3","65.1","1010.1","-","-"
"2023/10/10","17:00","7.39","218","9.72","67.3","1009.5","-","-"
"2023/10/10","18:00","6.8","226","11.66","69.8","1008.6","-","-"
"2023/10/10","19:00","7","248","9.14","70.5","1008.3","-","-"
"2023/10/10","20:00","8.36","255","11.27","71.4","1007.8","-","-"
"2023/10/10","21:00","6.41","237","7.78","71.8","1007.6","-","-"
"2023/10/10","22:00","3.89","222","4.86","70.9","1007.8","-","-"
"2023/10/10","23:00","3.89","198","4.86","65.3","1008.4","-","-"
"2023/10/11","00:00","4.28","183","5.05","63.7","1008.8","-","-"
"2023/10/11","01:00","4.28","197","5.44","62.4","1008.8","-","-"
"2023/10/11","02:00","2.33","174","3.11","61.9","1008.7","-","-"
"2023/10/11","03:00","0.58","156","1.94","61.5","1008.8","-","-"
"2023/10/11","04:00","3.89","162","5.44","63.7","1008.8","-","-"
"2023/10/11","05:00","8.55","180","9.52","65.1","1008.9","-","-"
"2023/10/11","06:00","7.39","188","10.89","63.7","1008.2","-","-"
"2023/10/11","07:00","4.67","174","7","64.4","1007.7","-","-"
"2023/10/11","08:00","3.5","203","6.03","63.1","1007.7","-","-"
"2023/10/11","09:00","9.14","299","11.47","62.8","1008.2","-","-"
"2023/10/11","10:00","4.67","289","6.03","60.8","1009.1","-","-"
"2023/10/11","11:00","2.33","225","3.89","58.1","1009.5","-","-"
"2023/10/11","12:00","3.69","230","4.28","58.8","1010.3","-","-"
"2023/10/11","13:00","6.41","331","7.58","61.7","1010.8","-","-"
"2023/10/11","14:00","7.78","309","8.75","62.2","1011.2","-","-"
"2023/10/11","15:00","5.05","5","7.78","66.4","1011.4","-","-"
"2023/10/11","16:00","5.25","17","6.41","68","1011.6","-","-"
"2023/10/11","17:00","4.28","307","7.39","68","1011","-","-"
"2023/10/11","18:00","0.39","276","1.36","72.5","1010.1","-","-"
"2023/10/11","19:00","2.14","6","2.33","69.8","1010","-","-"
"2023/10/11","20:00","3.3","94","3.69","69.1","1010","-","-"
"2023/10/11","21:00","3.5","267","5.05","68.5","1010.4","-","-"
"2023/10/11","22:00","1.17","213","1.36","66.7","1010.2","-","-"
"2023/10/11","23:00","1.36","231","1.94","64.4","1010.1","-","-"
"2023/10/12","00:00","2.14","188","2.33","63","1010","-","-"
"2023/10/12","01:00","2.14","212","2.53","61.9","1010.8","-","-"
"2023/10/12","02:00","1.94","173","3.3","62.1","1011.1","-","-"
"2023/10/12","03:00","0","244","0.39","62.1","1011.4","-","-"
"2023/10/12","04:00","1.75","209","2.33","61.2","1011.3","-","-"
"2023/10/12","05:00","0.78","200","1.56","61.7","1011.1","-","-"
"2023/10/12","06:00","1.36","206","1.75","61.5","1010.8","-","-"
"2023/10/12","07:00","1.94","206","2.33","61","1010.6","-","-"
"2023/10/12","08:00","1.17","213","1.75","61.2","1010.7","-","-"
"2023/10/12","09:00","2.14","252","2.72","61.2","1011","-","-"
"2023/10/12","10:00","0.39","211","1.36","61.3","1011","-","-"
"2023/10/12","11:00","0.97","187","2.72","61.2","1011.3","-","-"
"2023/10/12","12:00","1.75","238","2.72","61.3","1011.4","-","-"
"2023/10/12","13:00","1.56","241","2.72","62.6","1012.3","-","-"
"2023/10/12","14:00","1.94","331","2.33","64.4","1011.7","-","-"
"2023/10/12","15:00","2.33","87","3.11","65.3","1011.6","-","-"
"2023/10/12","16:00","4.86","49","6.03","66.4","1011.5","-","-"
"2023/10/12","17:00","4.47","79","6.03","66.7","1010.8","-","-"
"2023/10/12","18:00","8.55","58","9.72","67.3","1009.7","-","-"
"2023/10/12","19:00","8.75","70","9.52","67.6","1009.4","-","-"
"2023/10/12","20:00","8.55","97","11.08","68.9","1009","-","-"
"2023/10/12","21:00","4.67","108","8.36","69.6","1009","-","-"
"2023/10/12","22:00","6.03","115","7.58","68.5","1009.2","-","-"
"2023/10/12","23:00","3.69","144","4.86","66","1009.5","-","-"
"2023/10/13","00:00","2.14","149","3.11","64.8","1010.4","-","-"
"2023/10/13","01:00","2.33","159","2.92","63.9","1010.3","-","-"
"2023/10/13","02:00","1.94","190","2.33","63","1010.5","-","-"
"2023/10/13","03:00","1.56","222","2.33","61.5","1010.8","-","-"
"2023/10/13","04:00","1.75","237","2.33","60.8","1010.7","-","-"
"2023/10/13","05:00","1.94","283","2.53","61.3","1010.9","-","-"
"2023/10/13","06:00","0.78","226","1.56","59.5","1011","-","-"
"2023/10/13","07:00","4.67","278","5.44","60.8","1011.1","-","-"
"2023/10/13","08:00","3.5","280","4.08","60.8","1011.1","-","-"
"2023/10/13","09:00","2.14","238","2.53","59.9","1011.3","-","-"
"2023/10/13","10:00","1.94","262","2.72","59.7","1011.6","-","-"
"2023/10/13","11:00","1.56","228","2.14","59.7","1012.2","-","-"
"2023/10/13","12:00","0.39","220","1.17","61.2","1013.1","-","-"
"2023/10/13","13:00","6.03","8","7","62.2","1013.8","-","-"
"2023/10/13","14:00","2.53","333","3.5","63.7","1013.9","-","-"
"2023/10/13","15:00","1.56","270","2.14","66.7","1013.9","-","-"
"2023/10/13","16:00","3.11","82","4.67","68.9","1013.9","-","-"
"2023/10/13","17:00","6.41","49","7.78","68.7","1013.8","-","-"
"2023/10/13","18:00","7.97","84","8.75","68.4","1013.1","-","-"
"2023/10/13","19:00","8.75","90","10.89","68.7","1013","-","-"
"2023/10/13","20:00","10.69","74","12.44","68.4","1012.3","-","-"
"2023/10/13","21:00","8.36","66","10.5","68.9","1012.2","-","-"
"2023/10/13","22:00","9.14","69","11.47","67.5","1012.6","-","-"
"2023/10/13","23:00","7.97","57","9.14","66.6","1012.9","-","-"
"2023/10/14","00:00","7.97","52","9.72","66.2","1013.2","-","-"
"2023/10/14","01:00","9.33","84","11.27","66","1013.2","-","-"
"2023/10/14","02:00","4.08","140","6.8","64.9","1013.1","-","-"
"2023/10/14","03:00","1.75","188","3.3","62.6","1013.2","-","-"
"2023/10/14","04:00","2.14","148","2.72","63.1","1013","-","-"
"2023/10/14","05:00","2.33","152","2.92","63.3","1012.4","-","-"
"2023/10/14","06:00","3.11","146","4.47","63.5","1011.7","-","-"
"2023/10/14","07:00","4.47","123","6.41","63.1","1010.7","-","-"
"2023/10/14","08:00","4.08","140","5.05","63.3","1009.7","-","-"
"2023/10/14","09:00","4.08","153","5.25","62.8","1009.2","-","-"
"2023/10/14","10:00","5.25","110","7","63.3","1008.4","-","-"
"2023/10/14","11:00","3.3","177","4.08","62.6","1008.4","-","-"
"2023/10/14","12:00","2.53","113","3.3","63.1","1008.1","-","-"
"2023/10/14","13:00","3.89","145","4.67","64.6","1007.8","-","-"
"2023/10/14","14:00","2.92","163","3.69","65.5","1007.1","-","-"
"2023/10/14","15:00","1.17","117","3.3","66","1006","-","-"
"2023/10/14","16:00","5.05","135","6.03","64.6","1005","-","-"
"2023/10/14","17:00","2.53","264","4.08","64.9","1003.6","-","-"
"2023/10/14","18:00","3.3","223","4.67","64.2","1002.3","-","-"
"2023/10/14","19:00","3.5","196","4.47","65.1","1001","-","-"
"2023/10/14","20:00","1.94","170","4.28","64.4","999.3","-","-"
"2023/10/14","21:00","0.19","79","1.36","64.4","998.4","-","-"
"2023/10/14","22:00","7.39","63","8.94","65.3","996.9","-","-"
"2023/10/14","23:00","3.11","113","5.05","65.1","996.3","-","-"
"2023/10/15","00:00","3.3","1","4.86","65.3","995.7","-","-"
"2023/10/15","01:00","9.52","319","11.66","63.9","995.5","-","-"
"2023/10/15","02:00","14.19","292","17.11","63.9","995.6","-","-"
"2023/10/15","03:00","10.5","282","17.11","63.5","995.1","-","-"
"2023/10/15","04:00","17.88","284","22.16","62.8","995.1","-","-"
"2023/10/15","05:00","18.08","305","22.55","63.3","995.3","-","-"
"2023/10/15","06:00","18.47","303","21.38","62.4","995.9","-","-"
"2023/10/15","07:00","15.36","333","20.41","61.2","996.4","-","-"
"2023/10/15","08:00","19.83","330","24.3","59","996.9","-","-"
"2023/10/15","09:00","17.11","334","19.63","57.4","997.8","-","-"
"2023/10/15","10:00","16.72","335","22.35","55.8","998.9","-","-"
"2023/10/15","11:00","17.3","331","19.83","54.1","999.9","-","-"
"2023/10/15","12:00","15.36","331","18.47","53.6","1000.9","-","-"
"2023/10/15","13:00","17.11","334","20.02","52.3","1002.1","-","-"
"2023/10/15","14:00","15.55","324","18.47","54.1","1002.3","-","-"
"2023/10/15","15:00","16.52","329","20.6","55.9","1002.5","-","-"
"2023/10/15","16:00","12.83","313","16.33","57.2","1002.6","-","-"
"2023/10/15","17:00","17.11","325","20.22","58.8","1002.4","-","-"
"2023/10/15","18:00","9.72","337","15.94","60.3","1002.1","-","-"
"2023/10/15","19:00","9.91","330","15.55","60.6","1002.1","-","-"
"2023/10/15","20:00","8.55","336","11.27","60.8","1001.9","-","-"
"2023/10/15","21:00","11.86","339","16.52","60.8","1002.2","-","-"
"2023/10/15","22:00","11.66","349","12.83","60.3","1003","-","-"
"2023/10/15","23:00","8.55","334","12.63","59","1003.6","-","-"
"2023/10/16","00:00","9.52","343","11.66","57.7","1004.1","-","-"
"2023/10/16","01:00","9.91","325","11.47","58.6","1004.7","-","-"
"2023/10/16","02:00","6.22","271","12.05","58.1","1005.2","-","-"
"2023/10/16","03:00","9.72","326","13.22","57.9","1004.8","-","-"
"2023/10/16","04:00","12.83","322","16.72","57","1004.6","-","-"
"2023/10/16","05:00","14.38","319","18.27","57","1004.8","-","-"
"2023/10/16","06:00","12.44","320","15.16","56.3","1005","-","-"
"2023/10/16","07:00","9.33","312","15.75","55.9","1004.8","-","-"
"2023/10/16","08:00","7.78","281","9.72","51.8","1004.3","-","-"
"2023/10/16","09:00","13.8","319","16.52","54.5","1004.3","-","-"
"2023/10/16","10:00","12.05","322","14.38","52.9","1004.6","-","-"
"2023/10/16","11:00","12.05","334","14","53.4","1004.8","-","-"
"2023/10/16","12:00","11.08","326","13.8","54.1","1005.4","-","-"
"2023/10/16","13:00","10.69","301","12.44","54","1005.9","-","-"
"2023/10/16","14:00","13.22","325","16.52","55.8","1006.4","-","-"
"2023/10/16","15:00","15.55","317","19.24","56.5","1006.3","-","-"
"2023/10/16","16:00","17.11","312","23.13","57.6","1006.1","-","-"
"2023/10/16","17:00","13.8","307","17.3","58.8","1005.7","-","-"
"2023/10/16","18:00","12.63","312","17.49","59.9","1005.3","-","-"
"2023/10/16","19:00","16.52","299","18.66","59.9","1004.9","-","-"
"2023/10/16","20:00","14.77","324","16.72","60.6","1004.8","-","-"
"2023/10/16","21:00","13.41","325","16.13","60.8","1005","-","-"
"2023/10/16","22:00","13.22","321","17.3","60.6","1005.7","-","-"
"2023/10/16","23:00","9.52","284","11.86","59.7","1006.4","-","-"
"2023/10/17","00:00","7.58","287","9.52","59","1007","-","-"
"2023/10/17","01:00","7.97","283","10.11","58.8","1007.5","-","-"
"2023/10/17","02:00","8.55","284","10.11","59","1007.9","-","-"
"2023/10/17","03:00","10.69","316","15.16","59.9","1008.1","-","-"
"2023/10/17","04:00","14.97","321","18.86","58.8","1008.4","-","-"
"2023/10/17","05:00","14.97","321","18.27","57.9","1008.5","-","-"
"2023/10/17","06:00","14.58","325","16.52","56.8","1008.9","-","-"
"2023/10/17","07:00","13.22","326","15.16","56.5","1009.1","-","-"
"2023/10/17","08:00","14.77","316","17.3","55.6","1009","-","-"
"2023/10/17","09:00","12.05","320","15.75","55.2","1009.4","-","-"
"2023/10/17","10:00","11.86","319","14.58","54.1","1010.1","-","-"
"2023/10/17","11:00","11.08","319","15.16","53.6","1010.9","-","-"
"2023/10/17","12:00","11.47","319","13.41","53.6","1011.9","-","-"
"2023/10/17","13:00","10.89","322","13.41","54.9","1012.8","-","-"
"2023/10/17","14:00","9.14","311","11.86","56.5","1013.2","-","-"
"2023/10/17","15:00","10.3","304","12.83","58.5","1013.3","-","-"
"2023/10/17","16:00","10.11","291","11.66","59.5","1013.5","-","-"
"2023/10/17","17:00","11.08","302","14.77","60.8","1013.4","-","-"
"2023/10/17","18:00","14.38","314","16.13","61.5","1013.2","-","-"
"2023/10/17","19:00","11.47","331","15.55","62.2","1013.5","-","-"
"2023/10/17","20:00","12.25","320","15.16","61.2","1014.3","-","-"
"2023/10/17","21:00","9.91","346","13.02","60.8","1014.7","-","-"
"2023/10/17","22:00","7.78","341","10.3","60.6","1014.8","-","-"
"2023/10/17","23:00","8.16","321","10.11","59.5","1015.4","-","-"
"2023/10/18","00:00","7.78","340","11.08","58.3","1016","-","-"
"2023/10/18","01:00","5.44","257","6.03","56.8","1016.5","-","-"
"2023/10/18","02:00","5.83","268","6.8","55.6","1017.1","-","-"
"2023/10/18","03:00","4.86","270","6.61","55","1017.6","-","-"
"2023/10/18","04:00","8.36","328","10.69","57.4","1017.9","-","-"
"2023/10/18","05:00","6.41","303","7.78","56.1","1018","-","-"
"2023/10/18","06:00","7.39","323","10.11","56.1","1018.3","-","-"
"2023/10/18","07:00","4.86","319","7.58","55.4","1018.3","-","-"
"2023/10/18","08:00","9.52","311","11.66","56.1","1018.4","-","-"
"2023/10/18","09:00","8.94","312","11.47","55.2","1018.6","-","-"
"2023/10/18","10:00","8.16","310","12.05","55.4","1019.2","-","-"
"2023/10/18","11:00","8.55","330","9.72","53.6","1019.7","-","-"
"2023/10/18","12:00","7.19","351","9.72","54.3","1020.3","-","-"
"2023/10/18","13:00","8.16","8","9.72","57","1020.7","-","-"
"2023/10/18","14:00","6.8","20","8.16","59.4","1021.2","-","-"
"2023/10/18","15:00","0.58","28","2.14","61.9","1021.2","-","-"
"2023/10/18","16:00","2.14","79","4.47","61.7","1021","-","-"
"2023/10/18","17:00","6.03","83","7.39","61.2","1020.4","-","-"
"2023/10/18","18:00","6.03","86","7.97","61.7","1019.6","-","-"
"2023/10/18","19:00","6.41","85","7.58","62.4","1019.4","-","-"
"2023/10/18","20:00","6.61","78","7.97","62.1","1019.4","-","-"
"2023/10/18","21:00","6.61","93","9.14","62.2","1019.3","-","-"
"2023/10/18","22:00","5.83","94","7.97","61.7","1019.3","-","-"
"2023/10/18","23:00","2.53","121","4.47","61.5","1019.3","-","-"
"2023/10/19","00:00","2.72","139","3.89","60.3","1019.5","-","-"
"2023/10/19","01:00","1.56","150","2.72","57.7","1019.8","-","-"
"2023/10/19","02:00","2.14","166","3.89","58.3","1020.3","-","-"
"2023/10/19","03:00","2.92","180","5.25","57.7","1020.5","-","-"
"2023/10/19","04:00","4.28","161","5.83","57.9","1020.6","-","-"
"2023/10/19","05:00","4.08","152","4.86","57.7","1020.3","-","-"
"2023/10/19","06:00","5.25","170","6.41","56.8","1020.3","-","-"
"2023/10/19","07:00","3.69","184","5.25","55.8","1020.2","-","-"
"2023/10/19","08:00","3.3","169","4.67","55.4","1020","-","-"
"2023/10/19","09:00","4.67","192","6.61","55.6","1020.1","-","-"
"2023/10/19","10:00","3.3","178","5.44","55.9","1020.1","-","-"
"2023/10/19","11:00","3.11","184","4.47","55","1020","-","-"
"2023/10/19","12:00","5.25","191","8.75","56.8","1020.2","-","-"
"2023/10/19","13:00","8.75","204","11.66","58.8","1020.4","-","-"
"2023/10/19","14:00","10.69","197","13.41","61.9","1020.4","-","-"
"2023/10/19","15:00","8.94","181","12.44","63.5","1020.1","-","-"
"2023/10/19","16:00","10.11","202","13.61","65.1","1019.5","-","-"
"2023/10/19","17:00","4.47","198","8.75","66.9","1018.4","-","-"
"2023/10/19","18:00","7","192","11.27","68","1017.3","-","-"
"2023/10/19","19:00","11.08","171","13.61","68.9","1016.6","-","-"
"2023/10/19","20:00","9.33","178","12.44","68.9","1016.2","-","-"
"2023/10/19","21:00","7.39","175","9.33","68","1015.8","-","-"
"2023/10/19","22:00","7.58","168","11.08","67.1","1015.4","-","-"
"2023/10/19","23:00","7.97","166","9.52","65.8","1015.1","-","-"
"2023/10/20","00:00","5.25","151","6.8","64.8","1015","-","-"
"2023/10/20","01:00","7.19","154","9.52","63.9","1014.9","-","-"
"2023/10/20","02:00","3.89","171","5.83","62.6","1014.5","-","-"
"2023/10/20","03:00","2.33","142","3.3","62.4","1013.8","-","-"
"2023/10/20","04:00","1.75","193","2.72","61.9","1012.9","-","-"
"2023/10/20","05:00","3.89","242","5.25","61.2","1012.3","-","-"
"2023/10/20","06:00","3.89","186","5.05","61.2","1011.4","-","-"
"2023/10/20","07:00","3.11","212","3.69","59.9","1010.3","-","-"
"2023/10/20","08:00","2.92","214","3.89","59.9","1009.5","-","-"
"2023/10/20","09:00","6.22","197","7.58","59.4","1009","-","-"
"2023/10/20","10:00","8.36","195","13.61","59.7","1009","-","-"
"2023/10/20","11:00","7.39","218","10.3","58.6","1008.5","-","-"
"2023/10/20","12:00","6.22","198","8.75","59.2","1007.8","-","-"
"2023/10/20","13:00","6.22","215","9.14","60.6","1007.1","-","-"
"2023/10/20","14:00","4.28","170","6.61","63.5","1006.6","-","-"
"2023/10/20","15:00","4.86","201","7.97","65.1","1006","-","-"
"2023/10/20","16:00","7.39","216","10.89","66.9","1004.6","-","-"
"2023/10/20","17:00","10.5","178","12.83","68.4","1002.9","-","-"
"2023/10/20","18:00","7","180","11.08","70.3","1001.5","-","-"
"2023/10/20","19:00","8.75","178","13.8","71.6","999.9","-","-"
"2023/10/20","20:00","8.55","198","12.63","72.1","998.6","-","-"
"2023/10/20","21:00","6.8","190","11.86","71.2","998","-","-"
"2023/10/20","22:00","3.89","183","5.64","69.1","997.8","-","-"
"2023/10/20","23:00","13.22","294","19.05","62.8","998.7","-","-"
"2023/10/21","00:00","5.44","259","9.14","60.8","998.3","-","-"
"2023/10/21","01:00","6.03","248","7.39","59.4","997.6","-","-"
"2023/10/21","02:00","4.86","207","6.03","59","997.4","-","-"
"2023/10/21","03:00","6.8","203","8.55","59","997","-","-"
"2023/10/21","04:00","6.03","220","7","58.6","996","-","-"
"2023/10/21","05:00","9.52","269","11.86","59","994.9","-","-"
"2023/10/21","06:00","10.3","285","13.22","58.6","994.9","-","-"
"2023/10/21","07:00","11.86","282","14.77","58.1","994.7","-","-"
"2023/10/21","08:00","12.44","282","14.38","57.4","995.2","-","-"
"2023/10/21","09:00","9.14","282","12.63","56.8","995.7","-","-"
"2023/10/21","10:00","10.11","282","12.63","56.5","996.3","-","-"
"2023/10/21","11:00","14.19","258","18.66","57","996.6","-","-"
"2023/10/21","12:00","14.58","246","19.44","56.7","996.9","-","-"
"2023/10/21","13:00","14.19","249","21.38","58.6","997.6","-","-"
"2023/10/21","14:00","17.11","247","20.41","59.5","998.1","-","-"
"2023/10/21","15:00","13.41","257","18.47","61.5","998.4","-","-"
"2023/10/21","16:00","17.3","279","23.91","64.8","998.3","-","-"
"2023/10/21","17:00","22.16","261","25.85","65.1","998.1","-","-"
"2023/10/21","18:00","15.16","280","24.49","66.2","998.3","-","-"
"2023/10/21","19:00","17.88","269","26.05","67.1","998.5","-","-"
"2023/10/21","20:00","10.3","235","15.55","66.7","999.3","-","-"
"2023/10/21","21:00","16.13","246","20.8","67.1","999.6","-","-"
"2023/10/21","22:00","12.83","270","15.75","66","1000.4","-","-"
"2023/10/21","23:00","6.03","233","9.72","63","1001.5","-","-"
"2023/10/22","00:00","7.97","226","10.3","61.5","1002.3","-","-"
"2023/10/22","01:00","10.11","232","14.38","60.6","1002.8","-","-"
"2023/10/22","02:00","9.91","218","13.02","59.9","1003.3","-","-"
"2023/10/22","03:00","10.3","222","12.83","60.4","1003.5","-","-"
"2023/10/22","04:00","10.69","225","13.02","60.4","1003.4","-","-"
"2023/10/22","05:00","9.91","235","13.41","60.8","1003.4","-","-"
"2023/10/22","06:00","9.72","246","11.86","60.8","1003.2","-","-"
"2023/10/22","07:00","4.47","241","6.41","59.4","1003.1","-","-"
"2023/10/22","08:00","5.44","221","7.19","57","1002.9","-","-"
"2023/10/22","09:00","7.58","203","10.11","55.9","1003","-","-"
"2023/10/22","10:00","4.67","193","7.58","55","1003.2","-","-"
"2023/10/22","11:00","6.22","225","8.55","54.1","1003.5","-","-"
"2023/10/22","12:00","5.83","270","7.78","54.9","1004.2","-","-"
"2023/10/22","13:00","10.89","292","14.58","57.9","1005","-","-"
"2023/10/22","14:00","15.55","301","18.66","60.1","1005.6","-","-"
"2023/10/22","15:00","18.86","314","21.77","59","1006.5","-","-"
"2023/10/22","16:00","13.22","355","15.36","62.4","1007","-","-"
"2023/10/22","17:00","15.16","306","17.49","62.8","1007","-","-"
"2023/10/22","18:00","14.97","316","16.91","64.4","1006.7","-","-"
"2023/10/22","19:00","11.86","300","15.36","66.2","1006.7","-","-"
"2023/10/22","20:00","14.58","322","16.72","66.9","1007.2","-","-"
"2023/10/22","21:00","15.16","313","18.08","67.1","1007.8","-","-"
"2023/10/22","22:00","15.16","322","17.88","66.6","1009","-","-"
"2023/10/22","23:00","12.05","325","15.94","64.6","1010.2","-","-"
"2023/10/23","00:00","9.72","329","11.66","62.4","1011.6","-","-"
"2023/10/23","01:00","12.63","330","16.72","60.3","1012.7","-","-"
"2023/10/23","02:00","10.5","338","12.05","57.2","1014","-","-"
"2023/10/23","03:00","8.94","320","11.66","55.6","1014.9","-","-"
"2023/10/23","04:00","12.05","332","13.8","54","1015.3","-","-"
"2023/10/23","05:00","13.61","335","16.13","54.7","1016","-","-"
"2023/10/23","06:00","12.83","324","16.13","54.5","1016.6","-","-"
"2023/10/23","07:00","13.61","323","17.88","54.1","1017.2","-","-"
"2023/10/23","08:00","14.58","326","17.69","52.9","1017.5","-","-"
"2023/10/23","09:00","13.02","325","15.75","51.4","1018.2","-","-"
"2023/10/23","10:00","13.8","325","17.49","51.4","1018.9","-","-"
"2023/10/23","11:00","13.41","332","15.75","49.6","1019.7","-","-"
"2023/10/23","12:00","12.05","340","14.38","49.1","1020.7","-","-"
"2023/10/23","13:00","10.89","354","14.97","49.6","1021.3","-","-"
"2023/10/23","14:00","12.44","343","15.16","51.3","1021.9","-","-"
"2023/10/23","15:00","9.14","7","11.47","53.4","1022.2","-","-"
"2023/10/23","16:00","6.41","293","7.97","54.5","1022.1","-","-"
"2023/10/23","17:00","5.44","290","7.58","55.6","1022","-","-"
"2023/10/23","18:00","7.39","297","9.72","57","1021.5","-","-"
"2023/10/23","19:00","8.94","308","10.3","58.8","1021.3","-","-"
"2023/10/23","20:00","7.58","312","9.72","60.4","1021.2","-","-"
"2023/10/23","21:00","7.97","306","9.91","61.3","1021.6","-","-"
"2023/10/23","22:00","7","335","8.94","61.5","1022.1","-","-"
"2023/10/23","23:00","2.33","156","4.28","58.1","1022.8","-","-"
"2023/10/24","00:00","1.36","175","2.14","54.9","1023.3","-","-"
"2023/10/24","01:00","2.33","180","3.3","52.5","1023.5","-","-"
"2023/10/24","02:00","1.36","190","2.92","51.8","1024","-","-"
"2023/10/24","03:00","1.75","194","2.53","51.4","1024.3","-","-"
"2023/10/24","04:00","1.36","251","2.14","51.4","1024.5","-","-"
"2023/10/24","05:00","1.36","206","2.14","50.9","1024.6","-","-"
"2023/10/24","06:00","1.36","228","1.94","50","1024.7","-","-"
"2023/10/24","07:00","0.78","205","1.17","50.5","1024.8","-","-"
"2023/10/24","08:00","1.17","194","1.56","50.9","1024.9","-","-"
"2023/10/24","09:00","0.97","255","1.75","50","1025.3","-","-"
"2023/10/24","10:00","0.19","211","2.14","50.5","1026.1","-","-"
"2023/10/24","11:00","4.86","268","6.03","50.4","1027","-","-"
"2023/10/24","12:00","4.47","276","6.41","50.7","1027.4","-","-"
"2023/10/24","13:00","3.89","283","4.47","52.3","1028.1","-","-"
"2023/10/24","14:00","5.25","311","6.41","54.5","1028.5","-","-"
"2023/10/24","15:00","5.44","325","6.03","56.5","1028.5","-","-"
"2023/10/24","16:00","2.72","24","3.5","60.3","1028.3","-","-"
"2023/10/24","17:00","4.28","76","5.05","61","1027.7","-","-"
"2023/10/24","18:00","3.89","93","5.25","62.6","1027","-","-"
"2023/10/24","19:00","6.03","82","6.22","63.5","1026.8","-","-"
"2023/10/24","20:00","8.16","75","9.52","62.8","1026.2","-","-"
"2023/10/24","21:00","7","82","7.97","63.5","1026","-","-"
"2023/10/24","22:00","3.89","114","5.83","63.3","1026.1","-","-"
"2023/10/24","23:00","3.5","151","4.47","60.6","1026.3","-","-"
"2023/10/25","00:00","4.86","171","6.03","59.7","1026.9","-","-"
"2023/10/25","01:00","5.05","161","6.61","59.5","1026.6","-","-"
"2023/10/25","02:00","5.25","164","6.61","58.5","1026.8","-","-"
"2023/10/25","03:00","2.92","170","4.08","58.1","1026.7","-","-"
"2023/10/25","04:00","2.72","194","3.3","57.6","1026.7","-","-"
"2023/10/25","05:00","3.69","176","5.25","57.6","1026.5","-","-"
"2023/10/25","06:00","3.5","182","4.28","57.2","1026.6","-","-"
"2023/10/25","07:00","2.14","189","4.28","57.6","1026.3","-","-"
"2023/10/25","08:00","3.3","196","4.67","56.8","1026","-","-"
"2023/10/25","09:00","1.56","220","2.33","56.5","1026.1","-","-"
"2023/10/25","10:00","1.17","268","1.75","56.3","1026.4","-","-"
"2023/10/25","11:00","1.94","189","2.92","55.2","1026.9","-","-"
"2023/10/25","12:00","3.3","215","4.08","55.2","1027.4","-","-"
"2023/10/25","13:00","2.14","209","4.67","58.6","1027.9","-","-"
"2023/10/25","14:00","1.75","193","6.03","62.4","1027.9","-","-"
"2023/10/25","15:00","6.03","252","8.36","66.4","1027.7","-","-"
"2023/10/25","16:00","5.83","241","7.97","68.7","1027.4","-","-"
"2023/10/25","17:00","8.16","218","10.5","70","1026.5","-","-"
"2023/10/25","18:00","7.58","204","12.44","72","1025.5","-","-"
"2023/10/25","19:00","10.11","208","12.63","73","1024.7","-","-"
"2023/10/25","20:00","7","215","8.16","74.1","1024.7","-","-"
"2023/10/25","21:00","6.41","196","8.36","74.7","1024.7","-","-"
"2023/10/25","22:00","3.3","168","4.47","72.3","1024.8","-","-"
"2023/10/25","23:00","1.75","177","2.14","66","1025","-","-"
"2023/10/26","00:00","0.97","152","1.36","63.5","1025.4","-","-"
"2023/10/26","01:00","2.53","163","3.3","64","1025.3","-","-"
"2023/10/26","02:00","2.14","195","2.53","62.2","1025.4","-","-"
"2023/10/26","03:00","4.28","178","6.22","63.5","1025.2","-","-"
"2023/10/26","04:00","3.89","174","5.64","63.5","1025","-","-"
"2023/10/26","05:00","5.25","189","7.19","62.6","1024.9","-","-"
"2023/10/26","06:00","5.25","203","6.61","62.4","1024.6","-","-"
"2023/10/26","07:00","3.69","215","5.64","62.1","1024.4","-","-"
"2023/10/26","08:00","2.92","204","5.25","61.3","1024.1","-","-"
"2023/10/26","09:00","3.5","218","4.86","60.8","1024.1","-","-"
"2023/10/26","10:00","4.67","214","6.22","60.8","1024.4","-","-"
"2023/10/26","11:00","6.22","221","9.33","61.2","1024.4","-","-"
"2023/10/26","12:00","6.41","217","8.75","61.3","1024.8","-","-"
"2023/10/26","13:00","4.47","235","6.22","64","1025.6","-","-"
"2023/10/26","14:00","8.16","249","10.69","67.6","1025.2","-","-"
"2023/10/26","15:00","7","249","10.89","70.5","1025","-","-"
"2023/10/26","16:00","10.69","266","13.8","72.1","1024.4","-","-"
"2023/10/26","17:00","7.78","274","11.27","73.9","1023.5","-","-"
"2023/10/26","18:00","5.05","248","6.41","76.5","1022.7","-","-"
"2023/10/26","19:00","4.86","250","6.61","77.9","1022.2","-","-"
"2023/10/26","20:00","3.3","36","4.86","70.3","1022.2","-","-"
"2023/10/26","21:00","0.78","141","1.75","72.1","1022.2","-","-"
"2023/10/26","22:00","2.72","196","3.3","73","1022.2","-","-"
"2023/10/26","23:00","4.86","197","6.03","71.6","1022.5","-","-"
"2023/10/27","00:00","5.44","196","7.19","70.9","1022.4","-","-"
"2023/10/27","01:00","5.44","205","6.41","68.9","1022.5","-","-"
"2023/10/27","02:00","5.44","200","7","68.5","1022.7","-","-"
"2023/10/27","03:00","6.03","189","9.91","67.6","1022.7","-","-"
"2023/10/27","04:00","6.22","200","8.55","65.8","1022.3","-","-"
"2023/10/27","05:00","5.44","215","8.16","65.1","1022.2","-","-"
"2023/10/27","06:00","7.39","218","9.91","64.4","1021.9","-","-"
"2023/10/27","07:00","4.08","217","5.83","63.1","1021.7","-","-"
"2023/10/27","08:00","0.78","201","1.36","61.5","1021.7","-","-"
"2023/10/27","09:00","6.03","216","8.36","62.6","1021.4","-","-"
"2023/10/27","10:00","5.44","243","7.19","63.1","1021.9","-","-"
"2023/10/27","11:00","9.14","230","11.08","63.1","1022","-","-"
"2023/10/27","12:00","10.11","233","12.83","63.1","1022.2","-","-"
"2023/10/27","13:00","7.58","226","10.11","65.1","1022.6","-","-"
"2023/10/27","14:00","7.78","229","10.69","68.7","1022.3","-","-"
"2023/10/27","15:00","8.36","254","11.47","71.4","1021.9","-","-"
"2023/10/27","16:00","12.05","258","14.77","74.5","1021.3","-","-"
"2023/10/27","17:00","10.11","230","15.16","76.3","1020.3","-","-"
"2023/10/27","18:00","8.36","246","13.41","77.7","1019.3","-","-"
"2023/10/27","19:00","6.41","233","11.08","78.8","1018.8","-","-"
"2023/10/27","20:00","10.11","226","13.41","79","1018.4","-","-"
"2023/10/27","21:00","9.52","226","12.83","78.6","1018.4","-","-"
"2023/10/27","22:00","3.69","222","5.64","76.8","1018.3","-","-"
"2023/10/27","23:00","5.83","203","7.78","73.9","1018.4","-","-"
"2023/10/28","00:00","4.28","213","6.8","73.6","1018.5","-","-"
"2023/10/28","01:00","6.03","211","8.55","72.7","1018.6","-","-"
"2023/10/28","02:00","8.55","210","9.52","72","1018.7","-","-"
"2023/10/28","03:00","7.97","215","10.3","71.1","1018.7","-","-"
"2023/10/28","04:00","9.14","218","12.25","70.3","1018.4","-","-"
"2023/10/28","05:00","10.3","222","12.44","70.2","1018","-","-"
"2023/10/28","06:00","8.55","215","10.3","68.4","1017.8","-","-"
"2023/10/28","07:00","8.16","215","9.91","67.3","1017.4","-","-"
"2023/10/28","08:00","9.72","220","11.08","66.7","1017.1","-","-"
"2023/10/28","09:00","5.05","227","7.97","66.4","1017.1","-","-"
"2023/10/28","10:00","3.5","230","4.47","65.7","1017.3","-","-"
"2023/10/28","11:00","5.25","241","6.8","64.9","1017.6","-","-"
"2023/10/28","12:00","5.05","264","6.61","64.9","1018.2","-","-"
"2023/10/28","13:00","7.19","257","8.94","67.1","1018.6","-","-"
"2023/10/28","14:00","5.25","306","6.61","68","1018.9","-","-"
"2023/10/28","15:00","6.61","311","6.8","69.4","1019","-","-"
"2023/10/28","16:00","5.64","310","6.22","70.3","1018.6","-","-"
"2023/10/28","17:00","1.94","279","2.92","75.2","1017.9","-","-"
"2023/10/28","18:00","1.94","72","2.14","77","1017.2","-","-"
"2023/10/28","19:00","6.61","75","7","72.5","1016.6","-","-"
"2023/10/28","20:00","8.16","86","8.94","73.9","1016.6","-","-"
"2023/10/28","21:00","5.44","106","6.8","76.6","1016.4","-","-"
"2023/10/28","22:00","2.72","138","3.11","74.8","1016.8","-","-"
"2023/10/28","23:00","1.36","275","1.56","70.3","1017.4","-","-"
"2023/10/29","00:00","0","194","0.97","69.4","1017.5","-","-"
"2023/10/29","01:00","3.3","175","3.89","69.4","1017.3","-","-"
"2023/10/29","02:00","6.61","174","8.36","71.4","1017.1","-","-"
"2023/10/29","03:00","7.78","184","10.11","71.6","1017.1","-","-"
"2023/10/29","04:00","6.22","189","8.75","70","1017","-","-"
"2023/10/29","05:00","7.97","206","9.33","69.3","1016.7","-","-"
"2023/10/29","06:00","7.39","202","8.36","69.1","1016.6","-","-"
"2023/10/29","07:00","8.36","206","9.91","68","1016.3","-","-"
"2023/10/29","08:00","7.78","208","9.33","68.4","1016","-","-"
"2023/10/29","09:00","1.94","165","3.3","67.8","1016","-","-"
"2023/10/29","10:00","0.19","201","1.75","67.1","1016","-","-"
"2023/10/29","11:00","0.19","284","1.94","66.4","1015.8","-","-"
"2023/10/29","12:00","1.36","210","3.3","67.3","1015.9","-","-"
"2023/10/29","13:00","0.97","280","2.33","70.5","1016.7","-","-"
"2023/10/29","14:00","3.69","210","5.83","72.5","1016.2","-","-"
"2023/10/29","15:00","4.28","210","5.83","74.7","1015.8","-","-"
"2023/10/29","16:00","6.61","200","7.97","77.9","1015.2","-","-"
"2023/10/29","17:00","6.22","215","10.11","79.5","1014.1","-","-"
"2023/10/29","18:00","8.16","202","15.75","80.2","1013.2","-","-"
"2023/10/29","19:00","8.16","230","14.58","80.6","1012.3","-","-"
"2023/10/29","20:00","7.58","236","12.05","81.3","1011.9","-","-"
"2023/10/29","21:00","7.19","215","10.69","80.4","1012.2","-","-"
"2023/10/29","22:00","4.47","193","6.22","78.4","1012.4","-","-"
"2023/10/29","23:00","4.08","187","5.83","75.2","1013","-","-"
"2023/10/30","00:00","5.25","198","6.61","73.6","1013.2","-","-"
"2023/10/30","01:00","6.03","199","7.39","72.7","1013.2","-","-"
"2023/10/30","02:00","7.78","202","9.33","72","1012.8","-","-"
"2023/10/30","03:00","5.44","196","8.36","70.9","1012.6","-","-"
"2023/10/30","04:00","6.22","207","8.16","69.4","1012.3","-","-"
"2023/10/30","05:00","7.58","203","8.75","68.7","1012","-","-"
"2023/10/30","06:00","6.8","211","9.52","68","1011.7","-","-"
"2023/10/30","07:00","8.36","209","11.47","67.3","1011","-","-"
"2023/10/30","08:00","9.52","207","11.47","66.6","1010.3","-","-"
"2023/10/30","09:00","8.94","206","12.25","65.7","1009.9","-","-"
"2023/10/30","10:00","9.52","207","12.05","65.8","1009.7","-","-"
"2023/10/30","11:00","9.91","206","13.41","66","1009.3","-","-"
"2023/10/30","12:00","9.72","223","12.63","66.4","1009.4","-","-"
"2023/10/30","13:00","10.89","216","14.19","67.1","1009.5","-","-"
"2023/10/30","14:00","13.02","213","16.52","69.3","1009.2","-","-"
"2023/10/30","15:00","9.72","231","15.94","71.6","1008.8","-","-"
"2023/10/30","16:00","10.89","223","15.16","74.5","1007.9","-","-"
"2023/10/30","17:00","12.25","248","16.33","77.9","1006.6","-","-"
"2023/10/30","18:00","15.36","240","19.05","79.5","1005.5","-","-"
"2023/10/30","19:00","12.25","240","19.24","81.3","1004.9","-","-"
"2023/10/30","20:00","14.19","238","20.8","82","1005","-","-"
"2023/10/30","21:00","7.39","244","9.91","81.1","1005.7","-","-"
"2023/10/30","22:00","6.8","223","8.75","79.5","1006.3","-","-"
"2023/10/30","23:00","5.25","211","7.19","77","1006.9","-","-"
"2023/10/31","00:00","14.97","11","20.99","73.2","1009","-","-"
"2023/10/31","01:00","18.27","349","20.8","67.8","1011","-","-"
"2023/10/31","02:00","13.22","355","18.08","64.4","1012.5","-","-"
"2023/10/31","03:00","12.05","345","18.47","59.9","1013.8","-","-"
"2023/10/31","04:00","14","359","18.86","57.2","1014.7","-","-"
"2023/10/31","05:00","9.33","355","14.77","56.1","1014.7","-","-"
"2023/10/31","06:00","13.22","351","16.33","56.3","1014.9","-","-"
"2023/10/31","07:00","15.16","6","17.11","56.1","1014.9","-","-"
"2023/10/31","08:00","14","348","18.86","55.4","1015.4","-","-"
"2023/10/31","09:00","14.19","6","18.27","54.1","1015.9","-","-"
"2023/10/31","10:00","12.83","1","16.91","53.4","1016.6","-","-"
"2023/10/31","11:00","11.66","5","15.16","52.2","1017.6","-","-"
"2023/10/31","12:00","9.52","0","13.22","50","1017.7","-","-"
"2023/10/31","13:00","11.08","1","15.36","49.3","1018.2","-","-"
"2023/10/31","14:00","9.91","15","12.25","50.4","1017.9","-","-"
"2023/10/31","15:00","11.08","21","16.33","51.1","1017.7","-","-"
"2023/10/31","16:00","14.19","25","17.11","50.9","1017.3","-","-"
"2023/10/31","17:00","11.08","22","14.38","50.4","1016.4","-","-"
"2023/10/31","18:00","9.72","10","13.61","50","1015.5","-","-"
"2023/10/31","19:00","11.66","4","13.22","50","1014.9","-","-"
"2023/10/31","20:00","10.5","342","12.83","49.5","1014.2","-","-"
"2023/10/31","21:00","9.91","343","12.05","49.6","1013.7","-","-"
"2023/10/31","22:00","10.3","340","13.61","49.6","1013.7","-","-"
"2023/10/31","23:00","10.11","338","12.63","49.8","1013.5","-","-"
"2023/11/01","00:00","11.08","332","13.22","50.4","1013.6","-","-"
"2023/11/01","01:00","10.89","330","13.22","50.7","1013.3","-","-"
"2023/11/01","02:00","10.5","338","13.22","50.5","1013.4","-","-"
"2023/11/01","03:00","7.97","337","8.94","50.7","1013.3","-","-"
"2023/11/01","04:00","11.86","326","14.19","51.3","1013","-","-"
"2023/11/01","05:00","14.19","325","16.13","51.1","1013","-","-"
"2023/11/01","06:00","15.75","331","17.69","51.3","1012.8","-","-"
"2023/11/01","07:00","12.63","324","15.36","49.8","1012.8","-","-"
"2023/11/01","08:00","11.27","321","12.83","48.7","1013.1","-","-"
"2023/11/01","09:00","11.47","328","14.19","47.5","1013.2","-","-"
"2023/11/01","10:00","12.25","324","14.38","47.3","1013.7","-","-"
"2023/11/01","11:00","14","320","15.75","47.1","1014.2","-","-"
"2023/11/01","12:00","19.44","333","24.1","45.9","1015.6","-","-"
"2023/11/01","13:00","17.69","327","27.8","45.5","1016.9","-","-"
"2023/11/01","14:00","19.24","337","24.88","45.9","1017.9","-","-"
"2023/11/01","15:00","22.94","331","27.6","46.4","1018.6","-","-"
"2023/11/01","16:00","19.24","322","23.33","46.6","1019.2","-","-"
"2023/11/01","17:00","17.49","319","22.16","47.5","1019","-","-"
"2023/11/01","18:00","18.08","308","26.05","47.7","1018.9","-","-"
"2023/11/01","19:00","16.91","317","20.8","49.3","1019.2","-","-"
"2023/11/01","20:00","14.58","336","16.72","50.4","1019.9","-","-"
"2023/11/01","21:00","17.49","344","21.19","50.2","1021.2","-","-"
"2023/11/01","22:00","15.94","338","19.63","48.7","1021.9","-","-"
"2023/11/01","23:00","12.83","335","15.94","47.8","1023.2","-","-"
"2023/11/02","00:00","13.61","331","16.13","46.9","1024.2","-","-"
"2023/11/02","01:00","12.05","338","14.38","45.7","1025.3","-","-"
"2023/11/02","02:00","11.47","330","13.22","45.3","1025.8","-","-"
"2023/11/02","03:00","14.97","331","19.44","45","1026.4","-","-"
"2023/11/02","04:00","16.72","335","20.99","44.1","1026.7","-","-"
"2023/11/02","05:00","16.91","329","19.63","43.5","1027.2","-","-"
"2023/11/02","06:00","14.58","331","18.08","43","1027.4","-","-"
"2023/11/02","07:00","14","341","17.49","42.1","1027.8","-","-"
"2023/11/02","08:00","12.44","333","15.55","40.8","1028.3","-","-"
"2023/11/02","09:00","12.25","323","14.97","41.2","1028.8","-","-"
"2023/11/02","10:00","10.69","334","13.41","39.9","1029.5","-","-"
"2023/11/02","11:00","12.05","324","14.19","39.4","1030.1","-","-"
"2023/11/02","12:00","9.91","333","13.02","39.4","1030.8","-","-"
"2023/11/02","13:00","12.83","5","14.58","42.6","1031.4","-","-"
"2023/11/02","14:00","10.11","9","12.83","45.5","1032","-","-"
"2023/11/02","15:00","8.75","8","12.25","47.3","1032.3","-","-"
"2023/11/02","16:00","6.22","24","7.78","48.2","1032.1","-","-"
"2023/11/02","17:00","2.33","46","6.22","49.3","1031.7","-","-"
"2023/11/02","18:00","5.05","96","9.14","49.3","1031.3","-","-"
"2023/11/02","19:00","9.14","84","11.08","49.3","1031.1","-","-"
"2023/11/02","20:00","7.19","59","8.94","50","1030.9","-","-"
"2023/11/02","21:00","5.64","104","8.75","50","1030.9","-","-"
"2023/11/02","22:00","5.25","133","7.58","49.3","1030.8","-","-"
"2023/11/02","23:00","3.5","160","4.28","47.7","1031","-","-"
"2023/11/03","00:00","4.47","165","5.44","47.1","1031.3","-","-"
"2023/11/03","01:00","2.92","189","3.89","45.3","1031.3","-","-"
"2023/11/03","02:00","3.11","180","4.08","45.5","1031.5","-","-"
"2023/11/03","03:00","3.11","187","3.69","44.6","1031.4","-","-"
"2023/11/03","04:00","3.69","196","4.08","43.7","1031.1","-","-"
"2023/11/03","05:00","3.69","203","4.08","43.2","1031","-","-"
"2023/11/03","06:00","6.41","208","6.8","43.5","1030.8","-","-"
"2023/11/03","07:00","5.83","215","6.61","43.7","1030.6","-","-"
"2023/11/03","08:00","5.25","215","5.64","43.3","1030.5","-","-"
"2023/11/03","09:00","1.94","193","3.5","43.7","1030.7","-","-"
"2023/11/03","10:00","2.14","238","3.3","42.4","1030.8","-","-"
"2023/11/03","11:00","2.33","231","3.11","42.6","1031.1","-","-"
"2023/11/03","12:00","1.75","244","2.33","42.6","1031.1","-","-"
"2023/11/03","13:00","2.33","263","2.92","47.5","1031.4","-","-"
"2023/11/03","14:00","4.28","312","5.44","49.8","1031.7","-","-"
"2023/11/03","15:00","0.97","84","1.94","52.9","1031.5","-","-"
"2023/11/03","16:00","4.28","72","5.83","52.9","1031.3","-","-"
"2023/11/03","17:00","7.58","53","10.11","52.9","1030.3","-","-"
"2023/11/03","18:00","8.36","62","10.3","54.1","1029","-","-"
"2023/11/03","19:00","9.52","66","10.89","55","1028","-","-"
"2023/11/03","20:00","8.75","79","10.3","55.6","1027.8","-","-"
"2023/11/03","21:00","5.64","88","7.58","56.5","1027.5","-","-"
"2023/11/03","22:00","4.86","110","7","55.4","1027.1","-","-"
"2023/11/03","23:00","4.67","144","6.22","54.1","1027.3","-","-"
"2023/11/04","00:00","2.53","147","3.5","53.6","1027.3","-","-"
"2023/11/04","01:00","2.72","167","3.5","51.8","1027.2","-","-"
"2023/11/04","02:00","3.11","159","3.69","51.8","1027","-","-"
"2023/11/04","03:00","2.33","191","2.72","51.1","1026.5","-","-"
"2023/11/04","04:00","1.56","206","2.14","50.5","1025.9","-","-"
"2023/11/04","05:00","0","190","1.17","49.6","1025.7","-","-"
"2023/11/04","06:00","1.75","266","2.14","49.8","1025.2","-","-"
"2023/11/04","07:00","1.56","219","1.94","49.1","1024.3","-","-"
"2023/11/04","08:00","2.53","277","3.3","50.7","1024","-","-"
"2023/11/04","09:00","4.28","293","5.44","50.4","1023.6","-","-"
"2023/11/04","10:00","1.75","245","2.53","48.2","1023.9","-","-"
"2023/11/04","11:00","2.33","261","3.3","47.3","1023.5","-","-"
"2023/11/04","12:00","0.58","191","1.75","46.6","1023.6","-","-"
"2023/11/04","13:00","1.75","298","2.33","49.3","1023.8","-","-"
"2023/11/04","14:00","5.83","306","6.41","51.6","1023.7","-","-"
"2023/11/04","15:00","9.14","309","10.3","53.6","1023.1","-","-"
"2023/11/04","16:00","6.41","297","7.39","56.8","1022.6","-","-"
"2023/11/04","17:00","5.64","61","6.61","59.2","1021.6","-","-"
"2023/11/04","18:00","9.14","70","9.72","59.9","1020.8","-","-"
"2023/11/04","19:00","6.8","70","7.78","60.3","1020.1","-","-"
"2023/11/04","20:00","6.03","67","6.8","61.7","1019.6","-","-"
"2023/11/04","21:00","7.78","77","8.36","61.2","1019.2","-","-"
"2023/11/04","22:00","5.25","116","6.61","59.5","1019.1","-","-"
"2023/11/04","23:00","2.14","153","3.3","59.5","1018.9","-","-"
"2023/11/05","00:00","1.56","147","2.33","57.9","1018.7","-","-"
"2023/11/05","01:00","2.14","164","3.11","56.5","1018.2","-","-"
"2023/11/05","02:00","0.58","240","1.36","56.7","1018.2","-","-"
"2023/11/05","03:00","1.56","259","2.33","54.3","1018","-","-"
"2023/11/05","04:00","1.17","255","2.14","52.5","1017.7","-","-"
"2023/11/05","05:00","0.78","184","1.56","51.6","1017.2","-","-"
"2023/11/05","06:00","0.78","216","1.56","51.8","1016.5","-","-"
"2023/11/05","07:00","1.17","241","1.75","52","1016.1","-","-"
"2023/11/05","08:00","2.33","277","3.11","52.5","1015.6","-","-"
"2023/11/05","09:00","3.11","268","3.69","51.4","1015.4","-","-"
"2023/11/05","10:00","4.47","274","5.25","51.6","1015.6","-","-"
"2023/11/05","11:00","3.11","251","3.5","50.7","1015.6","-","-"
"2023/11/05","12:00","1.75","293","2.33","51.6","1015.7","-","-"
"2023/11/05","13:00","7","300","8.36","54","1016","-","-"
"2023/11/05","14:00","7.97","311","8.94","54.7","1016.1","-","-"
"2023/11/05","15:00","6.03","302","7","56.3","1016.3","-","-"
"2023/11/05","16:00","6.03","296","7.19","58.1","1016","-","-"
"2023/11/05","17:00","0","311","1.17","63.3","1015.2","-","-"
"2023/11/05","18:00","0.97","90","2.14","67.1","1014.6","-","-"
"2023/11/05","19:00","4.86","98","5.64","65.5","1014","-","-"
"2023/11/05","20:00","5.05","79","5.64","64","1013.8","-","-"
"2023/11/05","21:00","4.86","75","6.03","64.2","1014.1","-","-"
"2023/11/05","22:00","3.89","100","4.86","63.3","1014.6","-","-"
"2023/11/05","23:00","2.33","143","3.11","60.8","1015.3","-","-"
"2023/11/06","00:00","2.14","166","2.72","58.8","1015.6","-","-"
"2023/11/06","01:00","0","256","0","56.5","1016.1","-","-"
"2023/11/06","02:00","1.36","211","1.75","54.7","1016.6","-","-"
"2023/11/06","03:00","2.14","258","2.33","53.4","1016.9","-","-"
"2023/11/06","04:00","2.53","277","3.11","54","1016.8","-","-"
"2023/11/06","05:00","3.3","277","4.28","54.9","1016.8","-","-"
"2023/11/06","06:00","3.89","284","4.47","54.7","1016.8","-","-"
"2023/11/06","07:00","4.47","316","7.58","55.2","1016.8","-","-"
"2023/11/06","08:00","4.86","330","5.64","55.4","1017","-","-"
"2023/11/06","09:00","3.5","1","4.67","54.5","1017.3","-","-"
"2023/11/06","10:00","3.5","337","4.86","53.2","1017.9","-","-"
"2023/11/06","11:00","4.67","331","6.22","52.5","1018.4","-","-"
"2023/11/06","12:00","1.56","342","2.72","52.9","1018.8","-","-"
"2023/11/06","13:00","0.97","347","1.75","55.2","1019","-","-"
"2023/11/06","14:00","2.53","346","3.11","55.9","1019","-","-"
"2023/11/06","15:00","0.97","167","1.94","61.2","1019.1","-","-"
"2023/11/06","16:00","6.41","73","7","59.9","1018.7","-","-"
"2023/11/06","17:00","8.16","66","9.33","59.2","1017.3","-","-"
"2023/11/06","18:00","8.36","59","9.33","59.7","1016.2","-","-"
"2023/11/06","19:00","7.97","59","8.55","60.3","1016.1","-","-"
"2023/11/06","20:00","8.75","75","9.72","61.2","1015.6","-","-"
"2023/11/06","21:00","7","101","7.97","62.6","1015.4","-","-"
"2023/11/06","22:00","7","141","9.72","61.7","1015.2","-","-"
"2023/11/06","23:00","7.19","143","8.55","60.1","1015.1","-","-"
"2023/11/07","00:00","2.72","158","3.89","59.4","1015.2","-","-"
"2023/11/07","01:00","4.28","179","5.83","59","1015.1","-","-"
"2023/11/07","02:00","6.61","186","9.52","59.7","1015.1","-","-"
"2023/11/07","03:00","7.78","182","10.5","59.4","1014.6","-","-"
"2023/11/07","04:00","7","188","10.11","59.5","1014.1","-","-"
"2023/11/07","05:00","7","196","9.52","59.5","1014.1","-","-"
"2023/11/07","06:00","7.58","197","10.89","59.2","1013.6","-","-"
"2023/11/07","07:00","8.75","210","11.08","58.8","1013.4","-","-"
"2023/11/07","08:00","9.33","203","13.41","59","1012.8","-","-"
"2023/11/07","09:00","8.55","210","11.08","59.5","1012.4","-","-"
"2023/11/07","10:00","10.11","213","13.8","59.9","1012.3","-","-"
"2023/11/07","11:00","12.25","215","18.47","61.2","1012.1","-","-"
"2023/11/07","12:00","12.05","213","16.91","60.1","1011.8","-","-"
"2023/11/07","13:00","13.61","216","17.49","61","1011.8","-","-"
"2023/11/07","14:00","7.58","239","11.27","63.1","1012.1","-","-"
"2023/11/07","15:00","7.78","217","9.52","65.1","1011.6","-","-"
"2023/11/07","16:00","10.5","226","12.83","67.3","1010.7","-","-"
"2023/11/07","17:00","10.11","228","14.97","70.3","1009.8","-","-"
"2023/11/07","18:00","13.8","226","17.49","73.6","1008.8","-","-"
"2023/11/07","19:00","9.72","210","15.16","75.4","1008","-","-"
"2023/11/07","20:00","7.19","217","13.61","75.2","1007.6","-","-"
"2023/11/07","21:00","7.97","218","13.02","75.4","1008.1","-","-"
"2023/11/07","22:00","7.78","220","10.5","73.6","1008.5","-","-"
"2023/11/07","23:00","7.78","211","10.5","71.4","1008.9","-","-"
"2023/11/08","00:00","8.36","208","10.89","70","1009.2","-","-"
"2023/11/08","01:00","8.75","216","11.27","69.1","1009.6","-","-"
"2023/11/08","02:00","11.27","236","14.77","69.8","1010","-","-"
"2023/11/08","03:00","10.11","242","13.02","68.7","1010.5","-","-"
"2023/11/08","04:00","7.19","279","7.97","68","1011.4","-","-"
"2023/11/08","05:00","3.69","267","5.05","64.2","1011.9","-","-"
"2023/11/08","06:00","3.69","269","5.64","62.6","1012.2","-","-"
"2023/11/08","07:00","4.28","294","4.86","61.7","1012.5","-","-"
"2023/11/08","08:00","4.67","286","5.25","61.7","1013","-","-"
"2023/11/08","09:00","5.05","326","6.61","61.3","1013.5","-","-"
"2023/11/08","10:00","2.92","335","3.3","60.1","1014.1","-","-"
"2023/11/08","11:00","3.3","346","3.89","58.3","1015.5","-","-"
"2023/11/08","12:00","5.05","4","5.64","57.6","1016.5","-","-"
"2023/11/08","13:00","3.5","340","3.89","58.1","1017.5","-","-"
"2023/11/08","14:00","7","17","9.33","59.4","1017.8","-","-"
"2023/11/08","15:00","5.44","9","7","59.9","1018.5","-","-"
"2023/11/08","16:00","6.61","102","8.94","60.3","1018.4","-","-"
"2023/11/08","17:00","10.89","82","11.86","58.1","1017.8","-","-"
"2023/11/08","18:00","10.11","80","12.25","57.6","1017.2","-","-"
"2023/11/08","19:00","10.69","80","11.66","57.9","1016.7","-","-"
"2023/11/08","20:00","7.58","86","8.75","58.5","1016.4","-","-"
"2023/11/08","21:00","5.44","99","6.41","59.5","1016.5","-","-"
"2023/11/08","22:00","6.61","106","8.55","59.2","1015.9","-","-"
"2023/11/08","23:00","5.05","141","6.41","57.2","1015.9","-","-"
"2023/11/09","00:00","5.83","131","7.19","57.2","1016.1","-","-"
"2023/11/09","01:00","4.86","150","6.03","56.7","1015.7","-","-"
"2023/11/09","02:00","5.64","148","6.8","56.3","1015.4","-","-"
"2023/11/09","03:00","5.05","151","6.41","55.6","1015.1","-","-"
"2023/11/09","04:00","3.11","137","5.05","55.2","1014.3","-","-"
"2023/11/09","05:00","4.28","145","6.22","56.1","1013.8","-","-"
"2023/11/09","06:00","3.11","150","4.86","55.8","1013.1","-","-"
"2023/11/09","07:00","2.92","138","3.69","55.8","1012.6","-","-"
"2023/11/09","08:00","7.39","161","10.11","56.8","1011.9","-","-"
"2023/11/09","09:00","6.41","177","8.16","57.7","1011.5","-","-"
"2023/11/09","10:00","8.94","191","10.89","58.1","1011.5","-","-"
"2023/11/09","11:00","7.78","195","10.3","57.7","1011.3","-","-"
"2023/11/09","12:00","7.19","205","10.3","58.6","1011","-","-"
"2023/11/09","13:00","14.38","211","18.47","61.2","1010.6","-","-"
"2023/11/09","14:00","7.58","225","12.05","62.8","1010.6","-","-"
"2023/11/09","15:00","9.72","220","14","65.7","1010.7","-","-"
"2023/11/09","16:00","9.52","224","14.77","68.2","1010.2","-","-"
"2023/11/09","17:00","9.91","236","14.38","72","1009.3","-","-"
"2023/11/09","18:00","9.72","230","14.58","74.1","1008.6","-","-"
"2023/11/09","19:00","8.75","220","12.05","75.7","1008.3","-","-"
"2023/11/09","20:00","7","237","14.58","77.2","1008.6","-","-"
"2023/11/09","21:00","7.19","225","9.91","77.5","1008.8","-","-"
"2023/11/09","22:00","3.89","236","7","75","1009.8","-","-"
"2023/11/09","23:00","4.08","187","5.05","71.6","1010.2","-","-"
"2023/11/10","00:00","5.44","212","7.39","71.6","1011.2","-","-"
"2023/11/10","01:00","7.97","206","9.91","70.9","1011.3","-","-"
"2023/11/10","02:00","8.75","323","11.08","68.7","1013","-","-"
"2023/11/10","03:00","5.64","6","6.8","67.3","1013.6","-","-"
"2023/11/10","04:00","5.83","3","6.61","66","1014","-","-"
"2023/11/10","05:00","0.58","83","2.14","64.6","1013.9","-","-"
"2023/11/10","06:00","7.39","339","9.14","65.1","1014.9","-","-"
"2023/11/10","07:00","8.36","9","10.3","64.8","1015","-","-"
"2023/11/10","08:00","6.22","11","7.97","63","1015.1","-","-"
"2023/11/10","09:00","11.86","19","14.38","61.5","1015.4","-","-"
"2023/11/10","10:00","12.05","35","16.52","60.1","1016.3","-","-"
"2023/11/10","11:00","14","29","19.83","59.2","1017.3","-","-"
"2023/11/10","12:00","16.52","29","20.41","58.5","1018","-","-"
"2023/11/10","13:00","15.75","30","21.97","58.1","1018.2","-","-"
"2023/11/10","14:00","14.77","24","20.6","57.9","1018.7","-","-"
"2023/11/10","15:00","11.86","17","14.58","57.7","1019.3","-","-"
"2023/11/10","16:00","15.94","23","21.58","57.4","1019.5","-","-"
"2023/11/10","17:00","14.58","14","23.13","57","1019.7","-","-"
"2023/11/10","18:00","14.97","9","19.05","56.7","1019.2","-","-"
"2023/11/10","19:00","19.63","23","22.94","55.6","1019.6","-","-"
"2023/11/10","20:00","16.33","12","24.3","53.6","1019.9","-","-"
"2023/11/10","21:00","12.25","4","16.13","52.5","1020.3","-","-"
"2023/11/10","22:00","8.75","359","11.27","51.6","1021","-","-"
"2023/11/10","23:00","2.72","43","6.61","51.6","1021.4","-","-"
"2023/11/11","00:00","5.05","44","8.16","51.8","1021.4","-","-"
"2023/11/11","01:00","2.33","154","3.89","52.2","1021.2","-","-"
"2023/11/11","02:00","8.36","336","9.33","52","1022.3","-","-"
"2023/11/11","03:00","9.91","335","12.05","50","1022.8","-","-"
"2023/11/11","04:00","8.55","323","10.11","48.6","1023.1","-","-"
"2023/11/11","05:00","8.94","340","11.66","46.9","1023.3","-","-"
"2023/11/11","06:00","7.78","335","9.72","46.4","1023.6","-","-"
"2023/11/11","07:00","7.58","340","9.52","46.4","1023.4","-","-"
"2023/11/11","08:00","6.41","327","7.97","46.4","1023.3","-","-"
"2023/11/11","09:00","6.03","344","7.19","46.9","1023.5","-","-"
"2023/11/11","10:00","5.05","341","7","46.6","1024.2","-","-"
"2023/11/11","11:00","6.03","346","7","45.7","1024.2","-","-"
"2023/11/11","12:00","5.25","333","7.19","45.1","1024.9","-","-"
"2023/11/11","13:00","6.41","350","7.39","47.1","1025.7","-","-"
"2023/11/11","14:00","2.72","337","4.08","47.7","1026.4","-","-"
"2023/11/11","15:00","5.25","347","6.41","51.6","1026.6","-","-"
"2023/11/11","16:00","7.58","22","9.33","53.1","1026.1","-","-"
"2023/11/11","17:00","4.08","7","7.19","54.5","1025.8","-","-"
"2023/11/11","18:00","5.05","18","7.58","54.5","1025.3","-","-"
"2023/11/11","19:00","0.97","36","3.69","56.5","1025","-","-"
"2023/11/11","20:00","3.89","104","4.67","56.3","1024.9","-","-"
"2023/11/11","21:00","3.89","66","5.64","56.7","1025.4","-","-"
"2023/11/11","22:00","7","44","7.78","56.1","1025.6","-","-"
"2023/11/11","23:00","7.97","35","9.14","54.3","1026.1","-","-"
"2023/11/12","00:00","6.8","22","8.36","53.8","1026.8","-","-"
"2023/11/12","01:00","6.03","13","7.39","53.1","1026.7","-","-"
"2023/11/12","02:00","6.8","12","8.16","52.2","1027","-","-"
"2023/11/12","03:00","3.89","31","5.25","52","1027.1","-","-"
"2023/11/12","04:00","5.44","43","6.8","53.2","1027.1","-","-"
"2023/11/12","05:00","9.91","55","13.02","55","1026.8","-","-"
"2023/11/12","06:00","11.08","61","13.61","55.6","1026.7","-","-"
"2023/11/12","07:00","8.75","42","10.69","54.1","1026.3","-","-"
"2023/11/12","08:00","9.14","39","11.66","54","1026.3","-","-"
"2023/11/12","09:00","8.16","29","10.69","52.9","1026.5","-","-"
"2023/11/12","10:00","7.58","28","9.33","52.9","1026.9","-","-"
"2023/11/12","11:00","6.61","7","7.97","50.2","1027.1","-","-"
"2023/11/12","12:00","6.22","3","8.16","50.4","1027.8","-","-"
"2023/11/12","13:00","11.86","24","14.58","52.7","1028.1","-","-"
"2023/11/12","14:00","13.02","43","18.08","54.1","1028.2","-","-"
"2023/11/12","15:00","15.36","48","17.69","54.9","1028","-","-"
"2023/11/12","16:00","14.77","40","17.3","54.9","1028.5","-","-"
"2023/11/12","17:00","11.86","16","18.08","53.8","1028.3","-","-"
"2023/11/12","18:00","12.83","35","15.75","54.5","1027.8","-","-"
"2023/11/12","19:00","13.8","24","17.3","53.4","1027.4","-","-"
"2023/11/12","20:00","11.66","21","15.36","53.8","1027","-","-"
"2023/11/12","21:00","13.61","15","15.94","53.1","1027.1","-","-"
"2023/11/12","22:00","8.75","23","11.08","51.6","1027.2","-","-"
"2023/11/12","23:00","10.11","17","12.63","51.1","1027.5","-","-"
"2023/11/13","00:00","10.69","8","12.63","49.6","1027.8","-","-"
"2023/11/13","01:00","10.11","3","12.05","48.2","1027.8","-","-"
"2023/11/13","02:00","9.52","4","10.89","47.3","1028","-","-"
"2023/11/13","03:00","9.91","5","11.27","46.4","1028.1","-","-"
"2023/11/13","04:00","9.33","7","10.89","46.6","1027.7","-","-"
"2023/11/13","05:00","8.55","8","9.91","46.6","1028","-","-"
"2023/11/13","06:00","8.55","1","9.91","46.2","1028.1","-","-"
"2023/11/13","07:00","5.83","356","8.36","45.5","1027.9","-","-"
"2023/11/13","08:00","4.86","3","7","45.9","1027.3","-","-"
"2023/11/13","09:00","4.86","345","6.41","45.3","1027","-","-"
"2023/11/13","10:00","6.22","337","7.78","44.6","1027.3","-","-"
"2023/11/13","11:00","7","346","8.16","44.6","1027.6","-","-"
"2023/11/13","12:00","7.97","346","9.33","44.4","1027.7","-","-"
"2023/11/13","13:00","7.78","349","8.55","45.1","1028.2","-","-"
"2023/11/13","14:00","7.58","350","9.14","46.4","1028.1","-","-"
"2023/11/13","15:00","1.36","32","1.75","49.3","1027.4","-","-"
"2023/11/13","16:00","0","44","1.94","51.6","1026.7","-","-"
"2023/11/13","17:00","1.94","124","2.33","51.6","1025.5","-","-"
"2023/11/13","18:00","3.11","66","4.28","52.5","1024.2","-","-"
"2023/11/13","19:00","4.28","104","7.19","53.4","1023","-","-"
"2023/11/13","20:00","4.47","74","5.44","54.3","1022.4","-","-"
"2023/11/13","21:00","5.44","109","6.22","54.7","1022.1","-","-"
"2023/11/13","22:00","4.28","165","6.41","52.2","1021.4","-","-"
"2023/11/13","23:00","1.36","190","1.94","49.8","1021.5","-","-"
"2023/11/14","00:00","2.92","201","3.69","48.6","1021.3","-","-"
"2023/11/14","01:00","3.11","212","4.67","49.3","1021.7","-","-"
"2023/11/14","02:00","1.17","184","1.56","47.3","1022.3","-","-"
"2023/11/14","03:00","1.36","174","2.33","47.1","1022.4","-","-"
"2023/11/14","04:00","0.19","201","1.36","46","1022.1","-","-"
"2023/11/14","05:00","6.22","269","6.8","49.6","1022.3","-","-"
"2023/11/14","06:00","5.44","275","6.22","49.6","1022.5","-","-"
"2023/11/14","07:00","9.72","319","13.02","52.3","1022.5","-","-"
"2023/11/14","08:00","9.33","322","10.69","52.5","1022.8","-","-"
"2023/11/14","09:00","8.36","290","10.5","52","1023.1","-","-"
"2023/11/14","10:00","7.19","263","8.36","48.9","1023.5","-","-"
"2023/11/14","11:00","8.94","262","10.3","49.8","1024.1","-","-"
"2023/11/14","12:00","7.97","278","10.11","48.6","1025.1","-","-"
"2023/11/14","13:00","12.25","297","17.49","51.8","1026.1","-","-"
"2023/11/14","14:00","12.83","332","17.49","53.1","1026.4","-","-"
"2023/11/14","15:00","14.38","326","17.49","55.4","1026.4","-","-"
"2023/11/14","16:00","11.27","330","16.13","55.9","1026.6","-","-"
"2023/11/14","17:00","9.14","335","13.22","56.5","1026.2","-","-"
"2023/11/14","18:00","7.58","327","10.5","57","1025.6","-","-"
"2023/11/14","19:00","9.91","305","12.63","57","1025.3","-","-"
"2023/11/14","20:00","6.8","326","9.14","57.4","1025.5","-","-"
"2023/11/14","21:00","3.11","293","4.28","57.2","1025.7","-","-"
"2023/11/14","22:00","7","49","8.16","54.9","1026","-","-"
"2023/11/14","23:00","5.25","39","6.41","54","1026.6","-","-"
"2023/11/15","00:00","2.33","58","3.69","53.4","1027","-","-"
"2023/11/15","01:00","2.14","223","2.53","49.5","1027.4","-","-"
"2023/11/15","02:00","1.17","210","1.75","48.9","1027.7","-","-"
"2023/11/15","03:00","0","230","0.78","48","1027.9","-","-"
"2023/11/15","04:00","0.97","221","1.56","47.5","1027.8","-","-"
"2023/11/15","05:00","1.75","218","2.14","47.3","1027.8","-","-"
"2023/11/15","06:00","1.56","261","2.14","48","1027.8","-","-"
"2023/11/15","07:00","1.94","229","2.14","46.6","1028.1","-","-"
"2023/11/15","08:00","1.36","234","2.33","47.5","1028.1","-","-"
"2023/11/15","09:00","1.36","179","2.33","49.6","1028.2","-","-"
"2023/11/15","10:00","2.33","300","3.5","48.9","1028.4","-","-"
"2023/11/15","11:00","1.94","236","3.69","47.7","1028.6","-","-"
"2023/11/15","12:00","5.05","275","5.83","47.3","1029.2","-","-"
"2023/11/15","13:00","5.83","299","6.8","48","1029.7","-","-"
"2023/11/15","14:00","4.08","323","5.64","49.6","1030.2","-","-"
"2023/11/15","15:00","3.11","298","4.67","51.4","1030.3","-","-"
"2023/11/15","16:00","5.83","304","6.61","52.9","1030.1","-","-"
"2023/11/15","17:00","1.75","349","2.72","55.2","1029.3","-","-"
"2023/11/15","18:00","5.05","61","5.64","55.6","1028.5","-","-"
"2023/11/15","19:00","5.64","64","6.03","55.6","1027.7","-","-"
"2023/11/15","20:00","5.25","81","5.64","55.8","1027","-","-"
"2023/11/15","21:00","4.67","100","6.8","55.8","1027.1","-","-"
"2023/11/15","22:00","4.86","150","5.44","55","1026.7","-","-"
"2023/11/15","23:00","3.69","140","4.86","54","1026.7","-","-"
"2023/11/16","00:00","4.08","163","5.44","53.1","1027","-","-"
"2023/11/16","01:00","2.33","157","4.86","53.2","1026.7","-","-"
"2023/11/16","02:00","6.61","166","7.58","52.7","1026.2","-","-"
"2023/11/16","03:00","3.5","196","6.22","52.3","1026","-","-"
"2023/11/16","04:00","3.89","204","4.67","50.7","1025.4","-","-"
"2023/11/16","05:00","2.92","224","3.69","51.1","1025.5","-","-"
"2023/11/16","06:00","3.5","225","5.05","50.4","1025.1","-","-"
"2023/11/16","07:00","5.25","243","8.16","51.1","1025.1","-","-"
"2023/11/16","08:00","0","170","0.58","50","1024.8","-","-"
"2023/11/16","09:00","0.19","197","2.72","49.5","1024.5","-","-"
"2023/11/16","10:00","3.69","272","5.25","50.4","1024.7","-","-"
"2023/11/16","11:00","2.14","232","2.53","47.8","1025","-","-"
"2023/11/16","12:00","1.94","218","2.92","47.3","1025","-","-"
"2023/11/16","13:00","0","217","0.58","52.3","1025.5","-","-"
"2023/11/16","14:00","0","34","0","57","1025.7","-","-"
"2023/11/16","15:00","1.17","357","1.75","56.7","1025.7","-","-"
"2023/11/16","16:00","0","84","0","61.2","1025.1","-","-"
"2023/11/16","17:00","0.78","52","1.56","63.3","1024.1","-","-"
"2023/11/16","18:00","6.8","68","7.58","59.9","1023.3","-","-"
"2023/11/16","19:00","4.08","61","7.39","61.2","1022.7","-","-"
"2023/11/16","20:00","5.25","63","7","62.2","1022","-","-"
"2023/11/16","21:00","7.58","125","8.94","63.9","1021.6","-","-"
"2023/11/16","22:00","5.44","153","6.03","61.2","1021.4","-","-"
"2023/11/16","23:00","4.08","159","5.05","59.5","1021.3","-","-"
"2023/11/17","00:00","4.86","151","5.83","58.1","1021.2","-","-"
"2023/11/17","01:00","5.25","177","6.41","58.6","1021.3","-","-"
"2023/11/17","02:00","4.28","181","6.03","58.1","1021.7","-","-"
"2023/11/17","03:00","6.22","171","7.58","57.7","1021.3","-","-"
"2023/11/17","04:00","4.67","174","5.64","57.2","1021.1","-","-"
"2023/11/17","05:00","4.47","170","5.25","56.3","1020.8","-","-"
"2023/11/17","06:00","4.86","166","6.22","56.8","1020.2","-","-"
"2023/11/17","07:00","4.08","158","5.25","55.4","1019.7","-","-"
"2023/11/17","08:00","0","293","0","55","1019.6","-","-"
"2023/11/17","09:00","0.58","261","1.75","53.6","1019.3","-","-"
"2023/11/17","10:00","1.94","123","2.33","52.2","1019","-","-"
"2023/11/17","11:00","0.19","61","1.17","53.8","1018.3","-","-"
"2023/11/17","12:00","0","230","0.78","52.2","1018.3","-","-"
"2023/11/17","13:00","2.72","118","2.92","56.1","1018.4","-","-"
"2023/11/17","14:00","2.72","70","3.11","57.9","1018.1","-","-"
"2023/11/17","15:00","0.97","84","2.72","62.6","1017.3","-","-"
"2023/11/17","16:00","7.39","68","7.97","61","1016.2","-","-"
"2023/11/17","17:00","10.5","76","11.47","62.8","1014.2","-","-"
"2023/11/17","18:00","10.89","82","11.86","63.3","1013.2","-","-"
"2023/11/17","19:00","1.56","285","10.69","64.4","1012.4","-","-"
"2023/11/17","20:00","2.14","83","3.69","65.1","1012","-","-"
"2023/11/17","21:00","1.36","119","2.53","63.9","1011.6","-","-"
"2023/11/17","22:00","5.05","152","5.83","64.6","1011.2","-","-"
"2023/11/17","23:00","7.58","142","8.36","64.2","1010.5","-","-"
"2023/11/18","00:00","6.03","159","8.55","65.8","1010.2","-","-"
"2023/11/18","01:00","5.44","200","7.19","65.5","1009.8","-","-"
"2023/11/18","02:00","2.92","195","4.08","64.4","1009","-","-"
"2023/11/18","03:00","3.3","161","3.69","60.8","1008.3","-","-"
"2023/11/18","04:00","4.67","321","5.05","61.5","1008.3","-","-"
"2023/11/18","05:00","3.89","293","4.28","60.1","1007.8","-","-"
"2023/11/18","06:00","0.97","226","1.17","58.8","1006.6","-","-"
"2023/11/18","07:00","1.36","283","1.56","58.5","1005.7","-","-"
"2023/11/18","08:00","0","255","0","57.9","1005.1","-","-"
"2023/11/18","09:00","2.72","254","3.5","57.9","1004.7","-","-"
"2023/11/18","10:00","4.08","338","4.67","57.9","1004.1","-","-"
"2023/11/18","11:00","6.03","291","7","57.6","1004.2","-","-"
"2023/11/18","12:00","7.97","296","9.14","57.9","1004.6","-","-"
"2023/11/18","13:00","7.78","307","8.55","58.6","1005.4","-","-"
"2023/11/18","14:00","12.83","344","15.75","62.6","1006","-","-"
"2023/11/18","15:00","15.94","353","20.99","64.2","1006.2","-","-"
"2023/11/18","16:00","15.75","337","20.8","62.1","1006.4","-","-"
"2023/11/18","17:00","13.41","349","18.27","61.7","1006.1","-","-"
"2023/11/18","18:00","9.72","329","14.97","62.4","1006.1","-","-"
"2023/11/18","19:00","19.24","307","22.55","61.2","1006.4","-","-"
"2023/11/18","20:00","15.55","333","18.86","61.7","1007.3","-","-"
"2023/11/18","21:00","13.22","352","14.38","60.4","1008.2","-","-"
"2023/11/18","22:00","7.97","329","11.47","59","1008.6","-","-"
"2023/11/18","23:00","7.39","336","8.55","56.7","1009.6","-","-"
"2023/11/19","00:00","11.86","7","13.02","54.1","1010.4","-","-"
"2023/11/19","01:00","10.5","349","12.44","52.5","1010.8","-","-"
"2023/11/19","02:00","7.19","347","10.11","51.3","1011.1","-","-"
"2023/11/19","03:00","6.61","342","7.58","49.8","1011.4","-","-"
"2023/11/19","04:00","7.39","329","8.16","49.3","1012","-","-"
"2023/11/19","05:00","8.55","340","10.3","48.2","1012.6","-","-"
"2023/11/19","06:00","8.55","337","10.11","47.8","1012.8","-","-"
"2023/11/19","07:00","11.08","324","12.25","48.2","1013.1","-","-"
"2023/11/19","08:00","9.14","333","11.86","46.2","1013.1","-","-"
"2023/11/19","09:00","4.47","343","7.39","45","1013.4","-","-"
"2023/11/19","10:00","4.28","311","5.25","45.1","1013.6","-","-"
"2023/11/19","11:00","4.67","315","6.41","45.1","1014","-","-"
"2023/11/19","12:00","4.28","329","6.22","45.1","1014.4","-","-"
"2023/11/19","13:00","6.22","335","6.8","46.4","1015.1","-","-"
"2023/11/19","14:00","5.44","0","7.97","48.6","1015.7","-","-"
"2023/11/19","15:00","9.14","7","14.38","51.3","1016.3","-","-"
"2023/11/19","16:00","3.3","36","6.61","53.6","1016.2","-","-"
"2023/11/19","17:00","0.39","76","3.3","55.2","1015.5","-","-"
"2023/11/19","18:00","4.08","95","5.05","55.6","1014.7","-","-"
"2023/11/19","19:00","6.22","77","7","55","1014.1","-","-"
"2023/11/19","20:00","4.08","62","6.22","56.1","1014.1","-","-"
"2023/11/19","21:00","4.08","130","5.05","58.3","1014.3","-","-"
"2023/11/19","22:00","3.69","153","4.67","54.5","1014.8","-","-"
"2023/11/19","23:00","0","163","0.58","51.3","1015.3","-","-"
"2023/11/20","00:00","0.97","215","1.17","50","1016","-","-"
"2023/11/20","01:00","1.56","180","2.14","48.6","1016.6","-","-"
"2023/11/20","02:00","1.75","200","3.69","48","1017.2","-","-"
"2023/11/20","03:00","0.78","212","1.56","47.3","1017.5","-","-"
"2023/11/20","04:00","2.14","191","2.72","48","1017.8","-","-"
"2023/11/20","05:00","2.53","208","3.11","46.9","1018.4","-","-"
"2023/11/20","06:00","1.94","207","2.33","44.8","1018.5","-","-"
"2023/11/20","07:00","2.14","234","2.53","44.1","1019.1","-","-"
"2023/11/20","08:00","1.75","222","2.53","43.2","1019.9","-","-"
"2023/11/20","09:00","2.92","285","4.67","46.4","1020.3","-","-"
"2023/11/20","10:00","2.14","226","3.69","45.7","1020.6","-","-"
"2023/11/20","11:00","5.05","344","6.61","47.3","1021.3","-","-"
"2023/11/20","12:00","6.03","26","7.19","47.8","1022.4","-","-"
"2023/11/20","13:00","13.8","45","16.52","50.5","1023.5","-","-"
"2023/11/20","14:00","13.41","41","18.08","50.7","1024.3","-","-"
"2023/11/20","15:00","14.97","40","17.69","50.7","1024.7","-","-"
"2023/11/20","16:00","14","29","16.33","50.5","1025.6","-","-"
"2023/11/20","17:00","11.86","34","13.8","50.9","1024.7","-","-"
"2023/11/20","18:00","6.22","47","8.36","52.3","1024.8","-","-"
"2023/11/20","19:00","7.97","38","9.33","52.2","1024.9","-","-"
"2023/11/20","20:00","9.33","36","10.69","51.8","1025.2","-","-"
"2023/11/20","21:00","10.5","25","13.02","50.4","1025.9","-","-"
"2023/11/20","22:00","8.94","38","10.89","50.2","1026.3","-","-"
"2023/11/20","23:00","8.75","34","9.91","50.4","1026.8","-","-"
"2023/11/21","00:00","13.41","77","17.3","51.3","1026.7","-","-"
"2023/11/21","01:00","15.55","58","17.11","51.4","1027.3","-","-"
"2023/11/21","02:00","14.38","57","17.69","51.1","1027.4","-","-"
"2023/11/21","03:00","12.44","39","15.94","50.7","1027","-","-"
"2023/11/21","04:00","9.14","43","11.47","50.7","1027.5","-","-"
"2023/11/21","05:00","11.08","50","12.44","50.9","1027.1","-","-"
"2023/11/21","06:00","10.5","47","12.25","51.8","1027.4","-","-"
"2023/11/21","07:00","16.33","56","18.27","51.6","1027.4","-","-"
"2023/11/21","08:00","19.63","51","21.77","51.4","1026.8","-","-"
"2023/11/21","09:00","14.38","53","18.86","51.3","1025.8","-","-"
"2023/11/21","10:00","18.08","58","20.6","51.8","1025","-","-"
"2023/11/21","11:00","17.11","59","18.66","52.9","1024.6","-","-"
"2023/11/21","12:00","18.08","69","20.22","54.3","1024.2","-","-"
"2023/11/21","13:00","18.27","76","20.99","55.8","1023.2","-","-"
"2023/11/21","14:00","10.5","87","11.66","56.7","1023.3","-","-"
"2023/11/21","15:00","14","105","17.3","58.5","1022.6","-","-"
"2023/11/21","16:00","11.47","115","15.55","59","1022","-","-"
"2023/11/21","17:00","13.22","120","16.52","59.7","1020.5","-","-"
"2023/11/21","18:00","11.27","131","17.49","59.4","1019.6","-","-"
"2023/11/21","19:00","10.5","129","16.72","58.1","1018.4","-","-"
"2023/11/21","20:00","11.66","136","14.58","58.3","1017.9","-","-"
"2023/11/21","21:00","14.58","132","17.88","58.3","1017.1","-","-"
"2023/11/21","22:00","9.91","137","17.49","58.6","1017","-","-"
"2023/11/21","23:00","11.47","128","16.33","60.3","1015.6","-","-"
"2023/11/22","00:00","11.47","134","16.91","61.5","1014.5","-","-"
"2023/11/22","01:00","16.13","147","18.86","61.3","1013.4","-","-"
"2023/11/22","02:00","10.11","138","15.16","60.1","1012.5","-","-"
"2023/11/22","03:00","8.75","152","11.86","60.4","1011.4","-","-"
"2023/11/22","04:00","11.08","163","15.75","61.9","1010.3","-","-"
"2023/11/22","05:00","17.11","175","22.16","63","1008.4","-","-"
"2023/11/22","06:00","18.27","171","30.13","64.6","1007.2","-","-"
"2023/11/22","07:00","7.19","289","10.69","61","1008.3","-","-"
"2023/11/22","08:00","12.83","318","15.55","58.5","1007.3","-","-"
"2023/11/22","09:00","5.25","186","6.41","59","1007.4","-","-"
"2023/11/22","10:00","5.44","260","6.61","58.8","1007.3","-","-"
"2023/11/22","11:00","3.89","241","4.86","58.8","1007.2","-","-"
"2023/11/22","12:00","5.25","238","6.41","58.8","1007.6","-","-"
"2023/11/22","13:00","3.89","275","4.28","58.5","1007.5","-","-"
"2023/11/22","14:00","5.64","287","6.8","58.3","1007.5","-","-"
"2023/11/22","15:00","2.92","13","3.69","57.6","1006.4","-","-"
"2023/11/22","16:00","6.22","309","15.36","57.2","1006","-","-"
"2023/11/22","17:00","6.41","303","7","56.5","1005.5","-","-"
"2023/11/22","18:00","7.58","311","8.36","56.7","1004.5","-","-"
"2023/11/22","19:00","9.33","339","12.83","57.9","1004.5","-","-"
"2023/11/22","20:00","10.89","329","14.19","58.1","1003.2","-","-"
"2023/11/22","21:00","13.02","305","14.38","57.2","1003.7","-","-"
"2023/11/22","22:00","9.72","324","10.89","57","1004.2","-","-"
"2023/11/22","23:00","5.25","317","5.44","57","1005.8","-","-"
"2023/11/23","00:00","12.44","340","17.69","55.6","1006.7","-","-"
"2023/11/23","01:00","13.22","331","17.11","54.5","1007","-","-"
"2023/11/23","02:00","15.94","325","18.66","54.1","1007.5","-","-"
"2023/11/23","03:00","14.77","321","19.63","54","1007.8","-","-"
"2023/11/23","04:00","15.16","327","19.44","53.1","1008","-","-"
"2023/11/23","05:00","12.05","294","14.77","52.2","1007.9","-","-"
"2023/11/23","06:00","14","307","15.94","51.8","1007.9","-","-"
"2023/11/23","07:00","17.3","324","22.35","51.3","1008.9","-","-"
"2023/11/23","08:00","18.47","325","22.16","50.5","1010","-","-"
"2023/11/23","09:00","16.33","325","20.6","49.6","1010.8","-","-"
"2023/11/23","10:00","12.05","328","17.11","48.7","1011.6","-","-"
"2023/11/23","11:00","10.69","331","12.63","48","1012.2","-","-"
"2023/11/23","12:00","10.69","325","13.02","47.8","1013.2","-","-"
"2023/11/23","13:00","11.08","329","13.02","48","1013.8","-","-"
"2023/11/23","14:00","11.08","342","13.61","48.6","1014.3","-","-"
"2023/11/23","15:00","11.27","324","15.94","50","1014.9","-","-"
"2023/11/23","16:00","11.86","295","13.22","50","1014.8","-","-"
"2023/11/23","17:00","12.83","306","14.97","51.4","1014.3","-","-"
"2023/11/23","18:00","8.16","332","10.11","52.7","1013.7","-","-"
"2023/11/23","19:00","5.83","317","7.97","53.6","1013.5","-","-"
"2023/11/23","20:00","8.36","254","12.05","55.6","1013.6","-","-"
"2023/11/23","21:00","5.05","227","8.55","55.6","1013.9","-","-"
"2023/11/23","22:00","3.69","235","4.47","54","1014.2","-","-"
"2023/11/23","23:00","3.89","213","4.28","51.3","1014.7","-","-"
"2023/11/24","00:00","4.67","216","4.86","50.2","1015.4","-","-"
"2023/11/24","01:00","5.83","213","6.41","49.5","1015.7","-","-"
"2023/11/24","02:00","4.47","217","5.64","49.1","1016","-","-"
"2023/11/24","03:00","2.14","182","4.08","47.5","1016.5","-","-"
"2023/11/24","04:00","1.94","172","2.92","46.6","1016.9","-","-"
"2023/11/24","05:00","1.17","204","2.33","46.6","1016.9","-","-"
"2023/11/24","06:00","2.53","210","2.92","44.8","1017","-","-"
"2023/11/24","07:00","0.39","202","1.56","45","1017.6","-","-"
"2023/11/24","08:00","2.14","205","4.08","45.9","1017.4","-","-"
"2023/11/24","09:00","3.89","265","4.47","46.2","1017.6","-","-"
"2023/11/24","10:00","2.14","258","3.5","46.6","1018","-","-"
"2023/11/24","11:00","5.05","348","6.41","46.9","1018.9","-","-"
"2023/11/24","12:00","4.08","23","6.22","47.3","1019.6","-","-"
"2023/11/24","13:00","6.22","36","7.39","49.1","1020.1","-","-"
"2023/11/24","14:00","9.72","40","12.05","50.7","1020.3","-","-"
"2023/11/24","15:00","12.25","47","14.38","51.6","1020.6","-","-"
"2023/11/24","16:00","8.75","45","11.86","51.6","1020.4","-","-"
"2023/11/24","17:00","7.58","48","8.75","52","1019.6","-","-"
"2023/11/24","18:00","3.89","28","6.22","52.9","1019.5","-","-"
"2023/11/24","19:00","6.41","77","7.39","52","1019.7","-","-"
"2023/11/24","20:00","6.03","100","8.75","52","1019.4","-","-"
"2023/11/24","21:00","8.94","66","10.3","51.6","1019","-","-"
"2023/11/24","22:00","5.05","32","6.41","51.1","1019.6","-","-"
"2023/11/24","23:00","4.47","12","5.64","50.7","1020.5","-","-"
"2023/11/25","00:00","5.83","5","6.41","50","1020.8","-","-"
"2023/11/25","01:00","6.61","4","7.58","49.3","1020.4","-","-"
"2023/11/25","02:00","6.41","352","7.97","48.4","1021.4","-","-"
"2023/11/25","03:00","8.36","355","9.72","47.5","1022.3","-","-"
"2023/11/25","04:00","7.78","340","9.52","46.9","1023","-","-"
"2023/11/25","05:00","10.69","344","13.41","46.4","1023","-","-"
"2023/11/25","06:00","9.72","346","11.08","45.7","1023.4","-","-"
"2023/11/25","07:00","9.91","4","11.86","45.3","1024.1","-","-"
"2023/11/25","08:00","17.3","25","22.16","44.6","1024.8","-","-"
"2023/11/25","09:00","16.72","20","20.6","43.2","1025.6","-","-"
"2023/11/25","10:00","17.11","20","23.33","41.7","1026","-","-"
"2023/11/25","11:00","18.47","14","23.71","40.1","1027.6","-","-"
"2023/11/25","12:00","15.94","25","20.8","40.1","1027.8","-","-"
"2023/11/25","13:00","16.13","28","21.58","39.2","1028.5","-","-"
"2023/11/25","14:00","16.33","35","20.41","39.6","1028.6","-","-"
"2023/11/25","15:00","16.52","18","20.99","40.3","1028.6","-","-"
"2023/11/25","16:00","13.61","18","19.83","41","1028.7","-","-"
"2023/11/25","17:00","9.14","22","13.22","41.5","1027.7","-","-"
"2023/11/25","18:00","10.11","14","11.47","41.9","1026.8","-","-"
"2023/11/25","19:00","10.3","16","14","43.2","1026","-","-"
"2023/11/25","20:00","11.08","12","13.61","43.9","1026.1","-","-"
"2023/11/25","21:00","8.55","34","11.08","43.9","1025.8","-","-"
"2023/11/25","22:00","8.55","20","12.25","42.8","1025.4","-","-"
"2023/11/25","23:00","7.97","359","9.91","42.1","1025.8","-","-"
"2023/11/26","00:00","9.33","345","10.5","41","1025.5","-","-"
"2023/11/26","01:00","10.5","359","13.22","40.8","1024.8","-","-"
"2023/11/26","02:00","9.52","351","11.47","40.3","1024.6","-","-"
"2023/11/26","03:00","9.72","342","10.89","40.3","1024.3","-","-"
"2023/11/26","04:00","7.78","347","9.14","40.6","1024.1","-","-"
"2023/11/26","05:00","8.16","352","9.33","41.4","1023.6","-","-"
"2023/11/26","06:00","7","345","8.75","42.1","1022.8","-","-"
"2023/11/26","07:00","7.78","352","9.52","43.3","1022.3","-","-"
"2023/11/26","08:00","7.78","344","9.72","43.5","1022","-","-"
"2023/11/26","09:00","7.58","346","9.14","43.5","1021.4","-","-"
"2023/11/26","10:00","5.44","325","7.97","44.2","1021.1","-","-"
"2023/11/26","11:00","7.19","345","9.33","44.6","1020.7","-","-"
"2023/11/26","12:00","5.05","342","7","45.1","1020.5","-","-"
"2023/11/26","13:00","4.86","351","5.83","45.7","1020.2","-","-"
"2023/11/26","14:00","5.83","335","6.61","46","1019.8","-","-"
"2023/11/26","15:00","6.22","30","7.97","47.5","1019.1","-","-"
"2023/11/26","16:00","4.86","8","7","48.4","1017.4","-","-"
"2023/11/26","17:00","6.8","335","7.78","49.5","1015.9","-","-"
"2023/11/26","18:00","5.83","325","7.97","50.4","1014.6","-","-"
"2023/11/26","19:00","10.3","336","12.25","50.2","1013.2","-","-"
"2023/11/26","20:00","10.5","344","12.05","49.6","1011.7","-","-"
"2023/11/26","21:00","10.89","313","12.63","48.7","1010.3","-","-"
"2023/11/26","22:00","15.36","298","20.6","47.7","1010","-","-"
"2023/11/26","23:00","13.22","305","15.94","48","1009.7","-","-"
"2023/11/27","00:00","10.3","262","12.83","47.1","1009.9","-","-"
"2023/11/27","01:00","5.83","268","8.94","46.8","1009.6","-","-"
"2023/11/27","02:00","6.22","207","8.16","46.9","1009.4","-","-"
"2023/11/27","03:00","8.16","227","11.47","47.7","1009.8","-","-"
"2023/11/27","04:00","9.72","236","13.61","47.7","1009.8","-","-"
"2023/11/27","05:00","7","228","10.89","47.3","1009.3","-","-"
"2023/11/27","06:00","10.69","227","13.61","47.7","1008.4","-","-"
"2023/11/27","07:00","7.58","217","13.41","47.8","1007.6","-","-"
"2023/11/27","08:00","8.36","228","12.83","48.4","1007.1","-","-"
"2023/11/27","09:00","6.61","230","9.91","48.4","1006.8","-","-"
"2023/11/27","10:00","7.97","244","10.89","47.8","1006.8","-","-"
"2023/11/27","11:00","7.19","238","11.27","47.1","1007.3","-","-"
"2023/11/27","12:00","7.39","259","9.14","46.6","1007.9","-","-"
"2023/11/27","13:00","10.69","280","12.63","47.3","1008.3","-","-"
"2023/11/27","14:00","11.66","288","14.38","48.7","1008.7","-","-"
"2023/11/27","15:00","11.66","323","13.22","50","1009.5","-","-"
"2023/11/27","16:00","16.52","309","17.69","51.4","1009.1","-","-"
"2023/11/27","17:00","15.75","310","17.49","52.7","1008.7","-","-"
"2023/11/27","18:00","12.05","316","14.58","53.6","1008.5","-","-"
"2023/11/27","19:00","10.5","313","13.02","54.1","1008.4","-","-"
"2023/11/27","20:00","8.94","323","10.89","54.5","1008.5","-","-"
"2023/11/27","21:00","3.89","319","6.03","55.4","1009.4","-","-"
"2023/11/27","22:00","3.3","255","4.47","52.3","1010","-","-"
"2023/11/27","23:00","6.41","245","7.39","51.3","1010.5","-","-"
"2023/11/28","00:00","9.14","261","11.47","50.2","1010.9","-","-"
"2023/11/28","01:00","7.97","286","9.91","49.5","1011.7","-","-"
"2023/11/28","02:00","8.16","274","9.52","47.5","1012.4","-","-"
"2023/11/28","03:00","11.86","305","13.41","46.4","1012.7","-","-"
"2023/11/28","04:00","9.52","333","11.66","41.4","1013.2","-","-"
"2023/11/28","05:00","7.58","329","10.69","39.6","1013.6","-","-"
"2023/11/28","06:00","9.14","325","11.86","39.6","1014","-","-"
"2023/11/28","07:00","4.67","245","7","38.3","1014.2","-","-"
"2023/11/28","08:00","4.67","227","5.64","36.3","1014","-","-"
"2023/11/28","09:00","5.83","214","7.58","34.9","1013.8","-","-"
"2023/11/28","10:00","5.83","208","7","34.7","1013.5","-","-"
"2023/11/28","11:00","9.72","221","11.86","35.2","1014","-","-"
"2023/11/28","12:00","9.72","233","12.44","36","1014","-","-"
"2023/11/28","13:00","13.02","246","16.52","38.1","1014.1","-","-"
"2023/11/28","14:00","11.08","248","14.77","40.1","1014.3","-","-"
"2023/11/28","15:00","10.69","259","13.8","41.7","1014.8","-","-"
"2023/11/28","16:00","18.08","280","24.3","42.6","1014.3","-","-"
"2023/11/28","17:00","18.47","270","25.66","43.5","1013.6","-","-"
"2023/11/28","18:00","13.61","305","18.27","44.2","1013.4","-","-"
"2023/11/28","19:00","18.08","271","21.77","44.6","1013.5","-","-"
"2023/11/28","20:00","19.44","301","24.49","46.4","1014","-","-"
"2023/11/28","21:00","18.66","297","21.38","45.7","1015.5","-","-"
"2023/11/28","22:00","21.19","316","26.63","45.1","1016.9","-","-"
"2023/11/28","23:00","23.33","327","28.77","42.8","1018.4","-","-"
"2023/11/29","00:00","17.11","341","20.99","38.7","1020","-","-"
"2023/11/29","01:00","12.83","336","16.72","36.5","1020.7","-","-"
"2023/11/29","02:00","13.61","325","19.05","35.2","1021","-","-"
"2023/11/29","03:00","9.72","336","12.63","33.3","1021.8","-","-"
"2023/11/29","04:00","12.44","330","15.94","32.2","1022.4","-","-"
"2023/11/29","05:00","9.33","339","11.66","30.7","1022.2","-","-"
"2023/11/29","06:00","9.52","333","12.05","30.4","1022.2","-","-"
"2023/11/29","07:00","8.94","323","11.08","30.2","1022.2","-","-"
"2023/11/29","08:00","10.3","325","12.05","30.7","1022.3","-","-"
"2023/11/29","09:00","12.05","334","14.97","29.8","1022.1","-","-"
"2023/11/29","10:00","11.08","328","13.22","29.7","1022.4","-","-"
"2023/11/29","11:00","11.08","334","13.41","29.1","1022.9","-","-"
"2023/11/29","12:00","9.14","335","11.08","29.5","1023.1","-","-"
"2023/11/29","13:00","6.61","330","8.94","30.6","1023.5","-","-"
"2023/11/29","14:00","5.64","245","7.97","30.7","1023.6","-","-"
"2023/11/29","15:00","6.03","310","7","32","1023.6","-","-"
"2023/11/29","16:00","6.22","249","11.27","33.6","1022.8","-","-"
"2023/11/29","17:00","6.41","189","8.16","35.6","1021.7","-","-"
"2023/11/29","18:00","3.5","202","8.16","37.2","1020.5","-","-"
"2023/11/29","19:00","8.36","244","11.86","39","1019.4","-","-"
"2023/11/29","20:00","8.36","212","11.66","40.1","1019.1","-","-"
"2023/11/29","21:00","7.39","223","10.5","41","1019.3","-","-"
"2023/11/29","22:00","5.44","213","7","39.7","1019.2","-","-"
"2023/11/29","23:00","2.92","186","4.08","38.3","1019.2","-","-"
"2023/11/30","00:00","3.11","188","3.69","37.2","1019.5","-","-"
"2023/11/30","01:00","6.22","209","8.55","38.3","1019.6","-","-"
"2023/11/30","02:00","12.25","222","15.55","39.9","1019.7","-","-"
"2023/11/30","03:00","8.94","218","10.69","39.2","1019.9","-","-"
"2023/11/30","04:00","7.58","215","9.52","39.2","1019.7","-","-"
"2023/11/30","05:00","7.78","221","10.3","40.1","1019.3","-","-"
"2023/11/30","06:00","8.36","206","11.27","39.6","1019.1","-","-"
"2023/11/30","07:00","5.64","221","7.78","39.7","1019.5","-","-"
"2023/11/30","08:00","4.67","245","6.41","38.5","1019.8","-","-"
"2023/11/30","09:00","4.08","246","5.64","36.9","1020","-","-"
"2023/11/30","10:00","5.83","249","6.8","35.8","1020.6","-","-"
"2023/11/30","11:00","2.53","236","5.05","36.1","1021.3","-","-"
"2023/11/30","12:00","2.53","202","4.28","32.7","1021.9","-","-"
"2023/11/30","13:00","1.17","234","1.75","36.9","1022.4","-","-"
"2023/11/30","14:00","3.69","226","5.44","41","1022.5","-","-"
"2023/11/30","15:00","3.3","190","4.86","44.8","1022.8","-","-"
"2023/11/30","16:00","1.75","31","2.53","46.9","1022.5","-","-"
"2023/11/30","17:00","3.11","50","3.69","47.8","1021.6","-","-"
"2023/11/30","18:00","6.22","66","7.19","49.1","1020.9","-","-"
"2023/11/30","19:00","3.11","172","5.44","53.1","1020.8","-","-"
"2023/11/30","20:00","7.39","155","10.11","54.7","1020.4","-","-"
"2023/11/30","21:00","4.28","176","7","55.2","1020.6","-","-"
"2023/11/30","22:00","5.25","131","7.78","50","1020.6","-","-"
"2023/11/30","23:00","4.86","149","6.03","48.7","1020.7","-","-"
"2023/12/01","00:00","3.89","170","4.67","47.3","1021","-","-"
"2023/12/01","01:00","7","172","8.36","48.2","1020.8","-","-"
"2023/12/01","02:00","5.44","180","7","47.7","1021.1","-","-"
"2023/12/01","03:00","7.58","192","10.5","47.5","1021.3","-","-"
"2023/12/01","04:00","9.72","199","11.86","46.8","1021.3","-","-"
"2023/12/01","05:00","6.8","197","8.16","45.7","1021","-","-"
"2023/12/01","06:00","7.97","207","9.91","45.1","1020.9","-","-"
"2023/12/01","07:00","8.16","212","9.91","45","1021","-","-"
"2023/12/01","08:00","7.97","205","9.33","43.9","1021.2","-","-"
"2023/12/01","09:00","8.75","211","11.27","44.1","1020.8","-","-"
"2023/12/01","10:00","8.16","208","10.5","43.9","1021.2","-","-"
"2023/12/01","11:00","8.36","202","9.33","42.4","1021.3","-","-"
"2023/12/01","12:00","7.58","207","8.75","42.3","1021.4","-","-"
"2023/12/01","13:00","4.67","202","6.22","44.2","1021.6","-","-"
"2023/12/01","14:00","5.64","196","7.58","48.9","1021.6","-","-"
"2023/12/01","15:00","3.69","203","5.44","52","1021.7","-","-"
"2023/12/01","16:00","4.28","180","6.8","54.5","1021","-","-"
"2023/12/01","17:00","7.97","185","11.08","57.7","1019.8","-","-"
"2023/12/01","18:00","6.61","192","9.14","57.2","1019.6","-","-"
"2023/12/01","19:00","2.72","159","4.86","56.8","1018.7","-","-"
"2023/12/01","20:00","5.83","151","6.61","56.8","1018","-","-"
"2023/12/01","21:00","9.33","147","12.83","58.1","1016.7","-","-"
"2023/12/01","22:00","8.55","165","11.86","57.6","1016.8","-","-"
"2023/12/01","23:00","8.94","163","13.41","59","1016.4","-","-"
"2023/12/02","00:00","7.97","170","14.58","60.4","1016.3","-","-"
"2023/12/02","01:00","8.55","183","13.41","61.7","1016.1","-","-"
"2023/12/02","02:00","7.78","176","11.27","61.2","1016","-","-"
"2023/12/02","03:00","9.14","261","11.86","61.3","1016.7","-","-"
"2023/12/02","04:00","2.33","194","3.69","59.2","1016.2","-","-"
"2023/12/02","05:00","1.75","164","2.33","58.6","1015.9","-","-"
"2023/12/02","06:00","5.64","202","7.19","61.9","1015.8","-","-"
"2023/12/02","07:00","5.83","188","8.16","62.4","1015.6","-","-"
"2023/12/02","08:00","7.19","201","10.69","63.5","1015.3","-","-"
"2023/12/02","09:00","2.92","208","4.86","63.3","1015.2","-","-"
"2023/12/02","10:00","4.08","195","5.05","63.7","1015.3","-","-"
"2023/12/02","11:00","4.86","203","7.39","63.9","1015.6","-","-"
"2023/12/02","12:00","6.41","199","9.33","64.4","1015.7","-","-"
"2023/12/02","13:00","6.22","229","7.58","64.4","1015.8","-","-"
"2023/12/02","14:00","7.19","211","8.94","64.8","1016.3","-","-"
"2023/12/02","15:00","7","220","9.52","65.5","1016.3","-","-"
"2023/12/02","16:00","6.22","238","11.08","66.7","1015.8","-","-"
"2023/12/02","17:00","8.75","250","11.66","66","1015.2","-","-"
"2023/12/02","18:00","7","258","10.3","65.5","1014.7","-","-"
"2023/12/02","19:00","7.97","269","9.52","65.5","1014.4","-","-"
"2023/12/02","20:00","1.94","248","4.47","63.7","1014","-","-"
"2023/12/02","21:00","1.94","168","2.72","64.4","1013.6","-","-"
"2023/12/02","22:00","3.3","89","4.28","57.4","1014.4","-","-"
"2023/12/02","23:00","3.69","42","3.89","54.3","1014.2","-","-"
"2023/12/03","00:00","7.78","90","9.33","54.3","1014.1","-","-"
"2023/12/03","01:00","5.25","130","5.83","54.1","1013.9","-","-"
"2023/12/03","02:00","3.11","96","3.5","55.4","1013.7","-","-"
"2023/12/03","03:00","0","71","0","55.6","1013.2","-","-"
"2023/12/03","04:00","1.94","117","2.72","54.3","1012.1","-","-"
"2023/12/03","05:00","3.11","91","3.5","54.9","1011.4","-","-"
"2023/12/03","06:00","4.28","81","4.67","54","1010.3","-","-"
"2023/12/03","07:00","2.72","123","3.11","54.1","1009.8","-","-"
"2023/12/03","08:00","0.39","115","1.94","55.4","1009.1","-","-"
"2023/12/03","09:00","2.53","112","3.89","55","1008","-","-"
"2023/12/03","10:00","3.11","137","3.89","55.9","1007.3","-","-"
"2023/12/03","11:00","2.53","165","3.89","56.5","1007.1","-","-"
"2023/12/03","12:00","5.25","181","7.78","61.7","1006.4","-","-"
"2023/12/03","13:00","5.44","199","9.33","62.8","1005.8","-","-"
"2023/12/03","14:00","5.83","221","13.02","63.7","1005.9","-","-"
"2023/12/03","15:00","8.36","226","11.27","65.7","1005.7","-","-"
"2023/12/03","16:00","8.55","239","10.89","66.4","1005","-","-"
"2023/12/03","17:00","7.39","228","10.69","66.9","1003.8","-","-"
"2023/12/03","18:00","7","224","9.91","67.3","1003.3","-","-"
"2023/12/03","19:00","7","242","10.5","67.5","1003.3","-","-"
"2023/12/03","20:00","7.97","222","12.25","68","1002.8","-","-"
"2023/12/03","21:00","8.16","229","12.05","67.5","1003.5","-","-"
"2023/12/03","22:00","5.83","223","9.72","66.6","1003.8","-","-"
"2023/12/03","23:00","7.19","224","8.36","66.4","1003.9","-","-"
"2023/12/04","00:00","7.39","227","8.94","65.7","1004.3","-","-"
"2023/12/04","01:00","8.55","243","12.05","65.7","1004.9","-","-"
"2023/12/04","02:00","11.27","249","15.75","65.7","1005.3","-","-"
"2023/12/04","03:00","10.89","250","14.38","64.2","1005.7","-","-"
"2023/12/04","04:00","9.14","242","11.86","62.4","1006.1","-","-"
"2023/12/04","05:00","10.5","254","13.22","61.3","1006.5","-","-"
"2023/12/04","06:00","7.97","315","8.75","58.3","1006.8","-","-"
"2023/12/04","07:00","7","316","7.97","55.6","1007.5","-","-"
"2023/12/04","08:00","6.22","299","7","54.7","1008.3","-","-"
"2023/12/04","09:00","6.41","278","7.97","56.1","1008.5","-","-"
"2023/12/04","10:00","1.17","258","1.75","52.7","1008.9","-","-"
"2023/12/04","11:00","1.17","354","3.89","51.6","1009.5","-","-"
"2023/12/04","12:00","1.75","176","2.72","49.1","1009.7","-","-"
"2023/12/04","13:00","1.75","171","2.53","49.6","1010.2","-","-"
"2023/12/04","14:00","3.89","148","5.25","53.2","1010.3","-","-"
"2023/12/04","15:00","3.5","127","5.05","55.2","1010.6","-","-"
"2023/12/04","16:00","2.92","127","7.58","57","1010.4","-","-"
"2023/12/04","17:00","10.3","70","11.27","54","1009.1","-","-"
"2023/12/04","18:00","9.52","72","10.3","54.7","1008.2","-","-"
"2023/12/04","19:00","9.33","77","10.89","54","1007.4","-","-"
"2023/12/04","20:00","7","105","8.75","54.5","1007.2","-","-"
"2023/12/04","21:00","2.33","117","3.69","56.7","1007.7","-","-"
"2023/12/04","22:00","1.17","208","1.56","53.1","1009.1","-","-"
"2023/12/04","23:00","2.33","217","2.53","49.8","1010.4","-","-"
"2023/12/05","00:00","2.92","287","3.5","49.6","1011.3","-","-"
"2023/12/05","01:00","5.25","302","5.83","50.5","1012","-","-"
"2023/12/05","02:00","4.08","327","4.47","50.5","1012.4","-","-"
"2023/12/05","03:00","2.33","308","3.11","49.3","1013.1","-","-"
"2023/12/05","04:00","2.33","266","2.92","46.2","1013.7","-","-"
"2023/12/05","05:00","1.36","272","1.75","45","1013.6","-","-"
"2023/12/05","06:00","5.64","324","6.41","46.2","1014.2","-","-"
"2023/12/05","07:00","4.67","340","5.44","46.4","1014.7","-","-"
"2023/12/05","08:00","4.08","332","5.83","45.9","1015.7","-","-"
"2023/12/05","09:00","2.14","321","3.11","45","1015.8","-","-"
"2023/12/05","10:00","4.28","346","7","46.4","1016","-","-"
"2023/12/05","11:00","5.83","5","7.39","44.4","1016.8","-","-"
"2023/12/05","12:00","3.11","22","4.08","45.5","1017.5","-","-"
"2023/12/05","13:00","2.92","353","3.89","46.6","1017.9","-","-"
"2023/12/05","14:00","4.08","339","5.44","46.8","1017.8","-","-"
"2023/12/05","15:00","5.05","29","6.03","47.5","1017.6","-","-"
"2023/12/05","16:00","4.28","59","6.22","48.4","1017.3","-","-"
"2023/12/05","17:00","6.41","76","7.78","48","1016.2","-","-"
"2023/12/05","18:00","7.97","83","8.94","47.8","1015.3","-","-"
"2023/12/05","19:00","7.58","81","8.75","48.2","1014.3","-","-"
"2023/12/05","20:00","7.97","87","8.94","48.6","1014","-","-"
"2023/12/05","21:00","7","83","8.55","48.6","1014.1","-","-"
"2023/12/05","22:00","8.16","70","8.94","48.2","1014.4","-","-"
"2023/12/05","23:00","7","26","8.16","47.8","1014.5","-","-"
"2023/12/06","00:00","6.8","46","7.39","47.8","1014.1","-","-"
"2023/12/06","01:00","10.69","73","13.41","48.6","1013.2","-","-"
"2023/12/06","02:00","9.52","65","10.89","48.6","1013.1","-","-"
"2023/12/06","03:00","6.03","41","7.58","47.1","1012.9","-","-"
"2023/12/06","04:00","9.14","70","10.11","48.2","1012.4","-","-"
"2023/12/06","05:00","7.58","67","8.94","48.2","1012.2","-","-"
"2023/12/06","06:00","10.5","67","11.66","48.2","1011.5","-","-"
"2023/12/06","07:00","6.8","9","7.39","45.9","1011.7","-","-"
"2023/12/06","08:00","7","343","8.94","44.2","1012.2","-","-"
"2023/12/06","09:00","8.16","6","9.91","43.9","1011.6","-","-"
"2023/12/06","10:00","8.75","16","10.11","43.5","1011.8","-","-"
"2023/12/06","11:00","6.61","352","7.58","44.4","1012.5","-","-"
"2023/12/06","12:00","6.61","346","8.16","43.3","1013.3","-","-"
"2023/12/06","13:00","9.91","344","12.25","42.1","1014.4","-","-"
"2023/12/06","14:00","11.66","345","13.22","41.4","1015.2","-","-"
"2023/12/06","15:00","11.47","322","13.61","41","1015.9","-","-"
"2023/12/06","16:00","12.83","336","20.22","41","1016","-","-"
"2023/12/06","17:00","9.91","323","14.19","42.3","1015.4","-","-"
"2023/12/06","18:00","15.55","336","19.44","43.7","1015.1","-","-"
"2023/12/06","19:00","14.19","337","21.38","44.8","1015","-","-"
"2023/12/06","20:00","16.33","332","19.83","44.4","1015.5","-","-"
"2023/12/06","21:00","17.88","321","25.46","45","1016","-","-"
"2023/12/06","22:00","14","330","16.91","44.4","1016.9","-","-"
"2023/12/06","23:00","13.8","334","18.08","43.9","1017.6","-","-"
"2023/12/07","00:00","10.69","327","13.41","43.3","1018.6","-","-"
"2023/12/07","01:00","14.19","338","18.47","42.4","1019","-","-"
"2023/12/07","02:00","13.22","326","17.69","41.9","1019.1","-","-"
"2023/12/07","03:00","17.49","327","20.6","42.1","1019.4","-","-"
"2023/12/07","04:00","14.19","318","18.27","41.5","1019.7","-","-"
"2023/12/07","05:00","14","322","17.69","41.2","1019.9","-","-"
"2023/12/07","06:00","11.66","324","14.19","40.1","1019.9","-","-"
"2023/12/07","07:00","11.86","327","16.13","40.3","1020","-","-"
"2023/12/07","08:00","6.22","256","7.78","37.2","1020.2","-","-"
"2023/12/07","09:00","7.58","267","8.36","36.3","1020.5","-","-"
"2023/12/07","10:00","7.19","289","8.75","38.3","1020.7","-","-"
"2023/12/07","11:00","6.61","264","7.78","36.3","1021","-","-"
"2023/12/07","12:00","2.53","275","4.08","35.6","1020.7","-","-"
"2023/12/07","13:00","4.86","265","5.83","37","1020.9","-","-"
"2023/12/07","14:00","2.33","252","3.3","40.3","1020.6","-","-"
"2023/12/07","15:00","8.55","234","11.86","43","1021","-","-"
"2023/12/07","16:00","6.8","225","8.16","43.9","1020.3","-","-"
"2023/12/07","17:00","8.94","242","17.69","45.1","1018.7","-","-"
"2023/12/07","18:00","9.91","229","13.22","46.4","1017.4","-","-"
"2023/12/07","19:00","5.05","241","13.61","47.7","1016.6","-","-"
"2023/12/07","20:00","11.47","216","13.61","48.2","1015.7","-","-"
"2023/12/07","21:00","7.19","214","11.27","48.6","1015.7","-","-"
"2023/12/07","22:00","5.05","211","7.78","48.4","1016.2","-","-"
"2023/12/07","23:00","2.33","187","3.5","46.9","1016.5","-","-"
"2023/12/08","00:00","3.3","191","7","46.4","1016.6","-","-"
"2023/12/08","01:00","4.28","174","5.44","46","1016.6","-","-"
"2023/12/08","02:00","5.44","211","7.19","46.4","1016.9","-","-"
"2023/12/08","03:00","6.8","217","9.14","46","1016.8","-","-"
"2023/12/08","04:00","10.3","218","16.33","46.2","1016.5","-","-"
"2023/12/08","05:00","8.16","234","13.22","45.7","1016.5","-","-"
"2023/12/08","06:00","7.78","244","10.3","45","1016.9","-","-"
"2023/12/08","07:00","5.05","246","7.19","44.1","1017.2","-","-"
"2023/12/08","08:00","4.28","261","5.25","43.2","1017.8","-","-"
"2023/12/08","09:00","1.17","254","2.33","42.1","1018.1","-","-"
"2023/12/08","10:00","1.36","171","1.94","41","1018.6","-","-"
"2023/12/08","11:00","1.94","192","2.14","39.4","1019.2","-","-"
"2023/12/08","12:00","2.14","230","3.5","39.9","1019.8","-","-"
"2023/12/08","13:00","0.78","224","2.53","41.7","1020.2","-","-"
"2023/12/08","14:00","1.17","303","1.56","45","1020.7","-","-"
"2023/12/08","15:00","0","17","1.36","48.2","1021.5","-","-"
"2023/12/08","16:00","7","98","7.58","52","1020.8","-","-"
"2023/12/08","17:00","8.36","72","9.52","50.4","1020","-","-"
"2023/12/08","18:00","11.66","73","12.25","50","1019.5","-","-"
"2023/12/08","19:00","8.16","77","8.94","50.7","1019","-","-"
"2023/12/08","20:00","10.3","72","10.69","50.7","1018.9","-","-"
"2023/12/08","21:00","7.19","82","8.16","51.3","1019.2","-","-"
"2023/12/08","22:00","3.69","148","3.89","51.3","1019.6","-","-"
"2023/12/08","23:00","2.53","140","2.92","48.9","1019.7","-","-"
"2023/12/09","00:00","2.92","148","5.25","49.6","1019.8","-","-"
"2023/12/09","01:00","3.69","198","4.47","48.6","1020.1","-","-"
"2023/12/09","02:00","5.25","171","6.8","50","1020.1","-","-"
"2023/12/09","03:00","4.67","187","7.58","49.8","1020.5","-","-"
"2023/12/09","04:00","5.05","191","6.41","49.3","1020.8","-","-"
"2023/12/09","05:00","5.83","195","7.78","48.7","1020.6","-","-"
"2023/12/09","06:00","4.28","189","6.41","48","1020.4","-","-"
"2023/12/09","07:00","3.69","181","4.86","47.5","1020.2","-","-"
"2023/12/09","08:00","5.25","204","6.41","47.3","1020.5","-","-"
"2023/12/09","09:00","4.86","196","6.41","46.6","1020.3","-","-"
"2023/12/09","10:00","3.5","191","5.64","47.3","1020.4","-","-"
"2023/12/09","11:00","4.86","196","6.41","47.5","1020.7","-","-"
"2023/12/09","12:00","5.44","193","7.78","47.8","1021","-","-"
"2023/12/09","13:00","6.22","196","9.14","48.4","1021.2","-","-"
"2023/12/09","14:00","8.16","199","9.91","51.1","1021.6","-","-"
"2023/12/09","15:00","7.58","203","12.05","54","1021.9","-","-"
"2023/12/09","16:00","9.52","211","14.58","57.2","1021.2","-","-"
"2023/12/09","17:00","12.83","213","18.08","60.6","1020.4","-","-"
"2023/12/09","18:00","11.08","237","19.24","63","1019.8","-","-"
"2023/12/09","19:00","9.52","220","15.36","64.9","1019.4","-","-"
"2023/12/09","20:00","7.78","243","14","65.7","1019.1","-","-"
"2023/12/09","21:00","6.61","200","10.3","65.3","1018.9","-","-"
"2023/12/09","22:00","4.86","176","7.58","64","1018.9","-","-"
"2023/12/09","23:00","5.05","184","6.61","63.7","1019.3","-","-"
"2023/12/10","00:00","0.19","178","1.56","61.3","1019.9","-","-"
"2023/12/10","01:00","3.89","172","7.19","62.8","1019.9","-","-"
"2023/12/10","02:00","5.83","164","8.36","61.5","1019.4","-","-"
"2023/12/10","03:00","11.47","185","15.16","62.1","1018.7","-","-"
"2023/12/10","04:00","7.19","179","9.72","61.5","1018.7","-","-"
"2023/12/10","05:00","9.52","180","11.66","61.9","1018","-","-"
"2023/12/10","06:00","8.36","203","13.61","61.7","1017.5","-","-"
"2023/12/10","07:00","8.16","182","12.25","61.3","1017","-","-"
"2023/12/10","08:00","8.36","181","13.22","61","1016","-","-"
"2023/12/10","09:00","8.36","181","10.89","61","1015.2","-","-"
"2023/12/10","10:00","8.75","178","13.22","61.2","1014.3","-","-"
"2023/12/10","11:00","8.55","181","14","61.9","1014.2","-","-"
"2023/12/10","12:00","6.03","167","8.16","60.6","1013.9","-","-"
"2023/12/10","13:00","6.03","165","8.36","61.3","1013.5","-","-"
"2023/12/10","14:00","9.91","176","17.49","65.7","1013.4","-","-"
"2023/12/10","15:00","11.66","167","18.66","67.1","1012.4","-","-"
"2023/12/10","16:00","11.66","185","15.94","64.8","1011.6","-","-"
"2023/12/10","17:00","7.58","188","12.25","65.7","1011","-","-"
"2023/12/10","18:00","12.25","167","14.77","65.7","1009.5","-","-"
"2023/12/10","19:00","12.63","162","16.13","65.5","1008","-","-"
"2023/12/10","20:00","10.3","161","14.77","64.6","1007","-","-"
"2023/12/10","21:00","13.02","156","15.94","64.9","1006.2","-","-"
"2023/12/10","22:00","11.08","163","16.13","65.7","1005.6","-","-"
"2023/12/10","23:00","12.44","175","24.1","66.6","1005.4","-","-"
"2023/12/11","00:00","10.5","189","15.75","66.2","1004.8","-","-"
"2023/12/11","01:00","10.5","186","13.22","66","1004.2","-","-"
"2023/12/11","02:00","10.69","176","17.88","65.5","1003","-","-"
"2023/12/11","03:00","17.69","179","23.91","65.8","1001.4","-","-"
"2023/12/11","04:00","10.69","187","16.72","66","1001.3","-","-"
"2023/12/11","05:00","18.86","325","26.44","49.1","1004.4","-","-"
"2023/12/11","06:00","22.35","339","28.77","45","1005.7","-","-"
"2023/12/11","07:00","17.69","336","21.58","44.1","1005.8","-","-"
"2023/12/11","08:00","18.66","313","24.1","43.2","1006.6","-","-"
"2023/12/11","09:00","23.91","321","27.99","41","1007.6","-","-"
"2023/12/11","10:00","18.08","323","20.99","38.5","1008.3","-","-"
"2023/12/11","11:00","21.38","319","28.77","39.2","1009","-","-"
"2023/12/11","12:00","23.71","321","29.74","38.7","1010.7","-","-"
"2023/12/11","13:00","20.22","327","25.46","39.6","1012.6","-","-"
"2023/12/11","14:00","15.36","297","19.63","39.7","1013.6","-","-"
"2023/12/11","15:00","19.24","306","21.97","42.4","1014.7","-","-"
"2023/12/11","16:00","20.41","318","25.08","44.4","1014.2","-","-"
"2023/12/11","17:00","23.13","314","27.41","45.3","1014.5","-","-"
"2023/12/11","18:00","20.41","316","24.3","46.9","1015.5","-","-"
"2023/12/11","19:00","16.33","326","20.02","46.9","1016.3","-","-"
"2023/12/11","20:00","11.66","306","14.58","47.5","1016.9","-","-"
"2023/12/11","21:00","8.94","288","14","47.3","1018.2","-","-"
"2023/12/11","22:00","3.3","236","4.47","45.7","1019.4","-","-"
"2023/12/11","23:00","5.05","247","6.41","44.6","1020.8","-","-"
"2023/12/12","00:00","4.86","242","5.64","43.5","1021.7","-","-"
"2023/12/12","01:00","7","291","9.14","44.6","1022.8","-","-"
"2023/12/12","02:00","7.39","330","9.33","43.5","1023.9","-","-"
"2023/12/12","03:00","7.58","319","9.14","41.4","1025.1","-","-"
"2023/12/12","04:00","7.19","328","9.72","40.6","1025.5","-","-"
"2023/12/12","05:00","6.22","339","7.97","39.9","1026","-","-"
"2023/12/12","06:00","4.67","349","6.22","39.4","1026.1","-","-"
"2023/12/12","07:00","6.22","334","7.19","38.8","1026.8","-","-"
"2023/12/12","08:00","3.89","345","6.22","38.8","1027.4","-","-"
"2023/12/12","09:00","5.25","346","6.22","37.9","1027.6","-","-"
"2023/12/12","10:00","5.44","359","6.61","37.4","1027.9","-","-"
"2023/12/12","11:00","6.22","1","7.39","37.8","1028.7","-","-"
"2023/12/12","12:00","5.05","343","6.03","37.9","1029.5","-","-"
"2023/12/12","13:00","2.14","330","3.11","38.8","1030.2","-","-"
"2023/12/12","14:00","2.33","267","3.11","40.3","1031.1","-","-"
"2023/12/12","15:00","0.58","325","0.97","43.9","1031.9","-","-"
"2023/12/12","16:00","2.92","28","4.08","43.5","1031.6","-","-"
"2023/12/12","17:00","3.5","15","4.28","44.4","1031.1","-","-"
"2023/12/12","18:00","1.75","48","2.72","46.2","1030.3","-","-"
"2023/12/12","19:00","4.08","71","5.25","45.9","1030.1","-","-"
"2023/12/12","20:00","3.11","67","4.47","47.1","1030.2","-","-"
"2023/12/12","21:00","2.14","338","2.92","48.7","1030.2","-","-"
"2023/12/12","22:00","2.53","242","3.11","46.6","1030.5","-","-"
"2023/12/12","23:00","1.56","180","1.75","43.9","1031","-","-"
"2023/12/13","00:00","2.14","161","2.72","41.5","1031.1","-","-"
"2023/12/13","01:00","5.83","206","6.61","43","1031.4","-","-"
"2023/12/13","02:00","4.08","237","6.61","44.2","1031.9","-","-"
"2023/12/13","03:00","4.28","209","5.25","42.1","1032.4","-","-"
"2023/12/13","04:00","6.8","213","8.16","42.1","1032.2","-","-"
"2023/12/13","05:00","3.5","236","7.78","42.8","1031.5","-","-"
"2023/12/13","06:00","5.05","213","6.41","40.8","1031","-","-"
"2023/12/13","07:00","4.67","223","7.78","41.5","1031.3","-","-"
"2023/12/13","08:00","3.5","231","4.86","41.5","1031.1","-","-"
"2023/12/13","09:00","4.28","243","5.25","39.9","1031","-","-"
"2023/12/13","10:00","2.72","267","3.5","38.7","1031.1","-","-"
"2023/12/13","11:00","3.3","224","4.67","39","1032","-","-"
"2023/12/13","12:00","4.08","201","4.67","37","1032.6","-","-"
"2023/12/13","13:00","2.14","266","3.5","38.7","1032.6","-","-"
"2023/12/13","14:00","3.69","270","4.47","41.2","1032.9","-","-"
"2023/12/13","15:00","7.58","306","8.75","43.5","1033.5","-","-"
"2023/12/13","16:00","10.11","303","10.89","44.1","1033.2","-","-"
"2023/12/13","17:00","7.78","298","9.52","46.4","1032.2","-","-"
"2023/12/13","18:00","7.78","296","8.55","49.1","1032","-","-"
"2023/12/13","19:00","6.8","311","7.58","50.4","1031.6","-","-"
"2023/12/13","20:00","1.75","302","3.11","52.5","1031.5","-","-"
"2023/12/13","21:00","2.72","78","3.89","53.6","1032.2","-","-"
"2023/12/13","22:00","7.19","89","8.55","49.1","1033","-","-"
"2023/12/13","23:00","6.61","54","7.78","48.6","1033.5","-","-"
"2023/12/14","00:00","1.36","297","2.53","45.9","1033.5","-","-"
"2023/12/14","01:00","3.69","22","4.28","46.8","1034.2","-","-"
"2023/12/14","02:00","3.89","344","5.25","45.5","1034.5","-","-"
"2023/12/14","03:00","4.47","328","5.25","45.3","1035","-","-"
"2023/12/14","04:00","5.44","342","6.8","44.4","1035.6","-","-"
"2023/12/14","05:00","6.8","329","10.3","42.6","1036.1","-","-"
"2023/12/14","06:00","5.83","355","7.97","42.1","1036.2","-","-"
"2023/12/14","07:00","6.03","336","8.36","41.2","1036.7","-","-"
"2023/12/14","08:00","7.19","346","8.75","40.5","1037.2","-","-"
"2023/12/14","09:00","6.41","345","8.36","39.6","1037.4","-","-"
"2023/12/14","10:00","5.64","355","7.97","39","1037.6","-","-"
"2023/12/14","11:00","7","351","8.75","38.5","1038","-","-"
"2023/12/14","12:00","7.19","360","8.36","38.5","1038.6","-","-"
"2023/12/14","13:00","6.22","348","7.19","39","1038.6","-","-"
"2023/12/14","14:00","7.78","358","9.52","40.3","1039.5","-","-"
"2023/12/14","15:00","4.47","2","5.83","41.9","1040","-","-"
"2023/12/14","16:00","7","13","8.16","43.2","1039.7","-","-"
"2023/12/14","17:00","0.39","37","1.75","44.8","1038.5","-","-"
"2023/12/14","18:00","5.05","90","6.8","43.9","1037.4","-","-"
"2023/12/14","19:00","6.61","63","8.75","43.7","1037","-","-"
"2023/12/14","20:00","3.89","70","5.05","44.8","1036.4","-","-"
"2023/12/14","21:00","2.92","125","5.44","45.3","1036.1","-","-"
"2023/12/14","22:00","3.3","126","4.08","43.3","1036.1","-","-"
"2023/12/14","23:00","3.3","139","4.28","41.5","1036","-","-"
"2023/12/15","00:00","2.92","156","3.5","40.3","1035.7","-","-"
"2023/12/15","01:00","3.89","179","5.05","40.1","1035.4","-","-"
"2023/12/15","02:00","4.08","191","5.05","39.6","1035","-","-"
"2023/12/15","03:00","5.64","200","5.83","39","1034.7","-","-"
"2023/12/15","04:00","6.41","206","7.19","38.5","1034.3","-","-"
"2023/12/15","05:00","6.8","203","7.39","37.4","1033.9","-","-"
"2023/12/15","06:00","3.11","203","5.05","37","1033.6","-","-"
"2023/12/15","07:00","0.58","157","1.56","37.4","1033.6","-","-"
"2023/12/15","08:00","0.78","176","4.08","37.8","1033.6","-","-"
"2023/12/15","09:00","8.75","219","10.89","38.8","1033.1","-","-"
"2023/12/15","10:00","5.25","237","7.58","38.5","1033.3","-","-"
"2023/12/15","11:00","8.75","226","12.44","39","1033.1","-","-"
"2023/12/15","12:00","3.3","286","5.05","39","1033.4","-","-"
"2023/12/15","13:00","4.28","276","5.64","39","1033.5","-","-"
"2023/12/15","14:00","5.25","271","6.61","42.4","1033.5","-","-"
"2023/12/15","15:00","3.69","269","5.44","46.6","1033.2","-","-"
"2023/12/15","16:00","5.25","311","5.64","46","1032.3","-","-"
"2023/12/15","17:00","4.67","280","5.64","49.6","1031.4","-","-"
"2023/12/15","18:00","3.11","283","5.44","52.3","1030.5","-","-"
"2023/12/15","19:00","3.69","300","4.67","55.8","1029.8","-","-"
"2023/12/15","20:00","4.47","309","5.83","55.8","1029.2","-","-"
"2023/12/15","21:00","2.92","292","3.69","57.4","1029","-","-"
"2023/12/15","22:00","1.94","213","2.33","53.8","1029","-","-"
"2023/12/15","23:00","3.89","237","4.47","49.3","1029.1","-","-"
"2023/12/16","00:00","3.69","217","4.28","47.8","1029.3","-","-"
"2023/12/16","01:00","0","96","0","45.7","1029","-","-"
"2023/12/16","02:00","1.17","170","1.56","44.4","1029.1","-","-"
"2023/12/16","03:00","2.14","210","2.92","43.7","1029.3","-","-"
"2023/12/16","04:00","1.17","266","2.14","43.2","1029.7","-","-"
"2023/12/16","05:00","1.17","203","1.75","41.5","1029.6","-","-"
"2023/12/16","06:00","7.19","270","8.16","46.8","1029.5","-","-"
"2023/12/16","07:00","5.44","277","6.41","46.2","1029.5","-","-"
"2023/12/16","08:00","5.64","294","6.61","44.2","1029","-","-"
"2023/12/16","09:00","2.53","273","4.08","44.8","1028.6","-","-"
"2023/12/16","10:00","5.44","299","5.83","43.7","1028.6","-","-"
"2023/12/16","11:00","2.72","284","4.67","43.3","1028.9","-","-"
"2023/12/16","12:00","3.69","280","5.25","42.3","1029.6","-","-"
"2023/12/16","13:00","3.89","289","4.86","42.6","1030.6","-","-"
"2023/12/16","14:00","3.5","304","4.67","44.4","1030.9","-","-"
"2023/12/16","15:00","1.56","292","2.14","47.5","1030.9","-","-"
"2023/12/16","16:00","3.89","112","4.86","50.4","1030.3","-","-"
"2023/12/16","17:00","6.8","98","7.78","49.8","1029.2","-","-"
"2023/12/16","18:00","4.67","92","6.22","49.6","1028.6","-","-"
"2023/12/16","19:00","1.36","135","1.75","52.5","1027.9","-","-"
"2023/12/16","20:00","5.44","64","5.64","50.7","1028","-","-"
"2023/12/16","21:00","5.05","90","7.39","49.6","1027.9","-","-"
"2023/12/16","22:00","3.5","95","5.25","48.4","1028.2","-","-"
"2023/12/16","23:00","1.75","101","3.11","47.8","1028","-","-"
"2023/12/17","00:00","0.78","159","1.17","45.7","1028.2","-","-"
"2023/12/17","01:00","0","112","0","44.8","1028.4","-","-"
"2023/12/17","02:00","1.36","86","2.14","45.7","1027.8","-","-"
"2023/12/17","03:00","7.39","55","8.94","47.5","1027.3","-","-"
"2023/12/17","04:00","9.33","58","10.69","47.7","1026.3","-","-"
"2023/12/17","05:00","4.47","38","6.41","47.3","1025.6","-","-"
"2023/12/17","06:00","3.5","55","5.83","47.5","1024.6","-","-"
"2023/12/17","07:00","1.94","34","2.92","48","1024.5","-","-"
"2023/12/17","08:00","2.14","344","2.72","47.3","1024.1","-","-"
"2023/12/17","09:00","2.33","344","2.53","47.1","1022.5","-","-"
"2023/12/17","10:00","1.94","15","3.11","47.7","1021.4","-","-"
"2023/12/17","11:00","2.53","11","2.92","49.1","1020.6","-","-"
"2023/12/17","12:00","4.08","54","4.28","49.6","1020.2","-","-"
"2023/12/17","13:00","2.53","87","3.11","49.8","1019.5","-","-"
"2023/12/17","14:00","2.14","69","3.11","50.2","1018.7","-","-"
"2023/12/17","15:00","5.25","93","5.64","50.4","1017.6","-","-"
"2023/12/17","16:00","6.8","72","7.78","52.3","1016.2","-","-"
"2023/12/17","17:00","8.16","101","10.11","54.5","1014.1","-","-"
"2023/12/17","18:00","4.47","56","4.86","51.8","1012.4","-","-"
"2023/12/17","19:00","4.86","47","6.03","51.1","1010.5","-","-"
"2023/12/17","20:00","5.44","117","7.78","52.5","1008.9","-","-"
"2023/12/17","21:00","15.36","49","16.91","54","1006.9","-","-"
"2023/12/17","22:00","19.05","48","21.38","54.1","1003.9","-","-"
"2023/12/17","23:00","24.3","60","29.16","54.3","1001","-","-"
"2023/12/18","00:00","21.38","87","27.02","55.6","999.3","-","-"
"2023/12/18","01:00","15.16","103","18.66","57","997.3","-","-"
"2023/12/18","02:00","19.24","130","27.8","61.7","994.9","-","-"
"2023/12/18","03:00","15.55","133","20.41","60.6","993.1","-","-"
"2023/12/18","04:00","12.05","95","15.16","60.3","990.6","-","-"
"2023/12/18","05:00","5.25","123","8.36","59.4","988.3","-","-"
"2023/12/18","06:00","6.22","163","6.61","58.8","987.2","-","-"
"2023/12/18","07:00","4.28","335","4.67","57","985.9","-","-"
"2023/12/18","08:00","18.66","319","20.02","54.9","985.8","-","-"
"2023/12/18","09:00","21.97","308","25.85","52.7","984.9","-","-"
"2023/12/18","10:00","20.6","308","22.94","52","985.4","-","-"
"2023/12/18","11:00","22.55","313","25.08","51.8","986.3","-","-"
"2023/12/18","12:00","20.41","308","23.91","53.2","987.9","-","-"
"2023/12/18","13:00","17.49","294","22.35","52.7","989.7","-","-"
"2023/12/18","14:00","14.77","279","18.66","53.6","991.6","-","-"
"2023/12/18","15:00","14.38","275","19.83","54.9","993.1","-","-"
"2023/12/18","16:00","17.69","281","22.74","56.1","993.6","-","-"
"2023/12/18","17:00","16.33","250","19.63","56.5","994.2","-","-"
"2023/12/18","18:00","14.97","245","23.13","57.4","994.9","-","-"
"2023/12/18","19:00","15.75","278","24.3","57.4","995.8","-","-"
"2023/12/18","20:00","14.77","256","20.41","57.6","996.9","-","-"
"2023/12/18","21:00","12.25","271","15.36","56.7","998","-","-"
"2023/12/18","22:00","11.86","251","15.75","54.9","999.5","-","-"
"2023/12/18","23:00","8.36","254","11.08","53.1","1001.2","-","-"
"2023/12/19","00:00","7.19","258","8.75","51.4","1002.6","-","-"
"2023/12/19","01:00","14.19","292","19.24","51.6","1003.8","-","-"
"2023/12/19","02:00","7.97","278","9.72","50.2","1004","-","-"
"2023/12/19","03:00","9.33","288","12.25","48.7","1005","-","-"
"2023/12/19","04:00","17.3","296","24.69","47.5","1006.7","-","-"
"2023/12/19","05:00","16.52","292","26.05","44.1","1007.8","-","-"
"2023/12/19","06:00","15.75","281","21.77","43","1008.7","-","-"
"2023/12/19","07:00","9.91","285","12.05","43.3","1008.9","-","-"
"2023/12/19","08:00","9.91","273","14.19","42.6","1009.9","-","-"
"2023/12/19","09:00","10.3","282","13.61","40.8","1010.7","-","-"
"2023/12/19","10:00","12.25","273","16.33","39.2","1011.9","-","-"
"2023/12/19","11:00","13.41","278","18.86","38.5","1013.5","-","-"
"2023/12/19","12:00","14.97","275","17.88","37.9","1014.8","-","-"
"2023/12/19","13:00","14.38","285","19.83","38.3","1016.3","-","-"
"2023/12/19","14:00","11.66","298","16.33","39.4","1017.7","-","-"
"2023/12/19","15:00","16.72","316","21.38","40.1","1018.9","-","-"
"2023/12/19","16:00","14.97","312","17.88","41","1019.3","-","-"
"2023/12/19","17:00","17.88","317","21.58","42.1","1019","-","-"
"2023/12/19","18:00","14.19","317","18.27","42.8","1019.1","-","-"
"2023/12/19","19:00","16.13","317","20.8","43.5","1019.5","-","-"
"2023/12/19","20:00","15.36","328","17.88","44.2","1020.3","-","-"
"2023/12/19","21:00","15.36","326","20.8","44.2","1021.4","-","-"
"2023/12/19","22:00","10.5","337","13.41","43.5","1022.3","-","-"
"2023/12/19","23:00","8.55","335","10.5","42.8","1023.5","-","-"
"2023/12/20","00:00","7.39","350","8.36","40.8","1024.6","-","-"
"2023/12/20","01:00","7","342","8.16","39.9","1025.4","-","-"
"2023/12/20","02:00","9.14","338","10.5","39","1026.4","-","-"
"2023/12/20","03:00","8.55","327","10.11","37.4","1027.2","-","-"
"2023/12/20","04:00","7.39","314","9.91","36.5","1027.9","-","-"
"2023/12/20","05:00","6.61","332","9.14","35.6","1027.8","-","-"
"2023/12/20","06:00","7.97","328","9.33","35.8","1028.2","-","-"
"2023/12/20","07:00","10.89","326","12.83","34.9","1028.3","-","-"
"2023/12/20","08:00","12.83","327","16.33","35.1","1028.7","-","-"
"2023/12/20","09:00","11.86","330","14.38","33.6","1028.5","-","-"
"2023/12/20","10:00","11.47","325","13.61","34.2","1028.5","-","-"
"2023/12/20","11:00","10.89","320","14.77","33.4","1029","-","-"
"2023/12/20","12:00","11.08","329","13.8","33.1","1029.7","-","-"
"2023/12/20","13:00","9.33","343","11.08","32.5","1029.9","-","-"
"2023/12/20","14:00","8.75","333","12.25","34","1030.5","-","-"
"2023/12/20","15:00","11.08","336","14.77","36","1031.1","-","-"
"2023/12/20","16:00","7.39","6","11.66","38.1","1030.3","-","-"
"2023/12/20","17:00","9.52","292","11.66","39.2","1029.1","-","-"
"2023/12/20","18:00","12.63","296","13.8","41.2","1028.4","-","-"
"2023/12/20","19:00","11.08","300","13.61","43.2","1028.1","-","-"
"2023/12/20","20:00","9.91","310","12.25","44.6","1028","-","-"
"2023/12/20","21:00","10.5","319","12.25","45.7","1028.4","-","-"
"2023/12/20","22:00","6.8","308","9.72","45.5","1028.4","-","-"
"2023/12/20","23:00","4.28","278","5.05","43.2","1028.6","-","-"
"2023/12/21","00:00","2.53","253","3.69","40.5","1028.8","-","-"
"2023/12/21","01:00","3.11","293","3.5","41.4","1029","-","-"
"2023/12/21","02:00","3.89","308","4.86","41","1029","-","-"
"2023/12/21","03:00","4.28","275","4.86","39.9","1029","-","-"
"2023/12/21","04:00","1.17","252","2.14","37.2","1028.5","-","-"
"2023/12/21","05:00","5.44","285","6.41","39.9","1028.5","-","-"
"2023/12/21","06:00","3.89","290","5.05","39.6","1028","-","-"
"2023/12/21","07:00","5.25","293","5.83","39.6","1028","-","-"
"2023/12/21","08:00","7.19","303","8.94","39.2","1028.2","-","-"
"2023/12/21","09:00","4.67","293","6.8","38.7","1028.3","-","-"
"2023/12/21","10:00","4.28","318","6.03","39.4","1028.4","-","-"
"2023/12/21","11:00","5.44","310","6.41","38.5","1028.8","-","-"
"2023/12/21","12:00","7.19","313","8.75","39","1029","-","-"
"2023/12/21","13:00","7.39","314","8.36","39.2","1029.3","-","-"
"2023/12/21","14:00","8.55","306","9.91","40.3","1029.9","-","-"
"2023/12/21","15:00","4.28","345","6.03","42.4","1030.2","-","-"
"2023/12/21","16:00","7.19","23","9.14","44.8","1029.7","-","-"
"2023/12/21","17:00","4.47","295","5.05","45.7","1028.7","-","-"
"2023/12/21","18:00","0.97","207","1.17","49.6","1028","-","-"
"2023/12/21","19:00","3.3","88","3.89","48.2","1027.8","-","-"
"2023/12/21","20:00","8.75","83","9.72","45.3","1027.6","-","-"
"2023/12/21","21:00","7.78","84","8.55","45.1","1027.8","-","-"
"2023/12/21","22:00","6.8","78","7.58","44.4","1028.2","-","-"
"2023/12/21","23:00","7","65","7.97","44.2","1028.1","-","-"
"2023/12/22","00:00","5.44","59","6.8","44.6","1028.3","-","-"
"2023/12/22","01:00","4.28","46","4.86","43.9","1028.6","-","-"
"2023/12/22","02:00","3.69","28","4.28","43.3","1028.5","-","-"
"2023/12/22","03:00","4.47","43","5.25","43.5","1028.7","-","-"
"2023/12/22","04:00","1.17","28","1.56","39.9","1028.5","-","-"
"2023/12/22","05:00","1.36","237","1.75","38.7","1028.3","-","-"
"2023/12/22","06:00","1.36","211","1.75","36.7","1028","-","-"
"2023/12/22","07:00","3.11","272","3.5","37.8","1028.4","-","-"
"2023/12/22","08:00","2.72","254","3.11","38.7","1028.2","-","-"
"2023/12/22","09:00","1.17","228","1.94","37.2","1027.6","-","-"
"2023/12/22","10:00","1.94","260","2.92","37.9","1027.7","-","-"
"2023/12/22","11:00","2.92","273","3.3","38.7","1028.5","-","-"
"2023/12/22","12:00","2.92","301","3.89","39.9","1028.7","-","-"
"2023/12/22","13:00","2.33","322","2.92","39.4","1028.9","-","-"
"2023/12/22","14:00","2.72","331","3.11","40.5","1029.3","-","-"
"2023/12/22","15:00","0.97","304","1.75","43.3","1029.7","-","-"
"2023/12/22","16:00","1.36","37","2.33","44.8","1029.5","-","-"
"2023/12/22","17:00","5.25","69","6.41","45","1028.6","-","-"
"2023/12/22","18:00","7.39","70","8.55","45.1","1028","-","-"
"2023/12/22","19:00","7.58","70","8.75","45.3","1027.7","-","-"
"2023/12/22","20:00","7.58","77","7.97","45.9","1027.8","-","-"
"2023/12/22","21:00","5.44","97","6.22","46.9","1027.8","-","-"
"2023/12/22","22:00","4.47","92","4.86","45.3","1028","-","-"
"2023/12/22","23:00","1.75","136","3.11","44.1","1028.3","-","-"
"2023/12/23","00:00","2.72","133","3.69","43.5","1028.5","-","-"
"2023/12/23","01:00","2.92","139","3.5","43.5","1028.8","-","-"
"2023/12/23","02:00","1.36","130","2.14","43.3","1029.1","-","-"
"2023/12/23","03:00","1.36","198","1.36","42.6","1029.2","-","-"
"2023/12/23","04:00","0.19","176","0.58","41.7","1028.9","-","-"
"2023/12/23","05:00","0","214","0.19","40.6","1028.6","-","-"
"2023/12/23","06:00","0","276","0","40.5","1028.6","-","-"
"2023/12/23","07:00","1.17","238","1.36","39.9","1028.7","-","-"
"2023/12/23","08:00","0","235","0.78","39.7","1028.7","-","-"
"2023/12/23","09:00","0.78","240","1.36","38.8","1028.6","-","-"
"2023/12/23","10:00","0.78","272","1.56","39.4","1028.8","-","-"
"2023/12/23","11:00","0.78","220","1.17","38.8","1029","-","-"
"2023/12/23","12:00","0","228","0.97","38.8","1029.4","-","-"
"2023/12/23","13:00","0.58","260","0.97","39","1029.6","-","-"
"2023/12/23","14:00","1.75","307","2.14","41.7","1030","-","-"
"2023/12/23","15:00","0","306","0","47.5","1030.1","-","-"
"2023/12/23","16:00","6.22","66","7.39","46.9","1029.7","-","-"
"2023/12/23","17:00","7.97","60","8.94","47.1","1028.8","-","-"
"2023/12/23","18:00","8.94","74","9.33","48","1028","-","-"
"2023/12/23","19:00","8.94","76","9.91","48.6","1027.6","-","-"
"2023/12/23","20:00","6.41","98","7.78","49.6","1027.5","-","-"
"2023/12/23","21:00","5.83","98","6.61","48.7","1027.4","-","-"
"2023/12/23","22:00","3.3","105","4.86","47.8","1027.6","-","-"
"2023/12/23","23:00","4.28","94","4.67","47.3","1027.9","-","-"
"2023/12/24","00:00","5.25","86","5.83","47.3","1028.2","-","-"
"2023/12/24","01:00","4.86","112","6.22","46.9","1028","-","-"
"2023/12/24","02:00","1.94","133","4.08","46.2","1028","-","-"
"2023/12/24","03:00","0.97","164","1.36","44.6","1028.2","-","-"
"2023/12/24","04:00","0.19","167","0.58","43.3","1027.9","-","-"
"2023/12/24","05:00","0","138","0.78","43.3","1027.6","-","-"
"2023/12/24","06:00","0","139","0","42.6","1027.2","-","-"
"2023/12/24","07:00","0","141","0","42.1","1027.3","-","-"
"2023/12/24","08:00","0","144","0","41.7","1027.3","-","-"
"2023/12/24","09:00","0","143","0.78","41.7","1027.1","-","-"
"2023/12/24","10:00","0","222","0.78","41.4","1027.1","-","-"
"2023/12/24","11:00","0.39","181","0.97","40.8","1027.5","-","-"
"2023/12/24","12:00","1.94","309","2.14","41.7","1027.7","-","-"
"2023/12/24","13:00","0.78","152","1.17","41.9","1028","-","-"
"2023/12/24","14:00","1.36","89","1.75","44.6","1028.4","-","-"
"2023/12/24","15:00","2.72","63","3.5","46.2","1028.8","-","-"
"2023/12/24","16:00","5.25","58","5.64","47.7","1028.5","-","-"
"2023/12/24","17:00","7.78","63","8.36","48","1027.7","-","-"
"2023/12/24","18:00","6.61","63","7.97","49.3","1026.9","-","-"
"2023/12/24","19:00","9.14","48","9.91","49.3","1026.4","-","-"
"2023/12/24","20:00","7.97","65","8.36","50.2","1026","-","-"
"2023/12/24","21:00","6.22","52","6.61","49.6","1026.1","-","-"
"2023/12/24","22:00","3.11","136","4.08","51.6","1025.8","-","-"
"2023/12/24","23:00","3.5","138","4.08","49.8","1025.9","-","-"
"2023/12/25","00:00","1.36","73","1.56","48.7","1026.4","-","-"
"2023/12/25","01:00","4.08","49","4.67","47.7","1026.7","-","-"
"2023/12/25","02:00","0.97","356","1.36","46.9","1026.6","-","-"
"2023/12/25","03:00","0.78","74","1.75","45.9","1026.5","-","-"
"2023/12/25","04:00","0.58","163","1.17","45.1","1026.6","-","-"
"2023/12/25","05:00","0","161","0.19","44.6","1026.1","-","-"
"2023/12/25","06:00","0.78","161","1.17","44.1","1025.9","-","-"
"2023/12/25","07:00","0.78","161","1.17","43.5","1026.1","-","-"
"2023/12/25","08:00","0.39","161","0.78","44.2","1026.2","-","-"
"2023/12/25","09:00","0","161","0","45","1025.9","-","-"
"2023/12/25","10:00","0","168","0","45","1025.9","-","-"
"2023/12/25","11:00","0.78","80","1.75","45.3","1026.2","-","-"
"2023/12/25","12:00","1.94","270","2.14","44.8","1026.7","-","-"
"2023/12/25","13:00","0.39","245","0.97","45","1026.9","-","-"
"2023/12/25","14:00","1.17","105","1.94","48.6","1027.1","-","-"
"2023/12/25","15:00","5.05","51","5.25","48.4","1027.6","-","-"
"2023/12/25","16:00","5.83","54","7.19","48.9","1027.2","-","-"
"2023/12/25","17:00","4.67","84","5.64","51.4","1026.6","-","-"
"2023/12/25","18:00","7","126","9.52","55.8","1025.9","-","-"
"2023/12/25","19:00","7.39","77","8.94","51.3","1025.3","-","-"
"2023/12/25","20:00","4.67","78","4.86","50.9","1025.5","-","-"
"2023/12/25","21:00","6.8","74","7","50.4","1025.6","-","-"
"2023/12/25","22:00","5.25","82","6.8","49.1","1025.6","-","-"
"2023/12/25","23:00","6.41","76","7.58","49.3","1025.4","-","-"
"2023/12/26","00:00","3.5","98","4.28","48.7","1025.8","-","-"
"2023/12/26","01:00","5.64","81","6.61","48.6","1025.5","-","-"
"2023/12/26","02:00","5.83","77","6.41","48.2","1025.3","-","-"
"2023/12/26","03:00","6.8","78","8.36","48.4","1024.9","-","-"
"2023/12/26","04:00","5.83","65","6.8","48.2","1024.9","-","-"
"2023/12/26","05:00","5.25","70","7.39","48.2","1024.4","-","-"
"2023/12/26","06:00","5.05","71","5.83","48.2","1024","-","-"
"2023/12/26","07:00","4.47","68","5.05","48.4","1024.1","-","-"
"2023/12/26","08:00","9.14","65","10.89","48.2","1023.9","-","-"
"2023/12/26","09:00","8.75","81","11.08","47.5","1023.2","-","-"
"2023/12/26","10:00","8.94","76","10.5","47.7","1022.7","-","-"
"2023/12/26","11:00","5.25","66","6.41","48","1023.1","-","-"
"2023/12/26","12:00","4.86","51","6.03","48.2","1023.3","-","-"
"2023/12/26","13:00","3.5","40","3.89","48.2","1023.5","-","-"
"2023/12/26","14:00","2.72","49","3.3","48.4","1023.8","-","-"
"2023/12/26","15:00","5.83","58","6.41","48.6","1023.6","-","-"
"2023/12/26","16:00","5.44","83","6.22","48.9","1023.3","-","-"
"2023/12/26","17:00","5.44","81","6.03","49.1","1022.1","-","-"
"2023/12/26","18:00","6.22","79","7","49.5","1021.1","-","-"
"2023/12/26","19:00","5.64","82","6.61","50","1020.2","-","-"
"2023/12/26","20:00","5.25","101","6.61","50","1020.2","-","-"
"2023/12/26","21:00","4.67","101","5.05","49.6","1020","-","-"
"2023/12/26","22:00","4.28","119","4.86","49.1","1019.7","-","-"
"2023/12/26","23:00","5.83","76","7.58","49.8","1019.7","-","-"
"2023/12/27","00:00","4.08","74","6.03","49.6","1019.7","-","-"
"2023/12/27","01:00","7","70","7.97","50","1019.5","-","-"
"2023/12/27","02:00","4.28","65","4.67","49.6","1019.4","-","-"
"2023/12/27","03:00","4.28","70","5.44","49.5","1018.9","-","-"
"2023/12/27","04:00","2.53","46","2.72","50","1018.8","-","-"
"2023/12/27","05:00","1.36","64","1.75","50","1017.9","-","-"
"2023/12/27","06:00","3.69","345","3.89","50.5","1017.6","-","-"
"2023/12/27","07:00","4.47","61","5.05","50.2","1017","-","-"
"2023/12/27","08:00","5.64","71","7.97","51.1","1016.5","-","-"
"2023/12/27","09:00","3.11","114","5.05","50.5","1015.4","-","-"
"2023/12/27","10:00","5.25","85","7.19","50.7","1014.7","-","-"
"2023/12/27","11:00","6.03","84","6.41","50.7","1014.7","-","-"
"2023/12/27","12:00","4.47","74","5.05","50.4","1013.9","-","-"
"2023/12/27","13:00","11.47","90","12.63","53.2","1013.6","-","-"
"2023/12/27","14:00","8.94","83","10.3","52.3","1013.1","-","-"
"2023/12/27","15:00","8.16","84","9.52","51.6","1012.8","-","-"
"2023/12/27","16:00","11.66","116","14.58","54.1","1011.6","-","-"
"2023/12/27","17:00","10.5","119","14.58","55.4","1010","-","-"
"2023/12/27","18:00","7.97","127","13.41","55.6","1008.8","-","-"
"2023/12/27","19:00","5.83","105","7.97","55.8","1008","-","-"
"2023/12/27","20:00","7.19","110","10.3","57.9","1007.2","-","-"
"2023/12/27","21:00","6.8","98","8.75","55.4","1006.9","-","-"
"2023/12/27","22:00","5.05","115","6.22","54.5","1006.5","-","-"
"2023/12/27","23:00","5.05","99","6.41","53.4","1006.1","-","-"
"2023/12/28","00:00","8.36","134","12.44","56.5","1005.7","-","-"
"2023/12/28","01:00","3.11","94","7.78","55.2","1005","-","-"
"2023/12/28","02:00","3.69","62","4.86","52","1004.5","-","-"
"2023/12/28","03:00","4.86","58","5.44","52","1004.3","-","-"
"2023/12/28","04:00","3.11","272","3.69","53.2","1003.7","-","-"
"2023/12/28","05:00","8.94","301","9.52","52","1003.1","-","-"
"2023/12/28","06:00","5.64","298","6.61","54.3","1002.7","-","-"
"2023/12/28","07:00","8.75","295","9.33","54","1002.9","-","-"
"2023/12/28","08:00","10.11","314","10.5","52.3","1003.1","-","-"
"2023/12/28","09:00","9.52","295","10.69","53.8","1003.1","-","-"
"2023/12/28","10:00","7.58","262","8.55","55.8","1003.7","-","-"
"2023/12/28","11:00","6.03","259","7.78","54.3","1004.4","-","-"
"2023/12/28","12:00","6.61","270","7.78","53.6","1005","-","-"
"2023/12/28","13:00","5.44","258","6.22","53.6","1005.4","-","-"
"2023/12/28","14:00","5.25","256","7.39","52.9","1005.4","-","-"
"2023/12/28","15:00","6.22","246","7.39","52.9","1006.1","-","-"
"2023/12/28","16:00","7.19","256","8.55","53.4","1006","-","-"
"2023/12/28","17:00","7","249","9.33","52.9","1005.7","-","-"
"2023/12/28","18:00","7.19","279","8.36","53.8","1005.1","-","-"
"2023/12/28","19:00","6.8","284","9.14","54.1","1004.8","-","-"
"2023/12/28","20:00","5.05","245","6.41","55","1004.9","-","-"
"2023/12/28","21:00","4.67","251","5.25","54.9","1005.2","-","-"
"2023/12/28","22:00","4.67","220","5.25","54.5","1005.4","-","-"
"2023/12/28","23:00","3.3","243","4.08","53.2","1005.9","-","-"
"2023/12/29","00:00","3.11","166","3.5","52","1006.3","-","-"
"2023/12/29","01:00","1.36","241","2.33","51.6","1006.2","-","-"
"2023/12/29","02:00","3.89","202","4.08","51.4","1006.1","-","-"
"2023/12/29","03:00","4.47","199","5.64","50.2","1006.3","-","-"
"2023/12/29","04:00","7.97","196","13.22","50.4","1006.1","-","-"
"2023/12/29","05:00","7.39","209","11.66","49.8","1006","-","-"
"2023/12/29","06:00","6.03","213","7.39","49.1","1005.7","-","-"
"2023/12/29","07:00","8.36","222","12.44","48.6","1005.9","-","-"
"2023/12/29","08:00","6.41","223","8.75","47.8","1005.9","-","-"
"2023/12/29","09:00","7","220","8.94","47.1","1005.6","-","-"
"2023/12/29","10:00","2.72","271","6.22","45.9","1005.8","-","-"
"2023/12/29","11:00","3.3","246","4.67","45.1","1006.1","-","-"
"2023/12/29","12:00","3.3","286","3.89","44.2","1006.6","-","-"
"2023/12/29","13:00","4.28","308","5.25","43.7","1007","-","-"
"2023/12/29","14:00","3.5","268","4.67","43","1007.5","-","-"
"2023/12/29","15:00","2.33","293","2.92","43.9","1008","-","-"
"2023/12/29","16:00","3.5","350","4.08","45.3","1007.5","-","-"
"2023/12/29","17:00","3.5","359","3.89","47.3","1006.2","-","-"
"2023/12/29","18:00","5.83","79","6.41","48","1004.8","-","-"
"2023/12/29","19:00","8.16","78","8.36","48.2","1004.5","-","-"
"2023/12/29","20:00","6.22","64","6.8","48.2","1004.1","-","-"
"2023/12/29","21:00","5.25","66","6.03","47.8","1004","-","-"
"2023/12/29","22:00","4.08","73","4.67","48","1003.8","-","-"
"2023/12/29","23:00","1.75","118","3.5","48.2","1004.3","-","-"
"2023/12/30","00:00","1.36","139","3.11","46.9","1004.8","-","-"
"2023/12/30","01:00","6.41","88","7","47.7","1003.9","-","-"
"2023/12/30","02:00","3.5","223","3.89","46.4","1003.7","-","-"
"2023/12/30","03:00","11.66","310","15.16","46.6","1003.9","-","-"
"2023/12/30","04:00","18.27","315","21.58","45","1004.8","-","-"
"2023/12/30","05:00","17.69","322","21.97","44.8","1005.7","-","-"
"2023/12/30","06:00","13.41","325","19.24","43.3","1006.2","-","-"
"2023/12/30","07:00","15.55","291","20.99","42.6","1007.2","-","-"
"2023/12/30","08:00","11.27","287","17.69","41.4","1007.8","-","-"
"2023/12/30","09:00","5.44","257","7","40.5","1008.1","-","-"
"2023/12/30","10:00","7.78","227","9.91","40.5","1008.3","-","-"
"2023/12/30","11:00","6.8","213","8.36","39.6","1009.1","-","-"
"2023/12/30","12:00","8.16","221","12.05","39.2","1009.2","-","-"
"2023/12/30","13:00","10.5","225","14.19","38.7","1009.3","-","-"
"2023/12/30","14:00","8.36","236","12.83","40.6","1009.6","-","-"
"2023/12/30","15:00","11.66","253","16.13","42.1","1009.7","-","-"
"2023/12/30","16:00","13.41","240","15.94","44.1","1009","-","-"
"2023/12/30","17:00","13.22","268","18.66","45.5","1008.3","-","-"
"2023/12/30","18:00","13.22","259","18.86","46.8","1007.9","-","-"
"2023/12/30","19:00","11.27","258","15.55","47.5","1007.7","-","-"
"2023/12/30","20:00","10.3","268","13.02","47.8","1007.9","-","-"
"2023/12/30","21:00","8.55","251","13.8","47.8","1008.6","-","-"
"2023/12/30","22:00","7","252","8.94","46.9","1009.5","-","-"
"2023/12/30","23:00","7","250","8.75","46.4","1010.1","-","-"
"2023/12/31","00:00","4.86","227","6.22","45.1","1010.8","-","-"
"2023/12/31","01:00","6.03","233","7.58","43.7","1011.1","-","-"
"2023/12/31","02:00","8.55","232","12.44","43.9","1011.6","-","-"
"2023/12/31","03:00","9.72","229","14.38","43.5","1012.3","-","-"
"2023/12/31","04:00","8.94","240","11.66","43","1013","-","-"
"2023/12/31","05:00","6.22","254","8.75","42.4","1013.5","-","-"
"2023/12/31","06:00","6.03","239","6.8","41","1013.4","-","-"
"2023/12/31","07:00","7.39","253","8.55","40.6","1013.8","-","-"
"2023/12/31","08:00","7.58","273","8.55","39.7","1014.1","-","-"
"2023/12/31","09:00","4.86","269","6.03","38.8","1014.3","-","-"
"2023/12/31","10:00","5.25","271","6.22","38.5","1014.5","-","-"
"2023/12/31","11:00","5.64","272","6.61","37.4","1015.5","-","-"
"2023/12/31","12:00","6.03","284","7.39","36.9","1016.3","-","-"
"2023/12/31","13:00","6.22","285","8.36","37","1016.6","-","-"
"2023/12/31","14:00","1.56","238","4.08","39","1017.1","-","-"
"2023/12/31","15:00","3.69","306","4.67","40.8","1017.6","-","-"
"2023/12/31","16:00","0.19","200","1.36","45.3","1017.5","-","-"
"2023/12/31","17:00","3.3","110","4.28","45.1","1016.4","-","-"
"2023/12/31","18:00","7.97","83","8.94","45.1","1015.4","-","-"
"2023/12/31","19:00","7.97","86","8.94","45.1","1015.2","-","-"
"2023/12/31","20:00","7.39","93","8.75","46.2","1014.9","-","-"
"2023/12/31","21:00","7","86","8.16","45.9","1015","-","-"
"2023/12/31","22:00","4.28","124","5.64","45.3","1015.2","-","-"
"2023/12/31","23:00","4.28","148","5.05","43.9","1015.3","-","-"