"Date","Time (GMT)","Wind Speed (kn)","Wind Dir (deg)","Wind Gust (kn)","Air Temp (°F)","Baro (mb)","Humidity (%)","Visibility (nm)"
"2024/01/01","00:00","2.72","169","3.5","43","1015.7","-","-"
"2024/01/01","01:00","3.69","170","4.47","42.3","1015.6","-","-"
"2024/01/01","02:00","4.86","177","5.64","41.5","1015.6","-","-"
"2024/01/01","03:00","3.89","201","5.05","41","1015.5","-","-"
"2024/01/01","04:00","6.22","212","6.8","42.6","1015.4","-","-"
"2024/01/01","05:00","5.83","210","6.41","42.4","1015.1","-","-"
"2024/01/01","06:00","1.94","219","4.28","43","1014.4","-","-"
"2024/01/01","07:00","3.69","221","5.64","43.2","1014.5","-","-"
"2024/01/01","08:00","4.86","216","6.03","43","1014.1","-","-"
"2024/01/01","09:00","5.83","195","7.78","43.7","1013.4","-","-"
"2024/01/01","10:00","5.44","205","7.58","43.2","1013.4","-","-"
"2024/01/01","11:00","1.36","247","4.67","42.8","1014.2","-","-"
"2024/01/01","12:00","2.72","216","3.89","42.1","1014.2","-","-"
"2024/01/01","13:00","4.47","227","6.41","42.3","1014.6","-","-"
"2024/01/01","14:00","4.08","275","4.86","43","1015.2","-","-"
"2024/01/01","15:00","5.25","272","6.61","44.6","1015.6","-","-"
"2024/01/01","16:00","8.75","309","10.69","44.8","1015.4","-","-"
"2024/01/01","17:00","6.8","301","7.97","45.9","1014.7","-","-"
"2024/01/01","18:00","6.61","310","7.58","46.2","1014","-","-"
"2024/01/01","19:00","6.03","61","7.58","48.4","1013.8","-","-"
"2024/01/01","20:00","5.83","20","7.78","48","1014.3","-","-"
"2024/01/01","21:00","12.63","351","15.55","45.9","1015.1","-","-"
"2024/01/01","22:00","14","340","16.91","43.7","1015.7","-","-"
"2024/01/01","23:00","13.41","327","17.49","41.7","1016.5","-","-"
"2024/01/02","00:00","9.91","328","12.25","41.5","1016.7","-","-"
"2024/01/02","01:00","16.13","323","17.69","41","1017.1","-","-"
"2024/01/02","02:00","14","316","16.13","40.3","1017.2","-","-"
"2024/01/02","03:00","14.38","320","17.49","37.9","1017.3","-","-"
"2024/01/02","04:00","14.97","320","17.11","37.8","1017","-","-"
"2024/01/02","05:00","15.16","319","18.08","37.9","1016.9","-","-"
"2024/01/02","06:00","13.8","319","15.75","38.1","1016.6","-","-"
"2024/01/02","07:00","13.61","325","17.49","39.2","1016.8","-","-"
"2024/01/02","08:00","14.19","326","18.47","39.4","1017","-","-"
"2024/01/02","09:00","15.55","319","18.66","39.6","1017.1","-","-"
"2024/01/02","10:00","12.83","323","16.72","40.1","1017.3","-","-"
"2024/01/02","11:00","13.61","329","17.49","39.7","1018.1","-","-"
"2024/01/02","12:00","14","328","16.91","39.4","1018.8","-","-"
"2024/01/02","13:00","12.83","331","14.97","39.6","1019.3","-","-"
"2024/01/02","14:00","14.58","330","18.27","39.9","1020.1","-","-"
"2024/01/02","15:00","15.55","321","19.63","40.1","1020.5","-","-"
"2024/01/02","16:00","13.41","334","17.69","41.2","1020","-","-"
"2024/01/02","17:00","15.75","301","19.83","41.5","1018.8","-","-"
"2024/01/02","18:00","15.75","309","21.19","42.3","1017.9","-","-"
"2024/01/02","19:00","16.72","324","19.63","42.3","1017.5","-","-"
"2024/01/02","20:00","14.38","323","17.88","43","1017.4","-","-"
"2024/01/02","21:00","10.69","322","12.63","43.9","1017.7","-","-"
"2024/01/02","22:00","7.39","327","9.72","43.7","1017.7","-","-"
"2024/01/02","23:00","3.3","249","3.69","41.2","1018.1","-","-"
"2024/01/03","00:00","3.11","231","3.5","39.6","1018.3","-","-"
"2024/01/03","01:00","2.14","191","2.92","36.7","1018.2","-","-"
"2024/01/03","02:00","3.5","195","4.86","37.4","1018.4","-","-"
"2024/01/03","03:00","2.53","220","3.69","36.3","1018.4","-","-"
"2024/01/03","04:00","1.75","216","2.53","36.5","1018.1","-","-"
"2024/01/03","05:00","1.56","176","1.94","37.2","1018","-","-"
"2024/01/03","06:00","1.36","99","1.94","37","1017.3","-","-"
"2024/01/03","07:00","2.14","186","2.53","35.1","1017.3","-","-"
"2024/01/03","08:00","0.58","171","1.56","36.5","1017.3","-","-"
"2024/01/03","09:00","0.97","218","1.56","36.1","1017.1","-","-"
"2024/01/03","10:00","2.33","198","2.92","34.5","1017.2","-","-"
"2024/01/03","11:00","4.47","212","5.64","33.3","1017.5","-","-"
"2024/01/03","12:00","2.53","302","3.11","34","1018.1","-","-"
"2024/01/03","13:00","1.75","241","2.14","34.3","1017.8","-","-"
"2024/01/03","14:00","0.78","231","1.36","37.2","1017.9","-","-"
"2024/01/03","15:00","1.75","6","2.14","37.2","1018.1","-","-"
"2024/01/03","16:00","-","-","-","-","-","-","-"
"2024/01/03","17:00","7","47","8.36","41.5","1017.7","-","-"
"2024/01/03","18:00","8.55","61","9.33","42.1","1016.2","-","-"
"2024/01/03","19:00","6.22","71","8.16","42.8","1015.8","-","-"
"2024/01/03","20:00","6.22","72","8.75","43.3","1015.3","-","-"
"2024/01/03","21:00","5.83","65","6.8","43.2","1015.7","-","-"
"2024/01/03","22:00","3.5","104","4.47","43.2","1015.5","-","-"
"2024/01/03","23:00","2.92","135","4.47","42.3","1014.7","-","-"
"2024/01/04","00:00","2.14","159","3.3","41.9","1015","-","-"
"2024/01/04","01:00","2.72","141","3.69","42.1","1014.6","-","-"
"2024/01/04","02:00","0.39","144","2.53","42.3","1014.7","-","-"
"2024/01/04","03:00","1.75","189","2.92","42.3","1014.4","-","-"
"2024/01/04","04:00","1.94","172","3.5","43.2","1014","-","-"
"2024/01/04","05:00","1.56","194","3.11","42.8","1013.8","-","-"
"2024/01/04","06:00","3.69","204","4.28","42.1","1012.8","-","-"
"2024/01/04","07:00","2.33","187","3.3","42.3","1012.4","-","-"
"2024/01/04","08:00","4.08","166","4.47","41.9","1012.2","-","-"
"2024/01/04","09:00","5.64","203","6.61","42.3","1011.3","-","-"
"2024/01/04","10:00","0.58","152","1.56","41.4","1011.1","-","-"
"2024/01/04","11:00","4.08","285","4.67","41.4","1011.5","-","-"
"2024/01/04","12:00","13.22","330","14.19","41.5","1012.3","-","-"
"2024/01/04","13:00","13.41","8","18.08","41.5","1013.1","-","-"
"2024/01/04","14:00","12.44","8","16.13","41.4","1014.2","-","-"
"2024/01/04","15:00","11.08","349","13.61","42.3","1015.1","-","-"
"2024/01/04","16:00","19.24","358","23.33","44.6","1015.7","-","-"
"2024/01/04","17:00","16.91","355","21.77","44.6","1015.6","-","-"
"2024/01/04","18:00","18.08","337","22.16","44.6","1015.6","-","-"
"2024/01/04","19:00","19.05","318","22.94","44.4","1015.5","-","-"
"2024/01/04","20:00","16.33","329","23.13","44.8","1016.4","-","-"
"2024/01/04","21:00","12.63","335","18.47","45.1","1017.5","-","-"
"2024/01/04","22:00","16.13","338","18.86","43.9","1018.6","-","-"
"2024/01/04","23:00","9.91","331","12.25","43.2","1019.6","-","-"
"2024/01/05","00:00","13.61","332","18.08","42.4","1020.5","-","-"
"2024/01/05","01:00","11.08","344","13.02","41","1021.3","-","-"
"2024/01/05","02:00","13.02","341","15.36","40.1","1021.9","-","-"
"2024/01/05","03:00","12.63","337","16.33","38.3","1022.1","-","-"
"2024/01/05","04:00","9.72","333","14.97","37.2","1022.6","-","-"
"2024/01/05","05:00","9.14","325","12.25","36.7","1023.1","-","-"
"2024/01/05","06:00","10.3","333","11.86","35.4","1023.3","-","-"
"2024/01/05","07:00","8.55","334","9.52","34.3","1023.9","-","-"
"2024/01/05","08:00","11.27","326","13.61","34.3","1024.6","-","-"
"2024/01/05","09:00","7.78","341","9.33","32.5","1024.6","-","-"
"2024/01/05","10:00","8.94","328","11.47","32.5","1025.3","-","-"
"2024/01/05","11:00","9.72","324","13.61","32","1026.2","-","-"
"2024/01/05","12:00","7.97","332","11.08","31.5","1027","-","-"
"2024/01/05","13:00","5.44","317","7.58","31.3","1027.4","-","-"
"2024/01/05","14:00","5.05","346","9.52","32","1028.2","-","-"
"2024/01/05","15:00","6.22","30","8.16","34.7","1028.7","-","-"
"2024/01/05","16:00","1.94","37","3.3","36.7","1028","-","-"
"2024/01/05","17:00","2.92","92","4.47","37.9","1026.9","-","-"
"2024/01/05","18:00","2.92","71","3.89","38.8","1025.7","-","-"
"2024/01/05","19:00","5.25","62","7","39","1024.8","-","-"
"2024/01/05","20:00","7.39","82","9.91","39.2","1024.3","-","-"
"2024/01/05","21:00","6.8","113","8.36","39","1024.1","-","-"
"2024/01/05","22:00","3.11","139","5.44","38.3","1024.7","-","-"
"2024/01/05","23:00","2.14","189","5.25","37","1024.6","-","-"
"2024/01/06","00:00","5.05","150","6.41","36.1","1024.3","-","-"
"2024/01/06","01:00","4.28","164","5.64","36.9","1024.3","-","-"
"2024/01/06","02:00","4.08","160","4.86","36.3","1023.5","-","-"
"2024/01/06","03:00","3.11","168","4.67","36.3","1022.9","-","-"
"2024/01/06","04:00","4.86","182","6.41","36.1","1022.7","-","-"
"2024/01/06","05:00","5.44","183","7.58","35.4","1022.7","-","-"
"2024/01/06","06:00","3.11","170","4.08","34.9","1022.5","-","-"
"2024/01/06","07:00","4.67","186","5.44","34.9","1022.1","-","-"
"2024/01/06","08:00","1.56","175","2.53","35.1","1021.2","-","-"
"2024/01/06","09:00","4.86","151","6.22","36.1","1019.7","-","-"
"2024/01/06","10:00","3.5","153","4.28","36.9","1019.4","-","-"
"2024/01/06","11:00","1.94","120","2.53","37.9","1018.8","-","-"
"2024/01/06","12:00","4.67","93","5.64","41","1017.4","-","-"
"2024/01/06","13:00","10.11","93","13.61","44.4","1016.3","-","-"
"2024/01/06","14:00","10.69","116","14.97","45.5","1015.3","-","-"
"2024/01/06","15:00","9.52","128","12.63","46.2","1014.1","-","-"
"2024/01/06","16:00","7.39","115","10.5","47.1","1011.8","-","-"
"2024/01/06","17:00","9.72","115","13.02","48.7","1008.4","-","-"
"2024/01/06","18:00","9.14","114","11.86","50","1005.3","-","-"
"2024/01/06","19:00","12.25","105","15.16","50.2","1002.7","-","-"
"2024/01/06","20:00","12.63","109","16.33","51.4","1000.1","-","-"
"2024/01/06","21:00","3.11","210","4.67","54","1000.8","-","-"
"2024/01/06","22:00","4.86","142","5.64","52.3","999.7","-","-"
"2024/01/06","23:00","7.58","205","10.3","55","999.1","-","-"
"2024/01/07","00:00","16.72","259","23.91","55.2","1000","-","-"
"2024/01/07","01:00","16.72","271","20.99","48.6","1001","-","-"
"2024/01/07","02:00","14.77","279","19.83","44.4","1002","-","-"
"2024/01/07","03:00","15.75","278","20.6","41.4","1002.4","-","-"
"2024/01/07","04:00","9.91","286","12.44","41.4","1002.8","-","-"
"2024/01/07","05:00","14.19","293","17.88","40.3","1003.3","-","-"
"2024/01/07","06:00","7.97","271","9.91","39.6","1003.2","-","-"
"2024/01/07","07:00","6.8","259","9.72","39.2","1003.6","-","-"
"2024/01/07","08:00","8.55","255","11.08","38.5","1004.1","-","-"
"2024/01/07","09:00","7","238","8.94","37.6","1004","-","-"
"2024/01/07","10:00","8.75","242","11.27","37.6","1004.2","-","-"
"2024/01/07","11:00","4.08","224","8.55","38.5","1005.1","-","-"
"2024/01/07","12:00","3.89","232","7.97","39.2","1005","-","-"
"2024/01/07","13:00","6.8","245","12.83","40.5","1005.1","-","-"
"2024/01/07","14:00","8.75","255","11.47","41.7","1005.5","-","-"
"2024/01/07","15:00","10.89","262","15.36","43.3","1006.1","-","-"
"2024/01/07","16:00","12.25","270","15.55","45.3","1005.7","-","-"
"2024/01/07","17:00","14","257","21.97","48.9","1005.5","-","-"
"2024/01/07","18:00","17.3","262","21.77","51.8","1004.8","-","-"
"2024/01/07","19:00","17.49","291","22.16","52.5","1005.6","-","-"
"2024/01/07","20:00","13.8","287","16.52","52.9","1006.8","-","-"
"2024/01/07","21:00","9.33","279","11.66","52.3","1008.2","-","-"
"2024/01/07","22:00","9.91","251","12.05","50.5","1009.6","-","-"
"2024/01/07","23:00","9.72","286","11.27","49.5","1011.3","-","-"
"2024/01/08","00:00","8.55","257","9.91","49.8","1012.7","-","-"
"2024/01/08","01:00","9.33","281","11.86","48.9","1013.9","-","-"
"2024/01/08","02:00","10.69","271","14.19","48","1015","-","-"
"2024/01/08","03:00","8.36","295","10.5","46.8","1016.8","-","-"
"2024/01/08","04:00","9.91","277","12.05","45.7","1017.7","-","-"
"2024/01/08","05:00","8.94","296","10.5","44.6","1018.8","-","-"
"2024/01/08","06:00","7.78","310","9.33","43.9","1019.3","-","-"
"2024/01/08","07:00","11.27","319","12.83","43.5","1020.6","-","-"
"2024/01/08","08:00","11.86","317","14.38","43","1021.5","-","-"
"2024/01/08","09:00","10.5","317","12.05","42.4","1022.3","-","-"
"2024/01/08","10:00","12.83","334","15.16","42.3","1023.5","-","-"
"2024/01/08","11:00","8.16","342","10.69","41.2","1024.3","-","-"
"2024/01/08","12:00","8.36","326","9.72","40.5","1025.9","-","-"
"2024/01/08","13:00","10.5","327","12.83","41","1026.8","-","-"
"2024/01/08","14:00","11.27","335","13.02","42.1","1028.1","-","-"
"2024/01/08","15:00","9.72","340","12.63","43.5","1029.3","-","-"
"2024/01/08","16:00","8.94","7","11.08","44.8","1029.5","-","-"
"2024/01/08","17:00","10.69","21","15.16","45.7","1028.9","-","-"
"2024/01/08","18:00","9.33","27","10.89","46","1028.8","-","-"
"2024/01/08","19:00","11.66","47","14.77","46.2","1028.1","-","-"
"2024/01/08","20:00","10.69","80","11.66","45.9","1028.4","-","-"
"2024/01/08","21:00","7","91","8.16","45.5","1029.2","-","-"
"2024/01/08","22:00","6.22","104","7.19","44.6","1029.8","-","-"
"2024/01/08","23:00","7.19","98","8.55","44.1","1029","-","-"
"2024/01/09","00:00","3.69","163","3.89","42.1","1029.4","-","-"
"2024/01/09","01:00","1.94","168","3.11","40.6","1029.3","-","-"
"2024/01/09","02:00","4.28","166","5.05","40.3","1028.9","-","-"
"2024/01/09","03:00","4.28","160","5.44","40.3","1028.5","-","-"
"2024/01/09","04:00","2.92","147","3.69","39.4","1028","-","-"
"2024/01/09","05:00","3.89","146","4.86","40.3","1027","-","-"
"2024/01/09","06:00","4.67","113","7","41.7","1025.8","-","-"
"2024/01/09","07:00","10.89","103","13.22","43.9","1025.4","-","-"
"2024/01/09","08:00","10.11","101","11.27","44.2","1024.4","-","-"
"2024/01/09","09:00","10.89","94","13.02","44.8","1023.3","-","-"
"2024/01/09","10:00","12.05","92","14.77","45.5","1022.3","-","-"
"2024/01/09","11:00","13.61","99","17.3","46.2","1020.4","-","-"
"2024/01/09","12:00","14","105","19.44","46.9","1019.5","-","-"
"2024/01/09","13:00","14.38","98","16.13","47.3","1018.8","-","-"
"2024/01/09","14:00","17.3","98","20.22","47.7","1017.5","-","-"
"2024/01/09","15:00","13.41","108","18.27","48.6","1015.7","-","-"
"2024/01/09","16:00","12.44","119","19.24","49.8","1013.2","-","-"
"2024/01/09","17:00","12.44","129","17.69","51.1","1010.3","-","-"
"2024/01/09","18:00","15.16","124","20.22","55.2","1006.6","-","-"
"2024/01/09","19:00","15.16","135","20.99","57.6","1003.2","-","-"
"2024/01/09","20:00","15.94","141","23.33","56.8","1000.4","-","-"
"2024/01/09","21:00","22.94","144","35.18","60.6","997.9","-","-"
"2024/01/09","22:00","21.38","152","29.74","59.7","995.4","-","-"
"2024/01/09","23:00","21.19","153","31.1","60.8","992.5","-","-"
"2024/01/10","00:00","25.85","159","32.66","62.6","991.3","-","-"
"2024/01/10","01:00","16.52","170","28.19","63.9","989.6","-","-"
"2024/01/10","02:00","23.13","217","32.27","61.7","989.2","-","-"
"2024/01/10","03:00","14.58","189","20.41","62.6","987.2","-","-"
"2024/01/10","04:00","14.58","222","22.35","61.3","987","-","-"
"2024/01/10","05:00","13.22","222","19.05","59.5","987.3","-","-"
"2024/01/10","06:00","13.02","229","22.35","57.9","987.6","-","-"
"2024/01/10","07:00","12.63","242","17.69","55.9","988.7","-","-"
"2024/01/10","08:00","13.02","226","21.77","54.5","989.2","-","-"
"2024/01/10","09:00","10.3","223","16.72","54","989.4","-","-"
"2024/01/10","10:00","11.08","229","15.55","52.2","990","-","-"
"2024/01/10","11:00","24.3","257","40.63","44.2","992.5","-","-"
"2024/01/10","12:00","10.11","242","14.97","45","993.2","-","-"
"2024/01/10","13:00","14.38","245","19.44","45.3","995.1","-","-"
"2024/01/10","14:00","15.16","244","26.24","46.2","997.3","-","-"
"2024/01/10","15:00","19.24","234","23.52","47.1","998.7","-","-"
"2024/01/10","16:00","22.16","254","30.91","48","999.2","-","-"
"2024/01/10","17:00","23.52","236","30.52","49.1","1000.1","-","-"
"2024/01/10","18:00","16.72","240","28.57","49.6","1000.5","-","-"
"2024/01/10","19:00","22.55","268","28.77","49.5","1001.2","-","-"
"2024/01/10","20:00","17.88","258","30.71","49.6","1002.1","-","-"
"2024/01/10","21:00","15.36","246","19.83","49.6","1003.2","-","-"
"2024/01/10","22:00","10.11","232","13.8","48.2","1004.6","-","-"
"2024/01/10","23:00","8.94","243","13.02","47.3","1005.8","-","-"
"2024/01/11","00:00","10.5","248","14","46.4","1006.6","-","-"
"2024/01/11","01:00","6.61","235","7.97","45.3","1007.2","-","-"
"2024/01/11","02:00","7","240","8.75","44.4","1007.7","-","-"
"2024/01/11","03:00","7.58","245","10.5","43.9","1007.9","-","-"
"2024/01/11","04:00","7","251","9.52","43.3","1008.3","-","-"
"2024/01/11","05:00","7.39","236","10.5","42.3","1008.7","-","-"
"2024/01/11","06:00","6.8","231","7.97","41.2","1009.3","-","-"
"2024/01/11","07:00","6.61","223","7.97","40.5","1009.8","-","-"
"2024/01/11","08:00","6.41","216","8.16","39.6","1010.3","-","-"
"2024/01/11","09:00","7.58","228","8.94","39.2","1010.7","-","-"
"2024/01/11","10:00","8.36","212","9.91","37.9","1010.5","-","-"
"2024/01/11","11:00","6.8","208","7.97","36.9","1010.9","-","-"
"2024/01/11","12:00","8.36","217","9.72","37.2","1011.7","-","-"
"2024/01/11","13:00","8.94","218","11.66","37.2","1012.1","-","-"
"2024/01/11","14:00","8.94","244","10.69","39","1013.2","-","-"
"2024/01/11","15:00","-","-","-","-","-","-","-"
"2024/01/11","16:00","-","-","-","-","-","-","-"
"2024/01/11","17:00","9.72","262","13.02","46","1012.1","-","-"
"2024/01/11","18:00","7.78","222","11.86","49.1","1011.3","-","-"
"2024/01/11","19:00","7.78","193","12.83","52","1010.8","-","-"
"2024/01/11","20:00","7.58","241","10.5","54.5","1010.8","-","-"
"2024/01/11","21:00","10.3","225","14.58","54.9","1011.4","-","-"
"2024/01/11","22:00","5.83","214","7.78","53.2","1012.3","-","-"
"2024/01/11","23:00","4.86","212","6.03","51.1","1013.1","-","-"
"2024/01/12","00:00","5.44","205","6.22","49.8","1014.1","-","-"
"2024/01/12","01:00","6.61","215","9.91","49.8","1014.6","-","-"
"2024/01/12","02:00","10.3","215","13.02","49.6","1014.8","-","-"
"2024/01/12","03:00","10.89","215","13.22","48.6","1015.5","-","-"
"2024/01/12","04:00","10.3","219","13.22","47.7","1016.1","-","-"
"2024/01/12","05:00","10.69","211","12.63","46","1016.2","-","-"
"2024/01/12","06:00","3.69","256","5.05","45.7","1016.8","-","-"
"2024/01/12","07:00","2.72","283","3.11","43.7","1017.5","-","-"
"2024/01/12","08:00","1.75","285","2.14","40.6","1018","-","-"
"2024/01/12","09:00","0","144","0.19","40.3","1018.2","-","-"
"2024/01/12","10:00","0.97","203","1.56","38.7","1018.2","-","-"
"2024/01/12","11:00","1.75","159","2.53","37.9","1018.5","-","-"
"2024/01/12","12:00","2.14","7","2.92","39.9","1018.6","-","-"
"2024/01/12","13:00","3.3","11","3.89","41.2","1019.1","-","-"
"2024/01/12","14:00","11.66","77","14","45.9","1019.5","-","-"
"2024/01/12","15:00","9.14","84","11.08","46.4","1019.4","-","-"
"2024/01/12","16:00","13.8","95","17.88","48.2","1018.7","-","-"
"2024/01/12","17:00","10.69","105","15.94","48.9","1017.3","-","-"
"2024/01/12","18:00","13.02","84","14.77","48.6","1015.9","-","-"
"2024/01/12","19:00","13.02","94","15.94","49.8","1014.6","-","-"
"2024/01/12","20:00","10.5","110","15.36","50.2","1013.5","-","-"
"2024/01/12","21:00","11.66","120","14.19","49.8","1011.1","-","-"
"2024/01/12","22:00","14.58","125","20.41","49.6","1007.7","-","-"
"2024/01/12","23:00","17.69","116","22.94","51.3","1004.7","-","-"
"2024/01/13","00:00","7","79","7.78","52","1003.6","-","-"
"2024/01/13","01:00","15.94","87","16.91","50.2","1000.4","-","-"
"2024/01/13","02:00","8.36","134","14","56.1","999.1","-","-"
"2024/01/13","03:00","21.38","146","30.52","59.5","996.4","-","-"
"2024/01/13","04:00","12.63","184","19.24","60.8","996.1","-","-"
"2024/01/13","05:00","7.97","179","16.72","62.1","994.3","-","-"
"2024/01/13","06:00","8.16","197","16.52","63.7","993.5","-","-"
"2024/01/13","07:00","9.72","197","14.19","64.2","992.4","-","-"
"2024/01/13","08:00","9.52","185","13.41","64.9","991.3","-","-"
"2024/01/13","09:00","8.16","220","12.05","64.2","991.7","-","-"
"2024/01/13","10:00","7.58","207","12.63","63.1","991.7","-","-"
"2024/01/13","11:00","7.97","209","11.66","62.4","991.7","-","-"
"2024/01/13","12:00","17.88","222","22.35","62.1","992","-","-"
"2024/01/13","13:00","11.66","242","18.66","57.7","993.5","-","-"
"2024/01/13","14:00","18.27","246","23.91","56.7","994.2","-","-"
"2024/01/13","15:00","17.69","240","22.74","55.9","995.2","-","-"
"2024/01/13","16:00","20.99","258","31.49","54.5","996.1","-","-"
"2024/01/13","17:00","20.22","252","28.57","54.1","996.3","-","-"
"2024/01/13","18:00","26.82","269","34.79","52.9","997","-","-"
"2024/01/13","19:00","20.6","255","29.35","52","998.4","-","-"
"2024/01/13","20:00","28.96","258","34.99","51.3","999.8","-","-"
"2024/01/13","21:00","20.02","263","29.55","50.7","1002.2","-","-"
"2024/01/13","22:00","16.72","271","20.02","49.3","1004","-","-"
"2024/01/13","23:00","10.69","265","16.33","48.2","1005.8","-","-"
"2024/01/14","00:00","10.69","258","13.61","47.3","1007.6","-","-"
"2024/01/14","01:00","12.05","257","17.69","46.6","1008.5","-","-"
"2024/01/14","02:00","12.44","250","18.08","45.3","1009.3","-","-"
"2024/01/14","03:00","15.75","251","18.66","44.2","1009.9","-","-"
"2024/01/14","04:00","17.69","260","20.99","43.3","1010.8","-","-"
"2024/01/14","05:00","13.22","260","19.05","42.3","1011.7","-","-"
"2024/01/14","06:00","8.94","254","11.66","41","1012.7","-","-"
"2024/01/14","07:00","5.44","239","8.36","39.4","1013","-","-"
"2024/01/14","08:00","5.64","241","8.36","38.1","1013.3","-","-"
"2024/01/14","09:00","7.19","236","10.69","37.9","1014.2","-","-"
"2024/01/14","10:00","8.55","240","11.66","38.7","1014.4","-","-"
"2024/01/14","11:00","10.5","234","13.22","38.8","1015.1","-","-"
"2024/01/14","12:00","8.75","213","13.61","37.6","1015.1","-","-"
"2024/01/14","13:00","7.58","197","9.52","37.4","1014.8","-","-"
"2024/01/14","14:00","10.3","210","14.38","40.1","1014.8","-","-"
"2024/01/14","15:00","14.58","209","19.24","43.3","1014.4","-","-"
"2024/01/14","16:00","15.16","218","18.66","47.3","1013.3","-","-"
"2024/01/14","17:00","14.19","219","22.16","50.9","1012.4","-","-"
"2024/01/14","18:00","15.75","221","22.74","53.4","1011","-","-"
"2024/01/14","19:00","14.97","220","20.41","54.7","1010.8","-","-"
"2024/01/14","20:00","12.05","241","19.05","56.1","1010.8","-","-"
"2024/01/14","21:00","11.08","242","15.36","56.3","1012.4","-","-"
"2024/01/14","22:00","6.61","244","9.91","54.5","1013.9","-","-"
"2024/01/14","23:00","17.49","2","23.13","43.5","1017.4","-","-"
"2024/01/15","00:00","7.97","9","9.72","42.3","1018.1","-","-"
"2024/01/15","01:00","7.58","358","11.86","42.1","1018.8","-","-"
"2024/01/15","02:00","6.61","344","9.33","42.3","1019.3","-","-"
"2024/01/15","03:00","4.28","48","5.44","41.5","1019.8","-","-"
"2024/01/15","04:00","9.52","42","10.69","40.8","1019.8","-","-"
"2024/01/15","05:00","12.63","46","15.16","40.3","1019.7","-","-"
"2024/01/15","06:00","12.25","46","15.36","39","1020.4","-","-"
"2024/01/15","07:00","11.08","38","12.83","38.8","1020.5","-","-"
"2024/01/15","08:00","10.69","33","12.63","38.5","1021","-","-"
"2024/01/15","09:00","10.5","45","12.44","37.9","1020.8","-","-"
"2024/01/15","10:00","14","52","16.33","37.8","1021.2","-","-"
"2024/01/15","11:00","10.5","41","14.38","37","1021.5","-","-"
"2024/01/15","12:00","13.61","41","15.94","36.7","1021.9","-","-"
"2024/01/15","13:00","10.89","42","13.02","36.9","1021.9","-","-"
"2024/01/15","14:00","12.44","60","16.13","37.6","1022.7","-","-"
"2024/01/15","15:00","13.61","71","15.55","37.4","1023.1","-","-"
"2024/01/15","16:00","10.89","82","14.38","37.6","1022.6","-","-"
"2024/01/15","17:00","8.36","69","10.11","37","1021.1","-","-"
"2024/01/15","18:00","6.8","56","8.94","37.4","1019.9","-","-"
"2024/01/15","19:00","4.67","46","6.03","37.8","1019.3","-","-"
"2024/01/15","20:00","7.58","70","8.55","40.5","1019","-","-"
"2024/01/15","21:00","7.39","16","8.36","38.3","1019","-","-"
"2024/01/15","22:00","7.58","13","9.52","37.4","1019.1","-","-"
"2024/01/15","23:00","4.08","11","5.05","38.1","1019","-","-"
"2024/01/16","00:00","5.44","33","7.58","39.4","1018.5","-","-"
"2024/01/16","01:00","4.67","341","5.05","39.6","1018.2","-","-"
"2024/01/16","02:00","4.47","353","6.03","39.6","1017.6","-","-"
"2024/01/16","03:00","4.86","25","6.41","41","1017","-","-"
"2024/01/16","04:00","5.83","25","6.8","40.5","1015.8","-","-"
"2024/01/16","05:00","7","21","9.33","39.6","1014.3","-","-"
"2024/01/16","06:00","7.58","18","9.91","39","1013.7","-","-"
"2024/01/16","07:00","5.83","4","8.16","39","1012.6","-","-"
"2024/01/16","08:00","7.97","358","10.89","38.5","1011.9","-","-"
"2024/01/16","09:00","7.78","338","9.14","37.8","1011","-","-"
"2024/01/16","10:00","7","347","9.14","36.3","1010.6","-","-"
"2024/01/16","11:00","4.28","3","7.39","35.6","1009.6","-","-"
"2024/01/16","12:00","3.5","1","6.22","35.8","1008.6","-","-"
"2024/01/16","13:00","6.61","306","7.58","36.1","1008.5","-","-"
"2024/01/16","14:00","8.94","313","11.08","36.3","1008.1","-","-"
"2024/01/16","15:00","2.72","283","3.3","36.5","1006.8","-","-"
"2024/01/16","16:00","9.91","308","10.89","37.4","1006.9","-","-"
"2024/01/16","17:00","11.66","288","14.38","37.4","1006.4","-","-"
"2024/01/16","18:00","11.66","292","12.63","36.7","1006.6","-","-"
"2024/01/16","19:00","15.94","311","19.05","36.5","1005.9","-","-"
"2024/01/16","20:00","16.13","336","19.24","34.9","1007.4","-","-"
"2024/01/16","21:00","16.13","340","19.44","33.6","1008.9","-","-"
"2024/01/16","22:00","11.86","330","16.52","33.3","1009.8","-","-"
"2024/01/16","23:00","13.8","335","19.05","32.9","1010.3","-","-"
"2024/01/17","00:00","11.66","330","15.16","32.2","1010.3","-","-"
"2024/01/17","01:00","15.16","332","21.38","31.6","1011.2","-","-"
"2024/01/17","02:00","14.38","326","19.63","30.9","1012.6","-","-"
"2024/01/17","03:00","18.27","332","22.35","28.9","1013.9","-","-"
"2024/01/17","04:00","18.66","320","21.97","27.7","1014.4","-","-"
"2024/01/17","05:00","16.72","333","22.35","25.7","1014.8","-","-"
"2024/01/17","06:00","19.44","320","24.3","23.9","1015.3","-","-"
"2024/01/17","07:00","16.13","323","22.16","23.2","1016","-","-"
"2024/01/17","08:00","10.3","335","16.72","22.3","1016.4","-","-"
"2024/01/17","09:00","10.3","330","13.02","21.6","1016.8","-","-"
"2024/01/17","10:00","9.14","332","13.22","21.4","1017.5","-","-"
"2024/01/17","11:00","11.27","335","13.22","20.8","1018.4","-","-"
"2024/01/17","12:00","6.41","302","9.91","21.4","1018.8","-","-"
"2024/01/17","13:00","6.61","254","8.36","19.8","1019.9","-","-"
"2024/01/17","14:00","6.61","255","9.91","22.3","1020.6","-","-"
"2024/01/17","15:00","9.72","243","12.83","24.3","1020.9","-","-"
"2024/01/17","16:00","11.86","268","14.97","26.1","1020.8","-","-"
"2024/01/17","17:00","7.58","257","10.3","28.2","1020.2","-","-"
"2024/01/17","18:00","6.61","229","11.47","29.8","1018.9","-","-"
"2024/01/17","19:00","7.78","238","13.61","31.6","1018.6","-","-"
"2024/01/17","20:00","10.69","256","19.05","33.4","1018.5","-","-"
"2024/01/17","21:00","12.44","254","15.94","34.2","1019.1","-","-"
"2024/01/17","22:00","9.14","248","14","33.6","1019.4","-","-"
"2024/01/17","23:00","5.64","256","7.19","32.9","1020.7","-","-"
"2024/01/18","00:00","5.05","232","6.41","32.7","1021.9","-","-"
"2024/01/18","01:00","5.83","236","9.52","32","1022.1","-","-"
"2024/01/18","02:00","5.64","237","8.55","31.6","1022","-","-"
"2024/01/18","03:00","7","244","9.33","31.6","1022.3","-","-"
"2024/01/18","04:00","9.33","230","11.86","31.8","1022.4","-","-"
"2024/01/18","05:00","8.36","236","12.63","32.5","1022.3","-","-"
"2024/01/18","06:00","5.83","228","7.97","32","1022.3","-","-"
"2024/01/18","07:00","3.3","224","6.61","31.5","1022.7","-","-"
"2024/01/18","08:00","3.69","225","4.86","30.7","1022.5","-","-"
"2024/01/18","09:00","5.05","228","7.19","30.7","1022.5","-","-"
"2024/01/18","10:00","6.61","226","8.36","30.4","1022.2","-","-"
"2024/01/18","11:00","9.91","213","11.86","30.2","1021.9","-","-"
"2024/01/18","12:00","7.97","214","10.11","30.2","1022.2","-","-"
"2024/01/18","13:00","2.72","209","4.28","30.6","1022.2","-","-"
"2024/01/18","14:00","2.33","237","5.05","33.6","1022.2","-","-"
"2024/01/18","15:00","7.39","226","11.08","35.8","1022.9","-","-"
"2024/01/18","16:00","5.25","218","7.97","38.8","1022.6","-","-"
"2024/01/18","17:00","5.05","214","9.72","43","1020.7","-","-"
"2024/01/18","18:00","5.64","195","10.3","45.5","1019.4","-","-"
"2024/01/18","19:00","11.27","173","16.33","46.4","1018","-","-"
"2024/01/18","20:00","5.83","192","11.08","46.8","1017","-","-"
"2024/01/18","21:00","4.86","218","9.14","46.9","1017","-","-"
"2024/01/18","22:00","4.67","230","6.22","46","1017","-","-"
"2024/01/18","23:00","4.08","185","4.86","44.8","1016.6","-","-"
"2024/01/19","00:00","3.5","170","3.89","43","1016.3","-","-"
"2024/01/19","01:00","3.69","183","5.05","43","1015.9","-","-"
"2024/01/19","02:00","5.25","188","7.19","43.9","1015.3","-","-"
"2024/01/19","03:00","5.64","173","6.61","43.3","1014.1","-","-"
"2024/01/19","04:00","5.05","166","6.03","43.2","1013.6","-","-"
"2024/01/19","05:00","2.72","146","3.89","42.4","1012.3","-","-"
"2024/01/19","06:00","4.08","173","5.44","42.3","1010.8","-","-"
"2024/01/19","07:00","5.05","188","6.03","42.8","1009.9","-","-"
"2024/01/19","08:00","3.11","159","4.86","42.4","1008.1","-","-"
"2024/01/19","09:00","0.78","9","1.56","42.3","1008.1","-","-"
"2024/01/19","10:00","5.83","329","7.39","41.9","1006.8","-","-"
"2024/01/19","11:00","6.22","227","7.58","41.7","1007.1","-","-"
"2024/01/19","12:00","6.22","263","7","40.1","1006.9","-","-"
"2024/01/19","13:00","0","194","1.75","38.7","1006.2","-","-"
"2024/01/19","14:00","2.53","33","3.69","38.5","1005.2","-","-"
"2024/01/19","15:00","1.17","14","2.72","38.8","1004.8","-","-"
"2024/01/19","16:00","6.22","320","7.19","38.8","1004.5","-","-"
"2024/01/19","17:00","12.83","317","15.16","40.1","1003.9","-","-"
"2024/01/19","18:00","15.94","313","19.63","40.3","1003.8","-","-"
"2024/01/19","19:00","16.33","306","20.41","40.3","1004.1","-","-"
"2024/01/19","20:00","22.94","309","27.8","40.1","1005.3","-","-"
"2024/01/19","21:00","25.66","309","31.1","39","1007.2","-","-"
"2024/01/19","22:00","22.94","322","29.35","36.9","1008.9","-","-"
"2024/01/19","23:00","15.75","328","22.16","35.4","1010.7","-","-"
"2024/01/20","00:00","15.36","335","17.88","34.5","1011.7","-","-"
"2024/01/20","01:00","14.38","328","17.11","34.2","1012.4","-","-"
"2024/01/20","02:00","15.94","327","19.05","34.3","1013.2","-","-"
"2024/01/20","03:00","17.11","298","19.24","34.7","1014","-","-"
"2024/01/20","04:00","13.22","281","17.69","33.6","1014.6","-","-"
"2024/01/20","05:00","9.52","292","11.86","33.3","1015","-","-"
"2024/01/20","06:00","7","274","8.75","31.5","1015.1","-","-"
"2024/01/20","07:00","10.5","284","14","31.8","1015.6","-","-"
"2024/01/20","08:00","10.5","303","17.88","32.5","1015.7","-","-"
"2024/01/20","09:00","13.22","285","15.94","31.3","1015.8","-","-"
"2024/01/20","10:00","11.66","290","15.36","30.2","1016.4","-","-"
"2024/01/20","11:00","14.97","330","20.6","29.3","1017.5","-","-"
"2024/01/20","12:00","13.02","330","16.33","28.2","1018.2","-","-"
"2024/01/20","13:00","12.63","325","18.66","27.9","1018.7","-","-"
"2024/01/20","14:00","16.33","322","19.63","27.7","1019.4","-","-"
"2024/01/20","15:00","14.97","327","21.19","28","1019.9","-","-"
"2024/01/20","16:00","17.88","323","21.58","28.9","1019.7","-","-"
"2024/01/20","17:00","19.05","319","22.55","30.2","1018.9","-","-"
"2024/01/20","18:00","16.91","320","19.24","30","1018.6","-","-"
"2024/01/20","19:00","15.36","307","20.02","30","1018.6","-","-"
"2024/01/20","20:00","16.33","301","21.58","30.2","1018.8","-","-"
"2024/01/20","21:00","18.08","294","21.77","30.9","1019.1","-","-"
"2024/01/20","22:00","12.63","285","15.36","30.4","1019.8","-","-"
"2024/01/20","23:00","10.69","286","16.13","29.8","1020.6","-","-"
"2024/01/21","00:00","19.05","308","22.55","30.9","1021.4","-","-"
"2024/01/21","01:00","19.24","334","23.71","28.2","1022.7","-","-"
"2024/01/21","02:00","17.3","337","21.58","27.3","1023.3","-","-"
"2024/01/21","03:00","19.05","328","22.55","25.3","1024.3","-","-"
"2024/01/21","04:00","20.22","323","28.57","24.8","1025.2","-","-"
"2024/01/21","05:00","17.3","293","23.71","23.7","1025.4","-","-"
"2024/01/21","06:00","12.25","287","15.36","23","1026","-","-"
"2024/01/21","07:00","11.86","280","14.19","22.5","1026.3","-","-"
"2024/01/21","08:00","12.44","277","16.52","22.5","1026.7","-","-"
"2024/01/21","09:00","12.05","286","15.16","21.9","1026.9","-","-"
"2024/01/21","10:00","13.22","287","17.3","22.5","1027.7","-","-"
"2024/01/21","11:00","12.83","289","17.3","22.8","1028.4","-","-"
"2024/01/21","12:00","13.22","283","16.91","22.5","1029.3","-","-"
"2024/01/21","13:00","12.63","304","18.27","24.1","1030.4","-","-"
"2024/01/21","14:00","17.88","310","23.33","25","1031.7","-","-"
"2024/01/21","15:00","20.99","320","26.82","25.9","1032.2","-","-"
"2024/01/21","16:00","16.33","312","20.02","26.8","1032","-","-"
"2024/01/21","17:00","16.72","305","19.24","27.9","1031.5","-","-"
"2024/01/21","18:00","14.97","312","18.66","30","1031","-","-"
"2024/01/21","19:00","14","318","18.08","31.6","1030.6","-","-"
"2024/01/21","20:00","14.77","320","18.27","33.1","1030.5","-","-"
"2024/01/21","21:00","12.44","311","15.16","34","1031","-","-"
"2024/01/21","22:00","10.11","290","12.63","34.7","1031.9","-","-"
"2024/01/21","23:00","9.33","289","12.83","34.5","1032.4","-","-"
"2024/01/22","00:00","8.55","342","10.69","34","1032.7","-","-"
"2024/01/22","01:00","5.44","2","7.58","32.5","1033.4","-","-"
"2024/01/22","02:00","4.86","321","7.39","31.8","1033.7","-","-"
"2024/01/22","03:00","4.86","324","6.22","31.1","1034.3","-","-"
"2024/01/22","04:00","7","317","9.52","31.1","1034.7","-","-"
"2024/01/22","05:00","7.39","314","8.94","30.2","1034.6","-","-"
"2024/01/22","06:00","6.22","323","7.78","29.8","1034.6","-","-"
"2024/01/22","07:00","4.28","344","5.44","29.1","1034.9","-","-"
"2024/01/22","08:00","2.72","271","4.08","29.1","1035.1","-","-"
"2024/01/22","09:00","3.3","228","4.08","26.4","1035.4","-","-"
"2024/01/22","10:00","1.17","243","2.33","25.7","1035.4","-","-"
"2024/01/22","11:00","2.92","247","3.69","26.4","1035.6","-","-"
"2024/01/22","12:00","2.33","235","3.11","24.6","1035.6","-","-"
"2024/01/22","13:00","1.36","295","2.33","27.7","1035.6","-","-"
"2024/01/22","14:00","1.36","281","3.11","29.8","1036.6","-","-"
"2024/01/22","15:00","0.58","14","1.17","33.4","1036.8","-","-"
"2024/01/22","16:00","2.92","36","3.89","33.6","1036.4","-","-"
"2024/01/22","17:00","5.05","65","6.41","34.7","1035","-","-"
"2024/01/22","18:00","5.05","202","6.61","39.9","1034.2","-","-"
"2024/01/22","19:00","8.94","214","14.77","41.4","1033.5","-","-"
"2024/01/22","20:00","7.78","222","11.27","43.2","1033.1","-","-"
"2024/01/22","21:00","7.39","193","10.69","43.9","1032.7","-","-"
"2024/01/22","22:00","4.28","180","6.41","44.2","1032.4","-","-"
"2024/01/22","23:00","2.72","202","3.5","39.6","1032.5","-","-"
"2024/01/23","00:00","4.28","190","6.03","39.7","1032.7","-","-"
"2024/01/23","01:00","3.3","209","4.08","39.7","1032.8","-","-"
"2024/01/23","02:00","5.83","204","6.61","38.8","1033.1","-","-"
"2024/01/23","03:00","6.22","215","8.55","39.2","1033.6","-","-"
"2024/01/23","04:00","7.78","201","9.52","38.7","1033.4","-","-"
"2024/01/23","05:00","5.05","204","7.97","37.4","1032.5","-","-"
"2024/01/23","06:00","5.83","215","8.75","37.8","1032.4","-","-"
"2024/01/23","07:00","3.69","214","5.25","37.4","1032.3","-","-"
"2024/01/23","08:00","3.69","208","4.86","36.3","1031.8","-","-"
"2024/01/23","09:00","3.5","198","3.89","35.2","1031.3","-","-"
"2024/01/23","10:00","4.86","219","6.22","36.7","1031.4","-","-"
"2024/01/23","11:00","3.89","212","5.83","37","1031.2","-","-"
"2024/01/23","12:00","2.14","203","3.5","36.9","1031.2","-","-"
"2024/01/23","13:00","6.22","214","7.39","38.7","1031.3","-","-"
"2024/01/23","14:00","6.61","236","9.72","41","1031.6","-","-"
"2024/01/23","15:00","8.75","221","13.41","44.2","1032.2","-","-"
"2024/01/23","16:00","3.11","198","5.64","45.5","1032","-","-"
"2024/01/23","17:00","3.11","245","5.05","48.4","1031","-","-"
"2024/01/23","18:00","6.03","232","10.5","50.2","1030.2","-","-"
"2024/01/23","19:00","5.44","229","6.61","51.6","1030.1","-","-"
"2024/01/23","20:00","4.47","230","5.44","51.4","1030.4","-","-"
"2024/01/23","21:00","0.58","200","1.36","50.2","1030.8","-","-"
"2024/01/23","22:00","2.53","104","2.92","45","1031.3","-","-"
"2024/01/23","23:00","3.5","164","3.89","45","1031.3","-","-"
"2024/01/24","00:00","1.94","161","2.14","45","1031.1","-","-"
"2024/01/24","01:00","4.08","173","5.05","45.7","1030.8","-","-"
"2024/01/24","02:00","4.28","154","5.05","44.8","1030.6","-","-"
"2024/01/24","03:00","1.17","90","1.94","45","1030.9","-","-"
"2024/01/24","04:00","0","107","0","43","1031.2","-","-"
"2024/01/24","05:00","2.33","128","2.72","43.5","1031.1","-","-"
"2024/01/24","06:00","3.3","68","3.5","44.1","1030.5","-","-"
"2024/01/24","07:00","0.58","340","1.17","43.2","1030.6","-","-"
"2024/01/24","08:00","0","76","0","43","1030.6","-","-"
"2024/01/24","09:00","2.14","118","2.33","44.4","1029.8","-","-"
"2024/01/24","10:00","3.5","63","3.89","42.8","1029.7","-","-"
"2024/01/24","11:00","1.17","52","1.75","42.4","1029.9","-","-"
"2024/01/24","12:00","3.11","91","3.5","41.9","1029.9","-","-"
"2024/01/24","13:00","3.89","58","4.08","41.7","1030.1","-","-"
"2024/01/24","14:00","1.94","92","2.33","42.8","1029.6","-","-"
"2024/01/24","15:00","5.64","56","6.22","43.9","1029.5","-","-"
"2024/01/24","16:00","6.03","75","7.39","44.8","1029.7","-","-"
"2024/01/24","17:00","5.25","62","8.16","46.4","1028.4","-","-"
"2024/01/24","18:00","8.94","60","10.3","45.5","1028.6","-","-"
"2024/01/24","19:00","6.41","160","13.61","65.1","1027.6","-","-"
"2024/01/24","20:00","7","56","8.94","50.4","1027.7","-","-"
"2024/01/24","21:00","6.41","65","8.55","49.5","1027.2","-","-"
"2024/01/24","22:00","8.36","163","10.5","65.8","1026.7","-","-"
"2024/01/24","23:00","5.83","154","7.19","63.3","1026.7","-","-"
"2024/01/25","00:00","3.89","153","6.61","57.2","1027","-","-"
"2024/01/25","01:00","3.11","154","5.05","54.7","1027.1","-","-"
"2024/01/25","02:00","9.14","167","12.25","61.2","1026.6","-","-"
"2024/01/25","03:00","9.91","174","14.38","61.9","1026.3","-","-"
"2024/01/25","04:00","7.97","175","12.44","61.5","1025.8","-","-"
"2024/01/25","05:00","7.58","177","11.08","61","1025.1","-","-"
"2024/01/25","06:00","7.58","181","11.27","61.3","1024.4","-","-"
"2024/01/25","07:00","7.78","185","13.02","61.5","1023.7","-","-"
"2024/01/25","08:00","9.72","191","14.38","62.8","1023.3","-","-"
"2024/01/25","09:00","8.55","195","12.25","62.2","1022.9","-","-"
"2024/01/25","10:00","9.14","208","12.05","62.1","1022.9","-","-"
"2024/01/25","11:00","8.94","212","13.61","62.4","1023","-","-"
"2024/01/25","12:00","8.55","207","14.77","62.6","1023","-","-"
"2024/01/25","13:00","8.94","198","13.41","63.3","1022.7","-","-"
"2024/01/25","14:00","8.94","210","17.49","63.7","1022.8","-","-"
"2024/01/25","15:00","11.47","207","15.36","65.3","1022.6","-","-"
"2024/01/25","16:00","13.8","211","16.91","66.9","1022.1","-","-"
"2024/01/25","17:00","10.5","209","22.16","68.4","1020.9","-","-"
"2024/01/25","18:00","8.36","216","15.36","69.6","1020","-","-"
"2024/01/25","19:00","8.75","223","16.72","69.3","1019.8","-","-"
"2024/01/25","20:00","6.22","230","10.69","69.1","1019.9","-","-"
"2024/01/25","21:00","6.22","217","9.33","68","1020","-","-"
"2024/01/25","22:00","6.03","225","8.55","67.1","1020.3","-","-"
"2024/01/25","23:00","3.89","194","6.61","66.4","1020.3","-","-"
"2024/01/26","00:00","7.39","194","9.52","66","1020.8","-","-"
"2024/01/26","01:00","8.36","201","10.3","66","1020.6","-","-"
"2024/01/26","02:00","6.22","193","9.91","65.5","1020.5","-","-"
"2024/01/26","03:00","8.16","190","12.83","65.3","1020.1","-","-"
"2024/01/26","04:00","10.3","192","15.55","66","1019.5","-","-"
"2024/01/26","05:00","9.52","195","12.63","66.4","1018.9","-","-"
"2024/01/26","06:00","12.44","192","15.94","66.6","1017.6","-","-"
"2024/01/26","07:00","10.89","198","14.58","66.7","1017.2","-","-"
"2024/01/26","08:00","6.8","193","11.08","65.8","1017","-","-"
"2024/01/26","09:00","6.22","205","8.36","65.7","1017.2","-","-"
"2024/01/26","10:00","7","214","10.3","65.5","1017.4","-","-"
"2024/01/26","11:00","6.03","200","8.94","65.7","1017.7","-","-"
"2024/01/26","12:00","7.19","200","14.19","66","1018.2","-","-"
"2024/01/26","13:00","7.97","201","11.86","66.6","1018.3","-","-"
"2024/01/26","14:00","8.36","214","10.89","66.9","1018.4","-","-"
"2024/01/26","15:00","6.03","226","11.47","66.7","1018.6","-","-"
"2024/01/26","16:00","7.97","245","12.83","68.7","1018.2","-","-"
"2024/01/26","17:00","9.72","217","11.86","68.4","1017.3","-","-"
"2024/01/26","18:00","9.33","223","15.75","70.3","1015.8","-","-"
"2024/01/26","19:00","12.63","232","20.41","71.2","1015","-","-"
"2024/01/26","20:00","12.44","220","16.52","72.3","1014.8","-","-"
"2024/01/26","21:00","9.91","241","13.22","72.5","1015.1","-","-"
"2024/01/26","22:00","7.58","230","9.91","71.1","1015.5","-","-"
"2024/01/26","23:00","8.94","215","10.89","69.3","1016.2","-","-"
"2024/01/27","00:00","6.8","226","8.94","68.2","1016.8","-","-"
"2024/01/27","01:00","7.78","225","10.11","68.2","1016.8","-","-"
"2024/01/27","02:00","10.3","233","12.05","67.6","1017","-","-"
"2024/01/27","03:00","11.08","237","13.41","67.1","1017.2","-","-"
"2024/01/27","04:00","11.47","247","14.38","66.2","1017.3","-","-"
"2024/01/27","05:00","6.22","262","7.39","63","1017.3","-","-"
"2024/01/27","06:00","7.97","298","9.14","60.4","1017.8","-","-"
"2024/01/27","07:00","4.28","323","5.44","57.6","1018","-","-"
"2024/01/27","08:00","6.03","17","7.97","58.6","1018.8","-","-"
"2024/01/27","09:00","1.94","59","2.33","56.3","1019.2","-","-"
"2024/01/27","10:00","4.86","26","7.19","56.1","1019.7","-","-"
"2024/01/27","11:00","1.56","67","2.53","52.5","1020.6","-","-"
"2024/01/27","12:00","0.58","45","0.97","51.8","1021.2","-","-"
"2024/01/27","13:00","0","71","0","50.9","1021.7","-","-"
"2024/01/27","14:00","3.3","84","4.28","50","1022.3","-","-"
"2024/01/27","15:00","2.33","93","3.5","50.9","1023","-","-"
"2024/01/27","16:00","1.56","226","1.75","52.7","1023.4","-","-"
"2024/01/27","17:00","5.83","61","6.22","52.9","1022.3","-","-"
"2024/01/27","18:00","6.22","62","7.97","50.7","1021.5","-","-"
"2024/01/27","19:00","6.8","68","7.19","48.7","1021","-","-"
"2024/01/27","20:00","7.39","80","8.16","50.9","1020.5","-","-"
"2024/01/27","21:00","6.22","99","6.61","48.9","1020.2","-","-"
"2024/01/27","22:00","4.47","99","5.64","49.1","1020.4","-","-"
"2024/01/27","23:00","6.22","77","7","48","1021.3","-","-"
"2024/01/28","00:00","9.14","78","10.3","47.3","1020.2","-","-"
"2024/01/28","01:00","12.44","90","14","45.7","1020.3","-","-"
"2024/01/28","02:00","9.33","69","12.83","44.8","1019.8","-","-"
"2024/01/28","03:00","12.63","75","13.8","44.8","1018.2","-","-"
"2024/01/28","04:00","12.83","67","14.19","45","1017.1","-","-"
"2024/01/28","05:00","12.25","67","13.61","45.1","1015.3","-","-"
"2024/01/28","06:00","18.27","68","20.6","45.5","1013.3","-","-"
"2024/01/28","07:00","10.89","77","13.22","45.5","1011.7","-","-"
"2024/01/28","08:00","12.63","82","14.77","45.9","1010.2","-","-"
"2024/01/28","09:00","8.55","83","11.47","45.7","1007.9","-","-"
"2024/01/28","10:00","8.75","67","9.72","45.7","1006","-","-"
"2024/01/28","11:00","5.64","350","5.83","46.4","1005.4","-","-"
"2024/01/28","12:00","8.94","308","11.08","45.9","1005.7","-","-"
"2024/01/28","13:00","5.64","341","7","46.2","1005.3","-","-"
"2024/01/28","14:00","9.33","326","10.69","45.5","1005","-","-"
"2024/01/28","15:00","6.61","298","7.39","45","1004.3","-","-"
"2024/01/28","16:00","7.19","299","7.97","45","1004.2","-","-"
"2024/01/28","17:00","6.22","302","7.39","45.3","1003.7","-","-"
"2024/01/28","18:00","5.44","324","7.39","45.9","1002.5","-","-"
"2024/01/28","19:00","8.94","322","10.3","47.3","1002","-","-"
"2024/01/28","20:00","8.75","308","11.47","47.3","1002.2","-","-"
"2024/01/28","21:00","7.97","292","8.94","46.8","1002.2","-","-"
"2024/01/28","22:00","11.27","315","14.77","47.3","1002.5","-","-"
"2024/01/28","23:00","13.22","284","14.58","47.5","1003.4","-","-"
"2024/01/29","00:00","12.05","281","15.36","46.8","1004.3","-","-"
"2024/01/29","01:00","11.86","305","14","45.5","1004.7","-","-"
"2024/01/29","02:00","8.94","291","10.69","45.7","1004.8","-","-"
"2024/01/29","03:00","7.78","286","8.55","45.5","1005.1","-","-"
"2024/01/29","04:00","9.91","306","12.63","45.5","1005.4","-","-"
"2024/01/29","05:00","8.94","297","12.25","45.3","1005.5","-","-"
"2024/01/29","06:00","9.52","293","12.83","45.1","1005.5","-","-"
"2024/01/29","07:00","10.11","291","12.44","44.6","1005.9","-","-"
"2024/01/29","08:00","8.16","290","9.52","44.4","1006.4","-","-"
"2024/01/29","09:00","17.69","320","22.74","44.2","1007","-","-"
"2024/01/29","10:00","16.91","332","21.97","44.1","1007.9","-","-"
"2024/01/29","11:00","14.19","327","16.91","43.7","1008.6","-","-"
"2024/01/29","12:00","14.19","322","16.52","43.7","1009.7","-","-"
"2024/01/29","13:00","14.77","324","18.08","43.5","1010.8","-","-"
"2024/01/29","14:00","16.91","325","21.58","43.9","1011.3","-","-"
"2024/01/29","15:00","16.52","329","19.63","44.6","1012","-","-"
"2024/01/29","16:00","17.3","323","19.83","45.3","1012.5","-","-"
"2024/01/29","17:00","16.13","330","20.99","45","1012.8","-","-"
"2024/01/29","18:00","14","318","18.27","45.9","1012.5","-","-"
"2024/01/29","19:00","15.16","311","18.47","46.4","1012.4","-","-"
"2024/01/29","20:00","13.8","308","16.33","47.7","1012.8","-","-"
"2024/01/29","21:00","15.36","329","18.86","48.4","1013.7","-","-"
"2024/01/29","22:00","11.08","0","13.61","47.1","1014.7","-","-"
"2024/01/29","23:00","8.36","2","11.08","45.5","1015.9","-","-"
"2024/01/30","00:00","3.5","4","4.28","44.1","1016.8","-","-"
"2024/01/30","01:00","3.89","359","4.28","42.6","1017.5","-","-"
"2024/01/30","02:00","4.86","353","5.83","41.9","1018.1","-","-"
"2024/01/30","03:00","10.11","5","11.66","42.3","1018.9","-","-"
"2024/01/30","04:00","8.75","333","10.89","41.9","1019.1","-","-"
"2024/01/30","05:00","8.75","339","10.11","41","1019.4","-","-"
"2024/01/30","06:00","7.19","343","8.55","41.5","1019.5","-","-"
"2024/01/30","07:00","7.58","344","8.94","41.4","1019.9","-","-"
"2024/01/30","08:00","6.22","27","7.58","41.7","1020.1","-","-"
"2024/01/30","09:00","9.33","45","10.3","41.4","1020.1","-","-"
"2024/01/30","10:00","5.64","29","8.94","41.2","1020.9","-","-"
"2024/01/30","11:00","4.86","16","6.41","40.6","1021.4","-","-"
"2024/01/30","12:00","8.55","49","9.91","40.5","1022","-","-"
"2024/01/30","13:00","7.97","43","9.33","40.3","1022.5","-","-"
"2024/01/30","14:00","8.75","72","10.69","40.5","1022.7","-","-"
"2024/01/30","15:00","7.78","88","11.08","40.3","1023.2","-","-"
"2024/01/30","16:00","8.94","72","10.3","40.1","1023.3","-","-"
"2024/01/30","17:00","6.03","71","9.14","40.3","1022.4","-","-"
"2024/01/30","18:00","8.55","88","10.3","40.6","1020.9","-","-"
"2024/01/30","19:00","7.19","76","9.33","40.5","1020.2","-","-"
"2024/01/30","20:00","8.94","73","10.11","40.5","1020.2","-","-"
"2024/01/30","21:00","9.72","95","10.89","41.2","1020.3","-","-"
"2024/01/30","22:00","7","107","8.94","41","1020.3","-","-"
"2024/01/30","23:00","5.44","108","7.97","40.6","1020.3","-","-"
"2024/01/31","00:00","9.91","86","11.27","40.8","1020.2","-","-"
"2024/01/31","01:00","7.39","110","10.69","40.8","1019.6","-","-"
"2024/01/31","02:00","9.72","89","10.5","41","1019.9","-","-"
"2024/01/31","03:00","10.5","85","12.83","41.2","1019.1","-","-"
"2024/01/31","04:00","10.89","79","12.44","41","1018.7","-","-"
"2024/01/31","05:00","11.08","75","12.63","41","1018.2","-","-"
"2024/01/31","06:00","10.11","67","12.25","41.2","1017.9","-","-"
"2024/01/31","07:00","5.44","34","6.41","40.6","1017.7","-","-"
"2024/01/31","08:00","8.55","64","9.14","41.2","1017.1","-","-"
"2024/01/31","09:00","4.47","40","5.25","40.8","1016.5","-","-"
"2024/01/31","10:00","5.64","37","7.19","41","1016.7","-","-"
"2024/01/31","11:00","2.33","31","2.92","40.5","1016.8","-","-"
"2024/01/31","12:00","2.92","351","3.69","39.4","1017.3","-","-"
"2024/01/31","13:00","9.33","12","11.08","39.6","1017.2","-","-"
"2024/01/31","14:00","9.52","17","11.86","40.5","1017.3","-","-"
"2024/01/31","15:00","12.63","32","15.16","42.1","1018.1","-","-"
"2024/01/31","16:00","14.58","15","16.13","43.7","1018.2","-","-"
"2024/01/31","17:00","9.33","33","12.44","44.1","1017.6","-","-"
"2024/01/31","18:00","9.72","6","11.08","44.8","1017.2","-","-"
"2024/01/31","19:00","10.5","11","13.22","45.5","1017","-","-"
"2024/01/31","20:00","10.69","7","13.22","45.7","1017.3","-","-"
"2024/01/31","21:00","9.52","15","12.25","45.3","1017.7","-","-"
"2024/01/31","22:00","6.61","15","8.75","45.3","1017.7","-","-"
"2024/01/31","23:00","8.16","1","9.33","44.6","1018.1","-","-"
"2024/02/01","00:00","6.03","350","7.19","43.5","1018.6","-","-"
"2024/02/01","01:00","8.55","354","10.89","43.5","1018.6","-","-"
"2024/02/01","02:00","7.78","353","9.14","43.5","1018.7","-","-"
"2024/02/01","03:00","5.05","349","6.03","42.4","1019.1","-","-"
"2024/02/01","04:00","4.47","355","5.05","41.4","1019.1","-","-"
"2024/02/01","05:00","6.41","5","7.58","40.1","1018.9","-","-"
"2024/02/01","06:00","5.25","9","6.41","39.4","1018.3","-","-"
"2024/02/01","07:00","5.64","2","7.39","38.5","1018.7","-","-"
"2024/02/01","08:00","4.47","4","4.86","38.3","1018.2","-","-"
"2024/02/01","09:00","1.56","272","2.33","36.5","1018.4","-","-"
"2024/02/01","10:00","4.08","272","4.67","36.7","1018.8","-","-"
"2024/02/01","11:00","1.75","220","2.14","35.2","1019.5","-","-"
"2024/02/01","12:00","2.14","230","2.92","34.2","1019.7","-","-"
"2024/02/01","13:00","1.36","289","1.75","37","1020.4","-","-"
"2024/02/01","14:00","2.33","265","3.11","39","1020.7","-","-"
"2024/02/01","15:00","0.78","235","3.69","43","1020","-","-"
"2024/02/01","16:00","3.11","33","3.69","43.3","1019.4","-","-"
"2024/02/01","17:00","2.92","49","3.3","45.7","1018.1","-","-"
"2024/02/01","18:00","5.05","66","5.44","45.9","1016.7","-","-"
"2024/02/01","19:00","8.55","87","10.5","47.1","1015.3","-","-"
"2024/02/01","20:00","9.52","66","10.3","46","1015.3","-","-"
"2024/02/01","21:00","5.64","77","6.61","46.8","1014.9","-","-"
"2024/02/01","22:00","1.94","116","3.89","48.9","1014.5","-","-"
"2024/02/01","23:00","1.36","231","2.33","48.4","1014.5","-","-"
"2024/02/02","00:00","2.72","184","2.92","46","1014.5","-","-"
"2024/02/02","01:00","3.89","159","4.47","44.8","1014.5","-","-"
"2024/02/02","02:00","3.89","169","4.08","43.7","1014","-","-"
"2024/02/02","03:00","3.89","190","5.44","45","1013.4","-","-"
"2024/02/02","04:00","8.16","213","9.72","46.4","1012.9","-","-"
"2024/02/02","05:00","7.19","209","9.14","46.4","1012.4","-","-"
"2024/02/02","06:00","9.72","208","13.22","46.4","1011.4","-","-"
"2024/02/02","07:00","10.3","207","13.8","45.7","1010.7","-","-"
"2024/02/02","08:00","1.36","269","3.89","45.3","1010.6","-","-"
"2024/02/02","09:00","4.08","224","8.36","44.6","1009.9","-","-"
"2024/02/02","10:00","4.86","231","6.61","45","1009.8","-","-"
"2024/02/02","11:00","6.61","236","8.75","44.4","1009.9","-","-"
"2024/02/02","12:00","5.64","261","7.97","43.7","1010.3","-","-"
"2024/02/02","13:00","0.19","230","2.33","45.1","1010.8","-","-"
"2024/02/02","14:00","4.67","310","5.64","44.4","1010.9","-","-"
"2024/02/02","15:00","6.41","321","6.61","45","1010.8","-","-"
"2024/02/02","16:00","6.22","310","7","46.2","1011.3","-","-"
"2024/02/02","17:00","5.64","314","6.8","47.7","1011","-","-"
"2024/02/02","18:00","10.11","338","13.61","51.8","1010.5","-","-"
"2024/02/02","19:00","7.97","326","10.89","51.1","1010.4","-","-"
"2024/02/02","20:00","12.63","348","17.88","51.3","1010.8","-","-"
"2024/02/02","21:00","11.66","10","17.3","47.7","1011.9","-","-"
"2024/02/02","22:00","8.55","27","10.5","47.3","1012.8","-","-"
"2024/02/02","23:00","6.41","5","8.16","47.1","1013.7","-","-"
"2024/02/03","00:00","6.8","8","9.14","46.2","1014.5","-","-"
"2024/02/03","01:00","8.75","11","9.91","45.3","1014.9","-","-"
"2024/02/03","02:00","4.47","327","5.05","44.4","1015.2","-","-"
"2024/02/03","03:00","7.97","330","9.52","43.7","1015.3","-","-"
"2024/02/03","04:00","7.78","329","8.36","42.6","1015.5","-","-"
"2024/02/03","05:00","8.36","343","9.91","42.1","1015.5","-","-"
"2024/02/03","06:00","7.19","354","8.94","42.3","1015.6","-","-"
"2024/02/03","07:00","8.16","1","9.33","40.8","1015.7","-","-"
"2024/02/03","08:00","7.78","345","9.52","40.5","1016.2","-","-"
"2024/02/03","09:00","7.97","340","10.11","40.1","1016.6","-","-"
"2024/02/03","10:00","10.5","355","12.63","39.2","1017","-","-"
"2024/02/03","11:00","9.33","344","11.47","38.3","1017.4","-","-"
"2024/02/03","12:00","9.14","332","10.5","37","1017.9","-","-"
"2024/02/03","13:00","9.91","346","11.47","37.2","1018.4","-","-"
"2024/02/03","14:00","12.25","349","13.8","39","1018.8","-","-"
"2024/02/03","15:00","9.72","1","12.44","40.8","1019","-","-"
"2024/02/03","16:00","4.28","8","7.19","41.7","1019","-","-"
"2024/02/03","17:00","5.44","298","6.61","42.6","1018.2","-","-"
"2024/02/03","18:00","7.19","298","9.14","43.7","1017.6","-","-"
"2024/02/03","19:00","9.72","87","11.47","42.6","1016.9","-","-"
"2024/02/03","20:00","11.66","78","14","41.7","1016.7","-","-"
"2024/02/03","21:00","11.47","71","12.44","41.9","1016.7","-","-"
"2024/02/03","22:00","10.11","72","11.86","41.9","1016.7","-","-"
"2024/02/03","23:00","7.39","47","8.75","41.5","1017.1","-","-"
"2024/02/04","00:00","4.28","53","5.64","41","1017.5","-","-"
"2024/02/04","01:00","2.14","58","2.72","41","1017.6","-","-"
"2024/02/04","02:00","0.97","247","1.56","37.9","1017.8","-","-"
"2024/02/04","03:00","1.75","235","2.33","36.3","1017.9","-","-"
"2024/02/04","04:00","1.56","240","2.14","35.1","1017.7","-","-"
"2024/02/04","05:00","2.33","220","2.92","34.7","1017.5","-","-"
"2024/02/04","06:00","3.69","271","4.47","36.9","1017","-","-"
"2024/02/04","07:00","3.89","276","4.67","36.9","1016.6","-","-"
"2024/02/04","08:00","4.47","270","5.05","36.7","1016.2","-","-"
"2024/02/04","09:00","5.44","286","7","36","1016.3","-","-"
"2024/02/04","10:00","5.25","279","6.8","35.1","1016.8","-","-"
"2024/02/04","11:00","8.16","322","9.33","37.4","1016.6","-","-"
"2024/02/04","12:00","5.25","350","6.61","34.9","1016.5","-","-"
"2024/02/04","13:00","3.69","311","5.44","36.5","1017","-","-"
"2024/02/04","14:00","4.67","341","6.03","37.9","1017.2","-","-"
"2024/02/04","15:00","7.58","17","9.33","41.2","1017.2","-","-"
"2024/02/04","16:00","6.22","43","7","43.3","1017.2","-","-"
"2024/02/04","17:00","4.47","60","6.03","44.1","1016.6","-","-"
"2024/02/04","18:00","9.14","81","10.69","43.7","1015.4","-","-"
"2024/02/04","19:00","7.39","119","8.75","44.6","1014.8","-","-"
"2024/02/04","20:00","7.58","88","8.16","44.6","1014.5","-","-"
"2024/02/04","21:00","9.91","70","10.5","44.2","1014.3","-","-"
"2024/02/04","22:00","9.52","68","10.69","43.9","1013.5","-","-"
"2024/02/04","23:00","11.86","50","14","43.2","1013.2","-","-"
"2024/02/05","00:00","3.69","180","5.05","42.8","1014.2","-","-"
"2024/02/05","01:00","4.28","50","4.86","42.6","1013.3","-","-"
"2024/02/05","02:00","1.17","54","1.56","41.2","1013.5","-","-"
"2024/02/05","03:00","2.72","184","3.3","37","1013.7","-","-"
"2024/02/05","04:00","0.39","171","1.36","36.9","1013.3","-","-"
"2024/02/05","05:00","1.94","195","2.72","35.4","1013","-","-"
"2024/02/05","06:00","0","189","0","35.1","1012.7","-","-"
"2024/02/05","07:00","1.94","284","2.53","36.1","1012.2","-","-"
"2024/02/05","08:00","5.05","332","6.61","37.4","1011.6","-","-"
"2024/02/05","09:00","2.92","328","3.5","37.6","1011.2","-","-"
"2024/02/05","10:00","1.94","290","3.3","36.7","1011.3","-","-"
"2024/02/05","11:00","0.78","269","1.36","36.3","1011.7","-","-"
"2024/02/05","12:00","2.14","331","3.11","36.7","1012.3","-","-"
"2024/02/05","13:00","1.94","213","2.53","36.1","1012.9","-","-"
"2024/02/05","14:00","1.94","340","3.69","39.7","1013.1","-","-"
"2024/02/05","15:00","2.72","329","3.5","42.3","1013","-","-"
"2024/02/05","16:00","3.69","26","6.22","46","1013.1","-","-"
"2024/02/05","17:00","8.36","72","10.89","45.7","1012.5","-","-"
"2024/02/05","18:00","7.39","75","9.52","46.4","1011.8","-","-"
"2024/02/05","19:00","10.69","74","12.05","45","1011.5","-","-"
"2024/02/05","20:00","8.75","83","11.27","45.3","1011.6","-","-"
"2024/02/05","21:00","9.91","43","11.66","47.8","1012","-","-"
"2024/02/05","22:00","5.64","61","10.11","46.4","1012.3","-","-"
"2024/02/05","23:00","9.72","40","10.89","44.8","1013","-","-"
"2024/02/06","00:00","9.33","55","10.69","44.1","1013.6","-","-"
"2024/02/06","01:00","12.83","57","14.58","43.3","1013.8","-","-"
"2024/02/06","02:00","10.69","71","13.02","42.6","1014.3","-","-"
"2024/02/06","03:00","11.47","57","13.8","42.1","1014.6","-","-"
"2024/02/06","04:00","5.83","40","7.78","41","1014.9","-","-"
"2024/02/06","05:00","7","32","8.36","40.1","1015.1","-","-"
"2024/02/06","06:00","5.64","14","7","39","1015.3","-","-"
"2024/02/06","07:00","7.19","12","8.36","38.1","1015.4","-","-"
"2024/02/06","08:00","8.94","3","10.5","37.6","1015.6","-","-"
"2024/02/06","09:00","7.58","5","9.91","37","1015.7","-","-"
"2024/02/06","10:00","8.55","6","9.91","37","1016","-","-"
"2024/02/06","11:00","7.39","3","9.14","36.7","1016.5","-","-"
"2024/02/06","12:00","10.5","14","14","37.9","1017.4","-","-"
"2024/02/06","13:00","9.14","7","10.89","37.6","1018.4","-","-"
"2024/02/06","14:00","15.55","19","17.11","39.4","1018.6","-","-"
"2024/02/06","15:00","16.13","19","20.41","39.9","1018.8","-","-"
"2024/02/06","16:00","13.8","21","18.27","40.6","1019.3","-","-"
"2024/02/06","17:00","15.94","23","18.66","40.8","1019.4","-","-"
"2024/02/06","18:00","13.41","10","18.27","41.4","1019.3","-","-"
"2024/02/06","19:00","15.75","8","20.41","41.5","1019.3","-","-"
"2024/02/06","20:00","14.97","23","18.47","41.7","1019.5","-","-"
"2024/02/06","21:00","16.33","33","17.88","40.8","1020.2","-","-"
"2024/02/06","22:00","13.8","22","18.27","40.8","1020.9","-","-"
"2024/02/06","23:00","13.02","16","15.16","41","1021.2","-","-"
"2024/02/07","00:00","11.86","6","13.22","40.6","1021.6","-","-"
"2024/02/07","01:00","8.16","3","11.66","40.1","1021.6","-","-"
"2024/02/07","02:00","8.36","4","10.3","38.7","1021.9","-","-"
"2024/02/07","03:00","7.97","345","9.33","37.4","1022.1","-","-"
"2024/02/07","04:00","7","342","8.75","36.5","1022.4","-","-"
"2024/02/07","05:00","4.67","341","5.44","36.1","1022.5","-","-"
"2024/02/07","06:00","5.25","335","6.03","35.8","1022.4","-","-"
"2024/02/07","07:00","4.47","349","5.05","35.4","1022.3","-","-"
"2024/02/07","08:00","6.41","335","7.19","34.5","1022.5","-","-"
"2024/02/07","09:00","7.39","345","8.55","35.1","1023","-","-"
"2024/02/07","10:00","6.61","340","8.36","34.5","1023.5","-","-"
"2024/02/07","11:00","8.55","330","10.3","35.1","1024.1","-","-"
"2024/02/07","12:00","7.97","339","9.91","33.6","1024.6","-","-"
"2024/02/07","13:00","9.72","343","11.08","34.7","1025.7","-","-"
"2024/02/07","14:00","8.55","353","10.89","37.4","1026.1","-","-"
"2024/02/07","15:00","10.11","17","12.05","40.1","1026.3","-","-"
"2024/02/07","16:00","10.3","37","14.58","41.7","1026.3","-","-"
"2024/02/07","17:00","7.97","38","13.8","42.3","1025.9","-","-"
"2024/02/07","18:00","11.86","36","14.58","43.2","1025.2","-","-"
"2024/02/07","19:00","8.55","44","12.63","44.6","1024.5","-","-"
"2024/02/07","20:00","13.61","36","15.36","44.6","1024.6","-","-"
"2024/02/07","21:00","8.55","46","11.66","44.4","1024.8","-","-"
"2024/02/07","22:00","8.55","42","9.52","44.6","1025.3","-","-"
"2024/02/07","23:00","6.8","52","7.58","43.5","1025.5","-","-"
"2024/02/08","00:00","5.64","55","6.61","43.3","1025.8","-","-"
"2024/02/08","01:00","1.75","184","2.14","40.1","1026.1","-","-"
"2024/02/08","02:00","1.56","218","2.33","39.4","1026.8","-","-"
"2024/02/08","03:00","1.56","183","1.75","38.1","1026.9","-","-"
"2024/02/08","04:00","1.56","184","3.11","38.1","1026.6","-","-"
"2024/02/08","05:00","1.94","183","2.33","36.5","1026.5","-","-"
"2024/02/08","06:00","1.56","234","2.33","36.3","1026.7","-","-"
"2024/02/08","07:00","0.39","232","1.56","36.7","1026.5","-","-"
"2024/02/08","08:00","1.56","233","2.33","35.1","1026.3","-","-"
"2024/02/08","09:00","3.3","267","4.08","34.7","1026.5","-","-"
"2024/02/08","10:00","1.94","254","2.72","34.9","1026.4","-","-"
"2024/02/08","11:00","4.47","276","5.44","35.4","1026.9","-","-"
"2024/02/08","12:00","4.08","273","5.05","34.9","1027.6","-","-"
"2024/02/08","13:00","2.33","260","3.11","35.6","1027.7","-","-"
"2024/02/08","14:00","3.3","272","4.47","38.1","1027.4","-","-"
"2024/02/08","15:00","3.89","324","4.67","41.2","1027.8","-","-"
"2024/02/08","16:00","3.69","4","4.47","43.5","1027.8","-","-"
"2024/02/08","17:00","4.28","67","5.05","44.4","1027","-","-"
"2024/02/08","18:00","7.78","74","8.36","44.4","1026.1","-","-"
"2024/02/08","19:00","9.72","73","10.3","45","1025.2","-","-"
"2024/02/08","20:00","9.52","72","10.89","45.3","1024.9","-","-"
"2024/02/08","21:00","7.39","89","8.55","46.6","1025","-","-"
"2024/02/08","22:00","8.36","125","9.72","46","1024.9","-","-"
"2024/02/08","23:00","5.64","135","7.97","44.4","1024.8","-","-"
"2024/02/09","00:00","7.39","140","9.52","43.2","1024.5","-","-"
"2024/02/09","01:00","6.41","146","8.16","42.3","1024.5","-","-"
"2024/02/09","02:00","4.67","165","6.03","41.5","1024.5","-","-"
"2024/02/09","03:00","3.69","163","4.86","41.2","1024.5","-","-"
"2024/02/09","04:00","4.67","169","5.83","41.4","1024.2","-","-"
"2024/02/09","05:00","3.69","140","5.25","41.9","1023.8","-","-"
"2024/02/09","06:00","7","156","9.52","42.3","1022.5","-","-"
"2024/02/09","07:00","3.11","190","4.28","42.8","1022.7","-","-"
"2024/02/09","08:00","4.28","194","6.41","43.5","1022.4","-","-"
"2024/02/09","09:00","4.28","188","7.78","43.5","1021.4","-","-"
"2024/02/09","10:00","7.19","200","10.3","43.7","1021.5","-","-"
"2024/02/09","11:00","5.25","211","8.16","43.5","1021.4","-","-"
"2024/02/09","12:00","6.41","191","9.91","43.9","1021.2","-","-"
"2024/02/09","13:00","6.03","191","10.11","45.3","1021.1","-","-"
"2024/02/09","14:00","8.16","212","11.47","46.9","1021.5","-","-"
"2024/02/09","15:00","-","-","-","-","-","-","-"
"2024/02/09","16:00","-","-","-","-","-","-","-"
"2024/02/09","17:00","-","-","-","-","-","-","-"
"2024/02/09","18:00","9.72","222","14.38","54.1","1018.4","-","-"
"2024/02/09","19:00","7.97","212","10.89","54.3","1018","-","-"
"2024/02/09","20:00","7.78","203","11.47","55","1017.3","-","-"
"2024/02/09","21:00","4.47","207","7.58","55.4","1017.2","-","-"
"2024/02/09","22:00","4.47","214","7.19","54.9","1017.2","-","-"
"2024/02/09","23:00","2.53","204","3.3","54.1","1017.5","-","-"
"2024/02/10","00:00","6.22","204","7.58","53.2","1017.2","-","-"
"2024/02/10","01:00","8.36","210","13.61","53.1","1017.1","-","-"
"2024/02/10","02:00","13.02","220","16.13","53.2","1016.9","-","-"
"2024/02/10","03:00","9.52","211","14.19","53.2","1016.7","-","-"
"2024/02/10","04:00","10.89","216","14.97","53.2","1016.6","-","-"
"2024/02/10","05:00","10.5","233","13.22","53.4","1016.7","-","-"
"2024/02/10","06:00","8.94","214","12.63","53.6","1015.6","-","-"
"2024/02/10","07:00","9.14","221","12.44","54.1","1015.3","-","-"
"2024/02/10","08:00","6.41","223","10.5","53.1","1015","-","-"
"2024/02/10","09:00","9.33","225","13.41","53.8","1014.4","-","-"
"2024/02/10","10:00","10.5","231","14.58","54.3","1014.7","-","-"
"2024/02/10","11:00","10.69","231","15.16","53.8","1014.7","-","-"
"2024/02/10","12:00","10.3","224","12.44","54.1","1015","-","-"
"2024/02/10","13:00","8.16","217","14","54.7","1014.7","-","-"
"2024/02/10","14:00","10.3","220","14.97","55.9","1014.5","-","-"
"2024/02/10","15:00","8.94","232","12.25","56.1","1014.9","-","-"
"2024/02/10","16:00","9.33","238","13.02","57.6","1014.8","-","-"
"2024/02/10","17:00","8.75","217","11.66","60.3","1013.7","-","-"
"2024/02/10","18:00","8.75","210","10.3","64.2","1012.9","-","-"
"2024/02/10","19:00","9.33","222","16.33","66.7","1012.1","-","-"
"2024/02/10","20:00","10.5","334","14.19","59","1013.5","-","-"
"2024/02/10","21:00","5.44","155","6.03","56.7","1012.6","-","-"
"2024/02/10","22:00","7.19","188","9.33","58.3","1012","-","-"
"2024/02/10","23:00","5.64","237","7.58","61","1011.8","-","-"
"2024/02/11","00:00","4.67","233","7.19","61.2","1012.2","-","-"
"2024/02/11","01:00","7.19","243","10.89","61.7","1012.1","-","-"
"2024/02/11","02:00","8.94","257","10.5","61.9","1012.5","-","-"
"2024/02/11","03:00","8.36","260","10.69","60.8","1012.8","-","-"
"2024/02/11","04:00","4.08","269","5.05","59.4","1012.8","-","-"
"2024/02/11","05:00","5.25","227","7.19","60.8","1012.6","-","-"
"2024/02/11","06:00","7.97","228","9.52","60.6","1012.5","-","-"
"2024/02/11","07:00","11.66","221","14.19","59.2","1012.2","-","-"
"2024/02/11","08:00","9.91","222","12.44","58.6","1012.3","-","-"
"2024/02/11","09:00","6.41","231","9.52","57.2","1012.2","-","-"
"2024/02/11","10:00","2.72","199","4.86","56.3","1012.2","-","-"
"2024/02/11","11:00","4.08","233","5.05","56.3","1011.9","-","-"
"2024/02/11","12:00","2.33","152","2.53","55","1012.1","-","-"
"2024/02/11","13:00","2.53","324","3.5","54.9","1013","-","-"
"2024/02/11","14:00","2.53","319","2.72","52.5","1013.1","-","-"
"2024/02/11","15:00","1.17","284","1.56","54","1012.7","-","-"
"2024/02/11","16:00","5.05","311","5.64","53.2","1012.8","-","-"
"2024/02/11","17:00","3.3","75","3.89","53.2","1011.5","-","-"
"2024/02/11","18:00","8.16","80","9.33","51.8","1009.8","-","-"
"2024/02/11","19:00","4.08","41","4.47","50","1010.4","-","-"
"2024/02/11","20:00","7","324","7.58","50.2","1010.3","-","-"
"2024/02/11","21:00","3.11","1","4.86","52.5","1010.1","-","-"
"2024/02/11","22:00","5.83","34","7.39","50.9","1010.5","-","-"
"2024/02/11","23:00","2.72","60","3.89","50","1011.7","-","-"
"2024/02/12","00:00","2.92","75","4.08","48.7","1012.8","-","-"
"2024/02/12","01:00","7.78","77","8.36","48.2","1012.9","-","-"
"2024/02/12","02:00","7.58","73","8.36","47.1","1012.8","-","-"
"2024/02/12","03:00","6.61","82","7.19","46.6","1013.1","-","-"
"2024/02/12","04:00","4.08","34","6.03","46.9","1013.2","-","-"
"2024/02/12","05:00","7.78","65","8.36","46.4","1012.3","-","-"
"2024/02/12","06:00","3.69","89","4.47","46","1013.2","-","-"
"2024/02/12","07:00","4.86","75","5.05","45.9","1012.9","-","-"
"2024/02/12","08:00","5.05","62","6.03","45.7","1012.5","-","-"
"2024/02/12","09:00","2.72","94","3.69","45.9","1012.5","-","-"
"2024/02/12","10:00","3.69","58","3.89","45.7","1012.3","-","-"
"2024/02/12","11:00","1.36","91","1.94","45.9","1012.3","-","-"
"2024/02/12","12:00","2.14","39","3.89","45.9","1012.6","-","-"
"2024/02/12","13:00","2.92","63","3.3","46","1012.5","-","-"
"2024/02/12","14:00","4.67","96","5.25","46.2","1012.3","-","-"
"2024/02/12","15:00","5.25","78","5.83","46","1012.3","-","-"
"2024/02/12","16:00","8.55","67","9.33","45.9","1012.2","-","-"
"2024/02/12","17:00","5.44","58","7.39","46.2","1011.2","-","-"
"2024/02/12","18:00","7","89","7.78","44.8","1011.3","-","-"
"2024/02/12","19:00","11.08","93","12.05","44.8","1009.1","-","-"
"2024/02/12","20:00","7.78","69","9.14","44.6","1009.6","-","-"
"2024/02/12","21:00","9.52","75","10.3","44.1","1009.3","-","-"
"2024/02/12","22:00","8.94","104","11.08","44.4","1008.6","-","-"
"2024/02/12","23:00","8.75","91","10.5","45","1007.5","-","-"
"2024/02/13","00:00","7.97","84","9.52","44.6","1007.3","-","-"
"2024/02/13","01:00","7.97","96","8.94","44.4","1006.9","-","-"
"2024/02/13","02:00","8.16","86","9.14","44.4","1005.7","-","-"
"2024/02/13","03:00","7.58","102","10.89","45","1003.3","-","-"
"2024/02/13","04:00","5.05","81","5.25","45.3","1001.5","-","-"
"2024/02/13","05:00","7.58","62","8.16","45.3","1000.4","-","-"
"2024/02/13","06:00","8.75","44","9.52","45.3","998.4","-","-"
"2024/02/13","07:00","9.33","67","10.3","46","995.6","-","-"
"2024/02/13","08:00","5.25","86","7.78","46.6","993.2","-","-"
"2024/02/13","09:00","5.05","39","7.39","47.1","992.3","-","-"
"2024/02/13","10:00","2.72","88","3.11","46.8","991","-","-"
"2024/02/13","11:00","5.05","287","6.8","48","990.3","-","-"
"2024/02/13","12:00","16.13","248","19.24","51.6","991.2","-","-"
"2024/02/13","13:00","17.11","303","21.97","46.8","993.4","-","-"
"2024/02/13","14:00","18.86","298","24.49","44.4","996.1","-","-"
"2024/02/13","15:00","25.66","325","29.94","43.7","1000","-","-"
"2024/02/13","16:00","23.71","320","27.41","43.2","1003.4","-","-"
"2024/02/13","17:00","16.52","325","25.85","43.5","1004.8","-","-"
"2024/02/13","18:00","24.88","308","29.55","44.1","1006","-","-"
"2024/02/13","19:00","19.63","314","23.91","45.7","1006.9","-","-"
"2024/02/13","20:00","20.6","318","23.52","47.1","1007.5","-","-"
"2024/02/13","21:00","12.63","321","15.36","48.7","1008.3","-","-"
"2024/02/13","22:00","16.72","317","20.02","50.2","1009.9","-","-"
"2024/02/13","23:00","12.83","352","17.49","48.6","1012","-","-"
"2024/02/14","00:00","9.14","341","10.89","46.6","1013.7","-","-"
"2024/02/14","01:00","4.08","0","6.41","44.8","1014.1","-","-"
"2024/02/14","02:00","4.08","303","4.86","44.4","1014.9","-","-"
"2024/02/14","03:00","3.11","218","3.3","39.6","1015","-","-"
"2024/02/14","04:00","6.8","213","7.39","38.7","1015.1","-","-"
"2024/02/14","05:00","9.91","211","11.27","40.5","1015.5","-","-"
"2024/02/14","06:00","8.75","214","11.27","40.5","1015.6","-","-"
"2024/02/14","07:00","9.52","216","11.47","40.6","1015.9","-","-"
"2024/02/14","08:00","10.5","222","13.61","41","1015.9","-","-"
"2024/02/14","09:00","9.72","248","12.83","41.9","1016.1","-","-"
"2024/02/14","10:00","5.64","264","8.75","41.4","1017.3","-","-"
"2024/02/14","11:00","6.22","264","7","40.3","1017.9","-","-"
"2024/02/14","12:00","4.86","278","6.03","38.8","1018.9","-","-"
"2024/02/14","13:00","6.03","284","7","40.6","1019.7","-","-"
"2024/02/14","14:00","6.61","307","8.36","41.5","1020.2","-","-"
"2024/02/14","15:00","4.67","332","6.61","44.2","1020.5","-","-"
"2024/02/14","16:00","6.8","299","7.78","44.2","1020.6","-","-"
"2024/02/14","17:00","7.97","305","8.94","44.8","1020.4","-","-"
"2024/02/14","18:00","8.55","309","10.69","45.7","1019.8","-","-"
"2024/02/14","19:00","8.16","311","9.14","47.1","1019.4","-","-"
"2024/02/14","20:00","5.64","331","8.94","49.5","1019.2","-","-"
"2024/02/14","21:00","5.64","306","6.03","48.9","1019.6","-","-"
"2024/02/14","22:00","6.22","300","7.19","49.3","1019.7","-","-"
"2024/02/14","23:00","2.14","129","4.86","46","1020.5","-","-"
"2024/02/15","00:00","4.47","104","7.19","44.6","1021.1","-","-"
"2024/02/15","01:00","8.55","45","9.91","44.1","1021.7","-","-"
"2024/02/15","02:00","7.78","49","9.14","43.2","1022.3","-","-"
"2024/02/15","03:00","4.86","54","6.22","42.6","1022.8","-","-"
"2024/02/15","04:00","2.72","42","3.89","42.1","1023.4","-","-"
"2024/02/15","05:00","5.25","40","6.22","41.2","1023.3","-","-"
"2024/02/15","06:00","4.86","45","6.03","41.5","1024.1","-","-"
"2024/02/15","07:00","0.19","228","0.78","36.9","1024.4","-","-"
"2024/02/15","08:00","1.56","213","1.94","36","1024.6","-","-"
"2024/02/15","09:00","2.33","207","2.53","34.5","1024.4","-","-"
"2024/02/15","10:00","0.39","237","0.78","34.7","1024.7","-","-"
"2024/02/15","11:00","0.97","219","1.56","34.9","1024.6","-","-"
"2024/02/15","12:00","0.78","151","1.56","34.5","1024.3","-","-"
"2024/02/15","13:00","2.33","132","3.5","39.7","1024.9","-","-"
"2024/02/15","14:00","7.78","90","9.72","40.1","1025.1","-","-"
"2024/02/15","15:00","7.19","91","10.5","40.5","1024.9","-","-"
"2024/02/15","16:00","9.33","73","10.3","41","1023.8","-","-"
"2024/02/15","17:00","12.25","72","14.77","42.1","1022.7","-","-"
"2024/02/15","18:00","11.27","92","14.58","44.1","1020.8","-","-"
"2024/02/15","19:00","7.97","108","10.89","46.4","1018.8","-","-"
"2024/02/15","20:00","11.66","98","15.36","45.7","1017.2","-","-"
"2024/02/15","21:00","8.55","92","10.11","47.3","1015.2","-","-"
"2024/02/15","22:00","11.08","178","16.33","54.3","1014.3","-","-"
"2024/02/15","23:00","5.44","170","8.36","52.9","1013.9","-","-"
"2024/02/16","00:00","7.78","171","10.3","51.8","1012.9","-","-"
"2024/02/16","01:00","9.14","189","14.97","51.6","1012.3","-","-"
"2024/02/16","02:00","9.33","197","15.36","51.6","1011.8","-","-"
"2024/02/16","03:00","11.66","216","16.52","52.7","1011.1","-","-"
"2024/02/16","04:00","14.19","234","17.88","54.9","1010.5","-","-"
"2024/02/16","05:00","14.97","235","21.58","55.8","1010.8","-","-"
"2024/02/16","06:00","10.11","237","16.91","55.2","1010.9","-","-"
"2024/02/16","07:00","14","254","19.83","55.2","1011.4","-","-"
"2024/02/16","08:00","11.08","244","14.19","53.4","1012.1","-","-"
"2024/02/16","09:00","9.33","258","11.08","52.3","1012.5","-","-"
"2024/02/16","10:00","6.61","316","7.58","51.3","1013.6","-","-"
"2024/02/16","11:00","6.03","308","6.41","48","1014.6","-","-"
"2024/02/16","12:00","3.5","304","4.28","47.3","1015.6","-","-"
"2024/02/16","13:00","7.19","5","8.36","46.4","1016.8","-","-"
"2024/02/16","14:00","5.05","11","9.14","45.7","1017.4","-","-"
"2024/02/16","15:00","7","6","9.52","45.9","1017.7","-","-"
"2024/02/16","16:00","6.8","4","7.97","46.6","1017.7","-","-"
"2024/02/16","17:00","1.75","101","2.33","47.8","1017.1","-","-"
"2024/02/16","18:00","7","81","7.39","46.8","1015.9","-","-"
"2024/02/16","19:00","11.47","82","12.63","45.3","1015.3","-","-"
"2024/02/16","20:00","11.27","81","12.05","44.2","1015.2","-","-"
"2024/02/16","21:00","9.91","83","10.5","44.1","1015.5","-","-"
"2024/02/16","22:00","8.16","97","11.27","44.4","1014.8","-","-"
"2024/02/16","23:00","6.8","110","9.72","44.2","1014.5","-","-"
"2024/02/17","00:00","8.55","128","11.27","44.2","1014","-","-"
"2024/02/17","01:00","11.08","138","15.55","44.1","1012.6","-","-"
"2024/02/17","02:00","8.36","129","12.25","43.7","1012.4","-","-"
"2024/02/17","03:00","6.22","144","8.94","42.8","1011.3","-","-"
"2024/02/17","04:00","6.41","132","7.78","42.4","1010","-","-"
"2024/02/17","05:00","6.8","139","8.94","42.6","1008.4","-","-"
"2024/02/17","06:00","7.78","141","12.63","43.5","1006.5","-","-"
"2024/02/17","07:00","7.19","147","8.36","44.1","1004.5","-","-"
"2024/02/17","08:00","7.39","182","11.47","46.4","1002.9","-","-"
"2024/02/17","09:00","17.49","307","25.46","46","1003.8","-","-"
"2024/02/17","10:00","14.19","317","16.72","43.7","1004.1","-","-"
"2024/02/17","11:00","10.89","323","14.19","42.3","1005.2","-","-"
"2024/02/17","12:00","12.25","327","17.69","40.6","1007.1","-","-"
"2024/02/17","13:00","20.8","323","25.85","40.1","1009.2","-","-"
"2024/02/17","14:00","18.27","341","24.1","39.6","1010.4","-","-"
"2024/02/17","15:00","23.71","340","27.99","40.8","1011.4","-","-"
"2024/02/17","16:00","20.6","335","26.44","41.9","1011.6","-","-"
"2024/02/17","17:00","19.24","311","22.55","42.1","1011.3","-","-"
"2024/02/17","18:00","18.66","312","23.33","42.8","1011","-","-"
"2024/02/17","19:00","17.3","314","20.02","42.8","1010.7","-","-"
"2024/02/17","20:00","17.3","326","22.16","43.2","1011","-","-"
"2024/02/17","21:00","12.05","314","15.36","43.7","1011.5","-","-"
"2024/02/17","22:00","10.11","16","14","43","1012","-","-"
"2024/02/17","23:00","10.11","353","13.02","42.6","1013.3","-","-"
"2024/02/18","00:00","9.14","345","11.86","41.2","1014.3","-","-"
"2024/02/18","01:00","8.16","354","9.91","39.4","1015.6","-","-"
"2024/02/18","02:00","6.41","348","8.16","37.6","1016.2","-","-"
"2024/02/18","03:00","4.28","347","5.64","36.7","1016.8","-","-"
"2024/02/18","04:00","4.47","322","5.64","36.3","1016.7","-","-"
"2024/02/18","05:00","4.47","326","6.22","36.1","1016.8","-","-"
"2024/02/18","06:00","3.69","234","4.86","33.4","1016.9","-","-"
"2024/02/18","07:00","3.5","220","4.28","32.5","1017.3","-","-"
"2024/02/18","08:00","3.69","230","4.67","33.1","1017.8","-","-"
"2024/02/18","09:00","3.69","228","4.47","33.3","1017.4","-","-"
"2024/02/18","10:00","6.22","245","7.58","33.1","1017.7","-","-"
"2024/02/18","11:00","3.69","214","4.67","31.5","1017.7","-","-"
"2024/02/18","12:00","5.25","210","5.64","30.4","1017.4","-","-"
"2024/02/18","13:00","2.92","237","4.08","32.2","1018","-","-"
"2024/02/18","14:00","7","247","9.33","34.5","1018.7","-","-"
"2024/02/18","15:00","6.03","244","10.11","36.5","1018.6","-","-"
"2024/02/18","16:00","12.25","228","14.77","37.9","1017.6","-","-"
"2024/02/18","17:00","12.05","223","15.55","39.4","1016.6","-","-"
"2024/02/18","18:00","9.72","191","13.41","41.9","1015.2","-","-"
"2024/02/18","19:00","5.83","215","10.5","44.4","1014.4","-","-"
"2024/02/18","20:00","8.94","224","11.86","45.3","1013.5","-","-"
"2024/02/18","21:00","10.5","213","15.36","46","1013.4","-","-"
"2024/02/18","22:00","6.41","223","9.72","45.7","1013.2","-","-"
"2024/02/18","23:00","8.55","220","11.66","45","1013.4","-","-"
"2024/02/19","00:00","7.19","213","10.5","44.2","1014.2","-","-"
"2024/02/19","01:00","10.69","219","14","43.5","1014.4","-","-"
"2024/02/19","02:00","10.69","217","13.8","43","1014.8","-","-"
"2024/02/19","03:00","9.52","217","14.19","42.6","1015.5","-","-"
"2024/02/19","04:00","10.69","224","14.97","42.3","1015.8","-","-"
"2024/02/19","05:00","7.97","220","10.3","41.9","1016.4","-","-"
"2024/02/19","06:00","3.89","241","5.83","40.8","1016.6","-","-"
"2024/02/19","07:00","6.22","250","7.97","40.5","1016.8","-","-"
"2024/02/19","08:00","5.64","286","7.19","39.9","1017","-","-"
"2024/02/19","09:00","7","305","8.36","39.6","1017.3","-","-"
"2024/02/19","10:00","4.67","339","6.03","37.8","1018.2","-","-"
"2024/02/19","11:00","2.33","2","4.86","38.1","1019.2","-","-"
"2024/02/19","12:00","2.14","343","3.11","37.9","1020.4","-","-"
"2024/02/19","13:00","5.64","8","7","39","1021.2","-","-"
"2024/02/19","14:00","7","30","12.05","41.5","1021.8","-","-"
"2024/02/19","15:00","15.36","31","18.47","43.5","1022.4","-","-"
"2024/02/19","16:00","11.86","30","13.61","43.5","1022.6","-","-"
"2024/02/19","17:00","8.75","61","12.83","43.3","1022.5","-","-"
"2024/02/19","18:00","12.25","88","14.38","42.4","1021.8","-","-"
"2024/02/19","19:00","13.61","81","14.77","41.9","1021.5","-","-"
"2024/02/19","20:00","12.63","79","14.77","42.1","1021.7","-","-"
"2024/02/19","21:00","12.44","87","13.8","42.3","1022.2","-","-"
"2024/02/19","22:00","9.52","75","11.08","42.4","1022.7","-","-"
"2024/02/19","23:00","7.97","67","9.52","42.6","1023.3","-","-"
"2024/02/20","00:00","5.25","52","6.8","42.4","1023.9","-","-"
"2024/02/20","01:00","6.03","34","8.16","41.5","1024.3","-","-"
"2024/02/20","02:00","3.89","121","6.8","41.2","1025.3","-","-"
"2024/02/20","03:00","3.11","135","4.86","39.9","1025.7","-","-"
"2024/02/20","04:00","3.3","150","4.47","39","1025.8","-","-"
"2024/02/20","05:00","2.33","160","3.69","38.1","1025.3","-","-"
"2024/02/20","06:00","2.14","151","2.92","38.7","1025.8","-","-"
"2024/02/20","07:00","1.75","117","3.11","38.3","1026","-","-"
"2024/02/20","08:00","6.61","34","7.97","40.5","1025.6","-","-"
"2024/02/20","09:00","5.83","358","6.22","37.2","1026.3","-","-"
"2024/02/20","10:00","4.67","347","5.25","37","1026.8","-","-"
"2024/02/20","11:00","2.72","314","3.89","36.3","1027.7","-","-"
"2024/02/20","12:00","5.83","350","6.61","35.8","1028.5","-","-"
"2024/02/20","13:00","6.8","9","7.39","37.9","1029.3","-","-"
"2024/02/20","14:00","8.36","54","11.47","41.4","1029.9","-","-"
"2024/02/20","15:00","11.66","57","13.41","42.3","1030.3","-","-"
"2024/02/20","16:00","10.11","63","12.25","43","1030.4","-","-"
"2024/02/20","17:00","10.89","58","13.22","43.2","1030.1","-","-"
"2024/02/20","18:00","10.3","72","11.86","43.7","1029.6","-","-"
"2024/02/20","19:00","11.08","73","14","44.4","1029.1","-","-"
"2024/02/20","20:00","12.44","63","15.36","44.8","1028.9","-","-"
"2024/02/20","21:00","11.86","59","12.83","44.8","1028.7","-","-"
"2024/02/20","22:00","13.22","76","15.55","43.7","1028.7","-","-"
"2024/02/20","23:00","15.55","68","17.3","42.8","1028.6","-","-"
"2024/02/21","00:00","18.08","72","20.02","41.7","1029","-","-"
"2024/02/21","01:00","15.16","67","17.3","41","1029.5","-","-"
"2024/02/21","02:00","15.16","60","17.69","40.8","1029.8","-","-"
"2024/02/21","03:00","15.16","62","18.66","40.8","1030.1","-","-"
"2024/02/21","04:00","15.94","62","18.27","40.6","1029.8","-","-"
"2024/02/21","05:00","16.33","64","19.63","40.3","1029.5","-","-"
"2024/02/21","06:00","11.66","48","14","40.1","1029.6","-","-"
"2024/02/21","07:00","8.36","32","10.3","38.7","1029.5","-","-"
"2024/02/21","08:00","8.75","34","10.69","38.3","1028.8","-","-"
"2024/02/21","09:00","7.39","25","8.94","38.1","1029","-","-"
"2024/02/21","10:00","8.55","25","10.69","38.1","1029.1","-","-"
"2024/02/21","11:00","5.25","2","7.58","36.5","1029.1","-","-"
"2024/02/21","12:00","5.64","344","6.61","35.4","1029.2","-","-"
"2024/02/21","13:00","5.64","12","6.61","36.5","1029.1","-","-"
"2024/02/21","14:00","9.72","14","11.47","39.2","1029.8","-","-"
"2024/02/21","15:00","8.36","6","12.63","40.8","1029.7","-","-"
"2024/02/21","16:00","10.3","34","12.05","41.5","1029","-","-"
"2024/02/21","17:00","10.69","56","11.86","42.1","1028.3","-","-"
"2024/02/21","18:00","8.16","47","11.47","42.8","1027.3","-","-"
"2024/02/21","19:00","4.47","29","7","44.6","1026.2","-","-"
"2024/02/21","20:00","3.89","116","4.47","45.9","1025.9","-","-"
"2024/02/21","21:00","7.97","88","8.94","44.6","1025.5","-","-"
"2024/02/21","22:00","7.58","88","9.14","44.2","1025.1","-","-"
"2024/02/21","23:00","7.19","96","8.16","43","1024.9","-","-"
"2024/02/22","00:00","12.05","89","15.36","42.3","1024.6","-","-"
"2024/02/22","01:00","12.83","74","14.58","41.5","1025.3","-","-"
"2024/02/22","02:00","11.86","84","13.41","41.2","1024.9","-","-"
"2024/02/22","03:00","8.94","76","11.66","41.2","1024.5","-","-"
"2024/02/22","04:00","7","103","8.75","41.2","1023.7","-","-"
"2024/02/22","05:00","6.61","82","7.97","41.2","1023.5","-","-"
"2024/02/22","06:00","2.33","139","2.72","39","1022.8","-","-"
"2024/02/22","07:00","2.92","138","3.69","38.8","1022.1","-","-"
"2024/02/22","08:00","1.94","162","2.53","36.9","1021.3","-","-"
"2024/02/22","09:00","1.36","191","1.75","35.6","1020.9","-","-"
"2024/02/22","10:00","3.69","198","4.67","35.4","1021.2","-","-"
"2024/02/22","11:00","1.56","176","2.33","35.6","1020.8","-","-"
"2024/02/22","12:00","2.72","174","3.3","36.7","1020.4","-","-"
"2024/02/22","13:00","1.36","170","2.14","40.8","1020","-","-"
"2024/02/22","14:00","7","142","8.36","42.8","1019.3","-","-"
"2024/02/22","15:00","3.69","195","7.78","46.6","1018.2","-","-"
"2024/02/22","16:00","5.44","203","8.94","49.8","1017.3","-","-"
"2024/02/22","17:00","5.83","185","10.3","51.1","1015.7","-","-"
"2024/02/22","18:00","8.75","167","12.44","53.6","1013.5","-","-"
"2024/02/22","19:00","10.69","155","14.97","55.9","1011.6","-","-"
"2024/02/22","20:00","13.22","180","16.13","58.3","1010.2","-","-"
"2024/02/22","21:00","12.83","173","16.13","59.9","1008.8","-","-"
"2024/02/22","22:00","8.94","173","15.16","58.5","1007.7","-","-"
"2024/02/22","23:00","9.52","184","13.02","57.9","1007.5","-","-"
"2024/02/23","00:00","7","170","10.11","56.7","1007.7","-","-"
"2024/02/23","01:00","4.86","142","7.78","54.7","1007.3","-","-"
"2024/02/23","02:00","11.47","176","14.97","54.7","1006.4","-","-"
"2024/02/23","03:00","13.02","200","20.6","55","1005.9","-","-"
"2024/02/23","04:00","14.97","206","20.8","54.9","1005.5","-","-"
"2024/02/23","05:00","12.05","203","16.52","54.5","1004.8","-","-"
"2024/02/23","06:00","10.3","199","14.58","54.3","1003.8","-","-"
"2024/02/23","07:00","12.05","200","17.49","54.7","1002.9","-","-"
"2024/02/23","08:00","12.63","201","16.91","55.4","1001.8","-","-"
"2024/02/23","09:00","10.5","192","15.16","55.2","1001.3","-","-"
"2024/02/23","10:00","9.33","194","14","55","1001","-","-"
"2024/02/23","11:00","8.75","191","13.41","55","1000.8","-","-"
"2024/02/23","12:00","11.86","197","15.94","54.7","1000.5","-","-"
"2024/02/23","13:00","12.25","192","15.75","51.8","1000.4","-","-"
"2024/02/23","14:00","11.27","200","14.97","51.8","999.7","-","-"
"2024/02/23","15:00","9.52","205","14.77","51.8","999.4","-","-"
"2024/02/23","16:00","9.14","224","11.86","52","999.2","-","-"
"2024/02/23","17:00","6.22","248","8.55","51.3","998.2","-","-"
"2024/02/23","18:00","7","233","10.3","51.3","997.8","-","-"
"2024/02/23","19:00","8.36","273","10.3","51.4","997","-","-"
"2024/02/23","20:00","8.94","314","10.69","50.4","997.3","-","-"
"2024/02/23","21:00","7","311","7.58","48.6","997.5","-","-"
"2024/02/23","22:00","7.78","334","10.89","48","997.9","-","-"
"2024/02/23","23:00","13.02","299","14.38","47.5","998.8","-","-"
"2024/02/24","00:00","11.86","307","15.16","47.3","999.9","-","-"
"2024/02/24","01:00","7.97","291","10.3","47.1","1000.4","-","-"
"2024/02/24","02:00","10.3","288","11.86","46.9","1000.6","-","-"
"2024/02/24","03:00","6.41","274","7.97","46.8","1000.9","-","-"
"2024/02/24","04:00","7.58","288","8.94","46.2","1000.4","-","-"
"2024/02/24","05:00","7.19","267","8.36","45.1","1000.7","-","-"
"2024/02/24","06:00","6.03","271","6.61","44.6","1001.1","-","-"
"2024/02/24","07:00","6.03","283","6.61","44.6","1001.3","-","-"
"2024/02/24","08:00","6.61","238","8.75","44.8","1001.1","-","-"
"2024/02/24","09:00","10.69","268","12.83","46.2","1001.3","-","-"
"2024/02/24","10:00","7.19","267","8.16","45.3","1002","-","-"
"2024/02/24","11:00","6.22","272","7.97","45.1","1002.8","-","-"
"2024/02/24","12:00","4.08","275","5.25","44.6","1003.7","-","-"
"2024/02/24","13:00","3.89","305","5.25","46.2","1004.6","-","-"
"2024/02/24","14:00","5.44","306","6.61","46.8","1005.1","-","-"
"2024/02/24","15:00","10.11","353","11.66","48","1005.6","-","-"
"2024/02/24","16:00","8.94","11","13.02","49.8","1005.8","-","-"
"2024/02/24","17:00","5.64","10","6.8","50.4","1005.6","-","-"
"2024/02/24","18:00","4.08","67","7.19","49.8","1005.7","-","-"
"2024/02/24","19:00","6.22","50","8.55","48.4","1005.9","-","-"
"2024/02/24","20:00","13.8","72","15.75","46.6","1006.2","-","-"
"2024/02/24","21:00","10.89","67","13.02","46.8","1007.1","-","-"
"2024/02/24","22:00","7.78","72","10.11","46.9","1008.2","-","-"
"2024/02/24","23:00","1.75","135","2.72","47.1","1009.7","-","-"
"2024/02/25","00:00","4.28","229","7.19","44.8","1010.7","-","-"
"2024/02/25","01:00","2.72","332","4.28","44.1","1011.9","-","-"
"2024/02/25","02:00","4.28","340","5.05","45.3","1013","-","-"
"2024/02/25","03:00","9.14","356","10.69","43.9","1014.1","-","-"
"2024/02/25","04:00","9.72","10","12.44","42.4","1015.2","-","-"
"2024/02/25","05:00","11.47","17","15.36","40.1","1016.2","-","-"
"2024/02/25","06:00","7.58","352","9.72","39.7","1017","-","-"
"2024/02/25","07:00","7","343","9.14","39.6","1017.6","-","-"
"2024/02/25","08:00","9.14","339","13.41","39.7","1018.3","-","-"
"2024/02/25","09:00","6.03","2","7.97","39.2","1018.6","-","-"
"2024/02/25","10:00","12.25","26","14.97","38.7","1019.4","-","-"
"2024/02/25","11:00","8.36","29","11.66","37.4","1020.4","-","-"
"2024/02/25","12:00","7.97","29","11.47","36.9","1021.6","-","-"
"2024/02/25","13:00","7.58","22","9.91","36.9","1022.5","-","-"
"2024/02/25","14:00","7.78","32","10.3","37.2","1023.1","-","-"
"2024/02/25","15:00","5.64","71","8.16","37.8","1023.3","-","-"
"2024/02/25","16:00","5.25","111","7.97","38.8","1023.4","-","-"
"2024/02/25","17:00","6.03","99","7.39","38.7","1023","-","-"
"2024/02/25","18:00","8.75","72","10.69","38.7","1022.1","-","-"
"2024/02/25","19:00","9.14","84","11.27","38.8","1021.4","-","-"
"2024/02/25","20:00","8.94","77","10.69","40.1","1020.9","-","-"
"2024/02/25","21:00","7.58","105","10.3","42.6","1020.5","-","-"
"2024/02/25","22:00","6.03","112","8.94","42.4","1020.3","-","-"
"2024/02/25","23:00","6.03","102","7.39","41.2","1020.4","-","-"
"2024/02/26","00:00","4.67","152","7.58","40.1","1020.9","-","-"
"2024/02/26","01:00","6.8","154","8.94","39.4","1021.3","-","-"
"2024/02/26","02:00","7","163","9.14","38.8","1021.4","-","-"
"2024/02/26","03:00","6.22","154","7.58","38.1","1021.4","-","-"
"2024/02/26","04:00","5.44","168","6.8","37.8","1021.1","-","-"
"2024/02/26","05:00","3.89","181","5.44","37.9","1020.8","-","-"
"2024/02/26","06:00","6.22","191","10.11","39","1020.4","-","-"
"2024/02/26","07:00","6.41","181","8.94","39.7","1020.3","-","-"
"2024/02/26","08:00","8.94","201","11.47","40.1","1019.8","-","-"
"2024/02/26","09:00","8.94","204","10.89","41.2","1019.2","-","-"
"2024/02/26","10:00","8.16","202","11.66","43.7","1019.1","-","-"
"2024/02/26","11:00","6.41","199","9.52","42.4","1018.8","-","-"
"2024/02/26","12:00","8.94","203","12.25","43.7","1018.7","-","-"
"2024/02/26","13:00","10.5","204","14.38","45.7","1019","-","-"
"2024/02/26","14:00","7.39","201","12.05","47.7","1019","-","-"
"2024/02/26","15:00","10.5","216","13.8","51.1","1018.8","-","-"
"2024/02/26","16:00","5.05","237","10.89","54.9","1018.5","-","-"
"2024/02/26","17:00","9.91","220","14.19","57.2","1017.9","-","-"
"2024/02/26","18:00","10.5","222","15.94","59.5","1017.1","-","-"
"2024/02/26","19:00","12.44","210","15.75","61.5","1016.2","-","-"
"2024/02/26","20:00","11.08","202","14.38","63.9","1015.7","-","-"
"2024/02/26","21:00","12.44","205","15.55","64.8","1015.4","-","-"
"2024/02/26","22:00","6.61","212","11.27","63.7","1015.6","-","-"
"2024/02/26","23:00","5.44","194","7.97","62.8","1015.9","-","-"
"2024/02/27","00:00","8.16","222","10.89","60.3","1016.8","-","-"
"2024/02/27","01:00","5.05","248","6.8","59.7","1017.1","-","-"
"2024/02/27","02:00","8.75","197","12.44","62.2","1016.7","-","-"
"2024/02/27","03:00","7.19","187","11.27","59.5","1016.8","-","-"
"2024/02/27","04:00","8.16","190","11.47","58.5","1016.9","-","-"
"2024/02/27","05:00","9.72","201","13.41","58.3","1016.6","-","-"
"2024/02/27","06:00","11.86","206","16.13","58.6","1016.3","-","-"
"2024/02/27","07:00","8.16","214","12.44","57","1016.6","-","-"
"2024/02/27","08:00","12.05","215","16.72","57","1016.3","-","-"
"2024/02/27","09:00","11.08","211","16.72","55.4","1016.4","-","-"
"2024/02/27","10:00","11.47","211","17.11","53.6","1016.7","-","-"
"2024/02/27","11:00","9.72","198","13.8","52.9","1017.2","-","-"
"2024/02/27","12:00","8.55","191","16.33","52.7","1017.2","-","-"
"2024/02/27","13:00","7.97","199","15.55","54.3","1017.4","-","-"
"2024/02/27","14:00","10.5","200","16.33","57.4","1016.8","-","-"
"2024/02/27","15:00","14","208","18.86","60.8","1016.3","-","-"
"2024/02/27","16:00","11.66","214","16.13","63.3","1016.1","-","-"
"2024/02/27","17:00","12.05","191","20.02","64.8","1015.9","-","-"
"2024/02/27","18:00","17.3","201","24.1","65.8","1014.9","-","-"
"2024/02/27","19:00","11.86","198","19.05","66.2","1014","-","-"
"2024/02/27","20:00","14.58","209","27.21","65.5","1013.6","-","-"
"2024/02/27","21:00","11.08","177","15.16","61.7","1013","-","-"
"2024/02/27","22:00","10.89","178","16.52","62.2","1012.9","-","-"
"2024/02/27","23:00","5.25","180","7.97","60.8","1012.8","-","-"
"2024/02/28","00:00","13.61","195","18.86","63.9","1012.9","-","-"
"2024/02/28","01:00","16.33","197","24.69","63","1012.7","-","-"
"2024/02/28","02:00","18.27","210","30.32","61.7","1013.1","-","-"
"2024/02/28","03:00","15.36","187","21.19","61.5","1013.1","-","-"
"2024/02/28","04:00","13.61","168","19.44","60.6","1012.1","-","-"
"2024/02/28","05:00","11.66","182","18.27","60.4","1011.4","-","-"
"2024/02/28","06:00","13.61","187","19.63","61.5","1010.6","-","-"
"2024/02/28","07:00","13.8","197","17.69","63","1010.4","-","-"
"2024/02/28","08:00","12.83","201","21.58","63.3","1009.8","-","-"
"2024/02/28","09:00","13.61","207","23.13","64.4","1009.2","-","-"
"2024/02/28","10:00","14.38","216","22.55","64","1009.8","-","-"
"2024/02/28","11:00","15.16","209","18.47","62.1","1010","-","-"
"2024/02/28","12:00","13.41","193","20.02","63.5","1009.7","-","-"
"2024/02/28","13:00","15.36","202","20.99","64.2","1009.9","-","-"
"2024/02/28","14:00","12.83","202","20.02","64.6","1009.6","-","-"
"2024/02/28","15:00","14","202","23.52","65.8","1009.1","-","-"
"2024/02/28","16:00","17.11","209","27.02","67.3","1008.5","-","-"
"2024/02/28","17:00","19.44","211","29.16","68","1008.4","-","-"
"2024/02/28","18:00","17.11","219","24.69","68.2","1007.6","-","-"
"2024/02/28","19:00","15.16","211","23.13","68.2","1007","-","-"
"2024/02/28","20:00","16.91","222","23.91","68.9","1006.9","-","-"
"2024/02/28","21:00","15.75","215","22.16","68.4","1006.7","-","-"
"2024/02/28","22:00","13.02","211","19.63","68","1007","-","-"
"2024/02/28","23:00","6.03","219","12.05","67.6","1006.7","-","-"
"2024/02/29","00:00","8.36","188","17.69","69.1","1005.8","-","-"
"2024/02/29","01:00","8.16","303","12.05","57.4","1008.1","-","-"
"2024/02/29","02:00","14","259","19.24","60.8","1009.2","-","-"
"2024/02/29","03:00","16.33","279","21.19","59.7","1011.7","-","-"
"2024/02/29","04:00","17.49","296","21.19","53.6","1014.7","-","-"
"2024/02/29","05:00","23.33","303","28.38","51.1","1016.9","-","-"
"2024/02/29","06:00","19.63","302","25.08","49.1","1018.8","-","-"
"2024/02/29","07:00","21.58","305","26.82","47.3","1020.3","-","-"
"2024/02/29","08:00","22.16","309","26.63","45.7","1021.8","-","-"
"2024/02/29","09:00","20.41","312","22.74","43.9","1023.2","-","-"
"2024/02/29","10:00","17.88","313","22.74","42.8","1024.9","-","-"
"2024/02/29","11:00","14.38","330","18.86","41.2","1026.4","-","-"
"2024/02/29","12:00","10.11","340","13.41","39.7","1027.5","-","-"
"2024/02/29","13:00","9.72","333","13.8","39.6","1029.5","-","-"
"2024/02/29","14:00","7.58","323","11.08","39.9","1030.1","-","-"
"2024/02/29","15:00","8.16","295","10.3","40.5","1030.5","-","-"
"2024/02/29","16:00","7.78","301","9.33","41.4","1030.5","-","-"
"2024/02/29","17:00","8.94","329","13.8","42.8","1030.6","-","-"
"2024/02/29","18:00","6.8","333","10.3","44.8","1029.7","-","-"
"2024/02/29","19:00","2.92","299","4.28","46","1029","-","-"
"2024/02/29","20:00","3.11","347","4.67","46.9","1028.9","-","-"
"2024/02/29","21:00","7.19","286","14.38","48.7","1028.9","-","-"
"2024/02/29","22:00","11.27","309","13.61","49.1","1029.2","-","-"
"2024/02/29","23:00","5.05","239","5.64","47.8","1030","-","-"
"2024/03/01","00:00","4.08","208","4.47","44.2","1030.4","-","-"
"2024/03/01","01:00","4.28","191","4.86","43","1030.8","-","-"
"2024/03/01","02:00","3.69","205","5.25","42.1","1031.3","-","-"
"2024/03/01","03:00","1.36","125","1.94","41.5","1031.7","-","-"
"2024/03/01","04:00","0.58","170","2.72","40.6","1031.7","-","-"
"2024/03/01","05:00","4.47","191","5.64","41.2","1032","-","-"
"2024/03/01","06:00","3.11","205","4.86","41.9","1032.1","-","-"
"2024/03/01","07:00","1.56","222","2.33","40.6","1032.4","-","-"
"2024/03/01","08:00","1.17","240","3.11","39.7","1033","-","-"
"2024/03/01","09:00","2.33","218","3.11","36.9","1033.5","-","-"
"2024/03/01","10:00","1.36","208","1.75","37.2","1034","-","-"
"2024/03/01","11:00","0.39","184","1.56","37.2","1034.6","-","-"
"2024/03/01","12:00","0.58","189","1.36","37.9","1034.9","-","-"
"2024/03/01","13:00","13.61","66","15.16","44.4","1035.4","-","-"
"2024/03/01","14:00","12.05","74","13.8","44.8","1036","-","-"
"2024/03/01","15:00","12.83","107","15.75","46.8","1036.3","-","-"
"2024/03/01","16:00","12.83","109","20.99","47.1","1036.4","-","-"
"2024/03/01","17:00","16.13","104","20.22","47.5","1035.9","-","-"
"2024/03/01","18:00","14.19","111","16.91","47.3","1035.1","-","-"
"2024/03/01","19:00","13.02","104","16.91","48.4","1034.5","-","-"
"2024/03/01","20:00","13.41","90","16.72","47.1","1034.1","-","-"
"2024/03/01","21:00","13.8","98","15.94","47.1","1033.2","-","-"
"2024/03/01","22:00","8.36","111","12.05","46.9","1033.6","-","-"
"2024/03/01","23:00","6.8","109","10.5","46.8","1033.4","-","-"
"2024/03/02","00:00","8.75","106","12.05","46.8","1032.8","-","-"
"2024/03/02","01:00","7.97","104","11.47","46.9","1032.3","-","-"
"2024/03/02","02:00","10.3","97","13.02","47.3","1031.3","-","-"
"2024/03/02","03:00","6.41","110","9.14","47.5","1031.1","-","-"
"2024/03/02","04:00","6.8","126","9.91","47.7","1030.3","-","-"
"2024/03/02","05:00","5.64","109","8.75","48.2","1029.5","-","-"
"2024/03/02","06:00","8.16","85","9.52","48.4","1028.8","-","-"
"2024/03/02","07:00","8.16","99","10.89","49.3","1027.5","-","-"
"2024/03/02","08:00","12.44","106","15.36","49.8","1026.2","-","-"
"2024/03/02","09:00","15.16","102","19.63","50.5","1024.4","-","-"
"2024/03/02","10:00","17.3","98","21.97","50.5","1022.9","-","-"
"2024/03/02","11:00","20.99","102","29.74","52.5","1021.9","-","-"
"2024/03/02","12:00","13.8","109","21.38","52.7","1021.1","-","-"
"2024/03/02","13:00","12.83","135","17.3","53.1","1020.7","-","-"
"2024/03/02","14:00","6.41","134","7.97","52.5","1019.7","-","-"
"2024/03/02","15:00","5.44","163","7.19","57.6","1019.1","-","-"
"2024/03/02","16:00","11.27","261","13.61","59.9","1018.8","-","-"
"2024/03/02","17:00","9.72","226","14.97","61.2","1018.6","-","-"
"2024/03/02","18:00","8.36","250","12.05","62.1","1018.2","-","-"
"2024/03/02","19:00","12.05","283","15.36","63","1017.8","-","-"
"2024/03/02","20:00","12.05","316","13.41","58.5","1017.9","-","-"
"2024/03/02","21:00","8.36","323","9.91","59.7","1018","-","-"
"2024/03/02","22:00","10.69","300","11.86","55.2","1018.4","-","-"
"2024/03/02","23:00","11.86","298","12.83","53.2","1018.9","-","-"
"2024/03/03","00:00","8.36","308","9.33","52.5","1019.4","-","-"
"2024/03/03","01:00","6.8","293","7.58","52.5","1020.1","-","-"
"2024/03/03","02:00","7","310","8.36","51.3","1020.7","-","-"
"2024/03/03","03:00","3.89","292","4.67","50.7","1020.7","-","-"
"2024/03/03","04:00","1.36","293","2.33","49.5","1020.8","-","-"
"2024/03/03","05:00","2.33","294","3.5","48.9","1021","-","-"
"2024/03/03","06:00","1.36","285","1.56","48.4","1021.3","-","-"
"2024/03/03","07:00","0","287","0.97","47.5","1021.4","-","-"
"2024/03/03","08:00","1.17","289","1.56","47.3","1021.6","-","-"
"2024/03/03","09:00","0.78","241","1.36","46","1021.7","-","-"
"2024/03/03","10:00","0.39","199","0.97","45.9","1022.4","-","-"
"2024/03/03","11:00","0","311","0","46.8","1022.7","-","-"
"2024/03/03","12:00","4.86","326","5.25","47.1","1023","-","-"
"2024/03/03","13:00","2.14","236","2.53","48.9","1023.8","-","-"
"2024/03/03","14:00","1.94","76","2.14","53.6","1024.5","-","-"
"2024/03/03","15:00","6.22","108","7.97","53.4","1025","-","-"
"2024/03/03","16:00","6.03","66","6.41","52.9","1025.1","-","-"
"2024/03/03","17:00","5.05","62","5.83","52.7","1024.4","-","-"
"2024/03/03","18:00","2.53","79","3.5","55","1023.6","-","-"
"2024/03/03","19:00","8.75","63","9.14","54.7","1023","-","-"
"2024/03/03","20:00","10.11","69","11.08","55.4","1022.5","-","-"
"2024/03/03","21:00","7.97","82","8.55","55.4","1022.6","-","-"
"2024/03/03","22:00","8.16","70","8.75","52.9","1022.6","-","-"
"2024/03/03","23:00","5.83","85","7.58","53.4","1023","-","-"
"2024/03/04","00:00","4.08","75","4.86","52.7","1022.9","-","-"
"2024/03/04","01:00","3.11","99","3.89","52.7","1023.2","-","-"
"2024/03/04","02:00","2.72","109","3.3","51.6","1023.3","-","-"
"2024/03/04","03:00","2.53","90","3.11","51.3","1023.4","-","-"
"2024/03/04","04:00","2.53","106","3.3","50.7","1023.4","-","-"
"2024/03/04","05:00","3.3","90","4.47","50.9","1023.5","-","-"
"2024/03/04","06:00","3.89","78","4.47","50.4","1023.9","-","-"
"2024/03/04","07:00","2.72","77","3.11","50.2","1023.6","-","-"
"2024/03/04","08:00","1.94","45","2.72","50.2","1023.3","-","-"
"2024/03/04","09:00","2.92","70","3.11","50.4","1023.4","-","-"
"2024/03/04","10:00","3.11","24","3.69","50.4","1023.7","-","-"
"2024/03/04","11:00","1.17","0","1.94","49.6","1024.2","-","-"
"2024/03/04","12:00","1.94","10","2.53","50.4","1024.4","-","-"
"2024/03/04","13:00","5.05","52","5.83","52.2","1024.7","-","-"
"2024/03/04","14:00","6.8","63","7.97","54.1","1024.6","-","-"
"2024/03/04","15:00","6.22","75","7.97","54.7","1024.5","-","-"
"2024/03/04","16:00","6.03","82","7.58","54.9","1024.1","-","-"
"2024/03/04","17:00","9.33","65","10.89","55.8","1023.8","-","-"
"2024/03/04","18:00","5.44","55","6.61","55.2","1023.1","-","-"
"2024/03/04","19:00","7.39","28","9.52","54.5","1022.7","-","-"
"2024/03/04","20:00","11.66","14","13.8","55","1021.8","-","-"
"2024/03/04","21:00","16.72","25","21.58","55","1021.3","-","-"
"2024/03/04","22:00","14.77","31","19.24","54.1","1021.2","-","-"
"2024/03/04","23:00","15.36","28","20.99","53.4","1021","-","-"
"2024/03/05","00:00","14.77","33","18.08","52.7","1020.8","-","-"
"2024/03/05","01:00","15.94","37","21.38","52.7","1020.5","-","-"
"2024/03/05","02:00","16.33","37","21.38","52.7","1019.9","-","-"
"2024/03/05","03:00","18.86","38","24.49","52.7","1019.6","-","-"
"2024/03/05","04:00","16.72","29","21.58","52.2","1018.4","-","-"
"2024/03/05","05:00","18.86","18","22.35","52","1016.7","-","-"
"2024/03/05","06:00","13.02","10","16.91","51.4","1015.8","-","-"
"2024/03/05","07:00","13.8","15","17.49","51.1","1014.7","-","-"
"2024/03/05","08:00","9.33","346","11.66","50.9","1013.7","-","-"
"2024/03/05","09:00","10.69","287","12.44","50.9","1013.9","-","-"
"2024/03/05","10:00","11.86","279","16.13","50.4","1014.9","-","-"
"2024/03/05","11:00","11.66","276","16.33","49.8","1015.9","-","-"
"2024/03/05","12:00","13.02","280","15.55","49.6","1017","-","-"
"2024/03/05","13:00","12.83","286","15.36","49.8","1017.7","-","-"
"2024/03/05","14:00","7.58","278","9.91","50.5","1018.6","-","-"
"2024/03/05","15:00","5.44","319","6.41","51.6","1018.7","-","-"
"2024/03/05","16:00","6.41","302","7.19","52","1019.2","-","-"
"2024/03/05","17:00","14.19","266","17.88","54.7","1019.1","-","-"
"2024/03/05","18:00","9.14","276","10.3","55.6","1018.4","-","-"
"2024/03/05","19:00","3.11","272","8.16","57.6","1017.4","-","-"
"2024/03/05","20:00","5.44","206","8.75","57.9","1017.9","-","-"
"2024/03/05","21:00","4.47","154","6.41","58.6","1017.7","-","-"
"2024/03/05","22:00","4.47","184","5.83","58.8","1017.6","-","-"
"2024/03/05","23:00","5.64","125","6.8","56.7","1018.5","-","-"
"2024/03/06","00:00","2.53","96","3.11","55.9","1018.7","-","-"
"2024/03/06","01:00","7.19","133","8.55","55.4","1018.8","-","-"
"2024/03/06","02:00","4.86","107","6.22","54.9","1018.7","-","-"
"2024/03/06","03:00","1.94","133","2.92","54.7","1018","-","-"
"2024/03/06","04:00","1.36","39","1.75","54.3","1018.1","-","-"
"2024/03/06","05:00","0.19","37","1.36","53.4","1017.6","-","-"
"2024/03/06","06:00","3.69","83","4.67","52.9","1017.3","-","-"
"2024/03/06","07:00","2.33","78","2.92","52.7","1016.7","-","-"
"2024/03/06","08:00","5.64","86","6.22","52.5","1015.5","-","-"
"2024/03/06","09:00","5.44","60","6.22","51.4","1014.9","-","-"
"2024/03/06","10:00","8.75","115","10.69","51.8","1015.3","-","-"
"2024/03/06","11:00","7.97","108","13.02","52.2","1015.1","-","-"
"2024/03/06","12:00","7","82","9.14","51.6","1014.6","-","-"
"2024/03/06","13:00","7.19","105","8.75","51.8","1014.8","-","-"
"2024/03/06","14:00","6.61","63","7.97","51.3","1013.8","-","-"
"2024/03/06","15:00","8.75","63","9.72","51.6","1013.1","-","-"
"2024/03/06","16:00","6.61","50","10.5","52.3","1011.6","-","-"
"2024/03/06","17:00","5.64","6","7.19","52.9","1010.3","-","-"
"2024/03/06","18:00","12.44","311","16.33","52.7","1009.4","-","-"
"2024/03/06","19:00","9.72","308","11.66","52.9","1008.9","-","-"
"2024/03/06","20:00","7","306","9.14","53.2","1009","-","-"
"2024/03/06","21:00","8.75","358","9.33","52.9","1008.3","-","-"
"2024/03/06","22:00","5.64","5","6.8","52.9","1007.6","-","-"
"2024/03/06","23:00","4.47","19","5.44","52.9","1007.4","-","-"
"2024/03/07","00:00","7.78","41","10.11","52.3","1007.1","-","-"
"2024/03/07","01:00","8.75","24","10.11","51.4","1006.6","-","-"
"2024/03/07","02:00","6.41","353","9.14","50.9","1006.4","-","-"
"2024/03/07","03:00","10.11","314","11.47","51.1","1006.4","-","-"
"2024/03/07","04:00","9.72","295","12.83","51.4","1007","-","-"
"2024/03/07","05:00","7.39","276","8.94","51.6","1007.6","-","-"
"2024/03/07","06:00","9.72","293","12.63","52.7","1007.8","-","-"
"2024/03/07","07:00","10.69","314","12.63","53.2","1008","-","-"
"2024/03/07","08:00","5.64","318","7.19","53.4","1008.2","-","-"
"2024/03/07","09:00","3.5","305","3.89","53.4","1009","-","-"
"2024/03/07","10:00","6.03","296","6.8","53.1","1008.9","-","-"
"2024/03/07","11:00","4.86","286","6.22","53.4","1009.6","-","-"
"2024/03/07","12:00","8.36","287","9.33","53.6","1010.1","-","-"
"2024/03/07","13:00","10.3","306","12.44","53.4","1010.6","-","-"
"2024/03/07","14:00","14.19","311","16.13","53.6","1011.4","-","-"
"2024/03/07","15:00","10.3","299","12.83","54.1","1012.4","-","-"
"2024/03/07","16:00","9.52","318","14.19","58.5","1012.6","-","-"
"2024/03/07","17:00","10.5","5","12.05","58.6","1012.9","-","-"
"2024/03/07","18:00","6.03","29","8.94","58.5","1012.5","-","-"
"2024/03/07","19:00","11.47","22","14.19","57.4","1013.1","-","-"
"2024/03/07","20:00","6.61","14","9.72","58.6","1013.4","-","-"
"2024/03/07","21:00","5.05","8","6.8","59.2","1013.5","-","-"
"2024/03/07","22:00","9.72","39","12.63","58.1","1014.3","-","-"
"2024/03/07","23:00","8.75","25","11.08","58.1","1015.3","-","-"
"2024/03/08","00:00","4.28","40","5.64","56.5","1016.5","-","-"
"2024/03/08","01:00","7.78","14","10.3","55.9","1017.5","-","-"
"2024/03/08","02:00","3.3","336","5.25","54.7","1018.4","-","-"
"2024/03/08","03:00","1.17","299","1.36","53.8","1019.2","-","-"
"2024/03/08","04:00","6.41","28","7.39","54.1","1019.5","-","-"
"2024/03/08","05:00","7.39","39","9.52","54.7","1019.9","-","-"
"2024/03/08","06:00","3.69","119","5.25","52.5","1020.5","-","-"
"2024/03/08","07:00","0.19","126","0.78","51.6","1020.7","-","-"
"2024/03/08","08:00","1.75","183","2.14","51.3","1020.9","-","-"
"2024/03/08","09:00","1.75","106","2.33","52","1021","-","-"
"2024/03/08","10:00","6.22","83","7.97","52","1022.1","-","-"
"2024/03/08","11:00","11.86","77","13.8","50.9","1023","-","-"
"2024/03/08","12:00","13.8","85","14.77","50.2","1023.8","-","-"
"2024/03/08","13:00","15.36","67","17.11","49.6","1024.4","-","-"
"2024/03/08","14:00","14.38","80","15.94","49.5","1024.4","-","-"
"2024/03/08","15:00","10.69","77","12.25","49.8","1025","-","-"
"2024/03/08","16:00","7.78","86","9.52","50","1025.6","-","-"
"2024/03/08","17:00","7.39","86","9.72","50.7","1025.4","-","-"
"2024/03/08","18:00","8.75","82","9.91","50.7","1024.7","-","-"
"2024/03/08","19:00","10.5","80","11.66","50.2","1024.6","-","-"
"2024/03/08","20:00","9.52","96","11.86","50.7","1024.7","-","-"
"2024/03/08","21:00","12.25","101","14.38","49.8","1023.8","-","-"
"2024/03/08","22:00","11.08","99","14.38","48.4","1024.3","-","-"
"2024/03/08","23:00","11.08","105","16.33","47.3","1024.6","-","-"
"2024/03/09","00:00","7.97","113","12.83","46.9","1025.3","-","-"
"2024/03/09","01:00","13.41","103","16.72","46.2","1024.4","-","-"
"2024/03/09","02:00","11.66","109","14","45.5","1024.1","-","-"
"2024/03/09","03:00","13.41","91","15.75","45.1","1023.9","-","-"
"2024/03/09","04:00","14.38","85","16.33","45.1","1022.8","-","-"
"2024/03/09","05:00","12.25","91","13.8","45.5","1022.8","-","-"
"2024/03/09","06:00","11.27","88","14.77","45.9","1022.7","-","-"
"2024/03/09","07:00","7.39","80","8.55","46.2","1022.9","-","-"
"2024/03/09","08:00","8.36","75","9.72","46.6","1021.6","-","-"
"2024/03/09","09:00","12.63","79","14","46.8","1020.8","-","-"
"2024/03/09","10:00","16.91","71","19.83","46.9","1019.1","-","-"
"2024/03/09","11:00","12.05","88","14.58","47.5","1019.5","-","-"
"2024/03/09","12:00","12.44","94","14.38","47.8","1018.5","-","-"
"2024/03/09","13:00","12.05","107","14.97","48.7","1017","-","-"
"2024/03/09","14:00","12.44","110","17.49","49.8","1016","-","-"
"2024/03/09","15:00","9.91","111","14.19","51.3","1014.4","-","-"
"2024/03/09","16:00","8.16","118","10.3","52","1013.2","-","-"
"2024/03/09","17:00","7.58","139","10.5","53.4","1012.2","-","-"
"2024/03/09","18:00","11.86","139","16.33","56.3","1010.9","-","-"
"2024/03/09","19:00","11.86","130","16.91","56.3","1008.1","-","-"
"2024/03/09","20:00","14.77","142","19.05","57","1005.9","-","-"
"2024/03/09","21:00","17.88","149","21.97","59.2","1003.9","-","-"
"2024/03/09","22:00","13.22","175","26.44","60.3","1003.1","-","-"
"2024/03/09","23:00","11.08","171","21.19","61.5","1001.7","-","-"
"2024/03/10","00:00","11.86","183","19.24","62.8","1001","-","-"
"2024/03/10","01:00","11.27","185","15.16","63.7","999.7","-","-"
"2024/03/10","02:00","15.94","262","19.24","64.6","1000.3","-","-"
"2024/03/10","03:00","4.08","256","5.05","53.2","1000.6","-","-"
"2024/03/10","04:00","8.55","264","10.11","53.8","1000.6","-","-"
"2024/03/10","05:00","13.41","278","18.27","52.7","1001.4","-","-"
"2024/03/10","06:00","9.91","279","12.63","51.8","1001.3","-","-"
"2024/03/10","07:00","9.91","280","15.36","50.9","1001.2","-","-"
"2024/03/10","08:00","9.91","273","12.05","50.7","1000.9","-","-"
"2024/03/10","09:00","10.89","286","14","50.9","1000.9","-","-"
"2024/03/10","10:00","4.86","263","6.03","50.7","1001.6","-","-"
"2024/03/10","11:00","6.22","286","8.16","50.9","1002.1","-","-"
"2024/03/10","12:00","13.22","288","15.16","51.4","1003","-","-"
"2024/03/10","13:00","9.52","292","14.19","51.6","1004","-","-"
"2024/03/10","14:00","16.52","291","21.58","51.8","1004.3","-","-"
"2024/03/10","15:00","16.33","303","18.86","51.6","1004.4","-","-"
"2024/03/10","16:00","19.05","271","22.74","52.3","1004.2","-","-"
"2024/03/10","17:00","17.11","274","24.49","52.5","1004.5","-","-"
"2024/03/10","18:00","14","261","21.97","52.5","1004.1","-","-"
"2024/03/10","19:00","18.86","304","28.77","52","1003.5","-","-"
"2024/03/10","20:00","17.49","287","21.97","53.1","1003.2","-","-"
"2024/03/10","21:00","15.55","297","21.19","53.6","1003.2","-","-"
"2024/03/10","22:00","17.88","298","21.77","52.3","1004.3","-","-"
"2024/03/10","23:00","19.24","294","25.85","50.7","1006","-","-"
"2024/03/11","00:00","26.05","294","37.32","48.9","1007.3","-","-"
"2024/03/11","01:00","21.19","301","27.02","46.9","1008.6","-","-"
"2024/03/11","02:00","20.02","279","26.82","45","1009.9","-","-"
"2024/03/11","03:00","17.11","279","25.08","43.5","1010.3","-","-"
"2024/03/11","04:00","20.99","276","27.8","43","1010.7","-","-"
"2024/03/11","05:00","17.11","267","20.8","42.4","1011.2","-","-"
"2024/03/11","06:00","16.91","268","24.1","42.4","1011.3","-","-"
"2024/03/11","07:00","14","269","20.99","42.3","1012","-","-"
"2024/03/11","08:00","15.75","266","19.63","41.7","1012.1","-","-"
"2024/03/11","09:00","15.36","276","17.49","41.5","1012.4","-","-"
"2024/03/11","10:00","16.72","269","19.83","41.5","1012.6","-","-"
"2024/03/11","11:00","14.38","264","17.49","41.4","1014","-","-"
"2024/03/11","12:00","14.97","268","20.02","41.4","1014.6","-","-"
"2024/03/11","13:00","16.13","260","19.44","42.6","1015.7","-","-"
"2024/03/11","14:00","16.72","270","23.71","44.4","1016.5","-","-"
"2024/03/11","15:00","18.47","300","25.46","46.4","1016.6","-","-"
"2024/03/11","16:00","17.88","306","27.99","48.2","1016.7","-","-"
"2024/03/11","17:00","14.19","308","18.66","49.8","1016.5","-","-"
"2024/03/11","18:00","13.8","300","19.05","51.8","1016.1","-","-"
"2024/03/11","19:00","17.69","291","26.82","54","1015.4","-","-"
"2024/03/11","20:00","18.47","284","27.99","56.3","1014.9","-","-"
"2024/03/11","21:00","20.8","293","23.33","57.7","1014.8","-","-"
"2024/03/11","22:00","15.94","266","23.52","57.9","1014.9","-","-"
"2024/03/11","23:00","10.3","250","14.38","57.6","1015.5","-","-"
"2024/03/12","00:00","6.8","235","8.75","55.6","1015.9","-","-"
"2024/03/12","01:00","8.94","235","10.89","54.3","1016.6","-","-"
"2024/03/12","02:00","11.66","249","15.36","53.8","1017.2","-","-"
"2024/03/12","03:00","12.44","252","14.97","53.4","1017.2","-","-"
"2024/03/12","04:00","12.25","258","14.38","52.7","1017.2","-","-"
"2024/03/12","05:00","10.89","270","14.77","52.3","1017.1","-","-"
"2024/03/12","06:00","8.55","278","10.5","52","1017.1","-","-"
"2024/03/12","07:00","6.61","278","7.58","49.8","1016.7","-","-"
"2024/03/12","08:00","1.94","254","3.11","47.8","1016.5","-","-"
"2024/03/12","09:00","2.14","229","3.69","46.8","1016.6","-","-"
"2024/03/12","10:00","1.56","262","4.47","46.9","1017","-","-"
"2024/03/12","11:00","7.19","269","8.55","48","1017.3","-","-"
"2024/03/12","12:00","4.08","248","6.03","47.8","1017.7","-","-"
"2024/03/12","13:00","10.69","236","13.02","49.6","1017.4","-","-"
"2024/03/12","14:00","7.58","257","11.27","54.5","1017.6","-","-"
"2024/03/12","15:00","8.94","270","10.3","59.2","1017.2","-","-"
"2024/03/12","16:00","6.61","321","8.94","59.5","1016.5","-","-"
"2024/03/12","17:00","6.03","261","11.66","64.2","1015.8","-","-"
"2024/03/12","18:00","10.11","243","13.22","66.2","1014.7","-","-"
"2024/03/12","19:00","11.86","218","14.58","67.8","1013.4","-","-"
"2024/03/12","20:00","10.11","225","16.33","69.4","1012.5","-","-"
"2024/03/12","21:00","13.02","264","17.49","70.3","1012","-","-"
"2024/03/12","22:00","8.16","232","12.83","70.5","1012.1","-","-"
"2024/03/12","23:00","5.83","213","7.58","68","1012.7","-","-"
"2024/03/13","00:00","7","213","8.94","65.3","1012.9","-","-"
"2024/03/13","01:00","7","218","10.5","63.5","1013.3","-","-"
"2024/03/13","02:00","8.36","214","10.89","62.8","1013.3","-","-"
"2024/03/13","03:00","9.72","230","12.63","62.4","1013.4","-","-"
"2024/03/13","04:00","9.33","215","11.66","60.6","1013.5","-","-"
"2024/03/13","05:00","10.11","215","12.63","58.6","1013.3","-","-"
"2024/03/13","06:00","8.55","215","10.3","57","1013.3","-","-"
"2024/03/13","07:00","7","219","9.33","56.7","1013.4","-","-"
"2024/03/13","08:00","6.03","265","7","55","1013.1","-","-"
"2024/03/13","09:00","6.41","270","7","53.8","1013.4","-","-"
"2024/03/13","10:00","5.44","261","6.22","50.9","1013.9","-","-"
"2024/03/13","11:00","0","268","1.56","49.1","1014.2","-","-"
"2024/03/13","12:00","3.5","197","5.64","49.8","1014.6","-","-"
"2024/03/13","13:00","2.53","283","2.92","53.8","1015","-","-"
"2024/03/13","14:00","5.25","310","5.64","53.6","1015.4","-","-"
"2024/03/13","15:00","5.83","304","6.22","55.6","1015.6","-","-"
"2024/03/13","16:00","8.36","306","8.94","59.7","1015.3","-","-"
"2024/03/13","17:00","1.75","318","2.53","62.6","1015","-","-"
"2024/03/13","18:00","10.5","87","10.69","63.1","1014","-","-"
"2024/03/13","19:00","10.69","76","11.08","63.7","1013.5","-","-"
"2024/03/13","20:00","11.27","79","12.05","63.1","1013.2","-","-"
"2024/03/13","21:00","5.64","52","7","59.2","1012.9","-","-"
"2024/03/13","22:00","5.25","94","8.75","62.4","1013","-","-"
"2024/03/13","23:00","5.05","141","6.41","63.7","1013.5","-","-"
"2024/03/14","00:00","4.08","97","6.22","60.1","1014.2","-","-"
"2024/03/14","01:00","3.89","135","4.86","57.9","1014.8","-","-"
"2024/03/14","02:00","1.56","210","2.14","54.7","1015.2","-","-"
"2024/03/14","03:00","1.17","166","3.3","56.1","1015.3","-","-"
"2024/03/14","04:00","1.75","145","2.33","54.3","1015.5","-","-"
"2024/03/14","05:00","1.94","69","2.72","53.6","1015.5","-","-"
"2024/03/14","06:00","0.97","93","1.36","51.8","1015.7","-","-"
"2024/03/14","07:00","0.78","267","0.97","51.3","1015.5","-","-"
"2024/03/14","08:00","0","221","0","50.9","1015.3","-","-"
"2024/03/14","09:00","0","327","0.78","51.3","1015.5","-","-"
"2024/03/14","10:00","0.39","171","1.36","49.1","1015.9","-","-"
"2024/03/14","11:00","0.19","290","1.36","48.9","1017","-","-"
"2024/03/14","12:00","0.78","144","1.36","49.6","1017.3","-","-"
"2024/03/14","13:00","0","160","0","57.4","1017.8","-","-"
"2024/03/14","14:00","1.94","50","2.92","55.2","1018","-","-"
"2024/03/14","15:00","0","98","0","60.6","1018.5","-","-"
"2024/03/14","16:00","1.36","319","1.94","61","1018.4","-","-"
"2024/03/14","17:00","3.3","92","5.25","64","1018.2","-","-"
"2024/03/14","18:00","5.25","47","6.41","62.1","1017.4","-","-"
"2024/03/14","19:00","5.83","70","7","64.6","1016.6","-","-"
"2024/03/14","20:00","4.47","55","6.03","65.5","1015.7","-","-"
"2024/03/14","21:00","7.78","64","8.75","60.6","1015.8","-","-"
"2024/03/14","22:00","2.33","71","5.83","60.8","1015.8","-","-"
"2024/03/14","23:00","4.47","197","7","76.1","1015.7","-","-"
"2024/03/15","00:00","5.05","179","6.22","72.7","1015.7","-","-"
"2024/03/15","01:00","5.64","173","7.39","71.1","1015.4","-","-"
"2024/03/15","02:00","11.66","173","15.55","69.4","1015.1","-","-"
"2024/03/15","03:00","9.72","177","13.8","67.6","1014.8","-","-"
"2024/03/15","04:00","12.25","199","19.63","67.5","1014.7","-","-"
"2024/03/15","05:00","12.05","202","18.27","66.2","1014.5","-","-"
"2024/03/15","06:00","11.47","210","15.16","65.3","1014.1","-","-"
"2024/03/15","07:00","11.86","214","16.91","64.8","1013.8","-","-"
"2024/03/15","08:00","11.86","215","16.13","64.8","1013.2","-","-"
"2024/03/15","09:00","10.5","208","16.52","63.9","1012.8","-","-"
"2024/03/15","10:00","11.47","204","13.8","63.7","1012.3","-","-"
"2024/03/15","11:00","13.61","212","18.27","62.4","1011.6","-","-"
"2024/03/15","12:00","13.8","217","17.11","62.2","1011.6","-","-"
"2024/03/15","13:00","13.22","220","16.91","63.3","1011.8","-","-"
"2024/03/15","14:00","6.8","231","12.05","65.8","1011.4","-","-"
"2024/03/15","15:00","6.8","240","16.13","69.6","1010.7","-","-"
"2024/03/15","16:00","7.19","220","10.3","72","1010.2","-","-"
"2024/03/15","17:00","10.5","212","12.44","73.9","1009.9","-","-"
"2024/03/15","18:00","11.86","208","15.94","75.6","1009.2","-","-"
"2024/03/15","19:00","6.8","240","10.89","74.8","1008.7","-","-"
"2024/03/15","20:00","7.39","225","12.25","70","1009","-","-"
"2024/03/15","21:00","12.25","231","17.88","68","1008.7","-","-"
"2024/03/15","22:00","7.58","255","10.11","65.8","1007.8","-","-"
"2024/03/15","23:00","5.25","253","8.36","65.5","1007.3","-","-"
"2024/03/16","00:00","6.03","213","7.97","64.8","1007.3","-","-"
"2024/03/16","01:00","10.3","228","15.16","63.7","1006.7","-","-"
"2024/03/16","02:00","7.78","248","12.05","63.3","1006.9","-","-"
"2024/03/16","03:00","10.5","259","14","62.4","1006.9","-","-"
"2024/03/16","04:00","9.72","283","12.63","61.5","1007.4","-","-"
"2024/03/16","05:00","12.05","313","14.58","60.1","1008.2","-","-"
"2024/03/16","06:00","19.05","353","20.6","59.9","1009.4","-","-"
"2024/03/16","07:00","16.33","350","22.94","58.3","1009.8","-","-"
"2024/03/16","08:00","12.05","10","17.11","56.7","1009.8","-","-"
"2024/03/16","09:00","10.69","6","13.22","55.6","1010.2","-","-"
"2024/03/16","10:00","8.94","7","12.83","54.7","1011.7","-","-"
"2024/03/16","11:00","5.83","7","8.16","53.8","1013","-","-"
"2024/03/16","12:00","4.47","4","6.41","53.1","1013.4","-","-"
"2024/03/16","13:00","3.89","15","5.64","54","1013.7","-","-"
"2024/03/16","14:00","8.55","13","10.5","53.6","1013.9","-","-"
"2024/03/16","15:00","1.94","353","5.64","55.2","1014","-","-"
"2024/03/16","16:00","9.33","75","11.47","53.2","1013.7","-","-"
"2024/03/16","17:00","12.05","77","13.22","52.3","1013.3","-","-"
"2024/03/16","18:00","11.66","88","13.22","54","1012.8","-","-"
"2024/03/16","19:00","11.08","80","12.83","53.8","1011.9","-","-"
"2024/03/16","20:00","10.5","74","13.02","55","1011.1","-","-"
"2024/03/16","21:00","8.94","103","12.05","58.1","1010.1","-","-"
"2024/03/16","22:00","11.86","135","14","57.6","1009.7","-","-"
"2024/03/16","23:00","6.8","127","8.36","56.3","1009.6","-","-"
"2024/03/17","00:00","4.47","145","7","55","1009.4","-","-"
"2024/03/17","01:00","6.03","155","7.97","54.3","1009.5","-","-"
"2024/03/17","02:00","8.75","167","12.25","55","1009.4","-","-"
"2024/03/17","03:00","11.66","181","16.91","54.9","1008.7","-","-"
"2024/03/17","04:00","10.3","185","16.52","55","1008.2","-","-"
"2024/03/17","05:00","11.86","186","15.36","54.9","1007.6","-","-"
"2024/03/17","06:00","12.25","186","14.77","54.7","1006.6","-","-"
"2024/03/17","07:00","10.3","192","16.13","55.4","1005.8","-","-"
"2024/03/17","08:00","12.25","193","16.72","55.6","1004.6","-","-"
"2024/03/17","09:00","10.3","219","15.94","55.8","1004.8","-","-"
"2024/03/17","10:00","10.89","213","17.49","56.5","1004.6","-","-"
"2024/03/17","11:00","10.3","219","14.77","57.2","1004.7","-","-"
"2024/03/17","12:00","12.44","223","16.52","58.1","1005.3","-","-"
"2024/03/17","13:00","12.63","229","17.69","59.5","1005.4","-","-"
"2024/03/17","14:00","10.89","244","14.77","62.2","1005.2","-","-"
"2024/03/17","15:00","11.27","259","15.55","64.2","1005.3","-","-"
"2024/03/17","16:00","11.66","258","14.58","64.8","1005","-","-"
"2024/03/17","17:00","9.14","251","18.08","65.7","1004.7","-","-"
"2024/03/17","18:00","14.97","245","23.52","66.4","1003.9","-","-"
"2024/03/17","19:00","15.75","268","22.16","67.3","1002.8","-","-"
"2024/03/17","20:00","10.5","255","14.58","68.7","1002","-","-"
"2024/03/17","21:00","13.02","228","18.08","70","1001.4","-","-"
"2024/03/17","22:00","8.55","236","11.86","70.7","1001.1","-","-"
"2024/03/17","23:00","5.05","246","7.39","69.1","1001.9","-","-"
"2024/03/18","00:00","5.64","204","6.8","67.5","1002.5","-","-"
"2024/03/18","01:00","4.47","199","6.03","66","1002.9","-","-"
"2024/03/18","02:00","6.8","214","8.36","65.7","1003.2","-","-"
"2024/03/18","03:00","7.78","236","9.91","65.5","1003","-","-"
"2024/03/18","04:00","8.16","237","11.08","64.2","1003.2","-","-"
"2024/03/18","05:00","15.16","15","17.49","62.2","1004","-","-"
"2024/03/18","06:00","9.33","17","12.44","60.1","1004.6","-","-"
"2024/03/18","07:00","6.03","6","7.39","58.6","1005.2","-","-"
"2024/03/18","08:00","9.52","9","11.08","57.9","1005.8","-","-"
"2024/03/18","09:00","18.66","12","24.1","53.2","1007.2","-","-"
"2024/03/18","10:00","12.63","343","15.16","51.3","1008","-","-"
"2024/03/18","11:00","12.83","346","16.91","49.8","1008.8","-","-"
"2024/03/18","12:00","11.27","336","13.02","48.4","1009.4","-","-"
"2024/03/18","13:00","10.3","354","14.38","48.6","1010.2","-","-"
"2024/03/18","14:00","7.39","7","10.5","49.3","1009.9","-","-"
"2024/03/18","15:00","1.17","360","9.33","51.3","1009.8","-","-"
"2024/03/18","16:00","8.16","306","10.3","50.9","1009.3","-","-"
"2024/03/18","17:00","7.78","326","9.91","51.8","1008.4","-","-"
"2024/03/18","18:00","12.63","63","15.36","48.9","1008.2","-","-"
"2024/03/18","19:00","8.16","86","10.5","49.1","1007.7","-","-"
"2024/03/18","20:00","9.52","82","11.27","48.4","1007.1","-","-"
"2024/03/18","21:00","5.64","94","8.16","49.3","1007","-","-"
"2024/03/18","22:00","6.61","84","8.16","49.5","1006.7","-","-"
"2024/03/18","23:00","8.36","16","11.27","49.5","1007.8","-","-"
"2024/03/19","00:00","2.92","13","6.22","49.8","1008.2","-","-"
"2024/03/19","01:00","3.5","196","4.86","48.9","1008.3","-","-"
"2024/03/19","02:00","20.6","340","26.24","43.5","1010.8","-","-"
"2024/03/19","03:00","12.63","346","23.33","44.6","1011.4","-","-"
"2024/03/19","04:00","15.36","337","20.22","43.3","1012.1","-","-"
"2024/03/19","05:00","19.83","333","25.08","41.2","1012.6","-","-"
"2024/03/19","06:00","13.61","325","17.49","40.6","1012.9","-","-"
"2024/03/19","07:00","15.94","334","18.66","40.3","1012.9","-","-"
"2024/03/19","08:00","18.66","307","21.58","40.6","1012.9","-","-"
"2024/03/19","09:00","9.91","284","12.83","38.3","1013.1","-","-"
"2024/03/19","10:00","9.14","289","13.41","38.1","1013.7","-","-"
"2024/03/19","11:00","9.72","281","11.66","37","1014.5","-","-"
"2024/03/19","12:00","6.03","301","8.94","38.1","1015.2","-","-"
"2024/03/19","13:00","11.27","277","14.97","40.1","1015.4","-","-"
"2024/03/19","14:00","17.49","310","22.35","42.1","1015.7","-","-"
"2024/03/19","15:00","12.63","312","16.52","42.8","1015.4","-","-"
"2024/03/19","16:00","8.75","243","14.38","44.4","1014.6","-","-"
"2024/03/19","17:00","12.25","269","20.8","44.6","1013.9","-","-"
"2024/03/19","18:00","15.55","235","19.63","46.4","1012.8","-","-"
"2024/03/19","19:00","7.39","238","15.55","48.7","1011.2","-","-"
"2024/03/19","20:00","12.83","223","16.13","50.7","1010.3","-","-"
"2024/03/19","21:00","10.69","221","14.38","51.8","1009.2","-","-"
"2024/03/19","22:00","13.61","225","17.69","52.5","1008.9","-","-"
"2024/03/19","23:00","10.11","225","13.22","51.6","1009","-","-"
"2024/03/20","00:00","6.8","212","10.89","50.4","1008.9","-","-"
"2024/03/20","01:00","8.36","212","11.47","50.4","1008.6","-","-"
"2024/03/20","02:00","9.14","204","15.55","50","1008.4","-","-"
"2024/03/20","03:00","10.11","202","12.83","49.5","1008.1","-","-"
"2024/03/20","04:00","9.72","217","14.38","48.9","1008.3","-","-"
"2024/03/20","05:00","11.47","208","16.13","49.3","1008.2","-","-"
"2024/03/20","06:00","12.05","226","15.55","48.6","1008.4","-","-"
"2024/03/20","07:00","14.77","241","20.6","48.7","1008.5","-","-"
"2024/03/20","08:00","14.19","230","18.66","48.2","1008.5","-","-"
"2024/03/20","09:00","12.63","232","16.72","47.3","1008.5","-","-"
"2024/03/20","10:00","4.47","227","5.44","46.2","1009.1","-","-"
"2024/03/20","11:00","3.3","243","6.41","45","1009.4","-","-"
"2024/03/20","12:00","8.55","244","12.44","45.7","1009.7","-","-"
"2024/03/20","13:00","7.39","247","9.33","48.9","1009.6","-","-"
"2024/03/20","14:00","10.11","238","17.49","53.1","1009.3","-","-"
"2024/03/20","15:00","15.55","239","21.38","56.7","1008.9","-","-"
"2024/03/20","16:00","16.91","224","22.35","59.7","1007.7","-","-"
"2024/03/20","17:00","11.86","229","22.16","62.4","1006.6","-","-"
"2024/03/20","18:00","20.22","265","27.02","63.7","1005.8","-","-"
"2024/03/20","19:00","21.58","241","25.08","66","1004.8","-","-"
"2024/03/20","20:00","16.72","261","26.82","67.5","1004.4","-","-"
"2024/03/20","21:00","17.88","254","30.32","68.4","1004.1","-","-"
"2024/03/20","22:00","14.19","236","21.77","68.5","1004.3","-","-"
"2024/03/20","23:00","12.44","239","16.72","67.8","1005","-","-"
"2024/03/21","00:00","9.33","234","12.63","66","1006","-","-"
"2024/03/21","01:00","9.52","235","11.47","64.6","1007.3","-","-"
"2024/03/21","02:00","9.33","311","11.08","60.4","1009.5","-","-"
"2024/03/21","03:00","13.8","27","19.44","53.6","1011.5","-","-"
"2024/03/21","04:00","14.19","15","19.44","51.8","1013.6","-","-"
"2024/03/21","05:00","11.66","2","13.61","48.7","1014.8","-","-"
"2024/03/21","06:00","8.55","1","15.75","46.8","1016.3","-","-"
"2024/03/21","07:00","7.97","3","9.33","45.7","1017.2","-","-"
"2024/03/21","08:00","13.02","6","15.75","44.6","1018","-","-"
"2024/03/21","09:00","11.66","338","13.22","43.3","1018.9","-","-"
"2024/03/21","10:00","8.16","352","10.5","42.3","1019.9","-","-"
"2024/03/21","11:00","11.08","4","13.41","41","1021.1","-","-"
"2024/03/21","12:00","9.91","352","11.86","40.1","1022.4","-","-"
"2024/03/21","13:00","10.11","20","12.83","40.6","1023","-","-"
"2024/03/21","14:00","8.55","3","11.27","40.6","1023.7","-","-"
"2024/03/21","15:00","2.53","341","6.61","42.6","1024.1","-","-"
"2024/03/21","16:00","5.64","301","7","42.8","1024.3","-","-"
"2024/03/21","17:00","7.97","309","9.91","44.4","1023.8","-","-"
"2024/03/21","18:00","7.19","321","8.94","46.4","1023.1","-","-"
"2024/03/21","19:00","10.3","71","12.63","46","1022.2","-","-"
"2024/03/21","20:00","11.66","74","12.63","45.9","1021.8","-","-"
"2024/03/21","21:00","9.91","72","11.86","46.6","1022","-","-"
"2024/03/21","22:00","11.47","68","13.41","46.2","1022.3","-","-"
"2024/03/21","23:00","10.3","70","12.44","46.2","1023","-","-"
"2024/03/22","00:00","7.58","124","9.72","45.9","1023.3","-","-"
"2024/03/22","01:00","5.44","112","8.16","45.7","1024.2","-","-"
"2024/03/22","02:00","5.44","133","9.52","45.7","1025.3","-","-"
"2024/03/22","03:00","6.41","150","7.78","44.8","1025.1","-","-"
"2024/03/22","04:00","6.8","103","10.3","45.7","1025.4","-","-"
"2024/03/22","05:00","12.25","75","14.38","46.9","1025.6","-","-"
"2024/03/22","06:00","10.89","91","12.63","46.6","1026.2","-","-"
"2024/03/22","07:00","8.55","102","11.08","45.9","1026.2","-","-"
"2024/03/22","08:00","10.89","91","13.22","46.4","1026","-","-"
"2024/03/22","09:00","10.11","104","12.44","46","1026","-","-"
"2024/03/22","10:00","13.61","90","15.16","46.6","1026.5","-","-"
"2024/03/22","11:00","14.77","89","16.72","46.6","1026.6","-","-"
"2024/03/22","12:00","15.55","88","18.08","46.8","1027.1","-","-"
"2024/03/22","13:00","15.94","87","19.83","47.3","1027.1","-","-"
"2024/03/22","14:00","13.61","89","17.69","47.7","1027.2","-","-"
"2024/03/22","15:00","14.97","91","17.49","48.2","1027.3","-","-"
"2024/03/22","16:00","15.55","89","20.02","48","1026.9","-","-"
"2024/03/22","17:00","11.47","103","15.16","48.6","1026.7","-","-"
"2024/03/22","18:00","15.75","88","18.86","48.7","1025.5","-","-"
"2024/03/22","19:00","13.02","98","15.36","50","1024.2","-","-"
"2024/03/22","20:00","14.58","79","17.3","49.5","1023.4","-","-"
"2024/03/22","21:00","13.41","85","16.33","50.5","1022.6","-","-"
"2024/03/22","22:00","11.66","93","13.41","51.3","1022.2","-","-"
"2024/03/22","23:00","8.94","92","10.69","52.2","1021.3","-","-"
"2024/03/23","00:00","7.97","100","9.72","53.1","1020.6","-","-"
"2024/03/23","01:00","3.89","93","5.44","53.4","1020.2","-","-"
"2024/03/23","02:00","5.25","138","7","54.3","1019.4","-","-"
"2024/03/23","03:00","10.69","139","13.41","58.3","1017.9","-","-"
"2024/03/23","04:00","9.52","144","15.55","57.7","1017.1","-","-"
"2024/03/23","05:00","4.86","148","7.78","56.5","1016.2","-","-"
"2024/03/23","06:00","4.28","63","4.67","54","1015","-","-"
"2024/03/23","07:00","4.28","49","5.83","53.6","1013.1","-","-"
"2024/03/23","08:00","7.97","70","11.27","54.1","1011.2","-","-"
"2024/03/23","09:00","5.25","97","8.36","55.8","1009.5","-","-"
"2024/03/23","10:00","13.22","79","14.38","54.7","1007.7","-","-"
"2024/03/23","11:00","14.77","124","20.41","57.9","1005.5","-","-"
"2024/03/23","12:00","17.88","139","24.3","60.1","1004.1","-","-"
"2024/03/23","13:00","13.61","123","19.63","58.8","1002.7","-","-"
"2024/03/23","14:00","18.47","158","23.13","63.1","1001.6","-","-"
"2024/03/23","15:00","11.47","211","16.33","63.1","1001.8","-","-"
"2024/03/23","16:00","19.05","302","21.77","54.5","1003.3","-","-"
"2024/03/23","17:00","18.86","311","25.46","53.8","1004","-","-"
"2024/03/23","18:00","12.63","325","18.86","56.8","1004.4","-","-"
"2024/03/23","19:00","17.69","307","20.6","56.1","1004.4","-","-"
"2024/03/23","20:00","13.8","324","16.72","57.7","1004.5","-","-"
"2024/03/23","21:00","13.8","328","18.66","59","1005.3","-","-"
"2024/03/23","22:00","11.47","335","12.83","57.9","1006.8","-","-"
"2024/03/23","23:00","19.63","332","21.38","55.8","1008.5","-","-"
"2024/03/24","00:00","20.6","335","26.24","53.1","1010","-","-"
"2024/03/24","01:00","18.66","345","24.1","50.5","1011.5","-","-"
"2024/03/24","02:00","20.02","339","27.41","47.5","1013.5","-","-"
"2024/03/24","03:00","20.6","335","25.85","45.3","1014.3","-","-"
"2024/03/24","04:00","17.49","336","21.38","44.1","1015.4","-","-"
"2024/03/24","05:00","14.77","337","18.27","43","1016.1","-","-"
"2024/03/24","06:00","12.63","344","22.55","42.3","1016.8","-","-"
"2024/03/24","07:00","19.44","349","26.63","40.6","1017.7","-","-"
"2024/03/24","08:00","14.19","347","20.22","39.2","1018.5","-","-"
"2024/03/24","09:00","14","346","17.11","37.6","1019.4","-","-"
"2024/03/24","10:00","14.38","344","21.19","36.9","1020.5","-","-"
"2024/03/24","11:00","12.83","345","18.66","36.1","1021.3","-","-"
"2024/03/24","12:00","11.27","351","14.58","36.5","1022.4","-","-"
"2024/03/24","13:00","15.36","6","19.83","38.1","1023.3","-","-"
"2024/03/24","14:00","14.97","21","26.82","40.3","1024.3","-","-"
"2024/03/24","15:00","21.58","20","28.57","40.1","1025.1","-","-"
"2024/03/24","16:00","20.8","21","23.91","40.5","1025.4","-","-"
"2024/03/24","17:00","16.52","16","20.99","41.5","1025.4","-","-"
"2024/03/24","18:00","14.77","24","20.6","43.3","1024.9","-","-"
"2024/03/24","19:00","16.33","31","21.38","43.7","1024.4","-","-"
"2024/03/24","20:00","13.61","39","20.6","44.4","1023.9","-","-"
"2024/03/24","21:00","14","18","17.3","45","1024.1","-","-"
"2024/03/24","22:00","11.66","24","15.94","46.2","1024.4","-","-"
"2024/03/24","23:00","11.27","24","13.8","46.2","1024.4","-","-"
"2024/03/25","00:00","9.52","15","11.66","45.7","1024.9","-","-"
"2024/03/25","01:00","6.8","359","8.16","44.8","1026","-","-"
"2024/03/25","02:00","7.78","3","10.11","43.5","1026.6","-","-"
"2024/03/25","03:00","7","3","8.75","43.2","1026.8","-","-"
"2024/03/25","04:00","12.63","44","15.16","45","1026.9","-","-"
"2024/03/25","05:00","16.33","51","18.47","45","1026.7","-","-"
"2024/03/25","06:00","16.91","47","20.02","45","1026.1","-","-"
"2024/03/25","07:00","9.14","35","12.63","44.6","1026.3","-","-"
"2024/03/25","08:00","14.38","45","17.69","44.4","1026.3","-","-"
"2024/03/25","09:00","16.52","45","19.05","44.4","1026.7","-","-"
"2024/03/25","10:00","15.36","43","18.27","44.2","1026.6","-","-"
"2024/03/25","11:00","12.63","40","15.36","43.9","1027.2","-","-"
"2024/03/25","12:00","19.44","51","22.35","44.6","1027.3","-","-"
"2024/03/25","13:00","18.27","46","22.35","44.4","1027.8","-","-"
"2024/03/25","14:00","13.8","49","20.22","45","1028.3","-","-"
"2024/03/25","15:00","7.58","47","12.05","45.9","1028.8","-","-"
"2024/03/25","16:00","7.39","75","9.52","45.9","1028.7","-","-"
"2024/03/25","17:00","10.3","66","11.08","46.9","1028.3","-","-"
"2024/03/25","18:00","10.89","76","12.63","47.7","1027.7","-","-"
"2024/03/25","19:00","9.52","75","10.5","48.6","1027.3","-","-"
"2024/03/25","20:00","7.78","87","9.91","49.5","1026.9","-","-"
"2024/03/25","21:00","12.05","82","13.61","49.6","1026.1","-","-"
"2024/03/25","22:00","10.11","78","11.86","49.6","1025.9","-","-"
"2024/03/25","23:00","8.55","70","9.72","50","1025.7","-","-"
"2024/03/26","00:00","9.52","55","11.47","49.3","1024.8","-","-"
"2024/03/26","01:00","13.41","71","14.97","47.5","1025.3","-","-"
"2024/03/26","02:00","17.88","63","20.22","46.8","1025.5","-","-"
"2024/03/26","03:00","11.27","43","15.16","45.7","1025.6","-","-"
"2024/03/26","04:00","8.36","35","10.5","44.4","1024.8","-","-"
"2024/03/26","05:00","10.89","42","13.41","44.6","1024","-","-"
"2024/03/26","06:00","6.22","14","7.97","44.2","1023.5","-","-"
"2024/03/26","07:00","6.41","339","7.78","43","1023.4","-","-"
"2024/03/26","08:00","8.36","6","10.3","41.2","1022.5","-","-"
"2024/03/26","09:00","5.44","9","7.19","42.1","1022.3","-","-"
"2024/03/26","10:00","6.22","27","7.19","43","1022.1","-","-"
"2024/03/26","11:00","14","63","15.75","43.9","1021.8","-","-"
"2024/03/26","12:00","10.69","64","14.38","43","1021.7","-","-"
"2024/03/26","13:00","7.97","75","11.47","42.8","1022","-","-"
"2024/03/26","14:00","5.64","47","8.36","43.2","1022.2","-","-"
"2024/03/26","15:00","1.94","55","4.28","43.9","1022.5","-","-"
"2024/03/26","16:00","2.92","105","6.61","44.2","1022.3","-","-"
"2024/03/26","17:00","3.69","71","4.86","44.8","1022.1","-","-"
"2024/03/26","18:00","3.5","89","5.05","45.5","1021.6","-","-"
"2024/03/26","19:00","6.41","63","7.78","46.2","1020.9","-","-"
"2024/03/26","20:00","5.64","103","8.55","45.9","1020.2","-","-"
"2024/03/26","21:00","12.44","88","14.19","45.9","1018.6","-","-"
"2024/03/26","22:00","5.83","119","8.75","46","1019.2","-","-"
"2024/03/26","23:00","7.78","110","10.5","46.2","1019.4","-","-"
"2024/03/27","00:00","4.67","94","9.52","46","1020","-","-"
"2024/03/27","01:00","5.05","113","7.78","45.7","1020.7","-","-"
"2024/03/27","02:00","14.19","93","16.72","45.3","1019.2","-","-"
"2024/03/27","03:00","7.58","90","9.52","44.6","1019.4","-","-"
"2024/03/27","04:00","10.5","110","13.8","44.8","1018.5","-","-"
"2024/03/27","05:00","7.19","152","9.52","44.6","1019","-","-"
"2024/03/27","06:00","6.22","116","11.47","44.6","1018","-","-"
"2024/03/27","07:00","8.94","123","11.66","44.2","1017.2","-","-"
"2024/03/27","08:00","2.33","156","3.3","44.4","1018.1","-","-"
"2024/03/27","09:00","3.5","66","4.47","44.4","1018","-","-"
"2024/03/27","10:00","3.69","118","6.41","44.4","1018.2","-","-"
"2024/03/27","11:00","6.8","85","9.33","44.8","1018","-","-"
"2024/03/27","12:00","8.55","78","9.91","44.8","1018.1","-","-"
"2024/03/27","13:00","10.5","82","12.63","45","1018.2","-","-"
"2024/03/27","14:00","12.63","78","13.61","45","1017.3","-","-"
"2024/03/27","15:00","4.47","60","5.64","45.7","1019.7","-","-"
"2024/03/27","16:00","6.03","94","7.97","45.7","1019.9","-","-"
"2024/03/27","17:00","5.44","86","7","47.1","1021","-","-"
"2024/03/27","18:00","7.39","66","9.72","46.6","1019.6","-","-"
"2024/03/27","19:00","8.75","94","10.5","47.1","1018.9","-","-"
"2024/03/27","20:00","12.25","81","13.02","47.3","1016.8","-","-"
"2024/03/27","21:00","7.39","86","10.5","48","1017.2","-","-"
"2024/03/27","22:00","5.44","106","6.8","47.7","1017.4","-","-"
"2024/03/27","23:00","6.61","110","8.94","48","1017.3","-","-"
"2024/03/28","00:00","8.16","91","10.89","48","1017.1","-","-"
"2024/03/28","01:00","9.33","74","10.69","48","1016.9","-","-"
"2024/03/28","02:00","7.58","64","9.14","48","1017.3","-","-"
"2024/03/28","03:00","6.41","4","7.39","47.3","1017.5","-","-"
"2024/03/28","04:00","1.94","16","7.97","47.1","1016.9","-","-"
"2024/03/28","05:00","8.36","86","10.69","48.2","1016","-","-"
"2024/03/28","06:00","15.55","72","18.47","48.6","1014.4","-","-"
"2024/03/28","07:00","6.03","6","7.39","48.4","1014.7","-","-"
"2024/03/28","08:00","11.47","321","12.44","48.4","1015.3","-","-"
"2024/03/28","09:00","13.02","12","17.11","48.4","1013.2","-","-"
"2024/03/28","10:00","8.36","354","10.11","48.6","1013.5","-","-"
"2024/03/28","11:00","11.27","71","13.61","49.5","1013.1","-","-"
"2024/03/28","12:00","5.05","39","7","49.8","1013.2","-","-"
"2024/03/28","13:00","8.36","336","10.11","49.6","1013.8","-","-"
"2024/03/28","14:00","11.08","355","12.63","48.9","1014.3","-","-"
"2024/03/28","15:00","12.83","332","15.75","49.3","1014.9","-","-"
"2024/03/28","16:00","13.02","7","15.55","49.1","1013.3","-","-"
"2024/03/28","17:00","9.72","353","12.44","49.5","1014","-","-"
"2024/03/28","18:00","11.08","8","13.02","49.3","1013.1","-","-"
"2024/03/28","19:00","12.44","0","17.3","49.6","1012","-","-"
"2024/03/28","20:00","14.19","344","17.11","50","1011.2","-","-"
"2024/03/28","21:00","7.58","353","10.11","49.8","1011.6","-","-"
"2024/03/28","22:00","10.89","336","12.83","49.5","1012.1","-","-"
"2024/03/28","23:00","14.97","340","17.11","48.4","1009.8","-","-"
"2024/03/29","00:00","11.86","334","14.58","49.5","1012.4","-","-"
"2024/03/29","01:00","7","329","8.36","48.9","1012.6","-","-"
"2024/03/29","02:00","9.33","317","10.5","48.7","1012.8","-","-"
"2024/03/29","03:00","9.33","277","11.86","48.6","1014","-","-"
"2024/03/29","04:00","9.52","286","11.08","46.8","1014.1","-","-"
"2024/03/29","05:00","8.75","280","11.08","45.5","1014.2","-","-"
"2024/03/29","06:00","13.41","297","18.47","48","1014","-","-"
"2024/03/29","07:00","14.19","314","16.91","48.9","1013.7","-","-"
"2024/03/29","08:00","15.75","321","18.47","48.9","1013.8","-","-"
"2024/03/29","09:00","11.08","321","14.58","47.7","1014","-","-"
"2024/03/29","10:00","9.33","278","12.63","45.5","1014.6","-","-"
"2024/03/29","11:00","7.58","262","9.14","43.2","1015.1","-","-"
"2024/03/29","12:00","4.86","269","6.03","43.9","1015.2","-","-"
"2024/03/29","13:00","6.41","244","8.36","46","1015.2","-","-"
"2024/03/29","14:00","7","257","8.75","49.1","1014.7","-","-"
"2024/03/29","15:00","11.47","249","17.3","52.3","1013.9","-","-"
"2024/03/29","16:00","15.55","274","20.6","55.8","1012.7","-","-"
"2024/03/29","17:00","14.38","292","26.63","57.7","1011.7","-","-"
"2024/03/29","18:00","18.66","267","24.3","59.7","1010.8","-","-"
"2024/03/29","19:00","15.36","286","17.69","61","1010","-","-"
"2024/03/29","20:00","14.19","308","21.58","61.7","1009.5","-","-"
"2024/03/29","21:00","16.52","288","24.88","64.4","1009.3","-","-"
"2024/03/29","22:00","15.36","314","18.66","63.1","1009.8","-","-"
"2024/03/29","23:00","10.89","301","13.41","60.4","1010.4","-","-"
"2024/03/30","00:00","9.91","304","11.08","59.2","1011","-","-"
"2024/03/30","01:00","7.19","302","8.16","59","1011.8","-","-"
"2024/03/30","02:00","5.64","290","6.03","56.8","1012.6","-","-"
"2024/03/30","03:00","5.25","292","5.44","56.1","1013.1","-","-"
"2024/03/30","04:00","4.86","278","6.22","54.3","1014","-","-"
"2024/03/30","05:00","4.47","278","5.44","54.5","1013.9","-","-"
"2024/03/30","06:00","3.89","229","4.47","48.4","1013.7","-","-"
"2024/03/30","07:00","0","227","1.94","46.9","1013.9","-","-"
"2024/03/30","08:00","1.75","196","2.14","45.7","1014.1","-","-"
"2024/03/30","09:00","1.75","219","2.53","45.1","1014.3","-","-"
"2024/03/30","10:00","0.97","193","1.17","44.8","1014.3","-","-"
"2024/03/30","11:00","1.75","161","2.72","44.2","1014.7","-","-"
"2024/03/30","12:00","0.97","139","2.14","48.2","1015.2","-","-"
"2024/03/30","13:00","3.5","152","5.25","55.4","1015","-","-"
"2024/03/30","14:00","5.05","46","5.64","53.6","1015.1","-","-"
"2024/03/30","15:00","6.41","74","7.39","53.6","1014.9","-","-"
"2024/03/30","16:00","7.19","63","7.39","54.9","1014.3","-","-"
"2024/03/30","17:00","9.72","79","9.91","57.4","1013","-","-"
"2024/03/30","18:00","10.3","73","10.89","58.5","1012.1","-","-"
"2024/03/30","19:00","10.5","79","11.27","59.7","1010.8","-","-"
"2024/03/30","20:00","3.89","15","6.8","65.1","1009.8","-","-"
"2024/03/30","21:00","0.78","3","9.14","66","1009.1","-","-"
"2024/03/30","22:00","8.36","232","13.41","73.8","1008.3","-","-"
"2024/03/30","23:00","9.14","201","12.25","73","1007.6","-","-"
"2024/03/31","00:00","7.58","200","9.91","70.5","1007.8","-","-"
"2024/03/31","01:00","8.16","198","11.27","68.5","1007.6","-","-"
"2024/03/31","02:00","9.91","207","14.38","67.6","1007.4","-","-"
"2024/03/31","03:00","9.91","212","14.38","66.7","1007.2","-","-"
"2024/03/31","04:00","13.41","222","16.91","66.7","1007","-","-"
"2024/03/31","05:00","17.3","234","20.99","66.9","1007.2","-","-"
"2024/03/31","06:00","8.55","239","10.69","65.3","1008.6","-","-"
"2024/03/31","07:00","6.22","227","7.58","62.8","1008.7","-","-"
"2024/03/31","08:00","4.47","236","5.64","60.4","1009.5","-","-"
"2024/03/31","09:00","2.14","188","2.72","56.8","1010.1","-","-"
"2024/03/31","10:00","1.56","256","3.5","55.9","1010.9","-","-"
"2024/03/31","11:00","1.36","282","3.11","57.6","1011.9","-","-"
"2024/03/31","12:00","1.94","220","3.3","59.2","1012.7","-","-"
"2024/03/31","13:00","3.5","331","3.89","58.8","1013.3","-","-"
"2024/03/31","14:00","3.5","309","3.89","59.5","1013.3","-","-"
"2024/03/31","15:00","0","256","1.17","62.8","1014.1","-","-"
"2024/03/31","16:00","13.41","84","15.94","57","1014.2","-","-"
"2024/03/31","17:00","9.91","92","13.22","56.7","1014.2","-","-"
"2024/03/31","18:00","9.14","92","11.08","56.5","1013.5","-","-"
"2024/03/31","19:00","7.78","110","9.14","56.8","1013.7","-","-"
"2024/03/31","20:00","9.14","83","11.86","55.4","1013.8","-","-"
"2024/03/31","21:00","8.16","88","10.5","54.5","1014.2","-","-"
"2024/03/31","22:00","7.39","110","10.89","54.7","1014","-","-"
"2024/03/31","23:00","12.83","116","16.33","53.6","1014.2","-","-"
"2024/04/01","00:00","7","131","9.72","53.4","1015.1","-","-"
"2024/04/01","01:00","7.19","99","10.11","53.4","1014.2","-","-"
"2024/04/01","02:00","1.75","90","3.11","52.7","1014","-","-"
"2024/04/01","03:00","8.36","65","10.89","53.8","1014.7","-","-"
"2024/04/01","04:00","6.41","99","8.75","53.2","1014.4","-","-"
"2024/04/01","05:00","5.83","116","7.19","52.9","1014.1","-","-"
"2024/04/01","06:00","6.22","91","7.58","53.4","1013.5","-","-"
"2024/04/01","07:00","5.64","84","6.61","53.8","1012.5","-","-"
"2024/04/01","08:00","7.78","99","9.14","53.6","1011.8","-","-"
"2024/04/01","09:00","5.25","90","5.83","53.4","1011.3","-","-"
"2024/04/01","10:00","4.28","96","5.25","52.9","1011","-","-"
"2024/04/01","11:00","0.39","107","1.36","51.4","1011.3","-","-"
"2024/04/01","12:00","2.72","246","3.11","52","1011.4","-","-"
"2024/04/01","13:00","5.05","261","6.22","54","1010.9","-","-"
"2024/04/01","14:00","5.64","219","7.78","57.7","1010.1","-","-"
"2024/04/01","15:00","10.89","273","13.41","60.6","1010.4","-","-"
"2024/04/01","16:00","11.08","261","15.16","62.8","1010.3","-","-"
"2024/04/01","17:00","10.5","251","15.55","65.1","1009.8","-","-"
"2024/04/01","18:00","7.19","290","8.55","67.5","1010","-","-"
"2024/04/01","19:00","8.16","306","9.14","64.9","1010","-","-"
"2024/04/01","20:00","12.44","101","14.38","55.9","1009.6","-","-"
"2024/04/01","21:00","7.97","90","10.11","56.1","1009.9","-","-"
"2024/04/01","22:00","8.16","88","8.75","57","1010.2","-","-"
"2024/04/01","23:00","14.58","35","18.27","55.2","1012","-","-"
"2024/04/02","00:00","11.08","34","15.55","54.9","1012.7","-","-"
"2024/04/02","01:00","7.39","42","8.94","54.9","1013.3","-","-"
"2024/04/02","02:00","12.25","67","14.19","54.1","1013.7","-","-"
"2024/04/02","03:00","13.22","83","15.36","51.8","1013.8","-","-"
"2024/04/02","04:00","10.5","80","11.66","51.4","1014.5","-","-"
"2024/04/02","05:00","9.72","71","14","51.6","1014.1","-","-"
"2024/04/02","06:00","10.11","80","10.89","51.3","1013.4","-","-"
"2024/04/02","07:00","8.94","84","11.86","51.3","1012.1","-","-"
"2024/04/02","08:00","5.44","74","6.61","51.3","1012.3","-","-"
"2024/04/02","09:00","8.36","80","9.52","51.3","1011.6","-","-"
"2024/04/02","10:00","7.39","105","8.55","50.7","1010.6","-","-"
"2024/04/02","11:00","9.33","100","11.27","51.3","1008.8","-","-"
"2024/04/02","12:00","3.3","91","6.22","51.3","1010.8","-","-"
"2024/04/02","13:00","3.11","333","3.5","51.3","1011.6","-","-"
"2024/04/02","14:00","3.5","37","5.05","51.8","1011","-","-"
"2024/04/02","15:00","11.86","76","13.41","52","1008.8","-","-"
"2024/04/02","16:00","7.19","90","7.97","51.6","1008.5","-","-"
"2024/04/02","17:00","6.41","57","7.58","51.6","1008","-","-"
"2024/04/02","18:00","5.44","71","6.41","51.8","1006.9","-","-"
"2024/04/02","19:00","1.56","79","3.11","53.2","1006.8","-","-"
"2024/04/02","20:00","1.94","130","2.92","56.8","1005","-","-"
"2024/04/02","21:00","6.61","49","8.55","57.7","1003.5","-","-"
"2024/04/02","22:00","12.44","66","14.19","54.3","1003.3","-","-"
"2024/04/02","23:00","7.97","61","9.14","54.1","1003.8","-","-"
"2024/04/03","00:00","11.66","26","13.8","55.8","1004.8","-","-"
"2024/04/03","01:00","12.63","37","15.75","54.1","1005.6","-","-"
"2024/04/03","02:00","9.33","33","13.02","54.5","1005.7","-","-"
"2024/04/03","03:00","7.78","58","12.63","54","1005.4","-","-"
"2024/04/03","04:00","11.66","91","13.61","53.6","1004.8","-","-"
"2024/04/03","05:00","11.86","102","15.16","51.3","1004.2","-","-"
"2024/04/03","06:00","10.11","90","11.66","52.2","1003","-","-"
"2024/04/03","07:00","10.89","96","12.44","52.2","1001.4","-","-"
"2024/04/03","08:00","7.58","98","9.52","52.2","1001.3","-","-"
"2024/04/03","09:00","8.16","83","9.52","52.2","1000.6","-","-"
"2024/04/03","10:00","8.55","90","9.91","52.3","999.3","-","-"
"2024/04/03","11:00","6.61","121","10.5","52.7","999.6","-","-"
"2024/04/03","12:00","6.41","95","7.19","53.2","1000","-","-"
"2024/04/03","13:00","4.47","108","6.22","54.1","998","-","-"
"2024/04/03","14:00","4.28","179","6.61","61.2","997","-","-"
"2024/04/03","15:00","15.94","175","21.97","67.6","995.1","-","-"
"2024/04/03","16:00","14.38","183","20.22","68.5","994.4","-","-"
"2024/04/03","17:00","11.47","191","17.49","69.3","993.3","-","-"
"2024/04/03","18:00","14.77","180","21.38","70.5","991.7","-","-"
"2024/04/03","19:00","18.08","208","23.33","72.9","991.7","-","-"
"2024/04/03","20:00","12.44","198","22.35","73.4","991","-","-"
"2024/04/03","21:00","12.05","211","16.33","72","991","-","-"
"2024/04/03","22:00","7.58","261","9.91","68","990.8","-","-"
"2024/04/03","23:00","2.14","123","3.11","64.6","990","-","-"
"2024/04/04","00:00","4.28","296","5.05","61","990","-","-"
"2024/04/04","01:00","10.69","290","13.22","57.4","991.3","-","-"
"2024/04/04","02:00","28.77","309","31.88","54.3","993.3","-","-"
"2024/04/04","03:00","23.52","314","33.63","53.8","995.5","-","-"
"2024/04/04","04:00","26.24","312","32.46","51.3","996.3","-","-"
"2024/04/04","05:00","11.27","325","14.97","50","996.1","-","-"
"2024/04/04","06:00","5.25","256","7.58","49.3","996.8","-","-"
"2024/04/04","07:00","7.39","236","9.14","47.5","996.8","-","-"
"2024/04/04","08:00","7.19","241","8.94","48.2","996.9","-","-"
"2024/04/04","09:00","7.78","223","9.91","46.8","997.2","-","-"
"2024/04/04","10:00","6.03","206","7.19","46.4","997.3","-","-"
"2024/04/04","11:00","3.89","193","6.41","47.1","997.4","-","-"
"2024/04/04","12:00","7.97","219","10.3","48.6","997.8","-","-"
"2024/04/04","13:00","8.75","235","13.22","50.2","997.9","-","-"
"2024/04/04","14:00","9.52","248","13.02","51.4","998.5","-","-"
"2024/04/04","15:00","11.27","266","17.49","51.8","998.6","-","-"
"2024/04/04","16:00","12.83","238","16.33","52.2","998.3","-","-"
"2024/04/04","17:00","12.05","266","18.47","54.5","997.6","-","-"
"2024/04/04","18:00","11.66","230","15.75","55.9","997.5","-","-"
"2024/04/04","19:00","15.16","260","20.22","54.3","997.8","-","-"
"2024/04/04","20:00","15.94","238","23.33","55.2","998","-","-"
"2024/04/04","21:00","12.25","242","27.21","53.4","998.8","-","-"
"2024/04/04","22:00","9.14","254","14.38","55.4","999.5","-","-"
"2024/04/04","23:00","6.8","227","8.16","51.4","1000.9","-","-"
"2024/04/05","00:00","10.3","232","15.75","50.7","1001.7","-","-"
"2024/04/05","01:00","11.27","237","15.75","50.5","1003.1","-","-"
"2024/04/05","02:00","13.41","252","15.94","50.4","1004","-","-"
"2024/04/05","03:00","11.08","261","14.58","49.6","1004.6","-","-"
"2024/04/05","04:00","13.8","264","17.69","49.1","1005.3","-","-"
"2024/04/05","05:00","13.41","258","18.27","48.6","1006","-","-"
"2024/04/05","06:00","11.86","264","16.72","47.8","1006.2","-","-"
"2024/04/05","07:00","10.3","262","14.38","46.9","1005.9","-","-"
"2024/04/05","08:00","8.94","259","10.89","46","1006","-","-"
"2024/04/05","09:00","6.61","298","8.36","45.3","1006.7","-","-"
"2024/04/05","10:00","3.5","273","4.86","44.6","1007.2","-","-"
"2024/04/05","11:00","11.08","247","14.19","45","1007.7","-","-"
"2024/04/05","12:00","13.8","254","15.75","46.6","1008.4","-","-"
"2024/04/05","13:00","11.08","254","15.94","49.1","1008.7","-","-"
"2024/04/05","14:00","11.47","258","15.36","50","1009","-","-"
"2024/04/05","15:00","7.58","243","12.83","51.8","1008.7","-","-"
"2024/04/05","16:00","13.02","240","17.88","53.6","1008.3","-","-"
"2024/04/05","17:00","11.47","263","14.77","55","1007.9","-","-"
"2024/04/05","18:00","15.36","273","20.99","56.3","1007.3","-","-"
"2024/04/05","19:00","10.3","220","17.69","57.2","1006.9","-","-"
"2024/04/05","20:00","14.38","257","18.27","57.4","1006.6","-","-"
"2024/04/05","21:00","15.36","281","23.13","57.4","1007.1","-","-"
"2024/04/05","22:00","14.19","291","16.13","56.7","1008.1","-","-"
"2024/04/05","23:00","10.89","280","15.36","55.8","1008.8","-","-"
"2024/04/06","00:00","10.5","276","14","55.2","1009.3","-","-"
"2024/04/06","01:00","15.55","357","18.08","52.3","1011","-","-"
"2024/04/06","02:00","18.66","328","22.94","49.6","1012.3","-","-"
"2024/04/06","03:00","13.61","330","20.02","48.9","1012.7","-","-"
"2024/04/06","04:00","15.94","318","18.86","48","1013","-","-"
"2024/04/06","05:00","17.11","333","23.91","47.1","1013.2","-","-"
"2024/04/06","06:00","17.11","320","20.8","45.5","1013","-","-"
"2024/04/06","07:00","16.52","325","20.6","45.5","1013","-","-"
"2024/04/06","08:00","15.36","313","17.69","45.1","1013","-","-"
"2024/04/06","09:00","13.8","294","17.69","43.9","1013.2","-","-"
"2024/04/06","10:00","13.61","296","17.49","43.2","1013.6","-","-"
"2024/04/06","11:00","18.08","303","23.13","44.1","1014","-","-"
"2024/04/06","12:00","19.05","309","22.94","43.9","1014.2","-","-"
"2024/04/06","13:00","18.86","325","24.3","45.3","1014.5","-","-"
"2024/04/06","14:00","20.22","314","26.63","46.4","1014.7","-","-"
"2024/04/06","15:00","14","342","22.35","48.7","1014.9","-","-"
"2024/04/06","16:00","18.86","305","20.6","49.1","1014.4","-","-"
"2024/04/06","17:00","15.36","307","18.66","50.5","1014.3","-","-"
"2024/04/06","18:00","16.33","317","18.27","52.2","1014.1","-","-"
"2024/04/06","19:00","19.63","316","21.77","53.6","1013.5","-","-"
"2024/04/06","20:00","18.47","321","22.74","54","1013.4","-","-"
"2024/04/06","21:00","20.02","316","21.77","53.8","1013.4","-","-"
"2024/04/06","22:00","21.38","313","25.27","54","1013.9","-","-"
"2024/04/06","23:00","14.77","344","16.33","53.8","1014.6","-","-"
"2024/04/07","00:00","9.52","322","11.86","53.4","1015.1","-","-"
"2024/04/07","01:00","8.75","294","11.86","53.2","1015.7","-","-"
"2024/04/07","02:00","7.97","287","10.69","52.9","1016","-","-"
"2024/04/07","03:00","8.55","287","11.27","52.2","1016.3","-","-"
"2024/04/07","04:00","8.94","285","10.69","51.4","1016.4","-","-"
"2024/04/07","05:00","7.97","274","9.52","50.4","1016.6","-","-"
"2024/04/07","06:00","10.11","295","12.05","50.7","1016.5","-","-"
"2024/04/07","07:00","13.22","300","15.16","51.3","1016.3","-","-"
"2024/04/07","08:00","16.33","318","20.99","50.7","1016.4","-","-"
"2024/04/07","09:00","12.63","323","15.94","49.1","1016.9","-","-"
"2024/04/07","10:00","11.08","320","13.61","47.7","1017.6","-","-"
"2024/04/07","11:00","9.72","329","11.66","46.9","1018.5","-","-"
"2024/04/07","12:00","9.14","334","11.66","48.2","1019.2","-","-"
"2024/04/07","13:00","7","337","11.66","50.5","1019.5","-","-"
"2024/04/07","14:00","10.3","8","14.19","51.8","1019.5","-","-"
"2024/04/07","15:00","10.5","298","11.66","52.9","1019.6","-","-"
"2024/04/07","16:00","11.27","307","12.25","54","1019.6","-","-"
"2024/04/07","17:00","13.8","307","15.55","54.9","1019.5","-","-"
"2024/04/07","18:00","10.5","90","12.83","53.6","1019.4","-","-"
"2024/04/07","19:00","10.69","80","12.44","53.4","1019.2","-","-"
"2024/04/07","20:00","13.22","74","14.38","53.8","1018.7","-","-"
"2024/04/07","21:00","10.5","83","13.02","53.8","1018.9","-","-"
"2024/04/07","22:00","10.3","75","11.66","54","1018.9","-","-"
"2024/04/07","23:00","7.19","80","8.75","54","1019.2","-","-"
"2024/04/08","00:00","3.69","105","4.86","54","1019.6","-","-"
"2024/04/08","01:00","2.92","159","3.5","52.3","1020.3","-","-"
"2024/04/08","02:00","3.5","198","3.89","49.3","1020.6","-","-"
"2024/04/08","03:00","6.41","200","7.58","50.9","1021","-","-"
"2024/04/08","04:00","6.8","200","7.97","49.8","1021.5","-","-"
"2024/04/08","05:00","9.14","197","12.05","48.9","1021.4","-","-"
"2024/04/08","06:00","8.55","212","10.69","48.6","1021.1","-","-"
"2024/04/08","07:00","8.55","211","11.66","48.4","1020.9","-","-"
"2024/04/08","08:00","9.91","216","12.25","49.5","1021","-","-"
"2024/04/08","09:00","11.08","219","13.41","48.9","1021.2","-","-"
"2024/04/08","10:00","9.91","218","12.05","48.7","1021.7","-","-"
"2024/04/08","11:00","9.72","220","12.63","49.3","1022.3","-","-"
"2024/04/08","12:00","3.11","247","4.28","51.4","1022.9","-","-"
"2024/04/08","13:00","1.75","242","7.39","54.9","1023.4","-","-"
"2024/04/08","14:00","2.72","203","4.08","58.8","1023.4","-","-"
"2024/04/08","15:00","6.41","192","7.78","62.2","1023.4","-","-"
"2024/04/08","16:00","4.86","168","10.11","64.2","1022.9","-","-"
"2024/04/08","17:00","3.5","89","7.58","60.8","1022.2","-","-"
"2024/04/08","18:00","1.56","117","3.5","65.7","1021.5","-","-"
"2024/04/08","19:00","6.03","58","7","59.9","1020.7","-","-"
"2024/04/08","20:00","6.8","115","8.94","61.9","1019.9","-","-"
"2024/04/08","21:00","5.44","110","9.52","64.9","1019.9","-","-"
"2024/04/08","22:00","6.03","103","7.97","64.8","1019.5","-","-"
"2024/04/08","23:00","3.69","111","5.64","64.4","1019.4","-","-"
"2024/04/09","00:00","4.67","148","5.64","61.7","1019.3","-","-"
"2024/04/09","01:00","7.19","186","9.33","66.9","1019.3","-","-"
"2024/04/09","02:00","7","186","8.94","66","1019.1","-","-"
"2024/04/09","03:00","5.83","194","8.55","64.2","1019.2","-","-"
"2024/04/09","04:00","7.58","207","9.72","63.1","1019.3","-","-"
"2024/04/09","05:00","9.72","211","11.66","62.6","1018.8","-","-"
"2024/04/09","06:00","9.72","218","14","61.9","1018.5","-","-"
"2024/04/09","07:00","12.44","221","15.75","62.1","1018.1","-","-"
"2024/04/09","08:00","12.05","224","16.52","61.3","1017.7","-","-"
"2024/04/09","09:00","14","225","17.49","60.4","1017.4","-","-"
"2024/04/09","10:00","16.13","227","20.99","60.4","1017.2","-","-"
"2024/04/09","11:00","7","225","9.52","59.9","1018","-","-"
"2024/04/09","12:00","3.69","240","7.97","60.8","1018.4","-","-"
"2024/04/09","13:00","5.05","257","11.47","63.3","1018.4","-","-"
"2024/04/09","14:00","11.86","244","15.94","64.9","1018.6","-","-"
"2024/04/09","15:00","7","259","11.08","67.1","1018.6","-","-"
"2024/04/09","16:00","7.58","241","10.69","69.6","1018.3","-","-"
"2024/04/09","17:00","7.39","251","10.69","71.2","1018.1","-","-"
"2024/04/09","18:00","9.14","258","13.02","72","1018","-","-"
"2024/04/09","19:00","11.47","273","17.49","72.3","1017.2","-","-"
"2024/04/09","20:00","11.86","249","16.91","73.2","1016.5","-","-"
"2024/04/09","21:00","8.36","228","12.05","73.8","1016.4","-","-"
"2024/04/09","22:00","8.94","238","11.08","74.1","1016.4","-","-"
"2024/04/09","23:00","6.8","223","10.11","72.9","1016.2","-","-"
"2024/04/10","00:00","10.69","226","16.72","70.2","1016.9","-","-"
"2024/04/10","01:00","9.91","215","13.02","67.5","1016.8","-","-"
"2024/04/10","02:00","7.39","217","10.3","66.9","1017.1","-","-"
"2024/04/10","03:00","6.61","225","8.55","65.7","1016.3","-","-"
"2024/04/10","04:00","12.05","232","17.88","64.9","1016.6","-","-"
"2024/04/10","05:00","9.52","232","13.02","63.9","1016.6","-","-"
"2024/04/10","06:00","9.91","230","15.16","63.1","1016.4","-","-"
"2024/04/10","07:00","10.11","222","13.61","62.8","1016.2","-","-"
"2024/04/10","08:00","10.5","217","14.38","62.2","1015.9","-","-"
"2024/04/10","09:00","10.89","222","14.77","62.4","1016","-","-"
"2024/04/10","10:00","10.3","221","14.58","62.6","1016.4","-","-"
"2024/04/10","11:00","11.27","230","13.8","62.8","1017.2","-","-"
"2024/04/10","12:00","11.08","232","14.97","63.1","1018","-","-"
"2024/04/10","13:00","9.52","238","13.22","63.1","1018","-","-"
"2024/04/10","14:00","8.55","237","13.22","64.8","1018","-","-"
"2024/04/10","15:00","17.69","241","24.3","67.3","1017.8","-","-"
"2024/04/10","16:00","14.58","240","19.44","69.8","1017.4","-","-"
"2024/04/10","17:00","14","243","17.49","71.4","1016.8","-","-"
"2024/04/10","18:00","15.94","230","20.99","70.2","1016.5","-","-"
"2024/04/10","19:00","10.11","233","14.77","70.2","1015.9","-","-"
"2024/04/10","20:00","14.97","243","19.24","71.1","1015.9","-","-"
"2024/04/10","21:00","11.66","226","14.77","71.1","1015.2","-","-"
"2024/04/10","22:00","9.52","225","11.66","70.9","1015.3","-","-"
"2024/04/10","23:00","4.86","216","6.03","70.5","1015.4","-","-"
"2024/04/11","00:00","2.33","209","2.72","69.3","1015.5","-","-"
"2024/04/11","01:00","1.75","210","2.53","66","1016.3","-","-"
"2024/04/11","02:00","2.72","131","4.28","63.9","1016.6","-","-"
"2024/04/11","03:00","4.67","150","6.03","65.5","1015.9","-","-"
"2024/04/11","04:00","8.36","177","11.47","67.5","1016.3","-","-"
"2024/04/11","05:00","8.94","180","11.86","66.4","1015.6","-","-"
"2024/04/11","06:00","11.08","181","13.22","65.7","1015","-","-"
"2024/04/11","07:00","8.75","178","12.05","64.6","1014.3","-","-"
"2024/04/11","08:00","6.22","175","8.94","63.3","1013.8","-","-"
"2024/04/11","09:00","6.61","167","8.94","63","1013","-","-"
"2024/04/11","10:00","5.44","157","7.58","61.9","1012.2","-","-"
"2024/04/11","11:00","4.28","161","8.36","63.1","1012.5","-","-"
"2024/04/11","12:00","6.61","166","12.44","64.6","1013","-","-"
"2024/04/11","13:00","7.58","167","11.47","66.4","1012.4","-","-"
"2024/04/11","14:00","8.55","135","14.38","66.4","1011.4","-","-"
"2024/04/11","15:00","10.89","80","11.86","60.1","1011.4","-","-"
"2024/04/11","16:00","11.47","76","14.97","60.1","1009.4","-","-"
"2024/04/11","17:00","9.91","167","16.52","70.2","1008.9","-","-"
"2024/04/11","18:00","11.47","151","15.16","69.6","1007.7","-","-"
"2024/04/11","19:00","10.5","156","14.77","70.7","1006.5","-","-"
"2024/04/11","20:00","13.61","171","22.35","70.9","1005.5","-","-"
"2024/04/11","21:00","15.94","168","23.91","70.5","1004.5","-","-"
"2024/04/11","22:00","17.49","167","25.27","70.3","1003.2","-","-"
"2024/04/11","23:00","15.36","158","20.6","70","1002","-","-"
"2024/04/12","00:00","17.49","162","27.41","70.7","1000.8","-","-"
"2024/04/12","01:00","17.69","178","23.13","70.5","1000.4","-","-"
"2024/04/12","02:00","19.83","162","26.44","70.3","1000.1","-","-"
"2024/04/12","03:00","19.05","162","34.41","68.2","999","-","-"
"2024/04/12","04:00","15.75","174","21.77","69.6","998.4","-","-"
"2024/04/12","05:00","9.72","181","18.47","69.4","997.3","-","-"
"2024/04/12","06:00","8.94","175","11.86","69.1","997.3","-","-"
"2024/04/12","07:00","13.61","193","21.77","70.7","996.8","-","-"
"2024/04/12","08:00","10.11","190","14.38","69.4","996.5","-","-"
"2024/04/12","09:00","10.3","183","15.55","68.7","996.2","-","-"
"2024/04/12","10:00","12.63","204","16.91","67.8","996.3","-","-"
"2024/04/12","11:00","14.77","228","20.22","67.6","996.9","-","-"
"2024/04/12","12:00","17.49","234","22.94","62.2","998.2","-","-"
"2024/04/12","13:00","14","242","20.99","61","999.7","-","-"
"2024/04/12","14:00","22.74","245","30.91","63","1000.3","-","-"
"2024/04/12","15:00","22.35","261","32.85","64.2","1001","-","-"
"2024/04/12","16:00","17.3","268","28.57","65.5","1001.7","-","-"
"2024/04/12","17:00","24.3","251","32.27","66.6","1001.7","-","-"
"2024/04/12","18:00","20.22","262","25.66","67.1","1001.9","-","-"
"2024/04/12","19:00","19.24","269","26.24","67.3","1002","-","-"
"2024/04/12","20:00","13.61","243","26.82","68.4","1002.3","-","-"
"2024/04/12","21:00","16.13","258","27.41","67.8","1002.8","-","-"
"2024/04/12","22:00","17.11","265","22.55","67.8","1003.2","-","-"
"2024/04/12","23:00","18.86","267","22.94","66.7","1004.1","-","-"
"2024/04/13","00:00","11.47","263","17.88","64.9","1005.2","-","-"
"2024/04/13","01:00","14","262","21.97","63.9","1006","-","-"
"2024/04/13","02:00","11.08","260","19.05","62.1","1006.3","-","-"
"2024/04/13","03:00","13.41","270","19.24","61.3","1006.5","-","-"
"2024/04/13","04:00","14.97","259","18.27","60.1","1007","-","-"
"2024/04/13","05:00","13.61","249","17.49","58.6","1007.4","-","-"
"2024/04/13","06:00","16.52","242","20.22","57.6","1007.5","-","-"
"2024/04/13","07:00","12.44","242","19.63","56.5","1007.8","-","-"
"2024/04/13","08:00","12.05","238","16.91","55.6","1008.5","-","-"
"2024/04/13","09:00","15.16","254","20.6","55.8","1008.8","-","-"
"2024/04/13","10:00","11.08","250","15.75","54.9","1009.6","-","-"
"2024/04/13","11:00","12.05","234","14.58","53.8","1010.6","-","-"
"2024/04/13","12:00","12.83","245","16.52","55","1010.8","-","-"
"2024/04/13","13:00","16.52","253","23.52","57","1011","-","-"
"2024/04/13","14:00","15.94","252","22.94","58.6","1011.3","-","-"
"2024/04/13","15:00","14","263","22.55","60.6","1011.5","-","-"
"2024/04/13","16:00","20.6","286","29.94","62.6","1011.3","-","-"
"2024/04/13","17:00","21.97","277","29.94","64","1011.3","-","-"
"2024/04/13","18:00","22.35","296","29.35","65.1","1011.3","-","-"
"2024/04/13","19:00","21.77","304","25.66","65.7","1011.1","-","-"
"2024/04/13","20:00","20.41","276","29.16","67.8","1010.7","-","-"
"2024/04/13","21:00","15.36","310","20.99","67.5","1011.1","-","-"
"2024/04/13","22:00","18.86","291","23.52","69.4","1011.6","-","-"
"2024/04/13","23:00","7.19","262","17.49","69.4","1012.2","-","-"
"2024/04/14","00:00","5.44","232","6.61","66.6","1012.9","-","-"
"2024/04/14","01:00","3.5","239","4.28","61.2","1013.9","-","-"
"2024/04/14","02:00","7","230","8.55","62.8","1014.7","-","-"
"2024/04/14","03:00","4.47","286","5.44","61.2","1015.3","-","-"
"2024/04/14","04:00","3.5","262","4.28","57","1016","-","-"
"2024/04/14","05:00","2.33","222","3.11","54.3","1016.7","-","-"
"2024/04/14","06:00","2.72","261","3.69","54.1","1016.8","-","-"
"2024/04/14","07:00","0","218","0","52","1017","-","-"
"2024/04/14","08:00","1.56","219","2.14","50.9","1017.4","-","-"
"2024/04/14","09:00","1.94","223","4.08","49.6","1017.6","-","-"
"2024/04/14","10:00","0.97","208","1.75","49.3","1018.1","-","-"
"2024/04/14","11:00","2.33","201","2.92","51.4","1018.8","-","-"
"2024/04/14","12:00","0","7","0.58","57.9","1019.2","-","-"
"2024/04/14","13:00","4.67","195","6.8","61.7","1019.1","-","-"
"2024/04/14","14:00","10.3","207","13.8","65.3","1019.2","-","-"
"2024/04/14","15:00","11.47","184","15.36","67.1","1018.3","-","-"
"2024/04/14","16:00","14.19","202","19.63","68.5","1017.3","-","-"
"2024/04/14","17:00","12.05","204","20.22","70.7","1016","-","-"
"2024/04/14","18:00","15.16","208","22.94","72.1","1014.4","-","-"
"2024/04/14","19:00","17.3","195","21.38","74.5","1013.2","-","-"
"2024/04/14","20:00","13.61","199","21.97","75.9","1012.2","-","-"
"2024/04/14","21:00","14.77","218","21.77","77","1011.3","-","-"
"2024/04/14","22:00","16.52","232","19.63","77","1011.3","-","-"
"2024/04/14","23:00","11.47","192","18.86","76.1","1010.5","-","-"
"2024/04/15","00:00","11.47","191","15.55","74.7","1009.9","-","-"
"2024/04/15","01:00","14.97","205","23.71","74.3","1009.6","-","-"
"2024/04/15","02:00","12.25","212","19.24","73.4","1010.3","-","-"
"2024/04/15","03:00","13.41","218","17.11","72.9","1010.6","-","-"
"2024/04/15","04:00","14.19","218","18.86","71.8","1010.3","-","-"
"2024/04/15","05:00","11.66","212","18.27","69.1","1010.5","-","-"
"2024/04/15","06:00","13.8","212","20.02","68.4","1010","-","-"
"2024/04/15","07:00","12.44","214","17.3","68","1009.7","-","-"
"2024/04/15","08:00","14.38","224","19.83","68.2","1009.6","-","-"
"2024/04/15","09:00","15.55","226","19.63","67.3","1009.9","-","-"
"2024/04/15","10:00","13.41","223","17.11","66.6","1010.3","-","-"
"2024/04/15","11:00","4.67","244","7","65.7","1011.7","-","-"
"2024/04/15","12:00","10.5","236","15.16","66.6","1011.9","-","-"
"2024/04/15","13:00","8.94","275","11.47","69.6","1012","-","-"
"2024/04/15","14:00","7.39","272","9.72","73.6","1012.3","-","-"
"2024/04/15","15:00","6.41","304","7.97","74.7","1012.3","-","-"
"2024/04/15","16:00","5.64","279","8.55","78.6","1011.8","-","-"
"2024/04/15","17:00","6.61","235","12.83","81.9","1011.3","-","-"
"2024/04/15","18:00","8.94","230","11.27","83.5","1010.9","-","-"
"2024/04/15","19:00","7.97","227","14.97","85.5","1010.4","-","-"
"2024/04/15","20:00","11.27","209","14.77","86","1009.8","-","-"
"2024/04/15","21:00","13.41","199","17.11","86.5","1009.4","-","-"
"2024/04/15","22:00","7.97","242","10.69","85.6","1009.5","-","-"
"2024/04/15","23:00","5.64","243","7.97","84.4","1009.6","-","-"
"2024/04/16","00:00","20.8","28","28.57","70.2","1012.7","-","-"
"2024/04/16","01:00","13.02","165","14.38","65.7","1013.9","-","-"
"2024/04/16","02:00","19.83","184","27.02","70","1012.6","-","-"
"2024/04/16","03:00","8.55","198","12.44","67.3","1013.5","-","-"
"2024/04/16","04:00","5.64","194","10.3","67.5","1013.8","-","-"
"2024/04/16","05:00","2.14","255","9.91","66.7","1013.9","-","-"
"2024/04/16","06:00","4.08","353","4.86","64","1014.2","-","-"
"2024/04/16","07:00","6.8","293","7.58","63.5","1015.2","-","-"
"2024/04/16","08:00","11.08","291","11.86","63.7","1016.2","-","-"
"2024/04/16","09:00","7.78","341","11.47","66.4","1017.4","-","-"
"2024/04/16","10:00","10.5","24","14.77","64.4","1018.9","-","-"
"2024/04/16","11:00","9.52","62","12.05","61.9","1020.4","-","-"
"2024/04/16","12:00","10.89","82","13.02","60.8","1021.5","-","-"
"2024/04/16","13:00","10.89","91","13.61","60.6","1021.9","-","-"
"2024/04/16","14:00","9.72","82","10.89","60.3","1022.8","-","-"
"2024/04/16","15:00","8.75","68","9.91","60.8","1023.2","-","-"
"2024/04/16","16:00","9.14","75","10.3","61.3","1022.8","-","-"
"2024/04/16","17:00","8.16","78","11.08","61.7","1022.3","-","-"
"2024/04/16","18:00","8.16","72","9.52","62.8","1022.4","-","-"
"2024/04/16","19:00","7.19","86","9.72","63.9","1022.1","-","-"
"2024/04/16","20:00","9.33","82","11.27","63.3","1021.6","-","-"
"2024/04/16","21:00","10.69","91","12.44","64","1021.4","-","-"
"2024/04/16","22:00","8.75","126","11.08","64.4","1021.2","-","-"
"2024/04/16","23:00","6.41","131","9.72","63.5","1021.4","-","-"
"2024/04/17","00:00","6.8","103","8.36","61.3","1021.8","-","-"
"2024/04/17","01:00","3.69","137","5.25","59.9","1021.8","-","-"
"2024/04/17","02:00","4.08","146","6.03","59","1021.8","-","-"
"2024/04/17","03:00","5.44","157","7.39","58.1","1022.1","-","-"
"2024/04/17","04:00","3.5","132","5.05","57.7","1021.6","-","-"
"2024/04/17","05:00","3.89","146","6.22","57.2","1021.4","-","-"
"2024/04/17","06:00","1.36","140","2.33","56.5","1020.8","-","-"
"2024/04/17","07:00","2.92","138","3.69","56.5","1020.5","-","-"
"2024/04/17","08:00","3.3","137","4.08","57.7","1020.5","-","-"
"2024/04/17","09:00","3.69","122","4.47","57.6","1020.1","-","-"
"2024/04/17","10:00","1.56","201","2.33","58.1","1020.3","-","-"
"2024/04/17","11:00","1.94","145","2.72","58.5","1020.2","-","-"
"2024/04/17","12:00","3.69","178","6.22","62.8","1019.5","-","-"
"2024/04/17","13:00","8.55","190","12.63","64.9","1019.4","-","-"
"2024/04/17","14:00","5.44","177","8.36","65.7","1019.4","-","-"
"2024/04/17","15:00","4.67","201","6.8","67.3","1019.2","-","-"
"2024/04/17","16:00","3.89","165","7.97","69.8","1018","-","-"
"2024/04/17","17:00","4.67","185","8.94","73","1017.1","-","-"
"2024/04/17","18:00","8.94","191","11.47","75.2","1016","-","-"
"2024/04/17","19:00","6.41","235","9.91","77","1015.5","-","-"
"2024/04/17","20:00","7.58","266","10.11","77","1015","-","-"
"2024/04/17","21:00","8.36","208","11.08","77.7","1014.4","-","-"
"2024/04/17","22:00","6.61","226","9.91","76.1","1014.5","-","-"
"2024/04/17","23:00","7","200","10.11","75.4","1013.7","-","-"
"2024/04/18","00:00","7.97","180","11.86","74.1","1013.4","-","-"
"2024/04/18","01:00","9.14","195","13.41","74.5","1013.2","-","-"
"2024/04/18","02:00","10.11","203","14.38","74.5","1013.3","-","-"
"2024/04/18","03:00","9.33","207","14.38","73.6","1013.4","-","-"
"2024/04/18","04:00","10.3","217","13.61","73.4","1012.9","-","-"
"2024/04/18","05:00","9.14","215","13.61","72.9","1012.6","-","-"
"2024/04/18","06:00","11.86","227","17.11","72.7","1011.9","-","-"
"2024/04/18","07:00","9.72","230","13.02","71.2","1011.8","-","-"
"2024/04/18","08:00","10.69","227","14.77","70.2","1011.5","-","-"
"2024/04/18","09:00","8.75","246","12.25","68.2","1012","-","-"
"2024/04/18","10:00","6.8","299","7.97","65.5","1013.2","-","-"
"2024/04/18","11:00","3.3","262","3.89","64.4","1013.8","-","-"
"2024/04/18","12:00","3.5","280","4.47","65.7","1014.5","-","-"
"2024/04/18","13:00","5.64","297","6.03","66.4","1014.5","-","-"
"2024/04/18","14:00","4.28","300","4.86","67.1","1014.9","-","-"
"2024/04/18","15:00","1.17","5","1.75","73.8","1015.4","-","-"
"2024/04/18","16:00","11.08","77","11.66","64.2","1015.4","-","-"
"2024/04/18","17:00","10.89","70","12.05","63.9","1015.4","-","-"
"2024/04/18","18:00","11.08","75","13.02","63.7","1015.4","-","-"
"2024/04/18","19:00","12.05","82","13.41","65.5","1014.9","-","-"
"2024/04/18","20:00","11.08","90","13.61","65.8","1014.6","-","-"
"2024/04/18","21:00","10.3","77","11.66","66.6","1015","-","-"
"2024/04/18","22:00","11.27","59","12.25","68.2","1015.3","-","-"
"2024/04/18","23:00","13.8","95","15.75","62.6","1016.2","-","-"
"2024/04/19","00:00","12.63","101","16.52","59","1016.7","-","-"
"2024/04/19","01:00","13.8","96","16.33","57.4","1017.8","-","-"
"2024/04/19","02:00","12.63","98","17.3","55.6","1019","-","-"
"2024/04/19","03:00","13.02","94","16.33","54.7","1020.1","-","-"
"2024/04/19","04:00","13.02","76","16.52","53.2","1020.2","-","-"
"2024/04/19","05:00","13.41","80","16.13","52.5","1019.8","-","-"
"2024/04/19","06:00","9.52","79","12.83","52.3","1019.7","-","-"
"2024/04/19","07:00","6.8","88","9.91","52.2","1019.1","-","-"
"2024/04/19","08:00","6.8","69","11.66","52","1018.9","-","-"
"2024/04/19","09:00","6.22","89","8.75","52.3","1018.9","-","-"
"2024/04/19","10:00","8.16","51","9.72","52.9","1019.1","-","-"
"2024/04/19","11:00","7","69","10.69","52.5","1019.1","-","-"
"2024/04/19","12:00","8.94","64","9.91","51.8","1019.6","-","-"
"2024/04/19","13:00","5.83","85","8.16","51.8","1020","-","-"
"2024/04/19","14:00","7","88","9.33","51.8","1020.1","-","-"
"2024/04/19","15:00","8.75","77","12.44","52.9","1019.8","-","-"
"2024/04/19","16:00","11.27","96","14.58","53.8","1019.4","-","-"
"2024/04/19","17:00","9.72","98","13.8","54","1018.6","-","-"
"2024/04/19","18:00","6.22","101","9.33","54.1","1018.6","-","-"
"2024/04/19","19:00","9.33","89","12.25","54.3","1017.8","-","-"
"2024/04/19","20:00","7.97","86","8.75","54.3","1017.4","-","-"
"2024/04/19","21:00","6.22","113","7.58","54.5","1017.5","-","-"
"2024/04/19","22:00","8.16","88","9.91","55","1017.3","-","-"
"2024/04/19","23:00","8.94","93","11.27","55.2","1017.1","-","-"
"2024/04/20","00:00","8.94","104","13.41","54.1","1016.7","-","-"
"2024/04/20","01:00","6.61","105","9.72","54","1017.5","-","-"
"2024/04/20","02:00","7.58","116","10.89","53.6","1017.2","-","-"
"2024/04/20","03:00","3.11","102","6.22","54.1","1016.9","-","-"
"2024/04/20","04:00","3.89","116","5.05","54.3","1016.7","-","-"
"2024/04/20","05:00","4.47","147","6.22","54.5","1016.3","-","-"
"2024/04/20","06:00","0.97","288","1.94","54.3","1016.1","-","-"
"2024/04/20","07:00","2.53","133","3.3","54.5","1015.4","-","-"
"2024/04/20","08:00","1.94","147","3.5","54.7","1015.2","-","-"
"2024/04/20","09:00","0.39","158","2.72","54.9","1015.4","-","-"
"2024/04/20","10:00","2.33","127","2.92","55.2","1015.5","-","-"
"2024/04/20","11:00","1.94","166","2.33","55.6","1015.6","-","-"
"2024/04/20","12:00","2.92","199","3.89","56.1","1015.7","-","-"
"2024/04/20","13:00","3.69","264","5.25","57.2","1015.7","-","-"
"2024/04/20","14:00","3.5","359","4.08","57.9","1015.7","-","-"
"2024/04/20","15:00","7.19","305","8.36","58.5","1015.9","-","-"
"2024/04/20","16:00","5.83","299","6.41","59.4","1015.5","-","-"
"2024/04/20","17:00","7.19","294","8.36","60.8","1015.4","-","-"
"2024/04/20","18:00","2.14","168","2.53","65.1","1014.8","-","-"
"2024/04/20","19:00","5.83","83","6.41","63.5","1013.4","-","-"
"2024/04/20","20:00","8.36","81","9.52","62.4","1012.9","-","-"
"2024/04/20","21:00","10.11","81","10.69","61.9","1012.8","-","-"
"2024/04/20","22:00","10.3","80","11.08","61.3","1012.7","-","-"
"2024/04/20","23:00","7.19","88","8.55","61.7","1012.9","-","-"
"2024/04/21","00:00","4.08","127","5.25","61.2","1013","-","-"
"2024/04/21","01:00","1.36","131","2.14","59.9","1013.5","-","-"
"2024/04/21","02:00","2.72","160","3.11","59.5","1013.9","-","-"
"2024/04/21","03:00","3.69","139","4.67","59.5","1014.2","-","-"
"2024/04/21","04:00","4.47","185","6.61","59","1014.3","-","-"
"2024/04/21","05:00","1.17","277","2.53","57.9","1014.3","-","-"
"2024/04/21","06:00","7.97","5","11.27","58.5","1014.6","-","-"
"2024/04/21","07:00","8.16","14","9.91","59.9","1014.6","-","-"
"2024/04/21","08:00","15.55","39","21.58","60.1","1014.9","-","-"
"2024/04/21","09:00","13.41","35","18.08","58.5","1015.8","-","-"
"2024/04/21","10:00","22.55","61","25.27","57.2","1016","-","-"
"2024/04/21","11:00","18.86","63","22.94","55.4","1016.9","-","-"
"2024/04/21","12:00","13.61","44","18.27","54.3","1017.5","-","-"
"2024/04/21","13:00","16.91","49","18.66","53.2","1017.5","-","-"
"2024/04/21","14:00","9.33","47","11.47","52.5","1018.2","-","-"
"2024/04/21","15:00","12.83","42","14.77","52","1017.7","-","-"
"2024/04/21","16:00","14.19","53","16.52","51.4","1017","-","-"
"2024/04/21","17:00","11.47","20","14.77","50.4","1016.4","-","-"
"2024/04/21","18:00","8.94","21","12.63","49.1","1015.6","-","-"
"2024/04/21","19:00","12.63","21","15.55","48.7","1014.6","-","-"
"2024/04/21","20:00","12.63","8","17.11","48.4","1014.7","-","-"
"2024/04/21","21:00","10.89","355","13.22","47.5","1014.9","-","-"
"2024/04/21","22:00","9.52","353","12.44","47.3","1015.1","-","-"
"2024/04/21","23:00","3.69","340","5.83","47.3","1014.9","-","-"
"2024/04/22","00:00","7.39","346","9.72","47.8","1015","-","-"
"2024/04/22","01:00","6.8","331","8.94","47.7","1015.1","-","-"
"2024/04/22","02:00","6.8","341","8.55","48","1015.5","-","-"
"2024/04/22","03:00","7.97","346","8.94","48.6","1015.9","-","-"
"2024/04/22","04:00","8.16","339","9.33","48.9","1016.5","-","-"
"2024/04/22","05:00","7.97","323","9.14","49.1","1016.8","-","-"
"2024/04/22","06:00","6.22","296","8.36","48.4","1016.5","-","-"
"2024/04/22","07:00","9.91","346","12.25","47.1","1016.5","-","-"
"2024/04/22","08:00","10.11","0","13.22","46.8","1016.8","-","-"
"2024/04/22","09:00","13.41","346","16.33","46.2","1017.2","-","-"
"2024/04/22","10:00","12.63","347","14.97","45.3","1017.7","-","-"
"2024/04/22","11:00","10.5","1","14","45.3","1018.4","-","-"
"2024/04/22","12:00","11.66","358","14.77","45.9","1018.8","-","-"
"2024/04/22","13:00","9.72","359","12.83","47.3","1019.2","-","-"
"2024/04/22","14:00","11.27","19","16.52","50.2","1019.9","-","-"
"2024/04/22","15:00","12.83","18","18.47","51.1","1021","-","-"
"2024/04/22","16:00","13.61","31","18.08","51.8","1021.2","-","-"
"2024/04/22","17:00","8.16","13","18.08","52.7","1020.7","-","-"
"2024/04/22","18:00","4.47","35","12.25","53.8","1020.2","-","-"
"2024/04/22","19:00","10.5","19","13.22","54.3","1019.9","-","-"
"2024/04/22","20:00","10.5","69","11.66","54.5","1019.3","-","-"
"2024/04/22","21:00","10.11","78","14.19","55","1019.3","-","-"
"2024/04/22","22:00","8.55","85","10.69","55.2","1019.3","-","-"
"2024/04/22","23:00","6.41","142","7.97","56.3","1019.3","-","-"
"2024/04/23","00:00","2.53","185","5.05","53.4","1019.5","-","-"
"2024/04/23","01:00","4.28","196","5.05","49.6","1019.9","-","-"
"2024/04/23","02:00","7","173","8.94","50.4","1020.4","-","-"
"2024/04/23","03:00","6.8","170","8.75","49.6","1020.5","-","-"
"2024/04/23","04:00","5.83","187","7.39","48.2","1020.9","-","-"
"2024/04/23","05:00","7.39","203","8.36","47.3","1020.8","-","-"
"2024/04/23","06:00","9.52","210","10.3","46.9","1020.6","-","-"
"2024/04/23","07:00","3.11","233","4.08","46.2","1020.5","-","-"
"2024/04/23","08:00","4.86","238","7.97","47.3","1020.7","-","-"
"2024/04/23","09:00","3.89","262","5.83","46.6","1021","-","-"
"2024/04/23","10:00","4.08","265","5.64","46.2","1021.4","-","-"
"2024/04/23","11:00","2.72","256","4.28","47.5","1022","-","-"
"2024/04/23","12:00","5.64","260","6.61","50.2","1022.4","-","-"
"2024/04/23","13:00","7.78","318","8.75","53.4","1022.8","-","-"
"2024/04/23","14:00","3.3","3","4.08","55.9","1022.7","-","-"
"2024/04/23","15:00","1.17","63","1.56","61","1022.3","-","-"
"2024/04/23","16:00","9.72","81","11.27","59","1021.6","-","-"
"2024/04/23","17:00","11.27","73","13.02","59.9","1020.6","-","-"
"2024/04/23","18:00","10.3","70","13.02","60.3","1019.9","-","-"
"2024/04/23","19:00","8.55","87","13.8","62.2","1019.2","-","-"
"2024/04/23","20:00","12.83","107","16.33","61.9","1018.2","-","-"
"2024/04/23","21:00","13.22","135","18.08","63.9","1017.3","-","-"
"2024/04/23","22:00","11.66","137","16.91","62.8","1016.7","-","-"
"2024/04/23","23:00","8.16","132","12.05","62.4","1016.6","-","-"
"2024/04/24","00:00","7.58","145","9.91","60.6","1016.4","-","-"
"2024/04/24","01:00","9.91","148","11.86","59.7","1016.3","-","-"
"2024/04/24","02:00","8.94","163","14","58.3","1016.6","-","-"
"2024/04/24","03:00","10.69","175","13.41","58.1","1016.8","-","-"
"2024/04/24","04:00","10.3","182","14.97","57.4","1015.8","-","-"
"2024/04/24","05:00","10.89","196","17.69","57.6","1015.3","-","-"
"2024/04/24","06:00","14","213","18.47","57.2","1014.5","-","-"
"2024/04/24","07:00","11.66","214","17.11","56.7","1013.8","-","-"
"2024/04/24","08:00","14.19","205","18.47","56.3","1013.4","-","-"
"2024/04/24","09:00","9.91","212","13.8","56.7","1013","-","-"
"2024/04/24","10:00","11.66","223","18.47","58.3","1013","-","-"
"2024/04/24","11:00","16.13","228","19.24","58.6","1013.5","-","-"
"2024/04/24","12:00","5.25","234","7.78","57.7","1014.3","-","-"
"2024/04/24","13:00","7.58","229","11.08","59","1014.1","-","-"
"2024/04/24","14:00","9.33","229","13.41","58.6","1014.8","-","-"
"2024/04/24","15:00","12.63","228","16.72","57.6","1014.9","-","-"
"2024/04/24","16:00","13.41","238","16.13","59.7","1015","-","-"
"2024/04/24","17:00","13.22","220","17.69","61.9","1014.6","-","-"
"2024/04/24","18:00","13.61","213","20.41","63","1014.7","-","-"
"2024/04/24","19:00","10.3","240","13.8","65.5","1014.6","-","-"
"2024/04/24","20:00","7.97","223","11.27","67.5","1014.3","-","-"
"2024/04/24","21:00","8.94","216","12.05","68.5","1014.4","-","-"
"2024/04/24","22:00","9.33","217","10.89","68.7","1014.5","-","-"
"2024/04/24","23:00","7.19","186","9.33","68.4","1014.8","-","-"
"2024/04/25","00:00","5.05","192","6.22","64.9","1015.5","-","-"
"2024/04/25","01:00","6.8","203","8.75","63.5","1016.2","-","-"
"2024/04/25","02:00","5.44","193","8.75","62.6","1016.4","-","-"
"2024/04/25","03:00","6.41","345","7.58","63","1017.5","-","-"
"2024/04/25","04:00","13.02","333","14.77","61.9","1018.2","-","-"
"2024/04/25","05:00","10.5","101","13.02","59.2","1017.8","-","-"
"2024/04/25","06:00","9.91","85","11.66","60.4","1017.8","-","-"
"2024/04/25","07:00","5.83","28","7","58.6","1018","-","-"
"2024/04/25","08:00","5.44","351","7","57.2","1018.7","-","-"
"2024/04/25","09:00","6.03","358","7","56.5","1019.2","-","-"
"2024/04/25","10:00","6.22","333","6.8","56.3","1019.7","-","-"
"2024/04/25","11:00","5.05","359","6.41","55.4","1020.9","-","-"
"2024/04/25","12:00","14.19","50","17.11","58.1","1021.8","-","-"
"2024/04/25","13:00","15.36","56","18.08","56.8","1023.1","-","-"
"2024/04/25","14:00","14.58","67","16.13","56.3","1023.8","-","-"
"2024/04/25","15:00","15.16","69","17.49","55.6","1024.3","-","-"
"2024/04/25","16:00","15.16","72","16.72","55.2","1024.5","-","-"
"2024/04/25","17:00","16.72","75","18.27","54.5","1024.5","-","-"
"2024/04/25","18:00","15.16","72","18.66","54.5","1024.3","-","-"
"2024/04/25","19:00","14.19","68","17.3","54.1","1024","-","-"
"2024/04/25","20:00","14.97","73","19.05","53.6","1023.7","-","-"
"2024/04/25","21:00","14.77","72","16.91","53.2","1024.5","-","-"
"2024/04/25","22:00","12.44","64","14.97","53.4","1025.1","-","-"
"2024/04/25","23:00","13.41","73","14.97","52.7","1025","-","-"
"2024/04/26","00:00","14.19","65","17.88","51.8","1025","-","-"
"2024/04/26","01:00","16.13","80","18.66","50.7","1025.2","-","-"
"2024/04/26","02:00","17.11","72","20.41","50.4","1025.6","-","-"
"2024/04/26","03:00","11.08","37","15.55","50.5","1026.1","-","-"
"2024/04/26","04:00","11.27","52","13.61","50.7","1026.2","-","-"
"2024/04/26","05:00","13.22","60","14.97","51.6","1026.3","-","-"
"2024/04/26","06:00","10.69","53","12.44","51.1","1026.2","-","-"
"2024/04/26","07:00","6.03","20","7","49.8","1026.1","-","-"
"2024/04/26","08:00","9.14","29","10.5","50","1026.4","-","-"
"2024/04/26","09:00","9.91","43","12.25","50.9","1026.4","-","-"
"2024/04/26","10:00","11.66","44","14","51.3","1026.9","-","-"
"2024/04/26","11:00","10.89","43","13.02","51.3","1027.9","-","-"
"2024/04/26","12:00","12.44","53","15.16","51.8","1028.7","-","-"
"2024/04/26","13:00","10.89","43","14","52.3","1029.4","-","-"
"2024/04/26","14:00","10.69","64","13.02","52","1029.8","-","-"
"2024/04/26","15:00","12.05","61","13.8","53.1","1030.2","-","-"
"2024/04/26","16:00","12.05","73","14.38","53.4","1030.4","-","-"
"2024/04/26","17:00","11.47","83","13.61","53.6","1030.6","-","-"
"2024/04/26","18:00","13.02","76","16.13","53.4","1030.3","-","-"
"2024/04/26","19:00","14.77","79","16.72","54.3","1030.6","-","-"
"2024/04/26","20:00","16.13","79","19.24","54.5","1029.5","-","-"
"2024/04/26","21:00","14.19","75","15.94","54.7","1029.8","-","-"
"2024/04/26","22:00","14.38","82","15.94","54.5","1030.4","-","-"
"2024/04/26","23:00","13.22","77","14.77","54.3","1030.4","-","-"
"2024/04/27","00:00","13.61","89","17.88","54.5","1030.6","-","-"
"2024/04/27","01:00","12.05","99","14.77","54.1","1030.4","-","-"
"2024/04/27","02:00","10.69","102","16.72","54.5","1031","-","-"
"2024/04/27","03:00","12.63","88","14.97","54.9","1031.1","-","-"
"2024/04/27","04:00","13.02","94","16.13","55","1031.1","-","-"
"2024/04/27","05:00","13.22","99","15.55","55.2","1030.8","-","-"
"2024/04/27","06:00","10.89","93","14.38","55.4","1030.6","-","-"
"2024/04/27","07:00","11.27","96","14.77","55","1030.1","-","-"
"2024/04/27","08:00","7","106","9.33","55.2","1030.6","-","-"
"2024/04/27","09:00","10.3","93","11.66","55.4","1030.3","-","-"
"2024/04/27","10:00","8.16","103","13.41","55.6","1030.4","-","-"
"2024/04/27","11:00","7.39","101","10.11","55.8","1031.1","-","-"
"2024/04/27","12:00","10.11","109","14","56.8","1031","-","-"
"2024/04/27","13:00","10.69","99","13.02","57.4","1031.6","-","-"
"2024/04/27","14:00","5.44","103","7.39","58.1","1031.8","-","-"
"2024/04/27","15:00","8.16","97","9.52","58.5","1031.9","-","-"
"2024/04/27","16:00","9.33","96","10.69","58.5","1031.8","-","-"
"2024/04/27","17:00","9.33","108","12.25","58.3","1031.2","-","-"
"2024/04/27","18:00","8.36","99","10.11","59","1030.8","-","-"
"2024/04/27","19:00","8.75","87","9.72","59.7","1030.2","-","-"
"2024/04/27","20:00","12.25","91","13.8","59.4","1029.1","-","-"
"2024/04/27","21:00","7.19","110","11.08","61.2","1028.8","-","-"
"2024/04/27","22:00","9.72","108","11.66","61.5","1028.3","-","-"
"2024/04/27","23:00","8.94","101","10.5","60.4","1027.9","-","-"
"2024/04/28","00:00","5.05","114","6.61","60.4","1027.6","-","-"
"2024/04/28","01:00","7.78","149","9.72","62.1","1027.2","-","-"
"2024/04/28","02:00","6.22","168","8.55","61.5","1027.3","-","-"
"2024/04/28","03:00","9.33","175","13.61","61","1026.6","-","-"
"2024/04/28","04:00","6.22","175","10.3","60.8","1026.1","-","-"
"2024/04/28","05:00","5.64","189","9.52","60.4","1025.9","-","-"
"2024/04/28","06:00","8.36","192","12.25","59.9","1025.1","-","-"
"2024/04/28","07:00","9.72","195","13.8","60.1","1024.5","-","-"
"2024/04/28","08:00","8.55","200","11.86","60.3","1024.6","-","-"
"2024/04/28","09:00","11.86","206","15.75","60.8","1024","-","-"
"2024/04/28","10:00","13.02","213","16.13","60.1","1023.7","-","-"
"2024/04/28","11:00","9.91","206","14","60.3","1024.1","-","-"
"2024/04/28","12:00","11.47","218","16.13","61.9","1024","-","-"
"2024/04/28","13:00","12.63","216","18.86","64.8","1023.6","-","-"
"2024/04/28","14:00","11.66","232","15.36","67.6","1023.2","-","-"
"2024/04/28","15:00","11.08","247","15.16","70.7","1023.1","-","-"
"2024/04/28","16:00","10.3","268","14","72.3","1022.7","-","-"
"2024/04/28","17:00","8.75","235","12.83","74.8","1022.2","-","-"
"2024/04/28","18:00","10.11","250","16.72","77.4","1021.6","-","-"
"2024/04/28","19:00","10.11","270","13.41","79","1020.6","-","-"
"2024/04/28","20:00","6.22","238","11.27","80.1","1020","-","-"
"2024/04/28","21:00","2.53","238","8.36","81","1019.5","-","-"
"2024/04/28","22:00","7.39","205","12.05","81.1","1019.4","-","-"
"2024/04/28","23:00","5.05","217","9.72","79.9","1019.4","-","-"
"2024/04/29","00:00","4.86","204","7.97","77.5","1019.5","-","-"
"2024/04/29","01:00","6.03","212","8.36","75.2","1019.5","-","-"
"2024/04/29","02:00","9.14","223","14.38","73.9","1019.9","-","-"
"2024/04/29","03:00","8.16","221","11.47","72.5","1019.9","-","-"
"2024/04/29","04:00","10.11","229","13.41","71.1","1019.5","-","-"
"2024/04/29","05:00","12.25","230","19.05","70.2","1019.2","-","-"
"2024/04/29","06:00","12.44","237","15.94","69.3","1018.5","-","-"
"2024/04/29","07:00","12.25","232","15.36","68.2","1018.1","-","-"
"2024/04/29","08:00","11.08","231","14","66.9","1017.6","-","-"
"2024/04/29","09:00","8.94","234","14.38","66","1017.6","-","-"
"2024/04/29","10:00","10.3","233","14.58","65.3","1017.7","-","-"
"2024/04/29","11:00","9.91","240","13.02","64.8","1018.1","-","-"
"2024/04/29","12:00","8.94","246","15.16","66.4","1018.4","-","-"
"2024/04/29","13:00","12.63","239","20.41","68.4","1017.9","-","-"
"2024/04/29","14:00","14","261","16.91","70.9","1017.8","-","-"
"2024/04/29","15:00","10.69","266","13.41","72.7","1017.9","-","-"
"2024/04/29","16:00","7.97","247","13.61","75.6","1018","-","-"
"2024/04/29","17:00","8.36","239","14","78.4","1017.5","-","-"
"2024/04/29","18:00","9.91","226","15.16","80.2","1016.9","-","-"
"2024/04/29","19:00","12.05","257","14.97","81.9","1016.6","-","-"
"2024/04/29","20:00","6.61","237","13.02","83.3","1015.7","-","-"
"2024/04/29","21:00","7.39","208","11.08","83.7","1015.3","-","-"
"2024/04/29","22:00","9.33","203","12.63","83.8","1015.2","-","-"
"2024/04/29","23:00","8.55","221","11.66","82.4","1015","-","-"
"2024/04/30","00:00","6.03","198","8.36","79.9","1015.3","-","-"
"2024/04/30","01:00","4.08","185","5.44","77","1015.6","-","-"
"2024/04/30","02:00","6.03","201","8.16","75.2","1015.7","-","-"
"2024/04/30","03:00","6.61","201","8.75","74.3","1015.7","-","-"
"2024/04/30","04:00","8.55","209","11.86","73.2","1015.6","-","-"
"2024/04/30","05:00","10.3","207","14.77","71.2","1015.5","-","-"
"2024/04/30","06:00","11.47","209","14.77","69.8","1015.1","-","-"
"2024/04/30","07:00","14.58","219","17.88","68.4","1014.8","-","-"
"2024/04/30","08:00","12.63","226","17.49","67.3","1014.6","-","-"
"2024/04/30","09:00","10.5","230","12.63","66.7","1014.5","-","-"
"2024/04/30","10:00","14","227","18.27","66.6","1014.7","-","-"
"2024/04/30","11:00","9.91","232","15.94","66","1015.4","-","-"
"2024/04/30","12:00","10.3","227","18.27","67.3","1015.4","-","-"
"2024/04/30","13:00","9.72","232","12.63","68.9","1015.1","-","-"
"2024/04/30","14:00","12.05","245","18.47","72.1","1014.9","-","-"
"2024/04/30","15:00","11.08","248","21.77","74.5","1014.4","-","-"
"2024/04/30","16:00","14.97","232","21.77","76.5","1013.9","-","-"
"2024/04/30","17:00","11.66","253","20.02","78.3","1013.2","-","-"
"2024/04/30","18:00","12.05","209","14.97","80.1","1012.8","-","-"
"2024/04/30","19:00","13.02","244","16.72","80.8","1012.3","-","-"
"2024/04/30","20:00","11.86","238","17.11","81","1011.9","-","-"
"2024/04/30","21:00","11.66","218","19.05","80.2","1011.8","-","-"
"2024/04/30","22:00","9.33","223","13.02","79","1011.5","-","-"
"2024/04/30","23:00","10.89","221","15.75","78.6","1011.5","-","-"
"2024/05/01","00:00","6.22","222","8.36","76.8","1011.8","-","-"
"2024/05/01","01:00","4.47","210","6.03","74.8","1012.3","-","-"
"2024/05/01","02:00","5.83","215","8.55","73.2","1012.5","-","-"
"2024/05/01","03:00","6.03","213","8.16","72.3","1012.5","-","-"
"2024/05/01","04:00","5.64","227","8.55","71.6","1012.4","-","-"
"2024/05/01","05:00","7.58","214","11.47","70.7","1012.5","-","-"
"2024/05/01","06:00","9.14","208","13.02","69.3","1012.2","-","-"
"2024/05/01","07:00","11.08","218","13.61","69.3","1011.9","-","-"
"2024/05/01","08:00","10.5","228","13.8","68.4","1011.9","-","-"
"2024/05/01","09:00","9.14","237","12.44","67.8","1012.4","-","-"
"2024/05/01","10:00","9.33","231","12.05","66.7","1013.1","-","-"
"2024/05/01","11:00","8.55","242","10.69","66","1013.9","-","-"
"2024/05/01","12:00","6.41","245","8.75","68","1014.1","-","-"
"2024/05/01","13:00","4.67","311","5.05","69.3","1014.5","-","-"
"2024/05/01","14:00","7","298","7.39","68.9","1014.7","-","-"
"2024/05/01","15:00","3.69","300","4.08","71.1","1014.6","-","-"
"2024/05/01","16:00","4.08","85","4.28","71.4","1014.4","-","-"
"2024/05/01","17:00","8.55","75","9.52","69.1","1014.4","-","-"
"2024/05/01","18:00","11.86","77","12.44","68.9","1014.1","-","-"
"2024/05/01","19:00","11.08","83","12.05","68.5","1013.6","-","-"
"2024/05/01","20:00","10.5","83","12.05","69.6","1013.4","-","-"
"2024/05/01","21:00","9.72","91","11.47","71.2","1013.5","-","-"
"2024/05/01","22:00","7.19","126","9.91","73.8","1013.7","-","-"
"2024/05/01","23:00","5.44","136","7.58","74.3","1013.6","-","-"
"2024/05/02","00:00","4.67","102","6.03","69.1","1014","-","-"
"2024/05/02","01:00","1.94","97","4.28","67.6","1014.7","-","-"
"2024/05/02","02:00","0.58","283","1.75","66.2","1015.1","-","-"
"2024/05/02","03:00","2.33","173","2.72","66.6","1015.1","-","-"
"2024/05/02","04:00","2.72","158","4.47","67.3","1015","-","-"
"2024/05/02","05:00","0.39","133","2.72","66.7","1015.2","-","-"
"2024/05/02","06:00","1.75","120","2.14","64.8","1015.1","-","-"
"2024/05/02","07:00","0.39","121","1.36","63.9","1015","-","-"
"2024/05/02","08:00","0.97","155","1.17","63","1015.2","-","-"
"2024/05/02","09:00","1.17","127","1.56","63.1","1015.1","-","-"
"2024/05/02","10:00","0","167","0","62.2","1015.5","-","-"
"2024/05/02","11:00","1.36","188","3.11","64.2","1016.1","-","-"
"2024/05/02","12:00","2.33","239","3.3","66.9","1016.4","-","-"
"2024/05/02","13:00","2.53","30","3.11","68.2","1016.7","-","-"
"2024/05/02","14:00","2.72","36","2.72","70.2","1016.7","-","-"
"2024/05/02","15:00","3.3","89","3.69","70.9","1016.6","-","-"
"2024/05/02","16:00","8.36","79","9.14","71.6","1016.3","-","-"
"2024/05/02","17:00","10.3","71","10.5","72.1","1015.9","-","-"
"2024/05/02","18:00","12.05","74","13.41","71.4","1015.5","-","-"
"2024/05/02","19:00","11.47","87","11.86","73.8","1015","-","-"
"2024/05/02","20:00","11.66","88","12.05","73.4","1014.3","-","-"
"2024/05/02","21:00","7.97","108","9.91","78.8","1013.8","-","-"
"2024/05/02","22:00","7.39","124","9.14","80.2","1013.6","-","-"
"2024/05/02","23:00","6.61","125","9.33","79.5","1013.8","-","-"
"2024/05/03","00:00","4.28","146","5.44","76.1","1014.2","-","-"
"2024/05/03","01:00","6.03","161","7.19","75","1014.5","-","-"
"2024/05/03","02:00","8.16","182","11.47","75.6","1015.1","-","-"
"2024/05/03","03:00","8.36","189","10.69","73.9","1015.1","-","-"
"2024/05/03","04:00","9.72","193","12.63","72.3","1015","-","-"
"2024/05/03","05:00","11.27","201","14","71.4","1014.6","-","-"
"2024/05/03","06:00","10.11","208","12.44","70.5","1014.2","-","-"
"2024/05/03","07:00","10.69","214","13.61","70.2","1014.1","-","-"
"2024/05/03","08:00","10.3","221","14.97","69.4","1013.8","-","-"
"2024/05/03","09:00","8.94","225","12.05","69.1","1014.2","-","-"
"2024/05/03","10:00","4.47","260","6.41","68.5","1015","-","-"
"2024/05/03","11:00","4.08","253","5.83","68.5","1015.9","-","-"
"2024/05/03","12:00","4.86","268","7.39","69.8","1016.1","-","-"
"2024/05/03","13:00","4.67","15","5.64","71.1","1016.9","-","-"
"2024/05/03","14:00","7.19","102","7.78","70.5","1017.1","-","-"
"2024/05/03","15:00","9.52","83","10.89","70.3","1017.4","-","-"
"2024/05/03","16:00","16.72","74","18.27","65.1","1018.3","-","-"
"2024/05/03","17:00","16.52","78","18.86","62.1","1019","-","-"
"2024/05/03","18:00","17.69","73","21.38","60.3","1019.1","-","-"
"2024/05/03","19:00","19.63","77","22.16","59.7","1018.9","-","-"
"2024/05/03","20:00","18.86","76","21.38","58.5","1018.9","-","-"
"2024/05/03","21:00","16.91","81","20.41","58.1","1019.2","-","-"
"2024/05/03","22:00","17.11","77","18.86","57.6","1019.2","-","-"
"2024/05/03","23:00","16.52","79","20.02","57.7","1019.2","-","-"
"2024/05/04","00:00","17.69","77","21.58","56.7","1019.5","-","-"
"2024/05/04","01:00","16.52","85","19.05","56.8","1019.9","-","-"
"2024/05/04","02:00","14.38","87","16.52","56.3","1020.6","-","-"
"2024/05/04","03:00","15.55","81","18.08","56.8","1020.7","-","-"
"2024/05/04","04:00","14.58","68","16.72","57.6","1020.6","-","-"
"2024/05/04","05:00","14.19","71","16.52","58.5","1020.3","-","-"
"2024/05/04","06:00","13.22","61","16.13","58.8","1020.4","-","-"
"2024/05/04","07:00","13.8","57","15.94","58.5","1020.5","-","-"
"2024/05/04","08:00","13.22","57","15.94","58.5","1020.4","-","-"
"2024/05/04","09:00","15.16","66","17.88","58.1","1020.5","-","-"
"2024/05/04","10:00","14.38","71","16.72","57.4","1020.9","-","-"
"2024/05/04","11:00","12.44","69","15.75","57.9","1021.3","-","-"
"2024/05/04","12:00","11.47","67","14","58.3","1021.9","-","-"
"2024/05/04","13:00","13.61","69","15.55","58.5","1022","-","-"
"2024/05/04","14:00","13.02","68","15.75","58.6","1022.7","-","-"
"2024/05/04","15:00","12.44","68","14.58","58.3","1022.6","-","-"
"2024/05/04","16:00","11.66","74","14.38","58.5","1022.7","-","-"
"2024/05/04","17:00","11.27","75","14.19","59","1022.5","-","-"
"2024/05/04","18:00","13.41","70","15.16","59.7","1022.1","-","-"
"2024/05/04","19:00","12.25","67","14.77","60.1","1022.1","-","-"
"2024/05/04","20:00","13.02","72","14.58","60.1","1021.7","-","-"
"2024/05/04","21:00","14","65","15.75","60.4","1021.4","-","-"
"2024/05/04","22:00","14.19","74","16.72","60.3","1021.3","-","-"
"2024/05/04","23:00","13.61","69","15.75","60.1","1021.5","-","-"
"2024/05/05","00:00","14.19","75","16.91","60.1","1021.4","-","-"
"2024/05/05","01:00","12.83","74","15.36","60.4","1021.7","-","-"
"2024/05/05","02:00","11.66","74","14.38","61","1021.7","-","-"
"2024/05/05","03:00","10.5","83","12.05","61.7","1021.5","-","-"
"2024/05/05","04:00","7.78","111","13.41","62.6","1021.2","-","-"
"2024/05/05","05:00","7.58","117","9.33","62.6","1020.7","-","-"
"2024/05/05","06:00","3.69","147","5.83","63.3","1020.4","-","-"
"2024/05/05","07:00","5.25","138","7","64","1020","-","-"
"2024/05/05","08:00","8.55","135","11.27","65.1","1019.8","-","-"
"2024/05/05","09:00","7.97","141","10.5","65.8","1019.9","-","-"
"2024/05/05","10:00","10.89","145","14","66.7","1020.1","-","-"
"2024/05/05","11:00","7.78","149","10.69","66.7","1020.5","-","-"
"2024/05/05","12:00","8.75","150","11.66","67.6","1020.4","-","-"
"2024/05/05","13:00","10.3","142","13.22","68.9","1020.4","-","-"
"2024/05/05","14:00","12.63","146","19.63","71.2","1020.4","-","-"
"2024/05/05","15:00","10.5","158","14.19","71.8","1020.5","-","-"
"2024/05/05","16:00","8.75","147","11.86","73.6","1020.2","-","-"
"2024/05/05","17:00","6.03","88","10.5","71.6","1019.7","-","-"
"2024/05/05","18:00","11.47","102","14.77","72.5","1019.1","-","-"
"2024/05/05","19:00","15.36","117","18.27","72.3","1018.7","-","-"
"2024/05/05","20:00","7.39","116","10.5","70.9","1018.4","-","-"
"2024/05/05","21:00","8.16","112","11.86","71.6","1018.2","-","-"
"2024/05/05","22:00","7.78","271","10.5","68.9","1019","-","-"
"2024/05/05","23:00","1.17","135","1.56","67.8","1018.6","-","-"
"2024/05/06","00:00","3.89","98","4.86","66.9","1018.7","-","-"
"2024/05/06","01:00","2.92","166","5.05","67.6","1018.6","-","-"
"2024/05/06","02:00","2.14","126","2.53","67.6","1018.6","-","-"
"2024/05/06","03:00","3.5","131","4.67","67.3","1018.4","-","-"
"2024/05/06","04:00","1.36","57","1.75","66.6","1018.3","-","-"
"2024/05/06","05:00","0.97","139","1.36","66.6","1017.8","-","-"
"2024/05/06","06:00","7.58","165","9.91","68.5","1016.8","-","-"
"2024/05/06","07:00","7.97","178","10.3","69.3","1016.5","-","-"
"2024/05/06","08:00","8.75","218","11.47","68.9","1016.4","-","-"
"2024/05/06","09:00","6.61","195","10.11","68.5","1016.1","-","-"
"2024/05/06","10:00","6.41","218","8.94","68.2","1016.3","-","-"
"2024/05/06","11:00","3.69","203","5.83","68.4","1016.5","-","-"
"2024/05/06","12:00","5.64","209","8.16","69.1","1016.8","-","-"
"2024/05/06","13:00","5.44","224","11.27","69.6","1016.8","-","-"
"2024/05/06","14:00","6.03","230","8.94","71.4","1016.6","-","-"
"2024/05/06","15:00","4.47","214","7.78","72.7","1016.2","-","-"
"2024/05/06","16:00","7.19","210","12.44","74.8","1015.7","-","-"
"2024/05/06","17:00","7.78","241","10.5","75.6","1015.4","-","-"
"2024/05/06","18:00","6.22","240","7.78","75","1014.9","-","-"
"2024/05/06","19:00","4.86","201","7.39","77.4","1013.9","-","-"
"2024/05/06","20:00","4.28","195","6.22","70.9","1013.2","-","-"
"2024/05/06","21:00","3.89","150","4.86","73.8","1012.2","-","-"
"2024/05/06","22:00","1.75","58","1.94","72.3","1011.8","-","-"
"2024/05/06","23:00","4.47","57","5.83","69.6","1011.8","-","-"
"2024/05/07","00:00","3.69","45","4.28","68.4","1011.8","-","-"
"2024/05/07","01:00","15.75","349","19.63","67.5","1012.3","-","-"
"2024/05/07","02:00","9.33","115","11.08","67.1","1012.7","-","-"
"2024/05/07","03:00","5.83","76","6.61","66.9","1012","-","-"
"2024/05/07","04:00","5.25","176","7.19","67.3","1011.1","-","-"
"2024/05/07","05:00","3.69","313","6.03","67.8","1011","-","-"
"2024/05/07","06:00","6.8","210","9.14","68.5","1009.9","-","-"
"2024/05/07","07:00","6.41","225","8.55","68","1009.5","-","-"
"2024/05/07","08:00","6.41","239","7.78","67.1","1009.5","-","-"
"2024/05/07","09:00","7.39","220","9.14","66.6","1009.7","-","-"
"2024/05/07","10:00","4.28","214","5.25","65.8","1009.4","-","-"
"2024/05/07","11:00","4.08","243","6.41","66","1009.6","-","-"
"2024/05/07","12:00","7","245","10.5","67.3","1009.9","-","-"
"2024/05/07","13:00","8.36","258","10.69","68.9","1009.6","-","-"
"2024/05/07","14:00","8.75","272","10.69","69.8","1009.6","-","-"
"2024/05/07","15:00","8.16","252","9.72","72.1","1009.5","-","-"
"2024/05/07","16:00","1.75","11","1.94","73.4","1009.2","-","-"
"2024/05/07","17:00","4.67","52","5.05","71.1","1008.8","-","-"
"2024/05/07","18:00","9.91","79","12.63","68.9","1008.5","-","-"
"2024/05/07","19:00","8.16","66","9.33","69.6","1007.8","-","-"
"2024/05/07","20:00","8.16","85","9.52","69.6","1007.4","-","-"
"2024/05/07","21:00","7.39","77","7.58","71.6","1007","-","-"
"2024/05/07","22:00","6.03","74","6.41","71.8","1007.3","-","-"
"2024/05/07","23:00","5.25","91","6.8","72","1007.7","-","-"
"2024/05/08","00:00","2.72","150","4.08","71.8","1007.6","-","-"
"2024/05/08","01:00","4.47","134","5.25","70.2","1007.2","-","-"
"2024/05/08","02:00","5.83","164","8.55","70","1007.6","-","-"
"2024/05/08","03:00","4.86","168","7.78","70.5","1007.5","-","-"
"2024/05/08","04:00","3.3","201","5.05","69.8","1007.4","-","-"
"2024/05/08","05:00","2.14","164","2.92","68.9","1007.8","-","-"
"2024/05/08","06:00","3.3","187","5.25","70","1007.2","-","-"
"2024/05/08","07:00","7.58","200","9.33","69.8","1006.3","-","-"
"2024/05/08","08:00","7.58","195","10.11","70.2","1006","-","-"
"2024/05/08","09:00","6.03","206","7.78","70.3","1006.2","-","-"
"2024/05/08","10:00","8.55","205","11.08","70.5","1006.3","-","-"
"2024/05/08","11:00","11.08","209","13.61","71.4","1006.4","-","-"
"2024/05/08","12:00","10.3","218","13.61","73.4","1006.5","-","-"
"2024/05/08","13:00","7.19","238","12.44","75.7","1006.4","-","-"
"2024/05/08","14:00","7.78","254","12.05","78.8","1005.8","-","-"
"2024/05/08","15:00","13.61","246","18.08","80.6","1005.7","-","-"
"2024/05/08","16:00","12.63","248","15.16","82.6","1005.5","-","-"
"2024/05/08","17:00","12.25","253","16.72","84","1005.1","-","-"
"2024/05/08","18:00","9.52","255","15.16","85.6","1004.6","-","-"
"2024/05/08","19:00","13.41","256","15.75","86.9","1004.4","-","-"
"2024/05/08","20:00","14.19","268","17.69","86.5","1004.1","-","-"
"2024/05/08","21:00","10.3","247","16.91","87.3","1004","-","-"
"2024/05/08","22:00","11.27","249","14","86.2","1004.8","-","-"
"2024/05/08","23:00","6.61","264","7.58","83.7","1004.8","-","-"
"2024/05/09","00:00","6.03","223","7.39","82.2","1004.7","-","-"
"2024/05/09","01:00","10.3","238","15.16","80.4","1004.6","-","-"
"2024/05/09","02:00","6.61","230","8.75","79","1005.9","-","-"
"2024/05/09","03:00","7","227","8.75","76.6","1006.1","-","-"
"2024/05/09","04:00","4.47","274","5.83","74.8","1006.1","-","-"
"2024/05/09","05:00","5.83","233","8.16","73.8","1006.2","-","-"
"2024/05/09","06:00","7.58","235","8.36","72.9","1005.8","-","-"
"2024/05/09","07:00","10.5","239","14.38","73","1005.4","-","-"
"2024/05/09","08:00","10.69","246","13.22","72","1005.2","-","-"
"2024/05/09","09:00","9.52","227","12.25","70.7","1004.9","-","-"
"2024/05/09","10:00","4.86","231","6.22","69.6","1005.5","-","-"
"2024/05/09","11:00","5.83","262","7.19","69.8","1005.8","-","-"
"2024/05/09","12:00","4.28","239","10.3","70.5","1006.6","-","-"
"2024/05/09","13:00","2.33","142","3.11","71.2","1005.7","-","-"
"2024/05/09","14:00","9.91","240","13.8","72","1006.3","-","-"
"2024/05/09","15:00","6.03","300","7","71.4","1005.7","-","-"
"2024/05/09","16:00","6.22","297","7.19","71.6","1004.8","-","-"
"2024/05/09","17:00","0","245","0","77.5","1004.5","-","-"
"2024/05/09","18:00","10.3","62","11.47","72.1","1004.1","-","-"
"2024/05/09","19:00","9.91","77","10.69","70.9","1003.5","-","-"
"2024/05/09","20:00","4.86","73","6.41","71.1","1003.2","-","-"
"2024/05/09","21:00","8.16","71","9.52","71.6","1002.4","-","-"
"2024/05/09","22:00","5.05","77","6.41","72.5","1002.8","-","-"
"2024/05/09","23:00","8.16","68","8.94","71.8","1002.8","-","-"
"2024/05/10","00:00","10.3","82","11.47","68.7","1003.1","-","-"
"2024/05/10","01:00","8.36","74","9.91","68.2","1003.3","-","-"
"2024/05/10","02:00","8.55","90","10.3","67.8","1003.1","-","-"
"2024/05/10","03:00","9.14","93","10.89","67.1","1003.2","-","-"
"2024/05/10","04:00","7.19","78","8.36","65.7","1002.8","-","-"
"2024/05/10","05:00","4.47","110","6.8","65.7","1002.2","-","-"
"2024/05/10","06:00","2.53","106","3.5","66","1002.1","-","-"
"2024/05/10","07:00","3.69","181","4.86","66","1000.9","-","-"
"2024/05/10","08:00","4.67","236","7.19","67.1","1000.8","-","-"
"2024/05/10","09:00","6.61","256","8.55","67.5","1001","-","-"
"2024/05/10","10:00","11.66","316","13.8","66.6","1001.5","-","-"
"2024/05/10","11:00","9.33","320","11.27","64.8","1002.1","-","-"
"2024/05/10","12:00","6.22","304","10.11","64.4","1002.3","-","-"
"2024/05/10","13:00","6.61","346","7.78","65.5","1001.9","-","-"
"2024/05/10","14:00","7.19","316","7.97","66.7","1002.8","-","-"
"2024/05/10","15:00","4.08","335","7.97","68.5","1003.2","-","-"
"2024/05/10","16:00","9.52","303","10.3","68.4","1003.9","-","-"
"2024/05/10","17:00","11.08","72","12.63","66.2","1003.8","-","-"
"2024/05/10","18:00","16.52","82","18.47","65.1","1003.3","-","-"
"2024/05/10","19:00","14.38","76","17.3","64.6","1003","-","-"
"2024/05/10","20:00","16.72","65","17.88","63","1002.8","-","-"
"2024/05/10","21:00","14.58","50","16.52","63","1003.4","-","-"
"2024/05/10","22:00","8.94","27","11.27","61.5","1004.5","-","-"
"2024/05/10","23:00","12.05","44","16.91","60.8","1005.1","-","-"
"2024/05/11","00:00","14.58","42","16.13","58.5","1006.1","-","-"
"2024/05/11","01:00","11.08","28","14.19","56.7","1007.2","-","-"
"2024/05/11","02:00","12.83","34","15.94","56.1","1008","-","-"
"2024/05/11","03:00","11.66","37","16.91","55.6","1008.4","-","-"
"2024/05/11","04:00","9.91","6","12.44","55.4","1008.9","-","-"
"2024/05/11","05:00","10.3","10","13.61","54.7","1009.2","-","-"
"2024/05/11","06:00","11.27","2","15.94","54","1008.9","-","-"
"2024/05/11","07:00","10.69","331","12.63","53.2","1009.4","-","-"
"2024/05/11","08:00","12.63","344","19.24","54","1009.3","-","-"
"2024/05/11","09:00","12.83","349","14.77","53.8","1009.6","-","-"
"2024/05/11","10:00","8.16","339","12.25","53.1","1010","-","-"
"2024/05/11","11:00","11.66","349","13.02","52.2","1010.5","-","-"
"2024/05/11","12:00","9.52","332","13.22","53.6","1011.2","-","-"
"2024/05/11","13:00","6.8","341","11.08","54.5","1011.5","-","-"
"2024/05/11","14:00","6.22","347","11.27","55.2","1011.6","-","-"
"2024/05/11","15:00","5.83","43","8.55","57","1011.6","-","-"
"2024/05/11","16:00","1.94","222","3.69","59","1011.4","-","-"
"2024/05/11","17:00","6.03","78","8.16","57.9","1011.2","-","-"
"2024/05/11","18:00","4.67","86","7","58.1","1011","-","-"
"2024/05/11","19:00","5.64","62","7.78","58.6","1010.9","-","-"
"2024/05/11","20:00","7.58","94","9.14","60.1","1010.2","-","-"
"2024/05/11","21:00","6.8","106","10.5","60.6","1009.9","-","-"
"2024/05/11","22:00","8.16","107","12.05","60.6","1009.6","-","-"
"2024/05/11","23:00","11.86","104","13.61","59.7","1009.5","-","-"
"2024/05/12","00:00","11.08","117","14.19","58.1","1010.2","-","-"
"2024/05/12","01:00","7.78","105","12.63","57.9","1010.8","-","-"
"2024/05/12","02:00","10.5","122","14.19","57.9","1010.9","-","-"
"2024/05/12","03:00","6.41","181","8.55","56.7","1011.2","-","-"
"2024/05/12","04:00","7.58","147","9.52","56.1","1010.8","-","-"
"2024/05/12","05:00","5.44","159","7.39","55","1010.6","-","-"
"2024/05/12","06:00","5.64","142","7.39","54.7","1010","-","-"
"2024/05/12","07:00","4.47","169","7.19","54","1009.3","-","-"
"2024/05/12","08:00","3.3","199","6.8","54.1","1009.1","-","-"
"2024/05/12","09:00","6.61","208","10.69","55.4","1009.1","-","-"
"2024/05/12","10:00","7","3","8.16","55.2","1009.9","-","-"
"2024/05/12","11:00","2.53","224","3.11","55.9","1009.7","-","-"
"2024/05/12","12:00","4.86","281","6.41","57.4","1010.2","-","-"
"2024/05/12","13:00","11.66","309","15.75","60.6","1010.7","-","-"
"2024/05/12","14:00","12.25","313","14.97","62.1","1010.8","-","-"
"2024/05/12","15:00","16.91","314","20.8","63.9","1011.3","-","-"
"2024/05/12","16:00","14.58","322","20.8","64.9","1011.3","-","-"
"2024/05/12","17:00","12.25","323","14.19","65.7","1011.4","-","-"
"2024/05/12","18:00","11.08","324","14.97","66.4","1011.3","-","-"
"2024/05/12","19:00","13.22","317","14.77","67.5","1011.4","-","-"
"2024/05/12","20:00","13.8","330","15.94","68.4","1011.4","-","-"
"2024/05/12","21:00","14.19","325","17.11","69.1","1011.8","-","-"
"2024/05/12","22:00","10.69","339","14.19","69.3","1012.5","-","-"
"2024/05/12","23:00","7.58","8","10.11","68.2","1013.3","-","-"
"2024/05/13","00:00","11.08","60","13.22","63.5","1014","-","-"
"2024/05/13","01:00","7.78","51","9.72","63.5","1014.6","-","-"
"2024/05/13","02:00","6.03","111","7.78","61.3","1015.5","-","-"
"2024/05/13","03:00","5.64","120","6.61","60.8","1016.1","-","-"
"2024/05/13","04:00","4.86","130","7.39","59.9","1016.9","-","-"
"2024/05/13","05:00","2.92","192","3.5","57.4","1017.2","-","-"
"2024/05/13","06:00","2.72","179","4.67","57.4","1017","-","-"
"2024/05/13","07:00","3.69","172","5.25","57.4","1016.8","-","-"
"2024/05/13","08:00","1.36","197","2.33","56.1","1017.5","-","-"
"2024/05/13","09:00","3.11","178","4.28","55","1018.1","-","-"
"2024/05/13","10:00","1.75","176","4.08","55.6","1018","-","-"
"2024/05/13","11:00","4.28","165","5.05","57.6","1018.9","-","-"
"2024/05/13","12:00","2.14","164","4.86","60.6","1019.3","-","-"
"2024/05/13","13:00","4.67","160","6.03","63.3","1019.5","-","-"
"2024/05/13","14:00","3.69","164","6.22","65.7","1019.8","-","-"
"2024/05/13","15:00","3.3","147","7.78","68.4","1019.9","-","-"
"2024/05/13","16:00","7.78","63","10.89","66","1019.4","-","-"
"2024/05/13","17:00","11.86","70","14","65.5","1019.4","-","-"
"2024/05/13","18:00","12.83","85","14.19","66.2","1018.9","-","-"
"2024/05/13","19:00","12.44","99","14.77","67.8","1018.1","-","-"
"2024/05/13","20:00","10.3","117","13.61","69.4","1017.5","-","-"
"2024/05/13","21:00","11.47","111","13.22","69.3","1017.6","-","-"
"2024/05/13","22:00","10.3","102","12.44","68.9","1017.4","-","-"
"2024/05/13","23:00","8.16","115","12.63","67.8","1017.4","-","-"
"2024/05/14","00:00","8.16","141","10.5","67.3","1017.4","-","-"
"2024/05/14","01:00","6.8","149","8.36","67.1","1017.7","-","-"
"2024/05/14","02:00","9.33","149","10.89","66.2","1017.7","-","-"
"2024/05/14","03:00","8.94","158","11.27","65.5","1017.7","-","-"
"2024/05/14","04:00","8.94","176","11.47","65.8","1017.5","-","-"
"2024/05/14","05:00","8.94","181","12.44","65.5","1017.3","-","-"
"2024/05/14","06:00","9.91","184","12.05","64.9","1016.6","-","-"
"2024/05/14","07:00","7.39","180","10.11","64.9","1016.5","-","-"
"2024/05/14","08:00","5.44","180","9.72","65.7","1015.7","-","-"
"2024/05/14","09:00","7","174","10.3","66.2","1016.1","-","-"
"2024/05/14","10:00","9.33","180","11.86","66.4","1015.9","-","-"
"2024/05/14","11:00","6.22","187","11.86","66.7","1016.5","-","-"
"2024/05/14","12:00","7.19","155","11.47","68.2","1016.4","-","-"
"2024/05/14","13:00","9.33","192","13.8","69.1","1016.3","-","-"
"2024/05/14","14:00","9.52","181","13.8","69.6","1016.2","-","-"
"2024/05/14","15:00","10.69","177","13.61","70.3","1016.1","-","-"
"2024/05/14","16:00","7.19","177","11.47","70.7","1015.7","-","-"
"2024/05/14","17:00","13.22","163","18.66","72.3","1015.1","-","-"
"2024/05/14","18:00","7.78","178","14","72.5","1014.5","-","-"
"2024/05/14","19:00","14.77","152","19.24","73","1013.6","-","-"
"2024/05/14","20:00","13.61","158","18.47","71.4","1013.2","-","-"
"2024/05/14","21:00","9.91","157","11.47","68.5","1012.9","-","-"
"2024/05/14","22:00","4.47","152","5.44","68","1012.6","-","-"
"2024/05/14","23:00","8.36","147","13.02","66","1012.1","-","-"
"2024/05/15","00:00","5.05","128","8.36","64.4","1011.9","-","-"
"2024/05/15","01:00","12.25","99","16.91","62.4","1010.9","-","-"
"2024/05/15","02:00","16.13","92","20.6","63","1010.4","-","-"
"2024/05/15","03:00","19.83","99","23.91","63.5","1009.6","-","-"
"2024/05/15","04:00","25.66","97","36.16","63.1","1007.9","-","-"
"2024/05/15","05:00","20.22","99","27.02","63.5","1006.4","-","-"
"2024/05/15","06:00","19.44","103","28.19","63.5","1004.9","-","-"
"2024/05/15","07:00","12.83","139","19.05","63.9","1003.7","-","-"
"2024/05/15","08:00","10.11","107","13.02","63.7","1002.7","-","-"
"2024/05/15","09:00","3.3","270","5.83","63.7","1002.4","-","-"
"2024/05/15","10:00","9.52","346","12.44","62.6","1002.7","-","-"
"2024/05/15","11:00","8.75","311","10.89","61.5","1003.6","-","-"
"2024/05/15","12:00","13.02","304","15.16","62.8","1004.2","-","-"
"2024/05/15","13:00","13.02","323","17.11","63.1","1004.3","-","-"
"2024/05/15","14:00","12.25","319","14.58","63.9","1005","-","-"
"2024/05/15","15:00","11.47","330","14.38","65.5","1005.3","-","-"
"2024/05/15","16:00","12.63","294","13.61","65.7","1005.5","-","-"
"2024/05/15","17:00","15.75","307","17.3","64.9","1005.2","-","-"
"2024/05/15","18:00","12.25","308","13.22","66.6","1005.3","-","-"
"2024/05/15","19:00","10.11","305","12.44","67.8","1004.5","-","-"
"2024/05/15","20:00","12.63","308","14.58","67.8","1004.6","-","-"
"2024/05/15","21:00","13.22","309","15.16","67.3","1004.7","-","-"
"2024/05/15","22:00","10.11","346","11.27","66.9","1005","-","-"
"2024/05/15","23:00","8.36","337","9.91","66.2","1005.2","-","-"
"2024/05/16","00:00","8.55","352","9.91","65.5","1005.6","-","-"
"2024/05/16","01:00","7.19","7","8.55","64.8","1006.1","-","-"
"2024/05/16","02:00","4.86","335","6.8","63.9","1006.5","-","-"
"2024/05/16","03:00","5.44","342","7.19","63.9","1006.4","-","-"
"2024/05/16","04:00","5.25","305","6.03","64","1006.6","-","-"
"2024/05/16","05:00","9.91","343","12.44","63.3","1005.7","-","-"
"2024/05/16","06:00","8.16","331","10.3","62.8","1005","-","-"
"2024/05/16","07:00","5.83","316","7.58","62.2","1005.3","-","-"
"2024/05/16","08:00","7.78","314","8.36","62.8","1005.8","-","-"
"2024/05/16","09:00","10.69","317","13.02","63.1","1005.8","-","-"
"2024/05/16","10:00","7.97","268","10.3","60.6","1006.7","-","-"
"2024/05/16","11:00","8.55","289","10.11","61.7","1006.9","-","-"
"2024/05/16","12:00","11.27","303","12.83","63","1007.2","-","-"
"2024/05/16","13:00","14.58","304","16.13","65.3","1007.4","-","-"
"2024/05/16","14:00","16.13","308","18.86","66.4","1007.3","-","-"
"2024/05/16","15:00","16.91","306","20.02","68.4","1006.9","-","-"
"2024/05/16","16:00","15.94","306","18.27","69.8","1006.7","-","-"
"2024/05/16","17:00","14","309","17.3","71.4","1006.1","-","-"
"2024/05/16","18:00","13.8","300","15.36","72.7","1006.2","-","-"
"2024/05/16","19:00","13.02","309","14.77","73.8","1006.4","-","-"
"2024/05/16","20:00","13.61","297","15.16","74.7","1006.2","-","-"
"2024/05/16","21:00","7.97","327","10.3","74.7","1007.1","-","-"
"2024/05/16","22:00","5.44","53","7.58","73.4","1007.6","-","-"
"2024/05/16","23:00","6.61","26","8.36","72.5","1008","-","-"
"2024/05/17","00:00","5.25","23","6.41","71.6","1008.8","-","-"
"2024/05/17","01:00","0.97","10","1.94","70.2","1009.4","-","-"
"2024/05/17","02:00","5.64","10","7.19","70.3","1010","-","-"
"2024/05/17","03:00","2.92","359","4.08","69.4","1010","-","-"
"2024/05/17","04:00","6.22","35","7.78","68.2","1009.6","-","-"
"2024/05/17","05:00","6.61","45","10.11","67.6","1009.9","-","-"
"2024/05/17","06:00","6.8","43","9.91","67.1","1010.7","-","-"
"2024/05/17","07:00","5.25","17","6.41","66.2","1011.8","-","-"
"2024/05/17","08:00","5.25","122","6.22","64.8","1012","-","-"
"2024/05/17","09:00","2.33","118","3.11","64.6","1011.8","-","-"
"2024/05/17","10:00","3.69","77","4.28","64.8","1012","-","-"
"2024/05/17","11:00","3.11","56","3.5","65.1","1012.7","-","-"
"2024/05/17","12:00","4.08","29","5.64","64.9","1013.5","-","-"
"2024/05/17","13:00","7","39","7.78","65.3","1014","-","-"
"2024/05/17","14:00","6.03","34","7","65.3","1014.4","-","-"
"2024/05/17","15:00","10.11","30","11.47","65.1","1014.5","-","-"
"2024/05/17","16:00","7.39","17","8.94","65.3","1014.6","-","-"
"2024/05/17","17:00","9.52","62","10.69","65.1","1014.8","-","-"
"2024/05/17","18:00","8.75","81","9.91","65.1","1014.7","-","-"
"2024/05/17","19:00","7","99","8.55","65.7","1014.6","-","-"
"2024/05/17","20:00","8.75","81","10.3","65.7","1014.6","-","-"
"2024/05/17","21:00","10.3","69","12.05","66","1014.3","-","-"
"2024/05/17","22:00","11.08","52","12.25","66","1014","-","-"
"2024/05/17","23:00","11.47","50","13.8","65.7","1013.8","-","-"
"2024/05/18","00:00","7","114","10.5","63.9","1014.2","-","-"
"2024/05/18","01:00","6.03","121","7.58","63.7","1014.6","-","-"
"2024/05/18","02:00","7.19","96","8.55","63.7","1014.6","-","-"
"2024/05/18","03:00","2.14","119","4.08","63.7","1015.2","-","-"
"2024/05/18","04:00","8.36","92","9.33","63.3","1014.9","-","-"
"2024/05/18","05:00","5.83","122","8.55","62.8","1014.9","-","-"
"2024/05/18","06:00","4.67","112","7.58","62.6","1014","-","-"
"2024/05/18","07:00","5.44","104","6.61","62.8","1013.6","-","-"
"2024/05/18","08:00","4.86","125","7.39","63","1013.5","-","-"
"2024/05/18","09:00","8.75","104","10.3","62.4","1012.7","-","-"
"2024/05/18","10:00","9.72","101","12.44","62.2","1013.2","-","-"
"2024/05/18","11:00","11.86","83","13.8","61.7","1013.9","-","-"
"2024/05/18","12:00","12.44","90","14.58","61","1014.3","-","-"
"2024/05/18","13:00","8.75","105","11.27","61","1014.5","-","-"
"2024/05/18","14:00","12.25","105","16.33","60.4","1014.1","-","-"
"2024/05/18","15:00","15.36","86","17.3","60.3","1014.4","-","-"
"2024/05/18","16:00","17.49","86","18.86","59.9","1014.3","-","-"
"2024/05/18","17:00","12.63","96","17.11","60.1","1014.5","-","-"
"2024/05/18","18:00","12.44","91","15.16","59.4","1014.3","-","-"
"2024/05/18","19:00","14.58","87","16.52","59","1014","-","-"
"2024/05/18","20:00","13.22","78","14.77","59.2","1013.8","-","-"
"2024/05/18","21:00","11.47","79","14.19","59.2","1013.7","-","-"
"2024/05/18","22:00","11.66","74","13.02","59.5","1014","-","-"
"2024/05/18","23:00","17.3","74","19.63","58.5","1013.8","-","-"
"2024/05/19","00:00","13.02","69","15.36","60.3","1013.8","-","-"
"2024/05/19","01:00","12.05","65","14.38","60.3","1013.2","-","-"
"2024/05/19","02:00","9.52","53","13.22","60.6","1014.2","-","-"
"2024/05/19","03:00","9.33","59","11.66","60.4","1014.3","-","-"
"2024/05/19","04:00","7.78","46","9.14","60.3","1014.3","-","-"
"2024/05/19","05:00","7.58","46","9.72","59.7","1013.4","-","-"
"2024/05/19","06:00","8.16","39","9.91","59.9","1013.5","-","-"
"2024/05/19","07:00","7.58","37","9.72","59.9","1013.4","-","-"
"2024/05/19","08:00","5.64","10","7","60.3","1013.5","-","-"
"2024/05/19","09:00","6.03","344","7.78","59.7","1013.8","-","-"
"2024/05/19","10:00","6.61","8","8.16","60.3","1014.3","-","-"
"2024/05/19","11:00","8.36","28","10.5","61","1014.9","-","-"
"2024/05/19","12:00","8.36","32","12.25","61.3","1015.2","-","-"
"2024/05/19","13:00","8.94","32","11.08","61.3","1015.9","-","-"
"2024/05/19","14:00","7.97","30","11.27","62.6","1015.7","-","-"
"2024/05/19","15:00","8.16","68","10.11","64","1016","-","-"
"2024/05/19","16:00","9.33","77","10.69","64.4","1016.1","-","-"
"2024/05/19","17:00","5.05","34","7.39","66.6","1015.2","-","-"
"2024/05/19","18:00","6.41","49","11.27","67.6","1015.2","-","-"
"2024/05/19","19:00","10.69","87","12.05","66","1014.8","-","-"
"2024/05/19","20:00","9.33","86","10.69","65.5","1014.4","-","-"
"2024/05/19","21:00","7.78","83","9.91","65.5","1014.5","-","-"
"2024/05/19","22:00","5.25","114","6.8","65.5","1014.8","-","-"
"2024/05/19","23:00","7","122","7.97","65.3","1014.9","-","-"
"2024/05/20","00:00","7.78","101","10.3","62.8","1015.4","-","-"
"2024/05/20","01:00","7.58","105","11.08","62.4","1015.7","-","-"
"2024/05/20","02:00","7.39","102","8.55","61.9","1016.4","-","-"
"2024/05/20","03:00","5.44","105","8.36","62.4","1016.5","-","-"
"2024/05/20","04:00","8.55","70","9.52","62.8","1016.5","-","-"
"2024/05/20","05:00","5.83","57","6.8","63","1016.4","-","-"
"2024/05/20","06:00","4.86","56","6.61","63.1","1016.2","-","-"
"2024/05/20","07:00","7.97","61","9.91","62.1","1015.7","-","-"
"2024/05/20","08:00","6.61","42","8.36","61.3","1015.6","-","-"
"2024/05/20","09:00","9.33","35","10.69","60.4","1015.9","-","-"
"2024/05/20","10:00","6.22","47","8.75","60.1","1016.2","-","-"
"2024/05/20","11:00","5.83","51","7.78","60.3","1016.5","-","-"
"2024/05/20","12:00","7","14","8.36","60.4","1017.2","-","-"
"2024/05/20","13:00","7.19","17","9.33","61.3","1018.2","-","-"
"2024/05/20","14:00","4.86","24","7.19","63.3","1018.4","-","-"
"2024/05/20","15:00","7.78","47","10.69","65.5","1018.1","-","-"
"2024/05/20","16:00","8.36","42","9.72","66.7","1017.9","-","-"
"2024/05/20","17:00","11.86","85","13.41","64","1017.6","-","-"
"2024/05/20","18:00","10.5","92","11.86","65.8","1017","-","-"
"2024/05/20","19:00","12.05","90","14.77","67.3","1016.7","-","-"
"2024/05/20","20:00","11.27","87","13.22","66.6","1016.6","-","-"
"2024/05/20","21:00","13.02","86","14.38","66.7","1016.4","-","-"
"2024/05/20","22:00","9.33","96","11.27","67.5","1016.2","-","-"
"2024/05/20","23:00","7.19","100","8.16","66.6","1016.1","-","-"
"2024/05/21","00:00","7.58","135","10.89","63.7","1016.2","-","-"
"2024/05/21","01:00","6.61","120","8.94","60.8","1016.8","-","-"
"2024/05/21","02:00","6.8","117","8.55","60.8","1017.3","-","-"
"2024/05/21","03:00","4.67","99","6.8","60.6","1017.3","-","-"
"2024/05/21","04:00","3.69","107","4.86","60.1","1017.1","-","-"
"2024/05/21","05:00","1.75","182","4.28","60.4","1016.8","-","-"
"2024/05/21","06:00","4.08","119","5.44","60.4","1016.3","-","-"
"2024/05/21","07:00","3.11","229","4.86","58.3","1016.1","-","-"
"2024/05/21","08:00","5.05","265","6.03","57.9","1016","-","-"
"2024/05/21","09:00","5.44","260","7","58.6","1016.4","-","-"
"2024/05/21","10:00","3.11","218","3.69","58.8","1016.9","-","-"
"2024/05/21","11:00","1.94","231","3.89","59.4","1017.2","-","-"
"2024/05/21","12:00","2.33","221","4.08","59.9","1017.8","-","-"
"2024/05/21","13:00","1.94","311","2.92","62.2","1018.4","-","-"
"2024/05/21","14:00","1.36","68","1.94","66.4","1018","-","-"
"2024/05/21","15:00","6.41","75","7","65.5","1017.9","-","-"
"2024/05/21","16:00","8.55","74","8.94","66.6","1017.7","-","-"
"2024/05/21","17:00","7.97","75","8.94","67.6","1017.3","-","-"
"2024/05/21","18:00","8.75","75","9.14","69.4","1016.8","-","-"
"2024/05/21","19:00","9.72","73","10.5","69.6","1016.2","-","-"
"2024/05/21","20:00","9.91","65","11.08","69.8","1016","-","-"
"2024/05/21","21:00","11.66","80","12.44","69.3","1015.9","-","-"
"2024/05/21","22:00","8.75","84","9.52","69.4","1016.4","-","-"
"2024/05/21","23:00","7.58","110","9.91","70","1016.3","-","-"
"2024/05/22","00:00","7.39","105","8.94","68.2","1016.3","-","-"
"2024/05/22","01:00","5.25","136","7.58","66.9","1015.9","-","-"
"2024/05/22","02:00","2.92","136","4.67","66.2","1016.4","-","-"
"2024/05/22","03:00","3.89","146","4.47","66","1016.4","-","-"
"2024/05/22","04:00","2.92","178","4.08","65.3","1016.4","-","-"
"2024/05/22","05:00","5.25","167","6.8","65.3","1015.9","-","-"
"2024/05/22","06:00","3.5","197","5.25","64.9","1016.2","-","-"
"2024/05/22","07:00","7.19","214","8.75","65.1","1016.3","-","-"
"2024/05/22","08:00","9.14","206","12.44","64.9","1016.4","-","-"
"2024/05/22","09:00","5.44","216","8.36","64.8","1016.3","-","-"
"2024/05/22","10:00","8.75","214","10.3","65.1","1016.4","-","-"
"2024/05/22","11:00","8.16","215","11.08","66.7","1016.6","-","-"
"2024/05/22","12:00","5.83","222","9.72","69.3","1017.3","-","-"
"2024/05/22","13:00","6.41","217","12.44","72","1017.4","-","-"
"2024/05/22","14:00","7.97","197","10.5","75.2","1017.1","-","-"
"2024/05/22","15:00","9.91","201","14","77.7","1016.6","-","-"
"2024/05/22","16:00","8.16","201","11.47","79.7","1016.2","-","-"
"2024/05/22","17:00","8.36","176","13.22","81.1","1015.5","-","-"
"2024/05/22","18:00","6.61","204","13.22","82.6","1015.4","-","-"
"2024/05/22","19:00","6.8","194","12.05","83.1","1014.8","-","-"
"2024/05/22","20:00","8.36","192","10.89","84.2","1014.3","-","-"
"2024/05/22","21:00","7.19","236","10.3","84.4","1013.7","-","-"
"2024/05/22","22:00","6.41","205","10.3","84.7","1013.3","-","-"
"2024/05/22","23:00","6.41","178","9.91","84","1013.2","-","-"
"2024/05/23","00:00","6.8","175","9.14","81.3","1013.3","-","-"
"2024/05/23","01:00","5.25","194","7","79.7","1014.3","-","-"
"2024/05/23","02:00","6.41","181","9.33","78.8","1014.5","-","-"
"2024/05/23","03:00","5.44","179","7.19","77","1014.2","-","-"
"2024/05/23","04:00","7.39","196","10.11","75.6","1014.4","-","-"
"2024/05/23","05:00","8.55","202","11.47","74.3","1014.7","-","-"
"2024/05/23","06:00","9.72","211","15.16","73.6","1014","-","-"
"2024/05/23","07:00","12.25","201","16.13","72.3","1013.5","-","-"
"2024/05/23","08:00","12.05","204","15.16","71.4","1013.8","-","-"
"2024/05/23","09:00","13.8","203","16.72","70.7","1013.4","-","-"
"2024/05/23","10:00","11.47","200","14.97","69.8","1013.7","-","-"
"2024/05/23","11:00","11.86","207","14.97","70.2","1013.9","-","-"
"2024/05/23","12:00","12.25","210","16.33","72","1014.2","-","-"
"2024/05/23","13:00","11.27","207","14.19","73.2","1014.2","-","-"
"2024/05/23","14:00","9.91","225","14.97","75.7","1014.1","-","-"
"2024/05/23","15:00","10.69","250","14","78.6","1014.2","-","-"
"2024/05/23","16:00","1.36","10","2.53","80.2","1014.1","-","-"
"2024/05/23","17:00","5.05","336","5.83","79.5","1014.2","-","-"
"2024/05/23","18:00","2.53","316","3.11","82","1013.8","-","-"
"2024/05/23","19:00","1.56","11","2.14","83.3","1013.1","-","-"
"2024/05/23","20:00","9.72","66","11.47","76.8","1012.7","-","-"
"2024/05/23","21:00","7.39","86","8.36","76.8","1012.6","-","-"
"2024/05/23","22:00","4.67","106","5.44","77.4","1012.7","-","-"
"2024/05/23","23:00","6.61","98","7.19","78.1","1012.6","-","-"
"2024/05/24","00:00","6.22","97","7","77.4","1012.2","-","-"
"2024/05/24","01:00","3.69","134","5.05","75.7","1012.4","-","-"
"2024/05/24","02:00","1.17","133","2.53","75.4","1012.7","-","-"
"2024/05/24","03:00","0.39","168","0.78","73.9","1012.8","-","-"
"2024/05/24","04:00","2.72","304","2.92","72.9","1012.8","-","-"
"2024/05/24","05:00","3.3","215","3.69","71.2","1012.4","-","-"
"2024/05/24","06:00","1.75","237","2.72","70.7","1011.8","-","-"
"2024/05/24","07:00","9.33","221","12.05","72.9","1011.9","-","-"
"2024/05/24","08:00","7.39","206","10.89","71.8","1011.2","-","-"
"2024/05/24","09:00","4.86","244","7.39","72","1011.4","-","-"
"2024/05/24","10:00","3.5","201","4.28","71.2","1011.3","-","-"
"2024/05/24","11:00","3.11","182","3.89","70.7","1012.1","-","-"
"2024/05/24","12:00","5.05","210","7.58","72","1012.2","-","-"
"2024/05/24","13:00","10.5","214","14.97","74.5","1011.9","-","-"
"2024/05/24","14:00","8.16","215","10.5","74.7","1011.8","-","-"
"2024/05/24","15:00","7.19","252","10.11","74.7","1012.3","-","-"
"2024/05/24","16:00","7.58","240","10.11","72.1","1012.4","-","-"
"2024/05/24","17:00","3.69","197","4.67","72.5","1011.1","-","-"
"2024/05/24","18:00","3.5","240","4.08","75.2","1010.8","-","-"
"2024/05/24","19:00","2.33","354","2.92","75.7","1010.5","-","-"
"2024/05/24","20:00","4.08","20","4.28","76.1","1010.3","-","-"
"2024/05/24","21:00","8.36","79","9.14","75.4","1010","-","-"
"2024/05/24","22:00","6.61","133","8.16","75.4","1009.7","-","-"
"2024/05/24","23:00","5.83","110","7.19","74.5","1009.7","-","-"
"2024/05/25","00:00","5.44","97","6.41","74.8","1009.9","-","-"
"2024/05/25","01:00","2.33","143","4.86","73.4","1010.4","-","-"
"2024/05/25","02:00","2.53","281","3.11","72.5","1011.3","-","-"
"2024/05/25","03:00","2.72","251","3.69","70.9","1011.6","-","-"
"2024/05/25","04:00","3.11","279","4.67","69.8","1011.1","-","-"
"2024/05/25","05:00","5.25","211","7.19","69.1","1010.9","-","-"
"2024/05/25","06:00","5.83","293","7.78","69.4","1010.4","-","-"
"2024/05/25","07:00","5.83","351","7","69.3","1010.5","-","-"
"2024/05/25","08:00","1.36","310","1.75","69.1","1010.4","-","-"
"2024/05/25","09:00","5.64","322","6.41","68.9","1010.8","-","-"
"2024/05/25","10:00","0.58","78","2.14","68.5","1011.3","-","-"
"2024/05/25","11:00","1.17","343","2.14","69.3","1011.3","-","-"
"2024/05/25","12:00","0.39","350","1.36","70","1011.7","-","-"
"2024/05/25","13:00","0.58","19","0.97","72.3","1012","-","-"
"2024/05/25","14:00","0.97","324","1.36","75.7","1012","-","-"
"2024/05/25","15:00","6.61","78","7.19","72.7","1012.2","-","-"
"2024/05/25","16:00","8.16","77","8.75","72.5","1012.1","-","-"
"2024/05/25","17:00","8.55","68","10.11","74.3","1011.9","-","-"
"2024/05/25","18:00","10.69","60","11.47","74.3","1011.6","-","-"
"2024/05/25","19:00","9.91","70","11.47","75.7","1011","-","-"
"2024/05/25","20:00","10.69","70","11.27","75.2","1010.5","-","-"
"2024/05/25","21:00","9.33","91","10.5","77.4","1010.5","-","-"
"2024/05/25","22:00","7.58","108","10.3","77.2","1010","-","-"
"2024/05/25","23:00","8.16","113","11.47","75.2","1009.9","-","-"
"2024/05/26","00:00","7.58","113","9.33","73.6","1010.6","-","-"
"2024/05/26","01:00","4.67","137","6.22","72.5","1011.1","-","-"
"2024/05/26","02:00","3.69","129","5.83","72","1011.7","-","-"
"2024/05/26","03:00","3.69","135","4.67","71.6","1012","-","-"
"2024/05/26","04:00","3.89","142","4.47","71.1","1011.8","-","-"
"2024/05/26","05:00","2.92","146","3.69","71.2","1011.4","-","-"
"2024/05/26","06:00","3.3","154","4.67","70.5","1011.1","-","-"
"2024/05/26","07:00","4.86","186","6.41","70.9","1011","-","-"
"2024/05/26","08:00","1.56","213","3.69","70.2","1010.7","-","-"
"2024/05/26","09:00","6.8","204","8.36","69.8","1010.1","-","-"
"2024/05/26","10:00","1.17","273","3.11","69.6","1011","-","-"
"2024/05/26","11:00","1.36","107","2.92","70.2","1011.3","-","-"
"2024/05/26","12:00","3.11","131","4.28","71.4","1011.8","-","-"
"2024/05/26","13:00","2.72","117","3.3","77","1011.8","-","-"
"2024/05/26","14:00","9.33","75","13.02","74.5","1012.2","-","-"
"2024/05/26","15:00","8.16","85","9.14","74.3","1012.5","-","-"
"2024/05/26","16:00","12.25","72","13.61","73.9","1012.2","-","-"
"2024/05/26","17:00","9.91","69","10.5","74.8","1012.3","-","-"
"2024/05/26","18:00","11.27","65","12.44","73.4","1012.2","-","-"
"2024/05/26","19:00","8.55","88","10.3","75","1011.8","-","-"
"2024/05/26","20:00","15.94","148","20.22","79.7","1011.4","-","-"
"2024/05/26","21:00","8.94","170","11.66","78.8","1011.2","-","-"
"2024/05/26","22:00","3.5","163","4.67","78.6","1011.6","-","-"
"2024/05/26","23:00","5.64","162","6.8","77.4","1011.5","-","-"
"2024/05/27","00:00","3.3","137","5.44","76.8","1011.6","-","-"
"2024/05/27","01:00","3.5","165","4.67","74.8","1012","-","-"
"2024/05/27","02:00","3.89","128","4.67","74.5","1011.8","-","-"
"2024/05/27","03:00","3.5","135","6.22","74.8","1012","-","-"
"2024/05/27","04:00","8.75","334","17.3","74.7","1011.9","-","-"
"2024/05/27","05:00","2.53","221","2.92","75.2","1011.9","-","-"
"2024/05/27","06:00","6.03","94","6.61","74.3","1010.5","-","-"
"2024/05/27","07:00","5.05","172","7","74.8","1010.4","-","-"
"2024/05/27","08:00","5.25","201","7.19","75","1010.4","-","-"
"2024/05/27","09:00","6.41","170","7.78","74.1","1009.9","-","-"
"2024/05/27","10:00","1.75","199","3.3","72.5","1009.8","-","-"
"2024/05/27","11:00","3.3","227","5.83","73","1009.9","-","-"
"2024/05/27","12:00","6.41","199","7.78","75","1010.4","-","-"
"2024/05/27","13:00","3.11","174","6.22","77.2","1010.5","-","-"
"2024/05/27","14:00","3.69","240","6.8","76.5","1011.3","-","-"
"2024/05/27","15:00","2.53","190","3.11","74.7","1010.9","-","-"
"2024/05/27","16:00","9.14","158","12.63","71.8","1011.3","-","-"
"2024/05/27","17:00","11.27","163","14.97","72.1","1009.5","-","-"
"2024/05/27","18:00","11.27","165","14.58","75","1008.8","-","-"
"2024/05/27","19:00","11.86","201","15.75","77.2","1007.9","-","-"
"2024/05/27","20:00","8.55","188","14.38","80.1","1007.5","-","-"
"2024/05/27","21:00","10.89","184","15.55","81","1007.1","-","-"
"2024/05/27","22:00","10.5","210","19.63","79.5","1006.7","-","-"
"2024/05/27","23:00","8.75","181","10.89","74.8","1007.1","-","-"
"2024/05/28","00:00","7","195","10.3","73.9","1007.6","-","-"
"2024/05/28","01:00","10.69","194","13.61","72.9","1007.8","-","-"
"2024/05/28","02:00","9.33","197","13.22","72.7","1008.1","-","-"
"2024/05/28","03:00","9.14","203","12.63","72.5","1008.4","-","-"
"2024/05/28","04:00","8.36","213","11.66","73.2","1008.8","-","-"
"2024/05/28","05:00","12.05","217","20.22","73.6","1008.7","-","-"
"2024/05/28","06:00","9.33","239","12.44","72.1","1008.5","-","-"
"2024/05/28","07:00","4.08","272","5.05","71.4","1008.6","-","-"
"2024/05/28","08:00","2.14","222","3.5","70.3","1008.7","-","-"
"2024/05/28","09:00","2.33","269","3.69","70","1009.5","-","-"
"2024/05/28","10:00","5.05","244","7.19","70.2","1010","-","-"
"2024/05/28","11:00","3.89","295","4.86","70.9","1010","-","-"
"2024/05/28","12:00","9.91","304","12.44","73.4","1010.2","-","-"
"2024/05/28","13:00","7.97","307","9.52","74.1","1010.9","-","-"
"2024/05/28","14:00","9.14","303","12.05","74.8","1011.8","-","-"
"2024/05/28","15:00","7.58","310","10.5","76.1","1012","-","-"
"2024/05/28","16:00","6.41","326","7.58","77.9","1012.4","-","-"
"2024/05/28","17:00","11.66","70","14","74.3","1012","-","-"
"2024/05/28","18:00","11.08","78","12.05","74.8","1011.7","-","-"
"2024/05/28","19:00","7.39","65","8.75","76.3","1011.5","-","-"
"2024/05/28","20:00","1.56","306","3.5","80.6","1011.5","-","-"
"2024/05/28","21:00","9.72","287","13.61","81.9","1011","-","-"
"2024/05/28","22:00","6.61","244","10.5","82","1010.7","-","-"
"2024/05/28","23:00","4.47","225","7.58","81.5","1010.7","-","-"
"2024/05/29","00:00","5.05","262","6.03","78.8","1011.4","-","-"
"2024/05/29","01:00","3.5","236","4.28","75.6","1011.8","-","-"
"2024/05/29","02:00","1.56","303","5.05","73","1012.6","-","-"
"2024/05/29","03:00","1.75","253","2.14","71.6","1012.6","-","-"
"2024/05/29","04:00","2.14","213","2.72","69.8","1012.6","-","-"
"2024/05/29","05:00","7.97","326","12.25","72.9","1013","-","-"
"2024/05/29","06:00","5.44","318","7.19","70.7","1013.1","-","-"
"2024/05/29","07:00","6.61","334","7.78","69.6","1012.9","-","-"
"2024/05/29","08:00","5.64","309","7","69.8","1013.2","-","-"
"2024/05/29","09:00","7.58","318","9.14","69.3","1013.2","-","-"
"2024/05/29","10:00","5.25","326","6.61","67.8","1013.9","-","-"
"2024/05/29","11:00","2.72","8","4.47","68.7","1014.3","-","-"
"2024/05/29","12:00","5.05","4","6.61","69.1","1014.5","-","-"
"2024/05/29","13:00","3.69","351","4.67","71.1","1015.1","-","-"
"2024/05/29","14:00","1.75","272","2.14","74.8","1015.8","-","-"
"2024/05/29","15:00","0.58","158","1.56","77.2","1016","-","-"
"2024/05/29","16:00","3.69","54","4.28","74.7","1015.5","-","-"
"2024/05/29","17:00","6.41","85","8.75","74.3","1015.2","-","-"
"2024/05/29","18:00","7","74","8.16","75.2","1014.4","-","-"
"2024/05/29","19:00","9.33","87","10.69","75.9","1013.5","-","-"
"2024/05/29","20:00","9.72","94","11.47","77","1012.9","-","-"
"2024/05/29","21:00","7.78","233","14.19","80.8","1012.2","-","-"
"2024/05/29","22:00","5.44","222","11.27","80.4","1012","-","-"
"2024/05/29","23:00","15.36","51","26.44","72.9","1012.7","-","-"
"2024/05/30","00:00","11.86","353","14.97","67.8","1014.3","-","-"
"2024/05/30","01:00","5.05","17","6.8","66.2","1014.3","-","-"
"2024/05/30","02:00","1.94","130","4.28","66.7","1015","-","-"
"2024/05/30","03:00","3.69","331","6.03","66","1015.5","-","-"
"2024/05/30","04:00","2.53","274","3.5","65.8","1015.4","-","-"
"2024/05/30","05:00","4.47","312","7.19","66.7","1015.1","-","-"
"2024/05/30","06:00","4.47","264","7.58","66.2","1014.8","-","-"
"2024/05/30","07:00","5.64","278","6.61","63.9","1014.5","-","-"
"2024/05/30","08:00","8.36","263","9.33","62.4","1015","-","-"
"2024/05/30","09:00","8.94","280","10.89","62.8","1015.5","-","-"
"2024/05/30","10:00","17.69","320","20.02","63.1","1016.4","-","-"
"2024/05/30","11:00","13.41","319","15.75","61.9","1017.1","-","-"
"2024/05/30","12:00","13.02","327","16.13","61.9","1017.7","-","-"
"2024/05/30","13:00","11.86","331","14.38","63.3","1018.1","-","-"
"2024/05/30","14:00","8.36","319","12.63","65.1","1018.2","-","-"
"2024/05/30","15:00","11.27","309","13.61","66.7","1018","-","-"
"2024/05/30","16:00","10.69","316","14.58","69.1","1017.9","-","-"
"2024/05/30","17:00","11.47","292","14.97","69.4","1017.4","-","-"
"2024/05/30","18:00","12.83","306","14.97","70.2","1017.2","-","-"
"2024/05/30","19:00","11.27","312","13.61","71.1","1016.8","-","-"
"2024/05/30","20:00","10.5","309","11.47","72.1","1016.4","-","-"
"2024/05/30","21:00","9.52","312","12.63","73","1016.4","-","-"
"2024/05/30","22:00","7.78","315","10.11","73.6","1016.5","-","-"
"2024/05/30","23:00","7.19","315","9.52","73.6","1016.6","-","-"
"2024/05/31","00:00","6.03","18","6.41","72.7","1016.9","-","-"
"2024/05/31","01:00","4.28","42","5.25","72","1017.2","-","-"
"2024/05/31","02:00","5.05","163","6.41","68.9","1017.8","-","-"
"2024/05/31","03:00","11.47","20","13.22","68.7","1018.2","-","-"
"2024/05/31","04:00","1.75","344","4.47","68.4","1018.9","-","-"
"2024/05/31","05:00","7.97","230","11.47","65.5","1019.3","-","-"
"2024/05/31","06:00","8.16","272","9.14","66.6","1018.9","-","-"
"2024/05/31","07:00","11.86","330","14.19","66","1018.7","-","-"
"2024/05/31","08:00","11.47","333","16.13","63.5","1018.8","-","-"
"2024/05/31","09:00","10.3","338","14","62.1","1019.1","-","-"
"2024/05/31","10:00","11.47","343","13.41","61.2","1020.3","-","-"
"2024/05/31","11:00","9.91","347","12.05","61.7","1021.3","-","-"
"2024/05/31","12:00","5.05","313","6.8","64","1022.3","-","-"
"2024/05/31","13:00","8.55","331","10.5","66.4","1022.9","-","-"
"2024/05/31","14:00","12.05","359","14.38","66.7","1023.3","-","-"
"2024/05/31","15:00","11.86","337","15.94","68.2","1023.8","-","-"
"2024/05/31","16:00","17.11","309","19.63","68.7","1023.5","-","-"
"2024/05/31","17:00","16.72","313","19.83","68.7","1023.1","-","-"
"2024/05/31","18:00","10.69","3","16.13","70.3","1022.6","-","-"
"2024/05/31","19:00","8.75","20","13.02","70.5","1022.5","-","-"
"2024/05/31","20:00","9.14","9","10.89","71.2","1022.4","-","-"
"2024/05/31","21:00","7","15","10.11","71.8","1022.1","-","-"
"2024/05/31","22:00","7","63","9.72","71.6","1021.7","-","-"
"2024/05/31","23:00","5.25","36","6.03","72.1","1022.4","-","-"
"2024/06/01","00:00","5.05","25","5.64","71.4","1023.3","-","-"
"2024/06/01","01:00","1.17","229","1.75","67.3","1023.7","-","-"
"2024/06/01","02:00","2.33","212","2.72","64.9","1024.3","-","-"
"2024/06/01","03:00","3.3","224","3.89","62.2","1024","-","-"
"2024/06/01","04:00","1.94","209","2.53","62.2","1023.9","-","-"
"2024/06/01","05:00","6.61","220","8.16","64.6","1024.1","-","-"
"2024/06/01","06:00","4.67","224","6.03","63","1023.4","-","-"
"2024/06/01","07:00","2.92","238","3.89","63.3","1023.1","-","-"
"2024/06/01","08:00","4.47","220","7.58","63.3","1022.9","-","-"
"2024/06/01","09:00","10.11","230","12.05","62.1","1023.4","-","-"
"2024/06/01","10:00","9.72","236","12.05","62.6","1023.9","-","-"
"2024/06/01","11:00","5.83","278","7","63.3","1024.7","-","-"
"2024/06/01","12:00","7.19","242","9.33","65.5","1025","-","-"
"2024/06/01","13:00","7","266","9.33","68","1025.4","-","-"
"2024/06/01","14:00","7.58","255","9.33","70.3","1025","-","-"
"2024/06/01","15:00","6.61","297","7.39","72.7","1024.8","-","-"
"2024/06/01","16:00","4.28","308","5.64","73.6","1024.4","-","-"
"2024/06/01","17:00","2.53","33","2.92","75.6","1023.7","-","-"
"2024/06/01","18:00","2.72","13","3.69","76.3","1023","-","-"
"2024/06/01","19:00","3.3","65","7.58","76.1","1022.4","-","-"
"2024/06/01","20:00","6.22","78","8.16","75.6","1021.8","-","-"
"2024/06/01","21:00","8.55","80","9.14","75.4","1021.7","-","-"
"2024/06/01","22:00","9.14","85","10.3","76.3","1021.3","-","-"
"2024/06/01","23:00","6.8","122","9.14","75.7","1021.4","-","-"
"2024/06/02","00:00","6.8","145","10.11","74.3","1021.5","-","-"
"2024/06/02","01:00","7.39","150","10.11","72","1021.4","-","-"
"2024/06/02","02:00","7.97","157","9.91","70.7","1021.6","-","-"
"2024/06/02","03:00","8.75","160","11.27","69.6","1021.2","-","-"
"2024/06/02","04:00","7.39","176","10.11","69.1","1021","-","-"
"2024/06/02","05:00","7.39","191","12.25","68.7","1020.7","-","-"
"2024/06/02","06:00","7","197","10.11","68.5","1020.5","-","-"
"2024/06/02","07:00","7.19","204","9.52","68.5","1020.3","-","-"
"2024/06/02","08:00","7","208","9.52","68","1020.2","-","-"
"2024/06/02","09:00","7","205","8.94","66.7","1020.1","-","-"
"2024/06/02","10:00","6.8","209","8.55","66.6","1020.3","-","-"
"2024/06/02","11:00","7.97","210","10.3","66.2","1020.7","-","-"
"2024/06/02","12:00","8.36","196","10.5","69.3","1020.9","-","-"
"2024/06/02","13:00","9.72","225","12.05","71.2","1020.8","-","-"
"2024/06/02","14:00","10.3","203","14.19","72.9","1020.6","-","-"
"2024/06/02","15:00","8.16","220","11.47","74.5","1020.2","-","-"
"2024/06/02","16:00","7.58","243","11.66","77.4","1019.5","-","-"
"2024/06/02","17:00","6.41","220","12.25","78.4","1019.2","-","-"
"2024/06/02","18:00","8.36","215","13.02","79.5","1018.4","-","-"
"2024/06/02","19:00","8.75","196","13.22","80.1","1017.6","-","-"
"2024/06/02","20:00","6.8","226","11.47","79.7","1017.2","-","-"
"2024/06/02","21:00","3.5","210","6.61","79.9","1016.7","-","-"
"2024/06/02","22:00","11.27","190","14.97","80.4","1016.4","-","-"
"2024/06/02","23:00","6.03","208","11.66","79.2","1016.5","-","-"
"2024/06/03","00:00","4.47","200","6.8","78.4","1016.7","-","-"
"2024/06/03","01:00","4.47","213","6.61","77","1016.9","-","-"
"2024/06/03","02:00","3.89","195","6.03","75.6","1016.9","-","-"
"2024/06/03","03:00","4.67","209","6.22","74.8","1016.6","-","-"
"2024/06/03","04:00","5.83","206","7.58","75","1016.2","-","-"
"2024/06/03","05:00","6.61","193","9.14","74.5","1015.9","-","-"
"2024/06/03","06:00","7.39","203","11.08","73.4","1015.6","-","-"
"2024/06/03","07:00","5.05","215","8.75","72.7","1015.4","-","-"
"2024/06/03","08:00","7.39","226","9.91","72.3","1015.3","-","-"
"2024/06/03","09:00","9.33","217","12.83","71.8","1015.3","-","-"
"2024/06/03","10:00","8.36","224","11.86","70.5","1015.7","-","-"
"2024/06/03","11:00","8.36","207","11.66","70","1015.8","-","-"
"2024/06/03","12:00","8.75","206","12.05","71.4","1015.7","-","-"
"2024/06/03","13:00","11.08","230","14.19","73.8","1015.8","-","-"
"2024/06/03","14:00","10.69","254","14.77","74.7","1015.7","-","-"
"2024/06/03","15:00","9.72","243","12.83","75.6","1015.3","-","-"
"2024/06/03","16:00","6.41","230","11.66","76.8","1014.6","-","-"
"2024/06/03","17:00","8.75","243","10.89","78.8","1014","-","-"
"2024/06/03","18:00","4.08","255","5.05","79.9","1013.4","-","-"
"2024/06/03","19:00","4.67","242","10.11","81.3","1012.8","-","-"
"2024/06/03","20:00","4.86","291","8.75","81.5","1012.5","-","-"
"2024/06/03","21:00","10.89","34","14.38","77.5","1012.2","-","-"
"2024/06/03","22:00","1.94","35","6.03","76.3","1012.5","-","-"
"2024/06/03","23:00","8.36","359","12.25","76.1","1013","-","-"
"2024/06/04","00:00","0.78","56","1.94","75.4","1012.6","-","-"
"2024/06/04","01:00","4.86","184","6.41","75","1012.8","-","-"
"2024/06/04","02:00","2.33","300","2.53","74.7","1013.3","-","-"
"2024/06/04","03:00","1.36","205","1.56","73.8","1013.6","-","-"
"2024/06/04","04:00","0.97","314","1.17","73.4","1013.5","-","-"
"2024/06/04","05:00","1.75","254","2.92","70.9","1013.6","-","-"
"2024/06/04","06:00","2.92","266","3.3","70.5","1013.4","-","-"
"2024/06/04","07:00","4.28","345","4.86","71.2","1013","-","-"
"2024/06/04","08:00","0.97","271","3.69","69.4","1012.9","-","-"
"2024/06/04","09:00","2.33","202","2.92","69.4","1013","-","-"
"2024/06/04","10:00","0.97","213","1.36","69.3","1013.5","-","-"
"2024/06/04","11:00","0.97","292","1.75","72","1014.4","-","-"
"2024/06/04","12:00","0","211","0","78.3","1015.2","-","-"
"2024/06/04","13:00","0","46","0","79.3","1015.8","-","-"
"2024/06/04","14:00","1.56","164","1.94","79.5","1016","-","-"
"2024/06/04","15:00","5.44","67","6.22","76.3","1015.9","-","-"
"2024/06/04","16:00","7","59","7.78","76.5","1015.5","-","-"
"2024/06/04","17:00","7.78","64","8.94","76.6","1015.1","-","-"
"2024/06/04","18:00","10.3","73","11.27","77.4","1014.6","-","-"
"2024/06/04","19:00","10.11","73","11.08","77.5","1014.2","-","-"
"2024/06/04","20:00","8.94","87","10.69","78.3","1013.8","-","-"
"2024/06/04","21:00","11.47","91","14","79","1013.3","-","-"
"2024/06/04","22:00","10.3","98","12.44","79.3","1013.5","-","-"
"2024/06/04","23:00","12.05","97","13.22","77.2","1013.3","-","-"
"2024/06/05","00:00","9.33","123","12.63","74.8","1014.2","-","-"
"2024/06/05","01:00","5.05","104","7","74.7","1014.2","-","-"
"2024/06/05","02:00","5.64","118","8.16","75","1014.5","-","-"
"2024/06/05","03:00","6.8","118","9.33","75.7","1014.2","-","-"
"2024/06/05","04:00","6.41","115","7.78","74.3","1014.1","-","-"
"2024/06/05","05:00","1.56","132","4.28","73.9","1014.1","-","-"
"2024/06/05","06:00","2.72","124","4.67","73.6","1013.2","-","-"
"2024/06/05","07:00","1.75","109","3.3","73.2","1013.2","-","-"
"2024/06/05","08:00","5.64","95","6.41","73.4","1012.5","-","-"
"2024/06/05","09:00","1.36","177","3.69","72.9","1012.4","-","-"
"2024/06/05","10:00","1.36","288","1.94","71.8","1012.7","-","-"
"2024/06/05","11:00","1.17","123","3.3","72.7","1013","-","-"
"2024/06/05","12:00","0.19","84","0.78","74.1","1012.9","-","-"
"2024/06/05","13:00","3.69","218","4.28","74.3","1013","-","-"
"2024/06/05","14:00","0","276","0.97","77.7","1013","-","-"
"2024/06/05","15:00","3.3","223","5.44","78.1","1013","-","-"
"2024/06/05","16:00","3.89","201","4.86","79.7","1012.6","-","-"
"2024/06/05","17:00","0.97","84","1.56","81.1","1012.7","-","-"
"2024/06/05","18:00","6.41","184","7.39","80.8","1011.9","-","-"
"2024/06/05","19:00","6.8","189","9.52","81.3","1011.2","-","-"
"2024/06/05","20:00","6.22","173","8.94","81.5","1010.4","-","-"
"2024/06/05","21:00","7.19","171","10.89","81.9","1009.7","-","-"
"2024/06/05","22:00","5.64","182","9.14","82","1009.3","-","-"
"2024/06/05","23:00","4.86","185","6.8","81.5","1008.9","-","-"
"2024/06/06","00:00","7.39","184","10.11","81","1008.8","-","-"
"2024/06/06","01:00","8.75","188","11.47","80.4","1008.7","-","-"
"2024/06/06","02:00","7.39","187","8.75","79.2","1008.7","-","-"
"2024/06/06","03:00","7.19","192","12.05","78.6","1008","-","-"
"2024/06/06","04:00","8.75","196","13.02","77.7","1008.2","-","-"
"2024/06/06","05:00","12.05","195","16.33","77.4","1007.8","-","-"
"2024/06/06","06:00","13.22","199","16.91","76.6","1007.7","-","-"
"2024/06/06","07:00","14.97","203","19.83","75.9","1007.1","-","-"
"2024/06/06","08:00","14.19","203","20.02","75.4","1006.7","-","-"
"2024/06/06","09:00","10.89","211","16.33","74.7","1006.2","-","-"
"2024/06/06","10:00","10.69","214","18.86","74.7","1006.1","-","-"
"2024/06/06","11:00","13.8","217","18.27","74.5","1006.1","-","-"
"2024/06/06","12:00","13.8","213","21.58","75.6","1006.1","-","-"
"2024/06/06","13:00","14.38","211","19.63","76.3","1005.8","-","-"
"2024/06/06","14:00","10.3","214","18.08","79","1005.7","-","-"
"2024/06/06","15:00","13.02","186","21.38","80.8","1005","-","-"
"2024/06/06","16:00","11.66","220","15.75","81.9","1005.1","-","-"
"2024/06/06","17:00","11.66","233","15.36","83.8","1004.7","-","-"
"2024/06/06","18:00","7.97","216","12.83","83.8","1003.8","-","-"
"2024/06/06","19:00","13.41","198","16.33","85.1","1002.8","-","-"
"2024/06/06","20:00","8.75","221","14.58","86.9","1002","-","-"
"2024/06/06","21:00","11.66","229","17.88","86.7","1002","-","-"
"2024/06/06","22:00","8.36","240","10.69","85.3","1002","-","-"
"2024/06/06","23:00","9.14","227","12.25","83.7","1001.9","-","-"
"2024/06/07","00:00","11.27","238","14.77","77","1001.9","-","-"
"2024/06/07","01:00","7.58","235","10.5","75.2","1002.2","-","-"
"2024/06/07","02:00","7.97","241","10.5","74.8","1002.4","-","-"
"2024/06/07","03:00","7","240","8.94","75","1002.8","-","-"
"2024/06/07","04:00","9.72","223","14.19","75.2","1003.2","-","-"
"2024/06/07","05:00","9.72","239","13.8","75.2","1003.4","-","-"
"2024/06/07","06:00","5.64","247","6.41","74.8","1003.7","-","-"
"2024/06/07","07:00","5.83","246","7.19","74.1","1003.5","-","-"
"2024/06/07","08:00","9.72","252","11.47","73.4","1003.1","-","-"
"2024/06/07","09:00","4.28","234","6.41","72.9","1003.1","-","-"
"2024/06/07","10:00","6.41","250","7","72.1","1003.7","-","-"
"2024/06/07","11:00","5.05","292","7","73.4","1004.3","-","-"
"2024/06/07","12:00","4.67","282","5.83","75.4","1004.9","-","-"
"2024/06/07","13:00","5.25","287","5.64","76.8","1005.5","-","-"
"2024/06/07","14:00","6.61","304","7.19","77.5","1005.6","-","-"
"2024/06/07","15:00","6.22","301","7.39","78.4","1005.6","-","-"
"2024/06/07","16:00","6.61","311","7.19","79.3","1005.4","-","-"
"2024/06/07","17:00","6.22","325","7.39","81.7","1005.1","-","-"
"2024/06/07","18:00","3.69","353","4.86","82.2","1004.8","-","-"
"2024/06/07","19:00","5.83","288","9.33","84.4","1004.4","-","-"
"2024/06/07","20:00","11.08","254","15.36","84.6","1004.2","-","-"
"2024/06/07","21:00","13.22","248","17.3","85.3","1004.4","-","-"
"2024/06/07","22:00","10.3","285","15.75","84.9","1004.9","-","-"
"2024/06/07","23:00","9.52","278","11.66","83.8","1005.4","-","-"
"2024/06/08","00:00","6.22","249","7.58","81.5","1005.9","-","-"
"2024/06/08","01:00","5.25","219","6.22","78.6","1006.5","-","-"
"2024/06/08","02:00","7.19","228","8.16","78.1","1007.3","-","-"
"2024/06/08","03:00","17.11","325","19.24","77.7","1008.5","-","-"
"2024/06/08","04:00","9.72","345","14.77","75.9","1009.5","-","-"
"2024/06/08","05:00","6.61","338","7.97","74.5","1009.7","-","-"
"2024/06/08","06:00","7.97","334","8.94","73.8","1009.6","-","-"
"2024/06/08","07:00","6.8","332","8.94","73.6","1009.7","-","-"
"2024/06/08","08:00","5.25","286","8.36","72.3","1009.8","-","-"
"2024/06/08","09:00","4.47","270","5.64","70","1009.9","-","-"
"2024/06/08","10:00","2.72","215","5.25","69.4","1010.5","-","-"
"2024/06/08","11:00","7","289","7.97","70.2","1011.4","-","-"
"2024/06/08","12:00","7.97","288","8.94","71.1","1011.6","-","-"
"2024/06/08","13:00","6.8","290","8.75","74.1","1012.1","-","-"
"2024/06/08","14:00","6.03","303","6.8","76.5","1012.1","-","-"
"2024/06/08","15:00","6.8","330","8.94","77.4","1012.5","-","-"
"2024/06/08","16:00","4.28","281","5.44","79.2","1012.2","-","-"
"2024/06/08","17:00","13.22","263","14.97","80.4","1011.8","-","-"
"2024/06/08","18:00","7.58","250","15.36","81.7","1011.2","-","-"
"2024/06/08","19:00","10.3","271","14","82.4","1010.8","-","-"
"2024/06/08","20:00","7.39","264","10.11","82.4","1010.6","-","-"
"2024/06/08","21:00","7.97","238","11.27","82.6","1010.3","-","-"
"2024/06/08","22:00","8.36","241","14.38","82.6","1010.2","-","-"
"2024/06/08","23:00","6.22","241","8.36","82.2","1010.3","-","-"
"2024/06/09","00:00","3.11","226","3.69","79.7","1010.4","-","-"
"2024/06/09","01:00","3.5","194","4.28","76.5","1010.1","-","-"
"2024/06/09","02:00","4.67","191","5.44","75.9","1010.5","-","-"
"2024/06/09","03:00","3.11","194","5.25","75.7","1010.2","-","-"
"2024/06/09","04:00","4.28","198","5.05","75.2","1010.1","-","-"
"2024/06/09","05:00","7.19","205","8.55","75.7","1009.5","-","-"
"2024/06/09","06:00","5.64","204","7.97","75.7","1008.9","-","-"
"2024/06/09","07:00","4.86","205","7.58","76.5","1008.3","-","-"
"2024/06/09","08:00","6.41","215","7.58","75.7","1008","-","-"
"2024/06/09","09:00","9.52","218","13.41","75.4","1007.6","-","-"
"2024/06/09","10:00","8.94","227","12.25","74.3","1007.3","-","-"
"2024/06/09","11:00","8.36","216","12.63","73.6","1007.3","-","-"
"2024/06/09","12:00","10.89","216","13.8","74.8","1006.6","-","-"
"2024/06/09","13:00","14.58","236","17.3","76.3","1006.5","-","-"
"2024/06/09","14:00","13.41","222","16.52","77.7","1006.2","-","-"
"2024/06/09","15:00","11.27","230","16.33","81.5","1005.1","-","-"
"2024/06/09","16:00","11.86","234","19.63","83.3","1004.2","-","-"
"2024/06/09","17:00","16.72","272","21.19","84.6","1004","-","-"
"2024/06/09","18:00","14.58","249","20.99","85.1","1003.8","-","-"
"2024/06/09","19:00","13.8","259","18.66","85.8","1003.4","-","-"
"2024/06/09","20:00","8.94","251","17.49","85.8","1003.4","-","-"
"2024/06/09","21:00","14.58","258","18.27","85.5","1003","-","-"
"2024/06/09","22:00","12.05","259","14.97","84.9","1003","-","-"
"2024/06/09","23:00","12.05","17","13.41","79.9","1003.7","-","-"
"2024/06/10","00:00","5.44","350","6.41","77.4","1004.6","-","-"
"2024/06/10","01:00","3.69","310","3.89","77.2","1004.9","-","-"
"2024/06/10","02:00","11.66","4","13.22","75.9","1005.7","-","-"
"2024/06/10","03:00","0.78","344","0.97","75.2","1005.8","-","-"
"2024/06/10","04:00","0.19","220","1.36","73.6","1006.2","-","-"
"2024/06/10","05:00","3.89","170","5.64","70","1006.4","-","-"
"2024/06/10","06:00","3.11","245","4.28","68.9","1006.3","-","-"
"2024/06/10","07:00","3.11","238","3.89","69.4","1006","-","-"
"2024/06/10","08:00","4.28","282","5.25","70","1005.6","-","-"
"2024/06/10","09:00","6.61","334","8.16","72.3","1005.8","-","-"
"2024/06/10","10:00","3.89","284","6.03","70.2","1005.9","-","-"
"2024/06/10","11:00","6.8","270","7.39","69.8","1006.3","-","-"
"2024/06/10","12:00","7","273","8.36","71.2","1007","-","-"
"2024/06/10","13:00","5.44","286","7.39","73.2","1007.5","-","-"
"2024/06/10","14:00","4.08","315","6.03","75","1007.6","-","-"
"2024/06/10","15:00","2.92","13","3.69","76.6","1007.4","-","-"
"2024/06/10","16:00","3.11","259","6.61","77.7","1007.4","-","-"
"2024/06/10","17:00","4.08","335","4.67","78.4","1007.1","-","-"
"2024/06/10","18:00","4.47","301","7.39","79.2","1006.8","-","-"
"2024/06/10","19:00","3.89","306","5.44","79.5","1006.7","-","-"
"2024/06/10","20:00","1.75","348","2.72","80.1","1006.6","-","-"
"2024/06/10","21:00","1.36","306","1.56","83.1","1006.3","-","-"
"2024/06/10","22:00","1.17","263","1.56","80.6","1006.2","-","-"
"2024/06/10","23:00","0.58","341","1.94","80.2","1006.5","-","-"
"2024/06/11","00:00","4.08","197","4.67","76.8","1006.8","-","-"
"2024/06/11","01:00","5.05","207","5.44","73.9","1007.2","-","-"
"2024/06/11","02:00","5.44","197","5.64","73","1008.1","-","-"
"2024/06/11","03:00","6.03","201","7.19","72.9","1008.7","-","-"
"2024/06/11","04:00","5.05","218","5.64","72.5","1008.9","-","-"
"2024/06/11","05:00","10.5","272","16.91","74.3","1009.5","-","-"
"2024/06/11","06:00","7","343","7.58","71.6","1009.4","-","-"
"2024/06/11","07:00","9.52","324","12.05","69.4","1009.5","-","-"
"2024/06/11","08:00","5.64","343","9.33","68","1010.1","-","-"
"2024/06/11","09:00","10.69","327","12.05","67.5","1010.7","-","-"
"2024/06/11","10:00","4.67","345","5.64","66.4","1011.3","-","-"
"2024/06/11","11:00","7.97","329","9.14","66.4","1012.1","-","-"
"2024/06/11","12:00","10.69","338","11.66","67.6","1012.6","-","-"
"2024/06/11","13:00","7.78","355","10.89","69.4","1012.8","-","-"
"2024/06/11","14:00","10.69","4","12.83","71.4","1012.7","-","-"
"2024/06/11","15:00","5.25","9","7.97","72.9","1013.1","-","-"
"2024/06/11","16:00","4.47","67","6.22","73.9","1013","-","-"
"2024/06/11","17:00","13.02","82","14.97","71.8","1013.1","-","-"
"2024/06/11","18:00","12.05","74","13.22","72.1","1013.1","-","-"
"2024/06/11","19:00","4.47","31","8.16","74.7","1013.4","-","-"
"2024/06/11","20:00","12.83","73","14.97","73.2","1013.4","-","-"
"2024/06/11","21:00","9.91","68","13.02","73","1013.2","-","-"
"2024/06/11","22:00","9.72","78","11.47","73.4","1013.5","-","-"
"2024/06/11","23:00","8.94","42","11.27","73.8","1013.8","-","-"
"2024/06/12","00:00","7.58","41","9.14","73.4","1014.3","-","-"
"2024/06/12","01:00","6.41","41","7.78","72.7","1014.8","-","-"
"2024/06/12","02:00","8.16","35","9.33","72.5","1015.4","-","-"
"2024/06/12","03:00","7.97","34","8.75","72.3","1015.8","-","-"
"2024/06/12","04:00","4.47","27","4.86","70.7","1015.9","-","-"
"2024/06/12","05:00","5.83","23","8.16","70.7","1016.2","-","-"
"2024/06/12","06:00","3.69","2","4.86","70.5","1016.1","-","-"
"2024/06/12","07:00","5.05","8","5.64","69.1","1016.3","-","-"
"2024/06/12","08:00","5.44","10","5.83","68.4","1016.5","-","-"
"2024/06/12","09:00","6.8","19","7.97","68.4","1016.7","-","-"
"2024/06/12","10:00","8.16","7","8.94","68.4","1016.9","-","-"
"2024/06/12","11:00","7.19","18","8.36","68.7","1017","-","-"
"2024/06/12","12:00","4.67","29","6.41","71.4","1017.4","-","-"
"2024/06/12","13:00","7","42","9.52","72.9","1017.8","-","-"
"2024/06/12","14:00","6.41","86","7.58","73.6","1018.2","-","-"
"2024/06/12","15:00","8.75","80","10.69","73.8","1018.3","-","-"
"2024/06/12","16:00","7.19","82","9.33","73.6","1018.7","-","-"
"2024/06/12","17:00","7.78","84","10.11","74.8","1018.3","-","-"
"2024/06/12","18:00","10.5","73","13.8","74.3","1017.8","-","-"
"2024/06/12","19:00","10.5","67","11.86","74.7","1017.5","-","-"
"2024/06/12","20:00","9.33","80","11.47","75.2","1017.2","-","-"
"2024/06/12","21:00","10.89","97","13.8","77","1016.9","-","-"
"2024/06/12","22:00","8.55","108","11.08","77.2","1016.5","-","-"
"2024/06/12","23:00","10.5","87","11.86","76.1","1016.5","-","-"
"2024/06/13","00:00","7.58","110","9.52","75.4","1016.5","-","-"
"2024/06/13","01:00","7.39","139","8.94","74.7","1016.7","-","-"
"2024/06/13","02:00","4.86","152","5.64","73.4","1017.1","-","-"
"2024/06/13","03:00","5.44","172","7.58","72.5","1017","-","-"
"2024/06/13","04:00","3.89","177","5.64","71.8","1017","-","-"
"2024/06/13","05:00","3.69","182","5.44","71.4","1016.9","-","-"
"2024/06/13","06:00","2.72","188","4.28","70.5","1016.6","-","-"
"2024/06/13","07:00","4.28","181","5.83","69.8","1016.2","-","-"
"2024/06/13","08:00","2.72","138","3.69","69.6","1016.1","-","-"
"2024/06/13","09:00","2.72","146","3.5","69.1","1016.4","-","-"
"2024/06/13","10:00","3.11","162","4.08","69.4","1016.9","-","-"
"2024/06/13","11:00","2.92","164","3.69","70.2","1017.8","-","-"
"2024/06/13","12:00","4.86","168","6.61","72.1","1018","-","-"
"2024/06/13","13:00","6.03","161","7.58","77","1018","-","-"
"2024/06/13","14:00","8.55","208","12.44","77.9","1017.8","-","-"
"2024/06/13","15:00","5.25","212","8.55","79.3","1017.6","-","-"
"2024/06/13","16:00","3.89","171","5.83","81.9","1017.4","-","-"
"2024/06/13","17:00","3.69","49","5.83","80.8","1017","-","-"
"2024/06/13","18:00","12.05","69","14","79.5","1016.8","-","-"
"2024/06/13","19:00","11.27","96","13.41","81.3","1016.3","-","-"
"2024/06/13","20:00","9.33","126","15.16","82.4","1015.8","-","-"
"2024/06/13","21:00","11.08","178","14","83.7","1015.4","-","-"
"2024/06/13","22:00","10.11","178","16.13","83.8","1015.4","-","-"
"2024/06/13","23:00","8.94","175","12.63","83.7","1015.6","-","-"
"2024/06/14","00:00","5.44","166","8.36","82.4","1015.5","-","-"
"2024/06/14","01:00","8.55","167","11.86","80.1","1015.4","-","-"
"2024/06/14","02:00","7.97","181","12.83","78.6","1015.8","-","-"
"2024/06/14","03:00","7.39","173","9.72","77.4","1015.8","-","-"
"2024/06/14","04:00","7.19","181","10.11","76.1","1015.5","-","-"
"2024/06/14","05:00","8.55","181","11.08","75","1015.2","-","-"
"2024/06/14","06:00","8.55","181","11.47","74.3","1014.7","-","-"
"2024/06/14","07:00","5.05","192","6.8","73.2","1014.5","-","-"
"2024/06/14","08:00","3.5","182","6.03","72.3","1014.4","-","-"
"2024/06/14","09:00","3.11","211","4.86","71.1","1014.5","-","-"
"2024/06/14","10:00","3.89","201","5.64","71.4","1014.3","-","-"
"2024/06/14","11:00","3.69","192","5.25","72.7","1014.3","-","-"
"2024/06/14","12:00","6.22","183","10.3","75.4","1014.4","-","-"
"2024/06/14","13:00","6.22","247","8.36","77.5","1015","-","-"
"2024/06/14","14:00","5.44","207","7.97","79.3","1014.5","-","-"
"2024/06/14","15:00","5.64","227","8.16","81.3","1014.1","-","-"
"2024/06/14","16:00","4.86","213","8.75","82.6","1013.5","-","-"
"2024/06/14","17:00","6.03","59","8.75","81.7","1013","-","-"
"2024/06/14","18:00","7.97","65","8.55","81.5","1012.2","-","-"
"2024/06/14","19:00","10.69","70","13.61","80.8","1011.3","-","-"
"2024/06/14","20:00","11.27","73","12.05","80.6","1011","-","-"
"2024/06/14","21:00","11.08","86","12.05","82.4","1010.4","-","-"
"2024/06/14","22:00","8.55","98","9.72","83.5","1010.1","-","-"
"2024/06/14","23:00","7.39","120","9.52","81.9","1010","-","-"
"2024/06/15","00:00","5.64","137","7.58","81.5","1010.2","-","-"
"2024/06/15","01:00","3.11","136","4.28","80.1","1010.6","-","-"
"2024/06/15","02:00","2.33","154","4.08","79.7","1011","-","-"
"2024/06/15","03:00","7.39","30","9.14","77.9","1011.5","-","-"
"2024/06/15","04:00","3.89","165","4.47","78.3","1011.4","-","-"
"2024/06/15","05:00","3.5","191","6.41","77.2","1011.6","-","-"
"2024/06/15","06:00","6.03","197","7.58","73.6","1011.3","-","-"
"2024/06/15","07:00","3.5","256","5.64","73.2","1011.6","-","-"
"2024/06/15","08:00","5.05","288","7.39","73","1011.9","-","-"
"2024/06/15","09:00","8.16","320","9.72","73.2","1012.3","-","-"
"2024/06/15","10:00","8.75","330","10.3","71.4","1013.2","-","-"
"2024/06/15","11:00","8.75","329","11.47","71.2","1014.1","-","-"
"2024/06/15","12:00","7.39","337","9.72","72.9","1015.1","-","-"
"2024/06/15","13:00","11.08","7","17.3","75.2","1015.8","-","-"
"2024/06/15","14:00","9.72","15","12.05","76.1","1015.9","-","-"
"2024/06/15","15:00","6.41","15","10.3","77.7","1016.6","-","-"
"2024/06/15","16:00","8.55","334","11.27","79.3","1016.7","-","-"
"2024/06/15","17:00","7.97","27","11.86","80.1","1016.7","-","-"
"2024/06/15","18:00","8.94","43","11.08","81","1016.6","-","-"
"2024/06/15","19:00","11.86","33","14","81.1","1016.3","-","-"
"2024/06/15","20:00","12.25","77","14.38","79.9","1016.3","-","-"
"2024/06/15","21:00","10.5","44","14","80.6","1016.9","-","-"
"2024/06/15","22:00","11.27","50","14.58","80.4","1017.2","-","-"
"2024/06/15","23:00","12.63","43","14.19","79.5","1017.7","-","-"
"2024/06/16","00:00","10.89","41","12.05","78.8","1017.9","-","-"
"2024/06/16","01:00","6.61","98","11.47","77.7","1018.5","-","-"
"2024/06/16","02:00","5.83","135","7.39","74.8","1019.2","-","-"
"2024/06/16","03:00","3.5","144","5.44","72.9","1019.6","-","-"
"2024/06/16","04:00","1.36","175","2.72","72.1","1019.8","-","-"
"2024/06/16","05:00","1.94","170","2.72","71.2","1019.9","-","-"
"2024/06/16","06:00","2.33","155","3.3","71.2","1020","-","-"
"2024/06/16","07:00","1.36","190","2.53","70","1020.1","-","-"
"2024/06/16","08:00","1.17","182","1.94","69.4","1020.1","-","-"
"2024/06/16","09:00","1.75","205","2.33","68","1020.4","-","-"
"2024/06/16","10:00","0","204","0","68.9","1021","-","-"
"2024/06/16","11:00","1.94","287","2.72","71.4","1022.1","-","-"
"2024/06/16","12:00","3.3","309","4.28","73.2","1022.5","-","-"
"2024/06/16","13:00","5.25","305","6.03","73.8","1023","-","-"
"2024/06/16","14:00","1.94","327","2.92","78.3","1023.1","-","-"
"2024/06/16","15:00","3.89","44","4.47","78.1","1023.4","-","-"
"2024/06/16","16:00","7.78","71","9.52","78.4","1023.3","-","-"
"2024/06/16","17:00","11.86","76","13.41","77.4","1023.3","-","-"
"2024/06/16","18:00","12.05","76","14.38","78.3","1023.1","-","-"
"2024/06/16","19:00","12.05","82","14.97","78.1","1022.9","-","-"
"2024/06/16","20:00","10.11","95","13.8","78.8","1022.5","-","-"
"2024/06/16","21:00","9.91","103","11.86","79.2","1022.1","-","-"
"2024/06/16","22:00","10.89","108","14","78.8","1021.8","-","-"
"2024/06/16","23:00","13.02","129","15.16","78.4","1021.8","-","-"
"2024/06/17","00:00","6.8","130","11.66","77.5","1022.1","-","-"
"2024/06/17","01:00","7.19","134","10.89","76.5","1022.1","-","-"
"2024/06/17","02:00","7.97","143","10.69","75","1022.4","-","-"
"2024/06/17","03:00","6.22","144","9.91","74.1","1022.5","-","-"
"2024/06/17","04:00","5.25","150","6.41","72.9","1022.8","-","-"
"2024/06/17","05:00","5.25","159","6.8","72.3","1023","-","-"
"2024/06/17","06:00","5.64","146","8.16","72.7","1022.8","-","-"
"2024/06/17","07:00","5.25","151","6.61","72.3","1022.6","-","-"
"2024/06/17","08:00","4.47","155","5.64","71.6","1022.4","-","-"
"2024/06/17","09:00","3.5","162","4.28","71.4","1022.6","-","-"
"2024/06/17","10:00","2.53","196","3.11","71.2","1023.3","-","-"
"2024/06/17","11:00","3.5","169","4.47","72.3","1023.5","-","-"
"2024/06/17","12:00","4.28","163","7","74.1","1023.7","-","-"
"2024/06/17","13:00","3.89","185","9.14","77","1023.8","-","-"
"2024/06/17","14:00","8.36","217","12.63","78.4","1023.6","-","-"
"2024/06/17","15:00","5.64","179","7.78","79.7","1023.6","-","-"
"2024/06/17","16:00","5.05","181","8.55","81.5","1023.3","-","-"
"2024/06/17","17:00","5.64","174","9.14","82.8","1022.7","-","-"
"2024/06/17","18:00","9.72","88","18.27","81.1","1022.5","-","-"
"2024/06/17","19:00","8.94","104","13.22","82.4","1022.2","-","-"
"2024/06/17","20:00","13.22","103","16.52","82.4","1021.6","-","-"
"2024/06/17","21:00","13.02","102","15.36","83.3","1021","-","-"
"2024/06/17","22:00","10.3","119","14.19","82.2","1020.4","-","-"
"2024/06/17","23:00","10.3","113","14.77","81.1","1020.8","-","-"
"2024/06/18","00:00","8.94","141","10.89","80.6","1021.3","-","-"
"2024/06/18","01:00","7.39","140","11.08","78.8","1022.1","-","-"
"2024/06/18","02:00","8.75","148","12.25","77","1022.5","-","-"
"2024/06/18","03:00","6.8","148","8.94","75.6","1022.5","-","-"
"2024/06/18","04:00","5.83","176","7.78","74.5","1023","-","-"
"2024/06/18","05:00","3.89","162","5.83","73.9","1023.3","-","-"
"2024/06/18","06:00","2.72","156","4.47","73.4","1023.2","-","-"
"2024/06/18","07:00","2.14","184","3.5","72.3","1023.3","-","-"
"2024/06/18","08:00","1.75","152","3.5","71.6","1023.4","-","-"
"2024/06/18","09:00","4.08","140","5.05","72.1","1023.5","-","-"
"2024/06/18","10:00","1.94","142","3.69","71.8","1024","-","-"
"2024/06/18","11:00","3.5","152","4.86","72.7","1024.4","-","-"
"2024/06/18","12:00","2.92","189","5.83","75.7","1024.7","-","-"
"2024/06/18","13:00","4.08","199","7.39","77.2","1024.9","-","-"
"2024/06/18","14:00","1.56","327","2.72","80.1","1024.8","-","-"
"2024/06/18","15:00","6.22","56","7.39","78.6","1025","-","-"
"2024/06/18","16:00","11.08","67","11.86","77.5","1025.4","-","-"
"2024/06/18","17:00","11.47","66","12.25","77.9","1025.2","-","-"
"2024/06/18","18:00","12.25","77","13.41","78.6","1025","-","-"
"2024/06/18","19:00","12.05","88","14.77","78.6","1024.9","-","-"
"2024/06/18","20:00","12.83","96","14.58","80.1","1024.5","-","-"
"2024/06/18","21:00","11.47","106","13.22","80.4","1024.4","-","-"
"2024/06/18","22:00","12.63","104","14.38","79.3","1023.9","-","-"
"2024/06/18","23:00","12.63","107","15.55","78.6","1023.9","-","-"
"2024/06/19","00:00","7.58","121","13.41","77.9","1024.2","-","-"
"2024/06/19","01:00","6.22","135","10.11","77.2","1024.6","-","-"
"2024/06/19","02:00","5.64","139","9.14","76.1","1025.1","-","-"
"2024/06/19","03:00","4.28","151","7.78","74.8","1025.6","-","-"
"2024/06/19","04:00","5.25","154","8.36","73.8","1025.5","-","-"
"2024/06/19","05:00","4.86","145","6.61","72.9","1025.5","-","-"
"2024/06/19","06:00","4.86","143","6.41","72.3","1025.5","-","-"
"2024/06/19","07:00","2.72","153","3.5","72","1025.5","-","-"
"2024/06/19","08:00","2.53","154","2.92","71.4","1025.7","-","-"
"2024/06/19","09:00","0.78","199","1.17","70.9","1026.4","-","-"
"2024/06/19","10:00","1.56","225","1.94","70.7","1026.9","-","-"
"2024/06/19","11:00","0.58","155","1.36","74.8","1027.2","-","-"
"2024/06/19","12:00","2.72","104","4.08","76.3","1027.4","-","-"
"2024/06/19","13:00","7.39","93","9.14","77.2","1028.3","-","-"
"2024/06/19","14:00","10.11","76","11.66","76.6","1028.4","-","-"
"2024/06/19","15:00","10.11","73","11.08","77.5","1028.3","-","-"
"2024/06/19","16:00","10.89","79","12.05","77.9","1028.4","-","-"
"2024/06/19","17:00","10.11","81","11.27","78.1","1028.1","-","-"
"2024/06/19","18:00","11.27","86","13.22","78.8","1027.9","-","-"
"2024/06/19","19:00","8.55","105","11.47","80.6","1027.7","-","-"
"2024/06/19","20:00","10.69","106","14.97","80.4","1027.3","-","-"
"2024/06/19","21:00","14","100","15.94","79.9","1027.3","-","-"
"2024/06/19","22:00","12.44","104","15.55","79.7","1026.9","-","-"
"2024/06/19","23:00","10.89","111","13.22","78.8","1027","-","-"
"2024/06/20","00:00","8.16","110","10.3","78.1","1026.9","-","-"
"2024/06/20","01:00","7.78","123","10.3","76.8","1027.1","-","-"
"2024/06/20","02:00","7.19","135","10.3","76.1","1027.4","-","-"
"2024/06/20","03:00","4.86","145","6.22","75.4","1027.6","-","-"
"2024/06/20","04:00","1.36","172","2.53","74.1","1027.1","-","-"
"2024/06/20","05:00","2.53","160","3.5","73","1026.6","-","-"
"2024/06/20","06:00","0.97","207","1.75","72.1","1026.5","-","-"
"2024/06/20","07:00","1.56","208","2.14","71.8","1026.5","-","-"
"2024/06/20","08:00","1.56","194","1.94","71.2","1026.9","-","-"
"2024/06/20","09:00","1.17","191","1.56","71.1","1027","-","-"
"2024/06/20","10:00","1.36","176","1.75","71.2","1027.3","-","-"
"2024/06/20","11:00","0.97","251","1.56","74.5","1027.8","-","-"
"2024/06/20","12:00","1.36","139","2.72","78.4","1028.4","-","-"
"2024/06/20","13:00","2.72","42","3.3","78.8","1028.4","-","-"
"2024/06/20","14:00","7.19","70","8.55","76.6","1028.3","-","-"
"2024/06/20","15:00","7","73","9.52","78.1","1028.2","-","-"
"2024/06/20","16:00","10.69","75","11.86","78.1","1028.2","-","-"
"2024/06/20","17:00","11.86","73","13.41","78.3","1027.7","-","-"
"2024/06/20","18:00","11.86","77","12.83","78.8","1027.3","-","-"
"2024/06/20","19:00","10.11","87","15.36","79.5","1027.1","-","-"
"2024/06/20","20:00","12.63","100","14.77","80.8","1026.6","-","-"
"2024/06/20","21:00","10.3","96","11.47","80.8","1025.9","-","-"
"2024/06/20","22:00","9.52","94","12.63","80.2","1025.2","-","-"
"2024/06/20","23:00","7.39","118","10.11","80.4","1025.2","-","-"
"2024/06/21","00:00","7.39","107","9.72","79","1025.3","-","-"
"2024/06/21","01:00","6.03","133","7.19","77.7","1025.2","-","-"
"2024/06/21","02:00","5.83","143","8.16","76.8","1025.3","-","-"
"2024/06/21","03:00","5.64","156","6.8","75.7","1025.7","-","-"
"2024/06/21","04:00","3.5","146","4.47","74.8","1025.5","-","-"
"2024/06/21","05:00","3.3","154","4.67","73.9","1025.1","-","-"
"2024/06/21","06:00","2.14","177","3.3","72.5","1024.8","-","-"
"2024/06/21","07:00","1.36","195","3.5","72.3","1024.5","-","-"
"2024/06/21","08:00","1.56","248","2.14","71.6","1024.4","-","-"
"2024/06/21","09:00","3.11","192","4.08","71.1","1024.5","-","-"
"2024/06/21","10:00","1.17","248","2.92","71.2","1024.9","-","-"
"2024/06/21","11:00","1.75","202","3.5","72.7","1024.9","-","-"
"2024/06/21","12:00","2.72","238","5.44","75.6","1024.7","-","-"
"2024/06/21","13:00","7.39","223","10.11","76.8","1024.6","-","-"
"2024/06/21","14:00","7.19","256","10.11","79","1024.5","-","-"
"2024/06/21","15:00","3.69","203","7.39","81.1","1024.5","-","-"
"2024/06/21","16:00","4.28","308","4.86","83.7","1024","-","-"
"2024/06/21","17:00","11.47","76","13.8","80.2","1023.6","-","-"
"2024/06/21","18:00","11.47","72","12.83","81.7","1022.8","-","-"
"2024/06/21","19:00","11.27","81","13.22","81","1022.2","-","-"
"2024/06/21","20:00","13.22","73","16.52","80.6","1021.7","-","-"
"2024/06/21","21:00","10.3","93","13.8","83.5","1021.1","-","-"
"2024/06/21","22:00","7.58","111","11.27","84.4","1020.6","-","-"
"2024/06/21","23:00","8.75","115","11.27","82.8","1020.4","-","-"
"2024/06/22","00:00","7.78","140","10.69","81.5","1020.1","-","-"
"2024/06/22","01:00","7.39","147","9.14","79.5","1020.2","-","-"
"2024/06/22","02:00","7.97","153","10.5","79.2","1020.6","-","-"
"2024/06/22","03:00","7.58","176","10.5","79.3","1020.8","-","-"
"2024/06/22","04:00","8.55","184","12.83","78.6","1021","-","-"
"2024/06/22","05:00","10.11","195","14.38","77.9","1020.7","-","-"
"2024/06/22","06:00","9.33","193","12.63","77.2","1020.4","-","-"
"2024/06/22","07:00","10.3","202","12.44","77","1020","-","-"
"2024/06/22","08:00","10.5","207","12.83","76.8","1019.9","-","-"
"2024/06/22","09:00","10.89","208","14.38","76.3","1019.5","-","-"
"2024/06/22","10:00","8.55","211","12.44","75.7","1019.6","-","-"
"2024/06/22","11:00","9.14","225","11.47","76.8","1019.9","-","-"
"2024/06/22","12:00","9.52","247","12.44","78.6","1019.9","-","-"
"2024/06/22","13:00","9.33","231","11.86","80.4","1019.9","-","-"
"2024/06/22","14:00","7.39","254","10.69","83.1","1019.4","-","-"
"2024/06/22","15:00","9.52","271","12.63","84.7","1019.1","-","-"
"2024/06/22","16:00","6.22","236","9.33","87.1","1018.8","-","-"
"2024/06/22","17:00","3.69","249","9.52","89.4","1018.1","-","-"
"2024/06/22","18:00","8.36","220","10.69","90","1017.3","-","-"
"2024/06/22","19:00","5.05","223","10.5","91.2","1016.4","-","-"
"2024/06/22","20:00","5.05","217","9.72","91.9","1015.7","-","-"
"2024/06/22","21:00","5.05","224","6.8","92.7","1015.1","-","-"
"2024/06/22","22:00","7.97","207","13.41","93","1014.4","-","-"
"2024/06/22","23:00","7.97","214","10.69","92.7","1014.2","-","-"
"2024/06/23","00:00","4.67","198","6.61","91","1014.4","-","-"
"2024/06/23","01:00","3.89","187","5.25","86.9","1014.5","-","-"
"2024/06/23","02:00","5.64","187","8.36","86.9","1014.7","-","-"
"2024/06/23","03:00","6.22","188","9.72","85.5","1014.8","-","-"
"2024/06/23","04:00","7.39","185","10.89","83.5","1014.7","-","-"
"2024/06/23","05:00","9.52","198","12.44","82.6","1014.3","-","-"
"2024/06/23","06:00","12.05","209","16.91","82","1014.1","-","-"
"2024/06/23","07:00","7.97","206","12.83","81.1","1013.9","-","-"
"2024/06/23","08:00","12.63","221","19.24","80.6","1013.5","-","-"
"2024/06/23","09:00","10.5","216","14.77","79.9","1013.5","-","-"
"2024/06/23","10:00","11.47","218","16.33","79","1013.3","-","-"
"2024/06/23","11:00","12.63","230","16.91","79.2","1013.6","-","-"
"2024/06/23","12:00","14.97","220","20.22","80.1","1013.3","-","-"
"2024/06/23","13:00","12.05","208","16.52","81.5","1012.9","-","-"
"2024/06/23","14:00","11.66","218","18.08","83.8","1012.2","-","-"
"2024/06/23","15:00","11.47","232","15.36","86.2","1012.1","-","-"
"2024/06/23","16:00","11.66","206","17.3","87.6","1011.5","-","-"
"2024/06/23","17:00","13.41","193","21.38","89.2","1010.8","-","-"
"2024/06/23","18:00","14.58","232","18.47","90.1","1010","-","-"
"2024/06/23","19:00","14.19","209","20.8","91","1009.1","-","-"
"2024/06/23","20:00","12.63","249","14.97","87.1","1008.8","-","-"
"2024/06/23","21:00","14","197","18.86","92.1","1007.8","-","-"
"2024/06/23","22:00","8.94","216","14.97","91.2","1007.6","-","-"
"2024/06/23","23:00","10.69","328","14.58","82.6","1008","-","-"
"2024/06/24","00:00","3.69","201","4.08","80.4","1007.6","-","-"
"2024/06/24","01:00","3.89","181","4.86","82.9","1007.1","-","-"
"2024/06/24","02:00","8.94","184","14","86.7","1007.2","-","-"
"2024/06/24","03:00","10.89","191","16.52","85.6","1007.4","-","-"
"2024/06/24","04:00","13.41","204","20.99","84.7","1007.4","-","-"
"2024/06/24","05:00","13.61","204","20.41","83.7","1007.1","-","-"
"2024/06/24","06:00","14.19","200","20.6","76.5","1007.4","-","-"
"2024/06/24","07:00","9.14","193","14.38","76.6","1006.7","-","-"
"2024/06/24","08:00","8.36","196","13.22","77.2","1006.1","-","-"
"2024/06/24","09:00","9.91","202","13.02","78.3","1006.2","-","-"
"2024/06/24","10:00","10.5","215","16.72","77.9","1006.2","-","-"
"2024/06/24","11:00","11.66","213","14.58","78.3","1006.3","-","-"
"2024/06/24","12:00","8.94","219","12.25","79.3","1006.3","-","-"
"2024/06/24","13:00","7.78","239","10.11","80.6","1007.3","-","-"
"2024/06/24","14:00","9.33","290","12.63","81.7","1007.5","-","-"
"2024/06/24","15:00","9.33","302","11.66","82.2","1007.7","-","-"
"2024/06/24","16:00","9.33","321","14","83.8","1008","-","-"
"2024/06/24","17:00","15.75","313","18.27","84","1008.2","-","-"
"2024/06/24","18:00","11.08","298","14.38","84.7","1007.9","-","-"
"2024/06/24","19:00","11.08","356","14.97","85.1","1008.1","-","-"
"2024/06/24","20:00","11.66","318","13.8","86.5","1007.6","-","-"
"2024/06/24","21:00","6.61","8","8.94","87.3","1008.2","-","-"
"2024/06/24","22:00","12.25","8","15.16","87.4","1008.8","-","-"
"2024/06/24","23:00","10.69","8","15.36","86.2","1009.8","-","-"
"2024/06/25","00:00","10.69","2","14.58","84.9","1010.8","-","-"
"2024/06/25","01:00","8.36","30","10.5","81.9","1011.1","-","-"
"2024/06/25","02:00","12.05","8","14.58","81.1","1012","-","-"
"2024/06/25","03:00","6.22","9","7.97","79.7","1012.7","-","-"
"2024/06/25","04:00","0.97","313","1.94","78.3","1013.1","-","-"
"2024/06/25","05:00","1.75","184","2.14","74.5","1014","-","-"
"2024/06/25","06:00","3.69","199","4.28","72.5","1014.2","-","-"
"2024/06/25","07:00","2.14","283","4.08","72.1","1014.4","-","-"
"2024/06/25","08:00","3.69","286","4.47","72.5","1014.6","-","-"
"2024/06/25","09:00","4.28","272","5.64","73.2","1015.1","-","-"
"2024/06/25","10:00","5.83","284","7","72.9","1015.5","-","-"
"2024/06/25","11:00","2.92","263","4.08","73.8","1015.5","-","-"
"2024/06/25","12:00","4.47","321","5.25","75.7","1015.5","-","-"
"2024/06/25","13:00","1.75","302","2.53","77.7","1015.4","-","-"
"2024/06/25","14:00","3.89","13","4.28","79.2","1015.9","-","-"
"2024/06/25","15:00","6.41","333","6.8","81","1016.6","-","-"
"2024/06/25","16:00","4.86","222","8.75","84.6","1016.6","-","-"
"2024/06/25","17:00","5.05","216","9.72","85.5","1016","-","-"
"2024/06/25","18:00","11.47","64","12.44","82","1015.2","-","-"
"2024/06/25","19:00","8.94","60","11.08","83.3","1014.5","-","-"
"2024/06/25","20:00","12.44","78","14.77","82.8","1014.4","-","-"
"2024/06/25","21:00","8.94","106","11.08","84.6","1014.3","-","-"
"2024/06/25","22:00","8.16","139","11.66","86","1013.6","-","-"
"2024/06/25","23:00","8.55","173","14.38","86.2","1013.6","-","-"
"2024/06/26","00:00","10.5","177","15.16","84.6","1013.5","-","-"
"2024/06/26","01:00","11.08","167","13.41","82.6","1013.6","-","-"
"2024/06/26","02:00","14","177","20.22","81.3","1013.9","-","-"
"2024/06/26","03:00","9.33","177","12.63","79.9","1014.3","-","-"
"2024/06/26","04:00","9.52","193","12.05","78.6","1014.4","-","-"
"2024/06/26","05:00","10.11","194","14.38","77.5","1014.1","-","-"
"2024/06/26","06:00","7.78","195","9.72","76.6","1013.5","-","-"
"2024/06/26","07:00","9.14","204","13.22","76.8","1012.8","-","-"
"2024/06/26","08:00","7","192","10.11","76.5","1012.3","-","-"
"2024/06/26","09:00","7.78","203","11.86","76.3","1012.1","-","-"
"2024/06/26","10:00","7.19","204","9.14","76.3","1011.8","-","-"
"2024/06/26","11:00","8.94","213","13.02","77.4","1011.9","-","-"
"2024/06/26","12:00","9.14","221","12.83","79.3","1011.8","-","-"
"2024/06/26","13:00","9.72","207","13.02","81.1","1011.2","-","-"
"2024/06/26","14:00","8.55","228","13.22","83.3","1011.2","-","-"
"2024/06/26","15:00","7.19","204","9.52","86","1011.1","-","-"
"2024/06/26","16:00","10.5","202","15.75","88.5","1010.6","-","-"
"2024/06/26","17:00","9.14","231","15.16","90.3","1009.9","-","-"
"2024/06/26","18:00","7.97","232","14.77","92.3","1009.3","-","-"
"2024/06/26","19:00","7.19","243","10.89","93.7","1008.6","-","-"
"2024/06/26","20:00","11.47","217","14.58","94.8","1008","-","-"
"2024/06/26","21:00","8.75","190","14.58","95","1007.1","-","-"
"2024/06/26","22:00","9.52","198","12.44","94.5","1006.3","-","-"
"2024/06/26","23:00","7.39","178","11.08","93.9","1006.1","-","-"
"2024/06/27","00:00","9.33","169","13.61","91.6","1006.1","-","-"
"2024/06/27","01:00","13.02","172","18.66","89.6","1006.9","-","-"
"2024/06/27","02:00","15.75","174","19.24","87.1","1006.5","-","-"
"2024/06/27","03:00","12.83","189","17.11","85.6","1007.1","-","-"
"2024/06/27","04:00","11.86","195","18.27","84.4","1007","-","-"
"2024/06/27","05:00","11.27","205","18.08","83.1","1006.7","-","-"
"2024/06/27","06:00","12.63","18","17.69","77.5","1008.2","-","-"
"2024/06/27","07:00","9.72","11","11.66","75","1009.3","-","-"
"2024/06/27","08:00","7","45","9.33","74.3","1008.1","-","-"
"2024/06/27","09:00","6.61","210","8.16","75","1009.2","-","-"
"2024/06/27","10:00","6.41","142","8.16","72.5","1008.1","-","-"
"2024/06/27","11:00","3.11","164","6.41","72.7","1009.1","-","-"
"2024/06/27","12:00","0.97","123","2.14","74.5","1009.4","-","-"
"2024/06/27","13:00","2.33","297","3.3","74.7","1010.2","-","-"
"2024/06/27","14:00","5.64","308","6.61","75.2","1010.1","-","-"
"2024/06/27","15:00","6.61","289","8.94","76.3","1010.4","-","-"
"2024/06/27","16:00","8.75","311","9.72","76.5","1010.8","-","-"
"2024/06/27","17:00","5.44","301","8.36","77.5","1010.7","-","-"
"2024/06/27","18:00","4.28","290","5.64","79.7","1010.7","-","-"
"2024/06/27","19:00","4.28","299","5.25","81.5","1010.5","-","-"
"2024/06/27","20:00","4.67","48","5.83","81.5","1010.5","-","-"
"2024/06/27","21:00","6.03","93","7.19","80.1","1010.2","-","-"
"2024/06/27","22:00","7","72","7.58","79.3","1010.2","-","-"
"2024/06/27","23:00","6.41","60","7.19","79.3","1010.6","-","-"
"2024/06/28","00:00","4.67","84","5.05","79.5","1011.1","-","-"
"2024/06/28","01:00","3.69","144","5.25","78.3","1012","-","-"
"2024/06/28","02:00","2.72","160","3.89","77","1012.8","-","-"
"2024/06/28","03:00","2.14","151","3.11","76.3","1013.1","-","-"
"2024/06/28","04:00","1.94","205","3.3","76.1","1013.5","-","-"
"2024/06/28","05:00","2.33","189","2.92","75.4","1013.8","-","-"
"2024/06/28","06:00","2.53","210","3.5","74.5","1013.8","-","-"
"2024/06/28","07:00","3.5","214","4.28","73.4","1014.1","-","-"
"2024/06/28","08:00","4.67","208","5.25","73","1014.2","-","-"
"2024/06/28","09:00","1.36","198","2.14","73.4","1014.7","-","-"
"2024/06/28","10:00","2.92","288","3.3","73.4","1015.5","-","-"
"2024/06/28","11:00","5.83","342","6.8","74.1","1016.4","-","-"
"2024/06/28","12:00","16.72","66","19.44","75.4","1017.5","-","-"
"2024/06/28","13:00","12.44","57","15.16","74.8","1018.2","-","-"
"2024/06/28","14:00","13.02","64","16.52","74.8","1018.6","-","-"
"2024/06/28","15:00","14","68","17.11","75.9","1019.2","-","-"
"2024/06/28","16:00","13.41","65","15.55","75.9","1019.9","-","-"
"2024/06/28","17:00","14","78","17.69","76.1","1020.2","-","-"
"2024/06/28","18:00","13.02","70","14.97","76.1","1020.1","-","-"
"2024/06/28","19:00","13.8","78","16.33","76.1","1020.2","-","-"
"2024/06/28","20:00","14.38","72","17.11","75.7","1020.1","-","-"
"2024/06/28","21:00","13.61","82","15.55","75.7","1019.9","-","-"
"2024/06/28","22:00","10.69","93","15.55","76.6","1019.6","-","-"
"2024/06/28","23:00","11.47","81","13.61","76.5","1019.7","-","-"
"2024/06/29","00:00","9.91","105","13.41","76.3","1019.5","-","-"
"2024/06/29","01:00","10.89","96","13.61","75.9","1020","-","-"
"2024/06/29","02:00","9.52","109","11.66","75.2","1020.6","-","-"
"2024/06/29","03:00","9.33","99","11.47","75.6","1020.9","-","-"
"2024/06/29","04:00","7","98","8.55","75.6","1020.9","-","-"
"2024/06/29","05:00","8.16","102","9.52","75.9","1020.6","-","-"
"2024/06/29","06:00","5.83","114","8.94","76.1","1020.1","-","-"
"2024/06/29","07:00","5.25","125","8.55","76.6","1019.8","-","-"
"2024/06/29","08:00","5.83","125","9.52","76.5","1019.8","-","-"
"2024/06/29","09:00","4.67","119","6.8","76.1","1020","-","-"
"2024/06/29","10:00","4.67","105","6.8","76.1","1020.2","-","-"
"2024/06/29","11:00","5.64","123","7","77","1020.4","-","-"
"2024/06/29","12:00","3.3","131","4.47","79.2","1021.1","-","-"
"2024/06/29","13:00","2.14","161","4.47","80.4","1021.1","-","-"
"2024/06/29","14:00","6.41","48","7.39","78.8","1021","-","-"
"2024/06/29","15:00","7.39","70","7.97","78.6","1020.8","-","-"
"2024/06/29","16:00","8.75","69","10.89","79.3","1020.5","-","-"
"2024/06/29","17:00","10.69","69","11.47","79.7","1020.2","-","-"
"2024/06/29","18:00","11.86","77","12.83","80.8","1019.8","-","-"
"2024/06/29","19:00","12.83","80","14.19","81.9","1019.5","-","-"
"2024/06/29","20:00","11.66","100","13.61","84.2","1019","-","-"
"2024/06/29","21:00","13.61","97","15.55","85.1","1018.4","-","-"
"2024/06/29","22:00","7.78","92","9.33","85.1","1017.7","-","-"
"2024/06/29","23:00","7.39","98","9.33","86.5","1017.4","-","-"
"2024/06/30","00:00","4.08","93","4.86","85.3","1017.8","-","-"
"2024/06/30","01:00","8.36","174","9.52","86.2","1018","-","-"
"2024/06/30","02:00","10.11","169","15.75","85.3","1017.6","-","-"
"2024/06/30","03:00","13.02","183","17.49","84.2","1017.8","-","-"
"2024/06/30","04:00","10.89","189","16.13","83.1","1018","-","-"
"2024/06/30","05:00","12.05","200","15.94","82.8","1017.9","-","-"
"2024/06/30","06:00","9.91","200","17.69","82","1017.4","-","-"
"2024/06/30","07:00","10.11","194","14.58","81","1017.2","-","-"
"2024/06/30","08:00","11.86","209","15.75","80.4","1017","-","-"
"2024/06/30","09:00","11.86","209","14.58","79.9","1016.9","-","-"
"2024/06/30","10:00","13.02","211","16.52","79.5","1016.9","-","-"
"2024/06/30","11:00","11.66","219","16.52","79.7","1017.3","-","-"
"2024/06/30","12:00","11.86","212","15.36","81.1","1017","-","-"
"2024/06/30","13:00","9.72","196","14","83.3","1016.7","-","-"
"2024/06/30","14:00","11.27","235","14.19","84.6","1016.2","-","-"
"2024/06/30","15:00","11.47","218","13.61","86.7","1015.8","-","-"
"2024/06/30","16:00","11.47","210","15.16","88.3","1015.8","-","-"
"2024/06/30","17:00","12.44","215","15.36","90.7","1015.1","-","-"
"2024/06/30","18:00","8.75","314","11.27","85.3","1013.8","-","-"
"2024/06/30","19:00","12.63","346","24.49","76.3","1015","-","-"
"2024/06/30","20:00","5.44","281","6.61","79.2","1014.4","-","-"
"2024/06/30","21:00","8.16","100","10.5","77.9","1013.4","-","-"
"2024/06/30","22:00","8.94","139","10.5","78.8","1013.3","-","-"
"2024/06/30","23:00","4.28","211","5.25","77.9","1014.3","-","-"
"2024/07/01","00:00","6.41","169","11.27","77.7","1013.2","-","-"
"2024/07/01","01:00","8.94","195","14.19","78.1","1013.2","-","-"
"2024/07/01","02:00","11.08","195","13.61","77.9","1013.5","-","-"
"2024/07/01","03:00","12.63","203","17.3","77.9","1012.7","-","-"
"2024/07/01","04:00","4.67","253","5.83","78.3","1013.5","-","-"
"2024/07/01","05:00","4.08","250","5.44","78.1","1013.5","-","-"
"2024/07/01","06:00","10.89","274","14.58","77.2","1013.2","-","-"
"2024/07/01","07:00","9.52","319","13.8","76.3","1013.3","-","-"
"2024/07/01","08:00","13.41","9","22.35","73.9","1013.6","-","-"
"2024/07/01","09:00","13.8","354","17.69","72.5","1013.8","-","-"
"2024/07/01","10:00","12.83","326","14.38","71.1","1015.2","-","-"
"2024/07/01","11:00","11.47","355","14.19","69.4","1016.2","-","-"
"2024/07/01","12:00","13.02","332","16.33","67.5","1017.4","-","-"
"2024/07/01","13:00","9.52","1","11.86","67.1","1018.3","-","-"
"2024/07/01","14:00","7","327","9.72","67.8","1018.8","-","-"
"2024/07/01","15:00","14.19","344","18.27","70.9","1018.6","-","-"
"2024/07/01","16:00","15.16","352","19.24","71.8","1019","-","-"
"2024/07/01","17:00","16.72","5","19.83","72.3","1018.7","-","-"
"2024/07/01","18:00","10.5","345","14.58","73","1018.6","-","-"
"2024/07/01","19:00","11.66","15","16.13","73.6","1018.5","-","-"
"2024/07/01","20:00","9.14","12","14.58","74.7","1018.7","-","-"
"2024/07/01","21:00","11.27","351","12.63","75.7","1018.7","-","-"
"2024/07/01","22:00","5.25","25","10.5","76.5","1018.7","-","-"
"2024/07/01","23:00","10.69","31","12.63","76.5","1018.8","-","-"
"2024/07/02","00:00","7.58","28","9.33","75.7","1019.5","-","-"
"2024/07/02","01:00","6.61","356","7.97","74.8","1020.2","-","-"
"2024/07/02","02:00","6.8","8","8.55","73.8","1020.8","-","-"
"2024/07/02","03:00","7","344","8.36","73.6","1021","-","-"
"2024/07/02","04:00","9.33","352","11.08","73.2","1021.1","-","-"
"2024/07/02","05:00","8.94","353","10.11","72.1","1021","-","-"
"2024/07/02","06:00","9.33","355","10.69","71.1","1020.9","-","-"
"2024/07/02","07:00","9.72","350","11.08","70.3","1021.1","-","-"
"2024/07/02","08:00","8.94","5","10.3","69.6","1021","-","-"
"2024/07/02","09:00","8.36","2","10.69","69.6","1021.3","-","-"
"2024/07/02","10:00","7","341","8.36","69.6","1021.6","-","-"
"2024/07/02","11:00","6.61","332","8.36","71.4","1022.3","-","-"
"2024/07/02","12:00","3.3","329","5.25","72.1","1023.1","-","-"
"2024/07/02","13:00","2.14","4","4.86","75.4","1024","-","-"
"2024/07/02","14:00","4.47","57","7","77.4","1024.1","-","-"
"2024/07/02","15:00","7.58","69","10.69","77.4","1024.1","-","-"
"2024/07/02","16:00","8.55","77","10.69","77.4","1024.1","-","-"
"2024/07/02","17:00","6.8","64","9.14","77.9","1023.8","-","-"
"2024/07/02","18:00","9.91","74","11.66","77.7","1023.2","-","-"
"2024/07/02","19:00","6.8","76","15.16","77.9","1023.2","-","-"
"2024/07/02","20:00","9.91","90","11.86","78.1","1023","-","-"
"2024/07/02","21:00","9.91","102","13.41","77.9","1022.9","-","-"
"2024/07/02","22:00","10.5","100","12.44","76.8","1022.8","-","-"
"2024/07/02","23:00","9.33","114","13.02","76.6","1022.9","-","-"
"2024/07/03","00:00","7.97","110","10.89","75.2","1023.1","-","-"
"2024/07/03","01:00","6.8","108","8.55","74.5","1023.1","-","-"
"2024/07/03","02:00","7.78","125","9.52","73.8","1023.4","-","-"
"2024/07/03","03:00","4.08","131","6.41","73.6","1023.6","-","-"
"2024/07/03","04:00","6.22","141","7.39","72.9","1023.1","-","-"
"2024/07/03","05:00","3.3","147","4.28","72.1","1023.1","-","-"
"2024/07/03","06:00","3.69","151","4.28","71.8","1023.1","-","-"
"2024/07/03","07:00","0.58","226","1.56","70.9","1022.7","-","-"
"2024/07/03","08:00","1.56","219","1.94","70","1022.6","-","-"
"2024/07/03","09:00","0.97","212","1.56","70","1022.5","-","-"
"2024/07/03","10:00","0.19","178","1.94","70","1022.5","-","-"
"2024/07/03","11:00","2.92","156","3.69","74.3","1022.8","-","-"
"2024/07/03","12:00","3.3","137","5.25","76.3","1023.1","-","-"
"2024/07/03","13:00","2.72","159","4.86","78.1","1023.4","-","-"
"2024/07/03","14:00","5.44","61","7.19","77","1023.3","-","-"
"2024/07/03","15:00","7.97","77","9.33","77.2","1023.1","-","-"
"2024/07/03","16:00","8.55","87","10.11","77.9","1022.9","-","-"
"2024/07/03","17:00","10.89","81","12.25","77.5","1022.3","-","-"
"2024/07/03","18:00","10.3","73","11.47","78.4","1022.2","-","-"
"2024/07/03","19:00","10.69","81","12.83","79","1021.6","-","-"
"2024/07/03","20:00","9.52","91","12.05","80.2","1020.8","-","-"
"2024/07/03","21:00","8.75","106","10.5","81","1020.3","-","-"
"2024/07/03","22:00","11.08","99","13.41","80.4","1019.5","-","-"
"2024/07/03","23:00","10.5","122","13.02","79.7","1019.1","-","-"
"2024/07/04","00:00","7.58","130","9.33","78.4","1019.1","-","-"
"2024/07/04","01:00","7","137","10.11","77.2","1018.7","-","-"
"2024/07/04","02:00","7.58","151","9.52","76.5","1018.5","-","-"
"2024/07/04","03:00","8.16","150","10.3","76.1","1018.6","-","-"
"2024/07/04","04:00","5.25","163","7.78","75.4","1018.7","-","-"
"2024/07/04","05:00","5.05","180","9.33","75.7","1018.6","-","-"
"2024/07/04","06:00","6.8","191","9.52","75.7","1018.5","-","-"
"2024/07/04","07:00","6.61","214","10.69","75.6","1018","-","-"
"2024/07/04","08:00","7.97","213","12.25","75.2","1017.5","-","-"
"2024/07/04","09:00","5.25","214","7.19","75","1017.2","-","-"
"2024/07/04","10:00","6.8","216","9.14","74.3","1016.9","-","-"
"2024/07/04","11:00","11.08","221","14.38","75.2","1016.5","-","-"
"2024/07/04","12:00","10.5","215","12.63","76.5","1016.4","-","-"
"2024/07/04","13:00","7.78","216","12.25","78.4","1016.2","-","-"
"2024/07/04","14:00","6.41","195","10.11","80.6","1015.4","-","-"
"2024/07/04","15:00","9.33","201","12.05","82","1015.3","-","-"
"2024/07/04","16:00","8.55","229","12.63","84.6","1015","-","-"
"2024/07/04","17:00","8.36","190","10.5","86.9","1014.7","-","-"
"2024/07/04","18:00","7.39","219","11.47","88.2","1014.3","-","-"
"2024/07/04","19:00","2.33","222","8.75","90.3","1013.4","-","-"
"2024/07/04","20:00","7.19","210","9.91","90.7","1012.9","-","-"
"2024/07/04","21:00","6.22","178","11.66","91","1012.1","-","-"
"2024/07/04","22:00","8.16","194","10.89","90.9","1012.2","-","-"
"2024/07/04","23:00","26.63","308","38.29","80.4","1013.3","-","-"
"2024/07/05","00:00","6.22","70","7","76.8","1013.6","-","-"
"2024/07/05","01:00","3.89","128","7.19","76.5","1012.7","-","-"
"2024/07/05","02:00","6.61","156","7.58","75.7","1012.2","-","-"
"2024/07/05","03:00","2.14","199","2.92","75.7","1012.5","-","-"
"2024/07/05","04:00","0.97","233","1.94","76.8","1012.2","-","-"
"2024/07/05","05:00","0","151","0","76.8","1012","-","-"
"2024/07/05","06:00","4.86","192","7.19","77.9","1011.4","-","-"
"2024/07/05","07:00","6.22","205","8.55","77.7","1011.2","-","-"
"2024/07/05","08:00","5.64","194","8.16","77.4","1011.1","-","-"
"2024/07/05","09:00","7.39","214","9.72","77","1011.1","-","-"
"2024/07/05","10:00","8.75","196","11.08","76.3","1011.1","-","-"
"2024/07/05","11:00","5.64","205","7.78","76.8","1011.8","-","-"
"2024/07/05","12:00","7.19","229","11.27","78.1","1011.9","-","-"
"2024/07/05","13:00","6.03","241","8.36","80.4","1011.7","-","-"
"2024/07/05","14:00","4.86","228","7.78","82.8","1011.5","-","-"
"2024/07/05","15:00","5.44","226","6.8","85.3","1011.1","-","-"
"2024/07/05","16:00","4.86","169","6.61","88","1011","-","-"
"2024/07/05","17:00","4.47","214","9.14","89.6","1010.8","-","-"
"2024/07/05","18:00","6.03","220","9.14","91.2","1010.3","-","-"
"2024/07/05","19:00","7.39","29","8.16","87.3","1009.7","-","-"
"2024/07/05","20:00","4.86","39","7.39","88","1009.1","-","-"
"2024/07/05","21:00","2.92","207","4.08","93.6","1008.7","-","-"
"2024/07/05","22:00","6.61","175","10.69","93.9","1008.7","-","-"
"2024/07/05","23:00","8.16","163","10.11","92.8","1009","-","-"
"2024/07/06","00:00","17.69","205","24.88","88.2","1009.6","-","-"
"2024/07/06","01:00","7.78","185","9.91","83.8","1009.9","-","-"
"2024/07/06","02:00","7.19","184","11.47","84.7","1010.5","-","-"
"2024/07/06","03:00","9.91","193","14.97","84.6","1010.6","-","-"
"2024/07/06","04:00","10.5","197","15.36","84","1010.2","-","-"
"2024/07/06","05:00","11.27","195","14","82.8","1010.7","-","-"
"2024/07/06","06:00","10.89","204","15.75","82","1010.6","-","-"
"2024/07/06","07:00","12.44","209","16.13","81.7","1010.8","-","-"
"2024/07/06","08:00","12.83","202","16.13","81.1","1010.8","-","-"
"2024/07/06","09:00","9.52","202","14","80.8","1011","-","-"
"2024/07/06","10:00","8.75","194","11.86","80.2","1011.1","-","-"
"2024/07/06","11:00","7.19","201","11.47","80.8","1011.4","-","-"
"2024/07/06","12:00","10.69","211","12.63","81.7","1011.7","-","-"
"2024/07/06","13:00","7.39","226","11.86","82.8","1011.8","-","-"
"2024/07/06","14:00","4.86","256","8.94","84.6","1012","-","-"
"2024/07/06","15:00","5.64","224","8.75","86.2","1012.3","-","-"
"2024/07/06","16:00","5.64","270","7.97","88.3","1012.4","-","-"
"2024/07/06","17:00","7.19","284","8.75","89.1","1012.3","-","-"
"2024/07/06","18:00","6.41","302","8.36","91","1012","-","-"
"2024/07/06","19:00","9.33","222","13.8","92.3","1011.8","-","-"
"2024/07/06","20:00","5.83","264","7.39","93","1011.8","-","-"
"2024/07/06","21:00","8.94","71","9.52","87.4","1011.4","-","-"
"2024/07/06","22:00","9.33","65","10.3","86.4","1011.3","-","-"
"2024/07/06","23:00","5.64","70","6.8","87.6","1011.1","-","-"
"2024/07/07","00:00","4.47","177","7.78","90.7","1011.7","-","-"
"2024/07/07","01:00","5.64","173","7.19","88.3","1012.1","-","-"
"2024/07/07","02:00","10.5","201","13.02","87.4","1013","-","-"
"2024/07/07","03:00","9.91","210","13.22","86.4","1013.6","-","-"
"2024/07/07","04:00","9.14","225","13.02","85.1","1013.5","-","-"
"2024/07/07","05:00","11.08","220","13.22","84.4","1013.7","-","-"
"2024/07/07","06:00","9.52","224","13.8","83.3","1013.6","-","-"
"2024/07/07","07:00","9.33","235","13.22","82.9","1013.5","-","-"
"2024/07/07","08:00","3.3","209","4.67","82","1013.7","-","-"
"2024/07/07","09:00","3.5","259","4.47","81.5","1013.9","-","-"
"2024/07/07","10:00","7","252","9.72","80.8","1014.1","-","-"
"2024/07/07","11:00","7.78","283","8.55","81.3","1014.5","-","-"
"2024/07/07","12:00","5.64","298","7.39","81.1","1014.9","-","-"
"2024/07/07","13:00","6.8","332","7.97","82.4","1015.4","-","-"
"2024/07/07","14:00","4.47","9","5.64","83.5","1015.6","-","-"
"2024/07/07","15:00","4.86","357","7.58","84.7","1015.8","-","-"
"2024/07/07","16:00","8.16","295","8.75","83.5","1016.2","-","-"
"2024/07/07","17:00","4.86","282","6.41","84.9","1016.2","-","-"
"2024/07/07","18:00","5.83","217","6.8","84.7","1016.2","-","-"
"2024/07/07","19:00","1.36","321","1.56","90.1","1015.4","-","-"
"2024/07/07","20:00","0","145","1.17","91.4","1015.3","-","-"
"2024/07/07","21:00","8.55","308","9.52","86.5","1015.3","-","-"
"2024/07/07","22:00","3.5","290","4.67","87.1","1015.7","-","-"
"2024/07/07","23:00","2.72","213","3.11","85.8","1015.8","-","-"
"2024/07/08","00:00","8.36","226","10.5","84.2","1016.1","-","-"
"2024/07/08","01:00","4.86","226","6.22","82.6","1015.8","-","-"
"2024/07/08","02:00","4.67","250","6.61","82.2","1016.2","-","-"
"2024/07/08","03:00","6.8","217","10.11","81.3","1016.5","-","-"
"2024/07/08","04:00","8.36","240","11.08","80.4","1016.1","-","-"
"2024/07/08","05:00","3.11","229","4.28","79.5","1016.4","-","-"
"2024/07/08","06:00","3.89","228","5.25","79","1016.5","-","-"
"2024/07/08","07:00","5.05","241","8.94","79","1016.2","-","-"
"2024/07/08","08:00","4.86","270","5.44","78.3","1016","-","-"
"2024/07/08","09:00","2.53","263","3.69","77.4","1015.8","-","-"
"2024/07/08","10:00","2.33","167","4.86","77.5","1016.6","-","-"
"2024/07/08","11:00","3.5","197","4.67","77.7","1017.1","-","-"
"2024/07/08","12:00","2.53","232","3.69","78.1","1017.7","-","-"
"2024/07/08","13:00","2.53","292","3.11","79.5","1017.5","-","-"
"2024/07/08","14:00","2.53","61","2.92","81.5","1017.3","-","-"
"2024/07/08","15:00","2.33","22","3.11","82.6","1017.3","-","-"
"2024/07/08","16:00","2.92","223","3.5","84.2","1017.5","-","-"
"2024/07/08","17:00","0.97","54","2.33","87.1","1017.4","-","-"
"2024/07/08","18:00","8.94","72","9.72","83.5","1016.8","-","-"
"2024/07/08","19:00","9.14","66","9.52","84","1016.4","-","-"
"2024/07/08","20:00","9.14","258","14.77","80.8","1016.7","-","-"
"2024/07/08","21:00","2.14","52","3.11","81.5","1016.2","-","-"
"2024/07/08","22:00","5.05","77","5.64","82.9","1015.8","-","-"
"2024/07/08","23:00","6.41","90","7.19","83.8","1015.8","-","-"
"2024/07/09","00:00","5.05","136","6.8","83.5","1015.9","-","-"
"2024/07/09","01:00","0.78","140","2.14","82.4","1015.9","-","-"
"2024/07/09","02:00","0.78","125","1.17","81.1","1016.1","-","-"
"2024/07/09","03:00","3.5","157","4.08","81.1","1016.3","-","-"
"2024/07/09","04:00","1.36","226","1.75","80.4","1016.5","-","-"
"2024/07/09","05:00","2.72","189","4.47","80.8","1016.5","-","-"
"2024/07/09","06:00","4.47","200","6.8","80.6","1016.2","-","-"
"2024/07/09","07:00","5.25","202","7.58","80.2","1015.6","-","-"
"2024/07/09","08:00","3.3","207","5.83","79.5","1015.1","-","-"
"2024/07/09","09:00","4.08","196","5.83","78.8","1015.1","-","-"
"2024/07/09","10:00","2.92","209","4.67","78.3","1015.3","-","-"
"2024/07/09","11:00","2.14","187","4.08","79.5","1015.5","-","-"
"2024/07/09","12:00","1.36","187","5.25","82","1015.7","-","-"
"2024/07/09","13:00","5.64","217","7.58","82.8","1016.1","-","-"
"2024/07/09","14:00","2.33","335","3.89","84.7","1015.8","-","-"
"2024/07/09","15:00","3.3","19","3.5","85.1","1015.9","-","-"
"2024/07/09","16:00","6.61","67","7","84.7","1015.7","-","-"
"2024/07/09","17:00","9.91","72","10.3","84.2","1015.3","-","-"
"2024/07/09","18:00","11.47","71","12.25","84.4","1014.9","-","-"
"2024/07/09","19:00","10.11","98","11.27","87.1","1014.3","-","-"
"2024/07/09","20:00","3.3","38","4.28","84.9","1014.2","-","-"
"2024/07/09","21:00","4.28","145","5.25","86.4","1013.5","-","-"
"2024/07/09","22:00","6.61","118","8.16","85.3","1013.2","-","-"
"2024/07/09","23:00","6.61","134","9.72","87.8","1013","-","-"
"2024/07/10","00:00","4.47","134","7","87.1","1013.4","-","-"
"2024/07/10","01:00","7.97","169","11.08","86.5","1013.4","-","-"
"2024/07/10","02:00","9.52","175","14.38","85.5","1013.7","-","-"
"2024/07/10","03:00","10.5","183","13.8","84.4","1013.8","-","-"
"2024/07/10","04:00","10.89","187","14.58","83.1","1013.8","-","-"
"2024/07/10","05:00","8.75","186","11.47","82","1013.3","-","-"
"2024/07/10","06:00","8.16","182","12.63","81","1013.1","-","-"
"2024/07/10","07:00","8.55","189","11.86","80.2","1012.8","-","-"
"2024/07/10","08:00","8.36","187","11.08","79.7","1012.6","-","-"
"2024/07/10","09:00","6.03","180","9.33","79.2","1012.5","-","-"
"2024/07/10","10:00","6.22","182","8.16","79","1012.8","-","-"
"2024/07/10","11:00","7.39","186","9.33","79.9","1013","-","-"
"2024/07/10","12:00","9.52","198","15.36","80.8","1013.2","-","-"
"2024/07/10","13:00","7.39","195","11.86","81.7","1013.2","-","-"
"2024/07/10","14:00","6.61","201","12.63","82.9","1013","-","-"
"2024/07/10","15:00","11.47","172","17.11","85.5","1012.6","-","-"
"2024/07/10","16:00","8.16","171","13.02","87.3","1012.1","-","-"
"2024/07/10","17:00","12.63","156","18.86","88.3","1011.2","-","-"
"2024/07/10","18:00","12.25","186","16.52","89.4","1011","-","-"
"2024/07/10","19:00","8.75","169","16.72","90","1010.6","-","-"
"2024/07/10","20:00","12.44","184","20.41","89.4","1010.1","-","-"
"2024/07/10","21:00","13.41","176","18.86","89.6","1009.5","-","-"
"2024/07/10","22:00","16.52","173","22.74","89.2","1009.1","-","-"
"2024/07/10","23:00","14.58","166","18.86","88.5","1009.2","-","-"
"2024/07/11","00:00","15.94","166","20.99","86.9","1009.5","-","-"
"2024/07/11","01:00","12.25","176","21.77","85.5","1009.5","-","-"
"2024/07/11","02:00","12.44","175","17.49","84.4","1010.3","-","-"
"2024/07/11","03:00","12.25","178","22.16","83.5","1010.6","-","-"
"2024/07/11","04:00","12.83","184","16.72","82.8","1010.4","-","-"
"2024/07/11","05:00","9.72","190","20.41","82.4","1010.9","-","-"
"2024/07/11","06:00","12.63","201","18.66","81.9","1010.6","-","-"
"2024/07/11","07:00","9.72","205","15.94","81.5","1011.2","-","-"
"2024/07/11","08:00","8.94","200","12.63","81.5","1011.9","-","-"
"2024/07/11","09:00","6.03","235","7.19","81.3","1012.6","-","-"
"2024/07/11","10:00","3.89","253","4.08","80.8","1013","-","-"
"2024/07/11","11:00","3.3","250","4.28","80.4","1013.6","-","-"
"2024/07/11","12:00","4.47","318","5.25","81.3","1014.1","-","-"
"2024/07/11","13:00","4.08","10","4.67","81.7","1014.5","-","-"
"2024/07/11","14:00","9.33","33","11.27","81.7","1015.1","-","-"
"2024/07/11","15:00","11.47","41","14.19","81.5","1015.6","-","-"
"2024/07/11","16:00","12.83","60","15.55","80.6","1015.9","-","-"
"2024/07/11","17:00","13.41","70","14.97","80.2","1016.2","-","-"
"2024/07/11","18:00","11.27","82","12.63","78.8","1015.9","-","-"
"2024/07/11","19:00","10.3","85","11.86","78.6","1016.4","-","-"
"2024/07/11","20:00","6.41","89","9.91","78.4","1016.4","-","-"
"2024/07/11","21:00","7.78","111","10.3","77.7","1016.5","-","-"
"2024/07/11","22:00","5.25","75","6.22","77.7","1016.2","-","-"
"2024/07/11","23:00","6.8","77","9.14","77.5","1016.4","-","-"
"2024/07/12","00:00","6.61","82","8.94","77.7","1016.8","-","-"
"2024/07/12","01:00","4.67","92","7.58","78.6","1017.2","-","-"
"2024/07/12","02:00","7.19","84","8.94","78.3","1017.2","-","-"
"2024/07/12","03:00","3.69","131","5.83","78.4","1017.5","-","-"
"2024/07/12","04:00","2.72","130","4.08","78.1","1017.5","-","-"
"2024/07/12","05:00","3.5","125","4.47","78.1","1017.6","-","-"
"2024/07/12","06:00","5.44","151","6.22","78.3","1017.5","-","-"
"2024/07/12","07:00","4.28","164","5.64","78.3","1017","-","-"
"2024/07/12","08:00","7.19","186","8.94","77.7","1017.5","-","-"
"2024/07/12","09:00","5.44","172","8.16","77.5","1017.9","-","-"
"2024/07/12","10:00","1.75","180","2.72","77","1018.4","-","-"
"2024/07/12","11:00","5.05","182","7","76.1","1019","-","-"
"2024/07/12","12:00","3.89","162","4.86","77.5","1019.4","-","-"
"2024/07/12","13:00","6.61","152","8.55","79.7","1019.7","-","-"
"2024/07/12","14:00","7.58","168","10.3","82","1019.8","-","-"
"2024/07/12","15:00","3.89","192","7.58","83.3","1020.3","-","-"
"2024/07/12","16:00","2.33","236","4.28","82.2","1020.5","-","-"
"2024/07/12","17:00","18.66","267","25.66","75","1021","-","-"
"2024/07/12","18:00","4.86","350","5.83","73.4","1021.3","-","-"
"2024/07/12","19:00","4.08","37","6.03","73.6","1021","-","-"
"2024/07/12","20:00","6.41","97","8.94","77.4","1021","-","-"
"2024/07/12","21:00","4.08","148","5.83","77.7","1021.7","-","-"
"2024/07/12","22:00","5.64","186","9.33","74.5","1021.7","-","-"
"2024/07/12","23:00","5.83","141","7.58","73.9","1021.8","-","-"
"2024/07/13","00:00","2.33","197","4.08","73.9","1022.2","-","-"
"2024/07/13","01:00","1.94","145","4.08","74.5","1022","-","-"
"2024/07/13","02:00","2.92","228","3.89","74.7","1022.1","-","-"
"2024/07/13","03:00","0.97","69","1.75","75","1021.9","-","-"
"2024/07/13","04:00","7.97","151","9.14","75.9","1021.8","-","-"
"2024/07/13","05:00","7","157","9.33","75.6","1021.7","-","-"
"2024/07/13","06:00","2.92","174","6.41","75.4","1021.5","-","-"
"2024/07/13","07:00","5.83","150","8.36","75.4","1020.7","-","-"
"2024/07/13","08:00","4.47","151","5.64","75.2","1019.9","-","-"
"2024/07/13","09:00","4.86","164","6.8","75.6","1020.4","-","-"
"2024/07/13","10:00","5.25","155","7.58","76.1","1020.6","-","-"
"2024/07/13","11:00","4.67","161","7","77","1020.9","-","-"
"2024/07/13","12:00","4.67","184","7.19","78.1","1020.9","-","-"
"2024/07/13","13:00","6.41","184","9.52","78.6","1020.8","-","-"
"2024/07/13","14:00","3.69","206","7.19","80.1","1020.9","-","-"
"2024/07/13","15:00","4.86","224","7","80.4","1020.7","-","-"
"2024/07/13","16:00","2.14","181","4.47","82.4","1020.5","-","-"
"2024/07/13","17:00","8.55","261","14.97","83.7","1019.7","-","-"
"2024/07/13","18:00","9.14","269","12.63","85.6","1019.5","-","-"
"2024/07/13","19:00","7.19","258","12.63","86.5","1018.9","-","-"
"2024/07/13","20:00","6.61","224","7.58","87.3","1018.7","-","-"
"2024/07/13","21:00","7.97","306","9.14","85.6","1018.6","-","-"
"2024/07/13","22:00","8.16","320","10.11","85.3","1018.3","-","-"
"2024/07/13","23:00","1.94","274","3.11","86.9","1018.6","-","-"
"2024/07/14","00:00","3.69","90","5.05","84.4","1019","-","-"
"2024/07/14","01:00","2.92","51","4.08","83.1","1019.3","-","-"
"2024/07/14","02:00","2.14","82","3.11","82.8","1019.6","-","-"
"2024/07/14","03:00","1.94","151","2.72","81","1019.6","-","-"
"2024/07/14","04:00","0.78","159","1.17","80.2","1019.4","-","-"
"2024/07/14","05:00","3.69","212","4.28","79.7","1019.1","-","-"
"2024/07/14","06:00","2.14","226","2.53","79.3","1018.6","-","-"
"2024/07/14","07:00","5.64","216","7.39","79","1018.1","-","-"
"2024/07/14","08:00","2.14","237","2.92","78.8","1018.3","-","-"
"2024/07/14","09:00","2.33","216","2.72","77.9","1018.2","-","-"
"2024/07/14","10:00","2.14","250","3.11","77.4","1018.1","-","-"
"2024/07/14","11:00","1.75","230","2.53","78.6","1018.3","-","-"
"2024/07/14","12:00","2.33","313","2.72","80.8","1018.7","-","-"
"2024/07/14","13:00","1.17","39","1.56","83.8","1019","-","-"
"2024/07/14","14:00","1.56","51","2.72","85.3","1018.8","-","-"
"2024/07/14","15:00","3.5","49","4.67","85.6","1018.7","-","-"
"2024/07/14","16:00","8.16","57","8.75","84.7","1018.6","-","-"
"2024/07/14","17:00","8.94","71","9.52","85.6","1018.3","-","-"
"2024/07/14","18:00","8.36","62","9.72","86.7","1017.6","-","-"
"2024/07/14","19:00","7.39","65","7.97","87.1","1016.6","-","-"
"2024/07/14","20:00","6.8","206","8.55","92.1","1015.7","-","-"
"2024/07/14","21:00","6.8","199","9.14","92.3","1015.3","-","-"
"2024/07/14","22:00","2.92","231","6.22","93","1015.3","-","-"
"2024/07/14","23:00","5.64","146","7.19","91","1015.5","-","-"
"2024/07/15","00:00","6.41","186","8.75","88.2","1015.4","-","-"
"2024/07/15","01:00","8.94","196","11.86","84.4","1015.5","-","-"
"2024/07/15","02:00","7.97","192","9.91","82.9","1016","-","-"
"2024/07/15","03:00","7.58","209","11.27","81.7","1015.7","-","-"
"2024/07/15","04:00","9.33","209","12.44","80.8","1015","-","-"
"2024/07/15","05:00","10.5","210","13.22","80.1","1014.8","-","-"
"2024/07/15","06:00","10.11","217","13.61","80.1","1014.4","-","-"
"2024/07/15","07:00","8.16","213","13.41","79.9","1013.9","-","-"
"2024/07/15","08:00","10.3","208","13.22","79.5","1013.9","-","-"
"2024/07/15","09:00","8.36","222","12.25","80.1","1014.2","-","-"
"2024/07/15","10:00","8.94","233","12.44","79.3","1014.2","-","-"
"2024/07/15","11:00","11.47","229","13.8","79.2","1014.4","-","-"
"2024/07/15","12:00","12.25","238","16.13","81.3","1015","-","-"
"2024/07/15","13:00","9.14","262","13.02","83.3","1015.2","-","-"
"2024/07/15","14:00","8.75","297","11.47","84.2","1015.2","-","-"
"2024/07/15","15:00","7.19","305","8.75","85.8","1015.1","-","-"
"2024/07/15","16:00","8.16","301","9.72","86.9","1015.2","-","-"
"2024/07/15","17:00","4.28","306","4.86","88.3","1014.9","-","-"
"2024/07/15","18:00","2.33","340","3.3","90.7","1014.4","-","-"
"2024/07/15","19:00","2.53","313","4.28","93","1013.7","-","-"
"2024/07/15","20:00","5.44","284","7.58","93.7","1013.1","-","-"
"2024/07/15","21:00","8.36","188","11.66","94.1","1012.4","-","-"
"2024/07/15","22:00","7.39","192","11.27","93.2","1012.1","-","-"
"2024/07/15","23:00","6.03","220","8.16","91.8","1012.2","-","-"
"2024/07/16","00:00","4.86","195","6.41","90.1","1012.3","-","-"
"2024/07/16","01:00","7.97","186","9.52","89.2","1012.4","-","-"
"2024/07/16","02:00","5.44","194","7.78","87.6","1012.5","-","-"
"2024/07/16","03:00","7","185","9.91","86.4","1012.3","-","-"
"2024/07/16","04:00","10.3","198","13.61","85.8","1012.2","-","-"
"2024/07/16","05:00","11.08","224","14.97","85.6","1012","-","-"
"2024/07/16","06:00","11.66","213","17.49","84.4","1011.7","-","-"
"2024/07/16","07:00","9.52","226","13.8","83.1","1011.6","-","-"
"2024/07/16","08:00","11.47","223","15.16","81.7","1011.8","-","-"
"2024/07/16","09:00","8.36","236","10.89","80.8","1012.5","-","-"
"2024/07/16","10:00","11.27","219","15.36","79.9","1012.4","-","-"
"2024/07/16","11:00","9.91","205","13.22","79.7","1012.6","-","-"
"2024/07/16","12:00","9.72","209","12.83","80.4","1013","-","-"
"2024/07/16","13:00","8.36","214","15.94","82","1013.1","-","-"
"2024/07/16","14:00","9.14","224","12.83","84.2","1013","-","-"
"2024/07/16","15:00","9.52","222","12.25","85.5","1013","-","-"
"2024/07/16","16:00","9.72","206","12.44","87.8","1012.8","-","-"
"2024/07/16","17:00","12.05","221","16.52","88.7","1012.5","-","-"
"2024/07/16","18:00","12.83","208","16.13","90","1012","-","-"
"2024/07/16","19:00","14","198","17.11","91.4","1011.6","-","-"
"2024/07/16","20:00","11.66","192","16.13","92.1","1011.1","-","-"
"2024/07/16","21:00","8.16","214","14.97","-","-","-","-"
"2024/07/16","22:00","15.55","204","20.8","92.3","1010.6","-","-"
"2024/07/16","23:00","12.63","210","19.63","91.8","1010.9","-","-"
"2024/07/17","00:00","8.94","206","14","90.3","1011.4","-","-"
"2024/07/17","01:00","8.36","193","13.41","88.9","1011.5","-","-"
"2024/07/17","02:00","10.11","202","14.19","88.3","1011.9","-","-"
"2024/07/17","03:00","7.39","209","11.27","87.6","1012","-","-"
"2024/07/17","04:00","8.94","207","10.5","86.9","1012.1","-","-"
"2024/07/17","05:00","9.91","209","13.41","85.3","1012","-","-"
"2024/07/17","06:00","9.33","215","12.63","84.4","1011.9","-","-"
"2024/07/17","07:00","11.27","212","15.16","83.7","1011.4","-","-"
"2024/07/17","08:00","10.11","202","15.16","82.8","1011.2","-","-"
"2024/07/17","09:00","10.11","205","14.77","82","1011.5","-","-"
"2024/07/17","10:00","10.11","205","13.22","81.1","1012.2","-","-"
"2024/07/17","11:00","8.55","216","14.19","80.2","1012.8","-","-"
"2024/07/17","12:00","10.69","231","15.94","81.1","1013.4","-","-"
"2024/07/17","13:00","11.08","224","14.58","81.9","1013.8","-","-"
"2024/07/17","14:00","10.5","245","15.36","83.7","1013.7","-","-"
"2024/07/17","15:00","10.11","213","12.25","84.4","1013.3","-","-"
"2024/07/17","16:00","12.44","202","16.52","86.4","1013","-","-"
"2024/07/17","17:00","13.61","201","15.94","88.2","1012.9","-","-"
"2024/07/17","18:00","13.8","209","17.69","89.4","1012.3","-","-"
"2024/07/17","19:00","9.72","196","15.55","91.2","1011.9","-","-"
"2024/07/17","20:00","8.94","187","13.61","91.2","1011","-","-"
"2024/07/17","21:00","11.86","183","18.86","91.2","1010.7","-","-"
"2024/07/17","22:00","11.27","184","15.94","82.9","1010.6","-","-"
"2024/07/17","23:00","12.63","204","17.11","83.3","1010.7","-","-"
"2024/07/18","00:00","7.19","224","8.75","82.2","1011.3","-","-"
"2024/07/18","01:00","7.58","201","11.27","81.9","1011.4","-","-"
"2024/07/18","02:00","9.72","218","14.97","80.8","1011.9","-","-"
"2024/07/18","03:00","13.41","233","17.88","79.7","1011.9","-","-"
"2024/07/18","04:00","8.94","224","12.44","78.1","1012.2","-","-"
"2024/07/18","05:00","11.47","217","15.36","77.5","1012.1","-","-"
"2024/07/18","06:00","11.66","187","15.94","76.6","1011.8","-","-"
"2024/07/18","07:00","4.28","235","6.41","75.4","1011.5","-","-"
"2024/07/18","08:00","3.69","250","5.64","74.3","1011.7","-","-"
"2024/07/18","09:00","3.5","232","4.08","74.5","1012.1","-","-"
"2024/07/18","10:00","2.92","205","4.08","74.3","1013.2","-","-"
"2024/07/18","11:00","3.89","217","6.03","74.5","1013.5","-","-"
"2024/07/18","12:00","2.53","230","3.69","76.1","1013.9","-","-"
"2024/07/18","13:00","3.69","242","5.05","76.6","1014.2","-","-"
"2024/07/18","14:00","3.89","279","5.44","78.4","1014.1","-","-"
"2024/07/18","15:00","5.25","216","7","78.6","1013.8","-","-"
"2024/07/18","16:00","4.47","233","6.41","78.8","1014","-","-"
"2024/07/18","17:00","2.72","261","4.86","79.9","1014","-","-"
"2024/07/18","18:00","3.11","254","4.86","80.2","1013.9","-","-"
"2024/07/18","19:00","4.08","321","4.28","81.1","1013.4","-","-"
"2024/07/18","20:00","6.8","313","8.16","81","1012.7","-","-"
"2024/07/18","21:00","8.36","336","9.14","79.9","1012.7","-","-"
"2024/07/18","22:00","6.8","333","8.75","77.7","1012.8","-","-"
"2024/07/18","23:00","4.28","34","5.44","78.3","1012.7","-","-"
"2024/07/19","00:00","1.36","21","3.69","78.6","1014.1","-","-"
"2024/07/19","01:00","2.92","337","4.47","78.8","1014.4","-","-"
"2024/07/19","02:00","4.67","346","5.64","78.4","1014.9","-","-"
"2024/07/19","03:00","2.72","248","3.11","77.4","1015.4","-","-"
"2024/07/19","04:00","2.53","250","2.92","77.4","1015.6","-","-"
"2024/07/19","05:00","5.25","342","6.61","77.7","1015.6","-","-"
"2024/07/19","06:00","5.83","4","7.97","77","1015.4","-","-"
"2024/07/19","07:00","7","5","8.16","76.6","1015.6","-","-"
"2024/07/19","08:00","6.41","8","7.58","75.9","1015.4","-","-"
"2024/07/19","09:00","5.05","11","5.83","76.8","1015.8","-","-"
"2024/07/19","10:00","6.41","359","7.58","76.1","1016.5","-","-"
"2024/07/19","11:00","5.05","2","6.41","76.5","1017.5","-","-"
"2024/07/19","12:00","6.61","16","9.33","77.2","1018.2","-","-"
"2024/07/19","13:00","15.16","63","17.11","79.7","1018.9","-","-"
"2024/07/19","14:00","11.66","64","13.8","79","1019","-","-"
"2024/07/19","15:00","10.3","63","11.47","79.2","1019.7","-","-"
"2024/07/19","16:00","10.5","63","11.66","79.3","1019.9","-","-"
"2024/07/19","17:00","10.5","78","12.83","79.2","1020.1","-","-"
"2024/07/19","18:00","10.5","78","12.05","79.5","1019.7","-","-"
"2024/07/19","19:00","10.69","76","13.41","80.2","1019.7","-","-"
"2024/07/19","20:00","10.11","75","11.66","80.1","1019.3","-","-"
"2024/07/19","21:00","11.08","71","13.41","79.7","1018.9","-","-"
"2024/07/19","22:00","10.5","78","11.66","79.5","1019.2","-","-"
"2024/07/19","23:00","11.66","87","14.19","78.4","1019.3","-","-"
"2024/07/20","00:00","9.72","95","12.05","78.4","1019.4","-","-"
"2024/07/20","01:00","9.14","105","11.66","77.7","1019.9","-","-"
"2024/07/20","02:00","11.47","92","13.8","77.7","1020.3","-","-"
"2024/07/20","03:00","12.63","91","14.58","78.1","1020.2","-","-"
"2024/07/20","04:00","8.94","101","11.66","78.1","1020","-","-"
"2024/07/20","05:00","7.58","100","9.91","78.1","1019.4","-","-"
"2024/07/20","06:00","10.11","94","12.25","78.4","1018.9","-","-"
"2024/07/20","07:00","8.16","119","10.5","78.6","1018.7","-","-"
"2024/07/20","08:00","6.03","142","8.94","78.4","1018.4","-","-"
"2024/07/20","09:00","4.28","149","5.25","77.9","1018.3","-","-"
"2024/07/20","10:00","1.94","136","3.89","77.9","1018.5","-","-"
"2024/07/20","11:00","7","133","9.14","78.4","1018.6","-","-"
"2024/07/20","12:00","7","111","9.72","78.8","1018.9","-","-"
"2024/07/20","13:00","4.47","50","9.33","75.4","1018.9","-","-"
"2024/07/20","14:00","8.36","330","10.69","77","1018.9","-","-"
"2024/07/20","15:00","7","4","7.97","76.1","1018.9","-","-"
"2024/07/20","16:00","4.47","32","5.44","78.6","1018.6","-","-"
"2024/07/20","17:00","4.47","6","6.22","77.7","1018.3","-","-"
"2024/07/20","18:00","9.91","66","11.47","78.4","1017.6","-","-"
"2024/07/20","19:00","16.72","58","18.86","77.2","1016.8","-","-"
"2024/07/20","20:00","5.25","266","13.61","74.1","1016.8","-","-"
"2024/07/20","21:00","11.86","338","13.8","76.5","1016.4","-","-"
"2024/07/20","22:00","5.44","277","8.36","75.4","1016","-","-"
"2024/07/20","23:00","7.58","311","9.72","75.6","1016","-","-"
"2024/07/21","00:00","4.28","322","5.64","75.2","1016.1","-","-"
"2024/07/21","01:00","8.94","287","10.11","74.5","1016.5","-","-"
"2024/07/21","02:00","9.14","292","12.63","74.3","1017","-","-"
"2024/07/21","03:00","8.55","291","10.3","73.9","1016.3","-","-"
"2024/07/21","04:00","6.8","271","8.75","73.2","1016.3","-","-"
"2024/07/21","05:00","7.19","275","7.97","73.8","1016.5","-","-"
"2024/07/21","06:00","8.36","283","10.11","73.4","1016.8","-","-"
"2024/07/21","07:00","4.47","253","6.03","72.7","1016.5","-","-"
"2024/07/21","08:00","5.05","238","6.8","71.6","1016.4","-","-"
"2024/07/21","09:00","5.83","265","6.61","71.8","1016.6","-","-"
"2024/07/21","10:00","3.69","254","4.67","71.4","1016.9","-","-"
"2024/07/21","11:00","4.86","264","5.64","72.1","1017.5","-","-"
"2024/07/21","12:00","2.92","277","4.28","73.6","1018","-","-"
"2024/07/21","13:00","3.3","243","4.47","74.7","1018.2","-","-"
"2024/07/21","14:00","3.5","279","4.67","77","1018.3","-","-"
"2024/07/21","15:00","0.78","12","1.56","81","1018.4","-","-"
"2024/07/21","16:00","3.3","360","4.08","79.3","1018.5","-","-"
"2024/07/21","17:00","1.75","19","2.53","81.3","1018.3","-","-"
"2024/07/21","18:00","5.83","69","6.8","80.2","1018.2","-","-"
"2024/07/21","19:00","7","78","7.39","81.1","1017.8","-","-"
"2024/07/21","20:00","6.61","79","8.75","81.5","1017.7","-","-"
"2024/07/21","21:00","6.41","79","8.16","82","1017","-","-"
"2024/07/21","22:00","7.58","81","8.16","81.9","1016.7","-","-"
"2024/07/21","23:00","7.78","99","9.33","82.2","1016.8","-","-"
"2024/07/22","00:00","6.03","114","8.75","80.6","1017.2","-","-"
"2024/07/22","01:00","7.97","128","9.91","79.3","1017.7","-","-"
"2024/07/22","02:00","5.64","138","7.39","78.8","1018.3","-","-"
"2024/07/22","03:00","6.61","146","7.58","77.9","1018.5","-","-"
"2024/07/22","04:00","5.44","157","7.78","77.4","1018.3","-","-"
"2024/07/22","05:00","4.28","165","6.03","76.8","1018.5","-","-"
"2024/07/22","06:00","4.47","168","5.64","76.3","1017.9","-","-"
"2024/07/22","07:00","2.14","140","3.11","76.5","1017.5","-","-"
"2024/07/22","08:00","4.86","155","5.83","76.1","1017","-","-"
"2024/07/22","09:00","3.3","134","4.28","76.5","1016.9","-","-"
"2024/07/22","10:00","2.92","147","3.89","76.6","1017.2","-","-"
"2024/07/22","11:00","2.92","252","4.47","73.4","1017.4","-","-"
"2024/07/22","12:00","5.44","34","6.8","74.1","1017.8","-","-"
"2024/07/22","13:00","3.5","59","4.86","74.3","1018","-","-"
"2024/07/22","14:00","3.5","76","4.08","74.3","1018","-","-"
"2024/07/22","15:00","5.25","98","6.22","77","1018.1","-","-"
"2024/07/22","16:00","3.3","114","5.05","78.4","1018.1","-","-"
"2024/07/22","17:00","6.8","121","8.94","79.9","1017.4","-","-"
"2024/07/22","18:00","5.83","190","9.14","82.6","1016.8","-","-"
"2024/07/22","19:00","5.44","176","10.69","84","1016","-","-"
"2024/07/22","20:00","5.64","182","8.75","83.5","1015.4","-","-"
"2024/07/22","21:00","6.41","182","8.55","84.4","1015","-","-"
"2024/07/22","22:00","4.28","212","6.03","82.6","1015.4","-","-"
"2024/07/22","23:00","7.97","200","16.33","75.9","1015.8","-","-"
"2024/07/23","00:00","7","212","9.52","75.7","1015.4","-","-"
"2024/07/23","01:00","7.78","204","11.47","75.9","1015.4","-","-"
"2024/07/23","02:00","7.97","195","9.72","75.7","1016.4","-","-"
"2024/07/23","03:00","8.75","217","15.16","75.9","1016.4","-","-"
"2024/07/23","04:00","9.33","206","13.22","75.9","1016.1","-","-"
"2024/07/23","05:00","8.94","219","11.47","76.1","1016.4","-","-"
"2024/07/23","06:00","10.11","217","14","76.3","1016.6","-","-"
"2024/07/23","07:00","9.91","225","12.25","75.9","1016.3","-","-"
"2024/07/23","08:00","7.58","220","10.5","75.4","1016.4","-","-"
"2024/07/23","09:00","7.97","218","12.05","75.7","1016.8","-","-"
"2024/07/23","10:00","8.75","224","14","76.3","1017.2","-","-"
"2024/07/23","11:00","8.16","241","11.86","76.3","1017.6","-","-"
"2024/07/23","12:00","7.39","215","9.72","77","1018.3","-","-"
"2024/07/23","13:00","7.19","254","9.14","78.1","1018.7","-","-"
"2024/07/23","14:00","6.41","237","9.33","79.5","1018.9","-","-"
"2024/07/23","15:00","5.83","275","8.16","81.9","1018.9","-","-"
"2024/07/23","16:00","4.47","339","8.36","82.8","1019","-","-"
"2024/07/23","17:00","1.94","350","3.69","84.7","1018.8","-","-"
"2024/07/23","18:00","6.8","71","8.16","82.4","1018.5","-","-"
"2024/07/23","19:00","13.8","305","17.3","79.9","1018.5","-","-"
"2024/07/23","20:00","8.55","148","11.08","78.3","1018.4","-","-"
"2024/07/23","21:00","7.97","178","9.72","77","1018.2","-","-"
"2024/07/23","22:00","8.16","125","11.47","76.8","1018.6","-","-"
"2024/07/23","23:00","5.44","152","7.97","77","1018.5","-","-"
"2024/07/24","00:00","7.39","202","10.5","77.2","1019.2","-","-"
"2024/07/24","01:00","2.14","188","4.47","76.5","1019.2","-","-"
"2024/07/24","02:00","3.3","172","4.08","76.5","1019.5","-","-"
"2024/07/24","03:00","1.94","119","2.53","76.6","1019.7","-","-"
"2024/07/24","04:00","7.19","149","8.55","77.2","1019.3","-","-"
"2024/07/24","05:00","5.05","181","8.94","78.3","1019.3","-","-"
"2024/07/24","06:00","3.89","331","5.44","75.9","1019.6","-","-"
"2024/07/24","07:00","2.92","155","3.3","76.5","1019.7","-","-"
"2024/07/24","08:00","8.75","212","12.83","76.3","1019.5","-","-"
"2024/07/24","09:00","6.61","195","8.75","75","1019.3","-","-"
"2024/07/24","10:00","5.05","217","7","74.7","1019.5","-","-"
"2024/07/24","11:00","9.33","238","11.47","75.2","1020.1","-","-"
"2024/07/24","12:00","6.22","222","8.94","75.4","1020.1","-","-"
"2024/07/24","13:00","7.19","247","9.52","76.3","1020","-","-"
"2024/07/24","14:00","6.41","238","9.14","77.5","1020.1","-","-"
"2024/07/24","15:00","6.61","229","8.55","77.9","1020.8","-","-"
"2024/07/24","16:00","8.16","229","13.22","79.2","1021.1","-","-"
"2024/07/24","17:00","8.36","226","11.27","81.5","1020.7","-","-"
"2024/07/24","18:00","8.55","256","11.27","83.1","1020.3","-","-"
"2024/07/24","19:00","5.83","227","10.89","83.5","1019.6","-","-"
"2024/07/24","20:00","8.94","239","12.44","84.7","1019","-","-"
"2024/07/24","21:00","9.52","216","12.05","84.7","1018.9","-","-"
"2024/07/24","22:00","11.08","224","15.36","85.3","1018.8","-","-"
"2024/07/24","23:00","5.05","236","7.39","84","1019.1","-","-"
"2024/07/25","00:00","6.41","222","8.16","82.9","1019.7","-","-"
"2024/07/25","01:00","7.97","214","11.27","82.4","1020","-","-"
"2024/07/25","02:00","7.78","227","9.52","80.1","1020.8","-","-"
"2024/07/25","03:00","7.19","237","11.08","79.7","1020","-","-"
"2024/07/25","04:00","6.61","225","9.72","78.3","1020.5","-","-"
"2024/07/25","05:00","5.83","239","8.75","77.2","1020.4","-","-"
"2024/07/25","06:00","9.14","231","11.27","76.6","1020.6","-","-"
"2024/07/25","07:00","11.86","249","16.13","75.6","1020.3","-","-"
"2024/07/25","08:00","8.36","226","11.27","75.4","1020.2","-","-"
"2024/07/25","09:00","10.69","231","13.61","74.8","1020.6","-","-"
"2024/07/25","10:00","6.8","232","8.94","74.1","1020.3","-","-"
"2024/07/25","11:00","5.44","208","8.55","74.1","1020.2","-","-"
"2024/07/25","12:00","3.11","245","6.22","74.3","1020.5","-","-"
"2024/07/25","13:00","8.16","237","11.08","74.8","1021.2","-","-"
"2024/07/25","14:00","7.58","237","10.11","74.7","1021.3","-","-"
"2024/07/25","15:00","5.64","243","7.97","75","1021.7","-","-"
"2024/07/25","16:00","5.25","230","6.8","75.2","1021","-","-"
"2024/07/25","17:00","5.44","207","7.19","75.9","1020.3","-","-"
"2024/07/25","18:00","4.08","204","6.41","77","1019.9","-","-"
"2024/07/25","19:00","5.83","215","6.8","77.2","1019.2","-","-"
"2024/07/25","20:00","3.89","202","6.61","78.1","1018.6","-","-"
"2024/07/25","21:00","3.5","197","5.64","78.8","1018.5","-","-"
"2024/07/25","22:00","3.3","212","5.05","78.6","1018.4","-","-"
"2024/07/25","23:00","2.33","226","3.11","78.4","1018.8","-","-"
"2024/07/26","00:00","4.28","165","5.25","78.1","1018.7","-","-"
"2024/07/26","01:00","4.67","189","5.83","77","1018.9","-","-"
"2024/07/26","02:00","4.86","208","6.03","76.3","1018.8","-","-"
"2024/07/26","03:00","2.33","214","3.5","75.7","1019.1","-","-"
"2024/07/26","04:00","1.75","267","2.72","75.4","1018.8","-","-"
"2024/07/26","05:00","3.89","261","4.47","75","1018.9","-","-"
"2024/07/26","06:00","5.25","255","6.22","75.4","1018.6","-","-"
"2024/07/26","07:00","3.5","232","4.47","75","1018.6","-","-"
"2024/07/26","08:00","3.69","292","4.28","74.8","1018.4","-","-"
"2024/07/26","09:00","3.11","233","4.08","74.3","1018.3","-","-"
"2024/07/26","10:00","3.11","297","3.69","75","1018.5","-","-"
"2024/07/26","11:00","5.25","348","6.22","75.6","1018.7","-","-"
"2024/07/26","12:00","4.28","339","5.25","75.7","1019.3","-","-"
"2024/07/26","13:00","4.28","6","4.86","76.8","1019.5","-","-"
"2024/07/26","14:00","14.38","51","17.11","77.7","1019.9","-","-"
"2024/07/26","15:00","16.52","62","18.66","76.5","1020.3","-","-"
"2024/07/26","16:00","12.83","63","16.52","77","1020.2","-","-"
"2024/07/26","17:00","11.47","64","13.41","77.2","1019.9","-","-"
"2024/07/26","18:00","11.27","67","14.97","77.4","1019.9","-","-"
"2024/07/26","19:00","11.47","71","13.61","77","1019.7","-","-"
"2024/07/26","20:00","11.27","70","13.22","77.4","1019.2","-","-"
"2024/07/26","21:00","10.89","73","12.05","77.5","1019","-","-"
"2024/07/26","22:00","7.58","75","9.52","77.4","1019.2","-","-"
"2024/07/26","23:00","9.52","75","10.5","77.7","1018.8","-","-"
"2024/07/27","00:00","4.67","94","7.78","77.5","1018.9","-","-"
"2024/07/27","01:00","8.16","80","10.5","77.9","1018.9","-","-"
"2024/07/27","02:00","9.52","71","10.5","77.9","1019.2","-","-"
"2024/07/27","03:00","8.55","64","9.72","78.1","1019.4","-","-"
"2024/07/27","04:00","6.03","34","6.8","76.8","1019.5","-","-"
"2024/07/27","05:00","6.03","44","7","76.1","1019.6","-","-"
"2024/07/27","06:00","6.22","41","7.58","75.9","1018.9","-","-"
"2024/07/27","07:00","4.28","11","5.05","75.7","1018.8","-","-"
"2024/07/27","08:00","2.92","342","3.5","74.5","1018.6","-","-"
"2024/07/27","09:00","5.25","351","5.64","73.8","1018.5","-","-"
"2024/07/27","10:00","5.44","20","6.41","73.9","1018.6","-","-"
"2024/07/27","11:00","4.86","9","6.41","73.6","1019.4","-","-"
"2024/07/27","12:00","2.33","336","3.3","74.7","1019.8","-","-"
"2024/07/27","13:00","10.3","44","11.47","77.5","1020.1","-","-"
"2024/07/27","14:00","11.86","36","14.58","77.7","1020.4","-","-"
"2024/07/27","15:00","6.8","39","12.83","79.2","1020.6","-","-"
"2024/07/27","16:00","9.72","68","11.08","79.3","1020.8","-","-"
"2024/07/27","17:00","10.3","72","11.27","79.3","1020.8","-","-"
"2024/07/27","18:00","10.11","77","10.69","79.7","1020.5","-","-"
"2024/07/27","19:00","7.97","84","10.11","79.9","1020.5","-","-"
"2024/07/27","20:00","7.19","90","8.55","80.6","1019.9","-","-"
"2024/07/27","21:00","7","91","11.27","81.1","1019.5","-","-"
"2024/07/27","22:00","6.41","91","8.16","80.6","1019.4","-","-"
"2024/07/27","23:00","4.86","115","7","80.1","1019.4","-","-"
"2024/07/28","00:00","4.08","127","5.64","78.8","1019.6","-","-"
"2024/07/28","01:00","3.89","146","4.86","76.8","1019.7","-","-"
"2024/07/28","02:00","3.89","142","5.64","75.4","1020.1","-","-"
"2024/07/28","03:00","1.56","185","2.14","73.8","1020.5","-","-"
"2024/07/28","04:00","1.75","187","2.53","72.3","1020.6","-","-"
"2024/07/28","05:00","0.39","202","1.75","72","1020.5","-","-"
"2024/07/28","06:00","3.11","228","4.28","69.8","1020.5","-","-"
"2024/07/28","07:00","3.3","284","4.28","72.5","1020.4","-","-"
"2024/07/28","08:00","4.47","279","5.05","71.4","1020.3","-","-"
"2024/07/28","09:00","5.64","278","6.41","71.1","1020.6","-","-"
"2024/07/28","10:00","7.78","288","8.94","71.6","1020.9","-","-"
"2024/07/28","11:00","4.47","283","5.44","71.4","1021.1","-","-"
"2024/07/28","12:00","3.3","263","3.89","73.8","1021.2","-","-"
"2024/07/28","13:00","6.8","304","8.36","75.6","1021.3","-","-"
"2024/07/28","14:00","6.03","313","7","76.8","1021.4","-","-"
"2024/07/28","15:00","3.89","305","4.67","78.6","1021.5","-","-"
"2024/07/28","16:00","5.44","83","6.41","79.2","1021.3","-","-"
"2024/07/28","17:00","7.19","83","7.78","79.5","1020.9","-","-"
"2024/07/28","18:00","5.25","76","5.83","80.6","1020.2","-","-"
"2024/07/28","19:00","4.86","73","5.25","81.5","1019.6","-","-"
"2024/07/28","20:00","6.41","79","8.55","81.7","1018.8","-","-"
"2024/07/28","21:00","7.97","84","8.94","81.7","1018.4","-","-"
"2024/07/28","22:00","6.41","105","8.16","82.9","1018.2","-","-"
"2024/07/28","23:00","6.61","135","8.16","83.1","1017.9","-","-"
"2024/07/29","00:00","7.39","124","9.52","80.2","1018.3","-","-"
"2024/07/29","01:00","6.8","142","8.36","77.9","1018.6","-","-"
"2024/07/29","02:00","6.8","174","8.55","76.8","1019","-","-"
"2024/07/29","03:00","6.8","183","8.36","75.9","1018.8","-","-"
"2024/07/29","04:00","7.97","190","11.86","75.2","1018.6","-","-"
"2024/07/29","05:00","7.19","191","10.5","74.8","1018.6","-","-"
"2024/07/29","06:00","7.58","181","10.5","74.3","1018","-","-"
"2024/07/29","07:00","7.19","196","9.91","73.4","1017.4","-","-"
"2024/07/29","08:00","11.08","200","14.38","73.9","1017.1","-","-"
"2024/07/29","09:00","9.91","200","13.61","73","1017.2","-","-"
"2024/07/29","10:00","10.5","195","13.41","73","1017.3","-","-"
"2024/07/29","11:00","8.16","200","12.63","72.5","1017.6","-","-"
"2024/07/29","12:00","8.36","193","12.25","73.8","1017.5","-","-"
"2024/07/29","13:00","9.33","196","13.8","75.6","1017.3","-","-"
"2024/07/29","14:00","9.33","191","12.05","78.3","1017","-","-"
"2024/07/29","15:00","7","210","12.05","80.8","1016.9","-","-"
"2024/07/29","16:00","9.52","212","14.77","82.6","1016.7","-","-"
"2024/07/29","17:00","11.86","218","16.13","83.8","1016","-","-"
"2024/07/29","18:00","10.89","210","16.13","83.5","1016","-","-"
"2024/07/29","19:00","10.3","228","14.38","84.2","1015.6","-","-"
"2024/07/29","20:00","10.89","222","16.33","84.4","1015.2","-","-"
"2024/07/29","21:00","13.41","223","20.22","83.1","1015.1","-","-"
"2024/07/29","22:00","9.52","205","15.75","82.6","1014.9","-","-"
"2024/07/29","23:00","7.39","226","10.89","81.1","1015.2","-","-"
"2024/07/30","00:00","9.72","199","11.47","80.2","1015.3","-","-"
"2024/07/30","01:00","7.19","202","10.5","78.8","1015.8","-","-"
"2024/07/30","02:00","6.22","222","8.55","78.1","1016.6","-","-"
"2024/07/30","03:00","8.75","201","13.61","77.2","1016.5","-","-"
"2024/07/30","04:00","7.39","193","9.91","76.1","1016.1","-","-"
"2024/07/30","05:00","12.25","201","15.55","75.2","1015.9","-","-"
"2024/07/30","06:00","8.16","193","13.61","75.6","1015.7","-","-"
"2024/07/30","07:00","7","195","11.86","75.4","1015.3","-","-"
"2024/07/30","08:00","9.14","205","14.77","76.3","1015.3","-","-"
"2024/07/30","09:00","4.67","198","9.91","75.7","1015.5","-","-"
"2024/07/30","10:00","6.03","180","9.52","75","1015.9","-","-"
"2024/07/30","11:00","7.58","191","11.27","74.7","1016.1","-","-"
"2024/07/30","12:00","5.05","200","7","75","1016.6","-","-"
"2024/07/30","13:00","5.05","187","7.97","75.7","1016.5","-","-"
"2024/07/30","14:00","7.97","201","13.02","77","1016.4","-","-"
"2024/07/30","15:00","8.55","207","12.44","79","1016.4","-","-"
"2024/07/30","16:00","8.94","196","14","81","1016.1","-","-"
"2024/07/30","17:00","10.5","196","14.58","82.8","1015.6","-","-"
"2024/07/30","18:00","12.05","177","17.69","84.2","1014.6","-","-"
"2024/07/30","19:00","11.47","179","19.05","85.3","1014.1","-","-"
"2024/07/30","20:00","11.08","185","15.94","85.6","1013.4","-","-"
"2024/07/30","21:00","13.02","193","17.88","86.2","1012.8","-","-"
"2024/07/30","22:00","13.22","163","16.33","86.2","1012.5","-","-"
"2024/07/30","23:00","8.94","185","11.27","85.1","1012.7","-","-"
"2024/07/31","00:00","7","184","8.75","84","1013.3","-","-"
"2024/07/31","01:00","12.44","231","18.47","72","1014.6","-","-"
"2024/07/31","02:00","5.83","163","7.58","72.3","1014.5","-","-"
"2024/07/31","03:00","2.33","139","5.25","73.6","1014.4","-","-"
"2024/07/31","04:00","4.08","127","5.44","73.8","1014.7","-","-"
"2024/07/31","05:00","7.58","180","8.75","74.3","1013.9","-","-"
"2024/07/31","06:00","6.22","183","7.97","74.5","1013.3","-","-"
"2024/07/31","07:00","7.58","200","9.72","74.1","1013.2","-","-"
"2024/07/31","08:00","8.94","197","13.41","74.8","1013.3","-","-"
"2024/07/31","09:00","10.5","196","14.19","74.1","1013.1","-","-"
"2024/07/31","10:00","6.61","201","9.14","74.1","1013.3","-","-"
"2024/07/31","11:00","5.05","212","10.11","74.8","1013.9","-","-"
"2024/07/31","12:00","6.61","216","9.52","76.3","1014.4","-","-"
"2024/07/31","13:00","8.75","196","13.02","77.5","1014.3","-","-"
"2024/07/31","14:00","7.78","230","10.89","78.8","1014.8","-","-"
"2024/07/31","15:00","1.75","218","5.83","81.5","1014.8","-","-"
"2024/07/31","16:00","3.89","347","4.47","82.2","1014.8","-","-"
"2024/07/31","17:00","3.11","334","4.08","84.6","1014.8","-","-"
"2024/07/31","18:00","4.08","80","5.44","82.8","1014.8","-","-"
"2024/07/31","19:00","4.28","64","5.64","84.7","1014.1","-","-"
"2024/07/31","20:00","4.47","55","5.64","85.1","1013.7","-","-"
"2024/07/31","21:00","3.69","47","4.47","85.5","1013.6","-","-"
"2024/07/31","22:00","6.22","232","7.97","88.7","1013.1","-","-"
"2024/07/31","23:00","5.64","230","7","87.3","1013.3","-","-"
"2024/08/01","00:00","3.89","232","4.67","85.6","1013.9","-","-"
"2024/08/01","01:00","4.67","215","5.64","83.7","1014.7","-","-"
"2024/08/01","02:00","3.5","178","5.05","83.3","1015.3","-","-"
"2024/08/01","03:00","5.44","211","7.39","82","1015.3","-","-"
"2024/08/01","04:00","6.41","214","8.55","81.7","1015","-","-"
"2024/08/01","05:00","4.67","190","6.22","80.2","1014.9","-","-"
"2024/08/01","06:00","4.67","196","6.8","80.4","1014.7","-","-"
"2024/08/01","07:00","7.97","205","9.33","79.3","1014.5","-","-"
"2024/08/01","08:00","8.75","204","9.91","79","1014.3","-","-"
"2024/08/01","09:00","1.56","212","2.72","78.4","1014.4","-","-"
"2024/08/01","10:00","1.17","221","3.69","77.7","1014.4","-","-"
"2024/08/01","11:00","4.86","209","8.16","78.1","1015.3","-","-"
"2024/08/01","12:00","2.72","247","4.08","79.9","1015.8","-","-"
"2024/08/01","13:00","4.86","222","7.39","81.7","1015.9","-","-"
"2024/08/01","14:00","3.3","256","5.83","84.2","1016.3","-","-"
"2024/08/01","15:00","2.14","295","4.28","86.4","1016.6","-","-"
"2024/08/01","16:00","2.53","348","2.92","86.5","1016.6","-","-"
"2024/08/01","17:00","6.03","256","8.55","90.3","1016.3","-","-"
"2024/08/01","18:00","4.67","219","8.75","90.5","1016","-","-"
"2024/08/01","19:00","5.64","221","9.14","91.2","1015.4","-","-"
"2024/08/01","20:00","5.64","254","7.58","92.5","1014.9","-","-"
"2024/08/01","21:00","5.64","253","6.8","92.3","1014.7","-","-"
"2024/08/01","22:00","4.86","100","5.83","90.5","1014.5","-","-"
"2024/08/01","23:00","4.28","105","5.05","89.6","1014.2","-","-"
"2024/08/02","00:00","2.33","165","2.92","87.8","1014.5","-","-"
"2024/08/02","01:00","2.92","181","3.5","85.6","1014.7","-","-"
"2024/08/02","02:00","3.89","206","4.08","83.7","1015.2","-","-"
"2024/08/02","03:00","5.25","200","5.83","83.3","1015.2","-","-"
"2024/08/02","04:00","3.69","193","4.67","82.9","1015","-","-"
"2024/08/02","05:00","5.44","182","8.55","83.3","1014.9","-","-"
"2024/08/02","06:00","7","194","8.75","82.9","1014.4","-","-"
"2024/08/02","07:00","6.61","190","8.36","82.4","1013.9","-","-"
"2024/08/02","08:00","5.64","185","7.19","81.5","1013.4","-","-"
"2024/08/02","09:00","6.22","193","9.72","80.8","1013.3","-","-"
"2024/08/02","10:00","6.41","206","7.19","80.4","1013.5","-","-"
"2024/08/02","11:00","7.19","197","8.94","81.3","1013.6","-","-"
"2024/08/02","12:00","7.19","207","10.69","82","1013.8","-","-"
"2024/08/02","13:00","7.78","223","11.86","84.6","1014.1","-","-"
"2024/08/02","14:00","7.58","230","11.08","87.1","1013.7","-","-"
"2024/08/02","15:00","8.94","212","12.44","88.3","1013.7","-","-"
"2024/08/02","16:00","10.3","206","14.77","89.8","1013.2","-","-"
"2024/08/02","17:00","10.69","227","17.3","90.5","1012.7","-","-"
"2024/08/02","18:00","8.36","223","14.97","92.1","1012.2","-","-"
"2024/08/02","19:00","7.78","198","14.97","92.5","1011.2","-","-"
"2024/08/02","20:00","12.05","212","19.83","92.8","1010.7","-","-"
"2024/08/02","21:00","7","211","13.61","93.2","1010.5","-","-"
"2024/08/02","22:00","7","197","13.02","92.3","1010.6","-","-"
"2024/08/02","23:00","7.19","219","13.61","90.9","1010.6","-","-"
"2024/08/03","00:00","8.16","231","10.89","88.7","1011.7","-","-"
"2024/08/03","01:00","10.3","273","16.33","77.4","1012.4","-","-"
"2024/08/03","02:00","9.14","186","12.44","77.7","1011.8","-","-"
"2024/08/03","03:00","8.36","193","13.22","79","1011.9","-","-"
"2024/08/03","04:00","7","209","10.89","79.5","1012.4","-","-"
"2024/08/03","05:00","7.97","229","11.08","79.7","1012.6","-","-"
"2024/08/03","06:00","11.27","220","13.61","80.1","1012.6","-","-"
"2024/08/03","07:00","11.47","211","16.52","79.9","1012.3","-","-"
"2024/08/03","08:00","10.3","217","15.55","79.3","1012.2","-","-"
"2024/08/03","09:00","8.55","215","14.58","78.8","1012.3","-","-"
"2024/08/03","10:00","9.52","213","13.22","79","1012.4","-","-"
"2024/08/03","11:00","12.05","212","15.16","79.7","1012.4","-","-"
"2024/08/03","12:00","11.47","219","15.36","80.2","1012.8","-","-"
"2024/08/03","13:00","13.22","234","17.3","81.1","1012.7","-","-"
"2024/08/03","14:00","10.3","216","15.75","82.8","1013","-","-"
"2024/08/03","15:00","10.11","234","13.41","84.7","1013.1","-","-"
"2024/08/03","16:00","10.89","224","14.38","86.4","1013.1","-","-"
"2024/08/03","17:00","9.72","239","17.11","87.6","1012.8","-","-"
"2024/08/03","18:00","8.75","219","16.33","89.4","1012.3","-","-"
"2024/08/03","19:00","11.86","213","15.94","89.8","1011.4","-","-"
"2024/08/03","20:00","6.03","200","15.36","91.4","1010.8","-","-"
"2024/08/03","21:00","14.58","213","23.71","91","1010.6","-","-"
"2024/08/03","22:00","14","214","18.47","82.2","1012.6","-","-"
"2024/08/03","23:00","8.36","232","12.25","77.9","1012.3","-","-"
"2024/08/04","00:00","10.69","214","14.38","79.7","1012","-","-"
"2024/08/04","01:00","9.14","194","14.38","79.5","1013","-","-"
"2024/08/04","02:00","13.02","220","19.44","79.5","1013.2","-","-"
"2024/08/04","03:00","9.91","217","16.52","77.5","1013.7","-","-"
"2024/08/04","04:00","9.52","195","12.44","77.2","1014.2","-","-"
"2024/08/04","05:00","6.22","207","7.97","76.6","1014.3","-","-"
"2024/08/04","06:00","5.44","187","7.39","77","1013.7","-","-"
"2024/08/04","07:00","13.61","211","17.88","76.8","1014.1","-","-"
"2024/08/04","08:00","3.89","219","7.39","75.9","1014","-","-"
"2024/08/04","09:00","5.64","177","8.94","75.6","1013.8","-","-"
"2024/08/04","10:00","6.03","192","11.47","75.6","1014.3","-","-"
"2024/08/04","11:00","9.72","193","15.36","75.9","1014.7","-","-"
"2024/08/04","12:00","7.39","213","12.63","76.1","1015","-","-"
"2024/08/04","13:00","7.39","225","12.44","76.8","1015.4","-","-"
"2024/08/04","14:00","7.97","232","13.41","78.6","1015.6","-","-"
"2024/08/04","15:00","11.08","208","14.19","80.1","1015.7","-","-"
"2024/08/04","16:00","9.52","222","13.41","81.7","1015.4","-","-"
"2024/08/04","17:00","8.55","229","11.27","82.4","1015.5","-","-"
"2024/08/04","18:00","7","221","14.58","84","1015.7","-","-"
"2024/08/04","19:00","11.47","201","15.36","85.1","1015.1","-","-"
"2024/08/04","20:00","10.89","184","14.38","85.8","1014.6","-","-"
"2024/08/04","21:00","1.56","233","3.69","80.2","1014.3","-","-"
"2024/08/04","22:00","6.03","213","12.83","77.5","1015.3","-","-"
"2024/08/04","23:00","11.47","189","13.8","77.9","1015.9","-","-"
"2024/08/05","00:00","8.75","232","12.25","75.9","1016.5","-","-"
"2024/08/05","01:00","9.14","237","12.05","76.6","1017.1","-","-"
"2024/08/05","02:00","7.19","233","8.75","75","1017.3","-","-"
"2024/08/05","03:00","3.3","255","4.86","74.1","1017.4","-","-"
"2024/08/05","04:00","7.39","213","11.47","75.6","1017.4","-","-"
"2024/08/05","05:00","10.11","217","12.63","76.3","1017.6","-","-"
"2024/08/05","06:00","10.11","222","13.41","76.3","1017.3","-","-"
"2024/08/05","07:00","12.25","221","14.38","76.3","1017.1","-","-"
"2024/08/05","08:00","11.08","226","15.16","76.1","1017.2","-","-"
"2024/08/05","09:00","6.22","273","7.78","75.9","1017.4","-","-"
"2024/08/05","10:00","5.25","276","6.61","76.3","1017.6","-","-"
"2024/08/05","11:00","4.08","247","6.41","76.5","1018","-","-"
"2024/08/05","12:00","7","241","8.94","76.8","1018.4","-","-"
"2024/08/05","13:00","5.05","268","6.8","78.3","1018.4","-","-"
"2024/08/05","14:00","5.25","317","5.83","79","1018.6","-","-"
"2024/08/05","15:00","1.94","343","3.89","80.8","1018.7","-","-"
"2024/08/05","16:00","7.19","65","8.16","81","1018.9","-","-"
"2024/08/05","17:00","6.61","92","9.91","83.1","1018.4","-","-"
"2024/08/05","18:00","4.86","161","8.75","86.7","1017.9","-","-"
"2024/08/05","19:00","6.22","174","9.52","86.9","1017.6","-","-"
"2024/08/05","20:00","2.92","211","6.8","86.7","1017.6","-","-"
"2024/08/05","21:00","7.58","166","11.47","86.2","1017.1","-","-"
"2024/08/05","22:00","5.64","178","7","85.8","1016.8","-","-"
"2024/08/05","23:00","5.05","172","6.22","84.6","1016.8","-","-"
"2024/08/06","00:00","4.47","185","6.41","84","1017.2","-","-"
"2024/08/06","01:00","5.05","191","7.78","82.2","1017.9","-","-"
"2024/08/06","02:00","11.27","198","13.8","81","1017.9","-","-"
"2024/08/06","03:00","7.97","194","12.63","80.1","1017.7","-","-"
"2024/08/06","04:00","9.91","203","13.8","79.7","1017.3","-","-"
"2024/08/06","05:00","5.83","222","8.16","78.8","1017","-","-"
"2024/08/06","06:00","4.67","242","6.41","78.1","1016.6","-","-"
"2024/08/06","07:00","6.03","224","7.58","77.5","1016.4","-","-"
"2024/08/06","08:00","8.16","211","10.5","76.8","1016.2","-","-"
"2024/08/06","09:00","7.58","215","9.72","76.3","1016.3","-","-"
"2024/08/06","10:00","7.58","207","9.14","75.9","1016.5","-","-"
"2024/08/06","11:00","5.25","203","6.22","75.7","1016.7","-","-"
"2024/08/06","12:00","7.19","203","10.11","77.2","1016.7","-","-"
"2024/08/06","13:00","7.58","207","10.5","79.5","1016.5","-","-"
"2024/08/06","14:00","8.75","215","12.05","81","1016.3","-","-"
"2024/08/06","15:00","8.75","230","11.27","81.7","1016.2","-","-"
"2024/08/06","16:00","4.08","183","7.97","83.8","1016.1","-","-"
"2024/08/06","17:00","7","176","11.86","84.7","1015.6","-","-"
"2024/08/06","18:00","13.41","98","15.16","82.6","1015.1","-","-"
"2024/08/06","19:00","15.16","175","19.83","77.5","1015.5","-","-"
"2024/08/06","20:00","8.75","201","12.25","78.3","1014.5","-","-"
"2024/08/06","21:00","7.19","206","10.5","79.9","1013.9","-","-"
"2024/08/06","22:00","7.78","177","12.05","79.9","1013.7","-","-"
"2024/08/06","23:00","7.78","171","10.3","79.3","1013.5","-","-"
"2024/08/07","00:00","4.67","162","7.19","79","1013","-","-"
"2024/08/07","01:00","4.86","178","6.8","78.8","1013","-","-"
"2024/08/07","02:00","3.5","192","5.44","78.6","1013.3","-","-"
"2024/08/07","03:00","7.78","164","9.72","78.3","1013.6","-","-"
"2024/08/07","04:00","2.92","264","3.69","77.7","1013.5","-","-"
"2024/08/07","05:00","5.05","135","6.8","77.7","1012.8","-","-"
"2024/08/07","06:00","6.61","127","9.14","77.5","1012.5","-","-"
"2024/08/07","07:00","4.28","129","5.64","77.5","1012.1","-","-"
"2024/08/07","08:00","4.28","156","5.64","77.2","1011.3","-","-"
"2024/08/07","09:00","2.33","120","3.3","77.2","1011.6","-","-"
"2024/08/07","10:00","8.36","131","11.47","77.2","1011.2","-","-"
"2024/08/07","11:00","2.33","2","3.11","77","1011.6","-","-"
"2024/08/07","12:00","3.69","121","5.05","77.5","1011.8","-","-"
"2024/08/07","13:00","3.69","105","5.83","78.3","1012","-","-"
"2024/08/07","14:00","7.39","69","8.36","78.4","1012.1","-","-"
"2024/08/07","15:00","10.5","72","11.08","79","1012.1","-","-"
"2024/08/07","16:00","11.66","82","12.44","77.9","1012.3","-","-"
"2024/08/07","17:00","10.89","111","13.02","78.4","1012.3","-","-"
"2024/08/07","18:00","8.55","111","10.89","76.1","1011.9","-","-"
"2024/08/07","19:00","10.11","102","12.25","78.3","1011.3","-","-"
"2024/08/07","20:00","10.3","116","13.41","78.3","1011.2","-","-"
"2024/08/07","21:00","9.91","93","12.44","77.9","1010.8","-","-"
"2024/08/07","22:00","8.75","89","10.11","77.9","1011.1","-","-"
"2024/08/07","23:00","9.72","102","14.58","77.4","1011.2","-","-"
"2024/08/08","00:00","13.22","96","15.16","77.4","1011.1","-","-"
"2024/08/08","01:00","15.16","95","17.69","77.4","1011.5","-","-"
"2024/08/08","02:00","15.16","84","18.86","77.4","1011.5","-","-"
"2024/08/08","03:00","12.63","115","15.94","77.7","1011.3","-","-"
"2024/08/08","04:00","11.86","104","17.49","77.5","1011.8","-","-"
"2024/08/08","05:00","16.13","99","20.41","76.8","1011.6","-","-"
"2024/08/08","06:00","14.19","110","18.66","75.9","1011.5","-","-"
"2024/08/08","07:00","17.3","110","26.63","75.4","1011.7","-","-"
"2024/08/08","08:00","19.44","100","24.88","75.6","1011.5","-","-"
"2024/08/08","09:00","15.75","99","19.24","76.1","1011.2","-","-"
"2024/08/08","10:00","15.36","97","19.24","76.1","1011.3","-","-"
"2024/08/08","11:00","18.47","102","22.74","77","1011.6","-","-"
"2024/08/08","12:00","8.36","125","11.08","75.6","1012.2","-","-"
"2024/08/08","13:00","13.02","109","15.94","77.2","1011.9","-","-"
"2024/08/08","14:00","16.13","112","21.77","77.4","1012","-","-"
"2024/08/08","15:00","11.47","111","17.3","77.5","1011.7","-","-"
"2024/08/08","16:00","16.91","100","19.83","79.2","1011.3","-","-"
"2024/08/08","17:00","17.49","110","24.49","80.1","1011.2","-","-"
"2024/08/08","18:00","14.58","110","18.27","79.7","1011.3","-","-"
"2024/08/08","19:00","11.08","108","15.16","78.6","1011","-","-"
"2024/08/08","20:00","15.16","103","18.66","78.3","1010.3","-","-"
"2024/08/08","21:00","15.36","119","20.99","78.6","1009.8","-","-"
"2024/08/08","22:00","16.72","113","22.74","78.8","1009.7","-","-"
"2024/08/08","23:00","15.55","110","21.38","77.4","1010","-","-"
"2024/08/09","00:00","14.77","120","21.58","77.4","1009.9","-","-"
"2024/08/09","01:00","13.61","120","19.44","77.9","1009.8","-","-"
"2024/08/09","02:00","14","119","17.49","79.7","1010.1","-","-"
"2024/08/09","03:00","16.33","138","20.8","79.5","1010.4","-","-"
"2024/08/09","04:00","10.3","119","13.61","79.2","1010.1","-","-"
"2024/08/09","05:00","10.69","130","15.36","79.5","1009.7","-","-"
"2024/08/09","06:00","10.89","126","13.8","80.1","1009.2","-","-"
"2024/08/09","07:00","14","150","22.16","81.5","1008.9","-","-"
"2024/08/09","08:00","13.61","146","18.08","81.5","1008.6","-","-"
"2024/08/09","09:00","17.69","150","22.35","81.9","1008.5","-","-"
"2024/08/09","10:00","14.77","153","22.94","80.8","1008.8","-","-"
"2024/08/09","11:00","14.58","158","18.47","81","1008.7","-","-"
"2024/08/09","12:00","10.11","170","14.97","81.3","1009.6","-","-"
"2024/08/09","13:00","13.8","188","19.83","79.7","1010.1","-","-"
"2024/08/09","14:00","11.08","182","16.91","79.3","1010.4","-","-"
"2024/08/09","15:00","11.47","188","15.16","80.4","1010.6","-","-"
"2024/08/09","16:00","14.38","183","20.6","80.6","1010.8","-","-"
"2024/08/09","17:00","12.44","176","19.44","80.8","1010.7","-","-"
"2024/08/09","18:00","11.66","233","14.58","78.1","1011.2","-","-"
"2024/08/09","19:00","10.3","204","14","81","1010.8","-","-"
"2024/08/09","20:00","11.86","206","18.08","81.7","1010.7","-","-"
"2024/08/09","21:00","6.8","215","16.72","83.3","1010.6","-","-"
"2024/08/09","22:00","7.39","203","12.44","84","1011","-","-"
"2024/08/09","23:00","6.41","198","9.33","83.1","1011.1","-","-"
"2024/08/10","00:00","6.03","190","7.39","82","1011.9","-","-"
"2024/08/10","01:00","7.58","189","9.52","80.8","1012.2","-","-"
"2024/08/10","02:00","6.41","208","10.5","80.4","1012.9","-","-"
"2024/08/10","03:00","10.11","203","15.75","80.2","1012.7","-","-"
"2024/08/10","04:00","6.22","201","10.5","79.5","1013.1","-","-"
"2024/08/10","05:00","1.94","285","3.3","79.5","1013.5","-","-"
"2024/08/10","06:00","4.08","209","5.83","78.8","1013.3","-","-"
"2024/08/10","07:00","1.75","173","4.67","78.1","1013.2","-","-"
"2024/08/10","08:00","0","246","1.56","77.9","1013.4","-","-"
"2024/08/10","09:00","4.86","242","5.64","77.7","1013.3","-","-"
"2024/08/10","10:00","5.44","227","6.22","77","1013.6","-","-"
"2024/08/10","11:00","2.72","287","3.69","77.2","1014.3","-","-"
"2024/08/10","12:00","5.64","313","6.03","78.3","1014.4","-","-"
"2024/08/10","13:00","1.94","286","2.92","80.2","1015","-","-"
"2024/08/10","14:00","1.94","154","2.14","83.3","1015.1","-","-"
"2024/08/10","15:00","7.19","97","7.78","81.9","1015.5","-","-"
"2024/08/10","16:00","4.67","84","5.25","81.5","1015.8","-","-"
"2024/08/10","17:00","7","71","7.58","81.5","1015.9","-","-"
"2024/08/10","18:00","8.36","55","9.33","81.5","1015.3","-","-"
"2024/08/10","19:00","7.19","56","7.97","81.3","1014.9","-","-"
"2024/08/10","20:00","6.61","93","8.16","82.4","1014.6","-","-"
"2024/08/10","21:00","8.55","80","9.52","80.8","1014.5","-","-"
"2024/08/10","22:00","7.58","101","9.91","82.2","1014.7","-","-"
"2024/08/10","23:00","9.14","122","11.27","80.8","1014.9","-","-"
"2024/08/11","00:00","6.03","141","9.91","79.2","1014.9","-","-"
"2024/08/11","01:00","2.14","101","4.47","78.4","1015.1","-","-"
"2024/08/11","02:00","2.72","125","3.89","77.9","1015.9","-","-"
"2024/08/11","03:00","3.11","134","5.05","77.7","1015.7","-","-"
"2024/08/11","04:00","1.17","139","1.36","77.4","1015.7","-","-"
"2024/08/11","05:00","1.36","180","1.75","77","1015.3","-","-"
"2024/08/11","06:00","2.72","258","3.3","76.6","1014.9","-","-"
"2024/08/11","07:00","2.72","270","4.08","76.6","1014.8","-","-"
"2024/08/11","08:00","3.5","297","3.89","76.6","1014.7","-","-"
"2024/08/11","09:00","7","285","8.75","77.2","1015.1","-","-"
"2024/08/11","10:00","6.61","10","8.94","76.8","1015.8","-","-"
"2024/08/11","11:00","8.36","353","9.72","75.9","1016.6","-","-"
"2024/08/11","12:00","7","11","9.52","75.7","1017","-","-"
"2024/08/11","13:00","6.41","18","8.75","76.5","1017.4","-","-"
"2024/08/11","14:00","6.61","27","9.52","78.8","1017.5","-","-"
"2024/08/11","15:00","9.91","74","10.5","77.5","1017.9","-","-"
"2024/08/11","16:00","6.61","90","9.33","79","1017.5","-","-"
"2024/08/11","17:00","7","86","7.58","78.8","1017.5","-","-"
"2024/08/11","18:00","7","80","8.16","79.2","1017.1","-","-"
"2024/08/11","19:00","8.75","81","10.3","79.2","1016.2","-","-"
"2024/08/11","20:00","8.36","82","9.91","79.3","1015.5","-","-"
"2024/08/11","21:00","5.83","107","7.97","81","1016","-","-"
"2024/08/11","22:00","6.22","93","7.78","80.4","1015.4","-","-"
"2024/08/11","23:00","5.44","104","7.39","80.2","1015.5","-","-"
"2024/08/12","00:00","3.69","138","6.03","79.2","1016","-","-"
"2024/08/12","01:00","4.28","150","5.44","77.5","1016.1","-","-"
"2024/08/12","02:00","1.94","123","3.11","77.4","1016.8","-","-"
"2024/08/12","03:00","1.56","160","2.53","76.8","1016.7","-","-"
"2024/08/12","04:00","1.36","126","2.33","76.3","1016.5","-","-"
"2024/08/12","05:00","0.97","142","3.5","77.7","1016.4","-","-"
"2024/08/12","06:00","1.94","199","2.72","76.1","1016.1","-","-"
"2024/08/12","07:00","1.94","182","3.11","73.9","1016","-","-"
"2024/08/12","08:00","1.94","249","2.72","74.1","1016.2","-","-"
"2024/08/12","09:00","1.56","219","1.94","74.7","1015.7","-","-"
"2024/08/12","10:00","0.78","271","2.53","73","1015.8","-","-"
"2024/08/12","11:00","1.56","269","2.72","73.8","1016.4","-","-"
"2024/08/12","12:00","4.08","324","4.86","75.6","1016.7","-","-"
"2024/08/12","13:00","3.11","14","5.25","78.1","1016.8","-","-"
"2024/08/12","14:00","3.3","88","4.28","80.1","1017.1","-","-"
"2024/08/12","15:00","3.69","84","4.86","79.7","1017.6","-","-"
"2024/08/12","16:00","5.83","64","6.8","80.2","1017.5","-","-"
"2024/08/12","17:00","8.16","60","9.52","80.2","1017","-","-"
"2024/08/12","18:00","6.8","73","8.36","79.5","1016.7","-","-"
"2024/08/12","19:00","5.44","89","6.8","80.2","1016.2","-","-"
"2024/08/12","20:00","5.05","100","7.58","80.8","1016","-","-"
"2024/08/12","21:00","3.89","101","6.41","80.8","1016.2","-","-"
"2024/08/12","22:00","4.28","105","5.05","81.1","1016.2","-","-"
"2024/08/12","23:00","3.89","120","4.86","81.1","1016.1","-","-"
"2024/08/13","00:00","2.14","174","3.69","78.8","1016.3","-","-"
"2024/08/13","01:00","1.94","221","2.14","74.8","1016.9","-","-"
"2024/08/13","02:00","4.86","215","5.25","73","1016.9","-","-"
"2024/08/13","03:00","0.39","222","1.17","72.7","1017.4","-","-"
"2024/08/13","04:00","2.14","192","4.08","72.5","1017.1","-","-"
"2024/08/13","05:00","6.41","208","7","72.7","1017.2","-","-"
"2024/08/13","06:00","4.47","230","5.44","72.9","1016.6","-","-"
"2024/08/13","07:00","6.41","247","7.97","75","1016.6","-","-"
"2024/08/13","08:00","4.47","289","4.86","72.5","1016.8","-","-"
"2024/08/13","09:00","4.47","272","4.86","72","1017","-","-"
"2024/08/13","10:00","4.86","267","5.83","71.2","1017.6","-","-"
"2024/08/13","11:00","6.22","287","7.97","72.5","1017.9","-","-"
"2024/08/13","12:00","8.75","301","11.27","74.5","1018.2","-","-"
"2024/08/13","13:00","10.69","318","11.66","75.2","1018.3","-","-"
"2024/08/13","14:00","8.36","339","11.08","74.7","1018.4","-","-"
"2024/08/13","15:00","2.33","281","3.5","75","1018.7","-","-"
"2024/08/13","16:00","4.28","300","4.86","78.4","1018.5","-","-"
"2024/08/13","17:00","7.19","311","8.36","79.9","1018.2","-","-"
"2024/08/13","18:00","4.47","284","5.44","80.4","1018","-","-"
"2024/08/13","19:00","3.5","319","4.47","81.1","1017.4","-","-"
"2024/08/13","20:00","4.86","336","7","81.1","1017.4","-","-"
"2024/08/13","21:00","3.3","323","3.89","81.7","1017.4","-","-"
"2024/08/13","22:00","4.67","261","6.8","81.7","1017.4","-","-"
"2024/08/13","23:00","3.5","255","4.28","80.6","1017.3","-","-"
"2024/08/14","00:00","3.89","275","4.67","78.1","1017.7","-","-"
"2024/08/14","01:00","1.75","231","2.14","75.2","1017.7","-","-"
"2024/08/14","02:00","1.36","241","2.33","73.8","1017.9","-","-"
"2024/08/14","03:00","1.94","219","3.11","72.7","1017.8","-","-"
"2024/08/14","04:00","1.75","198","2.14","72.3","1017.8","-","-"
"2024/08/14","05:00","2.33","205","3.5","72.5","1017.7","-","-"
"2024/08/14","06:00","2.14","233","2.72","71.1","1017.4","-","-"
"2024/08/14","07:00","1.17","250","2.53","72.3","1017.2","-","-"
"2024/08/14","08:00","4.08","253","5.25","72.9","1017.3","-","-"
"2024/08/14","09:00","4.08","277","5.05","71.1","1017.5","-","-"
"2024/08/14","10:00","4.28","252","5.05","71.1","1017.7","-","-"
"2024/08/14","11:00","5.64","296","7.78","72.9","1018","-","-"
"2024/08/14","12:00","7.78","323","10.11","74.3","1018.2","-","-"
"2024/08/14","13:00","7","307","8.55","75","1018.3","-","-"
"2024/08/14","14:00","6.03","294","7","76.8","1018.7","-","-"
"2024/08/14","15:00","5.44","0","8.75","79.9","1018.8","-","-"
"2024/08/14","16:00","6.41","26","9.33","80.8","1018.7","-","-"
"2024/08/14","17:00","7.19","27","9.33","81.1","1018.4","-","-"
"2024/08/14","18:00","7.19","30","10.3","80.8","1018.2","-","-"
"2024/08/14","19:00","6.61","50","9.14","81","1017.8","-","-"
"2024/08/14","20:00","10.69","36","12.63","80.8","1017.7","-","-"
"2024/08/14","21:00","5.05","28","7.97","81.7","1017.7","-","-"
"2024/08/14","22:00","7.19","46","9.33","81.3","1017.8","-","-"
"2024/08/14","23:00","6.8","38","8.36","81.1","1018","-","-"
"2024/08/15","00:00","6.61","49","7.78","80.6","1018.2","-","-"
"2024/08/15","01:00","3.5","150","4.67","77.7","1018.6","-","-"
"2024/08/15","02:00","3.69","165","4.28","76.1","1018.8","-","-"
"2024/08/15","03:00","2.72","183","3.69","74.1","1018.9","-","-"
"2024/08/15","04:00","1.94","230","2.33","73.2","1018.6","-","-"
"2024/08/15","05:00","2.53","222","3.5","72","1018.3","-","-"
"2024/08/15","06:00","1.94","177","2.14","71.4","1018.1","-","-"
"2024/08/15","07:00","0.97","149","2.14","71.4","1017.8","-","-"
"2024/08/15","08:00","4.86","288","5.83","71.1","1017.9","-","-"
"2024/08/15","09:00","4.28","270","5.05","71.4","1018","-","-"
"2024/08/15","10:00","6.61","275","7.97","72.1","1018.4","-","-"
"2024/08/15","11:00","6.8","274","8.55","71.8","1018.9","-","-"
"2024/08/15","12:00","7.97","288","9.14","73.4","1019","-","-"
"2024/08/15","13:00","9.33","302","10.69","75","1019.4","-","-"
"2024/08/15","14:00","10.3","303","11.66","75.9","1019.7","-","-"
"2024/08/15","15:00","8.94","296","10.5","78.3","1019.6","-","-"
"2024/08/15","16:00","9.52","298","10.3","79.7","1019.3","-","-"
"2024/08/15","17:00","8.75","299","10.3","81.1","1019","-","-"
"2024/08/15","18:00","6.41","308","7","82.2","1018.4","-","-"
"2024/08/15","19:00","5.25","292","7","83.1","1018","-","-"
"2024/08/15","20:00","4.08","297","5.44","83.7","1017.6","-","-"
"2024/08/15","21:00","5.44","82","7.19","82.9","1017.8","-","-"
"2024/08/15","22:00","5.83","80","6.41","82","1017.6","-","-"
"2024/08/15","23:00","5.44","75","6.22","81.1","1017.7","-","-"
"2024/08/16","00:00","2.33","159","2.92","79.7","1017.8","-","-"
"2024/08/16","01:00","1.36","152","2.14","78.3","1018.2","-","-"
"2024/08/16","02:00","2.72","180","3.5","75.2","1018.3","-","-"
"2024/08/16","03:00","2.92","183","3.69","74.8","1018.1","-","-"
"2024/08/16","04:00","2.92","193","3.89","74.7","1018.2","-","-"
"2024/08/16","05:00","6.22","208","6.61","73.9","1018.3","-","-"
"2024/08/16","06:00","6.03","213","7","73.6","1018.1","-","-"
"2024/08/16","07:00","6.03","211","7","72.7","1017.7","-","-"
"2024/08/16","08:00","1.75","218","3.3","72.3","1017.7","-","-"
"2024/08/16","09:00","2.53","276","3.5","72.1","1017.8","-","-"
"2024/08/16","10:00","1.75","221","3.11","72.9","1017.9","-","-"
"2024/08/16","11:00","3.3","264","4.28","73.9","1018","-","-"
"2024/08/16","12:00","1.56","308","2.14","76.5","1018.3","-","-"
"2024/08/16","13:00","1.17","300","1.75","78.4","1018.5","-","-"
"2024/08/16","14:00","1.17","271","1.56","80.1","1018.7","-","-"
"2024/08/16","15:00","3.11","331","3.89","81.3","1019.1","-","-"
"2024/08/16","16:00","1.75","72","2.14","82.8","1018.9","-","-"
"2024/08/16","17:00","7.97","65","8.94","82","1018.6","-","-"
"2024/08/16","18:00","10.89","82","11.47","82.2","1018.2","-","-"
"2024/08/16","19:00","11.47","79","13.8","81.9","1017.6","-","-"
"2024/08/16","20:00","8.94","98","11.27","83.5","1017.1","-","-"
"2024/08/16","21:00","9.52","97","11.86","83.3","1016.8","-","-"
"2024/08/16","22:00","9.72","120","13.41","82.9","1016.4","-","-"
"2024/08/16","23:00","9.52","123","11.27","81.9","1016.4","-","-"
"2024/08/17","00:00","6.41","135","7.78","80.1","1016.3","-","-"
"2024/08/17","01:00","5.44","139","8.16","79","1016.5","-","-"
"2024/08/17","02:00","6.8","160","9.52","77.5","1016.8","-","-"
"2024/08/17","03:00","7.39","154","9.33","76.3","1016.9","-","-"
"2024/08/17","04:00","6.8","160","9.14","75.2","1016.8","-","-"
"2024/08/17","05:00","6.8","173","8.36","74.8","1016.8","-","-"
"2024/08/17","06:00","6.03","162","7.39","74.8","1016.3","-","-"
"2024/08/17","07:00","6.22","177","9.14","74.7","1015.8","-","-"
"2024/08/17","08:00","6.8","182","7.58","74.5","1015.3","-","-"
"2024/08/17","09:00","4.47","186","7","73.9","1015.2","-","-"
"2024/08/17","10:00","6.61","188","8.16","74.3","1014.9","-","-"
"2024/08/17","11:00","6.41","186","8.55","74.7","1014.8","-","-"
"2024/08/17","12:00","7.78","177","11.47","75.4","1014.9","-","-"
"2024/08/17","13:00","7.39","173","11.86","77.5","1015","-","-"
"2024/08/17","14:00","7.39","195","10.89","78.3","1015.4","-","-"
"2024/08/17","15:00","13.61","203","18.08","81","1015.1","-","-"
"2024/08/17","16:00","12.83","204","17.49","81.1","1014.9","-","-"
"2024/08/17","17:00","11.47","187","15.36","81.1","1014.4","-","-"
"2024/08/17","18:00","12.25","170","16.52","82.9","1013.7","-","-"
"2024/08/17","19:00","10.5","194","14","83.5","1013.3","-","-"
"2024/08/17","20:00","11.47","175","15.36","84.6","1012.5","-","-"
"2024/08/17","21:00","10.69","164","13.61","85.8","1011.8","-","-"
"2024/08/17","22:00","8.75","191","12.25","85.6","1011.2","-","-"
"2024/08/17","23:00","7.97","171","14.77","84.4","1011.2","-","-"
"2024/08/18","00:00","9.33","171","12.83","83.1","1011.5","-","-"
"2024/08/18","01:00","6.8","167","8.36","82.2","1012.1","-","-"
"2024/08/18","02:00","11.08","173","16.33","81.7","1012.1","-","-"
"2024/08/18","03:00","9.14","179","15.94","80.6","1012","-","-"
"2024/08/18","04:00","10.3","34","11.86","72.9","1012.8","-","-"
"2024/08/18","05:00","4.08","34","4.86","73","1012.5","-","-"
"2024/08/18","06:00","6.61","28","7.97","74.5","1011.9","-","-"
"2024/08/18","07:00","7.39","44","8.94","73.6","1011.3","-","-"
"2024/08/18","08:00","9.14","84","10.5","75.7","1011.1","-","-"
"2024/08/18","09:00","5.64","109","7.39","75.2","1010.5","-","-"
"2024/08/18","10:00","3.5","149","4.47","74.8","1010.3","-","-"
"2024/08/18","11:00","4.08","132","5.25","74.5","1010.4","-","-"
"2024/08/18","12:00","4.67","143","6.03","76.8","1010.5","-","-"
"2024/08/18","13:00","8.55","201","12.44","77.2","1010.4","-","-"
"2024/08/18","14:00","8.94","183","12.63","79.7","1010.2","-","-"
"2024/08/18","15:00","3.89","190","7.58","83.1","1010.3","-","-"
"2024/08/18","16:00","6.61","190","10.11","83.8","1009.7","-","-"
"2024/08/18","17:00","5.64","183","10.11","85.6","1009.2","-","-"
"2024/08/18","18:00","9.72","184","13.41","86.4","1008.7","-","-"
"2024/08/18","19:00","7.78","181","11.08","87.1","1008.1","-","-"
"2024/08/18","20:00","5.83","181","10.11","86.9","1007.1","-","-"
"2024/08/18","21:00","7.78","184","10.89","86.9","1006.6","-","-"
"2024/08/18","22:00","6.22","228","9.33","85.8","1006.8","-","-"
"2024/08/18","23:00","5.05","223","6.8","84.4","1006.9","-","-"
"2024/08/19","00:00","10.89","246","14.19","79.9","1007","-","-"
"2024/08/19","01:00","5.44","200","7.78","77.2","1008.3","-","-"
"2024/08/19","02:00","8.55","207","11.66","74.5","1008.2","-","-"
"2024/08/19","03:00","7.58","185","12.25","74.8","1008.1","-","-"
"2024/08/19","04:00","9.91","214","12.83","75","1008.4","-","-"
"2024/08/19","05:00","10.5","205","12.05","73.6","1007.3","-","-"
"2024/08/19","06:00","11.08","223","12.83","73.9","1006.5","-","-"
"2024/08/19","07:00","5.25","248","6.61","73.4","1006.6","-","-"
"2024/08/19","08:00","6.22","257","8.16","73.8","1006.5","-","-"
"2024/08/19","09:00","3.11","308","4.67","72.9","1006.7","-","-"
"2024/08/19","10:00","3.11","257","5.44","72.3","1006.8","-","-"
"2024/08/19","11:00","4.67","269","5.44","72.3","1007.5","-","-"
"2024/08/19","12:00","8.36","288","9.72","74.5","1008","-","-"
"2024/08/19","13:00","6.61","294","8.36","76.1","1008.4","-","-"
"2024/08/19","14:00","7.19","297","7.97","77.5","1008.3","-","-"
"2024/08/19","15:00","8.36","292","9.33","78.6","1008.5","-","-"
"2024/08/19","16:00","7.78","301","8.36","80.2","1008.5","-","-"
"2024/08/19","17:00","7","306","7.97","81.3","1008.5","-","-"
"2024/08/19","18:00","5.64","330","7.19","82.8","1008.2","-","-"
"2024/08/19","19:00","1.56","342","1.94","84.7","1007.7","-","-"
"2024/08/19","20:00","2.14","102","2.92","85.5","1006.7","-","-"
"2024/08/19","21:00","3.69","64","5.44","82.4","1007.4","-","-"
"2024/08/19","22:00","25.27","318","35.38","70.9","1009.6","-","-"
"2024/08/19","23:00","5.05","225","6.8","69.3","1009","-","-"
"2024/08/20","00:00","2.14","158","2.53","69.3","1009","-","-"
"2024/08/20","01:00","8.75","204","10.3","69.6","1010.2","-","-"
"2024/08/20","02:00","7.39","220","10.89","70.2","1010.4","-","-"
"2024/08/20","03:00","4.86","232","5.83","70.3","1010.3","-","-"
"2024/08/20","04:00","9.52","265","11.08","71.1","1010.6","-","-"
"2024/08/20","05:00","10.89","287","12.63","71.8","1010.5","-","-"
"2024/08/20","06:00","11.27","324","12.83","71.6","1011","-","-"
"2024/08/20","07:00","12.63","334","14.58","71.1","1011.2","-","-"
"2024/08/20","08:00","12.05","328","13.61","70","1011.5","-","-"
"2024/08/20","09:00","11.86","334","14.97","69.8","1011.9","-","-"
"2024/08/20","10:00","14","329","15.94","68.5","1012.4","-","-"
"2024/08/20","11:00","14.19","329","15.94","68","1012.9","-","-"
"2024/08/20","12:00","10.69","330","13.22","68.7","1013.7","-","-"
"2024/08/20","13:00","12.25","322","15.94","69.4","1014.1","-","-"
"2024/08/20","14:00","12.05","316","13.61","70.5","1014.9","-","-"
"2024/08/20","15:00","8.36","336","13.02","71.8","1015.3","-","-"
"2024/08/20","16:00","6.41","322","9.72","72","1015.1","-","-"
"2024/08/20","17:00","8.16","313","10.3","72.5","1014.9","-","-"
"2024/08/20","18:00","7.19","297","10.11","72.9","1014.8","-","-"
"2024/08/20","19:00","9.33","311","10.69","73.4","1014.8","-","-"
"2024/08/20","20:00","9.14","313","11.27","73.4","1014.8","-","-"
"2024/08/20","21:00","10.5","313","12.83","73.8","1015.1","-","-"
"2024/08/20","22:00","10.3","332","12.63","72.7","1015.8","-","-"
"2024/08/20","23:00","10.11","344","11.08","71.8","1016.1","-","-"
"2024/08/21","00:00","7.78","346","9.72","71.1","1016.7","-","-"
"2024/08/21","01:00","8.55","345","10.11","70.9","1017.5","-","-"
"2024/08/21","02:00","8.75","341","10.5","70.3","1018.4","-","-"
"2024/08/21","03:00","11.66","352","13.41","67.8","1018.3","-","-"
"2024/08/21","04:00","10.5","9","12.63","66.7","1018.6","-","-"
"2024/08/21","05:00","7.97","4","9.33","66.6","1018.8","-","-"
"2024/08/21","06:00","8.94","343","10.69","68.2","1018.8","-","-"
"2024/08/21","07:00","9.52","336","11.27","68.2","1018.9","-","-"
"2024/08/21","08:00","9.52","330","12.05","67.1","1018.8","-","-"
"2024/08/21","09:00","10.11","302","13.41","65.3","1018.8","-","-"
"2024/08/21","10:00","10.3","326","14.77","64","1019.2","-","-"
"2024/08/21","11:00","10.11","320","11.66","63.3","1019.5","-","-"
"2024/08/21","12:00","11.27","319","13.22","63.1","1020.2","-","-"
"2024/08/21","13:00","9.33","317","11.47","64.9","1020.7","-","-"
"2024/08/21","14:00","9.14","316","9.91","66.9","1021","-","-"
"2024/08/21","15:00","10.69","297","13.61","68","1021.4","-","-"
"2024/08/21","16:00","11.08","296","14.77","68.5","1021.2","-","-"
"2024/08/21","17:00","13.61","305","15.16","69.1","1020.9","-","-"
"2024/08/21","18:00","7","293","12.25","70","1020.8","-","-"
"2024/08/21","19:00","8.16","302","9.91","70.9","1020.3","-","-"
"2024/08/21","20:00","9.14","307","12.44","71.8","1020.2","-","-"
"2024/08/21","21:00","7.78","301","10.5","72.7","1020.2","-","-"
"2024/08/21","22:00","8.94","350","11.08","72.9","1020.3","-","-"
"2024/08/21","23:00","5.05","1","7","72.7","1020.5","-","-"
"2024/08/22","00:00","3.3","0","4.67","72","1020.9","-","-"
"2024/08/22","01:00","3.11","240","3.5","67.3","1021.3","-","-"
"2024/08/22","02:00","3.3","269","4.28","67.6","1021.7","-","-"
"2024/08/22","03:00","2.14","228","3.3","64.8","1021.9","-","-"
"2024/08/22","04:00","3.11","221","3.69","64.6","1022.1","-","-"
"2024/08/22","05:00","1.56","209","2.14","64.2","1022.3","-","-"
"2024/08/22","06:00","2.72","324","3.69","64.9","1022.2","-","-"
"2024/08/22","07:00","4.67","278","5.64","64.2","1021.8","-","-"
"2024/08/22","08:00","5.44","269","6.22","63.9","1021.8","-","-"
"2024/08/22","09:00","4.86","261","5.64","63","1022.1","-","-"
"2024/08/22","10:00","7.78","263","8.75","63.5","1022.3","-","-"
"2024/08/22","11:00","4.86","267","5.64","63.3","1022.7","-","-"
"2024/08/22","12:00","5.83","299","7.19","67.1","1023.2","-","-"
"2024/08/22","13:00","8.75","315","10.69","68.2","1023.4","-","-"
"2024/08/22","14:00","7.58","303","8.94","70","1023.9","-","-"
"2024/08/22","15:00","6.41","303","8.16","71.8","1024.3","-","-"
"2024/08/22","16:00","5.83","296","8.75","73.6","1024.7","-","-"
"2024/08/22","17:00","7.78","293","10.3","74.5","1024.4","-","-"
"2024/08/22","18:00","6.41","302","8.55","75.2","1024","-","-"
"2024/08/22","19:00","7.39","298","8.75","75.7","1023.6","-","-"
"2024/08/22","20:00","6.22","16","14.38","76.1","1023.3","-","-"
"2024/08/22","21:00","8.75","82","11.27","75","1023.2","-","-"
"2024/08/22","22:00","9.14","73","10.5","74.7","1023.1","-","-"
"2024/08/22","23:00","5.64","102","7.58","74.8","1023.4","-","-"
"2024/08/23","00:00","4.28","106","5.83","74.3","1023.3","-","-"
"2024/08/23","01:00","1.94","155","2.92","71.1","1024","-","-"
"2024/08/23","02:00","1.36","249","3.11","68.5","1024.6","-","-"
"2024/08/23","03:00","1.75","176","2.53","67.8","1024.7","-","-"
"2024/08/23","04:00","4.28","184","7.78","66.7","1025.1","-","-"
"2024/08/23","05:00","4.86","209","5.44","66.9","1024.9","-","-"
"2024/08/23","06:00","2.14","295","2.92","67.1","1024.8","-","-"
"2024/08/23","07:00","0.78","211","1.36","65.3","1024.8","-","-"
"2024/08/23","08:00","1.56","222","2.14","64.8","1024.9","-","-"
"2024/08/23","09:00","2.33","223","2.92","64.9","1025.3","-","-"
"2024/08/23","10:00","4.28","279","5.25","66.6","1025.6","-","-"
"2024/08/23","11:00","3.11","278","4.08","66.2","1026.2","-","-"
"2024/08/23","12:00","4.08","302","5.44","67.6","1026.5","-","-"
"2024/08/23","13:00","6.22","321","7.19","69.3","1026.5","-","-"
"2024/08/23","14:00","6.03","304","7.39","71.2","1026.6","-","-"
"2024/08/23","15:00","7","322","8.16","72.9","1026.7","-","-"
"2024/08/23","16:00","4.86","61","7","74.3","1026.7","-","-"
"2024/08/23","17:00","8.75","69","11.27","73.9","1026.7","-","-"
"2024/08/23","18:00","9.14","69","10.69","74.1","1026.7","-","-"
"2024/08/23","19:00","7","85","8.94","74.7","1026.2","-","-"
"2024/08/23","20:00","7","79","9.52","74.8","1025.9","-","-"
"2024/08/23","21:00","6.61","95","8.75","75","1025.6","-","-"
"2024/08/23","22:00","5.83","102","7.58","75.2","1025.5","-","-"
"2024/08/23","23:00","6.61","91","7.39","74.1","1025.3","-","-"
"2024/08/24","00:00","2.53","152","3.5","72.7","1025.3","-","-"
"2024/08/24","01:00","1.36","175","2.92","68.9","1025.6","-","-"
"2024/08/24","02:00","2.53","160","2.92","68.5","1025.8","-","-"
"2024/08/24","03:00","1.36","161","2.33","67.6","1025.7","-","-"
"2024/08/24","04:00","2.53","208","2.92","65.5","1025.6","-","-"
"2024/08/24","05:00","2.14","232","3.11","64.2","1025.4","-","-"
"2024/08/24","06:00","1.17","204","1.75","64.4","1025","-","-"
"2024/08/24","07:00","0.78","213","1.56","64","1025","-","-"
"2024/08/24","08:00","1.75","261","2.33","64.4","1025","-","-"
"2024/08/24","09:00","2.53","292","4.08","65.8","1024.9","-","-"
"2024/08/24","10:00","3.89","319","4.86","66.9","1025.3","-","-"
"2024/08/24","11:00","3.11","286","4.08","66.7","1025.7","-","-"
"2024/08/24","12:00","4.86","325","6.03","68.2","1025.7","-","-"
"2024/08/24","13:00","4.47","337","5.83","70.3","1025.9","-","-"
"2024/08/24","14:00","1.75","284","2.53","73.4","1026.3","-","-"
"2024/08/24","15:00","1.17","51","1.94","76.5","1026.2","-","-"
"2024/08/24","16:00","6.41","95","7.78","75.2","1026","-","-"
"2024/08/24","17:00","8.16","78","9.14","74.3","1025.5","-","-"
"2024/08/24","18:00","7","95","8.36","76.3","1025.3","-","-"
"2024/08/24","19:00","6.41","80","8.36","75","1024.7","-","-"
"2024/08/24","20:00","6.61","57","8.94","75.7","1024.5","-","-"
"2024/08/24","21:00","5.64","73","8.16","75.9","1024.2","-","-"
"2024/08/24","22:00","6.8","98","9.52","75.9","1023.9","-","-"
"2024/08/24","23:00","6.61","135","8.94","75.7","1023.8","-","-"
"2024/08/25","00:00","2.72","169","3.3","73.2","1023.8","-","-"
"2024/08/25","01:00","1.56","168","3.3","70.2","1024.2","-","-"
"2024/08/25","02:00","4.08","164","4.67","70","1024.3","-","-"
"2024/08/25","03:00","2.33","211","2.53","68.2","1024.4","-","-"
"2024/08/25","04:00","2.14","182","2.72","67.3","1024.2","-","-"
"2024/08/25","05:00","2.14","178","2.53","67.1","1024","-","-"
"2024/08/25","06:00","1.56","223","2.14","66","1023.7","-","-"
"2024/08/25","07:00","1.75","242","2.33","67.1","1023.2","-","-"
"2024/08/25","08:00","1.17","263","1.75","65.8","1022.8","-","-"
"2024/08/25","09:00","3.89","281","4.47","67.3","1023.5","-","-"
"2024/08/25","10:00","3.11","284","4.08","68","1023.8","-","-"
"2024/08/25","11:00","6.22","336","7","67.1","1024.4","-","-"
"2024/08/25","12:00","4.28","324","4.86","68.5","1024.9","-","-"
"2024/08/25","13:00","3.69","317","4.86","71.1","1025.1","-","-"
"2024/08/25","14:00","0.39","310","2.14","74.3","1025.4","-","-"
"2024/08/25","15:00","7","54","8.75","73.9","1025.7","-","-"
"2024/08/25","16:00","6.61","56","7.97","74.5","1025.7","-","-"
"2024/08/25","17:00","7.58","66","8.55","74.7","1025.4","-","-"
"2024/08/25","18:00","7.97","74","8.75","75.4","1025.1","-","-"
"2024/08/25","19:00","8.16","68","9.33","76.3","1024.3","-","-"
"2024/08/25","20:00","8.94","78","9.72","76.5","1023.9","-","-"
"2024/08/25","21:00","8.94","84","9.91","76.3","1023.7","-","-"
"2024/08/25","22:00","8.36","91","10.11","76.6","1023.7","-","-"
"2024/08/25","23:00","7.97","112","10.89","75.2","1023.5","-","-"
"2024/08/26","00:00","6.03","124","7.97","74.3","1023.6","-","-"
"2024/08/26","01:00","5.83","142","8.36","73.2","1024","-","-"
"2024/08/26","02:00","6.22","141","7.58","72.5","1024","-","-"
"2024/08/26","03:00","2.33","163","3.89","71.6","1024.2","-","-"
"2024/08/26","04:00","2.72","158","3.89","71.1","1024","-","-"
"2024/08/26","05:00","2.92","204","3.5","69.3","1024.1","-","-"
"2024/08/26","06:00","2.33","182","3.5","69.3","1023.8","-","-"
"2024/08/26","07:00","1.36","215","2.14","69.3","1023.3","-","-"
"2024/08/26","08:00","1.17","219","2.14","68.7","1022.9","-","-"
"2024/08/26","09:00","0.39","67","1.36","69.3","1022.7","-","-"
"2024/08/26","10:00","1.36","220","1.94","68.7","1022.7","-","-"
"2024/08/26","11:00","1.75","241","2.92","69.6","1023","-","-"
"2024/08/26","12:00","1.36","243","2.92","71.1","1023","-","-"
"2024/08/26","13:00","4.86","258","8.16","73.8","1023.1","-","-"
"2024/08/26","14:00","5.44","245","6.61","77.2","1023.2","-","-"
"2024/08/26","15:00","4.47","271","6.03","79.5","1022.8","-","-"
"2024/08/26","16:00","2.72","226","5.05","82.8","1022.5","-","-"
"2024/08/26","17:00","8.75","68","9.72","78.8","1022","-","-"
"2024/08/26","18:00","2.72","91","6.41","83.3","1021.3","-","-"
"2024/08/26","19:00","9.33","201","12.63","86","1020.4","-","-"
"2024/08/26","20:00","7.97","216","11.08","86.4","1020","-","-"
"2024/08/26","21:00","6.03","223","7.78","86","1019.6","-","-"
"2024/08/26","22:00","4.28","259","4.86","84.4","1019.7","-","-"
"2024/08/26","23:00","4.08","205","6.03","82.2","1019.4","-","-"
"2024/08/27","00:00","6.41","236","8.94","81.5","1019.7","-","-"
"2024/08/27","01:00","5.83","277","7.19","79.9","1019.6","-","-"
"2024/08/27","02:00","5.44","265","7.19","77.4","1019.9","-","-"
"2024/08/27","03:00","6.03","247","8.36","77.7","1019.7","-","-"
"2024/08/27","04:00","5.83","276","6.8","77.2","1019.7","-","-"
"2024/08/27","05:00","5.44","284","6.22","75.9","1019.7","-","-"
"2024/08/27","06:00","4.67","267","5.64","75.6","1019.5","-","-"
"2024/08/27","07:00","2.53","259","3.3","75.4","1019.2","-","-"
"2024/08/27","08:00","1.75","276","2.33","74.7","1018.9","-","-"
"2024/08/27","09:00","1.56","339","2.33","74.7","1019","-","-"
"2024/08/27","10:00","1.36","203","1.94","73.9","1019","-","-"
"2024/08/27","11:00","2.92","2","3.3","74.3","1019.4","-","-"
"2024/08/27","12:00","0.97","13","2.33","75.9","1019.4","-","-"
"2024/08/27","13:00","0.97","243","2.33","78.4","1019.6","-","-"
"2024/08/27","14:00","4.47","297","4.67","78.8","1020","-","-"
"2024/08/27","15:00","2.92","106","3.89","81.7","1020.3","-","-"
"2024/08/27","16:00","6.61","87","7.58","80.4","1020.2","-","-"
"2024/08/27","17:00","4.86","76","5.44","80.8","1020.1","-","-"
"2024/08/27","18:00","6.41","72","6.8","81.1","1019.9","-","-"
"2024/08/27","19:00","5.25","84","5.64","84","1019.6","-","-"
"2024/08/27","20:00","6.03","66","6.8","83.7","1018.9","-","-"
"2024/08/27","21:00","7.39","80","8.36","83.1","1018.6","-","-"
"2024/08/27","22:00","5.05","108","6.22","84.4","1018.5","-","-"
"2024/08/27","23:00","4.67","127","6.61","83.7","1018.3","-","-"
"2024/08/28","00:00","4.28","144","6.41","81","1018.5","-","-"
"2024/08/28","01:00","3.69","137","4.86","79.5","1018.8","-","-"
"2024/08/28","02:00","5.64","162","6.8","78.6","1019.1","-","-"
"2024/08/28","03:00","4.47","173","7.19","78.6","1019.1","-","-"
"2024/08/28","04:00","4.67","176","6.03","77.5","1018.8","-","-"
"2024/08/28","05:00","1.75","170","3.3","77.2","1018.6","-","-"
"2024/08/28","06:00","4.47","181","7.97","76.8","1018","-","-"
"2024/08/28","07:00","3.69","175","6.41","76.6","1017.3","-","-"
"2024/08/28","08:00","3.69","190","4.67","76.1","1017.1","-","-"
"2024/08/28","09:00","3.3","176","4.28","76.3","1017","-","-"
"2024/08/28","10:00","2.72","197","4.47","76.1","1017.2","-","-"
"2024/08/28","11:00","6.41","208","8.36","76.1","1017.4","-","-"
"2024/08/28","12:00","6.41","208","8.94","77.7","1017.8","-","-"
"2024/08/28","13:00","4.08","262","8.16","81.1","1018.1","-","-"
"2024/08/28","14:00","3.69","239","5.05","83.8","1017.8","-","-"
"2024/08/28","15:00","4.86","287","6.61","85.6","1017.9","-","-"
"2024/08/28","16:00","3.11","328","4.67","85.8","1017.6","-","-"
"2024/08/28","17:00","2.92","274","4.08","86","1017.3","-","-"
"2024/08/28","18:00","2.92","311","3.5","88.2","1017","-","-"
"2024/08/28","19:00","2.92","339","3.5","90.3","1016.7","-","-"
"2024/08/28","20:00","1.36","284","1.94","92.7","1016.4","-","-"
"2024/08/28","21:00","1.94","291","2.14","90.5","1016.3","-","-"
"2024/08/28","22:00","1.17","199","1.75","91.9","1016.2","-","-"
"2024/08/28","23:00","4.47","232","5.25","89.4","1016.2","-","-"
"2024/08/29","00:00","0.39","224","2.33","87.1","1016.4","-","-"
"2024/08/29","01:00","1.94","152","2.72","83.3","1016.9","-","-"
"2024/08/29","02:00","1.56","272","1.75","81.1","1017.4","-","-"
"2024/08/29","03:00","1.94","196","2.14","81","1017.6","-","-"
"2024/08/29","04:00","1.17","242","2.14","80.8","1017.6","-","-"
"2024/08/29","05:00","4.86","235","7","82.2","1017.6","-","-"
"2024/08/29","06:00","5.25","302","6.03","80.8","1017.9","-","-"
"2024/08/29","07:00","4.86","266","5.44","80.2","1017.7","-","-"
"2024/08/29","08:00","6.22","266","7.39","81","1017.5","-","-"
"2024/08/29","09:00","4.28","277","5.44","80.2","1017.8","-","-"
"2024/08/29","10:00","4.28","247","4.67","79.2","1018.3","-","-"
"2024/08/29","11:00","0.97","280","1.36","78.8","1019.1","-","-"
"2024/08/29","12:00","3.89","241","4.67","80.8","1019.3","-","-"
"2024/08/29","13:00","1.56","254","1.75","83.7","1019.6","-","-"
"2024/08/29","14:00","4.28","310","4.67","83.7","1020","-","-"
"2024/08/29","15:00","2.33","310","3.5","85.1","1020.2","-","-"
"2024/08/29","16:00","5.25","51","5.83","84.9","1019.9","-","-"
"2024/08/29","17:00","7","66","7.39","85.1","1019.8","-","-"
"2024/08/29","18:00","7.39","71","7.97","85.8","1019.7","-","-"
"2024/08/29","19:00","9.33","65","10.3","85.1","1019.2","-","-"
"2024/08/29","20:00","9.72","60","10.3","85.8","1019","-","-"
"2024/08/29","21:00","12.05","85","14","84.6","1019","-","-"
"2024/08/29","22:00","13.8","86","16.33","82.4","1019.2","-","-"
"2024/08/29","23:00","13.02","80","14.58","79.9","1019.9","-","-"
"2024/08/30","00:00","15.55","68","17.69","78.8","1020.3","-","-"
"2024/08/30","01:00","14.58","75","16.72","78.3","1020.5","-","-"
"2024/08/30","02:00","13.8","74","17.49","78.4","1021.2","-","-"
"2024/08/30","03:00","12.83","87","15.75","78.4","1021.6","-","-"
"2024/08/30","04:00","10.69","89","14.19","78.8","1021.6","-","-"
"2024/08/30","05:00","7.19","108","10.89","78.8","1021.6","-","-"
"2024/08/30","06:00","8.36","339","9.33","78.6","1021.8","-","-"
"2024/08/30","07:00","9.52","344","12.44","74.7","1021.4","-","-"
"2024/08/30","08:00","9.91","312","11.66","74.7","1019.9","-","-"
"2024/08/30","09:00","6.61","34","8.16","74.3","1020.6","-","-"
"2024/08/30","10:00","3.69","334","5.25","74.8","1020.6","-","-"
"2024/08/30","11:00","6.41","320","8.55","75","1020.9","-","-"
"2024/08/30","12:00","5.25","28","7.97","74.8","1021","-","-"
"2024/08/30","13:00","3.3","312","3.89","75.7","1021","-","-"
"2024/08/30","14:00","6.41","3","7.19","75.7","1021.1","-","-"
"2024/08/30","15:00","5.83","87","7","78.4","1021.6","-","-"
"2024/08/30","16:00","10.5","85","11.86","77.5","1021.6","-","-"
"2024/08/30","17:00","11.47","72","12.83","77.5","1021.3","-","-"
"2024/08/30","18:00","9.52","75","10.69","77.5","1021.6","-","-"
"2024/08/30","19:00","10.11","74","11.47","78.4","1021.1","-","-"
"2024/08/30","20:00","7.97","74","10.3","79","1020.5","-","-"
"2024/08/30","21:00","8.16","83","10.11","79","1020.3","-","-"
"2024/08/30","22:00","8.55","80","10.11","79.2","1020.1","-","-"
"2024/08/30","23:00","8.55","86","11.27","78.6","1020.1","-","-"
"2024/08/31","00:00","8.94","97","10.69","78.3","1020.4","-","-"
"2024/08/31","01:00","8.94","79","10.3","77.9","1020.9","-","-"
"2024/08/31","02:00","4.86","118","6.22","77.9","1021.1","-","-"
"2024/08/31","03:00","6.22","89","7.19","77.7","1020.8","-","-"
"2024/08/31","04:00","5.64","77","7.19","76.8","1020.5","-","-"
"2024/08/31","05:00","7.39","70","8.36","76.8","1020.5","-","-"
"2024/08/31","06:00","6.8","32","8.36","76.1","1020.2","-","-"
"2024/08/31","07:00","7.19","47","9.14","75.7","1019.9","-","-"
"2024/08/31","08:00","7.97","43","8.94","75","1019.4","-","-"
"2024/08/31","09:00","6.03","37","8.36","75.7","1019.3","-","-"
"2024/08/31","10:00","5.83","65","7","75.6","1019.4","-","-"
"2024/08/31","11:00","6.8","72","7.58","76.1","1019.5","-","-"
"2024/08/31","12:00","5.44","80","6.41","76.3","1019.7","-","-"
"2024/08/31","13:00","6.03","94","8.16","76.3","1019.6","-","-"
"2024/08/31","14:00","4.86","92","6.03","76.5","1019.7","-","-"
"2024/08/31","15:00","5.44","80","6.22","77.5","1019.8","-","-"
"2024/08/31","16:00","9.33","70","10.11","77","1019.5","-","-"
"2024/08/31","17:00","7.39","67","8.16","77.4","1019.1","-","-"
"2024/08/31","18:00","9.33","67","10.11","78.6","1018.4","-","-"
"2024/08/31","19:00","7.97","66","9.91","79.2","1017.6","-","-"
"2024/08/31","20:00","7.97","75","9.52","79.3","1016.4","-","-"
"2024/08/31","21:00","9.14","76","9.91","79.5","1015.8","-","-"
"2024/08/31","22:00","7.39","76","8.94","80.1","1015.8","-","-"
"2024/08/31","23:00","5.05","74","5.64","79.7","1016.1","-","-"
"2024/09/01","00:00","5.83","127","7.78","79","1015.9","-","-"
"2024/09/01","01:00","4.28","164","5.25","77.2","1016.7","-","-"
"2024/09/01","02:00","4.28","134","5.25","77","1016.8","-","-"
"2024/09/01","03:00","2.72","159","3.89","76.5","1016.7","-","-"
"2024/09/01","04:00","5.25","178","7","75.7","1016","-","-"
"2024/09/01","05:00","7.78","170","10.3","75.7","1015.4","-","-"
"2024/09/01","06:00","5.64","186","8.55","75.6","1015.1","-","-"
"2024/09/01","07:00","7.39","180","8.55","75.4","1014.9","-","-"
"2024/09/01","08:00","5.83","200","9.72","75.4","1014.6","-","-"
"2024/09/01","09:00","4.67","211","5.64","74.5","1014.9","-","-"
"2024/09/01","10:00","3.5","206","4.86","74.3","1015","-","-"
"2024/09/01","11:00","2.33","187","4.67","74.7","1014.8","-","-"
"2024/09/01","12:00","5.25","195","6.61","75.7","1014.8","-","-"
"2024/09/01","13:00","6.22","228","9.52","79","1015","-","-"
"2024/09/01","14:00","3.11","210","6.22","81.7","1014.9","-","-"
"2024/09/01","15:00","10.5","206","14.19","82.9","1014.7","-","-"
"2024/09/01","16:00","8.36","212","11.27","84.2","1014.5","-","-"
"2024/09/01","17:00","7.39","242","10.5","84.6","1014.1","-","-"
"2024/09/01","18:00","10.11","239","15.16","85.8","1013.7","-","-"
"2024/09/01","19:00","6.41","232","9.72","86.9","1012.7","-","-"
"2024/09/01","20:00","8.55","266","10.5","86","1012.2","-","-"
"2024/09/01","21:00","6.03","263","8.94","85.3","1012.2","-","-"
"2024/09/01","22:00","8.75","277","10.89","84.4","1012.2","-","-"
"2024/09/01","23:00","10.89","224","15.36","79.3","1012.9","-","-"
"2024/09/02","00:00","6.22","187","8.36","77","1013.6","-","-"
"2024/09/02","01:00","5.05","192","7.58","76.8","1014.3","-","-"
"2024/09/02","02:00","9.14","200","11.66","76.5","1014.3","-","-"
"2024/09/02","03:00","11.47","205","15.55","76.1","1013.9","-","-"
"2024/09/02","04:00","9.52","215","13.41","75.9","1013.6","-","-"
"2024/09/02","05:00","8.94","234","12.05","75.6","1013.7","-","-"
"2024/09/02","06:00","7.78","232","9.91","75.2","1013.8","-","-"
"2024/09/02","07:00","5.64","243","7.19","75.2","1013.5","-","-"
"2024/09/02","08:00","4.28","270","5.64","75","1013.3","-","-"
"2024/09/02","09:00","6.8","241","7.78","73.9","1013.1","-","-"
"2024/09/02","10:00","7.97","249","9.52","74.3","1013.1","-","-"
"2024/09/02","11:00","8.75","245","10.3","74.1","1013.9","-","-"
"2024/09/02","12:00","5.83","264","9.72","73.9","1014.8","-","-"
"2024/09/02","13:00","8.94","282","10.89","74.3","1015.4","-","-"
"2024/09/02","14:00","9.52","332","11.86","75.4","1016.1","-","-"
"2024/09/02","15:00","13.41","9","16.33","74.8","1017.1","-","-"
"2024/09/02","16:00","12.05","10","17.49","75.6","1017.3","-","-"
"2024/09/02","17:00","11.08","16","14.97","76.1","1017.4","-","-"
"2024/09/02","18:00","14.58","5","16.72","76.8","1017.7","-","-"
"2024/09/02","19:00","13.41","15","15.75","77.2","1017.3","-","-"
"2024/09/02","20:00","10.69","13","12.25","77.5","1017.5","-","-"
"2024/09/02","21:00","10.89","9","14","77.2","1017.9","-","-"
"2024/09/02","22:00","8.16","15","9.52","77.4","1018.1","-","-"
"2024/09/02","23:00","10.3","39","12.25","76.5","1018.4","-","-"
"2024/09/03","00:00","7.78","27","9.33","75.6","1019.1","-","-"
"2024/09/03","01:00","7.39","6","9.33","74.7","1019.8","-","-"
"2024/09/03","02:00","9.72","5","11.47","73.6","1020.5","-","-"
"2024/09/03","03:00","8.55","351","9.91","71.2","1021","-","-"
"2024/09/03","04:00","10.11","6","13.02","70.2","1021.1","-","-"
"2024/09/03","05:00","9.72","351","11.66","68.7","1021.2","-","-"
"2024/09/03","06:00","10.11","343","12.05","68.2","1021.4","-","-"
"2024/09/03","07:00","9.52","348","12.63","67.8","1021.5","-","-"
"2024/09/03","08:00","16.13","32","20.6","71.6","1021.9","-","-"
"2024/09/03","09:00","17.69","31","24.69","71.2","1022.4","-","-"
"2024/09/03","10:00","15.16","30","19.05","69.8","1023","-","-"
"2024/09/03","11:00","18.08","21","22.55","68.7","1023.9","-","-"
"2024/09/03","12:00","15.16","23","17.69","68.9","1024.3","-","-"
"2024/09/03","13:00","-","-","-","-","-","-","-"
"2024/09/03","14:00","15.16","32","19.44","68.9","1025.3","-","-"
"2024/09/03","15:00","14.38","28","20.02","68.9","1026.1","-","-"
"2024/09/03","16:00","10.89","33","15.94","69.8","1026","-","-"
"2024/09/03","17:00","11.86","23","14.97","70.9","1025.6","-","-"
"2024/09/03","18:00","13.41","33","17.88","71.6","1025.4","-","-"
"2024/09/03","19:00","15.16","7","18.66","72","1025.3","-","-"
"2024/09/03","20:00","12.63","20","15.55","72.5","1025.1","-","-"
"2024/09/03","21:00","12.05","14","14","72.5","1025","-","-"
"2024/09/03","22:00","12.05","42","16.33","72.9","1024.8","-","-"
"2024/09/03","23:00","15.55","39","17.69","71.8","1025","-","-"
"2024/09/04","00:00","15.94","48","19.05","71.1","1025.4","-","-"
"2024/09/04","01:00","16.91","52","19.05","70.3","1026.4","-","-"
"2024/09/04","02:00","17.69","45","20.6","69.6","1027","-","-"
"2024/09/04","03:00","16.33","43","19.63","69.4","1026.8","-","-"
"2024/09/04","04:00","13.41","39","16.91","69.3","1026.8","-","-"
"2024/09/04","05:00","8.94","34","14.58","69.3","1026.7","-","-"
"2024/09/04","06:00","9.33","35","13.41","68.9","1026.8","-","-"
"2024/09/04","07:00","11.86","40","14.19","69.3","1026.7","-","-"
"2024/09/04","08:00","13.61","39","16.13","68.9","1026.7","-","-"
"2024/09/04","09:00","14.77","42","17.3","69.1","1026.7","-","-"
"2024/09/04","10:00","11.66","39","13.61","68.7","1027.1","-","-"
"2024/09/04","11:00","14","40","16.33","69.1","1027.2","-","-"
"2024/09/04","12:00","12.63","38","14.97","69.4","1027.7","-","-"
"2024/09/04","13:00","12.25","45","17.3","70","1028.2","-","-"
"2024/09/04","14:00","13.22","35","15.16","70.5","1029.1","-","-"
"2024/09/04","15:00","11.66","37","16.13","71.4","1029.4","-","-"
"2024/09/04","16:00","10.5","51","15.75","71.8","1029.1","-","-"
"2024/09/04","17:00","11.08","55","14.38","72.3","1028.9","-","-"
"2024/09/04","18:00","14.19","60","16.13","72.9","1028.7","-","-"
"2024/09/04","19:00","14","63","15.94","73.2","1028.4","-","-"
"2024/09/04","20:00","14","64","16.91","73.6","1028.2","-","-"
"2024/09/04","21:00","13.41","68","16.13","73.4","1027.7","-","-"
"2024/09/04","22:00","14.19","66","17.88","73.2","1027.7","-","-"
"2024/09/04","23:00","14.19","57","16.52","72.5","1027.4","-","-"
"2024/09/05","00:00","15.55","51","18.08","71.8","1027.2","-","-"
"2024/09/05","01:00","16.72","52","21.58","71.6","1027.6","-","-"
"2024/09/05","02:00","14.19","45","18.27","70.9","1027.9","-","-"
"2024/09/05","03:00","13.22","40","16.13","70.3","1028","-","-"
"2024/09/05","04:00","13.61","36","15.16","69.8","1027.8","-","-"
"2024/09/05","05:00","9.52","34","10.89","69.4","1027.5","-","-"
"2024/09/05","06:00","8.55","28","10.69","69.8","1027","-","-"
"2024/09/05","07:00","9.72","28","11.27","70","1026.6","-","-"
"2024/09/05","08:00","10.89","29","13.02","70","1026.3","-","-"
"2024/09/05","09:00","7.19","5","8.16","68.7","1026.4","-","-"
"2024/09/05","10:00","10.89","27","13.61","69.6","1026.4","-","-"
"2024/09/05","11:00","6.22","19","9.91","69.1","1026.3","-","-"
"2024/09/05","12:00","13.22","36","16.72","70.3","1026.2","-","-"
"2024/09/05","13:00","13.8","33","17.11","70.9","1025.9","-","-"
"2024/09/05","14:00","12.44","44","15.16","71.1","1025.8","-","-"
"2024/09/05","15:00","11.66","36","14.38","71.2","1025.4","-","-"
"2024/09/05","16:00","13.41","45","15.94","72.7","1024.9","-","-"
"2024/09/05","17:00","9.14","49","10.3","73.9","1024.8","-","-"
"2024/09/05","18:00","11.86","77","13.8","73.9","1024.7","-","-"
"2024/09/05","19:00","11.66","70","13.61","73.9","1024.4","-","-"
"2024/09/05","20:00","10.11","75","11.27","73.8","1024","-","-"
"2024/09/05","21:00","8.55","52","11.86","74.7","1023.5","-","-"
"2024/09/05","22:00","8.16","52","9.91","74.8","1023.3","-","-"
"2024/09/05","23:00","7.97","33","9.52","74.3","1023","-","-"
"2024/09/06","00:00","7.19","32","8.94","73","1022.7","-","-"
"2024/09/06","01:00","6.61","34","9.33","72.7","1022.8","-","-"
"2024/09/06","02:00","8.55","19","9.52","72.5","1022.4","-","-"
"2024/09/06","03:00","9.72","49","11.47","72","1022.4","-","-"
"2024/09/06","04:00","12.05","51","13.41","71.8","1021.9","-","-"
"2024/09/06","05:00","9.91","40","12.44","71.1","1021.2","-","-"
"2024/09/06","06:00","10.11","48","12.63","70.7","1020.4","-","-"
"2024/09/06","07:00","6.8","47","8.75","70.5","1020.1","-","-"
"2024/09/06","08:00","6.41","28","7.39","70.5","1019.7","-","-"
"2024/09/06","09:00","4.28","9","6.22","70","1019.5","-","-"
"2024/09/06","10:00","6.61","330","8.16","69.3","1019.4","-","-"
"2024/09/06","11:00","7","336","8.36","68.7","1019.7","-","-"
"2024/09/06","12:00","7.58","312","8.94","68.7","1019.4","-","-"
"2024/09/06","13:00","7.58","303","8.94","69.8","1019.6","-","-"
"2024/09/06","14:00","5.25","290","6.22","70.3","1019.5","-","-"
"2024/09/06","15:00","4.28","302","5.64","72.5","1019.4","-","-"
"2024/09/06","16:00","2.92","56","4.47","74.5","1019","-","-"
"2024/09/06","17:00","9.52","82","11.66","73.2","1018.3","-","-"
"2024/09/06","18:00","10.11","81","11.27","73.6","1017.9","-","-"
"2024/09/06","19:00","9.72","78","11.08","73.8","1017.2","-","-"
"2024/09/06","20:00","8.36","67","9.72","74.3","1016.8","-","-"
"2024/09/06","21:00","8.16","80","8.75","75","1016.3","-","-"
"2024/09/06","22:00","6.61","80","7.19","75.4","1016.2","-","-"
"2024/09/06","23:00","7.39","124","9.14","74.7","1015.7","-","-"
"2024/09/07","00:00","4.47","124","6.03","73.6","1015.6","-","-"
"2024/09/07","01:00","4.28","147","5.25","72.9","1015.8","-","-"
"2024/09/07","02:00","6.8","119","9.52","72.5","1015.3","-","-"
"2024/09/07","03:00","6.8","139","8.94","72","1015","-","-"
"2024/09/07","04:00","3.89","149","5.05","71.2","1014.6","-","-"
"2024/09/07","05:00","2.33","194","3.3","70.2","1014.1","-","-"
"2024/09/07","06:00","4.08","176","5.25","69.6","1013.5","-","-"
"2024/09/07","07:00","5.44","173","6.8","69.8","1013","-","-"
"2024/09/07","08:00","1.75","188","3.5","69.1","1012.6","-","-"
"2024/09/07","09:00","2.33","180","4.28","69.1","1012.2","-","-"
"2024/09/07","10:00","3.69","151","4.28","69.3","1011.9","-","-"
"2024/09/07","11:00","6.03","176","7.19","69.6","1011.6","-","-"
"2024/09/07","12:00","4.08","209","4.86","69.6","1011.9","-","-"
"2024/09/07","13:00","3.89","169","4.86","71.1","1011.7","-","-"
"2024/09/07","14:00","4.08","171","5.64","72.3","1011.3","-","-"
"2024/09/07","15:00","4.86","194","8.36","72.9","1011.5","-","-"
"2024/09/07","16:00","6.8","196","8.36","73.6","1011.3","-","-"
"2024/09/07","17:00","5.25","150","8.75","75.9","1010.9","-","-"
"2024/09/07","18:00","0.39","114","5.25","79.2","1010.7","-","-"
"2024/09/07","19:00","4.28","45","6.03","76.1","1010.1","-","-"
"2024/09/07","20:00","6.03","86","7.78","75.9","1009.8","-","-"
"2024/09/07","21:00","15.75","4","20.22","72.9","1010.6","-","-"
"2024/09/07","22:00","14.97","350","20.6","70.9","1011.5","-","-"
"2024/09/07","23:00","13.22","6","16.13","69.8","1011.5","-","-"
"2024/09/08","00:00","6.8","0","9.14","69.4","1012.4","-","-"
"2024/09/08","01:00","7.19","0","9.33","69.8","1013","-","-"
"2024/09/08","02:00","6.03","343","7.19","69.1","1013.3","-","-"
"2024/09/08","03:00","7","336","8.55","68.5","1013.8","-","-"
"2024/09/08","04:00","8.94","330","10.3","68.2","1014.5","-","-"
"2024/09/08","05:00","9.72","329","11.27","66.9","1014.9","-","-"
"2024/09/08","06:00","10.11","343","12.05","65.5","1015.2","-","-"
"2024/09/08","07:00","12.44","335","15.55","64","1015.4","-","-"
"2024/09/08","08:00","8.75","348","10.69","62.2","1015.7","-","-"
"2024/09/08","09:00","9.33","344","11.27","62.1","1016.4","-","-"
"2024/09/08","10:00","7.78","328","9.91","62.1","1017.2","-","-"
"2024/09/08","11:00","9.33","329","11.27","61.5","1018","-","-"
"2024/09/08","12:00","10.89","335","13.8","62.2","1018.9","-","-"
"2024/09/08","13:00","10.89","339","13.02","62.4","1019.4","-","-"
"2024/09/08","14:00","11.47","335","14.38","64.9","1020","-","-"
"2024/09/08","15:00","10.89","351","14.19","65.3","1020.4","-","-"
"2024/09/08","16:00","7.19","302","10.3","66.4","1020.1","-","-"
"2024/09/08","17:00","4.86","299","8.55","66.9","1019.8","-","-"
"2024/09/08","18:00","6.61","298","8.94","68.4","1019.6","-","-"
"2024/09/08","19:00","7.19","322","9.72","70","1019","-","-"
"2024/09/08","20:00","5.83","327","9.72","70.3","1018.6","-","-"
"2024/09/08","21:00","6.03","331","8.55","71.4","1018.6","-","-"
"2024/09/08","22:00","4.86","319","7","72","1018.6","-","-"
"2024/09/08","23:00","6.03","359","7.19","71.2","1018.9","-","-"
"2024/09/09","00:00","1.56","4","3.3","68.2","1019.4","-","-"
"2024/09/09","01:00","1.94","225","2.72","65.8","1020","-","-"
"2024/09/09","02:00","1.75","233","3.3","64","1020.3","-","-"
"2024/09/09","03:00","1.75","171","3.3","63.9","1020.6","-","-"
"2024/09/09","04:00","4.28","192","5.64","63.9","1020.7","-","-"
"2024/09/09","05:00","4.86","178","6.41","63.9","1020.9","-","-"
"2024/09/09","06:00","3.11","192","4.08","63.1","1021.1","-","-"
"2024/09/09","07:00","2.33","211","2.72","62.4","1021.1","-","-"
"2024/09/09","08:00","1.56","241","2.33","62.4","1021.2","-","-"
"2024/09/09","09:00","4.28","215","4.86","61.3","1021.2","-","-"
"2024/09/09","10:00","1.36","244","2.53","61.5","1021.6","-","-"
"2024/09/09","11:00","3.89","263","4.67","62.2","1021.9","-","-"
"2024/09/09","12:00","2.72","284","3.5","64","1022.2","-","-"
"2024/09/09","13:00","0.58","248","1.56","68.4","1022.3","-","-"
"2024/09/09","14:00","1.75","331","2.53","69.4","1022.5","-","-"
"2024/09/09","15:00","1.17","30","1.94","72.7","1022.5","-","-"
"2024/09/09","16:00","5.05","75","6.03","70.3","1022.3","-","-"
"2024/09/09","17:00","7.97","66","9.14","70.5","1022","-","-"
"2024/09/09","18:00","7.39","75","8.75","71.6","1021.3","-","-"
"2024/09/09","19:00","10.89","70","12.44","72.1","1020.6","-","-"
"2024/09/09","20:00","8.75","72","11.47","72.7","1020.1","-","-"
"2024/09/09","21:00","7.78","91","8.55","73.8","1019.7","-","-"
"2024/09/09","22:00","5.25","99","6.03","74.1","1019.5","-","-"
"2024/09/09","23:00","4.86","123","7.39","72.7","1019.5","-","-"
"2024/09/10","00:00","2.14","185","3.3","70","1019.7","-","-"
"2024/09/10","01:00","4.47","188","5.25","67.1","1020.1","-","-"
"2024/09/10","02:00","2.14","177","4.47","67.5","1020.5","-","-"
"2024/09/10","03:00","6.41","202","7","66.4","1020.6","-","-"
"2024/09/10","04:00","8.75","210","10.5","66.6","1020.8","-","-"
"2024/09/10","05:00","9.14","223","10.69","67.1","1020.7","-","-"
"2024/09/10","06:00","7.39","216","9.14","65.3","1020.5","-","-"
"2024/09/10","07:00","5.25","221","7.19","65.7","1020.4","-","-"
"2024/09/10","08:00","2.33","209","3.89","63.3","1020.1","-","-"
"2024/09/10","09:00","0.97","262","1.94","63","1020.1","-","-"
"2024/09/10","10:00","1.56","211","2.53","61","1020.2","-","-"
"2024/09/10","11:00","7.97","215","9.91","62.6","1020.4","-","-"
"2024/09/10","12:00","6.8","229","8.55","65.3","1020.5","-","-"
"2024/09/10","13:00","4.67","264","6.41","67.8","1020.7","-","-"
"2024/09/10","14:00","4.67","331","6.03","69.4","1020.9","-","-"
"2024/09/10","15:00","2.33","299","3.11","72.5","1020.9","-","-"
"2024/09/10","16:00","0.19","140","1.17","79.2","1020.7","-","-"
"2024/09/10","17:00","3.3","85","3.89","75.9","1020.5","-","-"
"2024/09/10","18:00","7","93","8.36","77.2","1020.2","-","-"
"2024/09/10","19:00","8.94","87","10.3","75.9","1019.9","-","-"
"2024/09/10","20:00","7.58","79","8.36","76.8","1019.7","-","-"
"2024/09/10","21:00","6.8","82","7.78","77.7","1019.4","-","-"
"2024/09/10","22:00","3.89","141","5.05","80.2","1019.5","-","-"
"2024/09/10","23:00","4.28","112","5.64","78.1","1019.6","-","-"
"2024/09/11","00:00","4.08","152","4.86","73.9","1019.9","-","-"
"2024/09/11","01:00","6.03","170","7.19","72.9","1020.5","-","-"
"2024/09/11","02:00","6.61","197","8.36","71.2","1020.6","-","-"
"2024/09/11","03:00","7.58","207","9.14","70.2","1020.7","-","-"
"2024/09/11","04:00","8.36","206","9.33","69.4","1020.8","-","-"
"2024/09/11","05:00","9.33","211","10.11","68.4","1020.6","-","-"
"2024/09/11","06:00","7.58","216","8.94","69.1","1020.4","-","-"
"2024/09/11","07:00","10.3","221","12.25","68.7","1020.3","-","-"
"2024/09/11","08:00","6.03","240","10.5","67.8","1020.4","-","-"
"2024/09/11","09:00","4.67","304","6.22","66.9","1020.6","-","-"
"2024/09/11","10:00","4.86","262","5.64","65.1","1020.9","-","-"
"2024/09/11","11:00","4.67","270","5.05","65.1","1021","-","-"
"2024/09/11","12:00","4.47","284","5.44","67.3","1021.3","-","-"
"2024/09/11","13:00","3.3","16","4.67","70","1021.9","-","-"
"2024/09/11","14:00","2.14","74","2.53","72.3","1022.2","-","-"
"2024/09/11","15:00","0.97","143","1.75","76.3","1022.5","-","-"
"2024/09/11","16:00","3.5","100","4.28","76.1","1022.4","-","-"
"2024/09/11","17:00","7.97","85","8.55","75.9","1022.1","-","-"
"2024/09/11","18:00","9.91","84","11.08","75.6","1021.9","-","-"
"2024/09/11","19:00","7","82","7.58","76.8","1021.5","-","-"
"2024/09/11","20:00","10.5","78","11.66","77","1021.1","-","-"
"2024/09/11","21:00","9.14","83","9.52","76.5","1020.9","-","-"
"2024/09/11","22:00","10.11","92","11.86","76.6","1020.8","-","-"
"2024/09/11","23:00","6.41","126","8.55","75.7","1020.6","-","-"
"2024/09/12","00:00","5.05","121","6.22","73.8","1020.8","-","-"
"2024/09/12","01:00","3.3","143","4.86","72","1021.3","-","-"
"2024/09/12","02:00","1.75","131","3.3","71.6","1021.5","-","-"
"2024/09/12","03:00","4.28","111","5.83","71.4","1021.5","-","-"
"2024/09/12","04:00","6.61","105","8.16","72.1","1021.5","-","-"
"2024/09/12","05:00","5.64","106","7.58","71.8","1021.2","-","-"
"2024/09/12","06:00","3.3","160","4.28","70.7","1021.3","-","-"
"2024/09/12","07:00","2.33","184","3.5","68.4","1021.3","-","-"
"2024/09/12","08:00","3.89","130","5.05","70.3","1021.1","-","-"
"2024/09/12","09:00","3.69","133","7.58","70.2","1021.4","-","-"
"2024/09/12","10:00","10.89","68","12.44","71.4","1021.6","-","-"
"2024/09/12","11:00","10.5","64","13.02","71.6","1022","-","-"
"2024/09/12","12:00","12.83","58","14.38","71.6","1022.4","-","-"
"2024/09/12","13:00","12.05","57","15.55","71.8","1022.8","-","-"
"2024/09/12","14:00","12.44","59","14.19","72.1","1023.1","-","-"
"2024/09/12","15:00","10.11","68","12.44","73.2","1023.5","-","-"
"2024/09/12","16:00","10.11","68","12.25","73.8","1023.3","-","-"
"2024/09/12","17:00","10.69","71","13.22","74.5","1023","-","-"
"2024/09/12","18:00","10.69","63","12.63","75","1022.7","-","-"
"2024/09/12","19:00","12.83","73","14.38","75.4","1022.4","-","-"
"2024/09/12","20:00","13.41","76","15.94","75","1022","-","-"
"2024/09/12","21:00","13.41","69","14.77","75","1022.2","-","-"
"2024/09/12","22:00","11.66","70","13.22","74.8","1022.2","-","-"
"2024/09/12","23:00","12.25","64","13.8","74.5","1022","-","-"
"2024/09/13","00:00","11.86","65","13.8","74.3","1022","-","-"
"2024/09/13","01:00","11.27","60","13.02","73.8","1022.1","-","-"
"2024/09/13","02:00","7.97","40","9.14","73","1021.9","-","-"
"2024/09/13","03:00","12.44","59","14.19","73.6","1021.8","-","-"
"2024/09/13","04:00","13.02","53","14.58","73.6","1021.7","-","-"
"2024/09/13","05:00","13.02","53","15.94","73.6","1021.4","-","-"
"2024/09/13","06:00","14.58","64","15.94","73.8","1021.5","-","-"
"2024/09/13","07:00","13.61","59","15.94","73.8","1021.1","-","-"
"2024/09/13","08:00","13.41","58","14.77","73.8","1021.2","-","-"
"2024/09/13","09:00","9.91","52","14.19","73.4","1021","-","-"
"2024/09/13","10:00","12.63","48","14.38","73.6","1021.1","-","-"
"2024/09/13","11:00","12.44","50","14.77","73.9","1021","-","-"
"2024/09/13","12:00","11.47","48","14.38","74.1","1021.3","-","-"
"2024/09/13","13:00","12.83","54","14.58","74.5","1021.7","-","-"
"2024/09/13","14:00","14.19","53","16.52","74.8","1022.1","-","-"
"2024/09/13","15:00","14","52","16.91","75","1022.3","-","-"
"2024/09/13","16:00","13.8","56","16.33","75.9","1022.4","-","-"
"2024/09/13","17:00","15.94","60","17.88","75.7","1022.4","-","-"
"2024/09/13","18:00","14","65","15.36","75.9","1021.8","-","-"
"2024/09/13","19:00","14.19","59","16.13","75.6","1021.3","-","-"
"2024/09/13","20:00","12.63","57","14.77","75.6","1020.8","-","-"
"2024/09/13","21:00","15.94","60","17.49","75.2","1020.8","-","-"
"2024/09/13","22:00","15.55","54","16.52","74.8","1021.1","-","-"
"2024/09/13","23:00","12.83","40","14.58","74.5","1020.9","-","-"
"2024/09/14","00:00","14.19","55","15.55","73.9","1021","-","-"
"2024/09/14","01:00","14.97","55","16.52","73.9","1021","-","-"
"2024/09/14","02:00","17.69","58","19.44","73.8","1021.3","-","-"
"2024/09/14","03:00","13.41","54","15.94","73.8","1021.5","-","-"
"2024/09/14","04:00","12.05","51","13.61","73.8","1021.4","-","-"
"2024/09/14","05:00","9.52","43","11.27","73.8","1021.1","-","-"
"2024/09/14","06:00","8.94","40","11.66","73.8","1021","-","-"
"2024/09/14","07:00","11.08","41","13.22","73.4","1020.6","-","-"
"2024/09/14","08:00","11.27","44","12.63","73","1020.4","-","-"
"2024/09/14","09:00","7.97","27","8.75","72.3","1020.4","-","-"
"2024/09/14","10:00","7.58","35","8.94","72.1","1020.4","-","-"
"2024/09/14","11:00","11.27","32","12.83","72","1020.8","-","-"
"2024/09/14","12:00","14","39","16.33","72.9","1021.2","-","-"
"2024/09/14","13:00","13.22","42","16.33","73.2","1021.6","-","-"
"2024/09/14","14:00","15.75","36","18.66","72.9","1022.2","-","-"
"2024/09/14","15:00","11.27","38","16.13","74.1","1022.1","-","-"
"2024/09/14","16:00","14","33","18.47","74.7","1022","-","-"
"2024/09/14","17:00","14.77","65","16.52","75.2","1022","-","-"
"2024/09/14","18:00","14.38","58","16.91","75.6","1021.8","-","-"
"2024/09/14","19:00","13.02","62","14.58","75.6","1021.4","-","-"
"2024/09/14","20:00","13.41","59","15.55","75.9","1021.5","-","-"
"2024/09/14","21:00","14.97","56","17.3","75.9","1021.6","-","-"
"2024/09/14","22:00","15.36","53","17.3","75.6","1021.6","-","-"
"2024/09/14","23:00","15.16","50","16.91","74.7","1021.7","-","-"
"2024/09/15","00:00","16.52","49","18.27","74.1","1021.7","-","-"
"2024/09/15","01:00","15.16","48","20.22","73.4","1021.8","-","-"
"2024/09/15","02:00","18.27","54","20.02","72.9","1022.1","-","-"
"2024/09/15","03:00","16.72","54","19.44","73.2","1022.2","-","-"
"2024/09/15","04:00","15.75","48","18.08","72.9","1022.2","-","-"
"2024/09/15","05:00","14","49","18.08","72.7","1022.2","-","-"
"2024/09/15","06:00","14","45","19.24","72.7","1022.2","-","-"
"2024/09/15","07:00","15.55","43","18.08","72.5","1021.9","-","-"
"2024/09/15","08:00","16.33","49","19.24","72.7","1021.9","-","-"
"2024/09/15","09:00","11.66","43","14.58","72.5","1022","-","-"
"2024/09/15","10:00","13.8","45","16.13","72.3","1022.2","-","-"
"2024/09/15","11:00","12.44","39","15.36","72.1","1022.8","-","-"
"2024/09/15","12:00","12.25","42","14","72","1023.3","-","-"
"2024/09/15","13:00","16.52","54","18.86","72.5","1023.7","-","-"
"2024/09/15","14:00","16.72","52","19.05","73","1024.2","-","-"
"2024/09/15","15:00","15.75","46","19.24","74.1","1024.4","-","-"
"2024/09/15","16:00","16.91","57","20.02","74.7","1024.4","-","-"
"2024/09/15","17:00","17.11","56","21.19","75.4","1024.5","-","-"
"2024/09/15","18:00","17.11","58","20.8","75.7","1024.1","-","-"
"2024/09/15","19:00","19.63","60","21.58","75.4","1023.8","-","-"
"2024/09/15","20:00","18.27","53","21.58","75.4","1023.3","-","-"
"2024/09/15","21:00","18.47","58","23.71","75.2","1023.2","-","-"
"2024/09/15","22:00","21.58","60","23.71","74.7","1023.2","-","-"
"2024/09/15","23:00","20.02","56","22.55","73.9","1023.3","-","-"
"2024/09/16","00:00","18.86","55","21.58","73.2","1023.3","-","-"
"2024/09/16","01:00","19.83","56","22.55","72.5","1023.4","-","-"
"2024/09/16","02:00","17.88","44","21.77","72.1","1023.7","-","-"
"2024/09/16","03:00","15.16","50","19.83","72","1023.7","-","-"
"2024/09/16","04:00","15.94","55","20.22","72.3","1023.4","-","-"
"2024/09/16","05:00","17.11","50","21.19","72","1023.1","-","-"
"2024/09/16","06:00","14","43","17.69","71.8","1022.7","-","-"
"2024/09/16","07:00","17.69","57","20.6","71.6","1022.3","-","-"
"2024/09/16","08:00","15.75","49","17.49","71.6","1022.1","-","-"
"2024/09/16","09:00","14.58","43","17.69","70.5","1021.9","-","-"
"2024/09/16","10:00","15.16","42","18.47","70.7","1021.9","-","-"
"2024/09/16","11:00","16.13","44","19.24","70.3","1022.3","-","-"
"2024/09/16","12:00","13.8","42","16.33","71.1","1022.3","-","-"
"2024/09/16","13:00","19.63","42","25.08","71.8","1022.2","-","-"
"2024/09/16","14:00","17.3","44","21.77","72.1","1022.5","-","-"
"2024/09/16","15:00","19.63","53","22.35","73.2","1022.4","-","-"
"2024/09/16","16:00","18.47","53","21.19","74.1","1022.3","-","-"
"2024/09/16","17:00","18.27","58","22.16","73.9","1021.9","-","-"
"2024/09/16","18:00","17.3","45","20.99","71.6","1021.4","-","-"
"2024/09/16","19:00","17.11","36","20.99","71.8","1020.6","-","-"
"2024/09/16","20:00","17.88","43","22.55","73.8","1019.8","-","-"
"2024/09/16","21:00","21.38","59","25.46","74.5","1019.8","-","-"
"2024/09/16","22:00","22.55","55","26.05","74.1","1019.6","-","-"
"2024/09/16","23:00","26.05","51","29.55","73.9","1019.5","-","-"
"2024/09/17","00:00","23.52","54","27.99","73.8","1019.5","-","-"
"2024/09/17","01:00","20.02","54","25.46","73.9","1019.6","-","-"
"2024/09/17","02:00","20.8","53","25.27","73.9","1019.6","-","-"
"2024/09/17","03:00","20.8","53","25.08","73.9","1019.6","-","-"
"2024/09/17","04:00","20.8","60","24.3","73.8","1019.2","-","-"
"2024/09/17","05:00","19.83","58","23.91","73.9","1018.8","-","-"
"2024/09/17","06:00","21.19","62","25.27","74.1","1018.3","-","-"
"2024/09/17","07:00","22.94","58","25.85","73.9","1017.3","-","-"
"2024/09/17","08:00","19.63","59","23.91","74.1","1016.9","-","-"
"2024/09/17","09:00","21.19","60","23.91","74.1","1017.1","-","-"
"2024/09/17","10:00","21.38","61","24.88","74.1","1017.3","-","-"
"2024/09/17","11:00","20.22","71","23.91","73.8","1017.5","-","-"
"2024/09/17","12:00","20.6","62","23.13","73.8","1017.7","-","-"
"2024/09/17","13:00","17.11","58","19.63","73.8","1017.5","-","-"
"2024/09/17","14:00","17.49","72","21.58","73.2","1017.9","-","-"
"2024/09/17","15:00","20.8","59","23.91","73.2","1017.6","-","-"
"2024/09/17","16:00","19.63","64","23.33","73.2","1017.5","-","-"
"2024/09/17","17:00","20.02","61","23.13","73.6","1017.2","-","-"
"2024/09/17","18:00","20.02","64","23.71","73","1016.9","-","-"
"2024/09/17","19:00","19.05","69","23.91","73.8","1016.6","-","-"
"2024/09/17","20:00","17.3","48","20.99","73.6","1015.9","-","-"
"2024/09/17","21:00","18.47","57","20.6","74.1","1015.7","-","-"
"2024/09/17","22:00","19.24","61","23.71","74.3","1015.4","-","-"
"2024/09/17","23:00","21.19","61","25.66","73.9","1015.3","-","-"
"2024/09/18","00:00","19.44","59","23.71","73.8","1015.7","-","-"
"2024/09/18","01:00","17.88","53","20.99","73.2","1015.6","-","-"
"2024/09/18","02:00","16.72","55","22.35","73.4","1015.3","-","-"
"2024/09/18","03:00","15.55","54","18.27","73.6","1015.3","-","-"
"2024/09/18","04:00","19.05","60","22.94","73.9","1015.1","-","-"
"2024/09/18","05:00","14.58","60","16.72","73.8","1014.6","-","-"
"2024/09/18","06:00","12.25","52","13.8","73.8","1014.3","-","-"
"2024/09/18","07:00","11.86","51","13.22","73.8","1013.8","-","-"
"2024/09/18","08:00","14.19","58","16.33","73.4","1013.6","-","-"
"2024/09/18","09:00","10.89","53","13.22","73.4","1013.3","-","-"
"2024/09/18","10:00","12.05","49","13.02","73.4","1013.3","-","-"
"2024/09/18","11:00","8.94","49","11.47","73.2","1013.5","-","-"
"2024/09/18","12:00","16.52","72","18.27","73.4","1013.8","-","-"
"2024/09/18","13:00","15.75","68","18.27","73.8","1013.9","-","-"
"2024/09/18","14:00","15.55","66","17.88","73.2","1014.3","-","-"
"2024/09/18","15:00","17.49","64","20.6","73.9","1014.2","-","-"
"2024/09/18","16:00","15.36","58","17.88","74.1","1014.3","-","-"
"2024/09/18","17:00","12.63","63","15.55","74.5","1013.7","-","-"
"2024/09/18","18:00","10.69","65","13.22","74.8","1013.4","-","-"
"2024/09/18","19:00","11.08","60","13.02","75.2","1013.1","-","-"
"2024/09/18","20:00","10.89","68","14.58","75.6","1013","-","-"
"2024/09/18","21:00","11.47","51","14.19","75.6","1012.9","-","-"
"2024/09/18","22:00","10.89","67","12.05","75.4","1012.9","-","-"
"2024/09/18","23:00","9.14","48","9.91","75.2","1012.8","-","-"
"2024/09/19","00:00","17.88","53","19.83","74.8","1012.1","-","-"
"2024/09/19","01:00","11.47","63","12.83","74.3","1013","-","-"
"2024/09/19","02:00","6.41","37","10.3","72.9","1013.1","-","-"
"2024/09/19","03:00","8.94","31","11.86","72.1","1013.1","-","-"
"2024/09/19","04:00","7.58","34","9.33","72","1013","-","-"
"2024/09/19","05:00","8.94","26","11.47","71.6","1012.7","-","-"
"2024/09/19","06:00","6.03","15","7.58","71.4","1012.6","-","-"
"2024/09/19","07:00","6.22","6","7.97","71.2","1012.5","-","-"
"2024/09/19","08:00","4.28","9","8.55","71.1","1012.4","-","-"
"2024/09/19","09:00","6.03","350","7.39","70.9","1012.4","-","-"
"2024/09/19","10:00","6.61","4","7.78","70.9","1012.5","-","-"
"2024/09/19","11:00","5.83","342","7","70.5","1012.7","-","-"
"2024/09/19","12:00","8.55","345","9.72","70.5","1012.9","-","-"
"2024/09/19","13:00","7.58","343","8.94","70.9","1013.2","-","-"
"2024/09/19","14:00","8.36","354","10.11","71.6","1013.5","-","-"
"2024/09/19","15:00","7.19","6","9.52","73.6","1013.2","-","-"
"2024/09/19","16:00","5.44","359","6.41","75.2","1012.9","-","-"
"2024/09/19","17:00","3.89","19","8.36","75.7","1012.6","-","-"
"2024/09/19","18:00","7","300","7.78","75.7","1011.9","-","-"
"2024/09/19","19:00","4.08","298","6.22","77","1011.5","-","-"
"2024/09/19","20:00","6.22","98","7.39","77","1011.2","-","-"
"2024/09/19","21:00","0","62","1.56","79.2","1011","-","-"
"2024/09/19","22:00","6.41","38","7.39","77.2","1011.3","-","-"
"2024/09/19","23:00","5.44","46","6.03","76.3","1011.1","-","-"
"2024/09/20","00:00","1.94","348","2.53","75","1011.1","-","-"
"2024/09/20","01:00","2.53","265","3.11","71.8","1011.2","-","-"
"2024/09/20","02:00","3.69","124","5.44","72.1","1011.3","-","-"
"2024/09/20","03:00","2.14","231","2.53","70.7","1011.3","-","-"
"2024/09/20","04:00","1.94","211","2.72","69.6","1011.2","-","-"
"2024/09/20","05:00","3.3","220","4.47","69.6","1011.1","-","-"
"2024/09/20","06:00","2.72","281","3.3","70","1011.1","-","-"
"2024/09/20","07:00","4.86","273","5.25","70.5","1010.7","-","-"
"2024/09/20","08:00","3.3","281","3.89","69.6","1010.8","-","-"
"2024/09/20","09:00","4.67","302","5.83","70.9","1011.1","-","-"
"2024/09/20","10:00","6.22","312","7.19","71.4","1011.5","-","-"
"2024/09/20","11:00","2.72","334","4.08","71.4","1012.2","-","-"
"2024/09/20","12:00","3.69","339","5.44","70.9","1012.6","-","-"
"2024/09/20","13:00","3.11","342","4.08","70.5","1012.9","-","-"
"2024/09/20","14:00","10.11","68","11.08","73.4","1013.4","-","-"
"2024/09/20","15:00","10.11","76","11.86","73.9","1013.7","-","-"
"2024/09/20","16:00","8.55","88","9.52","74.3","1013.6","-","-"
"2024/09/20","17:00","6.41","89","8.16","74.7","1013.5","-","-"
"2024/09/20","18:00","4.28","79","5.05","75.6","1013.2","-","-"
"2024/09/20","19:00","6.41","82","7.39","75.7","1012.9","-","-"
"2024/09/20","20:00","7","91","8.36","76.8","1012.9","-","-"
"2024/09/20","21:00","9.72","82","11.47","75.7","1013.2","-","-"
"2024/09/20","22:00","11.08","86","12.83","74.1","1013.7","-","-"
"2024/09/20","23:00","7","110","9.72","73.8","1014","-","-"
"2024/09/21","00:00","6.61","107","10.69","73.4","1014.4","-","-"
"2024/09/21","01:00","10.5","92","12.44","72.9","1014.9","-","-"
"2024/09/21","02:00","11.86","85","13.8","72.3","1015.4","-","-"
"2024/09/21","03:00","8.75","94","11.66","72","1015.4","-","-"
"2024/09/21","04:00","5.44","117","8.16","71.4","1015.5","-","-"
"2024/09/21","05:00","1.75","162","2.72","70","1015.7","-","-"
"2024/09/21","06:00","1.94","227","2.14","68.2","1015.6","-","-"
"2024/09/21","07:00","2.72","260","3.11","67.8","1015.5","-","-"
"2024/09/21","08:00","2.33","231","2.92","67.1","1015.5","-","-"
"2024/09/21","09:00","0.58","186","1.17","67.5","1015.5","-","-"
"2024/09/21","10:00","4.08","286","4.86","67.5","1015.8","-","-"
"2024/09/21","11:00","2.72","337","3.5","68","1016.1","-","-"
"2024/09/21","12:00","5.25","333","6.03","68.5","1016.6","-","-"
"2024/09/21","13:00","1.75","334","3.89","69.6","1016.8","-","-"
"2024/09/21","14:00","3.3","295","4.67","70.9","1016.8","-","-"
"2024/09/21","15:00","3.5","56","4.08","72.9","1016.5","-","-"
"2024/09/21","16:00","4.86","75","6.22","73.2","1016.1","-","-"
"2024/09/21","17:00","7.78","69","8.36","73","1015.6","-","-"
"2024/09/21","18:00","6.61","62","7.19","74.3","1015","-","-"
"2024/09/21","19:00","9.14","77","10.89","74.7","1014.3","-","-"
"2024/09/21","20:00","8.16","94","9.33","76.5","1013.6","-","-"
"2024/09/21","21:00","10.69","93","12.05","75.7","1013.5","-","-"
"2024/09/21","22:00","6.41","108","8.16","75.4","1013.6","-","-"
"2024/09/21","23:00","5.83","134","9.52","73.9","1013.6","-","-"
"2024/09/22","00:00","6.8","136","8.75","73.4","1013.6","-","-"
"2024/09/22","01:00","6.8","147","8.75","72.9","1014.1","-","-"
"2024/09/22","02:00","4.47","144","5.64","72.9","1014.1","-","-"
"2024/09/22","03:00","7.97","164","9.91","72.1","1013.4","-","-"
"2024/09/22","04:00","3.11","183","5.05","71.8","1013.6","-","-"
"2024/09/22","05:00","3.5","174","6.03","71.4","1013.3","-","-"
"2024/09/22","06:00","4.28","153","5.44","71.6","1013.3","-","-"
"2024/09/22","07:00","2.53","109","3.89","70.3","1013.4","-","-"
"2024/09/22","08:00","3.89","163","4.47","69.4","1012.9","-","-"
"2024/09/22","09:00","4.47","162","5.83","69.1","1012.8","-","-"
"2024/09/22","10:00","2.72","143","3.69","69.3","1013.4","-","-"
"2024/09/22","11:00","3.5","150","5.44","69.1","1013.5","-","-"
"2024/09/22","12:00","4.47","125","5.05","70.2","1013.9","-","-"
"2024/09/22","13:00","0.78","201","1.94","70.5","1014","-","-"
"2024/09/22","14:00","10.3","118","13.61","71.6","1014.5","-","-"
"2024/09/22","15:00","10.3","97","14.19","71.8","1014.8","-","-"
"2024/09/22","16:00","12.44","83","15.36","71.2","1014.9","-","-"
"2024/09/22","17:00","13.8","84","15.55","71.2","1014.8","-","-"
"2024/09/22","18:00","11.27","78","13.41","71.4","1014.8","-","-"
"2024/09/22","19:00","11.86","66","13.61","70.9","1014.9","-","-"
"2024/09/22","20:00","10.3","74","12.83","71.4","1014.8","-","-"
"2024/09/22","21:00","11.66","80","12.83","71.8","1015.1","-","-"
"2024/09/22","22:00","11.08","80","12.83","71.2","1015.6","-","-"
"2024/09/22","23:00","9.52","94","11.08","71.2","1015.6","-","-"
"2024/09/23","00:00","11.08","84","13.02","70.7","1015.9","-","-"
"2024/09/23","01:00","13.02","80","14.97","70","1016.2","-","-"
"2024/09/23","02:00","13.8","87","16.72","70","1016.2","-","-"
"2024/09/23","03:00","14.97","79","17.11","69.4","1016.3","-","-"
"2024/09/23","04:00","13.61","72","14.97","69.1","1016.4","-","-"
"2024/09/23","05:00","10.89","80","13.41","68.9","1016.3","-","-"
"2024/09/23","06:00","10.11","84","11.86","68.7","1016.1","-","-"
"2024/09/23","07:00","12.05","82","14","68.9","1015.3","-","-"
"2024/09/23","08:00","9.33","80","10.89","68.7","1015.7","-","-"
"2024/09/23","09:00","3.5","149","4.47","67.5","1015.8","-","-"
"2024/09/23","10:00","1.36","238","2.14","66","1016.5","-","-"
"2024/09/23","11:00","1.94","318","5.05","66","1016.9","-","-"
"2024/09/23","12:00","2.53","15","3.69","66.4","1017.1","-","-"
"2024/09/23","13:00","11.86","75","13.22","69.8","1016.9","-","-"
"2024/09/23","14:00","9.33","83","13.02","69.3","1017.1","-","-"
"2024/09/23","15:00","7.58","78","10.11","69.3","1016.8","-","-"
"2024/09/23","16:00","7.58","66","9.72","69.8","1016.6","-","-"
"2024/09/23","17:00","8.16","66","10.69","70.3","1016.5","-","-"
"2024/09/23","18:00","8.16","83","10.11","70.5","1016.3","-","-"
"2024/09/23","19:00","7.78","95","9.91","71.4","1015.6","-","-"
"2024/09/23","20:00","10.89","95","12.83","70.9","1015","-","-"
"2024/09/23","21:00","10.69","97","13.02","70.7","1015.3","-","-"
"2024/09/23","22:00","11.27","90","13.8","70.2","1015.3","-","-"
"2024/09/23","23:00","8.75","100","11.66","70.2","1015.3","-","-"
"2024/09/24","00:00","9.91","110","12.44","70","1015.7","-","-"
"2024/09/24","01:00","8.94","101","11.47","70.2","1016.2","-","-"
"2024/09/24","02:00","8.75","102","11.47","69.8","1016.3","-","-"
"2024/09/24","03:00","8.55","115","10.69","69.8","1016.2","-","-"
"2024/09/24","04:00","9.72","95","12.05","70","1016","-","-"
"2024/09/24","05:00","7","104","10.11","70","1016","-","-"
"2024/09/24","06:00","6.8","108","8.55","70","1016.3","-","-"
"2024/09/24","07:00","6.61","110","8.75","70","1016.3","-","-"
"2024/09/24","08:00","6.8","106","9.14","70","1016","-","-"
"2024/09/24","09:00","8.36","94","11.47","69.6","1016.4","-","-"
"2024/09/24","10:00","10.3","91","13.61","68.9","1016.7","-","-"
"2024/09/24","11:00","11.27","87","13.41","69.3","1017","-","-"
"2024/09/24","12:00","7.19","112","8.94","69.4","1017.7","-","-"
"2024/09/24","13:00","4.28","140","6.22","68.9","1017.9","-","-"
"2024/09/24","14:00","11.47","95","13.02","69.8","1017.9","-","-"
"2024/09/24","15:00","6.8","113","11.08","70.3","1018.3","-","-"
"2024/09/24","16:00","7.78","125","11.86","70","1018.2","-","-"
"2024/09/24","17:00","4.67","132","7.19","68.9","1018.6","-","-"
"2024/09/24","18:00","7.19","107","9.72","68.5","1018.1","-","-"
"2024/09/24","19:00","12.05","89","13.41","68.7","1017.3","-","-"
"2024/09/24","20:00","10.3","91","12.05","70.5","1016.8","-","-"
"2024/09/24","21:00","9.91","103","11.66","70.9","1016.7","-","-"
"2024/09/24","22:00","9.14","103","11.47","70.5","1016.9","-","-"
"2024/09/24","23:00","11.86","91","14.58","70.9","1017.2","-","-"
"2024/09/25","00:00","11.08","101","14.19","70.7","1017.1","-","-"
"2024/09/25","01:00","10.89","101","14.19","70.9","1017","-","-"
"2024/09/25","02:00","12.63","98","15.55","71.1","1017.4","-","-"
"2024/09/25","03:00","11.86","99","15.55","71.2","1017.2","-","-"
"2024/09/25","04:00","13.02","100","15.75","71.2","1017.3","-","-"
"2024/09/25","05:00","7.97","104","12.44","71.4","1017.1","-","-"
"2024/09/25","06:00","6.22","156","9.33","69.6","1017.6","-","-"
"2024/09/25","07:00","11.86","152","14.19","68.5","1016.1","-","-"
"2024/09/25","08:00","5.05","103","8.94","68.9","1016","-","-"
"2024/09/25","09:00","2.53","118","5.05","69.3","1016.4","-","-"
"2024/09/25","10:00","3.69","102","4.47","69.3","1017.2","-","-"
"2024/09/25","11:00","4.28","94","5.25","69.4","1017.5","-","-"
"2024/09/25","12:00","4.47","104","5.83","70.2","1017.9","-","-"
"2024/09/25","13:00","5.25","115","7","70.9","1017.9","-","-"
"2024/09/25","14:00","3.69","134","7.58","71.8","1018.1","-","-"
"2024/09/25","15:00","8.36","118","9.91","71.8","1018.2","-","-"
"2024/09/25","16:00","8.16","122","13.41","72.9","1017.9","-","-"
"2024/09/25","17:00","7.58","127","13.61","74.5","1017.7","-","-"
"2024/09/25","18:00","11.27","93","12.44","74.3","1017.6","-","-"
"2024/09/25","19:00","7.97","102","9.72","76.3","1017.1","-","-"
"2024/09/25","20:00","10.69","101","11.86","76.1","1016.8","-","-"
"2024/09/25","21:00","8.55","114","11.86","75.4","1016.7","-","-"
"2024/09/25","22:00","11.08","120","14","74.8","1017","-","-"
"2024/09/25","23:00","9.33","107","12.25","73.8","1017.3","-","-"
"2024/09/26","00:00","9.72","97","12.25","73.8","1017.6","-","-"
"2024/09/26","01:00","8.55","94","10.11","73.8","1017.7","-","-"
"2024/09/26","02:00","5.64","124","8.94","73.6","1017.9","-","-"
"2024/09/26","03:00","5.05","104","6.8","73.2","1017.7","-","-"
"2024/09/26","04:00","5.05","106","7.58","73.2","1017.5","-","-"
"2024/09/26","05:00","2.92","107","4.67","73","1017.1","-","-"
"2024/09/26","06:00","4.28","94","5.05","73","1016.9","-","-"
"2024/09/26","07:00","2.92","133","4.08","72.7","1016.6","-","-"
"2024/09/26","08:00","3.89","127","4.86","72.5","1016.6","-","-"
"2024/09/26","09:00","3.69","105","4.47","72.5","1016.4","-","-"
"2024/09/26","10:00","3.11","120","3.89","72.5","1016.4","-","-"
"2024/09/26","11:00","3.3","138","4.08","72.5","1016.8","-","-"
"2024/09/26","12:00","2.33","136","3.11","73","1017","-","-"
"2024/09/26","13:00","2.92","111","4.47","74.5","1017.4","-","-"
"2024/09/26","14:00","2.72","78","3.5","77.4","1017.8","-","-"
"2024/09/26","15:00","10.89","73","12.05","75.2","1017.7","-","-"
"2024/09/26","16:00","9.72","72","11.08","75.4","1017.5","-","-"
"2024/09/26","17:00","10.5","85","12.05","75.9","1016.9","-","-"
"2024/09/26","18:00","9.91","95","10.89","77.4","1016.3","-","-"
"2024/09/26","19:00","7.78","94","8.75","76.6","1016.1","-","-"
"2024/09/26","20:00","7.58","77","7.78","75.9","1016.4","-","-"
"2024/09/26","21:00","8.16","85","8.75","74.8","1015.9","-","-"
"2024/09/26","22:00","5.64","123","7.39","74.7","1016","-","-"
"2024/09/26","23:00","5.44","79","5.83","74.7","1015.9","-","-"
"2024/09/27","00:00","3.11","92","3.69","74.5","1015.9","-","-"
"2024/09/27","01:00","6.61","87","7.39","74.5","1015.3","-","-"
"2024/09/27","02:00","5.05","128","7","74.5","1015.6","-","-"
"2024/09/27","03:00","4.28","124","6.22","74.5","1015.8","-","-"
"2024/09/27","04:00","4.47","139","6.03","74.7","1015","-","-"
"2024/09/27","05:00","5.44","118","6.41","74.7","1014.4","-","-"
"2024/09/27","06:00","6.8","105","8.16","74.5","1013.7","-","-"
"2024/09/27","07:00","6.22","116","7.58","74.5","1013.5","-","-"
"2024/09/27","08:00","4.67","104","6.41","74.5","1012.8","-","-"
"2024/09/27","09:00","5.25","105","6.8","74.5","1012.3","-","-"
"2024/09/27","10:00","7.39","100","8.94","74.7","1012.5","-","-"
"2024/09/27","11:00","9.14","88","10.89","74.7","1012.5","-","-"
"2024/09/27","12:00","8.36","102","10.11","74.8","1012.7","-","-"
"2024/09/27","13:00","10.3","97","11.86","75.2","1012.4","-","-"
"2024/09/27","14:00","9.91","98","13.61","75.6","1012.6","-","-"
"2024/09/27","15:00","11.08","105","13.22","75.9","1012.5","-","-"
"2024/09/27","16:00","13.8","100","17.49","76.3","1011.7","-","-"
"2024/09/27","17:00","14","105","17.49","77","1011.2","-","-"
"2024/09/27","18:00","12.25","101","14.97","76.1","1010.6","-","-"
"2024/09/27","19:00","16.91","94","19.05","75.6","1009.3","-","-"
"2024/09/27","20:00","17.69","87","20.99","74.8","1009.2","-","-"
"2024/09/27","21:00","22.55","80","26.05","75.2","1008","-","-"
"2024/09/27","22:00","26.05","69","31.1","75","1006.9","-","-"
"2024/09/27","23:00","8.75","113","11.47","77.2","1008","-","-"
"2024/09/28","00:00","7.78","119","9.91","76.5","1007.8","-","-"
"2024/09/28","01:00","9.33","114","11.47","76.8","1008.1","-","-"
"2024/09/28","02:00","6.8","153","10.89","77.7","1008.4","-","-"
"2024/09/28","03:00","6.61","166","10.5","78.3","1008.7","-","-"
"2024/09/28","04:00","5.25","175","8.36","77.7","1008.9","-","-"
"2024/09/28","05:00","6.8","191","8.36","77","1008.9","-","-"
"2024/09/28","06:00","6.8","193","10.3","76.1","1008.8","-","-"
"2024/09/28","07:00","7.19","203","10.89","75","1008.7","-","-"
"2024/09/28","08:00","8.16","215","10.11","73.9","1008.9","-","-"
"2024/09/28","09:00","7.97","226","10.11","73","1008.9","-","-"
"2024/09/28","10:00","7.19","206","8.55","72","1009.7","-","-"
"2024/09/28","11:00","6.8","207","7.78","71.4","1010.2","-","-"
"2024/09/28","12:00","8.36","202","10.11","72","1011.1","-","-"
"2024/09/28","13:00","6.61","205","8.75","74.3","1011.5","-","-"
"2024/09/28","14:00","4.08","209","5.44","77.4","1012","-","-"
"2024/09/28","15:00","3.3","39","4.67","79.3","1011.8","-","-"
"2024/09/28","16:00","6.8","55","7","77.5","1011.6","-","-"
"2024/09/28","17:00","9.72","68","10.3","77.5","1011.5","-","-"
"2024/09/28","18:00","2.33","79","5.83","79.9","1010.9","-","-"
"2024/09/28","19:00","7","93","9.52","80.8","1010.1","-","-"
"2024/09/28","20:00","6.03","84","9.72","79.3","1009.9","-","-"
"2024/09/28","21:00","7.58","95","8.55","79.7","1009.5","-","-"
"2024/09/28","22:00","3.69","191","6.22","83.3","1009.8","-","-"
"2024/09/28","23:00","2.72","212","3.11","78.6","1010.3","-","-"
"2024/09/29","00:00","4.08","209","4.28","75.6","1010.9","-","-"
"2024/09/29","01:00","4.08","218","5.05","76.3","1011.6","-","-"
"2024/09/29","02:00","4.47","191","6.8","74.5","1011.8","-","-"
"2024/09/29","03:00","5.05","205","6.03","73.6","1012","-","-"
"2024/09/29","04:00","0.97","265","1.17","72.3","1012","-","-"
"2024/09/29","05:00","0.78","146","2.14","71.2","1011.9","-","-"
"2024/09/29","06:00","2.14","160","2.53","70.7","1011.7","-","-"
"2024/09/29","07:00","0.19","252","1.17","70.9","1011.5","-","-"
"2024/09/29","08:00","0.78","153","1.36","70","1011.2","-","-"
"2024/09/29","09:00","2.14","207","2.53","69.6","1011.3","-","-"
"2024/09/29","10:00","1.17","204","1.36","69.6","1011.4","-","-"
"2024/09/29","11:00","0.97","210","1.56","68.7","1011.7","-","-"
"2024/09/29","12:00","0.19","199","0.58","71.4","1012","-","-"
"2024/09/29","13:00","1.94","52","2.53","74.1","1012.6","-","-"
"2024/09/29","14:00","2.14","308","2.53","75.9","1012.8","-","-"
"2024/09/29","15:00","2.92","93","4.47","77.4","1012.8","-","-"
"2024/09/29","16:00","7","59","7.39","76.1","1012.8","-","-"
"2024/09/29","17:00","7.19","77","7.78","77","1012.7","-","-"
"2024/09/29","18:00","6.61","75","7.19","77.9","1012.1","-","-"
"2024/09/29","19:00","8.16","75","9.14","77.2","1011.6","-","-"
"2024/09/29","20:00","8.75","81","9.33","77","1011.2","-","-"
"2024/09/29","21:00","8.94","70","9.52","77.2","1011.2","-","-"
"2024/09/29","22:00","9.14","68","9.91","77.2","1011.3","-","-"
"2024/09/29","23:00","6.41","29","7.19","75.9","1011.8","-","-"