"Date","Time (GMT)","Predicted (ft)","Preliminary (ft)","Verified (ft)"
"2024/01/01","00:00","-0.009","-","-"
"2024/01/01","01:00","0.199","-","-"
"2024/01/01","02:00","0.549","-","-"
"2024/01/01","03:00","0.991","-","-"
"2024/01/01","04:00","1.411","-","-"
"2024/01/01","05:00","1.659","-","-"
"2024/01/01","05:30","-","-","2.32"
"2024/01/01","06:00","1.654","-","-"
"2024/01/01","07:00","1.418","-","-"
"2024/01/01","08:00","1.033","-","-"
"2024/01/01","09:00","0.6","-","-"
"2024/01/01","10:00","0.238","-","-"
"2024/01/01","11:00","0.051","-","-"
"2024/01/01","11:06","-","-","0.82"
"2024/01/01","12:00","0.076","-","-"
"2024/01/01","13:00","0.284","-","-"
"2024/01/01","14:00","0.626","-","-"
"2024/01/01","15:00","1.053","-","-"
"2024/01/01","16:00","1.47","-","-"
"2024/01/01","17:00","1.745","-","-"
"2024/01/01","17:48","-","-","2.91"
"2024/01/01","18:00","1.779","-","-"
"2024/01/01","19:00","1.573","-","-"
"2024/01/01","20:00","1.2","-","-"
"2024/01/01","21:00","0.758","-","-"
"2024/01/01","22:00","0.35","-","-"
"2024/01/01","23:00","0.071","-","-"
"2024/01/01","23:54","-","-","1.19"
"2024/01/02","00:00","-0.023","-","-"
"2024/01/02","01:00","0.071","-","-"
"2024/01/02","02:00","0.325","-","-"
"2024/01/02","03:00","0.702","-","-"
"2024/01/02","04:00","1.133","-","-"
"2024/01/02","05:00","1.492","-","-"
"2024/01/02","06:00","1.656","-","-"
"2024/01/02","06:30","-","-","2.8"
"2024/01/02","07:00","1.576","-","-"
"2024/01/02","08:00","1.298","-","-"
"2024/01/02","09:00","0.917","-","-"
"2024/01/02","10:00","0.535","-","-"
"2024/01/02","11:00","0.242","-","-"
"2024/01/02","12:00","0.107","-","-"
"2024/01/02","12:12","-","-","1.43"
"2024/01/02","13:00","0.155","-","-"
"2024/01/02","14:00","0.368","-","-"
"2024/01/02","15:00","0.705","-","-"
"2024/01/02","16:00","1.1","-","-"
"2024/01/02","17:00","1.452","-","-"
"2024/01/02","18:00","1.642","-","-"
"2024/01/02","18:06","-","-","2.9"
"2024/01/02","19:00","1.598","-","-"
"2024/01/02","20:00","1.342","-","-"
"2024/01/02","21:00","0.969","-","-"
"2024/01/02","22:00","0.576","-","-"
"2024/01/02","23:00","0.243","-","-"
"2024/01/03","00:00","0.034","-","-"
"2024/01/03","01:00","-0.001","-","-"
"2024/01/03","01:12","-","-","1.11"
"2024/01/03","02:00","0.148","-","-"
"2024/01/03","03:00","0.45","-","-"
"2024/01/03","04:00","0.849","-","-"
"2024/01/03","05:00","1.257","-","-"
"2024/01/03","06:00","1.557","-","-"
"2024/01/03","07:00","1.646","-","2.75"
"2024/01/03","08:00","1.506","-","-"
"2024/01/03","09:00","1.209","-","-"
"2024/01/03","10:00","0.856","-","-"
"2024/01/03","11:00","0.521","-","-"
"2024/01/03","12:00","0.263","-","-"
"2024/01/03","13:00","0.144","-","-"
"2024/01/03","13:12","-","-","1.38"
"2024/01/03","14:00","0.202","-","-"
"2024/01/03","15:00","0.422","-","-"
"2024/01/03","16:00","0.748","-","-"
"2024/01/03","17:00","1.106","-","-"
"2024/01/03","18:00","1.399","-","-"
"2024/01/03","18:54","-","-","2.86"
"2024/01/03","19:00","1.519","-","-"
"2024/01/03","20:00","1.416","-","-"
"2024/01/03","21:00","1.142","-","-"
"2024/01/03","22:00","0.798","-","-"
"2024/01/03","23:00","0.457","-","-"
"2024/01/04","00:00","0.169","-","-"
"2024/01/04","01:00","0","-","-"
"2024/01/04","01:36","-","-","1.23"
"2024/01/04","02:00","0.015","-","-"
"2024/01/04","03:00","0.222","-","-"
"2024/01/04","04:00","0.567","-","-"
"2024/01/04","05:00","0.976","-","-"
"2024/01/04","06:00","1.362","-","-"
"2024/01/04","07:00","1.611","-","-"
"2024/01/04","07:42","-","-","2.94"
"2024/01/04","08:00","1.64","-","-"
"2024/01/04","09:00","1.465","-","-"
"2024/01/04","10:00","1.177","-","-"
"2024/01/04","11:00","0.851","-","-"
"2024/01/04","12:00","0.527","-","-"
"2024/01/04","13:00","0.264","-","-"
"2024/01/04","13:24","-","-","1.55"
"2024/01/04","14:00","0.148","-","-"
"2024/01/04","15:00","0.217","-","-"
"2024/01/04","16:00","0.44","-","-"
"2024/01/04","17:00","0.752","-","-"
"2024/01/04","18:00","1.082","-","-"
"2024/01/04","19:00","1.331","-","-"
"2024/01/04","19:54","-","-","2.55"
"2024/01/04","20:00","1.4","-","-"
"2024/01/04","21:00","1.269","-","-"
"2024/01/04","22:00","1.009","-","-"
"2024/01/04","23:00","0.697","-","-"
"2024/01/05","00:00","0.376","-","-"
"2024/01/05","01:00","0.099","-","-"
"2024/01/05","02:00","-0.041","-","-"
"2024/01/05","02:06","-","-","1.25"
"2024/01/05","03:00","0.025","-","-"
"2024/01/05","04:00","0.282","-","-"
"2024/01/05","05:00","0.659","-","-"
"2024/01/05","06:00","1.082","-","-"
"2024/01/05","07:00","1.454","-","-"
"2024/01/05","08:00","1.664","-","-"
"2024/01/05","08:24","-","-","2.86"
"2024/01/05","09:00","1.659","-","-"
"2024/01/05","10:00","1.479","-","-"
"2024/01/05","11:00","1.201","-","-"
"2024/01/05","12:00","0.865","-","-"
"2024/01/05","13:00","0.514","-","-"
"2024/01/05","14:00","0.234","-","-"
"2024/01/05","15:00","0.121","-","-"
"2024/01/05","15:06","-","-","1.07"
"2024/01/05","16:00","0.197","-","-"
"2024/01/05","17:00","0.419","-","-"
"2024/01/05","18:00","0.727","-","-"
"2024/01/05","19:00","1.046","-","-"
"2024/01/05","20:00","1.271","-","-"
"2024/01/05","20:54","-","-","2.18"
"2024/01/05","21:00","1.32","-","-"
"2024/01/05","22:00","1.194","-","-"
"2024/01/05","23:00","0.952","-","-"
"2024/01/06","00:00","0.64","-","-"
"2024/01/06","01:00","0.302","-","-"
"2024/01/06","02:00","0.022","-","-"
"2024/01/06","03:00","-0.089","-","-"
"2024/01/06","03:12","-","-","0.69"
"2024/01/06","04:00","0.02","-","-"
"2024/01/06","05:00","0.316","-","-"
"2024/01/06","06:00","0.728","-","-"
"2024/01/06","07:00","1.172","-","-"
"2024/01/06","08:00","1.541","-","-"
"2024/01/06","09:00","1.738","-","-"
"2024/01/06","09:24","-","-","2.77"
"2024/01/06","10:00","1.728","-","-"
"2024/01/06","11:00","1.548","-","-"
"2024/01/06","12:00","1.246","-","-"
"2024/01/06","13:00","0.863","-","-"
"2024/01/06","14:00","0.469","-","-"
"2024/01/06","15:00","0.172","-","-"
"2024/01/06","15:42","-","-","1.53"
"2024/01/06","16:00","0.057","-","-"
"2024/01/06","17:00","0.137","-","-"
"2024/01/06","18:00","0.369","-","-"
"2024/01/06","19:00","0.692","-","-"
"2024/01/06","20:00","1.019","-","-"
"2024/01/06","21:00","1.25","-","-"
"2024/01/06","22:00","1.313","-","-"
"2024/01/06","22:06","-","-","3.01"
"2024/01/06","23:00","1.199","-","-"
"2024/01/07","00:00","0.943","-","-"
"2024/01/07","01:00","0.593","-","-"
"2024/01/07","02:00","0.222","-","-"
"2024/01/07","03:00","-0.061","-","-"
"2024/01/07","03:42","-","-","0.9"
"2024/01/07","04:00","-0.152","-","-"
"2024/01/07","05:00","-0.01","-","-"
"2024/01/07","06:00","0.327","-","-"
"2024/01/07","07:00","0.78","-","-"
"2024/01/07","08:00","1.255","-","-"
"2024/01/07","09:00","1.645","-","-"
"2024/01/07","10:00","1.857","-","-"
"2024/01/07","10:48","-","-","3.29"
"2024/01/07","11:00","1.849","-","-"
"2024/01/07","12:00","1.638","-","-"
"2024/01/07","13:00","1.275","-","-"
"2024/01/07","14:00","0.83","-","-"
"2024/01/07","15:00","0.393","-","-"
"2024/01/07","16:00","0.075","-","-"
"2024/01/07","16:42","-","-","1.37"
"2024/01/07","17:00","-0.043","-","-"
"2024/01/07","18:00","0.05","-","-"
"2024/01/07","19:00","0.31","-","-"
"2024/01/07","20:00","0.666","-","-"
"2024/01/07","21:00","1.031","-","-"
"2024/01/07","22:00","1.3","-","-"
"2024/01/07","23:00","1.382","-","-"
"2024/01/07","23:18","-","-","2.91"
"2024/01/08","00:00","1.25","-","-"
"2024/01/08","01:00","0.945","-","-"
"2024/01/08","02:00","0.542","-","-"
"2024/01/08","03:00","0.137","-","-"
"2024/01/08","04:00","-0.156","-","-"
"2024/01/08","04:24","-","-","1.22"
"2024/01/08","05:00","-0.235","-","-"
"2024/01/08","06:00","-0.06","-","-"
"2024/01/08","07:00","0.324","-","-"
"2024/01/08","08:00","0.827","-","-"
"2024/01/08","09:00","1.354","-","-"
"2024/01/08","10:00","1.79","-","-"
"2024/01/08","11:00","2.022","-","-"
"2024/01/08","11:06","-","-","3.47"
"2024/01/08","12:00","1.986","-","-"
"2024/01/08","13:00","1.709","-","-"
"2024/01/08","14:00","1.274","-","-"
"2024/01/08","15:00","0.766","-","-"
"2024/01/08","16:00","0.284","-","-"
"2024/01/08","17:00","-0.056","-","-"
"2024/01/08","18:00","-0.169","-","-"
"2024/01/08","18:06","-","-","1.3"
"2024/01/08","19:00","-0.046","-","-"
"2024/01/08","20:00","0.259","-","-"
"2024/01/08","21:00","0.677","-","-"
"2024/01/08","22:00","1.11","-","-"
"2024/01/08","23:00","1.421","-","-"
"2024/01/08","23:48","-","-","2.85"
"2024/01/09","00:00","1.493","-","-"
"2024/01/09","01:00","1.309","-","-"
"2024/01/09","02:00","0.941","-","-"
"2024/01/09","03:00","0.485","-","-"
"2024/01/09","04:00","0.041","-","-"
"2024/01/09","05:00","-0.268","-","-"
"2024/01/09","05:24","-","-","1.03"
"2024/01/09","06:00","-0.33","-","-"
"2024/01/09","07:00","-0.115","-","-"
"2024/01/09","08:00","0.321","-","-"
"2024/01/09","09:00","0.891","-","-"
"2024/01/09","10:00","1.492","-","-"
"2024/01/09","11:00","1.976","-","-"
"2024/01/09","12:00","2.195","-","-"
"2024/01/09","12:18","-","-","3.93"
"2024/01/09","13:00","2.099","-","-"
"2024/01/09","14:00","1.748","-","-"
"2024/01/09","15:00","1.241","-","-"
"2024/01/09","16:00","0.668","-","-"
"2024/01/09","17:00","0.141","-","-"
"2024/01/09","18:00","-0.208","-","-"
"2024/01/09","19:00","-0.298","-","1.75"
"2024/01/09","20:00","-0.131","-","-"
"2024/01/09","21:00","0.244","-","-"
"2024/01/09","22:00","0.751","-","-"
"2024/01/09","23:00","1.255","-","-"
"2024/01/10","00:00","1.576","-","-"
"2024/01/10","00:42","-","-","3.56"
"2024/01/10","01:00","1.604","-","-"
"2024/01/10","02:00","1.357","-","-"
"2024/01/10","03:00","0.929","-","-"
"2024/01/10","04:00","0.416","-","-"
"2024/01/10","05:00","-0.069","-","-"
"2024/01/10","06:00","-0.385","-","-"
"2024/01/10","07:00","-0.422","-","-"
"2024/01/10","07:48","-","-","1.59"
"2024/01/10","08:00","-0.163","-","-"
"2024/01/10","09:00","0.339","-","-"
"2024/01/10","10:00","0.995","-","-"
"2024/01/10","11:00","1.667","-","-"
"2024/01/10","12:00","2.164","-","-"
"2024/01/10","12:36","-","-","3.87"
"2024/01/10","13:00","2.338","-","-"
"2024/01/10","14:00","2.172","-","-"
"2024/01/10","15:00","1.75","-","-"
"2024/01/10","16:00","1.172","-","-"
"2024/01/10","17:00","0.537","-","-"
"2024/01/10","18:00","-0.019","-","-"
"2024/01/10","19:00","-0.36","-","-"
"2024/01/10","20:00","-0.413","-","-"
"2024/01/10","20:12","-","-","1.04"
"2024/01/10","21:00","-0.178","-","-"
"2024/01/10","22:00","0.293","-","-"
"2024/01/10","23:00","0.891","-","-"
"2024/01/11","00:00","1.431","-","-"
"2024/01/11","01:00","1.727","-","-"
"2024/01/11","01:36","-","-","2.85"
"2024/01/11","02:00","1.7","-","-"
"2024/01/11","03:00","1.393","-","-"
"2024/01/11","04:00","0.902","-","-"
"2024/01/11","05:00","0.334","-","-"
"2024/01/11","06:00","-0.18","-","-"
"2024/01/11","07:00","-0.491","-","-"
"2024/01/11","07:36","-","-","0.73"
"2024/01/11","08:00","-0.497","-","-"
"2024/01/11","09:00","-0.182","-","-"
"2024/01/11","10:00","0.401","-","-"
"2024/01/11","11:00","1.136","-","-"
"2024/01/11","12:00","1.842","-","-"
"2024/01/11","13:00","2.314","-","-"
"2024/01/11","13:42","-","-","3.42"
"2024/01/11","14:00","2.431","-","-"
"2024/01/11","15:00","2.2","-","-"
"2024/01/11","16:00","1.709","-","-"
"2024/01/11","17:00","1.063","-","-"
"2024/01/11","18:00","0.384","-","-"
"2024/01/11","19:00","-0.18","-","-"
"2024/01/11","20:00","-0.494","-","-"
"2024/01/11","20:36","-","-","0.35"
"2024/01/11","21:00","-0.485","-","-"
"2024/01/11","22:00","-0.158","-","-"
"2024/01/11","23:00","0.41","-","-"
"2024/01/12","00:00","1.064","-","-"
"2024/01/12","01:00","1.603","-","-"
"2024/01/12","02:00","1.859","-","-"
"2024/01/12","02:12","-","-","2.62"
"2024/01/12","03:00","1.778","-","-"
"2024/01/12","04:00","1.41","-","-"
"2024/01/12","05:00","0.859","-","-"
"2024/01/12","06:00","0.249","-","-"
"2024/01/12","07:00","-0.277","-","-"
"2024/01/12","08:00","-0.572","-","0.47"
"2024/01/12","09:00","-0.534","-","-"
"2024/01/12","10:00","-0.149","-","-"
"2024/01/12","11:00","0.505","-","-"
"2024/01/12","12:00","1.279","-","-"
"2024/01/12","13:00","1.975","-","-"
"2024/01/12","14:00","2.407","-","-"
"2024/01/12","14:42","-","-","3.69"
"2024/01/12","15:00","2.468","-","-"
"2024/01/12","16:00","2.172","-","-"
"2024/01/12","17:00","1.616","-","-"
"2024/01/12","18:00","0.922","-","-"
"2024/01/12","19:00","0.224","-","-"
"2024/01/12","20:00","-0.325","-","-"
"2024/01/12","21:00","-0.585","-","-"
"2024/01/12","21:12","-","-","0.7"
"2024/01/12","22:00","-0.488","-","-"
"2024/01/12","23:00","-0.067","-","-"
"2024/01/13","00:00","0.564","-","-"
"2024/01/13","01:00","1.236","-","-"
"2024/01/13","02:00","1.758","-","-"
"2024/01/13","03:00","1.973","-","-"
"2024/01/13","03:06","-","-","3.54"
"2024/01/13","04:00","1.833","-","-"
"2024/01/13","05:00","1.405","-","-"
"2024/01/13","06:00","0.81","-","-"
"2024/01/13","07:00","0.178","-","-"
"2024/01/13","08:00","-0.345","-","-"
"2024/01/13","09:00","-0.606","-","-"
"2024/01/13","09:12","-","-","1.12"
"2024/01/13","10:00","-0.509","-","-"
"2024/01/13","11:00","-0.066","-","-"
"2024/01/13","12:00","0.617","-","-"
"2024/01/13","13:00","1.385","-","-"
"2024/01/13","14:00","2.053","-","-"
"2024/01/13","15:00","2.438","-","-"
"2024/01/13","15:24","-","-","3.81"
"2024/01/13","16:00","2.438","-","-"
"2024/01/13","17:00","2.08","-","-"
"2024/01/13","18:00","1.477","-","-"
"2024/01/13","19:00","0.76","-","-"
"2024/01/13","20:00","0.07","-","-"
"2024/01/13","21:00","-0.431","-","-"
"2024/01/13","21:48","-","-","0.83"
"2024/01/13","22:00","-0.606","-","-"
"2024/01/13","23:00","-0.417","-","-"
"2024/01/14","00:00","0.067","-","-"
"2024/01/14","01:00","0.725","-","-"
"2024/01/14","02:00","1.398","-","-"
"2024/01/14","03:00","1.896","-","-"
"2024/01/14","04:00","2.06","-","-"
"2024/01/14","04:12","-","-","3.21"
"2024/01/14","05:00","1.861","-","-"
"2024/01/14","06:00","1.388","-","-"
"2024/01/14","07:00","0.768","-","-"
"2024/01/14","08:00","0.133","-","-"
"2024/01/14","09:00","-0.364","-","-"
"2024/01/14","10:00","-0.572","-","-"
"2024/01/14","10:12","-","-","0.72"
"2024/01/14","11:00","-0.424","-","-"
"2024/01/14","12:00","0.035","-","-"
"2024/01/14","13:00","0.702","-","-"
"2024/01/14","14:00","1.442","-","-"
"2024/01/14","15:00","2.072","-","-"
"2024/01/14","16:00","2.401","-","-"
"2024/01/14","16:12","-","-","3.09"
"2024/01/14","17:00","2.336","-","-"
"2024/01/14","18:00","1.929","-","-"
"2024/01/14","19:00","1.305","-","-"
"2024/01/14","20:00","0.593","-","-"
"2024/01/14","21:00","-0.055","-","-"
"2024/01/14","21:54","-","-","0.43"
"2024/01/14","22:00","-0.473","-","-"
"2024/01/14","23:00","-0.554","-","-"
"2024/01/15","00:00","-0.302","-","-"
"2024/01/15","01:00","0.212","-","-"
"2024/01/15","02:00","0.881","-","-"
"2024/01/15","03:00","1.548","-","-"
"2024/01/15","04:00","2.007","-","-"
"2024/01/15","05:00","2.114","-","-"
"2024/01/15","05:24","-","-","2.82"
"2024/01/15","06:00","1.866","-","-"
"2024/01/15","07:00","1.367","-","-"
"2024/01/15","08:00","0.745","-","-"
"2024/01/15","09:00","0.133","-","-"
"2024/01/15","10:00","-0.313","-","-"
"2024/01/15","10:48","-","-","0.45"
"2024/01/15","11:00","-0.471","-","-"
"2024/01/15","12:00","-0.312","-","-"
"2024/01/15","13:00","0.121","-","-"
"2024/01/15","14:00","0.752","-","-"
"2024/01/15","15:00","1.455","-","-"
"2024/01/15","16:00","2.03","-","-"
"2024/01/15","17:00","2.29","-","-"
"2024/01/15","17:06","-","-","2.91"
"2024/01/15","18:00","2.17","-","-"
"2024/01/15","19:00","1.738","-","-"
"2024/01/15","20:00","1.118","-","-"
"2024/01/15","21:00","0.446","-","-"
"2024/01/15","22:00","-0.121","-","-"
"2024/01/15","23:00","-0.446","-","-"
"2024/01/15","23:36","-","-","0.37"
"2024/01/16","00:00","-0.46","-","-"
"2024/01/16","01:00","-0.176","-","-"
"2024/01/16","02:00","0.354","-","-"
"2024/01/16","03:00","1.029","-","-"
"2024/01/16","04:00","1.673","-","-"
"2024/01/16","05:00","2.08","-","-"
"2024/01/16","05:54","-","-","3"
"2024/01/16","06:00","2.132","-","-"
"2024/01/16","07:00","1.854","-","-"
"2024/01/16","08:00","1.352","-","-"
"2024/01/16","09:00","0.755","-","-"
"2024/01/16","10:00","0.197","-","-"
"2024/01/16","11:00","-0.196","-","-"
"2024/01/16","12:00","-0.339","-","-"
"2024/01/16","12:06","-","-","1.01"
"2024/01/16","13:00","-0.208","-","-"
"2024/01/16","14:00","0.183","-","-"
"2024/01/16","15:00","0.772","-","-"
"2024/01/16","16:00","1.421","-","-"
"2024/01/16","17:00","1.927","-","-"
"2024/01/16","18:00","2.123","-","3.34"
"2024/01/16","19:00","1.965","-","-"
"2024/01/16","20:00","1.53","-","-"
"2024/01/16","21:00","0.947","-","-"
"2024/01/16","22:00","0.352","-","-"
"2024/01/16","23:00","-0.125","-","-"
"2024/01/17","00:00","-0.38","-","-"
"2024/01/17","00:36","-","-","1.32"
"2024/01/17","01:00","-0.357","-","-"
"2024/01/17","02:00","-0.053","-","-"
"2024/01/17","03:00","0.488","-","-"
"2024/01/17","04:00","1.152","-","-"
"2024/01/17","05:00","1.755","-","-"
"2024/01/17","06:00","2.109","-","-"
"2024/01/17","06:36","-","-","3.35"
"2024/01/17","07:00","2.122","-","-"
"2024/01/17","08:00","1.833","-","-"
"2024/01/17","09:00","1.358","-","-"
"2024/01/17","10:00","0.818","-","-"
"2024/01/17","11:00","0.317","-","-"
"2024/01/17","12:00","-0.053","-","-"
"2024/01/17","13:00","-0.215","-","-"
"2024/01/17","13:30","-","-","1.08"
"2024/01/17","14:00","-0.122","-","-"
"2024/01/17","15:00","0.224","-","-"
"2024/01/17","16:00","0.759","-","-"
"2024/01/17","17:00","1.341","-","-"
"2024/01/17","18:00","1.78","-","-"
"2024/01/17","19:00","1.925","-","-"
"2024/01/17","19:06","-","-","2.72"
"2024/01/17","20:00","1.75","-","-"
"2024/01/17","21:00","1.344","-","-"
"2024/01/17","22:00","0.832","-","-"
"2024/01/17","23:00","0.321","-","-"
"2024/01/18","00:00","-0.092","-","-"
"2024/01/18","01:00","-0.309","-","-"
"2024/01/18","01:48","-","-","0.42"
"2024/01/18","02:00","-0.261","-","-"
"2024/01/18","03:00","0.059","-","-"
"2024/01/18","04:00","0.597","-","-"
"2024/01/18","05:00","1.232","-","-"
"2024/01/18","06:00","1.79","-","-"
"2024/01/18","07:00","2.1","-","-"
"2024/01/18","07:42","-","-","2.42"
"2024/01/18","08:00","2.09","-","-"
"2024/01/18","09:00","1.82","-","-"
"2024/01/18","10:00","1.403","-","-"
"2024/01/18","11:00","0.925","-","-"
"2024/01/18","12:00","0.453","-","-"
"2024/01/18","13:00","0.073","-","-"
"2024/01/18","13:54","-","-","0.37"
"2024/01/18","14:00","-0.115","-","-"
"2024/01/18","15:00","-0.058","-","-"
"2024/01/18","16:00","0.239","-","-"
"2024/01/18","17:00","0.713","-","-"
"2024/01/18","18:00","1.233","-","-"
"2024/01/18","19:00","1.617","-","-"
"2024/01/18","19:54","-","-","2.13"
"2024/01/18","20:00","1.73","-","-"
"2024/01/18","21:00","1.567","-","-"
"2024/01/18","22:00","1.221","-","-"
"2024/01/18","23:00","0.784","-","-"
"2024/01/19","00:00","0.326","-","-"
"2024/01/19","01:00","-0.057","-","-"
"2024/01/19","02:00","-0.248","-","-"
"2024/01/19","02:12","-","-","-0.09"
"2024/01/19","03:00","-0.179","-","-"
"2024/01/19","04:00","0.146","-","-"
"2024/01/19","05:00","0.665","-","-"
"2024/01/19","06:00","1.267","-","-"
"2024/01/19","07:00","1.785","-","-"
"2024/01/19","08:00","2.063","-","-"
"2024/01/19","08:24","-","-","2.38"
"2024/01/19","09:00","2.058","-","-"
"2024/01/19","10:00","1.838","-","-"
"2024/01/19","11:00","1.482","-","-"
"2024/01/19","12:00","1.035","-","-"
"2024/01/19","13:00","0.558","-","-"
"2024/01/19","14:00","0.163","-","-"
"2024/01/19","15:00","-0.046","-","0.45"
"2024/01/19","16:00","-0.025","-","-"
"2024/01/19","17:00","0.222","-","-"
"2024/01/19","18:00","0.647","-","-"
"2024/01/19","19:00","1.121","-","-"
"2024/01/19","20:00","1.469","-","-"
"2024/01/19","20:54","-","-","1.85"
"2024/01/19","21:00","1.578","-","-"
"2024/01/19","22:00","1.459","-","-"
"2024/01/19","23:00","1.174","-","-"
"2024/01/20","00:00","0.776","-","-"
"2024/01/20","01:00","0.333","-","-"
"2024/01/20","02:00","-0.034","-","-"
"2024/01/20","03:00","-0.202","-","0.46"
"2024/01/20","04:00","-0.122","-","-"
"2024/01/20","05:00","0.192","-","-"
"2024/01/20","06:00","0.691","-","-"
"2024/01/20","07:00","1.266","-","-"
"2024/01/20","08:00","1.755","-","-"
"2024/01/20","09:00","2.026","-","-"
"2024/01/20","10:00","2.054","-","-"
"2024/01/20","10:24","-","-","2.52"
"2024/01/20","11:00","1.886","-","-"
"2024/01/20","12:00","1.556","-","-"
"2024/01/20","13:00","1.102","-","-"
"2024/01/20","14:00","0.611","-","-"
"2024/01/20","15:00","0.206","-","-"
"2024/01/20","16:00","-0.021","-","-"
"2024/01/20","17:00","-0.031","-","0.69"
"2024/01/20","18:00","0.185","-","-"
"2024/01/20","19:00","0.582","-","-"
"2024/01/20","20:00","1.032","-","-"
"2024/01/20","21:00","1.373","-","-"
"2024/01/20","22:00","1.51","-","-"
"2024/01/20","22:30","-","-","1.86"
"2024/01/20","23:00","1.435","-","-"
"2024/01/21","00:00","1.174","-","-"
"2024/01/21","01:00","0.773","-","-"
"2024/01/21","02:00","0.327","-","-"
"2024/01/21","03:00","-0.027","-","-"
"2024/01/21","04:00","-0.183","-","-"
"2024/01/21","05:00","-0.103","-","-"
"2024/01/21","05:12","-","-","0.13"
"2024/01/21","06:00","0.204","-","-"
"2024/01/21","07:00","0.691","-","-"
"2024/01/21","08:00","1.25","-","-"
"2024/01/21","09:00","1.731","-","-"
"2024/01/21","10:00","2.022","-","-"
"2024/01/21","11:00","2.084","-","-"
"2024/01/21","11:12","-","-","1.74"
"2024/01/21","12:00","1.929","-","-"
"2024/01/21","13:00","1.584","-","-"
"2024/01/21","14:00","1.108","-","-"
"2024/01/21","15:00","0.606","-","-"
"2024/01/21","16:00","0.194","-","-"
"2024/01/21","17:00","-0.046","-","-"
"2024/01/21","17:30","-","-","0.08"
"2024/01/21","18:00","-0.066","-","-"
"2024/01/21","19:00","0.145","-","-"
"2024/01/21","20:00","0.54","-","-"
"2024/01/21","21:00","0.996","-","-"
"2024/01/21","22:00","1.361","-","-"
"2024/01/21","23:00","1.527","-","-"
"2024/01/21","23:30","-","-","1.58"
"2024/01/22","00:00","1.459","-","-"
"2024/01/22","01:00","1.178","-","-"
"2024/01/22","02:00","0.753","-","-"
"2024/01/22","03:00","0.301","-","-"
"2024/01/22","04:00","-0.049","-","-"
"2024/01/22","05:00","-0.198","-","-"
"2024/01/22","05:06","-","-","-0.03"
"2024/01/22","06:00","-0.112","-","-"
"2024/01/22","07:00","0.199","-","-"
"2024/01/22","08:00","0.687","-","-"
"2024/01/22","09:00","1.251","-","-"
"2024/01/22","10:00","1.751","-","-"
"2024/01/22","11:00","2.059","-","-"
"2024/01/22","11:36","-","-","2.17"
"2024/01/22","12:00","2.116","-","-"
"2024/01/22","13:00","1.931","-","-"
"2024/01/22","14:00","1.55","-","-"
"2024/01/22","15:00","1.05","-","-"
"2024/01/22","16:00","0.536","-","-"
"2024/01/22","17:00","0.122","-","-"
"2024/01/22","18:00","-0.109","-","-"
"2024/01/22","18:36","-","-","0.29"
"2024/01/22","19:00","-0.112","-","-"
"2024/01/22","20:00","0.121","-","-"
"2024/01/22","21:00","0.547","-","-"
"2024/01/22","22:00","1.041","-","-"
"2024/01/22","23:00","1.432","-","-"
"2024/01/23","00:00","1.59","-","-"
"2024/01/23","00:18","-","-","1.83"
"2024/01/23","01:00","1.484","-","-"
"2024/01/23","02:00","1.162","-","-"
"2024/01/23","03:00","0.708","-","-"
"2024/01/23","04:00","0.243","-","-"
"2024/01/23","05:00","-0.104","-","-"
"2024/01/23","06:00","-0.237","-","-"
"2024/01/23","06:18","-","-","-0.05"
"2024/01/23","07:00","-0.131","-","-"
"2024/01/23","08:00","0.2","-","-"
"2024/01/23","09:00","0.713","-","-"
"2024/01/23","10:00","1.307","-","-"
"2024/01/23","11:00","1.82","-","-"
"2024/01/23","12:00","2.107","-","-"
"2024/01/23","12:18","-","-","2.34"
"2024/01/23","13:00","2.115","-","-"
"2024/01/23","14:00","1.876","-","-"
"2024/01/23","15:00","1.453","-","-"
"2024/01/23","16:00","0.924","-","-"
"2024/01/23","17:00","0.402","-","-"
"2024/01/23","18:00","0.006","-","-"
"2024/01/23","19:00","-0.188","-","-"
"2024/01/23","19:18","-","-","-0.04"
"2024/01/23","20:00","-0.147","-","-"
"2024/01/23","21:00","0.143","-","-"
"2024/01/23","22:00","0.631","-","-"
"2024/01/23","23:00","1.163","-","-"
"2024/01/24","00:00","1.541","-","-"
"2024/01/24","00:54","-","-","1.7"
"2024/01/24","01:00","1.648","-","-"
"2024/01/24","02:00","1.484","-","-"
"2024/01/24","03:00","1.114","-","-"
"2024/01/24","04:00","0.627","-","-"
"2024/01/24","05:00","0.149","-","-"
"2024/01/24","06:00","-0.181","-","-"
"2024/01/24","07:00","-0.281","-","-0.23"
"2024/01/24","08:00","-0.138","-","-"
"2024/01/24","09:00","0.237","-","-"
"2024/01/24","10:00","0.8","-","-"
"2024/01/24","11:00","1.421","-","-"
"2024/01/24","12:00","1.91","-","-"
"2024/01/24","13:00","2.13","-","-"
"2024/01/24","13:12","-","-","2.21"
"2024/01/24","14:00","2.065","-","-"
"2024/01/24","15:00","1.766","-","-"
"2024/01/24","16:00","1.293","-","-"
"2024/01/24","17:00","0.736","-","-"
"2024/01/24","18:00","0.226","-","-"
"2024/01/24","19:00","-0.126","-","-"
"2024/01/24","19:36","-","-","0.09"
"2024/01/24","20:00","-0.259","-","-"
"2024/01/24","21:00","-0.139","-","-"
"2024/01/24","22:00","0.239","-","-"
"2024/01/24","23:00","0.79","-","-"
"2024/01/25","00:00","1.321","-","-"
"2024/01/25","01:00","1.641","-","-"
"2024/01/25","01:36","-","-","2.16"
"2024/01/25","02:00","1.675","-","-"
"2024/01/25","03:00","1.446","-","-"
"2024/01/25","04:00","1.023","-","-"
"2024/01/25","05:00","0.504","-","-"
"2024/01/25","06:00","0.031","-","-"
"2024/01/25","07:00","-0.261","-","-"
"2024/01/25","07:42","-","-","0.26"
"2024/01/25","08:00","-0.31","-","-"
"2024/01/25","09:00","-0.104","-","-"
"2024/01/25","10:00","0.342","-","-"
"2024/01/25","11:00","0.952","-","-"
"2024/01/25","12:00","1.56","-","-"
"2024/01/25","13:00","1.977","-","-"
"2024/01/25","14:00","2.109","-","2.78"
"2024/01/25","15:00","1.964","-","-"
"2024/01/25","16:00","1.595","-","-"
"2024/01/25","17:00","1.073","-","-"
"2024/01/25","18:00","0.508","-","-"
"2024/01/25","19:00","0.035","-","-"
"2024/01/25","20:00","-0.247","-","-"
"2024/01/25","20:24","-","-","0.56"
"2024/01/25","21:00","-0.286","-","-"
"2024/01/25","22:00","-0.057","-","-"
"2024/01/25","23:00","0.411","-","-"
"2024/01/26","00:00","0.985","-","-"
"2024/01/26","01:00","1.469","-","-"
"2024/01/26","02:00","1.708","-","-"
"2024/01/26","02:18","-","-","2.54"
"2024/01/26","03:00","1.661","-","-"
"2024/01/26","04:00","1.361","-","-"
"2024/01/26","05:00","0.885","-","-"
"2024/01/26","06:00","0.352","-","-"
"2024/01/26","07:00","-0.091","-","-"
"2024/01/26","08:00","-0.325","-","-"
"2024/01/26","08:30","-","-","0.52"
"2024/01/26","09:00","-0.296","-","-"
"2024/01/26","10:00","-0.002","-","-"
"2024/01/26","11:00","0.511","-","-"
"2024/01/26","12:00","1.13","-","-"
"2024/01/26","13:00","1.679","-","-"
"2024/01/26","14:00","2.003","-","-"
"2024/01/26","14:36","-","-","2.83"
"2024/01/26","15:00","2.039","-","-"
"2024/01/26","16:00","1.806","-","-"
"2024/01/26","17:00","1.367","-","-"
"2024/01/26","18:00","0.813","-","-"
"2024/01/26","19:00","0.267","-","-"
"2024/01/26","20:00","-0.14","-","-"
"2024/01/26","21:00","-0.32","-","0.55"
"2024/01/26","22:00","-0.234","-","-"
"2024/01/26","23:00","0.106","-","-"
"2024/01/27","00:00","0.625","-","-"
"2024/01/27","01:00","1.176","-","-"
"2024/01/27","02:00","1.586","-","-"
"2024/01/27","03:00","1.735","-","-"
"2024/01/27","03:06","-","-","2.85"
"2024/01/27","04:00","1.598","-","-"
"2024/01/27","05:00","1.225","-","-"
"2024/01/27","06:00","0.714","-","-"
"2024/01/27","07:00","0.192","-","-"
"2024/01/27","08:00","-0.199","-","-"
"2024/01/27","09:00","-0.347","-","-"
"2024/01/27","09:06","-","-","1.06"
"2024/01/27","10:00","-0.215","-","-"
"2024/01/27","11:00","0.164","-","-"
"2024/01/27","12:00","0.708","-","-"
"2024/01/27","13:00","1.29","-","-"
"2024/01/27","14:00","1.757","-","-"
"2024/01/27","15:00","1.979","-","-"
"2024/01/27","15:24","-","-","3.36"
"2024/01/27","16:00","1.909","-","-"
"2024/01/27","17:00","1.587","-","-"
"2024/01/27","18:00","1.095","-","-"
"2024/01/27","19:00","0.538","-","-"
"2024/01/27","20:00","0.041","-","-"
"2024/01/27","21:00","-0.267","-","-"
"2024/01/27","21:30","-","-","1.13"
"2024/01/27","22:00","-0.312","-","-"
"2024/01/27","23:00","-0.098","-","-"
"2024/01/28","00:00","0.319","-","-"
"2024/01/28","01:00","0.845","-","-"
"2024/01/28","02:00","1.347","-","-"
"2024/01/28","03:00","1.67","-","-"
"2024/01/28","03:54","-","-","3.29"
"2024/01/28","04:00","1.715","-","-"
"2024/01/28","05:00","1.483","-","-"
"2024/01/28","06:00","1.054","-","-"
"2024/01/28","07:00","0.531","-","-"
"2024/01/28","08:00","0.045","-","-"
"2024/01/28","09:00","-0.264","-","-"
"2024/01/28","09:42","-","-","1.73"
"2024/01/28","10:00","-0.301","-","-"
"2024/01/28","11:00","-0.069","-","-"
"2024/01/28","12:00","0.358","-","-"
"2024/01/28","13:00","0.889","-","-"
"2024/01/28","14:00","1.412","-","-"
"2024/01/28","15:00","1.786","-","-"
"2024/01/28","15:42","-","-","3.94"
"2024/01/28","16:00","1.894","-","-"
"2024/01/28","17:00","1.716","-","-"
"2024/01/28","18:00","1.321","-","-"
"2024/01/28","19:00","0.804","-","-"
"2024/01/28","20:00","0.274","-","-"
"2024/01/28","21:00","-0.137","-","-"
"2024/01/28","22:00","-0.31","-","1.82"
"2024/01/28","23:00","-0.215","-","-"
"2024/01/29","00:00","0.095","-","-"
"2024/01/29","01:00","0.546","-","-"
"2024/01/29","02:00","1.056","-","-"
"2024/01/29","03:00","1.493","-","-"
"2024/01/29","04:00","1.712","-","-"
"2024/01/29","04:12","-","-","3.67"
"2024/01/29","05:00","1.644","-","-"
"2024/01/29","06:00","1.331","-","-"
"2024/01/29","07:00","0.867","-","-"
"2024/01/29","08:00","0.358","-","-"
"2024/01/29","09:00","-0.063","-","-"
"2024/01/29","10:00","-0.262","-","-"
"2024/01/29","10:06","-","-","1.92"
"2024/01/29","11:00","-0.19","-","-"
"2024/01/29","12:00","0.105","-","-"
"2024/01/29","13:00","0.539","-","-"
"2024/01/29","14:00","1.035","-","-"
"2024/01/29","15:00","1.489","-","-"
"2024/01/29","16:00","1.755","-","-"
"2024/01/29","16:30","-","-","4.05"
"2024/01/29","17:00","1.744","-","-"
"2024/01/29","18:00","1.473","-","-"
"2024/01/29","19:00","1.031","-","-"
"2024/01/29","20:00","0.519","-","-"
"2024/01/29","21:00","0.053","-","-"
"2024/01/29","22:00","-0.234","-","-"
"2024/01/29","22:48","-","-","2.06"
"2024/01/29","23:00","-0.265","-","-"
"2024/01/30","00:00","-0.062","-","-"
"2024/01/30","01:00","0.305","-","-"
"2024/01/30","02:00","0.771","-","-"
"2024/01/30","03:00","1.25","-","-"
"2024/01/30","04:00","1.603","-","-"
"2024/01/30","05:00","1.705","-","-"
"2024/01/30","05:06","-","-","3.52"
"2024/01/30","06:00","1.534","-","-"
"2024/01/30","07:00","1.161","-","-"
"2024/01/30","08:00","0.686","-","-"
"2024/01/30","09:00","0.222","-","-"
"2024/01/30","10:00","-0.103","-","-"
"2024/01/30","11:00","-0.193","-","1.8"
"2024/01/30","12:00","-0.047","-","-"
"2024/01/30","13:00","0.269","-","-"
"2024/01/30","14:00","0.69","-","-"
"2024/01/30","15:00","1.144","-","-"
"2024/01/30","16:00","1.512","-","-"
"2024/01/30","16:54","-","-","3.62"
"2024/01/30","17:00","1.663","-","-"
"2024/01/30","18:00","1.543","-","-"
"2024/01/30","19:00","1.204","-","-"
"2024/01/30","20:00","0.745","-","-"
"2024/01/30","21:00","0.275","-","-"
"2024/01/30","22:00","-0.089","-","-"
"2024/01/30","22:54","-","-","1.81"
"2024/01/30","23:00","-0.246","-","-"
"2024/01/31","00:00","-0.165","-","-"
"2024/01/31","01:00","0.109","-","-"
"2024/01/31","02:00","0.513","-","-"
"2024/01/31","03:00","0.982","-","-"
"2024/01/31","04:00","1.412","-","-"
"2024/01/31","05:00","1.666","-","-"
"2024/01/31","05:36","-","-","3.89"
"2024/01/31","06:00","1.658","-","-"
"2024/01/31","07:00","1.404","-","-"
"2024/01/31","08:00","0.996","-","-"
"2024/01/31","09:00","0.542","-","-"
"2024/01/31","10:00","0.152","-","-"
"2024/01/31","11:00","-0.075","-","-"
"2024/01/31","11:36","-","-","2.27"
"2024/01/31","12:00","-0.092","-","-"
"2024/01/31","13:00","0.085","-","-"
"2024/01/31","14:00","0.405","-","-"
"2024/01/31","15:00","0.808","-","-"
"2024/01/31","16:00","1.207","-","-"
"2024/01/31","17:00","1.48","-","-"
"2024/01/31","17:24","-","-","3.98"
"2024/01/31","18:00","1.524","-","-"
"2024/01/31","19:00","1.32","-","-"
"2024/01/31","20:00","0.942","-","-"
"2024/01/31","21:00","0.502","-","-"
"2024/01/31","22:00","0.109","-","-"
"2024/01/31","23:00","-0.147","-","-"
"2024/01/31","23:30","-","-","2.31"
"2024/02/01","00:00","-0.204","-","-"
"2024/02/01","01:00","-0.051","-","-"
"2024/02/01","02:00","0.274","-","-"
"2024/02/01","03:00","0.707","-","-"
"2024/02/01","04:00","1.162","-","-"
"2024/02/01","05:00","1.526","-","-"
"2024/02/01","06:00","1.685","-","-"
"2024/02/01","06:06","-","-","3.91"
"2024/02/01","07:00","1.586","-","-"
"2024/02/01","08:00","1.276","-","-"
"2024/02/01","09:00","0.866","-","-"
"2024/02/01","10:00","0.465","-","-"
"2024/02/01","11:00","0.152","-","-"
"2024/02/01","12:00","-0.016","-","-"
"2024/02/01","12:48","-","-","1.99"
"2024/02/01","13:00","-0.001","-","-"
"2024/02/01","14:00","0.19","-","-"
"2024/02/01","15:00","0.509","-","-"
"2024/02/01","16:00","0.883","-","-"
"2024/02/01","17:00","1.219","-","-"
"2024/02/01","18:00","1.408","-","-"
"2024/02/01","18:24","-","-","3.3"
"2024/02/01","19:00","1.368","-","-"
"2024/02/01","20:00","1.109","-","-"
"2024/02/01","21:00","0.729","-","-"
"2024/02/01","22:00","0.342","-","-"
"2024/02/01","23:00","0.03","-","-"
"2024/02/02","00:00","-0.152","-","-"
"2024/02/02","00:18","-","-","1.62"
"2024/02/02","01:00","-0.151","-","-"
"2024/02/02","02:00","0.053","-","-"
"2024/02/02","03:00","0.42","-","-"
"2024/02/02","04:00","0.865","-","-"
"2024/02/02","05:00","1.293","-","-"
"2024/02/02","06:00","1.596","-","-"
"2024/02/02","06:42","-","-","3.24"
"2024/02/02","07:00","1.678","-","-"
"2024/02/02","08:00","1.514","-","-"
"2024/02/02","09:00","1.184","-","-"
"2024/02/02","10:00","0.807","-","-"
"2024/02/02","11:00","0.459","-","-"
"2024/02/02","12:00","0.184","-","-"
"2024/02/02","13:00","0.034","-","-"
"2024/02/02","13:18","-","-","1.52"
"2024/02/02","14:00","0.06","-","-"
"2024/02/02","15:00","0.259","-","-"
"2024/02/02","16:00","0.568","-","-"
"2024/02/02","17:00","0.909","-","-"
"2024/02/02","18:00","1.194","-","-"
"2024/02/02","19:00","1.321","-","-"
"2024/02/02","19:24","-","-","2.88"
"2024/02/02","20:00","1.227","-","-"
"2024/02/02","21:00","0.952","-","-"
"2024/02/02","22:00","0.606","-","-"
"2024/02/02","23:00","0.276","-","-"
"2024/02/03","00:00","0.006","-","-"
"2024/02/03","01:00","-0.146","-","-"
"2024/02/03","01:30","-","-","1.52"
"2024/02/03","02:00","-0.111","-","-"
"2024/02/03","03:00","0.133","-","-"
"2024/02/03","04:00","0.524","-","-"
"2024/02/03","05:00","0.97","-","-"
"2024/02/03","06:00","1.375","-","-"
"2024/02/03","07:00","1.636","-","-"
"2024/02/03","07:36","-","-","3.47"
"2024/02/03","08:00","1.667","-","-"
"2024/02/03","09:00","1.477","-","-"
"2024/02/03","10:00","1.165","-","-"
"2024/02/03","11:00","0.823","-","-"
"2024/02/03","12:00","0.49","-","-"
"2024/02/03","13:00","0.207","-","-"
"2024/02/03","14:00","0.052","-","-"
"2024/02/03","14:48","-","-","2.07"
"2024/02/03","15:00","0.083","-","-"
"2024/02/03","16:00","0.279","-","-"
"2024/02/03","17:00","0.574","-","-"
"2024/02/03","18:00","0.897","-","-"
"2024/02/03","19:00","1.156","-","-"
"2024/02/03","20:00","1.251","-","-"
"2024/02/03","20:06","-","-","3.11"
"2024/02/03","21:00","1.143","-","-"
"2024/02/03","22:00","0.89","-","-"
"2024/02/03","23:00","0.582","-","-"
"2024/02/04","00:00","0.27","-","-"
"2024/02/04","01:00","-0.003","-","-"
"2024/02/04","02:00","-0.152","-","-"
"2024/02/04","02:36","-","-","1.73"
"2024/02/04","03:00","-0.095","-","-"
"2024/02/04","04:00","0.17","-","-"
"2024/02/04","05:00","0.573","-","-"
"2024/02/04","06:00","1.024","-","-"
"2024/02/04","07:00","1.425","-","-"
"2024/02/04","08:00","1.669","-","-"
"2024/02/04","08:36","-","-","3.61"
"2024/02/04","09:00","1.689","-","-"
"2024/02/04","10:00","1.513","-","-"
"2024/02/04","11:00","1.225","-","-"
"2024/02/04","12:00","0.881","-","-"
"2024/02/04","13:00","0.516","-","-"
"2024/02/04","14:00","0.201","-","-"
"2024/02/04","14:48","-","-","2.1"
"2024/02/04","15:00","0.031","-","-"
"2024/02/04","16:00","0.054","-","-"
"2024/02/04","17:00","0.243","-","-"
"2024/02/04","18:00","0.539","-","-"
"2024/02/04","19:00","0.868","-","-"
"2024/02/04","20:00","1.131","-","-"
"2024/02/04","21:00","1.234","-","-"
"2024/02/04","21:18","-","-","3.35"
"2024/02/04","22:00","1.152","-","-"
"2024/02/04","23:00","0.929","-","-"
"2024/02/05","00:00","0.622","-","-"
"2024/02/05","01:00","0.281","-","-"
"2024/02/05","02:00","-0.023","-","-"
"2024/02/05","03:00","-0.181","-","-"
"2024/02/05","03:36","-","-","1.98"
"2024/02/05","04:00","-0.121","-","-"
"2024/02/05","05:00","0.153","-","-"
"2024/02/05","06:00","0.571","-","-"
"2024/02/05","07:00","1.044","-","-"
"2024/02/05","08:00","1.466","-","-"
"2024/02/05","09:00","1.73","-","-"
"2024/02/05","09:42","-","-","3.93"
"2024/02/05","10:00","1.779","-","-"
"2024/02/05","11:00","1.627","-","-"
"2024/02/05","12:00","1.329","-","-"
"2024/02/05","13:00","0.937","-","-"
"2024/02/05","14:00","0.514","-","-"
"2024/02/05","15:00","0.157","-","-"
"2024/02/05","15:54","-","-","2.1"
"2024/02/05","16:00","-0.04","-","-"
"2024/02/05","17:00","-0.03","-","-"
"2024/02/05","18:00","0.165","-","-"
"2024/02/05","19:00","0.486","-","-"
"2024/02/05","20:00","0.85","-","-"
"2024/02/05","21:00","1.155","-","-"
"2024/02/05","22:00","1.305","-","-"
"2024/02/05","22:24","-","-","3.7"
"2024/02/05","23:00","1.257","-","-"
"2024/02/06","00:00","1.03","-","-"
"2024/02/06","01:00","0.681","-","-"
"2024/02/06","02:00","0.284","-","-"
"2024/02/06","03:00","-0.062","-","-"
"2024/02/06","04:00","-0.246","-","-"
"2024/02/06","04:12","-","-","2.19"
"2024/02/06","05:00","-0.195","-","-"
"2024/02/06","06:00","0.09","-","-"
"2024/02/06","07:00","0.539","-","-"
"2024/02/06","08:00","1.056","-","-"
"2024/02/06","09:00","1.531","-","-"
"2024/02/06","10:00","1.852","-","-"
"2024/02/06","10:54","-","-","4.57"
"2024/02/06","11:00","1.939","-","-"
"2024/02/06","12:00","1.781","-","-"
"2024/02/06","13:00","1.431","-","-"
"2024/02/06","14:00","0.967","-","-"
"2024/02/06","15:00","0.477","-","-"
"2024/02/06","16:00","0.066","-","-"
"2024/02/06","17:00","-0.162","-","-"
"2024/02/06","17:24","-","-","2.61"
"2024/02/06","18:00","-0.154","-","-"
"2024/02/06","19:00","0.069","-","-"
"2024/02/06","20:00","0.441","-","-"
"2024/02/06","21:00","0.877","-","-"
"2024/02/06","22:00","1.26","-","-"
"2024/02/06","23:00","1.464","-","-"
"2024/02/06","23:24","-","-","3.94"
"2024/02/07","00:00","1.418","-","-"
"2024/02/07","01:00","1.146","-","-"
"2024/02/07","02:00","0.731","-","-"
"2024/02/07","03:00","0.269","-","-"
"2024/02/07","04:00","-0.133","-","-"
"2024/02/07","05:00","-0.351","-","-"
"2024/02/07","05:12","-","-","2.2"
"2024/02/07","06:00","-0.304","-","-"
"2024/02/07","07:00","0.004","-","-"
"2024/02/07","08:00","0.5","-","-"
"2024/02/07","09:00","1.089","-","-"
"2024/02/07","10:00","1.65","-","-"
"2024/02/07","11:00","2.034","-","-"
"2024/02/07","11:42","-","-","4.54"
"2024/02/07","12:00","2.127","-","-"
"2024/02/07","13:00","1.923","-","-"
"2024/02/07","14:00","1.501","-","-"
"2024/02/07","15:00","0.959","-","-"
"2024/02/07","16:00","0.393","-","-"
"2024/02/07","17:00","-0.073","-","-"
"2024/02/07","18:00","-0.317","-","-"
"2024/02/07","18:36","-","-","2.02"
"2024/02/07","19:00","-0.289","-","-"
"2024/02/07","20:00","-0.015","-","-"
"2024/02/07","21:00","0.442","-","-"
"2024/02/07","22:00","0.982","-","-"
"2024/02/07","23:00","1.447","-","-"
"2024/02/08","00:00","1.671","-","-"
"2024/02/08","00:18","-","-","3.83"
"2024/02/08","01:00","1.587","-","-"
"2024/02/08","02:00","1.25","-","-"
"2024/02/08","03:00","0.763","-","-"
"2024/02/08","04:00","0.226","-","-"
"2024/02/08","05:00","-0.235","-","-"
"2024/02/08","06:00","-0.479","-","-"
"2024/02/08","06:18","-","-","1.45"
"2024/02/08","07:00","-0.423","-","-"
"2024/02/08","08:00","-0.079","-","-"
"2024/02/08","09:00","0.487","-","-"
"2024/02/08","10:00","1.173","-","-"
"2024/02/08","11:00","1.819","-","-"
"2024/02/08","12:00","2.23","-","-"
"2024/02/08","12:30","-","-","4.15"
"2024/02/08","13:00","2.29","-","-"
"2024/02/08","14:00","2.021","-","-"
"2024/02/08","15:00","1.524","-","-"
"2024/02/08","16:00","0.899","-","-"
"2024/02/08","17:00","0.261","-","-"
"2024/02/08","18:00","-0.24","-","-"
"2024/02/08","19:00","-0.477","-","-"
"2024/02/08","19:18","-","-","1.25"
"2024/02/08","20:00","-0.404","-","-"
"2024/02/08","21:00","-0.048","-","-"
"2024/02/08","22:00","0.523","-","-"
"2024/02/08","23:00","1.167","-","-"
"2024/02/09","00:00","1.676","-","-"
"2024/02/09","00:54","-","-","3.56"
"2024/02/09","01:00","1.878","-","-"
"2024/02/09","02:00","1.737","-","-"
"2024/02/09","03:00","1.332","-","-"
"2024/02/09","04:00","0.766","-","-"
"2024/02/09","05:00","0.155","-","-"
"2024/02/09","06:00","-0.351","-","-"
"2024/02/09","07:00","-0.604","-","-"
"2024/02/09","07:24","-","-","0.87"
"2024/02/09","08:00","-0.526","-","-"
"2024/02/09","09:00","-0.127","-","-"
"2024/02/09","10:00","0.528","-","-"
"2024/02/09","11:00","1.306","-","-"
"2024/02/09","12:00","1.994","-","-"
"2024/02/09","13:00","2.386","-","-"
"2024/02/09","13:30","-","-","3.87"
"2024/02/09","14:00","2.393","-","-"
"2024/02/09","15:00","2.058","-","-"
"2024/02/09","16:00","1.484","-","-"
"2024/02/09","17:00","0.782","-","-"
"2024/02/09","18:00","0.096","-","-"
"2024/02/09","19:00","-0.41","-","-"
"2024/02/09","20:00","-0.61","-","-"
"2024/02/09","20:06","-","-","0.74"
"2024/02/09","21:00","-0.463","-","-"
"2024/02/09","22:00","0.005","-","-"
"2024/02/09","23:00","0.688","-","-"
"2024/02/10","00:00","1.396","-","-"
"2024/02/10","01:00","1.902","-","-"
"2024/02/10","01:48","-","-","3.5"
"2024/02/10","02:00","2.059","-","-"
"2024/02/10","03:00","1.857","-","-"
"2024/02/10","04:00","1.379","-","-"
"2024/02/10","05:00","0.739","-","-"
"2024/02/10","06:00","0.073","-","-"
"2024/02/10","07:00","-0.455","-","-"
"2024/02/10","08:00","-0.699","-","-"
"2024/02/10","08:12","-","-","0.67"
"2024/02/10","09:00","-0.581","-","-"
"2024/02/10","10:00","-0.11","-","-"
"2024/02/10","11:00","0.624","-","-"
"2024/02/10","12:00","1.446","-","-"
"2024/02/10","13:00","2.126","-","-"
"2024/02/10","14:00","2.474","-","-"
"2024/02/10","14:18","-","-","3.94"
"2024/02/10","15:00","2.422","-","-"
"2024/02/10","16:00","2.018","-","-"
"2024/02/10","17:00","1.373","-","-"
"2024/02/10","18:00","0.621","-","-"
"2024/02/10","19:00","-0.077","-","-"
"2024/02/10","20:00","-0.553","-","-"
"2024/02/10","20:54","-","-","0.73"
"2024/02/10","21:00","-0.684","-","-"
"2024/02/10","22:00","-0.431","-","-"
"2024/02/10","23:00","0.146","-","-"
"2024/02/11","00:00","0.9","-","-"
"2024/02/11","01:00","1.622","-","-"
"2024/02/11","02:00","2.099","-","-"
"2024/02/11","02:48","-","-","3.7"
"2024/02/11","03:00","2.203","-","-"
"2024/02/11","04:00","1.934","-","-"
"2024/02/11","05:00","1.387","-","-"
"2024/02/11","06:00","0.693","-","-"
"2024/02/11","07:00","0.001","-","-"
"2024/02/11","08:00","-0.524","-","-"
"2024/02/11","09:00","-0.735","-","0.64"
"2024/02/11","10:00","-0.558","-","-"
"2024/02/11","11:00","-0.026","-","-"
"2024/02/11","12:00","0.739","-","-"
"2024/02/11","13:00","1.55","-","-"
"2024/02/11","14:00","2.191","-","-"
"2024/02/11","15:00","2.484","-","-"
"2024/02/11","15:18","-","-","4.04"
"2024/02/11","16:00","2.365","-","-"
"2024/02/11","17:00","1.896","-","-"
"2024/02/11","18:00","1.206","-","-"
"2024/02/11","19:00","0.442","-","-"
"2024/02/11","20:00","-0.231","-","-"
"2024/02/11","21:00","-0.639","-","-"
"2024/02/11","21:30","-","-","0.86"
"2024/02/11","22:00","-0.665","-","-"
"2024/02/11","23:00","-0.307","-","-"
"2024/02/12","00:00","0.339","-","-"
"2024/02/12","01:00","1.115","-","-"
"2024/02/12","02:00","1.821","-","-"
"2024/02/12","03:00","2.254","-","-"
"2024/02/12","03:36","-","-","3.87"
"2024/02/12","04:00","2.293","-","-"
"2024/02/12","05:00","1.958","-","-"
"2024/02/12","06:00","1.363","-","-"
"2024/02/12","07:00","0.648","-","-"
"2024/02/12","08:00","-0.041","-","-"
"2024/02/12","09:00","-0.533","-","-"
"2024/02/12","10:00","-0.685","-","0.86"
"2024/02/12","11:00","-0.457","-","-"
"2024/02/12","12:00","0.09","-","-"
"2024/02/12","13:00","0.833","-","-"
"2024/02/12","14:00","1.603","-","-"
"2024/02/12","15:00","2.188","-","-"
"2024/02/12","15:54","-","-","4.02"
"2024/02/12","16:00","2.41","-","-"
"2024/02/12","17:00","2.222","-","-"
"2024/02/12","18:00","1.71","-","-"
"2024/02/12","19:00","1.01","-","-"
"2024/02/12","20:00","0.27","-","-"
"2024/02/12","21:00","-0.335","-","-"
"2024/02/12","22:00","-0.636","-","-"
"2024/02/12","22:18","-","-","0.91"
"2024/02/12","23:00","-0.555","-","-"
"2024/02/13","00:00","-0.13","-","-"
"2024/02/13","01:00","0.538","-","-"
"2024/02/13","02:00","1.306","-","-"
"2024/02/13","03:00","1.978","-","-"
"2024/02/13","04:00","2.348","-","-"
"2024/02/13","04:24","-","-","4.08"
"2024/02/13","05:00","2.317","-","-"
"2024/02/13","06:00","1.934","-","-"
"2024/02/13","07:00","1.323","-","-"
"2024/02/13","08:00","0.617","-","-"
"2024/02/13","09:00","-0.032","-","-"
"2024/02/13","10:00","-0.458","-","-"
"2024/02/13","10:54","-","-","1.38"
"2024/02/13","11:00","-0.553","-","-"
"2024/02/13","12:00","-0.313","-","-"
"2024/02/13","13:00","0.201","-","-"
"2024/02/13","14:00","0.895","-","-"
"2024/02/13","15:00","1.607","-","-"
"2024/02/13","16:00","2.116","-","-"
"2024/02/13","17:00","2.258","-","-"
"2024/02/13","17:06","-","-","4.33"
"2024/02/13","18:00","2.017","-","-"
"2024/02/13","19:00","1.491","-","-"
"2024/02/13","20:00","0.815","-","-"
"2024/02/13","21:00","0.141","-","-"
"2024/02/13","22:00","-0.356","-","1.74"
"2024/02/13","23:00","-0.545","-","-"
"2024/02/14","00:00","-0.393","-","-"
"2024/02/14","01:00","0.055","-","-"
"2024/02/14","02:00","0.717","-","-"
"2024/02/14","03:00","1.458","-","-"
"2024/02/14","04:00","2.072","-","-"
"2024/02/14","05:00","2.367","-","-"
"2024/02/14","05:06","-","-","3.78"
"2024/02/14","06:00","2.278","-","-"
"2024/02/14","07:00","1.874","-","-"
"2024/02/14","08:00","1.278","-","-"
"2024/02/14","09:00","0.621","-","-"
"2024/02/14","10:00","0.049","-","-"
"2024/02/14","11:00","-0.306","-","-"
"2024/02/14","11:36","-","-","1.03"
"2024/02/14","12:00","-0.379","-","-"
"2024/02/14","13:00","-0.168","-","-"
"2024/02/14","14:00","0.294","-","-"
"2024/02/14","15:00","0.927","-","-"
"2024/02/14","16:00","1.561","-","-"
"2024/02/14","17:00","1.982","-","-"
"2024/02/14","17:48","-","-","3.7"
"2024/02/14","18:00","2.055","-","-"
"2024/02/14","19:00","1.785","-","-"
"2024/02/14","20:00","1.276","-","-"
"2024/02/14","21:00","0.661","-","-"
"2024/02/14","22:00","0.091","-","-"
"2024/02/14","23:00","-0.294","-","-"
"2024/02/14","23:42","-","-","1.3"
"2024/02/15","00:00","-0.405","-","-"
"2024/02/15","01:00","-0.224","-","-"
"2024/02/15","02:00","0.221","-","-"
"2024/02/15","03:00","0.861","-","-"
"2024/02/15","04:00","1.551","-","-"
"2024/02/15","05:00","2.09","-","-"
"2024/02/15","06:00","2.315","-","3.66"
"2024/02/15","07:00","2.191","-","-"
"2024/02/15","08:00","1.796","-","-"
"2024/02/15","09:00","1.252","-","-"
"2024/02/15","10:00","0.68","-","-"
"2024/02/15","11:00","0.192","-","-"
"2024/02/15","12:00","-0.123","-","-"
"2024/02/15","12:36","-","-","1.04"
"2024/02/15","13:00","-0.208","-","-"
"2024/02/15","14:00","-0.041","-","-"
"2024/02/15","15:00","0.365","-","-"
"2024/02/15","16:00","0.925","-","-"
"2024/02/15","17:00","1.472","-","-"
"2024/02/15","18:00","1.812","-","-"
"2024/02/15","18:30","-","-","2.92"
"2024/02/15","19:00","1.836","-","-"
"2024/02/15","20:00","1.565","-","-"
"2024/02/15","21:00","1.106","-","-"
"2024/02/15","22:00","0.586","-","-"
"2024/02/15","23:00","0.122","-","-"
"2024/02/16","00:00","-0.186","-","-"
"2024/02/16","00:54","-","-","0.51"
"2024/02/16","01:00","-0.262","-","-"
"2024/02/16","02:00","-0.076","-","-"
"2024/02/16","03:00","0.353","-","-"
"2024/02/16","04:00","0.951","-","-"
"2024/02/16","05:00","1.573","-","-"
"2024/02/16","06:00","2.038","-","-"
"2024/02/16","07:00","2.211","-","-"
"2024/02/16","07:24","-","-","2.98"
"2024/02/16","08:00","2.078","-","-"
"2024/02/16","09:00","1.727","-","-"
"2024/02/16","10:00","1.27","-","-"
"2024/02/16","11:00","0.788","-","-"
"2024/02/16","12:00","0.352","-","-"
"2024/02/16","13:00","0.043","-","-"
"2024/02/16","13:24","-","-","1.09"
"2024/02/16","14:00","-0.067","-","-"
"2024/02/16","15:00","0.059","-","-"
"2024/02/16","16:00","0.405","-","-"
"2024/02/16","17:00","0.89","-","-"
"2024/02/16","18:00","1.359","-","-"
"2024/02/16","19:00","1.64","-","-"
"2024/02/16","19:24","-","-","2.74"
"2024/02/16","20:00","1.64","-","-"
"2024/02/16","21:00","1.4","-","-"
"2024/02/16","22:00","1.022","-","-"
"2024/02/16","23:00","0.595","-","-"
"2024/02/17","00:00","0.198","-","-"
"2024/02/17","01:00","-0.077","-","-"
"2024/02/17","02:00","-0.141","-","0.73"
"2024/02/17","03:00","0.038","-","-"
"2024/02/17","04:00","0.435","-","-"
"2024/02/17","05:00","0.976","-","-"
"2024/02/17","06:00","1.533","-","-"
"2024/02/17","07:00","1.94","-","-"
"2024/02/17","07:42","-","-","2.79"
"2024/02/17","08:00","2.085","-","-"
"2024/02/17","09:00","1.976","-","-"
"2024/02/17","10:00","1.7","-","-"
"2024/02/17","11:00","1.329","-","-"
"2024/02/17","12:00","0.9","-","-"
"2024/02/17","13:00","0.478","-","-"
"2024/02/17","14:00","0.162","-","-"
"2024/02/17","15:00","0.033","-","0.91"
"2024/02/17","16:00","0.118","-","-"
"2024/02/17","17:00","0.408","-","-"
"2024/02/17","18:00","0.834","-","-"
"2024/02/17","19:00","1.25","-","-"
"2024/02/17","20:00","1.496","-","-"
"2024/02/17","21:00","1.507","-","-"
"2024/02/17","21:06","-","-","2.9"
"2024/02/17","22:00","1.328","-","-"
"2024/02/17","23:00","1.026","-","-"
"2024/02/18","00:00","0.649","-","-"
"2024/02/18","01:00","0.272","-","-"
"2024/02/18","02:00","0.007","-","-"
"2024/02/18","03:00","-0.056","-","-"
"2024/02/18","03:24","-","-","1.39"
"2024/02/18","04:00","0.104","-","-"
"2024/02/18","05:00","0.459","-","-"
"2024/02/18","06:00","0.951","-","-"
"2024/02/18","07:00","1.459","-","-"
"2024/02/18","08:00","1.83","-","-"
"2024/02/18","09:00","1.977","-","3"
"2024/02/18","10:00","1.923","-","-"
"2024/02/18","11:00","1.72","-","-"
"2024/02/18","12:00","1.391","-","-"
"2024/02/18","13:00","0.969","-","-"
"2024/02/18","14:00","0.544","-","-"
"2024/02/18","15:00","0.224","-","-"
"2024/02/18","16:00","0.076","-","-"
"2024/02/18","16:06","-","-","1.08"
"2024/02/18","17:00","0.128","-","-"
"2024/02/18","18:00","0.385","-","-"
"2024/02/18","19:00","0.781","-","-"
"2024/02/18","20:00","1.172","-","-"
"2024/02/18","21:00","1.418","-","-"
"2024/02/18","21:36","-","-","2.27"
"2024/02/18","22:00","1.47","-","-"
"2024/02/18","23:00","1.348","-","-"
"2024/02/19","00:00","1.077","-","-"
"2024/02/19","01:00","0.699","-","-"
"2024/02/19","02:00","0.316","-","-"
"2024/02/19","03:00","0.051","-","-"
"2024/02/19","04:00","-0.02","-","0.63"
"2024/02/19","05:00","0.115","-","-"
"2024/02/19","06:00","0.44","-","-"
"2024/02/19","07:00","0.903","-","-"
"2024/02/19","08:00","1.385","-","-"
"2024/02/19","09:00","1.751","-","-"
"2024/02/19","10:00","1.932","-","-"
"2024/02/19","10:06","-","-","2.52"
"2024/02/19","11:00","1.928","-","-"
"2024/02/19","12:00","1.75","-","-"
"2024/02/19","13:00","1.413","-","-"
"2024/02/19","14:00","0.974","-","-"
"2024/02/19","15:00","0.542","-","-"
"2024/02/19","16:00","0.215","-","-"
"2024/02/19","17:00","0.057","-","-"
"2024/02/19","17:30","-","-","0.86"
"2024/02/19","18:00","0.103","-","-"
"2024/02/19","19:00","0.358","-","-"
"2024/02/19","20:00","0.755","-","-"
"2024/02/19","21:00","1.156","-","-"
"2024/02/19","22:00","1.434","-","-"
"2024/02/19","22:48","-","-","2.07"
"2024/02/19","23:00","1.524","-","-"
"2024/02/20","00:00","1.413","-","-"
"2024/02/20","01:00","1.121","-","-"
"2024/02/20","02:00","0.715","-","-"
"2024/02/20","03:00","0.317","-","-"
"2024/02/20","04:00","0.044","-","-"
"2024/02/20","04:36","-","-","0.28"
"2024/02/20","05:00","-0.038","-","-"
"2024/02/20","06:00","0.087","-","-"
"2024/02/20","07:00","0.407","-","-"
"2024/02/20","08:00","0.866","-","-"
"2024/02/20","09:00","1.354","-","-"
"2024/02/20","10:00","1.745","-","-"
"2024/02/20","11:00","1.956","-","-"
"2024/02/20","11:30","-","-","2.55"
"2024/02/20","12:00","1.956","-","-"
"2024/02/20","13:00","1.749","-","-"
"2024/02/20","14:00","1.373","-","-"
"2024/02/20","15:00","0.908","-","-"
"2024/02/20","16:00","0.465","-","-"
"2024/02/20","17:00","0.139","-","-"
"2024/02/20","17:36","-","-","0.96"
"2024/02/20","18:00","-0.006","-","-"
"2024/02/20","19:00","0.067","-","-"
"2024/02/20","20:00","0.354","-","-"
"2024/02/20","21:00","0.787","-","-"
"2024/02/20","22:00","1.229","-","-"
"2024/02/20","23:00","1.536","-","-"
"2024/02/21","00:00","1.62","-","-"
"2024/02/21","00:12","-","-","2.79"
"2024/02/21","01:00","1.469","-","-"
"2024/02/21","02:00","1.126","-","-"
"2024/02/21","03:00","0.683","-","-"
"2024/02/21","04:00","0.264","-","-"
"2024/02/21","05:00","-0.015","-","-"
"2024/02/21","06:00","-0.091","-","-"
"2024/02/21","06:06","-","-","1.24"
"2024/02/21","07:00","0.05","-","-"
"2024/02/21","08:00","0.392","-","-"
"2024/02/21","09:00","0.88","-","-"
"2024/02/21","10:00","1.403","-","-"
"2024/02/21","11:00","1.816","-","-"
"2024/02/21","12:00","2.011","-","-"
"2024/02/21","12:06","-","-","3.31"
"2024/02/21","13:00","1.96","-","-"
"2024/02/21","14:00","1.692","-","-"
"2024/02/21","15:00","1.265","-","-"
"2024/02/21","16:00","0.769","-","-"
"2024/02/21","17:00","0.319","-","-"
"2024/02/21","18:00","0.018","-","-"
"2024/02/21","19:00","-0.08","-","1.36"
"2024/02/21","20:00","0.051","-","-"
"2024/02/21","21:00","0.407","-","-"
"2024/02/21","22:00","0.906","-","-"
"2024/02/21","23:00","1.385","-","-"
"2024/02/22","00:00","1.676","-","-"
"2024/02/22","00:48","-","-","3.15"
"2024/02/22","01:00","1.702","-","-"
"2024/02/22","02:00","1.481","-","-"
"2024/02/22","03:00","1.079","-","-"
"2024/02/22","04:00","0.593","-","-"
"2024/02/22","05:00","0.158","-","-"
"2024/02/22","06:00","-0.108","-","-"
"2024/02/22","06:48","-","-","0.97"
"2024/02/22","07:00","-0.151","-","-"
"2024/02/22","08:00","0.033","-","-"
"2024/02/22","09:00","0.429","-","-"
"2024/02/22","10:00","0.975","-","-"
"2024/02/22","11:00","1.529","-","-"
"2024/02/22","12:00","1.919","-","-"
"2024/02/22","12:54","-","-","3.33"
"2024/02/22","13:00","2.045","-","-"
"2024/02/22","14:00","1.914","-","-"
"2024/02/22","15:00","1.573","-","-"
"2024/02/22","16:00","1.088","-","-"
"2024/02/22","17:00","0.565","-","-"
"2024/02/22","18:00","0.136","-","-"
"2024/02/22","19:00","-0.109","-","-"
"2024/02/22","19:18","-","-","1.12"
"2024/02/22","20:00","-0.13","-","-"
"2024/02/22","21:00","0.095","-","-"
"2024/02/22","22:00","0.547","-","-"
"2024/02/22","23:00","1.107","-","-"
"2024/02/23","00:00","1.575","-","-"
"2024/02/23","01:00","1.797","-","-"
"2024/02/23","01:12","-","-","3.16"
"2024/02/23","02:00","1.737","-","-"
"2024/02/23","03:00","1.438","-","-"
"2024/02/23","04:00","0.971","-","-"
"2024/02/23","05:00","0.449","-","-"
"2024/02/23","06:00","0.02","-","-"
"2024/02/23","07:00","-0.205","-","-"
"2024/02/23","07:30","-","-","0.95"
"2024/02/23","08:00","-0.188","-","-"
"2024/02/23","09:00","0.07","-","-"
"2024/02/23","10:00","0.546","-","-"
"2024/02/23","11:00","1.145","-","-"
"2024/02/23","12:00","1.684","-","-"
"2024/02/23","13:00","1.998","-","-"
"2024/02/23","13:30","-","-","3.52"
"2024/02/23","14:00","2.028","-","-"
"2024/02/23","15:00","1.806","-","-"
"2024/02/23","16:00","1.386","-","-"
"2024/02/23","17:00","0.85","-","-"
"2024/02/23","18:00","0.328","-","-"
"2024/02/23","19:00","-0.048","-","-"
"2024/02/23","19:54","-","-","1.18"
"2024/02/23","20:00","-0.205","-","-"
"2024/02/23","21:00","-0.114","-","-"
"2024/02/23","22:00","0.233","-","-"
"2024/02/23","23:00","0.774","-","-"
"2024/02/24","00:00","1.344","-","-"
"2024/02/24","01:00","1.746","-","-"
"2024/02/24","01:48","-","-","3.28"
"2024/02/24","02:00","1.87","-","-"
"2024/02/24","03:00","1.715","-","-"
"2024/02/24","04:00","1.331","-","-"
"2024/02/24","05:00","0.805","-","-"
"2024/02/24","06:00","0.273","-","-"
"2024/02/24","07:00","-0.119","-","-"
"2024/02/24","08:00","-0.275","-","1.07"
"2024/02/24","09:00","-0.17","-","-"
"2024/02/24","10:00","0.187","-","-"
"2024/02/24","11:00","0.737","-","-"
"2024/02/24","12:00","1.341","-","-"
"2024/02/24","13:00","1.812","-","-"
"2024/02/24","14:00","2.022","-","-"
"2024/02/24","14:18","-","-","3.47"
"2024/02/24","15:00","1.946","-","-"
"2024/02/24","16:00","1.628","-","-"
"2024/02/24","17:00","1.135","-","-"
"2024/02/24","18:00","0.577","-","-"
"2024/02/24","19:00","0.094","-","-"
"2024/02/24","20:00","-0.194","-","-"
"2024/02/24","20:36","-","-","1.25"
"2024/02/24","21:00","-0.229","-","-"
"2024/02/24","22:00","0.002","-","-"
"2024/02/24","23:00","0.463","-","-"
"2024/02/25","00:00","1.045","-","-"
"2024/02/25","01:00","1.568","-","-"
"2024/02/25","02:00","1.872","-","-"
"2024/02/25","02:42","-","-","3.5"
"2024/02/25","03:00","1.886","-","-"
"2024/02/25","04:00","1.627","-","-"
"2024/02/25","05:00","1.164","-","-"
"2024/02/25","06:00","0.606","-","-"
"2024/02/25","07:00","0.096","-","-"
"2024/02/25","08:00","-0.229","-","-"
"2024/02/25","08:54","-","-","1.46"
"2024/02/25","09:00","-0.288","-","-"
"2024/02/25","10:00","-0.071","-","-"
"2024/02/25","11:00","0.377","-","-"
"2024/02/25","12:00","0.956","-","-"
"2024/02/25","13:00","1.511","-","-"
"2024/02/25","14:00","1.883","-","-"
"2024/02/25","14:42","-","-","3.51"
"2024/02/25","15:00","1.977","-","-"
"2024/02/25","16:00","1.791","-","-"
"2024/02/25","17:00","1.382","-","-"
"2024/02/25","18:00","0.847","-","-"
"2024/02/25","19:00","0.306","-","-"
"2024/02/25","20:00","-0.101","-","-"
"2024/02/25","21:00","-0.265","-","-"
"2024/02/25","21:12","-","-","1.05"
"2024/02/25","22:00","-0.149","-","-"
"2024/02/25","23:00","0.216","-","-"
"2024/02/26","00:00","0.745","-","-"
"2024/02/26","01:00","1.309","-","-"
"2024/02/26","02:00","1.751","-","-"
"2024/02/26","02:54","-","-","3.05"
"2024/02/26","03:00","1.941","-","-"
"2024/02/26","04:00","1.834","-","-"
"2024/02/26","05:00","1.476","-","-"
"2024/02/26","06:00","0.96","-","-"
"2024/02/26","07:00","0.403","-","-"
"2024/02/26","08:00","-0.053","-","-"
"2024/02/26","09:00","-0.28","-","-"
"2024/02/26","09:36","-","-","0.52"
"2024/02/26","10:00","-0.217","-","-"
"2024/02/26","11:00","0.105","-","-"
"2024/02/26","12:00","0.599","-","-"
"2024/02/26","13:00","1.152","-","-"
"2024/02/26","14:00","1.627","-","-"
"2024/02/26","15:00","1.888","-","-"
"2024/02/26","15:42","-","-","2.82"
"2024/02/26","16:00","1.859","-","-"
"2024/02/26","17:00","1.565","-","-"
"2024/02/26","18:00","1.095","-","-"
"2024/02/26","19:00","0.555","-","-"
"2024/02/26","20:00","0.07","-","-"
"2024/02/26","21:00","-0.222","-","-"
"2024/02/26","21:42","-","-","0.62"
"2024/02/26","22:00","-0.231","-","-"
"2024/02/26","23:00","0.033","-","-"
"2024/02/27","00:00","0.486","-","-"
"2024/02/27","01:00","1.028","-","-"
"2024/02/27","02:00","1.541","-","-"
"2024/02/27","03:00","1.882","-","-"
"2024/02/27","03:36","-","-","2.74"
"2024/02/27","04:00","1.944","-","-"
"2024/02/27","05:00","1.717","-","-"
"2024/02/27","06:00","1.283","-","-"
"2024/02/27","07:00","0.746","-","-"
"2024/02/27","08:00","0.224","-","-"
"2024/02/27","09:00","-0.144","-","-"
"2024/02/27","09:54","-","-","0.3"
"2024/02/27","10:00","-0.246","-","-"
"2024/02/27","11:00","-0.067","-","-"
"2024/02/27","12:00","0.316","-","-"
"2024/02/27","13:00","0.806","-","-"
"2024/02/27","14:00","1.305","-","-"
"2024/02/27","15:00","1.687","-","-"
"2024/02/27","16:00","1.823","-","2.42"
"2024/02/27","17:00","1.672","-","-"
"2024/02/27","18:00","1.296","-","-"
"2024/02/27","19:00","0.799","-","-"
"2024/02/27","20:00","0.291","-","-"
"2024/02/27","21:00","-0.098","-","-"
"2024/02/27","22:00","-0.241","-","-"
"2024/02/27","22:06","-","-","0.24"
"2024/02/27","23:00","-0.097","-","-"
"2024/02/28","00:00","0.269","-","-"
"2024/02/28","01:00","0.76","-","-"
"2024/02/28","02:00","1.283","-","-"
"2024/02/28","03:00","1.725","-","-"
"2024/02/28","04:00","1.949","-","-"
"2024/02/28","04:18","-","-","2.49"
"2024/02/28","05:00","1.88","-","-"
"2024/02/28","06:00","1.554","-","-"
"2024/02/28","07:00","1.075","-","-"
"2024/02/28","08:00","0.55","-","-"
"2024/02/28","09:00","0.098","-","-"
"2024/02/28","10:00","-0.152","-","-"
"2024/02/28","10:48","-","-","0.56"
"2024/02/28","11:00","-0.132","-","-"
"2024/02/28","12:00","0.12","-","-"
"2024/02/28","13:00","0.517","-","-"
"2024/02/28","14:00","0.978","-","-"
"2024/02/28","15:00","1.412","-","-"
"2024/02/28","16:00","1.687","-","-"
"2024/02/28","16:24","-","-","2.21"
"2024/02/28","17:00","1.697","-","-"
"2024/02/28","18:00","1.445","-","-"
"2024/02/28","19:00","1.019","-","-"
"2024/02/28","20:00","0.53","-","-"
"2024/02/28","21:00","0.092","-","-"
"2024/02/28","22:00","-0.168","-","-"
"2024/02/28","22:24","-","-","0.16"
"2024/02/28","23:00","-0.165","-","-"
"2024/02/29","00:00","0.088","-","-"
"2024/02/29","01:00","0.508","-","-"
"2024/02/29","02:00","1.007","-","-"
"2024/02/29","03:00","1.495","-","-"
"2024/02/29","04:00","1.849","-","-"
"2024/02/29","04:24","-","-","2.23"
"2024/02/29","05:00","1.95","-","-"
"2024/02/29","06:00","1.766","-","-"
"2024/02/29","07:00","1.373","-","-"
"2024/02/29","08:00","0.883","-","-"
"2024/02/29","09:00","0.405","-","-"
"2024/02/29","10:00","0.053","-","-"
"2024/02/29","11:00","-0.082","-","-"
"2024/02/29","11:06","-","-","0.54"
"2024/02/29","12:00","0.017","-","-"
"2024/02/29","13:00","0.297","-","-"
"2024/02/29","14:00","0.686","-","-"
"2024/02/29","15:00","1.111","-","-"
"2024/02/29","16:00","1.468","-","-"
"2024/02/29","17:00","1.633","-","1.96"
"2024/02/29","18:00","1.535","-","-"
"2024/02/29","19:00","1.213","-","-"
"2024/02/29","20:00","0.771","-","-"
"2024/02/29","21:00","0.327","-","-"
"2024/02/29","22:00","-0.01","-","-"
"2024/02/29","23:00","-0.145","-","-"
"2024/02/29","23:30","-","-","-0.32"
"2024/03/01","00:00","-0.04","-","-"
"2024/03/01","01:00","0.273","-","-"
"2024/03/01","02:00","0.717","-","-"
"2024/03/01","03:00","1.211","-","-"
"2024/03/01","04:00","1.648","-","-"
"2024/03/01","05:00","1.907","-","-"
"2024/03/01","05:48","-","-","1.68"
"2024/03/01","06:00","1.9","-","-"
"2024/03/01","07:00","1.634","-","-"
"2024/03/01","08:00","1.207","-","-"
"2024/03/01","09:00","0.741","-","-"
"2024/03/01","10:00","0.341","-","-"
"2024/03/01","11:00","0.085","-","-"
"2024/03/01","11:30","-","-","0.03"
"2024/03/01","12:00","0.022","-","-"
"2024/03/01","13:00","0.154","-","-"
"2024/03/01","14:00","0.439","-","-"
"2024/03/01","15:00","0.814","-","-"
"2024/03/01","16:00","1.196","-","-"
"2024/03/01","17:00","1.476","-","-"
"2024/03/01","17:54","-","-","1.79"
"2024/03/01","18:00","1.548","-","-"
"2024/03/01","19:00","1.373","-","-"
"2024/03/01","20:00","1.015","-","-"
"2024/03/01","21:00","0.593","-","-"
"2024/03/01","22:00","0.221","-","-"
"2024/03/01","23:00","-0.02","-","-"
"2024/03/01","23:18","-","-","0.01"
"2024/03/02","00:00","-0.075","-","-"
"2024/03/02","01:00","0.08","-","-"
"2024/03/02","02:00","0.423","-","-"
"2024/03/02","03:00","0.88","-","-"
"2024/03/02","04:00","1.354","-","-"
"2024/03/02","05:00","1.735","-","-"
"2024/03/02","06:00","1.915","-","-"
"2024/03/02","06:24","-","-","2.26"
"2024/03/02","07:00","1.83","-","-"
"2024/03/02","08:00","1.517","-","-"
"2024/03/02","09:00","1.096","-","-"
"2024/03/02","10:00","0.685","-","-"
"2024/03/02","11:00","0.357","-","-"
"2024/03/02","12:00","0.152","-","-"
"2024/03/02","12:24","-","-","1"
"2024/03/02","13:00","0.111","-","-"
"2024/03/02","14:00","0.25","-","-"
"2024/03/02","15:00","0.535","-","-"
"2024/03/02","16:00","0.891","-","-"
"2024/03/02","17:00","1.231","-","-"
"2024/03/02","18:00","1.452","-","-"
"2024/03/02","18:36","-","-","1.94"
"2024/03/02","19:00","1.463","-","-"
"2024/03/02","20:00","1.246","-","-"
"2024/03/02","21:00","0.889","-","-"
"2024/03/02","22:00","0.518","-","-"
"2024/03/02","23:00","0.214","-","-"
"2024/03/03","00:00","0.02","-","-"
"2024/03/03","00:30","-","-","0.77"
"2024/03/03","01:00","-0.01","-","-"
"2024/03/03","02:00","0.165","-","-"
"2024/03/03","03:00","0.522","-","-"
"2024/03/03","04:00","0.978","-","-"
"2024/03/03","05:00","1.428","-","-"
"2024/03/03","06:00","1.77","-","-"
"2024/03/03","07:00","1.901","-","-"
"2024/03/03","07:06","-","-","2.68"
"2024/03/03","08:00","1.776","-","-"
"2024/03/03","09:00","1.458","-","-"
"2024/03/03","10:00","1.075","-","-"
"2024/03/03","11:00","0.715","-","-"
"2024/03/03","12:00","0.411","-","-"
"2024/03/03","13:00","0.203","-","-"
"2024/03/03","13:48","-","-","0.65"
"2024/03/03","14:00","0.156","-","-"
"2024/03/03","15:00","0.295","-","-"
"2024/03/03","16:00","0.573","-","-"
"2024/03/03","17:00","0.913","-","-"
"2024/03/03","18:00","1.231","-","-"
"2024/03/03","19:00","1.426","-","-"
"2024/03/03","19:36","-","-","2.02"
"2024/03/03","20:00","1.41","-","-"
"2024/03/03","21:00","1.192","-","-"
"2024/03/03","22:00","0.871","-","-"
"2024/03/03","23:00","0.546","-","-"
"2024/03/04","00:00","0.26","-","-"
"2024/03/04","01:00","0.058","-","-"
"2024/03/04","01:18","-","-","0.72"
"2024/03/04","02:00","0.021","-","-"
"2024/03/04","03:00","0.198","-","-"
"2024/03/04","04:00","0.556","-","-"
"2024/03/04","05:00","1.005","-","-"
"2024/03/04","06:00","1.449","-","-"
"2024/03/04","07:00","1.781","-","-"
"2024/03/04","07:42","-","-","2.66"
"2024/03/04","08:00","1.898","-","-"
"2024/03/04","09:00","1.776","-","-"
"2024/03/04","10:00","1.492","-","-"
"2024/03/04","11:00","1.147","-","-"
"2024/03/04","12:00","0.79","-","-"
"2024/03/04","13:00","0.454","-","-"
"2024/03/04","14:00","0.213","-","-"
"2024/03/04","14:42","-","-","0.8"
"2024/03/04","15:00","0.15","-","-"
"2024/03/04","16:00","0.278","-","-"
"2024/03/04","17:00","0.55","-","-"
"2024/03/04","18:00","0.895","-","-"
"2024/03/04","19:00","1.225","-","-"
"2024/03/04","20:00","1.427","-","-"
"2024/03/04","20:36","-","-","2.26"
"2024/03/04","21:00","1.426","-","-"
"2024/03/04","22:00","1.243","-","-"
"2024/03/04","23:00","0.959","-","-"
"2024/03/05","00:00","0.633","-","-"
"2024/03/05","01:00","0.308","-","-"
"2024/03/05","02:00","0.065","-","-"
"2024/03/05","02:36","-","-","1.58"
"2024/03/05","03:00","0.004","-","-"
"2024/03/05","04:00","0.168","-","-"
"2024/03/05","05:00","0.519","-","-"
"2024/03/05","06:00","0.976","-","-"
"2024/03/05","07:00","1.441","-","-"
"2024/03/05","08:00","1.796","-","-"
"2024/03/05","08:18","-","-","3.49"
"2024/03/05","09:00","1.943","-","-"
"2024/03/05","10:00","1.863","-","-"
"2024/03/05","11:00","1.615","-","-"
"2024/03/05","12:00","1.265","-","-"
"2024/03/05","13:00","0.856","-","-"
"2024/03/05","14:00","0.458","-","-"
"2024/03/05","15:00","0.173","-","-"
"2024/03/05","15:48","-","-","1.28"
"2024/03/05","16:00","0.083","-","-"
"2024/03/05","17:00","0.201","-","-"
"2024/03/05","18:00","0.487","-","-"
"2024/03/05","19:00","0.868","-","-"
"2024/03/05","20:00","1.242","-","-"
"2024/03/05","21:00","1.491","-","-"
"2024/03/05","21:18","-","-","2.61"
"2024/03/05","22:00","1.541","-","-"
"2024/03/05","23:00","1.396","-","-"
"2024/03/06","00:00","1.105","-","-"
"2024/03/06","01:00","0.725","-","-"
"2024/03/06","02:00","0.331","-","-"
"2024/03/06","03:00","0.032","-","-"
"2024/03/06","04:00","-0.067","-","-"
"2024/03/06","04:06","-","-","1.07"
"2024/03/06","05:00","0.076","-","-"
"2024/03/06","06:00","0.431","-","-"
"2024/03/06","07:00","0.919","-","-"
"2024/03/06","08:00","1.434","-","-"
"2024/03/06","09:00","1.85","-","-"
"2024/03/06","10:00","2.062","-","-"
"2024/03/06","10:12","-","-","3.28"
"2024/03/06","11:00","2.029","-","-"
"2024/03/06","12:00","1.779","-","-"
"2024/03/06","13:00","1.372","-","-"
"2024/03/06","14:00","0.884","-","-"
"2024/03/06","15:00","0.414","-","-"
"2024/03/06","16:00","0.077","-","-"
"2024/03/06","16:42","-","-","1.59"
"2024/03/06","17:00","-0.039","-","-"
"2024/03/06","18:00","0.089","-","-"
"2024/03/06","19:00","0.417","-","-"
"2024/03/06","20:00","0.864","-","-"
"2024/03/06","21:00","1.317","-","-"
"2024/03/06","22:00","1.647","-","-"
"2024/03/06","23:00","1.75","-","-"
"2024/03/06","23:12","-","-","2.92"
"2024/03/07","00:00","1.603","-","-"
"2024/03/07","01:00","1.256","-","-"
"2024/03/07","02:00","0.794","-","-"
"2024/03/07","03:00","0.32","-","-"
"2024/03/07","04:00","-0.046","-","-"
"2024/03/07","05:00","-0.189","-","-"
"2024/03/07","05:12","-","-","1.25"
"2024/03/07","06:00","-0.057","-","-"
"2024/03/07","07:00","0.322","-","-"
"2024/03/07","08:00","0.864","-","-"
"2024/03/07","09:00","1.458","-","-"
"2024/03/07","10:00","1.965","-","-"
"2024/03/07","11:00","2.244","-","-"
"2024/03/07","11:36","-","-","3.33"
"2024/03/07","12:00","2.219","-","-"
"2024/03/07","13:00","1.919","-","-"
"2024/03/07","14:00","1.432","-","-"
"2024/03/07","15:00","0.858","-","-"
"2024/03/07","16:00","0.314","-","-"
"2024/03/07","17:00","-0.069","-","-"
"2024/03/07","17:30","-","-","1.06"
"2024/03/07","18:00","-0.188","-","-"
"2024/03/07","19:00","-0.023","-","-"
"2024/03/07","20:00","0.375","-","-"
"2024/03/07","21:00","0.92","-","-"
"2024/03/07","22:00","1.482","-","-"
"2024/03/07","23:00","1.889","-","-"
"2024/03/07","23:54","-","-","3.15"
"2024/03/08","00:00","2.004","-","-"
"2024/03/08","01:00","1.808","-","-"
"2024/03/08","02:00","1.381","-","-"
"2024/03/08","03:00","0.831","-","-"
"2024/03/08","04:00","0.27","-","-"
"2024/03/08","05:00","-0.162","-","-"
"2024/03/08","06:00","-0.335","-","-"
"2024/03/08","06:12","-","-","0.74"
"2024/03/08","07:00","-0.195","-","-"
"2024/03/08","08:00","0.224","-","-"
"2024/03/08","09:00","0.843","-","-"
"2024/03/08","10:00","1.539","-","-"
"2024/03/08","11:00","2.13","-","-"
"2024/03/08","12:00","2.432","-","-"
"2024/03/08","12:18","-","-","3.7"
"2024/03/08","13:00","2.369","-","-"
"2024/03/08","14:00","1.998","-","-"
"2024/03/08","15:00","1.429","-","-"
"2024/03/08","16:00","0.772","-","-"
"2024/03/08","17:00","0.164","-","-"
"2024/03/08","18:00","-0.236","-","-"
"2024/03/08","18:54","-","-","1.19"
"2024/03/08","19:00","-0.327","-","-"
"2024/03/08","20:00","-0.098","-","-"
"2024/03/08","21:00","0.399","-","-"
"2024/03/08","22:00","1.067","-","-"
"2024/03/08","23:00","1.728","-","-"
"2024/03/09","00:00","2.166","-","-"
"2024/03/09","00:36","-","-","3.75"
"2024/03/09","01:00","2.244","-","-"
"2024/03/09","02:00","1.978","-","-"
"2024/03/09","03:00","1.468","-","-"
"2024/03/09","04:00","0.828","-","-"
"2024/03/09","05:00","0.187","-","-"
"2024/03/09","06:00","-0.29","-","-"
"2024/03/09","07:00","-0.471","-","-"
"2024/03/09","07:06","-","-","1.22"
"2024/03/09","08:00","-0.307","-","-"
"2024/03/09","09:00","0.171","-","-"
"2024/03/09","10:00","0.884","-","-"
"2024/03/09","11:00","1.668","-","-"
"2024/03/09","12:00","2.293","-","-"
"2024/03/09","13:00","2.566","-","-"
"2024/03/09","13:18","-","-","4.53"
"2024/03/09","14:00","2.442","-","-"
"2024/03/09","15:00","2.001","-","-"
"2024/03/09","16:00","1.353","-","-"
"2024/03/09","17:00","0.628","-","-"
"2024/03/09","18:00","-0.007","-","-"
"2024/03/09","19:00","-0.388","-","-"
"2024/03/09","19:30","-","-","1.51"
"2024/03/09","20:00","-0.422","-","-"
"2024/03/09","21:00","-0.101","-","-"
"2024/03/09","22:00","0.517","-","-"
"2024/03/09","23:00","1.294","-","-"
"2024/03/10","00:00","2.004","-","-"
"2024/03/10","01:00","2.419","-","-"
"2024/03/10","01:30","-","-","4.15"
"2024/03/10","02:00","2.436","-","-"
"2024/03/10","03:00","2.097","-","-"
"2024/03/10","04:00","1.506","-","-"
"2024/03/10","05:00","0.787","-","-"
"2024/03/10","06:00","0.096","-","-"
"2024/03/10","07:00","-0.397","-","-"
"2024/03/10","08:00","-0.564","-","-"
"2024/03/10","08:12","-","-","1.39"
"2024/03/10","09:00","-0.358","-","-"
"2024/03/10","10:00","0.194","-","-"
"2024/03/10","11:00","0.982","-","-"
"2024/03/10","12:00","1.8","-","-"
"2024/03/10","13:00","2.401","-","-"
"2024/03/10","14:00","2.618","-","-"
"2024/03/10","14:06","-","-","4.64"
"2024/03/10","15:00","2.43","-","-"
"2024/03/10","16:00","1.92","-","-"
"2024/03/10","17:00","1.21","-","-"
"2024/03/10","18:00","0.455","-","-"
"2024/03/10","19:00","-0.166","-","-"
"2024/03/10","20:00","-0.494","-","-"
"2024/03/10","20:18","-","-","1.39"
"2024/03/10","21:00","-0.44","-","-"
"2024/03/10","22:00","-0.006","-","-"
"2024/03/10","23:00","0.719","-","-"
"2024/03/11","00:00","1.551","-","-"
"2024/03/11","01:00","2.25","-","-"
"2024/03/11","01:48","-","-","3.64"
"2024/03/11","02:00","2.612","-","-"
"2024/03/11","03:00","2.562","-","-"
"2024/03/11","04:00","2.15","-","-"
"2024/03/11","05:00","1.492","-","-"
"2024/03/11","06:00","0.728","-","-"
"2024/03/11","07:00","0.023","-","-"
"2024/03/11","08:00","-0.457","-","-"
"2024/03/11","09:00","-0.585","-","-"
"2024/03/11","09:12","-","-","0.29"
"2024/03/11","10:00","-0.319","-","-"
"2024/03/11","11:00","0.29","-","-"
"2024/03/11","12:00","1.099","-","-"
"2024/03/11","13:00","1.889","-","-"
"2024/03/11","14:00","2.433","-","-"
"2024/03/11","15:00","2.584","-","2.64"
"2024/03/11","16:00","2.331","-","-"
"2024/03/11","17:00","1.765","-","-"
"2024/03/11","18:00","1.029","-","-"
"2024/03/11","19:00","0.287","-","-"
"2024/03/11","20:00","-0.283","-","-"
"2024/03/11","21:00","-0.522","-","-"
"2024/03/11","21:24","-","-","-0.14"
"2024/03/11","22:00","-0.358","-","-"
"2024/03/11","23:00","0.177","-","-"
"2024/03/12","00:00","0.954","-","-"
"2024/03/12","01:00","1.78","-","-"
"2024/03/12","02:00","2.432","-","-"
"2024/03/12","03:00","2.728","-","-"
"2024/03/12","03:06","-","-","2.52"
"2024/03/12","04:00","2.606","-","-"
"2024/03/12","05:00","2.134","-","-"
"2024/03/12","06:00","1.441","-","-"
"2024/03/12","07:00","0.672","-","-"
"2024/03/12","08:00","-0.012","-","-"
"2024/03/12","09:00","-0.444","-","-"
"2024/03/12","09:42","-","-","-0.56"
"2024/03/12","10:00","-0.51","-","-"
"2024/03/12","11:00","-0.195","-","-"
"2024/03/12","12:00","0.421","-","-"
"2024/03/12","13:00","1.194","-","-"
"2024/03/12","14:00","1.923","-","-"
"2024/03/12","15:00","2.396","-","-"
"2024/03/12","15:48","-","-","2.32"
"2024/03/12","16:00","2.472","-","-"
"2024/03/12","17:00","2.159","-","-"
"2024/03/12","18:00","1.568","-","-"
"2024/03/12","19:00","0.846","-","-"
"2024/03/12","20:00","0.154","-","-"
"2024/03/12","21:00","-0.327","-","-"
"2024/03/12","22:00","-0.452","-","-0.32"
"2024/03/12","23:00","-0.188","-","-"
"2024/03/13","00:00","0.394","-","-"
"2024/03/13","01:00","1.164","-","-"
"2024/03/13","02:00","1.947","-","-"
"2024/03/13","03:00","2.534","-","-"
"2024/03/13","04:00","2.752","-","2.89"
"2024/03/13","05:00","2.564","-","-"
"2024/03/13","06:00","2.06","-","-"
"2024/03/13","07:00","1.372","-","-"
"2024/03/13","08:00","0.637","-","-"
"2024/03/13","09:00","0.013","-","-"
"2024/03/13","10:00","-0.341","-","-"
"2024/03/13","10:30","-","-","0.08"
"2024/03/13","11:00","-0.348","-","-"
"2024/03/13","12:00","-0.028","-","-"
"2024/03/13","13:00","0.546","-","-"
"2024/03/13","14:00","1.254","-","-"
"2024/03/13","15:00","1.908","-","-"
"2024/03/13","16:00","2.296","-","-"
"2024/03/13","16:36","-","-","2.81"
"2024/03/13","17:00","2.298","-","-"
"2024/03/13","18:00","1.949","-","-"
"2024/03/13","19:00","1.367","-","-"
"2024/03/13","20:00","0.692","-","-"
"2024/03/13","21:00","0.087","-","-"
"2024/03/13","22:00","-0.276","-","-"
"2024/03/13","22:30","-","-","0.3"
"2024/03/13","23:00","-0.295","-","-"
"2024/03/14","00:00","0.019","-","-"
"2024/03/14","01:00","0.593","-","-"
"2024/03/14","02:00","1.321","-","-"
"2024/03/14","03:00","2.041","-","-"
"2024/03/14","04:00","2.545","-","-"
"2024/03/14","04:54","-","-","3.42"
"2024/03/14","05:00","2.683","-","-"
"2024/03/14","06:00","2.452","-","-"
"2024/03/14","07:00","1.951","-","-"
"2024/03/14","08:00","1.303","-","-"
"2024/03/14","09:00","0.64","-","-"
"2024/03/14","10:00","0.112","-","-"
"2024/03/14","11:00","-0.163","-","-"
"2024/03/14","11:30","-","-","0.76"
"2024/03/14","12:00","-0.149","-","-"
"2024/03/14","13:00","0.136","-","-"
"2024/03/14","14:00","0.648","-","-"
"2024/03/14","15:00","1.283","-","-"
"2024/03/14","16:00","1.85","-","-"
"2024/03/14","17:00","2.149","-","-"
"2024/03/14","17:24","-","-","3.12"
"2024/03/14","18:00","2.096","-","-"
"2024/03/14","19:00","1.74","-","-"
"2024/03/14","20:00","1.195","-","-"
"2024/03/14","21:00","0.6","-","-"
"2024/03/14","22:00","0.109","-","-"
"2024/03/14","23:00","-0.143","-","-"
"2024/03/14","23:18","-","-","0.91"
"2024/03/15","00:00","-0.103","-","-"
"2024/03/15","01:00","0.209","-","-"
"2024/03/15","02:00","0.745","-","-"
"2024/03/15","03:00","1.414","-","-"
"2024/03/15","04:00","2.054","-","-"
"2024/03/15","05:00","2.467","-","-"
"2024/03/15","05:42","-","-","3.44"
"2024/03/15","06:00","2.542","-","-"
"2024/03/15","07:00","2.297","-","-"
"2024/03/15","08:00","1.831","-","-"
"2024/03/15","09:00","1.259","-","-"
"2024/03/15","10:00","0.701","-","-"
"2024/03/15","11:00","0.269","-","-"
"2024/03/15","12:00","0.039","-","-"
"2024/03/15","12:12","-","-","0.97"
"2024/03/15","13:00","0.038","-","-"
"2024/03/15","14:00","0.274","-","-"
"2024/03/15","15:00","0.725","-","-"
"2024/03/15","16:00","1.282","-","-"
"2024/03/15","17:00","1.759","-","-"
"2024/03/15","18:00","1.984","-","-"
"2024/03/15","18:24","-","-","2.9"
"2024/03/15","19:00","1.9","-","-"
"2024/03/15","20:00","1.563","-","-"
"2024/03/15","21:00","1.085","-","-"
"2024/03/15","22:00","0.594","-","-"
"2024/03/15","23:00","0.21","-","-"
"2024/03/16","00:00","0.022","-","0.84"
"2024/03/16","01:00","0.071","-","-"
"2024/03/16","02:00","0.356","-","-"
"2024/03/16","03:00","0.842","-","-"
"2024/03/16","04:00","1.439","-","-"
"2024/03/16","05:00","1.99","-","-"
"2024/03/16","06:00","2.326","-","-"
"2024/03/16","06:42","-","-","3.62"
"2024/03/16","07:00","2.363","-","-"
"2024/03/16","08:00","2.132","-","-"
"2024/03/16","09:00","1.732","-","-"
"2024/03/16","10:00","1.263","-","-"
"2024/03/16","11:00","0.807","-","-"
"2024/03/16","12:00","0.434","-","-"
"2024/03/16","13:00","0.211","-","-"
"2024/03/16","13:30","-","-","1.29"
"2024/03/16","14:00","0.184","-","-"
"2024/03/16","15:00","0.379","-","-"
"2024/03/16","16:00","0.77","-","-"
"2024/03/16","17:00","1.252","-","-"
"2024/03/16","18:00","1.655","-","-"
"2024/03/16","18:48","-","-","2.94"
"2024/03/16","19:00","1.832","-","-"
"2024/03/16","20:00","1.743","-","-"
"2024/03/16","21:00","1.452","-","-"
"2024/03/16","22:00","1.063","-","-"
"2024/03/16","23:00","0.664","-","-"
"2024/03/17","00:00","0.339","-","-"
"2024/03/17","01:00","0.167","-","-"
"2024/03/17","01:18","-","-","1.21"
"2024/03/17","02:00","0.201","-","-"
"2024/03/17","03:00","0.451","-","-"
"2024/03/17","04:00","0.88","-","-"
"2024/03/17","05:00","1.402","-","-"
"2024/03/17","06:00","1.878","-","-"
"2024/03/17","07:00","2.16","-","-"
"2024/03/17","07:30","-","-","3.12"
"2024/03/17","08:00","2.184","-","-"
"2024/03/17","09:00","1.997","-","-"
"2024/03/17","10:00","1.686","-","-"
"2024/03/17","11:00","1.31","-","-"
"2024/03/17","12:00","0.911","-","-"
"2024/03/17","13:00","0.555","-","-"
"2024/03/17","14:00","0.325","-","-"
"2024/03/17","14:12","-","-","1.55"
"2024/03/17","15:00","0.28","-","-"
"2024/03/17","16:00","0.44","-","-"
"2024/03/17","17:00","0.781","-","-"
"2024/03/17","18:00","1.209","-","-"
"2024/03/17","19:00","1.566","-","-"
"2024/03/17","20:00","1.72","-","3.01"
"2024/03/17","21:00","1.653","-","-"
"2024/03/17","22:00","1.43","-","-"
"2024/03/17","23:00","1.116","-","-"
"2024/03/18","00:00","0.761","-","-"
"2024/03/18","01:00","0.444","-","-"
"2024/03/18","02:00","0.263","-","-"
"2024/03/18","02:36","-","-","1.46"
"2024/03/18","03:00","0.278","-","-"
"2024/03/18","04:00","0.489","-","-"
"2024/03/18","05:00","0.864","-","-"
"2024/03/18","06:00","1.329","-","-"
"2024/03/18","07:00","1.755","-","-"
"2024/03/18","08:00","2.009","-","-"
"2024/03/18","09:00","2.05","-","-"
"2024/03/18","09:42","-","-","3.58"
"2024/03/18","10:00","1.928","-","-"
"2024/03/18","11:00","1.692","-","-"
"2024/03/18","12:00","1.357","-","-"
"2024/03/18","13:00","0.964","-","-"
"2024/03/18","14:00","0.606","-","-"
"2024/03/18","15:00","0.375","-","-"
"2024/03/18","15:30","-","-","1.53"
"2024/03/18","16:00","0.318","-","-"
"2024/03/18","17:00","0.456","-","-"
"2024/03/18","18:00","0.774","-","-"
"2024/03/18","19:00","1.178","-","-"
"2024/03/18","20:00","1.514","-","-"
"2024/03/18","20:48","-","-","2.86"
"2024/03/18","21:00","1.676","-","-"
"2024/03/18","22:00","1.655","-","-"
"2024/03/18","23:00","1.486","-","-"
"2024/03/19","00:00","1.194","-","-"
"2024/03/19","01:00","0.828","-","-"
"2024/03/19","02:00","0.495","-","-"
"2024/03/19","03:00","0.303","-","1.49"
"2024/03/19","04:00","0.297","-","-"
"2024/03/19","05:00","0.476","-","-"
"2024/03/19","06:00","0.818","-","-"
"2024/03/19","07:00","1.255","-","-"
"2024/03/19","08:00","1.658","-","-"
"2024/03/19","09:00","1.915","-","-"
"2024/03/19","10:00","1.996","-","-"
"2024/03/19","11:00","1.925","-","2.68"
"2024/03/19","12:00","1.708","-","-"
"2024/03/19","13:00","1.358","-","-"
"2024/03/19","14:00","0.947","-","-"
"2024/03/19","15:00","0.586","-","-"
"2024/03/19","16:00","0.357","-","-"
"2024/03/19","16:12","-","-","1.1"
"2024/03/19","17:00","0.302","-","-"
"2024/03/19","18:00","0.447","-","-"
"2024/03/19","19:00","0.774","-","-"
"2024/03/19","20:00","1.182","-","-"
"2024/03/19","21:00","1.528","-","-"
"2024/03/19","22:00","1.721","-","-"
"2024/03/19","22:12","-","-","2.3"
"2024/03/19","23:00","1.733","-","-"
"2024/03/20","00:00","1.566","-","-"
"2024/03/20","01:00","1.241","-","-"
"2024/03/20","02:00","0.838","-","-"
"2024/03/20","03:00","0.485","-","-"
"2024/03/20","04:00","0.28","-","-"
"2024/03/20","04:48","-","-","0.38"
"2024/03/20","05:00","0.261","-","-"
"2024/03/20","06:00","0.433","-","-"
"2024/03/20","07:00","0.775","-","-"
"2024/03/20","08:00","1.213","-","-"
"2024/03/20","09:00","1.624","-","-"
"2024/03/20","10:00","1.907","-","-"
"2024/03/20","11:00","2.018","-","-"
"2024/03/20","11:18","-","-","2.44"
"2024/03/20","12:00","1.944","-","-"
"2024/03/20","13:00","1.686","-","-"
"2024/03/20","14:00","1.291","-","-"
"2024/03/20","15:00","0.858","-","-"
"2024/03/20","16:00","0.496","-","-"
"2024/03/20","17:00","0.282","-","-"
"2024/03/20","17:12","-","-","0.68"
"2024/03/20","18:00","0.258","-","-"
"2024/03/20","19:00","0.445","-","-"
"2024/03/20","20:00","0.81","-","-"
"2024/03/20","21:00","1.251","-","-"
"2024/03/20","22:00","1.63","-","-"
"2024/03/20","23:00","1.842","-","-"
"2024/03/21","00:00","1.836","-","-"
"2024/03/21","00:06","-","-","2.22"
"2024/03/21","01:00","1.615","-","-"
"2024/03/21","02:00","1.228","-","-"
"2024/03/21","03:00","0.785","-","-"
"2024/03/21","04:00","0.412","-","-"
"2024/03/21","05:00","0.204","-","-"
"2024/03/21","06:00","0.197","-","-"
"2024/03/21","07:00","0.393","-","-"
"2024/03/21","07:12","-","-","1.6"
"2024/03/21","08:00","0.764","-","-"
"2024/03/21","09:00","1.232","-","-"
"2024/03/21","10:00","1.676","-","-"
"2024/03/21","11:00","1.977","-","-"
"2024/03/21","11:36","-","-","3.21"
"2024/03/21","12:00","2.065","-","-"
"2024/03/21","13:00","1.929","-","-"
"2024/03/21","14:00","1.602","-","-"
"2024/03/21","15:00","1.157","-","-"
"2024/03/21","16:00","0.703","-","-"
"2024/03/21","17:00","0.354","-","-"
"2024/03/21","18:00","0.183","-","-"
"2024/03/21","18:30","-","-","0.81"
"2024/03/21","19:00","0.224","-","-"
"2024/03/21","20:00","0.481","-","-"
"2024/03/21","21:00","0.912","-","-"
"2024/03/21","22:00","1.406","-","-"
"2024/03/21","23:00","1.805","-","-"
"2024/03/21","23:54","-","-","2.51"
"2024/03/22","00:00","1.985","-","-"
"2024/03/22","01:00","1.906","-","-"
"2024/03/22","02:00","1.602","-","-"
"2024/03/22","03:00","1.15","-","-"
"2024/03/22","04:00","0.667","-","-"
"2024/03/22","05:00","0.287","-","-"
"2024/03/22","06:00","0.101","-","-"
"2024/03/22","06:12","-","-","0.57"
"2024/03/22","07:00","0.137","-","-"
"2024/03/22","08:00","0.385","-","-"
"2024/03/22","09:00","0.813","-","-"
"2024/03/22","10:00","1.335","-","-"
"2024/03/22","11:00","1.8","-","-"
"2024/03/22","12:00","2.067","-","-"
"2024/03/22","12:54","-","-","2.7"
"2024/03/22","13:00","2.078","-","-"
"2024/03/22","14:00","1.854","-","-"
"2024/03/22","15:00","1.452","-","-"
"2024/03/22","16:00","0.96","-","-"
"2024/03/22","17:00","0.502","-","-"
"2024/03/22","18:00","0.196","-","-"
"2024/03/22","19:00","0.103","-","0.64"
"2024/03/22","20:00","0.236","-","-"
"2024/03/22","21:00","0.589","-","-"
"2024/03/22","22:00","1.105","-","-"
"2024/03/22","23:00","1.636","-","-"
"2024/03/23","00:00","2","-","-"
"2024/03/23","00:48","-","-","2.55"
"2024/03/23","01:00","2.092","-","-"
"2024/03/23","02:00","1.913","-","-"
"2024/03/23","03:00","1.522","-","-"
"2024/03/23","04:00","1.008","-","-"
"2024/03/23","05:00","0.5","-","-"
"2024/03/23","06:00","0.139","-","-"
"2024/03/23","06:54","-","-","0.56"
"2024/03/23","07:00","0.006","-","-"
"2024/03/23","08:00","0.11","-","-"
"2024/03/23","09:00","0.436","-","-"
"2024/03/23","10:00","0.941","-","-"
"2024/03/23","11:00","1.503","-","-"
"2024/03/23","12:00","1.939","-","-"
"2024/03/23","13:00","2.119","-","-"
"2024/03/23","13:18","-","-","3.1"
"2024/03/23","14:00","2.026","-","-"
"2024/03/23","15:00","1.711","-","-"
"2024/03/23","16:00","1.24","-","-"
"2024/03/23","17:00","0.719","-","-"
"2024/03/23","18:00","0.291","-","-"
"2024/03/23","18:54","-","-","0.83"
"2024/03/23","19:00","0.064","-","-"
"2024/03/23","20:00","0.076","-","-"
"2024/03/23","21:00","0.326","-","-"
"2024/03/23","22:00","0.792","-","-"
"2024/03/23","23:00","1.374","-","-"
"2024/03/24","00:00","1.885","-","-"
"2024/03/24","01:00","2.157","-","-"
"2024/03/24","01:48","-","-","3.02"
"2024/03/24","02:00","2.133","-","-"
"2024/03/24","03:00","1.85","-","-"
"2024/03/24","04:00","1.377","-","-"
"2024/03/24","05:00","0.816","-","-"
"2024/03/24","06:00","0.314","-","-"
"2024/03/24","07:00","0.006","-","-"
"2024/03/24","08:00","-0.05","-","1.29"
"2024/03/24","09:00","0.145","-","-"
"2024/03/24","10:00","0.567","-","-"
"2024/03/24","11:00","1.135","-","-"
"2024/03/24","12:00","1.684","-","-"
"2024/03/24","13:00","2.034","-","-"
"2024/03/24","13:54","-","-","3.52"
"2024/03/24","14:00","2.101","-","-"
"2024/03/24","15:00","1.905","-","-"
"2024/03/24","16:00","1.503","-","-"
"2024/03/24","17:00","0.981","-","-"
"2024/03/24","18:00","0.469","-","-"
"2024/03/24","19:00","0.11","-","-"
"2024/03/24","20:00","-0.008","-","-"
"2024/03/24","20:12","-","-","1.07"
"2024/03/24","21:00","0.134","-","-"
"2024/03/24","22:00","0.518","-","-"
"2024/03/24","23:00","1.077","-","-"
"2024/03/25","00:00","1.665","-","-"
"2024/03/25","01:00","2.095","-","-"
"2024/03/25","02:00","2.245","-","-"
"2024/03/25","02:24","-","-","3.33"
"2024/03/25","03:00","2.102","-","-"
"2024/03/25","04:00","1.719","-","-"
"2024/03/25","05:00","1.179","-","-"
"2024/03/25","06:00","0.604","-","-"
"2024/03/25","07:00","0.145","-","-"
"2024/03/25","08:00","-0.083","-","-"
"2024/03/25","08:18","-","-","1.55"
"2024/03/25","09:00","-0.038","-","-"
"2024/03/25","10:00","0.266","-","-"
"2024/03/25","11:00","0.769","-","-"
"2024/03/25","12:00","1.345","-","-"
"2024/03/25","13:00","1.823","-","-"
"2024/03/25","14:00","2.061","-","-"
"2024/03/25","14:36","-","-","3.79"
"2024/03/25","15:00","2.013","-","-"
"2024/03/25","16:00","1.716","-","-"
"2024/03/25","17:00","1.246","-","-"
"2024/03/25","18:00","0.71","-","-"
"2024/03/25","19:00","0.249","-","-"
"2024/03/25","20:00","-0.009","-","-"
"2024/03/25","20:18","-","-","1.75"
"2024/03/25","21:00","0.008","-","-"
"2024/03/25","22:00","0.295","-","-"
"2024/03/25","23:00","0.793","-","-"
"2024/03/26","00:00","1.388","-","-"
"2024/03/26","01:00","1.92","-","-"
"2024/03/26","02:00","2.237","-","-"
"2024/03/26","02:36","-","-","4.26"
"2024/03/26","03:00","2.258","-","-"
"2024/03/26","04:00","1.997","-","-"
"2024/03/26","05:00","1.529","-","-"
"2024/03/26","06:00","0.956","-","-"
"2024/03/26","07:00","0.407","-","-"
"2024/03/26","08:00","0.021","-","-"
"2024/03/26","08:42","-","-","2.04"
"2024/03/26","09:00","-0.101","-","-"
"2024/03/26","10:00","0.063","-","-"
"2024/03/26","11:00","0.462","-","-"
"2024/03/26","12:00","0.993","-","-"
"2024/03/26","13:00","1.523","-","-"
"2024/03/26","14:00","1.902","-","-"
"2024/03/26","15:00","2.02","-","-"
"2024/03/26","15:12","-","-","4.15"
"2024/03/26","16:00","1.859","-","-"
"2024/03/26","17:00","1.476","-","-"
"2024/03/26","18:00","0.972","-","-"
"2024/03/26","19:00","0.463","-","-"
"2024/03/26","20:00","0.085","-","-"
"2024/03/26","20:48","-","-","2.14"
"2024/03/26","21:00","-0.042","-","-"
"2024/03/26","22:00","0.126","-","-"
"2024/03/26","23:00","0.542","-","-"
"2024/03/27","00:00","1.098","-","-"
"2024/03/27","01:00","1.667","-","-"
"2024/03/27","02:00","2.11","-","-"
"2024/03/27","03:00","2.304","-","-"
"2024/03/27","03:06","-","-","4.47"
"2024/03/27","04:00","2.195","-","-"
"2024/03/27","05:00","1.83","-","-"
"2024/03/27","06:00","1.308","-","-"
"2024/03/27","07:00","0.741","-","-"
"2024/03/27","08:00","0.25","-","-"
"2024/03/27","09:00","-0.034","-","-"
"2024/03/27","09:36","-","-","2.12"
"2024/03/27","10:00","-0.029","-","-"
"2024/03/27","11:00","0.242","-","-"
"2024/03/27","12:00","0.686","-","-"
"2024/03/27","13:00","1.195","-","-"
"2024/03/27","14:00","1.651","-","-"
"2024/03/27","15:00","1.923","-","-"
"2024/03/27","15:30","-","-","4.15"
"2024/03/27","16:00","1.921","-","-"
"2024/03/27","17:00","1.656","-","-"
"2024/03/27","18:00","1.219","-","-"
"2024/03/27","19:00","0.717","-","-"
"2024/03/27","20:00","0.268","-","-"
"2024/03/27","21:00","0.003","-","-"
"2024/03/27","21:18","-","-","1.93"
"2024/03/27","22:00","0.024","-","-"
"2024/03/27","23:00","0.328","-","-"
"2024/03/28","00:00","0.817","-","-"
"2024/03/28","01:00","1.374","-","-"
"2024/03/28","02:00","1.887","-","-"
"2024/03/28","03:00","2.23","-","-"
"2024/03/28","03:18","-","-","4.02"
"2024/03/28","04:00","2.296","-","-"
"2024/03/28","05:00","2.067","-","-"
"2024/03/28","06:00","1.628","-","-"
"2024/03/28","07:00","1.09","-","-"
"2024/03/28","08:00","0.56","-","-"
"2024/03/28","09:00","0.157","-","-"
"2024/03/28","09:36","-","-","1.67"
"2024/03/28","10:00","-0.002","-","-"
"2024/03/28","11:00","0.118","-","-"
"2024/03/28","12:00","0.449","-","-"
"2024/03/28","13:00","0.891","-","-"
"2024/03/28","14:00","1.356","-","-"
"2024/03/28","15:00","1.733","-","-"
"2024/03/28","16:00","1.895","-","-"
"2024/03/28","16:18","-","-","3.58"
"2024/03/28","17:00","1.78","-","-"
"2024/03/28","18:00","1.438","-","-"
"2024/03/28","19:00","0.98","-","-"
"2024/03/28","20:00","0.51","-","-"
"2024/03/28","21:00","0.148","-","-"
"2024/03/28","21:30","-","-","1.3"
"2024/03/28","22:00","0.015","-","-"
"2024/03/28","23:00","0.17","-","-"
"2024/03/29","00:00","0.556","-","-"
"2024/03/29","01:00","1.064","-","-"
"2024/03/29","02:00","1.594","-","-"
"2024/03/29","03:00","2.042","-","-"
"2024/03/29","04:00","2.28","-","-"
"2024/03/29","04:36","-","-","3.3"
"2024/03/29","05:00","2.225","-","-"
"2024/03/29","06:00","1.904","-","-"
"2024/03/29","07:00","1.426","-","-"
"2024/03/29","08:00","0.903","-","-"
"2024/03/29","09:00","0.439","-","-"
"2024/03/29","10:00","0.146","-","-"
"2024/03/29","10:48","-","-","1.14"
"2024/03/29","11:00","0.102","-","-"
"2024/03/29","12:00","0.291","-","-"
"2024/03/29","13:00","0.636","-","-"
"2024/03/29","14:00","1.058","-","-"
"2024/03/29","15:00","1.477","-","-"
"2024/03/29","16:00","1.772","-","-"
"2024/03/29","16:36","-","-","2.63"
"2024/03/29","17:00","1.829","-","-"
"2024/03/29","18:00","1.626","-","-"
"2024/03/29","19:00","1.24","-","-"
"2024/03/29","20:00","0.788","-","-"
"2024/03/29","21:00","0.377","-","-"
"2024/03/29","22:00","0.12","-","-"
"2024/03/29","22:18","-","-","0.91"
"2024/03/29","23:00","0.105","-","-"
"2024/03/30","00:00","0.339","-","-"
"2024/03/30","01:00","0.753","-","-"
"2024/03/30","02:00","1.255","-","-"
"2024/03/30","03:00","1.753","-","-"
"2024/03/30","04:00","2.132","-","-"
"2024/03/30","04:42","-","-","3.26"
"2024/03/30","05:00","2.27","-","-"
"2024/03/30","06:00","2.12","-","-"
"2024/03/30","07:00","1.744","-","-"
"2024/03/30","08:00","1.258","-","-"
"2024/03/30","09:00","0.777","-","-"
"2024/03/30","10:00","0.4","-","-"
"2024/03/30","11:00","0.205","-","-"
"2024/03/30","11:30","-","-","1"
"2024/03/30","12:00","0.226","-","-"
"2024/03/30","13:00","0.437","-","-"
"2024/03/30","14:00","0.779","-","-"
"2024/03/30","15:00","1.183","-","-"
"2024/03/30","16:00","1.556","-","-"
"2024/03/30","17:00","1.776","-","-"
"2024/03/30","17:24","-","-","2.64"
"2024/03/30","18:00","1.752","-","-"
"2024/03/30","19:00","1.492","-","-"
"2024/03/30","20:00","1.091","-","-"
"2024/03/30","21:00","0.67","-","-"
"2024/03/30","22:00","0.336","-","-"
"2024/03/30","23:00","0.169","-","-"
"2024/03/30","23:12","-","-","0.82"
"2024/03/31","00:00","0.216","-","-"
"2024/03/31","01:00","0.476","-","-"
"2024/03/31","02:00","0.893","-","-"
"2024/03/31","03:00","1.384","-","-"
"2024/03/31","04:00","1.848","-","-"
"2024/03/31","05:00","2.163","-","-"
"2024/03/31","05:30","-","-","2.73"
"2024/03/31","06:00","2.227","-","-"
"2024/03/31","07:00","2.019","-","-"
"2024/03/31","08:00","1.618","-","-"
"2024/03/31","09:00","1.155","-","-"
"2024/03/31","10:00","0.737","-","-"
"2024/03/31","11:00","0.431","-","-"
"2024/03/31","12:00","0.283","-","-"
"2024/03/31","12:06","-","-","0.55"
"2024/03/31","13:00","0.32","-","-"
"2024/03/31","14:00","0.533","-","-"
"2024/03/31","15:00","0.873","-","-"
"2024/03/31","16:00","1.263","-","-"
"2024/03/31","17:00","1.599","-","-"
"2024/03/31","18:00","1.766","-","-"
"2024/03/31","18:24","-","-","2.24"
"2024/03/31","19:00","1.693","-","-"
"2024/03/31","20:00","1.406","-","-"
"2024/03/31","21:00","1.018","-","-"
"2024/03/31","22:00","0.65","-","-"
"2024/03/31","23:00","0.375","-","-"
"2024/04/01","00:00","0.242","-","-"
"2024/04/01","00:06","-","-","0.66"
"2024/04/01","01:00","0.297","-","-"
"2024/04/01","02:00","0.554","-","-"
"2024/04/01","03:00","0.967","-","-"
"2024/04/01","04:00","1.446","-","-"
"2024/04/01","05:00","1.882","-","-"
"2024/04/01","06:00","2.159","-","-"
"2024/04/01","06:30","-","-","2.86"
"2024/04/01","07:00","2.184","-","-"
"2024/04/01","08:00","1.951","-","-"
"2024/04/01","09:00","1.561","-","-"
"2024/04/01","10:00","1.143","-","-"
"2024/04/01","11:00","0.773","-","-"
"2024/04/01","12:00","0.486","-","-"
"2024/04/01","13:00","0.332","-","-"
"2024/04/01","13:12","-","-","1.19"
"2024/04/01","14:00","0.362","-","-"
"2024/04/01","15:00","0.576","-","-"
"2024/04/01","16:00","0.917","-","-"
"2024/04/01","17:00","1.301","-","-"
"2024/04/01","18:00","1.624","-","-"
"2024/04/01","19:00","1.772","-","-"
"2024/04/01","19:42","-","-","2.84"
"2024/04/01","20:00","1.68","-","-"
"2024/04/01","21:00","1.398","-","-"
"2024/04/01","22:00","1.047","-","-"
"2024/04/01","23:00","0.715","-","-"
"2024/04/02","00:00","0.445","-","-"
"2024/04/02","00:36","-","-","1.72"
"2024/04/02","01:00","0.289","-","-"
"2024/04/02","02:00","0.322","-","-"
"2024/04/02","03:00","0.568","-","-"
"2024/04/02","04:00","0.973","-","-"
"2024/04/02","05:00","1.444","-","-"
"2024/04/02","06:00","1.876","-","-"
"2024/04/02","07:00","2.148","-","-"
"2024/04/02","07:12","-","-","3.42"
"2024/04/02","08:00","2.167","-","-"
"2024/04/02","09:00","1.947","-","-"
"2024/04/02","10:00","1.595","-","-"
"2024/04/02","11:00","1.211","-","-"
"2024/04/02","12:00","0.836","-","-"
"2024/04/02","13:00","0.514","-","-"
"2024/04/02","14:00","0.329","-","-"
"2024/04/02","14:12","-","-","1.55"
"2024/04/02","15:00","0.349","-","-"
"2024/04/02","16:00","0.565","-","-"
"2024/04/02","17:00","0.916","-","-"
"2024/04/02","18:00","1.319","-","-"
"2024/04/02","19:00","1.661","-","-"
"2024/04/02","20:00","1.818","-","-"
"2024/04/02","20:36","-","-","2.95"
"2024/04/02","21:00","1.741","-","-"
"2024/04/02","22:00","1.492","-","-"
"2024/04/02","23:00","1.166","-","-"
"2024/04/03","00:00","0.818","-","-"
"2024/04/03","01:00","0.494","-","-"
"2024/04/03","01:42","-","-","1.9"
"2024/04/03","02:00","0.287","-","-"
"2024/04/03","03:00","0.288","-","-"
"2024/04/03","04:00","0.515","-","-"
"2024/04/03","05:00","0.914","-","-"
"2024/04/03","06:00","1.398","-","-"
"2024/04/03","07:00","1.856","-","-"
"2024/04/03","08:00","2.152","-","-"
"2024/04/03","08:30","-","-","3.72"
"2024/04/03","09:00","2.202","-","-"
"2024/04/03","10:00","2.024","-","-"
"2024/04/03","11:00","1.705","-","-"
"2024/04/03","12:00","1.306","-","-"
"2024/04/03","13:00","0.873","-","-"
"2024/04/03","14:00","0.492","-","-"
"2024/04/03","15:00","0.274","-","-"
"2024/04/03","16:00","0.284","-","1.96"
"2024/04/03","17:00","0.51","-","-"
"2024/04/03","18:00","0.895","-","-"
"2024/04/03","19:00","1.348","-","-"
"2024/04/03","20:00","1.735","-","-"
"2024/04/03","21:00","1.932","-","-"
"2024/04/03","21:12","-","-","3.47"
"2024/04/03","22:00","1.898","-","-"
"2024/04/03","23:00","1.674","-","-"
"2024/04/04","00:00","1.326","-","-"
"2024/04/04","01:00","0.907","-","-"
"2024/04/04","02:00","0.503","-","-"
"2024/04/04","03:00","0.235","-","-"
"2024/04/04","03:54","-","-","2.22"
"2024/04/04","04:00","0.197","-","-"
"2024/04/04","05:00","0.406","-","-"
"2024/04/04","06:00","0.814","-","-"
"2024/04/04","07:00","1.336","-","-"
"2024/04/04","08:00","1.843","-","-"
"2024/04/04","09:00","2.195","-","-"
"2024/04/04","10:00","2.303","-","-"
"2024/04/04","10:54","-","-","4.26"
"2024/04/04","11:00","2.166","-","-"
"2024/04/04","12:00","1.833","-","-"
"2024/04/04","13:00","1.37","-","-"
"2024/04/04","14:00","0.859","-","-"
"2024/04/04","15:00","0.419","-","-"
"2024/04/04","16:00","0.171","-","-"
"2024/04/04","16:12","-","-","2.09"
"2024/04/04","17:00","0.181","-","-"
"2024/04/04","18:00","0.441","-","-"
"2024/04/04","19:00","0.888","-","-"
"2024/04/04","20:00","1.413","-","-"
"2024/04/04","21:00","1.872","-","-"
"2024/04/04","22:00","2.134","-","-"
"2024/04/04","22:18","-","-","3.63"
"2024/04/04","23:00","2.136","-","-"
"2024/04/05","00:00","1.893","-","-"
"2024/04/05","01:00","1.471","-","-"
"2024/04/05","02:00","0.958","-","-"
"2024/04/05","03:00","0.47","-","-"
"2024/04/05","04:00","0.138","-","-"
"2024/04/05","05:00","0.062","-","1.5"
"2024/04/05","06:00","0.266","-","-"
"2024/04/05","07:00","0.705","-","-"
"2024/04/05","08:00","1.281","-","-"
"2024/04/05","09:00","1.862","-","-"
"2024/04/05","10:00","2.291","-","-"
"2024/04/05","11:00","2.452","-","3.88"
"2024/04/05","12:00","2.311","-","-"
"2024/04/05","13:00","1.92","-","-"
"2024/04/05","14:00","1.375","-","-"
"2024/04/05","15:00","0.789","-","-"
"2024/04/05","16:00","0.3","-","-"
"2024/04/05","17:00","0.037","-","-"
"2024/04/05","17:18","-","-","1.18"
"2024/04/05","18:00","0.073","-","-"
"2024/04/05","19:00","0.393","-","-"
"2024/04/05","20:00","0.921","-","-"
"2024/04/05","21:00","1.54","-","-"
"2024/04/05","22:00","2.089","-","-"
"2024/04/05","23:00","2.405","-","-"
"2024/04/05","23:18","-","-","3.29"
"2024/04/06","00:00","2.397","-","-"
"2024/04/06","01:00","2.089","-","-"
"2024/04/06","02:00","1.574","-","-"
"2024/04/06","03:00","0.968","-","-"
"2024/04/06","04:00","0.399","-","-"
"2024/04/06","05:00","0.012","-","-"
"2024/04/06","05:54","-","-","1.11"
"2024/04/06","06:00","-0.085","-","-"
"2024/04/06","07:00","0.133","-","-"
"2024/04/06","08:00","0.614","-","-"
"2024/04/06","09:00","1.263","-","-"
"2024/04/06","10:00","1.931","-","-"
"2024/04/06","11:00","2.424","-","-"
"2024/04/06","11:54","-","-","3.17"
"2024/04/06","12:00","2.59","-","-"
"2024/04/06","13:00","2.401","-","-"
"2024/04/06","14:00","1.937","-","-"
"2024/04/06","15:00","1.317","-","-"
"2024/04/06","16:00","0.671","-","-"
"2024/04/06","17:00","0.151","-","-"
"2024/04/06","18:00","-0.096","-","-"
"2024/04/06","18:12","-","-","0.69"
"2024/04/06","19:00","-0.007","-","-"
"2024/04/06","20:00","0.391","-","-"
"2024/04/06","21:00","1.019","-","-"
"2024/04/06","22:00","1.743","-","-"
"2024/04/06","23:00","2.365","-","-"
"2024/04/07","00:00","2.684","-","-"
"2024/04/07","00:24","-","-","3.17"
"2024/04/07","01:00","2.619","-","-"
"2024/04/07","02:00","2.228","-","-"
"2024/04/07","03:00","1.627","-","-"
"2024/04/07","04:00","0.937","-","-"
"2024/04/07","05:00","0.303","-","-"
"2024/04/07","06:00","-0.114","-","-"
"2024/04/07","06:42","-","-","0.32"
"2024/04/07","07:00","-0.208","-","-"
"2024/04/07","08:00","0.036","-","-"
"2024/04/07","09:00","0.573","-","-"
"2024/04/07","10:00","1.304","-","-"
"2024/04/07","11:00","2.039","-","-"
"2024/04/07","12:00","2.544","-","-"
"2024/04/07","12:48","-","-","3.49"
"2024/04/07","13:00","2.666","-","-"
"2024/04/07","14:00","2.411","-","-"
"2024/04/07","15:00","1.882","-","-"
"2024/04/07","16:00","1.203","-","-"
"2024/04/07","17:00","0.519","-","-"
"2024/04/07","18:00","0.006","-","-"
"2024/04/07","19:00","-0.193","-","0.82"
"2024/04/07","20:00","-0.033","-","-"
"2024/04/07","21:00","0.458","-","-"
"2024/04/07","22:00","1.193","-","-"
"2024/04/07","23:00","1.999","-","-"
"2024/04/08","00:00","2.636","-","-"
"2024/04/08","01:00","2.906","-","-"
"2024/04/08","01:06","-","-","3.87"
"2024/04/08","02:00","2.766","-","-"
"2024/04/08","03:00","2.3","-","-"
"2024/04/08","04:00","1.626","-","-"
"2024/04/08","05:00","0.874","-","-"
"2024/04/08","06:00","0.209","-","-"
"2024/04/08","07:00","-0.208","-","-"
"2024/04/08","07:42","-","-","0.66"
"2024/04/08","08:00","-0.281","-","-"
"2024/04/08","09:00","0.005","-","-"
"2024/04/08","10:00","0.608","-","-"
"2024/04/08","11:00","1.397","-","-"
"2024/04/08","12:00","2.143","-","-"
"2024/04/08","13:00","2.604","-","-"
"2024/04/08","13:42","-","-","3.76"
"2024/04/08","14:00","2.662","-","-"
"2024/04/08","15:00","2.348","-","-"
"2024/04/08","16:00","1.766","-","-"
"2024/04/08","17:00","1.05","-","-"
"2024/04/08","18:00","0.367","-","-"
"2024/04/08","19:00","-0.102","-","-"
"2024/04/08","20:00","-0.232","-","0.85"
"2024/04/08","21:00","0.016","-","-"
"2024/04/08","22:00","0.606","-","-"
"2024/04/08","23:00","1.42","-","-"
"2024/04/09","00:00","2.247","-","-"
"2024/04/09","01:00","2.839","-","-"
"2024/04/09","01:54","-","-","4.06"
"2024/04/09","02:00","3.036","-","-"
"2024/04/09","03:00","2.826","-","-"
"2024/04/09","04:00","2.298","-","-"
"2024/04/09","05:00","1.574","-","-"
"2024/04/09","06:00","0.8","-","-"
"2024/04/09","07:00","0.143","-","-"
"2024/04/09","08:00","-0.247","-","-"
"2024/04/09","08:36","-","-","0.66"
"2024/04/09","09:00","-0.279","-","-"
"2024/04/09","10:00","0.062","-","-"
"2024/04/09","11:00","0.711","-","-"
"2024/04/09","12:00","1.504","-","-"
"2024/04/09","13:00","2.203","-","-"
"2024/04/09","14:00","2.595","-","-"
"2024/04/09","14:36","-","-","3.77"
"2024/04/09","15:00","2.589","-","-"
"2024/04/09","16:00","2.222","-","-"
"2024/04/09","17:00","1.607","-","-"
"2024/04/09","18:00","0.891","-","-"
"2024/04/09","19:00","0.248","-","-"
"2024/04/09","20:00","-0.153","-","-"
"2024/04/09","20:36","-","-","0.76"
"2024/04/09","21:00","-0.195","-","-"
"2024/04/09","22:00","0.147","-","-"
"2024/04/09","23:00","0.81","-","-"
"2024/04/10","00:00","1.642","-","-"
"2024/04/10","01:00","2.426","-","-"
"2024/04/10","02:00","2.945","-","-"
"2024/04/10","02:36","-","-","4"
"2024/04/10","03:00","3.067","-","-"
"2024/04/10","04:00","2.795","-","-"
"2024/04/10","05:00","2.226","-","-"
"2024/04/10","06:00","1.491","-","-"
"2024/04/10","07:00","0.737","-","-"
"2024/04/10","08:00","0.12","-","-"
"2024/04/10","09:00","-0.214","-","-"
"2024/04/10","09:36","-","-","0.63"
"2024/04/10","10:00","-0.185","-","-"
"2024/04/10","11:00","0.198","-","-"
"2024/04/10","12:00","0.843","-","-"
"2024/04/10","13:00","1.586","-","-"
"2024/04/10","14:00","2.212","-","-"
"2024/04/10","15:00","2.53","-","-"
"2024/04/10","15:12","-","-","3.37"
"2024/04/10","16:00","2.462","-","-"
"2024/04/10","17:00","2.057","-","-"
"2024/04/10","18:00","1.439","-","-"
"2024/04/10","19:00","0.759","-","-"
"2024/04/10","20:00","0.182","-","-"
"2024/04/10","21:00","-0.128","-","-"
"2024/04/10","21:24","-","-","0.61"
"2024/04/10","22:00","-0.073","-","-"
"2024/04/10","23:00","0.34","-","-"
"2024/04/11","00:00","1.016","-","-"
"2024/04/11","01:00","1.804","-","-"
"2024/04/11","02:00","2.514","-","-"
"2024/04/11","03:00","2.951","-","-"
"2024/04/11","03:36","-","-","4"
"2024/04/11","04:00","3","-","-"
"2024/04/11","05:00","2.682","-","-"
"2024/04/11","06:00","2.105","-","-"
"2024/04/11","07:00","1.399","-","-"
"2024/04/11","08:00","0.698","-","-"
"2024/04/11","09:00","0.155","-","-"
"2024/04/11","10:00","-0.099","-","-"
"2024/04/11","10:06","-","-","0.86"
"2024/04/11","11:00","-0.017","-","-"
"2024/04/11","12:00","0.366","-","-"
"2024/04/11","13:00","0.962","-","-"
"2024/04/11","14:00","1.634","-","-"
"2024/04/11","15:00","2.182","-","-"
"2024/04/11","16:00","2.424","-","-"
"2024/04/11","16:18","-","-","3.66"
"2024/04/11","17:00","2.301","-","-"
"2024/04/11","18:00","1.882","-","-"
"2024/04/11","19:00","1.293","-","-"
"2024/04/11","20:00","0.673","-","-"
"2024/04/11","21:00","0.185","-","-"
"2024/04/11","22:00","-0.022","-","-"
"2024/04/11","22:24","-","-","1.06"
"2024/04/11","23:00","0.112","-","-"
"2024/04/12","00:00","0.541","-","-"
"2024/04/12","01:00","1.174","-","-"
"2024/04/12","02:00","1.89","-","-"
"2024/04/12","03:00","2.516","-","-"
"2024/04/12","04:00","2.867","-","-"
"2024/04/12","04:12","-","-","4.13"
"2024/04/12","05:00","2.85","-","-"
"2024/04/12","06:00","2.512","-","-"
"2024/04/12","07:00","1.963","-","-"
"2024/04/12","08:00","1.315","-","-"
"2024/04/12","09:00","0.698","-","-"
"2024/04/12","10:00","0.254","-","-"
"2024/04/12","11:00","0.076","-","-"
"2024/04/12","12:00","0.175","-","1.16"
"2024/04/12","13:00","0.519","-","-"
"2024/04/12","14:00","1.055","-","-"
"2024/04/12","15:00","1.655","-","-"
"2024/04/12","16:00","2.122","-","-"
"2024/04/12","17:00","2.292","-","-"
"2024/04/12","17:48","-","-","2.79"
"2024/04/12","18:00","2.134","-","-"
"2024/04/12","19:00","1.728","-","-"
"2024/04/12","20:00","1.188","-","-"
"2024/04/12","21:00","0.649","-","-"
"2024/04/12","22:00","0.265","-","-"
"2024/04/12","23:00","0.146","-","-"
"2024/04/12","23:24","-","-","0.99"
"2024/04/13","00:00","0.307","-","-"
"2024/04/13","01:00","0.701","-","-"
"2024/04/13","02:00","1.269","-","-"
"2024/04/13","03:00","1.907","-","-"
"2024/04/13","04:00","2.444","-","-"
"2024/04/13","05:00","2.711","-","-"
"2024/04/13","05:12","-","-","3.54"
"2024/04/13","06:00","2.65","-","-"
"2024/04/13","07:00","2.321","-","-"
"2024/04/13","08:00","1.822","-","-"
"2024/04/13","09:00","1.257","-","-"
"2024/04/13","10:00","0.746","-","-"
"2024/04/13","11:00","0.397","-","-"
"2024/04/13","11:30","-","-","0.69"
"2024/04/13","12:00","0.26","-","-"
"2024/04/13","13:00","0.341","-","-"
"2024/04/13","14:00","0.642","-","-"
"2024/04/13","15:00","1.123","-","-"
"2024/04/13","16:00","1.654","-","-"
"2024/04/13","17:00","2.043","-","-"
"2024/04/13","18:00","2.158","-","-"
"2024/04/13","18:06","-","-","2.39"
"2024/04/13","19:00","1.989","-","-"
"2024/04/13","20:00","1.613","-","-"
"2024/04/13","21:00","1.139","-","-"
"2024/04/13","22:00","0.695","-","-"
"2024/04/13","23:00","0.4","-","-"
"2024/04/13","23:36","-","-","0.79"
"2024/04/14","00:00","0.321","-","-"
"2024/04/14","01:00","0.463","-","-"
"2024/04/14","02:00","0.806","-","-"
"2024/04/14","03:00","1.309","-","-"
"2024/04/14","04:00","1.868","-","-"
"2024/04/14","05:00","2.318","-","-"
"2024/04/14","06:00","2.519","-","2.88"
"2024/04/14","07:00","2.439","-","-"
"2024/04/14","08:00","2.138","-","-"
"2024/04/14","09:00","1.708","-","-"
"2024/04/14","10:00","1.243","-","-"
"2024/04/14","11:00","0.829","-","-"
"2024/04/14","12:00","0.534","-","-"
"2024/04/14","12:48","-","-","0.53"
"2024/04/14","13:00","0.401","-","-"
"2024/04/14","14:00","0.462","-","-"
"2024/04/14","15:00","0.733","-","-"
"2024/04/14","16:00","1.168","-","-"
"2024/04/14","17:00","1.635","-","-"
"2024/04/14","18:00","1.963","-","-"
"2024/04/14","18:30","-","-","2.11"
"2024/04/14","19:00","2.045","-","-"
"2024/04/14","20:00","1.881","-","-"
"2024/04/14","21:00","1.552","-","-"
"2024/04/14","22:00","1.157","-","-"
"2024/04/14","23:00","0.792","-","-"
"2024/04/15","00:00","0.539","-","-"
"2024/04/15","00:48","-","-","0.34"
"2024/04/15","01:00","0.454","-","-"
"2024/04/15","02:00","0.563","-","-"
"2024/04/15","03:00","0.861","-","-"
"2024/04/15","04:00","1.304","-","-"
"2024/04/15","05:00","1.789","-","-"
"2024/04/15","06:00","2.17","-","-"
"2024/04/15","07:00","2.33","-","-"
"2024/04/15","07:06","-","-","2.34"
"2024/04/15","08:00","2.248","-","-"
"2024/04/15","09:00","1.993","-","-"
"2024/04/15","10:00","1.645","-","-"
"2024/04/15","11:00","1.263","-","-"
"2024/04/15","12:00","0.898","-","-"
"2024/04/15","13:00","0.618","-","-"
"2024/04/15","14:00","0.484","-","0.81"
"2024/04/15","15:00","0.54","-","-"
"2024/04/15","16:00","0.792","-","-"
"2024/04/15","17:00","1.192","-","-"
"2024/04/15","18:00","1.615","-","-"
"2024/04/15","19:00","1.904","-","-"
"2024/04/15","19:36","-","-","2.45"
"2024/04/15","20:00","1.969","-","-"
"2024/04/15","21:00","1.829","-","-"
"2024/04/15","22:00","1.558","-","-"
"2024/04/15","23:00","1.224","-","-"
"2024/04/16","00:00","0.888","-","-"
"2024/04/16","01:00","0.63","-","-"
"2024/04/16","02:00","0.526","-","-"
"2024/04/16","02:48","-","-","1.05"
"2024/04/16","03:00","0.61","-","-"
"2024/04/16","04:00","0.871","-","-"
"2024/04/16","05:00","1.265","-","-"
"2024/04/16","06:00","1.699","-","-"
"2024/04/16","07:00","2.035","-","-"
"2024/04/16","08:00","2.172","-","-"
"2024/04/16","08:18","-","-","2.79"
"2024/04/16","09:00","2.11","-","-"
"2024/04/16","10:00","1.912","-","-"
"2024/04/16","11:00","1.625","-","-"
"2024/04/16","12:00","1.273","-","-"
"2024/04/16","13:00","0.913","-","-"
"2024/04/16","14:00","0.636","-","-"
"2024/04/16","14:42","-","-","1.29"
"2024/04/16","15:00","0.514","-","-"
"2024/04/16","16:00","0.577","-","-"
"2024/04/16","17:00","0.826","-","-"
"2024/04/16","18:00","1.214","-","-"
"2024/04/16","19:00","1.616","-","-"
"2024/04/16","20:00","1.883","-","-"
"2024/04/16","20:48","-","-","2.75"
"2024/04/16","21:00","1.95","-","-"
"2024/04/16","22:00","1.846","-","-"
"2024/04/16","23:00","1.615","-","-"
"2024/04/17","00:00","1.289","-","-"
"2024/04/17","01:00","0.933","-","-"
"2024/04/17","02:00","0.655","-","-"
"2024/04/17","03:00","0.54","-","1.12"
"2024/04/17","04:00","0.608","-","-"
"2024/04/17","05:00","0.846","-","-"
"2024/04/17","06:00","1.216","-","-"
"2024/04/17","07:00","1.625","-","-"
"2024/04/17","08:00","1.938","-","-"
"2024/04/17","09:00","2.074","-","-"
"2024/04/17","09:18","-","-","2.84"
"2024/04/17","10:00","2.044","-","-"
"2024/04/17","11:00","1.884","-","-"
"2024/04/17","12:00","1.603","-","-"
"2024/04/17","13:00","1.232","-","-"
"2024/04/17","14:00","0.861","-","-"
"2024/04/17","15:00","0.599","-","-"
"2024/04/17","15:42","-","-","1.33"
"2024/04/17","16:00","0.5","-","-"
"2024/04/17","17:00","0.586","-","-"
"2024/04/17","18:00","0.858","-","-"
"2024/04/17","19:00","1.258","-","-"
"2024/04/17","20:00","1.655","-","-"
"2024/04/17","21:00","1.919","-","-"
"2024/04/17","21:48","-","-","2.82"
"2024/04/17","22:00","2.003","-","-"
"2024/04/17","23:00","1.917","-","-"
"2024/04/18","00:00","1.671","-","-"
"2024/04/18","01:00","1.302","-","-"
"2024/04/18","02:00","0.909","-","-"
"2024/04/18","03:00","0.618","-","-"
"2024/04/18","03:30","-","-","1.12"
"2024/04/18","04:00","0.5","-","-"
"2024/04/18","05:00","0.566","-","-"
"2024/04/18","06:00","0.807","-","-"
"2024/04/18","07:00","1.181","-","-"
"2024/04/18","08:00","1.586","-","-"
"2024/04/18","09:00","1.898","-","-"
"2024/04/18","10:00","2.052","-","-"
"2024/04/18","10:30","-","-","2.96"
"2024/04/18","11:00","2.039","-","-"
"2024/04/18","12:00","1.863","-","-"
"2024/04/18","13:00","1.537","-","-"
"2024/04/18","14:00","1.128","-","-"
"2024/04/18","15:00","0.756","-","-"
"2024/04/18","16:00","0.518","-","-"
"2024/04/18","16:12","-","-","1.42"
"2024/04/18","17:00","0.459","-","-"
"2024/04/18","18:00","0.595","-","-"
"2024/04/18","19:00","0.914","-","-"
"2024/04/18","20:00","1.343","-","-"
"2024/04/18","21:00","1.752","-","-"
"2024/04/18","22:00","2.027","-","-"
"2024/04/18","23:00","2.111","-","-"
"2024/04/18","23:06","-","-","3.37"
"2024/04/19","00:00","1.99","-","-"
"2024/04/19","01:00","1.678","-","-"
"2024/04/19","02:00","1.248","-","-"
"2024/04/19","03:00","0.824","-","-"
"2024/04/19","04:00","0.528","-","-"
"2024/04/19","05:00","0.419","-","2.22"
"2024/04/19","06:00","0.508","-","-"
"2024/04/19","07:00","0.779","-","-"
"2024/04/19","08:00","1.179","-","-"
"2024/04/19","09:00","1.601","-","-"
"2024/04/19","10:00","1.931","-","-"
"2024/04/19","11:00","2.087","-","-"
"2024/04/19","11:12","-","-","3.83"
"2024/04/19","12:00","2.042","-","-"
"2024/04/19","13:00","1.8","-","-"
"2024/04/19","14:00","1.41","-","-"
"2024/04/19","15:00","0.973","-","-"
"2024/04/19","16:00","0.612","-","-"
"2024/04/19","17:00","0.416","-","-"
"2024/04/19","17:42","-","-","2.18"
"2024/04/19","18:00","0.422","-","-"
"2024/04/19","19:00","0.633","-","-"
"2024/04/19","20:00","1.015","-","-"
"2024/04/19","21:00","1.488","-","-"
"2024/04/19","22:00","1.921","-","-"
"2024/04/19","23:00","2.188","-","-"
"2024/04/19","23:42","-","-","3.94"
"2024/04/20","00:00","2.221","-","-"
"2024/04/20","01:00","2.014","-","-"
"2024/04/20","02:00","1.618","-","-"
"2024/04/20","03:00","1.133","-","-"
"2024/04/20","04:00","0.688","-","-"
"2024/04/20","05:00","0.4","-","-"
"2024/04/20","05:36","-","-","1.97"
"2024/04/20","06:00","0.326","-","-"
"2024/04/20","07:00","0.463","-","-"
"2024/04/20","08:00","0.784","-","-"
"2024/04/20","09:00","1.227","-","-"
"2024/04/20","10:00","1.683","-","-"
"2024/04/20","11:00","2.015","-","-"
"2024/04/20","11:48","-","-","3.58"
"2024/04/20","12:00","2.128","-","-"
"2024/04/20","13:00","2.002","-","-"
"2024/04/20","14:00","1.678","-","-"
"2024/04/20","15:00","1.234","-","-"
"2024/04/20","16:00","0.783","-","-"
"2024/04/20","17:00","0.452","-","-"
"2024/04/20","18:00","0.326","-","-"
"2024/04/20","18:12","-","-","1.56"
"2024/04/20","19:00","0.422","-","-"
"2024/04/20","20:00","0.722","-","-"
"2024/04/20","21:00","1.181","-","-"
"2024/04/20","22:00","1.705","-","-"
"2024/04/20","23:00","2.14","-","-"
"2024/04/21","00:00","2.347","-","3.48"
"2024/04/21","01:00","2.279","-","-"
"2024/04/21","02:00","1.97","-","-"
"2024/04/21","03:00","1.497","-","-"
"2024/04/21","04:00","0.967","-","-"
"2024/04/21","05:00","0.519","-","-"
"2024/04/21","06:00","0.267","-","-"
"2024/04/21","06:24","-","-","1.24"
"2024/04/21","07:00","0.251","-","-"
"2024/04/21","08:00","0.454","-","-"
"2024/04/21","09:00","0.841","-","-"
"2024/04/21","10:00","1.342","-","-"
"2024/04/21","11:00","1.814","-","-"
"2024/04/21","12:00","2.1","-","-"
"2024/04/21","12:30","-","-","3.75"
"2024/04/21","13:00","2.121","-","-"
"2024/04/21","14:00","1.9","-","-"
"2024/04/21","15:00","1.504","-","-"
"2024/04/21","16:00","1.021","-","-"
"2024/04/21","17:00","0.579","-","-"
"2024/04/21","18:00","0.309","-","-"
"2024/04/21","18:30","-","-","1.51"
"2024/04/21","19:00","0.278","-","-"
"2024/04/21","20:00","0.479","-","-"
"2024/04/21","21:00","0.879","-","-"
"2024/04/21","22:00","1.42","-","-"
"2024/04/21","23:00","1.97","-","-"
"2024/04/22","00:00","2.351","-","-"
"2024/04/22","00:42","-","-","3.5"
"2024/04/22","01:00","2.449","-","-"
"2024/04/22","02:00","2.263","-","-"
"2024/04/22","03:00","1.86","-","-"
"2024/04/22","04:00","1.323","-","-"
"2024/04/22","05:00","0.771","-","-"
"2024/04/22","06:00","0.35","-","-"
"2024/04/22","07:00","0.161","-","-"
"2024/04/22","07:12","-","-","1.31"
"2024/04/22","08:00","0.22","-","-"
"2024/04/22","09:00","0.504","-","-"
"2024/04/22","10:00","0.969","-","-"
"2024/04/22","11:00","1.508","-","-"
"2024/04/22","12:00","1.945","-","-"
"2024/04/22","13:00","2.137","-","-"
"2024/04/22","13:12","-","-","3.58"
"2024/04/22","14:00","2.052","-","-"
"2024/04/22","15:00","1.745","-","-"
"2024/04/22","16:00","1.291","-","-"
"2024/04/22","17:00","0.793","-","-"
"2024/04/22","18:00","0.393","-","-"
"2024/04/22","19:00","0.213","-","-"
"2024/04/22","19:24","-","-","1.14"
"2024/04/22","20:00","0.292","-","-"
"2024/04/22","21:00","0.608","-","-"
"2024/04/22","22:00","1.111","-","-"
"2024/04/22","23:00","1.707","-","-"
"2024/04/23","00:00","2.225","-","-"
"2024/04/23","01:00","2.5","-","-"
"2024/04/23","01:12","-","-","3.32"
"2024/04/23","02:00","2.471","-","-"
"2024/04/23","03:00","2.177","-","-"
"2024/04/23","04:00","1.694","-","-"
"2024/04/23","05:00","1.115","-","-"
"2024/04/23","06:00","0.575","-","-"
"2024/04/23","07:00","0.212","-","-"
"2024/04/23","07:54","-","-","0.73"
"2024/04/23","08:00","0.104","-","-"
"2024/04/23","09:00","0.255","-","-"
"2024/04/23","10:00","0.63","-","-"
"2024/04/23","11:00","1.155","-","-"
"2024/04/23","12:00","1.68","-","-"
"2024/04/23","13:00","2.032","-","-"
"2024/04/23","13:54","-","-","2.94"
"2024/04/23","14:00","2.113","-","-"
"2024/04/23","15:00","1.93","-","-"
"2024/04/23","16:00","1.551","-","-"
"2024/04/23","17:00","1.061","-","-"
"2024/04/23","18:00","0.582","-","-"
"2024/04/23","19:00","0.255","-","-"
"2024/04/23","19:36","-","-","1.03"
"2024/04/23","20:00","0.181","-","-"
"2024/04/23","21:00","0.38","-","-"
"2024/04/23","22:00","0.812","-","-"
"2024/04/23","23:00","1.394","-","-"
"2024/04/24","00:00","1.985","-","-"
"2024/04/24","01:00","2.416","-","-"
"2024/04/24","01:48","-","-","3.28"
"2024/04/24","02:00","2.566","-","-"
"2024/04/24","03:00","2.417","-","-"
"2024/04/24","04:00","2.029","-","-"
"2024/04/24","05:00","1.488","-","-"
"2024/04/24","06:00","0.903","-","-"
"2024/04/24","07:00","0.407","-","-"
"2024/04/24","08:00","0.124","-","-"
"2024/04/24","08:36","-","-","0.52"
"2024/04/24","09:00","0.115","-","-"
"2024/04/24","10:00","0.368","-","-"
"2024/04/24","11:00","0.82","-","-"
"2024/04/24","12:00","1.353","-","-"
"2024/04/24","13:00","1.815","-","-"
"2024/04/24","14:00","2.065","-","-"
"2024/04/24","14:48","-","-","3.03"
"2024/04/24","15:00","2.041","-","-"
"2024/04/24","16:00","1.771","-","-"
"2024/04/24","17:00","1.337","-","-"
"2024/04/24","18:00","0.842","-","-"
"2024/04/24","19:00","0.412","-","-"
"2024/04/24","20:00","0.177","-","-"
"2024/04/24","20:18","-","-","1.08"
"2024/04/24","21:00","0.221","-","-"
"2024/04/24","22:00","0.544","-","-"
"2024/04/24","23:00","1.068","-","-"
"2024/04/25","00:00","1.67","-","-"
"2024/04/25","01:00","2.204","-","-"
"2024/04/25","02:00","2.528","-","-"
"2024/04/25","02:48","-","-","3.63"
"2024/04/25","03:00","2.557","-","-"
"2024/04/25","04:00","2.301","-","-"
"2024/04/25","05:00","1.838","-","-"
"2024/04/25","06:00","1.272","-","-"
"2024/04/25","07:00","0.713","-","-"
"2024/04/25","08:00","0.286","-","-"
"2024/04/25","09:00","0.102","-","1.02"
"2024/04/25","10:00","0.204","-","-"
"2024/04/25","11:00","0.546","-","-"
"2024/04/25","12:00","1.026","-","-"
"2024/04/25","13:00","1.524","-","-"
"2024/04/25","14:00","1.906","-","-"
"2024/04/25","15:00","2.057","-","3.43"
"2024/04/25","16:00","1.935","-","-"
"2024/04/25","17:00","1.592","-","-"
"2024/04/25","18:00","1.132","-","-"
"2024/04/25","19:00","0.661","-","-"
"2024/04/25","20:00","0.299","-","-"
"2024/04/25","20:54","-","-","1.55"
"2024/04/25","21:00","0.169","-","-"
"2024/04/25","22:00","0.336","-","-"
"2024/04/25","23:00","0.758","-","-"
"2024/04/26","00:00","1.32","-","-"
"2024/04/26","01:00","1.892","-","-"
"2024/04/26","02:00","2.349","-","-"
"2024/04/26","03:00","2.569","-","-"
"2024/04/26","03:12","-","-","3.89"
"2024/04/26","04:00","2.488","-","-"
"2024/04/26","05:00","2.141","-","-"
"2024/04/26","06:00","1.634","-","-"
"2024/04/26","07:00","1.074","-","-"
"2024/04/26","08:00","0.564","-","-"
"2024/04/26","09:00","0.225","-","-"
"2024/04/26","09:42","-","-","1.47"
"2024/04/26","10:00","0.154","-","-"
"2024/04/26","11:00","0.353","-","-"
"2024/04/26","12:00","0.739","-","-"
"2024/04/26","13:00","1.207","-","-"
"2024/04/26","14:00","1.656","-","-"
"2024/04/26","15:00","1.963","-","-"
"2024/04/26","15:36","-","-","3.4"
"2024/04/26","16:00","2.02","-","-"
"2024/04/26","17:00","1.812","-","-"
"2024/04/26","18:00","1.422","-","-"
"2024/04/26","19:00","0.961","-","-"
"2024/04/26","20:00","0.531","-","-"
"2024/04/26","21:00","0.25","-","-"
"2024/04/26","21:24","-","-","1.55"
"2024/04/26","22:00","0.232","-","-"
"2024/04/26","23:00","0.5","-","-"
"2024/04/27","00:00","0.97","-","-"
"2024/04/27","01:00","1.522","-","-"
"2024/04/27","02:00","2.048","-","-"
"2024/04/27","03:00","2.432","-","-"
"2024/04/27","03:48","-","-","3.53"
"2024/04/27","04:00","2.555","-","-"
"2024/04/27","05:00","2.377","-","-"
"2024/04/27","06:00","1.969","-","-"
"2024/04/27","07:00","1.447","-","-"
"2024/04/27","08:00","0.913","-","-"
"2024/04/27","09:00","0.47","-","-"
"2024/04/27","10:00","0.232","-","-"
"2024/04/27","10:18","-","-","1.12"
"2024/04/27","11:00","0.259","-","-"
"2024/04/27","12:00","0.512","-","-"
"2024/04/27","13:00","0.903","-","-"
"2024/04/27","14:00","1.351","-","-"
"2024/04/27","15:00","1.759","-","-"
"2024/04/27","16:00","1.995","-","-"
"2024/04/27","16:18","-","-","2.82"
"2024/04/27","17:00","1.967","-","-"
"2024/04/27","18:00","1.697","-","-"
"2024/04/27","19:00","1.284","-","-"
"2024/04/27","20:00","0.838","-","-"
"2024/04/27","21:00","0.462","-","-"
"2024/04/27","22:00","0.272","-","-"
"2024/04/27","22:30","-","-","0.9"
"2024/04/27","23:00","0.345","-","-"
"2024/04/28","00:00","0.661","-","-"
"2024/04/28","01:00","1.131","-","-"
"2024/04/28","02:00","1.66","-","-"
"2024/04/28","03:00","2.147","-","-"
"2024/04/28","04:00","2.464","-","-"
"2024/04/28","04:42","-","-","3.05"
"2024/04/28","05:00","2.503","-","-"
"2024/04/28","06:00","2.256","-","-"
"2024/04/28","07:00","1.815","-","-"
"2024/04/28","08:00","1.298","-","-"
"2024/04/28","09:00","0.807","-","-"
"2024/04/28","10:00","0.443","-","-"
"2024/04/28","11:00","0.29","-","-"
"2024/04/28","11:12","-","-","0.73"
"2024/04/28","12:00","0.37","-","-"
"2024/04/28","13:00","0.637","-","-"
"2024/04/28","14:00","1.026","-","-"
"2024/04/28","15:00","1.465","-","-"
"2024/04/28","16:00","1.837","-","-"
"2024/04/28","17:00","2.011","-","-"
"2024/04/28","17:12","-","-","2.54"
"2024/04/28","18:00","1.921","-","-"
"2024/04/28","19:00","1.613","-","-"
"2024/04/28","20:00","1.194","-","-"
"2024/04/28","21:00","0.777","-","-"
"2024/04/28","22:00","0.464","-","-"
"2024/04/28","22:54","-","-","0.68"
"2024/04/28","23:00","0.343","-","-"
"2024/04/29","00:00","0.454","-","-"
"2024/04/29","01:00","0.772","-","-"
"2024/04/29","02:00","1.228","-","-"
"2024/04/29","03:00","1.741","-","-"
"2024/04/29","04:00","2.195","-","-"
"2024/04/29","05:00","2.458","-","-"
"2024/04/29","05:24","-","-","2.84"
"2024/04/29","06:00","2.438","-","-"
"2024/04/29","07:00","2.151","-","-"
"2024/04/29","08:00","1.699","-","-"
"2024/04/29","09:00","1.205","-","-"
"2024/04/29","10:00","0.769","-","-"
"2024/04/29","11:00","0.466","-","-"
"2024/04/29","12:00","0.353","-","-"
"2024/04/29","12:06","-","-","0.72"
"2024/04/29","13:00","0.444","-","-"
"2024/04/29","14:00","0.716","-","-"
"2024/04/29","15:00","1.116","-","-"
"2024/04/29","16:00","1.553","-","-"
"2024/04/29","17:00","1.9","-","-"
"2024/04/29","18:00","2.033","-","-"
"2024/04/29","18:06","-","-","2.55"
"2024/04/29","19:00","1.905","-","-"
"2024/04/29","20:00","1.577","-","-"
"2024/04/29","21:00","1.169","-","-"
"2024/04/29","22:00","0.791","-","-"
"2024/04/29","23:00","0.519","-","-"
"2024/04/29","23:42","-","-","0.92"
"2024/04/30","00:00","0.415","-","-"
"2024/04/30","01:00","0.516","-","-"
"2024/04/30","02:00","0.818","-","-"
"2024/04/30","03:00","1.266","-","-"
"2024/04/30","04:00","1.769","-","-"
"2024/04/30","05:00","2.201","-","-"
"2024/04/30","06:00","2.433","-","-"
"2024/04/30","06:24","-","-","3.06"
"2024/04/30","07:00","2.382","-","-"
"2024/04/30","08:00","2.078","-","-"
"2024/04/30","09:00","1.638","-","-"
"2024/04/30","10:00","1.182","-","-"
"2024/04/30","11:00","0.783","-","-"
"2024/04/30","12:00","0.495","-","-"
"2024/04/30","13:00","0.378","-","1.01"
"2024/04/30","14:00","0.471","-","-"
"2024/04/30","15:00","0.76","-","-"
"2024/04/30","16:00","1.179","-","-"
"2024/04/30","17:00","1.625","-","-"
"2024/04/30","18:00","1.967","-","-"
"2024/04/30","19:00","2.081","-","2.84"
"2024/04/30","20:00","1.934","-","-"
"2024/04/30","21:00","1.607","-","-"
"2024/04/30","22:00","1.224","-","-"
"2024/04/30","23:00","0.865","-","-"
"2024/05/01","00:00","0.584","-","-"
"2024/05/01","01:00","0.446","-","1.2"
"2024/05/01","02:00","0.517","-","-"
"2024/05/01","03:00","0.806","-","-"
"2024/05/01","04:00","1.249","-","-"
"2024/05/01","05:00","1.749","-","-"
"2024/05/01","06:00","2.181","-","-"
"2024/05/01","07:00","2.406","-","-"
"2024/05/01","07:12","-","-","3.16"
"2024/05/01","08:00","2.348","-","-"
"2024/05/01","09:00","2.054","-","-"
"2024/05/01","10:00","1.644","-","-"
"2024/05/01","11:00","1.212","-","-"
"2024/05/01","12:00","0.805","-","-"
"2024/05/01","13:00","0.489","-","-"
"2024/05/01","13:54","-","-","1.18"
"2024/05/01","14:00","0.357","-","-"
"2024/05/01","15:00","0.461","-","-"
"2024/05/01","16:00","0.776","-","-"
"2024/05/01","17:00","1.225","-","-"
"2024/05/01","18:00","1.699","-","-"
"2024/05/01","19:00","2.056","-","-"
"2024/05/01","19:48","-","-","3.08"
"2024/05/01","20:00","2.17","-","-"
"2024/05/01","21:00","2.027","-","-"
"2024/05/01","22:00","1.719","-","-"
"2024/05/01","23:00","1.345","-","-"
"2024/05/02","00:00","0.956","-","-"
"2024/05/02","01:00","0.614","-","-"
"2024/05/02","02:00","0.424","-","-"
"2024/05/02","02:24","-","-","1.22"
"2024/05/02","03:00","0.466","-","-"
"2024/05/02","04:00","0.741","-","-"
"2024/05/02","05:00","1.184","-","-"
"2024/05/02","06:00","1.699","-","-"
"2024/05/02","07:00","2.15","-","-"
"2024/05/02","08:00","2.388","-","-"
"2024/05/02","08:24","-","-","3.27"
"2024/05/02","09:00","2.349","-","-"
"2024/05/02","10:00","2.087","-","-"
"2024/05/02","11:00","1.7","-","-"
"2024/05/02","12:00","1.248","-","-"
"2024/05/02","13:00","0.791","-","-"
"2024/05/02","14:00","0.438","-","-"
"2024/05/02","14:48","-","-","1.17"
"2024/05/02","15:00","0.302","-","-"
"2024/05/02","16:00","0.427","-","-"
"2024/05/02","17:00","0.776","-","-"
"2024/05/02","18:00","1.273","-","-"
"2024/05/02","19:00","1.795","-","-"
"2024/05/02","20:00","2.181","-","-"
"2024/05/02","20:48","-","-","3.23"
"2024/05/02","21:00","2.315","-","-"
"2024/05/02","22:00","2.195","-","-"
"2024/05/02","23:00","1.896","-","-"
"2024/05/03","00:00","1.484","-","-"
"2024/05/03","01:00","1.018","-","-"
"2024/05/03","02:00","0.6","-","-"
"2024/05/03","03:00","0.359","-","-"
"2024/05/03","03:30","-","-","1.08"
"2024/05/03","04:00","0.372","-","-"
"2024/05/03","05:00","0.635","-","-"
"2024/05/03","06:00","1.092","-","-"
"2024/05/03","07:00","1.638","-","-"
"2024/05/03","08:00","2.122","-","-"
"2024/05/03","09:00","2.395","-","-"
"2024/05/03","09:42","-","-","3.22"
"2024/05/03","10:00","2.396","-","-"
"2024/05/03","11:00","2.161","-","-"
"2024/05/03","12:00","1.755","-","-"
"2024/05/03","13:00","1.244","-","-"
"2024/05/03","14:00","0.73","-","-"
"2024/05/03","15:00","0.353","-","-"
"2024/05/03","15:24","-","-","1.18"
"2024/05/03","16:00","0.225","-","-"
"2024/05/03","17:00","0.38","-","-"
"2024/05/03","18:00","0.782","-","-"
"2024/05/03","19:00","1.343","-","-"
"2024/05/03","20:00","1.922","-","-"
"2024/05/03","21:00","2.353","-","-"
"2024/05/03","21:54","-","-","3.9"
"2024/05/03","22:00","2.524","-","-"
"2024/05/03","23:00","2.418","-","-"
"2024/05/04","00:00","2.084","-","-"
"2024/05/04","01:00","1.592","-","-"
"2024/05/04","02:00","1.037","-","-"
"2024/05/04","03:00","0.549","-","-"
"2024/05/04","04:00","0.262","-","-"
"2024/05/04","04:42","-","-","1.68"
"2024/05/04","05:00","0.25","-","-"
"2024/05/04","06:00","0.515","-","-"
"2024/05/04","07:00","0.997","-","-"
"2024/05/04","08:00","1.585","-","-"
"2024/05/04","09:00","2.117","-","-"
"2024/05/04","10:00","2.441","-","-"
"2024/05/04","10:30","-","-","4.05"
"2024/05/04","11:00","2.474","-","-"
"2024/05/04","12:00","2.226","-","-"
"2024/05/04","13:00","1.764","-","-"
"2024/05/04","14:00","1.189","-","-"
"2024/05/04","15:00","0.634","-","-"
"2024/05/04","16:00","0.249","-","-"
"2024/05/04","16:54","-","-","1.51"
"2024/05/04","17:00","0.141","-","-"
"2024/05/04","18:00","0.345","-","-"
"2024/05/04","19:00","0.813","-","-"
"2024/05/04","20:00","1.445","-","-"
"2024/05/04","21:00","2.089","-","-"
"2024/05/04","22:00","2.575","-","-"
"2024/05/04","23:00","2.769","-","4.05"
"2024/05/05","00:00","2.636","-","-"
"2024/05/05","01:00","2.23","-","-"
"2024/05/05","02:00","1.65","-","-"
"2024/05/05","03:00","1.017","-","-"
"2024/05/05","04:00","0.472","-","-"
"2024/05/05","05:00","0.149","-","-"
"2024/05/05","05:36","-","-","1.4"
"2024/05/05","06:00","0.128","-","-"
"2024/05/05","07:00","0.408","-","-"
"2024/05/05","08:00","0.924","-","-"
"2024/05/05","09:00","1.563","-","-"
"2024/05/05","10:00","2.153","-","-"
"2024/05/05","11:00","2.514","-","-"
"2024/05/05","11:24","-","-","3.6"
"2024/05/05","12:00","2.538","-","-"
"2024/05/05","13:00","2.24","-","-"
"2024/05/05","14:00","1.717","-","-"
"2024/05/05","15:00","1.094","-","-"
"2024/05/05","16:00","0.517","-","-"
"2024/05/05","17:00","0.141","-","-"
"2024/05/05","17:48","-","-","1.11"
"2024/05/05","18:00","0.076","-","-"
"2024/05/05","19:00","0.341","-","-"
"2024/05/05","20:00","0.88","-","-"
"2024/05/05","21:00","1.585","-","-"
"2024/05/05","22:00","2.298","-","-"
"2024/05/05","23:00","2.819","-","-"
"2024/05/05","23:42","-","-","3.97"
"2024/05/06","00:00","2.991","-","-"
"2024/05/06","01:00","2.792","-","-"
"2024/05/06","02:00","2.307","-","-"
"2024/05/06","03:00","1.655","-","-"
"2024/05/06","04:00","0.963","-","-"
"2024/05/06","05:00","0.38","-","-"
"2024/05/06","06:00","0.047","-","-"
"2024/05/06","06:36","-","-","1.06"
"2024/05/06","07:00","0.035","-","-"
"2024/05/06","08:00","0.338","-","-"
"2024/05/06","09:00","0.898","-","-"
"2024/05/06","10:00","1.594","-","-"
"2024/05/06","11:00","2.225","-","-"
"2024/05/06","12:00","2.576","-","-"
"2024/05/06","12:18","-","-","3.47"
"2024/05/06","13:00","2.551","-","-"
"2024/05/06","14:00","2.195","-","-"
"2024/05/06","15:00","1.627","-","-"
"2024/05/06","16:00","0.975","-","-"
"2024/05/06","17:00","0.397","-","-"
"2024/05/06","18:00","0.055","-","-"
"2024/05/06","18:24","-","-","0.76"
"2024/05/06","19:00","0.049","-","-"
"2024/05/06","20:00","0.379","-","-"
"2024/05/06","21:00","0.988","-","-"
"2024/05/06","22:00","1.766","-","-"
"2024/05/06","23:00","2.521","-","-"
"2024/05/07","00:00","3.024","-","-"
"2024/05/07","00:48","-","-","3.91"
"2024/05/07","01:00","3.131","-","-"
"2024/05/07","02:00","2.859","-","-"
"2024/05/07","03:00","2.314","-","-"
"2024/05/07","04:00","1.612","-","-"
"2024/05/07","05:00","0.886","-","-"
"2024/05/07","06:00","0.297","-","-"
"2024/05/07","07:00","-0.021","-","-"
"2024/05/07","07:24","-","-","0.54"
"2024/05/07","08:00","-0.01","-","-"
"2024/05/07","09:00","0.329","-","-"
"2024/05/07","10:00","0.939","-","-"
"2024/05/07","11:00","1.674","-","-"
"2024/05/07","12:00","2.294","-","-"
"2024/05/07","13:00","2.592","-","-"
"2024/05/07","13:18","-","-","3.21"
"2024/05/07","14:00","2.506","-","-"
"2024/05/07","15:00","2.107","-","-"
"2024/05/07","16:00","1.509","-","-"
"2024/05/07","17:00","0.85","-","-"
"2024/05/07","18:00","0.299","-","-"
"2024/05/07","19:00","0.013","-","-"
"2024/05/07","19:24","-","-","0.59"
"2024/05/07","20:00","0.07","-","-"
"2024/05/07","21:00","0.465","-","-"
"2024/05/07","22:00","1.141","-","-"
"2024/05/07","23:00","1.961","-","-"
"2024/05/08","00:00","2.701","-","-"
"2024/05/08","01:00","3.136","-","-"
"2024/05/08","01:30","-","-","3.88"
"2024/05/08","02:00","3.168","-","-"
"2024/05/08","03:00","2.839","-","-"
"2024/05/08","04:00","2.253","-","-"
"2024/05/08","05:00","1.527","-","-"
"2024/05/08","06:00","0.804","-","-"
"2024/05/08","07:00","0.242","-","-"
"2024/05/08","08:00","-0.041","-","-"
"2024/05/08","08:06","-","-","0.7"
"2024/05/08","09:00","0.01","-","-"
"2024/05/08","10:00","0.396","-","-"
"2024/05/08","11:00","1.042","-","-"
"2024/05/08","12:00","1.766","-","-"
"2024/05/08","13:00","2.329","-","-"
"2024/05/08","14:00","2.559","-","-"
"2024/05/08","14:06","-","-","3.28"
"2024/05/08","15:00","2.422","-","-"
"2024/05/08","16:00","1.991","-","-"
"2024/05/08","17:00","1.382","-","-"
"2024/05/08","18:00","0.743","-","-"
"2024/05/08","19:00","0.243","-","-"
"2024/05/08","20:00","0.022","-","-"
"2024/05/08","20:06","-","-","0.73"
"2024/05/08","21:00","0.145","-","-"
"2024/05/08","22:00","0.604","-","-"
"2024/05/08","23:00","1.318","-","-"
"2024/05/09","00:00","2.122","-","-"
"2024/05/09","01:00","2.793","-","-"
"2024/05/09","02:00","3.145","-","-"
"2024/05/09","02:18","-","-","3.96"
"2024/05/09","03:00","3.111","-","-"
"2024/05/09","04:00","2.74","-","-"
"2024/05/09","05:00","2.135","-","-"
"2024/05/09","06:00","1.42","-","-"
"2024/05/09","07:00","0.735","-","-"
"2024/05/09","08:00","0.223","-","-"
"2024/05/09","09:00","-0.004","-","0.76"
"2024/05/09","10:00","0.104","-","-"
"2024/05/09","11:00","0.527","-","-"
"2024/05/09","12:00","1.165","-","-"
"2024/05/09","13:00","1.835","-","-"
"2024/05/09","14:00","2.326","-","-"
"2024/05/09","14:54","-","-","3.37"
"2024/05/09","15:00","2.493","-","-"
"2024/05/09","16:00","2.313","-","-"
"2024/05/09","17:00","1.863","-","-"
"2024/05/09","18:00","1.267","-","-"
"2024/05/09","19:00","0.672","-","-"
"2024/05/09","20:00","0.235","-","-"
"2024/05/09","20:48","-","-","0.92"
"2024/05/09","21:00","0.086","-","-"
"2024/05/09","22:00","0.278","-","-"
"2024/05/09","23:00","0.776","-","-"
"2024/05/10","00:00","1.473","-","-"
"2024/05/10","01:00","2.209","-","-"
"2024/05/10","02:00","2.793","-","-"
"2024/05/10","03:00","3.066","-","-"
"2024/05/10","03:06","-","-","4.09"
"2024/05/10","04:00","2.975","-","-"
"2024/05/10","05:00","2.578","-","-"
"2024/05/10","06:00","1.985","-","-"
"2024/05/10","07:00","1.31","-","-"
"2024/05/10","08:00","0.685","-","-"
"2024/05/10","09:00","0.247","-","-"
"2024/05/10","09:36","-","-","1.1"
"2024/05/10","10:00","0.096","-","-"
"2024/05/10","11:00","0.255","-","-"
"2024/05/10","12:00","0.679","-","-"
"2024/05/10","13:00","1.272","-","-"
"2024/05/10","14:00","1.876","-","-"
"2024/05/10","15:00","2.298","-","-"
"2024/05/10","16:00","2.406","-","-"
"2024/05/10","16:12","-","-","3.75"
"2024/05/10","17:00","2.191","-","-"
"2024/05/10","18:00","1.742","-","-"
"2024/05/10","19:00","1.18","-","-"
"2024/05/10","20:00","0.641","-","-"
"2024/05/10","21:00","0.279","-","-"
"2024/05/10","21:24","-","-","1.81"
"2024/05/10","22:00","0.209","-","-"
"2024/05/10","23:00","0.449","-","-"
"2024/05/11","00:00","0.936","-","-"
"2024/05/11","01:00","1.571","-","-"
"2024/05/11","02:00","2.224","-","-"
"2024/05/11","03:00","2.723","-","-"
"2024/05/11","03:54","-","-","4.88"
"2024/05/11","04:00","2.92","-","-"
"2024/05/11","05:00","2.783","-","-"
"2024/05/11","06:00","2.383","-","-"
"2024/05/11","07:00","1.823","-","-"
"2024/05/11","08:00","1.208","-","-"
"2024/05/11","09:00","0.663","-","-"
"2024/05/11","10:00","0.319","-","-"
"2024/05/11","10:48","-","-","2.08"
"2024/05/11","11:00","0.239","-","-"
"2024/05/11","12:00","0.416","-","-"
"2024/05/11","13:00","0.811","-","-"
"2024/05/11","14:00","1.354","-","-"
"2024/05/11","15:00","1.898","-","-"
"2024/05/11","16:00","2.254","-","-"
"2024/05/11","16:24","-","-","3.95"
"2024/05/11","17:00","2.307","-","-"
"2024/05/11","18:00","2.074","-","-"
"2024/05/11","19:00","1.642","-","-"
"2024/05/11","20:00","1.124","-","-"
"2024/05/11","21:00","0.654","-","-"
"2024/05/11","22:00","0.376","-","-"
"2024/05/11","22:30","-","-","1.74"
"2024/05/11","23:00","0.368","-","-"
"2024/05/12","00:00","0.612","-","-"
"2024/05/12","01:00","1.049","-","-"
"2024/05/12","02:00","1.613","-","-"
"2024/05/12","03:00","2.189","-","-"
"2024/05/12","04:00","2.604","-","-"
"2024/05/12","04:30","-","-","4.09"
"2024/05/12","05:00","2.733","-","-"
"2024/05/12","06:00","2.566","-","-"
"2024/05/12","07:00","2.181","-","-"
"2024/05/12","08:00","1.667","-","-"
"2024/05/12","09:00","1.125","-","-"
"2024/05/12","10:00","0.678","-","-"
"2024/05/12","11:00","0.421","-","-"
"2024/05/12","11:24","-","-","1.76"
"2024/05/12","12:00","0.381","-","-"
"2024/05/12","13:00","0.549","-","-"
"2024/05/12","14:00","0.917","-","-"
"2024/05/12","15:00","1.421","-","-"
"2024/05/12","16:00","1.909","-","-"
"2024/05/12","17:00","2.2","-","-"
"2024/05/12","17:24","-","-","3.71"
"2024/05/12","18:00","2.212","-","-"
"2024/05/12","19:00","1.973","-","-"
"2024/05/12","20:00","1.567","-","-"
"2024/05/12","21:00","1.103","-","-"
"2024/05/12","22:00","0.711","-","-"
"2024/05/12","23:00","0.504","-","-"
"2024/05/12","23:54","-","-","2.13"
"2024/05/13","00:00","0.518","-","-"
"2024/05/13","01:00","0.731","-","-"
"2024/05/13","02:00","1.115","-","-"
"2024/05/13","03:00","1.619","-","-"
"2024/05/13","04:00","2.121","-","-"
"2024/05/13","05:00","2.459","-","-"
"2024/05/13","05:24","-","-","3.8"
"2024/05/13","06:00","2.533","-","-"
"2024/05/13","07:00","2.352","-","-"
"2024/05/13","08:00","1.99","-","-"
"2024/05/13","09:00","1.532","-","-"
"2024/05/13","10:00","1.075","-","-"
"2024/05/13","11:00","0.716","-","-"
"2024/05/13","12:00","0.512","-","-"
"2024/05/13","12:42","-","-","1.37"
"2024/05/13","13:00","0.484","-","-"
"2024/05/13","14:00","0.648","-","-"
"2024/05/13","15:00","1.005","-","-"
"2024/05/13","16:00","1.479","-","-"
"2024/05/13","17:00","1.912","-","-"
"2024/05/13","18:00","2.15","-","-"
"2024/05/13","18:06","-","-","3.12"
"2024/05/13","19:00","2.132","-","-"
"2024/05/13","20:00","1.895","-","-"
"2024/05/13","21:00","1.524","-","-"
"2024/05/13","22:00","1.123","-","-"
"2024/05/13","23:00","0.795","-","-"
"2024/05/14","00:00","0.618","-","-"
"2024/05/14","00:48","-","-","1.24"
"2024/05/14","01:00","0.619","-","-"
"2024/05/14","02:00","0.8","-","-"
"2024/05/14","03:00","1.147","-","-"
"2024/05/14","04:00","1.601","-","-"
"2024/05/14","05:00","2.036","-","-"
"2024/05/14","06:00","2.31","-","-"
"2024/05/14","06:36","-","-","3.05"
"2024/05/14","07:00","2.344","-","-"
"2024/05/14","08:00","2.159","-","-"
"2024/05/14","09:00","1.829","-","-"
"2024/05/14","10:00","1.435","-","-"
"2024/05/14","11:00","1.05","-","-"
"2024/05/14","12:00","0.74","-","-"
"2024/05/14","13:00","0.559","-","-"
"2024/05/14","13:30","-","-","1.22"
"2024/05/14","14:00","0.547","-","-"
"2024/05/14","15:00","0.727","-","-"
"2024/05/14","16:00","1.084","-","-"
"2024/05/14","17:00","1.532","-","-"
"2024/05/14","18:00","1.921","-","-"
"2024/05/14","19:00","2.116","-","-"
"2024/05/14","19:06","-","-","2.93"
"2024/05/14","20:00","2.075","-","-"
"2024/05/14","21:00","1.849","-","-"
"2024/05/14","22:00","1.521","-","-"
"2024/05/14","23:00","1.167","-","-"
"2024/05/15","00:00","0.861","-","-"
"2024/05/15","00:48","-","-","1.34"
"2024/05/15","01:00","0.678","-","-"
"2024/05/15","02:00","0.664","-","-"
"2024/05/15","03:00","0.83","-","-"
"2024/05/15","04:00","1.152","-","-"
"2024/05/15","05:00","1.565","-","-"
"2024/05/15","06:00","1.95","-","-"
"2024/05/15","06:54","-","-","3.91"
"2024/05/15","07:00","2.176","-","-"
"2024/05/15","08:00","2.182","-","-"
"2024/05/15","09:00","2.003","-","-"
"2024/05/15","10:00","1.715","-","-"
"2024/05/15","11:00","1.37","-","-"
"2024/05/15","12:00","1.015","-","-"
"2024/05/15","13:00","0.721","-","-"
"2024/05/15","13:36","-","-","1.61"
"2024/05/15","14:00","0.563","-","-"
"2024/05/15","15:00","0.586","-","-"
"2024/05/15","16:00","0.795","-","-"
"2024/05/15","17:00","1.161","-","-"
"2024/05/15","18:00","1.594","-","-"
"2024/05/15","19:00","1.949","-","-"
"2024/05/15","20:00","2.108","-","-"
"2024/05/15","20:30","-","-","3.39"
"2024/05/15","21:00","2.055","-","-"
"2024/05/15","22:00","1.849","-","-"
"2024/05/15","23:00","1.545","-","-"
"2024/05/16","00:00","1.193","-","-"
"2024/05/16","01:00","0.872","-","-"
"2024/05/16","02:00","0.678","-","-"
"2024/05/16","02:24","-","-","1.8"
"2024/05/16","03:00","0.665","-","-"
"2024/05/16","04:00","0.828","-","-"
"2024/05/16","05:00","1.136","-","-"
"2024/05/16","06:00","1.526","-","-"
"2024/05/16","07:00","1.877","-","-"
"2024/05/16","08:00","2.068","-","-"
"2024/05/16","08:30","-","-","3.31"
"2024/05/16","09:00","2.061","-","-"
"2024/05/16","10:00","1.902","-","-"
"2024/05/16","11:00","1.64","-","-"
"2024/05/16","12:00","1.3","-","-"
"2024/05/16","13:00","0.94","-","-"
"2024/05/16","14:00","0.66","-","-"
"2024/05/16","14:54","-","-","1.57"
"2024/05/16","15:00","0.544","-","-"
"2024/05/16","16:00","0.614","-","-"
"2024/05/16","17:00","0.862","-","-"
"2024/05/16","18:00","1.25","-","-"
"2024/05/16","19:00","1.678","-","-"
"2024/05/16","20:00","2.005","-","-"
"2024/05/16","21:00","2.138","-","-"
"2024/05/16","21:12","-","-","3.47"
"2024/05/16","22:00","2.084","-","-"
"2024/05/16","23:00","1.881","-","-"
"2024/05/17","00:00","1.556","-","-"
"2024/05/17","01:00","1.166","-","-"
"2024/05/17","02:00","0.822","-","-"
"2024/05/17","03:00","0.631","-","-"
"2024/05/17","03:12","-","-","2"
"2024/05/17","04:00","0.628","-","-"
"2024/05/17","05:00","0.799","-","-"
"2024/05/17","06:00","1.113","-","-"
"2024/05/17","07:00","1.496","-","-"
"2024/05/17","08:00","1.826","-","-"
"2024/05/17","09:00","1.998","-","3.72"
"2024/05/17","10:00","1.994","-","-"
"2024/05/17","11:00","1.844","-","-"
"2024/05/17","12:00","1.566","-","-"
"2024/05/17","13:00","1.194","-","-"
"2024/05/17","14:00","0.825","-","-"
"2024/05/17","15:00","0.577","-","-"
"2024/05/17","16:00","0.515","-","-"
"2024/05/17","16:06","-","-","2.27"
"2024/05/17","17:00","0.643","-","-"
"2024/05/17","18:00","0.943","-","-"
"2024/05/17","19:00","1.364","-","-"
"2024/05/17","20:00","1.792","-","-"
"2024/05/17","21:00","2.099","-","-"
"2024/05/17","22:00","2.218","-","3.81"
"2024/05/17","23:00","2.148","-","-"
"2024/05/18","00:00","1.903","-","-"
"2024/05/18","01:00","1.517","-","-"
"2024/05/18","02:00","1.081","-","-"
"2024/05/18","03:00","0.727","-","-"
"2024/05/18","04:00","0.549","-","-"
"2024/05/18","04:24","-","-","2.01"
"2024/05/18","05:00","0.566","-","-"
"2024/05/18","06:00","0.762","-","-"
"2024/05/18","07:00","1.097","-","-"
"2024/05/18","08:00","1.486","-","-"
"2024/05/18","09:00","1.81","-","-"
"2024/05/18","10:00","1.98","-","-"
"2024/05/18","10:06","-","-","3.56"
"2024/05/18","11:00","1.971","-","-"
"2024/05/18","12:00","1.789","-","-"
"2024/05/18","13:00","1.457","-","-"
"2024/05/18","14:00","1.05","-","-"
"2024/05/18","15:00","0.689","-","-"
"2024/05/18","16:00","0.487","-","-"
"2024/05/18","16:48","-","-","2.06"
"2024/05/18","17:00","0.489","-","-"
"2024/05/18","18:00","0.689","-","-"
"2024/05/18","19:00","1.053","-","-"
"2024/05/18","20:00","1.508","-","-"
"2024/05/18","21:00","1.943","-","-"
"2024/05/18","22:00","2.24","-","-"
"2024/05/18","22:48","-","-","3.78"
"2024/05/18","23:00","2.331","-","-"
"2024/05/19","00:00","2.202","-","-"
"2024/05/19","01:00","1.876","-","-"
"2024/05/19","02:00","1.42","-","-"
"2024/05/19","03:00","0.952","-","-"
"2024/05/19","04:00","0.6","-","-"
"2024/05/19","05:00","0.445","-","-"
"2024/05/19","05:06","-","-","1.99"
"2024/05/19","06:00","0.5","-","-"
"2024/05/19","07:00","0.737","-","-"
"2024/05/19","08:00","1.104","-","-"
"2024/05/19","09:00","1.512","-","-"
"2024/05/19","10:00","1.844","-","-"
"2024/05/19","11:00","2.004","-","-"
"2024/05/19","11:12","-","-","3.59"
"2024/05/19","12:00","1.951","-","-"
"2024/05/19","13:00","1.7","-","-"
"2024/05/19","14:00","1.311","-","-"
"2024/05/19","15:00","0.885","-","-"
"2024/05/19","16:00","0.548","-","-"
"2024/05/19","17:00","0.403","-","-"
"2024/05/19","17:24","-","-","1.82"
"2024/05/19","18:00","0.484","-","-"
"2024/05/19","19:00","0.766","-","-"
"2024/05/19","20:00","1.194","-","-"
"2024/05/19","21:00","1.689","-","-"
"2024/05/19","22:00","2.135","-","-"
"2024/05/19","23:00","2.407","-","-"
"2024/05/19","23:24","-","-","3.83"
"2024/05/20","00:00","2.428","-","-"
"2024/05/20","01:00","2.203","-","-"
"2024/05/20","02:00","1.789","-","-"
"2024/05/20","03:00","1.279","-","-"
"2024/05/20","04:00","0.793","-","-"
"2024/05/20","05:00","0.458","-","-"
"2024/05/20","05:48","-","-","1.67"
"2024/05/20","06:00","0.345","-","-"
"2024/05/20","07:00","0.453","-","-"
"2024/05/20","08:00","0.741","-","-"
"2024/05/20","09:00","1.151","-","-"
"2024/05/20","10:00","1.59","-","-"
"2024/05/20","11:00","1.92","-","-"
"2024/05/20","11:54","-","-","3.45"
"2024/05/20","12:00","2.03","-","-"
"2024/05/20","13:00","1.897","-","-"
"2024/05/20","14:00","1.573","-","-"
"2024/05/20","15:00","1.143","-","-"
"2024/05/20","16:00","0.714","-","-"
"2024/05/20","17:00","0.415","-","-"
"2024/05/20","18:00","0.344","-","1.77"
"2024/05/20","19:00","0.514","-","-"
"2024/05/20","20:00","0.878","-","-"
"2024/05/20","21:00","1.372","-","-"
"2024/05/20","22:00","1.909","-","-"
"2024/05/20","23:00","2.348","-","-"
"2024/05/21","00:00","2.55","-","3.96"
"2024/05/21","01:00","2.465","-","-"
"2024/05/21","02:00","2.139","-","-"
"2024/05/21","03:00","1.655","-","-"
"2024/05/21","04:00","1.107","-","-"
"2024/05/21","05:00","0.622","-","-"
"2024/05/21","06:00","0.324","-","-"
"2024/05/21","06:48","-","-","1.5"
"2024/05/21","07:00","0.271","-","-"
"2024/05/21","08:00","0.441","-","-"
"2024/05/21","09:00","0.791","-","-"
"2024/05/21","10:00","1.257","-","-"
"2024/05/21","11:00","1.714","-","-"
"2024/05/21","12:00","2","-","-"
"2024/05/21","12:30","-","-","3.34"
"2024/05/21","13:00","2.023","-","-"
"2024/05/21","14:00","1.805","-","-"
"2024/05/21","15:00","1.424","-","-"
"2024/05/21","16:00","0.967","-","-"
"2024/05/21","17:00","0.55","-","-"
"2024/05/21","18:00","0.309","-","-"
"2024/05/21","18:36","-","-","1.42"
"2024/05/21","19:00","0.324","-","-"
"2024/05/21","20:00","0.583","-","-"
"2024/05/21","21:00","1.029","-","-"
"2024/05/21","22:00","1.59","-","-"
"2024/05/21","23:00","2.147","-","-"
"2024/05/22","00:00","2.533","-","-"
"2024/05/22","00:42","-","-","3.77"
"2024/05/22","01:00","2.627","-","-"
"2024/05/22","02:00","2.432","-","-"
"2024/05/22","03:00","2.023","-","-"
"2024/05/22","04:00","1.485","-","-"
"2024/05/22","05:00","0.919","-","-"
"2024/05/22","06:00","0.46","-","-"
"2024/05/22","07:00","0.222","-","-"
"2024/05/22","07:36","-","-","1.11"
"2024/05/22","08:00","0.237","-","-"
"2024/05/22","09:00","0.48","-","-"
"2024/05/22","10:00","0.904","-","-"
"2024/05/22","11:00","1.412","-","-"
"2024/05/22","12:00","1.844","-","-"
"2024/05/22","13:00","2.048","-","-"
"2024/05/22","13:18","-","-","3.05"
"2024/05/22","14:00","1.979","-","-"
"2024/05/22","15:00","1.691","-","-"
"2024/05/22","16:00","1.265","-","-"
"2024/05/22","17:00","0.796","-","-"
"2024/05/22","18:00","0.413","-","-"
"2024/05/22","19:00","0.245","-","-"
"2024/05/22","19:06","-","-","1.04"
"2024/05/22","20:00","0.346","-","-"
"2024/05/22","21:00","0.693","-","-"
"2024/05/22","22:00","1.221","-","-"
"2024/05/22","23:00","1.829","-","-"
"2024/05/23","00:00","2.358","-","-"
"2024/05/23","01:00","2.65","-","-"
"2024/05/23","01:18","-","-","3.48"
"2024/05/23","02:00","2.632","-","-"
"2024/05/23","03:00","2.344","-","-"
"2024/05/23","04:00","1.868","-","-"
"2024/05/23","05:00","1.296","-","-"
"2024/05/23","06:00","0.738","-","-"
"2024/05/23","07:00","0.328","-","-"
"2024/05/23","08:00","0.159","-","0.8"
"2024/05/23","09:00","0.255","-","-"
"2024/05/23","10:00","0.583","-","-"
"2024/05/23","11:00","1.069","-","-"
"2024/05/23","12:00","1.579","-","-"
"2024/05/23","13:00","1.947","-","-"
"2024/05/23","14:00","2.062","-","-"
"2024/05/23","14:18","-","-","2.75"
"2024/05/23","15:00","1.913","-","-"
"2024/05/23","16:00","1.566","-","-"
"2024/05/23","17:00","1.109","-","-"
"2024/05/23","18:00","0.649","-","-"
"2024/05/23","19:00","0.316","-","-"
"2024/05/23","19:48","-","-","0.92"
"2024/05/23","20:00","0.223","-","-"
"2024/05/23","21:00","0.412","-","-"
"2024/05/23","22:00","0.848","-","-"
"2024/05/23","23:00","1.438","-","-"
"2024/05/24","00:00","2.044","-","-"
"2024/05/24","01:00","2.506","-","-"
"2024/05/24","02:00","2.697","-","-"
"2024/05/24","02:06","-","-","3.46"
"2024/05/24","03:00","2.582","-","-"
"2024/05/24","04:00","2.216","-","-"
"2024/05/24","05:00","1.691","-","-"
"2024/05/24","06:00","1.109","-","-"
"2024/05/24","07:00","0.582","-","-"
"2024/05/24","08:00","0.232","-","-"
"2024/05/24","08:42","-","-","0.71"
"2024/05/24","09:00","0.145","-","-"
"2024/05/24","10:00","0.333","-","-"
"2024/05/24","11:00","0.737","-","-"
"2024/05/24","12:00","1.246","-","-"
"2024/05/24","13:00","1.721","-","-"
"2024/05/24","14:00","2.019","-","-"
"2024/05/24","14:48","-","-","2.86"
"2024/05/24","15:00","2.056","-","-"
"2024/05/24","16:00","1.837","-","-"
"2024/05/24","17:00","1.442","-","-"
"2024/05/24","18:00","0.972","-","-"
"2024/05/24","19:00","0.537","-","-"
"2024/05/24","20:00","0.26","-","-"
"2024/05/24","20:24","-","-","0.83"
"2024/05/24","21:00","0.246","-","-"
"2024/05/24","22:00","0.525","-","-"
"2024/05/24","23:00","1.029","-","-"
"2024/05/25","00:00","1.635","-","-"
"2024/05/25","01:00","2.202","-","-"
"2024/05/25","02:00","2.589","-","-"
"2024/05/25","02:54","-","-","3.55"
"2024/05/25","03:00","2.693","-","-"
"2024/05/25","04:00","2.495","-","-"
"2024/05/25","05:00","2.066","-","-"
"2024/05/25","06:00","1.514","-","-"
"2024/05/25","07:00","0.941","-","-"
"2024/05/25","08:00","0.456","-","-"
"2024/05/25","09:00","0.179","-","-"
"2024/05/25","09:18","-","-","1.06"
"2024/05/25","10:00","0.186","-","-"
"2024/05/25","11:00","0.457","-","-"
"2024/05/25","12:00","0.9","-","-"
"2024/05/25","13:00","1.401","-","-"
"2024/05/25","14:00","1.836","-","-"
"2024/05/25","15:00","2.075","-","-"
"2024/05/25","15:24","-","-","3.05"
"2024/05/25","16:00","2.041","-","-"
"2024/05/25","17:00","1.761","-","-"
"2024/05/25","18:00","1.335","-","-"
"2024/05/25","19:00","0.867","-","-"
"2024/05/25","20:00","0.463","-","-"
"2024/05/25","21:00","0.247","-","-"
"2024/05/25","21:12","-","-","0.97"
"2024/05/25","22:00","0.316","-","-"
"2024/05/25","23:00","0.665","-","-"
"2024/05/26","00:00","1.194","-","-"
"2024/05/26","01:00","1.78","-","-"
"2024/05/26","02:00","2.301","-","-"
"2024/05/26","03:00","2.627","-","-"
"2024/05/26","03:24","-","-","3.56"
"2024/05/26","04:00","2.655","-","-"
"2024/05/26","05:00","2.386","-","-"
"2024/05/26","06:00","1.915","-","-"
"2024/05/26","07:00","1.354","-","-"
"2024/05/26","08:00","0.801","-","-"
"2024/05/26","09:00","0.37","-","-"
"2024/05/26","09:54","-","-","1.06"
"2024/05/26","10:00","0.179","-","-"
"2024/05/26","11:00","0.269","-","-"
"2024/05/26","12:00","0.587","-","-"
"2024/05/26","13:00","1.04","-","-"
"2024/05/26","14:00","1.531","-","-"
"2024/05/26","15:00","1.937","-","-"
"2024/05/26","16:00","2.122","-","-"
"2024/05/26","16:06","-","-","3.29"
"2024/05/26","17:00","2.024","-","-"
"2024/05/26","18:00","1.699","-","-"
"2024/05/26","19:00","1.257","-","-"
"2024/05/26","20:00","0.797","-","-"
"2024/05/26","21:00","0.431","-","-"
"2024/05/26","22:00","0.282","-","-"
"2024/05/26","22:18","-","-","1.11"
"2024/05/26","23:00","0.415","-","-"
"2024/05/27","00:00","0.79","-","-"
"2024/05/27","01:00","1.308","-","-"
"2024/05/27","02:00","1.87","-","-"
"2024/05/27","03:00","2.359","-","-"
"2024/05/27","04:00","2.63","-","-"
"2024/05/27","04:12","-","-","3.61"
"2024/05/27","05:00","2.591","-","-"
"2024/05/27","06:00","2.271","-","-"
"2024/05/27","07:00","1.777","-","-"
"2024/05/27","08:00","1.218","-","-"
"2024/05/27","09:00","0.697","-","-"
"2024/05/27","10:00","0.333","-","-"
"2024/05/27","11:00","0.217","-","1.13"
"2024/05/27","12:00","0.356","-","-"
"2024/05/27","13:00","0.693","-","-"
"2024/05/27","14:00","1.156","-","-"
"2024/05/27","15:00","1.651","-","-"
"2024/05/27","16:00","2.034","-","-"
"2024/05/27","16:36","-","-","3.15"
"2024/05/27","17:00","2.169","-","-"
"2024/05/27","18:00","2.021","-","-"
"2024/05/27","19:00","1.665","-","-"
"2024/05/27","20:00","1.213","-","-"
"2024/05/27","21:00","0.769","-","-"
"2024/05/27","22:00","0.448","-","-"
"2024/05/27","22:48","-","-","0.97"
"2024/05/27","23:00","0.348","-","-"
"2024/05/28","00:00","0.502","-","-"
"2024/05/28","01:00","0.865","-","-"
"2024/05/28","02:00","1.367","-","-"
"2024/05/28","03:00","1.917","-","-"
"2024/05/28","04:00","2.38","-","-"
"2024/05/28","05:00","2.604","-","-"
"2024/05/28","05:42","-","-","3.66"
"2024/05/28","06:00","2.516","-","-"
"2024/05/28","07:00","2.164","-","-"
"2024/05/28","08:00","1.659","-","-"
"2024/05/28","09:00","1.115","-","-"
"2024/05/28","10:00","0.64","-","-"
"2024/05/28","11:00","0.335","-","-"
"2024/05/28","11:48","-","-","1.26"
"2024/05/28","12:00","0.259","-","-"
"2024/05/28","13:00","0.418","-","-"
"2024/05/28","14:00","0.775","-","-"
"2024/05/28","15:00","1.264","-","-"
"2024/05/28","16:00","1.769","-","-"
"2024/05/28","17:00","2.131","-","-"
"2024/05/28","17:42","-","-","3.34"
"2024/05/28","18:00","2.226","-","-"
"2024/05/28","19:00","2.043","-","-"
"2024/05/28","20:00","1.666","-","-"
"2024/05/28","21:00","1.214","-","-"
"2024/05/28","22:00","0.795","-","-"
"2024/05/28","23:00","0.502","-","-"
"2024/05/29","00:00","0.408","-","1.11"
"2024/05/29","01:00","0.542","-","-"
"2024/05/29","02:00","0.886","-","-"
"2024/05/29","03:00","1.382","-","-"
"2024/05/29","04:00","1.926","-","-"
"2024/05/29","05:00","2.366","-","-"
"2024/05/29","06:00","2.556","-","3.48"
"2024/05/29","07:00","2.438","-","-"
"2024/05/29","08:00","2.068","-","-"
"2024/05/29","09:00","1.57","-","-"
"2024/05/29","10:00","1.057","-","-"
"2024/05/29","11:00","0.621","-","-"
"2024/05/29","12:00","0.34","-","-"
"2024/05/29","12:42","-","-","1.06"
"2024/05/29","13:00","0.277","-","-"
"2024/05/29","14:00","0.456","-","-"
"2024/05/29","15:00","0.848","-","-"
"2024/05/29","16:00","1.37","-","-"
"2024/05/29","17:00","1.887","-","-"
"2024/05/29","18:00","2.236","-","-"
"2024/05/29","18:36","-","-","2.97"
"2024/05/29","19:00","2.305","-","-"
"2024/05/29","20:00","2.096","-","-"
"2024/05/29","21:00","1.711","-","-"
"2024/05/29","22:00","1.272","-","-"
"2024/05/29","23:00","0.864","-","-"
"2024/05/30","00:00","0.557","-","1.25"
"2024/05/30","01:00","0.429","-","-"
"2024/05/30","02:00","0.533","-","-"
"2024/05/30","03:00","0.866","-","-"
"2024/05/30","04:00","1.359","-","-"
"2024/05/30","05:00","1.897","-","-"
"2024/05/30","06:00","2.324","-","-"
"2024/05/30","07:00","2.496","-","-"
"2024/05/30","07:18","-","-","3.09"
"2024/05/30","08:00","2.361","-","-"
"2024/05/30","09:00","1.995","-","-"
"2024/05/30","10:00","1.522","-","-"
"2024/05/30","11:00","1.036","-","-"
"2024/05/30","12:00","0.606","-","-"
"2024/05/30","13:00","0.321","-","-"
"2024/05/30","13:42","-","-","0.99"
"2024/05/30","14:00","0.27","-","-"
"2024/05/30","15:00","0.485","-","-"
"2024/05/30","16:00","0.92","-","-"
"2024/05/30","17:00","1.477","-","-"
"2024/05/30","18:00","2.011","-","-"
"2024/05/30","19:00","2.357","-","-"
"2024/05/30","19:48","-","-","3"
"2024/05/30","20:00","2.407","-","-"
"2024/05/30","21:00","2.188","-","-"
"2024/05/30","22:00","1.812","-","-"
"2024/05/30","23:00","1.376","-","-"
"2024/05/31","00:00","0.937","-","-"
"2024/05/31","01:00","0.579","-","-"
"2024/05/31","02:00","0.407","-","0.77"
"2024/05/31","03:00","0.49","-","-"
"2024/05/31","04:00","0.811","-","-"
"2024/05/31","05:00","1.301","-","-"
"2024/05/31","06:00","1.84","-","-"
"2024/05/31","07:00","2.266","-","-"
"2024/05/31","07:48","-","-","3.08"
"2024/05/31","08:00","2.43","-","-"
"2024/05/31","09:00","2.299","-","-"
"2024/05/31","10:00","1.958","-","-"
"2024/05/31","11:00","1.509","-","-"
"2024/05/31","12:00","1.017","-","-"
"2024/05/31","13:00","0.566","-","-"
"2024/05/31","14:00","0.278","-","-"
"2024/05/31","14:48","-","-","0.92"
"2024/05/31","15:00","0.256","-","-"
"2024/05/31","16:00","0.513","-","-"
"2024/05/31","17:00","0.992","-","-"
"2024/05/31","18:00","1.588","-","-"
"2024/05/31","19:00","2.146","-","-"
"2024/05/31","20:00","2.492","-","-"
"2024/05/31","20:42","-","-","3.19"
"2024/05/31","21:00","2.538","-","-"
"2024/05/31","22:00","2.328","-","-"
"2024/05/31","23:00","1.955","-","-"
"2024/06/01","00:00","1.483","-","-"
"2024/06/01","01:00","0.98","-","-"
"2024/06/01","02:00","0.563","-","-"
"2024/06/01","03:00","0.358","-","-"
"2024/06/01","03:30","-","-","0.64"
"2024/06/01","04:00","0.42","-","-"
"2024/06/01","05:00","0.731","-","-"
"2024/06/01","06:00","1.224","-","-"
"2024/06/01","07:00","1.773","-","-"
"2024/06/01","08:00","2.203","-","-"
"2024/06/01","09:00","2.376","-","-"
"2024/06/01","09:06","-","-","2.7"
"2024/06/01","10:00","2.271","-","-"
"2024/06/01","11:00","1.955","-","-"
"2024/06/01","12:00","1.497","-","-"
"2024/06/01","13:00","0.971","-","-"
"2024/06/01","14:00","0.5","-","-"
"2024/06/01","15:00","0.228","-","-"
"2024/06/01","15:24","-","-","0.4"
"2024/06/01","16:00","0.242","-","-"
"2024/06/01","17:00","0.542","-","-"
"2024/06/01","18:00","1.068","-","-"
"2024/06/01","19:00","1.706","-","-"
"2024/06/01","20:00","2.285","-","-"
"2024/06/01","21:00","2.641","-","-"
"2024/06/01","21:24","-","-","3.16"
"2024/06/01","22:00","2.701","-","-"
"2024/06/01","23:00","2.496","-","-"
"2024/06/02","00:00","2.091","-","-"
"2024/06/02","01:00","1.552","-","-"
"2024/06/02","02:00","0.983","-","-"
"2024/06/02","03:00","0.523","-","-"
"2024/06/02","04:00","0.291","-","-"
"2024/06/02","04:24","-","-","0.51"
"2024/06/02","05:00","0.336","-","-"
"2024/06/02","06:00","0.644","-","-"
"2024/06/02","07:00","1.147","-","-"
"2024/06/02","08:00","1.71","-","-"
"2024/06/02","09:00","2.157","-","-"
"2024/06/02","10:00","2.358","-","-"
"2024/06/02","10:24","-","-","2.71"
"2024/06/02","11:00","2.277","-","-"
"2024/06/02","12:00","1.952","-","-"
"2024/06/02","13:00","1.457","-","-"
"2024/06/02","14:00","0.899","-","-"
"2024/06/02","15:00","0.426","-","-"
"2024/06/02","16:00","0.178","-","-"
"2024/06/02","16:12","-","-","0.54"
"2024/06/02","17:00","0.231","-","-"
"2024/06/02","18:00","0.578","-","-"
"2024/06/02","19:00","1.151","-","-"
"2024/06/02","20:00","1.825","-","-"
"2024/06/02","21:00","2.43","-","-"
"2024/06/02","22:00","2.807","-","-"
"2024/06/02","22:30","-","-","3.37"
"2024/06/02","23:00","2.874","-","-"
"2024/06/03","00:00","2.641","-","-"
"2024/06/03","01:00","2.175","-","-"
"2024/06/03","02:00","1.571","-","-"
"2024/06/03","03:00","0.953","-","-"
"2024/06/03","04:00","0.464","-","-"
"2024/06/03","05:00","0.214","-","-"
"2024/06/03","05:24","-","-","0.66"
"2024/06/03","06:00","0.255","-","-"
"2024/06/03","07:00","0.571","-","-"
"2024/06/03","08:00","1.089","-","-"
"2024/06/03","09:00","1.675","-","-"
"2024/06/03","10:00","2.154","-","-"
"2024/06/03","11:00","2.376","-","-"
"2024/06/03","11:18","-","-","2.77"
"2024/06/03","12:00","2.285","-","-"
"2024/06/03","13:00","1.922","-","-"
"2024/06/03","14:00","1.388","-","-"
"2024/06/03","15:00","0.815","-","-"
"2024/06/03","16:00","0.353","-","-"
"2024/06/03","17:00","0.136","-","0.51"
"2024/06/03","18:00","0.232","-","-"
"2024/06/03","19:00","0.626","-","-"
"2024/06/03","20:00","1.239","-","-"
"2024/06/03","21:00","1.949","-","-"
"2024/06/03","22:00","2.584","-","-"
"2024/06/03","23:00","2.969","-","-"
"2024/06/03","23:24","-","-","3.62"
"2024/06/04","00:00","3.007","-","-"
"2024/06/04","01:00","2.717","-","-"
"2024/06/04","02:00","2.192","-","-"
"2024/06/04","03:00","1.543","-","-"
"2024/06/04","04:00","0.897","-","-"
"2024/06/04","05:00","0.394","-","-"
"2024/06/04","06:00","0.146","-","0.62"
"2024/06/04","07:00","0.197","-","-"
"2024/06/04","08:00","0.528","-","-"
"2024/06/04","09:00","1.073","-","-"
"2024/06/04","10:00","1.695","-","-"
"2024/06/04","11:00","2.195","-","-"
"2024/06/04","12:00","2.401","-","-"
"2024/06/04","12:12","-","-","3.01"
"2024/06/04","13:00","2.267","-","-"
"2024/06/04","14:00","1.863","-","-"
"2024/06/04","15:00","1.307","-","-"
"2024/06/04","16:00","0.731","-","-"
"2024/06/04","17:00","0.289","-","-"
"2024/06/04","18:00","0.112","-","0.66"
"2024/06/04","19:00","0.255","-","-"
"2024/06/04","20:00","0.687","-","-"
"2024/06/04","21:00","1.337","-","-"
"2024/06/04","22:00","2.082","-","-"
"2024/06/04","23:00","2.728","-","-"
"2024/06/05","00:00","3.08","-","-"
"2024/06/05","00:18","-","-","3.92"
"2024/06/05","01:00","3.056","-","-"
"2024/06/05","02:00","2.71","-","-"
"2024/06/05","03:00","2.146","-","-"
"2024/06/05","04:00","1.473","-","-"
"2024/06/05","05:00","0.818","-","-"
"2024/06/05","06:00","0.327","-","-"
"2024/06/05","07:00","0.101","-","0.9"
"2024/06/05","08:00","0.174","-","-"
"2024/06/05","09:00","0.534","-","-"
"2024/06/05","10:00","1.119","-","-"
"2024/06/05","11:00","1.767","-","-"
"2024/06/05","12:00","2.249","-","-"
"2024/06/05","12:54","-","-","3.32"
"2024/06/05","13:00","2.403","-","-"
"2024/06/05","14:00","2.221","-","-"
"2024/06/05","15:00","1.79","-","-"
"2024/06/05","16:00","1.222","-","-"
"2024/06/05","17:00","0.654","-","-"
"2024/06/05","18:00","0.246","-","-"
"2024/06/05","19:00","0.117","-","0.88"
"2024/06/05","20:00","0.3","-","-"
"2024/06/05","21:00","0.769","-","-"
"2024/06/05","22:00","1.455","-","-"
"2024/06/05","23:00","2.213","-","-"
"2024/06/06","00:00","2.824","-","-"
"2024/06/06","01:00","3.106","-","-"
"2024/06/06","01:06","-","-","3.78"
"2024/06/06","02:00","3.017","-","-"
"2024/06/06","03:00","2.632","-","-"
"2024/06/06","04:00","2.046","-","-"
"2024/06/06","05:00","1.366","-","-"
"2024/06/06","06:00","0.73","-","-"
"2024/06/06","07:00","0.275","-","-"
"2024/06/06","08:00","0.086","-","-"
"2024/06/06","08:12","-","-","0.61"
"2024/06/06","09:00","0.197","-","-"
"2024/06/06","10:00","0.604","-","-"
"2024/06/06","11:00","1.223","-","-"
"2024/06/06","12:00","1.857","-","-"
"2024/06/06","13:00","2.283","-","-"
"2024/06/06","14:00","2.379","-","2.99"
"2024/06/06","15:00","2.159","-","-"
"2024/06/06","16:00","1.709","-","-"
"2024/06/06","17:00","1.139","-","-"
"2024/06/06","18:00","0.596","-","-"
"2024/06/06","19:00","0.233","-","-"
"2024/06/06","19:30","-","-","0.65"
"2024/06/06","20:00","0.151","-","-"
"2024/06/06","21:00","0.375","-","-"
"2024/06/06","22:00","0.881","-","-"
"2024/06/06","23:00","1.584","-","-"
"2024/06/07","00:00","2.309","-","-"
"2024/06/07","01:00","2.844","-","-"
"2024/06/07","02:00","3.047","-","-"
"2024/06/07","02:06","-","-","3.6"
"2024/06/07","03:00","2.907","-","-"
"2024/06/07","04:00","2.494","-","-"
"2024/06/07","05:00","1.9","-","-"
"2024/06/07","06:00","1.239","-","-"
"2024/06/07","07:00","0.645","-","-"
"2024/06/07","08:00","0.242","-","-"
"2024/06/07","08:30","-","-","0.7"
"2024/06/07","09:00","0.109","-","-"
"2024/06/07","10:00","0.279","-","-"
"2024/06/07","11:00","0.73","-","-"
"2024/06/07","12:00","1.346","-","-"
"2024/06/07","13:00","1.93","-","-"
"2024/06/07","14:00","2.292","-","-"
"2024/06/07","14:42","-","-","3.08"
"2024/06/07","15:00","2.337","-","-"
"2024/06/07","16:00","2.086","-","-"
"2024/06/07","17:00","1.623","-","-"
"2024/06/07","18:00","1.066","-","-"
"2024/06/07","19:00","0.562","-","-"
"2024/06/07","20:00","0.249","-","-"
"2024/06/07","20:36","-","-","0.81"
"2024/06/07","21:00","0.218","-","-"
"2024/06/07","22:00","0.489","-","-"
"2024/06/07","23:00","1.017","-","-"
"2024/06/08","00:00","1.693","-","-"
"2024/06/08","01:00","2.345","-","-"
"2024/06/08","02:00","2.795","-","-"
"2024/06/08","02:54","-","-","3.67"
"2024/06/08","03:00","2.929","-","-"
"2024/06/08","04:00","2.744","-","-"
"2024/06/08","05:00","2.311","-","-"
"2024/06/08","06:00","1.728","-","-"
"2024/06/08","07:00","1.105","-","-"
"2024/06/08","08:00","0.568","-","-"
"2024/06/08","09:00","0.236","-","-"
"2024/06/08","09:48","-","-","0.93"
"2024/06/08","10:00","0.18","-","-"
"2024/06/08","11:00","0.409","-","-"
"2024/06/08","12:00","0.873","-","-"
"2024/06/08","13:00","1.455","-","-"
"2024/06/08","14:00","1.982","-","-"
"2024/06/08","15:00","2.285","-","-"
"2024/06/08","15:24","-","-","3.03"
"2024/06/08","16:00","2.282","-","-"
"2024/06/08","17:00","2.002","-","-"
"2024/06/08","18:00","1.539","-","-"
"2024/06/08","19:00","1.009","-","-"
"2024/06/08","20:00","0.549","-","-"
"2024/06/08","21:00","0.295","-","-"
"2024/06/08","21:30","-","-","0.9"
"2024/06/08","22:00","0.325","-","-"
"2024/06/08","23:00","0.632","-","-"
"2024/06/09","00:00","1.145","-","-"
"2024/06/09","01:00","1.759","-","-"
"2024/06/09","02:00","2.331","-","-"
"2024/06/09","03:00","2.702","-","-"
"2024/06/09","03:30","-","-","3.47"
"2024/06/09","04:00","2.77","-","-"
"2024/06/09","05:00","2.544","-","-"
"2024/06/09","06:00","2.104","-","-"
"2024/06/09","07:00","1.545","-","-"
"2024/06/09","08:00","0.971","-","-"
"2024/06/09","09:00","0.509","-","-"
"2024/06/09","10:00","0.268","-","-"
"2024/06/09","10:18","-","-","0.74"
"2024/06/09","11:00","0.289","-","-"
"2024/06/09","12:00","0.55","-","-"
"2024/06/09","13:00","1.002","-","-"
"2024/06/09","14:00","1.547","-","-"
"2024/06/09","15:00","2.022","-","-"
"2024/06/09","16:00","2.265","-","-"
"2024/06/09","16:12","-","-","2.76"
"2024/06/09","17:00","2.214","-","-"
"2024/06/09","18:00","1.914","-","-"
"2024/06/09","19:00","1.46","-","-"
"2024/06/09","20:00","0.963","-","-"
"2024/06/09","21:00","0.56","-","-"
"2024/06/09","21:54","-","-","0.99"
"2024/06/09","22:00","0.377","-","-"
"2024/06/09","23:00","0.461","-","-"
"2024/06/10","00:00","0.769","-","-"
"2024/06/10","01:00","1.238","-","-"
"2024/06/10","02:00","1.788","-","-"
"2024/06/10","03:00","2.288","-","-"
"2024/06/10","04:00","2.581","-","-"
"2024/06/10","04:18","-","-","3.5"
"2024/06/10","05:00","2.584","-","-"
"2024/06/10","06:00","2.326","-","-"
"2024/06/10","07:00","1.89","-","-"
"2024/06/10","08:00","1.362","-","-"
"2024/06/10","09:00","0.851","-","-"
"2024/06/10","10:00","0.482","-","-"
"2024/06/10","11:00","0.332","-","0.99"
"2024/06/10","12:00","0.405","-","-"
"2024/06/10","13:00","0.677","-","-"
"2024/06/10","14:00","1.117","-","-"
"2024/06/10","15:00","1.633","-","-"
"2024/06/10","16:00","2.054","-","-"
"2024/06/10","17:00","2.234","-","-"
"2024/06/10","17:18","-","-","2.88"
"2024/06/10","18:00","2.139","-","-"
"2024/06/10","19:00","1.827","-","-"
"2024/06/10","20:00","1.387","-","-"
"2024/06/10","21:00","0.932","-","-"
"2024/06/10","22:00","0.599","-","-"
"2024/06/10","22:54","-","-","1.09"
"2024/06/10","23:00","0.483","-","-"
"2024/06/11","00:00","0.587","-","-"
"2024/06/11","01:00","0.871","-","-"
"2024/06/11","02:00","1.297","-","-"
"2024/06/11","03:00","1.796","-","-"
"2024/06/11","04:00","2.226","-","-"
"2024/06/11","04:54","-","-","3.03"
"2024/06/11","05:00","2.441","-","-"
"2024/06/11","06:00","2.386","-","-"
"2024/06/11","07:00","2.106","-","-"
"2024/06/11","08:00","1.678","-","-"
"2024/06/11","09:00","1.193","-","-"
"2024/06/11","10:00","0.762","-","-"
"2024/06/11","11:00","0.485","-","-"
"2024/06/11","11:54","-","-","1.11"
"2024/06/11","12:00","0.401","-","-"
"2024/06/11","13:00","0.504","-","-"
"2024/06/11","14:00","0.791","-","-"
"2024/06/11","15:00","1.233","-","-"
"2024/06/11","16:00","1.719","-","-"
"2024/06/11","17:00","2.079","-","-"
"2024/06/11","17:36","-","-","3.21"
"2024/06/11","18:00","2.198","-","-"
"2024/06/11","19:00","2.065","-","-"
"2024/06/11","20:00","1.743","-","-"
"2024/06/11","21:00","1.326","-","-"
"2024/06/11","22:00","0.927","-","-"
"2024/06/11","23:00","0.658","-","-"
"2024/06/12","00:00","0.574","-","-"
"2024/06/12","00:12","-","-","1.22"
"2024/06/12","01:00","0.674","-","-"
"2024/06/12","02:00","0.937","-","-"
"2024/06/12","03:00","1.337","-","-"
"2024/06/12","04:00","1.788","-","-"
"2024/06/12","05:00","2.148","-","-"
"2024/06/12","05:54","-","-","3.07"
"2024/06/12","06:00","2.292","-","-"
"2024/06/12","07:00","2.189","-","-"
"2024/06/12","08:00","1.892","-","-"
"2024/06/12","09:00","1.484","-","-"
"2024/06/12","10:00","1.058","-","-"
"2024/06/12","11:00","0.705","-","-"
"2024/06/12","12:00","0.493","-","-"
"2024/06/12","12:12","-","-","1.14"
"2024/06/12","13:00","0.452","-","-"
"2024/06/12","14:00","0.592","-","-"
"2024/06/12","15:00","0.909","-","-"
"2024/06/12","16:00","1.355","-","-"
"2024/06/12","17:00","1.804","-","-"
"2024/06/12","18:00","2.103","-","-"
"2024/06/12","18:24","-","-","2.89"
"2024/06/12","19:00","2.164","-","-"
"2024/06/12","20:00","1.996","-","-"
"2024/06/12","21:00","1.673","-","-"
"2024/06/12","22:00","1.291","-","-"
"2024/06/12","23:00","0.94","-","-"
"2024/06/13","00:00","0.701","-","-"
"2024/06/13","01:00","0.622","-","-"
"2024/06/13","01:06","-","-","1.1"
"2024/06/13","02:00","0.719","-","-"
"2024/06/13","03:00","0.978","-","-"
"2024/06/13","04:00","1.357","-","-"
"2024/06/13","05:00","1.762","-","-"
"2024/06/13","06:00","2.058","-","-"
"2024/06/13","06:54","-","-","2.82"
"2024/06/13","07:00","2.142","-","-"
"2024/06/13","08:00","2","-","-"
"2024/06/13","09:00","1.701","-","-"
"2024/06/13","10:00","1.33","-","-"
"2024/06/13","11:00","0.959","-","-"
"2024/06/13","12:00","0.655","-","-"
"2024/06/13","13:00","0.485","-","-"
"2024/06/13","13:18","-","-","1.02"
"2024/06/13","14:00","0.492","-","-"
"2024/06/13","15:00","0.684","-","-"
"2024/06/13","16:00","1.037","-","-"
"2024/06/13","17:00","1.48","-","-"
"2024/06/13","18:00","1.891","-","-"
"2024/06/13","19:00","2.132","-","-"
"2024/06/13","19:12","-","-","2.88"
"2024/06/13","20:00","2.138","-","-"
"2024/06/13","21:00","1.944","-","-"
"2024/06/13","22:00","1.634","-","-"
"2024/06/13","23:00","1.277","-","-"
"2024/06/14","00:00","0.939","-","-"
"2024/06/14","01:00","0.7","-","-"
"2024/06/14","01:48","-","-","1"
"2024/06/14","02:00","0.626","-","-"
"2024/06/14","03:00","0.734","-","-"
"2024/06/14","04:00","0.995","-","-"
"2024/06/14","05:00","1.357","-","-"
"2024/06/14","06:00","1.723","-","-"
"2024/06/14","07:00","1.965","-","-"
"2024/06/14","07:42","-","-","2.64"
"2024/06/14","08:00","1.998","-","-"
"2024/06/14","09:00","1.835","-","-"
"2024/06/14","10:00","1.553","-","-"
"2024/06/14","11:00","1.216","-","-"
"2024/06/14","12:00","0.871","-","-"
"2024/06/14","13:00","0.591","-","-"
"2024/06/14","14:00","0.466","-","-"
"2024/06/14","14:06","-","-","1.04"
"2024/06/14","15:00","0.536","-","-"
"2024/06/14","16:00","0.785","-","-"
"2024/06/14","17:00","1.169","-","-"
"2024/06/14","18:00","1.611","-","-"
"2024/06/14","19:00","1.984","-","-"
"2024/06/14","20:00","2.168","-","-"
"2024/06/14","20:18","-","-","3.04"
"2024/06/14","21:00","2.13","-","-"
"2024/06/14","22:00","1.928","-","-"
"2024/06/14","23:00","1.622","-","-"
"2024/06/15","00:00","1.255","-","-"
"2024/06/15","01:00","0.898","-","-"
"2024/06/15","02:00","0.657","-","-"
"2024/06/15","02:48","-","-","1.26"
"2024/06/15","03:00","0.6","-","-"
"2024/06/15","04:00","0.725","-","-"
"2024/06/15","05:00","0.991","-","-"
"2024/06/15","06:00","1.343","-","-"
"2024/06/15","07:00","1.679","-","-"
"2024/06/15","08:00","1.878","-","-"
"2024/06/15","08:54","-","-","2.75"
"2024/06/15","09:00","1.878","-","-"
"2024/06/15","10:00","1.716","-","-"
"2024/06/15","11:00","1.451","-","-"
"2024/06/15","12:00","1.116","-","-"
"2024/06/15","13:00","0.769","-","-"
"2024/06/15","14:00","0.516","-","-"
"2024/06/15","14:42","-","-","1.21"
"2024/06/15","15:00","0.45","-","-"
"2024/06/15","16:00","0.587","-","-"
"2024/06/15","17:00","0.89","-","-"
"2024/06/15","18:00","1.306","-","-"
"2024/06/15","19:00","1.746","-","-"
"2024/06/15","20:00","2.082","-","-"
"2024/06/15","21:00","2.22","-","3.2"
"2024/06/15","22:00","2.157","-","-"
"2024/06/15","23:00","1.941","-","-"
"2024/06/16","00:00","1.604","-","-"
"2024/06/16","01:00","1.195","-","-"
"2024/06/16","02:00","0.817","-","-"
"2024/06/16","03:00","0.586","-","-"
"2024/06/16","03:42","-","-","0.99"
"2024/06/16","04:00","0.552","-","-"
"2024/06/16","05:00","0.695","-","-"
"2024/06/16","06:00","0.975","-","-"
"2024/06/16","07:00","1.327","-","-"
"2024/06/16","08:00","1.643","-","-"
"2024/06/16","09:00","1.815","-","-"
"2024/06/16","09:30","-","-","2.5"
"2024/06/16","10:00","1.807","-","-"
"2024/06/16","11:00","1.647","-","-"
"2024/06/16","12:00","1.366","-","-"
"2024/06/16","13:00","1.004","-","-"
"2024/06/16","14:00","0.655","-","-"
"2024/06/16","15:00","0.442","-","-"
"2024/06/16","15:18","-","-","0.9"
"2024/06/16","16:00","0.439","-","-"
"2024/06/16","17:00","0.64","-","-"
"2024/06/16","18:00","0.998","-","-"
"2024/06/16","19:00","1.446","-","-"
"2024/06/16","20:00","1.883","-","-"
"2024/06/16","21:00","2.192","-","-"
"2024/06/16","21:48","-","-","3.08"
"2024/06/16","22:00","2.302","-","-"
"2024/06/16","23:00","2.211","-","-"
"2024/06/17","00:00","1.948","-","-"
"2024/06/17","01:00","1.55","-","-"
"2024/06/17","02:00","1.096","-","-"
"2024/06/17","03:00","0.71","-","-"
"2024/06/17","04:00","0.496","-","-"
"2024/06/17","04:24","-","-","1.06"
"2024/06/17","05:00","0.487","-","-"
"2024/06/17","06:00","0.659","-","-"
"2024/06/17","07:00","0.964","-","-"
"2024/06/17","08:00","1.324","-","-"
"2024/06/17","09:00","1.635","-","-"
"2024/06/17","10:00","1.803","-","-"
"2024/06/17","10:24","-","-","2.54"
"2024/06/17","11:00","1.788","-","-"
"2024/06/17","12:00","1.598","-","-"
"2024/06/17","13:00","1.271","-","-"
"2024/06/17","14:00","0.881","-","-"
"2024/06/17","15:00","0.543","-","-"
"2024/06/17","16:00","0.374","-","-"
"2024/06/17","16:12","-","-","0.97"
"2024/06/17","17:00","0.432","-","-"
"2024/06/17","18:00","0.698","-","-"
"2024/06/17","19:00","1.111","-","-"
"2024/06/17","20:00","1.588","-","-"
"2024/06/17","21:00","2.029","-","-"
"2024/06/17","22:00","2.325","-","-"
"2024/06/17","22:30","-","-","3.15"
"2024/06/17","23:00","2.405","-","-"
"2024/06/18","00:00","2.256","-","-"
"2024/06/18","01:00","1.916","-","-"
"2024/06/18","02:00","1.454","-","-"
"2024/06/18","03:00","0.97","-","-"
"2024/06/18","04:00","0.586","-","-"
"2024/06/18","05:00","0.394","-","-"
"2024/06/18","05:24","-","-","0.75"
"2024/06/18","06:00","0.421","-","-"
"2024/06/18","07:00","0.632","-","-"
"2024/06/18","08:00","0.969","-","-"
"2024/06/18","09:00","1.354","-","-"
"2024/06/18","10:00","1.681","-","-"
"2024/06/18","11:00","1.844","-","-"
"2024/06/18","11:24","-","-","2.38"
"2024/06/18","12:00","1.79","-","-"
"2024/06/18","13:00","1.541","-","-"
"2024/06/18","14:00","1.165","-","-"
"2024/06/18","15:00","0.758","-","-"
"2024/06/18","16:00","0.436","-","-"
"2024/06/18","17:00","0.312","-","-"
"2024/06/18","17:06","-","-","0.87"
"2024/06/18","18:00","0.432","-","-"
"2024/06/18","19:00","0.763","-","-"
"2024/06/18","20:00","1.226","-","-"
"2024/06/18","21:00","1.738","-","-"
"2024/06/18","22:00","2.195","-","-"
"2024/06/18","23:00","2.474","-","-"
"2024/06/18","23:24","-","-","2.99"
"2024/06/19","00:00","2.492","-","-"
"2024/06/19","01:00","2.258","-","-"
"2024/06/19","02:00","1.841","-","-"
"2024/06/19","03:00","1.33","-","-"
"2024/06/19","04:00","0.826","-","-"
"2024/06/19","05:00","0.451","-","-"
"2024/06/19","06:00","0.294","-","0.51"
"2024/06/19","07:00","0.368","-","-"
"2024/06/19","08:00","0.627","-","-"
"2024/06/19","09:00","1.011","-","-"
"2024/06/19","10:00","1.439","-","-"
"2024/06/19","11:00","1.779","-","-"
"2024/06/19","12:00","1.905","-","-"
"2024/06/19","12:12","-","-","2.3"
"2024/06/19","13:00","1.783","-","-"
"2024/06/19","14:00","1.472","-","-"
"2024/06/19","15:00","1.058","-","-"
"2024/06/19","16:00","0.64","-","-"
"2024/06/19","17:00","0.337","-","-"
"2024/06/19","17:54","-","-","0.55"
"2024/06/19","18:00","0.262","-","-"
"2024/06/19","19:00","0.445","-","-"
"2024/06/19","20:00","0.835","-","-"
"2024/06/19","21:00","1.352","-","-"
"2024/06/19","22:00","1.91","-","-"
"2024/06/19","23:00","2.375","-","-"
"2024/06/20","00:00","2.603","-","2.82"
"2024/06/20","01:00","2.532","-","-"
"2024/06/20","02:00","2.212","-","-"
"2024/06/20","03:00","1.734","-","-"
"2024/06/20","04:00","1.185","-","-"
"2024/06/20","05:00","0.67","-","-"
"2024/06/20","06:00","0.319","-","-"
"2024/06/20","06:48","-","-","0.35"
"2024/06/20","07:00","0.21","-","-"
"2024/06/20","08:00","0.338","-","-"
"2024/06/20","09:00","0.658","-","-"
"2024/06/20","10:00","1.109","-","-"
"2024/06/20","11:00","1.576","-","-"
"2024/06/20","12:00","1.896","-","-"
"2024/06/20","12:48","-","-","2.24"
"2024/06/20","13:00","1.956","-","-"
"2024/06/20","14:00","1.764","-","-"
"2024/06/20","15:00","1.401","-","-"
"2024/06/20","16:00","0.955","-","-"
"2024/06/20","17:00","0.528","-","-"
"2024/06/20","18:00","0.253","-","-"
"2024/06/20","18:36","-","-","0.32"
"2024/06/20","19:00","0.23","-","-"
"2024/06/20","20:00","0.472","-","-"
"2024/06/20","21:00","0.923","-","-"
"2024/06/20","22:00","1.503","-","-"
"2024/06/20","23:00","2.096","-","-"
"2024/06/21","00:00","2.534","-","-"
"2024/06/21","00:54","-","-","2.78"
"2024/06/21","01:00","2.682","-","-"
"2024/06/21","02:00","2.524","-","-"
"2024/06/21","03:00","2.134","-","-"
"2024/06/21","04:00","1.604","-","-"
"2024/06/21","05:00","1.025","-","-"
"2024/06/21","06:00","0.516","-","-"
"2024/06/21","07:00","0.202","-","-"
"2024/06/21","07:36","-","-","0.04"
"2024/06/21","08:00","0.147","-","-"
"2024/06/21","09:00","0.343","-","-"
"2024/06/21","10:00","0.744","-","-"
"2024/06/21","11:00","1.259","-","-"
"2024/06/21","12:00","1.733","-","-"
"2024/06/21","13:00","2.001","-","-"
"2024/06/21","13:36","-","-","2.11"
"2024/06/21","14:00","1.991","-","-"
"2024/06/21","15:00","1.739","-","-"
"2024/06/21","16:00","1.331","-","-"
"2024/06/21","17:00","0.856","-","-"
"2024/06/21","18:00","0.432","-","-"
"2024/06/21","19:00","0.191","-","-"
"2024/06/21","19:12","-","-","0.24"
"2024/06/21","20:00","0.218","-","-"
"2024/06/21","21:00","0.52","-","-"
"2024/06/21","22:00","1.04","-","-"
"2024/06/21","23:00","1.672","-","-"
"2024/06/22","00:00","2.264","-","-"
"2024/06/22","01:00","2.645","-","-"
"2024/06/22","01:36","-","-","2.8"
"2024/06/22","02:00","2.713","-","-"
"2024/06/22","03:00","2.481","-","-"
"2024/06/22","04:00","2.031","-","-"
"2024/06/22","05:00","1.457","-","-"
"2024/06/22","06:00","0.863","-","-"
"2024/06/22","07:00","0.374","-","-"
"2024/06/22","08:00","0.107","-","-"
"2024/06/22","08:24","-","-","-0.05"
"2024/06/22","09:00","0.119","-","-"
"2024/06/22","10:00","0.4","-","-"
"2024/06/22","11:00","0.879","-","-"
"2024/06/22","12:00","1.426","-","-"
"2024/06/22","13:00","1.876","-","-"
"2024/06/22","14:00","2.09","-","-"
"2024/06/22","14:30","-","-","2.27"
"2024/06/22","15:00","2.02","-","-"
"2024/06/22","16:00","1.714","-","-"
"2024/06/22","17:00","1.263","-","-"
"2024/06/22","18:00","0.771","-","-"
"2024/06/22","19:00","0.358","-","-"
"2024/06/22","20:00","0.151","-","-"
"2024/06/22","20:06","-","-","0.36"
"2024/06/22","21:00","0.232","-","-"
"2024/06/22","22:00","0.601","-","-"
"2024/06/22","23:00","1.178","-","-"
"2024/06/23","00:00","1.827","-","-"
"2024/06/23","01:00","2.387","-","-"
"2024/06/23","02:00","2.707","-","-"
"2024/06/23","02:18","-","-","2.99"
"2024/06/23","03:00","2.708","-","-"
"2024/06/23","04:00","2.411","-","-"
"2024/06/23","05:00","1.908","-","-"
"2024/06/23","06:00","1.304","-","-"
"2024/06/23","07:00","0.71","-","-"
"2024/06/23","08:00","0.251","-","-"
"2024/06/23","09:00","0.043","-","-"
"2024/06/23","09:12","-","-","0.24"
"2024/06/23","10:00","0.141","-","-"
"2024/06/23","11:00","0.505","-","-"
"2024/06/23","12:00","1.032","-","-"
"2024/06/23","13:00","1.583","-","-"
"2024/06/23","14:00","2.005","-","-"
"2024/06/23","15:00","2.172","-","-"
"2024/06/23","15:12","-","-","2.41"
"2024/06/23","16:00","2.047","-","-"
"2024/06/23","17:00","1.689","-","-"
"2024/06/23","18:00","1.206","-","-"
"2024/06/23","19:00","0.705","-","-"
"2024/06/23","20:00","0.306","-","-"
"2024/06/23","21:00","0.139","-","-"
"2024/06/23","21:12","-","-","0.23"
"2024/06/23","22:00","0.281","-","-"
"2024/06/23","23:00","0.706","-","-"
"2024/06/24","00:00","1.304","-","-"
"2024/06/24","01:00","1.939","-","-"
"2024/06/24","02:00","2.462","-","-"
"2024/06/24","03:00","2.732","-","-"
"2024/06/24","03:18","-","-","2.87"
"2024/06/24","04:00","2.671","-","-"
"2024/06/24","05:00","2.315","-","-"
"2024/06/24","06:00","1.773","-","-"
"2024/06/24","07:00","1.154","-","-"
"2024/06/24","08:00","0.57","-","-"
"2024/06/24","09:00","0.156","-","-"
"2024/06/24","09:54","-","-","-0.07"
"2024/06/24","10:00","0.028","-","-"
"2024/06/24","11:00","0.21","-","-"
"2024/06/24","12:00","0.629","-","-"
"2024/06/24","13:00","1.178","-","-"
"2024/06/24","14:00","1.73","-","-"
"2024/06/24","15:00","2.131","-","-"
"2024/06/24","15:54","-","-","2.56"
"2024/06/24","16:00","2.252","-","-"
"2024/06/24","17:00","2.071","-","-"
"2024/06/24","18:00","1.671","-","-"
"2024/06/24","19:00","1.165","-","-"
"2024/06/24","20:00","0.66","-","-"
"2024/06/24","21:00","0.284","-","-"
"2024/06/24","21:48","-","-","0.49"
"2024/06/24","22:00","0.168","-","-"
"2024/06/24","23:00","0.359","-","-"
"2024/06/25","00:00","0.801","-","-"
"2024/06/25","01:00","1.389","-","-"
"2024/06/25","02:00","2.004","-","-"
"2024/06/25","03:00","2.499","-","-"
"2024/06/25","04:00","2.72","-","-"
"2024/06/25","04:06","-","-","3.03"
"2024/06/25","05:00","2.601","-","-"
"2024/06/25","06:00","2.2","-","-"
"2024/06/25","07:00","1.633","-","-"
"2024/06/25","08:00","1.01","-","-"
"2024/06/25","09:00","0.455","-","-"
"2024/06/25","10:00","0.109","-","-"
"2024/06/25","10:42","-","-","0.13"
"2024/06/25","11:00","0.061","-","-"
"2024/06/25","12:00","0.299","-","-"
"2024/06/25","13:00","0.749","-","-"
"2024/06/25","14:00","1.32","-","-"
"2024/06/25","15:00","1.88","-","-"
"2024/06/25","16:00","2.257","-","-"
"2024/06/25","16:54","-","-","2.59"
"2024/06/25","17:00","2.329","-","-"
"2024/06/25","18:00","2.099","-","-"
"2024/06/25","19:00","1.667","-","-"
"2024/06/25","20:00","1.145","-","-"
"2024/06/25","21:00","0.646","-","-"
"2024/06/25","22:00","0.306","-","-"
"2024/06/25","23:00","0.23","-","0.37"
"2024/06/26","00:00","0.432","-","-"
"2024/06/26","01:00","0.859","-","-"
"2024/06/26","02:00","1.43","-","-"
"2024/06/26","03:00","2.032","-","-"
"2024/06/26","04:00","2.498","-","-"
"2024/06/26","05:00","2.669","-","2.78"
"2024/06/26","06:00","2.501","-","-"
"2024/06/26","07:00","2.07","-","-"
"2024/06/26","08:00","1.491","-","-"
"2024/06/26","09:00","0.886","-","-"
"2024/06/26","10:00","0.384","-","-"
"2024/06/26","11:00","0.109","-","-"
"2024/06/26","11:30","-","-","0.52"
"2024/06/26","12:00","0.115","-","-"
"2024/06/26","13:00","0.386","-","-"
"2024/06/26","14:00","0.868","-","-"
"2024/06/26","15:00","1.468","-","-"
"2024/06/26","16:00","2.032","-","-"
"2024/06/26","17:00","2.378","-","-"
"2024/06/26","17:30","-","-","2.95"
"2024/06/26","18:00","2.404","-","-"
"2024/06/26","19:00","2.136","-","-"
"2024/06/26","20:00","1.68","-","-"
"2024/06/26","21:00","1.154","-","-"
"2024/06/26","22:00","0.678","-","-"
"2024/06/26","23:00","0.366","-","-"
"2024/06/26","23:36","-","-","0.77"
"2024/06/27","00:00","0.293","-","-"
"2024/06/27","01:00","0.473","-","-"
"2024/06/27","02:00","0.877","-","-"
"2024/06/27","03:00","1.438","-","-"
"2024/06/27","04:00","2.024","-","-"
"2024/06/27","05:00","2.453","-","-"
"2024/06/27","06:00","2.58","-","-"
"2024/06/27","07:00","2.378","-","3.13"
"2024/06/27","08:00","1.931","-","-"
"2024/06/27","09:00","1.363","-","-"
"2024/06/27","10:00","0.8","-","-"
"2024/06/27","11:00","0.357","-","-"
"2024/06/27","12:00","0.129","-","-"
"2024/06/27","12:24","-","-","0.49"
"2024/06/27","13:00","0.168","-","-"
"2024/06/27","14:00","0.472","-","-"
"2024/06/27","15:00","0.994","-","-"
"2024/06/27","16:00","1.62","-","-"
"2024/06/27","17:00","2.178","-","-"
"2024/06/27","18:00","2.491","-","-"
"2024/06/27","18:36","-","-","3.04"
"2024/06/27","19:00","2.478","-","-"
"2024/06/27","20:00","2.181","-","-"
"2024/06/27","21:00","1.717","-","-"
"2024/06/27","22:00","1.208","-","-"
"2024/06/27","23:00","0.75","-","-"
"2024/06/28","00:00","0.432","-","-"
"2024/06/28","00:54","-","-","0.7"
"2024/06/28","01:00","0.33","-","-"
"2024/06/28","02:00","0.482","-","-"
"2024/06/28","03:00","0.87","-","-"
"2024/06/28","04:00","1.416","-","-"
"2024/06/28","05:00","1.977","-","-"
"2024/06/28","06:00","2.372","-","-"
"2024/06/28","06:42","-","-","2.86"
"2024/06/28","07:00","2.465","-","-"
"2024/06/28","08:00","2.242","-","-"
"2024/06/28","09:00","1.802","-","-"
"2024/06/28","10:00","1.273","-","-"
"2024/06/28","11:00","0.758","-","-"
"2024/06/28","12:00","0.35","-","-"
"2024/06/28","12:54","-","-","1"
"2024/06/28","13:00","0.147","-","-"
"2024/06/28","14:00","0.217","-","-"
"2024/06/28","15:00","0.565","-","-"
"2024/06/28","16:00","1.123","-","-"
"2024/06/28","17:00","1.763","-","-"
"2024/06/28","18:00","2.309","-","-"
"2024/06/28","19:00","2.593","-","3.27"
"2024/06/28","20:00","2.549","-","-"
"2024/06/28","21:00","2.241","-","-"
"2024/06/28","22:00","1.793","-","-"
"2024/06/28","23:00","1.298","-","-"
"2024/06/29","00:00","0.828","-","-"
"2024/06/29","01:00","0.476","-","-"
"2024/06/29","01:48","-","-","0.96"
"2024/06/29","02:00","0.34","-","-"
"2024/06/29","03:00","0.47","-","-"
"2024/06/29","04:00","0.839","-","-"
"2024/06/29","05:00","1.365","-","-"
"2024/06/29","06:00","1.902","-","-"
"2024/06/29","07:00","2.269","-","-"
"2024/06/29","07:42","-","-","3.1"
"2024/06/29","08:00","2.338","-","-"
"2024/06/29","09:00","2.117","-","-"
"2024/06/29","10:00","1.712","-","-"
"2024/06/29","11:00","1.226","-","-"
"2024/06/29","12:00","0.735","-","-"
"2024/06/29","13:00","0.338","-","-"
"2024/06/29","14:00","0.16","-","-"
"2024/06/29","14:06","-","-","0.79"
"2024/06/29","15:00","0.271","-","-"
"2024/06/29","16:00","0.657","-","-"
"2024/06/29","17:00","1.239","-","-"
"2024/06/29","18:00","1.887","-","-"
"2024/06/29","19:00","2.42","-","-"
"2024/06/29","20:00","2.678","-","-"
"2024/06/29","20:12","-","-","3.3"
"2024/06/29","21:00","2.621","-","-"
"2024/06/29","22:00","2.328","-","-"
"2024/06/29","23:00","1.898","-","-"
"2024/06/30","00:00","1.389","-","-"
"2024/06/30","01:00","0.879","-","-"
"2024/06/30","02:00","0.491","-","-"
"2024/06/30","03:00","0.334","-","0.77"
"2024/06/30","04:00","0.443","-","-"
"2024/06/30","05:00","0.79","-","-"
"2024/06/30","06:00","1.297","-","-"
"2024/06/30","07:00","1.816","-","-"
"2024/06/30","08:00","2.162","-","-"
"2024/06/30","08:42","-","-","2.65"
"2024/06/30","09:00","2.228","-","-"
"2024/06/30","10:00","2.037","-","-"
"2024/06/30","11:00","1.67","-","-"
"2024/06/30","12:00","1.199","-","-"
"2024/06/30","13:00","0.705","-","-"
"2024/06/30","14:00","0.32","-","-"
"2024/06/30","14:54","-","-","0.55"
"2024/06/30","15:00","0.176","-","-"
"2024/06/30","16:00","0.324","-","-"
"2024/06/30","17:00","0.737","-","-"
"2024/06/30","18:00","1.336","-","-"
"2024/06/30","19:00","1.987","-","-"
"2024/06/30","20:00","2.506","-","-"
"2024/06/30","20:36","-","-","3.29"
"2024/06/30","21:00","2.752","-","-"
"2024/06/30","22:00","2.706","-","-"
"2024/06/30","23:00","2.432","-","-"
"2024/07/01","00:00","1.99","-","-"
"2024/07/01","01:00","1.442","-","-"
"2024/07/01","02:00","0.895","-","-"
"2024/07/01","03:00","0.486","-","-"
"2024/07/01","03:30","-","-","0.32"
"2024/07/01","04:00","0.313","-","-"
"2024/07/01","05:00","0.402","-","-"
"2024/07/01","06:00","0.734","-","-"
"2024/07/01","07:00","1.231","-","-"
"2024/07/01","08:00","1.738","-","-"
"2024/07/01","09:00","2.082","-","-"
"2024/07/01","10:00","2.17","-","-"
"2024/07/01","10:30","-","-","3.13"
"2024/07/01","11:00","2.01","-","-"
"2024/07/01","12:00","1.653","-","-"
"2024/07/01","13:00","1.168","-","-"
"2024/07/01","14:00","0.669","-","-"
"2024/07/01","15:00","0.304","-","-"
"2024/07/01","15:54","-","-","0.91"
"2024/07/01","16:00","0.192","-","-"
"2024/07/01","17:00","0.367","-","-"
"2024/07/01","18:00","0.801","-","-"
"2024/07/01","19:00","1.412","-","-"
"2024/07/01","20:00","2.061","-","-"
"2024/07/01","21:00","2.574","-","-"
"2024/07/01","22:00","2.828","-","-"
"2024/07/01","22:12","-","-","3.24"
"2024/07/01","23:00","2.795","-","-"
"2024/07/02","00:00","2.511","-","-"
"2024/07/02","01:00","2.033","-","-"
"2024/07/02","02:00","1.447","-","-"
"2024/07/02","03:00","0.88","-","-"
"2024/07/02","04:00","0.461","-","-"
"2024/07/02","04:54","-","-","0.45"
"2024/07/02","05:00","0.276","-","-"
"2024/07/02","06:00","0.358","-","-"
"2024/07/02","07:00","0.688","-","-"
"2024/07/02","08:00","1.184","-","-"
"2024/07/02","09:00","1.696","-","-"
"2024/07/02","10:00","2.06","-","-"
"2024/07/02","10:42","-","-","2.42"
"2024/07/02","11:00","2.17","-","-"
"2024/07/02","12:00","2.011","-","-"
"2024/07/02","13:00","1.632","-","-"
"2024/07/02","14:00","1.128","-","-"
"2024/07/02","15:00","0.632","-","-"
"2024/07/02","16:00","0.289","-","-"
"2024/07/02","16:54","-","-","0.48"
"2024/07/02","17:00","0.202","-","-"
"2024/07/02","18:00","0.4","-","-"
"2024/07/02","19:00","0.851","-","-"
"2024/07/02","20:00","1.469","-","-"
"2024/07/02","21:00","2.121","-","-"
"2024/07/02","22:00","2.643","-","-"
"2024/07/02","22:54","-","-","3.24"
"2024/07/02","23:00","2.902","-","-"
"2024/07/03","00:00","2.852","-","-"
"2024/07/03","01:00","2.529","-","-"
"2024/07/03","02:00","2.014","-","-"
"2024/07/03","03:00","1.406","-","-"
"2024/07/03","04:00","0.831","-","-"
"2024/07/03","05:00","0.412","-","-"
"2024/07/03","06:00","0.234","-","-"
"2024/07/03","06:06","-","-","0.74"
"2024/07/03","07:00","0.325","-","-"
"2024/07/03","08:00","0.666","-","-"
"2024/07/03","09:00","1.179","-","-"
"2024/07/03","10:00","1.718","-","-"
"2024/07/03","11:00","2.1","-","-"
"2024/07/03","11:54","-","-","2.75"
"2024/07/03","12:00","2.2","-","-"
"2024/07/03","13:00","2.008","-","-"
"2024/07/03","14:00","1.6","-","-"
"2024/07/03","15:00","1.085","-","-"
"2024/07/03","16:00","0.595","-","-"
"2024/07/03","17:00","0.271","-","-"
"2024/07/03","17:48","-","-","0.74"
"2024/07/03","18:00","0.21","-","-"
"2024/07/03","19:00","0.431","-","-"
"2024/07/03","20:00","0.893","-","-"
"2024/07/03","21:00","1.523","-","-"
"2024/07/03","22:00","2.19","-","-"
"2024/07/03","23:00","2.713","-","-"
"2024/07/03","23:54","-","-","3.41"
"2024/07/04","00:00","2.943","-","-"
"2024/07/04","01:00","2.844","-","-"
"2024/07/04","02:00","2.48","-","-"
"2024/07/04","03:00","1.939","-","-"
"2024/07/04","04:00","1.321","-","-"
"2024/07/04","05:00","0.749","-","-"
"2024/07/04","06:00","0.35","-","-"
"2024/07/04","07:00","0.197","-","-"
"2024/07/04","07:06","-","-","0.54"
"2024/07/04","08:00","0.313","-","-"
"2024/07/04","09:00","0.685","-","-"
"2024/07/04","10:00","1.239","-","-"
"2024/07/04","11:00","1.802","-","-"
"2024/07/04","12:00","2.168","-","-"
"2024/07/04","12:54","-","-","2.75"
"2024/07/04","13:00","2.223","-","-"
"2024/07/04","14:00","1.992","-","-"
"2024/07/04","15:00","1.56","-","-"
"2024/07/04","16:00","1.036","-","-"
"2024/07/04","17:00","0.553","-","-"
"2024/07/04","18:00","0.255","-","-"
"2024/07/04","18:42","-","-","0.67"
"2024/07/04","19:00","0.224","-","-"
"2024/07/04","20:00","0.466","-","-"
"2024/07/04","21:00","0.947","-","-"
"2024/07/04","22:00","1.6","-","-"
"2024/07/04","23:00","2.271","-","-"
"2024/07/05","00:00","2.758","-","-"
"2024/07/05","01:00","2.924","-","-"
"2024/07/05","01:12","-","-","3.35"
"2024/07/05","02:00","2.77","-","-"
"2024/07/05","03:00","2.373","-","-"
"2024/07/05","04:00","1.814","-","-"
"2024/07/05","05:00","1.193","-","-"
"2024/07/05","06:00","0.645","-","-"
"2024/07/05","07:00","0.285","-","-"
"2024/07/05","07:30","-","-","0.72"
"2024/07/05","08:00","0.174","-","-"
"2024/07/05","09:00","0.337","-","-"
"2024/07/05","10:00","0.766","-","-"
"2024/07/05","11:00","1.36","-","-"
"2024/07/05","12:00","1.913","-","-"
"2024/07/05","13:00","2.226","-","-"
"2024/07/05","13:36","-","-","2.76"
"2024/07/05","14:00","2.229","-","-"
"2024/07/05","15:00","1.961","-","-"
"2024/07/05","16:00","1.508","-","-"
"2024/07/05","17:00","0.977","-","-"
"2024/07/05","18:00","0.513","-","-"
"2024/07/05","19:00","0.249","-","-"
"2024/07/05","19:42","-","-","0.71"
"2024/07/05","20:00","0.251","-","-"
"2024/07/05","21:00","0.522","-","-"
"2024/07/05","22:00","1.036","-","-"
"2024/07/05","23:00","1.702","-","-"
"2024/07/06","00:00","2.34","-","-"
"2024/07/06","01:00","2.754","-","-"
"2024/07/06","01:30","-","-","3.3"
"2024/07/06","02:00","2.847","-","-"
"2024/07/06","03:00","2.645","-","-"
"2024/07/06","04:00","2.216","-","-"
"2024/07/06","05:00","1.642","-","-"
"2024/07/06","06:00","1.037","-","-"
"2024/07/06","07:00","0.531","-","-"
"2024/07/06","08:00","0.227","-","-"
"2024/07/06","08:30","-","-","0.67"
"2024/07/06","09:00","0.18","-","-"
"2024/07/06","10:00","0.417","-","-"
"2024/07/06","11:00","0.905","-","-"
"2024/07/06","12:00","1.506","-","-"
"2024/07/06","13:00","2.012","-","-"
"2024/07/06","14:00","2.263","-","-"
"2024/07/06","14:24","-","-","2.84"
"2024/07/06","15:00","2.215","-","-"
"2024/07/06","16:00","1.912","-","-"
"2024/07/06","17:00","1.437","-","-"
"2024/07/06","18:00","0.911","-","-"
"2024/07/06","19:00","0.478","-","-"
"2024/07/06","20:00","0.256","-","-"
"2024/07/06","20:18","-","-","0.71"
"2024/07/06","21:00","0.302","-","-"
"2024/07/06","22:00","0.619","-","-"
"2024/07/06","23:00","1.16","-","-"
"2024/07/07","00:00","1.806","-","-"
"2024/07/07","01:00","2.374","-","-"
"2024/07/07","02:00","2.704","-","-"
"2024/07/07","02:24","-","-","3.23"
"2024/07/07","03:00","2.728","-","-"
"2024/07/07","04:00","2.476","-","-"
"2024/07/07","05:00","2.016","-","-"
"2024/07/07","06:00","1.441","-","-"
"2024/07/07","07:00","0.867","-","-"
"2024/07/07","08:00","0.419","-","-"
"2024/07/07","09:00","0.193","-","0.57"
"2024/07/07","10:00","0.238","-","-"
"2024/07/07","11:00","0.552","-","-"
"2024/07/07","12:00","1.069","-","-"
"2024/07/07","13:00","1.642","-","-"
"2024/07/07","14:00","2.09","-","-"
"2024/07/07","15:00","2.28","-","-"
"2024/07/07","15:18","-","-","3"
"2024/07/07","16:00","2.178","-","-"
"2024/07/07","17:00","1.837","-","-"
"2024/07/07","18:00","1.351","-","-"
"2024/07/07","19:00","0.843","-","-"
"2024/07/07","20:00","0.451","-","-"
"2024/07/07","21:00","0.285","-","-"
"2024/07/07","21:06","-","-","0.56"
"2024/07/07","22:00","0.394","-","-"
"2024/07/07","23:00","0.755","-","-"
"2024/07/08","00:00","1.291","-","-"
"2024/07/08","01:00","1.883","-","-"
"2024/07/08","02:00","2.372","-","-"
"2024/07/08","03:00","2.62","-","-"
"2024/07/08","03:18","-","-","2.97"
"2024/07/08","04:00","2.574","-","-"
"2024/07/08","05:00","2.269","-","-"
"2024/07/08","06:00","1.787","-","-"
"2024/07/08","07:00","1.225","-","-"
"2024/07/08","08:00","0.698","-","-"
"2024/07/08","09:00","0.331","-","-"
"2024/07/08","09:42","-","-","0.66"
"2024/07/08","10:00","0.209","-","-"
"2024/07/08","11:00","0.349","-","-"
"2024/07/08","12:00","0.714","-","-"
"2024/07/08","13:00","1.229","-","-"
"2024/07/08","14:00","1.764","-","-"
"2024/07/08","15:00","2.152","-","-"
"2024/07/08","15:48","-","-","2.8"
"2024/07/08","16:00","2.273","-","-"
"2024/07/08","17:00","2.113","-","-"
"2024/07/08","18:00","1.741","-","-"
"2024/07/08","19:00","1.255","-","-"
"2024/07/08","20:00","0.776","-","-"
"2024/07/08","21:00","0.441","-","-"
"2024/07/08","21:48","-","-","0.62"
"2024/07/08","22:00","0.352","-","-"
"2024/07/08","23:00","0.522","-","-"
"2024/07/09","00:00","0.897","-","-"
"2024/07/09","01:00","1.4","-","-"
"2024/07/09","02:00","1.93","-","-"
"2024/07/09","03:00","2.343","-","-"
"2024/07/09","04:00","2.506","-","-"
"2024/07/09","04:06","-","-","3.08"
"2024/07/09","05:00","2.385","-","-"
"2024/07/09","06:00","2.036","-","-"
"2024/07/09","07:00","1.546","-","-"
"2024/07/09","08:00","1.01","-","-"
"2024/07/09","09:00","0.552","-","-"
"2024/07/09","10:00","0.292","-","-"
"2024/07/09","10:30","-","-","0.79"
"2024/07/09","11:00","0.279","-","-"
"2024/07/09","12:00","0.489","-","-"
"2024/07/09","13:00","0.879","-","-"
"2024/07/09","14:00","1.385","-","-"
"2024/07/09","15:00","1.879","-","-"
"2024/07/09","16:00","2.197","-","-"
"2024/07/09","16:48","-","-","2.93"
"2024/07/09","17:00","2.24","-","-"
"2024/07/09","18:00","2.026","-","-"
"2024/07/09","19:00","1.631","-","-"
"2024/07/09","20:00","1.154","-","-"
"2024/07/09","21:00","0.72","-","-"
"2024/07/09","22:00","0.463","-","-"
"2024/07/09","22:42","-","-","0.92"
"2024/07/09","23:00","0.45","-","-"
"2024/07/10","00:00","0.653","-","-"
"2024/07/10","01:00","1.015","-","-"
"2024/07/10","02:00","1.481","-","-"
"2024/07/10","03:00","1.955","-","-"
"2024/07/10","04:00","2.286","-","-"
"2024/07/10","04:48","-","-","2.87"
"2024/07/10","05:00","2.36","-","-"
"2024/07/10","06:00","2.171","-","-"
"2024/07/10","07:00","1.791","-","-"
"2024/07/10","08:00","1.304","-","-"
"2024/07/10","09:00","0.817","-","-"
"2024/07/10","10:00","0.455","-","-"
"2024/07/10","11:00","0.308","-","-"
"2024/07/10","11:06","-","-","0.75"
"2024/07/10","12:00","0.38","-","-"
"2024/07/10","13:00","0.637","-","-"
"2024/07/10","14:00","1.046","-","-"
"2024/07/10","15:00","1.543","-","-"
"2024/07/10","16:00","1.985","-","-"
"2024/07/10","17:00","2.22","-","-"
"2024/07/10","17:30","-","-","2.93"
"2024/07/10","18:00","2.186","-","-"
"2024/07/10","19:00","1.923","-","-"
"2024/07/10","20:00","1.514","-","-"
"2024/07/10","21:00","1.062","-","-"
"2024/07/10","22:00","0.695","-","-"
"2024/07/10","23:00","0.516","-","-"
"2024/07/10","23:36","-","-","0.71"
"2024/07/11","00:00","0.548","-","-"
"2024/07/11","01:00","0.756","-","-"
"2024/07/11","02:00","1.103","-","-"
"2024/07/11","03:00","1.539","-","-"
"2024/07/11","04:00","1.952","-","-"
"2024/07/11","05:00","2.196","-","-"
"2024/07/11","05:42","-","-","2.43"
"2024/07/11","06:00","2.186","-","-"
"2024/07/11","07:00","1.943","-","-"
"2024/07/11","08:00","1.545","-","-"
"2024/07/11","09:00","1.084","-","-"
"2024/07/11","10:00","0.673","-","-"
"2024/07/11","11:00","0.415","-","-"
"2024/07/11","11:30","-","-","1.06"
"2024/07/11","12:00","0.357","-","-"
"2024/07/11","13:00","0.491","-","-"
"2024/07/11","14:00","0.79","-","-"
"2024/07/11","15:00","1.223","-","-"
"2024/07/11","16:00","1.7","-","-"
"2024/07/11","17:00","2.074","-","-"
"2024/07/11","18:00","2.222","-","2.89"
"2024/07/11","19:00","2.117","-","-"
"2024/07/11","20:00","1.814","-","-"
"2024/07/11","21:00","1.407","-","-"
"2024/07/11","22:00","1.002","-","-"
"2024/07/11","23:00","0.7","-","-"
"2024/07/12","00:00","0.568","-","-"
"2024/07/12","00:12","-","-","0.78"
"2024/07/12","01:00","0.618","-","-"
"2024/07/12","02:00","0.829","-","-"
"2024/07/12","03:00","1.169","-","-"
"2024/07/12","04:00","1.572","-","-"
"2024/07/12","05:00","1.917","-","-"
"2024/07/12","06:00","2.078","-","-"
"2024/07/12","06:06","-","-","2.37"
"2024/07/12","07:00","1.997","-","-"
"2024/07/12","08:00","1.715","-","-"
"2024/07/12","09:00","1.322","-","-"
"2024/07/12","10:00","0.916","-","-"
"2024/07/12","11:00","0.588","-","-"
"2024/07/12","12:00","0.408","-","-"
"2024/07/12","12:18","-","-","0.7"
"2024/07/12","13:00","0.415","-","-"
"2024/07/12","14:00","0.606","-","-"
"2024/07/12","15:00","0.954","-","-"
"2024/07/12","16:00","1.401","-","-"
"2024/07/12","17:00","1.842","-","-"
"2024/07/12","18:00","2.144","-","-"
"2024/07/12","19:00","2.211","-","-"
"2024/07/12","19:18","-","-","2.56"
"2024/07/12","20:00","2.042","-","-"
"2024/07/12","21:00","1.719","-","-"
"2024/07/12","22:00","1.336","-","-"
"2024/07/12","23:00","0.975","-","-"
"2024/07/13","00:00","0.708","-","-"
"2024/07/13","01:00","0.594","-","-"
"2024/07/13","01:12","-","-","0.71"
"2024/07/13","02:00","0.656","-","-"
"2024/07/13","03:00","0.878","-","-"
"2024/07/13","04:00","1.21","-","-"
"2024/07/13","05:00","1.575","-","-"
"2024/07/13","06:00","1.856","-","-"
"2024/07/13","07:00","1.945","-","2.19"
"2024/07/13","08:00","1.81","-","-"
"2024/07/13","09:00","1.514","-","-"
"2024/07/13","10:00","1.155","-","-"
"2024/07/13","11:00","0.808","-","-"
"2024/07/13","12:00","0.535","-","-"
"2024/07/13","12:48","-","-","0.67"
"2024/07/13","13:00","0.408","-","-"
"2024/07/13","14:00","0.475","-","-"
"2024/07/13","15:00","0.729","-","-"
"2024/07/13","16:00","1.116","-","-"
"2024/07/13","17:00","1.563","-","-"
"2024/07/13","18:00","1.964","-","-"
"2024/07/13","19:00","2.197","-","-"
"2024/07/13","19:24","-","-","2.58"
"2024/07/13","20:00","2.191","-","-"
"2024/07/13","21:00","1.981","-","-"
"2024/07/13","22:00","1.661","-","-"
"2024/07/13","23:00","1.302","-","-"
"2024/07/14","00:00","0.955","-","-"
"2024/07/14","01:00","0.692","-","-"
"2024/07/14","01:42","-","-","0.79"
"2024/07/14","02:00","0.59","-","-"
"2024/07/14","03:00","0.673","-","-"
"2024/07/14","04:00","0.904","-","-"
"2024/07/14","05:00","1.224","-","-"
"2024/07/14","06:00","1.555","-","-"
"2024/07/14","07:00","1.784","-","-"
"2024/07/14","07:54","-","-","2.13"
"2024/07/14","08:00","1.817","-","-"
"2024/07/14","09:00","1.652","-","-"
"2024/07/14","10:00","1.372","-","-"
"2024/07/14","11:00","1.051","-","-"
"2024/07/14","12:00","0.734","-","-"
"2024/07/14","13:00","0.488","-","-"
"2024/07/14","13:36","-","-","0.64"
"2024/07/14","14:00","0.407","-","-"
"2024/07/14","15:00","0.537","-","-"
"2024/07/14","16:00","0.845","-","-"
"2024/07/14","17:00","1.26","-","-"
"2024/07/14","18:00","1.704","-","-"
"2024/07/14","19:00","2.067","-","-"
"2024/07/14","20:00","2.237","-","-"
"2024/07/14","20:18","-","-","2.62"
"2024/07/14","21:00","2.181","-","-"
"2024/07/14","22:00","1.958","-","-"
"2024/07/14","23:00","1.644","-","-"
"2024/07/15","00:00","1.277","-","-"
"2024/07/15","01:00","0.913","-","-"
"2024/07/15","02:00","0.648","-","-"
"2024/07/15","02:54","-","-","0.76"
"2024/07/15","03:00","0.565","-","-"
"2024/07/15","04:00","0.666","-","-"
"2024/07/15","05:00","0.904","-","-"
"2024/07/15","06:00","1.22","-","-"
"2024/07/15","07:00","1.53","-","-"
"2024/07/15","08:00","1.72","-","-"
"2024/07/15","08:42","-","-","2.16"
"2024/07/15","09:00","1.722","-","-"
"2024/07/15","10:00","1.56","-","-"
"2024/07/15","11:00","1.3","-","-"
"2024/07/15","12:00","0.986","-","-"
"2024/07/15","13:00","0.667","-","-"
"2024/07/15","14:00","0.44","-","-"
"2024/07/15","14:30","-","-","0.96"
"2024/07/15","15:00","0.407","-","-"
"2024/07/15","16:00","0.591","-","-"
"2024/07/15","17:00","0.94","-","-"
"2024/07/15","18:00","1.379","-","-"
"2024/07/15","19:00","1.822","-","-"
"2024/07/15","20:00","2.153","-","-"
"2024/07/15","20:48","-","-","2.94"
"2024/07/15","21:00","2.284","-","-"
"2024/07/15","22:00","2.207","-","-"
"2024/07/15","23:00","1.976","-","-"
"2024/07/16","00:00","1.638","-","-"
"2024/07/16","01:00","1.232","-","-"
"2024/07/16","02:00","0.843","-","-"
"2024/07/16","03:00","0.583","-","-"
"2024/07/16","03:54","-","-","0.94"
"2024/07/16","04:00","0.518","-","-"
"2024/07/16","05:00","0.635","-","-"
"2024/07/16","06:00","0.888","-","-"
"2024/07/16","07:00","1.213","-","-"
"2024/07/16","08:00","1.515","-","-"
"2024/07/16","09:00","1.693","-","-"
"2024/07/16","09:36","-","-","2.15"
"2024/07/16","10:00","1.696","-","-"
"2024/07/16","11:00","1.542","-","-"
"2024/07/16","12:00","1.271","-","-"
"2024/07/16","13:00","0.93","-","-"
"2024/07/16","14:00","0.597","-","-"
"2024/07/16","15:00","0.391","-","-"
"2024/07/16","15:36","-","-","0.83"
"2024/07/16","16:00","0.397","-","-"
"2024/07/16","17:00","0.623","-","-"
"2024/07/16","18:00","1.01","-","-"
"2024/07/16","19:00","1.476","-","-"
"2024/07/16","20:00","1.923","-","-"
"2024/07/16","21:00","2.243","-","-"
"2024/07/16","21:36","-","-","2.74"
"2024/07/16","22:00","2.363","-","-"
"2024/07/16","23:00","2.272","-","-"
"2024/07/17","00:00","2.006","-","-"
"2024/07/17","01:00","1.611","-","-"
"2024/07/17","02:00","1.158","-","-"
"2024/07/17","03:00","0.75","-","-"
"2024/07/17","04:00","0.495","-","-"
"2024/07/17","04:48","-","-","0.7"
"2024/07/17","05:00","0.446","-","-"
"2024/07/17","06:00","0.589","-","-"
"2024/07/17","07:00","0.871","-","-"
"2024/07/17","08:00","1.219","-","-"
"2024/07/17","09:00","1.539","-","-"
"2024/07/17","10:00","1.733","-","-"
"2024/07/17","10:24","-","-","2.12"
"2024/07/17","11:00","1.742","-","-"
"2024/07/17","12:00","1.567","-","-"
"2024/07/17","13:00","1.253","-","-"
"2024/07/17","14:00","0.872","-","-"
"2024/07/17","15:00","0.528","-","-"
"2024/07/17","16:00","0.334","-","-"
"2024/07/17","16:36","-","-","0.62"
"2024/07/17","17:00","0.37","-","-"
"2024/07/17","18:00","0.635","-","-"
"2024/07/17","19:00","1.062","-","-"
"2024/07/17","20:00","1.559","-","-"
"2024/07/17","21:00","2.028","-","-"
"2024/07/17","22:00","2.363","-","-"
"2024/07/17","22:30","-","-","2.63"
"2024/07/17","23:00","2.476","-","-"
"2024/07/18","00:00","2.346","-","-"
"2024/07/18","01:00","2.014","-","-"
"2024/07/18","02:00","1.556","-","-"
"2024/07/18","03:00","1.06","-","-"
"2024/07/18","04:00","0.634","-","-"
"2024/07/18","05:00","0.383","-","-"
"2024/07/18","05:12","-","-","0.46"
"2024/07/18","06:00","0.359","-","-"
"2024/07/18","07:00","0.54","-","-"
"2024/07/18","08:00","0.866","-","-"
"2024/07/18","09:00","1.262","-","-"
"2024/07/18","10:00","1.627","-","-"
"2024/07/18","11:00","1.842","-","-"
"2024/07/18","11:36","-","-","2.18"
"2024/07/18","12:00","1.83","-","-"
"2024/07/18","13:00","1.601","-","-"
"2024/07/18","14:00","1.232","-","-"
"2024/07/18","15:00","0.815","-","-"
"2024/07/18","16:00","0.453","-","-"
"2024/07/18","17:00","0.266","-","-"
"2024/07/18","17:18","-","-","0.54"
"2024/07/18","18:00","0.33","-","-"
"2024/07/18","19:00","0.636","-","-"
"2024/07/18","20:00","1.105","-","-"
"2024/07/18","21:00","1.648","-","-"
"2024/07/18","22:00","2.162","-","-"
"2024/07/18","23:00","2.513","-","-"
"2024/07/18","23:36","-","-","3.03"
"2024/07/19","00:00","2.594","-","-"
"2024/07/19","01:00","2.395","-","-"
"2024/07/19","02:00","1.991","-","-"
"2024/07/19","03:00","1.475","-","-"
"2024/07/19","04:00","0.938","-","-"
"2024/07/19","05:00","0.494","-","-"
"2024/07/19","06:00","0.257","-","-"
"2024/07/19","06:30","-","-","0.57"
"2024/07/19","07:00","0.271","-","-"
"2024/07/19","08:00","0.504","-","-"
"2024/07/19","09:00","0.896","-","-"
"2024/07/19","10:00","1.366","-","-"
"2024/07/19","11:00","1.78","-","-"
"2024/07/19","12:00","1.987","-","-"
"2024/07/19","12:18","-","-","2.72"
"2024/07/19","13:00","1.921","-","-"
"2024/07/19","14:00","1.63","-","-"
"2024/07/19","15:00","1.21","-","-"
"2024/07/19","16:00","0.752","-","-"
"2024/07/19","17:00","0.37","-","-"
"2024/07/19","18:00","0.192","-","-"
"2024/07/19","18:18","-","-","0.74"
"2024/07/19","19:00","0.288","-","-"
"2024/07/19","20:00","0.634","-","-"
"2024/07/19","21:00","1.158","-","-"
"2024/07/19","22:00","1.767","-","-"
"2024/07/19","23:00","2.325","-","-"
"2024/07/20","00:00","2.664","-","-"
"2024/07/20","00:42","-","-","3.37"
"2024/07/20","01:00","2.683","-","-"
"2024/07/20","02:00","2.41","-","-"
"2024/07/20","03:00","1.941","-","-"
"2024/07/20","04:00","1.367","-","-"
"2024/07/20","05:00","0.79","-","-"
"2024/07/20","06:00","0.341","-","-"
"2024/07/20","07:00","0.133","-","-"
"2024/07/20","07:06","-","-","0.86"
"2024/07/20","08:00","0.197","-","-"
"2024/07/20","09:00","0.502","-","-"
"2024/07/20","10:00","0.985","-","-"
"2024/07/20","11:00","1.532","-","-"
"2024/07/20","12:00","1.964","-","-"
"2024/07/20","13:00","2.13","-","-"
"2024/07/20","13:06","-","-","2.94"
"2024/07/20","14:00","2.003","-","-"
"2024/07/20","15:00","1.656","-","-"
"2024/07/20","16:00","1.182","-","-"
"2024/07/20","17:00","0.682","-","-"
"2024/07/20","18:00","0.286","-","-"
"2024/07/20","18:48","-","-","0.85"
"2024/07/20","19:00","0.123","-","-"
"2024/07/20","20:00","0.252","-","-"
"2024/07/20","21:00","0.65","-","-"
"2024/07/20","22:00","1.243","-","-"
"2024/07/20","23:00","1.914","-","-"
"2024/07/21","00:00","2.484","-","-"
"2024/07/21","01:00","2.778","-","-"
"2024/07/21","01:06","-","-","3.5"
"2024/07/21","02:00","2.73","-","-"
"2024/07/21","03:00","2.391","-","-"
"2024/07/21","04:00","1.859","-","-"
"2024/07/21","05:00","1.231","-","-"
"2024/07/21","06:00","0.629","-","-"
"2024/07/21","07:00","0.192","-","-"
"2024/07/21","08:00","0.025","-","0.79"
"2024/07/21","09:00","0.159","-","-"
"2024/07/21","10:00","0.56","-","-"
"2024/07/21","11:00","1.137","-","-"
"2024/07/21","12:00","1.728","-","-"
"2024/07/21","13:00","2.144","-","-"
"2024/07/21","13:54","-","-","3.03"
"2024/07/21","14:00","2.261","-","-"
"2024/07/21","15:00","2.078","-","-"
"2024/07/21","16:00","1.673","-","-"
"2024/07/21","17:00","1.145","-","-"
"2024/07/21","18:00","0.612","-","-"
"2024/07/21","19:00","0.212","-","-"
"2024/07/21","20:00","0.069","-","0.53"
"2024/07/21","21:00","0.24","-","-"
"2024/07/21","22:00","0.701","-","-"
"2024/07/21","23:00","1.359","-","-"
"2024/07/22","00:00","2.056","-","-"
"2024/07/22","01:00","2.602","-","-"
"2024/07/22","02:00","2.844","-","-"
"2024/07/22","02:06","-","-","3.45"
"2024/07/22","03:00","2.735","-","-"
"2024/07/22","04:00","2.334","-","-"
"2024/07/22","05:00","1.742","-","-"
"2024/07/22","06:00","1.076","-","-"
"2024/07/22","07:00","0.468","-","-"
"2024/07/22","08:00","0.06","-","-"
"2024/07/22","08:42","-","-","0.46"
"2024/07/22","09:00","-0.043","-","-"
"2024/07/22","10:00","0.184","-","-"
"2024/07/22","11:00","0.683","-","-"
"2024/07/22","12:00","1.321","-","-"
"2024/07/22","13:00","1.923","-","-"
"2024/07/22","14:00","2.31","-","-"
"2024/07/22","14:42","-","-","3.1"
"2024/07/22","15:00","2.381","-","-"
"2024/07/22","16:00","2.14","-","-"
"2024/07/22","17:00","1.677","-","-"
"2024/07/22","18:00","1.108","-","-"
"2024/07/22","19:00","0.555","-","-"
"2024/07/22","20:00","0.158","-","-"
"2024/07/22","20:48","-","-","0.57"
"2024/07/22","21:00","0.046","-","-"
"2024/07/22","22:00","0.271","-","-"
"2024/07/22","23:00","0.787","-","-"
"2024/07/23","00:00","1.471","-","-"
"2024/07/23","01:00","2.158","-","-"
"2024/07/23","02:00","2.669","-","-"
"2024/07/23","03:00","2.86","-","-"
"2024/07/23","03:18","-","-","3.26"
"2024/07/23","04:00","2.692","-","-"
"2024/07/23","05:00","2.231","-","-"
"2024/07/23","06:00","1.598","-","-"
"2024/07/23","07:00","0.915","-","-"
"2024/07/23","08:00","0.321","-","-"
"2024/07/23","09:00","-0.033","-","-"
"2024/07/23","09:42","-","-","0.36"
"2024/07/23","10:00","-0.046","-","-"
"2024/07/23","11:00","0.278","-","-"
"2024/07/23","12:00","0.843","-","-"
"2024/07/23","13:00","1.509","-","-"
"2024/07/23","14:00","2.108","-","-"
"2024/07/23","15:00","2.467","-","-"
"2024/07/23","15:36","-","-","3.24"
"2024/07/23","16:00","2.485","-","-"
"2024/07/23","17:00","2.185","-","-"
"2024/07/23","18:00","1.676","-","-"
"2024/07/23","19:00","1.078","-","-"
"2024/07/23","20:00","0.516","-","-"
"2024/07/23","21:00","0.139","-","-"
"2024/07/23","22:00","0.073","-","-"
"2024/07/23","22:42","-","-","0.76"
"2024/07/23","23:00","0.343","-","-"
"2024/07/24","00:00","0.875","-","-"
"2024/07/24","01:00","1.547","-","-"
"2024/07/24","02:00","2.21","-","-"
"2024/07/24","03:00","2.684","-","-"
"2024/07/24","03:48","-","-","3.51"
"2024/07/24","04:00","2.822","-","-"
"2024/07/24","05:00","2.594","-","-"
"2024/07/24","06:00","2.09","-","-"
"2024/07/24","07:00","1.437","-","-"
"2024/07/24","08:00","0.759","-","-"
"2024/07/24","09:00","0.209","-","-"
"2024/07/24","10:00","-0.06","-","-"
"2024/07/24","10:18","-","-","0.44"
"2024/07/24","11:00","0.021","-","-"
"2024/07/24","12:00","0.411","-","-"
"2024/07/24","13:00","1.011","-","-"
"2024/07/24","14:00","1.693","-","-"
"2024/07/24","15:00","2.285","-","-"
"2024/07/24","16:00","2.604","-","-"
"2024/07/24","16:18","-","-","3.29"
"2024/07/24","17:00","2.564","-","-"
"2024/07/24","18:00","2.216","-","-"
"2024/07/24","19:00","1.675","-","-"
"2024/07/24","20:00","1.063","-","-"
"2024/07/24","21:00","0.512","-","-"
"2024/07/24","22:00","0.174","-","-"
"2024/07/24","22:30","-","-","0.62"
"2024/07/24","23:00","0.147","-","-"
"2024/07/25","00:00","0.424","-","-"
"2024/07/25","01:00","0.935","-","-"
"2024/07/25","02:00","1.582","-","-"
"2024/07/25","03:00","2.217","-","-"
"2024/07/25","04:00","2.645","-","-"
"2024/07/25","04:36","-","-","3.27"
"2024/07/25","05:00","2.724","-","-"
"2024/07/25","06:00","2.45","-","-"
"2024/07/25","07:00","1.925","-","-"
"2024/07/25","08:00","1.273","-","-"
"2024/07/25","09:00","0.632","-","-"
"2024/07/25","10:00","0.159","-","-"
"2024/07/25","11:00","-0.019","-","0.32"
"2024/07/25","12:00","0.129","-","-"
"2024/07/25","13:00","0.555","-","-"
"2024/07/25","14:00","1.178","-","-"
"2024/07/25","15:00","1.871","-","-"
"2024/07/25","16:00","2.441","-","-"
"2024/07/25","17:00","2.71","-","-"
"2024/07/25","17:06","-","-","3.24"
"2024/07/25","18:00","2.618","-","-"
"2024/07/25","19:00","2.235","-","-"
"2024/07/25","20:00","1.68","-","-"
"2024/07/25","21:00","1.076","-","-"
"2024/07/25","22:00","0.56","-","-"
"2024/07/25","23:00","0.26","-","-"
"2024/07/25","23:36","-","-","0.59"
"2024/07/26","00:00","0.238","-","-"
"2024/07/26","01:00","0.486","-","-"
"2024/07/26","02:00","0.964","-","-"
"2024/07/26","03:00","1.584","-","-"
"2024/07/26","04:00","2.18","-","-"
"2024/07/26","05:00","2.553","-","-"
"2024/07/26","05:36","-","-","3.19"
"2024/07/26","06:00","2.58","-","-"
"2024/07/26","07:00","2.278","-","-"
"2024/07/26","08:00","1.751","-","-"
"2024/07/26","09:00","1.132","-","-"
"2024/07/26","10:00","0.562","-","-"
"2024/07/26","11:00","0.175","-","-"
"2024/07/26","11:48","-","-","0.55"
"2024/07/26","12:00","0.063","-","-"
"2024/07/26","13:00","0.247","-","-"
"2024/07/26","14:00","0.698","-","-"
"2024/07/26","15:00","1.34","-","-"
"2024/07/26","16:00","2.027","-","-"
"2024/07/26","17:00","2.56","-","-"
"2024/07/26","17:54","-","-","3.55"
"2024/07/26","18:00","2.777","-","-"
"2024/07/26","19:00","2.646","-","-"
"2024/07/26","20:00","2.245","-","-"
"2024/07/26","21:00","1.701","-","-"
"2024/07/26","22:00","1.134","-","-"
"2024/07/26","23:00","0.657","-","-"
"2024/07/27","00:00","0.365","-","-"
"2024/07/27","00:36","-","-","0.89"
"2024/07/27","01:00","0.315","-","-"
"2024/07/27","02:00","0.527","-","-"
"2024/07/27","03:00","0.973","-","-"
"2024/07/27","04:00","1.556","-","-"
"2024/07/27","05:00","2.102","-","-"
"2024/07/27","06:00","2.421","-","-"
"2024/07/27","06:18","-","-","3.22"
"2024/07/27","07:00","2.411","-","-"
"2024/07/27","08:00","2.1","-","-"
"2024/07/27","09:00","1.602","-","-"
"2024/07/27","10:00","1.047","-","-"
"2024/07/27","11:00","0.554","-","-"
"2024/07/27","12:00","0.228","-","-"
"2024/07/27","12:36","-","-","0.83"
"2024/07/27","13:00","0.151","-","-"
"2024/07/27","14:00","0.361","-","-"
"2024/07/27","15:00","0.834","-","-"
"2024/07/27","16:00","1.48","-","-"
"2024/07/27","17:00","2.143","-","-"
"2024/07/27","18:00","2.632","-","-"
"2024/07/27","18:48","-","-","3.46"
"2024/07/27","19:00","2.807","-","-"
"2024/07/27","20:00","2.65","-","-"
"2024/07/27","21:00","2.26","-","-"
"2024/07/27","22:00","1.756","-","-"
"2024/07/27","23:00","1.231","-","-"
"2024/07/28","00:00","0.766","-","-"
"2024/07/28","01:00","0.453","-","-"
"2024/07/28","01:36","-","-","1.03"
"2024/07/28","02:00","0.372","-","-"
"2024/07/28","03:00","0.553","-","-"
"2024/07/28","04:00","0.963","-","-"
"2024/07/28","05:00","1.501","-","-"
"2024/07/28","06:00","1.998","-","-"
"2024/07/28","07:00","2.276","-","-"
"2024/07/28","07:18","-","-","2.92"
"2024/07/28","08:00","2.244","-","-"
"2024/07/28","09:00","1.951","-","-"
"2024/07/28","10:00","1.511","-","-"
"2024/07/28","11:00","1.027","-","-"
"2024/07/28","12:00","0.583","-","-"
"2024/07/28","13:00","0.285","-","-"
"2024/07/28","13:30","-","-","0.81"
"2024/07/28","14:00","0.234","-","-"
"2024/07/28","15:00","0.467","-","-"
"2024/07/28","16:00","0.947","-","-"
"2024/07/28","17:00","1.578","-","-"
"2024/07/28","18:00","2.21","-","-"
"2024/07/28","19:00","2.66","-","-"
"2024/07/28","19:48","-","-","3.39"
"2024/07/28","20:00","2.802","-","-"
"2024/07/28","21:00","2.648","-","-"
"2024/07/28","22:00","2.298","-","-"
"2024/07/28","23:00","1.84","-","-"
"2024/07/29","00:00","1.33","-","-"
"2024/07/29","01:00","0.85","-","-"
"2024/07/29","02:00","0.515","-","-"
"2024/07/29","02:48","-","-","0.92"
"2024/07/29","03:00","0.411","-","-"
"2024/07/29","04:00","0.562","-","-"
"2024/07/29","05:00","0.934","-","-"
"2024/07/29","06:00","1.433","-","-"
"2024/07/29","07:00","1.893","-","-"
"2024/07/29","08:00","2.143","-","-"
"2024/07/29","08:24","-","-","2.57"
"2024/07/29","09:00","2.116","-","-"
"2024/07/29","10:00","1.87","-","-"
"2024/07/29","11:00","1.491","-","-"
"2024/07/29","12:00","1.043","-","-"
"2024/07/29","13:00","0.615","-","-"
"2024/07/29","14:00","0.335","-","-"
"2024/07/29","15:00","0.306","-","-"
"2024/07/29","15:06","-","-","0.64"
"2024/07/29","16:00","0.549","-","-"
"2024/07/29","17:00","1.021","-","-"
"2024/07/29","18:00","1.632","-","-"
"2024/07/29","19:00","2.234","-","-"
"2024/07/29","20:00","2.651","-","-"
"2024/07/29","20:48","-","-","3.12"
"2024/07/29","21:00","2.784","-","-"
"2024/07/29","22:00","2.661","-","-"
"2024/07/29","23:00","2.355","-","-"
"2024/07/30","00:00","1.914","-","-"
"2024/07/30","01:00","1.39","-","-"
"2024/07/30","02:00","0.893","-","-"
"2024/07/30","03:00","0.547","-","-"
"2024/07/30","03:48","-","-","0.78"
"2024/07/30","04:00","0.427","-","-"
"2024/07/30","05:00","0.55","-","-"
"2024/07/30","06:00","0.897","-","-"
"2024/07/30","07:00","1.372","-","-"
"2024/07/30","08:00","1.81","-","-"
"2024/07/30","09:00","2.056","-","-"
"2024/07/30","09:36","-","-","2.26"
"2024/07/30","10:00","2.062","-","-"
"2024/07/30","11:00","1.864","-","-"
"2024/07/30","12:00","1.51","-","-"
"2024/07/30","13:00","1.062","-","-"
"2024/07/30","14:00","0.636","-","-"
"2024/07/30","15:00","0.373","-","-"
"2024/07/30","15:36","-","-","0.41"
"2024/07/30","16:00","0.358","-","-"
"2024/07/30","17:00","0.598","-","-"
"2024/07/30","18:00","1.058","-","-"
"2024/07/30","19:00","1.651","-","-"
"2024/07/30","20:00","2.228","-","-"
"2024/07/30","21:00","2.631","-","-"
"2024/07/30","21:54","-","-","2.96"
"2024/07/30","22:00","2.782","-","-"
"2024/07/30","23:00","2.692","-","-"
"2024/07/31","00:00","2.398","-","-"
"2024/07/31","01:00","1.94","-","-"
"2024/07/31","02:00","1.396","-","-"
"2024/07/31","03:00","0.892","-","-"
"2024/07/31","04:00","0.543","-","-"
"2024/07/31","04:42","-","-","0.54"
"2024/07/31","05:00","0.412","-","-"
"2024/07/31","06:00","0.527","-","-"
"2024/07/31","07:00","0.868","-","-"
"2024/07/31","08:00","1.338","-","-"
"2024/07/31","09:00","1.778","-","-"
"2024/07/31","10:00","2.048","-","-"
"2024/07/31","10:42","-","-","2.41"
"2024/07/31","11:00","2.087","-","-"
"2024/07/31","12:00","1.9","-","-"
"2024/07/31","13:00","1.531","-","-"
"2024/07/31","14:00","1.067","-","-"
"2024/07/31","15:00","0.645","-","-"
"2024/07/31","16:00","0.392","-","-"
"2024/07/31","16:36","-","-","0.68"
"2024/07/31","17:00","0.38","-","-"
"2024/07/31","18:00","0.619","-","-"
"2024/07/31","19:00","1.072","-","-"
"2024/07/31","20:00","1.652","-","-"
"2024/07/31","21:00","2.221","-","-"
"2024/07/31","22:00","2.634","-","-"
"2024/07/31","22:54","-","-","3.06"
"2024/07/31","23:00","2.802","-","-"
"2024/08/01","00:00","2.71","-","-"
"2024/08/01","01:00","2.39","-","-"
"2024/08/01","02:00","1.903","-","-"
"2024/08/01","03:00","1.346","-","-"
"2024/08/01","04:00","0.842","-","-"
"2024/08/01","05:00","0.497","-","-"
"2024/08/01","05:48","-","-","0.51"
"2024/08/01","06:00","0.377","-","-"
"2024/08/01","07:00","0.506","-","-"
"2024/08/01","08:00","0.863","-","-"
"2024/08/01","09:00","1.353","-","-"
"2024/08/01","10:00","1.822","-","-"
"2024/08/01","11:00","2.116","-","-"
"2024/08/01","11:36","-","-","2.46"
"2024/08/01","12:00","2.151","-","-"
"2024/08/01","13:00","1.935","-","-"
"2024/08/01","14:00","1.534","-","-"
"2024/08/01","15:00","1.055","-","-"
"2024/08/01","16:00","0.631","-","-"
"2024/08/01","17:00","0.385","-","-"
"2024/08/01","17:42","-","-","0.49"
"2024/08/01","18:00","0.382","-","-"
"2024/08/01","19:00","0.628","-","-"
"2024/08/01","20:00","1.083","-","-"
"2024/08/01","21:00","1.668","-","-"
"2024/08/01","22:00","2.25","-","-"
"2024/08/01","23:00","2.668","-","-"
"2024/08/01","23:48","-","-","3.02"
"2024/08/02","00:00","2.816","-","-"
"2024/08/02","01:00","2.682","-","-"
"2024/08/02","02:00","2.32","-","-"
"2024/08/02","03:00","1.806","-","-"
"2024/08/02","04:00","1.239","-","-"
"2024/08/02","05:00","0.742","-","-"
"2024/08/02","06:00","0.422","-","-"
"2024/08/02","06:30","-","-","0.45"
"2024/08/02","07:00","0.336","-","-"
"2024/08/02","08:00","0.503","-","-"
"2024/08/02","09:00","0.904","-","-"
"2024/08/02","10:00","1.442","-","-"
"2024/08/02","11:00","1.939","-","-"
"2024/08/02","12:00","2.218","-","-"
"2024/08/02","12:18","-","-","2.45"
"2024/08/02","13:00","2.209","-","-"
"2024/08/02","14:00","1.947","-","-"
"2024/08/02","15:00","1.513","-","-"
"2024/08/02","16:00","1.016","-","-"
"2024/08/02","17:00","0.591","-","-"
"2024/08/02","18:00","0.361","-","-"
"2024/08/02","18:42","-","-","0.28"
"2024/08/02","19:00","0.38","-","-"
"2024/08/02","20:00","0.643","-","-"
"2024/08/02","21:00","1.119","-","-"
"2024/08/02","22:00","1.732","-","-"
"2024/08/02","23:00","2.321","-","-"
"2024/08/03","00:00","2.706","-","-"
"2024/08/03","00:06","-","-","2.69"
"2024/08/03","01:00","2.792","-","-"
"2024/08/03","02:00","2.598","-","-"
"2024/08/03","03:00","2.193","-","-"
"2024/08/03","04:00","1.65","-","-"
"2024/08/03","05:00","1.079","-","-"
"2024/08/03","06:00","0.609","-","-"
"2024/08/03","07:00","0.338","-","-"
"2024/08/03","07:24","-","-","0.36"
"2024/08/03","08:00","0.309","-","-"
"2024/08/03","09:00","0.543","-","-"
"2024/08/03","10:00","1.016","-","-"
"2024/08/03","11:00","1.599","-","-"
"2024/08/03","12:00","2.084","-","-"
"2024/08/03","13:00","2.308","-","-"
"2024/08/03","13:36","-","-","2.3"
"2024/08/03","14:00","2.237","-","-"
"2024/08/03","15:00","1.927","-","-"
"2024/08/03","16:00","1.458","-","-"
"2024/08/03","17:00","0.945","-","-"
"2024/08/03","18:00","0.534","-","-"
"2024/08/03","19:00","0.336","-","-"
"2024/08/03","19:36","-","-","0.12"
"2024/08/03","20:00","0.39","-","-"
"2024/08/03","21:00","0.691","-","-"
"2024/08/03","22:00","1.211","-","-"
"2024/08/03","23:00","1.845","-","-"
"2024/08/04","00:00","2.403","-","-"
"2024/08/04","01:00","2.713","-","-"
"2024/08/04","01:36","-","-","2.31"
"2024/08/04","02:00","2.719","-","-"
"2024/08/04","03:00","2.463","-","-"
"2024/08/04","04:00","2.01","-","-"
"2024/08/04","05:00","1.443","-","-"
"2024/08/04","06:00","0.885","-","-"
"2024/08/04","07:00","0.467","-","-"
"2024/08/04","08:00","0.267","-","-"
"2024/08/04","08:18","-","-","0.16"
"2024/08/04","09:00","0.324","-","-"
"2024/08/04","10:00","0.652","-","-"
"2024/08/04","11:00","1.195","-","-"
"2024/08/04","12:00","1.785","-","-"
"2024/08/04","13:00","2.215","-","-"
"2024/08/04","14:00","2.364","-","-"
"2024/08/04","14:24","-","-","2.19"
"2024/08/04","15:00","2.229","-","-"
"2024/08/04","16:00","1.866","-","-"
"2024/08/04","17:00","1.363","-","-"
"2024/08/04","18:00","0.851","-","-"
"2024/08/04","19:00","0.473","-","-"
"2024/08/04","20:00","0.324","-","-"
"2024/08/04","20:06","-","-","0.23"
"2024/08/04","21:00","0.433","-","-"
"2024/08/04","22:00","0.795","-","-"
"2024/08/04","23:00","1.355","-","-"
"2024/08/05","00:00","1.973","-","-"
"2024/08/05","01:00","2.458","-","-"
"2024/08/05","02:00","2.676","-","-"
"2024/08/05","02:24","-","-","2.46"
"2024/08/05","03:00","2.6","-","-"
"2024/08/05","04:00","2.277","-","-"
"2024/08/05","05:00","1.778","-","-"
"2024/08/05","06:00","1.204","-","-"
"2024/08/05","07:00","0.686","-","-"
"2024/08/05","08:00","0.342","-","-"
"2024/08/05","08:54","-","-","0"
"2024/08/05","09:00","0.241","-","-"
"2024/08/05","10:00","0.41","-","-"
"2024/08/05","11:00","0.833","-","-"
"2024/08/05","12:00","1.409","-","-"
"2024/08/05","13:00","1.96","-","-"
"2024/08/05","14:00","2.314","-","-"
"2024/08/05","15:00","2.383","-","2.5"
"2024/08/05","16:00","2.177","-","-"
"2024/08/05","17:00","1.762","-","-"
"2024/08/05","18:00","1.241","-","-"
"2024/08/05","19:00","0.75","-","-"
"2024/08/05","20:00","0.423","-","-"
"2024/08/05","21:00","0.342","-","0.13"
"2024/08/05","22:00","0.53","-","-"
"2024/08/05","23:00","0.951","-","-"
"2024/08/06","00:00","1.515","-","-"
"2024/08/06","01:00","2.076","-","-"
"2024/08/06","02:00","2.471","-","-"
"2024/08/06","02:54","-","-","2.42"
"2024/08/06","03:00","2.594","-","-"
"2024/08/06","04:00","2.432","-","-"
"2024/08/06","05:00","2.044","-","-"
"2024/08/06","06:00","1.516","-","-"
"2024/08/06","07:00","0.96","-","-"
"2024/08/06","08:00","0.506","-","-"
"2024/08/06","09:00","0.265","-","-"
"2024/08/06","09:18","-","-","0.28"
"2024/08/06","10:00","0.29","-","-"
"2024/08/06","11:00","0.573","-","-"
"2024/08/06","12:00","1.054","-","-"
"2024/08/06","13:00","1.619","-","-"
"2024/08/06","14:00","2.109","-","-"
"2024/08/06","15:00","2.378","-","-"
"2024/08/06","15:36","-","-","2.53"
"2024/08/06","16:00","2.358","-","-"
"2024/08/06","17:00","2.079","-","-"
"2024/08/06","18:00","1.624","-","-"
"2024/08/06","19:00","1.106","-","-"
"2024/08/06","20:00","0.655","-","-"
"2024/08/06","21:00","0.401","-","-"
"2024/08/06","21:36","-","-","0.08"
"2024/08/06","22:00","0.413","-","-"
"2024/08/06","23:00","0.676","-","-"
"2024/08/07","00:00","1.12","-","-"
"2024/08/07","01:00","1.651","-","-"
"2024/08/07","02:00","2.139","-","-"
"2024/08/07","03:00","2.44","-","-"
"2024/08/07","04:00","2.462","-","2.64"
"2024/08/07","05:00","2.216","-","-"
"2024/08/07","06:00","1.779","-","-"
"2024/08/07","07:00","1.247","-","-"
"2024/08/07","08:00","0.736","-","-"
"2024/08/07","09:00","0.376","-","-"
"2024/08/07","09:54","-","-","0.57"
"2024/08/07","10:00","0.267","-","-"
"2024/08/07","11:00","0.421","-","-"
"2024/08/07","12:00","0.783","-","-"
"2024/08/07","13:00","1.281","-","-"
"2024/08/07","14:00","1.813","-","-"
"2024/08/07","15:00","2.231","-","-"
"2024/08/07","16:00","2.402","-","-"
"2024/08/07","16:12","-","-","2.89"
"2024/08/07","17:00","2.287","-","-"
"2024/08/07","18:00","1.945","-","-"
"2024/08/07","19:00","1.471","-","-"
"2024/08/07","20:00","0.973","-","-"
"2024/08/07","21:00","0.586","-","-"
"2024/08/07","22:00","0.429","-","-"
"2024/08/07","22:12","-","-","0.81"
"2024/08/07","23:00","0.53","-","-"
"2024/08/08","00:00","0.834","-","-"
"2024/08/08","01:00","1.267","-","-"
"2024/08/08","02:00","1.749","-","-"
"2024/08/08","03:00","2.16","-","-"
"2024/08/08","04:00","2.36","-","-"
"2024/08/08","04:30","-","-","3.16"
"2024/08/08","05:00","2.281","-","-"
"2024/08/08","06:00","1.966","-","-"
"2024/08/08","07:00","1.504","-","-"
"2024/08/08","08:00","0.994","-","-"
"2024/08/08","09:00","0.559","-","-"
"2024/08/08","10:00","0.326","-","-"
"2024/08/08","10:42","-","-","1.38"
"2024/08/08","11:00","0.352","-","-"
"2024/08/08","12:00","0.601","-","-"
"2024/08/08","13:00","1.005","-","-"
"2024/08/08","14:00","1.501","-","-"
"2024/08/08","15:00","1.989","-","-"
"2024/08/08","16:00","2.318","-","-"
"2024/08/08","16:54","-","-","3.56"
"2024/08/08","17:00","2.381","-","-"
"2024/08/08","18:00","2.18","-","-"
"2024/08/08","19:00","1.793","-","-"
"2024/08/08","20:00","1.317","-","-"
"2024/08/08","21:00","0.864","-","-"
"2024/08/08","22:00","0.568","-","-"
"2024/08/08","23:00","0.506","-","1.72"
"2024/08/09","00:00","0.662","-","-"
"2024/08/09","01:00","0.971","-","-"
"2024/08/09","02:00","1.379","-","-"
"2024/08/09","03:00","1.812","-","-"
"2024/08/09","04:00","2.137","-","-"
"2024/08/09","04:42","-","-","3.22"
"2024/08/09","05:00","2.231","-","-"
"2024/08/09","06:00","2.065","-","-"
"2024/08/09","07:00","1.704","-","-"
"2024/08/09","08:00","1.243","-","-"
"2024/08/09","09:00","0.786","-","-"
"2024/08/09","10:00","0.459","-","-"
"2024/08/09","11:00","0.357","-","-"
"2024/08/09","11:36","-","-","1.15"
"2024/08/09","12:00","0.486","-","-"
"2024/08/09","13:00","0.793","-","-"
"2024/08/09","14:00","1.222","-","-"
"2024/08/09","15:00","1.708","-","-"
"2024/08/09","16:00","2.135","-","-"
"2024/08/09","17:00","2.362","-","-"
"2024/08/09","17:42","-","-","3.04"
"2024/08/09","18:00","2.323","-","-"
"2024/08/09","19:00","2.052","-","-"
"2024/08/09","20:00","1.64","-","-"
"2024/08/09","21:00","1.187","-","-"
"2024/08/09","22:00","0.807","-","-"
"2024/08/09","23:00","0.599","-","-"
"2024/08/09","23:12","-","-","1.54"
"2024/08/10","00:00","0.599","-","-"
"2024/08/10","01:00","0.774","-","-"
"2024/08/10","02:00","1.078","-","-"
"2024/08/10","03:00","1.462","-","-"
"2024/08/10","04:00","1.836","-","-"
"2024/08/10","05:00","2.07","-","-"
"2024/08/10","05:24","-","-","3.07"
"2024/08/10","06:00","2.069","-","-"
"2024/08/10","07:00","1.838","-","-"
"2024/08/10","08:00","1.456","-","-"
"2024/08/10","09:00","1.025","-","-"
"2024/08/10","10:00","0.654","-","-"
"2024/08/10","11:00","0.439","-","-"
"2024/08/10","11:42","-","-","1.1"
"2024/08/10","12:00","0.434","-","-"
"2024/08/10","13:00","0.629","-","-"
"2024/08/10","14:00","0.979","-","-"
"2024/08/10","15:00","1.426","-","-"
"2024/08/10","16:00","1.887","-","-"
"2024/08/10","17:00","2.238","-","-"
"2024/08/10","17:48","-","-","2.79"
"2024/08/10","18:00","2.367","-","-"
"2024/08/10","19:00","2.242","-","-"
"2024/08/10","20:00","1.923","-","-"
"2024/08/10","21:00","1.512","-","-"
"2024/08/10","22:00","1.11","-","-"
"2024/08/10","23:00","0.802","-","-"
"2024/08/11","00:00","0.649","-","-"
"2024/08/11","00:30","-","-","0.79"
"2024/08/11","01:00","0.673","-","-"
"2024/08/11","02:00","0.856","-","-"
"2024/08/11","03:00","1.157","-","-"
"2024/08/11","04:00","1.512","-","-"
"2024/08/11","05:00","1.823","-","-"
"2024/08/11","06:00","1.975","-","-"
"2024/08/11","06:18","-","-","2.29"
"2024/08/11","07:00","1.901","-","-"
"2024/08/11","08:00","1.628","-","-"
"2024/08/11","09:00","1.255","-","-"
"2024/08/11","10:00","0.885","-","-"
"2024/08/11","11:00","0.599","-","-"
"2024/08/11","12:00","0.462","-","-"
"2024/08/11","12:30","-","-","1.16"
"2024/08/11","13:00","0.516","-","-"
"2024/08/11","14:00","0.761","-","-"
"2024/08/11","15:00","1.147","-","-"
"2024/08/11","16:00","1.599","-","-"
"2024/08/11","17:00","2.021","-","-"
"2024/08/11","18:00","2.3","-","-"
"2024/08/11","18:42","-","-","2.8"
"2024/08/11","19:00","2.346","-","-"
"2024/08/11","20:00","2.157","-","-"
"2024/08/11","21:00","1.819","-","-"
"2024/08/11","22:00","1.438","-","-"
"2024/08/11","23:00","1.087","-","-"
"2024/08/12","00:00","0.816","-","-"
"2024/08/12","01:00","0.68","-","-"
"2024/08/12","01:06","-","-","1.05"
"2024/08/12","02:00","0.718","-","-"
"2024/08/12","03:00","0.911","-","-"
"2024/08/12","04:00","1.206","-","-"
"2024/08/12","05:00","1.53","-","-"
"2024/08/12","06:00","1.788","-","-"
"2024/08/12","07:00","1.878","-","2.48"
"2024/08/12","08:00","1.753","-","-"
"2024/08/12","09:00","1.47","-","-"
"2024/08/12","10:00","1.135","-","-"
"2024/08/12","11:00","0.825","-","-"
"2024/08/12","12:00","0.589","-","-"
"2024/08/12","12:54","-","-","0.92"
"2024/08/12","13:00","0.489","-","-"
"2024/08/12","14:00","0.584","-","-"
"2024/08/12","15:00","0.87","-","-"
"2024/08/12","16:00","1.28","-","-"
"2024/08/12","17:00","1.726","-","-"
"2024/08/12","18:00","2.114","-","-"
"2024/08/12","19:00","2.335","-","-"
"2024/08/12","19:18","-","-","2.94"
"2024/08/12","20:00","2.319","-","-"
"2024/08/12","21:00","2.098","-","-"
"2024/08/12","22:00","1.772","-","-"
"2024/08/12","23:00","1.423","-","-"
"2024/08/13","00:00","1.086","-","-"
"2024/08/13","01:00","0.812","-","-"
"2024/08/13","02:00","0.681","-","-"
"2024/08/13","02:06","-","-","1.09"
"2024/08/13","03:00","0.732","-","-"
"2024/08/13","04:00","0.933","-","-"
"2024/08/13","05:00","1.222","-","-"
"2024/08/13","06:00","1.528","-","-"
"2024/08/13","07:00","1.754","-","-"
"2024/08/13","07:36","-","-","2.3"
"2024/08/13","08:00","1.804","-","-"
"2024/08/13","09:00","1.66","-","-"
"2024/08/13","10:00","1.399","-","-"
"2024/08/13","11:00","1.103","-","-"
"2024/08/13","12:00","0.814","-","-"
"2024/08/13","13:00","0.583","-","-"
"2024/08/13","13:30","-","-","0.87"
"2024/08/13","14:00","0.499","-","-"
"2024/08/13","15:00","0.627","-","-"
"2024/08/13","16:00","0.943","-","-"
"2024/08/13","17:00","1.366","-","-"
"2024/08/13","18:00","1.811","-","-"
"2024/08/13","19:00","2.178","-","-"
"2024/08/13","20:00","2.361","-","-"
"2024/08/13","20:06","-","-","2.71"
"2024/08/13","21:00","2.317","-","-"
"2024/08/13","22:00","2.098","-","-"
"2024/08/13","23:00","1.788","-","-"
"2024/08/14","00:00","1.433","-","-"
"2024/08/14","01:00","1.067","-","-"
"2024/08/14","02:00","0.775","-","-"
"2024/08/14","03:00","0.647","-","-"
"2024/08/14","03:06","-","-","0.98"
"2024/08/14","04:00","0.708","-","-"
"2024/08/14","05:00","0.918","-","-"
"2024/08/14","06:00","1.216","-","-"
"2024/08/14","07:00","1.525","-","-"
"2024/08/14","08:00","1.742","-","-"
"2024/08/14","08:24","-","-","2.18"
"2024/08/14","09:00","1.785","-","-"
"2024/08/14","10:00","1.657","-","-"
"2024/08/14","11:00","1.42","-","-"
"2024/08/14","12:00","1.123","-","-"
"2024/08/14","13:00","0.809","-","-"
"2024/08/14","14:00","0.561","-","-"
"2024/08/14","14:42","-","-","0.88"
"2024/08/14","15:00","0.487","-","-"
"2024/08/14","16:00","0.634","-","-"
"2024/08/14","17:00","0.968","-","-"
"2024/08/14","18:00","1.409","-","-"
"2024/08/14","19:00","1.867","-","-"
"2024/08/14","20:00","2.233","-","-"
"2024/08/14","21:00","2.411","-","-"
"2024/08/14","21:24","-","-","2.81"
"2024/08/14","22:00","2.373","-","-"
"2024/08/14","23:00","2.161","-","-"
"2024/08/15","00:00","1.832","-","-"
"2024/08/15","01:00","1.427","-","-"
"2024/08/15","02:00","1.015","-","-"
"2024/08/15","03:00","0.702","-","-"
"2024/08/15","04:00","0.573","-","-"
"2024/08/15","04:06","-","-","0.98"
"2024/08/15","05:00","0.644","-","-"
"2024/08/15","06:00","0.877","-","-"
"2024/08/15","07:00","1.206","-","-"
"2024/08/15","08:00","1.543","-","-"
"2024/08/15","09:00","1.783","-","-"
"2024/08/15","09:42","-","-","2.29"
"2024/08/15","10:00","1.853","-","-"
"2024/08/15","11:00","1.744","-","-"
"2024/08/15","12:00","1.494","-","-"
"2024/08/15","13:00","1.152","-","-"
"2024/08/15","14:00","0.791","-","-"
"2024/08/15","15:00","0.52","-","-"
"2024/08/15","15:42","-","-","0.93"
"2024/08/15","16:00","0.442","-","-"
"2024/08/15","17:00","0.599","-","-"
"2024/08/15","18:00","0.955","-","-"
"2024/08/15","19:00","1.427","-","-"
"2024/08/15","20:00","1.916","-","-"
"2024/08/15","21:00","2.31","-","-"
"2024/08/15","22:00","2.515","-","-"
"2024/08/15","22:12","-","-","3.07"
"2024/08/15","23:00","2.489","-","-"
"2024/08/16","00:00","2.252","-","-"
"2024/08/16","01:00","1.862","-","-"
"2024/08/16","02:00","1.389","-","-"
"2024/08/16","03:00","0.927","-","-"
"2024/08/16","04:00","0.589","-","-"
"2024/08/16","05:00","0.458","-","1.01"
"2024/08/16","06:00","0.554","-","-"
"2024/08/16","07:00","0.83","-","-"
"2024/08/16","08:00","1.214","-","-"
"2024/08/16","09:00","1.61","-","-"
"2024/08/16","10:00","1.905","-","-"
"2024/08/16","10:54","-","-","2.63"
"2024/08/16","11:00","2.005","-","-"
"2024/08/16","12:00","1.882","-","-"
"2024/08/16","13:00","1.576","-","-"
"2024/08/16","14:00","1.169","-","-"
"2024/08/16","15:00","0.757","-","-"
"2024/08/16","16:00","0.452","-","-"
"2024/08/16","16:54","-","-","0.91"
"2024/08/16","17:00","0.364","-","-"
"2024/08/16","18:00","0.534","-","-"
"2024/08/16","19:00","0.922","-","-"
"2024/08/16","20:00","1.44","-","-"
"2024/08/16","21:00","1.984","-","-"
"2024/08/16","22:00","2.435","-","-"
"2024/08/16","23:00","2.671","-","-"
"2024/08/16","23:18","-","-","3.21"
"2024/08/17","00:00","2.625","-","-"
"2024/08/17","01:00","2.325","-","-"
"2024/08/17","02:00","1.857","-","-"
"2024/08/17","03:00","1.314","-","-"
"2024/08/17","04:00","0.8","-","-"
"2024/08/17","05:00","0.438","-","-"
"2024/08/17","05:54","-","-","0.8"
"2024/08/17","06:00","0.321","-","-"
"2024/08/17","07:00","0.461","-","-"
"2024/08/17","08:00","0.803","-","-"
"2024/08/17","09:00","1.269","-","-"
"2024/08/17","10:00","1.753","-","-"
"2024/08/17","11:00","2.104","-","-"
"2024/08/17","11:54","-","-","2.8"
"2024/08/17","12:00","2.201","-","-"
"2024/08/17","13:00","2.023","-","-"
"2024/08/17","14:00","1.646","-","-"
"2024/08/17","15:00","1.171","-","-"
"2024/08/17","16:00","0.699","-","-"
"2024/08/17","17:00","0.358","-","-"
"2024/08/17","17:54","-","-","0.79"
"2024/08/17","18:00","0.266","-","-"
"2024/08/17","19:00","0.46","-","-"
"2024/08/17","20:00","0.89","-","-"
"2024/08/17","21:00","1.472","-","-"
"2024/08/17","22:00","2.095","-","-"
"2024/08/17","23:00","2.602","-","-"
"2024/08/18","00:00","2.835","-","-"
"2024/08/18","00:06","-","-","3.53"
"2024/08/18","01:00","2.732","-","-"
"2024/08/18","02:00","2.356","-","-"
"2024/08/18","03:00","1.811","-","-"
"2024/08/18","04:00","1.197","-","-"
"2024/08/18","05:00","0.637","-","-"
"2024/08/18","06:00","0.27","-","-"
"2024/08/18","07:00","0.188","-","-"
"2024/08/18","07:06","-","-","1.25"
"2024/08/18","08:00","0.391","-","-"
"2024/08/18","09:00","0.824","-","-"
"2024/08/18","10:00","1.4","-","-"
"2024/08/18","11:00","1.969","-","-"
"2024/08/18","12:00","2.34","-","-"
"2024/08/18","12:42","-","-","3.25"
"2024/08/18","13:00","2.393","-","-"
"2024/08/18","14:00","2.147","-","-"
"2024/08/18","15:00","1.698","-","-"
"2024/08/18","16:00","1.151","-","-"
"2024/08/18","17:00","0.621","-","-"
"2024/08/18","18:00","0.255","-","-"
"2024/08/18","18:48","-","-","0.82"
"2024/08/18","19:00","0.17","-","-"
"2024/08/18","20:00","0.395","-","-"
"2024/08/18","21:00","0.883","-","-"
"2024/08/18","22:00","1.547","-","-"
"2024/08/18","23:00","2.243","-","-"
"2024/08/19","00:00","2.768","-","-"
"2024/08/19","01:00","2.957","-","3.71"
"2024/08/19","02:00","2.786","-","-"
"2024/08/19","03:00","2.336","-","-"
"2024/08/19","04:00","1.717","-","-"
"2024/08/19","05:00","1.042","-","-"
"2024/08/19","06:00","0.457","-","-"
"2024/08/19","07:00","0.112","-","-"
"2024/08/19","07:18","-","-","0.75"
"2024/08/19","08:00","0.086","-","-"
"2024/08/19","09:00","0.376","-","-"
"2024/08/19","10:00","0.924","-","-"
"2024/08/19","11:00","1.605","-","-"
"2024/08/19","12:00","2.22","-","-"
"2024/08/19","13:00","2.567","-","-"
"2024/08/19","13:30","-","-","3.45"
"2024/08/19","14:00","2.561","-","-"
"2024/08/19","15:00","2.247","-","-"
"2024/08/19","16:00","1.726","-","-"
"2024/08/19","17:00","1.111","-","-"
"2024/08/19","18:00","0.539","-","-"
"2024/08/19","19:00","0.164","-","-"
"2024/08/19","19:54","-","-","0.78"
"2024/08/19","20:00","0.096","-","-"
"2024/08/19","21:00","0.364","-","-"
"2024/08/19","22:00","0.923","-","-"
"2024/08/19","23:00","1.659","-","-"
"2024/08/20","00:00","2.385","-","-"
"2024/08/20","01:00","2.882","-","-"
"2024/08/20","01:42","-","-","3.64"
"2024/08/20","02:00","3.014","-","-"
"2024/08/20","03:00","2.777","-","-"
"2024/08/20","04:00","2.259","-","-"
"2024/08/20","05:00","1.577","-","-"
"2024/08/20","06:00","0.867","-","-"
"2024/08/20","07:00","0.289","-","-"
"2024/08/20","08:00","-0.011","-","-"
"2024/08/20","08:42","-","-","0.96"
"2024/08/20","09:00","0.045","-","-"
"2024/08/20","10:00","0.446","-","-"
"2024/08/20","11:00","1.103","-","-"
"2024/08/20","12:00","1.846","-","-"
"2024/08/20","13:00","2.459","-","-"
"2024/08/20","14:00","2.763","-","-"
"2024/08/20","14:12","-","-","3.73"
"2024/08/20","15:00","2.697","-","-"
"2024/08/20","16:00","2.315","-","-"
"2024/08/20","17:00","1.728","-","-"
"2024/08/20","18:00","1.064","-","-"
"2024/08/20","19:00","0.471","-","-"
"2024/08/20","20:00","0.102","-","-"
"2024/08/20","20:54","-","-","0.59"
"2024/08/20","21:00","0.066","-","-"
"2024/08/20","22:00","0.39","-","-"
"2024/08/20","23:00","1.006","-","-"
"2024/08/21","00:00","1.769","-","-"
"2024/08/21","01:00","2.476","-","-"
"2024/08/21","02:00","2.926","-","-"
"2024/08/21","02:48","-","-","3.55"
"2024/08/21","03:00","2.999","-","-"
"2024/08/21","04:00","2.699","-","-"
"2024/08/21","05:00","2.124","-","-"
"2024/08/21","06:00","1.407","-","-"
"2024/08/21","07:00","0.696","-","-"
"2024/08/21","08:00","0.155","-","-"
"2024/08/21","09:00","-0.069","-","-"
"2024/08/21","09:18","-","-","0.52"
"2024/08/21","10:00","0.092","-","-"
"2024/08/21","11:00","0.597","-","-"
"2024/08/21","12:00","1.32","-","-"
"2024/08/21","13:00","2.077","-","-"
"2024/08/21","14:00","2.666","-","-"
"2024/08/21","15:00","2.92","-","3.54"
"2024/08/21","16:00","2.791","-","-"
"2024/08/21","17:00","2.346","-","-"
"2024/08/21","18:00","1.713","-","-"
"2024/08/21","19:00","1.027","-","-"
"2024/08/21","20:00","0.435","-","-"
"2024/08/21","21:00","0.092","-","-"
"2024/08/21","21:36","-","-","0.37"
"2024/08/21","22:00","0.104","-","-"
"2024/08/21","23:00","0.471","-","-"
"2024/08/22","00:00","1.098","-","-"
"2024/08/22","01:00","1.838","-","-"
"2024/08/22","02:00","2.504","-","-"
"2024/08/22","03:00","2.902","-","-"
"2024/08/22","03:30","-","-","3.37"
"2024/08/22","04:00","2.913","-","-"
"2024/08/22","05:00","2.558","-","-"
"2024/08/22","06:00","1.95","-","-"
"2024/08/22","07:00","1.232","-","-"
"2024/08/22","08:00","0.552","-","-"
"2024/08/22","09:00","0.082","-","-"
"2024/08/22","09:54","-","-","0.26"
"2024/08/22","10:00","-0.039","-","-"
"2024/08/22","11:00","0.223","-","-"
"2024/08/22","12:00","0.79","-","-"
"2024/08/22","13:00","1.531","-","-"
"2024/08/22","14:00","2.277","-","-"
"2024/08/22","15:00","2.829","-","-"
"2024/08/22","15:48","-","-","3.42"
"2024/08/22","16:00","3.025","-","-"
"2024/08/22","17:00","2.833","-","-"
"2024/08/22","18:00","2.346","-","-"
"2024/08/22","19:00","1.696","-","-"
"2024/08/22","20:00","1.012","-","-"
"2024/08/22","21:00","0.447","-","-"
"2024/08/22","22:00","0.153","-","-"
"2024/08/22","22:24","-","-","0.35"
"2024/08/22","23:00","0.205","-","-"
"2024/08/23","00:00","0.572","-","-"
"2024/08/23","01:00","1.165","-","-"
"2024/08/23","02:00","1.861","-","-"
"2024/08/23","03:00","2.477","-","-"
"2024/08/23","04:00","2.813","-","-"
"2024/08/23","04:06","-","-","3.11"
"2024/08/23","05:00","2.764","-","-"
"2024/08/23","06:00","2.374","-","-"
"2024/08/23","07:00","1.766","-","-"
"2024/08/23","08:00","1.076","-","-"
"2024/08/23","09:00","0.463","-","-"
"2024/08/23","10:00","0.093","-","-"
"2024/08/23","10:36","-","-","0.22"
"2024/08/23","11:00","0.074","-","-"
"2024/08/23","12:00","0.396","-","-"
"2024/08/23","13:00","0.979","-","-"
"2024/08/23","14:00","1.713","-","-"
"2024/08/23","15:00","2.433","-","-"
"2024/08/23","16:00","2.933","-","-"
"2024/08/23","16:42","-","-","3.27"
"2024/08/23","17:00","3.065","-","-"
"2024/08/23","18:00","2.828","-","-"
"2024/08/23","19:00","2.326","-","-"
"2024/08/23","20:00","1.684","-","-"
"2024/08/23","21:00","1.034","-","-"
"2024/08/23","22:00","0.525","-","-"
"2024/08/23","23:00","0.278","-","-"
"2024/08/23","23:12","-","-","0.32"
"2024/08/24","00:00","0.332","-","-"
"2024/08/24","01:00","0.659","-","-"
"2024/08/24","02:00","1.202","-","-"
"2024/08/24","03:00","1.848","-","-"
"2024/08/24","04:00","2.402","-","-"
"2024/08/24","05:00","2.671","-","-"
"2024/08/24","05:06","-","-","2.87"
"2024/08/24","06:00","2.577","-","-"
"2024/08/24","07:00","2.179","-","-"
"2024/08/24","08:00","1.597","-","-"
"2024/08/24","09:00","0.97","-","-"
"2024/08/24","10:00","0.453","-","-"
"2024/08/24","11:00","0.185","-","-"
"2024/08/24","11:24","-","-","0.38"
"2024/08/24","12:00","0.227","-","-"
"2024/08/24","13:00","0.565","-","-"
"2024/08/24","14:00","1.14","-","-"
"2024/08/24","15:00","1.854","-","-"
"2024/08/24","16:00","2.53","-","-"
"2024/08/24","17:00","2.966","-","-"
"2024/08/24","17:30","-","-","3.26"
"2024/08/24","18:00","3.044","-","-"
"2024/08/24","19:00","2.785","-","-"
"2024/08/24","20:00","2.294","-","-"
"2024/08/24","21:00","1.694","-","-"
"2024/08/24","22:00","1.109","-","-"
"2024/08/24","23:00","0.659","-","-"
"2024/08/25","00:00","0.427","-","-"
"2024/08/25","00:18","-","-","0.55"
"2024/08/25","01:00","0.449","-","-"
"2024/08/25","02:00","0.725","-","-"
"2024/08/25","03:00","1.217","-","-"
"2024/08/25","04:00","1.804","-","-"
"2024/08/25","05:00","2.29","-","-"
"2024/08/25","06:00","2.503","-","2.72"
"2024/08/25","07:00","2.385","-","-"
"2024/08/25","08:00","2.003","-","-"
"2024/08/25","09:00","1.477","-","-"
"2024/08/25","10:00","0.94","-","-"
"2024/08/25","11:00","0.519","-","-"
"2024/08/25","12:00","0.314","-","-"
"2024/08/25","12:12","-","-","0.55"
"2024/08/25","13:00","0.375","-","-"
"2024/08/25","14:00","0.707","-","-"
"2024/08/25","15:00","1.264","-","-"
"2024/08/25","16:00","1.94","-","-"
"2024/08/25","17:00","2.557","-","-"
"2024/08/25","18:00","2.933","-","-"
"2024/08/25","18:24","-","-","3.23"
"2024/08/25","19:00","2.976","-","-"
"2024/08/25","20:00","2.719","-","-"
"2024/08/25","21:00","2.271","-","-"
"2024/08/25","22:00","1.742","-","-"
"2024/08/25","23:00","1.226","-","-"
"2024/08/26","00:00","0.804","-","-"
"2024/08/26","01:00","0.557","-","-"
"2024/08/26","01:18","-","-","0.69"
"2024/08/26","02:00","0.54","-","-"
"2024/08/26","03:00","0.772","-","-"
"2024/08/26","04:00","1.212","-","-"
"2024/08/26","05:00","1.738","-","-"
"2024/08/26","06:00","2.166","-","-"
"2024/08/26","06:54","-","-","2.51"
"2024/08/26","07:00","2.341","-","-"
"2024/08/26","08:00","2.221","-","-"
"2024/08/26","09:00","1.881","-","-"
"2024/08/26","10:00","1.436","-","-"
"2024/08/26","11:00","0.986","-","-"
"2024/08/26","12:00","0.621","-","-"
"2024/08/26","13:00","0.435","-","-"
"2024/08/26","13:18","-","-","0.57"
"2024/08/26","14:00","0.496","-","-"
"2024/08/26","15:00","0.813","-","-"
"2024/08/26","16:00","1.338","-","-"
"2024/08/26","17:00","1.963","-","-"
"2024/08/26","18:00","2.524","-","-"
"2024/08/26","19:00","2.855","-","-"
"2024/08/26","19:18","-","-","3.06"
"2024/08/26","20:00","2.882","-","-"
"2024/08/26","21:00","2.656","-","-"
"2024/08/26","22:00","2.278","-","-"
"2024/08/26","23:00","1.821","-","-"
"2024/08/27","00:00","1.34","-","-"
"2024/08/27","01:00","0.915","-","-"
"2024/08/27","02:00","0.647","-","-"
"2024/08/27","02:24","-","-","0.69"
"2024/08/27","03:00","0.602","-","-"
"2024/08/27","04:00","0.795","-","-"
"2024/08/27","05:00","1.188","-","-"
"2024/08/27","06:00","1.667","-","-"
"2024/08/27","07:00","2.056","-","-"
"2024/08/27","07:48","-","-","2.49"
"2024/08/27","08:00","2.213","-","-"
"2024/08/27","09:00","2.117","-","-"
"2024/08/27","10:00","1.844","-","-"
"2024/08/27","11:00","1.473","-","-"
"2024/08/27","12:00","1.066","-","-"
"2024/08/27","13:00","0.713","-","-"
"2024/08/27","14:00","0.528","-","-"
"2024/08/27","14:12","-","-","0.74"
"2024/08/27","15:00","0.582","-","-"
"2024/08/27","16:00","0.875","-","-"
"2024/08/27","17:00","1.359","-","-"
"2024/08/27","18:00","1.937","-","-"
"2024/08/27","19:00","2.455","-","-"
"2024/08/27","20:00","2.757","-","-"
"2024/08/27","20:18","-","-","2.95"
"2024/08/27","21:00","2.796","-","-"
"2024/08/27","22:00","2.626","-","-"
"2024/08/27","23:00","2.314","-","-"
"2024/08/28","00:00","1.889","-","-"
"2024/08/28","01:00","1.405","-","-"
"2024/08/28","02:00","0.97","-","-"
"2024/08/28","03:00","0.691","-","-"
"2024/08/28","03:24","-","-","0.85"
"2024/08/28","04:00","0.626","-","-"
"2024/08/28","05:00","0.792","-","-"
"2024/08/28","06:00","1.159","-","-"
"2024/08/28","07:00","1.614","-","-"
"2024/08/28","08:00","1.984","-","-"
"2024/08/28","09:00","2.15","-","-"
"2024/08/28","09:24","-","-","2.42"
"2024/08/28","10:00","2.102","-","-"
"2024/08/28","11:00","1.887","-","-"
"2024/08/28","12:00","1.544","-","-"
"2024/08/28","13:00","1.134","-","-"
"2024/08/28","14:00","0.773","-","-"
"2024/08/28","15:00","0.585","-","0.8"
"2024/08/28","16:00","0.626","-","-"
"2024/08/28","17:00","0.89","-","-"
"2024/08/28","18:00","1.343","-","-"
"2024/08/28","19:00","1.89","-","-"
"2024/08/28","20:00","2.379","-","-"
"2024/08/28","21:00","2.678","-","-"
"2024/08/28","21:30","-","-","3.07"
"2024/08/28","22:00","2.751","-","-"
"2024/08/28","23:00","2.631","-","-"
"2024/08/29","00:00","2.339","-","-"
"2024/08/29","01:00","1.902","-","-"
"2024/08/29","02:00","1.401","-","-"
"2024/08/29","03:00","0.962","-","-"
"2024/08/29","04:00","0.682","-","-"
"2024/08/29","04:24","-","-","0.95"
"2024/08/29","05:00","0.611","-","-"
"2024/08/29","06:00","0.775","-","-"
"2024/08/29","07:00","1.143","-","-"
"2024/08/29","08:00","1.597","-","-"
"2024/08/29","09:00","1.977","-","-"
"2024/08/29","10:00","2.175","-","-"
"2024/08/29","10:24","-","-","2.53"
"2024/08/29","11:00","2.167","-","-"
"2024/08/29","12:00","1.964","-","-"
"2024/08/29","13:00","1.599","-","-"
"2024/08/29","14:00","1.165","-","-"
"2024/08/29","15:00","0.795","-","-"
"2024/08/29","16:00","0.6","-","-"
"2024/08/29","16:12","-","-","0.71"
"2024/08/29","17:00","0.627","-","-"
"2024/08/29","18:00","0.878","-","-"
"2024/08/29","19:00","1.318","-","-"
"2024/08/29","20:00","1.851","-","-"
"2024/08/29","21:00","2.336","-","-"
"2024/08/29","22:00","2.652","-","-"
"2024/08/29","23:00","2.753","-","3.14"
"2024/08/30","00:00","2.634","-","-"
"2024/08/30","01:00","2.312","-","-"
"2024/08/30","02:00","1.841","-","-"
"2024/08/30","03:00","1.327","-","-"
"2024/08/30","04:00","0.891","-","-"
"2024/08/30","05:00","0.621","-","-"
"2024/08/30","05:36","-","-","1.26"
"2024/08/30","06:00","0.572","-","-"
"2024/08/30","07:00","0.765","-","-"
"2024/08/30","08:00","1.161","-","-"
"2024/08/30","09:00","1.642","-","-"
"2024/08/30","10:00","2.054","-","-"
"2024/08/30","11:00","2.278","-","3.14"
"2024/08/30","12:00","2.263","-","-"
"2024/08/30","13:00","2.021","-","-"
"2024/08/30","14:00","1.613","-","-"
"2024/08/30","15:00","1.151","-","-"
"2024/08/30","16:00","0.771","-","-"
"2024/08/30","17:00","0.574","-","-"
"2024/08/30","17:36","-","-","1.49"
"2024/08/30","18:00","0.605","-","-"
"2024/08/30","19:00","0.863","-","-"
"2024/08/30","20:00","1.311","-","-"
"2024/08/30","21:00","1.855","-","-"
"2024/08/30","22:00","2.357","-","-"
"2024/08/30","23:00","2.683","-","-"
"2024/08/30","23:48","-","-","3.67"
"2024/08/31","00:00","2.763","-","-"
"2024/08/31","01:00","2.593","-","-"
"2024/08/31","02:00","2.216","-","-"
"2024/08/31","03:00","1.71","-","-"
"2024/08/31","04:00","1.186","-","-"
"2024/08/31","05:00","0.764","-","-"
"2024/08/31","06:00","0.533","-","-"
"2024/08/31","06:18","-","-","1.64"
"2024/08/31","07:00","0.537","-","-"
"2024/08/31","08:00","0.786","-","-"
"2024/08/31","09:00","1.238","-","-"
"2024/08/31","10:00","1.769","-","-"
"2024/08/31","11:00","2.204","-","-"
"2024/08/31","12:00","2.407","-","-"
"2024/08/31","12:06","-","-","3.38"
"2024/08/31","13:00","2.336","-","-"
"2024/08/31","14:00","2.031","-","-"
"2024/08/31","15:00","1.575","-","-"
"2024/08/31","16:00","1.088","-","-"
"2024/08/31","17:00","0.705","-","-"
"2024/08/31","18:00","0.526","-","-"
"2024/08/31","18:24","-","-","1.33"
"2024/08/31","19:00","0.584","-","-"
"2024/08/31","20:00","0.872","-","-"
"2024/08/31","21:00","1.352","-","-"
"2024/08/31","22:00","1.929","-","-"
"2024/08/31","23:00","2.439","-","-"
"2024/09/01","00:00","2.729","-","-"
"2024/09/01","01:00","2.737","-","-"
"2024/09/01","02:00","2.491","-","-"
"2024/09/01","03:00","2.055","-","-"
"2024/09/01","04:00","1.514","-","-"
"2024/09/01","05:00","0.992","-","-"
"2024/09/01","06:00","0.612","-","-"
"2024/09/01","07:00","0.449","-","-"
"2024/09/01","08:00","0.532","-","-"
"2024/09/01","09:00","0.866","-","-"
"2024/09/01","10:00","1.396","-","-"
"2024/09/01","11:00","1.966","-","-"
"2024/09/01","12:00","2.377","-","-"
"2024/09/01","13:00","2.508","-","-"
"2024/09/01","14:00","2.356","-","-"
"2024/09/01","15:00","1.985","-","-"
"2024/09/01","16:00","1.483","-","-"
"2024/09/01","17:00","0.979","-","-"
"2024/09/01","18:00","0.616","-","-"
"2024/09/01","19:00","0.479","-","-"
"2024/09/01","20:00","0.586","-","-"
"2024/09/01","21:00","0.928","-","-"
"2024/09/01","22:00","1.463","-","-"
"2024/09/01","23:00","2.063","-","-"
"2024/09/02","00:00","2.535","-","-"
"2024/09/02","01:00","2.739","-","-"
"2024/09/02","02:00","2.652","-","-"
"2024/09/02","03:00","2.327","-","-"
"2024/09/02","04:00","1.833","-","-"
"2024/09/02","05:00","1.27","-","-"
"2024/09/02","06:00","0.778","-","-"
"2024/09/02","07:00","0.471","-","-"
"2024/09/02","08:00","0.404","-","-"
"2024/09/02","09:00","0.593","-","-"
"2024/09/02","10:00","1.033","-","-"
"2024/09/02","11:00","1.628","-","-"
"2024/09/02","12:00","2.187","-","-"
"2024/09/02","13:00","2.52","-","-"
"2024/09/02","14:00","2.554","-","-"
"2024/09/02","15:00","2.318","-","-"
"2024/09/02","16:00","1.88","-","-"
"2024/09/02","17:00","1.341","-","-"
"2024/09/02","18:00","0.846","-","-"
"2024/09/02","19:00","0.529","-","-"
"2024/09/02","20:00","0.456","-","-"
"2024/09/02","21:00","0.635","-","-"
"2024/09/02","22:00","1.052","-","-"
"2024/09/02","23:00","1.633","-","-"
"2024/09/03","00:00","2.209","-","-"
"2024/09/03","01:00","2.594","-","-"
"2024/09/03","02:00","2.689","-","-"
"2024/09/03","03:00","2.507","-","-"
"2024/09/03","04:00","2.105","-","-"
"2024/09/03","05:00","1.565","-","-"
"2024/09/03","06:00","1.011","-","-"
"2024/09/03","07:00","0.583","-","-"
"2024/09/03","08:00","0.376","-","-"
"2024/09/03","09:00","0.43","-","-"
"2024/09/03","10:00","0.746","-","-"
"2024/09/03","11:00","1.279","-","-"
"2024/09/03","12:00","1.888","-","-"
"2024/09/03","13:00","2.379","-","-"
"2024/09/03","14:00","2.607","-","-"
"2024/09/03","15:00","2.539","-","-"
"2024/09/03","16:00","2.217","-","-"
"2024/09/03","17:00","1.722","-","-"
"2024/09/03","18:00","1.172","-","-"
"2024/09/03","19:00","0.715","-","-"
"2024/09/03","20:00","0.467","-","-"
"2024/09/03","21:00","0.479","-","-"
"2024/09/03","22:00","0.75","-","-"
"2024/09/03","23:00","1.233","-","-"
"2024/09/04","00:00","1.812","-","-"
"2024/09/04","01:00","2.315","-","-"
"2024/09/04","02:00","2.591","-","-"
"2024/09/04","03:00","2.577","-","-"
"2024/09/04","04:00","2.301","-","-"
"2024/09/04","05:00","1.835","-","-"
"2024/09/04","06:00","1.281","-","-"
"2024/09/04","07:00","0.772","-","-"
"2024/09/04","08:00","0.438","-","-"
"2024/09/04","09:00","0.359","-","-"
"2024/09/04","10:00","0.554","-","-"
"2024/09/04","11:00","0.985","-","-"
"2024/09/04","12:00","1.559","-","-"
"2024/09/04","13:00","2.126","-","-"
"2024/09/04","14:00","2.519","-","-"
"2024/09/04","15:00","2.635","-","-"
"2024/09/04","16:00","2.462","-","-"
"2024/09/04","17:00","2.062","-","-"
"2024/09/04","18:00","1.534","-","-"
"2024/09/04","19:00","1.004","-","-"
"2024/09/04","20:00","0.609","-","-"
"2024/09/04","21:00","0.453","-","-"
"2024/09/04","22:00","0.57","-","-"
"2024/09/04","23:00","0.922","-","-"
"2024/09/05","00:00","1.424","-","-"
"2024/09/05","01:00","1.953","-","-"
"2024/09/05","02:00","2.361","-","-"
"2024/09/05","03:00","2.524","-","-"
"2024/09/05","04:00","2.404","-","-"
"2024/09/05","05:00","2.047","-","-"
"2024/09/05","06:00","1.546","-","-"
"2024/09/05","07:00","1.015","-","-"
"2024/09/05","08:00","0.582","-","-"
"2024/09/05","09:00","0.372","-","-"
"2024/09/05","10:00","0.443","-","-"
"2024/09/05","11:00","0.768","-","-"
"2024/09/05","12:00","1.264","-","-"
"2024/09/05","13:00","1.825","-","-"
"2024/09/05","14:00","2.318","-","-"
"2024/09/05","15:00","2.603","-","-"
"2024/09/05","16:00","2.599","-","-"
"2024/09/05","17:00","2.327","-","-"
"2024/09/05","18:00","1.873","-","-"
"2024/09/05","19:00","1.343","-","-"
"2024/09/05","20:00","0.859","-","-"
"2024/09/05","21:00","0.552","-","-"
"2024/09/05","22:00","0.508","-","-"
"2024/09/05","23:00","0.72","-","-"
"2024/09/06","00:00","1.109","-","-"
"2024/09/06","01:00","1.584","-","-"
"2024/09/06","02:00","2.042","-","-"
"2024/09/06","03:00","2.349","-","-"
"2024/09/06","04:00","2.399","-","-"
"2024/09/06","05:00","2.179","-","-"
"2024/09/06","06:00","1.769","-","-"
"2024/09/06","07:00","1.269","-","-"
"2024/09/06","08:00","0.792","-","-"
"2024/09/06","09:00","0.468","-","-"
"2024/09/06","10:00","0.405","-","-"
"2024/09/06","11:00","0.616","-","-"
"2024/09/06","12:00","1.023","-","-"
"2024/09/06","13:00","1.532","-","-"
"2024/09/06","14:00","2.052","-","-"
"2024/09/06","15:00","2.459","-","-"
"2024/09/06","16:00","2.625","-","-"
"2024/09/06","17:00","2.504","-","-"
"2024/09/06","18:00","2.155","-","-"
"2024/09/06","19:00","1.677","-","-"
"2024/09/06","20:00","1.172","-","-"
"2024/09/06","21:00","0.761","-","-"
"2024/09/06","22:00","0.565","-","-"
"2024/09/06","23:00","0.625","-","-"
"2024/09/07","00:00","0.888","-","-"
"2024/09/07","01:00","1.27","-","-"
"2024/09/07","02:00","1.701","-","-"
"2024/09/07","03:00","2.083","-","-"
"2024/09/07","04:00","2.285","-","-"
"2024/09/07","05:00","2.225","-","-"
"2024/09/07","06:00","1.932","-","-"
"2024/09/07","07:00","1.5","-","-"
"2024/09/07","08:00","1.031","-","-"
"2024/09/07","09:00","0.639","-","-"
"2024/09/07","10:00","0.448","-","-"
"2024/09/07","11:00","0.524","-","-"
"2024/09/07","12:00","0.828","-","-"
"2024/09/07","13:00","1.267","-","-"
"2024/09/07","14:00","1.765","-","-"
"2024/09/07","15:00","2.231","-","-"
"2024/09/07","16:00","2.54","-","-"
"2024/09/07","17:00","2.587","-","-"
"2024/09/07","18:00","2.37","-","-"
"2024/09/07","19:00","1.973","-","-"
"2024/09/07","20:00","1.498","-","-"
"2024/09/07","21:00","1.046","-","-"
"2024/09/07","22:00","0.733","-","-"
"2024/09/07","23:00","0.64","-","-"
"2024/09/08","00:00","0.763","-","-"
"2024/09/08","01:00","1.035","-","-"
"2024/09/08","02:00","1.395","-","-"
"2024/09/08","03:00","1.779","-","-"
"2024/09/08","04:00","2.081","-","-"
"2024/09/08","05:00","2.18","-","-"
"2024/09/08","06:00","2.032","-","-"
"2024/09/08","07:00","1.695","-","-"
"2024/09/08","08:00","1.269","-","-"
"2024/09/08","09:00","0.859","-","-"
"2024/09/08","10:00","0.576","-","-"
"2024/09/08","11:00","0.51","-","-"
"2024/09/08","12:00","0.679","-","-"
"2024/09/08","13:00","1.026","-","-"
"2024/09/08","14:00","1.475","-","-"
"2024/09/08","15:00","1.951","-","-"
"2024/09/08","16:00","2.354","-","-"
"2024/09/08","17:00","2.563","-","-"
"2024/09/08","18:00","2.508","-","-"
"2024/09/08","19:00","2.224","-","-"
"2024/09/08","20:00","1.807","-","-"
"2024/09/08","21:00","1.363","-","-"
"2024/09/08","22:00","0.989","-","-"
"2024/09/08","23:00","0.767","-","-"
"2024/09/09","00:00","0.735","-","-"
"2024/09/09","01:00","0.877","-","-"
"2024/09/09","02:00","1.145","-","-"
"2024/09/09","03:00","1.485","-","-"
"2024/09/09","04:00","1.822","-","-"
"2024/09/09","05:00","2.046","-","-"
"2024/09/09","06:00","2.06","-","-"
"2024/09/09","07:00","1.853","-","-"
"2024/09/09","08:00","1.498","-","-"
"2024/09/09","09:00","1.106","-","-"
"2024/09/09","10:00","0.778","-","-"
"2024/09/09","11:00","0.594","-","-"
"2024/09/09","12:00","0.606","-","-"
"2024/09/09","13:00","0.818","-","-"
"2024/09/09","14:00","1.185","-","-"
"2024/09/09","15:00","1.636","-","-"
"2024/09/09","16:00","2.084","-","-"
"2024/09/09","17:00","2.421","-","-"
"2024/09/09","18:00","2.545","-","-"
"2024/09/09","19:00","2.417","-","-"
"2024/09/09","20:00","2.094","-","-"
"2024/09/09","21:00","1.687","-","-"
"2024/09/09","22:00","1.298","-","-"
"2024/09/09","23:00","0.993","-","-"
"2024/09/10","00:00","0.818","-","-"
"2024/09/10","01:00","0.804","-","-"
"2024/09/10","02:00","0.951","-","-"
"2024/09/10","03:00","1.217","-","-"
"2024/09/10","04:00","1.539","-","-"
"2024/09/10","05:00","1.834","-","-"
"2024/09/10","06:00","1.999","-","-"
"2024/09/10","07:00","1.957","-","-"
"2024/09/10","08:00","1.716","-","-"
"2024/09/10","09:00","1.374","-","-"
"2024/09/10","10:00","1.037","-","-"
"2024/09/10","11:00","0.778","-","-"
"2024/09/10","12:00","0.644","-","-"
"2024/09/10","13:00","0.683","-","-"
"2024/09/10","14:00","0.913","-","-"
"2024/09/10","15:00","1.294","-","-"
"2024/09/10","16:00","1.741","-","-"
"2024/09/10","17:00","2.16","-","-"
"2024/09/10","18:00","2.448","-","-"
"2024/09/10","19:00","2.516","-","-"
"2024/09/10","20:00","2.344","-","-"
"2024/09/10","21:00","2.014","-","-"
"2024/09/10","22:00","1.643","-","-"
"2024/09/10","23:00","1.299","-","-"
"2024/09/11","00:00","1.015","-","-"
"2024/09/11","01:00","0.84","-","-"
"2024/09/11","02:00","0.826","-","-"
"2024/09/11","03:00","0.979","-","-"
"2024/09/11","04:00","1.247","-","-"
"2024/09/11","05:00","1.56","-","-"
"2024/09/11","06:00","1.834","-","-"
"2024/09/11","07:00","1.968","-","-"
"2024/09/11","08:00","1.897","-","-"
"2024/09/11","09:00","1.655","-","-"
"2024/09/11","10:00","1.348","-","-"
"2024/09/11","11:00","1.056","-","-"
"2024/09/11","12:00","0.816","-","-"
"2024/09/11","13:00","0.679","-","-"
"2024/09/11","14:00","0.718","-","-"
"2024/09/11","15:00","0.959","-","-"
"2024/09/11","16:00","1.345","-","-"
"2024/09/11","17:00","1.788","-","-"
"2024/09/11","18:00","2.196","-","-"
"2024/09/11","19:00","2.463","-","-"
"2024/09/11","20:00","2.503","-","-"
"2024/09/11","21:00","2.321","-","-"
"2024/09/11","22:00","2.013","-","-"
"2024/09/11","23:00","1.669","-","-"
"2024/09/12","00:00","1.322","-","-"
"2024/09/12","01:00","1.009","-","-"
"2024/09/12","02:00","0.812","-","-"
"2024/09/12","03:00","0.798","-","-"
"2024/09/12","04:00","0.958","-","-"
"2024/09/12","05:00","1.236","-","-"
"2024/09/12","06:00","1.563","-","-"
"2024/09/12","07:00","1.846","-","-"
"2024/09/12","08:00","1.978","-","-"
"2024/09/12","09:00","1.91","-","-"
"2024/09/12","10:00","1.694","-","-"
"2024/09/12","11:00","1.414","-","-"
"2024/09/12","12:00","1.116","-","-"
"2024/09/12","13:00","0.841","-","-"
"2024/09/12","14:00","0.674","-","-"
"2024/09/12","15:00","0.705","-","-"
"2024/09/12","16:00","0.947","-","-"
"2024/09/12","17:00","1.339","-","-"
"2024/09/12","18:00","1.796","-","-"
"2024/09/12","19:00","2.218","-","-"
"2024/09/12","20:00","2.49","-","-"
"2024/09/12","21:00","2.537","-","-"
"2024/09/12","22:00","2.376","-","-"
"2024/09/12","23:00","2.086","-","-"
"2024/09/13","00:00","1.721","-","-"
"2024/09/13","01:00","1.318","-","-"
"2024/09/13","02:00","0.954","-","-"
"2024/09/13","03:00","0.733","-","-"
"2024/09/13","04:00","0.717","-","-"
"2024/09/13","05:00","0.893","-","-"
"2024/09/13","06:00","1.205","-","-"
"2024/09/13","07:00","1.575","-","-"
"2024/09/13","08:00","1.895","-","-"
"2024/09/13","09:00","2.056","-","-"
"2024/09/13","10:00","2.021","-","-"
"2024/09/13","11:00","1.827","-","-"
"2024/09/13","12:00","1.527","-","-"
"2024/09/13","13:00","1.17","-","-"
"2024/09/13","14:00","0.832","-","-"
"2024/09/13","15:00","0.627","-","-"
"2024/09/13","16:00","0.641","-","-"
"2024/09/13","17:00","0.883","-","-"
"2024/09/13","18:00","1.294","-","-"
"2024/09/13","19:00","1.787","-","-"
"2024/09/13","20:00","2.248","-","-"
"2024/09/13","21:00","2.558","-","-"
"2024/09/13","22:00","2.641","-","-"
"2024/09/13","23:00","2.5","-","-"
"2024/09/14","00:00","2.183","-","-"
"2024/09/14","01:00","1.748","-","-"
"2024/09/14","02:00","1.266","-","-"
"2024/09/14","03:00","0.848","-","-"
"2024/09/14","04:00","0.604","-","-"
"2024/09/14","05:00","0.594","-","-"
"2024/09/14","06:00","0.807","-","-"
"2024/09/14","07:00","1.181","-","-"
"2024/09/14","08:00","1.622","-","-"
"2024/09/14","09:00","2.008","-","-"
"2024/09/14","10:00","2.226","-","-"
"2024/09/14","11:00","2.221","-","-"
"2024/09/14","12:00","2.004","-","-"
"2024/09/14","13:00","1.635","-","-"
"2024/09/14","14:00","1.194","-","-"
"2024/09/14","15:00","0.787","-","-"
"2024/09/14","16:00","0.537","-","-"
"2024/09/14","17:00","0.533","-","-"
"2024/09/14","18:00","0.785","-","-"
"2024/09/14","19:00","1.235","-","-"
"2024/09/14","20:00","1.784","-","-"
"2024/09/14","21:00","2.311","-","-"
"2024/09/14","22:00","2.683","-","-"
"2024/09/14","23:00","2.8","-","-"
"2024/09/15","00:00","2.638","-","-"
"2024/09/15","01:00","2.25","-","-"
"2024/09/15","02:00","1.724","-","-"
"2024/09/15","03:00","1.164","-","-"
"2024/09/15","04:00","0.695","-","-"
"2024/09/15","05:00","0.438","-","-"
"2024/09/15","06:00","0.457","-","-"
"2024/09/15","07:00","0.735","-","-"
"2024/09/15","08:00","1.194","-","-"
"2024/09/15","09:00","1.731","-","-"
"2024/09/15","10:00","2.207","-","-"
"2024/09/15","11:00","2.477","-","-"
"2024/09/15","12:00","2.458","-","-"
"2024/09/15","13:00","2.173","-","-"
"2024/09/15","14:00","1.714","-","-"
"2024/09/15","15:00","1.185","-","-"
"2024/09/15","16:00","0.707","-","-"
"2024/09/15","17:00","0.414","-","-"
"2024/09/15","18:00","0.404","-","-"
"2024/09/15","19:00","0.683","-","-"
"2024/09/15","20:00","1.185","-","-"
"2024/09/15","21:00","1.81","-","-"
"2024/09/15","22:00","2.421","-","-"
"2024/09/15","23:00","2.848","-","-"
"2024/09/16","00:00","2.958","-","-"
"2024/09/16","01:00","2.733","-","-"
"2024/09/16","02:00","2.257","-","-"
"2024/09/16","03:00","1.646","-","-"
"2024/09/16","04:00","1.015","-","-"
"2024/09/16","05:00","0.51","-","-"
"2024/09/16","06:00","0.267","-","-"
"2024/09/16","07:00","0.343","-","-"
"2024/09/16","08:00","0.705","-","-"
"2024/09/16","09:00","1.273","-","-"
"2024/09/16","10:00","1.924","-","-"
"2024/09/16","11:00","2.479","-","-"
"2024/09/16","12:00","2.754","-","-"
"2024/09/16","13:00","2.676","-","-"
"2024/09/16","14:00","2.306","-","-"
"2024/09/16","15:00","1.757","-","-"
"2024/09/16","16:00","1.144","-","-"
"2024/09/16","17:00","0.602","-","-"
"2024/09/16","18:00","0.284","-","-"
"2024/09/16","19:00","0.284","-","-"
"2024/09/16","20:00","0.6","-","-"
"2024/09/16","21:00","1.168","-","-"
"2024/09/16","22:00","1.881","-","-"
"2024/09/16","23:00","2.563","-","-"
"2024/09/17","00:00","3","-","-"
"2024/09/17","01:00","3.058","-","-"
"2024/09/17","02:00","2.755","-","-"
"2024/09/17","03:00","2.2","-","-"
"2024/09/17","04:00","1.514","-","-"
"2024/09/17","05:00","0.834","-","-"
"2024/09/17","06:00","0.326","-","-"
"2024/09/17","07:00","0.127","-","-"
"2024/09/17","08:00","0.28","-","-"
"2024/09/17","09:00","0.747","-","-"
"2024/09/17","10:00","1.437","-","-"
"2024/09/17","11:00","2.187","-","-"
"2024/09/17","12:00","2.769","-","-"
"2024/09/17","13:00","3.001","-","-"
"2024/09/17","14:00","2.847","-","-"
"2024/09/17","15:00","2.395","-","-"
"2024/09/17","16:00","1.763","-","-"
"2024/09/17","17:00","1.078","-","-"
"2024/09/17","18:00","0.498","-","-"
"2024/09/17","19:00","0.177","-","-"
"2024/09/17","20:00","0.199","-","-"
"2024/09/17","21:00","0.563","-","-"
"2024/09/17","22:00","1.205","-","-"
"2024/09/17","23:00","1.988","-","-"
"2024/09/18","00:00","2.689","-","-"
"2024/09/18","01:00","3.085","-","-"
"2024/09/18","02:00","3.075","-","-"
"2024/09/18","03:00","2.703","-","-"
"2024/09/18","04:00","2.081","-","-"
"2024/09/18","05:00","1.344","-","-"
"2024/09/18","06:00","0.65","-","-"
"2024/09/18","07:00","0.176","-","-"
"2024/09/18","08:00","0.047","-","-"
"2024/09/18","09:00","0.296","-","-"
"2024/09/18","10:00","0.879","-","-"
"2024/09/18","11:00","1.672","-","-"
"2024/09/18","12:00","2.465","-","-"
"2024/09/18","13:00","3.019","-","-"
"2024/09/18","14:00","3.186","-","-"
"2024/09/18","15:00","2.959","-","-"
"2024/09/18","16:00","2.434","-","-"
"2024/09/18","17:00","1.736","-","-"
"2024/09/18","18:00","1.01","-","-"
"2024/09/18","19:00","0.421","-","-"
"2024/09/18","20:00","0.115","-","-"
"2024/09/18","21:00","0.174","-","-"
"2024/09/18","22:00","0.594","-","-"
"2024/09/18","23:00","1.29","-","-"
"2024/09/19","00:00","2.087","-","-"
"2024/09/19","01:00","2.752","-","-"
"2024/09/19","02:00","3.086","-","-"
"2024/09/19","03:00","3.012","-","-"
"2024/09/19","04:00","2.581","-","-"
"2024/09/19","05:00","1.915","-","-"
"2024/09/19","06:00","1.163","-","-"
"2024/09/19","07:00","0.497","-","-"
"2024/09/19","08:00","0.086","-","-"
"2024/09/19","09:00","0.047","-","-"
"2024/09/19","10:00","0.405","-","-"
"2024/09/19","11:00","1.084","-","-"
"2024/09/19","12:00","1.921","-","-"
"2024/09/19","13:00","2.697","-","-"
"2024/09/19","14:00","3.198","-","-"
"2024/09/19","15:00","3.297","-","-"
"2024/09/19","16:00","3.004","-","-"
"2024/09/19","17:00","2.423","-","-"
"2024/09/19","18:00","1.694","-","-"
"2024/09/19","19:00","0.963","-","-"
"2024/09/19","20:00","0.39","-","-"
"2024/09/19","21:00","0.121","-","-"
"2024/09/19","22:00","0.228","-","-"
"2024/09/19","23:00","0.686","-","-"
"2024/09/20","00:00","1.383","-","-"
"2024/09/20","01:00","2.141","-","-"
"2024/09/20","02:00","2.745","-","-"
"2024/09/20","03:00","3.014","-","-"
"2024/09/20","04:00","2.88","-","-"
"2024/09/20","05:00","2.408","-","-"
"2024/09/20","06:00","1.732","-","-"
"2024/09/20","07:00","1.006","-","-"
"2024/09/20","08:00","0.398","-","-"
"2024/09/20","09:00","0.075","-","-"
"2024/09/20","10:00","0.143","-","-"
"2024/09/20","11:00","0.589","-","-"
"2024/09/20","12:00","1.305","-","-"
"2024/09/20","13:00","2.127","-","-"
"2024/09/20","14:00","2.856","-","-"
"2024/09/20","15:00","3.293","-","-"
"2024/09/20","16:00","3.326","-","-"
"2024/09/20","17:00","2.98","-","-"
"2024/09/20","18:00","2.377","-","-"
"2024/09/20","19:00","1.653","-","-"
"2024/09/20","20:00","0.948","-","-"
"2024/09/20","21:00","0.422","-","-"
"2024/09/20","22:00","0.208","-","-"
"2024/09/20","23:00","0.352","-","-"
"2024/09/21","00:00","0.801","-","-"
"2024/09/21","01:00","1.449","-","-"
"2024/09/21","02:00","2.144","-","-"
"2024/09/21","03:00","2.681","-","-"
"2024/09/21","04:00","2.884","-","-"
"2024/09/21","05:00","2.701","-","-"
"2024/09/21","06:00","2.216","-","-"
"2024/09/21","07:00","1.565","-","-"
"2024/09/21","08:00","0.895","-","-"
"2024/09/21","09:00","0.373","-","-"
"2024/09/21","10:00","0.157","-","-"
"2024/09/21","11:00","0.313","-","-"
"2024/09/21","12:00","0.792","-","-"
"2024/09/21","13:00","1.489","-","-"
"2024/09/21","14:00","2.265","-","-"
"2024/09/21","15:00","2.934","-","-"
"2024/09/21","16:00","3.3","-","-"
"2024/09/21","17:00","3.273","-","-"
"2024/09/21","18:00","2.903","-","-"
"2024/09/21","19:00","2.313","-","-"
"2024/09/21","20:00","1.627","-","-"
"2024/09/21","21:00","0.981","-","-"
"2024/09/21","22:00","0.526","-","-"
"2024/09/21","23:00","0.363","-","-"
"2024/09/22","00:00","0.502","-","-"
"2024/09/22","01:00","0.9","-","-"
"2024/09/22","02:00","1.483","-","-"
"2024/09/22","03:00","2.111","-","-"
"2024/09/22","04:00","2.577","-","-"
"2024/09/22","05:00","2.717","-","-"
"2024/09/22","06:00","2.508","-","-"
"2024/09/22","07:00","2.04","-","-"
"2024/09/22","08:00","1.44","-","-"
"2024/09/22","09:00","0.852","-","-"
"2024/09/22","10:00","0.436","-","-"
"2024/09/22","11:00","0.312","-","-"
"2024/09/22","12:00","0.504","-","-"
"2024/09/22","13:00","0.963","-","-"
"2024/09/22","14:00","1.612","-","-"
"2024/09/22","15:00","2.33","-","-"
"2024/09/22","16:00","2.928","-","-"
"2024/09/22","17:00","3.224","-","-"
"2024/09/22","18:00","3.158","-","-"
"2024/09/22","19:00","2.795","-","-"
"2024/09/22","20:00","2.247","-","-"
"2024/09/22","21:00","1.629","-","-"
"2024/09/22","22:00","1.068","-","-"
"2024/09/22","23:00","0.683","-","-"
"2024/09/23","00:00","0.535","-","-"
"2024/09/23","01:00","0.634","-","-"
"2024/09/23","02:00","0.971","-","-"
"2024/09/23","03:00","1.493","-","-"
"2024/09/23","04:00","2.052","-","-"
"2024/09/23","05:00","2.448","-","-"
"2024/09/23","06:00","2.544","-","-"
"2024/09/23","07:00","2.334","-","-"
"2024/09/23","08:00","1.906","-","-"
"2024/09/23","09:00","1.38","-","-"
"2024/09/23","10:00","0.892","-","-"
"2024/09/23","11:00","0.568","-","-"
"2024/09/23","12:00","0.488","-","-"
"2024/09/23","13:00","0.666","-","-"
"2024/09/23","14:00","1.08","-","-"
"2024/09/23","15:00","1.675","-","-"
"2024/09/23","16:00","2.325","-","-"
"2024/09/23","17:00","2.848","-","-"
"2024/09/23","18:00","3.089","-","-"
"2024/09/23","19:00","3.01","-","-"
"2024/09/23","20:00","2.678","-","-"
"2024/09/23","21:00","2.198","-","-"
"2024/09/23","22:00","1.672","-","-"
"2024/09/23","23:00","1.193","-","-"
"2024/09/24","00:00","0.841","-","-"
"2024/09/24","01:00","0.674","-","-"
"2024/09/24","02:00","0.729","-","-"
"2024/09/24","03:00","1.017","-","-"
"2024/09/24","04:00","1.483","-","-"
"2024/09/24","05:00","1.979","-","-"
"2024/09/24","06:00","2.323","-","-"
"2024/09/24","07:00","2.397","-","-"
"2024/09/24","08:00","2.206","-","-"
"2024/09/24","09:00","1.837","-","-"
"2024/09/24","10:00","1.401","-","-"
"2024/09/24","11:00","0.998","-","-"
"2024/09/24","12:00","0.719","-","-"
"2024/09/24","13:00","0.634","-","-"
"2024/09/24","14:00","0.778","-","-"
"2024/09/24","15:00","1.145","-","-"
"2024/09/24","16:00","1.68","-","-"
"2024/09/24","17:00","2.261","-","-"
"2024/09/24","18:00","2.722","-","-"
"2024/09/24","19:00","2.929","-","-"
"2024/09/24","20:00","2.857","-","-"
"2024/09/24","21:00","2.579","-","-"
"2024/09/24","22:00","2.185","-","-"
"2024/09/24","23:00","1.74","-","-"
"2024/09/25","00:00","1.302","-","-"
"2024/09/25","01:00","0.949","-","-"
"2024/09/25","02:00","0.759","-","-"
"2024/09/25","03:00","0.785","-","-"
"2024/09/25","04:00","1.037","-","-"
"2024/09/25","05:00","1.459","-","-"
"2024/09/25","06:00","1.912","-","-"
"2024/09/25","07:00","2.225","-","-"
"2024/09/25","08:00","2.297","-","-"
"2024/09/25","09:00","2.145","-","-"
"2024/09/25","10:00","1.851","-","-"
"2024/09/25","11:00","1.487","-","-"
"2024/09/25","12:00","1.119","-","-"
"2024/09/25","13:00","0.837","-","-"
"2024/09/25","14:00","0.729","-","-"
"2024/09/25","15:00","0.84","-","-"
"2024/09/25","16:00","1.162","-","-"
"2024/09/25","17:00","1.641","-","-"
"2024/09/25","18:00","2.168","-","-"
"2024/09/25","19:00","2.586","-","-"
"2024/09/25","20:00","2.777","-","-"
"2024/09/25","21:00","2.734","-","-"
"2024/09/25","22:00","2.525","-","-"
"2024/09/25","23:00","2.2","-","-"
"2024/09/26","00:00","1.788","-","-"
"2024/09/26","01:00","1.348","-","-"
"2024/09/26","02:00","0.985","-","-"
"2024/09/26","03:00","0.787","-","-"
"2024/09/26","04:00","0.8","-","-"
"2024/09/26","05:00","1.034","-","-"
"2024/09/26","06:00","1.437","-","-"
"2024/09/26","07:00","1.872","-","-"
"2024/09/26","08:00","2.175","-","-"
"2024/09/26","09:00","2.265","-","-"
"2024/09/26","10:00","2.167","-","-"
"2024/09/26","11:00","1.929","-","-"
"2024/09/26","12:00","1.585","-","-"
"2024/09/26","13:00","1.203","-","-"
"2024/09/26","14:00","0.899","-","-"
"2024/09/26","15:00","0.772","-","-"
"2024/09/26","16:00","0.855","-","-"
"2024/09/26","17:00","1.14","-","-"
"2024/09/26","18:00","1.584","-","-"
"2024/09/26","19:00","2.079","-","-"
"2024/09/26","20:00","2.474","-","-"
"2024/09/26","21:00","2.67","-","-"
"2024/09/26","22:00","2.67","-","-"
"2024/09/26","23:00","2.509","-","-"
"2024/09/27","00:00","2.199","-","-"
"2024/09/27","01:00","1.769","-","-"
"2024/09/27","02:00","1.314","-","-"
"2024/09/27","03:00","0.952","-","-"
"2024/09/27","04:00","0.761","-","-"
"2024/09/27","05:00","0.782","-","-"
"2024/09/27","06:00","1.027","-","-"
"2024/09/27","07:00","1.44","-","-"
"2024/09/27","08:00","1.878","-","-"
"2024/09/27","09:00","2.192","-","-"
"2024/09/27","10:00","2.317","-","-"
"2024/09/27","11:00","2.254","-","-"
"2024/09/27","12:00","2.017","-","-"
"2024/09/27","13:00","1.641","-","-"
"2024/09/27","14:00","1.225","-","-"
"2024/09/27","15:00","0.904","-","-"
"2024/09/27","16:00","0.763","-","-"
"2024/09/27","17:00","0.83","-","-"
"2024/09/27","18:00","1.103","-","-"
"2024/09/27","19:00","1.539","-","-"
"2024/09/27","20:00","2.024","-","-"
"2024/09/27","21:00","2.417","-","-"
"2024/09/27","22:00","2.634","-","-"
"2024/09/27","23:00","2.658","-","-"
"2024/09/28","00:00","2.489","-","-"
"2024/09/28","01:00","2.138","-","-"
"2024/09/28","02:00","1.67","-","-"
"2024/09/28","03:00","1.206","-","-"
"2024/09/28","04:00","0.858","-","-"
"2024/09/28","05:00","0.694","-","-"
"2024/09/28","06:00","0.754","-","-"
"2024/09/28","07:00","1.042","-","-"
"2024/09/28","08:00","1.488","-","-"
"2024/09/28","09:00","1.95","-","-"
"2024/09/28","10:00","2.291","-","-"
"2024/09/28","11:00","2.433","-","-"
"2024/09/28","12:00","2.352","-","-"
"2024/09/28","13:00","2.061","-","-"
"2024/09/28","14:00","1.63","-","-"
"2024/09/28","15:00","1.185","-","-"
"2024/09/28","16:00","0.853","-","-"
"2024/09/28","17:00","0.713","-","-"
"2024/09/28","18:00","0.79","-","-"
"2024/09/28","19:00","1.08","-","-"
"2024/09/28","20:00","1.53","-","-"
"2024/09/28","21:00","2.027","-","-"
"2024/09/28","22:00","2.435","-","-"
"2024/09/28","23:00","2.657","-","-"
"2024/09/29","00:00","2.65","-","-"
"2024/09/29","01:00","2.417","-","-"
"2024/09/29","02:00","2.002","-","-"
"2024/09/29","03:00","1.501","-","-"
"2024/09/29","04:00","1.04","-","-"
"2024/09/29","05:00","0.725","-","-"
"2024/09/29","06:00","0.619","-","-"
"2024/09/29","07:00","0.749","-","-"
"2024/09/29","08:00","1.104","-","-"
"2024/09/29","09:00","1.603","-","-"
"2024/09/29","10:00","2.103","-","-"
"2024/09/29","11:00","2.452","-","-"
"2024/09/29","12:00","2.557","-","-"
"2024/09/29","13:00","2.403","-","-"
"2024/09/29","14:00","2.036","-","-"
"2024/09/29","15:00","1.553","-","-"
"2024/09/29","16:00","1.085","-","-"
"2024/09/29","17:00","0.758","-","-"
"2024/09/29","18:00","0.645","-","-"
"2024/09/29","19:00","0.762","-","-"
"2024/09/29","20:00","1.091","-","-"
"2024/09/29","21:00","1.578","-","-"
"2024/09/29","22:00","2.103","-","-"
"2024/09/29","23:00","2.511","-","-"