"Date","Time (LST)","Predicted (ft)","Preliminary (ft)","Verified (ft)"
"2021/01/01","00:00","0.714","-","0.98"
"2021/01/01","01:00","0.643","-","0.92"
"2021/01/01","02:00","0.472","-","0.69"
"2021/01/01","03:00","0.225","-","0.4"
"2021/01/01","04:00","-0.037","-","0.2"
"2021/01/01","05:00","-0.229","-","0.06"
"2021/01/01","06:00","-0.296","-","0.03"
"2021/01/01","07:00","-0.216","-","0.15"
"2021/01/01","08:00","0.013","-","0.41"
"2021/01/01","09:00","0.354","-","0.76"
"2021/01/01","10:00","0.706","-","1.08"
"2021/01/01","11:00","0.947","-","1.23"
"2021/01/01","12:00","1.027","-","1.29"
"2021/01/01","13:00","0.967","-","1.25"
"2021/01/01","14:00","0.802","-","1.21"
"2021/01/01","15:00","0.549","-","0.99"
"2021/01/01","16:00","0.244","-","0.67"
"2021/01/01","17:00","-0.039","-","0.41"
"2021/01/01","18:00","-0.237","-","0.33"
"2021/01/01","19:00","-0.311","-","0.25"
"2021/01/01","20:00","-0.236","-","0.42"
"2021/01/01","21:00","-0.013","-","0.7"
"2021/01/01","22:00","0.296","-","1.05"
"2021/01/01","23:00","0.569","-","1.36"
"2021/01/02","00:00","0.715","-","1.57"
"2021/01/02","01:00","0.721","-","1.56"
"2021/01/02","02:00","0.617","-","1.44"
"2021/01/02","03:00","0.423","-","1.36"
"2021/01/02","04:00","0.168","-","1.11"
"2021/01/02","05:00","-0.079","-","0.85"
"2021/01/02","06:00","-0.244","-","0.59"
"2021/01/02","07:00","-0.279","-","0.55"
"2021/01/02","08:00","-0.17","-","0.61"
"2021/01/02","09:00","0.082","-","0.9"
"2021/01/02","10:00","0.43","-","1.25"
"2021/01/02","11:00","0.76","-","1.6"
"2021/01/02","12:00","0.96","-","1.82"
"2021/01/02","13:00","0.995","-","1.91"
"2021/01/02","14:00","0.898","-","1.83"
"2021/01/02","15:00","0.707","-","1.63"
"2021/01/02","16:00","0.44","-","1.28"
"2021/01/02","17:00","0.141","-","1.01"
"2021/01/02","18:00","-0.12","-","0.85"
"2021/01/02","19:00","-0.282","-","0.72"
"2021/01/02","20:00","-0.316","-","0.64"
"2021/01/02","21:00","-0.198","-","0.69"
"2021/01/02","22:00","0.061","-","0.92"
"2021/01/02","23:00","0.381","-","1.25"
"2021/01/03","00:00","0.639","-","1.54"
"2021/01/03","01:00","0.752","-","1.63"
"2021/01/03","02:00","0.726","-","1.64"
"2021/01/03","03:00","0.598","-","1.49"
"2021/01/03","04:00","0.39","-","1.33"
"2021/01/03","05:00","0.137","-","1.1"
"2021/01/03","06:00","-0.096","-","0.89"
"2021/01/03","07:00","-0.238","-","0.75"
"2021/01/03","08:00","-0.255","-","0.71"
"2021/01/03","09:00","-0.13","-","0.89"
"2021/01/03","10:00","0.133","-","1.28"
"2021/01/03","11:00","0.475","-","1.59"
"2021/01/03","12:00","0.779","-","1.8"
"2021/01/03","13:00","0.94","-","1.83"
"2021/01/03","14:00","0.938","-","1.89"
"2021/01/03","15:00","0.817","-","1.91"
"2021/01/03","16:00","0.611","-","1.83"
"2021/01/03","17:00","0.342","-","1.5"
"2021/01/03","18:00","0.056","-","1.21"
"2021/01/03","19:00","-0.18","-","1.03"
"2021/01/03","20:00","-0.312","-","0.88"
"2021/01/03","21:00","-0.31","-","0.81"
"2021/01/03","22:00","-0.155","-","0.91"
"2021/01/03","23:00","0.134","-","1.21"
"2021/01/04","00:00","0.461","-","1.49"
"2021/01/04","01:00","0.701","-","1.72"
"2021/01/04","02:00","0.787","-","1.87"
"2021/01/04","03:00","0.739","-","1.89"
"2021/01/04","04:00","0.596","-","1.81"
"2021/01/04","05:00","0.382","-","1.57"
"2021/01/04","06:00","0.131","-","1.34"
"2021/01/04","07:00","-0.091","-","1.23"
"2021/01/04","08:00","-0.224","-","1.11"
"2021/01/04","09:00","-0.235","-","1.06"
"2021/01/04","10:00","-0.107","-","1.25"
"2021/01/04","11:00","0.156","-","1.58"
"2021/01/04","12:00","0.486","-","1.92"
"2021/01/04","13:00","0.762","-","2.15"
"2021/01/04","14:00","0.89","-","2.3"
"2021/01/04","15:00","0.865","-","2.3"
"2021/01/04","16:00","0.733","-","2.22"
"2021/01/04","17:00","0.526","-","2"
"2021/01/04","18:00","0.262","-","1.76"
"2021/01/04","19:00","-0.01","-","1.53"
"2021/01/04","20:00","-0.224","-","1.37"
"2021/01/04","21:00","-0.33","-","1.27"
"2021/01/04","22:00","-0.297","-","1.24"
"2021/01/04","23:00","-0.109","-","1.45"
"2021/01/05","00:00","0.204","-","1.77"
"2021/01/05","01:00","0.534","-","2.09"
"2021/01/05","02:00","0.758","-","2.33"
"2021/01/05","03:00","0.825","-","2.42"
"2021/01/05","04:00","0.766","-","2.43"
"2021/01/05","05:00","0.617","-","2.33"
"2021/01/05","06:00","0.4","-","2.12"
"2021/01/05","07:00","0.148","-","1.91"
"2021/01/05","08:00","-0.075","-","1.7"
"2021/01/05","09:00","-0.211","-","1.58"
"2021/01/05","10:00","-0.228","-","1.56"
"2021/01/05","11:00","-0.106","-","1.75"
"2021/01/05","12:00","0.15","-","2.09"
"2021/01/05","13:00","0.464","-","2.37"
"2021/01/05","14:00","0.714","-","2.57"
"2021/01/05","15:00","0.819","-","2.64"
"2021/01/05","16:00","0.786","-","2.62"
"2021/01/05","17:00","0.658","-","2.49"
"2021/01/05","18:00","0.456","-","2.26"
"2021/01/05","19:00","0.2","-","2.02"
"2021/01/05","20:00","-0.06","-","1.79"
"2021/01/05","21:00","-0.256","-","1.6"
"2021/01/05","22:00","-0.34","-","1.43"
"2021/01/05","23:00","-0.281","-","1.41"
"2021/01/06","00:00","-0.064","-","1.57"
"2021/01/06","01:00","0.267","-","1.89"
"2021/01/06","02:00","0.597","-","2.21"
"2021/01/06","03:00","0.81","-","2.42"
"2021/01/06","04:00","0.87","-","2.5"
"2021/01/06","05:00","0.81","-","2.48"
"2021/01/06","06:00","0.662","-","2.35"
"2021/01/06","07:00","0.438","-","2.13"
"2021/01/06","08:00","0.178","-","1.84"
"2021/01/06","09:00","-0.055","-","1.57"
"2021/01/06","10:00","-0.203","-","1.39"
"2021/01/06","11:00","-0.235","-","1.35"
"2021/01/06","12:00","-0.126","-","1.4"
"2021/01/06","13:00","0.117","-","1.62"
"2021/01/06","14:00","0.413","-","1.89"
"2021/01/06","15:00","0.645","-","2.11"
"2021/01/06","16:00","0.742","-","2.2"
"2021/01/06","17:00","0.716","-","2.23"
"2021/01/06","18:00","0.6","-","2.06"
"2021/01/06","19:00","0.406","-","1.81"
"2021/01/06","20:00","0.153","-","1.57"
"2021/01/06","21:00","-0.098","-","1.31"
"2021/01/06","22:00","-0.28","-","1.14"
"2021/01/06","23:00","-0.346","-","1.03"
"2021/01/07","00:00","-0.266","-","1.02"
"2021/01/07","01:00","-0.029","-","1.24"
"2021/01/07","02:00","0.315","-","1.59"
"2021/01/07","03:00","0.646","-","1.87"
"2021/01/07","04:00","0.858","-","2.05"
"2021/01/07","05:00","0.924","-","2.16"
"2021/01/07","06:00","0.871","-","2.22"
"2021/01/07","07:00","0.721","-","2.14"
"2021/01/07","08:00","0.486","-","1.96"
"2021/01/07","09:00","0.211","-","1.69"
"2021/01/07","10:00","-0.036","-","1.48"
"2021/01/07","11:00","-0.203","-","1.37"
"2021/01/07","12:00","-0.255","-","1.33"
"2021/01/07","13:00","-0.164","-","1.43"
"2021/01/07","14:00","0.063","-","1.66"
"2021/01/07","15:00","0.346","-","1.9"
"2021/01/07","16:00","0.572","-","2.1"
"2021/01/07","17:00","0.677","-","2.21"
"2021/01/07","18:00","0.668","-","2.22"
"2021/01/07","19:00","0.564","-","2.09"
"2021/01/07","20:00","0.372","-","1.91"
"2021/01/07","21:00","0.119","-","1.63"
"2021/01/07","22:00","-0.126","-","1.42"
"2021/01/07","23:00","-0.298","-","1.25"
"2021/01/08","00:00","-0.353","-","1.19"
"2021/01/08","01:00","-0.261","-","1.21"
"2021/01/08","02:00","-0.01","-","1.57"
"2021/01/08","03:00","0.345","-","1.95"
"2021/01/08","04:00","0.684","-","2.38"
"2021/01/08","05:00","0.905","-","2.57"
"2021/01/08","06:00","0.983","-","2.64"
"2021/01/08","07:00","0.939","-","2.64"
"2021/01/08","08:00","0.783","-","2.56"
"2021/01/08","09:00","0.533","-","2.2"
"2021/01/08","10:00","0.242","-","1.9"
"2021/01/08","11:00","-0.022","-","1.66"
"2021/01/08","12:00","-0.212","-","1.57"
"2021/01/08","13:00","-0.289","-","1.39"
"2021/01/08","14:00","-0.217","-","1.41"
"2021/01/08","15:00","0","-","1.66"
"2021/01/08","16:00","0.282","-","1.94"
"2021/01/08","17:00","0.516","-","2.14"
"2021/01/08","18:00","0.638","-","2.28"
"2021/01/08","19:00","0.647","-","2.27"
"2021/01/08","20:00","0.549","-","2.21"
"2021/01/08","21:00","0.353","-","1.98"
"2021/01/08","22:00","0.096","-","1.73"
"2021/01/08","23:00","-0.147","-","1.5"
"2021/01/09","00:00","-0.316","-","1.33"
"2021/01/09","01:00","-0.369","-","1.25"
"2021/01/09","02:00","-0.272","-","1.24"
"2021/01/09","03:00","-0.009","-","1.54"
"2021/01/09","04:00","0.36","-","1.91"
"2021/01/09","05:00","0.714","-","2.25"
"2021/01/09","06:00","0.951","-","2.55"
"2021/01/09","07:00","1.043","-","2.64"
"2021/01/09","08:00","1.001","-","2.57"
"2021/01/09","09:00","0.834","-","2.43"
"2021/01/09","10:00","0.568","-","2.17"
"2021/01/09","11:00","0.261","-","1.85"
"2021/01/09","12:00","-0.021","-","1.54"
"2021/01/09","13:00","-0.234","-","1.29"
"2021/01/09","14:00","-0.335","-","1.13"
"2021/01/09","15:00","-0.275","-","1.13"
"2021/01/09","16:00","-0.054","-","1.29"
"2021/01/09","17:00","0.242","-","1.55"
"2021/01/09","18:00","0.493","-","1.84"
"2021/01/09","19:00","0.632","-","1.96"
"2021/01/09","20:00","0.651","-","1.91"
"2021/01/09","21:00","0.55","-","1.85"
"2021/01/09","22:00","0.344","-","1.65"
"2021/01/09","23:00","0.08","-","1.41"
"2021/01/10","00:00","-0.166","-","1.16"
"2021/01/10","01:00","-0.339","-","0.95"
"2021/01/10","02:00","-0.397","-","0.88"
"2021/01/10","03:00","-0.297","-","0.93"
"2021/01/10","04:00","-0.018","-","1.2"
"2021/01/10","05:00","0.373","-","1.63"
"2021/01/10","06:00","0.745","-","2.07"
"2021/01/10","07:00","0.995","-","2.31"
"2021/01/10","08:00","1.092","-","2.39"
"2021/01/10","09:00","1.045","-","2.33"
"2021/01/10","10:00","0.865","-","2.17"
"2021/01/10","11:00","0.583","-","1.86"
"2021/01/10","12:00","0.262","-","1.56"
"2021/01/10","13:00","-0.037","-","1.3"
"2021/01/10","14:00","-0.272","-","1.04"
"2021/01/10","15:00","-0.387","-","0.88"
"2021/01/10","16:00","-0.322","-","0.88"
"2021/01/10","17:00","-0.08","-","1.07"
"2021/01/10","18:00","0.238","-","1.43"
"2021/01/10","19:00","0.506","-","1.74"
"2021/01/10","20:00","0.655","-","1.84"
"2021/01/10","21:00","0.672","-","1.81"
"2021/01/10","22:00","0.56","-","1.69"
"2021/01/10","23:00","0.339","-","1.44"
"2021/01/11","00:00","0.066","-","1.17"
"2021/01/11","01:00","-0.188","-","0.94"
"2021/01/11","02:00","-0.37","-","0.77"
"2021/01/11","03:00","-0.433","-","0.68"
"2021/01/11","04:00","-0.322","-","0.77"
"2021/01/11","05:00","-0.02","-","1.09"
"2021/01/11","06:00","0.393","-","1.55"
"2021/01/11","07:00","0.777","-","1.96"
"2021/01/11","08:00","1.029","-","2.17"
"2021/01/11","09:00","1.121","-","2.23"
"2021/01/11","10:00","1.062","-","2.23"
"2021/01/11","11:00","0.865","-","2.04"
"2021/01/11","12:00","0.569","-","1.71"
"2021/01/11","13:00","0.236","-","1.36"
"2021/01/11","14:00","-0.077","-","1.02"
"2021/01/11","15:00","-0.323","-","0.77"
"2021/01/11","16:00","-0.432","-","0.6"
"2021/01/11","17:00","-0.341","-","0.67"
"2021/01/11","18:00","-0.068","-","0.95"
"2021/01/11","19:00","0.272","-","1.32"
"2021/01/11","20:00","0.548","-","1.63"
"2021/01/11","21:00","0.694","-","1.78"
"2021/01/11","22:00","0.7","-","1.74"
"2021/01/11","23:00","0.571","-","1.61"
"2021/01/12","00:00","0.333","-","1.38"
"2021/01/12","01:00","0.049","-","1.1"
"2021/01/12","02:00","-0.214","-","0.86"
"2021/01/12","03:00","-0.403","-","0.66"
"2021/01/12","04:00","-0.462","-","0.57"
"2021/01/12","05:00","-0.331","-","0.65"
"2021/01/12","06:00","-0.002","-","1"
"2021/01/12","07:00","0.427","-","1.44"
"2021/01/12","08:00","0.809","-","1.86"
"2021/01/12","09:00","1.048","-","2.07"
"2021/01/12","10:00","1.123","-","2.09"
"2021/01/12","11:00","1.045","-","2.01"
"2021/01/12","12:00","0.83","-","1.81"
"2021/01/12","13:00","0.521","-","1.45"
"2021/01/12","14:00","0.181","-","1.05"
"2021/01/12","15:00","-0.136","-","0.73"
"2021/01/12","16:00","-0.374","-","0.52"
"2021/01/12","17:00","-0.456","-","0.43"
"2021/01/12","18:00","-0.325","-","0.54"
"2021/01/12","19:00","-0.017","-","0.85"
"2021/01/12","20:00","0.335","-","1.21"
"2021/01/12","21:00","0.604","-","1.46"
"2021/01/12","22:00","0.735","-","1.59"
"2021/01/12","23:00","0.722","-","1.58"
"2021/01/13","00:00","0.573","-","1.43"
"2021/01/13","01:00","0.319","-","1.18"
"2021/01/13","02:00","0.025","-","0.9"
"2021/01/13","03:00","-0.241","-","0.63"
"2021/01/13","04:00","-0.425","-","0.44"
"2021/01/13","05:00","-0.467","-","0.41"
"2021/01/13","06:00","-0.307","-","0.61"
"2021/01/13","07:00","0.044","-","0.97"
"2021/01/13","08:00","0.473","-","1.37"
"2021/01/13","09:00","0.834","-","1.73"
"2021/01/13","10:00","1.044","-","1.92"
"2021/01/13","11:00","1.094","-","1.99"
"2021/01/13","12:00","0.993","-","1.95"
"2021/01/13","13:00","0.76","-","1.71"
"2021/01/13","14:00","0.441","-","1.36"
"2021/01/13","15:00","0.102","-","0.99"
"2021/01/13","16:00","-0.202","-","0.69"
"2021/01/13","17:00","-0.411","-","0.51"
"2021/01/13","18:00","-0.449","-","0.48"
"2021/01/13","19:00","-0.272","-","0.69"
"2021/01/13","20:00","0.06","-","1.04"
"2021/01/13","21:00","0.409","-","1.4"
"2021/01/13","22:00","0.659","-","1.65"
"2021/01/13","23:00","0.767","-","1.73"
"2021/01/14","00:00","0.731","-","1.68"
"2021/01/14","01:00","0.562","-","1.55"
"2021/01/14","02:00","0.294","-","1.31"
"2021/01/14","03:00","-0.002","-","1.05"
"2021/01/14","04:00","-0.259","-","0.8"
"2021/01/14","05:00","-0.423","-","0.61"
"2021/01/14","06:00","-0.437","-","0.64"
"2021/01/14","07:00","-0.25","-","0.76"
"2021/01/14","08:00","0.111","-","1.17"
"2021/01/14","09:00","0.521","-","1.59"
"2021/01/14","10:00","0.844","-","1.97"
"2021/01/14","11:00","1.017","-","2.1"
"2021/01/14","12:00","1.035","-","2.15"
"2021/01/14","13:00","0.909","-","2.07"
"2021/01/14","14:00","0.659","-","1.8"
"2021/01/14","15:00","0.338","-","1.45"
"2021/01/14","16:00","0.014","-","1.06"
"2021/01/14","17:00","-0.259","-","0.8"
"2021/01/14","18:00","-0.423","-","0.67"
"2021/01/14","19:00","-0.41","-","0.66"
"2021/01/14","20:00","-0.193","-","0.89"
"2021/01/14","21:00","0.149","-","1.21"
"2021/01/14","22:00","0.481","-","1.58"
"2021/01/14","23:00","0.702","-","1.8"
"2021/01/15","00:00","0.782","-","1.9"
"2021/01/15","01:00","0.722","-","1.87"
"2021/01/15","02:00","0.534","-","1.72"
"2021/01/15","03:00","0.262","-","1.44"
"2021/01/15","04:00","-0.023","-","1.15"
"2021/01/15","05:00","-0.256","-","0.93"
"2021/01/15","06:00","-0.392","-","0.85"
"2021/01/15","07:00","-0.375","-","0.89"
"2021/01/15","08:00","-0.168","-","1.06"
"2021/01/15","09:00","0.186","-","1.46"
"2021/01/15","10:00","0.561","-","1.84"
"2021/01/15","11:00","0.837","-","2.13"
"2021/01/15","12:00","0.967","-","2.27"
"2021/01/15","13:00","0.952","-","2.29"
"2021/01/15","14:00","0.8","-","2.14"
"2021/01/15","15:00","0.539","-","1.88"
"2021/01/15","16:00","0.228","-","1.56"
"2021/01/15","17:00","-0.067","-","1.28"
"2021/01/15","18:00","-0.296","-","1.1"
"2021/01/15","19:00","-0.408","-","1.07"
"2021/01/15","20:00","-0.346","-","1.11"
"2021/01/15","21:00","-0.101","-","1.38"
"2021/01/15","22:00","0.238","-","1.7"
"2021/01/15","23:00","0.542","-","2.05"
"2021/01/16","00:00","0.727","-","2.25"
"2021/01/16","01:00","0.778","-","2.27"
"2021/01/16","02:00","0.696","-","2.3"
"2021/01/16","03:00","0.496","-","2.11"
"2021/01/16","04:00","0.23","-","1.8"
"2021/01/16","05:00","-0.032","-","1.55"
"2021/01/16","06:00","-0.233","-","1.38"
"2021/01/16","07:00","-0.335","-","1.27"
"2021/01/16","08:00","-0.293","-","1.41"
"2021/01/16","09:00","-0.078","-","1.63"
"2021/01/16","10:00","0.256","-","2.06"
"2021/01/16","11:00","0.587","-","2.37"
"2021/01/16","12:00","0.811","-","2.58"
"2021/01/16","13:00","0.897","-","2.65"
"2021/01/16","14:00","0.849","-","2.64"
"2021/01/16","15:00","0.678","-","2.48"
"2021/01/16","16:00","0.415","-","2.15"
"2021/01/16","17:00","0.126","-","1.77"
"2021/01/16","18:00","-0.128","-","1.37"
"2021/01/16","19:00","-0.308","-","1.12"
"2021/01/16","20:00","-0.37","-","1.06"
"2021/01/16","21:00","-0.265","-","0.99"
"2021/01/16","22:00","-0.003","-","1.14"
"2021/01/16","23:00","0.321","-","1.43"
"2021/01/17","00:00","0.589","-","1.79"
"2021/01/17","01:00","0.737","-","1.91"
"2021/01/17","02:00","0.758","-","1.94"
"2021/01/17","03:00","0.658","-","1.75"
"2021/01/17","04:00","0.455","-","1.49"
"2021/01/17","05:00","0.205","-","1.18"
"2021/01/17","06:00","-0.026","-","0.9"
"2021/01/17","07:00","-0.194","-","0.71"
"2021/01/17","08:00","-0.268","-","0.6"
"2021/01/17","09:00","-0.208","-","0.62"
"2021/01/17","10:00","0.006","-","0.8"
"2021/01/17","11:00","0.311","-","1.12"
"2021/01/17","12:00","0.593","-","1.43"
"2021/01/17","13:00","0.766","-","1.62"
"2021/01/17","14:00","0.812","-","1.65"
"2021/01/17","15:00","0.738","-","1.56"
"2021/01/17","16:00","0.556","-","1.28"
"2021/01/17","17:00","0.303","-","0.97"
"2021/01/17","18:00","0.045","-","0.66"
"2021/01/17","19:00","-0.166","-","0.48"
"2021/01/17","20:00","-0.298","-","0.3"
"2021/01/17","21:00","-0.314","-","0.28"
"2021/01/17","22:00","-0.176","-","0.34"
"2021/01/17","23:00","0.094","-","0.56"
"2021/01/18","00:00","0.395","-","0.82"
"2021/01/18","01:00","0.623","-","1.06"
"2021/01/18","02:00","0.734","-","1.13"
"2021/01/18","03:00","0.731","-","1.09"
"2021/01/18","04:00","0.619","-","0.91"
"2021/01/18","05:00","0.421","-","0.66"
"2021/01/18","06:00","0.191","-","0.43"
"2021/01/18","07:00","-0.01","-","0.19"
"2021/01/18","08:00","-0.151","-","0.05"
"2021/01/18","09:00","-0.205","-","-0.06"
"2021/01/18","10:00","-0.133","-","-0.02"
"2021/01/18","11:00","0.073","-","0.18"
"2021/01/18","12:00","0.346","-","0.44"
"2021/01/18","13:00","0.578","-","0.69"
"2021/01/18","14:00","0.705","-","0.84"
"2021/01/18","15:00","0.72","-","0.79"
"2021/01/18","16:00","0.631","-","0.64"
"2021/01/18","17:00","0.448","-","0.38"
"2021/01/18","18:00","0.212","-","0.04"
"2021/01/18","19:00","-0.014","-","-0.22"
"2021/01/18","20:00","-0.184","-","-0.39"
"2021/01/18","21:00","-0.272","-","-0.46"
"2021/01/18","22:00","-0.247","-","-0.52"
"2021/01/18","23:00","-0.081","-","-0.39"
"2021/01/19","00:00","0.188","-","-0.13"
"2021/01/19","01:00","0.46","-","0.21"
"2021/01/19","02:00","0.647","-","0.43"
"2021/01/19","03:00","0.726","-","0.52"
"2021/01/19","04:00","0.704","-","0.41"
"2021/01/19","05:00","0.588","-","0.27"
"2021/01/19","06:00","0.397","-","0.1"
"2021/01/19","07:00","0.185","-","-0.07"
"2021/01/19","08:00","0.006","-","-0.25"
"2021/01/19","09:00","-0.116","-","-0.42"
"2021/01/19","10:00","-0.155","-","-0.45"
"2021/01/19","11:00","-0.076","-","-0.32"
"2021/01/19","12:00","0.119","-","-0.01"
"2021/01/19","13:00","0.358","-","0.28"
"2021/01/19","14:00","0.545","-","0.48"
"2021/01/19","15:00","0.636","-","0.55"
"2021/01/19","16:00","0.632","-","0.56"
"2021/01/19","17:00","0.537","-","0.53"
"2021/01/19","18:00","0.36","-","0.39"
"2021/01/19","19:00","0.142","-","0.21"
"2021/01/19","20:00","-0.054","-","0.04"
"2021/01/19","21:00","-0.187","-","-0.07"
"2021/01/19","22:00","-0.236","-","-0.13"
"2021/01/19","23:00","-0.175","-","-0.08"
"2021/01/20","00:00","0.012","-","0.16"
"2021/01/20","01:00","0.274","-","0.52"
"2021/01/20","02:00","0.514","-","0.81"
"2021/01/20","03:00","0.665","-","0.99"
"2021/01/20","04:00","0.72","-","1"
"2021/01/20","05:00","0.688","-","0.93"
"2021/01/20","06:00","0.568","-","0.82"
"2021/01/20","07:00","0.382","-","0.62"
"2021/01/20","08:00","0.181","-","0.45"
"2021/01/20","09:00","0.016","-","0.39"
"2021/01/20","10:00","-0.092","-","0.27"
"2021/01/20","11:00","-0.121","-","0.18"
"2021/01/20","12:00","-0.039","-","0.21"
"2021/01/20","13:00","0.143","-","0.47"
"2021/01/20","14:00","0.35","-","0.67"
"2021/01/20","15:00","0.502","-","0.89"
"2021/01/20","16:00","0.57","-","1.03"
"2021/01/20","17:00","0.559","-","0.99"
"2021/01/20","18:00","0.464","-","0.92"
"2021/01/20","19:00","0.292","-","0.77"
"2021/01/20","20:00","0.089","-","0.58"
"2021/01/20","21:00","-0.082","-","0.39"
"2021/01/20","22:00","-0.182","-","0.25"
"2021/01/20","23:00","-0.196","-","0.3"
"2021/01/21","00:00","-0.104","-","0.37"
"2021/01/21","01:00","0.096","-","0.64"
"2021/01/21","02:00","0.346","-","0.92"
"2021/01/21","03:00","0.558","-","1.14"
"2021/01/21","04:00","0.683","-","1.26"
"2021/01/21","05:00","0.724","-","1.34"
"2021/01/21","06:00","0.686","-","1.34"
"2021/01/21","07:00","0.561","-","1.24"
"2021/01/21","08:00","0.372","-","1.11"
"2021/01/21","09:00","0.176","-","0.97"
"2021/01/21","10:00","0.018","-","0.88"
"2021/01/21","11:00","-0.083","-","0.83"
"2021/01/21","12:00","-0.104","-","0.95"
"2021/01/21","13:00","-0.022","-","1.17"
"2021/01/21","14:00","0.147","-","1.41"
"2021/01/21","15:00","0.33","-","1.64"
"2021/01/21","16:00","0.46","-","1.78"
"2021/01/21","17:00","0.52","-","1.89"
"2021/01/21","18:00","0.509","-","1.83"
"2021/01/21","19:00","0.413","-","1.73"
"2021/01/21","20:00","0.241","-","1.54"
"2021/01/21","21:00","0.047","-","1.4"
"2021/01/21","22:00","-0.102","-","1.24"
"2021/01/21","23:00","-0.175","-","1.16"
"2021/01/22","00:00","-0.161","-","1.05"
"2021/01/22","01:00","-0.045","-","1.13"
"2021/01/22","02:00","0.164","-","1.35"
"2021/01/22","03:00","0.404","-","1.56"
"2021/01/22","04:00","0.597","-","1.69"
"2021/01/22","05:00","0.708","-","1.72"
"2021/01/22","06:00","0.743","-","1.71"
"2021/01/22","07:00","0.696","-","1.6"
"2021/01/22","08:00","0.559","-","1.47"
"2021/01/22","09:00","0.361","-","1.24"
"2021/01/22","10:00","0.164","-","1.08"
"2021/01/22","11:00","0.009","-","0.95"
"2021/01/22","12:00","-0.088","-","0.81"
"2021/01/22","13:00","-0.107","-","0.8"
"2021/01/22","14:00","-0.023","-","0.87"
"2021/01/22","15:00","0.14","-","1.04"
"2021/01/22","16:00","0.312","-","1.21"
"2021/01/22","17:00","0.436","-","1.3"
"2021/01/22","18:00","0.496","-","1.37"
"2021/01/22","19:00","0.483","-","1.37"
"2021/01/22","20:00","0.379","-","1.2"
"2021/01/22","21:00","0.2","-","1.1"
"2021/01/22","22:00","0.011","-","0.95"
"2021/01/22","23:00","-0.122","-","0.8"
"2021/01/23","00:00","-0.175","-","0.66"
"2021/01/23","01:00","-0.139","-","0.74"
"2021/01/23","02:00","-0.004","-","0.95"
"2021/01/23","03:00","0.216","-","1.2"
"2021/01/23","04:00","0.455","-","1.42"
"2021/01/23","05:00","0.64","-","1.6"
"2021/01/23","06:00","0.747","-","1.72"
"2021/01/23","07:00","0.775","-","1.77"
"2021/01/23","08:00","0.714","-","1.72"
"2021/01/23","09:00","0.557","-","1.6"
"2021/01/23","10:00","0.346","-","1.41"
"2021/01/23","11:00","0.143","-","1.25"
"2021/01/23","12:00","-0.014","-","1.06"
"2021/01/23","13:00","-0.113","-","0.86"
"2021/01/23","14:00","-0.126","-","0.74"
"2021/01/23","15:00","-0.034","-","0.74"
"2021/01/23","16:00","0.137","-","0.73"
"2021/01/23","17:00","0.313","-","0.77"
"2021/01/23","18:00","0.44","-","0.86"
"2021/01/23","19:00","0.499","-","0.86"
"2021/01/23","20:00","0.477","-","0.88"
"2021/01/23","21:00","0.356","-","0.74"
"2021/01/23","22:00","0.164","-","0.58"
"2021/01/23","23:00","-0.024","-","0.35"
"2021/01/24","00:00","-0.148","-","0.19"
"2021/01/24","01:00","-0.188","-","0.09"
"2021/01/24","02:00","-0.136","-","0.2"
"2021/01/24","03:00","0.02","-","0.33"
"2021/01/24","04:00","0.26","-","0.55"
"2021/01/24","05:00","0.509","-","0.81"
"2021/01/24","06:00","0.697","-","1.02"
"2021/01/24","07:00","0.799","-","1.08"
"2021/01/24","08:00","0.814","-","1.1"
"2021/01/24","09:00","0.729","-","1.02"
"2021/01/24","10:00","0.547","-","0.85"
"2021/01/24","11:00","0.319","-","0.63"
"2021/01/24","12:00","0.106","-","0.43"
"2021/01/24","13:00","-0.058","-","0.21"
"2021/01/24","14:00","-0.157","-","0.17"
"2021/01/24","15:00","-0.158","-","0.18"
"2021/01/24","16:00","-0.041","-","0.34"
"2021/01/24","17:00","0.153","-","0.53"
"2021/01/24","18:00","0.343","-","0.7"
"2021/01/24","19:00","0.474","-","0.82"
"2021/01/24","20:00","0.525","-","0.85"
"2021/01/24","21:00","0.482","-","0.79"
"2021/01/24","22:00","0.335","-","0.69"
"2021/01/24","23:00","0.127","-","0.5"
"2021/01/25","00:00","-0.066","-","0.26"
"2021/01/25","01:00","-0.188","-","0.14"
"2021/01/25","02:00","-0.219","-","0.11"
"2021/01/25","03:00","-0.148","-","0.23"
"2021/01/25","04:00","0.041","-","0.5"
"2021/01/25","05:00","0.311","-","0.81"
"2021/01/25","06:00","0.578","-","1.11"
"2021/01/25","07:00","0.768","-","1.28"
"2021/01/25","08:00","0.859","-","1.39"
"2021/01/25","09:00","0.85","-","1.36"
"2021/01/25","10:00","0.733","-","1.28"
"2021/01/25","11:00","0.522","-","1.08"
"2021/01/25","12:00","0.272","-","0.81"
"2021/01/25","13:00","0.046","-","0.55"
"2021/01/25","14:00","-0.125","-","0.41"
"2021/01/25","15:00","-0.216","-","0.33"
"2021/01/25","16:00","-0.186","-","0.33"
"2021/01/25","17:00","-0.027","-","0.5"
"2021/01/25","18:00","0.201","-","0.73"
"2021/01/25","19:00","0.406","-","1.01"
"2021/01/25","20:00","0.532","-","1.23"
"2021/01/25","21:00","0.562","-","1.34"
"2021/01/25","22:00","0.488","-","1.22"
"2021/01/25","23:00","0.311","-","1.06"
"2021/01/26","00:00","0.082","-","0.95"
"2021/01/26","01:00","-0.12","-","0.83"
"2021/01/26","02:00","-0.242","-","0.77"
"2021/01/26","03:00","-0.262","-","0.86"
"2021/01/26","04:00","-0.159","-","1.07"
"2021/01/26","05:00","0.074","-","1.38"
"2021/01/26","06:00","0.383","-","1.72"
"2021/01/26","07:00","0.666","-","1.97"
"2021/01/26","08:00","0.849","-","2.17"
"2021/01/26","09:00","0.916","-","2.22"
"2021/01/26","10:00","0.872","-","2.18"
"2021/01/26","11:00","0.717","-","2.05"
"2021/01/26","12:00","0.473","-","1.87"
"2021/01/26","13:00","0.2","-","1.64"
"2021/01/26","14:00","-0.04","-","1.38"
"2021/01/26","15:00","-0.21","-","1.23"
"2021/01/26","16:00","-0.275","-","1.14"
"2021/01/26","17:00","-0.196","-","1.22"
"2021/01/26","18:00","0.018","-","1.4"
"2021/01/26","19:00","0.281","-","1.68"
"2021/01/26","20:00","0.492","-","1.96"
"2021/01/26","21:00","0.6","-","2.1"
"2021/01/26","22:00","0.599","-","2.1"
"2021/01/26","23:00","0.486","-","1.9"
"2021/01/27","00:00","0.275","-","1.66"
"2021/01/27","01:00","0.025","-","1.39"
"2021/01/27","02:00","-0.186","-","1.19"
"2021/01/27","03:00","-0.304","-","1.04"
"2021/01/27","04:00","-0.3","-","1.08"
"2021/01/27","05:00","-0.152","-","1.17"
"2021/01/27","06:00","0.134","-","1.52"
"2021/01/27","07:00","0.478","-","1.85"
"2021/01/27","08:00","0.765","-","2.14"
"2021/01/27","09:00","0.926","-","2.27"
"2021/01/27","10:00","0.958","-","2.3"
"2021/01/27","11:00","0.872","-","2.23"
"2021/01/27","12:00","0.674","-","2.1"
"2021/01/27","13:00","0.395","-","1.87"
"2021/01/27","14:00","0.101","-","1.62"
"2021/01/27","15:00","-0.145","-","1.38"
"2021/01/27","16:00","-0.298","-","1.19"
"2021/01/27","17:00","-0.317","-","1.11"
"2021/01/27","18:00","-0.173","-","1.27"
"2021/01/27","19:00","0.098","-","1.47"
"2021/01/27","20:00","0.386","-","1.79"
"2021/01/27","21:00","0.587","-","1.95"
"2021/01/27","22:00","0.666","-","2.04"
"2021/01/27","23:00","0.625","-","1.94"
"2021/01/28","00:00","0.472","-","1.82"
"2021/01/28","01:00","0.227","-","1.68"
"2021/01/28","02:00","-0.043","-","1.46"
"2021/01/28","03:00","-0.257","-","1.3"
"2021/01/28","04:00","-0.359","-","1.17"
"2021/01/28","05:00","-0.318","-","1.19"
"2021/01/28","06:00","-0.116","-","1.54"
"2021/01/28","07:00","0.22","-","1.88"
"2021/01/28","08:00","0.586","-","2.06"
"2021/01/28","09:00","0.86","-","2.32"
"2021/01/28","10:00","0.986","-","2.37"
"2021/01/28","11:00","0.974","-","2.44"
"2021/01/28","12:00","0.843","-","2.21"
"2021/01/28","13:00","0.602","-","1.89"
"2021/01/28","14:00","0.291","-","1.45"
"2021/01/28","15:00","-0.016","-","1.12"
"2021/01/28","16:00","-0.252","-","0.74"
"2021/01/28","17:00","-0.369","-","0.55"
"2021/01/28","18:00","-0.327","-","0.51"
"2021/01/28","19:00","-0.114","-","0.63"
"2021/01/28","20:00","0.204","-","0.92"
"2021/01/28","21:00","0.501","-","1.14"
"2021/01/28","22:00","0.68","-","1.2"
"2021/01/28","23:00","0.72","-","1.28"
"2021/01/29","00:00","0.637","-","1.23"
"2021/01/29","01:00","0.443","-","0.98"
"2021/01/29","02:00","0.168","-","0.59"
"2021/01/29","03:00","-0.114","-","0.25"
"2021/01/29","04:00","-0.318","-","0.03"
"2021/01/29","05:00","-0.393","-","0"
"2021/01/29","06:00","-0.307","-","0.08"
"2021/01/29","07:00","-0.052","-","0.28"
"2021/01/29","08:00","0.32","-","0.71"
"2021/01/29","09:00","0.688","-","0.95"
"2021/01/29","10:00","0.934","-","1.17"
"2021/01/29","11:00","1.017","-","1.29"
"2021/01/29","12:00","0.959","-","1.29"
"2021/01/29","13:00","0.781","-","1.08"
"2021/01/29","14:00","0.502","-","0.81"
"2021/01/29","15:00","0.169","-","0.46"
"2021/01/29","16:00","-0.135","-","0.14"
"2021/01/29","17:00","-0.342","-","-0.02"
"2021/01/29","18:00","-0.408","-","-0.13"
"2021/01/29","19:00","-0.299","-","-0.09"
"2021/01/29","20:00","-0.025","-","0.22"
"2021/01/29","21:00","0.324","-","0.57"
"2021/01/29","22:00","0.614","-","0.83"
"2021/01/29","23:00","0.76","-","1.01"
"2021/01/30","00:00","0.759","-","1.01"
"2021/01/30","01:00","0.634","-","0.85"
"2021/01/30","02:00","0.403","-","0.57"
"2021/01/30","03:00","0.107","-","0.28"
"2021/01/30","04:00","-0.174","-","0.04"
"2021/01/30","05:00","-0.358","-","-0.18"
"2021/01/30","06:00","-0.398","-","-0.2"
"2021/01/30","07:00","-0.27","-","0.03"
"2021/01/30","08:00","0.024","-","0.4"
"2021/01/30","09:00","0.414","-","0.81"
"2021/01/30","10:00","0.768","-","1.2"
"2021/01/30","11:00","0.974","-","1.39"
"2021/01/30","12:00","1.011","-","1.5"
"2021/01/30","13:00","0.909","-","1.45"
"2021/01/30","14:00","0.692","-","1.3"
"2021/01/30","15:00","0.385","-","1.07"
"2021/01/30","16:00","0.049","-","0.76"
"2021/01/30","17:00","-0.235","-","0.49"
"2021/01/30","18:00","-0.401","-","0.38"
"2021/01/30","19:00","-0.41","-","0.43"
"2021/01/30","20:00","-0.24","-","0.67"
"2021/01/30","21:00","0.082","-","1.02"
"2021/01/30","22:00","0.446","-","1.32"
"2021/01/30","23:00","0.717","-","1.58"
"2021/01/31","00:00","0.826","-","1.7"
"2021/01/31","01:00","0.784","-","1.71"
"2021/01/31","02:00","0.622","-","1.61"
"2021/01/31","03:00","0.364","-","1.44"
"2021/01/31","04:00","0.059","-","1.16"
"2021/01/31","05:00","-0.21","-","0.97"
"2021/01/31","06:00","-0.369","-","0.86"
"2021/01/31","07:00","-0.379","-","0.9"
"2021/01/31","08:00","-0.219","-","1.12"
"2021/01/31","09:00","0.096","-","1.5"
"2021/01/31","10:00","0.485","-","1.88"
"2021/01/31","11:00","0.81","-","2.25"
"2021/01/31","12:00","0.974","-","2.44"
"2021/01/31","13:00","0.968","-","2.53"
"2021/01/31","14:00","0.829","-","2.44"
"2021/01/31","15:00","0.585","-","2.38"
"2021/01/31","16:00","0.269","-","2.01"
"2021/01/31","17:00","-0.055","-","1.83"
"2021/01/31","18:00","-0.304","-","1.56"
"2021/01/31","19:00","-0.424","-","1.51"
"2021/01/31","20:00","-0.381","-","1.59"
"2021/01/31","21:00","-0.16","-","1.84"
"2021/01/31","22:00","0.195","-","2.23"
"2021/01/31","23:00","0.56","-","2.5"
"2021/02/01","00:00","0.804","-","2.71"
"2021/02/01","01:00","0.875","-","2.84"
"2021/02/01","02:00","0.798","-","2.82"
"2021/02/01","03:00","0.609","-","2.63"
"2021/02/01","04:00","0.336","-","2.29"
"2021/02/01","05:00","0.035","-","1.95"
"2021/02/01","06:00","-0.217","-","1.69"
"2021/02/01","07:00","-0.354","-","1.51"
"2021/02/01","08:00","-0.345","-","1.51"
"2021/02/01","09:00","-0.171","-","1.6"
"2021/02/01","10:00","0.149","-","1.87"
"2021/02/01","11:00","0.522","-","2.22"
"2021/02/01","12:00","0.812","-","2.6"
"2021/02/01","13:00","0.933","-","2.66"
"2021/02/01","14:00","0.892","-","2.67"
"2021/02/01","15:00","0.731","-","2.5"
"2021/02/01","16:00","0.478","-","2.14"
"2021/02/01","17:00","0.168","-","1.74"
"2021/02/01","18:00","-0.129","-","1.35"
"2021/02/01","19:00","-0.34","-","1.09"
"2021/02/01","20:00","-0.417","-","0.97"
"2021/02/01","21:00","-0.331","-","1.09"
"2021/02/01","22:00","-0.071","-","1.33"
"2021/02/01","23:00","0.302","-","1.71"
"2021/02/02","00:00","0.658","-","2.1"
"2021/02/02","01:00","0.871","-","2.35"
"2021/02/02","02:00","0.91","-","2.44"
"2021/02/02","03:00","0.809","-","2.4"
"2021/02/02","04:00","0.606","-","2.27"
"2021/02/02","05:00","0.331","-","2.05"
"2021/02/02","06:00","0.039","-","1.84"
"2021/02/02","07:00","-0.196","-","1.64"
"2021/02/02","08:00","-0.323","-","1.51"
"2021/02/02","09:00","-0.309","-","1.57"
"2021/02/02","10:00","-0.135","-","1.77"
"2021/02/02","11:00","0.176","-","2.12"
"2021/02/02","12:00","0.524","-","2.49"
"2021/02/02","13:00","0.775","-","2.73"
"2021/02/02","14:00","0.861","-","2.82"
"2021/02/02","15:00","0.799","-","2.77"
"2021/02/02","16:00","0.632","-","2.59"
"2021/02/02","17:00","0.385","-","2.31"
"2021/02/02","18:00","0.095","-","1.98"
"2021/02/02","19:00","-0.172","-","1.75"
"2021/02/02","20:00","-0.348","-","1.58"
"2021/02/02","21:00","-0.391","-","1.44"
"2021/02/02","22:00","-0.272","-","1.49"
"2021/02/02","23:00","0.014","-","1.67"
"2021/02/03","00:00","0.394","-","1.99"
"2021/02/03","01:00","0.731","-","2.39"
"2021/02/03","02:00","0.916","-","2.61"
"2021/02/03","03:00","0.933","-","2.54"
"2021/02/03","04:00","0.822","-","2.44"
"2021/02/03","05:00","0.619","-","2.22"
"2021/02/03","06:00","0.351","-","1.9"
"2021/02/03","07:00","0.07","-","1.59"
"2021/02/03","08:00","-0.157","-","1.32"
"2021/02/03","09:00","-0.284","-","1.17"
"2021/02/03","10:00","-0.278","-","1.14"
"2021/02/03","11:00","-0.116","-","1.3"
"2021/02/03","12:00","0.177","-","1.66"
"2021/02/03","13:00","0.494","-","1.95"
"2021/02/03","14:00","0.709","-","2.16"
"2021/02/03","15:00","0.771","-","2.29"
"2021/02/03","16:00","0.706","-","2.27"
"2021/02/03","17:00","0.548","-","2.03"
"2021/02/03","18:00","0.318","-","1.76"
"2021/02/03","19:00","0.051","-","1.46"
"2021/02/03","20:00","-0.188","-","1.16"
"2021/02/03","21:00","-0.337","-","0.98"
"2021/02/03","22:00","-0.357","-","0.99"
"2021/02/03","23:00","-0.216","-","1.12"
"2021/02/04","00:00","0.083","-","1.41"
"2021/02/04","01:00","0.458","-","1.79"
"2021/02/04","02:00","0.775","-","2.08"
"2021/02/04","03:00","0.939","-","2.23"
"2021/02/04","04:00","0.948","-","2.27"
"2021/02/04","05:00","0.844","-","2.21"
"2021/02/04","06:00","0.651","-","2.02"
"2021/02/04","07:00","0.392","-","1.75"
"2021/02/04","08:00","0.118","-","1.41"
"2021/02/04","09:00","-0.109","-","1.08"
"2021/02/04","10:00","-0.246","-","0.95"
"2021/02/04","11:00","-0.256","-","0.95"
"2021/02/04","12:00","-0.112","-","1.08"
"2021/02/04","13:00","0.156","-","1.35"
"2021/02/04","14:00","0.441","-","1.61"
"2021/02/04","15:00","0.631","-","1.81"
"2021/02/04","16:00","0.686","-","1.87"
"2021/02/04","17:00","0.633","-","1.77"
"2021/02/04","18:00","0.495","-","1.59"
"2021/02/04","19:00","0.283","-","1.37"
"2021/02/04","20:00","0.034","-","1.12"
"2021/02/04","21:00","-0.185","-","0.92"
"2021/02/04","22:00","-0.318","-","0.79"
"2021/02/04","23:00","-0.325","-","0.71"
"2021/02/05","00:00","-0.175","-","0.85"
"2021/02/05","01:00","0.125","-","1.18"
"2021/02/05","02:00","0.489","-","1.54"
"2021/02/05","03:00","0.789","-","1.86"
"2021/02/05","04:00","0.945","-","2.01"
"2021/02/05","05:00","0.964","-","2.03"
"2021/02/05","06:00","0.877","-","1.96"
"2021/02/05","07:00","0.697","-","1.8"
"2021/02/05","08:00","0.444","-","1.57"
"2021/02/05","09:00","0.172","-","1.22"
"2021/02/05","10:00","-0.061","-","1.02"
"2021/02/05","11:00","-0.213","-","0.86"
"2021/02/05","12:00","-0.245","-","0.89"
"2021/02/05","13:00","-0.124","-","1.03"
"2021/02/05","14:00","0.118","-","1.24"
"2021/02/05","15:00","0.381","-","1.53"
"2021/02/05","16:00","0.561","-","1.73"
"2021/02/05","17:00","0.626","-","1.78"
"2021/02/05","18:00","0.595","-","1.73"
"2021/02/05","19:00","0.475","-","1.59"
"2021/02/05","20:00","0.275","-","1.31"
"2021/02/05","21:00","0.037","-","1.08"
"2021/02/05","22:00","-0.172","-","0.89"
"2021/02/05","23:00","-0.298","-","0.77"
"2021/02/06","00:00","-0.304","-","0.76"
"2021/02/06","01:00","-0.158","-","0.77"
"2021/02/06","02:00","0.135","-","1.03"
"2021/02/06","03:00","0.488","-","1.35"
"2021/02/06","04:00","0.781","-","1.62"
"2021/02/06","05:00","0.945","-","1.76"
"2021/02/06","06:00","0.985","-","1.79"
"2021/02/06","07:00","0.917","-","1.69"
"2021/02/06","08:00","0.746","-","1.5"
"2021/02/06","09:00","0.495","-","1.24"
"2021/02/06","10:00","0.221","-","0.93"
"2021/02/06","11:00","-0.023","-","0.71"
"2021/02/06","12:00","-0.195","-","0.51"
"2021/02/06","13:00","-0.25","-","0.51"
"2021/02/06","14:00","-0.151","-","0.57"
"2021/02/06","15:00","0.076","-","0.82"
"2021/02/06","16:00","0.331","-","1.06"
"2021/02/06","17:00","0.519","-","1.27"
"2021/02/06","18:00","0.605","-","1.37"
"2021/02/06","19:00","0.596","-","1.45"
"2021/02/06","20:00","0.487","-","1.38"
"2021/02/06","21:00","0.289","-","1.09"
"2021/02/06","22:00","0.053","-","0.83"
"2021/02/06","23:00","-0.155","-","0.61"
"2021/02/07","00:00","-0.286","-","0.46"
"2021/02/07","01:00","-0.303","-","0.36"
"2021/02/07","02:00","-0.167","-","0.49"
"2021/02/07","03:00","0.118","-","0.76"
"2021/02/07","04:00","0.468","-","1.06"
"2021/02/07","05:00","0.767","-","1.4"
"2021/02/07","06:00","0.95","-","1.58"
"2021/02/07","07:00","1.011","-","1.75"
"2021/02/07","08:00","0.956","-","1.77"
"2021/02/07","09:00","0.787","-","1.66"
"2021/02/07","10:00","0.533","-","1.46"
"2021/02/07","11:00","0.252","-","1.3"
"2021/02/07","12:00","-0.005","-","1.1"
"2021/02/07","13:00","-0.198","-","0.79"
"2021/02/07","14:00","-0.273","-","0.63"
"2021/02/07","15:00","-0.184","-","0.57"
"2021/02/07","16:00","0.045","-","0.6"
"2021/02/07","17:00","0.311","-","0.67"
"2021/02/07","18:00","0.518","-","0.96"
"2021/02/07","19:00","0.627","-","1.2"
"2021/02/07","20:00","0.63","-","1.24"
"2021/02/07","21:00","0.52","-","1.13"
"2021/02/07","22:00","0.315","-","0.96"
"2021/02/07","23:00","0.073","-","0.92"
"2021/02/08","00:00","-0.143","-","0.67"
"2021/02/08","01:00","-0.29","-","0.5"
"2021/02/08","02:00","-0.323","-","0.48"
"2021/02/08","03:00","-0.196","-","0.58"
"2021/02/08","04:00","0.092","-","0.82"
"2021/02/08","05:00","0.451","-","1.16"
"2021/02/08","06:00","0.765","-","1.49"
"2021/02/08","07:00","0.964","-","1.7"
"2021/02/08","08:00","1.038","-","1.77"
"2021/02/08","09:00","0.984","-","1.74"
"2021/02/08","10:00","0.808","-","1.56"
"2021/02/08","11:00","0.545","-","1.22"
"2021/02/08","12:00","0.255","-","0.99"
"2021/02/08","13:00","-0.018","-","0.71"
"2021/02/08","14:00","-0.229","-","0.54"
"2021/02/08","15:00","-0.31","-","0.47"
"2021/02/08","16:00","-0.209","-","0.51"
"2021/02/08","17:00","0.042","-","0.76"
"2021/02/08","18:00","0.332","-","1.08"
"2021/02/08","19:00","0.56","-","1.32"
"2021/02/08","20:00","0.681","-","1.47"
"2021/02/08","21:00","0.683","-","1.46"
"2021/02/08","22:00","0.561","-","1.4"
"2021/02/08","23:00","0.341","-","1.21"
"2021/02/09","00:00","0.086","-","0.97"
"2021/02/09","01:00","-0.145","-","0.74"
"2021/02/09","02:00","-0.31","-","0.63"
"2021/02/09","03:00","-0.355","-","0.6"
"2021/02/09","04:00","-0.223","-","0.72"
"2021/02/09","05:00","0.08","-","1.05"
"2021/02/09","06:00","0.456","-","1.46"
"2021/02/09","07:00","0.781","-","1.82"
"2021/02/09","08:00","0.987","-","2.01"
"2021/02/09","09:00","1.059","-","2.01"
"2021/02/09","10:00","0.992","-","1.94"
"2021/02/09","11:00","0.799","-","1.76"
"2021/02/09","12:00","0.523","-","1.42"
"2021/02/09","13:00","0.22","-","1.03"
"2021/02/09","14:00","-0.066","-","0.76"
"2021/02/09","15:00","-0.281","-","0.57"
"2021/02/09","16:00","-0.345","-","0.49"
"2021/02/09","17:00","-0.209","-","0.61"
"2021/02/09","18:00","0.078","-","0.87"
"2021/02/09","19:00","0.394","-","1.2"
"2021/02/09","20:00","0.633","-","1.51"
"2021/02/09","21:00","0.752","-","1.65"
"2021/02/09","22:00","0.739","-","1.63"
"2021/02/09","23:00","0.595","-","1.44"
"2021/02/10","00:00","0.355","-","1.21"
"2021/02/10","01:00","0.083","-","0.96"
"2021/02/10","02:00","-0.164","-","0.74"
"2021/02/10","03:00","-0.34","-","0.58"
"2021/02/10","04:00","-0.381","-","0.48"
"2021/02/10","05:00","-0.227","-","0.56"
"2021/02/10","06:00","0.102","-","0.86"
"2021/02/10","07:00","0.492","-","1.24"
"2021/02/10","08:00","0.816","-","1.57"
"2021/02/10","09:00","1.011","-","1.73"
"2021/02/10","10:00","1.063","-","1.73"
"2021/02/10","11:00","0.971","-","1.68"
"2021/02/10","12:00","0.754","-","1.5"
"2021/02/10","13:00","0.46","-","1.2"
"2021/02/10","14:00","0.146","-","0.9"
"2021/02/10","15:00","-0.141","-","0.65"
"2021/02/10","16:00","-0.337","-","0.52"
"2021/02/10","17:00","-0.36","-","0.46"
"2021/02/10","18:00","-0.172","-","0.64"
"2021/02/10","19:00","0.155","-","0.92"
"2021/02/10","20:00","0.485","-","1.28"
"2021/02/10","21:00","0.719","-","1.47"
"2021/02/10","22:00","0.821","-","1.57"
"2021/02/10","23:00","0.782","-","1.57"
"2021/02/11","00:00","0.61","-","1.45"
"2021/02/11","01:00","0.347","-","1.14"
"2021/02/11","02:00","0.06","-","0.91"
"2021/02/11","03:00","-0.194","-","0.7"
"2021/02/11","04:00","-0.363","-","0.56"
"2021/02/11","05:00","-0.38","-","0.48"
"2021/02/11","06:00","-0.191","-","0.61"
"2021/02/11","07:00","0.163","-","1.01"
"2021/02/11","08:00","0.554","-","1.46"
"2021/02/11","09:00","0.858","-","1.78"
"2021/02/11","10:00","1.024","-","1.88"
"2021/02/11","11:00","1.042","-","1.96"
"2021/02/11","12:00","0.916","-","1.92"
"2021/02/11","13:00","0.67","-","1.7"
"2021/02/11","14:00","0.359","-","1.4"
"2021/02/11","15:00","0.045","-","1.08"
"2021/02/11","16:00","-0.223","-","0.85"
"2021/02/11","17:00","-0.375","-","0.7"
"2021/02/11","18:00","-0.336","-","0.76"
"2021/02/11","19:00","-0.092","-","0.95"
"2021/02/11","20:00","0.261","-","1.29"
"2021/02/11","21:00","0.588","-","1.64"
"2021/02/11","22:00","0.8","-","1.82"
"2021/02/11","23:00","0.872","-","1.94"
"2021/02/12","00:00","0.799","-","1.94"
"2021/02/12","01:00","0.596","-","1.78"
"2021/02/12","02:00","0.314","-","1.44"
"2021/02/12","03:00","0.023","-","1.17"
"2021/02/12","04:00","-0.221","-","0.93"
"2021/02/12","05:00","-0.364","-","0.77"
"2021/02/12","06:00","-0.339","-","0.82"
"2021/02/12","07:00","-0.113","-","1.03"
"2021/02/12","08:00","0.254","-","1.48"
"2021/02/12","09:00","0.626","-","1.81"
"2021/02/12","10:00","0.893","-","2.08"
"2021/02/12","11:00","1.016","-","2.14"
"2021/02/12","12:00","0.992","-","2.12"
"2021/02/12","13:00","0.827","-","1.95"
"2021/02/12","14:00","0.553","-","1.65"
"2021/02/12","15:00","0.237","-","1.26"
"2021/02/12","16:00","-0.06","-","0.92"
"2021/02/12","17:00","-0.286","-","0.72"
"2021/02/12","18:00","-0.376","-","0.62"
"2021/02/12","19:00","-0.269","-","0.66"
"2021/02/12","20:00","0.021","-","0.94"
"2021/02/12","21:00","0.382","-","1.31"
"2021/02/12","22:00","0.686","-","1.63"
"2021/02/12","23:00","0.861","-","1.78"
"2021/02/13","00:00","0.894","-","1.8"
"2021/02/13","01:00","0.784","-","1.72"
"2021/02/13","02:00","0.553","-","1.53"
"2021/02/13","03:00","0.262","-","1.2"
"2021/02/13","04:00","-0.017","-","0.89"
"2021/02/13","05:00","-0.232","-","0.71"
"2021/02/13","06:00","-0.332","-","0.64"
"2021/02/13","07:00","-0.262","-","0.7"
"2021/02/13","08:00","-0.007","-","0.98"
"2021/02/13","09:00","0.355","-","1.36"
"2021/02/13","10:00","0.691","-","1.74"
"2021/02/13","11:00","0.908","-","1.97"
"2021/02/13","12:00","0.981","-","2.07"
"2021/02/13","13:00","0.911","-","2"
"2021/02/13","14:00","0.709","-","1.82"
"2021/02/13","15:00","0.419","-","1.53"
"2021/02/13","16:00","0.114","-","1.17"
"2021/02/13","17:00","-0.145","-","0.85"
"2021/02/13","18:00","-0.311","-","0.63"
"2021/02/13","19:00","-0.332","-","0.64"
"2021/02/13","20:00","-0.165","-","0.8"
"2021/02/13","21:00","0.153","-","1.17"
"2021/02/13","22:00","0.502","-","1.57"
"2021/02/13","23:00","0.766","-","1.8"
"2021/02/14","00:00","0.895","-","2"
"2021/02/14","01:00","0.885","-","1.93"
"2021/02/14","02:00","0.739","-","1.83"
"2021/02/14","03:00","0.49","-","1.59"
"2021/02/14","04:00","0.205","-","1.27"
"2021/02/14","05:00","-0.046","-","0.95"
"2021/02/14","06:00","-0.218","-","0.73"
"2021/02/14","07:00","-0.272","-","0.63"
"2021/02/14","08:00","-0.163","-","0.77"
"2021/02/14","09:00","0.107","-","1.14"
"2021/02/14","10:00","0.447","-","1.47"
"2021/02/14","11:00","0.734","-","1.77"
"2021/02/14","12:00","0.895","-","1.83"
"2021/02/14","13:00","0.917","-","1.83"
"2021/02/14","14:00","0.805","-","1.8"
"2021/02/14","15:00","0.577","-","1.61"
"2021/02/14","16:00","0.287","-","1.34"
"2021/02/14","17:00","0.012","-","1"
"2021/02/14","18:00","-0.193","-","0.77"
"2021/02/14","19:00","-0.294","-","0.72"
"2021/02/14","20:00","-0.249","-","0.79"
"2021/02/14","21:00","-0.036","-","1.09"
"2021/02/14","22:00","0.29","-","1.38"
"2021/02/14","23:00","0.608","-","1.75"
"2021/02/15","00:00","0.822","-","1.85"
"2021/02/15","01:00","0.901","-","2.05"
"2021/02/15","02:00","0.848","-","1.98"
"2021/02/15","03:00","0.676","-","1.87"
"2021/02/15","04:00","0.422","-","1.64"
"2021/02/15","05:00","0.157","-","1.46"
"2021/02/15","06:00","-0.055","-","1.21"
"2021/02/15","07:00","-0.182","-","0.98"
"2021/02/15","08:00","-0.195","-","0.94"
"2021/02/15","09:00","-0.058","-","1.08"
"2021/02/15","10:00","0.21","-","1.47"
"2021/02/15","11:00","0.515","-","1.8"
"2021/02/15","12:00","0.747","-","2.01"
"2021/02/15","13:00","0.852","-","2.03"
"2021/02/15","14:00","0.829","-","2"
"2021/02/15","15:00","0.687","-","1.9"
"2021/02/15","16:00","0.448","-","1.73"
"2021/02/15","17:00","0.177","-","1.44"
"2021/02/15","18:00","-0.054","-","1.21"
"2021/02/15","19:00","-0.2","-","1.06"
"2021/02/15","20:00","-0.239","-","1.09"
"2021/02/15","21:00","-0.14","-","1.26"
"2021/02/15","22:00","0.101","-","1.48"
"2021/02/15","23:00","0.418","-","1.8"
"2021/02/16","00:00","0.693","-","2.1"
"2021/02/16","01:00","0.852","-","2.25"
"2021/02/16","02:00","0.882","-","2.32"
"2021/02/16","03:00","0.796","-","2.32"
"2021/02/16","04:00","0.608","-","2.38"
"2021/02/16","05:00","0.363","-","2.04"
"2021/02/16","06:00","0.129","-","1.76"
"2021/02/16","07:00","-0.044","-","1.62"
"2021/02/16","08:00","-0.133","-","1.59"
"2021/02/16","09:00","-0.115","-","1.65"
"2021/02/16","10:00","0.036","-","1.79"
"2021/02/16","11:00","0.291","-","2.02"
"2021/02/16","12:00","0.554","-","2.18"
"2021/02/16","13:00","0.73","-","2.4"
"2021/02/16","14:00","0.786","-","2.37"
"2021/02/16","15:00","0.73","-","2.21"
"2021/02/16","16:00","0.571","-","1.98"
"2021/02/16","17:00","0.34","-","1.76"
"2021/02/16","18:00","0.099","-","1.5"
"2021/02/16","19:00","-0.083","-","1.31"
"2021/02/16","20:00","-0.175","-","1.25"
"2021/02/16","21:00","-0.162","-","1.29"
"2021/02/16","22:00","-0.023","-","1.42"
"2021/02/16","23:00","0.233","-","1.65"
"2021/02/17","00:00","0.527","-","1.93"
"2021/02/17","01:00","0.752","-","2.17"
"2021/02/17","02:00","0.858","-","2.19"
"2021/02/17","03:00","0.848","-","2"
"2021/02/17","04:00","0.741","-","1.72"
"2021/02/17","05:00","0.552","-","1.43"
"2021/02/17","06:00","0.324","-","1.13"
"2021/02/17","07:00","0.12","-","0.9"
"2021/02/17","08:00","-0.02","-","0.77"
"2021/02/17","09:00","-0.081","-","0.67"
"2021/02/17","10:00","-0.043","-","0.65"
"2021/02/17","11:00","0.113","-","0.66"
"2021/02/17","12:00","0.347","-","0.86"
"2021/02/17","13:00","0.564","-","1.06"
"2021/02/17","14:00","0.689","-","1.14"
"2021/02/17","15:00","0.708","-","1.06"
"2021/02/17","16:00","0.634","-","0.89"
"2021/02/17","17:00","0.475","-","0.67"
"2021/02/17","18:00","0.26","-","0.44"
"2021/02/17","19:00","0.053","-","0.24"
"2021/02/17","20:00","-0.085","-","0.09"
"2021/02/17","21:00","-0.132","-","0.1"
"2021/02/17","22:00","-0.078","-","0.2"
"2021/02/17","23:00","0.09","-","0.41"
"2021/02/18","00:00","0.347","-","0.65"
"2021/02/18","01:00","0.609","-","0.92"
"2021/02/18","02:00","0.785","-","1.11"
"2021/02/18","03:00","0.847","-","1.18"
"2021/02/18","04:00","0.813","-","1.14"
"2021/02/18","05:00","0.698","-","1.06"
"2021/02/18","06:00","0.516","-","1"
"2021/02/18","07:00","0.306","-","0.9"
"2021/02/18","08:00","0.126","-","0.68"
"2021/02/18","09:00","0.009","-","0.63"
"2021/02/18","10:00","-0.034","-","0.59"
"2021/02/18","11:00","0.016","-","0.89"
"2021/02/18","12:00","0.168","-","1.11"
"2021/02/18","13:00","0.376","-","1.27"
"2021/02/18","14:00","0.551","-","1.56"
"2021/02/18","15:00","0.637","-","1.64"
"2021/02/18","16:00","0.635","-","1.55"
"2021/02/18","17:00","0.556","-","1.45"
"2021/02/18","18:00","0.405","-","1.43"
"2021/02/18","19:00","0.209","-","1.33"
"2021/02/18","20:00","0.031","-","1.33"
"2021/02/18","21:00","-0.072","-","1.14"
"2021/02/18","22:00","-0.084","-","0.98"
"2021/02/18","23:00","0","-","0.96"
"2021/02/19","00:00","0.185","-","0.98"
"2021/02/19","01:00","0.434","-","1.4"
"2021/02/19","02:00","0.663","-","1.62"
"2021/02/19","03:00","0.798","-","1.8"
"2021/02/19","04:00","0.832","-","1.8"
"2021/02/19","05:00","0.789","-","1.79"
"2021/02/19","06:00","0.676","-","1.75"
"2021/02/19","07:00","0.501","-","1.62"
"2021/02/19","08:00","0.303","-","1.47"
"2021/02/19","09:00","0.139","-","1.27"
"2021/02/19","10:00","0.036","-","1.17"
"2021/02/19","11:00","0.002","-","1.16"
"2021/02/19","12:00","0.057","-","1.28"
"2021/02/19","13:00","0.202","-","1.46"
"2021/02/19","14:00","0.385","-","1.62"
"2021/02/19","15:00","0.527","-","1.69"
"2021/02/19","16:00","0.59","-","1.73"
"2021/02/19","17:00","0.582","-","1.67"
"2021/02/19","18:00","0.508","-","1.59"
"2021/02/19","19:00","0.364","-","1.4"
"2021/02/19","20:00","0.18","-","1.2"
"2021/02/19","21:00","0.023","-","1.06"
"2021/02/19","22:00","-0.056","-","0.93"
"2021/02/19","23:00","-0.044","-","0.94"
"2021/02/20","00:00","0.061","-","1.05"
"2021/02/20","01:00","0.254","-","1.32"
"2021/02/20","02:00","0.491","-","1.6"
"2021/02/20","03:00","0.693","-","1.89"
"2021/02/20","04:00","0.803","-","2.02"
"2021/02/20","05:00","0.827","-","2.1"
"2021/02/20","06:00","0.786","-","2.01"
"2021/02/20","07:00","0.675","-","1.82"
"2021/02/20","08:00","0.501","-","1.58"
"2021/02/20","09:00","0.307","-","1.34"
"2021/02/20","10:00","0.15","-","1.16"
"2021/02/20","11:00","0.051","-","1.06"
"2021/02/20","12:00","0.021","-","0.99"
"2021/02/20","13:00","0.077","-","0.98"
"2021/02/20","14:00","0.216","-","1.15"
"2021/02/20","15:00","0.383","-","1.31"
"2021/02/20","16:00","0.508","-","1.49"
"2021/02/20","17:00","0.566","-","1.53"
"2021/02/20","18:00","0.562","-","1.48"
"2021/02/20","19:00","0.491","-","1.33"
"2021/02/20","20:00","0.346","-","1.12"
"2021/02/20","21:00","0.164","-","0.88"
"2021/02/20","22:00","0.018","-","0.63"
"2021/02/20","23:00","-0.046","-","0.48"
"2021/02/21","00:00","-0.021","-","0.43"
"2021/02/21","01:00","0.095","-","0.52"
"2021/02/21","02:00","0.292","-","0.68"
"2021/02/21","03:00","0.524","-","0.86"
"2021/02/21","04:00","0.713","-","1.02"
"2021/02/21","05:00","0.817","-","1.1"
"2021/02/21","06:00","0.844","-","1.08"
"2021/02/21","07:00","0.804","-","1"
"2021/02/21","08:00","0.689","-","0.91"
"2021/02/21","09:00","0.506","-","0.75"
"2021/02/21","10:00","0.307","-","0.59"
"2021/02/21","11:00","0.148","-","0.43"
"2021/02/21","12:00","0.047","-","0.3"
"2021/02/21","13:00","0.016","-","0.27"
"2021/02/21","14:00","0.075","-","0.34"
"2021/02/21","15:00","0.217","-","0.5"
"2021/02/21","16:00","0.385","-","0.65"
"2021/02/21","17:00","0.512","-","0.79"
"2021/02/21","18:00","0.576","-","0.83"
"2021/02/21","19:00","0.575","-","0.81"
"2021/02/21","20:00","0.498","-","0.75"
"2021/02/21","21:00","0.341","-","0.6"
"2021/02/21","22:00","0.153","-","0.51"
"2021/02/21","23:00","0.008","-","0.38"
"2021/02/22","00:00","-0.052","-","0.35"
"2021/02/22","01:00","-0.022","-","0.42"
"2021/02/22","02:00","0.101","-","0.58"
"2021/02/22","03:00","0.309","-","0.84"
"2021/02/22","04:00","0.549","-","1.07"
"2021/02/22","05:00","0.743","-","1.28"
"2021/02/22","06:00","0.853","-","1.39"
"2021/02/22","07:00","0.884","-","1.46"
"2021/02/22","08:00","0.839","-","1.43"
"2021/02/22","09:00","0.706","-","1.4"
"2021/02/22","10:00","0.504","-","1.28"
"2021/02/22","11:00","0.292","-","1.16"
"2021/02/22","12:00","0.122","-","1"
"2021/02/22","13:00","0.013","-","1.02"
"2021/02/22","14:00","-0.016","-","1.24"
"2021/02/22","15:00","0.057","-","1.27"
"2021/02/22","16:00","0.221","-","1.65"
"2021/02/22","17:00","0.409","-","1.51"
"2021/02/22","18:00","0.551","-","1.52"
"2021/02/22","19:00","0.621","-","1.49"
"2021/02/22","20:00","0.615","-","1.45"
"2021/02/22","21:00","0.519","-","1.24"
"2021/02/22","22:00","0.339","-","1.07"
"2021/02/22","23:00","0.137","-","0.92"
"2021/02/23","00:00","-0.015","-","0.81"
"2021/02/23","01:00","-0.08","-","0.76"
"2021/02/23","02:00","-0.048","-","0.64"
"2021/02/23","03:00","0.089","-","0.67"
"2021/02/23","04:00","0.321","-","0.92"
"2021/02/23","05:00","0.585","-","1.21"
"2021/02/23","06:00","0.797","-","1.45"
"2021/02/23","07:00","0.915","-","1.57"
"2021/02/23","08:00","0.941","-","1.55"
"2021/02/23","09:00","0.876","-","1.45"
"2021/02/23","10:00","0.714","-","1.25"
"2021/02/23","11:00","0.484","-","0.98"
"2021/02/23","12:00","0.251","-","0.7"
"2021/02/23","13:00","0.065","-","0.51"
"2021/02/23","14:00","-0.05","-","0.34"
"2021/02/23","15:00","-0.068","-","0.36"
"2021/02/23","16:00","0.04","-","0.48"
"2021/02/23","17:00","0.247","-","0.68"
"2021/02/23","18:00","0.468","-","0.91"
"2021/02/23","19:00","0.627","-","1"
"2021/02/23","20:00","0.696","-","1.11"
"2021/02/23","21:00","0.67","-","1.13"
"2021/02/23","22:00","0.542","-","1.02"
"2021/02/23","23:00","0.332","-","0.82"
"2021/02/24","00:00","0.108","-","0.56"
"2021/02/24","01:00","-0.058","-","0.42"
"2021/02/24","02:00","-0.13","-","0.34"
"2021/02/24","03:00","-0.091","-","0.36"
"2021/02/24","04:00","0.074","-","0.49"
"2021/02/24","05:00","0.348","-","0.79"
"2021/02/24","06:00","0.648","-","1.07"
"2021/02/24","07:00","0.877","-","1.26"
"2021/02/24","08:00","0.993","-","1.35"
"2021/02/24","09:00","1.001","-","1.38"
"2021/02/24","10:00","0.902","-","1.23"
"2021/02/24","11:00","0.7","-","1.02"
"2021/02/24","12:00","0.436","-","0.73"
"2021/02/24","13:00","0.177","-","0.48"
"2021/02/24","14:00","-0.024","-","0.28"
"2021/02/24","15:00","-0.135","-","0.21"
"2021/02/24","16:00","-0.119","-","0.2"
"2021/02/24","17:00","0.046","-","0.3"
"2021/02/24","18:00","0.309","-","0.55"
"2021/02/24","19:00","0.565","-","0.81"
"2021/02/24","20:00","0.731","-","1.02"
"2021/02/24","21:00","0.784","-","1.13"
"2021/02/24","22:00","0.725","-","1.09"
"2021/02/24","23:00","0.557","-","0.96"
"2021/02/25","00:00","0.311","-","0.71"
"2021/02/25","01:00","0.061","-","0.48"
"2021/02/25","02:00","-0.121","-","0.36"
"2021/02/25","03:00","-0.195","-","0.38"
"2021/02/25","04:00","-0.134","-","0.39"
"2021/02/25","05:00","0.077","-","0.62"
"2021/02/25","06:00","0.403","-","0.94"
"2021/02/25","07:00","0.736","-","1.3"
"2021/02/25","08:00","0.971","-","1.6"
"2021/02/25","09:00","1.071","-","1.61"
"2021/02/25","10:00","1.046","-","1.51"
"2021/02/25","11:00","0.903","-","1.32"
"2021/02/25","12:00","0.656","-","1.03"
"2021/02/25","13:00","0.354","-","0.68"
"2021/02/25","14:00","0.073","-","0.33"
"2021/02/25","15:00","-0.133","-","0.09"
"2021/02/25","16:00","-0.219","-","0.02"
"2021/02/25","17:00","-0.146","-","0.09"
"2021/02/25","18:00","0.091","-","0.35"
"2021/02/25","19:00","0.412","-","0.68"
"2021/02/25","20:00","0.691","-","1"
"2021/02/25","21:00","0.848","-","1.17"
"2021/02/25","22:00","0.871","-","1.23"
"2021/02/25","23:00","0.77","-","1.15"
"2021/02/26","00:00","0.556","-","0.97"
"2021/02/26","01:00","0.271","-","0.7"
"2021/02/26","02:00","-0.003","-","0.42"
"2021/02/26","03:00","-0.194","-","0.22"
"2021/02/26","04:00","-0.256","-","0.15"
"2021/02/26","05:00","-0.158","-","0.21"
"2021/02/26","06:00","0.109","-","0.52"
"2021/02/26","07:00","0.483","-","0.83"
"2021/02/26","08:00","0.836","-","1.18"
"2021/02/26","09:00","1.061","-","1.41"
"2021/02/26","10:00","1.129","-","1.47"
"2021/02/26","11:00","1.061","-","1.44"
"2021/02/26","12:00","0.87","-","1.24"
"2021/02/26","13:00","0.577","-","0.93"
"2021/02/26","14:00","0.245","-","0.58"
"2021/02/26","15:00","-0.047","-","0.28"
"2021/02/26","16:00","-0.237","-","0.14"
"2021/02/26","17:00","-0.277","-","0.1"
"2021/02/26","18:00","-0.13","-","0.24"
"2021/02/26","19:00","0.181","-","0.59"
"2021/02/26","20:00","0.547","-","0.96"
"2021/02/26","21:00","0.83","-","1.22"
"2021/02/26","22:00","0.962","-","1.35"
"2021/02/26","23:00","0.944","-","1.38"
"2021/02/27","00:00","0.796","-","1.31"
"2021/02/27","01:00","0.536","-","1.12"
"2021/02/27","02:00","0.217","-","0.84"
"2021/02/27","03:00","-0.073","-","0.6"
"2021/02/27","04:00","-0.261","-","0.47"
"2021/02/27","05:00","-0.298","-","0.49"
"2021/02/27","06:00","-0.153","-","0.69"
"2021/02/27","07:00","0.167","-","1.04"
"2021/02/27","08:00","0.574","-","1.46"
"2021/02/27","09:00","0.926","-","1.73"
"2021/02/27","10:00","1.123","-","1.92"
"2021/02/27","11:00","1.151","-","1.93"
"2021/02/27","12:00","1.037","-","1.81"
"2021/02/27","13:00","0.8","-","1.47"
"2021/02/27","14:00","0.47","-","1.07"
"2021/02/27","15:00","0.122","-","0.68"
"2021/02/27","16:00","-0.16","-","0.42"
"2021/02/27","17:00","-0.313","-","0.25"
"2021/02/27","18:00","-0.289","-","0.2"
"2021/02/27","19:00","-0.066","-","0.35"
"2021/02/27","20:00","0.306","-","0.76"
"2021/02/27","21:00","0.695","-","1.18"
"2021/02/27","22:00","0.964","-","1.51"
"2021/02/27","23:00","1.059","-","1.66"
"2021/02/28","00:00","0.996","-","1.62"
"2021/02/28","01:00","0.801","-","1.45"
"2021/02/28","02:00","0.501","-","1.19"
"2021/02/28","03:00","0.16","-","0.85"
"2021/02/28","04:00","-0.133","-","0.57"
"2021/02/28","05:00","-0.304","-","0.37"
"2021/02/28","06:00","-0.308","-","0.32"
"2021/02/28","07:00","-0.119","-","0.45"
"2021/02/28","08:00","0.238","-","0.88"
"2021/02/28","09:00","0.655","-","1.27"
"2021/02/28","10:00","0.987","-","1.5"
"2021/02/28","11:00","1.144","-","1.77"
"2021/02/28","12:00","1.13","-","1.7"
"2021/02/28","13:00","0.974","-","1.65"
"2021/02/28","14:00","0.701","-","1.34"
"2021/02/28","15:00","0.351","-","0.94"
"2021/02/28","16:00","0.009","-","0.62"
"2021/02/28","17:00","-0.243","-","0.44"
"2021/02/28","18:00","-0.343","-","0.32"
"2021/02/28","19:00","-0.253","-","0.39"
"2021/02/28","20:00","0.035","-","0.74"
"2021/02/28","21:00","0.447","-","1.18"
"2021/02/28","22:00","0.837","-","1.56"
"2021/02/28","23:00","1.077","-","1.81"
"2021/03/01","00:00","1.13","-","1.89"
"2021/03/01","01:00","1.024","-","1.9"
"2021/03/01","02:00","0.79","-","1.74"
"2021/03/01","03:00","0.463","-","1.43"
"2021/03/01","04:00","0.116","-","1.04"
"2021/03/01","05:00","-0.165","-","0.79"
"2021/03/01","06:00","-0.312","-","0.68"
"2021/03/01","07:00","-0.286","-","0.61"
"2021/03/01","08:00","-0.069","-","0.86"
"2021/03/01","09:00","0.303","-","1.26"
"2021/03/01","10:00","0.709","-","1.61"
"2021/03/01","11:00","1.005","-","1.82"
"2021/03/01","12:00","1.121","-","1.93"
"2021/03/01","13:00","1.068","-","1.8"
"2021/03/01","14:00","0.881","-","1.67"
"2021/03/01","15:00","0.588","-","1.56"
"2021/03/01","16:00","0.241","-","1.14"
"2021/03/01","17:00","-0.075","-","0.83"
"2021/03/01","18:00","-0.282","-","0.65"
"2021/03/01","19:00","-0.328","-","0.62"
"2021/03/01","20:00","-0.181","-","0.61"
"2021/03/01","21:00","0.153","-","0.85"
"2021/03/01","22:00","0.582","-","1.34"
"2021/03/01","23:00","0.955","-","1.83"
"2021/03/02","00:00","1.158","-","2.07"
"2021/03/02","01:00","1.17","-","2.17"
"2021/03/02","02:00","1.03","-","2.04"
"2021/03/02","03:00","0.772","-","1.77"
"2021/03/02","04:00","0.437","-","1.37"
"2021/03/02","05:00","0.099","-","0.99"
"2021/03/02","06:00","-0.16","-","0.74"
"2021/03/02","07:00","-0.286","-","0.47"
"2021/03/02","08:00","-0.243","-","0.39"
"2021/03/02","09:00","-0.016","-","0.55"
"2021/03/02","10:00","0.35","-","0.91"
"2021/03/02","11:00","0.728","-","1.23"
"2021/03/02","12:00","0.983","-","1.43"
"2021/03/02","13:00","1.058","-","1.47"
"2021/03/02","14:00","0.977","-","1.33"
"2021/03/02","15:00","0.776","-","1.12"
"2021/03/02","16:00","0.484","-","0.8"
"2021/03/02","17:00","0.159","-","0.39"
"2021/03/02","18:00","-0.118","-","0.03"
"2021/03/02","19:00","-0.278","-","-0.15"
"2021/03/02","20:00","-0.279","-","-0.14"
"2021/03/02","21:00","-0.092","-","-0.04"
"2021/03/02","22:00","0.265","-","0.31"
"2021/03/02","23:00","0.692","-","0.7"
"2021/03/03","00:00","1.036","-","0.96"
"2021/03/03","01:00","1.2","-","1.1"
"2021/03/03","02:00","1.181","-","1.14"
"2021/03/03","03:00","1.022","-","1.07"
"2021/03/03","04:00","0.76","-","0.85"
"2021/03/03","05:00","0.435","-","0.51"
"2021/03/03","06:00","0.118","-","0.19"
"2021/03/03","07:00","-0.12","-","-0.08"
"2021/03/03","08:00","-0.235","-","-0.19"
"2021/03/03","09:00","-0.191","-","-0.2"
"2021/03/03","10:00","0.03","-","-0.04"
"2021/03/03","11:00","0.375","-","0.29"
"2021/03/03","12:00","0.715","-","0.63"
"2021/03/03","13:00","0.927","-","0.89"
"2021/03/03","14:00","0.971","-","0.98"
"2021/03/03","15:00","0.877","-","0.89"
"2021/03/03","16:00","0.68","-","0.65"
"2021/03/03","17:00","0.407","-","0.34"
"2021/03/03","18:00","0.116","-","0.05"
"2021/03/03","19:00","-0.121","-","-0.13"
"2021/03/03","20:00","-0.244","-","-0.28"
"2021/03/03","21:00","-0.215","-","-0.29"
"2021/03/03","22:00","-0.008","-","-0.14"
"2021/03/03","23:00","0.355","-","0.18"
"2021/03/04","00:00","0.763","-","0.56"
"2021/03/04","01:00","1.073","-","0.87"
"2021/03/04","02:00","1.203","-","1.03"
"2021/03/04","03:00","1.168","-","1.03"
"2021/03/04","04:00","1.011","-","0.95"
"2021/03/04","05:00","0.763","-","0.73"
"2021/03/04","06:00","0.46","-","0.45"
"2021/03/04","07:00","0.167","-","0.14"
"2021/03/04","08:00","-0.057","-","-0.1"
"2021/03/04","09:00","-0.172","-","-0.2"
"2021/03/04","10:00","-0.138","-","-0.16"
"2021/03/04","11:00","0.064","-","0.12"
"2021/03/04","12:00","0.378","-","0.45"
"2021/03/04","13:00","0.678","-","0.74"
"2021/03/04","14:00","0.852","-","0.96"
"2021/03/04","15:00","0.88","-","0.98"
"2021/03/04","16:00","0.791","-","0.97"
"2021/03/04","17:00","0.613","-","0.8"
"2021/03/04","18:00","0.369","-","0.58"
"2021/03/04","19:00","0.111","-","0.35"
"2021/03/04","20:00","-0.094","-","0.34"
"2021/03/04","21:00","-0.195","-","0.32"
"2021/03/04","22:00","-0.154","-","0.27"
"2021/03/04","23:00","0.057","-","0.5"
"2021/03/05","00:00","0.409","-","0.95"
"2021/03/05","01:00","0.79","-","1.2"
"2021/03/05","02:00","1.065","-","1.44"
"2021/03/05","03:00","1.176","-","1.46"
"2021/03/05","04:00","1.144","-","1.45"
"2021/03/05","05:00","1.007","-","1.25"
"2021/03/05","06:00","0.784","-","1.03"
"2021/03/05","07:00","0.508","-","0.67"
"2021/03/05","08:00","0.234","-","0.37"
"2021/03/05","09:00","0.015","-","0.17"
"2021/03/05","10:00","-0.109","-","0.01"
"2021/03/05","11:00","-0.093","-","0"
"2021/03/05","12:00","0.084","-","0.12"
"2021/03/05","13:00","0.365","-","0.36"
"2021/03/05","14:00","0.627","-","0.58"
"2021/03/05","15:00","0.778","-","0.71"
"2021/03/05","16:00","0.807","-","0.85"
"2021/03/05","17:00","0.738","-","0.81"
"2021/03/05","18:00","0.586","-","0.69"
"2021/03/05","19:00","0.368","-","0.46"
"2021/03/05","20:00","0.135","-","0.26"
"2021/03/05","21:00","-0.052","-","0.05"
"2021/03/05","22:00","-0.146","-","-0.07"
"2021/03/05","23:00","-0.107","-","-0.12"
"2021/03/06","00:00","0.093","-","0.03"
"2021/03/06","01:00","0.424","-","0.35"
"2021/03/06","02:00","0.774","-","0.72"
"2021/03/06","03:00","1.024","-","0.99"
"2021/03/06","04:00","1.133","-","1.26"
"2021/03/06","05:00","1.122","-","1.11"
"2021/03/06","06:00","1.015","-","0.93"
"2021/03/06","07:00","0.819","-","0.7"
"2021/03/06","08:00","0.564","-","0.41"
"2021/03/06","09:00","0.302","-","0.13"
"2021/03/06","10:00","0.08","-","-0.06"
"2021/03/06","11:00","-0.058","-","-0.13"
"2021/03/06","12:00","-0.063","-","-0.08"
"2021/03/06","13:00","0.089","-","0.15"
"2021/03/06","14:00","0.341","-","0.44"
"2021/03/06","15:00","0.578","-","0.71"
"2021/03/06","16:00","0.724","-","0.92"
"2021/03/06","17:00","0.77","-","0.96"
"2021/03/06","18:00","0.728","-","0.9"
"2021/03/06","19:00","0.599","-","0.78"
"2021/03/06","20:00","0.398","-","0.62"
"2021/03/06","21:00","0.176","-","0.43"
"2021/03/06","22:00","-0.006","-","0.25"
"2021/03/06","23:00","-0.106","-","0.13"
"2021/03/07","00:00","-0.082","-","0.12"
"2021/03/07","01:00","0.098","-","0.32"
"2021/03/07","02:00","0.403","-","0.7"
"2021/03/07","03:00","0.729","-","0.99"
"2021/03/07","04:00","0.97","-","1.22"
"2021/03/07","05:00","1.093","-","1.36"
"2021/03/07","06:00","1.112","-","1.4"
"2021/03/07","07:00","1.033","-","1.34"
"2021/03/07","08:00","0.856","-","1.23"
"2021/03/07","09:00","0.613","-","1.03"
"2021/03/07","10:00","0.354","-","0.8"
"2021/03/07","11:00","0.126","-","0.6"
"2021/03/07","12:00","-0.029","-","0.46"
"2021/03/07","13:00","-0.053","-","0.38"
"2021/03/07","14:00","0.081","-","0.44"
"2021/03/07","15:00","0.316","-","0.61"
"2021/03/07","16:00","0.548","-","0.84"
"2021/03/07","17:00","0.707","-","0.99"
"2021/03/07","18:00","0.778","-","1.04"
"2021/03/07","19:00","0.76","-","1.02"
"2021/03/07","20:00","0.642","-","0.89"
"2021/03/07","21:00","0.444","-","0.7"
"2021/03/07","22:00","0.222","-","0.46"
"2021/03/07","23:00","0.033","-","0.26"
"2021/03/08","00:00","-0.083","-","0.14"
"2021/03/08","01:00","-0.081","-","0.15"
"2021/03/08","02:00","0.077","-","0.34"
"2021/03/08","03:00","0.363","-","0.64"
"2021/03/08","04:00","0.677","-","0.92"
"2021/03/08","05:00","0.924","-","1.15"
"2021/03/08","06:00","1.071","-","1.27"
"2021/03/08","07:00","1.116","-","1.31"
"2021/03/08","08:00","1.054","-","1.24"
"2021/03/08","09:00","0.883","-","1.06"
"2021/03/08","10:00","0.64","-","0.82"
"2021/03/08","11:00","0.379","-","0.53"
"2021/03/08","12:00","0.14","-","0.32"
"2021/03/08","13:00","-0.03","-","0.18"
"2021/03/08","14:00","-0.064","-","0.17"
"2021/03/08","15:00","0.066","-","0.29"
"2021/03/08","16:00","0.306","-","0.54"
"2021/03/08","17:00","0.552","-","0.79"
"2021/03/08","18:00","0.734","-","0.99"
"2021/03/08","19:00","0.829","-","1.08"
"2021/03/08","20:00","0.821","-","1.13"
"2021/03/08","21:00","0.699","-","0.99"
"2021/03/08","22:00","0.492","-","0.78"
"2021/03/08","23:00","0.261","-","0.53"
"2021/03/09","00:00","0.056","-","0.32"
"2021/03/09","01:00","-0.082","-","0.18"
"2021/03/09","02:00","-0.101","-","0.14"
"2021/03/09","03:00","0.044","-","0.29"
"2021/03/09","04:00","0.326","-","0.59"
"2021/03/09","05:00","0.645","-","0.91"
"2021/03/09","06:00","0.907","-","1.2"
"2021/03/09","07:00","1.073","-","1.33"
"2021/03/09","08:00","1.131","-","1.35"
"2021/03/09","09:00","1.066","-","1.28"
"2021/03/09","10:00","0.886","-","1.07"
"2021/03/09","11:00","0.635","-","0.8"
"2021/03/09","12:00","0.365","-","0.51"
"2021/03/09","13:00","0.115","-","0.28"
"2021/03/09","14:00","-0.062","-","0.08"
"2021/03/09","15:00","-0.09","-","0.03"
"2021/03/09","16:00","0.061","-","0.14"
"2021/03/09","17:00","0.326","-","0.38"
"2021/03/09","18:00","0.598","-","0.64"
"2021/03/09","19:00","0.803","-","0.86"
"2021/03/09","20:00","0.908","-","0.97"
"2021/03/09","21:00","0.893","-","0.96"
"2021/03/09","22:00","0.753","-","0.82"
"2021/03/09","23:00","0.528","-","0.57"
"2021/03/10","00:00","0.28","-","0.29"
"2021/03/10","01:00","0.056","-","0.06"
"2021/03/10","02:00","-0.101","-","-0.07"
"2021/03/10","03:00","-0.13","-","-0.1"
"2021/03/10","04:00","0.021","-","0.02"
"2021/03/10","05:00","0.317","-","0.3"
"2021/03/10","06:00","0.651","-","0.66"
"2021/03/10","07:00","0.925","-","0.89"
"2021/03/10","08:00","1.095","-","1.1"
"2021/03/10","09:00","1.143","-","1.13"
"2021/03/10","10:00","1.058","-","1.05"
"2021/03/10","11:00","0.856","-","0.78"
"2021/03/10","12:00","0.59","-","0.5"
"2021/03/10","13:00","0.309","-","0.24"
"2021/03/10","14:00","0.053","-","0.01"
"2021/03/10","15:00","-0.113","-","-0.09"
"2021/03/10","16:00","-0.109","-","-0.05"
"2021/03/10","17:00","0.084","-","0.16"
"2021/03/10","18:00","0.388","-","0.47"
"2021/03/10","19:00","0.685","-","0.79"
"2021/03/10","20:00","0.898","-","1.03"
"2021/03/10","21:00","0.994","-","1.14"
"2021/03/10","22:00","0.955","-","1.1"
"2021/03/10","23:00","0.786","-","0.97"
"2021/03/11","00:00","0.538","-","0.7"
"2021/03/11","01:00","0.272","-","0.45"
"2021/03/11","02:00","0.032","-","0.24"
"2021/03/11","03:00","-0.132","-","0.12"
"2021/03/11","04:00","-0.148","-","0.08"
"2021/03/11","05:00","0.03","-","0.28"
"2021/03/11","06:00","0.352","-","0.68"
"2021/03/11","07:00","0.698","-","1.05"
"2021/03/11","08:00","0.969","-","1.33"
"2021/03/11","09:00","1.123","-","1.45"
"2021/03/11","10:00","1.142","-","1.46"
"2021/03/11","11:00","1.021","-","1.36"
"2021/03/11","12:00","0.789","-","1.08"
"2021/03/11","13:00","0.505","-","0.75"
"2021/03/11","14:00","0.217","-","0.45"
"2021/03/11","15:00","-0.029","-","0.27"
"2021/03/11","16:00","-0.159","-","0.19"
"2021/03/11","17:00","-0.099","-","0.24"
"2021/03/11","18:00","0.152","-","0.5"
"2021/03/11","19:00","0.492","-","0.89"
"2021/03/11","20:00","0.798","-","1.22"
"2021/03/11","21:00","0.999","-","1.39"
"2021/03/11","22:00","1.067","-","1.43"
"2021/03/11","23:00","0.99","-","1.3"
"2021/03/12","00:00","0.787","-","1"
"2021/03/12","01:00","0.514","-","0.74"
"2021/03/12","02:00","0.233","-","0.45"
"2021/03/12","03:00","-0.009","-","0.23"
"2021/03/12","04:00","-0.157","-","0.1"
"2021/03/12","05:00","-0.136","-","0.06"
"2021/03/12","06:00","0.084","-","0.23"
"2021/03/12","07:00","0.431","-","0.55"
"2021/03/12","08:00","0.775","-","0.92"
"2021/03/12","09:00","1.023","-","1.17"
"2021/03/12","10:00","1.14","-","1.31"
"2021/03/12","11:00","1.114","-","1.25"
"2021/03/12","12:00","0.949","-","1.01"
"2021/03/12","13:00","0.686","-","0.69"
"2021/03/12","14:00","0.388","-","0.37"
"2021/03/12","15:00","0.108","-","0.07"
"2021/03/12","16:00","-0.104","-","-0.12"
"2021/03/12","17:00","-0.173","-","-0.23"
"2021/03/12","18:00","-0.04","-","-0.11"
"2021/03/12","19:00","0.266","-","0.14"
"2021/03/12","20:00","0.625","-","0.51"
"2021/03/12","21:00","0.918","-","0.82"
"2021/03/12","22:00","1.085","-","1.01"
"2021/03/12","23:00","1.109","-","0.99"
"2021/03/13","00:00","0.988","-","0.91"
"2021/03/13","01:00","0.749","-","0.67"
"2021/03/13","02:00","0.456","-","0.43"
"2021/03/13","03:00","0.174","-","0.14"
"2021/03/13","04:00","-0.05","-","-0.08"
"2021/03/13","05:00","-0.158","-","-0.17"
"2021/03/13","06:00","-0.084","-","-0.13"
"2021/03/13","07:00","0.179","-","0.17"
"2021/03/13","08:00","0.537","-","0.5"
"2021/03/13","09:00","0.859","-","1.01"
"2021/03/13","10:00","1.065","-","1.14"
"2021/03/13","11:00","1.132","-","1.17"
"2021/03/13","12:00","1.054","-","1.06"
"2021/03/13","13:00","0.845","-","0.83"
"2021/03/13","14:00","0.556","-","0.48"
"2021/03/13","15:00","0.259","-","0.21"
"2021/03/13","16:00","0.009","-","-0.04"
"2021/03/13","17:00","-0.145","-","-0.11"
"2021/03/13","18:00","-0.136","-","-0.07"
"2021/03/13","19:00","0.07","-","0.17"
"2021/03/13","20:00","0.415","-","0.53"
"2021/03/13","21:00","0.768","-","0.94"
"2021/03/13","22:00","1.024","-","1.16"
"2021/03/13","23:00","1.141","-","1.22"
"2021/03/14","00:00","1.113","-","1.18"
"2021/03/14","01:00","0.945","-","1.06"
"2021/03/14","02:00","0.676","-","0.97"
"2021/03/14","03:00","0.377","-","0.71"
"2021/03/14","04:00","0.113","-","0.4"
"2021/03/14","05:00","-0.072","-","0.24"
"2021/03/14","06:00","-0.125","-","0.22"
"2021/03/14","07:00","0.006","-","0.34"
"2021/03/14","08:00","0.299","-","0.54"
"2021/03/14","09:00","0.647","-","0.85"
"2021/03/14","10:00","0.928","-","1.18"
"2021/03/14","11:00","1.08","-","1.37"
"2021/03/14","12:00","1.091","-","1.39"
"2021/03/14","13:00","0.962","-","1.23"
"2021/03/14","14:00","0.716","-","1"
"2021/03/14","15:00","0.418","-","0.73"
"2021/03/14","16:00","0.144","-","0.54"
"2021/03/14","17:00","-0.054","-","0.35"
"2021/03/14","18:00","-0.133","-","0.3"
"2021/03/14","19:00","-0.044","-","0.34"
"2021/03/14","20:00","0.22","-","0.62"
"2021/03/14","21:00","0.577","-","1.01"
"2021/03/14","22:00","0.899","-","1.44"
"2021/03/14","23:00","1.1","-","1.57"
"2021/03/15","00:00","1.159","-","1.58"
"2021/03/15","01:00","1.077","-","1.41"
"2021/03/15","02:00","0.868","-","1.24"
"2021/03/15","03:00","0.582","-","0.95"
"2021/03/15","04:00","0.296","-","0.58"
"2021/03/15","05:00","0.068","-","0.34"
"2021/03/15","06:00","-0.064","-","0.22"
"2021/03/15","07:00","-0.058","-","0.24"
"2021/03/15","08:00","0.118","-","0.39"
"2021/03/15","09:00","0.422","-","0.75"
"2021/03/15","10:00","0.74","-","1.08"
"2021/03/15","11:00","0.967","-","1.27"
"2021/03/15","12:00","1.06","-","1.33"
"2021/03/15","13:00","1.018","-","1.25"
"2021/03/15","14:00","0.846","-","1.14"
"2021/03/15","15:00","0.58","-","0.85"
"2021/03/15","16:00","0.295","-","0.58"
"2021/03/15","17:00","0.065","-","0.32"
"2021/03/15","18:00","-0.066","-","0.18"
"2021/03/15","19:00","-0.068","-","0.23"
"2021/03/15","20:00","0.088","-","0.5"
"2021/03/15","21:00","0.385","-","0.85"
"2021/03/15","22:00","0.73","-","1.14"
"2021/03/15","23:00","1.002","-","1.39"
"2021/03/16","00:00","1.139","-","1.47"
"2021/03/16","01:00","1.138","-","1.51"
"2021/03/16","02:00","1.009","-","1.42"
"2021/03/16","03:00","0.774","-","1.29"
"2021/03/16","04:00","0.49","-","1.03"
"2021/03/16","05:00","0.233","-","0.85"
"2021/03/16","06:00","0.054","-","0.7"
"2021/03/16","07:00","-0.024","-","0.66"
"2021/03/16","08:00","0.031","-","0.75"
"2021/03/16","09:00","0.234","-","1"
"2021/03/16","10:00","0.528","-","1.32"
"2021/03/16","11:00","0.802","-","1.59"
"2021/03/16","12:00","0.969","-","1.78"
"2021/03/16","13:00","1.007","-","1.84"
"2021/03/16","14:00","0.92","-","1.76"
"2021/03/16","15:00","0.721","-","1.59"
"2021/03/16","16:00","0.456","-","1.34"
"2021/03/16","17:00","0.204","-","1.13"
"2021/03/16","18:00","0.032","-","1"
"2021/03/16","19:00","-0.031","-","1.01"
"2021/03/16","20:00","0.033","-","1.16"
"2021/03/16","21:00","0.236","-","1.39"
"2021/03/16","22:00","0.544","-","1.72"
"2021/03/16","23:00","0.856","-","2.03"
"2021/03/17","00:00","1.067","-","2.22"
"2021/03/17","01:00","1.14","-","2.35"
"2021/03/17","02:00","1.087","-","2.32"
"2021/03/17","03:00","0.925","-","2.15"
"2021/03/17","04:00","0.682","-","1.82"
"2021/03/17","05:00","0.417","-","1.52"
"2021/03/17","06:00","0.202","-","1.27"
"2021/03/17","07:00","0.07","-","1.1"
"2021/03/17","08:00","0.037","-","1.07"
"2021/03/17","09:00","0.126","-","1.15"
"2021/03/17","10:00","0.338","-","1.38"
"2021/03/17","11:00","0.608","-","1.63"
"2021/03/17","12:00","0.831","-","1.86"
"2021/03/17","13:00","0.94","-","1.92"
"2021/03/17","14:00","0.93","-","1.91"
"2021/03/17","15:00","0.813","-","1.72"
"2021/03/17","16:00","0.607","-","1.52"
"2021/03/17","17:00","0.361","-","1.31"
"2021/03/17","18:00","0.154","-","1.11"
"2021/03/17","19:00","0.04","-","0.99"
"2021/03/17","20:00","0.036","-","1.02"
"2021/03/17","21:00","0.148","-","1.15"
"2021/03/17","22:00","0.379","-","1.41"
"2021/03/17","23:00","0.679","-","1.67"
"2021/03/18","00:00","0.945","-","1.9"
"2021/03/18","01:00","1.093","-","2.03"
"2021/03/18","02:00","1.11","-","2.09"
"2021/03/18","03:00","1.021","-","1.99"
"2021/03/18","04:00","0.845","-","1.81"
"2021/03/18","05:00","0.61","-","1.56"
"2021/03/18","06:00","0.376","-","1.35"
"2021/03/18","07:00","0.201","-","1.18"
"2021/03/18","08:00","0.108","-","1.11"
"2021/03/18","09:00","0.106","-","1.09"
"2021/03/18","10:00","0.215","-","1.22"
"2021/03/18","11:00","0.424","-","1.53"
"2021/03/18","12:00","0.66","-","1.81"
"2021/03/18","13:00","0.83","-","2"
"2021/03/18","14:00","0.888","-","2.07"
"2021/03/18","15:00","0.845","-","2.05"
"2021/03/18","16:00","0.716","-","1.91"
"2021/03/18","17:00","0.518","-","1.74"
"2021/03/18","18:00","0.302","-","1.49"
"2021/03/18","19:00","0.139","-","1.31"
"2021/03/18","20:00","0.073","-","1.36"
"2021/03/18","21:00","0.112","-","1.38"
"2021/03/18","22:00","0.258","-","1.55"
"2021/03/18","23:00","0.5","-","1.8"
"2021/03/19","00:00","0.779","-","2.07"
"2021/03/19","01:00","0.995","-","2.3"
"2021/03/19","02:00","1.087","-","2.42"
"2021/03/19","03:00","1.065","-","2.46"
"2021/03/19","04:00","0.958","-","2.34"
"2021/03/19","05:00","0.784","-","2.19"
"2021/03/19","06:00","0.568","-","2.16"
"2021/03/19","07:00","0.364","-","2.04"
"2021/03/19","08:00","0.22","-","1.93"
"2021/03/19","09:00","0.154","-","1.91"
"2021/03/19","10:00","0.171","-","1.95"
"2021/03/19","11:00","0.289","-","2.12"
"2021/03/19","12:00","0.486","-","2.48"
"2021/03/19","13:00","0.687","-","2.56"
"2021/03/19","14:00","0.809","-","2.56"
"2021/03/19","15:00","0.831","-","2.42"
"2021/03/19","16:00","0.772","-","2.28"
"2021/03/19","17:00","0.645","-","2.14"
"2021/03/19","18:00","0.462","-","1.93"
"2021/03/19","19:00","0.274","-","1.85"
"2021/03/19","20:00","0.146","-","1.68"
"2021/03/19","21:00","0.115","-","1.65"
"2021/03/19","22:00","0.182","-","1.72"
"2021/03/19","23:00","0.347","-","1.83"
"2021/03/20","00:00","0.589","-","2.05"
"2021/03/20","01:00","0.841","-","2.28"
"2021/03/20","02:00","1.012","-","2.46"
"2021/03/20","03:00","1.063","-","2.58"
"2021/03/20","04:00","1.021","-","2.56"
"2021/03/20","05:00","0.914","-","2.51"
"2021/03/20","06:00","0.751","-","2.38"
"2021/03/20","07:00","0.552","-","2.21"
"2021/03/20","08:00","0.369","-","1.99"
"2021/03/20","09:00","0.245","-","1.84"
"2021/03/20","10:00","0.193","-","1.81"
"2021/03/20","11:00","0.222","-","1.79"
"2021/03/20","12:00","0.342","-","1.86"
"2021/03/20","13:00","0.526","-","1.97"
"2021/03/20","14:00","0.694","-","2.07"
"2021/03/20","15:00","0.783","-","2.11"
"2021/03/20","16:00","0.787","-","2.09"
"2021/03/20","17:00","0.727","-","2.01"
"2021/03/20","18:00","0.607","-","1.86"
"2021/03/20","19:00","0.437","-","1.65"
"2021/03/20","20:00","0.267","-","1.49"
"2021/03/20","21:00","0.161","-","1.37"
"2021/03/20","22:00","0.15","-","1.31"
"2021/03/20","23:00","0.234","-","1.36"
"2021/03/21","00:00","0.408","-","1.48"
"2021/03/21","01:00","0.645","-","1.69"
"2021/03/21","02:00","0.871","-","1.83"
"2021/03/21","03:00","1.009","-","1.9"
"2021/03/21","04:00","1.04","-","1.88"
"2021/03/21","05:00","0.996","-","1.76"
"2021/03/21","06:00","0.897","-","1.64"
"2021/03/21","07:00","0.742","-","1.44"
"2021/03/21","08:00","0.551","-","1.18"
"2021/03/21","09:00","0.377","-","0.97"
"2021/03/21","10:00","0.261","-","0.79"
"2021/03/21","11:00","0.216","-","0.7"
"2021/03/21","12:00","0.25","-","0.75"
"2021/03/21","13:00","0.372","-","0.78"
"2021/03/21","14:00","0.546","-","0.94"
"2021/03/21","15:00","0.695","-","1.03"
"2021/03/21","16:00","0.769","-","1.03"
"2021/03/21","17:00","0.771","-","1"
"2021/03/21","18:00","0.717","-","0.85"
"2021/03/21","19:00","0.602","-","0.76"
"2021/03/21","20:00","0.434","-","0.57"
"2021/03/21","21:00","0.269","-","0.47"
"2021/03/21","22:00","0.173","-","0.4"
"2021/03/21","23:00","0.17","-","0.38"
"2021/03/22","00:00","0.261","-","0.52"
"2021/03/22","01:00","0.438","-","0.72"
"2021/03/22","02:00","0.67","-","0.96"
"2021/03/22","03:00","0.883","-","1.12"
"2021/03/22","04:00","1.007","-","1.18"
"2021/03/22","05:00","1.036","-","1.17"
"2021/03/22","06:00","1","-","1.18"
"2021/03/22","07:00","0.906","-","1.12"
"2021/03/22","08:00","0.748","-","0.97"
"2021/03/22","09:00","0.552","-","0.78"
"2021/03/22","10:00","0.375","-","0.57"
"2021/03/22","11:00","0.257","-","0.5"
"2021/03/22","12:00","0.212","-","0.51"
"2021/03/22","13:00","0.251","-","0.61"
"2021/03/22","14:00","0.38","-","0.79"
"2021/03/22","15:00","0.557","-","0.98"
"2021/03/22","16:00","0.706","-","1.12"
"2021/03/22","17:00","0.784","-","1.16"
"2021/03/22","18:00","0.794","-","1.14"
"2021/03/22","19:00","0.743","-","1.1"
"2021/03/22","20:00","0.619","-","1.04"
"2021/03/22","21:00","0.44","-","0.92"
"2021/03/22","22:00","0.27","-","0.8"
"2021/03/22","23:00","0.171","-","0.76"
"2021/03/23","00:00","0.168","-","0.81"
"2021/03/23","01:00","0.259","-","0.97"
"2021/03/23","02:00","0.441","-","1.19"
"2021/03/23","03:00","0.678","-","1.41"
"2021/03/23","04:00","0.893","-","1.57"
"2021/03/23","05:00","1.023","-","1.67"
"2021/03/23","06:00","1.063","-","1.75"
"2021/03/23","07:00","1.032","-","1.74"
"2021/03/23","08:00","0.931","-","1.67"
"2021/03/23","09:00","0.754","-","1.47"
"2021/03/23","10:00","0.539","-","1.26"
"2021/03/23","11:00","0.35","-","1.14"
"2021/03/23","12:00","0.224","-","1.02"
"2021/03/23","13:00","0.176","-","1.04"
"2021/03/23","14:00","0.226","-","1.12"
"2021/03/23","15:00","0.376","-","1.25"
"2021/03/23","16:00","0.576","-","1.42"
"2021/03/23","17:00","0.745","-","1.54"
"2021/03/23","18:00","0.838","-","1.62"
"2021/03/23","19:00","0.855","-","1.67"
"2021/03/23","20:00","0.794","-","1.63"
"2021/03/23","21:00","0.648","-","1.51"
"2021/03/23","22:00","0.446","-","1.33"
"2021/03/23","23:00","0.259","-","1.19"
"2021/03/24","00:00","0.149","-","1.09"
"2021/03/24","01:00","0.138","-","1.08"
"2021/03/24","02:00","0.229","-","1.18"
"2021/03/24","03:00","0.425","-","1.4"
"2021/03/24","04:00","0.683","-","1.63"
"2021/03/24","05:00","0.92","-","1.88"
"2021/03/24","06:00","1.068","-","1.95"
"2021/03/24","07:00","1.117","-","1.98"
"2021/03/24","08:00","1.081","-","1.99"
"2021/03/24","09:00","0.955","-","1.87"
"2021/03/24","10:00","0.747","-","1.69"
"2021/03/24","11:00","0.504","-","1.43"
"2021/03/24","12:00","0.295","-","1.25"
"2021/03/24","13:00","0.158","-","1.15"
"2021/03/24","14:00","0.114","-","1.13"
"2021/03/24","15:00","0.189","-","1.26"
"2021/03/24","16:00","0.38","-","1.49"
"2021/03/24","17:00","0.623","-","1.71"
"2021/03/24","18:00","0.823","-","1.8"
"2021/03/24","19:00","0.931","-","1.89"
"2021/03/24","20:00","0.943","-","1.91"
"2021/03/24","21:00","0.858","-","1.79"
"2021/03/24","22:00","0.676","-","1.55"
"2021/03/24","23:00","0.441","-","1.34"
"2021/03/25","00:00","0.23","-","1.1"
"2021/03/25","01:00","0.102","-","0.94"
"2021/03/25","02:00","0.081","-","0.9"
"2021/03/25","03:00","0.181","-","0.98"
"2021/03/25","04:00","0.407","-","1.18"
"2021/03/25","05:00","0.704","-","1.43"
"2021/03/25","06:00","0.973","-","1.7"
"2021/03/25","07:00","1.137","-","1.82"
"2021/03/25","08:00","1.185","-","1.88"
"2021/03/25","09:00","1.127","-","1.81"
"2021/03/25","10:00","0.964","-","1.64"
"2021/03/25","11:00","0.715","-","1.4"
"2021/03/25","12:00","0.441","-","1.08"
"2021/03/25","13:00","0.211","-","0.86"
"2021/03/25","14:00","0.066","-","0.73"
"2021/03/25","15:00","0.04","-","0.7"
"2021/03/25","16:00","0.161","-","0.82"
"2021/03/25","17:00","0.415","-","1.11"
"2021/03/25","18:00","0.711","-","1.37"
"2021/03/25","19:00","0.942","-","1.58"
"2021/03/25","20:00","1.053","-","1.7"
"2021/03/25","21:00","1.044","-","1.68"
"2021/03/25","22:00","0.918","-","1.56"
"2021/03/25","23:00","0.691","-","1.31"
"2021/03/26","00:00","0.418","-","0.97"
"2021/03/26","01:00","0.178","-","0.78"
"2021/03/26","02:00","0.031","-","0.64"
"2021/03/26","03:00","0.007","-","0.53"
"2021/03/26","04:00","0.132","-","0.59"
"2021/03/26","05:00","0.403","-","0.94"
"2021/03/26","06:00","0.748","-","1.3"
"2021/03/26","07:00","1.046","-","1.57"
"2021/03/26","08:00","1.216","-","1.78"
"2021/03/26","09:00","1.248","-","1.84"
"2021/03/26","10:00","1.154","-","1.77"
"2021/03/26","11:00","0.946","-","1.48"
"2021/03/26","12:00","0.654","-","1.12"
"2021/03/26","13:00","0.349","-","0.78"
"2021/03/26","14:00","0.104","-","0.6"
"2021/03/26","15:00","-0.034","-","0.53"
"2021/03/26","16:00","-0.022","-","0.48"
"2021/03/26","17:00","0.167","-","0.63"
"2021/03/26","18:00","0.494","-","1"
"2021/03/26","19:00","0.842","-","1.35"
"2021/03/26","20:00","1.088","-","1.59"
"2021/03/26","21:00","1.184","-","1.73"
"2021/03/26","22:00","1.138","-","1.72"
"2021/03/26","23:00","0.964","-","1.49"
"2021/03/27","00:00","0.688","-","1.11"
"2021/03/27","01:00","0.375","-","0.82"
"2021/03/27","02:00","0.108","-","0.5"
"2021/03/27","03:00","-0.052","-","0.29"
"2021/03/27","04:00","-0.065","-","0.22"
"2021/03/27","05:00","0.098","-","0.33"
"2021/03/27","06:00","0.424","-","0.64"
"2021/03/27","07:00","0.811","-","1"
"2021/03/27","08:00","1.124","-","1.29"
"2021/03/27","09:00","1.282","-","1.43"
"2021/03/27","10:00","1.284","-","1.39"
"2021/03/27","11:00","1.148","-","1.24"
"2021/03/27","12:00","0.894","-","0.94"
"2021/03/27","13:00","0.564","-","0.55"
"2021/03/27","14:00","0.239","-","0.21"
"2021/03/27","15:00","-0.007","-","-0.04"
"2021/03/27","16:00","-0.117","-","-0.17"
"2021/03/27","17:00","-0.046","-","-0.13"
"2021/03/27","18:00","0.222","-","0.18"
"2021/03/27","19:00","0.618","-","0.63"
"2021/03/27","20:00","0.998","-","0.94"
"2021/03/27","21:00","1.239","-","1.25"
"2021/03/27","22:00","1.304","-","1.39"
"2021/03/27","23:00","1.213","-","1.39"
"2021/03/28","00:00","0.988","-","1.19"
"2021/03/28","01:00","0.665","-","0.89"
"2021/03/28","02:00","0.318","-","0.52"
"2021/03/28","03:00","0.033","-","0.28"
"2021/03/28","04:00","-0.126","-","0.07"
"2021/03/28","05:00","-0.116","-","0.05"
"2021/03/28","06:00","0.094","-","0.41"
"2021/03/28","07:00","0.467","-","0.76"
"2021/03/28","08:00","0.879","-","1.2"
"2021/03/28","09:00","1.186","-","1.49"
"2021/03/28","10:00","1.317","-","1.72"
"2021/03/28","11:00","1.281","-","1.67"
"2021/03/28","12:00","1.105","-","1.46"
"2021/03/28","13:00","0.812","-","1.16"
"2021/03/28","14:00","0.457","-","0.81"
"2021/03/28","15:00","0.127","-","0.54"
"2021/03/28","16:00","-0.098","-","0.23"
"2021/03/28","17:00","-0.161","-","0.17"
"2021/03/28","18:00","-0.019","-","0.51"
"2021/03/28","19:00","0.323","-","1.01"
"2021/03/28","20:00","0.767","-","1.48"
"2021/03/28","21:00","1.155","-","2.02"
"2021/03/28","22:00","1.371","-","2.25"
"2021/03/28","23:00","1.396","-","2.24"
"2021/03/29","00:00","1.258","-","1.96"
"2021/03/29","01:00","0.987","-","1.85"
"2021/03/29","02:00","0.628","-","1.5"
"2021/03/29","03:00","0.261","-","0.93"
"2021/03/29","04:00","-0.027","-","0.53"
"2021/03/29","05:00","-0.172","-","0.28"
"2021/03/29","06:00","-0.13","-","0.29"
"2021/03/29","07:00","0.12","-","0.4"
"2021/03/29","08:00","0.521","-","0.82"
"2021/03/29","09:00","0.933","-","1.24"
"2021/03/29","10:00","1.215","-","1.62"
"2021/03/29","11:00","1.31","-","1.76"
"2021/03/29","12:00","1.239","-","1.62"
"2021/03/29","13:00","1.029","-","1.31"
"2021/03/29","14:00","0.71","-","0.98"
"2021/03/29","15:00","0.35","-","0.59"
"2021/03/29","16:00","0.037","-","0.24"
"2021/03/29","17:00","-0.149","-","0.02"
"2021/03/29","18:00","-0.155","-","-0.1"
"2021/03/29","19:00","0.052","-","0.1"
"2021/03/29","20:00","0.448","-","0.54"
"2021/03/29","21:00","0.914","-","1"
"2021/03/29","22:00","1.286","-","1.33"
"2021/03/29","23:00","1.465","-","1.41"
"2021/03/30","00:00","1.448","-","1.37"
"2021/03/30","01:00","1.272","-","1.19"
"2021/03/30","02:00","0.968","-","0.9"
"2021/03/30","03:00","0.59","-","0.55"
"2021/03/30","04:00","0.222","-","0.19"
"2021/03/30","05:00","-0.053","-","-0.05"
"2021/03/30","06:00","-0.177","-","-0.22"
"2021/03/30","07:00","-0.108","-","-0.16"
"2021/03/30","08:00","0.165","-","0.05"
"2021/03/30","09:00","0.571","-","0.52"
"2021/03/30","10:00","0.961","-","0.89"
"2021/03/30","11:00","1.206","-","1.13"
"2021/03/30","12:00","1.265","-","1.21"
"2021/03/30","13:00","1.164","-","1.09"
"2021/03/30","14:00","0.934","-","0.83"
"2021/03/30","15:00","0.609","-","0.52"
"2021/03/30","16:00","0.264","-","0.18"
"2021/03/30","17:00","-0.013","-","-0.05"
"2021/03/30","18:00","-0.152","-","-0.16"
"2021/03/30","19:00","-0.106","-","-0.12"
"2021/03/30","20:00","0.148","-","0.17"
"2021/03/30","21:00","0.572","-","0.68"
"2021/03/30","22:00","1.032","-","1.1"
"2021/03/30","23:00","1.372","-","1.42"
"2021/03/31","00:00","1.51","-","1.51"
"2021/03/31","01:00","1.459","-","1.48"
"2021/03/31","02:00","1.257","-","1.35"
"2021/03/31","03:00","0.941","-","1.05"
"2021/03/31","04:00","0.566","-","0.7"
"2021/03/31","05:00","0.216","-","0.36"
"2021/03/31","06:00","-0.036","-","0.12"
"2021/03/31","07:00","-0.141","-","0.07"
"2021/03/31","08:00","-0.058","-","0.07"
"2021/03/31","09:00","0.218","-","0.35"
"2021/03/31","10:00","0.606","-","0.77"
"2021/03/31","11:00","0.96","-","1.16"
"2021/03/31","12:00","1.164","-","1.39"
"2021/03/31","13:00","1.192","-","1.42"
"2021/03/31","14:00","1.074","-","1.36"
"2021/03/31","15:00","0.84","-","1.16"
"2021/03/31","16:00","0.529","-","0.87"
"2021/03/31","17:00","0.216","-","0.61"
"2021/03/31","18:00","-0.018","-","0.39"
"2021/03/31","19:00","-0.115","-","0.39"
"2021/03/31","20:00","-0.034","-","0.49"
"2021/03/31","21:00","0.243","-","0.72"
"2021/03/31","22:00","0.668","-","1.14"
"2021/03/31","23:00","1.103","-","1.49"
"2021/04/01","00:00","1.403","-","1.78"
"2021/04/01","01:00","1.505","-","1.84"
"2021/04/01","02:00","1.433","-","1.82"
"2021/04/01","03:00","1.227","-","1.8"
"2021/04/01","04:00","0.92","-","1.86"
"2021/04/01","05:00","0.569","-","1.34"
"2021/04/01","06:00","0.248","-","0.98"
"2021/04/01","07:00","0.018","-","0.61"
"2021/04/01","08:00","-0.077","-","0.39"
"2021/04/01","09:00","0.004","-","0.31"
"2021/04/01","10:00","0.266","-","0.39"
"2021/04/01","11:00","0.624","-","0.61"
"2021/04/01","12:00","0.935","-","1.07"
"2021/04/01","13:00","1.101","-","1.4"
"2021/04/01","14:00","1.109","-","1.46"
"2021/04/01","15:00","0.99","-","1.21"
"2021/04/01","16:00","0.769","-","1.07"
"2021/04/01","17:00","0.487","-","0.73"
"2021/04/01","18:00","0.212","-","0.39"
"2021/04/01","19:00","0.015","-","0.3"
"2021/04/01","20:00","-0.055","-","0.34"
"2021/04/01","21:00","0.04","-","0.31"
"2021/04/01","22:00","0.318","-","0.51"
"2021/04/01","23:00","0.724","-","0.83"
"2021/04/02","00:00","1.122","-","1.25"
"2021/04/02","01:00","1.38","-","1.49"
"2021/04/02","02:00","1.458","-","1.44"
"2021/04/02","03:00","1.383","-","1.44"
"2021/04/02","04:00","1.193","-","1.22"
"2021/04/02","05:00","0.915","-","1.04"
"2021/04/02","06:00","0.599","-","0.66"
"2021/04/02","07:00","0.308","-","0.33"
"2021/04/02","08:00","0.093","-","0.07"
"2021/04/02","09:00","-0.004","-","0.05"
"2021/04/02","10:00","0.065","-","0.08"
"2021/04/02","11:00","0.304","-","0.25"
"2021/04/02","12:00","0.626","-","0.57"
"2021/04/02","13:00","0.896","-","0.85"
"2021/04/02","14:00","1.033","-","0.9"
"2021/04/02","15:00","1.035","-","0.94"
"2021/04/02","16:00","0.93","-","0.81"
"2021/04/02","17:00","0.735","-","0.6"
"2021/04/02","18:00","0.486","-","0.32"
"2021/04/02","19:00","0.245","-","0.09"
"2021/04/02","20:00","0.072","-","-0.09"
"2021/04/02","21:00","0.01","-","-0.18"
"2021/04/02","22:00","0.1","-","-0.11"
"2021/04/02","23:00","0.361","-","0.14"
"2021/04/03","00:00","0.736","-","0.53"
"2021/04/03","01:00","1.092","-","0.93"
"2021/04/03","02:00","1.316","-","1.17"
"2021/04/03","03:00","1.384","-","1.27"
"2021/04/03","04:00","1.327","-","1.19"
"2021/04/03","05:00","1.168","-","1.04"
"2021/04/03","06:00","0.926","-","0.8"
"2021/04/03","07:00","0.645","-","0.51"
"2021/04/03","08:00","0.378","-","0.23"
"2021/04/03","09:00","0.168","-","0.05"
"2021/04/03","10:00","0.064","-","-0.04"
"2021/04/03","11:00","0.116","-","0.06"
"2021/04/03","12:00","0.329","-","0.27"
"2021/04/03","13:00","0.616","-","0.59"
"2021/04/03","14:00","0.853","-","0.84"
"2021/04/03","15:00","0.976","-","0.96"
"2021/04/03","16:00","0.989","-","1"
"2021/04/03","17:00","0.909","-","0.95"
"2021/04/03","18:00","0.744","-","0.8"
"2021/04/03","19:00","0.522","-","0.57"
"2021/04/03","20:00","0.302","-","0.35"
"2021/04/03","21:00","0.136","-","0.21"
"2021/04/03","22:00","0.067","-","0.13"
"2021/04/03","23:00","0.139","-","0.23"
"2021/04/04","00:00","0.373","-","0.5"
"2021/04/04","01:00","0.711","-","0.84"
"2021/04/04","02:00","1.028","-","1.17"
"2021/04/04","03:00","1.231","-","1.35"
"2021/04/04","04:00","1.307","-","1.42"
"2021/04/04","05:00","1.279","-","1.42"
"2021/04/04","06:00","1.155","-","1.35"
"2021/04/04","07:00","0.947","-","1.13"
"2021/04/04","08:00","0.691","-","0.86"
"2021/04/04","09:00","0.438","-","0.61"
"2021/04/04","10:00","0.227","-","0.45"
"2021/04/04","11:00","0.112","-","0.33"
"2021/04/04","12:00","0.15","-","0.31"
"2021/04/04","13:00","0.341","-","0.48"
"2021/04/04","14:00","0.601","-","0.81"
"2021/04/04","15:00","0.82","-","1.1"
"2021/04/04","16:00","0.947","-","1.28"
"2021/04/04","17:00","0.983","-","1.32"
"2021/04/04","18:00","0.93","-","1.26"
"2021/04/04","19:00","0.786","-","1.11"
"2021/04/04","20:00","0.579","-","0.9"
"2021/04/04","21:00","0.365","-","0.67"
"2021/04/04","22:00","0.194","-","0.51"
"2021/04/04","23:00","0.107","-","0.39"
"2021/04/05","00:00","0.155","-","0.41"
"2021/04/05","01:00","0.36","-","0.64"
"2021/04/05","02:00","0.663","-","1.07"
"2021/04/05","03:00","0.952","-","1.39"
"2021/04/05","04:00","1.149","-","1.49"
"2021/04/05","05:00","1.245","-","1.54"
"2021/04/05","06:00","1.248","-","1.54"
"2021/04/05","07:00","1.152","-","1.46"
"2021/04/05","08:00","0.963","-","1.24"
"2021/04/05","09:00","0.72","-","0.97"
"2021/04/05","10:00","0.471","-","0.72"
"2021/04/05","11:00","0.258","-","0.56"
"2021/04/05","12:00","0.135","-","0.44"
"2021/04/05","13:00","0.164","-","0.49"
"2021/04/05","14:00","0.343","-","0.7"
"2021/04/05","15:00","0.592","-","0.98"
"2021/04/05","16:00","0.811","-","1.28"
"2021/04/05","17:00","0.955","-","1.4"
"2021/04/05","18:00","1.017","-","1.44"
"2021/04/05","19:00","0.983","-","1.43"
"2021/04/05","20:00","0.846","-","1.32"
"2021/04/05","21:00","0.639","-","1.11"
"2021/04/05","22:00","0.421","-","0.92"
"2021/04/05","23:00","0.236","-","0.74"
"2021/04/06","00:00","0.128","-","0.65"
"2021/04/06","01:00","0.152","-","0.64"
"2021/04/06","02:00","0.332","-","0.82"
"2021/04/06","03:00","0.611","-","1.17"
"2021/04/06","04:00","0.887","-","1.47"
"2021/04/06","05:00","1.092","-","1.7"
"2021/04/06","06:00","1.211","-","1.82"
"2021/04/06","07:00","1.235","-","1.88"
"2021/04/06","08:00","1.149","-","1.82"
"2021/04/06","09:00","0.962","-","1.59"
"2021/04/06","10:00","0.72","-","1.35"
"2021/04/06","11:00","0.471","-","1.12"
"2021/04/06","12:00","0.254","-","0.92"
"2021/04/06","13:00","0.13","-","0.83"
"2021/04/06","14:00","0.161","-","0.9"
"2021/04/06","15:00","0.345","-","1.12"
"2021/04/06","16:00","0.601","-","1.37"
"2021/04/06","17:00","0.836","-","1.6"
"2021/04/06","18:00","1.003","-","1.75"
"2021/04/06","19:00","1.083","-","1.83"
"2021/04/06","20:00","1.051","-","1.81"
"2021/04/06","21:00","0.905","-","1.68"
"2021/04/06","22:00","0.687","-","1.44"
"2021/04/06","23:00","0.457","-","1.23"
"2021/04/07","00:00","0.256","-","1.05"
"2021/04/07","01:00","0.128","-","0.94"
"2021/04/07","02:00","0.135","-","0.94"
"2021/04/07","03:00","0.303","-","1.09"
"2021/04/07","04:00","0.576","-","1.42"
"2021/04/07","05:00","0.855","-","1.73"
"2021/04/07","06:00","1.073","-","1.96"
"2021/04/07","07:00","1.206","-","2.05"
"2021/04/07","08:00","1.231","-","2.1"
"2021/04/07","09:00","1.133","-","1.98"
"2021/04/07","10:00","0.934","-","1.74"
"2021/04/07","11:00","0.686","-","1.51"
"2021/04/07","12:00","0.433","-","1.25"
"2021/04/07","13:00","0.217","-","1.08"
"2021/04/07","14:00","0.103","-","1.02"
"2021/04/07","15:00","0.154","-","1.05"
"2021/04/07","16:00","0.363","-","1.27"
"2021/04/07","17:00","0.644","-","1.53"
"2021/04/07","18:00","0.901","-","1.83"
"2021/04/07","19:00","1.085","-","1.99"
"2021/04/07","20:00","1.164","-","2.06"
"2021/04/07","21:00","1.115","-","2.02"
"2021/04/07","22:00","0.946","-","1.88"
"2021/04/07","23:00","0.71","-","1.63"
"2021/04/08","00:00","0.465","-","1.39"
"2021/04/08","01:00","0.248","-","1.16"
"2021/04/08","02:00","0.108","-","1.05"
"2021/04/08","03:00","0.115","-","1.05"
"2021/04/08","04:00","0.292","-","1.28"
"2021/04/08","05:00","0.577","-","1.62"
"2021/04/08","06:00","0.867","-","1.94"
"2021/04/08","07:00","1.092","-","2.15"
"2021/04/08","08:00","1.219","-","2.25"
"2021/04/08","09:00","1.223","-","2.26"
"2021/04/08","10:00","1.097","-","2.19"
"2021/04/08","11:00","0.875","-","1.95"
"2021/04/08","12:00","0.616","-","1.65"
"2021/04/08","13:00","0.363","-","1.39"
"2021/04/08","14:00","0.157","-","1.19"
"2021/04/08","15:00","0.07","-","1.12"
"2021/04/08","16:00","0.164","-","1.14"
"2021/04/08","17:00","0.416","-","1.4"
"2021/04/08","18:00","0.728","-","1.63"
"2021/04/08","19:00","1.001","-","1.97"
"2021/04/08","20:00","1.181","-","2.09"
"2021/04/08","21:00","1.238","-","2.16"
"2021/04/08","22:00","1.155","-","2.1"
"2021/04/08","23:00","0.955","-","1.89"
"2021/04/09","00:00","0.698","-","1.67"
"2021/04/09","01:00","0.438","-","1.42"
"2021/04/09","02:00","0.213","-","1.3"
"2021/04/09","03:00","0.079","-","1.17"
"2021/04/09","04:00","0.107","-","1.25"
"2021/04/09","05:00","0.314","-","1.43"
"2021/04/09","06:00","0.621","-","1.79"
"2021/04/09","07:00","0.918","-","2.1"
"2021/04/09","08:00","1.134","-","2.31"
"2021/04/09","09:00","1.234","-","2.36"
"2021/04/09","10:00","1.199","-","2.32"
"2021/04/09","11:00","1.034","-","2.13"
"2021/04/09","12:00","0.787","-","1.81"
"2021/04/09","13:00","0.518","-","1.53"
"2021/04/09","14:00","0.271","-","1.32"
"2021/04/09","15:00","0.093","-","1.19"
"2021/04/09","16:00","0.057","-","1.2"
"2021/04/09","17:00","0.212","-","1.36"
"2021/04/09","18:00","0.515","-","1.69"
"2021/04/09","19:00","0.85","-","2.06"
"2021/04/09","20:00","1.118","-","2.35"
"2021/04/09","21:00","1.272","-","2.54"
"2021/04/09","22:00","1.288","-","2.62"
"2021/04/09","23:00","1.16","-","2.36"
"2021/04/10","00:00","0.925","-","1.92"
"2021/04/10","01:00","0.647","-","1.72"
"2021/04/10","02:00","0.379","-","1.42"
"2021/04/10","03:00","0.161","-","1.21"
"2021/04/10","04:00","0.055","-","1.07"
"2021/04/10","05:00","0.129","-","1.09"
"2021/04/10","06:00","0.377","-","1.39"
"2021/04/10","07:00","0.703","-","1.7"
"2021/04/10","08:00","0.992","-","1.91"
"2021/04/10","09:00","1.178","-","2.09"
"2021/04/10","10:00","1.234","-","2.08"
"2021/04/10","11:00","1.15","-","2.06"
"2021/04/10","12:00","0.943","-","1.82"
"2021/04/10","13:00","0.673","-","1.55"
"2021/04/10","14:00","0.404","-","1.23"
"2021/04/10","15:00","0.18","-","0.97"
"2021/04/10","16:00","0.051","-","0.85"
"2021/04/10","17:00","0.086","-","0.9"
"2021/04/10","18:00","0.312","-","1.14"
"2021/04/10","19:00","0.655","-","1.45"
"2021/04/10","20:00","0.992","-","1.77"
"2021/04/10","21:00","1.231","-","1.97"
"2021/04/10","22:00","1.338","-","2.05"
"2021/04/10","23:00","1.3","-","2.05"
"2021/04/11","00:00","1.123","-","1.92"
"2021/04/11","01:00","0.855","-","1.63"
"2021/04/11","02:00","0.564","-","1.33"
"2021/04/11","03:00","0.302","-","1.06"
"2021/04/11","04:00","0.112","-","0.91"
"2021/04/11","05:00","0.056","-","0.85"
"2021/04/11","06:00","0.188","-","0.87"
"2021/04/11","07:00","0.475","-","1.25"
"2021/04/11","08:00","0.803","-","1.6"
"2021/04/11","09:00","1.064","-","1.93"
"2021/04/11","10:00","1.204","-","2.1"
"2021/04/11","11:00","1.207","-","2.12"
"2021/04/11","12:00","1.071","-","1.96"
"2021/04/11","13:00","0.828","-","1.74"
"2021/04/11","14:00","0.546","-","1.47"
"2021/04/11","15:00","0.293","-","1.19"
"2021/04/11","16:00","0.113","-","1.04"
"2021/04/11","17:00","0.054","-","1"
"2021/04/11","18:00","0.17","-","1.18"
"2021/04/11","19:00","0.457","-","1.5"
"2021/04/11","20:00","0.819","-","1.91"
"2021/04/11","21:00","1.13","-","2.25"
"2021/04/11","22:00","1.318","-","2.4"
"2021/04/11","23:00","1.365","-","2.46"
"2021/04/12","00:00","1.269","-","2.38"
"2021/04/12","01:00","1.046","-","2.13"
"2021/04/12","02:00","0.755","-","1.9"
"2021/04/12","03:00","0.465","-","1.69"
"2021/04/12","04:00","0.229","-","1.44"
"2021/04/12","05:00","0.086","-","1.34"
"2021/04/12","06:00","0.094","-","1.37"
"2021/04/12","07:00","0.281","-","1.47"
"2021/04/12","08:00","0.59","-","1.7"
"2021/04/12","09:00","0.9","-","2.03"
"2021/04/12","10:00","1.115","-","2.29"
"2021/04/12","11:00","1.2","-","2.4"
"2021/04/12","12:00","1.149","-","2.31"
"2021/04/12","13:00","0.967","-","2.19"
"2021/04/12","14:00","0.7","-","1.97"
"2021/04/12","15:00","0.424","-","1.75"
"2021/04/12","16:00","0.207","-","1.58"
"2021/04/12","17:00","0.089","-","1.46"
"2021/04/12","18:00","0.11","-","1.59"
"2021/04/12","19:00","0.301","-","1.88"
"2021/04/12","20:00","0.628","-","2.29"
"2021/04/12","21:00","0.979","-","2.67"
"2021/04/12","22:00","1.241","-","2.86"
"2021/04/12","23:00","1.365","-","2.9"
"2021/04/13","00:00","1.349","-","2.85"
"2021/04/13","01:00","1.199","-","2.66"
"2021/04/13","02:00","0.942","-","2.38"
"2021/04/13","03:00","0.643","-","2.04"
"2021/04/13","04:00","0.374","-","1.76"
"2021/04/13","05:00","0.181","-","1.59"
"2021/04/13","06:00","0.098","-","1.55"
"2021/04/13","07:00","0.167","-","1.58"
"2021/04/13","08:00","0.394","-","1.7"
"2021/04/13","09:00","0.703","-","2.07"
"2021/04/13","10:00","0.974","-","2.36"
"2021/04/13","11:00","1.133","-","2.58"
"2021/04/13","12:00","1.162","-","2.58"
"2021/04/13","13:00","1.062","-","2.43"
"2021/04/13","14:00","0.848","-","2.18"
"2021/04/13","15:00","0.574","-","1.93"
"2021/04/13","16:00","0.324","-","1.71"
"2021/04/13","17:00","0.162","-","1.56"
"2021/04/13","18:00","0.116","-","1.54"
"2021/04/13","19:00","0.212","-","1.65"
"2021/04/13","20:00","0.458","-","1.84"
"2021/04/13","21:00","0.797","-","2.1"
"2021/04/13","22:00","1.113","-","2.3"
"2021/04/13","23:00","1.311","-","2.46"
"2021/04/14","00:00","1.368","-","2.51"
"2021/04/14","01:00","1.295","-","2.4"
"2021/04/14","02:00","1.103","-","2.18"
"2021/04/14","03:00","0.829","-","1.88"
"2021/04/14","04:00","0.542","-","1.58"
"2021/04/14","05:00","0.311","-","1.34"
"2021/04/14","06:00","0.171","-","1.19"
"2021/04/14","07:00","0.145","-","1.16"
"2021/04/14","08:00","0.263","-","1.19"
"2021/04/14","09:00","0.509","-","1.39"
"2021/04/14","10:00","0.796","-","1.7"
"2021/04/14","11:00","1.017","-","1.92"
"2021/04/14","12:00","1.118","-","2"
"2021/04/14","13:00","1.096","-","1.97"
"2021/04/14","14:00","0.958","-","1.82"
"2021/04/14","15:00","0.728","-","1.63"
"2021/04/14","16:00","0.468","-","1.38"
"2021/04/14","17:00","0.262","-","1.19"
"2021/04/14","18:00","0.162","-","1.08"
"2021/04/14","19:00","0.183","-","1.11"
"2021/04/14","20:00","0.338","-","1.31"
"2021/04/14","21:00","0.615","-","1.66"
"2021/04/14","22:00","0.941","-","1.96"
"2021/04/14","23:00","1.205","-","2.27"
"2021/04/15","00:00","1.336","-","2.35"
"2021/04/15","01:00","1.332","-","2.38"
"2021/04/15","02:00","1.214","-","2.24"
"2021/04/15","03:00","0.999","-","1.89"
"2021/04/15","04:00","0.728","-","1.58"
"2021/04/15","05:00","0.471","-","1.35"
"2021/04/15","06:00","0.286","-","1.2"
"2021/04/15","07:00","0.196","-","1.07"
"2021/04/15","08:00","0.217","-","1.15"
"2021/04/15","09:00","0.365","-","1.35"
"2021/04/15","10:00","0.611","-","1.66"
"2021/04/15","11:00","0.863","-","1.95"
"2021/04/15","12:00","1.029","-","2.13"
"2021/04/15","13:00","1.075","-","2.1"
"2021/04/15","14:00","1.013","-","2.01"
"2021/04/15","15:00","0.854","-","1.86"
"2021/04/15","16:00","0.625","-","1.65"
"2021/04/15","17:00","0.395","-","1.49"
"2021/04/15","18:00","0.239","-","1.38"
"2021/04/15","19:00","0.196","-","1.38"
"2021/04/15","20:00","0.271","-","1.47"
"2021/04/15","21:00","0.463","-","1.79"
"2021/04/15","22:00","0.75","-","2.18"
"2021/04/15","23:00","1.047","-","2.37"
"2021/04/16","00:00","1.254","-","2.52"
"2021/04/16","01:00","1.322","-","2.46"
"2021/04/16","02:00","1.27","-","2.3"
"2021/04/16","03:00","1.125","-","1.99"
"2021/04/16","04:00","0.905","-","1.6"
"2021/04/16","05:00","0.653","-","1.29"
"2021/04/16","06:00","0.433","-","1.07"
"2021/04/16","07:00","0.292","-","0.97"
"2021/04/16","08:00","0.242","-","0.95"
"2021/04/16","09:00","0.294","-","1.06"
"2021/04/16","10:00","0.458","-","1.36"
"2021/04/16","11:00","0.692","-","1.63"
"2021/04/16","12:00","0.904","-","1.87"
"2021/04/16","13:00","1.017","-","1.99"
"2021/04/16","14:00","1.019","-","1.96"
"2021/04/16","15:00","0.931","-","1.79"
"2021/04/16","16:00","0.765","-","1.59"
"2021/04/16","17:00","0.552","-","1.43"
"2021/04/16","18:00","0.357","-","1.34"
"2021/04/16","19:00","0.248","-","1.28"
"2021/04/16","20:00","0.249","-","1.37"
"2021/04/16","21:00","0.358","-","1.51"
"2021/04/16","22:00","0.571","-","1.79"
"2021/04/16","23:00","0.852","-","2.05"
"2021/04/17","00:00","1.113","-","2.31"
"2021/04/17","01:00","1.264","-","2.37"
"2021/04/17","02:00","1.282","-","2.35"
"2021/04/17","03:00","1.2","-","2.17"
"2021/04/17","04:00","1.046","-","1.91"
"2021/04/17","05:00","0.835","-","1.57"
"2021/04/17","06:00","0.608","-","1.34"
"2021/04/17","07:00","0.423","-","1.14"
"2021/04/17","08:00","0.314","-","1.01"
"2021/04/17","09:00","0.291","-","0.93"
"2021/04/17","10:00","0.363","-","1.02"
"2021/04/17","11:00","0.534","-","1.23"
"2021/04/17","12:00","0.751","-","1.46"
"2021/04/17","13:00","0.923","-","1.64"
"2021/04/17","14:00","0.993","-","1.68"
"2021/04/17","15:00","0.966","-","1.62"
"2021/04/17","16:00","0.866","-","1.42"
"2021/04/17","17:00","0.706","-","1.27"
"2021/04/17","18:00","0.512","-","1.09"
"2021/04/17","19:00","0.348","-","0.95"
"2021/04/17","20:00","0.272","-","0.87"
"2021/04/17","21:00","0.301","-","0.93"
"2021/04/17","22:00","0.431","-","1.09"
"2021/04/17","23:00","0.653","-","1.29"
"2021/04/18","00:00","0.921","-","1.58"
"2021/04/18","01:00","1.146","-","1.77"
"2021/04/18","02:00","1.25","-","1.87"
"2021/04/18","03:00","1.235","-","1.93"
"2021/04/18","04:00","1.14","-","1.9"
"2021/04/18","05:00","0.989","-","1.73"
"2021/04/18","06:00","0.792","-","1.55"
"2021/04/18","07:00","0.585","-","1.39"
"2021/04/18","08:00","0.422","-","1.24"
"2021/04/18","09:00","0.333","-","1.18"
"2021/04/18","10:00","0.327","-","1.21"
"2021/04/18","11:00","0.414","-","1.35"
"2021/04/18","12:00","0.589","-","1.55"
"2021/04/18","13:00","0.791","-","1.76"
"2021/04/18","14:00","0.931","-","1.87"
"2021/04/18","15:00","0.971","-","1.93"
"2021/04/18","16:00","0.931","-","1.86"
"2021/04/18","17:00","0.832","-","1.72"
"2021/04/18","18:00","0.679","-","1.59"
"2021/04/18","19:00","0.5","-","1.44"
"2021/04/18","20:00","0.354","-","1.32"
"2021/04/18","21:00","0.296","-","1.32"
"2021/04/18","22:00","0.339","-","1.36"
"2021/04/18","23:00","0.48","-","1.57"
"2021/04/19","00:00","0.705","-","1.83"
"2021/04/19","01:00","0.96","-","2.1"
"2021/04/19","02:00","1.154","-","2.3"
"2021/04/19","03:00","1.228","-","2.39"
"2021/04/19","04:00","1.197","-","2.34"
"2021/04/19","05:00","1.103","-","2.19"
"2021/04/19","06:00","0.959","-","2.03"
"2021/04/19","07:00","0.769","-","1.83"
"2021/04/19","08:00","0.57","-","1.63"
"2021/04/19","09:00","0.416","-","1.49"
"2021/04/19","10:00","0.336","-","1.47"
"2021/04/19","11:00","0.341","-","1.51"
"2021/04/19","12:00","0.443","-","1.5"
"2021/04/19","13:00","0.625","-","1.61"
"2021/04/19","14:00","0.817","-","1.78"
"2021/04/19","15:00","0.94","-","1.71"
"2021/04/19","16:00","0.969","-","1.57"
"2021/04/19","17:00","0.928","-","1.43"
"2021/04/19","18:00","0.833","-","1.29"
"2021/04/19","19:00","0.681","-","1.15"
"2021/04/19","20:00","0.502","-","1"
"2021/04/19","21:00","0.361","-","0.89"
"2021/04/19","22:00","0.309","-","1"
"2021/04/19","23:00","0.357","-","1.17"
"2021/04/20","00:00","0.503","-","1.26"
"2021/04/20","01:00","0.73","-","1.41"
"2021/04/20","02:00","0.976","-","1.51"
"2021/04/20","03:00","1.152","-","1.74"
"2021/04/20","04:00","1.213","-","1.78"
"2021/04/20","05:00","1.183","-","1.79"
"2021/04/20","06:00","1.094","-","1.61"
"2021/04/20","07:00","0.949","-","1.37"
"2021/04/20","08:00","0.752","-","1.13"
"2021/04/20","09:00","0.547","-","0.92"
"2021/04/20","10:00","0.392","-","0.79"
"2021/04/20","11:00","0.316","-","0.74"
"2021/04/20","12:00","0.332","-","0.75"
"2021/04/20","13:00","0.451","-","0.88"
"2021/04/20","14:00","0.646","-","1.08"
"2021/04/20","15:00","0.843","-","1.33"
"2021/04/20","16:00","0.966","-","1.5"
"2021/04/20","17:00","0.999","-","1.58"
"2021/04/20","18:00","0.963","-","1.54"
"2021/04/20","19:00","0.864","-","1.46"
"2021/04/20","20:00","0.7","-","1.25"
"2021/04/20","21:00","0.508","-","1.02"
"2021/04/20","22:00","0.36","-","0.85"
"2021/04/20","23:00","0.303","-","0.75"
"2021/04/21","00:00","0.349","-","0.83"
"2021/04/21","01:00","0.498","-","1"
"2021/04/21","02:00","0.73","-","1.31"
"2021/04/21","03:00","0.977","-","1.57"
"2021/04/21","04:00","1.153","-","1.76"
"2021/04/21","05:00","1.219","-","1.83"
"2021/04/21","06:00","1.196","-","1.81"
"2021/04/21","07:00","1.107","-","1.7"
"2021/04/21","08:00","0.947","-","1.49"
"2021/04/21","09:00","0.729","-","1.26"
"2021/04/21","10:00","0.508","-","1.08"
"2021/04/21","11:00","0.346","-","0.96"
"2021/04/21","12:00","0.272","-","0.89"
"2021/04/21","13:00","0.302","-","0.97"
"2021/04/21","14:00","0.444","-","1.08"
"2021/04/21","15:00","0.667","-","1.6"
"2021/04/21","16:00","0.886","-","2.05"
"2021/04/21","17:00","1.025","-","1.89"
"2021/04/21","18:00","1.069","-","1.87"
"2021/04/21","19:00","1.033","-","1.72"
"2021/04/21","20:00","0.916","-","1.56"
"2021/04/21","21:00","0.724","-","1.16"
"2021/04/21","22:00","0.507","-","0.82"
"2021/04/21","23:00","0.342","-","0.47"
"2021/04/22","00:00","0.273","-","0.38"
"2021/04/22","01:00","0.313","-","0.19"
"2021/04/22","02:00","0.466","-","0.26"
"2021/04/22","03:00","0.711","-","0.39"
"2021/04/22","04:00","0.975","-","0.62"
"2021/04/22","05:00","1.168","-","0.81"
"2021/04/22","06:00","1.248","-","0.86"
"2021/04/22","07:00","1.231","-","0.77"
"2021/04/22","08:00","1.128","-","0.66"
"2021/04/22","09:00","0.939","-","0.51"
"2021/04/22","10:00","0.691","-","0.33"
"2021/04/22","11:00","0.45","-","0.22"
"2021/04/22","12:00","0.279","-","0.11"
"2021/04/22","13:00","0.208","-","0.07"
"2021/04/22","14:00","0.258","-","0.09"
"2021/04/22","15:00","0.438","-","0.35"
"2021/04/22","16:00","0.704","-","0.62"
"2021/04/22","17:00","0.96","-","0.91"
"2021/04/22","18:00","1.124","-","1.06"
"2021/04/22","19:00","1.175","-","1.06"
"2021/04/22","20:00","1.124","-","1.04"
"2021/04/22","21:00","0.973","-","0.85"
"2021/04/22","22:00","0.741","-","0.56"
"2021/04/22","23:00","0.492","-","0.25"
"2021/04/23","00:00","0.303","-","0.01"
"2021/04/23","01:00","0.216","-","-0.13"
"2021/04/23","02:00","0.249","-","-0.14"
"2021/04/23","03:00","0.413","-","-0.05"
"2021/04/23","04:00","0.687","-","0.19"
"2021/04/23","05:00","0.983","-","0.51"
"2021/04/23","06:00","1.201","-","0.75"
"2021/04/23","07:00","1.294","-","0.83"
"2021/04/23","08:00","1.271","-","0.75"
"2021/04/23","09:00","1.142","-","0.57"
"2021/04/23","10:00","0.916","-","0.34"
"2021/04/23","11:00","0.634","-","0.09"
"2021/04/23","12:00","0.374","-","-0.11"
"2021/04/23","13:00","0.196","-","-0.31"
"2021/04/23","14:00","0.134","-","-0.37"
"2021/04/23","15:00","0.216","-","-0.37"
"2021/04/23","16:00","0.45","-","-0.17"
"2021/04/23","17:00","0.775","-","0.14"
"2021/04/23","18:00","1.074","-","0.49"
"2021/04/23","19:00","1.256","-","0.66"
"2021/04/23","20:00","1.301","-","0.68"
"2021/04/23","21:00","1.22","-","0.59"
"2021/04/23","22:00","1.024","-","0.41"
"2021/04/23","23:00","0.746","-","0.14"
"2021/04/24","00:00","0.461","-","-0.11"
"2021/04/24","01:00","0.243","-","-0.33"
"2021/04/24","02:00","0.136","-","-0.45"
"2021/04/24","03:00","0.168","-","-0.43"
"2021/04/24","04:00","0.357","-","-0.27"
"2021/04/24","05:00","0.672","-","0.06"
"2021/04/24","06:00","1.006","-","0.37"
"2021/04/24","07:00","1.246","-","0.62"
"2021/04/24","08:00","1.341","-","0.74"
"2021/04/24","09:00","1.299","-","0.74"
"2021/04/24","10:00","1.136","-","0.62"
"2021/04/24","11:00","0.87","-","0.37"
"2021/04/24","12:00","0.559","-","0.06"
"2021/04/24","13:00","0.284","-","-0.21"
"2021/04/24","14:00","0.105","-","-0.39"
"2021/04/24","15:00","0.063","-","-0.46"
"2021/04/24","16:00","0.194","-","-0.36"
"2021/04/24","17:00","0.496","-","0"
"2021/04/24","18:00","0.884","-","0.4"
"2021/04/24","19:00","1.218","-","0.75"
"2021/04/24","20:00","1.404","-","0.99"
"2021/04/24","21:00","1.426","-","1.06"
"2021/04/24","22:00","1.304","-","1.08"
"2021/04/24","23:00","1.057","-","0.98"
"2021/04/25","00:00","0.734","-","0.84"
"2021/04/25","01:00","0.413","-","0.61"
"2021/04/25","02:00","0.168","-","0.37"
"2021/04/25","03:00","0.048","-","0.33"
"2021/04/25","04:00","0.09","-","0.46"
"2021/04/25","05:00","0.315","-","0.76"
"2021/04/25","06:00","0.675","-","1.23"
"2021/04/25","07:00","1.042","-","1.52"
"2021/04/25","08:00","1.289","-","1.77"
"2021/04/25","09:00","1.372","-","1.99"
"2021/04/25","10:00","1.303","-","1.85"
"2021/04/25","11:00","1.104","-","1.6"
"2021/04/25","12:00","0.804","-","1.13"
"2021/04/25","13:00","0.471","-","0.75"
"2021/04/25","14:00","0.189","-","0.42"
"2021/04/25","15:00","0.021","-","0.25"
"2021/04/25","16:00","0.016","-","0.25"
"2021/04/25","17:00","0.209","-","0.53"
"2021/04/25","18:00","0.582","-","1.01"
"2021/04/25","19:00","1.02","-","1.48"
"2021/04/25","20:00","1.371","-","1.86"
"2021/04/25","21:00","1.542","-","1.98"
"2021/04/25","22:00","1.53","-","2.02"
"2021/04/25","23:00","1.362","-","1.93"
"2021/04/26","00:00","1.069","-","1.66"
"2021/04/26","01:00","0.706","-","1.28"
"2021/04/26","02:00","0.355","-","0.91"
"2021/04/26","03:00","0.093","-","0.68"
"2021/04/26","04:00","-0.029","-","0.57"
"2021/04/26","05:00","0.035","-","0.56"
"2021/04/26","06:00","0.302","-","0.88"
"2021/04/26","07:00","0.699","-","1.3"
"2021/04/26","08:00","1.079","-","1.69"
"2021/04/26","09:00","1.317","-","1.87"
"2021/04/26","10:00","1.376","-","1.91"
"2021/04/26","11:00","1.277","-","1.8"
"2021/04/26","12:00","1.047","-","1.54"
"2021/04/26","13:00","0.723","-","1.16"
"2021/04/26","14:00","0.38","-","0.81"
"2021/04/26","15:00","0.104","-","0.51"
"2021/04/26","16:00","-0.038","-","0.36"
"2021/04/26","17:00","0.005","-","0.35"
"2021/04/26","18:00","0.263","-","0.66"
"2021/04/26","19:00","0.694","-","1.12"
"2021/04/26","20:00","1.161","-","1.58"
"2021/04/26","21:00","1.504","-","1.86"
"2021/04/26","22:00","1.646","-","1.97"
"2021/04/26","23:00","1.596","-","1.9"
"2021/04/27","00:00","1.388","-","1.78"
"2021/04/27","01:00","1.058","-","1.44"
"2021/04/27","02:00","0.669","-","1.06"
"2021/04/27","03:00","0.303","-","0.66"
"2021/04/27","04:00","0.038","-","0.38"
"2021/04/27","05:00","-0.073","-","0.29"
"2021/04/27","06:00","0.02","-","0.35"
"2021/04/27","07:00","0.32","-","0.68"
"2021/04/27","08:00","0.734","-","1.03"
"2021/04/27","09:00","1.106","-","1.39"
"2021/04/27","10:00","1.319","-","1.65"
"2021/04/27","11:00","1.35","-","1.72"
"2021/04/27","12:00","1.226","-","1.63"
"2021/04/27","13:00","0.973","-","1.37"
"2021/04/27","14:00","0.637","-","1.04"
"2021/04/27","15:00","0.299","-","0.7"
"2021/04/27","16:00","0.046","-","0.42"
"2021/04/27","17:00","-0.059","-","0.28"
"2021/04/27","18:00","0.034","-","0.33"
"2021/04/27","19:00","0.344","-","0.61"
"2021/04/27","20:00","0.81","-","1.15"
"2021/04/27","21:00","1.277","-","1.58"
"2021/04/27","22:00","1.593","-","1.89"
"2021/04/27","23:00","1.699","-","1.97"
"2021/04/28","00:00","1.616","-","1.91"
"2021/04/28","01:00","1.381","-","1.66"
"2021/04/28","02:00","1.032","-","1.28"
"2021/04/28","03:00","0.634","-","0.88"
"2021/04/28","04:00","0.273","-","0.5"
"2021/04/28","05:00","0.019","-","0.25"
"2021/04/28","06:00","-0.072","-","0.16"
"2021/04/28","07:00","0.044","-","0.25"
"2021/04/28","08:00","0.36","-","0.53"
"2021/04/28","09:00","0.768","-","0.96"
"2021/04/28","10:00","1.114","-","1.31"
"2021/04/28","11:00","1.294","-","1.5"
"2021/04/28","12:00","1.3","-","1.51"
"2021/04/28","13:00","1.158","-","1.36"
"2021/04/28","14:00","0.896","-","1.08"
"2021/04/28","15:00","0.565","-","0.71"
"2021/04/28","16:00","0.247","-","0.39"
"2021/04/28","17:00","0.026","-","0.12"
"2021/04/28","18:00","-0.04","-","0.09"
"2021/04/28","19:00","0.092","-","0.23"
"2021/04/28","20:00","0.432","-","0.63"
"2021/04/28","21:00","0.902","-","1.13"
"2021/04/28","22:00","1.346","-","1.55"
"2021/04/28","23:00","1.625","-","1.82"
"2021/04/29","00:00","1.698","-","1.89"
"2021/04/29","01:00","1.594","-","1.82"
"2021/04/29","02:00","1.348","-","1.56"
"2021/04/29","03:00","1","-","1.23"
"2021/04/29","04:00","0.615","-","0.85"
"2021/04/29","05:00","0.275","-","0.52"
"2021/04/29","06:00","0.042","-","0.29"
"2021/04/29","07:00","-0.032","-","0.23"
"2021/04/29","08:00","0.095","-","0.32"
"2021/04/29","09:00","0.408","-","0.62"
"2021/04/29","10:00","0.793","-","1.03"
"2021/04/29","11:00","1.102","-","1.37"
"2021/04/29","12:00","1.251","-","1.54"
"2021/04/29","13:00","1.238","-","1.51"
"2021/04/29","14:00","1.089","-","1.37"
"2021/04/29","15:00","0.832","-","1.06"
"2021/04/29","16:00","0.52","-","0.78"
"2021/04/29","17:00","0.235","-","0.47"
"2021/04/29","18:00","0.048","-","0.31"
"2021/04/29","19:00","0.01","-","0.22"
"2021/04/29","20:00","0.161","-","0.36"
"2021/04/29","21:00","0.504","-","0.8"
"2021/04/29","22:00","0.955","-","1.28"
"2021/04/29","23:00","1.36","-","1.73"
"2021/04/30","00:00","1.599","-","1.92"
"2021/04/30","01:00","1.649","-","1.94"
"2021/04/30","02:00","1.539","-","1.99"
"2021/04/30","03:00","1.301","-","1.92"
"2021/04/30","04:00","0.973","-","1.51"
"2021/04/30","05:00","0.619","-","1.06"
"2021/04/30","06:00","0.31","-","0.8"
"2021/04/30","07:00","0.097","-","0.63"
"2021/04/30","08:00","0.032","-","0.43"
"2021/04/30","09:00","0.157","-","0.53"
"2021/04/30","10:00","0.453","-","0.79"
"2021/04/30","11:00","0.806","-","1.17"
"2021/04/30","12:00","1.077","-","1.46"
"2021/04/30","13:00","1.199","-","1.52"
"2021/04/30","14:00","1.178","-","1.4"
"2021/04/30","15:00","1.036","-","1.25"
"2021/04/30","16:00","0.797","-","1.05"
"2021/04/30","17:00","0.514","-","0.86"
"2021/04/30","18:00","0.262","-","0.58"
"2021/04/30","19:00","0.101","-","0.32"
"2021/04/30","20:00","0.074","-","0.63"
"2021/04/30","21:00","0.222","-","0.47"
"2021/04/30","22:00","0.548","-","0.63"
"2021/04/30","23:00","0.964","-","1"
"2021/05/01","00:00","1.325","-","1.22"
"2021/05/01","01:00","1.529","-","1.41"
"2021/05/01","02:00","1.566","-","1.09"
"2021/05/01","03:00","1.465","-","0.93"
"2021/05/01","04:00","1.251","-","0.87"
"2021/05/01","05:00","0.958","-","0.69"
"2021/05/01","06:00","0.642","-","0.26"
"2021/05/01","07:00","0.362","-","-0.28"
"2021/05/01","08:00","0.164","-","-0.57"
"2021/05/01","09:00","0.099","-","-0.52"
"2021/05/01","10:00","0.215","-","-0.45"
"2021/05/01","11:00","0.489","-","-0.15"
"2021/05/01","12:00","0.808","-","0.13"
"2021/05/01","13:00","1.046","-","0.4"
"2021/05/01","14:00","1.152","-","0.5"
"2021/05/01","15:00","1.135","-","0.49"
"2021/05/01","16:00","1.01","-","0.43"
"2021/05/01","17:00","0.797","-","0.23"
"2021/05/01","18:00","0.546","-","0.01"
"2021/05/01","19:00","0.32","-","-0.27"
"2021/05/01","20:00","0.169","-","-0.4"
"2021/05/01","21:00","0.136","-","-0.34"
"2021/05/01","22:00","0.267","-","-0.17"
"2021/05/01","23:00","0.564","-","0.15"
"2021/05/02","00:00","0.938","-","0.57"
"2021/05/02","01:00","1.254","-","0.86"
"2021/05/02","02:00","1.431","-","1.03"
"2021/05/02","03:00","1.469","-","1.1"
"2021/05/02","04:00","1.39","-","1.09"
"2021/05/02","05:00","1.209","-","1.01"
"2021/05/02","06:00","0.953","-","0.83"
"2021/05/02","07:00","0.671","-","0.54"
"2021/05/02","08:00","0.413","-","0.27"
"2021/05/02","09:00","0.221","-","0.08"
"2021/05/02","10:00","0.154","-","0.05"
"2021/05/02","11:00","0.261","-","0.21"
"2021/05/02","12:00","0.515","-","0.5"
"2021/05/02","13:00","0.804","-","0.86"
"2021/05/02","14:00","1.019","-","1.09"
"2021/05/02","15:00","1.121","-","1.17"
"2021/05/02","16:00","1.119","-","1.16"
"2021/05/02","17:00","1.018","-","1.04"
"2021/05/02","18:00","0.831","-","0.85"
"2021/05/02","19:00","0.603","-","0.62"
"2021/05/02","20:00","0.39","-","0.39"
"2021/05/02","21:00","0.236","-","0.21"
"2021/05/02","22:00","0.188","-","0.15"
"2021/05/02","23:00","0.295","-","0.25"
"2021/05/03","00:00","0.558","-","0.49"
"2021/05/03","01:00","0.889","-","0.83"
"2021/05/03","02:00","1.167","-","1.13"
"2021/05/03","03:00","1.329","-","1.3"
"2021/05/03","04:00","1.377","-","1.35"
"2021/05/03","05:00","1.326","-","1.27"
"2021/05/03","06:00","1.176","-","1.13"
"2021/05/03","07:00","0.949","-","0.9"
"2021/05/03","08:00","0.69","-","0.65"
"2021/05/03","09:00","0.445","-","0.42"
"2021/05/03","10:00","0.257","-","0.24"
"2021/05/03","11:00","0.19","-","0.18"
"2021/05/03","12:00","0.293","-","0.28"
"2021/05/03","13:00","0.532","-","0.48"
"2021/05/03","14:00","0.801","-","0.81"
"2021/05/03","15:00","1.004","-","1.07"
"2021/05/03","16:00","1.115","-","1.25"
"2021/05/03","17:00","1.134","-","1.27"
"2021/05/03","18:00","1.055","-","1.18"
"2021/05/03","19:00","0.885","-","1"
"2021/05/03","20:00","0.667","-","0.81"
"2021/05/03","21:00","0.455","-","0.58"
"2021/05/03","22:00","0.291","-","0.51"
"2021/05/03","23:00","0.224","-","0.47"
"2021/05/04","00:00","0.307","-","0.62"
"2021/05/04","01:00","0.538","-","0.92"
"2021/05/04","02:00","0.833","-","1.22"
"2021/05/04","03:00","1.084","-","1.45"
"2021/05/04","04:00","1.242","-","1.6"
"2021/05/04","05:00","1.307","-","1.67"
"2021/05/04","06:00","1.278","-","1.68"
"2021/05/04","07:00","1.146","-","1.55"
"2021/05/04","08:00","0.933","-","1.34"
"2021/05/04","09:00","0.686","-","1.06"
"2021/05/04","10:00","0.449","-","0.86"
"2021/05/04","11:00","0.268","-","0.76"
"2021/05/04","12:00","0.208","-","0.69"
"2021/05/04","13:00","0.313","-","0.81"
"2021/05/04","14:00","0.547","-","1.04"
"2021/05/04","15:00","0.807","-","1.35"
"2021/05/04","16:00","1.014","-","1.56"
"2021/05/04","17:00","1.141","-","1.74"
"2021/05/04","18:00","1.178","-","1.77"
"2021/05/04","19:00","1.109","-","1.89"
"2021/05/04","20:00","0.941","-","1.87"
"2021/05/04","21:00","0.722","-","1.38"
"2021/05/04","22:00","0.503","-","1.2"
"2021/05/04","23:00","0.327","-","0.98"
"2021/05/05","00:00","0.244","-","0.86"
"2021/05/05","01:00","0.308","-","0.84"
"2021/05/05","02:00","0.515","-","1.17"
"2021/05/05","03:00","0.785","-","1.49"
"2021/05/05","04:00","1.022","-","1.8"
"2021/05/05","05:00","1.185","-","1.91"
"2021/05/05","06:00","1.264","-","1.99"
"2021/05/05","07:00","1.243","-","1.93"
"2021/05/05","08:00","1.112","-","1.81"
"2021/05/05","09:00","0.898","-","1.57"
"2021/05/05","10:00","0.655","-","1.34"
"2021/05/05","11:00","0.426","-","1.14"
"2021/05/05","12:00","0.256","-","0.98"
"2021/05/05","13:00","0.211","-","0.94"
"2021/05/05","14:00","0.33","-","1.07"
"2021/05/05","15:00","0.57","-","1.4"
"2021/05/05","16:00","0.836","-","1.67"
"2021/05/05","17:00","1.053","-","1.9"
"2021/05/05","18:00","1.195","-","2.09"
"2021/05/05","19:00","1.238","-","1.99"
"2021/05/05","20:00","1.162","-","1.92"
"2021/05/05","21:00","0.982","-","2.02"
"2021/05/05","22:00","0.752","-","1.74"
"2021/05/05","23:00","0.526","-","1.42"
"2021/05/06","00:00","0.339","-","1.06"
"2021/05/06","01:00","0.246","-","0.92"
"2021/05/06","02:00","0.301","-","0.88"
"2021/05/06","03:00","0.498","-","0.98"
"2021/05/06","04:00","0.758","-","1.09"
"2021/05/06","05:00","0.994","-","1.31"
"2021/05/06","06:00","1.163","-","1.52"
"2021/05/06","07:00","1.245","-","1.62"
"2021/05/06","08:00","1.213","-","1.58"
"2021/05/06","09:00","1.064","-","1.33"
"2021/05/06","10:00","0.841","-","1.11"
"2021/05/06","11:00","0.6","-","0.87"
"2021/05/06","12:00","0.381","-","0.67"
"2021/05/06","13:00","0.229","-","0.52"
"2021/05/06","14:00","0.209","-","0.45"
"2021/05/06","15:00","0.354","-","0.65"
"2021/05/06","16:00","0.615","-","0.89"
"2021/05/06","17:00","0.895","-","1.18"
"2021/05/06","18:00","1.124","-","1.36"
"2021/05/06","19:00","1.268","-","1.44"
"2021/05/06","20:00","1.298","-","1.46"
"2021/05/06","21:00","1.197","-","1.41"
"2021/05/06","22:00","0.994","-","1.26"
"2021/05/06","23:00","0.752","-","1.04"
"2021/05/07","00:00","0.517","-","0.81"
"2021/05/07","01:00","0.325","-","0.67"
"2021/05/07","02:00","0.231","-","0.65"
"2021/05/07","03:00","0.292","-","0.75"
"2021/05/07","04:00","0.497","-","0.98"
"2021/05/07","05:00","0.763","-","1.29"
"2021/05/07","06:00","1.003","-","1.61"
"2021/05/07","07:00","1.171","-","1.78"
"2021/05/07","08:00","1.236","-","1.86"
"2021/05/07","09:00","1.176","-","1.83"
"2021/05/07","10:00","0.999","-","1.69"
"2021/05/07","11:00","0.764","-","1.43"
"2021/05/07","12:00","0.526","-","1.18"
"2021/05/07","13:00","0.322","-","0.99"
"2021/05/07","14:00","0.198","-","0.88"
"2021/05/07","15:00","0.216","-","0.96"
"2021/05/07","16:00","0.402","-","1.13"
"2021/05/07","17:00","0.693","-","1.51"
"2021/05/07","18:00","0.988","-","1.48"
"2021/05/07","19:00","1.217","-","1.78"
"2021/05/07","20:00","1.344","-","1.94"
"2021/05/07","21:00","1.34","-","1.92"
"2021/05/07","22:00","1.201","-","1.81"
"2021/05/07","23:00","0.972","-","1.55"
"2021/05/08","00:00","0.716","-","1.23"
"2021/05/08","01:00","0.475","-","0.98"
"2021/05/08","02:00","0.285","-","0.75"
"2021/05/08","03:00","0.207","-","0.69"
"2021/05/08","04:00","0.294","-","0.79"
"2021/05/08","05:00","0.524","-","0.94"
"2021/05/08","06:00","0.803","-","1.21"
"2021/05/08","07:00","1.042","-","1.45"
"2021/05/08","08:00","1.193","-","1.61"
"2021/05/08","09:00","1.225","-","1.59"
"2021/05/08","10:00","1.125","-","1.57"
"2021/05/08","11:00","0.918","-","1.43"
"2021/05/08","12:00","0.672","-","1.34"
"2021/05/08","13:00","0.442","-","1.11"
"2021/05/08","14:00","0.26","-","0.89"
"2021/05/08","15:00","0.176","-","0.79"
"2021/05/08","16:00","0.249","-","0.83"
"2021/05/08","17:00","0.486","-","1.06"
"2021/05/08","18:00","0.807","-","1.41"
"2021/05/08","19:00","1.107","-","1.8"
"2021/05/08","20:00","1.316","-","1.97"
"2021/05/08","21:00","1.404","-","2.03"
"2021/05/08","22:00","1.352","-","2.04"
"2021/05/08","23:00","1.17","-","1.85"
"2021/05/09","00:00","0.914","-","1.56"
"2021/05/09","01:00","0.647","-","1.21"
"2021/05/09","02:00","0.408","-","0.93"
"2021/05/09","03:00","0.233","-","0.77"
"2021/05/09","04:00","0.19","-","0.7"
"2021/05/09","05:00","0.32","-","0.81"
"2021/05/09","06:00","0.582","-","1.09"
"2021/05/09","07:00","0.87","-","1.36"
"2021/05/09","08:00","1.094","-","1.6"
"2021/05/09","09:00","1.211","-","1.66"
"2021/05/09","10:00","1.2","-","1.63"
"2021/05/09","11:00","1.056","-","1.57"
"2021/05/09","12:00","0.822","-","1.33"
"2021/05/09","13:00","0.571","-","1.07"
"2021/05/09","14:00","0.355","-","0.86"
"2021/05/09","15:00","0.208","-","0.74"
"2021/05/09","16:00","0.18","-","0.76"
"2021/05/09","17:00","0.32","-","0.97"
"2021/05/09","18:00","0.609","-","1.37"
"2021/05/09","19:00","0.949","-","1.72"
"2021/05/09","20:00","1.231","-","2.03"
"2021/05/09","21:00","1.399","-","2.19"
"2021/05/09","22:00","1.434","-","2.21"
"2021/05/09","23:00","1.328","-","2.06"
"2021/05/10","00:00","1.105","-","1.81"
"2021/05/10","01:00","0.827","-","1.53"
"2021/05/10","02:00","0.555","-","1.32"
"2021/05/10","03:00","0.328","-","1.17"
"2021/05/10","04:00","0.188","-","1.05"
"2021/05/10","05:00","0.197","-","0.99"
"2021/05/10","06:00","0.379","-","1.1"
"2021/05/10","07:00","0.668","-","1.32"
"2021/05/10","08:00","0.948","-","1.66"
"2021/05/10","09:00","1.14","-","1.88"
"2021/05/10","10:00","1.212","-","1.91"
"2021/05/10","11:00","1.152","-","1.71"
"2021/05/10","12:00","0.968","-","1.42"
"2021/05/10","13:00","0.715","-","1.08"
"2021/05/10","14:00","0.467","-","0.84"
"2021/05/10","15:00","0.279","-","0.57"
"2021/05/10","16:00","0.182","-","0.41"
"2021/05/10","17:00","0.223","-","0.43"
"2021/05/10","18:00","0.432","-","0.54"
"2021/05/10","19:00","0.761","-","0.86"
"2021/05/10","20:00","1.096","-","1.17"
"2021/05/10","21:00","1.339","-","1.42"
"2021/05/10","22:00","1.45","-","1.49"
"2021/05/10","23:00","1.426","-","1.44"
"2021/05/11","00:00","1.268","-","1.31"
"2021/05/11","01:00","1.011","-","1.02"
"2021/05/11","02:00","0.72","-","0.69"
"2021/05/11","03:00","0.457","-","0.39"
"2021/05/11","04:00","0.259","-","0.23"
"2021/05/11","05:00","0.169","-","0.23"
"2021/05/11","06:00","0.24","-","0.31"
"2021/05/11","07:00","0.468","-","0.53"
"2021/05/11","08:00","0.765","-","0.84"
"2021/05/11","09:00","1.02","-","1.08"
"2021/05/11","10:00","1.166","-","1.25"
"2021/05/11","11:00","1.188","-","1.27"
"2021/05/11","12:00","1.082","-","1.21"
"2021/05/11","13:00","0.865","-","1"
"2021/05/11","14:00","0.603","-","0.79"
"2021/05/11","15:00","0.374","-","0.55"
"2021/05/11","16:00","0.227","-","0.41"
"2021/05/11","17:00","0.193","-","0.4"
"2021/05/11","18:00","0.307","-","0.55"
"2021/05/11","19:00","0.574","-","0.85"
"2021/05/11","20:00","0.92","-","1.17"
"2021/05/11","21:00","1.226","-","1.51"
"2021/05/11","22:00","1.412","-","1.71"
"2021/05/11","23:00","1.462","-","1.8"
"2021/05/12","00:00","1.381","-","1.81"
"2021/05/12","01:00","1.18","-","1.78"
"2021/05/12","02:00","0.9","-","1.49"
"2021/05/12","03:00","0.611","-","1.1"
"2021/05/12","04:00","0.373","-","0.78"
"2021/05/12","05:00","0.219","-","0.69"
"2021/05/12","06:00","0.189","-","0.59"
"2021/05/12","07:00","0.316","-","0.65"
"2021/05/12","08:00","0.573","-","0.76"
"2021/05/12","09:00","0.859","-","0.98"
"2021/05/12","10:00","1.071","-","1.2"
"2021/05/12","11:00","1.165","-","1.24"
"2021/05/12","12:00","1.138","-","1.16"
"2021/05/12","13:00","0.993","-","0.96"
"2021/05/12","14:00","0.756","-","0.72"
"2021/05/12","15:00","0.5","-","0.51"
"2021/05/12","16:00","0.303","-","0.27"
"2021/05/12","17:00","0.21","-","0.21"
"2021/05/12","18:00","0.243","-","0.24"
"2021/05/12","19:00","0.421","-","0.41"
"2021/05/12","20:00","0.725","-","0.7"
"2021/05/12","21:00","1.062","-","1.02"
"2021/05/12","22:00","1.32","-","1.19"
"2021/05/12","23:00","1.442","-","1.28"
"2021/05/13","00:00","1.433","-","1.28"
"2021/05/13","01:00","1.306","-","1.2"
"2021/05/13","02:00","1.074","-","1"
"2021/05/13","03:00","0.787","-","0.73"
"2021/05/13","04:00","0.518","-","0.48"
"2021/05/13","05:00","0.318","-","0.33"
"2021/05/13","06:00","0.217","-","0.28"
"2021/05/13","07:00","0.243","-","0.32"
"2021/05/13","08:00","0.413","-","0.44"
"2021/05/13","09:00","0.679","-","0.65"
"2021/05/13","10:00","0.935","-","0.95"
"2021/05/13","11:00","1.095","-","1.12"
"2021/05/13","12:00","1.138","-","1.14"
"2021/05/13","13:00","1.069","-","1.06"
"2021/05/13","14:00","0.895","-","0.86"
"2021/05/13","15:00","0.652","-","0.61"
"2021/05/13","16:00","0.417","-","0.37"
"2021/05/13","17:00","0.265","-","0.23"
"2021/05/13","18:00","0.23","-","0.16"
"2021/05/13","19:00","0.322","-","0.31"
"2021/05/13","20:00","0.547","-","0.59"
"2021/05/13","21:00","0.863","-","0.87"
"2021/05/13","22:00","1.171","-","1.12"
"2021/05/13","23:00","1.372","-","1.28"
"2021/05/14","00:00","1.433","-","1.35"
"2021/05/14","01:00","1.374","-","1.34"
"2021/05/14","02:00","1.212","-","1.21"
"2021/05/14","03:00","0.966","-","1"
"2021/05/14","04:00","0.689","-","0.75"
"2021/05/14","05:00","0.452","-","0.54"
"2021/05/14","06:00","0.298","-","0.4"
"2021/05/14","07:00","0.246","-","0.35"
"2021/05/14","08:00","0.318","-","0.44"
"2021/05/14","09:00","0.514","-","0.63"
"2021/05/14","10:00","0.771","-","0.9"
"2021/05/14","11:00","0.987","-","1.15"
"2021/05/14","12:00","1.096","-","1.3"
"2021/05/14","13:00","1.094","-","1.26"
"2021/05/14","14:00","0.992","-","1.12"
"2021/05/14","15:00","0.803","-","0.94"
"2021/05/14","16:00","0.568","-","0.72"
"2021/05/14","17:00","0.366","-","0.54"
"2021/05/14","18:00","0.261","-","0.47"
"2021/05/14","19:00","0.276","-","0.39"
"2021/05/14","20:00","0.413","-","0.52"
"2021/05/14","21:00","0.664","-","0.75"
"2021/05/14","22:00","0.975","-","1.07"
"2021/05/14","23:00","1.243","-","1.36"
"2021/05/15","00:00","1.385","-","1.49"
"2021/05/15","01:00","1.393","-","1.49"
"2021/05/15","02:00","1.296","-","1.39"
"2021/05/15","03:00","1.115","-","1.23"
"2021/05/15","04:00","0.869","-","0.98"
"2021/05/15","05:00","0.614","-","0.73"
"2021/05/15","06:00","0.414","-","0.52"
"2021/05/15","07:00","0.301","-","0.39"
"2021/05/15","08:00","0.29","-","0.36"
"2021/05/15","09:00","0.394","-","0.46"
"2021/05/15","10:00","0.603","-","0.66"
"2021/05/15","11:00","0.844","-","0.92"
"2021/05/15","12:00","1.019","-","1.13"
"2021/05/15","13:00","1.082","-","1.19"
"2021/05/15","14:00","1.043","-","1.14"
"2021/05/15","15:00","0.921","-","1"
"2021/05/15","16:00","0.729","-","0.81"
"2021/05/15","17:00","0.512","-","0.61"
"2021/05/15","18:00","0.345","-","0.47"
"2021/05/15","19:00","0.282","-","0.4"
"2021/05/15","20:00","0.334","-","0.47"
"2021/05/15","21:00","0.499","-","0.63"
"2021/05/15","22:00","0.761","-","0.9"
"2021/05/15","23:00","1.056","-","1.22"
"2021/05/16","00:00","1.281","-","1.4"
"2021/05/16","01:00","1.372","-","1.48"
"2021/05/16","02:00","1.338","-","1.47"
"2021/05/16","03:00","1.217","-","1.39"
"2021/05/16","04:00","1.027","-","1.23"
"2021/05/16","05:00","0.791","-","0.98"
"2021/05/16","06:00","0.561","-","0.75"
"2021/05/16","07:00","0.393","-","0.62"
"2021/05/16","08:00","0.312","-","0.56"
"2021/05/16","09:00","0.331","-","0.57"
"2021/05/16","10:00","0.46","-","0.7"
"2021/05/16","11:00","0.677","-","0.95"
"2021/05/16","12:00","0.9","-","1.2"
"2021/05/16","13:00","1.038","-","1.32"
"2021/05/16","14:00","1.064","-","1.31"
"2021/05/16","15:00","1.001","-","1.21"
"2021/05/16","16:00","0.869","-","1.05"
"2021/05/16","17:00","0.682","-","0.86"
"2021/05/16","18:00","0.485","-","0.7"
"2021/05/16","19:00","0.347","-","0.61"
"2021/05/16","20:00","0.312","-","0.58"
"2021/05/16","21:00","0.387","-","0.66"
"2021/05/16","22:00","0.568","-","0.87"
"2021/05/16","23:00","0.834","-","1.19"
"2021/05/17","00:00","1.109","-","1.45"
"2021/05/17","01:00","1.295","-","1.62"
"2021/05/17","02:00","1.343","-","1.65"
"2021/05/17","03:00","1.28","-","1.58"
"2021/05/17","04:00","1.147","-","1.4"
"2021/05/17","05:00","0.958","-","1.16"
"2021/05/17","06:00","0.732","-","0.94"
"2021/05/17","07:00","0.52","-","0.74"
"2021/05/17","08:00","0.374","-","0.55"
"2021/05/17","09:00","0.316","-","0.47"
"2021/05/17","10:00","0.359","-","0.52"
"2021/05/17","11:00","0.511","-","0.68"
"2021/05/17","12:00","0.736","-","0.89"
"2021/05/17","13:00","0.944","-","1.13"
"2021/05/17","14:00","1.053","-","1.21"
"2021/05/17","15:00","1.055","-","1.24"
"2021/05/17","16:00","0.979","-","1.16"
"2021/05/17","17:00","0.845","-","1"
"2021/05/17","18:00","0.663","-","0.81"
"2021/05/17","19:00","0.478","-","0.65"
"2021/05/17","20:00","0.357","-","0.53"
"2021/05/17","21:00","0.336","-","0.51"
"2021/05/17","22:00","0.424","-","0.58"
"2021/05/17","23:00","0.616","-","0.81"
"2021/05/18","00:00","0.882","-","1.06"
"2021/05/18","01:00","1.139","-","1.28"
"2021/05/18","02:00","1.292","-","1.43"
"2021/05/18","03:00","1.311","-","1.44"
"2021/05/18","04:00","1.234","-","1.41"
"2021/05/18","05:00","1.097","-","1.24"
"2021/05/18","06:00","0.907","-","1.05"
"2021/05/18","07:00","0.683","-","0.82"
"2021/05/18","08:00","0.479","-","0.66"
"2021/05/18","09:00","0.345","-","0.49"
"2021/05/18","10:00","0.305","-","0.47"
"2021/05/18","11:00","0.372","-","0.51"
"2021/05/18","12:00","0.55","-","0.72"
"2021/05/18","13:00","0.786","-","0.91"
"2021/05/18","14:00","0.985","-","1.09"
"2021/05/18","15:00","1.078","-","1.15"
"2021/05/18","16:00","1.067","-","1.15"
"2021/05/18","17:00","0.988","-","1.07"
"2021/05/18","18:00","0.85","-","0.88"
"2021/05/18","19:00","0.665","-","0.7"
"2021/05/18","20:00","0.48","-","0.51"
"2021/05/18","21:00","0.362","-","0.41"
"2021/05/18","22:00","0.345","-","0.41"
"2021/05/18","23:00","0.439","-","0.51"
"2021/05/19","00:00","0.638","-","0.7"
"2021/05/19","01:00","0.905","-","0.92"
"2021/05/19","02:00","1.147","-","1.15"
"2021/05/19","03:00","1.28","-","1.26"
"2021/05/19","04:00","1.286","-","1.32"
"2021/05/19","05:00","1.205","-","1.24"
"2021/05/19","06:00","1.065","-","1.09"
"2021/05/19","07:00","0.867","-","0.84"
"2021/05/19","08:00","0.636","-","0.61"
"2021/05/19","09:00","0.431","-","0.39"
"2021/05/19","10:00","0.304","-","0.26"
"2021/05/19","11:00","0.281","-","0.22"
"2021/05/19","12:00","0.375","-","0.27"
"2021/05/19","13:00","0.581","-","0.44"
"2021/05/19","14:00","0.833","-","0.63"
"2021/05/19","15:00","1.034","-","0.83"
"2021/05/19","16:00","1.123","-","0.93"
"2021/05/19","17:00","1.112","-","0.93"
"2021/05/19","18:00","1.029","-","0.81"
"2021/05/19","19:00","0.879","-","0.61"
"2021/05/19","20:00","0.676","-","0.42"
"2021/05/19","21:00","0.479","-","0.25"
"2021/05/19","22:00","0.353","-","0.13"
"2021/05/19","23:00","0.333","-","0.08"
"2021/05/20","00:00","0.428","-","0.18"
"2021/05/20","01:00","0.633","-","0.38"
"2021/05/20","02:00","0.902","-","0.66"
"2021/05/20","03:00","1.14","-","0.88"
"2021/05/20","04:00","1.267","-","1.01"
"2021/05/20","05:00","1.274","-","1.07"
"2021/05/20","06:00","1.194","-","1.02"
"2021/05/20","07:00","1.046","-","0.89"
"2021/05/20","08:00","0.83","-","0.68"
"2021/05/20","09:00","0.583","-","0.48"
"2021/05/20","10:00","0.372","-","0.31"
"2021/05/20","11:00","0.253","-","0.19"
"2021/05/20","12:00","0.248","-","0.22"
"2021/05/20","13:00","0.372","-","0.4"
"2021/05/20","14:00","0.61","-","0.65"
"2021/05/20","15:00","0.888","-","0.94"
"2021/05/20","16:00","1.102","-","1.13"
"2021/05/20","17:00","1.199","-","1.23"
"2021/05/20","18:00","1.189","-","1.25"
"2021/05/20","19:00","1.095","-","1.18"
"2021/05/20","20:00","0.92","-","1.08"
"2021/05/20","21:00","0.688","-","0.93"
"2021/05/20","22:00","0.468","-","0.76"
"2021/05/20","23:00","0.328","-","0.65"
"2021/05/21","00:00","0.298","-","0.65"
"2021/05/21","01:00","0.39","-","0.82"
"2021/05/21","02:00","0.6","-","1.1"
"2021/05/21","03:00","0.878","-","1.38"
"2021/05/21","04:00","1.126","-","1.61"
"2021/05/21","05:00","1.261","-","1.74"
"2021/05/21","06:00","1.276","-","1.81"
"2021/05/21","07:00","1.196","-","1.79"
"2021/05/21","08:00","1.03","-","1.61"
"2021/05/21","09:00","0.788","-","1.36"
"2021/05/21","10:00","0.522","-","1.09"
"2021/05/21","11:00","0.308","-","0.86"
"2021/05/21","12:00","0.196","-","0.75"
"2021/05/21","13:00","0.211","-","0.73"
"2021/05/21","14:00","0.368","-","0.86"
"2021/05/21","15:00","0.646","-","1.1"
"2021/05/21","16:00","0.958","-","1.38"
"2021/05/21","17:00","1.196","-","1.59"
"2021/05/21","18:00","1.305","-","1.71"
"2021/05/21","19:00","1.292","-","1.73"
"2021/05/21","20:00","1.175","-","1.6"
"2021/05/21","21:00","0.962","-","1.37"
"2021/05/21","22:00","0.694","-","1.06"
"2021/05/21","23:00","0.446","-","0.77"
"2021/05/22","00:00","0.285","-","0.57"
"2021/05/22","01:00","0.239","-","0.47"
"2021/05/22","02:00","0.326","-","0.51"
"2021/05/22","03:00","0.547","-","0.76"
"2021/05/22","04:00","0.845","-","0.99"
"2021/05/22","05:00","1.113","-","1.22"
"2021/05/22","06:00","1.265","-","1.37"
"2021/05/22","07:00","1.288","-","1.37"
"2021/05/22","08:00","1.199","-","1.27"
"2021/05/22","09:00","1.008","-","1.05"
"2021/05/22","10:00","0.739","-","0.77"
"2021/05/22","11:00","0.457","-","0.51"
"2021/05/22","12:00","0.24","-","0.28"
"2021/05/22","13:00","0.137","-","0.14"
"2021/05/22","14:00","0.174","-","0.14"
"2021/05/22","15:00","0.37","-","0.33"
"2021/05/22","16:00","0.696","-","0.66"
"2021/05/22","17:00","1.051","-","0.99"
"2021/05/22","18:00","1.316","-","1.24"
"2021/05/22","19:00","1.431","-","1.35"
"2021/05/22","20:00","1.404","-","1.34"
"2021/05/22","21:00","1.253","-","1.23"
"2021/05/22","22:00","0.996","-","0.96"
"2021/05/22","23:00","0.69","-","0.66"
"2021/05/23","00:00","0.412","-","0.37"
"2021/05/23","01:00","0.226","-","0.17"
"2021/05/23","02:00","0.162","-","0.09"
"2021/05/23","03:00","0.248","-","0.15"
"2021/05/23","04:00","0.488","-","0.4"
"2021/05/23","05:00","0.817","-","0.73"
"2021/05/23","06:00","1.111","-","1.03"
"2021/05/23","07:00","1.278","-","1.19"
"2021/05/23","08:00","1.3","-","1.23"
"2021/05/23","09:00","1.195","-","1.14"
"2021/05/23","10:00","0.976","-","0.92"
"2021/05/23","11:00","0.683","-","0.63"
"2021/05/23","12:00","0.389","-","0.34"
"2021/05/23","13:00","0.172","-","0.14"
"2021/05/23","14:00","0.078","-","0.01"
"2021/05/23","15:00","0.142","-","0.09"
"2021/05/23","16:00","0.385","-","0.38"
"2021/05/23","17:00","0.766","-","0.84"
"2021/05/23","18:00","1.164","-","1.27"
"2021/05/23","19:00","1.447","-","1.56"
"2021/05/23","20:00","1.557","-","1.67"
"2021/05/23","21:00","1.506","-","1.65"
"2021/05/23","22:00","1.315","-","1.49"
"2021/05/23","23:00","1.017","-","1.19"
"2021/05/24","00:00","0.675","-","0.85"
"2021/05/24","01:00","0.37","-","0.57"
"2021/05/24","02:00","0.158","-","0.35"
"2021/05/24","03:00","0.08","-","0.29"
"2021/05/24","04:00","0.174","-","0.46"
"2021/05/24","05:00","0.444","-","0.71"
"2021/05/24","06:00","0.806","-","1.04"
"2021/05/24","07:00","1.12","-","1.4"
"2021/05/24","08:00","1.292","-","1.61"
"2021/05/24","09:00","1.305","-","1.66"
"2021/05/24","10:00","1.178","-","1.56"
"2021/05/24","11:00","0.934","-","1.34"
"2021/05/24","12:00","0.622","-","1.1"
"2021/05/24","13:00","0.321","-","0.88"
"2021/05/24","14:00","0.107","-","0.62"
"2021/05/24","15:00","0.027","-","0.52"
"2021/05/24","16:00","0.125","-","0.62"
"2021/05/24","17:00","0.42","-","1.02"
"2021/05/24","18:00","0.853","-","1.46"
"2021/05/24","19:00","1.281","-","1.92"
"2021/05/24","20:00","1.568","-","2.13"
"2021/05/24","21:00","1.661","-","2.19"
"2021/05/24","22:00","1.58","-","2.15"
"2021/05/24","23:00","1.353","-","2"
"2021/05/25","00:00","1.021","-","1.7"
"2021/05/25","01:00","0.652","-","1.34"
"2021/05/25","02:00","0.323","-","1.05"
"2021/05/25","03:00","0.093","-","0.8"
"2021/05/25","04:00","0.012","-","0.71"
"2021/05/25","05:00","0.126","-","0.77"
"2021/05/25","06:00","0.429","-","1.08"
"2021/05/25","07:00","0.816","-","1.48"
"2021/05/25","08:00","1.137","-","1.81"
"2021/05/25","09:00","1.299","-","2"
"2021/05/25","10:00","1.295","-","2"
"2021/05/25","11:00","1.148","-","1.85"
"2021/05/25","12:00","0.885","-","1.6"
"2021/05/25","13:00","0.561","-","1.26"
"2021/05/25","14:00","0.259","-","0.91"
"2021/05/25","15:00","0.052","-","0.66"
"2021/05/25","16:00","-0.007","-","0.54"
"2021/05/25","17:00","0.13","-","0.56"
"2021/05/25","18:00","0.475","-","0.91"
"2021/05/25","19:00","0.945","-","1.39"
"2021/05/25","20:00","1.383","-","1.83"
"2021/05/25","21:00","1.655","-","2.11"
"2021/05/25","22:00","1.724","-","2.14"
"2021/05/25","23:00","1.616","-","2.07"
"2021/05/26","00:00","1.363","-","1.85"
"2021/05/26","01:00","1.008","-","1.5"
"2021/05/26","02:00","0.622","-","1.08"
"2021/05/26","03:00","0.282","-","0.72"
"2021/05/26","04:00","0.048","-","0.5"
"2021/05/26","05:00","-0.024","-","0.43"
"2021/05/26","06:00","0.116","-","0.48"
"2021/05/26","07:00","0.445","-","0.74"
"2021/05/26","08:00","0.841","-","1.17"
"2021/05/26","09:00","1.151","-","1.46"
"2021/05/26","10:00","1.295","-","1.63"
"2021/05/26","11:00","1.272","-","1.58"
"2021/05/26","12:00","1.109","-","1.39"
"2021/05/26","13:00","0.833","-","1.06"
"2021/05/26","14:00","0.506","-","0.74"
"2021/05/26","15:00","0.211","-","0.43"
"2021/05/26","16:00","0.019","-","0.21"
"2021/05/26","17:00","-0.014","-","0.11"
"2021/05/26","18:00","0.16","-","0.23"
"2021/05/26","19:00","0.539","-","0.67"
"2021/05/26","20:00","1.024","-","1.16"
"2021/05/26","21:00","1.449","-","1.58"
"2021/05/26","22:00","1.695","-","1.8"
"2021/05/26","23:00","1.738","-","1.83"
"2021/05/27","00:00","1.611","-","1.81"
"2021/05/27","01:00","1.343","-","1.55"
"2021/05/27","02:00","0.981","-","1.15"
"2021/05/27","03:00","0.594","-","0.69"
"2021/05/27","04:00","0.258","-","0.37"
"2021/05/27","05:00","0.034","-","0.13"
"2021/05/27","06:00","-0.019","-","0.03"
"2021/05/27","07:00","0.143","-","0.04"
"2021/05/27","08:00","0.484","-","0.38"
"2021/05/27","09:00","0.871","-","0.78"
"2021/05/27","10:00","1.158","-","1.12"
"2021/05/27","11:00","1.279","-","1.24"
"2021/05/27","12:00","1.241","-","1.18"
"2021/05/27","13:00","1.067","-","1.01"
"2021/05/27","14:00","0.788","-","0.69"
"2021/05/27","15:00","0.467","-","0.39"
"2021/05/27","16:00","0.188","-","0.09"
"2021/05/27","17:00","0.017","-","-0.11"
"2021/05/27","18:00","0.01","-","-0.11"
"2021/05/27","19:00","0.208","-","0.15"
"2021/05/27","20:00","0.6","-","0.58"
"2021/05/27","21:00","1.073","-","1.07"
"2021/05/27","22:00","1.468","-","1.45"
"2021/05/27","23:00","1.681","-","1.6"
"2021/05/28","00:00","1.705","-","1.63"
"2021/05/28","01:00","1.569","-","1.55"
"2021/05/28","02:00","1.3","-","1.32"
"2021/05/28","03:00","0.945","-","1.01"
"2021/05/28","04:00","0.574","-","0.61"
"2021/05/28","05:00","0.258","-","0.33"
"2021/05/28","06:00","0.053","-","0.15"
"2021/05/28","07:00","0.019","-","0.13"
"2021/05/28","08:00","0.195","-","0.33"
"2021/05/28","09:00","0.533","-","0.71"
"2021/05/28","10:00","0.897","-","1.09"
"2021/05/28","11:00","1.154","-","1.39"
"2021/05/28","12:00","1.254","-","1.54"
"2021/05/28","13:00","1.207","-","1.49"
"2021/05/28","14:00","1.032","-","1.37"
"2021/05/28","15:00","0.759","-","1.16"
"2021/05/28","16:00","0.455","-","0.87"
"2021/05/28","17:00","0.198","-","0.62"
"2021/05/28","18:00","0.049","-","0.53"
"2021/05/28","19:00","0.057","-","0.56"
"2021/05/28","20:00","0.261","-","0.7"
"2021/05/28","21:00","0.643","-","1.37"
"2021/05/28","22:00","1.087","-","1.7"
"2021/05/28","23:00","1.441","-","2.05"
"2021/05/29","00:00","1.623","-","2.21"
"2021/05/29","01:00","1.634","-","2.34"
"2021/05/29","02:00","1.499","-","2.31"
"2021/05/29","03:00","1.242","-","2.18"
"2021/05/29","04:00","0.908","-","1.83"
"2021/05/29","05:00","0.566","-","1.49"
"2021/05/29","06:00","0.277","-","1.26"
"2021/05/29","07:00","0.093","-","1.13"
"2021/05/29","08:00","0.074","-","1.11"
"2021/05/29","09:00","0.254","-","1.25"
"2021/05/29","10:00","0.578","-","1.7"
"2021/05/29","11:00","0.914","-","2.14"
"2021/05/29","12:00","1.144","-","2.52"
"2021/05/29","13:00","1.229","-","2.68"
"2021/05/29","14:00","1.179","-","2.67"
"2021/05/29","15:00","1.011","-","2.63"
"2021/05/29","16:00","0.754","-","2.42"
"2021/05/29","17:00","0.474","-","2.1"
"2021/05/29","18:00","0.241","-","1.87"
"2021/05/29","19:00","0.106","-","1.68"
"2021/05/29","20:00","0.116","-","1.7"
"2021/05/29","21:00","0.311","-","2"
"2021/05/29","22:00","0.667","-","2.42"
"2021/05/29","23:00","1.068","-","2.92"
"2021/05/30","00:00","1.38","-","3.25"
"2021/05/30","01:00","1.535","-","3.34"
"2021/05/30","02:00","1.54","-","3.29"
"2021/05/30","03:00","1.414","-","3.25"
"2021/05/30","04:00","1.178","-","3.06"
"2021/05/30","05:00","0.875","-","2.82"
"2021/05/30","06:00","0.567","-","2.41"
"2021/05/30","07:00","0.305","-","2.13"
"2021/05/30","08:00","0.139","-","1.92"
"2021/05/30","09:00","0.129","-","1.8"
"2021/05/30","10:00","0.308","-","1.88"
"2021/05/30","11:00","0.617","-","2.11"
"2021/05/30","12:00","0.925","-","2.43"
"2021/05/30","13:00","1.131","-","2.57"
"2021/05/30","14:00","1.208","-","2.69"
"2021/05/30","15:00","1.164","-","2.56"
"2021/05/30","16:00","1.01","-","2.38"
"2021/05/30","17:00","0.775","-","2.04"
"2021/05/30","18:00","0.52","-","1.77"
"2021/05/30","19:00","0.305","-","1.48"
"2021/05/30","20:00","0.174","-","1.31"
"2021/05/30","21:00","0.175","-","1.27"
"2021/05/30","22:00","0.35","-","1.4"
"2021/05/30","23:00","0.673","-","1.73"
"2021/05/31","00:00","1.03","-","2.05"
"2021/05/31","01:00","1.3","-","2.31"
"2021/05/31","02:00","1.434","-","2.4"
"2021/05/31","03:00","1.439","-","2.4"
"2021/05/31","04:00","1.328","-","2.3"
"2021/05/31","05:00","1.116","-","2.04"
"2021/05/31","06:00","0.844","-","1.72"
"2021/05/31","07:00","0.566","-","1.35"
"2021/05/31","08:00","0.327","-","1.06"
"2021/05/31","09:00","0.175","-","0.87"
"2021/05/31","10:00","0.175","-","0.83"
"2021/05/31","11:00","0.355","-","0.97"
"2021/05/31","12:00","0.649","-","1.33"
"2021/05/31","13:00","0.934","-","1.64"
"2021/05/31","14:00","1.123","-","1.85"
"2021/05/31","15:00","1.199","-","1.89"
"2021/05/31","16:00","1.167","-","1.82"
"2021/05/31","17:00","1.03","-","1.65"
"2021/05/31","18:00","0.815","-","1.4"
"2021/05/31","19:00","0.58","-","1.13"
"2021/05/31","20:00","0.374","-","0.89"
"2021/05/31","21:00","0.239","-","0.75"
"2021/05/31","22:00","0.226","-","0.66"
"2021/05/31","23:00","0.38","-","0.78"
"2021/06/01","00:00","0.668","-","1.05"
"2021/06/01","01:00","0.982","-","1.38"
"2021/06/01","02:00","1.216","-","1.62"
"2021/06/01","03:00","1.335","-","1.74"
"2021/06/01","04:00","1.345","-","1.74"
"2021/06/01","05:00","1.25","-","1.62"
"2021/06/01","06:00","1.059","-","1.38"
"2021/06/01","07:00","0.81","-","1.08"
"2021/06/01","08:00","0.554","-","0.81"
"2021/06/01","09:00","0.333","-","0.59"
"2021/06/01","10:00","0.198","-","0.49"
"2021/06/01","11:00","0.212","-","0.45"
"2021/06/01","12:00","0.397","-","0.57"
"2021/06/01","13:00","0.68","-","0.81"
"2021/06/01","14:00","0.946","-","1.11"
"2021/06/01","15:00","1.126","-","1.31"
"2021/06/01","16:00","1.207","-","1.39"
"2021/06/01","17:00","1.187","-","1.37"
"2021/06/01","18:00","1.064","-","1.27"
"2021/06/01","19:00","0.862","-","1.07"
"2021/06/01","20:00","0.636","-","0.78"
"2021/06/01","21:00","0.432","-","0.6"
"2021/06/01","22:00","0.29","-","0.5"
"2021/06/01","23:00","0.266","-","0.46"
"2021/06/02","00:00","0.401","-","0.56"
"2021/06/02","01:00","0.659","-","0.85"
"2021/06/02","02:00","0.935","-","1.16"
"2021/06/02","03:00","1.142","-","1.4"
"2021/06/02","04:00","1.253","-","1.49"
"2021/06/02","05:00","1.269","-","1.52"
"2021/06/02","06:00","1.184","-","1.43"
"2021/06/02","07:00","1.002","-","1.25"
"2021/06/02","08:00","0.766","-","1.02"
"2021/06/02","09:00","0.527","-","0.78"
"2021/06/02","10:00","0.324","-","0.61"
"2021/06/02","11:00","0.21","-","0.55"
"2021/06/02","12:00","0.245","-","0.59"
"2021/06/02","13:00","0.439","-","0.79"
"2021/06/02","14:00","0.715","-","1.11"
"2021/06/02","15:00","0.968","-","1.38"
"2021/06/02","16:00","1.145","-","1.55"
"2021/06/02","17:00","1.233","-","1.6"
"2021/06/02","18:00","1.22","-","1.64"
"2021/06/02","19:00","1.099","-","1.5"
"2021/06/02","20:00","0.898","-","1.25"
"2021/06/02","21:00","0.673","-","1.06"
"2021/06/02","22:00","0.468","-","0.88"
"2021/06/02","23:00","0.323","-","0.78"
"2021/06/03","00:00","0.293","-","0.74"
"2021/06/03","01:00","0.415","-","0.91"
"2021/06/03","02:00","0.648","-","1.18"
"2021/06/03","03:00","0.897","-","1.46"
"2021/06/03","04:00","1.086","-","1.7"
"2021/06/03","05:00","1.195","-","1.79"
"2021/06/03","06:00","1.214","-","1.84"
"2021/06/03","07:00","1.126","-","1.79"
"2021/06/03","08:00","0.941","-","1.59"
"2021/06/03","09:00","0.711","-","1.35"
"2021/06/03","10:00","0.486","-","1.08"
"2021/06/03","11:00","0.306","-","0.97"
"2021/06/03","12:00","0.219","-","0.87"
"2021/06/03","13:00","0.279","-","0.87"
"2021/06/03","14:00","0.486","-","1.06"
"2021/06/03","15:00","0.76","-","1.36"
"2021/06/03","16:00","1.008","-","1.57"
"2021/06/03","17:00","1.185","-","1.72"
"2021/06/03","18:00","1.274","-","1.74"
"2021/06/03","19:00","1.256","-","1.71"
"2021/06/03","20:00","1.122","-","1.57"
"2021/06/03","21:00","0.912","-","1.39"
"2021/06/03","22:00","0.684","-","1.08"
"2021/06/03","23:00","0.479","-","0.92"
"2021/06/04","00:00","0.334","-","0.9"
"2021/06/04","01:00","0.304","-","0.97"
"2021/06/04","02:00","0.421","-","1.07"
"2021/06/04","03:00","0.64","-","1.3"
"2021/06/04","04:00","0.874","-","1.5"
"2021/06/04","05:00","1.056","-","1.71"
"2021/06/04","06:00","1.163","-","1.72"
"2021/06/04","07:00","1.174","-","1.68"
"2021/06/04","08:00","1.071","-","1.51"
"2021/06/04","09:00","0.875","-","1.31"
"2021/06/04","10:00","0.647","-","1.05"
"2021/06/04","11:00","0.439","-","0.83"
"2021/06/04","12:00","0.284","-","0.71"
"2021/06/04","13:00","0.229","-","0.66"
"2021/06/04","14:00","0.319","-","0.66"
"2021/06/04","15:00","0.543","-","0.86"
"2021/06/04","16:00","0.822","-","1.16"
"2021/06/04","17:00","1.069","-","1.6"
"2021/06/04","18:00","1.243","-","1.63"
"2021/06/04","19:00","1.322","-","1.68"
"2021/06/04","20:00","1.282","-","1.7"
"2021/06/04","21:00","1.124","-","1.52"
"2021/06/04","22:00","0.899","-","1.18"
"2021/06/04","23:00","0.667","-","0.86"
"2021/06/05","00:00","0.464","-","0.63"
"2021/06/05","01:00","0.323","-","0.49"
"2021/06/05","02:00","0.3","-","0.48"
"2021/06/05","03:00","0.422","-","0.55"
"2021/06/05","04:00","0.642","-","0.8"
"2021/06/05","05:00","0.873","-","1.05"
"2021/06/05","06:00","1.052","-","1.25"
"2021/06/05","07:00","1.151","-","1.35"
"2021/06/05","08:00","1.142","-","1.34"
"2021/06/05","09:00","1.013","-","1.2"
"2021/06/05","10:00","0.803","-","0.99"
"2021/06/05","11:00","0.579","-","0.76"
"2021/06/05","12:00","0.39","-","0.57"
"2021/06/05","13:00","0.264","-","0.45"
"2021/06/05","14:00","0.243","-","0.43"
"2021/06/05","15:00","0.369","-","0.55"
"2021/06/05","16:00","0.618","-","0.86"
"2021/06/05","17:00","0.906","-","1.17"
"2021/06/05","18:00","1.151","-","1.39"
"2021/06/05","19:00","1.312","-","1.52"
"2021/06/05","20:00","1.365","-","1.56"
"2021/06/05","21:00","1.288","-","1.53"
"2021/06/05","22:00","1.1","-","1.38"
"2021/06/05","23:00","0.86","-","1.13"
"2021/06/06","00:00","0.624","-","0.86"
"2021/06/06","01:00","0.423","-","0.68"
"2021/06/06","02:00","0.292","-","0.59"
"2021/06/06","03:00","0.287","-","0.57"
"2021/06/06","04:00","0.43","-","0.68"
"2021/06/06","05:00","0.663","-","0.88"
"2021/06/06","06:00","0.897","-","1.14"
"2021/06/06","07:00","1.07","-","1.33"
"2021/06/06","08:00","1.149","-","1.39"
"2021/06/06","09:00","1.109","-","1.32"
"2021/06/06","10:00","0.95","-","1.16"
"2021/06/06","11:00","0.726","-","0.91"
"2021/06/06","12:00","0.509","-","0.7"
"2021/06/06","13:00","0.341","-","0.55"
"2021/06/06","14:00","0.246","-","0.46"
"2021/06/06","15:00","0.266","-","0.51"
"2021/06/06","16:00","0.435","-","0.7"
"2021/06/06","17:00","0.714","-","1.01"
"2021/06/06","18:00","1.011","-","1.31"
"2021/06/06","19:00","1.245","-","1.54"
"2021/06/06","20:00","1.378","-","1.67"
"2021/06/06","21:00","1.39","-","1.67"
"2021/06/06","22:00","1.271","-","1.56"
"2021/06/06","23:00","1.051","-","1.36"
"2021/06/07","00:00","0.797","-","1.06"
"2021/06/07","01:00","0.559","-","0.83"
"2021/06/07","02:00","0.364","-","0.66"
"2021/06/07","03:00","0.253","-","0.58"
"2021/06/07","04:00","0.281","-","0.59"
"2021/06/07","05:00","0.457","-","0.75"
"2021/06/07","06:00","0.709","-","0.98"
"2021/06/07","07:00","0.943","-","1.21"
"2021/06/07","08:00","1.097","-","1.38"
"2021/06/07","09:00","1.145","-","1.45"
"2021/06/07","10:00","1.067","-","1.35"
"2021/06/07","11:00","0.88","-","1.15"
"2021/06/07","12:00","0.646","-","0.91"
"2021/06/07","13:00","0.438","-","0.7"
"2021/06/07","14:00","0.292","-","0.52"
"2021/06/07","15:00","0.234","-","0.48"
"2021/06/07","16:00","0.305","-","0.59"
"2021/06/07","17:00","0.523","-","0.86"
"2021/06/07","18:00","0.832","-","1.18"
"2021/06/07","19:00","1.128","-","1.5"
"2021/06/07","20:00","1.335","-","1.68"
"2021/06/07","21:00","1.427","-","1.74"
"2021/06/07","22:00","1.391","-","1.68"
"2021/06/07","23:00","1.228","-","1.53"
"2021/06/08","00:00","0.981","-","1.27"
"2021/06/08","01:00","0.716","-","0.97"
"2021/06/08","02:00","0.479","-","0.77"
"2021/06/08","03:00","0.299","-","0.64"
"2021/06/08","04:00","0.221","-","0.58"
"2021/06/08","05:00","0.296","-","0.65"
"2021/06/08","06:00","0.511","-","0.81"
"2021/06/08","07:00","0.777","-","1"
"2021/06/08","08:00","0.998","-","1.25"
"2021/06/08","09:00","1.122","-","1.37"
"2021/06/08","10:00","1.13","-","1.4"
"2021/06/08","11:00","1.014","-","1.32"
"2021/06/08","12:00","0.801","-","1.14"
"2021/06/08","13:00","0.562","-","0.92"
"2021/06/08","14:00","0.367","-","0.71"
"2021/06/08","15:00","0.25","-","0.58"
"2021/06/08","16:00","0.237","-","0.57"
"2021/06/08","17:00","0.366","-","0.73"
"2021/06/08","18:00","0.635","-","1.05"
"2021/06/08","19:00","0.962","-","1.33"
"2021/06/08","20:00","1.24","-","1.58"
"2021/06/08","21:00","1.407","-","1.7"
"2021/06/08","22:00","1.448","-","1.76"
"2021/06/08","23:00","1.364","-","1.7"
"2021/06/09","00:00","1.163","-","1.49"
"2021/06/09","01:00","0.894","-","1.17"
"2021/06/09","02:00","0.623","-","0.89"
"2021/06/09","03:00","0.397","-","0.67"
"2021/06/09","04:00","0.245","-","0.53"
"2021/06/09","05:00","0.215","-","0.5"
"2021/06/09","06:00","0.344","-","0.57"
"2021/06/09","07:00","0.592","-","0.81"
"2021/06/09","08:00","0.857","-","1.14"
"2021/06/09","09:00","1.049","-","1.33"
"2021/06/09","10:00","1.133","-","1.43"
"2021/06/09","11:00","1.099","-","1.4"
"2021/06/09","12:00","0.947","-","1.26"
"2021/06/09","13:00","0.714","-","1.05"
"2021/06/09","14:00","0.477","-","0.77"
"2021/06/09","15:00","0.302","-","0.6"
"2021/06/09","16:00","0.222","-","0.45"
"2021/06/09","17:00","0.264","-","0.51"
"2021/06/09","18:00","0.454","-","0.66"
"2021/06/09","19:00","0.762","-","1.13"
"2021/06/09","20:00","1.089","-","1.46"
"2021/06/09","21:00","1.332","-","1.59"
"2021/06/09","22:00","1.448","-","1.67"
"2021/06/09","23:00","1.438","-","1.63"
"2021/06/10","00:00","1.31","-","1.45"
"2021/06/10","01:00","1.077","-","1.24"
"2021/06/10","02:00","0.795","-","0.96"
"2021/06/10","03:00","0.53","-","0.72"
"2021/06/10","04:00","0.326","-","0.62"
"2021/06/10","05:00","0.216","-","0.55"
"2021/06/10","06:00","0.243","-","0.61"
"2021/06/10","07:00","0.422","-","0.85"
"2021/06/10","08:00","0.689","-","1.11"
"2021/06/10","09:00","0.935","-","1.38"
"2021/06/10","10:00","1.087","-","1.58"
"2021/06/10","11:00","1.126","-","1.62"
"2021/06/10","12:00","1.052","-","1.56"
"2021/06/10","13:00","0.87","-","1.38"
"2021/06/10","14:00","0.625","-","1.14"
"2021/06/10","15:00","0.398","-","0.94"
"2021/06/10","16:00","0.252","-","0.83"
"2021/06/10","17:00","0.219","-","0.82"
"2021/06/10","18:00","0.32","-","1.04"
"2021/06/10","19:00","0.561","-","1.33"
"2021/06/10","20:00","0.89","-","1.68"
"2021/06/10","21:00","1.198","-","1.98"
"2021/06/10","22:00","1.393","-","2.11"
"2021/06/10","23:00","1.455","-","2.17"
"2021/06/11","00:00","1.399","-","2.12"
"2021/06/11","01:00","1.233","-","2.04"
"2021/06/11","02:00","0.978","-","1.83"
"2021/06/11","03:00","0.693","-","1.55"
"2021/06/11","04:00","0.446","-","1.39"
"2021/06/11","05:00","0.278","-","1.27"
"2021/06/11","06:00","0.219","-","1.27"
"2021/06/11","07:00","0.301","-","1.39"
"2021/06/11","08:00","0.517","-","1.64"
"2021/06/11","09:00","0.786","-","1.95"
"2021/06/11","10:00","1.001","-","2.19"
"2021/06/11","11:00","1.107","-","2.31"
"2021/06/11","12:00","1.103","-","2.36"
"2021/06/11","13:00","0.993","-","2.36"
"2021/06/11","14:00","0.789","-","2.15"
"2021/06/11","15:00","0.542","-","2.07"
"2021/06/11","16:00","0.336","-","1.84"
"2021/06/11","17:00","0.229","-","1.73"
"2021/06/11","18:00","0.246","-","1.77"
"2021/06/11","19:00","0.399","-","1.96"
"2021/06/11","20:00","0.676","-","2.3"
"2021/06/11","21:00","1.007","-","2.64"
"2021/06/11","22:00","1.279","-","2.94"
"2021/06/11","23:00","1.421","-","3.07"
"2021/06/12","00:00","1.432","-","3.17"
"2021/06/12","01:00","1.335","-","3.03"
"2021/06/12","02:00","1.14","-","2.77"
"2021/06/12","03:00","0.874","-","2.46"
"2021/06/12","04:00","0.599","-","2.2"
"2021/06/12","05:00","0.38","-","1.99"
"2021/06/12","06:00","0.255","-","1.84"
"2021/06/12","07:00","0.247","-","1.8"
"2021/06/12","08:00","0.376","-","1.88"
"2021/06/12","09:00","0.615","-","2.11"
"2021/06/12","10:00","0.872","-","2.4"
"2021/06/12","11:00","1.049","-","2.56"
"2021/06/12","12:00","1.111","-","2.58"
"2021/06/12","13:00","1.068","-","2.5"
"2021/06/12","14:00","0.93","-","2.35"
"2021/06/12","15:00","0.713","-","2.08"
"2021/06/12","16:00","0.476","-","1.86"
"2021/06/12","17:00","0.3","-","1.72"
"2021/06/12","18:00","0.235","-","1.68"
"2021/06/12","19:00","0.296","-","1.74"
"2021/06/12","20:00","0.488","-","1.95"
"2021/06/12","21:00","0.784","-","2.26"
"2021/06/12","22:00","1.101","-","2.52"
"2021/06/12","23:00","1.331","-","2.67"
"2021/06/13","00:00","1.421","-","2.7"
"2021/06/13","01:00","1.387","-","2.63"
"2021/06/13","02:00","1.256","-","2.48"
"2021/06/13","03:00","1.041","-","2.24"
"2021/06/13","04:00","0.773","-","1.96"
"2021/06/13","05:00","0.517","-","1.74"
"2021/06/13","06:00","0.333","-","1.65"
"2021/06/13","07:00","0.249","-","1.57"
"2021/06/13","08:00","0.286","-","1.6"
"2021/06/13","09:00","0.453","-","1.72"
"2021/06/13","10:00","0.706","-","2.02"
"2021/06/13","11:00","0.945","-","2.22"
"2021/06/13","12:00","1.084","-","2.36"
"2021/06/13","13:00","1.106","-","2.34"
"2021/06/13","14:00","1.031","-","2.22"
"2021/06/13","15:00","0.873","-","2"
"2021/06/13","16:00","0.653","-","1.74"
"2021/06/13","17:00","0.433","-","1.54"
"2021/06/13","18:00","0.289","-","1.33"
"2021/06/13","19:00","0.261","-","1.25"
"2021/06/13","20:00","0.356","-","1.32"
"2021/06/13","21:00","0.574","-","1.52"
"2021/06/13","22:00","0.876","-","1.85"
"2021/06/13","23:00","1.171","-","2.13"
"2021/06/14","00:00","1.357","-","2.25"
"2021/06/14","01:00","1.4","-","2.28"
"2021/06/14","02:00","1.328","-","2.24"
"2021/06/14","03:00","1.172","-","2.11"
"2021/06/14","04:00","0.944","-","1.89"
"2021/06/14","05:00","0.682","-","1.63"
"2021/06/14","06:00","0.449","-","1.45"
"2021/06/14","07:00","0.297","-","1.32"
"2021/06/14","08:00","0.251","-","1.24"
"2021/06/14","09:00","0.327","-","1.34"
"2021/06/14","10:00","0.525","-","1.53"
"2021/06/14","11:00","0.787","-","1.83"
"2021/06/14","12:00","1.008","-","2.06"
"2021/06/14","13:00","1.112","-","2.15"
"2021/06/14","14:00","1.101","-","2.09"
"2021/06/14","15:00","1.003","-","1.98"
"2021/06/14","16:00","0.832","-","1.8"
"2021/06/14","17:00","0.615","-","1.59"
"2021/06/14","18:00","0.414","-","1.43"
"2021/06/14","19:00","0.296","-","1.27"
"2021/06/14","20:00","0.293","-","1.26"
"2021/06/14","21:00","0.411","-","1.38"
"2021/06/14","22:00","0.645","-","1.63"
"2021/06/14","23:00","0.947","-","1.88"
"2021/06/15","00:00","1.217","-","2.11"
"2021/06/15","01:00","1.362","-","2.28"
"2021/06/15","02:00","1.364","-","2.47"
"2021/06/15","03:00","1.264","-","2.42"
"2021/06/15","04:00","1.09","-","2.35"
"2021/06/15","05:00","0.857","-","2"
"2021/06/15","06:00","0.603","-","1.67"
"2021/06/15","07:00","0.39","-","1.42"
"2021/06/15","08:00","0.265","-","1.34"
"2021/06/15","09:00","0.251","-","1.24"
"2021/06/15","10:00","0.364","-","1.32"
"2021/06/15","11:00","0.593","-","1.56"
"2021/06/15","12:00","0.863","-","1.82"
"2021/06/15","13:00","1.066","-","2.06"
"2021/06/15","14:00","1.142","-","2.04"
"2021/06/15","15:00","1.106","-","1.98"
"2021/06/15","16:00","0.991","-","1.83"
"2021/06/15","17:00","0.813","-","1.64"
"2021/06/15","18:00","0.599","-","1.39"
"2021/06/15","19:00","0.41","-","1.2"
"2021/06/15","20:00","0.308","-","1.09"
"2021/06/15","21:00","0.319","-","1.09"
"2021/06/15","22:00","0.45","-","1.21"
"2021/06/15","23:00","0.694","-","1.42"
"2021/06/16","00:00","0.993","-","1.69"
"2021/06/16","01:00","1.239","-","1.92"
"2021/06/16","02:00","1.349","-","1.99"
"2021/06/16","03:00","1.322","-","1.97"
"2021/06/16","04:00","1.203","-","1.88"
"2021/06/16","05:00","1.019","-","1.65"
"2021/06/16","06:00","0.782","-","1.4"
"2021/06/16","07:00","0.532","-","1.14"
"2021/06/16","08:00","0.334","-","0.95"
"2021/06/16","09:00","0.233","-","0.81"
"2021/06/16","10:00","0.25","-","0.84"
"2021/06/16","11:00","0.4","-","0.94"
"2021/06/16","12:00","0.659","-","1.22"
"2021/06/16","13:00","0.938","-","1.49"
"2021/06/16","14:00","1.126","-","1.68"
"2021/06/16","15:00","1.181","-","1.75"
"2021/06/16","16:00","1.13","-","1.73"
"2021/06/16","17:00","1.004","-","1.62"
"2021/06/16","18:00","0.817","-","1.44"
"2021/06/16","19:00","0.598","-","1.25"
"2021/06/16","20:00","0.411","-","1.05"
"2021/06/16","21:00","0.312","-","0.94"
"2021/06/16","22:00","0.328","-","0.94"
"2021/06/16","23:00","0.468","-","1.13"
"2021/06/17","00:00","0.719","-","1.41"
"2021/06/17","01:00","1.012","-","1.67"
"2021/06/17","02:00","1.237","-","1.81"
"2021/06/17","03:00","1.321","-","1.87"
"2021/06/17","04:00","1.278","-","1.89"
"2021/06/17","05:00","1.151","-","1.83"
"2021/06/17","06:00","0.96","-","1.59"
"2021/06/17","07:00","0.716","-","1.29"
"2021/06/17","08:00","0.468","-","1.05"
"2021/06/17","09:00","0.281","-","0.88"
"2021/06/17","10:00","0.201","-","0.78"
"2021/06/17","11:00","0.25","-","0.76"
"2021/06/17","12:00","0.438","-","0.91"
"2021/06/17","13:00","0.726","-","1.23"
"2021/06/17","14:00","1.013","-","1.51"
"2021/06/17","15:00","1.194","-","1.66"
"2021/06/17","16:00","1.238","-","1.72"
"2021/06/17","17:00","1.177","-","1.66"
"2021/06/17","18:00","1.04","-","1.48"
"2021/06/17","19:00","0.838","-","1.21"
"2021/06/17","20:00","0.604","-","0.96"
"2021/06/17","21:00","0.408","-","0.78"
"2021/06/17","22:00","0.304","-","0.66"
"2021/06/17","23:00","0.318","-","0.68"
"2021/06/18","00:00","0.461","-","0.86"
"2021/06/18","01:00","0.715","-","1.14"
"2021/06/18","02:00","1.003","-","1.39"
"2021/06/18","03:00","1.214","-","1.56"
"2021/06/18","04:00","1.287","-","1.61"
"2021/06/18","05:00","1.241","-","1.59"
"2021/06/18","06:00","1.112","-","1.47"
"2021/06/18","07:00","0.911","-","1.25"
"2021/06/18","08:00","0.657","-","1.02"
"2021/06/18","09:00","0.407","-","0.8"
"2021/06/18","10:00","0.231","-","0.59"
"2021/06/18","11:00","0.173","-","0.5"
"2021/06/18","12:00","0.254","-","0.56"
"2021/06/18","13:00","0.477","-","0.8"
"2021/06/18","14:00","0.793","-","1.13"
"2021/06/18","15:00","1.091","-","1.45"
"2021/06/18","16:00","1.272","-","1.63"
"2021/06/18","17:00","1.314","-","1.72"
"2021/06/18","18:00","1.247","-","1.71"
"2021/06/18","19:00","1.095","-","1.56"
"2021/06/18","20:00","0.868","-","1.27"
"2021/06/18","21:00","0.611","-","1.01"
"2021/06/18","22:00","0.398","-","0.83"
"2021/06/18","23:00","0.283","-","0.76"
"2021/06/19","00:00","0.29","-","0.75"
"2021/06/19","01:00","0.43","-","0.89"
"2021/06/19","02:00","0.685","-","1.12"
"2021/06/19","03:00","0.971","-","1.39"
"2021/06/19","04:00","1.179","-","1.56"
"2021/06/19","05:00","1.256","-","1.65"
"2021/06/19","06:00","1.215","-","1.62"
"2021/06/19","07:00","1.083","-","1.48"
"2021/06/19","08:00","0.87","-","1.26"
"2021/06/19","09:00","0.603","-","0.99"
"2021/06/19","10:00","0.352","-","0.78"
"2021/06/19","11:00","0.187","-","0.62"
"2021/06/19","12:00","0.15","-","0.54"
"2021/06/19","13:00","0.258","-","0.62"
"2021/06/19","14:00","0.514","-","0.83"
"2021/06/19","15:00","0.857","-","1.18"
"2021/06/19","16:00","1.172","-","1.47"
"2021/06/19","17:00","1.362","-","1.69"
"2021/06/19","18:00","1.406","-","1.73"
"2021/06/19","19:00","1.332","-","1.68"
"2021/06/19","20:00","1.157","-","1.48"
"2021/06/19","21:00","0.899","-","1.18"
"2021/06/19","22:00","0.616","-","0.85"
"2021/06/19","23:00","0.383","-","0.62"
"2021/06/20","00:00","0.25","-","0.5"
"2021/06/20","01:00","0.243","-","0.46"
"2021/06/20","02:00","0.377","-","0.54"
"2021/06/20","03:00","0.635","-","0.8"
"2021/06/20","04:00","0.928","-","1.09"
"2021/06/20","05:00","1.147","-","1.29"
"2021/06/20","06:00","1.235","-","1.35"
"2021/06/20","07:00","1.201","-","1.26"
"2021/06/20","08:00","1.063","-","1.15"
"2021/06/20","09:00","0.834","-","0.88"
"2021/06/20","10:00","0.555","-","0.59"
"2021/06/20","11:00","0.304","-","0.4"
"2021/06/20","12:00","0.149","-","0.28"
"2021/06/20","13:00","0.127","-","0.22"
"2021/06/20","14:00","0.258","-","0.41"
"2021/06/20","15:00","0.544","-","0.73"
"2021/06/20","16:00","0.918","-","1.12"
"2021/06/20","17:00","1.256","-","1.46"
"2021/06/20","18:00","1.459","-","1.63"
"2021/06/20","19:00","1.506","-","1.68"
"2021/06/20","20:00","1.419","-","1.66"
"2021/06/20","21:00","1.215","-","1.52"
"2021/06/20","22:00","0.926","-","1.29"
"2021/06/20","23:00","0.617","-","0.95"
"2021/06/21","00:00","0.363","-","0.72"
"2021/06/21","01:00","0.208","-","0.54"
"2021/06/21","02:00","0.182","-","0.53"
"2021/06/21","03:00","0.313","-","0.65"
"2021/06/21","04:00","0.582","-","0.97"
"2021/06/21","05:00","0.893","-","1.3"
"2021/06/21","06:00","1.128","-","1.6"
"2021/06/21","07:00","1.228","-","1.74"
"2021/06/21","08:00","1.196","-","1.76"
"2021/06/21","09:00","1.047","-","1.64"
"2021/06/21","10:00","0.801","-","1.34"
"2021/06/21","11:00","0.513","-","1.04"
"2021/06/21","12:00","0.263","-","0.78"
"2021/06/21","13:00","0.113","-","0.66"
"2021/06/21","14:00","0.099","-","0.6"
"2021/06/21","15:00","0.251","-","0.76"
"2021/06/21","16:00","0.57","-","1.17"
"2021/06/21","17:00","0.979","-","1.59"
"2021/06/21","18:00","1.34","-","1.95"
"2021/06/21","19:00","1.553","-","2.13"
"2021/06/21","20:00","1.597","-","2.21"
"2021/06/21","21:00","1.492","-","2.1"
"2021/06/21","22:00","1.261","-","1.88"
"2021/06/21","23:00","0.945","-","1.5"
"2021/06/22","00:00","0.614","-","1.19"
"2021/06/22","01:00","0.338","-","0.94"
"2021/06/22","02:00","0.159","-","0.84"
"2021/06/22","03:00","0.119","-","0.82"
"2021/06/22","04:00","0.255","-","0.94"
"2021/06/22","05:00","0.545","-","1.18"
"2021/06/22","06:00","0.878","-","1.5"
"2021/06/22","07:00","1.129","-","1.72"
"2021/06/22","08:00","1.234","-","1.81"
"2021/06/22","09:00","1.197","-","1.8"
"2021/06/22","10:00","1.034","-","1.6"
"2021/06/22","11:00","0.773","-","1.34"
"2021/06/22","12:00","0.477","-","1.29"
"2021/06/22","13:00","0.226","-","1.14"
"2021/06/22","14:00","0.076","-","1.04"
"2021/06/22","15:00","0.069","-","0.94"
"2021/06/22","16:00","0.243","-","0.84"
"2021/06/22","17:00","0.598","-","1.15"
"2021/06/22","18:00","1.038","-","1.56"
"2021/06/22","19:00","1.416","-","1.89"
"2021/06/22","20:00","1.63","-","1.96"
"2021/06/22","21:00","1.664","-","2.02"
"2021/06/22","22:00","1.54","-","1.97"
"2021/06/22","23:00","1.287","-","1.86"
"2021/06/23","00:00","0.951","-","1.35"
"2021/06/23","01:00","0.603","-","0.88"
"2021/06/23","02:00","0.307","-","0.55"
"2021/06/23","03:00","0.11","-","0.45"
"2021/06/23","04:00","0.067","-","0.45"
"2021/06/23","05:00","0.221","-","0.63"
"2021/06/23","06:00","0.538","-","1"
"2021/06/23","07:00","0.89","-","1.34"
"2021/06/23","08:00","1.146","-","1.63"
"2021/06/23","09:00","1.247","-","1.69"
"2021/06/23","10:00","1.199","-","1.71"
"2021/06/23","11:00","1.022","-","1.51"
"2021/06/23","12:00","0.749","-","1.2"
"2021/06/23","13:00","0.447","-","0.86"
"2021/06/23","14:00","0.192","-","0.62"
"2021/06/23","15:00","0.041","-","0.47"
"2021/06/23","16:00","0.044","-","0.47"
"2021/06/23","17:00","0.244","-","0.7"
"2021/06/23","18:00","0.631","-","1.16"
"2021/06/23","19:00","1.093","-","1.68"
"2021/06/23","20:00","1.473","-","2.06"
"2021/06/23","21:00","1.676","-","2.17"
"2021/06/23","22:00","1.695","-","2.16"
"2021/06/23","23:00","1.557","-","2.06"
"2021/06/24","00:00","1.288","-","1.81"
"2021/06/24","01:00","0.94","-","1.47"
"2021/06/24","02:00","0.581","-","1.12"
"2021/06/24","03:00","0.274","-","0.82"
"2021/06/24","04:00","0.072","-","0.67"
"2021/06/24","05:00","0.041","-","0.62"
"2021/06/24","06:00","0.222","-","0.74"
"2021/06/24","07:00","0.563","-","1.1"
"2021/06/24","08:00","0.923","-","1.51"
"2021/06/24","09:00","1.171","-","1.79"
"2021/06/24","10:00","1.261","-","1.87"
"2021/06/24","11:00","1.201","-","1.81"
"2021/06/24","12:00","1.012","-","1.65"
"2021/06/24","13:00","0.729","-","1.32"
"2021/06/24","14:00","0.422","-","1.02"
"2021/06/24","15:00","0.166","-","0.74"
"2021/06/24","16:00","0.02","-","0.63"
"2021/06/24","17:00","0.036","-","0.59"
"2021/06/24","18:00","0.262","-","0.82"
"2021/06/24","19:00","0.671","-","1.27"
"2021/06/24","20:00","1.135","-","1.74"
"2021/06/24","21:00","1.5","-","2.08"
"2021/06/24","22:00","1.684","-","2.2"
"2021/06/24","23:00","1.688","-","2.17"
"2021/06/25","00:00","1.538","-","2.08"
"2021/06/25","01:00","1.262","-","1.82"
"2021/06/25","02:00","0.909","-","1.5"
"2021/06/25","03:00","0.549","-","1.09"
"2021/06/25","04:00","0.245","-","0.79"
"2021/06/25","05:00","0.055","-","0.63"
"2021/06/25","06:00","0.048","-","0.57"
"2021/06/25","07:00","0.257","-","0.77"
"2021/06/25","08:00","0.612","-","1.15"
"2021/06/25","09:00","0.965","-","1.56"
"2021/06/25","10:00","1.196","-","1.81"
"2021/06/25","11:00","1.271","-","1.88"
"2021/06/25","12:00","1.201","-","1.84"
"2021/06/25","13:00","1.002","-","1.7"
"2021/06/25","14:00","0.714","-","1.4"
"2021/06/25","15:00","0.408","-","1.12"
"2021/06/25","16:00","0.159","-","0.82"
"2021/06/25","17:00","0.022","-","0.66"
"2021/06/25","18:00","0.056","-","0.63"
"2021/06/25","19:00","0.299","-","0.82"
"2021/06/25","20:00","0.712","-","1.24"
"2021/06/25","21:00","1.159","-","1.71"
"2021/06/25","22:00","1.494","-","2.01"
"2021/06/25","23:00","1.654","-","2.11"
"2021/06/26","00:00","1.644","-","2.12"
"2021/06/26","01:00","1.488","-","2.02"
"2021/06/26","02:00","1.209","-","1.75"
"2021/06/26","03:00","0.861","-","1.38"
"2021/06/26","04:00","0.514","-","1.01"
"2021/06/26","05:00","0.227","-","0.74"
"2021/06/26","06:00","0.061","-","0.56"
"2021/06/26","07:00","0.084","-","0.56"
"2021/06/26","08:00","0.315","-","0.78"
"2021/06/26","09:00","0.671","-","1.21"
"2021/06/26","10:00","1.006","-","1.4"
"2021/06/26","11:00","1.216","-","1.68"
"2021/06/26","12:00","1.277","-","1.79"
"2021/06/26","13:00","1.197","-","1.77"
"2021/06/26","14:00","0.994","-","1.49"
"2021/06/26","15:00","0.707","-","1.17"
"2021/06/26","16:00","0.412","-","0.8"
"2021/06/26","17:00","0.177","-","0.56"
"2021/06/26","18:00","0.055","-","0.4"
"2021/06/26","19:00","0.101","-","0.41"
"2021/06/26","20:00","0.349","-","0.66"
"2021/06/26","21:00","0.748","-","1.13"
"2021/06/26","22:00","1.162","-","1.58"
"2021/06/26","23:00","1.459","-","1.91"
"2021/06/27","00:00","1.593","-","2.03"
"2021/06/27","01:00","1.571","-","2.03"
"2021/06/27","02:00","1.41","-","1.89"
"2021/06/27","03:00","1.135","-","1.59"
"2021/06/27","04:00","0.803","-","1.24"
"2021/06/27","05:00","0.48","-","0.9"
"2021/06/27","06:00","0.222","-","0.64"
"2021/06/27","07:00","0.086","-","0.51"
"2021/06/27","08:00","0.136","-","0.5"
"2021/06/27","09:00","0.381","-","0.71"
"2021/06/27","10:00","0.728","-","1.04"
"2021/06/27","11:00","1.041","-","1.4"
"2021/06/27","12:00","1.229","-","1.63"
"2021/06/27","13:00","1.277","-","1.66"
"2021/06/27","14:00","1.193","-","1.59"
"2021/06/27","15:00","0.989","-","1.33"
"2021/06/27","16:00","0.714","-","1.03"
"2021/06/27","17:00","0.437","-","0.76"
"2021/06/27","18:00","0.221","-","0.56"
"2021/06/27","19:00","0.112","-","0.42"
"2021/06/27","20:00","0.163","-","0.46"
"2021/06/27","21:00","0.403","-","0.73"
"2021/06/27","22:00","0.775","-","1.11"
"2021/06/27","23:00","1.147","-","1.49"
"2021/06/28","00:00","1.404","-","1.78"
"2021/06/28","01:00","1.511","-","1.86"
"2021/06/28","02:00","1.478","-","1.8"
"2021/06/28","03:00","1.316","-","1.65"
"2021/06/28","04:00","1.052","-","1.38"
"2021/06/28","05:00","0.744","-","1.06"
"2021/06/28","06:00","0.453","-","0.73"
"2021/06/28","07:00","0.227","-","0.53"
"2021/06/28","08:00","0.121","-","0.44"
"2021/06/28","09:00","0.194","-","0.44"
"2021/06/28","10:00","0.447","-","0.69"
"2021/06/28","11:00","0.782","-","0.98"
"2021/06/28","12:00","1.069","-","1.28"
"2021/06/28","13:00","1.237","-","1.47"
"2021/06/28","14:00","1.275","-","1.53"
"2021/06/28","15:00","1.188","-","1.43"
"2021/06/28","16:00","0.992","-","1.22"
"2021/06/28","17:00","0.733","-","0.97"
"2021/06/28","18:00","0.48","-","0.71"
"2021/06/28","19:00","0.281","-","0.48"
"2021/06/28","20:00","0.181","-","0.4"
"2021/06/28","21:00","0.23","-","0.4"
"2021/06/28","22:00","0.456","-","0.6"
"2021/06/28","23:00","0.794","-","0.96"
"2021/06/29","00:00","1.12","-","1.28"
"2021/06/29","01:00","1.337","-","1.51"
"2021/06/29","02:00","1.42","-","1.58"
"2021/06/29","03:00","1.378","-","1.54"
"2021/06/29","04:00","1.218","-","1.35"
"2021/06/29","05:00","0.969","-","1.08"
"2021/06/29","06:00","0.687","-","0.77"
"2021/06/29","07:00","0.429","-","0.52"
"2021/06/29","08:00","0.234","-","0.34"
"2021/06/29","09:00","0.158","-","0.25"
"2021/06/29","10:00","0.254","-","0.27"
"2021/06/29","11:00","0.512","-","0.45"
"2021/06/29","12:00","0.831","-","0.8"
"2021/06/29","13:00","1.093","-","1.08"
"2021/06/29","14:00","1.242","-","1.25"
"2021/06/29","15:00","1.272","-","1.25"
"2021/06/29","16:00","1.187","-","1.18"
"2021/06/29","17:00","1.001","-","0.96"
"2021/06/29","18:00","0.762","-","0.69"
"2021/06/29","19:00","0.529","-","0.44"
"2021/06/29","20:00","0.344","-","0.27"
"2021/06/29","21:00","0.247","-","0.16"
"2021/06/29","22:00","0.293","-","0.21"
"2021/06/29","23:00","0.502","-","0.39"
"2021/06/30","00:00","0.806","-","0.7"
"2021/06/30","01:00","1.087","-","1"
"2021/06/30","02:00","1.266","-","1.14"
"2021/06/30","03:00","1.329","-","1.18"
"2021/06/30","04:00","1.281","-","1.14"
"2021/06/30","05:00","1.125","-","0.94"
"2021/06/30","06:00","0.891","-","0.66"
"2021/06/30","07:00","0.635","-","0.4"
"2021/06/30","08:00","0.407","-","0.18"
"2021/06/30","09:00","0.243","-","0.04"
"2021/06/30","10:00","0.197","-","0.02"
"2021/06/30","11:00","0.317","-","0.12"
"2021/06/30","12:00","0.579","-","0.43"
"2021/06/30","13:00","0.88","-","0.78"
"2021/06/30","14:00","1.117","-","1.04"
"2021/06/30","15:00","1.248","-","1.18"
"2021/06/30","16:00","1.273","-","1.2"
"2021/06/30","17:00","1.191","-","1.14"
"2021/06/30","18:00","1.014","-","0.98"
"2021/06/30","19:00","0.789","-","0.73"
"2021/06/30","20:00","0.57","-","0.51"
"2021/06/30","21:00","0.394","-","0.41"
"2021/06/30","22:00","0.302","-","0.33"
"2021/06/30","23:00","0.346","-","0.36"
"2021/07/01","00:00","0.54","-","0.59"
"2021/07/01","01:00","0.81","-","0.97"
"2021/07/01","02:00","1.051","-","1.18"
"2021/07/01","03:00","1.2","-","1.34"
"2021/07/01","04:00","1.248","-","1.35"
"2021/07/01","05:00","1.196","-","1.28"
"2021/07/01","06:00","1.044","-","1.09"
"2021/07/01","07:00","0.821","-","0.82"
"2021/07/01","08:00","0.587","-","0.54"
"2021/07/01","09:00","0.385","-","0.37"
"2021/07/01","10:00","0.254","-","0.25"
"2021/07/01","11:00","0.241","-","0.26"
"2021/07/01","12:00","0.385","-","0.41"
"2021/07/01","13:00","0.648","-","0.68"
"2021/07/01","14:00","0.93","-","1.01"
"2021/07/01","15:00","1.142","-","1.19"
"2021/07/01","16:00","1.26","-","1.35"
"2021/07/01","17:00","1.281","-","1.42"
"2021/07/01","18:00","1.198","-","1.38"
"2021/07/01","19:00","1.022","-","1.17"
"2021/07/01","20:00","0.804","-","0.95"
"2021/07/01","21:00","0.594","-","0.72"
"2021/07/01","22:00","0.426","-","0.46"
"2021/07/01","23:00","0.34","-","0.4"
"2021/07/02","00:00","0.386","-","0.36"
"2021/07/02","01:00","0.566","-","0.57"
"2021/07/02","02:00","0.808","-","0.94"
"2021/07/02","03:00","1.016","-","1.13"
"2021/07/02","04:00","1.143","-","1.39"
"2021/07/02","05:00","1.184","-","1.4"
"2021/07/02","06:00","1.128","-","1.29"
"2021/07/02","07:00","0.974","-","1.13"
"2021/07/02","08:00","0.758","-","1.07"
"2021/07/02","09:00","0.541","-","0.92"
"2021/07/02","10:00","0.368","-","0.75"
"2021/07/02","11:00","0.27","-","0.62"
"2021/07/02","12:00","0.292","-","0.68"
"2021/07/02","13:00","0.457","-","0.9"
"2021/07/02","14:00","0.719","-","1.17"
"2021/07/02","15:00","0.982","-","1.42"
"2021/07/02","16:00","1.175","-","1.59"
"2021/07/02","17:00","1.282","-","1.65"
"2021/07/02","18:00","1.295","-","1.67"
"2021/07/02","19:00","1.202","-","1.56"
"2021/07/02","20:00","1.02","-","1.38"
"2021/07/02","21:00","0.801","-","1.18"
"2021/07/02","22:00","0.597","-","1.05"
"2021/07/02","23:00","0.438","-","0.9"
"2021/07/03","00:00","0.361","-","0.79"
"2021/07/03","01:00","0.41","-","0.87"
"2021/07/03","02:00","0.581","-","1.11"
"2021/07/03","03:00","0.801","-","1.26"
"2021/07/03","04:00","0.988","-","1.46"
"2021/07/03","05:00","1.105","-","1.52"
"2021/07/03","06:00","1.14","-","1.6"
"2021/07/03","07:00","1.076","-","1.51"
"2021/07/03","08:00","0.912","-","1.3"
"2021/07/03","09:00","0.699","-","1.08"
"2021/07/03","10:00","0.5","-","0.88"
"2021/07/03","11:00","0.355","-","0.71"
"2021/07/03","12:00","0.292","-","0.62"
"2021/07/03","13:00","0.346","-","0.7"
"2021/07/03","14:00","0.53","-","1"
"2021/07/03","15:00","0.791","-","1.26"
"2021/07/03","16:00","1.039","-","1.52"
"2021/07/03","17:00","1.218","-","1.67"
"2021/07/03","18:00","1.314","-","1.77"
"2021/07/03","19:00","1.313","-","1.82"
"2021/07/03","20:00","1.2","-","1.74"
"2021/07/03","21:00","1.003","-","1.59"
"2021/07/03","22:00","0.781","-","1.48"
"2021/07/03","23:00","0.583","-","1.32"
"2021/07/04","00:00","0.432","-","1.26"
"2021/07/04","01:00","0.364","-","1.23"
"2021/07/04","02:00","0.419","-","1.32"
"2021/07/04","03:00","0.588","-","1.51"
"2021/07/04","04:00","0.798","-","1.75"
"2021/07/04","05:00","0.976","-","1.92"
"2021/07/04","06:00","1.087","-","2.02"
"2021/07/04","07:00","1.113","-","2.03"
"2021/07/04","08:00","1.033","-","1.96"
"2021/07/04","09:00","0.856","-","1.8"
"2021/07/04","10:00","0.644","-","1.59"
"2021/07/04","11:00","0.463","-","1.41"
"2021/07/04","12:00","0.346","-","1.34"
"2021/07/04","13:00","0.314","-","1.31"
"2021/07/04","14:00","0.397","-","1.43"
"2021/07/04","15:00","0.6","-","1.66"
"2021/07/04","16:00","0.864","-","1.95"
"2021/07/04","17:00","1.105","-","2.22"
"2021/07/04","18:00","1.273","-","2.35"
"2021/07/04","19:00","1.353","-","2.4"
"2021/07/04","20:00","1.327","-","2.38"
"2021/07/04","21:00","1.188","-","2.25"
"2021/07/04","22:00","0.973","-","2"
"2021/07/04","23:00","0.747","-","1.74"
"2021/07/05","00:00","0.552","-","1.51"
"2021/07/05","01:00","0.408","-","1.4"
"2021/07/05","02:00","0.351","-","1.36"
"2021/07/05","03:00","0.42","-","1.43"
"2021/07/05","04:00","0.598","-","1.6"
"2021/07/05","05:00","0.81","-","1.8"
"2021/07/05","06:00","0.985","-","1.97"
"2021/07/05","07:00","1.089","-","2.04"
"2021/07/05","08:00","1.098","-","2.01"
"2021/07/05","09:00","0.994","-","1.88"
"2021/07/05","10:00","0.802","-","1.66"
"2021/07/05","11:00","0.592","-","1.43"
"2021/07/05","12:00","0.427","-","1.24"
"2021/07/05","13:00","0.334","-","1.12"
"2021/07/05","14:00","0.33","-","1.08"
"2021/07/05","15:00","0.443","-","1.23"
"2021/07/05","16:00","0.671","-","1.49"
"2021/07/05","17:00","0.945","-","1.76"
"2021/07/05","18:00","1.181","-","1.97"
"2021/07/05","19:00","1.335","-","2.09"
"2021/07/05","20:00","1.391","-","2.14"
"2021/07/05","21:00","1.333","-","2.05"
"2021/07/05","22:00","1.163","-","1.84"
"2021/07/05","23:00","0.931","-","1.56"
"2021/07/06","00:00","0.701","-","1.3"
"2021/07/06","01:00","0.507","-","1.14"
"2021/07/06","02:00","0.37","-","1.03"
"2021/07/06","03:00","0.33","-","0.99"
"2021/07/06","04:00","0.424","-","1.08"
"2021/07/06","05:00","0.623","-","1.28"
"2021/07/06","06:00","0.844","-","1.49"
"2021/07/06","07:00","1.015","-","1.68"
"2021/07/06","08:00","1.104","-","1.75"
"2021/07/06","09:00","1.087","-","1.71"
"2021/07/06","10:00","0.955","-","1.54"
"2021/07/06","11:00","0.747","-","1.34"
"2021/07/06","12:00","0.538","-","1.12"
"2021/07/06","13:00","0.387","-","0.91"
"2021/07/06","14:00","0.314","-","0.76"
"2021/07/06","15:00","0.339","-","0.72"
"2021/07/06","16:00","0.49","-","0.84"
"2021/07/06","17:00","0.749","-","1.1"
"2021/07/06","18:00","1.035","-","1.38"
"2021/07/06","19:00","1.264","-","1.59"
"2021/07/06","20:00","1.395","-","1.71"
"2021/07/06","21:00","1.419","-","1.66"
"2021/07/06","22:00","1.324","-","1.53"
"2021/07/06","23:00","1.125","-","1.25"
"2021/07/07","00:00","0.877","-","0.95"
"2021/07/07","01:00","0.641","-","0.72"
"2021/07/07","02:00","0.449","-","0.51"
"2021/07/07","03:00","0.324","-","0.34"
"2021/07/07","04:00","0.315","-","0.3"
"2021/07/07","05:00","0.448","-","0.39"
"2021/07/07","06:00","0.674","-","0.58"
"2021/07/07","07:00","0.901","-","0.82"
"2021/07/07","08:00","1.059","-","0.97"
"2021/07/07","09:00","1.122","-","0.97"
"2021/07/07","10:00","1.072","-","0.97"
"2021/07/07","11:00","0.911","-","0.77"
"2021/07/07","12:00","0.688","-","0.59"
"2021/07/07","13:00","0.48","-","0.37"
"2021/07/07","14:00","0.341","-","0.21"
"2021/07/07","15:00","0.289","-","0.12"
"2021/07/07","16:00","0.351","-","0.22"
"2021/07/07","17:00","0.547","-","0.5"
"2021/07/07","18:00","0.84","-","0.84"
"2021/07/07","19:00","1.134","-","1.13"
"2021/07/07","20:00","1.345","-","1.32"
"2021/07/07","21:00","1.444","-","1.39"
"2021/07/07","22:00","1.429","-","1.36"
"2021/07/07","23:00","1.298","-","1.27"
"2021/07/08","00:00","1.071","-","1.04"
"2021/07/08","01:00","0.808","-","0.76"
"2021/07/08","02:00","0.568","-","0.47"
"2021/07/08","03:00","0.382","-","0.32"
"2021/07/08","04:00","0.284","-","0.3"
"2021/07/08","05:00","0.321","-","0.36"
"2021/07/08","06:00","0.5","-","0.55"
"2021/07/08","07:00","0.751","-","0.82"
"2021/07/08","08:00","0.973","-","1.08"
"2021/07/08","09:00","1.107","-","1.24"
"2021/07/08","10:00","1.134","-","1.29"
"2021/07/08","11:00","1.049","-","1.21"
"2021/07/08","12:00","0.86","-","1.01"
"2021/07/08","13:00","0.623","-","0.76"
"2021/07/08","14:00","0.417","-","0.6"
"2021/07/08","15:00","0.291","-","0.45"
"2021/07/08","16:00","0.27","-","0.51"
"2021/07/08","17:00","0.379","-","0.7"
"2021/07/08","18:00","0.624","-","1.1"
"2021/07/08","19:00","0.945","-","1.55"
"2021/07/08","20:00","1.233","-","2.12"
"2021/07/08","21:00","1.414","-","2.42"
"2021/07/08","22:00","1.473","-","2.33"
"2021/07/08","23:00","1.417","-","2.09"
"2021/07/09","00:00","1.249","-","1.92"
"2021/07/09","01:00","0.997","-","1.58"
"2021/07/09","02:00","0.722","-","1.39"
"2021/07/09","03:00","0.485","-","1.19"
"2021/07/09","04:00","0.319","-","1.02"
"2021/07/09","05:00","0.263","-","0.95"
"2021/07/09","06:00","0.356","-","0.87"
"2021/07/09","07:00","0.581","-","0.96"
"2021/07/09","08:00","0.845","-","1.16"
"2021/07/09","09:00","1.049","-","1.3"
"2021/07/09","10:00","1.148","-","1.34"
"2021/07/09","11:00","1.137","-","1.22"
"2021/07/09","12:00","1.015","-","1.11"
"2021/07/09","13:00","0.8","-","0.89"
"2021/07/09","14:00","0.554","-","0.7"
"2021/07/09","15:00","0.355","-","0.48"
"2021/07/09","16:00","0.252","-","0.39"
"2021/07/09","17:00","0.271","-","0.43"
"2021/07/09","18:00","0.432","-","0.7"
"2021/07/09","19:00","0.722","-","0.99"
"2021/07/09","20:00","1.056","-","1.35"
"2021/07/09","21:00","1.323","-","1.83"
"2021/07/09","22:00","1.462","-","1.7"
"2021/07/09","23:00","1.477","-","1.7"
"2021/07/10","00:00","1.381","-","1.61"
"2021/07/10","01:00","1.178","-","1.49"
"2021/07/10","02:00","0.904","-","1.27"
"2021/07/10","03:00","0.624","-","1.01"
"2021/07/10","04:00","0.401","-","0.78"
"2021/07/10","05:00","0.269","-","0.67"
"2021/07/10","06:00","0.268","-","0.66"
"2021/07/10","07:00","0.419","-","0.78"
"2021/07/10","08:00","0.68","-","1.05"
"2021/07/10","09:00","0.944","-","1.33"
"2021/07/10","10:00","1.118","-","1.51"
"2021/07/10","11:00","1.177","-","1.56"
"2021/07/10","12:00","1.127","-","1.47"
"2021/07/10","13:00","0.972","-","1.29"
"2021/07/10","14:00","0.735","-","1.09"
"2021/07/10","15:00","0.486","-","0.88"
"2021/07/10","16:00","0.304","-","0.68"
"2021/07/10","17:00","0.234","-","0.56"
"2021/07/10","18:00","0.299","-","0.57"
"2021/07/10","19:00","0.51","-","0.79"
"2021/07/10","20:00","0.831","-","1.13"
"2021/07/10","21:00","1.161","-","1.47"
"2021/07/10","22:00","1.393","-","1.66"
"2021/07/10","23:00","1.485","-","1.73"
"2021/07/11","00:00","1.455","-","1.65"
"2021/07/11","01:00","1.319","-","1.52"
"2021/07/11","02:00","1.086","-","1.31"
"2021/07/11","03:00","0.796","-","1.05"
"2021/07/11","04:00","0.524","-","0.82"
"2021/07/11","05:00","0.327","-","0.62"
"2021/07/11","06:00","0.242","-","0.58"
"2021/07/11","07:00","0.299","-","0.67"
"2021/07/11","08:00","0.503","-","0.94"
"2021/07/11","09:00","0.786","-","1.24"
"2021/07/11","10:00","1.037","-","1.51"
"2021/07/11","11:00","1.176","-","1.66"
"2021/07/11","12:00","1.194","-","1.71"
"2021/07/11","13:00","1.107","-","1.62"
"2021/07/11","14:00","0.922","-","1.46"
"2021/07/11","15:00","0.672","-","1.22"
"2021/07/11","16:00","0.43","-","1.02"
"2021/07/11","17:00","0.274","-","0.84"
"2021/07/11","18:00","0.242","-","0.75"
"2021/07/11","19:00","0.351","-","0.85"
"2021/07/11","20:00","0.601","-","1.13"
"2021/07/11","21:00","0.937","-","1.48"
"2021/07/11","22:00","1.249","-","1.76"
"2021/07/11","23:00","1.438","-","1.94"
"2021/07/12","00:00","1.483","-","2.02"
"2021/07/12","01:00","1.41","-","1.96"
"2021/07/12","02:00","1.237","-","1.73"
"2021/07/12","03:00","0.978","-","1.46"
"2021/07/12","04:00","0.685","-","1.17"
"2021/07/12","05:00","0.431","-","0.97"
"2021/07/12","06:00","0.271","-","0.82"
"2021/07/12","07:00","0.237","-","0.82"
"2021/07/12","08:00","0.349","-","0.89"
"2021/07/12","09:00","0.595","-","1.11"
"2021/07/12","10:00","0.891","-","1.4"
"2021/07/12","11:00","1.122","-","1.66"
"2021/07/12","12:00","1.223","-","1.76"
"2021/07/12","13:00","1.203","-","1.69"
"2021/07/12","14:00","1.082","-","1.5"
"2021/07/12","15:00","0.875","-","1.27"
"2021/07/12","16:00","0.619","-","1.02"
"2021/07/12","17:00","0.394","-","0.79"
"2021/07/12","18:00","0.268","-","0.65"
"2021/07/12","19:00","0.271","-","0.63"
"2021/07/12","20:00","0.415","-","0.76"
"2021/07/12","21:00","0.69","-","1.09"
"2021/07/12","22:00","1.028","-","1.42"
"2021/07/12","23:00","1.313","-","1.67"
"2021/07/13","00:00","1.457","-","1.78"
"2021/07/13","01:00","1.456","-","1.76"
"2021/07/13","02:00","1.344","-","1.65"
"2021/07/13","03:00","1.141","-","1.43"
"2021/07/13","04:00","0.868","-","1.14"
"2021/07/13","05:00","0.582","-","0.87"
"2021/07/13","06:00","0.355","-","0.65"
"2021/07/13","07:00","0.235","-","0.51"
"2021/07/13","08:00","0.249","-","0.49"
"2021/07/13","09:00","0.411","-","0.65"
"2021/07/13","10:00","0.692","-","0.94"
"2021/07/13","11:00","0.992","-","1.25"
"2021/07/13","12:00","1.198","-","1.46"
"2021/07/13","13:00","1.264","-","1.56"
"2021/07/13","14:00","1.209","-","1.51"
"2021/07/13","15:00","1.06","-","1.37"
"2021/07/13","16:00","0.837","-","1.15"
"2021/07/13","17:00","0.585","-","0.91"
"2021/07/13","18:00","0.379","-","0.72"
"2021/07/13","19:00","0.278","-","0.6"
"2021/07/13","20:00","0.307","-","0.61"
"2021/07/13","21:00","0.475","-","0.8"
"2021/07/13","22:00","0.764","-","1.14"
"2021/07/13","23:00","1.095","-","1.44"
"2021/07/14","00:00","1.348","-","1.67"
"2021/07/14","01:00","1.449","-","1.78"
"2021/07/14","02:00","1.408","-","1.78"
"2021/07/14","03:00","1.266","-","1.66"
"2021/07/14","04:00","1.043","-","1.4"
"2021/07/14","05:00","0.766","-","1.12"
"2021/07/14","06:00","0.494","-","0.85"
"2021/07/14","07:00","0.297","-","0.71"
"2021/07/14","08:00","0.216","-","0.65"
"2021/07/14","09:00","0.274","-","0.71"
"2021/07/14","10:00","0.481","-","0.92"
"2021/07/14","11:00","0.79","-","1.26"
"2021/07/14","12:00","1.089","-","1.6"
"2021/07/14","13:00","1.27","-","1.8"
"2021/07/14","14:00","1.302","-","1.82"
"2021/07/14","15:00","1.218","-","1.73"
"2021/07/14","16:00","1.05","-","1.52"
"2021/07/14","17:00","0.818","-","1.26"
"2021/07/14","18:00","0.57","-","0.99"
"2021/07/14","19:00","0.379","-","0.8"
"2021/07/14","20:00","0.294","-","0.86"
"2021/07/14","21:00","0.337","-","0.67"
"2021/07/14","22:00","0.519","-","0.82"
"2021/07/14","23:00","0.814","-","1.22"
"2021/07/15","00:00","1.132","-","1.44"
"2021/07/15","01:00","1.352","-","1.67"
"2021/07/15","02:00","1.416","-","1.74"
"2021/07/15","03:00","1.347","-","1.76"
"2021/07/15","04:00","1.185","-","1.63"
"2021/07/15","05:00","0.953","-","1.42"
"2021/07/15","06:00","0.679","-","1.12"
"2021/07/15","07:00","0.425","-","0.88"
"2021/07/15","08:00","0.256","-","0.72"
"2021/07/15","09:00","0.21","-","0.67"
"2021/07/15","10:00","0.309","-","0.77"
"2021/07/15","11:00","0.556","-","1.04"
"2021/07/15","12:00","0.887","-","1.39"
"2021/07/15","13:00","1.181","-","1.67"
"2021/07/15","14:00","1.337","-","1.8"
"2021/07/15","15:00","1.342","-","1.8"
"2021/07/15","16:00","1.239","-","1.74"
"2021/07/15","17:00","1.057","-","1.57"
"2021/07/15","18:00","0.818","-","1.31"
"2021/07/15","19:00","0.572","-","1.07"
"2021/07/15","20:00","0.385","-","0.84"
"2021/07/15","21:00","0.305","-","0.76"
"2021/07/15","22:00","0.355","-","0.8"
"2021/07/15","23:00","0.543","-","1.05"
"2021/07/16","00:00","0.837","-","1.37"
"2021/07/16","01:00","1.138","-","1.64"
"2021/07/16","02:00","1.329","-","1.83"
"2021/07/16","03:00","1.366","-","1.85"
"2021/07/16","04:00","1.281","-","1.77"
"2021/07/16","05:00","1.113","-","1.6"
"2021/07/16","06:00","0.879","-","1.33"
"2021/07/16","07:00","0.611","-","1.07"
"2021/07/16","08:00","0.373","-","0.89"
"2021/07/16","09:00","0.228","-","0.79"
"2021/07/16","10:00","0.214","-","0.76"
"2021/07/16","11:00","0.351","-","0.9"
"2021/07/16","12:00","0.631","-","1.18"
"2021/07/16","13:00","0.978","-","1.49"
"2021/07/16","14:00","1.263","-","1.74"
"2021/07/16","15:00","1.399","-","1.88"
"2021/07/16","16:00","1.388","-","1.94"
"2021/07/16","17:00","1.275","-","1.85"
"2021/07/16","18:00","1.083","-","1.63"
"2021/07/16","19:00","0.835","-","1.39"
"2021/07/16","20:00","0.583","-","1.06"
"2021/07/16","21:00","0.393","-","0.88"
"2021/07/16","22:00","0.31","-","0.79"
"2021/07/16","23:00","0.357","-","0.88"
"2021/07/17","00:00","0.544","-","1.06"
"2021/07/17","01:00","0.833","-","1.36"
"2021/07/17","02:00","1.115","-","1.62"
"2021/07/17","03:00","1.284","-","1.74"
"2021/07/17","04:00","1.308","-","1.78"
"2021/07/17","05:00","1.222","-","1.72"
"2021/07/17","06:00","1.056","-","1.54"
"2021/07/17","07:00","0.822","-","1.26"
"2021/07/17","08:00","0.559","-","1.01"
"2021/07/17","09:00","0.335","-","0.8"
"2021/07/17","10:00","0.212","-","0.71"
"2021/07/17","11:00","0.225","-","0.7"
"2021/07/17","12:00","0.393","-","0.83"
"2021/07/17","13:00","0.699","-","1.13"
"2021/07/17","14:00","1.054","-","1.46"
"2021/07/17","15:00","1.332","-","1.74"
"2021/07/17","16:00","1.458","-","1.85"
"2021/07/17","17:00","1.443","-","1.87"
"2021/07/17","18:00","1.326","-","1.8"
"2021/07/17","19:00","1.125","-","1.58"
"2021/07/17","20:00","0.863","-","1.38"
"2021/07/17","21:00","0.6","-","0.95"
"2021/07/17","22:00","0.401","-","1.06"
"2021/07/17","23:00","0.307","-","0.68"
"2021/07/18","00:00","0.345","-","0.65"
"2021/07/18","01:00","0.525","-","0.84"
"2021/07/18","02:00","0.804","-","1.09"
"2021/07/18","03:00","1.073","-","1.21"
"2021/07/18","04:00","1.233","-","1.29"
"2021/07/18","05:00","1.259","-","1.36"
"2021/07/18","06:00","1.182","-","1.39"
"2021/07/18","07:00","1.019","-","1.28"
"2021/07/18","08:00","0.784","-","1.04"
"2021/07/18","09:00","0.522","-","0.86"
"2021/07/18","10:00","0.31","-","0.72"
"2021/07/18","11:00","0.204","-","0.65"
"2021/07/18","12:00","0.236","-","0.59"
"2021/07/18","13:00","0.425","-","0.73"
"2021/07/18","14:00","0.747","-","1.03"
"2021/07/18","15:00","1.109","-","1.41"
"2021/07/18","16:00","1.388","-","1.72"
"2021/07/18","17:00","1.516","-","1.87"
"2021/07/18","18:00","1.506","-","1.84"
"2021/07/18","19:00","1.387","-","1.78"
"2021/07/18","20:00","1.174","-","1.59"
"2021/07/18","21:00","0.896","-","1.29"
"2021/07/18","22:00","0.62","-","0.98"
"2021/07/18","23:00","0.407","-","0.71"
"2021/07/19","00:00","0.298","-","0.55"
"2021/07/19","01:00","0.32","-","0.38"
"2021/07/19","02:00","0.489","-","0.41"
"2021/07/19","03:00","0.76","-","0.71"
"2021/07/19","04:00","1.026","-","1.06"
"2021/07/19","05:00","1.191","-","1.28"
"2021/07/19","06:00","1.231","-","1.34"
"2021/07/19","07:00","1.164","-","1.34"
"2021/07/19","08:00","1.001","-","1.19"
"2021/07/19","09:00","0.76","-","1.06"
"2021/07/19","10:00","0.499","-","0.81"
"2021/07/19","11:00","0.294","-","0.64"
"2021/07/19","12:00","0.197","-","0.53"
"2021/07/19","13:00","0.238","-","0.51"
"2021/07/19","14:00","0.437","-","0.74"
"2021/07/19","15:00","0.772","-","1.1"
"2021/07/19","16:00","1.145","-","1.46"
"2021/07/19","17:00","1.433","-","1.7"
"2021/07/19","18:00","1.572","-","1.82"
"2021/07/19","19:00","1.571","-","1.83"
"2021/07/19","20:00","1.449","-","1.73"
"2021/07/19","21:00","1.222","-","1.49"
"2021/07/19","22:00","0.929","-","1.19"
"2021/07/19","23:00","0.638","-","0.94"
"2021/07/20","00:00","0.41","-","0.74"
"2021/07/20","01:00","0.279","-","0.68"
"2021/07/20","02:00","0.282","-","0.68"
"2021/07/20","03:00","0.444","-","0.89"
"2021/07/20","04:00","0.719","-","1.21"
"2021/07/20","05:00","0.995","-","1.53"
"2021/07/20","06:00","1.174","-","1.76"
"2021/07/20","07:00","1.229","-","1.79"
"2021/07/20","08:00","1.167","-","1.75"
"2021/07/20","09:00","0.999","-","1.58"
"2021/07/20","10:00","0.75","-","1.35"
"2021/07/20","11:00","0.487","-","1.09"
"2021/07/20","12:00","0.282","-","0.89"
"2021/07/20","13:00","0.183","-","0.76"
"2021/07/20","14:00","0.223","-","0.72"
"2021/07/20","15:00","0.429","-","0.93"
"2021/07/20","16:00","0.779","-","1.31"
"2021/07/20","17:00","1.169","-","1.69"
"2021/07/20","18:00","1.472","-","1.98"
"2021/07/20","19:00","1.624","-","2.09"
"2021/07/20","20:00","1.628","-","2.13"
"2021/07/20","21:00","1.5","-","2.06"
"2021/07/20","22:00","1.259","-","1.83"
"2021/07/20","23:00","0.953","-","1.49"
"2021/07/21","00:00","0.649","-","1.15"
"2021/07/21","01:00","0.401","-","0.92"
"2021/07/21","02:00","0.248","-","0.81"
"2021/07/21","03:00","0.239","-","0.74"
"2021/07/21","04:00","0.406","-","0.91"
"2021/07/21","05:00","0.698","-","1.22"
"2021/07/21","06:00","0.992","-","1.55"
"2021/07/21","07:00","1.187","-","1.78"
"2021/07/21","08:00","1.251","-","1.86"
"2021/07/21","09:00","1.188","-","1.82"
"2021/07/21","10:00","1.009","-","1.66"
"2021/07/21","11:00","0.75","-","1.42"
"2021/07/21","12:00","0.48","-","1.17"
"2021/07/21","13:00","0.269","-","0.95"
"2021/07/21","14:00","0.16","-","0.83"
"2021/07/21","15:00","0.194","-","0.81"
"2021/07/21","16:00","0.411","-","1.05"
"2021/07/21","17:00","0.781","-","1.59"
"2021/07/21","18:00","1.191","-","1.9"
"2021/07/21","19:00","1.507","-","2.16"
"2021/07/21","20:00","1.666","-","2.26"
"2021/07/21","21:00","1.669","-","2.26"
"2021/07/21","22:00","1.532","-","2.16"
"2021/07/21","23:00","1.278","-","1.91"
"2021/07/22","00:00","0.96","-","1.57"
"2021/07/22","01:00","0.643","-","1.24"
"2021/07/22","02:00","0.377","-","1.06"
"2021/07/22","03:00","0.208","-","0.9"
"2021/07/22","04:00","0.203","-","0.88"
"2021/07/22","05:00","0.391","-","1.02"
"2021/07/22","06:00","0.709","-","1.32"
"2021/07/22","07:00","1.022","-","1.62"
"2021/07/22","08:00","1.226","-","1.85"
"2021/07/22","09:00","1.29","-","1.92"
"2021/07/22","10:00","1.218","-","1.81"
"2021/07/22","11:00","1.025","-","1.59"
"2021/07/22","12:00","0.753","-","1.29"
"2021/07/22","13:00","0.474","-","1.01"
"2021/07/22","14:00","0.251","-","0.73"
"2021/07/22","15:00","0.13","-","0.58"
"2021/07/22","16:00","0.166","-","0.56"
"2021/07/22","17:00","0.4","-","0.81"
"2021/07/22","18:00","0.793","-","1.22"
"2021/07/22","19:00","1.216","-","1.67"
"2021/07/22","20:00","1.534","-","1.98"
"2021/07/22","21:00","1.689","-","2.12"
"2021/07/22","22:00","1.684","-","2.1"
"2021/07/22","23:00","1.536","-","1.99"
"2021/07/23","00:00","1.27","-","1.72"
"2021/07/23","01:00","0.942","-","1.39"
"2021/07/23","02:00","0.614","-","1.03"
"2021/07/23","03:00","0.337","-","0.78"
"2021/07/23","04:00","0.17","-","0.64"
"2021/07/23","05:00","0.187","-","0.63"
"2021/07/23","06:00","0.409","-","0.85"
"2021/07/23","07:00","0.753","-","1.22"
"2021/07/23","08:00","1.076","-","1.55"
"2021/07/23","09:00","1.278","-","1.77"
"2021/07/23","10:00","1.333","-","1.83"
"2021/07/23","11:00","1.248","-","1.78"
"2021/07/23","12:00","1.04","-","1.57"
"2021/07/23","13:00","0.755","-","1.26"
"2021/07/23","14:00","0.466","-","0.96"
"2021/07/23","15:00","0.233","-","0.72"
"2021/07/23","16:00","0.109","-","0.54"
"2021/07/23","17:00","0.156","-","0.56"
"2021/07/23","18:00","0.412","-","0.82"
"2021/07/23","19:00","0.822","-","1.28"
"2021/07/23","20:00","1.245","-","1.71"
"2021/07/23","21:00","1.549","-","2.02"
"2021/07/23","22:00","1.689","-","2.13"
"2021/07/23","23:00","1.669","-","2.08"
"2021/07/24","00:00","1.507","-","1.92"
"2021/07/24","01:00","1.229","-","1.64"
"2021/07/24","02:00","0.893","-","1.29"
"2021/07/24","03:00","0.562","-","0.93"
"2021/07/24","04:00","0.291","-","0.69"
"2021/07/24","05:00","0.146","-","0.56"
"2021/07/24","06:00","0.201","-","0.59"
"2021/07/24","07:00","0.461","-","0.81"
"2021/07/24","08:00","0.823","-","1.18"
"2021/07/24","09:00","1.143","-","1.53"
"2021/07/24","10:00","1.332","-","1.75"
"2021/07/24","11:00","1.372","-","1.78"
"2021/07/24","12:00","1.271","-","1.72"
"2021/07/24","13:00","1.047","-","1.49"
"2021/07/24","14:00","0.752","-","1.17"
"2021/07/24","15:00","0.458","-","0.86"
"2021/07/24","16:00","0.225","-","0.63"
"2021/07/24","17:00","0.11","-","0.52"
"2021/07/24","18:00","0.177","-","0.54"
"2021/07/24","19:00","0.453","-","0.88"
"2021/07/24","20:00","0.866","-","1.28"
"2021/07/24","21:00","1.27","-","1.7"
"2021/07/24","22:00","1.547","-","1.95"
"2021/07/24","23:00","1.662","-","2.01"
"2021/07/25","00:00","1.623","-","1.97"
"2021/07/25","01:00","1.444","-","1.86"
"2021/07/25","02:00","1.155","-","1.58"
"2021/07/25","03:00","0.819","-","1.22"
"2021/07/25","04:00","0.5","-","0.9"
"2021/07/25","05:00","0.252","-","0.67"
"2021/07/25","06:00","0.147","-","0.58"
"2021/07/25","07:00","0.246","-","0.67"
"2021/07/25","08:00","0.537","-","1.05"
"2021/07/25","09:00","0.904","-","1.48"
"2021/07/25","10:00","1.208","-","1.86"
"2021/07/25","11:00","1.376","-","2.06"
"2021/07/25","12:00","1.398","-","2.07"
"2021/07/25","13:00","1.28","-","1.97"
"2021/07/25","14:00","1.044","-","1.72"
"2021/07/25","15:00","0.745","-","1.41"
"2021/07/25","16:00","0.457","-","1.15"
"2021/07/25","17:00","0.238","-","0.95"
"2021/07/25","18:00","0.143","-","0.8"
"2021/07/25","19:00","0.231","-","0.78"
"2021/07/25","20:00","0.518","-","0.98"
"2021/07/25","21:00","0.917","-","1.35"
"2021/07/25","22:00","1.287","-","1.71"
"2021/07/25","23:00","1.526","-","1.98"
"2021/07/26","00:00","1.611","-","2.04"
"2021/07/26","01:00","1.549","-","1.99"
"2021/07/26","02:00","1.352","-","1.75"
"2021/07/26","03:00","1.058","-","1.4"
"2021/07/26","04:00","0.734","-","1.06"
"2021/07/26","05:00","0.441","-","0.74"
"2021/07/26","06:00","0.233","-","0.55"
"2021/07/26","07:00","0.174","-","0.47"
"2021/07/26","08:00","0.316","-","0.56"
"2021/07/26","09:00","0.627","-","0.85"
"2021/07/26","10:00","0.985","-","1.28"
"2021/07/26","11:00","1.263","-","1.59"
"2021/07/26","12:00","1.406","-","1.76"
"2021/07/26","13:00","1.407","-","1.72"
"2021/07/26","14:00","1.273","-","1.58"
"2021/07/26","15:00","1.03","-","1.36"
"2021/07/26","16:00","0.738","-","1.04"
"2021/07/26","17:00","0.47","-","0.75"
"2021/07/26","18:00","0.275","-","0.55"
"2021/07/26","19:00","0.203","-","0.47"
"2021/07/26","20:00","0.308","-","0.57"
"2021/07/26","21:00","0.593","-","0.85"
"2021/07/26","22:00","0.965","-","1.18"
"2021/07/26","23:00","1.29","-","1.6"
"2021/07/27","00:00","1.487","-","1.8"
"2021/07/27","01:00","1.538","-","1.87"
"2021/07/27","02:00","1.453","-","1.82"
"2021/07/27","03:00","1.243","-","1.63"
"2021/07/27","04:00","0.953","-","1.37"
"2021/07/27","05:00","0.653","-","1.06"
"2021/07/27","06:00","0.399","-","0.82"
"2021/07/27","07:00","0.238","-","0.68"
"2021/07/27","08:00","0.225","-","0.67"
"2021/07/27","09:00","0.401","-","0.85"
"2021/07/27","10:00","0.72","-","1.25"
"2021/07/27","11:00","1.058","-","1.61"
"2021/07/27","12:00","1.305","-","1.86"
"2021/07/27","13:00","1.418","-","1.94"
"2021/07/27","14:00","1.399","-","1.93"
"2021/07/27","15:00","1.253","-","1.8"
"2021/07/27","16:00","1.011","-","1.56"
"2021/07/27","17:00","0.738","-","1.28"
"2021/07/27","18:00","0.496","-","1.03"
"2021/07/27","19:00","0.328","-","0.91"
"2021/07/27","20:00","0.278","-","0.82"
"2021/07/27","21:00","0.393","-","0.97"
"2021/07/27","22:00","0.667","-","1.27"
"2021/07/27","23:00","1.003","-","1.65"
"2021/07/28","00:00","1.28","-","1.92"
"2021/07/28","01:00","1.432","-","2.05"
"2021/07/28","02:00","1.452","-","2.07"
"2021/07/28","03:00","1.346","-","2"
"2021/07/28","04:00","1.131","-","1.82"
"2021/07/28","05:00","0.856","-","1.52"
"2021/07/28","06:00","0.589","-","1.24"
"2021/07/28","07:00","0.379","-","1.03"
"2021/07/28","08:00","0.263","-","0.94"
"2021/07/28","09:00","0.294","-","0.97"
"2021/07/28","10:00","0.496","-","1.19"
"2021/07/28","11:00","0.813","-","1.5"
"2021/07/28","12:00","1.123","-","1.8"
"2021/07/28","13:00","1.333","-","2"
"2021/07/28","14:00","1.416","-","2.1"
"2021/07/28","15:00","1.378","-","2.09"
"2021/07/28","16:00","1.225","-","1.9"
"2021/07/28","17:00","0.992","-","1.61"
"2021/07/28","18:00","0.743","-","1.31"
"2021/07/28","19:00","0.53","-","1.11"
"2021/07/28","20:00","0.386","-","0.97"
"2021/07/28","21:00","0.353","-","0.94"
"2021/07/28","22:00","0.473","-","1.07"
"2021/07/28","23:00","0.73","-","1.39"
"2021/07/29","00:00","1.027","-","1.67"
"2021/07/29","01:00","1.256","-","1.94"
"2021/07/29","02:00","1.367","-","2.03"
"2021/07/29","03:00","1.361","-","2.01"
"2021/07/29","04:00","1.242","-","1.93"
"2021/07/29","05:00","1.029","-","1.73"
"2021/07/29","06:00","0.776","-","1.47"
"2021/07/29","07:00","0.546","-","1.26"
"2021/07/29","08:00","0.379","-","1.1"
"2021/07/29","09:00","0.306","-","1.06"
"2021/07/29","10:00","0.374","-","1.12"
"2021/07/29","11:00","0.595","-","1.4"
"2021/07/29","12:00","0.901","-","1.73"
"2021/07/29","13:00","1.177","-","2.02"
"2021/07/29","14:00","1.348","-","2.19"
"2021/07/29","15:00","1.404","-","2.22"
"2021/07/29","16:00","1.351","-","2.14"
"2021/07/29","17:00","1.197","-","1.99"
"2021/07/29","18:00","0.977","-","1.75"
"2021/07/29","19:00","0.75","-","1.54"
"2021/07/29","20:00","0.561","-","1.3"
"2021/07/29","21:00","0.437","-","1.19"
"2021/07/29","22:00","0.417","-","1.21"
"2021/07/29","23:00","0.54","-","1.27"
"2021/07/30","00:00","0.779","-","1.51"
"2021/07/30","01:00","1.036","-","1.75"
"2021/07/30","02:00","1.22","-","1.9"
"2021/07/30","03:00","1.299","-","1.93"
"2021/07/30","04:00","1.275","-","1.86"
"2021/07/30","05:00","1.151","-","1.75"
"2021/07/30","06:00","0.947","-","1.57"
"2021/07/30","07:00","0.717","-","1.38"
"2021/07/30","08:00","0.521","-","1.12"
"2021/07/30","09:00","0.393","-","0.98"
"2021/07/30","10:00","0.36","-","0.94"
"2021/07/30","11:00","0.461","-","0.99"
"2021/07/30","12:00","0.694","-","1.24"
"2021/07/30","13:00","0.981","-","1.53"
"2021/07/30","14:00","1.219","-","1.8"
"2021/07/30","15:00","1.356","-","1.9"
"2021/07/30","16:00","1.39","-","1.92"
"2021/07/30","17:00","1.328","-","1.86"
"2021/07/30","18:00","1.175","-","1.73"
"2021/07/30","19:00","0.965","-","1.49"
"2021/07/30","20:00","0.755","-","1.25"
"2021/07/30","21:00","0.583","-","1.07"
"2021/07/30","22:00","0.475","-","1.03"
"2021/07/30","23:00","0.468","-","1.06"
"2021/07/31","00:00","0.591","-","1.15"
"2021/07/31","01:00","0.81","-","1.38"
"2021/07/31","02:00","1.03","-","1.64"
"2021/07/31","03:00","1.178","-","1.81"
"2021/07/31","04:00","1.236","-","1.87"
"2021/07/31","05:00","1.204","-","1.89"
"2021/07/31","06:00","1.08","-","1.66"
"2021/07/31","07:00","0.884","-","1.43"
"2021/07/31","08:00","0.675","-","1.18"
"2021/07/31","09:00","0.509","-","1.05"
"2021/07/31","10:00","0.416","-","0.95"
"2021/07/31","11:00","0.42","-","1"
"2021/07/31","12:00","0.548","-","1.19"
"2021/07/31","13:00","0.784","-","1.45"
"2021/07/31","14:00","1.049","-","1.76"
"2021/07/31","15:00","1.252","-","1.94"
"2021/07/31","16:00","1.362","-","2.06"
"2021/07/31","17:00","1.383","-","2.09"
"2021/07/31","18:00","1.314","-","2.04"
"2021/07/31","19:00","1.158","-","1.93"
"2021/07/31","20:00","0.952","-","1.73"
"2021/07/31","21:00","0.753","-","1.49"
"2021/07/31","22:00","0.595","-","1.33"
"2021/07/31","23:00","0.5","-","1.26"
"2021/08/01","00:00","0.503","-","1.29"
"2021/08/01","01:00","0.626","-","1.44"
"2021/08/01","02:00","0.825","-","1.62"
"2021/08/01","03:00","1.016","-","1.81"
"2021/08/01","04:00","1.141","-","1.97"
"2021/08/01","05:00","1.189","-","2.03"
"2021/08/01","06:00","1.154","-","2.01"
"2021/08/01","07:00","1.028","-","1.79"
"2021/08/01","08:00","0.836","-","1.61"
"2021/08/01","09:00","0.643","-","1.44"
"2021/08/01","10:00","0.504","-","1.24"
"2021/08/01","11:00","0.442","-","1.25"
"2021/08/01","12:00","0.476","-","1.28"
"2021/08/01","13:00","0.624","-","1.37"
"2021/08/01","14:00","0.86","-","1.58"
"2021/08/01","15:00","1.103","-","1.89"
"2021/08/01","16:00","1.281","-","2.1"
"2021/08/01","17:00","1.374","-","2.25"
"2021/08/01","18:00","1.387","-","2.22"
"2021/08/01","19:00","1.31","-","2.21"
"2021/08/01","20:00","1.146","-","2.02"
"2021/08/01","21:00","0.938","-","1.76"
"2021/08/01","22:00","0.745","-","1.51"
"2021/08/01","23:00","0.597","-","1.39"
"2021/08/02","00:00","0.512","-","1.26"
"2021/08/02","01:00","0.523","-","1.3"
"2021/08/02","02:00","0.644","-","1.36"
"2021/08/02","03:00","0.831","-","1.57"
"2021/08/02","04:00","1.005","-","1.71"
"2021/08/02","05:00","1.119","-","1.78"
"2021/08/02","06:00","1.164","-","1.85"
"2021/08/02","07:00","1.125","-","1.71"
"2021/08/02","08:00","0.991","-","1.53"
"2021/08/02","09:00","0.798","-","1.24"
"2021/08/02","10:00","0.617","-","1.05"
"2021/08/02","11:00","0.5","-","0.89"
"2021/08/02","12:00","0.463","-","0.83"
"2021/08/02","13:00","0.52","-","0.85"
"2021/08/02","14:00","0.683","-","1.03"
"2021/08/02","15:00","0.919","-","1.28"
"2021/08/02","16:00","1.149","-","1.5"
"2021/08/02","17:00","1.314","-","1.66"
"2021/08/02","18:00","1.399","-","1.69"
"2021/08/02","19:00","1.404","-","1.7"
"2021/08/02","20:00","1.312","-","1.6"
"2021/08/02","21:00","1.134","-","1.46"
"2021/08/02","22:00","0.921","-","1.25"
"2021/08/02","23:00","0.73","-","1.03"
"2021/08/03","00:00","0.587","-","0.89"
"2021/08/03","01:00","0.508","-","0.84"
"2021/08/03","02:00","0.527","-","0.89"
"2021/08/03","03:00","0.654","-","1.06"
"2021/08/03","04:00","0.839","-","1.25"
"2021/08/03","05:00","1.009","-","1.46"
"2021/08/03","06:00","1.122","-","1.59"
"2021/08/03","07:00","1.163","-","1.6"
"2021/08/03","08:00","1.111","-","1.59"
"2021/08/03","09:00","0.962","-","1.44"
"2021/08/03","10:00","0.763","-","1.31"
"2021/08/03","11:00","0.591","-","1.1"
"2021/08/03","12:00","0.489","-","0.97"
"2021/08/03","13:00","0.469","-","0.97"
"2021/08/03","14:00","0.545","-","1.01"
"2021/08/03","15:00","0.724","-","1.26"
"2021/08/03","16:00","0.968","-","1.54"
"2021/08/03","17:00","1.198","-","1.81"
"2021/08/03","18:00","1.359","-","1.89"
"2021/08/03","19:00","1.438","-","1.96"
"2021/08/03","20:00","1.427","-","1.97"
"2021/08/03","21:00","1.315","-","1.85"
"2021/08/03","22:00","1.117","-","1.72"
"2021/08/03","23:00","0.896","-","1.47"
"2021/08/04","00:00","0.704","-","1.27"
"2021/08/04","01:00","0.56","-","1.18"
"2021/08/04","02:00","0.487","-","1.1"
"2021/08/04","03:00","0.521","-","1.15"
"2021/08/04","04:00","0.666","-","1.33"
"2021/08/04","05:00","0.864","-","1.53"
"2021/08/04","06:00","1.039","-","1.78"
"2021/08/04","07:00","1.15","-","1.88"
"2021/08/04","08:00","1.179","-","1.9"
"2021/08/04","09:00","1.106","-","1.95"
"2021/08/04","10:00","0.936","-","1.84"
"2021/08/04","11:00","0.728","-","1.69"
"2021/08/04","12:00","0.558","-","1.53"
"2021/08/04","13:00","0.465","-","1.34"
"2021/08/04","14:00","0.458","-","1.38"
"2021/08/04","15:00","0.554","-","1.53"
"2021/08/04","16:00","0.759","-","1.82"
"2021/08/04","17:00","1.022","-","2.01"
"2021/08/04","18:00","1.259","-","2.12"
"2021/08/04","19:00","1.417","-","2.19"
"2021/08/04","20:00","1.483","-","2.22"
"2021/08/04","21:00","1.449","-","2.17"
"2021/08/04","22:00","1.309","-","1.99"
"2021/08/04","23:00","1.09","-","1.77"
"2021/08/05","00:00","0.857","-","1.49"
"2021/08/05","01:00","0.658","-","1.33"
"2021/08/05","02:00","0.514","-","1.24"
"2021/08/05","03:00","0.455","-","1.2"
"2021/08/05","04:00","0.518","-","1.31"
"2021/08/05","05:00","0.696","-","1.55"
"2021/08/05","06:00","0.916","-","1.76"
"2021/08/05","07:00","1.097","-","1.92"
"2021/08/05","08:00","1.198","-","1.99"
"2021/08/05","09:00","1.204","-","1.95"
"2021/08/05","10:00","1.101","-","1.84"
"2021/08/05","11:00","0.906","-","1.66"
"2021/08/05","12:00","0.687","-","1.47"
"2021/08/05","13:00","0.515","-","1.27"
"2021/08/05","14:00","0.426","-","1.18"
"2021/08/05","15:00","0.434","-","1.13"
"2021/08/05","16:00","0.561","-","1.27"
"2021/08/05","17:00","0.803","-","1.51"
"2021/08/05","18:00","1.092","-","1.8"
"2021/08/05","19:00","1.336","-","2.02"
"2021/08/05","20:00","1.482","-","2.13"
"2021/08/05","21:00","1.525","-","2.17"
"2021/08/05","22:00","1.46","-","2.07"
"2021/08/05","23:00","1.286","-","1.88"
"2021/08/06","00:00","1.043","-","1.62"
"2021/08/06","01:00","0.795","-","1.39"
"2021/08/06","02:00","0.589","-","1.21"
"2021/08/06","03:00","0.452","-","1.14"
"2021/08/06","04:00","0.423","-","1.09"
"2021/08/06","05:00","0.534","-","1.14"
"2021/08/06","06:00","0.756","-","1.38"
"2021/08/06","07:00","0.998","-","1.64"
"2021/08/06","08:00","1.175","-","1.8"
"2021/08/06","09:00","1.254","-","1.86"
"2021/08/06","10:00","1.228","-","1.75"
"2021/08/06","11:00","1.09","-","1.56"
"2021/08/06","12:00","0.869","-","1.33"
"2021/08/06","13:00","0.636","-","1.11"
"2021/08/06","14:00","0.461","-","0.93"
"2021/08/06","15:00","0.379","-","0.75"
"2021/08/06","16:00","0.413","-","0.76"
"2021/08/06","17:00","0.584","-","0.88"
"2021/08/06","18:00","0.87","-","1.13"
"2021/08/06","19:00","1.183","-","1.41"
"2021/08/06","20:00","1.422","-","1.66"
"2021/08/06","21:00","1.544","-","1.75"
"2021/08/06","22:00","1.553","-","1.74"
"2021/08/06","23:00","1.449","-","1.64"
"2021/08/07","00:00","1.239","-","1.44"
"2021/08/07","01:00","0.969","-","1.23"
"2021/08/07","02:00","0.707","-","0.95"
"2021/08/07","03:00","0.502","-","0.79"
"2021/08/07","04:00","0.388","-","0.71"
"2021/08/07","05:00","0.408","-","0.77"
"2021/08/07","06:00","0.58","-","0.97"
"2021/08/07","07:00","0.847","-","1.24"
"2021/08/07","08:00","1.101","-","1.53"
"2021/08/07","09:00","1.261","-","1.71"
"2021/08/07","10:00","1.308","-","1.72"
"2021/08/07","11:00","1.243","-","1.61"
"2021/08/07","12:00","1.068","-","1.52"
"2021/08/07","13:00","0.82","-","1.37"
"2021/08/07","14:00","0.574","-","1.12"
"2021/08/07","15:00","0.401","-","0.98"
"2021/08/07","16:00","0.338","-","0.97"
"2021/08/07","17:00","0.411","-","0.9"
"2021/08/07","18:00","0.634","-","1.21"
"2021/08/07","19:00","0.962","-","1.4"
"2021/08/07","20:00","1.285","-","1.63"
"2021/08/07","21:00","1.504","-","1.92"
"2021/08/07","22:00","1.59","-","1.94"
"2021/08/07","23:00","1.557","-","2.01"
"2021/08/08","00:00","1.41","-","1.84"
"2021/08/08","01:00","1.163","-","1.57"
"2021/08/08","02:00","0.869","-","1.24"
"2021/08/08","03:00","0.6","-","0.96"
"2021/08/08","04:00","0.41","-","0.7"
"2021/08/08","05:00","0.339","-","0.57"
"2021/08/08","06:00","0.423","-","0.65"
"2021/08/08","07:00","0.659","-","0.9"
"2021/08/08","08:00","0.962","-","1.2"
"2021/08/08","09:00","1.212","-","1.47"
"2021/08/08","10:00","1.344","-","1.64"
"2021/08/08","11:00","1.351","-","1.6"
"2021/08/08","12:00","1.245","-","1.5"
"2021/08/08","13:00","1.033","-","1.27"
"2021/08/08","14:00","0.761","-","0.99"
"2021/08/08","15:00","0.51","-","0.72"
"2021/08/08","16:00","0.349","-","0.54"
"2021/08/08","17:00","0.317","-","0.46"
"2021/08/08","18:00","0.439","-","0.63"
"2021/08/08","19:00","0.712","-","0.94"
"2021/08/08","20:00","1.068","-","1.29"
"2021/08/08","21:00","1.384","-","1.6"
"2021/08/08","22:00","1.569","-","1.8"
"2021/08/08","23:00","1.611","-","1.85"
"2021/08/09","00:00","1.531","-","1.8"
"2021/08/09","01:00","1.34","-","1.65"
"2021/08/09","02:00","1.059","-","1.39"
"2021/08/09","03:00","0.75","-","1.11"
"2021/08/09","04:00","0.49","-","0.9"
"2021/08/09","05:00","0.334","-","0.76"
"2021/08/09","06:00","0.32","-","0.81"
"2021/08/09","07:00","0.474","-","0.99"
"2021/08/09","08:00","0.766","-","1.29"
"2021/08/09","09:00","1.088","-","1.58"
"2021/08/09","10:00","1.321","-","1.86"
"2021/08/09","11:00","1.414","-","1.95"
"2021/08/09","12:00","1.379","-","1.92"
"2021/08/09","13:00","1.231","-","1.77"
"2021/08/09","14:00","0.987","-","1.51"
"2021/08/09","15:00","0.699","-","1.25"
"2021/08/09","16:00","0.454","-","0.99"
"2021/08/09","17:00","0.317","-","0.87"
"2021/08/09","18:00","0.323","-","0.91"
"2021/08/09","19:00","0.492","-","1.06"
"2021/08/09","20:00","0.804","-","1.48"
"2021/08/09","21:00","1.17","-","1.77"
"2021/08/09","22:00","1.462","-","2.05"
"2021/08/09","23:00","1.604","-","2.17"
"2021/08/10","00:00","1.599","-","2.16"
"2021/08/10","01:00","1.474","-","2.04"
"2021/08/10","02:00","1.244","-","1.81"
"2021/08/10","03:00","0.939","-","1.51"
"2021/08/10","04:00","0.631","-","1.2"
"2021/08/10","05:00","0.397","-","1.02"
"2021/08/10","06:00","0.288","-","0.94"
"2021/08/10","07:00","0.337","-","0.95"
"2021/08/10","08:00","0.555","-","1.15"
"2021/08/10","09:00","0.888","-","1.5"
"2021/08/10","10:00","1.213","-","1.86"
"2021/08/10","11:00","1.418","-","2.1"
"2021/08/10","12:00","1.471","-","2.16"
"2021/08/10","13:00","1.393","-","2.08"
"2021/08/10","14:00","1.207","-","1.87"
"2021/08/10","15:00","0.937","-","1.55"
"2021/08/10","16:00","0.645","-","1.26"
"2021/08/10","17:00","0.416","-","1.03"
"2021/08/10","18:00","0.309","-","0.93"
"2021/08/10","19:00","0.352","-","0.96"
"2021/08/10","20:00","0.557","-","1.14"
"2021/08/10","21:00","0.892","-","1.47"
"2021/08/10","22:00","1.251","-","1.89"
"2021/08/10","23:00","1.509","-","2.12"
"2021/08/11","00:00","1.605","-","2.2"
"2021/08/11","01:00","1.556","-","2.16"
"2021/08/11","02:00","1.392","-","2.01"
"2021/08/11","03:00","1.134","-","1.69"
"2021/08/11","04:00","0.82","-","1.37"
"2021/08/11","05:00","0.529","-","1.08"
"2021/08/11","06:00","0.333","-","0.9"
"2021/08/11","07:00","0.276","-","0.79"
"2021/08/11","08:00","0.385","-","0.86"
"2021/08/11","09:00","0.655","-","1.06"
"2021/08/11","10:00","1.014","-","1.49"
"2021/08/11","11:00","1.33","-","1.84"
"2021/08/11","12:00","1.5","-","2.03"
"2021/08/11","13:00","1.511","-","2.03"
"2021/08/11","14:00","1.396","-","1.85"
"2021/08/11","15:00","1.18","-","1.57"
"2021/08/11","16:00","0.896","-","1.24"
"2021/08/11","17:00","0.611","-","0.97"
"2021/08/11","18:00","0.403","-","0.77"
"2021/08/11","19:00","0.322","-","0.7"
"2021/08/11","20:00","0.391","-","0.68"
"2021/08/11","21:00","0.618","-","1.03"
"2021/08/11","22:00","0.959","-","1.38"
"2021/08/11","23:00","1.3","-","1.7"
"2021/08/12","00:00","1.52","-","1.92"
"2021/08/12","01:00","1.573","-","1.9"
"2021/08/12","02:00","1.486","-","1.84"
"2021/08/12","03:00","1.296","-","1.63"
"2021/08/12","04:00","1.024","-","1.25"
"2021/08/12","05:00","0.719","-","0.91"
"2021/08/12","06:00","0.456","-","0.68"
"2021/08/12","07:00","0.302","-","0.55"
"2021/08/12","08:00","0.294","-","0.56"
"2021/08/12","09:00","0.452","-","0.71"
"2021/08/12","10:00","0.761","-","1.03"
"2021/08/12","11:00","1.133","-","1.39"
"2021/08/12","12:00","1.43","-","1.68"
"2021/08/12","13:00","1.565","-","1.79"
"2021/08/12","14:00","1.539","-","1.79"
"2021/08/12","15:00","1.394","-","1.65"
"2021/08/12","16:00","1.16","-","1.37"
"2021/08/12","17:00","0.873","-","1.1"
"2021/08/12","18:00","0.6","-","0.83"
"2021/08/12","19:00","0.41","-","0.66"
"2021/08/12","20:00","0.346","-","0.58"
"2021/08/12","21:00","0.428","-","0.7"
"2021/08/12","22:00","0.664","-","0.95"
"2021/08/12","23:00","1","-","1.28"
"2021/08/13","00:00","1.315","-","1.63"
"2021/08/13","01:00","1.496","-","1.75"
"2021/08/13","02:00","1.513","-","1.76"
"2021/08/13","03:00","1.403","-","1.66"
"2021/08/13","04:00","1.201","-","1.44"
"2021/08/13","05:00","0.932","-","1.19"
"2021/08/13","06:00","0.645","-","0.89"
"2021/08/13","07:00","0.415","-","0.74"
"2021/08/13","08:00","0.299","-","0.59"
"2021/08/13","09:00","0.33","-","0.63"
"2021/08/13","10:00","0.526","-","0.82"
"2021/08/13","11:00","0.862","-","1.16"
"2021/08/13","12:00","1.235","-","1.55"
"2021/08/13","13:00","1.509","-","1.82"
"2021/08/13","14:00","1.61","-","1.9"
"2021/08/13","15:00","1.558","-","1.86"
"2021/08/13","16:00","1.397","-","1.72"
"2021/08/13","17:00","1.158","-","1.45"
"2021/08/13","18:00","0.875","-","1.16"
"2021/08/13","19:00","0.612","-","0.96"
"2021/08/13","20:00","0.433","-","0.78"
"2021/08/13","21:00","0.372","-","1.01"
"2021/08/13","22:00","0.456","-","0.86"
"2021/08/13","23:00","0.69","-","0.96"
"2021/08/14","00:00","1.012","-","1.23"
"2021/08/14","01:00","1.298","-","1.52"
"2021/08/14","02:00","1.445","-","1.63"
"2021/08/14","03:00","1.44","-","1.56"
"2021/08/14","04:00","1.322","-","1.48"
"2021/08/14","05:00","1.123","-","1.28"
"2021/08/14","06:00","0.865","-","1.04"
"2021/08/14","07:00","0.6","-","0.81"
"2021/08/14","08:00","0.398","-","0.63"
"2021/08/14","09:00","0.311","-","0.54"
"2021/08/14","10:00","0.372","-","0.59"
"2021/08/14","11:00","0.595","-","0.84"
"2021/08/14","12:00","0.946","-","1.27"
"2021/08/14","13:00","1.311","-","1.59"
"2021/08/14","14:00","1.56","-","1.85"
"2021/08/14","15:00","1.638","-","1.89"
"2021/08/14","16:00","1.574","-","1.87"
"2021/08/14","17:00","1.412","-","1.79"
"2021/08/14","18:00","1.176","-","1.61"
"2021/08/14","19:00","0.898","-","1.2"
"2021/08/14","20:00","0.641","-","0.76"
"2021/08/14","21:00","0.462","-","0.61"
"2021/08/14","22:00","0.396","-","0.51"
"2021/08/14","23:00","0.474","-","0.65"
"2021/08/15","00:00","0.698","-","0.99"
"2021/08/15","01:00","1.001","-","1.38"
"2021/08/15","02:00","1.258","-","1.56"
"2021/08/15","03:00","1.382","-","1.78"
"2021/08/15","04:00","1.37","-","1.74"
"2021/08/15","05:00","1.26","-","1.62"
"2021/08/15","06:00","1.072","-","1.41"
"2021/08/15","07:00","0.828","-","1.15"
"2021/08/15","08:00","0.58","-","0.96"
"2021/08/15","09:00","0.398","-","0.81"
"2021/08/15","10:00","0.331","-","0.73"
"2021/08/15","11:00","0.409","-","0.76"
"2021/08/15","12:00","0.647","-","1.04"
"2021/08/15","13:00","1.002","-","1.42"
"2021/08/15","14:00","1.354","-","1.79"
"2021/08/15","15:00","1.584","-","1.99"
"2021/08/15","16:00","1.653","-","2.08"
"2021/08/15","17:00","1.595","-","2.07"
"2021/08/15","18:00","1.442","-","1.98"
"2021/08/15","19:00","1.211","-","1.75"
"2021/08/15","20:00","0.936","-","1.47"
"2021/08/15","21:00","0.679","-","1.21"
"2021/08/15","22:00","0.493","-","1.07"
"2021/08/15","23:00","0.416","-","0.97"
"2021/08/16","00:00","0.48","-","1.08"
"2021/08/16","01:00","0.689","-","1.34"
"2021/08/16","02:00","0.971","-","1.61"
"2021/08/16","03:00","1.209","-","1.87"
"2021/08/16","04:00","1.325","-","1.96"
"2021/08/16","05:00","1.322","-","1.98"
"2021/08/16","06:00","1.227","-","1.91"
"2021/08/16","07:00","1.051","-","1.73"
"2021/08/16","08:00","0.816","-","1.49"
"2021/08/16","09:00","0.578","-","1.26"
"2021/08/16","10:00","0.407","-","1.1"
"2021/08/16","11:00","0.348","-","1.02"
"2021/08/16","12:00","0.432","-","1.07"
"2021/08/16","13:00","0.673","-","1.32"
"2021/08/16","14:00","1.023","-","1.7"
"2021/08/16","15:00","1.364","-","2.06"
"2021/08/16","16:00","1.588","-","2.28"
"2021/08/16","17:00","1.665","-","2.37"
"2021/08/16","18:00","1.623","-","2.33"
"2021/08/16","19:00","1.483","-","2.21"
"2021/08/16","20:00","1.255","-","1.97"
"2021/08/16","21:00","0.979","-","1.65"
"2021/08/16","22:00","0.717","-","1.39"
"2021/08/16","23:00","0.521","-","1.23"
"2021/08/17","00:00","0.426","-","1.12"
"2021/08/17","01:00","0.473","-","1.17"
"2021/08/17","02:00","0.667","-","1.32"
"2021/08/17","03:00","0.936","-","1.58"
"2021/08/17","04:00","1.167","-","1.79"
"2021/08/17","05:00","1.291","-","1.92"
"2021/08/17","06:00","1.306","-","1.96"
"2021/08/17","07:00","1.228","-","1.91"
"2021/08/17","08:00","1.057","-","1.72"
"2021/08/17","09:00","0.822","-","1.44"
"2021/08/17","10:00","0.587","-","1.26"
"2021/08/17","11:00","0.417","-","1.11"
"2021/08/17","12:00","0.355","-","1.06"
"2021/08/17","13:00","0.433","-","1.12"
"2021/08/17","14:00","0.668","-","1.38"
"2021/08/17","15:00","1.012","-","1.74"
"2021/08/17","16:00","1.351","-","2.06"
"2021/08/17","17:00","1.583","-","2.28"
"2021/08/17","18:00","1.679","-","2.35"
"2021/08/17","19:00","1.657","-","2.35"
"2021/08/17","20:00","1.526","-","2.23"
"2021/08/17","21:00","1.297","-","1.93"
"2021/08/17","22:00","1.016","-","1.59"
"2021/08/17","23:00","0.747","-","1.32"
"2021/08/18","00:00","0.536","-","1.17"
"2021/08/18","01:00","0.422","-","1.03"
"2021/08/18","02:00","0.453","-","1.02"
"2021/08/18","03:00","0.639","-","1.17"
"2021/08/18","04:00","0.909","-","1.41"
"2021/08/18","05:00","1.15","-","1.68"
"2021/08/18","06:00","1.293","-","1.84"
"2021/08/18","07:00","1.328","-","1.86"
"2021/08/18","08:00","1.257","-","1.76"
"2021/08/18","09:00","1.082","-","1.59"
"2021/08/18","10:00","0.84","-","1.33"
"2021/08/18","11:00","0.6","-","1.1"
"2021/08/18","12:00","0.422","-","0.87"
"2021/08/18","13:00","0.346","-","0.82"
"2021/08/18","14:00","0.41","-","0.9"
"2021/08/18","15:00","0.639","-","1.16"
"2021/08/18","16:00","0.986","-","1.47"
"2021/08/18","17:00","1.334","-","1.83"
"2021/08/18","18:00","1.582","-","2.06"
"2021/08/18","19:00","1.699","-","2.11"
"2021/08/18","20:00","1.69","-","2.08"
"2021/08/18","21:00","1.559","-","2.01"
"2021/08/18","22:00","1.324","-","1.76"
"2021/08/18","23:00","1.036","-","1.46"
"2021/08/19","00:00","0.757","-","1.19"
"2021/08/19","01:00","0.528","-","1.03"
"2021/08/19","02:00","0.397","-","0.94"
"2021/08/19","03:00","0.424","-","0.97"
"2021/08/19","04:00","0.62","-","1.14"
"2021/08/19","05:00","0.907","-","1.46"
"2021/08/19","06:00","1.169","-","1.75"
"2021/08/19","07:00","1.332","-","1.9"
"2021/08/19","08:00","1.378","-","1.94"
"2021/08/19","09:00","1.304","-","1.77"
"2021/08/19","10:00","1.117","-","1.56"
"2021/08/19","11:00","0.863","-","1.31"
"2021/08/19","12:00","0.611","-","1.08"
"2021/08/19","13:00","0.417","-","0.86"
"2021/08/19","14:00","0.32","-","0.74"
"2021/08/19","15:00","0.373","-","0.7"
"2021/08/19","16:00","0.606","-","0.89"
"2021/08/19","17:00","0.965","-","1.27"
"2021/08/19","18:00","1.329","-","1.65"
"2021/08/19","19:00","1.592","-","1.91"
"2021/08/19","20:00","1.72","-","2.01"
"2021/08/19","21:00","1.712","-","1.98"
"2021/08/19","22:00","1.572","-","1.84"
"2021/08/19","23:00","1.325","-","1.59"
"2021/08/20","00:00","1.028","-","1.28"
"2021/08/20","01:00","0.736","-","1"
"2021/08/20","02:00","0.493","-","0.74"
"2021/08/20","03:00","0.358","-","0.64"
"2021/08/20","04:00","0.399","-","0.71"
"2021/08/20","05:00","0.625","-","0.71"
"2021/08/20","06:00","0.942","-","1.07"
"2021/08/20","07:00","1.225","-","1.4"
"2021/08/20","08:00","1.399","-","1.69"
"2021/08/20","09:00","1.444","-","1.75"
"2021/08/20","10:00","1.356","-","1.68"
"2021/08/20","11:00","1.15","-","1.47"
"2021/08/20","12:00","0.879","-","1.27"
"2021/08/20","13:00","0.612","-","1.02"
"2021/08/20","14:00","0.398","-","0.87"
"2021/08/20","15:00","0.287","-","0.72"
"2021/08/20","16:00","0.341","-","0.73"
"2021/08/20","17:00","0.591","-","0.95"
"2021/08/20","18:00","0.97","-","1.35"
"2021/08/20","19:00","1.345","-","1.69"
"2021/08/20","20:00","1.611","-","1.95"
"2021/08/20","21:00","1.735","-","2.1"
"2021/08/20","22:00","1.714","-","2.03"
"2021/08/20","23:00","1.556","-","1.78"
"2021/08/21","00:00","1.293","-","1.52"
"2021/08/21","01:00","0.984","-","1.22"
"2021/08/21","02:00","0.682","-","1"
"2021/08/21","03:00","0.436","-","0.79"
"2021/08/21","04:00","0.318","-","0.66"
"2021/08/21","05:00","0.397","-","0.73"
"2021/08/21","06:00","0.665","-","1.03"
"2021/08/21","07:00","1.012","-","1.46"
"2021/08/21","08:00","1.307","-","1.73"
"2021/08/21","09:00","1.477","-","1.91"
"2021/08/21","10:00","1.508","-","1.97"
"2021/08/21","11:00","1.398","-","1.93"
"2021/08/21","12:00","1.17","-","1.77"
"2021/08/21","13:00","0.881","-","1.45"
"2021/08/21","14:00","0.599","-","1.18"
"2021/08/21","15:00","0.374","-","0.94"
"2021/08/21","16:00","0.263","-","0.86"
"2021/08/21","17:00","0.335","-","0.88"
"2021/08/21","18:00","0.611","-","1.22"
"2021/08/21","19:00","1.006","-","1.65"
"2021/08/21","20:00","1.379","-","2.07"
"2021/08/21","21:00","1.63","-","2.24"
"2021/08/21","22:00","1.733","-","2.35"
"2021/08/21","23:00","1.688","-","2.28"
"2021/08/22","00:00","1.505","-","2.14"
"2021/08/22","01:00","1.223","-","1.88"
"2021/08/22","02:00","0.904","-","1.54"
"2021/08/22","03:00","0.603","-","1.22"
"2021/08/22","04:00","0.375","-","1.08"
"2021/08/22","05:00","0.297","-","0.98"
"2021/08/22","06:00","0.43","-","1.12"
"2021/08/22","07:00","0.743","-","1.45"
"2021/08/22","08:00","1.108","-","1.8"
"2021/08/22","09:00","1.397","-","2.05"
"2021/08/22","10:00","1.549","-","2.17"
"2021/08/22","11:00","1.555","-","2.22"
"2021/08/22","12:00","1.418","-","2.18"
"2021/08/22","13:00","1.168","-","2"
"2021/08/22","14:00","0.865","-","1.65"
"2021/08/22","15:00","0.577","-","1.23"
"2021/08/22","16:00","0.356","-","1.22"
"2021/08/22","17:00","0.264","-","1.14"
"2021/08/22","18:00","0.368","-","1.19"
"2021/08/22","19:00","0.67","-","1.42"
"2021/08/22","20:00","1.067","-","1.88"
"2021/08/22","21:00","1.419","-","2.24"
"2021/08/22","22:00","1.639","-","2.4"
"2021/08/22","23:00","1.708","-","2.53"
"2021/08/23","00:00","1.63","-","2.52"
"2021/08/23","01:00","1.418","-","2.27"
"2021/08/23","02:00","1.12","-","1.9"
"2021/08/23","03:00","0.802","-","1.55"
"2021/08/23","04:00","0.52","-","1.28"
"2021/08/23","05:00","0.332","-","1.14"
"2021/08/23","06:00","0.312","-","1.1"
"2021/08/23","07:00","0.503","-","1.28"
"2021/08/23","08:00","0.849","-","1.57"
"2021/08/23","09:00","1.214","-","1.9"
"2021/08/23","10:00","1.479","-","2.11"
"2021/08/23","11:00","1.601","-","2.23"
"2021/08/23","12:00","1.575","-","2.22"
"2021/08/23","13:00","1.41","-","2.06"
"2021/08/23","14:00","1.14","-","1.76"
"2021/08/23","15:00","0.833","-","1.42"
"2021/08/23","16:00","0.555","-","1.17"
"2021/08/23","17:00","0.357","-","0.96"
"2021/08/23","18:00","0.3","-","0.89"
"2021/08/23","19:00","0.439","-","0.92"
"2021/08/23","20:00","0.756","-","1.17"
"2021/08/23","21:00","1.138","-","1.55"
"2021/08/23","22:00","1.452","-","1.87"
"2021/08/23","23:00","1.628","-","2.05"
"2021/08/24","00:00","1.657","-","2.07"
"2021/08/24","01:00","1.543","-","1.94"
"2021/08/24","02:00","1.305","-","1.69"
"2021/08/24","03:00","1","-","1.36"
"2021/08/24","04:00","0.699","-","1.07"
"2021/08/24","05:00","0.456","-","0.86"
"2021/08/24","06:00","0.325","-","0.76"
"2021/08/24","07:00","0.369","-","0.8"
"2021/08/24","08:00","0.609","-","1.02"
"2021/08/24","09:00","0.969","-","1.38"
"2021/08/24","10:00","1.313","-","1.7"
"2021/08/24","11:00","1.54","-","1.91"
"2021/08/24","12:00","1.624","-","1.98"
"2021/08/24","13:00","1.564","-","1.9"
"2021/08/24","14:00","1.372","-","1.7"
"2021/08/24","15:00","1.092","-","1.36"
"2021/08/24","16:00","0.796","-","1.05"
"2021/08/24","17:00","0.545","-","0.81"
"2021/08/24","18:00","0.384","-","0.66"
"2021/08/24","19:00","0.366","-","0.6"
"2021/08/24","20:00","0.533","-","0.77"
"2021/08/24","21:00","0.852","-","1.1"
"2021/08/24","22:00","1.202","-","1.47"
"2021/08/24","23:00","1.467","-","1.74"
"2021/08/25","00:00","1.595","-","1.84"
"2021/08/25","01:00","1.582","-","1.84"
"2021/08/25","02:00","1.434","-","1.72"
"2021/08/25","03:00","1.18","-","1.48"
"2021/08/25","04:00","0.884","-","1.2"
"2021/08/25","05:00","0.618","-","0.96"
"2021/08/25","06:00","0.428","-","0.8"
"2021/08/25","07:00","0.359","-","0.76"
"2021/08/25","08:00","0.461","-","0.81"
"2021/08/25","09:00","0.733","-","1.06"
"2021/08/25","10:00","1.087","-","1.39"
"2021/08/25","11:00","1.394","-","1.7"
"2021/08/25","12:00","1.575","-","1.84"
"2021/08/25","13:00","1.616","-","1.85"
"2021/08/25","14:00","1.523","-","1.73"
"2021/08/25","15:00","1.313","-","1.52"
"2021/08/25","16:00","1.036","-","1.24"
"2021/08/25","17:00","0.765","-","0.98"
"2021/08/25","18:00","0.552","-","0.81"
"2021/08/25","19:00","0.432","-","0.71"
"2021/08/25","20:00","0.449","-","0.76"
"2021/08/25","21:00","0.633","-","0.89"
"2021/08/25","22:00","0.938","-","1.21"
"2021/08/25","23:00","1.247","-","1.54"
"2021/08/26","00:00","1.459","-","1.77"
"2021/08/26","01:00","1.539","-","1.83"
"2021/08/26","02:00","1.488","-","1.8"
"2021/08/26","03:00","1.317","-","1.65"
"2021/08/26","04:00","1.061","-","1.41"
"2021/08/26","05:00","0.791","-","1.17"
"2021/08/26","06:00","0.571","-","0.97"
"2021/08/26","07:00","0.439","-","0.86"
"2021/08/26","08:00","0.428","-","0.82"
"2021/08/26","09:00","0.574","-","0.93"
"2021/08/26","10:00","0.861","-","1.23"
"2021/08/26","11:00","1.192","-","1.55"
"2021/08/26","12:00","1.452","-","1.77"
"2021/08/26","13:00","1.582","-","1.88"
"2021/08/26","14:00","1.583","-","1.88"
"2021/08/26","15:00","1.464","-","1.8"
"2021/08/26","16:00","1.247","-","1.59"
"2021/08/26","17:00","0.986","-","1.31"
"2021/08/26","18:00","0.749","-","1.1"
"2021/08/26","19:00","0.575","-","0.96"
"2021/08/26","20:00","0.49","-","0.93"
"2021/08/26","21:00","0.533","-","0.97"
"2021/08/26","22:00","0.724","-","1.14"
"2021/08/26","23:00","1.006","-","1.42"
"2021/08/27","00:00","1.269","-","1.67"
"2021/08/27","01:00","1.429","-","1.82"
"2021/08/27","02:00","1.467","-","1.84"
"2021/08/27","03:00","1.389","-","1.74"
"2021/08/27","04:00","1.208","-","1.54"
"2021/08/27","05:00","0.964","-","1.3"
"2021/08/27","06:00","0.729","-","1.07"
"2021/08/27","07:00","0.559","-","0.9"
"2021/08/27","08:00","0.479","-","0.79"
"2021/08/27","09:00","0.515","-","0.79"
"2021/08/27","10:00","0.693","-","0.98"
"2021/08/27","11:00","0.98","-","1.24"
"2021/08/27","12:00","1.277","-","1.58"
"2021/08/27","13:00","1.484","-","1.78"
"2021/08/27","14:00","1.567","-","1.81"
"2021/08/27","15:00","1.535","-","1.75"
"2021/08/27","16:00","1.401","-","1.59"
"2021/08/27","17:00","1.188","-","1.35"
"2021/08/27","18:00","0.951","-","1.08"
"2021/08/27","19:00","0.747","-","0.93"
"2021/08/27","20:00","0.605","-","0.84"
"2021/08/27","21:00","0.548","-","0.85"
"2021/08/27","22:00","0.608","-","0.93"
"2021/08/27","23:00","0.798","-","1.11"
"2021/08/28","00:00","1.052","-","1.41"
"2021/08/28","01:00","1.267","-","1.8"
"2021/08/28","02:00","1.381","-","1.84"
"2021/08/28","03:00","1.388","-","1.77"
"2021/08/28","04:00","1.297","-","1.54"
"2021/08/28","05:00","1.118","-","1.35"
"2021/08/28","06:00","0.896","-","1.18"
"2021/08/28","07:00","0.698","-","0.98"
"2021/08/28","08:00","0.572","-","0.83"
"2021/08/28","09:00","0.535","-","0.82"
"2021/08/28","10:00","0.607","-","0.86"
"2021/08/28","11:00","0.804","-","1.05"
"2021/08/28","12:00","1.08","-","1.37"
"2021/08/28","13:00","1.337","-","1.61"
"2021/08/28","14:00","1.494","-","1.82"
"2021/08/28","15:00","1.538","-","1.82"
"2021/08/28","16:00","1.487","-","1.79"
"2021/08/28","17:00","1.349","-","1.65"
"2021/08/28","18:00","1.146","-","1.52"
"2021/08/28","19:00","0.931","-","1.33"
"2021/08/28","20:00","0.754","-","1.12"
"2021/08/28","21:00","0.637","-","1.03"
"2021/08/28","22:00","0.598","-","1.02"
"2021/08/28","23:00","0.67","-","1.19"
"2021/08/29","00:00","0.852","-","1.41"
"2021/08/29","01:00","1.076","-","1.69"
"2021/08/29","02:00","1.248","-","1.84"
"2021/08/29","03:00","1.328","-","1.93"
"2021/08/29","04:00","1.318","-","1.9"
"2021/08/29","05:00","1.224","-","1.85"
"2021/08/29","06:00","1.054","-","1.76"
"2021/08/29","07:00","0.853","-","1.57"
"2021/08/29","08:00","0.686","-","1.46"
"2021/08/29","09:00","0.595","-","1.42"
"2021/08/29","10:00","0.591","-","1.44"
"2021/08/29","11:00","0.691","-","1.61"
"2021/08/29","12:00","0.897","-","1.85"
"2021/08/29","13:00","1.155","-","2.11"
"2021/08/29","14:00","1.372","-","2.28"
"2021/08/29","15:00","1.489","-","2.38"
"2021/08/29","16:00","1.509","-","2.4"
"2021/08/29","17:00","1.451","-","2.28"
"2021/08/29","18:00","1.316","-","2.11"
"2021/08/29","19:00","1.123","-","1.94"
"2021/08/29","20:00","0.924","-","1.8"
"2021/08/29","21:00","0.765","-","1.62"
"2021/08/29","22:00","0.663","-","1.56"
"2021/08/29","23:00","0.637","-","1.52"
"2021/08/30","00:00","0.716","-","1.61"
"2021/08/30","01:00","0.888","-","1.82"
"2021/08/30","02:00","1.082","-","2"
"2021/08/30","03:00","1.222","-","2.1"
"2021/08/30","04:00","1.282","-","2.13"
"2021/08/30","05:00","1.268","-","2.06"
"2021/08/30","06:00","1.176","-","1.95"
"2021/08/30","07:00","1.014","-","1.8"
"2021/08/30","08:00","0.827","-","1.59"
"2021/08/30","09:00","0.683","-","1.42"
"2021/08/30","10:00","0.616","-","1.33"
"2021/08/30","11:00","0.637","-","1.34"
"2021/08/30","12:00","0.755","-","1.48"
"2021/08/30","13:00","0.964","-","1.69"
"2021/08/30","14:00","1.202","-","1.92"
"2021/08/30","15:00","1.387","-","2.05"
"2021/08/30","16:00","1.48","-","2.15"
"2021/08/30","17:00","1.492","-","2.14"
"2021/08/30","18:00","1.435","-","2.09"
"2021/08/30","19:00","1.302","-","2.01"
"2021/08/30","20:00","1.113","-","1.86"
"2021/08/30","21:00","0.922","-","1.77"
"2021/08/30","22:00","0.771","-","1.59"
"2021/08/30","23:00","0.679","-","1.36"
"2021/08/31","00:00","0.662","-","1.48"
"2021/08/31","01:00","0.745","-","1.5"
"2021/08/31","02:00","0.908","-","1.65"
"2021/08/31","03:00","1.082","-","1.75"
"2021/08/31","04:00","1.203","-","1.86"
"2021/08/31","05:00","1.257","-","2.04"
"2021/08/31","06:00","1.244","-","2.02"
"2021/08/31","07:00","1.153","-","1.92"
"2021/08/31","08:00","0.99","-","1.53"
"2021/08/31","09:00","0.809","-","1.39"
"2021/08/31","10:00","0.678","-","1.28"
"2021/08/31","11:00","0.628","-","1.28"
"2021/08/31","12:00","0.665","-","1.29"
"2021/08/31","13:00","0.795","-","1.42"
"2021/08/31","14:00","1.004","-","1.63"
"2021/08/31","15:00","1.229","-","1.82"
"2021/08/31","16:00","1.397","-","1.99"
"2021/08/31","17:00","1.482","-","2.09"
"2021/08/31","18:00","1.496","-","2.09"
"2021/08/31","19:00","1.439","-","2.02"
"2021/08/31","20:00","1.301","-","1.88"
"2021/08/31","21:00","1.107","-","1.75"
"2021/08/31","22:00","0.915","-","1.54"
"2021/08/31","23:00","0.768","-","1.39"
"2021/09/01","00:00","0.679","-","1.34"
"2021/09/01","01:00","0.669","-","1.37"
"2021/09/01","02:00","0.757","-","1.47"
"2021/09/01","03:00","0.92","-","1.62"
"2021/09/01","04:00","1.088","-","1.74"
"2021/09/01","05:00","1.207","-","1.85"
"2021/09/01","06:00","1.263","-","1.9"
"2021/09/01","07:00","1.249","-","1.87"
"2021/09/01","08:00","1.148","-","1.74"
"2021/09/01","09:00","0.974","-","1.58"
"2021/09/01","10:00","0.79","-","1.44"
"2021/09/01","11:00","0.665","-","1.38"
"2021/09/01","12:00","0.624","-","1.31"
"2021/09/01","13:00","0.67","-","1.38"
"2021/09/01","14:00","0.809","-","1.54"
"2021/09/01","15:00","1.025","-","1.9"
"2021/09/01","16:00","1.25","-","2.03"
"2021/09/01","17:00","1.417","-","2.28"
"2021/09/01","18:00","1.505","-","2.19"
"2021/09/01","19:00","1.521","-","2.3"
"2021/09/01","20:00","1.455","-","2.19"
"2021/09/01","21:00","1.301","-","2.02"
"2021/09/01","22:00","1.093","-","1.93"
"2021/09/01","23:00","0.894","-","1.96"
"2021/09/02","00:00","0.744","-","1.97"
"2021/09/02","01:00","0.656","-","1.95"
"2021/09/02","02:00","0.655","-","1.92"
"2021/09/02","03:00","0.759","-","1.89"
"2021/09/02","04:00","0.938","-","1.89"
"2021/09/02","05:00","1.116","-","1.92"
"2021/09/02","06:00","1.242","-","1.93"
"2021/09/02","07:00","1.299","-","1.94"
"2021/09/02","08:00","1.273","-","1.93"
"2021/09/02","09:00","1.151","-","1.74"
"2021/09/02","10:00","0.958","-","1.49"
"2021/09/02","11:00","0.766","-","1.29"
"2021/09/02","12:00","0.639","-","1.18"
"2021/09/02","13:00","0.599","-","1.14"
"2021/09/02","14:00","0.652","-","1.2"
"2021/09/02","15:00","0.807","-","1.37"
"2021/09/02","16:00","1.042","-","1.57"
"2021/09/02","17:00","1.282","-","1.71"
"2021/09/02","18:00","1.458","-","1.86"
"2021/09/02","19:00","1.55","-","1.93"
"2021/09/02","20:00","1.558","-","1.98"
"2021/09/02","21:00","1.47","-","1.9"
"2021/09/02","22:00","1.289","-","1.78"
"2021/09/02","23:00","1.061","-","1.65"
"2021/09/03","00:00","0.85","-","1.44"
"2021/09/03","01:00","0.693","-","1.28"
"2021/09/03","02:00","0.609","-","1.25"
"2021/09/03","03:00","0.628","-","1.33"
"2021/09/03","04:00","0.766","-","1.53"
"2021/09/03","05:00","0.977","-","1.81"
"2021/09/03","06:00","1.177","-","2.17"
"2021/09/03","07:00","1.31","-","2.33"
"2021/09/03","08:00","1.357","-","2.34"
"2021/09/03","09:00","1.307","-","2.3"
"2021/09/03","10:00","1.153","-","2.17"
"2021/09/03","11:00","0.935","-","1.95"
"2021/09/03","12:00","0.729","-","1.73"
"2021/09/03","13:00","0.595","-","1.58"
"2021/09/03","14:00","0.555","-","1.49"
"2021/09/03","15:00","0.621","-","1.51"
"2021/09/03","16:00","0.806","-","1.6"
"2021/09/03","17:00","1.074","-","1.88"
"2021/09/03","18:00","1.338","-","2.13"
"2021/09/03","19:00","1.523","-","2.3"
"2021/09/03","20:00","1.607","-","2.39"
"2021/09/03","21:00","1.592","-","2.36"
"2021/09/03","22:00","1.471","-","2.28"
"2021/09/03","23:00","1.255","-","2.05"
"2021/09/04","00:00","1.002","-","1.82"
"2021/09/04","01:00","0.776","-","1.61"
"2021/09/04","02:00","0.615","-","1.45"
"2021/09/04","03:00","0.545","-","1.44"
"2021/09/04","04:00","0.605","-","1.45"
"2021/09/04","05:00","0.796","-","1.59"
"2021/09/04","06:00","1.051","-","1.83"
"2021/09/04","07:00","1.272","-","1.99"
"2021/09/04","08:00","1.401","-","2.04"
"2021/09/04","09:00","1.425","-","1.99"
"2021/09/04","10:00","1.338","-","1.82"
"2021/09/04","11:00","1.146","-","1.61"
"2021/09/04","12:00","0.899","-","1.34"
"2021/09/04","13:00","0.676","-","1.17"
"2021/09/04","14:00","0.535","-","0.96"
"2021/09/04","15:00","0.5","-","0.88"
"2021/09/04","16:00","0.594","-","0.95"
"2021/09/04","17:00","0.824","-","1.15"
"2021/09/04","18:00","1.134","-","1.45"
"2021/09/04","19:00","1.419","-","1.74"
"2021/09/04","20:00","1.6","-","1.92"
"2021/09/04","21:00","1.662","-","1.97"
"2021/09/04","22:00","1.61","-","1.92"
"2021/09/04","23:00","1.446","-","1.77"
"2021/09/05","00:00","1.191","-","1.51"
"2021/09/05","01:00","0.912","-","1.21"
"2021/09/05","02:00","0.674","-","1.01"
"2021/09/05","03:00","0.519","-","0.88"
"2021/09/05","04:00","0.485","-","0.87"
"2021/09/05","05:00","0.606","-","0.99"
"2021/09/05","06:00","0.863","-","1.23"
"2021/09/05","07:00","1.161","-","1.48"
"2021/09/05","08:00","1.391","-","1.65"
"2021/09/05","09:00","1.5","-","1.74"
"2021/09/05","10:00","1.488","-","1.77"
"2021/09/05","11:00","1.357","-","1.66"
"2021/09/05","12:00","1.124","-","1.45"
"2021/09/05","13:00","0.847","-","1.25"
"2021/09/05","14:00","0.609","-","1"
"2021/09/05","15:00","0.465","-","0.9"
"2021/09/05","16:00","0.449","-","0.89"
"2021/09/05","17:00","0.586","-","1.04"
"2021/09/05","18:00","0.87","-","1.35"
"2021/09/05","19:00","1.219","-","1.75"
"2021/09/05","20:00","1.51","-","2.04"
"2021/09/05","21:00","1.671","-","2.19"
"2021/09/05","22:00","1.697","-","2.17"
"2021/09/05","23:00","1.6","-","2.04"
"2021/09/06","00:00","1.388","-","1.79"
"2021/09/06","01:00","1.097","-","1.46"
"2021/09/06","02:00","0.796","-","1.12"
"2021/09/06","03:00","0.558","-","0.89"
"2021/09/06","04:00","0.429","-","0.8"
"2021/09/06","05:00","0.452","-","0.84"
"2021/09/06","06:00","0.648","-","0.98"
"2021/09/06","07:00","0.971","-","1.28"
"2021/09/06","08:00","1.297","-","1.53"
"2021/09/06","09:00","1.517","-","1.73"
"2021/09/06","10:00","1.593","-","1.82"
"2021/09/06","11:00","1.535","-","1.79"
"2021/09/06","12:00","1.356","-","1.62"
"2021/09/06","13:00","1.082","-","1.35"
"2021/09/06","14:00","0.78","-","1.04"
"2021/09/06","15:00","0.534","-","0.82"
"2021/09/06","16:00","0.402","-","0.68"
"2021/09/06","17:00","0.419","-","0.68"
"2021/09/06","18:00","0.608","-","0.88"
"2021/09/06","19:00","0.942","-","1.23"
"2021/09/06","20:00","1.313","-","1.64"
"2021/09/06","21:00","1.593","-","1.89"
"2021/09/06","22:00","1.719","-","1.94"
"2021/09/06","23:00","1.699","-","1.92"
"2021/09/07","00:00","1.555","-","1.79"
"2021/09/07","01:00","1.299","-","1.52"
"2021/09/07","02:00","0.978","-","1.23"
"2021/09/07","03:00","0.67","-","0.98"
"2021/09/07","04:00","0.45","-","0.82"
"2021/09/07","05:00","0.368","-","0.75"
"2021/09/07","06:00","0.462","-","0.83"
"2021/09/07","07:00","0.734","-","1.13"
"2021/09/07","08:00","1.107","-","1.49"
"2021/09/07","09:00","1.442","-","1.82"
"2021/09/07","10:00","1.635","-","1.99"
"2021/09/07","11:00","1.666","-","2.01"
"2021/09/07","12:00","1.56","-","1.94"
"2021/09/07","13:00","1.335","-","1.74"
"2021/09/07","14:00","1.026","-","1.44"
"2021/09/07","15:00","0.709","-","1.14"
"2021/09/07","16:00","0.468","-","0.93"
"2021/09/07","17:00","0.359","-","0.81"
"2021/09/07","18:00","0.417","-","0.85"
"2021/09/07","19:00","0.655","-","1.08"
"2021/09/07","20:00","1.022","-","1.42"
"2021/09/07","21:00","1.395","-","1.74"
"2021/09/07","22:00","1.647","-","1.98"
"2021/09/07","23:00","1.73","-","2.04"
"2021/09/08","00:00","1.665","-","2.03"
"2021/09/08","01:00","1.477","-","1.89"
"2021/09/08","02:00","1.188","-","1.59"
"2021/09/08","03:00","0.853","-","1.26"
"2021/09/08","04:00","0.557","-","0.98"
"2021/09/08","05:00","0.375","-","0.85"
"2021/09/08","06:00","0.352","-","0.85"
"2021/09/08","07:00","0.517","-","1"
"2021/09/08","08:00","0.851","-","1.35"
"2021/09/08","09:00","1.252","-","1.76"
"2021/09/08","10:00","1.575","-","2.11"
"2021/09/08","11:00","1.729","-","2.28"
"2021/09/08","12:00","1.714","-","2.27"
"2021/09/08","13:00","1.562","-","2.16"
"2021/09/08","14:00","1.299","-","1.9"
"2021/09/08","15:00","0.967","-","1.55"
"2021/09/08","16:00","0.649","-","1.35"
"2021/09/08","17:00","0.425","-","0.97"
"2021/09/08","18:00","0.346","-","1.1"
"2021/09/08","19:00","0.441","-","0.9"
"2021/09/08","20:00","0.713","-","1.3"
"2021/09/08","21:00","1.094","-","1.56"
"2021/09/08","22:00","1.45","-","1.92"
"2021/09/08","23:00","1.663","-","2.11"
"2021/09/09","00:00","1.702","-","2.17"
"2021/09/09","01:00","1.598","-","2.12"
"2021/09/09","02:00","1.378","-","1.92"
"2021/09/09","03:00","1.071","-","1.6"
"2021/09/09","04:00","0.741","-","1.38"
"2021/09/09","05:00","0.476","-","1.15"
"2021/09/09","06:00","0.342","-","1.12"
"2021/09/09","07:00","0.379","-","1.28"
"2021/09/09","08:00","0.603","-","1.43"
"2021/09/09","09:00","0.979","-","1.81"
"2021/09/09","10:00","1.387","-","2.19"
"2021/09/09","11:00","1.682","-","2.44"
"2021/09/09","12:00","1.794","-","2.54"
"2021/09/09","13:00","1.735","-","2.49"
"2021/09/09","14:00","1.547","-","2.3"
"2021/09/09","15:00","1.258","-","1.91"
"2021/09/09","16:00","0.92","-","1.5"
"2021/09/09","17:00","0.615","-","1.2"
"2021/09/09","18:00","0.414","-","0.97"
"2021/09/09","19:00","0.36","-","0.93"
"2021/09/09","20:00","0.479","-","1.01"
"2021/09/09","21:00","0.766","-","1.29"
"2021/09/09","22:00","1.142","-","1.65"
"2021/09/09","23:00","1.468","-","1.97"
"2021/09/10","00:00","1.64","-","2.14"
"2021/09/10","01:00","1.641","-","2.15"
"2021/09/10","02:00","1.509","-","2.01"
"2021/09/10","03:00","1.273","-","1.79"
"2021/09/10","04:00","0.966","-","1.49"
"2021/09/10","05:00","0.66","-","1.2"
"2021/09/10","06:00","0.436","-","1.01"
"2021/09/10","07:00","0.35","-","0.92"
"2021/09/10","08:00","0.435","-","0.97"
"2021/09/10","09:00","0.7","-","1.19"
"2021/09/10","10:00","1.096","-","1.66"
"2021/09/10","11:00","1.492","-","2.06"
"2021/09/10","12:00","1.753","-","2.32"
"2021/09/10","13:00","1.824","-","2.37"
"2021/09/10","14:00","1.733","-","2.28"
"2021/09/10","15:00","1.524","-","2.07"
"2021/09/10","16:00","1.228","-","1.74"
"2021/09/10","17:00","0.899","-","1.38"
"2021/09/10","18:00","0.614","-","1.06"
"2021/09/10","19:00","0.433","-","0.8"
"2021/09/10","20:00","0.394","-","0.77"
"2021/09/10","21:00","0.521","-","0.83"
"2021/09/10","22:00","0.806","-","1.12"
"2021/09/10","23:00","1.163","-","1.46"
"2021/09/11","00:00","1.453","-","1.78"
"2021/09/11","01:00","1.586","-","1.86"
"2021/09/11","02:00","1.56","-","1.91"
"2021/09/11","03:00","1.416","-","1.8"
"2021/09/11","04:00","1.181","-","1.63"
"2021/09/11","05:00","0.892","-","1.34"
"2021/09/11","06:00","0.619","-","1.07"
"2021/09/11","07:00","0.433","-","0.87"
"2021/09/11","08:00","0.384","-","0.77"
"2021/09/11","09:00","0.499","-","0.84"
"2021/09/11","10:00","0.786","-","1.14"
"2021/09/11","11:00","1.184","-","1.5"
"2021/09/11","12:00","1.559","-","1.83"
"2021/09/11","13:00","1.784","-","2.01"
"2021/09/11","14:00","1.823","-","2.03"
"2021/09/11","15:00","1.717","-","1.98"
"2021/09/11","16:00","1.505","-","1.78"
"2021/09/11","17:00","1.219","-","1.47"
"2021/09/11","18:00","0.909","-","1.06"
"2021/09/11","19:00","0.644","-","0.83"
"2021/09/11","20:00","0.474","-","0.66"
"2021/09/11","21:00","0.435","-","0.6"
"2021/09/11","22:00","0.556","-","0.65"
"2021/09/11","23:00","0.829","-","0.9"
"2021/09/12","00:00","1.158","-","1.26"
"2021/09/12","01:00","1.413","-","1.48"
"2021/09/12","02:00","1.516","-","1.58"
"2021/09/12","03:00","1.478","-","1.57"
"2021/09/12","04:00","1.338","-","1.42"
"2021/09/12","05:00","1.118","-","1.16"
"2021/09/12","06:00","0.854","-","0.91"
"2021/09/12","07:00","0.612","-","0.66"
"2021/09/12","08:00","0.455","-","0.51"
"2021/09/12","09:00","0.425","-","0.49"
"2021/09/12","10:00","0.554","-","0.58"
"2021/09/12","11:00","0.846","-","0.87"
"2021/09/12","12:00","1.234","-","1.2"
"2021/09/12","13:00","1.581","-","1.52"
"2021/09/12","14:00","1.775","-","1.73"
"2021/09/12","15:00","1.8","-","1.78"
"2021/09/12","16:00","1.697","-","1.7"
"2021/09/12","17:00","1.5","-","1.48"
"2021/09/12","18:00","1.234","-","1.15"
"2021/09/12","19:00","0.945","-","0.81"
"2021/09/12","20:00","0.692","-","0.53"
"2021/09/12","21:00","0.522","-","0.37"
"2021/09/12","22:00","0.474","-","0.28"
"2021/09/12","23:00","0.583","-","0.3"
"2021/09/13","00:00","0.836","-","0.48"
"2021/09/13","01:00","1.136","-","0.71"
"2021/09/13","02:00","1.36","-","0.93"
"2021/09/13","03:00","1.447","-","1.04"
"2021/09/13","04:00","1.414","-","0.95"
"2021/09/13","05:00","1.291","-","0.84"
"2021/09/13","06:00","1.092","-","0.65"
"2021/09/13","07:00","0.851","-","0.45"
"2021/09/13","08:00","0.629","-","0.23"
"2021/09/13","09:00","0.485","-","0.06"
"2021/09/13","10:00","0.46","-","-0.03"
"2021/09/13","11:00","0.588","-","0.04"
"2021/09/13","12:00","0.873","-","0.31"
"2021/09/13","13:00","1.241","-","0.64"
"2021/09/13","14:00","1.561","-","0.98"
"2021/09/13","15:00","1.738","-","1.17"
"2021/09/13","16:00","1.766","-","1.19"
"2021/09/13","17:00","1.683","-","1.16"
"2021/09/13","18:00","1.512","-","1.02"
"2021/09/13","19:00","1.267","-","0.84"
"2021/09/13","20:00","0.992","-","0.56"
"2021/09/13","21:00","0.744","-","0.33"
"2021/09/13","22:00","0.567","-","0.18"
"2021/09/13","23:00","0.505","-","0.13"
"2021/09/14","00:00","0.597","-","0.25"
"2021/09/14","01:00","0.83","-","0.52"
"2021/09/14","02:00","1.105","-","0.81"
"2021/09/14","03:00","1.31","-","1.04"
"2021/09/14","04:00","1.398","-","1.13"
"2021/09/14","05:00","1.383","-","1.17"
"2021/09/14","06:00","1.283","-","1.18"
"2021/09/14","07:00","1.102","-","1.06"
"2021/09/14","08:00","0.873","-","0.84"
"2021/09/14","09:00","0.658","-","0.61"
"2021/09/14","10:00","0.513","-","0.46"
"2021/09/14","11:00","0.48","-","0.54"
"2021/09/14","12:00","0.596","-","0.69"
"2021/09/14","13:00","0.865","-","1.01"
"2021/09/14","14:00","1.212","-","1.33"
"2021/09/14","15:00","1.512","-","1.64"
"2021/09/14","16:00","1.687","-","1.77"
"2021/09/14","17:00","1.735","-","1.87"
"2021/09/14","18:00","1.682","-","1.88"
"2021/09/14","19:00","1.534","-","1.76"
"2021/09/14","20:00","1.304","-","1.55"
"2021/09/14","21:00","1.036","-","1.24"
"2021/09/14","22:00","0.786","-","1.01"
"2021/09/14","23:00","0.598","-","0.85"
"2021/09/15","00:00","0.52","-","0.81"
"2021/09/15","01:00","0.598","-","0.9"
"2021/09/15","02:00","0.815","-","1.11"
"2021/09/15","03:00","1.077","-","1.39"
"2021/09/15","04:00","1.28","-","1.61"
"2021/09/15","05:00","1.384","-","1.76"
"2021/09/15","06:00","1.394","-","1.84"
"2021/09/15","07:00","1.311","-","1.78"
"2021/09/15","08:00","1.136","-","1.59"
"2021/09/15","09:00","0.907","-","1.38"
"2021/09/15","10:00","0.688","-","1.16"
"2021/09/15","11:00","0.533","-","1"
"2021/09/15","12:00","0.483","-","0.92"
"2021/09/15","13:00","0.579","-","0.97"
"2021/09/15","14:00","0.829","-","1.2"
"2021/09/15","15:00","1.159","-","1.57"
"2021/09/15","16:00","1.454","-","1.89"
"2021/09/15","17:00","1.642","-","2.1"
"2021/09/15","18:00","1.718","-","2.17"
"2021/09/15","19:00","1.691","-","2.15"
"2021/09/15","20:00","1.556","-","2.03"
"2021/09/15","21:00","1.329","-","1.81"
"2021/09/15","22:00","1.061","-","1.47"
"2021/09/15","23:00","0.805","-","1.22"
"2021/09/16","00:00","0.605","-","1.04"
"2021/09/16","01:00","0.515","-","1.02"
"2021/09/16","02:00","0.584","-","1.02"
"2021/09/16","03:00","0.799","-","1.26"
"2021/09/16","04:00","1.065","-","1.54"
"2021/09/16","05:00","1.283","-","1.82"
"2021/09/16","06:00","1.411","-","1.99"
"2021/09/16","07:00","1.442","-","2.05"
"2021/09/16","08:00","1.364","-","1.93"
"2021/09/16","09:00","1.183","-","1.7"
"2021/09/16","10:00","0.944","-","1.46"
"2021/09/16","11:00","0.713","-","1.24"
"2021/09/16","12:00","0.539","-","1.06"
"2021/09/16","13:00","0.466","-","0.96"
"2021/09/16","14:00","0.543","-","1.01"
"2021/09/16","15:00","0.78","-","1.23"
"2021/09/16","16:00","1.107","-","1.54"
"2021/09/16","17:00","1.409","-","1.83"
"2021/09/16","18:00","1.617","-","2.05"
"2021/09/16","19:00","1.716","-","2.15"
"2021/09/16","20:00","1.7","-","2.14"
"2021/09/16","21:00","1.564","-","2.02"
"2021/09/16","22:00","1.331","-","1.78"
"2021/09/16","23:00","1.057","-","1.5"
"2021/09/17","00:00","0.793","-","1.23"
"2021/09/17","01:00","0.583","-","1.07"
"2021/09/17","02:00","0.488","-","1"
"2021/09/17","03:00","0.565","-","1.08"
"2021/09/17","04:00","0.796","-","1.34"
"2021/09/17","05:00","1.084","-","1.65"
"2021/09/17","06:00","1.326","-","1.93"
"2021/09/17","07:00","1.475","-","2.04"
"2021/09/17","08:00","1.513","-","2.12"
"2021/09/17","09:00","1.425","-","2.1"
"2021/09/17","10:00","1.226","-","1.93"
"2021/09/17","11:00","0.971","-","1.65"
"2021/09/17","12:00","0.723","-","1.38"
"2021/09/17","13:00","0.528","-","1.17"
"2021/09/17","14:00","0.434","-","1.09"
"2021/09/17","15:00","0.501","-","1.13"
"2021/09/17","16:00","0.741","-","1.38"
"2021/09/17","17:00","1.077","-","1.77"
"2021/09/17","18:00","1.393","-","2.11"
"2021/09/17","19:00","1.616","-","2.37"
"2021/09/17","20:00","1.722","-","2.44"
"2021/09/17","21:00","1.699","-","2.47"
"2021/09/17","22:00","1.546","-","2.3"
"2021/09/17","23:00","1.299","-","2.04"
"2021/09/18","00:00","1.016","-","1.75"
"2021/09/18","01:00","0.744","-","1.52"
"2021/09/18","02:00","0.531","-","1.35"
"2021/09/18","03:00","0.449","-","1.28"
"2021/09/18","04:00","0.556","-","1.37"
"2021/09/18","05:00","0.823","-","1.66"
"2021/09/18","06:00","1.142","-","1.98"
"2021/09/18","07:00","1.405","-","2.23"
"2021/09/18","08:00","1.56","-","2.34"
"2021/09/18","09:00","1.587","-","2.33"
"2021/09/18","10:00","1.477","-","2.27"
"2021/09/18","11:00","1.254","-","2.06"
"2021/09/18","12:00","0.979","-","1.78"
"2021/09/18","13:00","0.713","-","1.49"
"2021/09/18","14:00","0.5","-","1.31"
"2021/09/18","15:00","0.397","-","1.17"
"2021/09/18","16:00","0.473","-","1.21"
"2021/09/18","17:00","0.732","-","1.46"
"2021/09/18","18:00","1.086","-","1.85"
"2021/09/18","19:00","1.411","-","2.23"
"2021/09/18","20:00","1.632","-","2.43"
"2021/09/18","21:00","1.725","-","2.49"
"2021/09/18","22:00","1.677","-","2.45"
"2021/09/18","23:00","1.497","-","2.23"
"2021/09/19","00:00","1.23","-","1.94"
"2021/09/19","01:00","0.937","-","1.65"
"2021/09/19","02:00","0.665","-","1.44"
"2021/09/19","03:00","0.465","-","1.24"
"2021/09/19","04:00","0.419","-","1.19"
"2021/09/19","05:00","0.577","-","1.24"
"2021/09/19","06:00","0.89","-","1.58"
"2021/09/19","07:00","1.235","-","1.95"
"2021/09/19","08:00","1.503","-","2.2"
"2021/09/19","09:00","1.646","-","2.28"
"2021/09/19","10:00","1.646","-","2.25"
"2021/09/19","11:00","1.503","-","2.12"
"2021/09/19","12:00","1.253","-","1.84"
"2021/09/19","13:00","0.96","-","1.56"
"2021/09/19","14:00","0.681","-","1.29"
"2021/09/19","15:00","0.463","-","1.14"
"2021/09/19","16:00","0.373","-","1.03"
"2021/09/19","17:00","0.477","-","1.13"
"2021/09/19","18:00","0.767","-","1.45"
"2021/09/19","19:00","1.134","-","1.84"
"2021/09/19","20:00","1.453","-","2.14"
"2021/09/19","21:00","1.652","-","2.32"
"2021/09/19","22:00","1.712","-","2.34"
"2021/09/19","23:00","1.627","-","2.29"
"2021/09/20","00:00","1.414","-","2.12"
"2021/09/20","01:00","1.128","-","1.85"
"2021/09/20","02:00","0.832","-","1.54"
"2021/09/20","03:00","0.572","-","1.28"
"2021/09/20","04:00","0.409","-","1.16"
"2021/09/20","05:00","0.422","-","1.14"
"2021/09/20","06:00","0.642","-","1.36"
"2021/09/20","07:00","0.996","-","1.72"
"2021/09/20","08:00","1.35","-","2.07"
"2021/09/20","09:00","1.601","-","2.28"
"2021/09/20","10:00","1.712","-","2.4"
"2021/09/20","11:00","1.673","-","2.39"
"2021/09/20","12:00","1.493","-","2.26"
"2021/09/20","13:00","1.217","-","1.99"
"2021/09/20","14:00","0.911","-","1.72"
"2021/09/20","15:00","0.633","-","1.47"
"2021/09/20","16:00","0.431","-","1.28"
"2021/09/20","17:00","0.375","-","1.24"
"2021/09/20","18:00","0.523","-","1.33"
"2021/09/20","19:00","0.841","-","1.66"
"2021/09/20","20:00","1.208","-","2.03"
"2021/09/20","21:00","1.5","-","2.33"
"2021/09/20","22:00","1.66","-","2.45"
"2021/09/20","23:00","1.675","-","2.47"
"2021/09/21","00:00","1.547","-","2.42"
"2021/09/21","01:00","1.302","-","2.19"
"2021/09/21","02:00","1.004","-","1.87"
"2021/09/21","03:00","0.718","-","1.58"
"2021/09/21","04:00","0.493","-","1.39"
"2021/09/21","05:00","0.388","-","1.32"
"2021/09/21","06:00","0.473","-","1.39"
"2021/09/21","07:00","0.751","-","1.65"
"2021/09/21","08:00","1.128","-","1.98"
"2021/09/21","09:00","1.465","-","2.27"
"2021/09/21","10:00","1.678","-","2.46"
"2021/09/21","11:00","1.743","-","2.54"
"2021/09/21","12:00","1.659","-","2.45"
"2021/09/21","13:00","1.443","-","2.24"
"2021/09/21","14:00","1.148","-","1.95"
"2021/09/21","15:00","0.844","-","1.66"
"2021/09/21","16:00","0.584","-","1.4"
"2021/09/21","17:00","0.42","-","1.27"
"2021/09/21","18:00","0.414","-","1.25"
"2021/09/21","19:00","0.606","-","1.41"
"2021/09/21","20:00","0.939","-","1.77"
"2021/09/21","21:00","1.285","-","2.13"
"2021/09/21","22:00","1.534","-","2.4"
"2021/09/21","23:00","1.644","-","2.48"
"2021/09/22","00:00","1.61","-","2.45"
"2021/09/22","01:00","1.44","-","2.33"
"2021/09/22","02:00","1.172","-","2.04"
"2021/09/22","03:00","0.877","-","1.76"
"2021/09/22","04:00","0.621","-","1.52"
"2021/09/22","05:00","0.45","-","1.38"
"2021/09/22","06:00","0.418","-","1.33"
"2021/09/22","07:00","0.572","-","1.45"
"2021/09/22","08:00","0.891","-","1.75"
"2021/09/22","09:00","1.264","-","2.08"
"2021/09/22","10:00","1.562","-","2.34"
"2021/09/22","11:00","1.721","-","2.51"
"2021/09/22","12:00","1.733","-","2.49"
"2021/09/22","13:00","1.605","-","2.42"
"2021/09/22","14:00","1.359","-","2.19"
"2021/09/22","15:00","1.059","-","1.88"
"2021/09/22","16:00","0.773","-","1.53"
"2021/09/22","17:00","0.552","-","1.34"
"2021/09/22","18:00","0.438","-","1.23"
"2021/09/22","19:00","0.485","-","1.39"
"2021/09/22","20:00","0.71","-","1.68"
"2021/09/22","21:00","1.039","-","2.03"
"2021/09/22","22:00","1.347","-","2.37"
"2021/09/22","23:00","1.542","-","2.61"
"2021/09/23","00:00","1.599","-","2.7"
"2021/09/23","01:00","1.521","-","2.65"
"2021/09/23","02:00","1.319","-","2.47"
"2021/09/23","03:00","1.042","-","2.16"
"2021/09/23","04:00","0.769","-","1.87"
"2021/09/23","05:00","0.562","-","1.67"
"2021/09/23","06:00","0.457","-","1.59"
"2021/09/23","07:00","0.495","-","1.65"
"2021/09/23","08:00","0.704","-","1.85"
"2021/09/23","09:00","1.04","-","2.14"
"2021/09/23","10:00","1.383","-","2.43"
"2021/09/23","11:00","1.625","-","3"
"2021/09/23","12:00","1.725","-","3.23"
"2021/09/23","13:00","1.686","-","3.24"
"2021/09/23","14:00","1.52","-","3.01"
"2021/09/23","15:00","1.258","-","2.7"
"2021/09/23","16:00","0.969","-","2.31"
"2021/09/23","17:00","0.719","-","1.98"
"2021/09/23","18:00","0.546","-","1.75"
"2021/09/23","19:00","0.484","-","1.69"
"2021/09/23","20:00","0.574","-","1.69"
"2021/09/23","21:00","0.814","-","1.84"
"2021/09/23","22:00","1.123","-","2.04"
"2021/09/23","23:00","1.381","-","2.36"
"2021/09/24","00:00","1.521","-","2.59"
"2021/09/24","01:00","1.53","-","2.58"
"2021/09/24","02:00","1.415","-","2.37"
"2021/09/24","03:00","1.196","-","2.02"
"2021/09/24","04:00","0.929","-","1.69"
"2021/09/24","05:00","0.696","-","1.42"
"2021/09/24","06:00","0.547","-","1.26"
"2021/09/24","07:00","0.507","-","1.19"
"2021/09/24","08:00","0.604","-","1.28"
"2021/09/24","09:00","0.846","-","1.51"
"2021/09/24","10:00","1.174","-","1.83"
"2021/09/24","11:00","1.472","-","2.15"
"2021/09/24","12:00","1.651","-","2.27"
"2021/09/24","13:00","1.693","-","2.26"
"2021/09/24","14:00","1.611","-","2.17"
"2021/09/24","15:00","1.421","-","2.01"
"2021/09/24","16:00","1.16","-","1.79"
"2021/09/24","17:00","0.898","-","1.52"
"2021/09/24","18:00","0.691","-","1.33"
"2021/09/24","19:00","0.566","-","1.21"
"2021/09/24","20:00","0.546","-","1.22"
"2021/09/24","21:00","0.664","-","1.39"
"2021/09/24","22:00","0.905","-","1.66"
"2021/09/24","23:00","1.18","-","1.94"
"2021/09/25","00:00","1.386","-","2.13"
"2021/09/25","01:00","1.474","-","2.19"
"2021/09/25","02:00","1.445","-","2.19"
"2021/09/25","03:00","1.308","-","2.05"
"2021/09/25","04:00","1.087","-","1.81"
"2021/09/25","05:00","0.847","-","1.59"
"2021/09/25","06:00","0.661","-","1.44"
"2021/09/25","07:00","0.569","-","1.36"
"2021/09/25","08:00","0.583","-","1.37"
"2021/09/25","09:00","0.72","-","1.5"
"2021/09/25","10:00","0.976","-","1.81"
"2021/09/25","11:00","1.28","-","2.09"
"2021/09/25","12:00","1.524","-","2.33"
"2021/09/25","13:00","1.643","-","2.44"
"2021/09/25","14:00","1.637","-","2.43"
"2021/09/25","15:00","1.526","-","2.29"
"2021/09/25","16:00","1.328","-","2.07"
"2021/09/25","17:00","1.083","-","1.84"
"2021/09/25","18:00","0.855","-","1.61"
"2021/09/25","19:00","0.69","-","1.47"
"2021/09/25","20:00","0.602","-","1.39"
"2021/09/25","21:00","0.613","-","1.39"
"2021/09/25","22:00","0.745","-","1.49"
"2021/09/25","23:00","0.975","-","1.66"
"2021/09/26","00:00","1.211","-","1.91"
"2021/09/26","01:00","1.366","-","2.04"
"2021/09/26","02:00","1.412","-","2.04"
"2021/09/26","03:00","1.357","-","1.96"
"2021/09/26","04:00","1.213","-","1.88"
"2021/09/26","05:00","1.006","-","1.78"
"2021/09/26","06:00","0.799","-","1.52"
"2021/09/26","07:00","0.658","-","1.34"
"2021/09/26","08:00","0.61","-","1.22"
"2021/09/26","09:00","0.663","-","1.25"
"2021/09/26","10:00","0.825","-","1.31"
"2021/09/26","11:00","1.08","-","1.53"
"2021/09/26","12:00","1.351","-","1.8"
"2021/09/26","13:00","1.542","-","2"
"2021/09/26","14:00","1.609","-","1.99"
"2021/09/26","15:00","1.571","-","1.96"
"2021/09/26","16:00","1.449","-","1.86"
"2021/09/26","17:00","1.258","-","1.67"
"2021/09/26","18:00","1.035","-","1.44"
"2021/09/26","19:00","0.839","-","1.23"
"2021/09/26","20:00","0.705","-","1.11"
"2021/09/26","21:00","0.643","-","1.03"
"2021/09/26","22:00","0.672","-","1.04"
"2021/09/26","23:00","0.81","-","1.17"
"2021/09/27","00:00","1.022","-","1.35"
"2021/09/27","01:00","1.219","-","1.56"
"2021/09/27","02:00","1.331","-","1.64"
"2021/09/27","03:00","1.348","-","1.64"
"2021/09/27","04:00","1.283","-","1.54"
"2021/09/27","05:00","1.143","-","1.41"
"2021/09/27","06:00","0.954","-","1.27"
"2021/09/27","07:00","0.777","-","1.14"
"2021/09/27","08:00","0.67","-","1.01"
"2021/09/27","09:00","0.653","-","0.98"
"2021/09/27","10:00","0.73","-","1.06"
"2021/09/27","11:00","0.905","-","1.21"
"2021/09/27","12:00","1.151","-","1.43"
"2021/09/27","13:00","1.388","-","1.66"
"2021/09/27","14:00","1.532","-","1.76"
"2021/09/27","15:00","1.564","-","1.76"
"2021/09/27","16:00","1.512","-","1.7"
"2021/09/27","17:00","1.393","-","1.57"
"2021/09/27","18:00","1.215","-","1.4"
"2021/09/27","19:00","1.012","-","1.15"
"2021/09/27","20:00","0.838","-","1"
"2021/09/27","21:00","0.723","-","0.88"
"2021/09/27","22:00","0.676","-","0.85"
"2021/09/27","23:00","0.717","-","0.83"
"2021/09/28","00:00","0.858","-","0.91"
"2021/09/28","01:00","1.051","-","1.07"
"2021/09/28","02:00","1.215","-","1.25"
"2021/09/28","03:00","1.296","-","1.3"
"2021/09/28","04:00","1.299","-","1.29"
"2021/09/28","05:00","1.234","-","1.23"
"2021/09/28","06:00","1.102","-","1.11"
"2021/09/28","07:00","0.927","-","0.95"
"2021/09/28","08:00","0.768","-","0.8"
"2021/09/28","09:00","0.682","-","0.71"
"2021/09/28","10:00","0.684","-","0.69"
"2021/09/28","11:00","0.775","-","0.72"
"2021/09/28","12:00","0.956","-","0.84"
"2021/09/28","13:00","1.191","-","1.03"
"2021/09/28","14:00","1.397","-","1.21"
"2021/09/28","15:00","1.509","-","1.31"
"2021/09/28","16:00","1.525","-","1.26"
"2021/09/28","17:00","1.474","-","1.27"
"2021/09/28","18:00","1.363","-","1.2"
"2021/09/28","19:00","1.194","-","0.99"
"2021/09/28","20:00","1.001","-","0.86"
"2021/09/28","21:00","0.837","-","0.67"
"2021/09/28","22:00","0.731","-","0.59"
"2021/09/28","23:00","0.694","-","0.57"
"2021/09/29","00:00","0.745","-","0.61"
"2021/09/29","01:00","0.887","-","0.84"
"2021/09/29","02:00","1.067","-","1.05"
"2021/09/29","03:00","1.209","-","1.36"
"2021/09/29","04:00","1.276","-","1.47"
"2021/09/29","05:00","1.278","-","1.43"
"2021/09/29","06:00","1.217","-","1.38"
"2021/09/29","07:00","1.087","-","1.28"
"2021/09/29","08:00","0.913","-","1.12"
"2021/09/29","09:00","0.762","-","0.98"
"2021/09/29","10:00","0.685","-","0.98"
"2021/09/29","11:00","0.695","-","1"
"2021/09/29","12:00","0.795","-","1.12"
"2021/09/29","13:00","0.98","-","1.3"
"2021/09/29","14:00","1.205","-","1.52"
"2021/09/29","15:00","1.392","-","1.68"
"2021/09/29","16:00","1.49","-","1.79"
"2021/09/29","17:00","1.506","-","1.79"
"2021/09/29","18:00","1.463","-","1.77"
"2021/09/29","19:00","1.355","-","1.69"
"2021/09/29","20:00","1.182","-","1.54"
"2021/09/29","21:00","0.986","-","1.43"
"2021/09/29","22:00","0.823","-","1.33"
"2021/09/29","23:00","0.72","-","1.27"
"2021/09/30","00:00","0.691","-","1.32"
"2021/09/30","01:00","0.753","-","1.44"
"2021/09/30","02:00","0.902","-","1.65"
"2021/09/30","03:00","1.081","-","1.81"
"2021/09/30","04:00","1.218","-","1.93"
"2021/09/30","05:00","1.285","-","1.99"
"2021/09/30","06:00","1.29","-","1.99"
"2021/09/30","07:00","1.227","-","1.93"
"2021/09/30","08:00","1.087","-","1.77"
"2021/09/30","09:00","0.903","-","1.6"
"2021/09/30","10:00","0.748","-","1.49"
"2021/09/30","11:00","0.672","-","1.44"
"2021/09/30","12:00","0.685","-","1.45"
"2021/09/30","13:00","0.791","-","1.56"
"2021/09/30","14:00","0.981","-","1.78"
"2021/09/30","15:00","1.206","-","1.96"
"2021/09/30","16:00","1.39","-","2.12"
"2021/09/30","17:00","1.49","-","2.21"
"2021/09/30","18:00","1.514","-","2.19"
"2021/09/30","19:00","1.472","-","2.14"
"2021/09/30","20:00","1.354","-","2.01"
"2021/09/30","21:00","1.164","-","1.87"
"2021/09/30","22:00","0.955","-","1.86"
"2021/09/30","23:00","0.786","-","1.62"
"2021/10/01","00:00","0.684","-","1.46"
"2021/10/01","01:00","0.663","-","1.36"
"2021/10/01","02:00","0.744","-","1.44"
"2021/10/01","03:00","0.913","-","1.59"
"2021/10/01","04:00","1.107","-","1.71"
"2021/10/01","05:00","1.255","-","1.84"
"2021/10/01","06:00","1.33","-","1.89"
"2021/10/01","07:00","1.335","-","1.87"
"2021/10/01","08:00","1.256","-","1.78"
"2021/10/01","09:00","1.091","-","1.57"
"2021/10/01","10:00","0.888","-","1.38"
"2021/10/01","11:00","0.722","-","1.19"
"2021/10/01","12:00","0.64","-","1.11"
"2021/10/01","13:00","0.652","-","1.07"
"2021/10/01","14:00","0.765","-","1.19"
"2021/10/01","15:00","0.969","-","1.39"
"2021/10/01","16:00","1.211","-","1.64"
"2021/10/01","17:00","1.407","-","1.84"
"2021/10/01","18:00","1.517","-","1.96"
"2021/10/01","19:00","1.545","-","1.99"
"2021/10/01","20:00","1.491","-","1.94"
"2021/10/01","21:00","1.346","-","1.82"
"2021/10/01","22:00","1.128","-","1.64"
"2021/10/01","23:00","0.9","-","1.44"
"2021/10/02","00:00","0.722","-","1.31"
"2021/10/02","01:00","0.62","-","1.2"
"2021/10/02","02:00","0.616","-","1.2"
"2021/10/02","03:00","0.728","-","1.28"
"2021/10/02","04:00","0.936","-","1.47"
"2021/10/02","05:00","1.162","-","1.67"
"2021/10/02","06:00","1.329","-","1.82"
"2021/10/02","07:00","1.409","-","1.9"
"2021/10/02","08:00","1.4","-","1.85"
"2021/10/02","09:00","1.29","-","1.71"
"2021/10/02","10:00","1.09","-","1.5"
"2021/10/02","11:00","0.86","-","1.27"
"2021/10/02","12:00","0.677","-","1.1"
"2021/10/02","13:00","0.586","-","1"
"2021/10/02","14:00","0.598","-","0.97"
"2021/10/02","15:00","0.727","-","1.08"
"2021/10/02","16:00","0.961","-","1.26"
"2021/10/02","17:00","1.233","-","1.55"
"2021/10/02","18:00","1.45","-","1.81"
"2021/10/02","19:00","1.568","-","1.96"
"2021/10/02","20:00","1.585","-","1.98"
"2021/10/02","21:00","1.503","-","1.92"
"2021/10/02","22:00","1.318","-","1.71"
"2021/10/02","23:00","1.066","-","1.42"
"2021/10/03","00:00","0.817","-","1.16"
"2021/10/03","01:00","0.631","-","0.98"
"2021/10/03","02:00","0.536","-","0.92"
"2021/10/03","03:00","0.562","-","0.89"
"2021/10/03","04:00","0.726","-","0.98"
"2021/10/03","05:00","0.99","-","1.2"
"2021/10/03","06:00","1.256","-","1.47"
"2021/10/03","07:00","1.439","-","1.61"
"2021/10/03","08:00","1.51","-","1.69"
"2021/10/03","09:00","1.469","-","1.61"
"2021/10/03","10:00","1.315","-","1.47"
"2021/10/03","11:00","1.073","-","1.24"
"2021/10/03","12:00","0.813","-","1"
"2021/10/03","13:00","0.612","-","0.78"
"2021/10/03","14:00","0.511","-","0.62"
"2021/10/03","15:00","0.531","-","0.58"
"2021/10/03","16:00","0.691","-","0.69"
"2021/10/03","17:00","0.97","-","1"
"2021/10/03","18:00","1.279","-","1.34"
"2021/10/03","19:00","1.514","-","1.6"
"2021/10/03","20:00","1.626","-","1.74"
"2021/10/03","21:00","1.617","-","1.77"
"2021/10/03","22:00","1.494","-","1.66"
"2021/10/03","23:00","1.265","-","1.41"
"2021/10/04","00:00","0.978","-","1.09"
"2021/10/04","01:00","0.71","-","0.76"
"2021/10/04","02:00","0.522","-","0.55"
"2021/10/04","03:00","0.448","-","0.47"
"2021/10/04","04:00","0.524","-","0.54"
"2021/10/04","05:00","0.758","-","0.83"
"2021/10/04","06:00","1.085","-","1.19"
"2021/10/04","07:00","1.386","-","1.5"
"2021/10/04","08:00","1.569","-","1.7"
"2021/10/04","09:00","1.613","-","1.79"
"2021/10/04","10:00","1.527","-","1.74"
"2021/10/04","11:00","1.323","-","1.58"
"2021/10/04","12:00","1.037","-","1.34"
"2021/10/04","13:00","0.747","-","1.06"
"2021/10/04","14:00","0.528","-","0.82"
"2021/10/04","15:00","0.425","-","0.71"
"2021/10/04","16:00","0.467","-","0.78"
"2021/10/04","17:00","0.673","-","1.02"
"2021/10/04","18:00","1.003","-","1.37"
"2021/10/04","19:00","1.344","-","1.76"
"2021/10/04","20:00","1.581","-","2.01"
"2021/10/04","21:00","1.672","-","2.1"
"2021/10/04","22:00","1.625","-","2.03"
"2021/10/04","23:00","1.455","-","1.84"
"2021/10/05","00:00","1.183","-","1.53"
"2021/10/05","01:00","0.867","-","1.24"
"2021/10/05","02:00","0.59","-","0.99"
"2021/10/05","03:00","0.413","-","0.85"
"2021/10/05","04:00","0.379","-","0.8"
"2021/10/05","05:00","0.523","-","0.96"
"2021/10/05","06:00","0.835","-","1.38"
"2021/10/05","07:00","1.218","-","1.76"
"2021/10/05","08:00","1.534","-","2.06"
"2021/10/05","09:00","1.698","-","2.19"
"2021/10/05","10:00","1.701","-","2.22"
"2021/10/05","11:00","1.563","-","2.13"
"2021/10/05","12:00","1.308","-","1.86"
"2021/10/05","13:00","0.981","-","1.55"
"2021/10/05","14:00","0.666","-","1.24"
"2021/10/05","15:00","0.439","-","1.05"
"2021/10/05","16:00","0.346","-","0.97"
"2021/10/05","17:00","0.423","-","1.08"
"2021/10/05","18:00","0.682","-","1.46"
"2021/10/05","19:00","1.056","-","1.95"
"2021/10/05","20:00","1.411","-","1.95"
"2021/10/05","21:00","1.633","-","2.35"
"2021/10/05","22:00","1.689","-","2.37"
"2021/10/05","23:00","1.6","-","2.31"
"2021/10/06","00:00","1.387","-","2.06"
"2021/10/06","01:00","1.079","-","1.77"
"2021/10/06","02:00","0.746","-","1.44"
"2021/10/06","03:00","0.474","-","1.19"
"2021/10/06","04:00","0.327","-","1.08"
"2021/10/06","05:00","0.35","-","1.09"
"2021/10/06","06:00","0.57","-","1.32"
"2021/10/06","07:00","0.951","-","1.75"
"2021/10/06","08:00","1.369","-","2.14"
"2021/10/06","09:00","1.678","-","2.41"
"2021/10/06","10:00","1.805","-","2.52"
"2021/10/06","11:00","1.76","-","2.53"
"2021/10/06","12:00","1.572","-","2.37"
"2021/10/06","13:00","1.27","-","2.03"
"2021/10/06","14:00","0.913","-","1.68"
"2021/10/06","15:00","0.584","-","1.39"
"2021/10/06","16:00","0.361","-","1.19"
"2021/10/06","17:00","0.291","-","1.1"
"2021/10/06","18:00","0.41","-","1.2"
"2021/10/06","19:00","0.713","-","1.52"
"2021/10/06","20:00","1.113","-","1.96"
"2021/10/06","21:00","1.462","-","2.29"
"2021/10/06","22:00","1.653","-","2.4"
"2021/10/06","23:00","1.67","-","2.39"
"2021/10/07","00:00","1.542","-","2.28"
"2021/10/07","01:00","1.294","-","2.03"
"2021/10/07","02:00","0.965","-","1.74"
"2021/10/07","03:00","0.632","-","1.45"
"2021/10/07","04:00","0.383","-","1.23"
"2021/10/07","05:00","0.281","-","1.14"
"2021/10/07","06:00","0.367","-","1.22"
"2021/10/07","07:00","0.655","-","1.54"
"2021/10/07","08:00","1.084","-","2.02"
"2021/10/07","09:00","1.511","-","2.41"
"2021/10/07","10:00","1.793","-","2.6"
"2021/10/07","11:00","1.876","-","2.62"
"2021/10/07","12:00","1.784","-","2.55"
"2021/10/07","13:00","1.554","-","2.34"
"2021/10/07","14:00","1.22","-","2.02"
"2021/10/07","15:00","0.847","-","1.64"
"2021/10/07","16:00","0.521","-","1.33"
"2021/10/07","17:00","0.314","-","1.15"
"2021/10/07","18:00","0.272","-","1.1"
"2021/10/07","19:00","0.426","-","1.24"
"2021/10/07","20:00","0.756","-","1.59"
"2021/10/07","21:00","1.158","-","1.99"
"2021/10/07","22:00","1.482","-","2.27"
"2021/10/07","23:00","1.636","-","2.38"
"2021/10/08","00:00","1.617","-","2.36"
"2021/10/08","01:00","1.459","-","2.25"
"2021/10/08","02:00","1.191","-","1.96"
"2021/10/08","03:00","0.858","-","1.65"
"2021/10/08","04:00","0.544","-","1.36"
"2021/10/08","05:00","0.333","-","1.15"
"2021/10/08","06:00","0.281","-","1.1"
"2021/10/08","07:00","0.422","-","1.21"
"2021/10/08","08:00","0.757","-","1.55"
"2021/10/08","09:00","1.207","-","1.99"
"2021/10/08","10:00","1.619","-","2.37"
"2021/10/08","11:00","1.862","-","2.56"
"2021/10/08","12:00","1.902","-","2.59"
"2021/10/08","13:00","1.774","-","2.52"
"2021/10/08","14:00","1.517","-","2.31"
"2021/10/08","15:00","1.17","-","1.97"
"2021/10/08","16:00","0.8","-","1.6"
"2021/10/08","17:00","0.492","-","1.32"
"2021/10/08","18:00","0.308","-","1.14"
"2021/10/08","19:00","0.289","-","1.15"
"2021/10/08","20:00","0.461","-","1.32"
"2021/10/08","21:00","0.797","-","1.66"
"2021/10/08","22:00","1.182","-","2.01"
"2021/10/08","23:00","1.47","-","2.27"
"2021/10/09","00:00","1.586","-","2.4"
"2021/10/09","01:00","1.54","-","2.4"
"2021/10/09","02:00","1.367","-","2.27"
"2021/10/09","03:00","1.095","-","1.98"
"2021/10/09","04:00","0.776","-","1.68"
"2021/10/09","05:00","0.495","-","1.44"
"2021/10/09","06:00","0.325","-","1.32"
"2021/10/09","07:00","0.315","-","1.34"
"2021/10/09","08:00","0.492","-","1.52"
"2021/10/09","09:00","0.849","-","1.92"
"2021/10/09","10:00","1.295","-","2.39"
"2021/10/09","11:00","1.677","-","2.77"
"2021/10/09","12:00","1.879","-","2.96"
"2021/10/09","13:00","1.886","-","3"
"2021/10/09","14:00","1.738","-","2.9"
"2021/10/09","15:00","1.475","-","2.66"
"2021/10/09","16:00","1.135","-","2.34"
"2021/10/09","17:00","0.786","-","2.01"
"2021/10/09","18:00","0.503","-","1.75"
"2021/10/09","19:00","0.337","-","1.58"
"2021/10/09","20:00","0.328","-","1.64"
"2021/10/09","21:00","0.502","-","1.81"
"2021/10/09","22:00","0.826","-","2.16"
"2021/10/09","23:00","1.181","-","2.48"
"2021/10/10","00:00","1.432","-","2.71"
"2021/10/10","01:00","1.517","-","2.88"
"2021/10/10","02:00","1.457","-","2.89"
"2021/10/10","03:00","1.283","-","2.77"
"2021/10/10","04:00","1.024","-","2.49"
"2021/10/10","05:00","0.733","-","2.23"
"2021/10/10","06:00","0.488","-","2.07"
"2021/10/10","07:00","0.351","-","1.97"
"2021/10/10","08:00","0.364","-","2.05"
"2021/10/10","09:00","0.555","-","2.33"
"2021/10/10","10:00","0.911","-","2.71"
"2021/10/10","11:00","1.335","-","3.07"
"2021/10/10","12:00","1.68","-","3.35"
"2021/10/10","13:00","1.848","-","3.5"
"2021/10/10","14:00","1.836","-","3.49"
"2021/10/10","15:00","1.689","-","3.36"
"2021/10/10","16:00","1.439","-","3.14"
"2021/10/10","17:00","1.124","-","2.88"
"2021/10/10","18:00","0.805","-","2.67"
"2021/10/10","19:00","0.544","-","2.42"
"2021/10/10","20:00","0.387","-","2.26"
"2021/10/10","21:00","0.375","-","2.25"
"2021/10/10","22:00","0.539","-","2.35"
"2021/10/10","23:00","0.841","-","2.63"
"2021/10/11","00:00","1.163","-","2.86"
"2021/10/11","01:00","1.379","-","3.1"
"2021/10/11","02:00","1.446","-","3.23"
"2021/10/11","03:00","1.385","-","3.2"
"2021/10/11","04:00","1.226","-","3.02"
"2021/10/11","05:00","0.991","-","2.75"
"2021/10/11","06:00","0.73","-","2.51"
"2021/10/11","07:00","0.513","-","2.31"
"2021/10/11","08:00","0.394","-","2.16"
"2021/10/11","09:00","0.41","-","2.14"
"2021/10/11","10:00","0.594","-","2.26"
"2021/10/11","11:00","0.934","-","2.61"
"2021/10/11","12:00","1.327","-","2.96"
"2021/10/11","13:00","1.636","-","3.25"
"2021/10/11","14:00","1.779","-","3.38"
"2021/10/11","15:00","1.767","-","3.39"
"2021/10/11","16:00","1.639","-","3.29"
"2021/10/11","17:00","1.419","-","3.05"
"2021/10/11","18:00","1.136","-","2.73"
"2021/10/11","19:00","0.845","-","2.44"
"2021/10/11","20:00","0.598","-","2.18"
"2021/10/11","21:00","0.44","-","2.02"
"2021/10/11","22:00","0.417","-","1.97"
"2021/10/11","23:00","0.565","-","2.11"
"2021/10/12","00:00","0.843","-","2.37"
"2021/10/12","01:00","1.134","-","2.65"
"2021/10/12","02:00","1.326","-","2.86"
"2021/10/12","03:00","1.388","-","2.91"
"2021/10/12","04:00","1.342","-","2.88"
"2021/10/12","05:00","1.206","-","2.77"
"2021/10/12","06:00","0.997","-","2.53"
"2021/10/12","07:00","0.76","-","2.24"
"2021/10/12","08:00","0.557","-","1.99"
"2021/10/12","09:00","0.436","-","1.84"
"2021/10/12","10:00","0.44","-","1.8"
"2021/10/12","11:00","0.606","-","1.92"
"2021/10/12","12:00","0.919","-","2.24"
"2021/10/12","13:00","1.279","-","2.56"
"2021/10/12","14:00","1.557","-","2.78"
"2021/10/12","15:00","1.69","-","2.91"
"2021/10/12","16:00","1.695","-","2.96"
"2021/10/12","17:00","1.599","-","2.86"
"2021/10/12","18:00","1.413","-","2.65"
"2021/10/12","19:00","1.159","-","2.4"
"2021/10/12","20:00","0.886","-","2.15"
"2021/10/12","21:00","0.645","-","1.91"
"2021/10/12","22:00","0.479","-","1.73"
"2021/10/12","23:00","0.445","-","1.7"
"2021/10/13","00:00","0.578","-","1.81"
"2021/10/13","01:00","0.837","-","2.07"
"2021/10/13","02:00","1.105","-","2.33"
"2021/10/13","03:00","1.286","-","2.5"
"2021/10/13","04:00","1.358","-","2.56"
"2021/10/13","05:00","1.338","-","2.54"
"2021/10/13","06:00","1.226","-","2.45"
"2021/10/13","07:00","1.035","-","2.24"
"2021/10/13","08:00","0.808","-","1.98"
"2021/10/13","09:00","0.603","-","1.79"
"2021/10/13","10:00","0.469","-","1.62"
"2021/10/13","11:00","0.452","-","1.57"
"2021/10/13","12:00","0.592","-","1.67"
"2021/10/13","13:00","0.877","-","1.95"
"2021/10/13","14:00","1.205","-","2.27"
"2021/10/13","15:00","1.464","-","2.52"
"2021/10/13","16:00","1.603","-","2.66"
"2021/10/13","17:00","1.635","-","2.69"
"2021/10/13","18:00","1.572","-","2.65"
"2021/10/13","19:00","1.412","-","2.47"
"2021/10/13","20:00","1.175","-","2.21"
"2021/10/13","21:00","0.911","-","1.94"
"2021/10/13","22:00","0.669","-","1.7"
"2021/10/13","23:00","0.496","-","1.55"
"2021/10/14","00:00","0.454","-","1.49"
"2021/10/14","01:00","0.579","-","1.58"
"2021/10/14","02:00","0.826","-","1.83"
"2021/10/14","03:00","1.085","-","2.08"
"2021/10/14","04:00","1.272","-","2.29"
"2021/10/14","05:00","1.367","-","2.38"
"2021/10/14","06:00","1.372","-","2.4"
"2021/10/14","07:00","1.276","-","2.26"
"2021/10/14","08:00","1.088","-","2.03"
"2021/10/14","09:00","0.857","-","1.76"
"2021/10/14","10:00","0.641","-","1.59"
"2021/10/14","11:00","0.488","-","1.47"
"2021/10/14","12:00","0.445","-","1.39"
"2021/10/14","13:00","0.561","-","1.43"
"2021/10/14","14:00","0.819","-","1.65"
"2021/10/14","15:00","1.126","-","1.98"
"2021/10/14","16:00","1.379","-","2.23"
"2021/10/14","17:00","1.535","-","2.38"
"2021/10/14","18:00","1.595","-","2.41"
"2021/10/14","19:00","1.554","-","2.37"
"2021/10/14","20:00","1.403","-","2.2"
"2021/10/14","21:00","1.169","-","1.91"
"2021/10/14","22:00","0.907","-","1.63"
"2021/10/14","23:00","0.662","-","1.41"
"2021/10/15","00:00","0.486","-","1.26"
"2021/10/15","01:00","0.444","-","1.22"
"2021/10/15","02:00","0.572","-","1.35"
"2021/10/15","03:00","0.822","-","1.62"
"2021/10/15","04:00","1.089","-","1.9"
"2021/10/15","05:00","1.294","-","2.11"
"2021/10/15","06:00","1.413","-","2.21"
"2021/10/15","07:00","1.433","-","2.23"
"2021/10/15","08:00","1.337","-","2.14"
"2021/10/15","09:00","1.139","-","1.94"
"2021/10/15","10:00","0.895","-","1.7"
"2021/10/15","11:00","0.664","-","1.45"
"2021/10/15","12:00","0.488","-","1.28"
"2021/10/15","13:00","0.423","-","1.21"
"2021/10/15","14:00","0.52","-","1.29"
"2021/10/15","15:00","0.763","-","1.55"
"2021/10/15","16:00","1.063","-","1.86"
"2021/10/15","17:00","1.322","-","2.19"
"2021/10/15","18:00","1.496","-","2.35"
"2021/10/15","19:00","1.572","-","2.41"
"2021/10/15","20:00","1.533","-","2.4"
"2021/10/15","21:00","1.374","-","2.24"
"2021/10/15","22:00","1.134","-","1.97"
"2021/10/15","23:00","0.868","-","1.7"
"2021/10/16","00:00","0.624","-","1.51"
"2021/10/16","01:00","0.451","-","1.43"
"2021/10/16","02:00","0.421","-","1.43"
"2021/10/16","03:00","0.567","-","1.59"
"2021/10/16","04:00","0.837","-","1.88"
"2021/10/16","05:00","1.125","-","2.19"
"2021/10/16","06:00","1.352","-","2.39"
"2021/10/16","07:00","1.486","-","2.48"
"2021/10/16","08:00","1.503","-","2.48"
"2021/10/16","09:00","1.39","-","2.38"
"2021/10/16","10:00","1.172","-","2.17"
"2021/10/16","11:00","0.912","-","1.96"
"2021/10/16","12:00","0.663","-","1.71"
"2021/10/16","13:00","0.469","-","1.51"
"2021/10/16","14:00","0.39","-","1.43"
"2021/10/16","15:00","0.482","-","1.55"
"2021/10/16","16:00","0.728","-","1.86"
"2021/10/16","17:00","1.035","-","2.08"
"2021/10/16","18:00","1.303","-","2.8"
"2021/10/16","19:00","1.485","-","2.85"
"2021/10/16","20:00","1.558","-","2.81"
"2021/10/16","21:00","1.5","-","2.54"
"2021/10/16","22:00","1.319","-","2.43"
"2021/10/16","23:00","1.066","-","2.04"
"2021/10/17","00:00","0.798","-","1.59"
"2021/10/17","01:00","0.558","-","1.28"
"2021/10/17","02:00","0.4","-","1.13"
"2021/10/17","03:00","0.398","-","1.22"
"2021/10/17","04:00","0.582","-","1.22"
"2021/10/17","05:00","0.886","-","1.34"
"2021/10/17","06:00","1.198","-","1.62"
"2021/10/17","07:00","1.437","-","1.91"
"2021/10/17","08:00","1.566","-","2.1"
"2021/10/17","09:00","1.561","-","2.06"
"2021/10/17","10:00","1.417","-","1.82"
"2021/10/17","11:00","1.174","-","1.55"
"2021/10/17","12:00","0.897","-","1.16"
"2021/10/17","13:00","0.635","-","0.84"
"2021/10/17","14:00","0.432","-","0.69"
"2021/10/17","15:00","0.355","-","0.64"
"2021/10/17","16:00","0.463","-","0.78"
"2021/10/17","17:00","0.728","-","1.07"
"2021/10/17","18:00","1.048","-","1.41"
"2021/10/17","19:00","1.32","-","1.75"
"2021/10/17","20:00","1.492","-","1.86"
"2021/10/17","21:00","1.539","-","1.94"
"2021/10/17","22:00","1.447","-","1.86"
"2021/10/17","23:00","1.237","-","1.66"
"2021/10/18","00:00","0.971","-","1.32"
"2021/10/18","01:00","0.703","-","0.97"
"2021/10/18","02:00","0.477","-","0.76"
"2021/10/18","03:00","0.35","-","0.61"
"2021/10/18","04:00","0.397","-","0.63"
"2021/10/18","05:00","0.633","-","0.81"
"2021/10/18","06:00","0.974","-","1.19"
"2021/10/18","07:00","1.3","-","1.47"
"2021/10/18","08:00","1.531","-","1.69"
"2021/10/18","09:00","1.633","-","1.75"
"2021/10/18","10:00","1.589","-","1.77"
"2021/10/18","11:00","1.406","-","1.69"
"2021/10/18","12:00","1.138","-","1.49"
"2021/10/18","13:00","0.847","-","1.19"
"2021/10/18","14:00","0.58","-","0.93"
"2021/10/18","15:00","0.384","-","0.74"
"2021/10/18","16:00","0.333","-","0.65"
"2021/10/18","17:00","0.476","-","0.75"
"2021/10/18","18:00","0.77","-","1.06"
"2021/10/18","19:00","1.098","-","1.43"
"2021/10/18","20:00","1.357","-","1.77"
"2021/10/18","21:00","1.5","-","1.92"
"2021/10/18","22:00","1.505","-","1.89"
"2021/10/18","23:00","1.37","-","1.73"
"2021/10/19","00:00","1.132","-","1.51"
"2021/10/19","01:00","0.856","-","1.26"
"2021/10/19","02:00","0.598","-","1.04"
"2021/10/19","03:00","0.4","-","0.81"
"2021/10/19","04:00","0.325","-","0.74"
"2021/10/19","05:00","0.437","-","0.89"
"2021/10/19","06:00","0.729","-","1.18"
"2021/10/19","07:00","1.095","-","1.51"
"2021/10/19","08:00","1.413","-","1.76"
"2021/10/19","09:00","1.612","-","1.86"
"2021/10/19","10:00","1.668","-","1.94"
"2021/10/19","11:00","1.575","-","1.87"
"2021/10/19","12:00","1.353","-","1.65"
"2021/10/19","13:00","1.063","-","1.37"
"2021/10/19","14:00","0.767","-","1"
"2021/10/19","15:00","0.509","-","0.78"
"2021/10/19","16:00","0.342","-","0.63"
"2021/10/19","17:00","0.337","-","0.65"
"2021/10/19","18:00","0.528","-","0.9"
"2021/10/19","19:00","0.847","-","1.22"
"2021/10/19","20:00","1.167","-","1.56"
"2021/10/19","21:00","1.395","-","1.71"
"2021/10/19","22:00","1.492","-","1.77"
"2021/10/19","23:00","1.449","-","1.71"
"2021/10/20","00:00","1.272","-","1.59"
"2021/10/20","01:00","1.009","-","1.36"
"2021/10/20","02:00","0.734","-","1.09"
"2021/10/20","03:00","0.499","-","0.88"
"2021/10/20","04:00","0.349","-","0.77"
"2021/10/20","05:00","0.343","-","0.75"
"2021/10/20","06:00","0.527","-","0.88"
"2021/10/20","07:00","0.863","-","1.16"
"2021/10/20","08:00","1.231","-","1.48"
"2021/10/20","09:00","1.515","-","1.74"
"2021/10/20","10:00","1.661","-","1.85"
"2021/10/20","11:00","1.661","-","1.82"
"2021/10/20","12:00","1.517","-","1.7"
"2021/10/20","13:00","1.261","-","1.45"
"2021/10/20","14:00","0.958","-","1.13"
"2021/10/20","15:00","0.671","-","0.84"
"2021/10/20","16:00","0.442","-","0.67"
"2021/10/20","17:00","0.323","-","0.59"
"2021/10/20","18:00","0.378","-","0.61"
"2021/10/20","19:00","0.613","-","0.79"
"2021/10/20","20:00","0.94","-","1.07"
"2021/10/20","21:00","1.234","-","1.36"
"2021/10/20","22:00","1.415","-","1.53"
"2021/10/20","23:00","1.46","-","1.5"
"2021/10/21","00:00","1.368","-","1.42"
"2021/10/21","01:00","1.155","-","1.2"
"2021/10/21","02:00","0.881","-","0.96"
"2021/10/21","03:00","0.621","-","0.7"
"2021/10/21","04:00","0.428","-","0.51"
"2021/10/21","05:00","0.342","-","0.49"
"2021/10/21","06:00","0.411","-","0.64"
"2021/10/21","07:00","0.657","-","0.94"
"2021/10/21","08:00","1.014","-","1.25"
"2021/10/21","09:00","1.357","-","1.57"
"2021/10/21","10:00","1.585","-","1.76"
"2021/10/21","11:00","1.669","-","1.84"
"2021/10/21","12:00","1.611","-","1.83"
"2021/10/21","13:00","1.422","-","1.7"
"2021/10/21","14:00","1.142","-","1.46"
"2021/10/21","15:00","0.841","-","1.17"
"2021/10/21","16:00","0.581","-","0.92"
"2021/10/21","17:00","0.398","-","0.79"
"2021/10/21","18:00","0.339","-","0.85"
"2021/10/21","19:00","0.45","-","0.98"
"2021/10/21","20:00","0.714","-","1.25"
"2021/10/21","21:00","1.029","-","1.51"
"2021/10/21","22:00","1.279","-","1.72"
"2021/10/21","23:00","1.406","-","1.78"
"2021/10/22","00:00","1.401","-","1.73"
"2021/10/22","01:00","1.267","-","1.57"
"2021/10/22","02:00","1.031","-","1.32"
"2021/10/22","03:00","0.761","-","1.04"
"2021/10/22","04:00","0.534","-","0.8"
"2021/10/22","05:00","0.398","-","0.71"
"2021/10/22","06:00","0.382","-","0.77"
"2021/10/22","07:00","0.519","-","0.91"
"2021/10/22","08:00","0.805","-","1.19"
"2021/10/22","09:00","1.157","-","1.58"
"2021/10/22","10:00","1.451","-","1.91"
"2021/10/22","11:00","1.614","-","2.09"
"2021/10/22","12:00","1.635","-","2.14"
"2021/10/22","13:00","1.526","-","2.05"
"2021/10/22","14:00","1.303","-","1.74"
"2021/10/22","15:00","1.016","-","1.42"
"2021/10/22","16:00","0.736","-","1.14"
"2021/10/22","17:00","0.517","-","0.91"
"2021/10/22","18:00","0.388","-","0.78"
"2021/10/22","19:00","0.387","-","0.74"
"2021/10/22","20:00","0.541","-","0.84"
"2021/10/22","21:00","0.813","-","1.11"
"2021/10/22","22:00","1.098","-","1.32"
"2021/10/22","23:00","1.295","-","1.54"
"2021/10/23","00:00","1.368","-","1.57"
"2021/10/23","01:00","1.319","-","1.56"
"2021/10/23","02:00","1.155","-","1.46"
"2021/10/23","03:00","0.911","-","1.23"
"2021/10/23","04:00","0.663","-","1.02"
"2021/10/23","05:00","0.484","-","0.9"
"2021/10/23","06:00","0.41","-","0.85"
"2021/10/23","07:00","0.458","-","0.96"
"2021/10/23","08:00","0.645","-","1.14"
"2021/10/23","09:00","0.947","-","1.48"
"2021/10/23","10:00","1.269","-","1.76"
"2021/10/23","11:00","1.504","-","1.98"
"2021/10/23","12:00","1.6","-","2.04"
"2021/10/23","13:00","1.567","-","2"
"2021/10/23","14:00","1.42","-","1.85"
"2021/10/23","15:00","1.182","-","1.64"
"2021/10/23","16:00","0.905","-","1.39"
"2021/10/23","17:00","0.659","-","1.16"
"2021/10/23","18:00","0.488","-","1"
"2021/10/23","19:00","0.411","-","0.99"
"2021/10/23","20:00","0.455","-","1.02"
"2021/10/23","21:00","0.633","-","1.26"
"2021/10/23","22:00","0.896","-","1.57"
"2021/10/23","23:00","1.138","-","1.86"
"2021/10/24","00:00","1.282","-","2.06"
"2021/10/24","01:00","1.308","-","2.11"
"2021/10/24","02:00","1.226","-","2.01"
"2021/10/24","03:00","1.046","-","1.78"
"2021/10/24","04:00","0.812","-","1.48"
"2021/10/24","05:00","0.598","-","1.3"
"2021/10/24","06:00","0.471","-","1.19"
"2021/10/24","07:00","0.453","-","1.12"
"2021/10/24","08:00","0.549","-","1.14"
"2021/10/24","09:00","0.764","-","1.35"
"2021/10/24","10:00","1.061","-","1.63"
"2021/10/24","11:00","1.342","-","1.89"
"2021/10/24","12:00","1.514","-","2.03"
"2021/10/24","13:00","1.553","-","2.02"
"2021/10/24","14:00","1.479","-","1.94"
"2021/10/24","15:00","1.312","-","1.78"
"2021/10/24","16:00","1.075","-","1.56"
"2021/10/24","17:00","0.823","-","1.33"
"2021/10/24","18:00","0.618","-","1.13"
"2021/10/24","19:00","0.49","-","1.07"
"2021/10/24","20:00","0.453","-","1"
"2021/10/24","21:00","0.526","-","1.06"
"2021/10/24","22:00","0.714","-","1.25"
"2021/10/24","23:00","0.956","-","1.51"
"2021/10/25","00:00","1.153","-","1.72"
"2021/10/25","01:00","1.248","-","1.82"
"2021/10/25","02:00","1.237","-","1.81"
"2021/10/25","03:00","1.135","-","1.67"
"2021/10/25","04:00","0.955","-","1.49"
"2021/10/25","05:00","0.741","-","1.29"
"2021/10/25","06:00","0.567","-","1.12"
"2021/10/25","07:00","0.485","-","1.01"
"2021/10/25","08:00","0.506","-","1"
"2021/10/25","09:00","0.633","-","1.1"
"2021/10/25","10:00","0.86","-","1.32"
"2021/10/25","11:00","1.139","-","1.58"
"2021/10/25","12:00","1.374","-","1.84"
"2021/10/25","13:00","1.491","-","1.99"
"2021/10/25","14:00","1.486","-","1.98"
"2021/10/25","15:00","1.389","-","1.91"
"2021/10/25","16:00","1.218","-","1.54"
"2021/10/25","17:00","0.995","-","1.4"
"2021/10/25","18:00","0.772","-","1.21"
"2021/10/25","19:00","0.602","-","1.06"
"2021/10/25","20:00","0.507","-","0.91"
"2021/10/25","21:00","0.496","-","0.91"
"2021/10/25","22:00","0.589","-","0.99"
"2021/10/25","23:00","0.778","-","1.23"
"2021/10/26","00:00","0.994","-","1.57"
"2021/10/26","01:00","1.15","-","1.79"
"2021/10/26","02:00","1.205","-","1.68"
"2021/10/26","03:00","1.171","-","1.79"
"2021/10/26","04:00","1.062","-","1.64"
"2021/10/26","05:00","0.891","-","1.51"
"2021/10/26","06:00","0.7","-","1.34"
"2021/10/26","07:00","0.558","-","1.21"
"2021/10/26","08:00","0.508","-","1.04"
"2021/10/26","09:00","0.554","-","0.96"
"2021/10/26","10:00","0.697","-","1.05"
"2021/10/26","11:00","0.926","-","1.36"
"2021/10/26","12:00","1.183","-","1.57"
"2021/10/26","13:00","1.375","-","1.82"
"2021/10/26","14:00","1.448","-","1.85"
"2021/10/26","15:00","1.416","-","1.94"
"2021/10/26","16:00","1.311","-","2"
"2021/10/26","17:00","1.147","-","1.82"
"2021/10/26","18:00","0.941","-","1.58"
"2021/10/26","19:00","0.741","-","1.34"
"2021/10/26","20:00","0.595","-","1.11"
"2021/10/26","21:00","0.521","-","0.9"
"2021/10/26","22:00","0.529","-","0.81"
"2021/10/26","23:00","0.635","-","0.74"
"2021/10/27","00:00","0.823","-","0.85"
"2021/10/27","01:00","1.018","-","1.06"
"2021/10/27","02:00","1.14","-","1.28"
"2021/10/27","03:00","1.169","-","1.33"
"2021/10/27","04:00","1.125","-","1.36"
"2021/10/27","05:00","1.018","-","1.19"
"2021/10/27","06:00","0.856","-","1"
"2021/10/27","07:00","0.681","-","0.81"
"2021/10/27","08:00","0.559","-","0.77"
"2021/10/27","09:00","0.526","-","0.78"
"2021/10/27","10:00","0.585","-","0.95"
"2021/10/27","11:00","0.737","-","1.3"
"2021/10/27","12:00","0.964","-","1.63"
"2021/10/27","13:00","1.199","-","1.86"
"2021/10/27","14:00","1.357","-","1.97"
"2021/10/27","15:00","1.4","-","2.07"
"2021/10/27","16:00","1.357","-","2.15"
"2021/10/27","17:00","1.256","-","2.14"
"2021/10/27","18:00","1.1","-","2.07"
"2021/10/27","19:00","0.903","-","1.99"
"2021/10/27","20:00","0.714","-","1.92"
"2021/10/27","21:00","0.58","-","1.95"
"2021/10/27","22:00","0.518","-","2.01"
"2021/10/27","23:00","0.543","-","2.14"
"2021/10/28","00:00","0.665","-","2.34"
"2021/10/28","01:00","0.855","-","2.61"
"2021/10/28","02:00","1.035","-","2.8"
"2021/10/28","03:00","1.136","-","2.94"
"2021/10/28","04:00","1.154","-","2.98"
"2021/10/28","05:00","1.109","-","2.97"
"2021/10/28","06:00","1.004","-","2.88"
"2021/10/28","07:00","0.844","-","2.8"
"2021/10/28","08:00","0.673","-","2.71"
"2021/10/28","09:00","0.557","-","2.66"
"2021/10/28","10:00","0.529","-","2.66"
"2021/10/28","11:00","0.595","-","2.78"
"2021/10/28","12:00","0.752","-","2.95"
"2021/10/28","13:00","0.977","-","3.16"
"2021/10/28","14:00","1.197","-","3.41"
"2021/10/28","15:00","1.332","-","3.55"
"2021/10/28","16:00","1.363","-","3.62"
"2021/10/28","17:00","1.321","-","3.63"
"2021/10/28","18:00","1.224","-","3.5"
"2021/10/28","19:00","1.066","-","3.35"
"2021/10/28","20:00","0.865","-","3.2"
"2021/10/28","21:00","0.676","-","3.1"
"2021/10/28","22:00","0.546","-","3"
"2021/10/28","23:00","0.495","-","3.02"
"2021/10/29","00:00","0.538","-","3.13"
"2021/10/29","01:00","0.68","-","3.27"
"2021/10/29","02:00","0.88","-","3.47"
"2021/10/29","03:00","1.057","-","3.63"
"2021/10/29","04:00","1.153","-","3.79"
"2021/10/29","05:00","1.171","-","3.85"
"2021/10/29","06:00","1.127","-","3.82"
"2021/10/29","07:00","1.015","-","3.84"
"2021/10/29","08:00","0.842","-","3.77"
"2021/10/29","09:00","0.662","-","3.67"
"2021/10/29","10:00","0.542","-","3.64"
"2021/10/29","11:00","0.513","-","3.61"
"2021/10/29","12:00","0.581","-","3.65"
"2021/10/29","13:00","0.745","-","3.89"
"2021/10/29","14:00","0.972","-","4.05"
"2021/10/29","15:00","1.186","-","4.22"
"2021/10/29","16:00","1.315","-","4.36"
"2021/10/29","17:00","1.347","-","4.47"
"2021/10/29","18:00","1.309","-","4.46"
"2021/10/29","19:00","1.207","-","4.27"
"2021/10/29","20:00","1.033","-","4"
"2021/10/29","21:00","0.816","-","3.7"
"2021/10/29","22:00","0.618","-","3.43"
"2021/10/29","23:00","0.49","-","3.26"
"2021/10/30","00:00","0.452","-","3.18"
"2021/10/30","01:00","0.517","-","3.05"
"2021/10/30","02:00","0.687","-","3.14"
"2021/10/30","03:00","0.909","-","3.18"
"2021/10/30","04:00","1.098","-","3.31"
"2021/10/30","05:00","1.202","-","3.43"
"2021/10/30","06:00","1.224","-","3.47"
"2021/10/30","07:00","1.173","-","3.36"
"2021/10/30","08:00","1.039","-","3.14"
"2021/10/30","09:00","0.84","-","2.95"
"2021/10/30","10:00","0.64","-","2.77"
"2021/10/30","11:00","0.508","-","2.63"
"2021/10/30","12:00","0.474","-","2.55"
"2021/10/30","13:00","0.543","-","2.59"
"2021/10/30","14:00","0.716","-","2.71"
"2021/10/30","15:00","0.955","-","2.95"
"2021/10/30","16:00","1.178","-","3.16"
"2021/10/30","17:00","1.316","-","3.3"
"2021/10/30","18:00","1.355","-","3.37"
"2021/10/30","19:00","1.314","-","3.29"
"2021/10/30","20:00","1.193","-","3.11"
"2021/10/30","21:00","0.991","-","2.81"
"2021/10/30","22:00","0.749","-","2.52"
"2021/10/30","23:00","0.541","-","2.34"
"2021/10/31","00:00","0.416","-","2.19"
"2021/10/31","01:00","0.393","-","2.18"
"2021/10/31","02:00","0.489","-","2.15"
"2021/10/31","03:00","0.699","-","2.35"
"2021/10/31","04:00","0.957","-","2.56"
"2021/10/31","05:00","1.171","-","2.79"
"2021/10/31","06:00","1.288","-","2.94"
"2021/10/31","07:00","1.307","-","3"
"2021/10/31","08:00","1.232","-","2.9"
"2021/10/31","09:00","1.061","-","2.67"
"2021/10/31","10:00","0.826","-","2.42"
"2021/10/31","11:00","0.601","-","2.14"
"2021/10/31","12:00","0.453","-","1.99"
"2021/10/31","13:00","0.41","-","1.88"
"2021/10/31","14:00","0.482","-","1.94"
"2021/10/31","15:00","0.672","-","2.09"
"2021/10/31","16:00","0.937","-","2.37"
"2021/10/31","17:00","1.184","-","2.63"
"2021/10/31","18:00","1.337","-","2.78"
"2021/10/31","19:00","1.38","-","2.82"
"2021/10/31","20:00","1.324","-","2.74"
"2021/10/31","21:00","1.171","-","2.56"
"2021/10/31","22:00","0.931","-","2.37"
"2021/10/31","23:00","0.665","-","2.09"
"2021/11/01","00:00","0.448","-","1.75"
"2021/11/01","01:00","0.328","-","1.54"
"2021/11/01","02:00","0.327","-","1.45"
"2021/11/01","03:00","0.467","-","1.42"
"2021/11/01","04:00","0.731","-","1.6"
"2021/11/01","05:00","1.037","-","1.87"
"2021/11/01","06:00","1.28","-","2.12"
"2021/11/01","07:00","1.403","-","2.19"
"2021/11/01","08:00","1.403","-","2.2"
"2021/11/01","09:00","1.29","-","2.09"
"2021/11/01","10:00","1.071","-","1.92"
"2021/11/01","11:00","0.795","-","1.76"
"2021/11/01","12:00","0.542","-","1.48"
"2021/11/01","13:00","0.375","-","1.3"
"2021/11/01","14:00","0.323","-","1.19"
"2021/11/01","15:00","0.406","-","1.21"
"2021/11/01","16:00","0.627","-","1.4"
"2021/11/01","17:00","0.931","-","1.69"
"2021/11/01","18:00","1.207","-","1.94"
"2021/11/01","19:00","1.372","-","2.1"
"2021/11/01","20:00","1.407","-","2.13"
"2021/11/01","21:00","1.324","-","2.03"
"2021/11/01","22:00","1.131","-","1.84"
"2021/11/01","23:00","0.855","-","1.55"
"2021/11/02","00:00","0.568","-","1.28"
"2021/11/02","01:00","0.346","-","1.04"
"2021/11/02","02:00","0.236","-","0.95"
"2021/11/02","03:00","0.269","-","1"
"2021/11/02","04:00","0.465","-","1.23"
"2021/11/02","05:00","0.795","-","1.57"
"2021/11/02","06:00","1.152","-","1.89"
"2021/11/02","07:00","1.416","-","2.13"
"2021/11/02","08:00","1.528","-","2.23"
"2021/11/02","09:00","1.495","-","2.28"
"2021/11/02","10:00","1.332","-","2.15"
"2021/11/02","11:00","1.063","-","1.95"
"2021/11/02","12:00","0.746","-","1.67"
"2021/11/02","13:00","0.464","-","1.44"
"2021/11/02","14:00","0.28","-","1.22"
"2021/11/02","15:00","0.226","-","1.1"
"2021/11/02","16:00","0.331","-","1.17"
"2021/11/02","17:00","0.596","-","1.37"
"2021/11/02","18:00","0.942","-","1.7"
"2021/11/02","19:00","1.242","-","2"
"2021/11/02","20:00","1.407","-","2.15"
"2021/11/02","21:00","1.421","-","2.11"
"2021/11/02","22:00","1.304","-","1.94"
"2021/11/02","23:00","1.071","-","1.68"
"2021/11/03","00:00","0.764","-","1.43"
"2021/11/03","01:00","0.462","-","1.21"
"2021/11/03","02:00","0.242","-","1.01"
"2021/11/03","03:00","0.154","-","0.94"
"2021/11/03","04:00","0.234","-","1.01"
"2021/11/03","05:00","0.498","-","1.28"
"2021/11/03","06:00","0.894","-","1.62"
"2021/11/03","07:00","1.29","-","1.92"
"2021/11/03","08:00","1.556","-","2.15"
"2021/11/03","09:00","1.642","-","2.23"
"2021/11/03","10:00","1.565","-","2.17"
"2021/11/03","11:00","1.351","-","1.99"
"2021/11/03","12:00","1.034","-","1.65"
"2021/11/03","13:00","0.681","-","1.31"
"2021/11/03","14:00","0.377","-","1.03"
"2021/11/03","15:00","0.181","-","0.82"
"2021/11/03","16:00","0.136","-","0.7"
"2021/11/03","17:00","0.276","-","0.78"
"2021/11/03","18:00","0.587","-","1.1"
"2021/11/03","19:00","0.969","-","1.49"
"2021/11/03","20:00","1.277","-","1.79"
"2021/11/03","21:00","1.426","-","1.9"
"2021/11/03","22:00","1.412","-","1.89"
"2021/11/03","23:00","1.259","-","1.8"
"2021/11/04","00:00","0.993","-","1.54"
"2021/11/04","01:00","0.665","-","1.26"
"2021/11/04","02:00","0.358","-","0.97"
"2021/11/04","03:00","0.152","-","0.78"
"2021/11/04","04:00","0.097","-","0.68"
"2021/11/04","05:00","0.232","-","0.81"
"2021/11/04","06:00","0.565","-","1.17"
"2021/11/04","07:00","1.014","-","1.59"
"2021/11/04","08:00","1.427","-","1.95"
"2021/11/04","09:00","1.675","-","2.17"
"2021/11/04","10:00","1.724","-","2.25"
"2021/11/04","11:00","1.602","-","2.22"
"2021/11/04","12:00","1.343","-","1.99"
"2021/11/04","13:00","0.988","-","1.63"
"2021/11/04","14:00","0.611","-","1.24"
"2021/11/04","15:00","0.294","-","0.94"
"2021/11/04","16:00","0.1","-","0.76"
"2021/11/04","17:00","0.075","-","0.74"
"2021/11/04","18:00","0.253","-","0.9"
"2021/11/04","19:00","0.603","-","1.25"
"2021/11/04","20:00","1","-","1.64"
"2021/11/04","21:00","1.298","-","1.91"
"2021/11/04","22:00","1.42","-","2.01"
"2021/11/04","23:00","1.376","-","2.01"
"2021/11/05","00:00","1.194","-","1.9"
"2021/11/05","01:00","0.905","-","1.64"
"2021/11/05","02:00","0.568","-","1.3"
"2021/11/05","03:00","0.269","-","1.02"
"2021/11/05","04:00","0.087","-","0.81"
"2021/11/05","05:00","0.074","-","0.82"
"2021/11/05","06:00","0.266","-","1.01"
"2021/11/05","07:00","0.653","-","1.45"
"2021/11/05","08:00","1.13","-","1.84"
"2021/11/05","09:00","1.535","-","2.21"
"2021/11/05","10:00","1.751","-","2.43"
"2021/11/05","11:00","1.761","-","2.42"
"2021/11/05","12:00","1.603","-","2.3"
"2021/11/05","13:00","1.312","-","2.07"
"2021/11/05","14:00","0.935","-","1.74"
"2021/11/05","15:00","0.549","-","1.32"
"2021/11/05","16:00","0.235","-","1"
"2021/11/05","17:00","0.054","-","0.79"
"2021/11/05","18:00","0.055","-","0.78"
"2021/11/05","19:00","0.264","-","0.95"
"2021/11/05","20:00","0.632","-","1.36"
"2021/11/05","21:00","1.024","-","1.75"
"2021/11/05","22:00","1.296","-","2.03"
"2021/11/05","23:00","1.388","-","2.1"
"2021/11/06","00:00","1.319","-","2.11"
"2021/11/06","01:00","1.118","-","1.95"
"2021/11/06","02:00","0.819","-","1.69"
"2021/11/06","03:00","0.486","-","1.4"
"2021/11/06","04:00","0.209","-","1.13"
"2021/11/06","05:00","0.06","-","1"
"2021/11/06","06:00","0.087","-","1.04"
"2021/11/06","07:00","0.322","-","1.3"
"2021/11/06","08:00","0.738","-","1.81"
"2021/11/06","09:00","1.216","-","2.32"
"2021/11/06","10:00","1.594","-","2.69"
"2021/11/06","11:00","1.772","-","2.91"
"2021/11/06","12:00","1.75","-","2.96"
"2021/11/06","13:00","1.569","-","2.87"
"2021/11/06","14:00","1.264","-","2.62"
"2021/11/06","15:00","0.885","-","2.24"
"2021/11/06","16:00","0.509","-","1.83"
"2021/11/06","17:00","0.212","-","1.53"
"2021/11/06","18:00","0.051","-","1.4"
"2021/11/06","19:00","0.072","-","1.43"
"2021/11/06","20:00","0.296","-","1.65"
"2021/11/06","21:00","0.664","-","2"
"2021/11/06","22:00","1.032","-","2.35"
"2021/11/06","23:00","1.271","-","2.55"
"2021/11/07","00:00","1.336","-","2.64"
"2021/11/07","01:00","1.251","-","2.59"
"2021/11/07","02:00","1.043","-","2.44"
"2021/11/07","03:00","0.748","-","2.15"
"2021/11/07","04:00","0.434","-","1.82"
"2021/11/07","05:00","0.187","-","1.54"
"2021/11/07","06:00","0.069","-","1.44"
"2021/11/07","07:00","0.125","-","1.47"
"2021/11/07","08:00","0.38","-","1.66"
"2021/11/07","09:00","0.798","-","2.02"
"2021/11/07","10:00","1.255","-","2.51"
"2021/11/07","11:00","1.595","-","2.92"
"2021/11/07","12:00","1.739","-","3.07"
"2021/11/07","13:00","1.698","-","3.1"
"2021/11/07","14:00","1.511","-","2.86"
"2021/11/07","15:00","1.212","-","2.52"
"2021/11/07","16:00","0.85","-","2.09"
"2021/11/07","17:00","0.499","-","1.7"
"2021/11/07","18:00","0.226","-","1.43"
"2021/11/07","19:00","0.082","-","1.3"
"2021/11/07","20:00","0.112","-","1.3"
"2021/11/07","21:00","0.336","-","1.39"
"2021/11/07","22:00","0.687","-","1.72"
"2021/11/07","23:00","1.024","-","2.05"
"2021/11/08","00:00","1.231","-","2.29"
"2021/11/08","01:00","1.277","-","2.38"
"2021/11/08","02:00","1.187","-","2.33"
"2021/11/08","03:00","0.986","-","2.21"
"2021/11/08","04:00","0.708","-","1.91"
"2021/11/08","05:00","0.422","-","1.59"
"2021/11/08","06:00","0.203","-","1.39"
"2021/11/08","07:00","0.106","-","1.23"
"2021/11/08","08:00","0.17","-","1.25"
"2021/11/08","09:00","0.422","-","1.49"
"2021/11/08","10:00","0.822","-","1.93"
"2021/11/08","11:00","1.243","-","2.34"
"2021/11/08","12:00","1.544","-","2.65"
"2021/11/08","13:00","1.662","-","2.79"
"2021/11/08","14:00","1.616","-","2.82"
"2021/11/08","15:00","1.441","-","2.66"
"2021/11/08","16:00","1.165","-","2.37"
"2021/11/08","17:00","0.834","-","2.01"
"2021/11/08","18:00","0.515","-","1.67"
"2021/11/08","19:00","0.264","-","1.41"
"2021/11/08","20:00","0.128","-","1.29"
"2021/11/08","21:00","0.157","-","1.31"
"2021/11/08","22:00","0.371","-","1.51"
"2021/11/08","23:00","0.699","-","1.83"
"2021/11/09","00:00","1.004","-","2.15"
"2021/11/09","01:00","1.185","-","2.38"
"2021/11/09","02:00","1.224","-","2.43"
"2021/11/09","03:00","1.141","-","2.37"
"2021/11/09","04:00","0.958","-","2.21"
"2021/11/09","05:00","0.705","-","1.94"
"2021/11/09","06:00","0.447","-","1.67"
"2021/11/09","07:00","0.247","-","1.47"
"2021/11/09","08:00","0.154","-","1.35"
"2021/11/09","09:00","0.208","-","1.37"
"2021/11/09","10:00","0.439","-","1.57"
"2021/11/09","11:00","0.808","-","1.94"
"2021/11/09","12:00","1.188","-","2.33"
"2021/11/09","13:00","1.453","-","2.59"
"2021/11/09","14:00","1.556","-","2.69"
"2021/11/09","15:00","1.52","-","2.65"
"2021/11/09","16:00","1.37","-","2.51"
"2021/11/09","17:00","1.127","-","2.22"
"2021/11/09","18:00","0.832","-","1.9"
"2021/11/09","19:00","0.542","-","1.62"
"2021/11/09","20:00","0.305","-","1.39"
"2021/11/09","21:00","0.17","-","1.25"
"2021/11/09","22:00","0.195","-","1.18"
"2021/11/09","23:00","0.396","-","1.32"
"2021/11/10","00:00","0.701","-","1.61"
"2021/11/10","01:00","0.98","-","1.92"
"2021/11/10","02:00","1.146","-","2.07"
"2021/11/10","03:00","1.188","-","2.09"
"2021/11/10","04:00","1.125","-","2.06"
"2021/11/10","05:00","0.965","-","1.92"
"2021/11/10","06:00","0.737","-","1.68"
"2021/11/10","07:00","0.498","-","1.41"
"2021/11/10","08:00","0.304","-","1.19"
"2021/11/10","09:00","0.199","-","1.03"
"2021/11/10","10:00","0.231","-","0.99"
"2021/11/10","11:00","0.434","-","1.14"
"2021/11/10","12:00","0.766","-","1.48"
"2021/11/10","13:00","1.106","-","1.81"
"2021/11/10","14:00","1.342","-","2.06"
"2021/11/10","15:00","1.442","-","2.16"
"2021/11/10","16:00","1.426","-","2.16"
"2021/11/10","17:00","1.307","-","2.06"
"2021/11/10","18:00","1.096","-","1.82"
"2021/11/10","19:00","0.83","-","1.56"
"2021/11/10","20:00","0.56","-","1.3"
"2021/11/10","21:00","0.331","-","1.06"
"2021/11/10","22:00","0.196","-","0.9"
"2021/11/10","23:00","0.218","-","0.89"
"2021/11/11","00:00","0.412","-","1.03"
"2021/11/11","01:00","0.7","-","1.34"
"2021/11/11","02:00","0.961","-","1.62"
"2021/11/11","03:00","1.123","-","1.78"
"2021/11/11","04:00","1.18","-","1.83"
"2021/11/11","05:00","1.14","-","1.83"
"2021/11/11","06:00","1.003","-","1.74"
"2021/11/11","07:00","0.791","-","1.55"
"2021/11/11","08:00","0.558","-","1.32"
"2021/11/11","09:00","0.357","-","1.14"
"2021/11/11","10:00","0.233","-","1.02"
"2021/11/11","11:00","0.24","-","0.99"
"2021/11/11","12:00","0.413","-","1.18"
"2021/11/11","13:00","0.709","-","1.49"
"2021/11/11","14:00","1.014","-","1.81"
"2021/11/11","15:00","1.231","-","2.02"
"2021/11/11","16:00","1.337","-","2.13"
"2021/11/11","17:00","1.345","-","2.2"
"2021/11/11","18:00","1.253","-","2.17"
"2021/11/11","19:00","1.064","-","2.01"
"2021/11/11","20:00","0.815","-","1.75"
"2021/11/11","21:00","0.555","-","1.49"
"2021/11/11","22:00","0.332","-","1.29"
"2021/11/11","23:00","0.201","-","1.2"
"2021/11/12","00:00","0.227","-","1.2"
"2021/11/12","01:00","0.42","-","1.45"
"2021/11/12","02:00","0.7","-","1.76"
"2021/11/12","03:00","0.954","-","2.04"
"2021/11/12","04:00","1.124","-","2.22"
"2021/11/12","05:00","1.202","-","2.2"
"2021/11/12","06:00","1.182","-","2.23"
"2021/11/12","07:00","1.056","-","2.15"
"2021/11/12","08:00","0.847","-","1.9"
"2021/11/12","09:00","0.61","-","1.69"
"2021/11/12","10:00","0.396","-","1.54"
"2021/11/12","11:00","0.252","-","1.46"
"2021/11/12","12:00","0.236","-","1.42"
"2021/11/12","13:00","0.383","-","1.55"
"2021/11/12","14:00","0.65","-","1.86"
"2021/11/12","15:00","0.929","-","2.2"
"2021/11/12","16:00","1.138","-","2.4"
"2021/11/12","17:00","1.257","-","2.48"
"2021/11/12","18:00","1.284","-","2.52"
"2021/11/12","19:00","1.204","-","2.44"
"2021/11/12","20:00","1.021","-","2.19"
"2021/11/12","21:00","0.777","-","1.87"
"2021/11/12","22:00","0.524","-","1.57"
"2021/11/12","23:00","0.309","-","1.38"
"2021/11/13","00:00","0.189","-","1.25"
"2021/11/13","01:00","0.228","-","1.29"
"2021/11/13","02:00","0.429","-","1.48"
"2021/11/13","03:00","0.71","-","1.76"
"2021/11/13","04:00","0.969","-","1.98"
"2021/11/13","05:00","1.154","-","2.17"
"2021/11/13","06:00","1.25","-","2.26"
"2021/11/13","07:00","1.237","-","2.22"
"2021/11/13","08:00","1.105","-","2.06"
"2021/11/13","09:00","0.887","-","1.83"
"2021/11/13","10:00","0.64","-","1.57"
"2021/11/13","11:00","0.413","-","1.34"
"2021/11/13","12:00","0.252","-","1.22"
"2021/11/13","13:00","0.22","-","1.13"
"2021/11/13","14:00","0.351","-","1.4"
"2021/11/13","15:00","0.6","-","1.69"
"2021/11/13","16:00","0.866","-","2.09"
"2021/11/13","17:00","1.077","-","2.3"
"2021/11/13","18:00","1.207","-","2.35"
"2021/11/13","19:00","1.239","-","2.3"
"2021/11/13","20:00","1.153","-","2.26"
"2021/11/13","21:00","0.96","-","2.03"
"2021/11/13","22:00","0.715","-","1.71"
"2021/11/13","23:00","0.47","-","1.38"
"2021/11/14","00:00","0.268","-","1.12"
"2021/11/14","01:00","0.167","-","1.01"
"2021/11/14","02:00","0.228","-","1"
"2021/11/14","03:00","0.447","-","1.08"
"2021/11/14","04:00","0.741","-","1.32"
"2021/11/14","05:00","1.013","-","1.54"
"2021/11/14","06:00","1.21","-","1.75"
"2021/11/14","07:00","1.309","-","1.83"
"2021/11/14","08:00","1.284","-","1.72"
"2021/11/14","09:00","1.132","-","1.59"
"2021/11/14","10:00","0.897","-","1.37"
"2021/11/14","11:00","0.639","-","1.12"
"2021/11/14","12:00","0.402","-","0.85"
"2021/11/14","13:00","0.233","-","0.67"
"2021/11/14","14:00","0.195","-","0.6"
"2021/11/14","15:00","0.324","-","0.65"
"2021/11/14","16:00","0.571","-","0.93"
"2021/11/14","17:00","0.838","-","1.17"
"2021/11/14","18:00","1.053","-","1.39"
"2021/11/14","19:00","1.183","-","1.53"
"2021/11/14","20:00","1.201","-","1.57"
"2021/11/14","21:00","1.092","-","1.54"
"2021/11/14","22:00","0.883","-","1.36"
"2021/11/14","23:00","0.635","-","1.14"
"2021/11/15","00:00","0.4","-","0.86"
"2021/11/15","01:00","0.216","-","0.66"
"2021/11/15","02:00","0.144","-","0.58"
"2021/11/15","03:00","0.239","-","0.57"
"2021/11/15","04:00","0.488","-","0.61"
"2021/11/15","05:00","0.803","-","0.88"
"2021/11/15","06:00","1.085","-","1.26"
"2021/11/15","07:00","1.281","-","1.59"
"2021/11/15","08:00","1.363","-","1.6"
"2021/11/15","09:00","1.308","-","1.42"
"2021/11/15","10:00","1.126","-","1.06"
"2021/11/15","11:00","0.872","-","0.7"
"2021/11/15","12:00","0.605","-","0.47"
"2021/11/15","13:00","0.362","-","0.31"
"2021/11/15","14:00","0.193","-","0.14"
"2021/11/15","15:00","0.167","-","0.12"
"2021/11/15","16:00","0.313","-","0.2"
"2021/11/15","17:00","0.574","-","0.36"
"2021/11/15","18:00","0.848","-","0.71"
"2021/11/15","19:00","1.06","-","0.96"
"2021/11/15","20:00","1.174","-","1.19"
"2021/11/15","21:00","1.161","-","1.19"
"2021/11/15","22:00","1.019","-","1.01"
"2021/11/15","23:00","0.791","-","0.71"
"2021/11/16","00:00","0.543","-","0.43"
"2021/11/16","01:00","0.321","-","0.14"
"2021/11/16","02:00","0.164","-","-0.04"
"2021/11/16","03:00","0.132","-","-0.11"
"2021/11/16","04:00","0.274","-","0.01"
"2021/11/16","05:00","0.562","-","0.33"
"2021/11/16","06:00","0.895","-","0.69"
"2021/11/16","07:00","1.175","-","0.96"
"2021/11/16","08:00","1.35","-","1.07"
"2021/11/16","09:00","1.395","-","1.08"
"2021/11/16","10:00","1.297","-","1.09"
"2021/11/16","11:00","1.081","-","0.96"
"2021/11/16","12:00","0.809","-","0.77"
"2021/11/16","13:00","0.536","-","0.51"
"2021/11/16","14:00","0.297","-","0.34"
"2021/11/16","15:00","0.144","-","0.28"
"2021/11/16","16:00","0.149","-","0.31"
"2021/11/16","17:00","0.329","-","0.52"
"2021/11/16","18:00","0.612","-","0.82"
"2021/11/16","19:00","0.888","-","1.14"
"2021/11/16","20:00","1.083","-","1.33"
"2021/11/16","21:00","1.164","-","1.38"
"2021/11/16","22:00","1.111","-","1.33"
"2021/11/16","23:00","0.933","-","1.16"
"2021/11/17","00:00","0.688","-","0.94"
"2021/11/17","01:00","0.444","-","0.68"
"2021/11/17","02:00","0.244","-","0.53"
"2021/11/17","03:00","0.124","-","0.43"
"2021/11/17","04:00","0.146","-","0.49"
"2021/11/17","05:00","0.345","-","0.65"
"2021/11/17","06:00","0.67","-","0.97"
"2021/11/17","07:00","1.009","-","1.28"
"2021/11/17","08:00","1.266","-","1.54"
"2021/11/17","09:00","1.4","-","1.64"
"2021/11/17","10:00","1.394","-","1.63"
"2021/11/17","11:00","1.247","-","1.53"
"2021/11/17","12:00","0.999","-","1.27"
"2021/11/17","13:00","0.713","-","0.98"
"2021/11/17","14:00","0.442","-","0.69"
"2021/11/17","15:00","0.218","-","0.48"
"2021/11/17","16:00","0.102","-","0.39"
"2021/11/17","17:00","0.156","-","0.38"
"2021/11/17","18:00","0.379","-","0.55"
"2021/11/17","19:00","0.678","-","0.83"
"2021/11/17","20:00","0.942","-","1.09"
"2021/11/17","21:00","1.105","-","1.26"
"2021/11/17","22:00","1.142","-","1.32"
"2021/11/17","23:00","1.044","-","1.16"
"2021/11/18","00:00","0.834","-","0.95"
"2021/11/18","01:00","0.579","-","0.69"
"2021/11/18","02:00","0.347","-","0.52"
"2021/11/18","03:00","0.177","-","0.34"
"2021/11/18","04:00","0.109","-","0.3"
"2021/11/18","05:00","0.196","-","0.36"
"2021/11/18","06:00","0.453","-","0.59"
"2021/11/18","07:00","0.802","-","0.97"
"2021/11/18","08:00","1.125","-","1.28"
"2021/11/18","09:00","1.338","-","1.47"
"2021/11/18","10:00","1.416","-","1.52"
"2021/11/18","11:00","1.354","-","1.42"
"2021/11/18","12:00","1.162","-","1.27"
"2021/11/18","13:00","0.887","-","0.99"
"2021/11/18","14:00","0.597","-","0.7"
"2021/11/18","15:00","0.338","-","0.42"
"2021/11/18","16:00","0.148","-","0.27"
"2021/11/18","17:00","0.085","-","0.24"
"2021/11/18","18:00","0.197","-","0.36"
"2021/11/18","19:00","0.458","-","0.64"
"2021/11/18","20:00","0.757","-","0.97"
"2021/11/18","21:00","0.991","-","1.21"
"2021/11/18","22:00","1.11","-","1.27"
"2021/11/18","23:00","1.099","-","1.32"
"2021/11/19","00:00","0.959","-","1.5"
"2021/11/19","01:00","0.725","-","1.38"
"2021/11/19","02:00","0.469","-","0.84"
"2021/11/19","03:00","0.26","-","0.65"
"2021/11/19","04:00","0.135","-","0.58"
"2021/11/19","05:00","0.13","-","0.54"
"2021/11/19","06:00","0.285","-","0.42"
"2021/11/19","07:00","0.586","-","0.53"
"2021/11/19","08:00","0.938","-","0.84"
"2021/11/19","09:00","1.222","-","1.25"
"2021/11/19","10:00","1.377","-","1.53"
"2021/11/19","11:00","1.395","-","1.61"
"2021/11/19","12:00","1.28","-","1.3"
"2021/11/19","13:00","1.05","-","1.11"
"2021/11/19","14:00","0.76","-","0.86"
"2021/11/19","15:00","0.477","-","0.47"
"2021/11/19","16:00","0.247","-","0.21"
"2021/11/19","17:00","0.105","-","0.11"
"2021/11/19","18:00","0.104","-","0.13"
"2021/11/19","19:00","0.27","-","0.31"
"2021/11/19","20:00","0.551","-","0.64"
"2021/11/19","21:00","0.831","-","0.95"
"2021/11/19","22:00","1.021","-","1.05"
"2021/11/19","23:00","1.09","-","1.05"
"2021/11/20","00:00","1.034","-","0.89"
"2021/11/20","01:00","0.86","-","0.77"
"2021/11/20","02:00","0.611","-","0.54"
"2021/11/20","03:00","0.368","-","0.32"
"2021/11/20","04:00","0.195","-","0.18"
"2021/11/20","05:00","0.125","-","0.11"
"2021/11/20","06:00","0.186","-","0.27"
"2021/11/20","07:00","0.399","-","0.57"
"2021/11/20","08:00","0.725","-","0.83"
"2021/11/20","09:00","1.054","-","1.16"
"2021/11/20","10:00","1.284","-","1.28"
"2021/11/20","11:00","1.376","-","1.34"
"2021/11/20","12:00","1.338","-","1.33"
"2021/11/20","13:00","1.179","-","1.18"
"2021/11/20","14:00","0.924","-","0.97"
"2021/11/20","15:00","0.633","-","0.7"
"2021/11/20","16:00","0.373","-","0.42"
"2021/11/20","17:00","0.185","-","0.31"
"2021/11/20","18:00","0.1","-","0.26"
"2021/11/20","19:00","0.157","-","0.38"
"2021/11/20","20:00","0.361","-","0.62"
"2021/11/20","21:00","0.642","-","0.92"
"2021/11/20","22:00","0.886","-","1.15"
"2021/11/20","23:00","1.026","-","1.28"
"2021/11/21","00:00","1.047","-","1.3"
"2021/11/21","01:00","0.952","-","1.23"
"2021/11/21","02:00","0.753","-","1.11"
"2021/11/21","03:00","0.504","-","0.89"
"2021/11/21","04:00","0.287","-","0.73"
"2021/11/21","05:00","0.161","-","0.6"
"2021/11/21","06:00","0.15","-","0.6"
"2021/11/21","07:00","0.269","-","0.73"
"2021/11/21","08:00","0.521","-","1"
"2021/11/21","09:00","0.847","-","1.31"
"2021/11/21","10:00","1.136","-","1.55"
"2021/11/21","11:00","1.305","-","1.74"
"2021/11/21","12:00","1.338","-","1.76"
"2021/11/21","13:00","1.254","-","1.69"
"2021/11/21","14:00","1.064","-","1.53"
"2021/11/21","15:00","0.799","-","1.27"
"2021/11/21","16:00","0.523","-","0.98"
"2021/11/21","17:00","0.299","-","0.79"
"2021/11/21","18:00","0.16","-","0.7"
"2021/11/21","19:00","0.128","-","0.67"
"2021/11/21","20:00","0.23","-","0.8"
"2021/11/21","21:00","0.455","-","1.02"
"2021/11/21","22:00","0.717","-","1.23"
"2021/11/21","23:00","0.918","-","1.41"
"2021/11/22","00:00","1.007","-","1.52"
"2021/11/22","01:00","0.985","-","1.53"
"2021/11/22","02:00","0.861","-","1.45"
"2021/11/22","03:00","0.652","-","1.28"
"2021/11/22","04:00","0.416","-","1.11"
"2021/11/22","05:00","0.236","-","0.96"
"2021/11/22","06:00","0.159","-","0.91"
"2021/11/22","07:00","0.199","-","0.97"
"2021/11/22","08:00","0.361","-","1.15"
"2021/11/22","09:00","0.632","-","1.52"
"2021/11/22","10:00","0.94","-","1.78"
"2021/11/22","11:00","1.179","-","2.01"
"2021/11/22","12:00","1.289","-","2.08"
"2021/11/22","13:00","1.272","-","2.02"
"2021/11/22","14:00","1.154","-","1.84"
"2021/11/22","15:00","0.948","-","1.64"
"2021/11/22","16:00","0.688","-","1.41"
"2021/11/22","17:00","0.438","-","1.21"
"2021/11/22","18:00","0.255","-","1.14"
"2021/11/22","19:00","0.161","-","1.16"
"2021/11/22","20:00","0.173","-","1.24"
"2021/11/22","21:00","0.307","-","1.41"
"2021/11/22","22:00","0.537","-","1.67"
"2021/11/22","23:00","0.773","-","1.84"
"2021/11/23","00:00","0.928","-","1.95"
"2021/11/23","01:00","0.972","-","1.95"
"2021/11/23","02:00","0.918","-","1.77"
"2021/11/23","03:00","0.776","-","1.5"
"2021/11/23","04:00","0.567","-","1.17"
"2021/11/23","05:00","0.356","-","1"
"2021/11/23","06:00","0.215","-","0.85"
"2021/11/23","07:00","0.181","-","0.77"
"2021/11/23","08:00","0.257","-","0.76"
"2021/11/23","09:00","0.445","-","0.93"
"2021/11/23","10:00","0.719","-","1.17"
"2021/11/23","11:00","0.999","-","1.43"
"2021/11/23","12:00","1.188","-","1.6"
"2021/11/23","13:00","1.245","-","1.68"
"2021/11/23","14:00","1.191","-","1.59"
"2021/11/23","15:00","1.052","-","1.49"
"2021/11/23","16:00","0.842","-","1.27"
"2021/11/23","17:00","0.597","-","0.97"
"2021/11/23","18:00","0.377","-","0.75"
"2021/11/23","19:00","0.231","-","0.65"
"2021/11/23","20:00","0.173","-","0.55"
"2021/11/23","21:00","0.218","-","0.55"
"2021/11/23","22:00","0.375","-","0.76"
"2021/11/23","23:00","0.604","-","1.03"
"2021/11/24","00:00","0.812","-","1.26"
"2021/11/24","01:00","0.925","-","1.39"
"2021/11/24","02:00","0.934","-","1.4"
"2021/11/24","03:00","0.857","-","1.32"
"2021/11/24","04:00","0.708","-","1.2"
"2021/11/24","05:00","0.51","-","0.97"
"2021/11/24","06:00","0.324","-","0.82"
"2021/11/24","07:00","0.215","-","0.75"
"2021/11/24","08:00","0.21","-","0.77"
"2021/11/24","09:00","0.31","-","0.91"
"2021/11/24","10:00","0.511","-","1.16"
"2021/11/24","11:00","0.78","-","1.47"
"2021/11/24","12:00","1.029","-","1.7"
"2021/11/24","13:00","1.172","-","1.8"
"2021/11/24","14:00","1.187","-","1.81"
"2021/11/24","15:00","1.107","-","1.75"
"2021/11/24","16:00","0.959","-","1.61"
"2021/11/24","17:00","0.753","-","1.42"
"2021/11/24","18:00","0.524","-","1.18"
"2021/11/24","19:00","0.329","-","1.05"
"2021/11/24","20:00","0.211","-","0.95"
"2021/11/24","21:00","0.181","-","0.92"
"2021/11/24","22:00","0.253","-","0.95"
"2021/11/24","23:00","0.43","-","1.15"
"2021/11/25","00:00","0.658","-","1.39"
"2021/11/25","01:00","0.841","-","1.54"
"2021/11/25","02:00","0.921","-","1.58"
"2021/11/25","03:00","0.904","-","1.53"
"2021/11/25","04:00","0.817","-","1.4"
"2021/11/25","05:00","0.667","-","1.17"
"2021/11/25","06:00","0.479","-","1.01"
"2021/11/25","07:00","0.311","-","0.86"
"2021/11/25","08:00","0.223","-","0.72"
"2021/11/25","09:00","0.235","-","0.67"
"2021/11/25","10:00","0.348","-","0.75"
"2021/11/25","11:00","0.556","-","1"
"2021/11/25","12:00","0.816","-","1.27"
"2021/11/25","13:00","1.036","-","1.49"
"2021/11/25","14:00","1.141","-","1.6"
"2021/11/25","15:00","1.126","-","1.58"
"2021/11/25","16:00","1.033","-","1.46"
"2021/11/25","17:00","0.881","-","1.26"
"2021/11/25","18:00","0.678","-","1.1"
"2021/11/25","19:00","0.459","-","0.85"
"2021/11/25","20:00","0.281","-","0.68"
"2021/11/25","21:00","0.182","-","0.57"
"2021/11/25","22:00","0.176","-","0.56"
"2021/11/25","23:00","0.277","-","0.67"
"2021/11/26","00:00","0.476","-","0.88"
"2021/11/26","01:00","0.704","-","1.12"
"2021/11/26","02:00","0.869","-","1.35"
"2021/11/26","03:00","0.927","-","1.37"
"2021/11/26","04:00","0.897","-","1.44"
"2021/11/26","05:00","0.804","-","1.34"
"2021/11/26","06:00","0.653","-","1.16"
"2021/11/26","07:00","0.466","-","1"
"2021/11/26","08:00","0.305","-","0.86"
"2021/11/26","09:00","0.224","-","0.74"
"2021/11/26","10:00","0.243","-","0.77"
"2021/11/26","11:00","0.364","-","1.07"
"2021/11/26","12:00","0.578","-","1.39"
"2021/11/26","13:00","0.829","-","1.67"
"2021/11/26","14:00","1.026","-","1.72"
"2021/11/26","15:00","1.103","-","1.77"
"2021/11/26","16:00","1.073","-","1.77"
"2021/11/26","17:00","0.975","-","1.7"
"2021/11/26","18:00","0.82","-","1.47"
"2021/11/26","19:00","0.613","-","1.14"
"2021/11/26","20:00","0.395","-","0.79"
"2021/11/26","21:00","0.224","-","0.5"
"2021/11/26","22:00","0.141","-","0.39"
"2021/11/26","23:00","0.16","-","0.32"
"2021/11/27","00:00","0.293","-","0.39"
"2021/11/27","01:00","0.516","-","0.55"
"2021/11/27","02:00","0.751","-","0.73"
"2021/11/27","03:00","0.906","-","0.76"
"2021/11/27","04:00","0.953","-","0.82"
"2021/11/27","05:00","0.918","-","0.8"
"2021/11/27","06:00","0.819","-","0.7"
"2021/11/27","07:00","0.657","-","0.52"
"2021/11/27","08:00","0.46","-","0.24"
"2021/11/27","09:00","0.293","-","0.07"
"2021/11/27","10:00","0.21","-","0"
"2021/11/27","11:00","0.23","-","0.07"
"2021/11/27","12:00","0.357","-","0.17"
"2021/11/27","13:00","0.575","-","0.35"
"2021/11/27","14:00","0.822","-","0.55"
"2021/11/27","15:00","1.004","-","0.72"
"2021/11/27","16:00","1.07","-","0.82"
"2021/11/27","17:00","1.036","-","0.82"
"2021/11/27","18:00","0.935","-","0.76"
"2021/11/27","19:00","0.77","-","0.61"
"2021/11/27","20:00","0.55","-","0.45"
"2021/11/27","21:00","0.324","-","0.2"
"2021/11/27","22:00","0.158","-","0.06"
"2021/11/27","23:00","0.091","-","-0.03"
"2021/11/28","00:00","0.138","-","0.03"
"2021/11/28","01:00","0.305","-","0.22"
"2021/11/28","02:00","0.557","-","0.49"
"2021/11/28","03:00","0.805","-","0.73"
"2021/11/28","04:00","0.962","-","0.89"
"2021/11/28","05:00","1.009","-","1.01"
"2021/11/28","06:00","0.97","-","1.09"
"2021/11/28","07:00","0.856","-","1.07"
"2021/11/28","08:00","0.669","-","0.97"
"2021/11/28","09:00","0.449","-","0.8"
"2021/11/28","10:00","0.267","-","0.61"
"2021/11/28","11:00","0.175","-","0.5"
"2021/11/28","12:00","0.193","-","0.53"
"2021/11/28","13:00","0.322","-","0.61"
"2021/11/28","14:00","0.547","-","0.78"
"2021/11/28","15:00","0.798","-","1.05"
"2021/11/28","16:00","0.981","-","1.23"
"2021/11/28","17:00","1.048","-","1.34"
"2021/11/28","18:00","1.017","-","1.34"
"2021/11/28","19:00","0.909","-","1.32"
"2021/11/28","20:00","0.725","-","1.17"
"2021/11/28","21:00","0.483","-","0.94"
"2021/11/28","22:00","0.247","-","0.77"
"2021/11/28","23:00","0.086","-","0.6"
"2021/11/29","00:00","0.036","-","0.59"
"2021/11/29","01:00","0.112","-","0.76"
"2021/11/29","02:00","0.316","-","0.91"
"2021/11/29","03:00","0.603","-","0.98"
"2021/11/29","04:00","0.875","-","1.32"
"2021/11/29","05:00","1.045","-","1.55"
"2021/11/29","06:00","1.094","-","1.63"
"2021/11/29","07:00","1.044","-","1.42"
"2021/11/29","08:00","0.901","-","1.23"
"2021/11/29","09:00","0.678","-","0.97"
"2021/11/29","10:00","0.427","-","0.76"
"2021/11/29","11:00","0.224","-","0.54"
"2021/11/29","12:00","0.119","-","0.42"
"2021/11/29","13:00","0.129","-","0.36"
"2021/11/29","14:00","0.262","-","0.45"
"2021/11/29","15:00","0.5","-","0.67"
"2021/11/29","16:00","0.767","-","0.97"
"2021/11/29","17:00","0.964","-","1.2"
"2021/11/29","18:00","1.042","-","1.28"
"2021/11/29","19:00","1.012","-","1.26"
"2021/11/29","20:00","0.889","-","1.15"
"2021/11/29","21:00","0.677","-","0.96"
"2021/11/29","22:00","0.412","-","0.74"
"2021/11/29","23:00","0.167","-","0.53"
"2021/11/30","00:00","0.012","-","0.34"
"2021/11/30","01:00","-0.02","-","0.25"
"2021/11/30","02:00","0.087","-","0.35"
"2021/11/30","03:00","0.333","-","0.64"
"2021/11/30","04:00","0.663","-","0.97"
"2021/11/30","05:00","0.966","-","1.27"
"2021/11/30","06:00","1.152","-","1.43"
"2021/11/30","07:00","1.199","-","1.49"
"2021/11/30","08:00","1.125","-","1.47"
"2021/11/30","09:00","0.943","-","1.33"
"2021/11/30","10:00","0.677","-","1.11"
"2021/11/30","11:00","0.392","-","0.86"
"2021/11/30","12:00","0.165","-","0.64"
"2021/11/30","13:00","0.042","-","0.45"
"2021/11/30","14:00","0.042","-","0.49"
"2021/11/30","15:00","0.184","-","0.69"
"2021/11/30","16:00","0.447","-","1.04"
"2021/11/30","17:00","0.742","-","1.39"
"2021/11/30","18:00","0.96","-","1.6"
"2021/11/30","19:00","1.048","-","1.72"
"2021/11/30","20:00","1.012","-","1.65"
"2021/11/30","21:00","0.866","-","1.5"
"2021/11/30","22:00","0.625","-","1.15"
"2021/11/30","23:00","0.338","-","0.88"
"2021/12/01","00:00","0.088","-","0.67"
"2021/12/01","01:00","-0.062","-","0.55"
"2021/12/01","02:00","-0.077","-","0.49"
"2021/12/01","03:00","0.065","-","0.52"
"2021/12/01","04:00","0.361","-","0.74"
"2021/12/01","05:00","0.741","-","1.07"
"2021/12/01","06:00","1.077","-","1.39"
"2021/12/01","07:00","1.271","-","1.61"
"2021/12/01","08:00","1.305","-","1.64"
"2021/12/01","09:00","1.199","-","1.56"
"2021/12/01","10:00","0.973","-","1.3"
"2021/12/01","11:00","0.664","-","0.96"
"2021/12/01","12:00","0.346","-","0.64"
"2021/12/01","13:00","0.093","-","0.37"
"2021/12/01","14:00","-0.051","-","0.22"
"2021/12/01","15:00","-0.054","-","0.15"
"2021/12/01","16:00","0.107","-","0.24"
"2021/12/01","17:00","0.405","-","0.53"
"2021/12/01","18:00","0.732","-","0.84"
"2021/12/01","19:00","0.969","-","1.08"
"2021/12/01","20:00","1.058","-","1.18"
"2021/12/01","21:00","1.007","-","1.17"
"2021/12/01","22:00","0.835","-","1.01"
"2021/12/01","23:00","0.567","-","0.74"
"2021/12/02","00:00","0.264","-","0.4"
"2021/12/02","01:00","0.009","-","0.16"
"2021/12/02","02:00","-0.134","-","0.02"
"2021/12/02","03:00","-0.129","-","-0.01"
"2021/12/02","04:00","0.054","-","0.17"
"2021/12/02","05:00","0.406","-","0.56"
"2021/12/02","06:00","0.834","-","0.97"
"2021/12/02","07:00","1.193","-","1.3"
"2021/12/02","08:00","1.384","-","1.49"
"2021/12/02","09:00","1.395","-","1.51"
"2021/12/02","10:00","1.252","-","1.45"
"2021/12/02","11:00","0.984","-","1.23"
"2021/12/02","12:00","0.638","-","0.87"
"2021/12/02","13:00","0.291","-","0.57"
"2021/12/02","14:00","0.015","-","0.28"
"2021/12/02","15:00","-0.143","-","0.13"
"2021/12/02","16:00","-0.141","-","0.11"
"2021/12/02","17:00","0.05","-","0.27"
"2021/12/02","18:00","0.386","-","0.59"
"2021/12/02","19:00","0.741","-","0.94"
"2021/12/02","20:00","0.984","-","1.18"
"2021/12/02","21:00","1.064","-","1.26"
"2021/12/02","22:00","0.993","-","1.17"
"2021/12/02","23:00","0.795","-","0.97"
"2021/12/03","00:00","0.505","-","0.68"
"2021/12/03","01:00","0.19","-","0.4"
"2021/12/03","02:00","-0.066","-","0.23"
"2021/12/03","03:00","-0.2","-","0.14"
"2021/12/03","04:00","-0.169","-","0.06"
"2021/12/03","05:00","0.06","-","0.27"
"2021/12/03","06:00","0.465","-","0.87"
"2021/12/03","07:00","0.929","-","1.23"
"2021/12/03","08:00","1.294","-","1.58"
"2021/12/03","09:00","1.469","-","1.78"
"2021/12/03","10:00","1.451","-","1.74"
"2021/12/03","11:00","1.275","-","1.61"
"2021/12/03","12:00","0.974","-","1.31"
"2021/12/03","13:00","0.6","-","0.91"
"2021/12/03","14:00","0.233","-","0.51"
"2021/12/03","15:00","-0.058","-","0.2"
"2021/12/03","16:00","-0.219","-","0.04"
"2021/12/03","17:00","-0.199","-","0.04"
"2021/12/03","18:00","0.027","-","0.22"
"2021/12/03","19:00","0.395","-","0.68"
"2021/12/03","20:00","0.761","-","0.97"
"2021/12/03","21:00","0.996","-","1.18"
"2021/12/03","22:00","1.058","-","1.18"
"2021/12/03","23:00","0.967","-","1.12"
"2021/12/04","00:00","0.748","-","0.91"
"2021/12/04","01:00","0.442","-","0.57"
"2021/12/04","02:00","0.122","-","0.31"
"2021/12/04","03:00","-0.129","-","0.06"
"2021/12/04","04:00","-0.248","-","-0.05"
"2021/12/04","05:00","-0.186","-","-0.02"
"2021/12/04","06:00","0.086","-","0.31"
"2021/12/04","07:00","0.529","-","0.77"
"2021/12/04","08:00","1.007","-","1.17"
"2021/12/04","09:00","1.36","-","1.52"
"2021/12/04","10:00","1.509","-","1.63"
"2021/12/04","11:00","1.465","-","1.6"
"2021/12/04","12:00","1.265","-","1.47"
"2021/12/04","13:00","0.943","-","1.2"
"2021/12/04","14:00","0.555","-","0.83"
"2021/12/04","15:00","0.181","-","0.42"
"2021/12/04","16:00","-0.111","-","0.15"
"2021/12/04","17:00","-0.261","-","0.02"
"2021/12/04","18:00","-0.217","-","0.03"
"2021/12/04","19:00","0.039","-","0.27"
"2021/12/04","20:00","0.423","-","0.66"
"2021/12/04","21:00","0.782","-","1"
"2021/12/04","22:00","0.997","-","1.18"
"2021/12/04","23:00","1.039","-","1.21"
"2021/12/05","00:00","0.931","-","1.15"
"2021/12/05","01:00","0.699","-","0.96"
"2021/12/05","02:00","0.386","-","0.68"
"2021/12/05","03:00","0.069","-","0.34"
"2021/12/05","04:00","-0.169","-","0.14"
"2021/12/05","05:00","-0.268","-","0.02"
"2021/12/05","06:00","-0.178","-","0.07"
"2021/12/05","07:00","0.124","-","0.43"
"2021/12/05","08:00","0.583","-","0.91"
"2021/12/05","09:00","1.05","-","1.39"
"2021/12/05","10:00","1.376","-","1.67"
"2021/12/05","11:00","1.498","-","1.75"
"2021/12/05","12:00","1.436","-","1.71"
"2021/12/05","13:00","1.223","-","1.56"
"2021/12/05","14:00","0.894","-","1.24"
"2021/12/05","15:00","0.508","-","0.91"
"2021/12/05","16:00","0.143","-","0.57"
"2021/12/05","17:00","-0.134","-","0.25"
"2021/12/05","18:00","-0.266","-","0.17"
"2021/12/05","19:00","-0.198","-","0.21"
"2021/12/05","20:00","0.076","-","0.55"
"2021/12/05","21:00","0.458","-","0.9"
"2021/12/05","22:00","0.797","-","1.23"
"2021/12/05","23:00","0.987","-","1.41"
"2021/12/06","00:00","1.012","-","1.42"
"2021/12/06","01:00","0.894","-","1.36"
"2021/12/06","02:00","0.657","-","1.14"
"2021/12/06","03:00","0.347","-","0.85"
"2021/12/06","04:00","0.043","-","0.56"
"2021/12/06","05:00","-0.177","-","0.34"
"2021/12/06","06:00","-0.257","-","0.23"
"2021/12/06","07:00","-0.15","-","0.27"
"2021/12/06","08:00","0.162","-","0.59"
"2021/12/06","09:00","0.612","-","1.02"
"2021/12/06","10:00","1.051","-","1.5"
"2021/12/06","11:00","1.342","-","1.77"
"2021/12/06","12:00","1.44","-","1.82"
"2021/12/06","13:00","1.368","-","1.78"
"2021/12/06","14:00","1.156","-","1.59"
"2021/12/06","15:00","0.835","-","1.26"
"2021/12/06","16:00","0.466","-","0.88"
"2021/12/06","17:00","0.124","-","0.52"
"2021/12/06","18:00","-0.13","-","0.33"
"2021/12/06","19:00","-0.242","-","0.25"
"2021/12/06","20:00","-0.157","-","0.33"
"2021/12/06","21:00","0.121","-","0.68"
"2021/12/06","22:00","0.49","-","1.05"
"2021/12/06","23:00","0.802","-","1.68"
"2021/12/07","00:00","0.969","-","1.91"
"2021/12/07","01:00","0.982","-","2.07"
"2021/12/07","02:00","0.862","-","1.8"
"2021/12/07","03:00","0.63","-","1.5"
"2021/12/07","04:00","0.334","-","1.08"
"2021/12/07","05:00","0.051","-","0.59"
"2021/12/07","06:00","-0.15","-","0.26"
"2021/12/07","07:00","-0.22","-","0.1"
"2021/12/07","08:00","-0.111","-","0.17"
"2021/12/07","09:00","0.19","-","0.42"
"2021/12/07","10:00","0.613","-","0.83"
"2021/12/07","11:00","1.012","-","1.2"
"2021/12/07","12:00","1.266","-","1.38"
"2021/12/07","13:00","1.346","-","1.47"
"2021/12/07","14:00","1.273","-","1.39"
"2021/12/07","15:00","1.072","-","1.21"
"2021/12/07","16:00","0.772","-","0.86"
"2021/12/07","17:00","0.432","-","0.48"
"2021/12/07","18:00","0.121","-","0.11"
"2021/12/07","19:00","-0.109","-","-0.12"
"2021/12/07","20:00","-0.204","-","-0.18"
"2021/12/07","21:00","-0.11","-","-0.08"
"2021/12/07","22:00","0.164","-","0.22"
"2021/12/07","23:00","0.513","-","0.55"
"2021/12/08","00:00","0.799","-","0.84"
"2021/12/08","01:00","0.948","-","1.04"
"2021/12/08","02:00","0.957","-","1.04"
"2021/12/08","03:00","0.844","-","0.99"
"2021/12/08","04:00","0.626","-","0.77"
"2021/12/08","05:00","0.351","-","0.52"
"2021/12/08","06:00","0.091","-","0.31"
"2021/12/08","07:00","-0.097","-","0.18"
"2021/12/08","08:00","-0.168","-","0.14"
"2021/12/08","09:00","-0.073","-","0.24"
"2021/12/08","10:00","0.204","-","0.6"
"2021/12/08","11:00","0.589","-","0.98"
"2021/12/08","12:00","0.943","-","1.3"
"2021/12/08","13:00","1.163","-","1.46"
"2021/12/08","14:00","1.23","-","1.56"
"2021/12/08","15:00","1.165","-","1.54"
"2021/12/08","16:00","0.982","-","1.43"
"2021/12/08","17:00","0.71","-","1.11"
"2021/12/08","18:00","0.404","-","0.82"
"2021/12/08","19:00","0.123","-","0.57"
"2021/12/08","20:00","-0.087","-","0.38"
"2021/12/08","21:00","-0.169","-","0.33"
"2021/12/08","22:00","-0.068","-","0.46"
"2021/12/08","23:00","0.201","-","0.72"
"2021/12/09","00:00","0.53","-","1.01"
"2021/12/09","01:00","0.792","-","1.38"
"2021/12/09","02:00","0.929","-","1.59"
"2021/12/09","03:00","0.943","-","1.6"
"2021/12/09","04:00","0.844","-","1.42"
"2021/12/09","05:00","0.646","-","1.24"
"2021/12/09","06:00","0.394","-","0.96"
"2021/12/09","07:00","0.151","-","0.74"
"2021/12/09","08:00","-0.034","-","0.46"
"2021/12/09","09:00","-0.116","-","0.32"
"2021/12/09","10:00","-0.041","-","0.49"
"2021/12/09","11:00","0.206","-","0.75"
"2021/12/09","12:00","0.548","-","1.08"
"2021/12/09","13:00","0.858","-","1.34"
"2021/12/09","14:00","1.049","-","1.47"
"2021/12/09","15:00","1.11","-","1.53"
"2021/12/09","16:00","1.056","-","1.47"
"2021/12/09","17:00","0.895","-","1.35"
"2021/12/09","18:00","0.651","-","1.14"
"2021/12/09","19:00","0.375","-","0.87"
"2021/12/09","20:00","0.118","-","0.61"
"2021/12/09","21:00","-0.074","-","0.49"
"2021/12/09","22:00","-0.142","-","0.41"
"2021/12/09","23:00","-0.032","-","0.51"
"2021/12/10","00:00","0.232","-","0.76"
"2021/12/10","01:00","0.543","-","1.1"
"2021/12/10","02:00","0.787","-","1.38"
"2021/12/10","03:00","0.92","-","1.52"
"2021/12/10","04:00","0.945","-","1.55"
"2021/12/10","05:00","0.862","-","1.53"
"2021/12/10","06:00","0.683","-","1.36"
"2021/12/10","07:00","0.448","-","1.19"
"2021/12/10","08:00","0.214","-","0.97"
"2021/12/10","09:00","0.024","-","0.87"
"2021/12/10","10:00","-0.072","-","0.78"
"2021/12/10","11:00","-0.018","-","0.84"
"2021/12/10","12:00","0.198","-","1.13"
"2021/12/10","13:00","0.5","-","1.41"
"2021/12/10","14:00","0.77","-","1.71"
"2021/12/10","15:00","0.939","-","1.92"
"2021/12/10","16:00","1","-","1.99"
"2021/12/10","17:00","0.96","-","1.95"
"2021/12/10","18:00","0.817","-","1.81"
"2021/12/10","19:00","0.592","-","1.59"
"2021/12/10","20:00","0.337","-","1.33"
"2021/12/10","21:00","0.1","-","1.11"
"2021/12/10","22:00","-0.074","-","0.9"
"2021/12/10","23:00","-0.123","-","0.9"
"2021/12/11","00:00","-0.001","-","0.96"
"2021/12/11","01:00","0.262","-","1.24"
"2021/12/11","02:00","0.558","-","1.55"
"2021/12/11","03:00","0.79","-","1.8"
"2021/12/11","04:00","0.925","-","1.86"
"2021/12/11","05:00","0.962","-","1.81"
"2021/12/11","06:00","0.893","-","1.71"
"2021/12/11","07:00","0.722","-","1.46"
"2021/12/11","08:00","0.494","-","1.18"
"2021/12/11","09:00","0.261","-","0.86"
"2021/12/11","10:00","0.066","-","0.69"
"2021/12/11","11:00","-0.043","-","0.55"
"2021/12/11","12:00","-0.006","-","0.57"
"2021/12/11","13:00","0.185","-","0.72"
"2021/12/11","14:00","0.452","-","0.91"
"2021/12/11","15:00","0.691","-","1.11"
"2021/12/11","16:00","0.847","-","1.37"
"2021/12/11","17:00","0.913","-","1.54"
"2021/12/11","18:00","0.882","-","1.56"
"2021/12/11","19:00","0.745","-","1.39"
"2021/12/11","20:00","0.53","-","1.21"
"2021/12/11","21:00","0.29","-","0.76"
"2021/12/11","22:00","0.071","-","0.67"
"2021/12/11","23:00","-0.081","-","0.53"
"2021/12/12","00:00","-0.108","-","0.46"
"2021/12/12","01:00","0.031","-","0.47"
"2021/12/12","02:00","0.294","-","0.87"
"2021/12/12","03:00","0.58","-","1.23"
"2021/12/12","04:00","0.807","-","1.34"
"2021/12/12","05:00","0.947","-","1.38"
"2021/12/12","06:00","0.991","-","1.44"
"2021/12/12","07:00","0.922","-","1.1"
"2021/12/12","08:00","0.749","-","0.77"
"2021/12/12","09:00","0.519","-","0.35"
"2021/12/12","10:00","0.284","-","0.17"
"2021/12/12","11:00","0.084","-","-0.05"
"2021/12/12","12:00","-0.032","-","-0.17"
"2021/12/12","13:00","-0.005","-","-0.13"
"2021/12/12","14:00","0.167","-","-0.02"
"2021/12/12","15:00","0.41","-","0.16"
"2021/12/12","16:00","0.631","-","0.27"
"2021/12/12","17:00","0.783","-","0.48"
"2021/12/12","18:00","0.853","-","0.51"
"2021/12/12","19:00","0.82","-","0.51"
"2021/12/12","20:00","0.679","-","0.32"
"2021/12/12","21:00","0.463","-","0.07"
"2021/12/12","22:00","0.235","-","-0.2"
"2021/12/12","23:00","0.037","-","-0.42"
"2021/12/13","00:00","-0.09","-","-0.51"
"2021/12/13","01:00","-0.091","-","-0.46"
"2021/12/13","02:00","0.066","-","-0.3"
"2021/12/13","03:00","0.334","-","-0.02"
"2021/12/13","04:00","0.616","-","0.26"
"2021/12/13","05:00","0.841","-","0.46"
"2021/12/13","06:00","0.983","-","0.62"
"2021/12/13","07:00","1.022","-","0.67"
"2021/12/13","08:00","0.939","-","0.6"
"2021/12/13","09:00","0.751","-","0.45"
"2021/12/13","10:00","0.513","-","0.22"
"2021/12/13","11:00","0.277","-","0"
"2021/12/13","12:00","0.075","-","-0.17"
"2021/12/13","13:00","-0.041","-","-0.26"
"2021/12/13","14:00","-0.016","-","-0.26"
"2021/12/13","15:00","0.15","-","-0.13"
"2021/12/13","16:00","0.384","-","0.09"
"2021/12/13","17:00","0.6","-","0.32"
"2021/12/13","18:00","0.752","-","0.48"
"2021/12/13","19:00","0.817","-","0.52"
"2021/12/13","20:00","0.77","-","0.48"
"2021/12/13","21:00","0.613","-","0.28"
"2021/12/13","22:00","0.394","-","0.1"
"2021/12/13","23:00","0.177","-","-0.17"
"2021/12/14","00:00","0","-","-0.32"
"2021/12/14","01:00","-0.1","-","-0.4"
"2021/12/14","02:00","-0.072","-","-0.36"
"2021/12/14","03:00","0.108","-","-0.24"
"2021/12/14","04:00","0.388","-","0.06"
"2021/12/14","05:00","0.672","-","0.36"
"2021/12/14","06:00","0.894","-","0.56"
"2021/12/14","07:00","1.026","-","0.67"
"2021/12/14","08:00","1.043","-","0.67"
"2021/12/14","09:00","0.932","-","0.56"
"2021/12/14","10:00","0.723","-","0.31"
"2021/12/14","11:00","0.477","-","0.05"
"2021/12/14","12:00","0.239","-","-0.18"
"2021/12/14","13:00","0.039","-","-0.37"
"2021/12/14","14:00","-0.071","-","-0.45"
"2021/12/14","15:00","-0.034","-","-0.47"
"2021/12/14","16:00","0.143","-","-0.35"
"2021/12/14","17:00","0.383","-","-0.1"
"2021/12/14","18:00","0.6","-","0.15"
"2021/12/14","19:00","0.748","-","0.32"
"2021/12/14","20:00","0.797","-","0.37"
"2021/12/14","21:00","0.724","-","0.34"
"2021/12/14","22:00","0.545","-","0.19"
"2021/12/14","23:00","0.322","-","-0.04"
"2021/12/15","00:00","0.117","-","-0.21"
"2021/12/15","01:00","-0.038","-","-0.33"
"2021/12/15","02:00","-0.109","-","-0.34"
"2021/12/15","03:00","-0.046","-","-0.19"
"2021/12/15","04:00","0.165","-","0.13"
"2021/12/15","05:00","0.462","-","0.46"
"2021/12/15","06:00","0.748","-","0.77"
"2021/12/15","07:00","0.958","-","0.93"
"2021/12/15","08:00","1.065","-","1"
"2021/12/15","09:00","1.046","-","0.97"
"2021/12/15","10:00","0.899","-","0.94"
"2021/12/15","11:00","0.667","-","0.77"
"2021/12/15","12:00","0.412","-","0.59"
"2021/12/15","13:00","0.173","-","0.36"
"2021/12/15","14:00","-0.02","-","0.2"
"2021/12/15","15:00","-0.11","-","0.21"
"2021/12/15","16:00","-0.045","-","0.29"
"2021/12/15","17:00","0.158","-","0.5"
"2021/12/15","18:00","0.41","-","0.78"
"2021/12/15","19:00","0.627","-","1.02"
"2021/12/15","20:00","0.76","-","1.18"
"2021/12/15","21:00","0.78","-","1.19"
"2021/12/15","22:00","0.674","-","1.11"
"2021/12/15","23:00","0.473","-","0.97"
"2021/12/16","00:00","0.247","-","0.75"
"2021/12/16","01:00","0.055","-","0.54"
"2021/12/16","02:00","-0.078","-","0.45"
"2021/12/16","03:00","-0.114","-","0.41"
"2021/12/16","04:00","-0.007","-","0.58"
"2021/12/16","05:00","0.243","-","0.84"
"2021/12/16","06:00","0.558","-","1.17"
"2021/12/16","07:00","0.837","-","1.38"
"2021/12/16","08:00","1.021","-","1.51"
"2021/12/16","09:00","1.089","-","1.53"
"2021/12/16","10:00","1.025","-","1.47"
"2021/12/16","11:00","0.839","-","1.32"
"2021/12/16","12:00","0.586","-","1.08"
"2021/12/16","13:00","0.324","-","0.75"
"2021/12/16","14:00","0.088","-","0.5"
"2021/12/16","15:00","-0.088","-","0.35"
"2021/12/16","16:00","-0.143","-","0.32"
"2021/12/16","17:00","-0.034","-","0.4"
"2021/12/16","18:00","0.202","-","0.61"
"2021/12/16","19:00","0.464","-","0.9"
"2021/12/16","20:00","0.669","-","1.12"
"2021/12/16","21:00","0.773","-","1.2"
"2021/12/16","22:00","0.756","-","1.15"
"2021/12/16","23:00","0.615","-","0.93"
"2021/12/17","00:00","0.394","-","0.71"
"2021/12/17","01:00","0.167","-","0.45"
"2021/12/17","02:00","-0.012","-","0.28"
"2021/12/17","03:00","-0.116","-","0.14"
"2021/12/17","04:00","-0.107","-","0.08"
"2021/12/17","05:00","0.054","-","0.17"
"2021/12/17","06:00","0.344","-","0.44"
"2021/12/17","07:00","0.668","-","0.75"
"2021/12/17","08:00","0.925","-","0.98"
"2021/12/17","09:00","1.07","-","1.17"
"2021/12/17","10:00","1.089","-","1.15"
"2021/12/17","11:00","0.978","-","1.05"
"2021/12/17","12:00","0.757","-","0.79"
"2021/12/17","13:00","0.485","-","0.47"
"2021/12/17","14:00","0.22","-","0.15"
"2021/12/17","15:00","-0.004","-","-0.05"
"2021/12/17","16:00","-0.148","-","-0.16"
"2021/12/17","17:00","-0.152","-","-0.17"
"2021/12/17","18:00","0.01","-","-0.05"
"2021/12/17","19:00","0.274","-","0.26"
"2021/12/17","20:00","0.533","-","0.54"
"2021/12/17","21:00","0.71","-","0.73"
"2021/12/17","22:00","0.776","-","0.76"
"2021/12/17","23:00","0.717","-","0.72"
"2021/12/18","00:00","0.543","-","0.58"
"2021/12/18","01:00","0.305","-","0.39"
"2021/12/18","02:00","0.082","-","0.15"
"2021/12/18","03:00","-0.077","-","-0.01"
"2021/12/18","04:00","-0.142","-","-0.01"
"2021/12/18","05:00","-0.077","-","0.1"
"2021/12/18","06:00","0.14","-","0.39"
"2021/12/18","07:00","0.461","-","0.73"
"2021/12/18","08:00","0.777","-","0.97"
"2021/12/18","09:00","0.997","-","1.19"
"2021/12/18","10:00","1.092","-","1.29"
"2021/12/18","11:00","1.061","-","1.29"
"2021/12/18","12:00","0.906","-","1.15"
"2021/12/18","13:00","0.655","-","0.9"
"2021/12/18","14:00","0.372","-","0.65"
"2021/12/18","15:00","0.113","-","0.39"
"2021/12/18","16:00","-0.085","-","0.23"
"2021/12/18","17:00","-0.181","-","0.17"
"2021/12/18","18:00","-0.124","-","0.27"
"2021/12/18","19:00","0.085","-","0.51"
"2021/12/18","20:00","0.363","-","0.8"
"2021/12/18","21:00","0.601","-","1.09"
"2021/12/18","22:00","0.739","-","1.22"
"2021/12/18","23:00","0.761","-","1.29"
"2021/12/19","00:00","0.662","-","1.22"
"2021/12/19","01:00","0.458","-","1.06"
"2021/12/19","02:00","0.211","-","0.88"
"2021/12/19","03:00","-0.001","-","0.68"
"2021/12/19","04:00","-0.128","-","0.6"
"2021/12/19","05:00","-0.144","-","0.7"
"2021/12/19","06:00","-0.02","-","1.02"
"2021/12/19","07:00","0.246","-","1.25"
"2021/12/19","08:00","0.58","-","1.61"
"2021/12/19","09:00","0.869","-","1.99"
"2021/12/19","10:00","1.04","-","2.1"
"2021/12/19","11:00","1.083","-","2.03"
"2021/12/19","12:00","1.005","-","1.88"
"2021/12/19","13:00","0.812","-","1.59"
"2021/12/19","14:00","0.54","-","1.19"
"2021/12/19","15:00","0.255","-","0.93"
"2021/12/19","16:00","0.016","-","0.74"
"2021/12/19","17:00","-0.141","-","0.66"
"2021/12/19","18:00","-0.179","-","0.6"
"2021/12/19","19:00","-0.063","-","0.75"
"2021/12/19","20:00","0.181","-","1"
"2021/12/19","21:00","0.454","-","1.2"
"2021/12/19","22:00","0.657","-","1.4"
"2021/12/19","23:00","0.748","-","1.5"
"2021/12/20","00:00","0.726","-","1.46"
"2021/12/20","01:00","0.591","-","1.31"
"2021/12/20","02:00","0.365","-","0.96"
"2021/12/20","03:00","0.119","-","0.67"
"2021/12/20","04:00","-0.07","-","0.46"
"2021/12/20","05:00","-0.155","-","0.37"
"2021/12/20","06:00","-0.117","-","0.41"
"2021/12/20","07:00","0.062","-","0.66"
"2021/12/20","08:00","0.36","-","0.91"
"2021/12/20","09:00","0.687","-","1.23"
"2021/12/20","10:00","0.935","-","1.42"
"2021/12/20","11:00","1.051","-","1.51"
"2021/12/20","12:00","1.043","-","1.49"
"2021/12/20","13:00","0.923","-","1.4"
"2021/12/20","14:00","0.7","-","1.23"
"2021/12/20","15:00","0.418","-","0.99"
"2021/12/20","16:00","0.146","-","0.76"
"2021/12/20","17:00","-0.059","-","0.61"
"2021/12/20","18:00","-0.166","-","0.64"
"2021/12/20","19:00","-0.145","-","0.74"
"2021/12/20","20:00","0.02","-","0.95"
"2021/12/20","21:00","0.282","-","1.22"
"2021/12/20","22:00","0.535","-","1.43"
"2021/12/20","23:00","0.694","-","1.61"
"2021/12/21","00:00","0.739","-","1.69"
"2021/12/21","01:00","0.677","-","1.68"
"2021/12/21","02:00","0.512","-","1.53"
"2021/12/21","03:00","0.275","-","1.32"
"2021/12/21","04:00","0.042","-","1.12"
"2021/12/21","05:00","-0.112","-","1.02"
"2021/12/21","06:00","-0.151","-","1.01"
"2021/12/21","07:00","-0.063","-","1.15"
"2021/12/21","08:00","0.157","-","1.39"
"2021/12/21","09:00","0.468","-","1.71"
"2021/12/21","10:00","0.771","-","1.97"
"2021/12/21","11:00","0.969","-","2.18"
"2021/12/21","12:00","1.031","-","2.33"
"2021/12/21","13:00","0.976","-","2.26"
"2021/12/21","14:00","0.821","-","2.1"
"2021/12/21","15:00","0.579","-","1.81"
"2021/12/21","16:00","0.299","-","1.53"
"2021/12/21","17:00","0.053","-","1.3"
"2021/12/21","18:00","-0.109","-","1.15"
"2021/12/21","19:00","-0.165","-","1.12"
"2021/12/21","20:00","-0.092","-","1.16"
"2021/12/21","21:00","0.111","-","1.38"
"2021/12/21","22:00","0.376","-","1.58"
"2021/12/21","23:00","0.6","-","1.81"
"2021/12/22","00:00","0.715","-","1.88"
"2021/12/22","01:00","0.717","-","1.82"
"2021/12/22","02:00","0.621","-","1.68"
"2021/12/22","03:00","0.436","-","1.45"
"2021/12/22","04:00","0.2","-","1.17"
"2021/12/22","05:00","-0.009","-","0.99"
"2021/12/22","06:00","-0.125","-","0.87"
"2021/12/22","07:00","-0.122","-","0.88"
"2021/12/22","08:00","0.005","-","0.96"
"2021/12/22","09:00","0.25","-","1.17"
"2021/12/22","10:00","0.559","-","1.51"
"2021/12/22","11:00","0.828","-","1.85"
"2021/12/22","12:00","0.973","-","1.94"
"2021/12/22","13:00","0.984","-","1.96"
"2021/12/22","14:00","0.89","-","1.9"
"2021/12/22","15:00","0.709","-","1.7"
"2021/12/22","16:00","0.458","-","1.38"
"2021/12/22","17:00","0.192","-","1.1"
"2021/12/22","18:00","-0.022","-","0.99"
"2021/12/22","19:00","-0.141","-","0.93"
"2021/12/22","20:00","-0.15","-","0.98"
"2021/12/22","21:00","-0.032","-","1.14"
"2021/12/22","22:00","0.198","-","1.4"
"2021/12/22","23:00","0.461","-","1.66"
"2021/12/23","00:00","0.653","-","1.72"
"2021/12/23","01:00","0.725","-","1.76"
"2021/12/23","02:00","0.69","-","1.63"
"2021/12/23","03:00","0.568","-","1.45"
"2021/12/23","04:00","0.373","-","1.15"
"2021/12/23","05:00","0.147","-","0.93"
"2021/12/23","06:00","-0.035","-","0.77"
"2021/12/23","07:00","-0.116","-","0.69"
"2021/12/23","08:00","-0.081","-","0.71"
"2021/12/23","09:00","0.072","-","0.93"
"2021/12/23","10:00","0.33","-","1.17"
"2021/12/23","11:00","0.627","-","1.43"
"2021/12/23","12:00","0.857","-","1.65"
"2021/12/23","13:00","0.952","-","1.72"
"2021/12/23","14:00","0.919","-","1.64"
"2021/12/23","15:00","0.795","-","1.46"
"2021/12/23","16:00","0.596","-","1.19"
"2021/12/23","17:00","0.346","-","0.91"
"2021/12/23","18:00","0.099","-","0.7"
"2021/12/23","19:00","-0.082","-","0.56"
"2021/12/23","20:00","-0.163","-","0.47"
"2021/12/23","21:00","-0.13","-","0.49"
"2021/12/23","22:00","0.028","-","0.63"
"2021/12/23","23:00","0.281","-","0.88"
"2021/12/24","00:00","0.536","-","1.13"
"2021/12/24","01:00","0.697","-","1.24"
"2021/12/24","02:00","0.733","-","1.23"
"2021/12/24","03:00","0.669","-","1.16"
"2021/12/24","04:00","0.53","-","0.99"
"2021/12/24","05:00","0.332","-","0.74"
"2021/12/24","06:00","0.118","-","0.57"
"2021/12/24","07:00","-0.041","-","0.54"
"2021/12/24","08:00","-0.099","-","0.63"
"2021/12/24","09:00","-0.044","-","0.71"
"2021/12/24","10:00","0.126","-","0.9"
"2021/12/24","11:00","0.389","-","1.18"
"2021/12/24","12:00","0.669","-","1.49"
"2021/12/24","13:00","0.861","-","1.69"
"2021/12/24","14:00","0.912","-","1.72"
"2021/12/24","15:00","0.845","-","1.61"
"2021/12/24","16:00","0.701","-","1.46"
"2021/12/24","17:00","0.494","-","1.26"
"2021/12/24","18:00","0.248","-","1.02"
"2021/12/24","19:00","0.019","-","0.8"
"2021/12/24","20:00","-0.134","-","0.62"
"2021/12/24","21:00","-0.182","-","0.57"
"2021/12/24","22:00","-0.109","-","0.57"
"2021/12/24","23:00","0.087","-","0.71"
"2021/12/25","00:00","0.36","-","1"
"2021/12/25","01:00","0.607","-","1.29"
"2021/12/25","02:00","0.74","-","1.42"
"2021/12/25","03:00","0.746","-","1.41"
"2021/12/25","04:00","0.663","-","1.3"
"2021/12/25","05:00","0.513","-","1.07"
"2021/12/25","06:00","0.312","-","0.9"
"2021/12/25","07:00","0.105","-","0.72"
"2021/12/25","08:00","-0.042","-","0.52"
"2021/12/25","09:00","-0.088","-","0.42"
"2021/12/25","10:00","-0.022","-","0.44"
"2021/12/25","11:00","0.158","-","0.63"
"2021/12/25","12:00","0.422","-","0.9"
"2021/12/25","13:00","0.684","-","1.16"
"2021/12/25","14:00","0.842","-","1.33"
"2021/12/25","15:00","0.86","-","1.36"
"2021/12/25","16:00","0.773","-","1.35"
"2021/12/25","17:00","0.618","-","1.16"
"2021/12/25","18:00","0.407","-","0.96"
"2021/12/25","19:00","0.165","-","0.74"
"2021/12/25","20:00","-0.051","-","0.58"
"2021/12/25","21:00","-0.181","-","0.42"
"2021/12/25","22:00","-0.197","-","0.41"
"2021/12/25","23:00","-0.086","-","0.47"
"2021/12/26","00:00","0.145","-","0.81"
"2021/12/26","01:00","0.435","-","1.14"
"2021/12/26","02:00","0.675","-","1.36"
"2021/12/26","03:00","0.787","-","1.42"
"2021/12/26","04:00","0.775","-","1.37"
"2021/12/26","05:00","0.679","-","1.27"
"2021/12/26","06:00","0.519","-","1.13"
"2021/12/26","07:00","0.309","-","0.94"
"2021/12/26","08:00","0.098","-","0.7"
"2021/12/26","09:00","-0.048","-","0.5"
"2021/12/26","10:00","-0.092","-","0.45"
"2021/12/26","11:00","-0.021","-","0.54"
"2021/12/26","12:00","0.164","-","0.71"
"2021/12/26","13:00","0.426","-","1"
"2021/12/26","14:00","0.671","-","1.19"
"2021/12/26","15:00","0.805","-","1.35"
"2021/12/26","16:00","0.806","-","1.38"
"2021/12/26","17:00","0.712","-","1.34"
"2021/12/26","18:00","0.554","-","1.19"
"2021/12/26","19:00","0.337","-","0.98"
"2021/12/26","20:00","0.093","-","0.8"
"2021/12/26","21:00","-0.113","-","0.63"
"2021/12/26","22:00","-0.222","-","0.49"
"2021/12/26","23:00","-0.209","-","0.5"
"2021/12/27","00:00","-0.063","-","0.72"
"2021/12/27","01:00","0.201","-","1.06"
"2021/12/27","02:00","0.507","-","1.38"
"2021/12/27","03:00","0.743","-","1.62"
"2021/12/27","04:00","0.844","-","1.73"
"2021/12/27","05:00","0.823","-","1.75"
"2021/12/27","06:00","0.719","-","1.75"
"2021/12/27","07:00","0.543","-","1.59"
"2021/12/27","08:00","0.315","-","1.39"
"2021/12/27","09:00","0.09","-","1.12"
"2021/12/27","10:00","-0.065","-","1.03"
"2021/12/27","11:00","-0.115","-","1.01"
"2021/12/27","12:00","-0.046","-","1.11"
"2021/12/27","13:00","0.14","-","1.42"
"2021/12/27","14:00","0.399","-","1.68"
"2021/12/27","15:00","0.636","-","1.94"
"2021/12/27","16:00","0.761","-","2.05"
"2021/12/27","17:00","0.761","-","2.06"
"2021/12/27","18:00","0.67","-","1.97"
"2021/12/27","19:00","0.507","-","1.78"
"2021/12/27","20:00","0.281","-","1.62"
"2021/12/27","21:00","0.032","-","1.41"
"2021/12/27","22:00","-0.166","-","1.28"
"2021/12/27","23:00","-0.258","-","1.18"
"2021/12/28","00:00","-0.22","-","1.18"
"2021/12/28","01:00","-0.042","-","1.34"
"2021/12/28","02:00","0.25","-","1.7"
"2021/12/28","03:00","0.573","-","2.04"
"2021/12/28","04:00","0.814","-","2.33"
"2021/12/28","05:00","0.915","-","2.4"
"2021/12/28","06:00","0.893","-","2.42"
"2021/12/28","07:00","0.776","-","2.32"
"2021/12/28","08:00","0.577","-","2.05"
"2021/12/28","09:00","0.322","-","1.81"
"2021/12/28","10:00","0.077","-","1.6"
"2021/12/28","11:00","-0.094","-","1.42"
"2021/12/28","12:00","-0.156","-","1.31"
"2021/12/28","13:00","-0.097","-","1.32"
"2021/12/28","14:00","0.087","-","1.45"
"2021/12/28","15:00","0.35","-","1.74"
"2021/12/28","16:00","0.59","-","1.93"
"2021/12/28","17:00","0.723","-","2.1"
"2021/12/28","18:00","0.733","-","2.11"
"2021/12/28","19:00","0.647","-","2.03"
"2021/12/28","20:00","0.476","-","1.84"
"2021/12/28","21:00","0.236","-","1.64"
"2021/12/28","22:00","-0.02","-","1.48"
"2021/12/28","23:00","-0.213","-","1.31"
"2021/12/29","00:00","-0.292","-","1.18"
"2021/12/29","01:00","-0.235","-","1.23"
"2021/12/29","02:00","-0.032","-","1.53"
"2021/12/29","03:00","0.289","-","1.81"
"2021/12/29","04:00","0.635","-","2.1"
"2021/12/29","05:00","0.891","-","2.26"
"2021/12/29","06:00","1","-","2.37"
"2021/12/29","07:00","0.976","-","2.44"
"2021/12/29","08:00","0.842","-","2.39"
"2021/12/29","09:00","0.613","-","2.13"
"2021/12/29","10:00","0.328","-","1.78"
"2021/12/29","11:00","0.058","-","1.51"
"2021/12/29","12:00","-0.133","-","1.33"
"2021/12/29","13:00","-0.216","-","1.2"
"2021/12/29","14:00","-0.169","-","1.19"
"2021/12/29","15:00","0.018","-","1.37"
"2021/12/29","16:00","0.294","-","1.68"
"2021/12/29","17:00","0.552","-","1.92"
"2021/12/29","18:00","0.702","-","2.12"
"2021/12/29","19:00","0.726","-","2.22"
"2021/12/29","20:00","0.639","-","2.12"
"2021/12/29","21:00","0.455","-","1.94"
"2021/12/29","22:00","0.198","-","1.71"
"2021/12/29","23:00","-0.065","-","1.41"
"2021/12/30","00:00","-0.257","-","1.21"
"2021/12/30","01:00","-0.331","-","1.21"
"2021/12/30","02:00","-0.262","-","1.22"
"2021/12/30","03:00","-0.035","-","1.52"
"2021/12/30","04:00","0.319","-","1.88"
"2021/12/30","05:00","0.696","-","2.2"
"2021/12/30","06:00","0.973","-","2.44"
"2021/12/30","07:00","1.091","-","2.59"
"2021/12/30","08:00","1.06","-","2.56"
"2021/12/30","09:00","0.904","-","2.43"
"2021/12/30","10:00","0.644","-","2.12"
"2021/12/30","11:00","0.329","-","1.86"
"2021/12/30","12:00","0.034","-","1.59"
"2021/12/30","13:00","-0.184","-","1.38"
"2021/12/30","14:00","-0.29","-","1.29"
"2021/12/30","15:00","-0.251","-","1.3"
"2021/12/30","16:00","-0.051","-","1.44"
"2021/12/30","17:00","0.251","-","1.75"
"2021/12/30","18:00","0.535","-","2.02"
"2021/12/30","19:00","0.704","-","2.21"
"2021/12/30","20:00","0.735","-","2.26"
"2021/12/30","21:00","0.642","-","2.17"
"2021/12/30","22:00","0.44","-","1.95"
"2021/12/30","23:00","0.166","-","1.71"
"2021/12/31","00:00","-0.106","-","1.41"
"2021/12/31","01:00","-0.302","-","1.22"
"2021/12/31","02:00","-0.378","-","1.11"
"2021/12/31","03:00","-0.299","-","1.2"
"2021/12/31","04:00","-0.045","-","1.5"
"2021/12/31","05:00","0.348","-","1.92"
"2021/12/31","06:00","0.757","-","2.29"
"2021/12/31","07:00","1.052","-","2.53"
"2021/12/31","08:00","1.173","-","2.63"
"2021/12/31","09:00","1.131","-","2.6"
"2021/12/31","10:00","0.951","-","2.44"
"2021/12/31","11:00","0.662","-","2.13"
"2021/12/31","12:00","0.321","-","1.81"
"2021/12/31","13:00","0","-","1.48"
"2021/12/31","14:00","-0.243","-","1.26"
"2021/12/31","15:00","-0.368","-","1.15"
"2021/12/31","16:00","-0.325","-","1.16"
"2021/12/31","17:00","-0.099","-","1.36"
"2021/12/31","18:00","0.237","-","1.65"
"2021/12/31","19:00","0.522","-","1.94"
"2021/12/31","20:00","0.696","-","2.15"
"2021/12/31","21:00","0.726","-","2.21"
"2021/12/31","22:00","0.625","-","2.05"
"2021/12/31","23:00","0.413","-","1.87"
"2022/01/01","00:00","0.133","-","1.57"
"2022/01/01","01:00","-0.139","-","1.27"
"2022/01/01","02:00","-0.336","-","1.07"
"2022/01/01","03:00","-0.409","-","1"
"2022/01/01","04:00","-0.317","-","1.04"
"2022/01/01","05:00","-0.034","-","1.39"
"2022/01/01","06:00","0.387","-","1.87"
"2022/01/01","07:00","0.811","-","2.29"
"2022/01/01","08:00","1.106","-","2.56"
"2022/01/01","09:00","1.219","-","2.67"
"2022/01/01","10:00","1.164","-","2.67"
"2022/01/01","11:00","0.969","-","2.49"
"2022/01/01","12:00","0.665","-","2.17"
"2022/01/01","13:00","0.31","-","1.77"
"2022/01/01","14:00","-0.025","-","1.44"
"2022/01/01","15:00","-0.286","-","1.26"
"2022/01/01","16:00","-0.418","-","1.13"
"2022/01/01","17:00","-0.363","-","1.16"
"2022/01/01","18:00","-0.112","-","1.4"
"2022/01/01","19:00","0.242","-","1.77"
"2022/01/01","20:00","0.554","-","2.09"
"2022/01/01","21:00","0.729","-","2.21"
"2022/01/01","22:00","0.751","-","2.25"
"2022/01/01","23:00","0.636","-","2.1"