"Date","Time (LST)","Predicted (ft)","Preliminary (ft)","Verified (ft)"
"2023/01/01","00:00","-0.277","-","0.62"
"2023/01/01","01:00","-0.242","-","0.65"
"2023/01/01","02:00","-0.045","-","0.89"
"2023/01/01","03:00","0.26","-","1.18"
"2023/01/01","04:00","0.568","-","1.5"
"2023/01/01","05:00","0.803","-","1.7"
"2023/01/01","06:00","0.94","-","1.81"
"2023/01/01","07:00","0.966","-","1.79"
"2023/01/01","08:00","0.87","-","1.68"
"2023/01/01","09:00","0.666","-","1.44"
"2023/01/01","10:00","0.408","-","1.17"
"2023/01/01","11:00","0.148","-","0.96"
"2023/01/01","12:00","-0.075","-","0.74"
"2023/01/01","13:00","-0.207","-","0.68"
"2023/01/01","14:00","-0.191","-","0.62"
"2023/01/01","15:00","-0.025","-","0.72"
"2023/01/01","16:00","0.214","-","0.87"
"2023/01/01","17:00","0.434","-","1.13"
"2023/01/01","18:00","0.584","-","1.28"
"2023/01/01","19:00","0.642","-","1.34"
"2023/01/01","20:00","0.588","-","1.25"
"2023/01/01","21:00","0.425","-","1.06"
"2023/01/01","22:00","0.203","-","0.82"
"2023/01/01","23:00","-0.014","-","0.61"
"2023/01/02","00:00","-0.183","-","0.47"
"2023/01/02","01:00","-0.265","-","0.4"
"2023/01/02","02:00","-0.213","-","0.48"
"2023/01/02","03:00","-0.006","-","0.68"
"2023/01/02","04:00","0.298","-","0.93"
"2023/01/02","05:00","0.6","-","1.19"
"2023/01/02","06:00","0.828","-","1.39"
"2023/01/02","07:00","0.958","-","1.48"
"2023/01/02","08:00","0.97","-","1.46"
"2023/01/02","09:00","0.855","-","1.36"
"2023/01/02","10:00","0.641","-","1.13"
"2023/01/02","11:00","0.383","-","0.88"
"2023/01/02","12:00","0.127","-","0.61"
"2023/01/02","13:00","-0.094","-","0.44"
"2023/01/02","14:00","-0.223","-","0.33"
"2023/01/02","15:00","-0.2","-","0.31"
"2023/01/02","16:00","-0.028","-","0.43"
"2023/01/02","17:00","0.214","-","0.65"
"2023/01/02","18:00","0.436","-","0.87"
"2023/01/02","19:00","0.584","-","1.06"
"2023/01/02","20:00","0.632","-","1.11"
"2023/01/02","21:00","0.56","-","1.06"
"2023/01/02","22:00","0.383","-","0.87"
"2023/01/02","23:00","0.162","-","0.7"
"2023/01/03","00:00","-0.042","-","0.47"
"2023/01/03","01:00","-0.194","-","0.36"
"2023/01/03","02:00","-0.259","-","0.31"
"2023/01/03","03:00","-0.187","-","0.41"
"2023/01/03","04:00","0.036","-","0.69"
"2023/01/03","05:00","0.347","-","0.97"
"2023/01/03","06:00","0.644","-","1.25"
"2023/01/03","07:00","0.861","-","1.42"
"2023/01/03","08:00","0.971","-","1.49"
"2023/01/03","09:00","0.957","-","1.52"
"2023/01/03","10:00","0.818","-","1.39"
"2023/01/03","11:00","0.59","-","1.19"
"2023/01/03","12:00","0.331","-","0.94"
"2023/01/03","13:00","0.077","-","0.74"
"2023/01/03","14:00","-0.137","-","0.58"
"2023/01/03","15:00","-0.25","-","0.51"
"2023/01/03","16:00","-0.203","-","0.51"
"2023/01/03","17:00","-0.009","-","0.7"
"2023/01/03","18:00","0.246","-","0.96"
"2023/01/03","19:00","0.469","-","1.18"
"2023/01/03","20:00","0.607","-","1.28"
"2023/01/03","21:00","0.632","-","1.31"
"2023/01/03","22:00","0.534","-","1.23"
"2023/01/03","23:00","0.341","-","1.05"
"2023/01/04","00:00","0.119","-","0.83"
"2023/01/04","01:00","-0.075","-","0.54"
"2023/01/04","02:00","-0.213","-","0.54"
"2023/01/04","03:00","-0.257","-","0.58"
"2023/01/04","04:00","-0.156","-","0.59"
"2023/01/04","05:00","0.093","-","0.76"
"2023/01/04","06:00","0.414","-","1.12"
"2023/01/04","07:00","0.703","-","1.42"
"2023/01/04","08:00","0.898","-","1.59"
"2023/01/04","09:00","0.977","-","1.57"
"2023/01/04","10:00","0.928","-","1.54"
"2023/01/04","11:00","0.759","-","1.37"
"2023/01/04","12:00","0.516","-","1.11"
"2023/01/04","13:00","0.253","-","0.83"
"2023/01/04","14:00","0.004","-","0.59"
"2023/01/04","15:00","-0.195","-","0.43"
"2023/01/04","16:00","-0.276","-","0.34"
"2023/01/04","17:00","-0.187","-","0.35"
"2023/01/04","18:00","0.04","-","0.54"
"2023/01/04","19:00","0.307","-","0.99"
"2023/01/04","20:00","0.522","-","1.16"
"2023/01/04","21:00","0.637","-","1.21"
"2023/01/04","22:00","0.631","-","1.12"
"2023/01/04","23:00","0.502","-","1.01"
"2023/01/05","00:00","0.291","-","0.8"
"2023/01/05","01:00","0.067","-","0.58"
"2023/01/05","02:00","-0.12","-","0.4"
"2023/01/05","03:00","-0.239","-","0.34"
"2023/01/05","04:00","-0.25","-","0.35"
"2023/01/05","05:00","-0.108","-","0.53"
"2023/01/05","06:00","0.172","-","0.89"
"2023/01/05","07:00","0.499","-","1.16"
"2023/01/05","08:00","0.77","-","1.39"
"2023/01/05","09:00","0.931","-","1.56"
"2023/01/05","10:00","0.969","-","1.63"
"2023/01/05","11:00","0.88","-","1.59"
"2023/01/05","12:00","0.681","-","1.4"
"2023/01/05","13:00","0.422","-","1.13"
"2023/01/05","14:00","0.156","-","0.86"
"2023/01/05","15:00","-0.082","-","0.68"
"2023/01/05","16:00","-0.251","-","0.55"
"2023/01/05","17:00","-0.282","-","0.57"
"2023/01/05","18:00","-0.141","-","0.69"
"2023/01/05","19:00","0.118","-","0.94"
"2023/01/05","20:00","0.386","-","1.22"
"2023/01/05","21:00","0.578","-","1.4"
"2023/01/05","22:00","0.659","-","1.46"
"2023/01/05","23:00","0.616","-","1.45"
"2023/01/06","00:00","0.456","-","1.38"
"2023/01/06","01:00","0.227","-","1.19"
"2023/01/06","02:00","0.002","-","1.03"
"2023/01/06","03:00","-0.171","-","0.97"
"2023/01/06","04:00","-0.261","-","1"
"2023/01/06","05:00","-0.227","-","1.04"
"2023/01/06","06:00","-0.036","-","1.14"
"2023/01/06","07:00","0.273","-","1.48"
"2023/01/06","08:00","0.594","-","1.74"
"2023/01/06","09:00","0.832","-","1.93"
"2023/01/06","10:00","0.95","-","2.03"
"2023/01/06","11:00","0.944","-","2.09"
"2023/01/06","12:00","0.814","-","2.02"
"2023/01/06","13:00","0.584","-","1.87"
"2023/01/06","14:00","0.311","-","1.64"
"2023/01/06","15:00","0.049","-","1.38"
"2023/01/06","16:00","-0.166","-","1.2"
"2023/01/06","17:00","-0.287","-","1.1"
"2023/01/06","18:00","-0.257","-","1.13"
"2023/01/06","19:00","-0.064","-","1.37"
"2023/01/06","20:00","0.214","-","1.66"
"2023/01/06","21:00","0.467","-","1.92"
"2023/01/06","22:00","0.625","-","2.03"
"2023/01/06","23:00","0.666","-","2.06"
"2023/01/07","00:00","0.583","-","1.99"
"2023/01/07","01:00","0.393","-","1.84"
"2023/01/07","02:00","0.151","-","1.6"
"2023/01/07","03:00","-0.069","-","1.34"
"2023/01/07","04:00","-0.218","-","1.14"
"2023/01/07","05:00","-0.265","-","1.03"
"2023/01/07","06:00","-0.177","-","1.09"
"2023/01/07","07:00","0.06","-","1.33"
"2023/01/07","08:00","0.383","-","1.64"
"2023/01/07","09:00","0.683","-","1.9"
"2023/01/07","10:00","0.878","-","2.07"
"2023/01/07","11:00","0.947","-","2.17"
"2023/01/07","12:00","0.895","-","2.12"
"2023/01/07","13:00","0.725","-","1.96"
"2023/01/07","14:00","0.47","-","1.74"
"2023/01/07","15:00","0.192","-","1.48"
"2023/01/07","16:00","-0.054","-","1.25"
"2023/01/07","17:00","-0.229","-","1.09"
"2023/01/07","18:00","-0.291","-","1.04"
"2023/01/07","19:00","-0.198","-","1.12"
"2023/01/07","20:00","0.036","-","1.35"
"2023/01/07","21:00","0.316","-","1.61"
"2023/01/07","22:00","0.54","-","1.81"
"2023/01/07","23:00","0.655","-","1.92"
"2023/01/08","00:00","0.653","-","1.9"
"2023/01/08","01:00","0.533","-","1.74"
"2023/01/08","02:00","0.317","-","1.49"
"2023/01/08","03:00","0.07","-","1.23"
"2023/01/08","04:00","-0.132","-","0.98"
"2023/01/08","05:00","-0.244","-","0.84"
"2023/01/08","06:00","-0.241","-","0.8"
"2023/01/08","07:00","-0.101","-","0.9"
"2023/01/08","08:00","0.169","-","1.18"
"2023/01/08","09:00","0.489","-","1.46"
"2023/01/08","10:00","0.752","-","1.71"
"2023/01/08","11:00","0.896","-","1.86"
"2023/01/08","12:00","0.916","-","1.85"
"2023/01/08","13:00","0.819","-","1.7"
"2023/01/08","14:00","0.615","-","1.52"
"2023/01/08","15:00","0.344","-","1.24"
"2023/01/08","16:00","0.074","-","0.97"
"2023/01/08","17:00","-0.139","-","0.79"
"2023/01/08","18:00","-0.262","-","0.71"
"2023/01/08","19:00","-0.261","-","0.71"
"2023/01/08","20:00","-0.112","-","0.92"
"2023/01/08","21:00","0.147","-","1.17"
"2023/01/08","22:00","0.414","-","1.41"
"2023/01/08","23:00","0.598","-","1.59"
"2023/01/09","00:00","0.668","-","1.57"
"2023/01/09","01:00","0.624","-","1.52"
"2023/01/09","02:00","0.471","-","1.42"
"2023/01/09","03:00","0.239","-","1.29"
"2023/01/09","04:00","0","-","1.08"
"2023/01/09","05:00","-0.172","-","0.97"
"2023/01/09","06:00","-0.241","-","0.91"
"2023/01/09","07:00","-0.189","-","1.06"
"2023/01/09","08:00","-0.008","-","1.39"
"2023/01/09","09:00","0.277","-","1.7"
"2023/01/09","10:00","0.577","-","1.92"
"2023/01/09","11:00","0.793","-","2.09"
"2023/01/09","12:00","0.883","-","2.11"
"2023/01/09","13:00","0.854","-","2.01"
"2023/01/09","14:00","0.718","-","1.8"
"2023/01/09","15:00","0.489","-","1.53"
"2023/01/09","16:00","0.215","-","1.17"
"2023/01/09","17:00","-0.031","-","0.98"
"2023/01/09","18:00","-0.2","-","0.86"
"2023/01/09","19:00","-0.266","-","0.82"
"2023/01/09","20:00","-0.204","-","0.87"
"2023/01/09","21:00","-0.01","-","1.08"
"2023/01/09","22:00","0.26","-","1.32"
"2023/01/09","23:00","0.502","-","1.53"
"2023/01/10","00:00","0.642","-","1.7"
"2023/01/10","01:00","0.666","-","1.72"
"2023/01/10","02:00","0.584","-","1.66"
"2023/01/10","03:00","0.406","-","1.47"
"2023/01/10","04:00","0.17","-","1.25"
"2023/01/10","05:00","-0.049","-","1.02"
"2023/01/10","06:00","-0.184","-","0.88"
"2023/01/10","07:00","-0.211","-","0.85"
"2023/01/10","08:00","-0.121","-","0.95"
"2023/01/10","09:00","0.087","-","1.18"
"2023/01/10","10:00","0.372","-","1.48"
"2023/01/10","11:00","0.639","-","1.73"
"2023/01/10","12:00","0.801","-","1.89"
"2023/01/10","13:00","0.837","-","1.92"
"2023/01/10","14:00","0.764","-","1.85"
"2023/01/10","15:00","0.598","-","1.66"
"2023/01/10","16:00","0.356","-","1.39"
"2023/01/10","17:00","0.095","-","1.16"
"2023/01/10","18:00","-0.116","-","0.98"
"2023/01/10","19:00","-0.235","-","0.93"
"2023/01/10","20:00","-0.245","-","0.95"
"2023/01/10","21:00","-0.13","-","1.04"
"2023/01/10","22:00","0.098","-","1.22"
"2023/01/10","23:00","0.368","-","1.44"
"2023/01/11","00:00","0.579","-","1.67"
"2023/01/11","01:00","0.673","-","1.79"
"2023/01/11","02:00","0.655","-","1.8"
"2023/01/11","03:00","0.542","-","1.61"
"2023/01/11","04:00","0.349","-","1.39"
"2023/01/11","05:00","0.121","-","1.18"
"2023/01/11","06:00","-0.072","-","1.05"
"2023/01/11","07:00","-0.173","-","0.94"
"2023/01/11","08:00","-0.166","-","0.88"
"2023/01/11","09:00","-0.048","-","1.03"
"2023/01/11","10:00","0.172","-","1.29"
"2023/01/11","11:00","0.444","-","1.54"
"2023/01/11","12:00","0.67","-","1.77"
"2023/01/11","13:00","0.779","-","1.89"
"2023/01/11","14:00","0.765","-","1.91"
"2023/01/11","15:00","0.657","-","1.81"
"2023/01/11","16:00","0.471","-","1.6"
"2023/01/11","17:00","0.23","-","1.36"
"2023/01/11","18:00","-0.008","-","1.18"
"2023/01/11","19:00","-0.179","-","1.05"
"2023/01/11","20:00","-0.249","-","1.01"
"2023/01/11","21:00","-0.207","-","1.06"
"2023/01/11","22:00","-0.046","-","1.25"
"2023/01/11","23:00","0.208","-","1.46"
"2023/01/12","00:00","0.47","-","1.76"
"2023/01/12","01:00","0.644","-","1.9"
"2023/01/12","02:00","0.694","-","1.98"
"2023/01/12","03:00","0.64","-","1.93"
"2023/01/12","04:00","0.506","-","1.8"
"2023/01/12","05:00","0.308","-","1.61"
"2023/01/12","06:00","0.092","-","1.45"
"2023/01/12","07:00","-0.076","-","1.35"
"2023/01/12","08:00","-0.15","-","1.29"
"2023/01/12","09:00","-0.12","-","1.34"
"2023/01/12","10:00","0.014","-","1.55"
"2023/01/12","11:00","0.239","-","1.79"
"2023/01/12","12:00","0.49","-","2.01"
"2023/01/12","13:00","0.673","-","2.2"
"2023/01/12","14:00","0.731","-","2.28"
"2023/01/12","15:00","0.678","-","2.18"
"2023/01/12","16:00","0.547","-","2.03"
"2023/01/12","17:00","0.353","-","1.79"
"2023/01/12","18:00","0.122","-","1.59"
"2023/01/12","19:00","-0.09","-","1.46"
"2023/01/12","20:00","-0.222","-","1.38"
"2023/01/12","21:00","-0.248","-","1.28"
"2023/01/12","22:00","-0.159","-","1.29"
"2023/01/12","23:00","0.042","-","1.51"
"2023/01/13","00:00","0.314","-","1.64"
"2023/01/13","01:00","0.561","-","2.08"
"2023/01/13","02:00","0.698","-","2.17"
"2023/01/13","03:00","0.71","-","2.16"
"2023/01/13","04:00","0.63","-","2.05"
"2023/01/13","05:00","0.483","-","1.89"
"2023/01/13","06:00","0.284","-","1.68"
"2023/01/13","07:00","0.079","-","1.44"
"2023/01/13","08:00","-0.071","-","1.3"
"2023/01/13","09:00","-0.128","-","1.28"
"2023/01/13","10:00","-0.084","-","1.45"
"2023/01/13","11:00","0.06","-","1.62"
"2023/01/13","12:00","0.282","-","1.85"
"2023/01/13","13:00","0.509","-","2.02"
"2023/01/13","14:00","0.65","-","2.16"
"2023/01/13","15:00","0.668","-","2.03"
"2023/01/13","16:00","0.59","-","1.92"
"2023/01/13","17:00","0.449","-","1.7"
"2023/01/13","18:00","0.256","-","1.47"
"2023/01/13","19:00","0.036","-","1.27"
"2023/01/13","20:00","-0.151","-","1.12"
"2023/01/13","21:00","-0.249","-","1.09"
"2023/01/13","22:00","-0.236","-","0.98"
"2023/01/13","23:00","-0.106","-","1.07"
"2023/01/14","00:00","0.128","-","1.27"
"2023/01/14","01:00","0.41","-","1.55"
"2023/01/14","02:00","0.639","-","1.8"
"2023/01/14","03:00","0.743","-","1.85"
"2023/01/14","04:00","0.728","-","1.85"
"2023/01/14","05:00","0.632","-","1.71"
"2023/01/14","06:00","0.476","-","1.64"
"2023/01/14","07:00","0.275","-","1.43"
"2023/01/14","08:00","0.073","-","1.25"
"2023/01/14","09:00","-0.069","-","1"
"2023/01/14","10:00","-0.118","-","0.94"
"2023/01/14","11:00","-0.067","-","0.96"
"2023/01/14","12:00","0.08","-","1.15"
"2023/01/14","13:00","0.296","-","1.39"
"2023/01/14","14:00","0.5","-","1.57"
"2023/01/14","15:00","0.61","-","1.6"
"2023/01/14","16:00","0.605","-","1.52"
"2023/01/14","17:00","0.518","-","1.46"
"2023/01/14","18:00","0.376","-","1.19"
"2023/01/14","19:00","0.185","-","1.06"
"2023/01/14","20:00","-0.027","-","0.76"
"2023/01/14","21:00","-0.194","-","0.8"
"2023/01/14","22:00","-0.264","-","0.66"
"2023/01/14","23:00","-0.218","-","0.69"
"2023/01/15","00:00","-0.055","-","0.73"
"2023/01/15","01:00","0.204","-","1"
"2023/01/15","02:00","0.489","-","1.29"
"2023/01/15","03:00","0.703","-","1.52"
"2023/01/15","04:00","0.787","-","1.65"
"2023/01/15","05:00","0.757","-","1.59"
"2023/01/15","06:00","0.652","-","1.59"
"2023/01/15","07:00","0.486","-","1.39"
"2023/01/15","08:00","0.274","-","1.12"
"2023/01/15","09:00","0.067","-","0.82"
"2023/01/15","10:00","-0.075","-","0.65"
"2023/01/15","11:00","-0.124","-","0.65"
"2023/01/15","12:00","-0.074","-","0.73"
"2023/01/15","13:00","0.073","-","0.99"
"2023/01/15","14:00","0.281","-","1.16"
"2023/01/15","15:00","0.471","-","1.31"
"2023/01/15","16:00","0.567","-","1.38"
"2023/01/15","17:00","0.557","-","1.42"
"2023/01/15","18:00","0.473","-","1.43"
"2023/01/15","19:00","0.331","-","1.31"
"2023/01/15","20:00","0.138","-","1.12"
"2023/01/15","21:00","-0.07","-","0.94"
"2023/01/15","22:00","-0.224","-","0.83"
"2023/01/15","23:00","-0.274","-","0.83"
"2023/01/16","00:00","-0.204","-","0.97"
"2023/01/16","01:00","-0.017","-","1.29"
"2023/01/16","02:00","0.259","-","1.62"
"2023/01/16","03:00","0.55","-","1.98"
"2023/01/16","04:00","0.759","-","2.17"
"2023/01/16","05:00","0.836","-","2.27"
"2023/01/16","06:00","0.803","-","2.29"
"2023/01/16","07:00","0.69","-","2.23"
"2023/01/16","08:00","0.509","-","2.08"
"2023/01/16","09:00","0.28","-","1.87"
"2023/01/16","10:00","0.06","-","1.71"
"2023/01/16","11:00","-0.092","-","1.59"
"2023/01/16","12:00","-0.15","-","1.54"
"2023/01/16","13:00","-0.108","-","1.6"
"2023/01/16","14:00","0.035","-","1.74"
"2023/01/16","15:00","0.244","-","1.94"
"2023/01/16","16:00","0.436","-","2.1"
"2023/01/16","17:00","0.537","-","2.22"
"2023/01/16","18:00","0.536","-","2.28"
"2023/01/16","19:00","0.458","-","2.23"
"2023/01/16","20:00","0.313","-","2.08"
"2023/01/16","21:00","0.111","-","1.88"
"2023/01/16","22:00","-0.1","-","1.65"
"2023/01/16","23:00","-0.248","-","1.55"
"2023/01/17","00:00","-0.287","-","1.46"
"2023/01/17","01:00","-0.205","-","1.58"
"2023/01/17","02:00","-0.003","-","1.75"
"2023/01/17","03:00","0.291","-","2.04"
"2023/01/17","04:00","0.597","-","2.36"
"2023/01/17","05:00","0.815","-","2.6"
"2023/01/17","06:00","0.899","-","2.67"
"2023/01/17","07:00","0.867","-","2.63"
"2023/01/17","08:00","0.743","-","2.52"
"2023/01/17","09:00","0.54","-","2.29"
"2023/01/17","10:00","0.287","-","2.01"
"2023/01/17","11:00","0.048","-","1.8"
"2023/01/17","12:00","-0.122","-","1.61"
"2023/01/17","13:00","-0.199","-","1.52"
"2023/01/17","14:00","-0.169","-","1.52"
"2023/01/17","15:00","-0.023","-","1.52"
"2023/01/17","16:00","0.201","-","1.68"
"2023/01/17","17:00","0.411","-","1.81"
"2023/01/17","18:00","0.531","-","1.92"
"2023/01/17","19:00","0.545","-","1.89"
"2023/01/17","20:00","0.47","-","1.78"
"2023/01/17","21:00","0.314","-","1.59"
"2023/01/17","22:00","0.097","-","1.41"
"2023/01/17","23:00","-0.123","-","1.12"
"2023/01/18","00:00","-0.275","-","0.93"
"2023/01/18","01:00","-0.316","-","0.82"
"2023/01/18","02:00","-0.231","-","0.81"
"2023/01/18","03:00","-0.015","-","1.01"
"2023/01/18","04:00","0.306","-","1.27"
"2023/01/18","05:00","0.639","-","1.6"
"2023/01/18","06:00","0.878","-","1.79"
"2023/01/18","07:00","0.975","-","1.88"
"2023/01/18","08:00","0.942","-","1.8"
"2023/01/18","09:00","0.803","-","1.59"
"2023/01/18","10:00","0.572","-","1.36"
"2023/01/18","11:00","0.292","-","1.06"
"2023/01/18","12:00","0.028","-","0.74"
"2023/01/18","13:00","-0.169","-","0.54"
"2023/01/18","14:00","-0.27","-","0.39"
"2023/01/18","15:00","-0.247","-","0.37"
"2023/01/18","16:00","-0.084","-","0.46"
"2023/01/18","17:00","0.17","-","0.74"
"2023/01/18","18:00","0.412","-","0.95"
"2023/01/18","19:00","0.556","-","1.12"
"2023/01/18","20:00","0.581","-","1.13"
"2023/01/18","21:00","0.501","-","1.02"
"2023/01/18","22:00","0.327","-","0.8"
"2023/01/18","23:00","0.089","-","0.5"
"2023/01/19","00:00","-0.148","-","0.28"
"2023/01/19","01:00","-0.313","-","0.11"
"2023/01/19","02:00","-0.366","-","0.06"
"2023/01/19","03:00","-0.281","-","0.12"
"2023/01/19","04:00","-0.042","-","0.37"
"2023/01/19","05:00","0.315","-","0.78"
"2023/01/19","06:00","0.685","-","1.16"
"2023/01/19","07:00","0.948","-","1.4"
"2023/01/19","08:00","1.055","-","1.5"
"2023/01/19","09:00","1.017","-","1.52"
"2023/01/19","10:00","0.857","-","1.42"
"2023/01/19","11:00","0.598","-","1.17"
"2023/01/19","12:00","0.287","-","0.87"
"2023/01/19","13:00","-0.007","-","0.58"
"2023/01/19","14:00","-0.234","-","0.38"
"2023/01/19","15:00","-0.354","-","0.31"
"2023/01/19","16:00","-0.324","-","0.36"
"2023/01/19","17:00","-0.128","-","0.62"
"2023/01/19","18:00","0.169","-","0.9"
"2023/01/19","19:00","0.445","-","1.22"
"2023/01/19","20:00","0.608","-","1.41"
"2023/01/19","21:00","0.635","-","1.46"
"2023/01/19","22:00","0.542","-","1.34"
"2023/01/19","23:00","0.345","-","1.25"
"2023/01/20","00:00","0.081","-","0.94"
"2023/01/20","01:00","-0.179","-","0.7"
"2023/01/20","02:00","-0.365","-","0.48"
"2023/01/20","03:00","-0.431","-","0.35"
"2023/01/20","04:00","-0.34","-","0.43"
"2023/01/20","05:00","-0.071","-","0.78"
"2023/01/20","06:00","0.33","-","1.2"
"2023/01/20","07:00","0.734","-","1.59"
"2023/01/20","08:00","1.015","-","1.86"
"2023/01/20","09:00","1.124","-","1.94"
"2023/01/20","10:00","1.075","-","1.94"
"2023/01/20","11:00","0.893","-","1.8"
"2023/01/20","12:00","0.605","-","1.46"
"2023/01/20","13:00","0.264","-","1.08"
"2023/01/20","14:00","-0.061","-","0.77"
"2023/01/20","15:00","-0.312","-","0.56"
"2023/01/20","16:00","-0.436","-","0.44"
"2023/01/20","17:00","-0.38","-","0.5"
"2023/01/20","18:00","-0.138","-","0.77"
"2023/01/20","19:00","0.204","-","1.18"
"2023/01/20","20:00","0.507","-","1.52"
"2023/01/20","21:00","0.676","-","1.66"
"2023/01/20","22:00","0.697","-","1.59"
"2023/01/20","23:00","0.585","-","1.45"
"2023/01/21","00:00","0.361","-","1.18"
"2023/01/21","01:00","0.069","-","0.84"
"2023/01/21","02:00","-0.216","-","0.51"
"2023/01/21","03:00","-0.423","-","0.3"
"2023/01/21","04:00","-0.497","-","0.1"
"2023/01/21","05:00","-0.39","-","0.13"
"2023/01/21","06:00","-0.084","-","0.37"
"2023/01/21","07:00","0.354","-","0.77"
"2023/01/21","08:00","0.779","-","1.18"
"2023/01/21","09:00","1.064","-","1.4"
"2023/01/21","10:00","1.166","-","1.48"
"2023/01/21","11:00","1.103","-","1.45"
"2023/01/21","12:00","0.898","-","1.3"
"2023/01/21","13:00","0.583","-","1.04"
"2023/01/21","14:00","0.215","-","0.69"
"2023/01/21","15:00","-0.13","-","0.34"
"2023/01/21","16:00","-0.389","-","0.11"
"2023/01/21","17:00","-0.497","-","0.03"
"2023/01/21","18:00","-0.4","-","0.12"
"2023/01/21","19:00","-0.108","-","0.49"
"2023/01/21","20:00","0.27","-","0.91"
"2023/01/21","21:00","0.585","-","1.2"
"2023/01/21","22:00","0.75","-","1.36"
"2023/01/21","23:00","0.758","-","1.38"
"2023/01/22","00:00","0.625","-","1.33"
"2023/01/22","01:00","0.374","-","1.14"
"2023/01/22","02:00","0.056","-","0.82"
"2023/01/22","03:00","-0.251","-","0.56"
"2023/01/22","04:00","-0.47","-","0.34"
"2023/01/22","05:00","-0.541","-","0.28"
"2023/01/22","06:00","-0.414","-","0.43"
"2023/01/22","07:00","-0.077","-","0.84"
"2023/01/22","08:00","0.382","-","1.31"
"2023/01/22","09:00","0.809","-","1.68"
"2023/01/22","10:00","1.082","-","1.94"
"2023/01/22","11:00","1.169","-","2.03"
"2023/01/22","12:00","1.089","-","2.03"
"2023/01/22","13:00","0.863","-","1.88"
"2023/01/22","14:00","0.525","-","1.59"
"2023/01/22","15:00","0.143","-","1.27"
"2023/01/22","16:00","-0.205","-","0.95"
"2023/01/22","17:00","-0.449","-","0.77"
"2023/01/22","18:00","-0.524","-","0.75"
"2023/01/22","19:00","-0.38","-","0.94"
"2023/01/22","20:00","-0.045","-","1.38"
"2023/01/22","21:00","0.353","-","1.79"
"2023/01/22","22:00","0.667","-","2.12"
"2023/01/22","23:00","0.82","-","2.23"
"2023/01/23","00:00","0.811","-","2.3"
"2023/01/23","01:00","0.658","-","2.16"
"2023/01/23","02:00","0.383","-","1.85"
"2023/01/23","03:00","0.047","-","1.44"
"2023/01/23","04:00","-0.269","-","1.07"
"2023/01/23","05:00","-0.488","-","0.88"
"2023/01/23","06:00","-0.551","-","0.72"
"2023/01/23","07:00","-0.405","-","0.84"
"2023/01/23","08:00","-0.054","-","1.15"
"2023/01/23","09:00","0.405","-","1.65"
"2023/01/23","10:00","0.813","-","2"
"2023/01/23","11:00","1.062","-","2.19"
"2023/01/23","12:00","1.128","-","2.21"
"2023/01/23","13:00","1.03","-","2.11"
"2023/01/23","14:00","0.787","-","1.91"
"2023/01/23","15:00","0.439","-","1.6"
"2023/01/23","16:00","0.06","-","1.23"
"2023/01/23","17:00","-0.27","-","0.93"
"2023/01/23","18:00","-0.483","-","0.71"
"2023/01/23","19:00","-0.515","-","0.6"
"2023/01/23","20:00","-0.326","-","0.74"
"2023/01/23","21:00","0.038","-","1.04"
"2023/01/23","22:00","0.441","-","1.34"
"2023/01/23","23:00","0.741","-","1.52"
"2023/01/24","00:00","0.877","-","1.65"
"2023/01/24","01:00","0.852","-","1.51"
"2023/01/24","02:00","0.681","-","1.25"
"2023/01/24","03:00","0.393","-","0.86"
"2023/01/24","04:00","0.052","-","0.47"
"2023/01/24","05:00","-0.258","-","0.15"
"2023/01/24","06:00","-0.469","-","-0.03"
"2023/01/24","07:00","-0.523","-","-0.12"
"2023/01/24","08:00","-0.37","-","-0.03"
"2023/01/24","09:00","-0.022","-","0.33"
"2023/01/24","10:00","0.415","-","0.83"
"2023/01/24","11:00","0.789","-","1.16"
"2023/01/24","12:00","1.004","-","1.29"
"2023/01/24","13:00","1.047","-","1.35"
"2023/01/24","14:00","0.932","-","1.3"
"2023/01/24","15:00","0.68","-","1.09"
"2023/01/24","16:00","0.338","-","0.69"
"2023/01/24","17:00","-0.019","-","0.3"
"2023/01/24","18:00","-0.314","-","0.02"
"2023/01/24","19:00","-0.487","-","-0.13"
"2023/01/24","20:00","-0.476","-","-0.11"
"2023/01/24","21:00","-0.252","-","0.04"
"2023/01/24","22:00","0.128","-","0.44"
"2023/01/24","23:00","0.521","-","0.76"
"2023/01/25","00:00","0.8","-","1.02"
"2023/01/25","01:00","0.916","-","1.09"
"2023/01/25","02:00","0.876","-","1.1"
"2023/01/25","03:00","0.695","-","0.96"
"2023/01/25","04:00","0.407","-","0.7"
"2023/01/25","05:00","0.077","-","0.39"
"2023/01/25","06:00","-0.218","-","0.12"
"2023/01/25","07:00","-0.418","-","-0.04"
"2023/01/25","08:00","-0.467","-","-0.1"
"2023/01/25","09:00","-0.32","-","0.02"
"2023/01/25","10:00","0.01","-","0.38"
"2023/01/25","11:00","0.41","-","0.84"
"2023/01/25","12:00","0.739","-","1.18"
"2023/01/25","13:00","0.917","-","1.36"
"2023/01/25","14:00","0.935","-","1.44"
"2023/01/25","15:00","0.81","-","1.48"
"2023/01/25","16:00","0.562","-","1.31"
"2023/01/25","17:00","0.24","-","0.97"
"2023/01/25","18:00","-0.08","-","0.61"
"2023/01/25","19:00","-0.334","-","0.35"
"2023/01/25","20:00","-0.465","-","0.26"
"2023/01/25","21:00","-0.417","-","0.34"
"2023/01/25","22:00","-0.168","-","0.74"
"2023/01/25","23:00","0.213","-","1.12"
"2023/01/26","00:00","0.586","-","1.51"
"2023/01/26","01:00","0.837","-","1.75"
"2023/01/26","02:00","0.932","-","1.87"
"2023/01/26","03:00","0.882","-","1.74"
"2023/01/26","04:00","0.703","-","1.67"
"2023/01/26","05:00","0.427","-","1.45"
"2023/01/26","06:00","0.119","-","1.18"
"2023/01/26","07:00","-0.156","-","0.91"
"2023/01/26","08:00","-0.347","-","0.77"
"2023/01/26","09:00","-0.398","-","0.71"
"2023/01/26","10:00","-0.264","-","0.76"
"2023/01/26","11:00","0.037","-","0.94"
"2023/01/26","12:00","0.391","-","1.26"
"2023/01/26","13:00","0.671","-","1.65"
"2023/01/26","14:00","0.811","-","1.79"
"2023/01/26","15:00","0.812","-","1.77"
"2023/01/26","16:00","0.685","-","1.56"
"2023/01/26","17:00","0.452","-","1.29"
"2023/01/26","18:00","0.161","-","0.94"
"2023/01/26","19:00","-0.119","-","0.67"
"2023/01/26","20:00","-0.33","-","0.43"
"2023/01/26","21:00","-0.424","-","0.34"
"2023/01/26","22:00","-0.346","-","0.38"
"2023/01/26","23:00","-0.084","-","0.52"
"2023/01/27","00:00","0.286","-","0.86"
"2023/01/27","01:00","0.628","-","1.16"
"2023/01/27","02:00","0.848","-","1.34"
"2023/01/27","03:00","0.926","-","1.31"
"2023/01/27","04:00","0.874","-","1.22"
"2023/01/27","05:00","0.706","-","1.03"
"2023/01/27","06:00","0.451","-","0.8"
"2023/01/27","07:00","0.168","-","0.53"
"2023/01/27","08:00","-0.088","-","0.23"
"2023/01/27","09:00","-0.272","-","0.01"
"2023/01/27","10:00","-0.328","-","-0.05"
"2023/01/27","11:00","-0.21","-","0.05"
"2023/01/27","12:00","0.056","-","0.32"
"2023/01/27","13:00","0.362","-","0.65"
"2023/01/27","14:00","0.594","-","0.9"
"2023/01/27","15:00","0.705","-","0.97"
"2023/01/27","16:00","0.697","-","0.86"
"2023/01/27","17:00","0.578","-","0.68"
"2023/01/27","18:00","0.365","-","0.42"
"2023/01/27","19:00","0.107","-","0.15"
"2023/01/27","20:00","-0.133","-","-0.08"
"2023/01/27","21:00","-0.308","-","-0.2"
"2023/01/27","22:00","-0.37","-","-0.28"
"2023/01/27","23:00","-0.271","-","-0.26"
"2023/01/28","00:00","-0.006","-","0"
"2023/01/28","01:00","0.34","-","0.31"
"2023/01/28","02:00","0.646","-","0.6"
"2023/01/28","03:00","0.836","-","0.76"
"2023/01/28","04:00","0.904","-","0.81"
"2023/01/28","05:00","0.859","-","0.76"
"2023/01/28","06:00","0.706","-","0.62"
"2023/01/28","07:00","0.473","-","0.43"
"2023/01/28","08:00","0.212","-","0.2"
"2023/01/28","09:00","-0.028","-","0.01"
"2023/01/28","10:00","-0.206","-","-0.05"
"2023/01/28","11:00","-0.266","-","-0.03"
"2023/01/28","12:00","-0.165","-","0.07"
"2023/01/28","13:00","0.067","-","0.32"
"2023/01/28","14:00","0.327","-","0.59"
"2023/01/28","15:00","0.521","-","0.78"
"2023/01/28","16:00","0.614","-","0.86"
"2023/01/28","17:00","0.608","-","0.83"
"2023/01/28","18:00","0.501","-","0.69"
"2023/01/28","19:00","0.308","-","0.51"
"2023/01/28","20:00","0.078","-","0.29"
"2023/01/28","21:00","-0.13","-","0.13"
"2023/01/28","22:00","-0.274","-","-0.02"
"2023/01/28","23:00","-0.312","-","-0.07"
"2023/01/29","00:00","-0.2","-","-0.01"
"2023/01/29","01:00","0.057","-","0.23"
"2023/01/29","02:00","0.374","-","0.54"
"2023/01/29","03:00","0.644","-","0.82"
"2023/01/29","04:00","0.813","-","0.98"
"2023/01/29","05:00","0.878","-","1.01"
"2023/01/29","06:00","0.841","-","1.02"
"2023/01/29","07:00","0.701","-","0.92"
"2023/01/29","08:00","0.485","-","0.71"
"2023/01/29","09:00","0.242","-","0.47"
"2023/01/29","10:00","0.015","-","0.23"
"2023/01/29","11:00","-0.157","-","0.16"
"2023/01/29","12:00","-0.221","-","0.14"
"2023/01/29","13:00","-0.135","-","0.25"
"2023/01/29","14:00","0.068","-","0.42"
"2023/01/29","15:00","0.294","-","0.67"
"2023/01/29","16:00","0.464","-","0.8"
"2023/01/29","17:00","0.553","-","0.85"
"2023/01/29","18:00","0.554","-","0.79"
"2023/01/29","19:00","0.457","-","0.8"
"2023/01/29","20:00","0.277","-","0.69"
"2023/01/29","21:00","0.068","-","0.53"
"2023/01/29","22:00","-0.115","-","0.38"
"2023/01/29","23:00","-0.235","-","0.3"
"2023/01/30","00:00","-0.257","-","0.35"
"2023/01/30","01:00","-0.141","-","0.45"
"2023/01/30","02:00","0.102","-","0.79"
"2023/01/30","03:00","0.391","-","1.16"
"2023/01/30","04:00","0.634","-","1.41"
"2023/01/30","05:00","0.792","-","1.56"
"2023/01/30","06:00","0.859","-","1.62"
"2023/01/30","07:00","0.827","-","1.59"
"2023/01/30","08:00","0.691","-","1.51"
"2023/01/30","09:00","0.483","-","1.28"
"2023/01/30","10:00","0.253","-","1.1"
"2023/01/30","11:00","0.036","-","0.79"
"2023/01/30","12:00","-0.132","-","0.78"
"2023/01/30","13:00","-0.197","-","0.7"
"2023/01/30","14:00","-0.121","-","0.76"
"2023/01/30","15:00","0.064","-","0.91"
"2023/01/30","16:00","0.272","-","0.98"
"2023/01/30","17:00","0.436","-","1.11"
"2023/01/30","18:00","0.529","-","1.17"
"2023/01/30","19:00","0.535","-","1.19"
"2023/01/30","20:00","0.438","-","1.11"
"2023/01/30","21:00","0.262","-","0.93"
"2023/01/30","22:00","0.066","-","0.74"
"2023/01/30","23:00","-0.099","-","0.57"
"2023/01/31","00:00","-0.204","-","0.5"
"2023/01/31","01:00","-0.216","-","0.46"
"2023/01/31","02:00","-0.099","-","0.61"
"2023/01/31","03:00","0.133","-","0.82"
"2023/01/31","04:00","0.404","-","1.06"
"2023/01/31","05:00","0.633","-","1.32"
"2023/01/31","06:00","0.787","-","1.47"
"2023/01/31","07:00","0.854","-","1.48"
"2023/01/31","08:00","0.817","-","1.42"
"2023/01/31","09:00","0.675","-","1.37"
"2023/01/31","10:00","0.468","-","1.18"
"2023/01/31","11:00","0.243","-","1.01"
"2023/01/31","12:00","0.031","-","0.75"
"2023/01/31","13:00","-0.134","-","0.63"
"2023/01/31","14:00","-0.197","-","0.59"
"2023/01/31","15:00","-0.119","-","0.66"
"2023/01/31","16:00","0.066","-","0.76"
"2023/01/31","17:00","0.274","-","1.07"
"2023/01/31","18:00","0.442","-","1.19"
"2023/01/31","19:00","0.539","-","1.36"
"2023/01/31","20:00","0.54","-","1.31"
"2023/01/31","21:00","0.433","-","1.29"
"2023/01/31","22:00","0.252","-","1.11"
"2023/01/31","23:00","0.061","-","1.04"
"2023/02/01","00:00","-0.094","-","0.9"
"2023/02/01","01:00","-0.191","-","0.86"
"2023/02/01","02:00","-0.196","-","0.89"
"2023/02/01","03:00","-0.073","-","1.1"
"2023/02/01","04:00","0.16","-","1.39"
"2023/02/01","05:00","0.428","-","1.64"
"2023/02/01","06:00","0.654","-","1.9"
"2023/02/01","07:00","0.804","-","2.04"
"2023/02/01","08:00","0.862","-","2.17"
"2023/02/01","09:00","0.808","-","2.11"
"2023/02/01","10:00","0.65","-","1.82"
"2023/02/01","11:00","0.435","-","1.5"
"2023/02/01","12:00","0.209","-","1.33"
"2023/02/01","13:00","-0.002","-","1.18"
"2023/02/01","14:00","-0.164","-","1.08"
"2023/02/01","15:00","-0.213","-","0.99"
"2023/02/01","16:00","-0.115","-","0.98"
"2023/02/01","17:00","0.087","-","1.18"
"2023/02/01","18:00","0.307","-","1.32"
"2023/02/01","19:00","0.481","-","1.5"
"2023/02/01","20:00","0.573","-","1.52"
"2023/02/01","21:00","0.557","-","1.49"
"2023/02/01","22:00","0.429","-","1.37"
"2023/02/01","23:00","0.236","-","1.15"
"2023/02/02","00:00","0.044","-","0.93"
"2023/02/02","01:00","-0.108","-","0.77"
"2023/02/02","02:00","-0.2","-","0.73"
"2023/02/02","03:00","-0.193","-","0.74"
"2023/02/02","04:00","-0.05","-","0.99"
"2023/02/02","05:00","0.201","-","1.23"
"2023/02/02","06:00","0.476","-","1.51"
"2023/02/02","07:00","0.701","-","1.72"
"2023/02/02","08:00","0.841","-","1.81"
"2023/02/02","09:00","0.876","-","1.83"
"2023/02/02","10:00","0.794","-","1.74"
"2023/02/02","11:00","0.612","-","1.59"
"2023/02/02","12:00","0.382","-","1.37"
"2023/02/02","13:00","0.149","-","1.16"
"2023/02/02","14:00","-0.064","-","0.98"
"2023/02/02","15:00","-0.212","-","0.91"
"2023/02/02","16:00","-0.229","-","0.82"
"2023/02/02","17:00","-0.092","-","0.87"
"2023/02/02","18:00","0.139","-","1.11"
"2023/02/02","19:00","0.373","-","1.31"
"2023/02/02","20:00","0.543","-","1.51"
"2023/02/02","21:00","0.616","-","1.52"
"2023/02/02","22:00","0.57","-","1.46"
"2023/02/02","23:00","0.414","-","1.3"
"2023/02/03","00:00","0.204","-","1.04"
"2023/02/03","01:00","0.005","-","0.88"
"2023/02/03","02:00","-0.147","-","0.73"
"2023/02/03","03:00","-0.227","-","0.68"
"2023/02/03","04:00","-0.191","-","0.7"
"2023/02/03","05:00","-0.012","-","0.87"
"2023/02/03","06:00","0.267","-","1.21"
"2023/02/03","07:00","0.552","-","1.51"
"2023/02/03","08:00","0.767","-","1.73"
"2023/02/03","09:00","0.883","-","1.81"
"2023/02/03","10:00","0.885","-","1.91"
"2023/02/03","11:00","0.765","-","1.95"
"2023/02/03","12:00","0.552","-","1.79"
"2023/02/03","13:00","0.303","-","1.36"
"2023/02/03","14:00","0.061","-","1.09"
"2023/02/03","15:00","-0.143","-","0.84"
"2023/02/03","16:00","-0.259","-","0.63"
"2023/02/03","17:00","-0.223","-","0.48"
"2023/02/03","18:00","-0.035","-","0.44"
"2023/02/03","19:00","0.226","-","0.49"
"2023/02/03","20:00","0.462","-","0.69"
"2023/02/03","21:00","0.613","-","0.81"
"2023/02/03","22:00","0.654","-","0.73"
"2023/02/03","23:00","0.57","-","0.46"
"2023/02/04","00:00","0.382","-","0.24"
"2023/02/04","01:00","0.152","-","0.08"
"2023/02/04","02:00","-0.054","-","-0.15"
"2023/02/04","03:00","-0.199","-","-0.33"
"2023/02/04","04:00","-0.253","-","-0.45"
"2023/02/04","05:00","-0.172","-","-0.51"
"2023/02/04","06:00","0.055","-","-0.29"
"2023/02/04","07:00","0.362","-","-0.04"
"2023/02/04","08:00","0.644","-","0.1"
"2023/02/04","09:00","0.836","-","0.21"
"2023/02/04","10:00","0.915","-","0.28"
"2023/02/04","11:00","0.872","-","0.2"
"2023/02/04","12:00","0.71","-","0.01"
"2023/02/04","13:00","0.464","-","-0.22"
"2023/02/04","14:00","0.198","-","-0.47"
"2023/02/04","15:00","-0.043","-","-0.74"
"2023/02/04","16:00","-0.222","-","-0.92"
"2023/02/04","17:00","-0.282","-","-1.05"
"2023/02/04","18:00","-0.179","-","-0.9"
"2023/02/04","19:00","0.061","-","-0.62"
"2023/02/04","20:00","0.34","-","-0.3"
"2023/02/04","21:00","0.561","-","-0.07"
"2023/02/04","22:00","0.678","-","0.03"
"2023/02/04","23:00","0.676","-","0.05"
"2023/02/05","00:00","0.55","-","-0.06"
"2023/02/05","01:00","0.328","-","-0.18"
"2023/02/05","02:00","0.081","-","-0.38"
"2023/02/05","03:00","-0.123","-","-0.55"
"2023/02/05","04:00","-0.248","-","-0.64"
"2023/02/05","05:00","-0.258","-","-0.66"
"2023/02/05","06:00","-0.12","-","-0.48"
"2023/02/05","07:00","0.153","-","-0.12"
"2023/02/05","08:00","0.473","-","0.23"
"2023/02/05","09:00","0.735","-","0.52"
"2023/02/05","10:00","0.887","-","0.68"
"2023/02/05","11:00","0.919","-","0.76"
"2023/02/05","12:00","0.827","-","0.71"
"2023/02/05","13:00","0.62","-","0.54"
"2023/02/05","14:00","0.346","-","0.23"
"2023/02/05","15:00","0.073","-","-0.09"
"2023/02/05","16:00","-0.148","-","-0.35"
"2023/02/05","17:00","-0.277","-","-0.49"
"2023/02/05","18:00","-0.266","-","-0.52"
"2023/02/05","19:00","-0.092","-","-0.43"
"2023/02/05","20:00","0.188","-","-0.17"
"2023/02/05","21:00","0.466","-","0.09"
"2023/02/05","22:00","0.655","-","0.33"
"2023/02/05","23:00","0.727","-","0.45"
"2023/02/06","00:00","0.677","-","0.38"
"2023/02/06","01:00","0.507","-","0.29"
"2023/02/06","02:00","0.257","-","0.05"
"2023/02/06","03:00","0.004","-","-0.12"
"2023/02/06","04:00","-0.185","-","-0.28"
"2023/02/06","05:00","-0.272","-","-0.35"
"2023/02/06","06:00","-0.227","-","-0.33"
"2023/02/06","07:00","-0.034","-","-0.12"
"2023/02/06","08:00","0.27","-","0.15"
"2023/02/06","09:00","0.583","-","0.45"
"2023/02/06","10:00","0.806","-","0.65"
"2023/02/06","11:00","0.906","-","0.79"
"2023/02/06","12:00","0.885","-","0.74"
"2023/02/06","13:00","0.742","-","0.64"
"2023/02/06","14:00","0.497","-","0.37"
"2023/02/06","15:00","0.208","-","0.09"
"2023/02/06","16:00","-0.052","-","-0.17"
"2023/02/06","17:00","-0.231","-","-0.28"
"2023/02/06","18:00","-0.293","-","-0.32"
"2023/02/06","19:00","-0.204","-","-0.21"
"2023/02/06","20:00","0.031","-","0.11"
"2023/02/06","21:00","0.332","-","0.44"
"2023/02/06","22:00","0.589","-","0.74"
"2023/02/06","23:00","0.733","-","0.81"
"2023/02/07","00:00","0.753","-","0.9"
"2023/02/07","01:00","0.654","-","0.87"
"2023/02/07","02:00","0.446","-","0.78"
"2023/02/07","03:00","0.179","-","0.63"
"2023/02/07","04:00","-0.065","-","0.44"
"2023/02/07","05:00","-0.222","-","0.29"
"2023/02/07","06:00","-0.26","-","0.25"
"2023/02/07","07:00","-0.161","-","0.43"
"2023/02/07","08:00","0.076","-","0.73"
"2023/02/07","09:00","0.39","-","1.04"
"2023/02/07","10:00","0.674","-","1.33"
"2023/02/07","11:00","0.845","-","1.5"
"2023/02/07","12:00","0.886","-","1.59"
"2023/02/07","13:00","0.81","-","1.54"
"2023/02/07","14:00","0.622","-","1.37"
"2023/02/07","15:00","0.352","-","1.08"
"2023/02/07","16:00","0.066","-","0.8"
"2023/02/07","17:00","-0.158","-","0.59"
"2023/02/07","18:00","-0.277","-","0.48"
"2023/02/07","19:00","-0.265","-","0.56"
"2023/02/07","20:00","-0.104","-","0.8"
"2023/02/07","21:00","0.175","-","1.13"
"2023/02/07","22:00","0.477","-","1.39"
"2023/02/07","23:00","0.697","-","1.67"
"2023/02/08","00:00","0.787","-","1.79"
"2023/02/08","01:00","0.754","-","1.79"
"2023/02/08","02:00","0.61","-","1.6"
"2023/02/08","03:00","0.374","-","1.35"
"2023/02/08","04:00","0.106","-","1.13"
"2023/02/08","05:00","-0.112","-","0.96"
"2023/02/08","06:00","-0.226","-","0.85"
"2023/02/08","07:00","-0.215","-","0.81"
"2023/02/08","08:00","-0.071","-","0.98"
"2023/02/08","09:00","0.191","-","1.27"
"2023/02/08","10:00","0.495","-","1.54"
"2023/02/08","11:00","0.735","-","1.8"
"2023/02/08","12:00","0.845","-","1.92"
"2023/02/08","13:00","0.827","-","1.92"
"2023/02/08","14:00","0.701","-","1.8"
"2023/02/08","15:00","0.481","-","1.57"
"2023/02/08","16:00","0.204","-","1.28"
"2023/02/08","17:00","-0.056","-","1"
"2023/02/08","18:00","-0.229","-","0.81"
"2023/02/08","19:00","-0.282","-","0.8"
"2023/02/08","20:00","-0.199","-","0.87"
"2023/02/08","21:00","0.02","-","1.11"
"2023/02/08","22:00","0.325","-","1.4"
"2023/02/08","23:00","0.611","-","1.67"
"2023/02/09","00:00","0.782","-","1.81"
"2023/02/09","01:00","0.815","-","1.87"
"2023/02/09","02:00","0.732","-","1.81"
"2023/02/09","03:00","0.553","-","1.58"
"2023/02/09","04:00","0.305","-","1.28"
"2023/02/09","05:00","0.052","-","1.06"
"2023/02/09","06:00","-0.131","-","0.89"
"2023/02/09","07:00","-0.202","-","0.83"
"2023/02/09","08:00","-0.15","-","0.88"
"2023/02/09","09:00","0.024","-","1.03"
"2023/02/09","10:00","0.294","-","1.32"
"2023/02/09","11:00","0.573","-","1.61"
"2023/02/09","12:00","0.76","-","1.8"
"2023/02/09","13:00","0.809","-","1.83"
"2023/02/09","14:00","0.739","-","1.76"
"2023/02/09","15:00","0.576","-","1.51"
"2023/02/09","16:00","0.341","-","1.24"
"2023/02/09","17:00","0.076","-","0.96"
"2023/02/09","18:00","-0.144","-","0.75"
"2023/02/09","19:00","-0.261","-","0.59"
"2023/02/09","20:00","-0.251","-","0.61"
"2023/02/09","21:00","-0.109","-","0.68"
"2023/02/09","22:00","0.153","-","0.9"
"2023/02/09","23:00","0.467","-","1.25"
"2023/02/10","00:00","0.722","-","1.46"
"2023/02/10","01:00","0.841","-","1.6"
"2023/02/10","02:00","0.82","-","1.63"
"2023/02/10","03:00","0.696","-","1.51"
"2023/02/10","04:00","0.496","-","1.29"
"2023/02/10","05:00","0.25","-","1.01"
"2023/02/10","06:00","0.021","-","0.81"
"2023/02/10","07:00","-0.127","-","0.64"
"2023/02/10","08:00","-0.163","-","0.6"
"2023/02/10","09:00","-0.083","-","0.65"
"2023/02/10","10:00","0.109","-","0.85"
"2023/02/10","11:00","0.374","-","1.14"
"2023/02/10","12:00","0.619","-","1.45"
"2023/02/10","13:00","0.752","-","1.64"
"2023/02/10","14:00","0.747","-","1.62"
"2023/02/10","15:00","0.637","-","1.4"
"2023/02/10","16:00","0.455","-","1.17"
"2023/02/10","17:00","0.222","-","0.85"
"2023/02/10","18:00","-0.018","-","0.58"
"2023/02/10","19:00","-0.195","-","0.4"
"2023/02/10","20:00","-0.26","-","0.27"
"2023/02/10","21:00","-0.198","-","0.33"
"2023/02/10","22:00","-0.009","-","0.46"
"2023/02/10","23:00","0.281","-","0.8"
"2023/02/11","00:00","0.59","-","1.07"
"2023/02/11","01:00","0.807","-","1.27"
"2023/02/11","02:00","0.874","-","1.33"
"2023/02/11","03:00","0.81","-","1.27"
"2023/02/11","04:00","0.66","-","1.11"
"2023/02/11","05:00","0.452","-","0.88"
"2023/02/11","06:00","0.216","-","0.68"
"2023/02/11","07:00","0.011","-","0.54"
"2023/02/11","08:00","-0.11","-","0.51"
"2023/02/11","09:00","-0.124","-","0.53"
"2023/02/11","10:00","-0.028","-","0.53"
"2023/02/11","11:00","0.171","-","0.67"
"2023/02/11","12:00","0.423","-","0.95"
"2023/02/11","13:00","0.632","-","1.12"
"2023/02/11","14:00","0.717","-","1.16"
"2023/02/11","15:00","0.673","-","1.1"
"2023/02/11","16:00","0.543","-","0.91"
"2023/02/11","17:00","0.358","-","0.72"
"2023/02/11","18:00","0.136","-","0.42"
"2023/02/11","19:00","-0.076","-","0.27"
"2023/02/11","20:00","-0.214","-","0.14"
"2023/02/11","21:00","-0.238","-","0.11"
"2023/02/11","22:00","-0.136","-","0.2"
"2023/02/11","23:00","0.086","-","0.43"
"2023/02/12","00:00","0.39","-","0.69"
"2023/02/12","01:00","0.685","-","0.96"
"2023/02/12","02:00","0.864","-","1.16"
"2023/02/12","03:00","0.89","-","1.25"
"2023/02/12","04:00","0.799","-","1.26"
"2023/02/12","05:00","0.639","-","1.12"
"2023/02/12","06:00","0.432","-","0.96"
"2023/02/12","07:00","0.206","-","0.82"
"2023/02/12","08:00","0.016","-","0.71"
"2023/02/12","09:00","-0.09","-","0.64"
"2023/02/12","10:00","-0.094","-","0.76"
"2023/02/12","11:00","0.007","-","0.98"
"2023/02/12","12:00","0.203","-","1.21"
"2023/02/12","13:00","0.438","-","1.39"
"2023/02/12","14:00","0.615","-","1.69"
"2023/02/12","15:00","0.667","-","1.77"
"2023/02/12","16:00","0.604","-","1.83"
"2023/02/12","17:00","0.473","-","1.68"
"2023/02/12","18:00","0.296","-","1.61"
"2023/02/12","19:00","0.089","-","1.5"
"2023/02/12","20:00","-0.102","-","1.51"
"2023/02/12","21:00","-0.213","-","1.44"
"2023/02/12","22:00","-0.208","-","1.46"
"2023/02/12","23:00","-0.08","-","1.49"
"2023/02/13","00:00","0.161","-","1.73"
"2023/02/13","01:00","0.469","-","1.92"
"2023/02/13","02:00","0.747","-","2.19"
"2023/02/13","03:00","0.897","-","2.46"
"2023/02/13","04:00","0.901","-","2.51"
"2023/02/13","05:00","0.803","-","2.39"
"2023/02/13","06:00","0.644","-","2.11"
"2023/02/13","07:00","0.439","-","1.76"
"2023/02/13","08:00","0.216","-","1.31"
"2023/02/13","09:00","0.03","-","1.01"
"2023/02/13","10:00","-0.075","-","0.85"
"2023/02/13","11:00","-0.082","-","0.84"
"2023/02/13","12:00","0.015","-","0.93"
"2023/02/13","13:00","0.204","-","1.17"
"2023/02/13","14:00","0.423","-","1.41"
"2023/02/13","15:00","0.58","-","1.64"
"2023/02/13","16:00","0.619","-","1.71"
"2023/02/13","17:00","0.559","-","1.74"
"2023/02/13","18:00","0.439","-","1.67"
"2023/02/13","19:00","0.271","-","1.59"
"2023/02/13","20:00","0.072","-","1.46"
"2023/02/13","21:00","-0.107","-","1.3"
"2023/02/13","22:00","-0.204","-","1.23"
"2023/02/13","23:00","-0.185","-","1.28"
"2023/02/14","00:00","-0.046","-","1.49"
"2023/02/14","01:00","0.203","-","1.74"
"2023/02/14","02:00","0.512","-","2.07"
"2023/02/14","03:00","0.779","-","2.27"
"2023/02/14","04:00","0.92","-","2.39"
"2023/02/14","05:00","0.923","-","2.4"
"2023/02/14","06:00","0.833","-","2.36"
"2023/02/14","07:00","0.679","-","2.19"
"2023/02/14","08:00","0.47","-","1.97"
"2023/02/14","09:00","0.24","-","1.75"
"2023/02/14","10:00","0.045","-","1.58"
"2023/02/14","11:00","-0.071","-","1.41"
"2023/02/14","12:00","-0.093","-","1.35"
"2023/02/14","13:00","-0.008","-","1.36"
"2023/02/14","14:00","0.174","-","1.53"
"2023/02/14","15:00","0.388","-","1.7"
"2023/02/14","16:00","0.544","-","1.78"
"2023/02/14","17:00","0.593","-","1.78"
"2023/02/14","18:00","0.551","-","1.71"
"2023/02/14","19:00","0.445","-","1.64"
"2023/02/14","20:00","0.28","-","1.47"
"2023/02/14","21:00","0.077","-","1.23"
"2023/02/14","22:00","-0.103","-","1.05"
"2023/02/14","23:00","-0.2","-","0.94"
"2023/02/15","00:00","-0.183","-","0.88"
"2023/02/15","01:00","-0.045","-","1"
"2023/02/15","02:00","0.206","-","1.25"
"2023/02/15","03:00","0.519","-","1.51"
"2023/02/15","04:00","0.793","-","1.78"
"2023/02/15","05:00","0.945","-","1.84"
"2023/02/15","06:00","0.967","-","1.9"
"2023/02/15","07:00","0.891","-","1.87"
"2023/02/15","08:00","0.737","-","1.7"
"2023/02/15","09:00","0.516","-","1.44"
"2023/02/15","10:00","0.268","-","1.23"
"2023/02/15","11:00","0.054","-","1.01"
"2023/02/15","12:00","-0.086","-","0.88"
"2023/02/15","13:00","-0.13","-","0.81"
"2023/02/15","14:00","-0.058","-","0.84"
"2023/02/15","15:00","0.125","-","1.01"
"2023/02/15","16:00","0.352","-","1.15"
"2023/02/15","17:00","0.529","-","1.36"
"2023/02/15","18:00","0.604","-","1.43"
"2023/02/15","19:00","0.584","-","1.46"
"2023/02/15","20:00","0.485","-","1.36"
"2023/02/15","21:00","0.311","-","1.18"
"2023/02/15","22:00","0.094","-","0.95"
"2023/02/15","23:00","-0.1","-","0.78"
"2023/02/16","00:00","-0.211","-","0.66"
"2023/02/16","01:00","-0.211","-","0.64"
"2023/02/16","02:00","-0.083","-","0.76"
"2023/02/16","03:00","0.174","-","1.01"
"2023/02/16","04:00","0.505","-","1.33"
"2023/02/16","05:00","0.803","-","1.58"
"2023/02/16","06:00","0.984","-","1.7"
"2023/02/16","07:00","1.031","-","1.75"
"2023/02/16","08:00","0.967","-","1.71"
"2023/02/16","09:00","0.806","-","1.5"
"2023/02/16","10:00","0.563","-","1.22"
"2023/02/16","11:00","0.289","-","0.9"
"2023/02/16","12:00","0.046","-","0.63"
"2023/02/16","13:00","-0.125","-","0.45"
"2023/02/16","14:00","-0.193","-","0.37"
"2023/02/16","15:00","-0.125","-","0.46"
"2023/02/16","16:00","0.077","-","0.6"
"2023/02/16","17:00","0.338","-","0.83"
"2023/02/16","18:00","0.55","-","1.01"
"2023/02/16","19:00","0.656","-","1.14"
"2023/02/16","20:00","0.652","-","1.15"
"2023/02/16","21:00","0.549","-","1.04"
"2023/02/16","22:00","0.355","-","0.8"
"2023/02/16","23:00","0.113","-","0.55"
"2023/02/17","00:00","-0.107","-","0.33"
"2023/02/17","01:00","-0.245","-","0.19"
"2023/02/17","02:00","-0.269","-","0.16"
"2023/02/17","03:00","-0.149","-","0.28"
"2023/02/17","04:00","0.124","-","0.58"
"2023/02/17","05:00","0.488","-","0.93"
"2023/02/17","06:00","0.824","-","1.24"
"2023/02/17","07:00","1.037","-","1.46"
"2023/02/17","08:00","1.105","-","1.55"
"2023/02/17","09:00","1.043","-","1.54"
"2023/02/17","10:00","0.864","-","1.36"
"2023/02/17","11:00","0.593","-","1.06"
"2023/02/17","12:00","0.288","-","0.7"
"2023/02/17","13:00","0.011","-","0.45"
"2023/02/17","14:00","-0.191","-","0.31"
"2023/02/17","15:00","-0.273","-","0.39"
"2023/02/17","16:00","-0.189","-","0.62"
"2023/02/17","17:00","0.055","-","0.78"
"2023/02/17","18:00","0.363","-","1.05"
"2023/02/17","19:00","0.615","-","1.29"
"2023/02/17","20:00","0.745","-","1.64"
"2023/02/17","21:00","0.745","-","1.6"
"2023/02/17","22:00","0.625","-","1.21"
"2023/02/17","23:00","0.401","-","0.88"
"2023/02/18","00:00","0.126","-","0.41"
"2023/02/18","01:00","-0.127","-","0.06"
"2023/02/18","02:00","-0.299","-","-0.12"
"2023/02/18","03:00","-0.346","-","-0.09"
"2023/02/18","04:00","-0.223","-","0.03"
"2023/02/18","05:00","0.08","-","0.24"
"2023/02/18","06:00","0.485","-","0.65"
"2023/02/18","07:00","0.857","-","0.92"
"2023/02/18","08:00","1.093","-","1.21"
"2023/02/18","09:00","1.17","-","1.18"
"2023/02/18","10:00","1.098","-","1.17"
"2023/02/18","11:00","0.895","-","0.92"
"2023/02/18","12:00","0.592","-","0.59"
"2023/02/18","13:00","0.253","-","0.19"
"2023/02/18","14:00","-0.054","-","-0.15"
"2023/02/18","15:00","-0.276","-","-0.35"
"2023/02/18","16:00","-0.35","-","-0.41"
"2023/02/18","17:00","-0.225","-","-0.25"
"2023/02/18","18:00","0.076","-","0.1"
"2023/02/18","19:00","0.434","-","0.42"
"2023/02/18","20:00","0.716","-","0.7"
"2023/02/18","21:00","0.854","-","0.81"
"2023/02/18","22:00","0.845","-","0.84"
"2023/02/18","23:00","0.7","-","0.74"
"2023/02/19","00:00","0.441","-","0.55"
"2023/02/19","01:00","0.13","-","0.28"
"2023/02/19","02:00","-0.159","-","0.08"
"2023/02/19","03:00","-0.361","-","-0.11"
"2023/02/19","04:00","-0.419","-","-0.14"
"2023/02/19","05:00","-0.279","-","0.08"
"2023/02/19","06:00","0.061","-","0.5"
"2023/02/19","07:00","0.503","-","0.93"
"2023/02/19","08:00","0.895","-","1.28"
"2023/02/19","09:00","1.137","-","1.46"
"2023/02/19","10:00","1.206","-","1.56"
"2023/02/19","11:00","1.115","-","1.5"
"2023/02/19","12:00","0.882","-","1.3"
"2023/02/19","13:00","0.548","-","0.96"
"2023/02/19","14:00","0.183","-","0.61"
"2023/02/19","15:00","-0.141","-","0.33"
"2023/02/19","16:00","-0.359","-","0.14"
"2023/02/19","17:00","-0.399","-","0.09"
"2023/02/19","18:00","-0.216","-","0.23"
"2023/02/19","19:00","0.144","-","0.73"
"2023/02/19","20:00","0.539","-","1.13"
"2023/02/19","21:00","0.834","-","1.43"
"2023/02/19","22:00","0.966","-","1.49"
"2023/02/19","23:00","0.938","-","1.49"
"2023/02/20","00:00","0.761","-","1.35"
"2023/02/20","01:00","0.467","-","1.07"
"2023/02/20","02:00","0.123","-","0.79"
"2023/02/20","03:00","-0.193","-","0.56"
"2023/02/20","04:00","-0.409","-","0.39"
"2023/02/20","05:00","-0.463","-","0.37"
"2023/02/20","06:00","-0.296","-","0.55"
"2023/02/20","07:00","0.075","-","0.94"
"2023/02/20","08:00","0.535","-","1.42"
"2023/02/20","09:00","0.926","-","1.81"
"2023/02/20","10:00","1.152","-","2.01"
"2023/02/20","11:00","1.2","-","2.04"
"2023/02/20","12:00","1.083","-","1.9"
"2023/02/20","13:00","0.821","-","1.59"
"2023/02/20","14:00","0.462","-","1.16"
"2023/02/20","15:00","0.086","-","0.78"
"2023/02/20","16:00","-0.231","-","0.42"
"2023/02/20","17:00","-0.418","-","0.27"
"2023/02/20","18:00","-0.404","-","0.25"
"2023/02/20","19:00","-0.158","-","0.53"
"2023/02/20","20:00","0.248","-","0.96"
"2023/02/20","21:00","0.661","-","1.37"
"2023/02/20","22:00","0.948","-","1.63"
"2023/02/20","23:00","1.062","-","1.69"
"2023/02/21","00:00","1.007","-","1.65"
"2023/02/21","01:00","0.799","-","1.47"
"2023/02/21","02:00","0.476","-","1.19"
"2023/02/21","03:00","0.111","-","0.8"
"2023/02/21","04:00","-0.213","-","0.53"
"2023/02/21","05:00","-0.426","-","0.37"
"2023/02/21","06:00","-0.462","-","0.38"
"2023/02/21","07:00","-0.271","-","0.65"
"2023/02/21","08:00","0.117","-","1.13"
"2023/02/21","09:00","0.57","-","1.52"
"2023/02/21","10:00","0.936","-","1.84"
"2023/02/21","11:00","1.132","-","2.01"
"2023/02/21","12:00","1.15","-","2"
"2023/02/21","13:00","1.004","-","1.85"
"2023/02/21","14:00","0.718","-","1.49"
"2023/02/21","15:00","0.351","-","1.13"
"2023/02/21","16:00","-0.013","-","0.78"
"2023/02/21","17:00","-0.298","-","0.54"
"2023/02/21","18:00","-0.436","-","0.46"
"2023/02/21","19:00","-0.361","-","0.55"
"2023/02/21","20:00","-0.062","-","0.95"
"2023/02/21","21:00","0.369","-","1.39"
"2023/02/21","22:00","0.775","-","1.76"
"2023/02/21","23:00","1.039","-","1.99"
"2023/02/22","00:00","1.124","-","2.07"
"2023/02/22","01:00","1.042","-","2.02"
"2023/02/22","02:00","0.809","-","1.81"
"2023/02/22","03:00","0.471","-","1.45"
"2023/02/22","04:00","0.106","-","1.12"
"2023/02/22","05:00","-0.207","-","0.85"
"2023/02/22","06:00","-0.402","-","0.71"
"2023/02/22","07:00","-0.416","-","0.7"
"2023/02/22","08:00","-0.209","-","0.87"
"2023/02/22","09:00","0.174","-","1.26"
"2023/02/22","10:00","0.598","-","1.72"
"2023/02/22","11:00","0.92","-","2.04"
"2023/02/22","12:00","1.075","-","2.12"
"2023/02/22","13:00","1.06","-","2.07"
"2023/02/22","14:00","0.89","-","1.91"
"2023/02/22","15:00","0.594","-","1.58"
"2023/02/22","16:00","0.239","-","1.22"
"2023/02/22","17:00","-0.091","-","0.9"
"2023/02/22","18:00","-0.326","-","0.75"
"2023/02/22","19:00","-0.407","-","0.75"
"2023/02/22","20:00","-0.279","-","0.86"
"2023/02/22","21:00","0.053","-","1.23"
"2023/02/22","22:00","0.485","-","1.6"
"2023/02/22","23:00","0.865","-","1.93"
"2023/02/23","00:00","1.092","-","2.07"
"2023/02/23","01:00","1.146","-","2.09"
"2023/02/23","02:00","1.039","-","2.01"
"2023/02/23","03:00","0.793","-","1.72"
"2023/02/23","04:00","0.46","-","1.34"
"2023/02/23","05:00","0.115","-","0.98"
"2023/02/23","06:00","-0.17","-","0.7"
"2023/02/23","07:00","-0.34","-","0.61"
"2023/02/23","08:00","-0.337","-","0.64"
"2023/02/23","09:00","-0.129","-","0.79"
"2023/02/23","10:00","0.232","-","1.2"
"2023/02/23","11:00","0.61","-","1.59"
"2023/02/23","12:00","0.88","-","1.88"
"2023/02/23","13:00","0.991","-","1.91"
"2023/02/23","14:00","0.947","-","1.83"
"2023/02/23","15:00","0.762","-","1.61"
"2023/02/23","16:00","0.473","-","1.32"
"2023/02/23","17:00","0.15","-","0.98"
"2023/02/23","18:00","-0.13","-","0.72"
"2023/02/23","19:00","-0.31","-","0.62"
"2023/02/23","20:00","-0.34","-","0.58"
"2023/02/23","21:00","-0.174","-","0.76"
"2023/02/23","22:00","0.17","-","1.11"
"2023/02/23","23:00","0.581","-","1.57"
"2023/02/24","00:00","0.919","-","1.85"
"2023/02/24","01:00","1.103","-","1.99"
"2023/02/24","02:00","1.126","-","1.99"
"2023/02/24","03:00","1.004","-","1.95"
"2023/02/24","04:00","0.762","-","1.71"
"2023/02/24","05:00","0.451","-","1.41"
"2023/02/24","06:00","0.142","-","1.13"
"2023/02/24","07:00","-0.109","-","0.94"
"2023/02/24","08:00","-0.255","-","0.9"
"2023/02/24","09:00","-0.243","-","0.95"
"2023/02/24","10:00","-0.045","-","1.09"
"2023/02/24","11:00","0.281","-","1.51"
"2023/02/24","12:00","0.605","-","1.8"
"2023/02/24","13:00","0.821","-","1.98"
"2023/02/24","14:00","0.893","-","2"
"2023/02/24","15:00","0.829","-","1.85"
"2023/02/24","16:00","0.645","-","1.59"
"2023/02/24","17:00","0.378","-","1.25"
"2023/02/24","18:00","0.099","-","0.91"
"2023/02/24","19:00","-0.129","-","0.68"
"2023/02/24","20:00","-0.259","-","0.63"
"2023/02/24","21:00","-0.25","-","0.6"
"2023/02/24","22:00","-0.064","-","0.7"
"2023/02/24","23:00","0.273","-","0.94"
"2023/02/25","00:00","0.646","-","1.42"
"2023/02/25","01:00","0.932","-","1.7"
"2023/02/25","02:00","1.073","-","1.77"
"2023/02/25","03:00","1.074","-","1.76"
"2023/02/25","04:00","0.951","-","1.57"
"2023/02/25","05:00","0.727","-","1.37"
"2023/02/25","06:00","0.451","-","1.07"
"2023/02/25","07:00","0.181","-","0.76"
"2023/02/25","08:00","-0.038","-","0.54"
"2023/02/25","09:00","-0.166","-","0.46"
"2023/02/25","10:00","-0.151","-","0.53"
"2023/02/25","11:00","0.031","-","0.76"
"2023/02/25","12:00","0.316","-","1"
"2023/02/25","13:00","0.586","-","1.24"
"2023/02/25","14:00","0.753","-","1.41"
"2023/02/25","15:00","0.797","-","1.52"
"2023/02/25","16:00","0.728","-","1.38"
"2023/02/25","17:00","0.557","-","1.21"
"2023/02/25","18:00","0.322","-","1.05"
"2023/02/25","19:00","0.087","-","0.89"
"2023/02/25","20:00","-0.095","-","0.71"
"2023/02/25","21:00","-0.188","-","0.72"
"2023/02/25","22:00","-0.154","-","0.87"
"2023/02/25","23:00","0.038","-","1.06"
"2023/02/26","00:00","0.352","-","1.39"
"2023/02/26","01:00","0.678","-","1.66"
"2023/02/26","02:00","0.912","-","1.84"
"2023/02/26","03:00","1.018","-","1.95"
"2023/02/26","04:00","1.009","-","1.93"
"2023/02/26","05:00","0.897","-","1.79"
"2023/02/26","06:00","0.698","-","1.68"
"2023/02/26","07:00","0.458","-","1.46"
"2023/02/26","08:00","0.223","-","1.24"
"2023/02/26","09:00","0.029","-","1.04"
"2023/02/26","10:00","-0.087","-","0.94"
"2023/02/26","11:00","-0.072","-","0.98"
"2023/02/26","12:00","0.09","-","1.11"
"2023/02/26","13:00","0.335","-","1.28"
"2023/02/26","14:00","0.556","-","1.51"
"2023/02/26","15:00","0.688","-","1.66"
"2023/02/26","16:00","0.72","-","1.67"
"2023/02/26","17:00","0.657","-","1.57"
"2023/02/26","18:00","0.506","-","1.37"
"2023/02/26","19:00","0.302","-","1.16"
"2023/02/26","20:00","0.103","-","0.98"
"2023/02/26","21:00","-0.045","-","0.83"
"2023/02/26","22:00","-0.112","-","0.73"
"2023/02/26","23:00","-0.065","-","0.79"
"2023/02/27","00:00","0.121","-","0.93"
"2023/02/27","01:00","0.403","-","1.26"
"2023/02/27","02:00","0.68","-","1.59"
"2023/02/27","03:00","0.871","-","1.81"
"2023/02/27","04:00","0.957","-","1.82"
"2023/02/27","05:00","0.951","-","1.78"
"2023/02/27","06:00","0.855","-","1.61"
"2023/02/27","07:00","0.681","-","1.4"
"2023/02/27","08:00","0.468","-","1.16"
"2023/02/27","09:00","0.259","-","0.94"
"2023/02/27","10:00","0.082","-","0.79"
"2023/02/27","11:00","-0.026","-","0.74"
"2023/02/27","12:00","-0.014","-","0.74"
"2023/02/27","13:00","0.128","-","0.96"
"2023/02/27","14:00","0.339","-","1.17"
"2023/02/27","15:00","0.525","-","1.33"
"2023/02/27","16:00","0.639","-","1.4"
"2023/02/27","17:00","0.673","-","1.39"
"2023/02/27","18:00","0.623","-","1.4"
"2023/02/27","19:00","0.489","-","1.34"
"2023/02/27","20:00","0.305","-","1.36"
"2023/02/27","21:00","0.131","-","1.34"
"2023/02/27","22:00","0.006","-","1.31"
"2023/02/27","23:00","-0.047","-","1.52"
"2023/02/28","00:00","0.004","-","1.69"
"2023/02/28","01:00","0.177","-","1.88"
"2023/02/28","02:00","0.428","-","2.15"
"2023/02/28","03:00","0.666","-","2.44"
"2023/02/28","04:00","0.83","-","2.57"
"2023/02/28","05:00","0.913","-","2.54"
"2023/02/28","06:00","0.917","-","2.54"
"2023/02/28","07:00","0.834","-","2.56"
"2023/02/28","08:00","0.674","-","2.42"
"2023/02/28","09:00","0.476","-","2.23"
"2023/02/28","10:00","0.282","-","2.04"
"2023/02/28","11:00","0.114","-","1.87"
"2023/02/28","12:00","0.009","-","1.91"
"2023/02/28","13:00","0.018","-","1.99"
"2023/02/28","14:00","0.146","-","2.16"
"2023/02/28","15:00","0.335","-","2.3"
"2023/02/28","16:00","0.505","-","2.48"
"2023/02/28","17:00","0.618","-","2.54"
"2023/02/28","18:00","0.662","-","2.58"
"2023/02/28","19:00","0.621","-","2.54"
"2023/02/28","20:00","0.493","-","2.48"
"2023/02/28","21:00","0.319","-","2.34"
"2023/02/28","22:00","0.158","-","2.2"
"2023/02/28","23:00","0.044","-","2.08"
"2023/03/01","00:00","-0.003","-","2.07"
"2023/03/01","01:00","0.046","-","2.11"
"2023/03/01","02:00","0.207","-","2.3"
"2023/03/01","03:00","0.436","-","2.47"
"2023/03/01","04:00","0.653","-","2.62"
"2023/03/01","05:00","0.81","-","2.76"
"2023/03/01","06:00","0.899","-","2.85"
"2023/03/01","07:00","0.911","-","2.85"
"2023/03/01","08:00","0.83","-","2.77"
"2023/03/01","09:00","0.669","-","2.61"
"2023/03/01","10:00","0.475","-","2.4"
"2023/03/01","11:00","0.284","-","2.17"
"2023/03/01","12:00","0.118","-","2.03"
"2023/03/01","13:00","0.016","-","1.94"
"2023/03/01","14:00","0.025","-","1.87"
"2023/03/01","15:00","0.152","-","1.95"
"2023/03/01","16:00","0.338","-","2.07"
"2023/03/01","17:00","0.51","-","2.19"
"2023/03/01","18:00","0.633","-","2.28"
"2023/03/01","19:00","0.684","-","2.29"
"2023/03/01","20:00","0.641","-","2.26"
"2023/03/01","21:00","0.505","-","2.14"
"2023/03/01","22:00","0.328","-","2.01"
"2023/03/01","23:00","0.169","-","1.79"
"2023/03/02","00:00","0.058","-","1.68"
"2023/03/02","01:00","0.011","-","1.61"
"2023/03/02","02:00","0.06","-","1.66"
"2023/03/02","03:00","0.219","-","1.8"
"2023/03/02","04:00","0.444","-","2.01"
"2023/03/02","05:00","0.661","-","2.22"
"2023/03/02","06:00","0.823","-","2.36"
"2023/03/02","07:00","0.918","-","2.45"
"2023/03/02","08:00","0.927","-","2.42"
"2023/03/02","09:00","0.832","-","2.29"
"2023/03/02","10:00","0.658","-","2.03"
"2023/03/02","11:00","0.455","-","1.87"
"2023/03/02","12:00","0.259","-","1.58"
"2023/03/02","13:00","0.092","-","1.43"
"2023/03/02","14:00","-0.005","-","1.32"
"2023/03/02","15:00","0.019","-","1.5"
"2023/03/02","16:00","0.164","-","1.63"
"2023/03/02","17:00","0.365","-","1.75"
"2023/03/02","18:00","0.551","-","1.87"
"2023/03/02","19:00","0.682","-","2.01"
"2023/03/02","20:00","0.729","-","2.15"
"2023/03/02","21:00","0.667","-","2.09"
"2023/03/02","22:00","0.512","-","1.9"
"2023/03/02","23:00","0.323","-","1.7"
"2023/03/03","00:00","0.158","-","1.52"
"2023/03/03","01:00","0.042","-","1.37"
"2023/03/03","02:00","-0.004","-","1.31"
"2023/03/03","03:00","0.055","-","1.36"
"2023/03/03","04:00","0.231","-","1.55"
"2023/03/03","05:00","0.472","-","1.75"
"2023/03/03","06:00","0.7","-","1.97"
"2023/03/03","07:00","0.87","-","2.19"
"2023/03/03","08:00","0.96","-","2.22"
"2023/03/03","09:00","0.948","-","2.2"
"2023/03/03","10:00","0.826","-","2.05"
"2023/03/03","11:00","0.628","-","1.82"
"2023/03/03","12:00","0.409","-","1.71"
"2023/03/03","13:00","0.203","-","1.5"
"2023/03/03","14:00","0.037","-","1.42"
"2023/03/03","15:00","-0.041","-","1.36"
"2023/03/03","16:00","0.018","-","1.49"
"2023/03/03","17:00","0.201","-","1.78"
"2023/03/03","18:00","0.43","-","2.05"
"2023/03/03","19:00","0.629","-","2.2"
"2023/03/03","20:00","0.757","-","2.46"
"2023/03/03","21:00","0.782","-","2.36"
"2023/03/03","22:00","0.689","-","2.37"
"2023/03/03","23:00","0.504","-","2.17"
"2023/03/04","00:00","0.296","-","1.94"
"2023/03/04","01:00","0.12","-","1.82"
"2023/03/04","02:00","0","-","1.73"
"2023/03/04","03:00","-0.036","-","1.82"
"2023/03/04","04:00","0.052","-","1.96"
"2023/03/04","05:00","0.263","-","2.13"
"2023/03/04","06:00","0.53","-","2.41"
"2023/03/04","07:00","0.77","-","2.59"
"2023/03/04","08:00","0.935","-","2.74"
"2023/03/04","09:00","1.004","-","2.8"
"2023/03/04","10:00","0.957","-","2.6"
"2023/03/04","11:00","0.796","-","2.35"
"2023/03/04","12:00","0.567","-","2.08"
"2023/03/04","13:00","0.329","-","1.83"
"2023/03/04","14:00","0.118","-","1.63"
"2023/03/04","15:00","-0.034","-","1.49"
"2023/03/04","16:00","-0.069","-","1.54"
"2023/03/04","17:00","0.048","-","1.59"
"2023/03/04","18:00","0.28","-","1.85"
"2023/03/04","19:00","0.535","-","2.08"
"2023/03/04","20:00","0.735","-","2.25"
"2023/03/04","21:00","0.841","-","2.31"
"2023/03/04","22:00","0.829","-","2.2"
"2023/03/04","23:00","0.694","-","1.99"
"2023/03/05","00:00","0.476","-","1.68"
"2023/03/05","01:00","0.246","-","1.42"
"2023/03/05","02:00","0.06","-","1.15"
"2023/03/05","03:00","-0.055","-","1.04"
"2023/03/05","04:00","-0.063","-","1.04"
"2023/03/05","05:00","0.072","-","1.24"
"2023/03/05","06:00","0.327","-","1.52"
"2023/03/05","07:00","0.619","-","1.8"
"2023/03/05","08:00","0.856","-","2.02"
"2023/03/05","09:00","0.998","-","2.14"
"2023/03/05","10:00","1.028","-","2.19"
"2023/03/05","11:00","0.934","-","2.11"
"2023/03/05","12:00","0.729","-","1.95"
"2023/03/05","13:00","0.469","-","1.71"
"2023/03/05","14:00","0.218","-","1.49"
"2023/03/05","15:00","0.016","-","1.34"
"2023/03/05","16:00","-0.096","-","1.3"
"2023/03/05","17:00","-0.065","-","1.38"
"2023/03/05","18:00","0.123","-","1.55"
"2023/03/05","19:00","0.404","-","1.85"
"2023/03/05","20:00","0.67","-","2.14"
"2023/03/05","21:00","0.85","-","2.31"
"2023/03/05","22:00","0.917","-","2.38"
"2023/03/05","23:00","0.857","-","2.3"
"2023/03/06","00:00","0.675","-","2.09"
"2023/03/06","01:00","0.423","-","1.83"
"2023/03/06","02:00","0.176","-","1.61"
"2023/03/06","03:00","-0.01","-","1.43"
"2023/03/06","04:00","-0.102","-","1.3"
"2023/03/06","05:00","-0.062","-","1.34"
"2023/03/06","06:00","0.129","-","1.53"
"2023/03/06","07:00","0.426","-","1.83"
"2023/03/06","08:00","0.724","-","2.12"
"2023/03/06","09:00","0.938","-","2.32"
"2023/03/06","10:00","1.037","-","2.44"
"2023/03/06","11:00","1.016","-","2.4"
"2023/03/06","12:00","0.869","-","2.2"
"2023/03/06","13:00","0.622","-","1.92"
"2023/03/06","14:00","0.34","-","1.6"
"2023/03/06","15:00","0.092","-","1.31"
"2023/03/06","16:00","-0.077","-","1.15"
"2023/03/06","17:00","-0.125","-","1.08"
"2023/03/06","18:00","-0.012","-","1.11"
"2023/03/06","19:00","0.248","-","1.34"
"2023/03/06","20:00","0.559","-","1.61"
"2023/03/06","21:00","0.814","-","1.88"
"2023/03/06","22:00","0.954","-","2.01"
"2023/03/06","23:00","0.969","-","2.01"
"2023/03/07","00:00","0.855","-","1.86"
"2023/03/07","01:00","0.628","-","1.59"
"2023/03/07","02:00","0.349","-","1.28"
"2023/03/07","03:00","0.098","-","1.02"
"2023/03/07","04:00","-0.07","-","0.86"
"2023/03/07","05:00","-0.12","-","0.96"
"2023/03/07","06:00","-0.022","-","1.04"
"2023/03/07","07:00","0.224","-","1.19"
"2023/03/07","08:00","0.543","-","1.57"
"2023/03/07","09:00","0.825","-","1.91"
"2023/03/07","10:00","0.994","-","1.98"
"2023/03/07","11:00","1.039","-","1.92"
"2023/03/07","12:00","0.96","-","1.85"
"2023/03/07","13:00","0.763","-","1.47"
"2023/03/07","14:00","0.484","-","1.24"
"2023/03/07","15:00","0.197","-","0.89"
"2023/03/07","16:00","-0.024","-","0.6"
"2023/03/07","17:00","-0.136","-","0.49"
"2023/03/07","18:00","-0.102","-","0.5"
"2023/03/07","19:00","0.095","-","0.71"
"2023/03/07","20:00","0.408","-","0.99"
"2023/03/07","21:00","0.726","-","1.38"
"2023/03/07","22:00","0.946","-","1.58"
"2023/03/07","23:00","1.032","-","1.73"
"2023/03/08","00:00","0.988","-","1.68"
"2023/03/08","01:00","0.821","-","1.48"
"2023/03/08","02:00","0.557","-","1.17"
"2023/03/08","03:00","0.265","-","0.8"
"2023/03/08","04:00","0.028","-","0.48"
"2023/03/08","05:00","-0.103","-","0.48"
"2023/03/08","06:00","-0.099","-","0.41"
"2023/03/08","07:00","0.057","-","0.56"
"2023/03/08","08:00","0.341","-","0.79"
"2023/03/08","09:00","0.66","-","1.04"
"2023/03/08","10:00","0.903","-","1.39"
"2023/03/08","11:00","1.015","-","1.54"
"2023/03/08","12:00","0.998","-","1.56"
"2023/03/08","13:00","0.865","-","1.44"
"2023/03/08","14:00","0.627","-","1.2"
"2023/03/08","15:00","0.333","-","0.89"
"2023/03/08","16:00","0.066","-","0.56"
"2023/03/08","17:00","-0.106","-","0.4"
"2023/03/08","18:00","-0.144","-","0.38"
"2023/03/08","19:00","-0.027","-","0.59"
"2023/03/08","20:00","0.24","-","0.93"
"2023/03/08","21:00","0.583","-","1.27"
"2023/03/08","22:00","0.881","-","1.52"
"2023/03/08","23:00","1.049","-","1.63"
"2023/03/09","00:00","1.072","-","1.71"
"2023/03/09","01:00","0.97","-","1.74"
"2023/03/09","02:00","0.758","-","1.69"
"2023/03/09","03:00","0.472","-","1.53"
"2023/03/09","04:00","0.187","-","1.29"
"2023/03/09","05:00","-0.017","-","1.1"
"2023/03/09","06:00","-0.1","-","1.04"
"2023/03/09","07:00","-0.043","-","1.15"
"2023/03/09","08:00","0.159","-","1.37"
"2023/03/09","09:00","0.46","-","1.73"
"2023/03/09","10:00","0.757","-","2.04"
"2023/03/09","11:00","0.947","-","2.24"
"2023/03/09","12:00","0.996","-","2.31"
"2023/03/09","13:00","0.922","-","2.24"
"2023/03/09","14:00","0.743","-","2.06"
"2023/03/09","15:00","0.482","-","1.78"
"2023/03/09","16:00","0.196","-","1.46"
"2023/03/09","17:00","-0.031","-","1.25"
"2023/03/09","18:00","-0.139","-","1.12"
"2023/03/09","19:00","-0.102","-","1.18"
"2023/03/09","20:00","0.087","-","1.43"
"2023/03/09","21:00","0.401","-","1.77"
"2023/03/09","22:00","0.748","-","2.11"
"2023/03/09","23:00","1.008","-","2.32"
"2023/03/10","00:00","1.114","-","2.47"
"2023/03/10","01:00","1.075","-","2.48"
"2023/03/10","02:00","0.922","-","2.37"
"2023/03/10","03:00","0.679","-","2.16"
"2023/03/10","04:00","0.39","-","1.86"
"2023/03/10","05:00","0.131","-","1.63"
"2023/03/10","06:00","-0.031","-","1.49"
"2023/03/10","07:00","-0.067","-","1.47"
"2023/03/10","08:00","0.034","-","1.56"
"2023/03/10","09:00","0.263","-","1.83"
"2023/03/10","10:00","0.562","-","2.16"
"2023/03/10","11:00","0.822","-","2.48"
"2023/03/10","12:00","0.953","-","2.64"
"2023/03/10","13:00","0.943","-","2.63"
"2023/03/10","14:00","0.823","-","2.54"
"2023/03/10","15:00","0.616","-","2.29"
"2023/03/10","16:00","0.352","-","2.01"
"2023/03/10","17:00","0.094","-","1.78"
"2023/03/10","18:00","-0.081","-","1.61"
"2023/03/10","19:00","-0.124","-","1.59"
"2023/03/10","20:00","-0.024","-","1.78"
"2023/03/10","21:00","0.217","-","2.04"
"2023/03/10","22:00","0.555","-","2.4"
"2023/03/10","23:00","0.886","-","2.71"
"2023/03/11","00:00","1.096","-","2.91"
"2023/03/11","01:00","1.14","-","3.01"
"2023/03/11","02:00","1.048","-","2.89"
"2023/03/11","03:00","0.86","-","2.7"
"2023/03/11","04:00","0.605","-","2.41"
"2023/03/11","05:00","0.329","-","2.19"
"2023/03/11","06:00","0.104","-","1.87"
"2023/03/11","07:00","-0.018","-","1.66"
"2023/03/11","08:00","-0.017","-","1.64"
"2023/03/11","09:00","0.11","-","1.63"
"2023/03/11","10:00","0.351","-","1.76"
"2023/03/11","11:00","0.634","-","1.94"
"2023/03/11","12:00","0.851","-","2.13"
"2023/03/11","13:00","0.928","-","2.2"
"2023/03/11","14:00","0.871","-","2.03"
"2023/03/11","15:00","0.72","-","1.84"
"2023/03/11","16:00","0.505","-","1.53"
"2023/03/11","17:00","0.256","-","1.25"
"2023/03/11","18:00","0.036","-","1.04"
"2023/03/11","19:00","-0.086","-","0.87"
"2023/03/11","20:00","-0.078","-","0.88"
"2023/03/11","21:00","0.068","-","1.07"
"2023/03/11","22:00","0.341","-","1.4"
"2023/03/11","23:00","0.685","-","1.7"
"2023/03/12","00:00","0.987","-","2"
"2023/03/12","01:00","1.145","-","2.13"
"2023/03/12","02:00","1.137","-","2.21"
"2023/03/12","03:00","1.008","-","2.2"
"2023/03/12","04:00","0.804","-","2"
"2023/03/12","05:00","0.553","-","1.79"
"2023/03/12","06:00","0.3","-","1.56"
"2023/03/12","07:00","0.106","-","1.39"
"2023/03/12","08:00","0.013","-","1.38"
"2023/03/12","09:00","0.033","-","1.41"
"2023/03/12","10:00","0.173","-","1.66"
"2023/03/12","11:00","0.412","-","1.94"
"2023/03/12","12:00","0.672","-","2.23"
"2023/03/12","13:00","0.847","-","2.38"
"2023/03/12","14:00","0.88","-","2.44"
"2023/03/12","15:00","0.794","-","2.41"
"2023/03/12","16:00","0.635","-","2.32"
"2023/03/12","17:00","0.428","-","2.16"
"2023/03/12","18:00","0.203","-","1.96"
"2023/03/12","19:00","0.019","-","1.8"
"2023/03/12","20:00","-0.064","-","1.75"
"2023/03/12","21:00","-0.021","-","1.87"
"2023/03/12","22:00","0.152","-","2.1"
"2023/03/12","23:00","0.44","-","2.44"
"2023/03/13","00:00","0.777","-","2.79"
"2023/03/13","01:00","1.047","-","3.09"
"2023/03/13","02:00","1.161","-","3.2"
"2023/03/13","03:00","1.119","-","3.24"
"2023/03/13","04:00","0.976","-","3.17"
"2023/03/13","05:00","0.774","-","3"
"2023/03/13","06:00","0.536","-","2.8"
"2023/03/13","07:00","0.303","-","2.54"
"2023/03/13","08:00","0.128","-","2.38"
"2023/03/13","09:00","0.046","-","2.3"
"2023/03/13","10:00","0.072","-","2.3"
"2023/03/13","11:00","0.212","-","2.42"
"2023/03/13","12:00","0.442","-","2.6"
"2023/03/13","13:00","0.678","-","2.79"
"2023/03/13","14:00","0.819","-","2.89"
"2023/03/13","15:00","0.827","-","2.91"
"2023/03/13","16:00","0.734","-","2.82"
"2023/03/13","17:00","0.583","-","2.61"
"2023/03/13","18:00","0.392","-","2.4"
"2023/03/13","19:00","0.189","-","2.2"
"2023/03/13","20:00","0.03","-","2.01"
"2023/03/13","21:00","-0.032","-","1.9"
"2023/03/13","22:00","0.027","-","1.94"
"2023/03/13","23:00","0.211","-","2.1"
"2023/03/14","00:00","0.502","-","2.41"
"2023/03/14","01:00","0.825","-","2.81"
"2023/03/14","02:00","1.068","-","3.02"
"2023/03/14","03:00","1.155","-","3.06"
"2023/03/14","04:00","1.104","-","2.99"
"2023/03/14","05:00","0.968","-","2.78"
"2023/03/14","06:00","0.779","-","2.35"
"2023/03/14","07:00","0.553","-","1.94"
"2023/03/14","08:00","0.329","-","1.59"
"2023/03/14","09:00","0.158","-","1.29"
"2023/03/14","10:00","0.073","-","1.19"
"2023/03/14","11:00","0.091","-","1.18"
"2023/03/14","12:00","0.223","-","1.31"
"2023/03/14","13:00","0.441","-","1.52"
"2023/03/14","14:00","0.66","-","1.75"
"2023/03/14","15:00","0.784","-","1.84"
"2023/03/14","16:00","0.788","-","1.82"
"2023/03/14","17:00","0.708","-","1.66"
"2023/03/14","18:00","0.575","-","1.46"
"2023/03/14","19:00","0.397","-","1.16"
"2023/03/14","20:00","0.203","-","0.88"
"2023/03/14","21:00","0.052","-","0.65"
"2023/03/14","22:00","-0.006","-","0.48"
"2023/03/14","23:00","0.052","-","0.37"
"2023/03/15","00:00","0.234","-","0.43"
"2023/03/15","01:00","0.519","-","0.54"
"2023/03/15","02:00","0.831","-","0.72"
"2023/03/15","03:00","1.06","-","0.89"
"2023/03/15","04:00","1.146","-","0.93"
"2023/03/15","05:00","1.108","-","0.86"
"2023/03/15","06:00","0.993","-","0.68"
"2023/03/15","07:00","0.817","-","0.4"
"2023/03/15","08:00","0.594","-","0.08"
"2023/03/15","09:00","0.365","-","-0.14"
"2023/03/15","10:00","0.183","-","-0.3"
"2023/03/15","11:00","0.082","-","-0.51"
"2023/03/15","12:00","0.085","-","-0.53"
"2023/03/15","13:00","0.206","-","-0.46"
"2023/03/15","14:00","0.418","-","-0.23"
"2023/03/15","15:00","0.632","-","0.01"
"2023/03/15","16:00","0.761","-","0.17"
"2023/03/15","17:00","0.784","-","0.14"
"2023/03/15","18:00","0.727","-","0.12"
"2023/03/15","19:00","0.609","-","0.08"
"2023/03/15","20:00","0.432","-","-0.07"
"2023/03/15","21:00","0.233","-","-0.27"
"2023/03/15","22:00","0.073","-","-0.42"
"2023/03/15","23:00","0.002","-","-0.52"
"2023/03/16","00:00","0.045","-","-0.45"
"2023/03/16","01:00","0.215","-","-0.21"
"2023/03/16","02:00","0.494","-","0.17"
"2023/03/16","03:00","0.804","-","0.47"
"2023/03/16","04:00","1.04","-","0.64"
"2023/03/16","05:00","1.146","-","0.76"
"2023/03/16","06:00","1.138","-","0.81"
"2023/03/16","07:00","1.045","-","0.77"
"2023/03/16","08:00","0.874","-","0.71"
"2023/03/16","09:00","0.64","-","0.58"
"2023/03/16","10:00","0.394","-","0.46"
"2023/03/16","11:00","0.191","-","0.39"
"2023/03/16","12:00","0.067","-","0.43"
"2023/03/16","13:00","0.051","-","0.53"
"2023/03/16","14:00","0.167","-","0.76"
"2023/03/16","15:00","0.385","-","1.01"
"2023/03/16","16:00","0.616","-","1.2"
"2023/03/16","17:00","0.771","-","1.38"
"2023/03/16","18:00","0.825","-","1.44"
"2023/03/16","19:00","0.792","-","1.47"
"2023/03/16","20:00","0.677","-","1.43"
"2023/03/16","21:00","0.487","-","1.32"
"2023/03/16","22:00","0.267","-","1.21"
"2023/03/16","23:00","0.084","-","1.02"
"2023/03/17","00:00","-0.013","-","0.96"
"2023/03/17","01:00","0.005","-","1.01"
"2023/03/17","02:00","0.159","-","1.21"
"2023/03/17","03:00","0.438","-","1.49"
"2023/03/17","04:00","0.763","-","1.81"
"2023/03/17","05:00","1.025","-","2.04"
"2023/03/17","06:00","1.166","-","2.22"
"2023/03/17","07:00","1.189","-","2.2"
"2023/03/17","08:00","1.109","-","2.11"
"2023/03/17","09:00","0.929","-","1.86"
"2023/03/17","10:00","0.674","-","1.58"
"2023/03/17","11:00","0.403","-","1.37"
"2023/03/17","12:00","0.173","-","1.2"
"2023/03/17","13:00","0.022","-","1"
"2023/03/17","14:00","-0.006","-","1.01"
"2023/03/17","15:00","0.119","-","1.09"
"2023/03/17","16:00","0.365","-","1.36"
"2023/03/17","17:00","0.633","-","1.59"
"2023/03/17","18:00","0.828","-","1.75"
"2023/03/17","19:00","0.914","-","1.85"
"2023/03/17","20:00","0.893","-","1.76"
"2023/03/17","21:00","0.766","-","1.59"
"2023/03/17","22:00","0.549","-","1.38"
"2023/03/17","23:00","0.298","-","1.16"
"2023/03/18","00:00","0.081","-","0.97"
"2023/03/18","01:00","-0.052","-","0.83"
"2023/03/18","02:00","-0.064","-","0.77"
"2023/03/18","03:00","0.081","-","1.11"
"2023/03/18","04:00","0.375","-","1.39"
"2023/03/18","05:00","0.73","-","1.73"
"2023/03/18","06:00","1.028","-","1.99"
"2023/03/18","07:00","1.202","-","2.1"
"2023/03/18","08:00","1.245","-","2.18"
"2023/03/18","09:00","1.162","-","2.06"
"2023/03/18","10:00","0.961","-","1.79"
"2023/03/18","11:00","0.678","-","1.33"
"2023/03/18","12:00","0.378","-","0.98"
"2023/03/18","13:00","0.121","-","0.73"
"2023/03/18","14:00","-0.048","-","0.6"
"2023/03/18","15:00","-0.073","-","0.62"
"2023/03/18","16:00","0.084","-","0.76"
"2023/03/18","17:00","0.379","-","1.06"
"2023/03/18","18:00","0.697","-","1.36"
"2023/03/18","19:00","0.93","-","1.62"
"2023/03/18","20:00","1.036","-","1.7"
"2023/03/18","21:00","1.011","-","1.72"
"2023/03/18","22:00","0.859","-","1.55"
"2023/03/18","23:00","0.606","-","1.31"
"2023/03/19","00:00","0.316","-","1.03"
"2023/03/19","01:00","0.06","-","0.89"
"2023/03/19","02:00","-0.11","-","0.74"
"2023/03/19","03:00","-0.144","-","0.77"
"2023/03/19","04:00","0.006","-","0.9"
"2023/03/19","05:00","0.328","-","1.24"
"2023/03/19","06:00","0.72","-","1.64"
"2023/03/19","07:00","1.05","-","2.01"
"2023/03/19","08:00","1.243","-","2.2"
"2023/03/19","09:00","1.287","-","2.25"
"2023/03/19","10:00","1.186","-","2.15"
"2023/03/19","11:00","0.955","-","1.89"
"2023/03/19","12:00","0.642","-","1.44"
"2023/03/19","13:00","0.316","-","0.95"
"2023/03/19","14:00","0.039","-","0.65"
"2023/03/19","15:00","-0.131","-","0.48"
"2023/03/19","16:00","-0.127","-","0.5"
"2023/03/19","17:00","0.085","-","0.68"
"2023/03/19","18:00","0.441","-","0.98"
"2023/03/19","19:00","0.805","-","1.32"
"2023/03/19","20:00","1.062","-","1.55"
"2023/03/19","21:00","1.17","-","1.6"
"2023/03/19","22:00","1.125","-","1.53"
"2023/03/19","23:00","0.938","-","1.34"
"2023/03/20","00:00","0.645","-","0.98"
"2023/03/20","01:00","0.317","-","0.59"
"2023/03/20","02:00","0.025","-","0.4"
"2023/03/20","03:00","-0.173","-","0.23"
"2023/03/20","04:00","-0.212","-","0.23"
"2023/03/20","05:00","-0.04","-","0.37"
"2023/03/20","06:00","0.318","-","0.72"
"2023/03/20","07:00","0.739","-","1.12"
"2023/03/20","08:00","1.081","-","1.39"
"2023/03/20","09:00","1.272","-","1.53"
"2023/03/20","10:00","1.298","-","1.5"
"2023/03/20","11:00","1.169","-","1.39"
"2023/03/20","12:00","0.905","-","1.09"
"2023/03/20","13:00","0.564","-","0.73"
"2023/03/20","14:00","0.222","-","0.37"
"2023/03/20","15:00","-0.055","-","0.13"
"2023/03/20","16:00","-0.201","-","0.02"
"2023/03/20","17:00","-0.144","-","0.09"
"2023/03/20","18:00","0.136","-","0.4"
"2023/03/20","19:00","0.548","-","0.77"
"2023/03/20","20:00","0.94","-","1.1"
"2023/03/20","21:00","1.199","-","1.3"
"2023/03/20","22:00","1.289","-","1.35"
"2023/03/20","23:00","1.213","-","1.28"
"2023/03/21","00:00","0.987","-","1.05"
"2023/03/21","01:00","0.658","-","0.73"
"2023/03/21","02:00","0.3","-","0.43"
"2023/03/21","03:00","-0.015","-","0.19"
"2023/03/21","04:00","-0.22","-","0.02"
"2023/03/21","05:00","-0.244","-","0.03"
"2023/03/21","06:00","-0.039","-","0.16"
"2023/03/21","07:00","0.348","-","0.57"
"2023/03/21","08:00","0.778","-","0.95"
"2023/03/21","09:00","1.109","-","1.24"
"2023/03/21","10:00","1.275","-","1.37"
"2023/03/21","11:00","1.271","-","1.36"
"2023/03/21","12:00","1.107","-","1.2"
"2023/03/21","13:00","0.814","-","0.89"
"2023/03/21","14:00","0.457","-","0.5"
"2023/03/21","15:00","0.118","-","0.16"
"2023/03/21","16:00","-0.136","-","-0.05"
"2023/03/21","17:00","-0.234","-","-0.12"
"2023/03/21","18:00","-0.109","-","-0.03"
"2023/03/21","19:00","0.234","-","0.33"
"2023/03/21","20:00","0.682","-","0.78"
"2023/03/21","21:00","1.075","-","1.11"
"2023/03/21","22:00","1.312","-","1.27"
"2023/03/21","23:00","1.37","-","1.25"
"2023/03/22","00:00","1.257","-","1.2"
"2023/03/22","01:00","0.997","-","0.98"
"2023/03/22","02:00","0.642","-","0.65"
"2023/03/22","03:00","0.271","-","0.34"
"2023/03/22","04:00","-0.043","-","0.1"
"2023/03/22","05:00","-0.233","-","-0.04"
"2023/03/22","06:00","-0.227","-","-0.01"
"2023/03/22","07:00","0.01","-","0.21"
"2023/03/22","08:00","0.409","-","0.63"
"2023/03/22","09:00","0.823","-","1.04"
"2023/03/22","10:00","1.12","-","1.33"
"2023/03/22","11:00","1.248","-","1.41"
"2023/03/22","12:00","1.206","-","1.35"
"2023/03/22","13:00","1.01","-","1.16"
"2023/03/22","14:00","0.697","-","0.8"
"2023/03/22","15:00","0.343","-","0.47"
"2023/03/22","16:00","0.028","-","0.17"
"2023/03/22","17:00","-0.179","-","-0.01"
"2023/03/22","18:00","-0.213","-","-0.07"
"2023/03/22","19:00","-0.023","-","0.11"
"2023/03/22","20:00","0.363","-","0.58"
"2023/03/22","21:00","0.816","-","1.03"
"2023/03/22","22:00","1.183","-","1.34"
"2023/03/22","23:00","1.38","-","1.5"
"2023/03/23","00:00","1.399","-","1.51"
"2023/03/23","01:00","1.252","-","1.44"
"2023/03/23","02:00","0.966","-","1.2"
"2023/03/23","03:00","0.604","-","0.86"
"2023/03/23","04:00","0.244","-","0.52"
"2023/03/23","05:00","-0.045","-","0.24"
"2023/03/23","06:00","-0.202","-","0.14"
"2023/03/23","07:00","-0.162","-","0.18"
"2023/03/23","08:00","0.094","-","0.45"
"2023/03/23","09:00","0.484","-","0.87"
"2023/03/23","10:00","0.86","-","1.26"
"2023/03/23","11:00","1.108","-","1.5"
"2023/03/23","12:00","1.191","-","1.57"
"2023/03/23","13:00","1.113","-","1.45"
"2023/03/23","14:00","0.893","-","1.28"
"2023/03/23","15:00","0.577","-","0.97"
"2023/03/23","16:00","0.247","-","0.58"
"2023/03/23","17:00","-0.021","-","0.39"
"2023/03/23","18:00","-0.169","-","0.27"
"2023/03/23","19:00","-0.141","-","0.31"
"2023/03/23","20:00","0.097","-","0.56"
"2023/03/23","21:00","0.498","-","1.02"
"2023/03/23","22:00","0.927","-","1.44"
"2023/03/23","23:00","1.246","-","1.74"
"2023/03/24","00:00","1.395","-","1.81"
"2023/03/24","01:00","1.373","-","1.79"
"2023/03/24","02:00","1.2","-","1.63"
"2023/03/24","03:00","0.907","-","1.35"
"2023/03/24","04:00","0.56","-","1.04"
"2023/03/24","05:00","0.233","-","0.76"
"2023/03/24","06:00","-0.016","-","0.58"
"2023/03/24","07:00","-0.134","-","0.42"
"2023/03/24","08:00","-0.067","-","0.49"
"2023/03/24","09:00","0.193","-","0.7"
"2023/03/24","10:00","0.555","-","1.1"
"2023/03/24","11:00","0.88","-","1.52"
"2023/03/24","12:00","1.074","-","1.76"
"2023/03/24","13:00","1.114","-","1.64"
"2023/03/24","14:00","1.007","-","1.51"
"2023/03/24","15:00","0.777","-","1.35"
"2023/03/24","16:00","0.478","-","1.11"
"2023/03/24","17:00","0.19","-","0.9"
"2023/03/24","18:00","-0.021","-","0.76"
"2023/03/24","19:00","-0.11","-","0.68"
"2023/03/24","20:00","-0.034","-","0.84"
"2023/03/24","21:00","0.228","-","1.18"
"2023/03/24","22:00","0.617","-","1.56"
"2023/03/24","23:00","1","-","1.85"
"2023/03/25","00:00","1.26","-","2.05"
"2023/03/25","01:00","1.358","-","2.15"
"2023/03/25","02:00","1.304","-","2.04"
"2023/03/25","03:00","1.118","-","1.89"
"2023/03/25","04:00","0.837","-","1.63"
"2023/03/25","05:00","0.525","-","1.3"
"2023/03/25","06:00","0.245","-","1.03"
"2023/03/25","07:00","0.041","-","0.84"
"2023/03/25","08:00","-0.044","-","0.87"
"2023/03/25","09:00","0.039","-","0.96"
"2023/03/25","10:00","0.288","-","1.24"
"2023/03/25","11:00","0.61","-","1.53"
"2023/03/25","12:00","0.879","-","1.81"
"2023/03/25","13:00","1.022","-","1.94"
"2023/03/25","14:00","1.027","-","1.97"
"2023/03/25","15:00","0.906","-","1.89"
"2023/03/25","16:00","0.683","-","1.76"
"2023/03/25","17:00","0.416","-","1.45"
"2023/03/25","18:00","0.179","-","1.25"
"2023/03/25","19:00","0.023","-","1.07"
"2023/03/25","20:00","-0.02","-","1.09"
"2023/03/25","21:00","0.085","-","1.2"
"2023/03/25","22:00","0.349","-","1.47"
"2023/03/25","23:00","0.706","-","1.79"
"2023/03/26","00:00","1.031","-","2.07"
"2023/03/26","01:00","1.23","-","2.27"
"2023/03/26","02:00","1.285","-","2.29"
"2023/03/26","03:00","1.212","-","2.27"
"2023/03/26","04:00","1.03","-","2.05"
"2023/03/26","05:00","0.777","-","1.82"
"2023/03/26","06:00","0.509","-","1.51"
"2023/03/26","07:00","0.276","-","1.3"
"2023/03/26","08:00","0.11","-","1.11"
"2023/03/26","09:00","0.049","-","1.08"
"2023/03/26","10:00","0.137","-","1.13"
"2023/03/26","11:00","0.367","-","1.39"
"2023/03/26","12:00","0.644","-","1.71"
"2023/03/26","13:00","0.86","-","1.96"
"2023/03/26","14:00","0.961","-","2.03"
"2023/03/26","15:00","0.945","-","1.94"
"2023/03/26","16:00","0.824","-","1.8"
"2023/03/26","17:00","0.622","-","1.54"
"2023/03/26","18:00","0.394","-","1.31"
"2023/03/26","19:00","0.205","-","1.18"
"2023/03/26","20:00","0.092","-","1.05"
"2023/03/26","21:00","0.078","-","1.13"
"2023/03/26","22:00","0.196","-","1.21"
"2023/03/26","23:00","0.447","-","1.47"
"2023/03/27","00:00","0.761","-","1.76"
"2023/03/27","01:00","1.026","-","2.03"
"2023/03/27","02:00","1.172","-","2.14"
"2023/03/27","03:00","1.198","-","2.12"
"2023/03/27","04:00","1.121","-","2.02"
"2023/03/27","05:00","0.958","-","1.78"
"2023/03/27","06:00","0.738","-","1.52"
"2023/03/27","07:00","0.511","-","1.25"
"2023/03/27","08:00","0.316","-","1.08"
"2023/03/27","09:00","0.176","-","0.96"
"2023/03/27","10:00","0.129","-","0.92"
"2023/03/27","11:00","0.217","-","0.97"
"2023/03/27","12:00","0.423","-","1.2"
"2023/03/27","13:00","0.658","-","1.4"
"2023/03/27","14:00","0.829","-","1.57"
"2023/03/27","15:00","0.903","-","1.57"
"2023/03/27","16:00","0.882","-","1.5"
"2023/03/27","17:00","0.773","-","1.33"
"2023/03/27","18:00","0.596","-","1.17"
"2023/03/27","19:00","0.403","-","1.03"
"2023/03/27","20:00","0.249","-","0.89"
"2023/03/27","21:00","0.164","-","0.8"
"2023/03/27","22:00","0.166","-","0.82"
"2023/03/27","23:00","0.284","-","0.97"
"2023/03/28","00:00","0.514","-","1.16"
"2023/03/28","01:00","0.784","-","1.48"
"2023/03/28","02:00","0.997","-","1.66"
"2023/03/28","03:00","1.106","-","1.75"
"2023/03/28","04:00","1.121","-","1.73"
"2023/03/28","05:00","1.055","-","1.68"
"2023/03/28","06:00","0.913","-","1.6"
"2023/03/28","07:00","0.721","-","1.34"
"2023/03/28","08:00","0.524","-","1.13"
"2023/03/28","09:00","0.353","-","0.98"
"2023/03/28","10:00","0.228","-","0.91"
"2023/03/28","11:00","0.189","-","0.93"
"2023/03/28","12:00","0.272","-","0.98"
"2023/03/28","13:00","0.456","-","1.24"
"2023/03/28","14:00","0.656","-","1.44"
"2023/03/28","15:00","0.798","-","1.54"
"2023/03/28","16:00","0.862","-","1.61"
"2023/03/28","17:00","0.848","-","1.59"
"2023/03/28","18:00","0.755","-","1.47"
"2023/03/28","19:00","0.597","-","1.33"
"2023/03/28","20:00","0.426","-","1.2"
"2023/03/28","21:00","0.293","-","1.08"
"2023/03/28","22:00","0.222","-","1.05"
"2023/03/28","23:00","0.23","-","1.04"
"2023/03/29","00:00","0.343","-","1.23"
"2023/03/29","01:00","0.551","-","1.52"
"2023/03/29","02:00","0.783","-","1.74"
"2023/03/29","03:00","0.96","-","1.85"
"2023/03/29","04:00","1.053","-","1.9"
"2023/03/29","05:00","1.073","-","1.97"
"2023/03/29","06:00","1.021","-","1.92"
"2023/03/29","07:00","0.895","-","1.72"
"2023/03/29","08:00","0.718","-","1.59"
"2023/03/29","09:00","0.534","-","1.4"
"2023/03/29","10:00","0.374","-","1.21"
"2023/03/29","11:00","0.257","-","1.06"
"2023/03/29","12:00","0.223","-","1.02"
"2023/03/29","13:00","0.304","-","1.03"
"2023/03/29","14:00","0.473","-","1.2"
"2023/03/29","15:00","0.652","-","1.34"
"2023/03/29","16:00","0.783","-","1.47"
"2023/03/29","17:00","0.851","-","1.47"
"2023/03/29","18:00","0.848","-","1.45"
"2023/03/29","19:00","0.763","-","1.32"
"2023/03/29","20:00","0.611","-","1.15"
"2023/03/29","21:00","0.448","-","1.04"
"2023/03/29","22:00","0.323","-","0.88"
"2023/03/29","23:00","0.257","-","0.78"
"2023/03/30","00:00","0.265","-","0.81"
"2023/03/30","01:00","0.372","-","0.99"
"2023/03/30","02:00","0.563","-","1.23"
"2023/03/30","03:00","0.772","-","1.55"
"2023/03/30","04:00","0.933","-","1.98"
"2023/03/30","05:00","1.028","-","2.15"
"2023/03/30","06:00","1.06","-","2.01"
"2023/03/30","07:00","1.017","-","1.86"
"2023/03/30","08:00","0.891","-","1.75"
"2023/03/30","09:00","0.713","-","1.52"
"2023/03/30","10:00","0.531","-","1.19"
"2023/03/30","11:00","0.373","-","0.92"
"2023/03/30","12:00","0.26","-","0.8"
"2023/03/30","13:00","0.233","-","0.77"
"2023/03/30","14:00","0.319","-","0.8"
"2023/03/30","15:00","0.486","-","0.87"
"2023/03/30","16:00","0.662","-","1"
"2023/03/30","17:00","0.798","-","1.06"
"2023/03/30","18:00","0.876","-","1.13"
"2023/03/30","19:00","0.878","-","1.1"
"2023/03/30","20:00","0.787","-","1.07"
"2023/03/30","21:00","0.626","-","0.88"
"2023/03/30","22:00","0.458","-","0.68"
"2023/03/30","23:00","0.332","-","0.55"
"2023/03/31","00:00","0.263","-","0.45"
"2023/03/31","01:00","0.27","-","0.52"
"2023/03/31","02:00","0.376","-","0.68"
"2023/03/31","03:00","0.563","-","0.94"
"2023/03/31","04:00","0.768","-","1.15"
"2023/03/31","05:00","0.932","-","1.29"
"2023/03/31","06:00","1.038","-","1.38"
"2023/03/31","07:00","1.077","-","1.42"
"2023/03/31","08:00","1.027","-","1.38"
"2023/03/31","09:00","0.886","-","1.24"
"2023/03/31","10:00","0.694","-","1.04"
"2023/03/31","11:00","0.504","-","0.9"
"2023/03/31","12:00","0.344","-","0.76"
"2023/03/31","13:00","0.237","-","0.7"
"2023/03/31","14:00","0.224","-","0.71"
"2023/03/31","15:00","0.329","-","0.81"
"2023/03/31","16:00","0.513","-","1.06"
"2023/03/31","17:00","0.703","-","1.28"
"2023/03/31","18:00","0.852","-","1.32"
"2023/03/31","19:00","0.935","-","1.35"
"2023/03/31","20:00","0.926","-","1.26"
"2023/03/31","21:00","0.813","-","1.04"
"2023/03/31","22:00","0.631","-","1.01"
"2023/03/31","23:00","0.45","-","0.83"
"2023/04/01","00:00","0.315","-","0.6"
"2023/04/01","01:00","0.241","-","0.47"
"2023/04/01","02:00","0.25","-","0.5"
"2023/04/01","03:00","0.366","-","0.63"
"2023/04/01","04:00","0.567","-","0.8"
"2023/04/01","05:00","0.785","-","0.98"
"2023/04/01","06:00","0.961","-","1.18"
"2023/04/01","07:00","1.074","-","1.33"
"2023/04/01","08:00","1.105","-","1.33"
"2023/04/01","09:00","1.031","-","1.24"
"2023/04/01","10:00","0.861","-","1.09"
"2023/04/01","11:00","0.648","-","0.87"
"2023/04/01","12:00","0.448","-","0.65"
"2023/04/01","13:00","0.287","-","0.39"
"2023/04/01","14:00","0.194","-","0.4"
"2023/04/01","15:00","0.212","-","0.43"
"2023/04/01","16:00","0.356","-","0.42"
"2023/04/01","17:00","0.573","-","0.56"
"2023/04/01","18:00","0.786","-","0.75"
"2023/04/01","19:00","0.942","-","0.99"
"2023/04/01","20:00","1.015","-","1.07"
"2023/04/01","21:00","0.978","-","1.07"
"2023/04/01","22:00","0.829","-","1.22"
"2023/04/01","23:00","0.62","-","1.29"
"2023/04/02","00:00","0.42","-","1"
"2023/04/02","01:00","0.274","-","0.98"
"2023/04/02","02:00","0.197","-","0.72"
"2023/04/02","03:00","0.219","-","0.62"
"2023/04/02","04:00","0.363","-","0.59"
"2023/04/02","05:00","0.593","-","0.67"
"2023/04/02","06:00","0.831","-","0.78"
"2023/04/02","07:00","1.016","-","0.95"
"2023/04/02","08:00","1.119","-","1.03"
"2023/04/02","09:00","1.123","-","0.99"
"2023/04/02","10:00","1.011","-","0.89"
"2023/04/02","11:00","0.805","-","0.77"
"2023/04/02","12:00","0.57","-","0.4"
"2023/04/02","13:00","0.362","-","0.26"
"2023/04/02","14:00","0.209","-","-0.02"
"2023/04/02","15:00","0.147","-","-0.09"
"2023/04/02","16:00","0.217","-","-0.08"
"2023/04/02","17:00","0.418","-","0.19"
"2023/04/02","18:00","0.678","-","0.49"
"2023/04/02","19:00","0.907","-","0.67"
"2023/04/02","20:00","1.055","-","0.81"
"2023/04/02","21:00","1.098","-","0.86"
"2023/04/02","22:00","1.017","-","0.87"
"2023/04/02","23:00","0.826","-","0.74"
"2023/04/03","00:00","0.585","-","0.58"
"2023/04/03","01:00","0.367","-","0.39"
"2023/04/03","02:00","0.212","-","0.27"
"2023/04/03","03:00","0.144","-","0.25"
"2023/04/03","04:00","0.197","-","0.44"
"2023/04/03","05:00","0.384","-","0.71"
"2023/04/03","06:00","0.651","-","1.06"
"2023/04/03","07:00","0.904","-","1.3"
"2023/04/03","08:00","1.079","-","1.45"
"2023/04/03","09:00","1.154","-","1.54"
"2023/04/03","10:00","1.115","-","1.52"
"2023/04/03","11:00","0.956","-","1.45"
"2023/04/03","12:00","0.715","-","1.25"
"2023/04/03","13:00","0.463","-","1.04"
"2023/04/03","14:00","0.255","-","0.85"
"2023/04/03","15:00","0.128","-","0.75"
"2023/04/03","16:00","0.119","-","0.8"
"2023/04/03","17:00","0.262","-","0.94"
"2023/04/03","18:00","0.529","-","1.27"
"2023/04/03","19:00","0.822","-","1.6"
"2023/04/03","20:00","1.05","-","1.84"
"2023/04/03","21:00","1.168","-","1.93"
"2023/04/03","22:00","1.163","-","1.94"
"2023/04/03","23:00","1.031","-","1.89"
"2023/04/04","00:00","0.796","-","1.69"
"2023/04/04","01:00","0.526","-","1.45"
"2023/04/04","02:00","0.295","-","1.23"
"2023/04/04","03:00","0.143","-","1.11"
"2023/04/04","04:00","0.102","-","1.08"
"2023/04/04","05:00","0.204","-","1.19"
"2023/04/04","06:00","0.442","-","1.42"
"2023/04/04","07:00","0.737","-","1.68"
"2023/04/04","08:00","0.987","-","1.89"
"2023/04/04","09:00","1.133","-","2.02"
"2023/04/04","10:00","1.163","-","2.01"
"2023/04/04","11:00","1.072","-","1.85"
"2023/04/04","12:00","0.867","-","1.59"
"2023/04/04","13:00","0.596","-","1.35"
"2023/04/04","14:00","0.336","-","1.08"
"2023/04/04","15:00","0.148","-","0.92"
"2023/04/04","16:00","0.067","-","0.83"
"2023/04/04","17:00","0.133","-","0.89"
"2023/04/04","18:00","0.358","-","1.06"
"2023/04/04","19:00","0.681","-","1.36"
"2023/04/04","20:00","0.987","-","1.68"
"2023/04/04","21:00","1.188","-","1.84"
"2023/04/04","22:00","1.258","-","1.89"
"2023/04/04","23:00","1.196","-","1.82"
"2023/04/05","00:00","1.01","-","1.65"
"2023/04/05","01:00","0.735","-","1.35"
"2023/04/05","02:00","0.446","-","1.06"
"2023/04/05","03:00","0.215","-","0.83"
"2023/04/05","04:00","0.085","-","0.71"
"2023/04/05","05:00","0.089","-","0.71"
"2023/04/05","06:00","0.248","-","0.82"
"2023/04/05","07:00","0.532","-","1.08"
"2023/04/05","08:00","0.838","-","1.35"
"2023/04/05","09:00","1.062","-","1.59"
"2023/04/05","10:00","1.161","-","1.67"
"2023/04/05","11:00","1.136","-","1.65"
"2023/04/05","12:00","0.993","-","1.47"
"2023/04/05","13:00","0.748","-","1.23"
"2023/04/05","14:00","0.461","-","0.97"
"2023/04/05","15:00","0.212","-","0.76"
"2023/04/05","16:00","0.063","-","0.65"
"2023/04/05","17:00","0.05","-","0.66"
"2023/04/05","18:00","0.2","-","0.85"
"2023/04/05","19:00","0.498","-","1.16"
"2023/04/05","20:00","0.856","-","1.49"
"2023/04/05","21:00","1.148","-","1.8"
"2023/04/05","22:00","1.301","-","1.88"
"2023/04/05","23:00","1.31","-","1.87"
"2023/04/06","00:00","1.189","-","1.79"
"2023/04/06","01:00","0.954","-","1.56"
"2023/04/06","02:00","0.65","-","1.25"
"2023/04/06","03:00","0.357","-","1.02"
"2023/04/06","04:00","0.145","-","0.88"
"2023/04/06","05:00","0.054","-","0.81"
"2023/04/06","06:00","0.113","-","0.9"
"2023/04/06","07:00","0.327","-","1.09"
"2023/04/06","08:00","0.638","-","1.43"
"2023/04/06","09:00","0.932","-","1.72"
"2023/04/06","10:00","1.112","-","1.94"
"2023/04/06","11:00","1.155","-","2"
"2023/04/06","12:00","1.077","-","1.92"
"2023/04/06","13:00","0.888","-","1.67"
"2023/04/06","14:00","0.616","-","1.36"
"2023/04/06","15:00","0.33","-","1.1"
"2023/04/06","16:00","0.114","-","0.88"
"2023/04/06","17:00","0.022","-","0.79"
"2023/04/06","18:00","0.085","-","0.77"
"2023/04/06","19:00","0.312","-","0.96"
"2023/04/06","20:00","0.663","-","1.47"
"2023/04/06","21:00","1.026","-","1.75"
"2023/04/06","22:00","1.28","-","2.1"
"2023/04/06","23:00","1.372","-","2.13"
"2023/04/07","00:00","1.319","-","2.24"
"2023/04/07","01:00","1.144","-","1.94"
"2023/04/07","02:00","0.873","-","1.44"
"2023/04/07","03:00","0.557","-","1.07"
"2023/04/07","04:00","0.278","-","0.79"
"2023/04/07","05:00","0.101","-","0.66"
"2023/04/07","06:00","0.059","-","0.63"
"2023/04/07","07:00","0.169","-","0.66"
"2023/04/07","08:00","0.423","-","0.96"
"2023/04/07","09:00","0.74","-","1.27"
"2023/04/07","10:00","1.003","-","1.53"
"2023/04/07","11:00","1.13","-","1.57"
"2023/04/07","12:00","1.118","-","1.57"
"2023/04/07","13:00","0.993","-","1.44"
"2023/04/07","14:00","0.772","-","1.19"
"2023/04/07","15:00","0.491","-","0.88"
"2023/04/07","16:00","0.226","-","0.54"
"2023/04/07","17:00","0.058","-","0.36"
"2023/04/07","18:00","0.031","-","0.3"
"2023/04/07","19:00","0.163","-","0.43"
"2023/04/07","20:00","0.449","-","0.7"
"2023/04/07","21:00","0.825","-","1.07"
"2023/04/07","22:00","1.168","-","1.39"
"2023/04/07","23:00","1.369","-","1.57"
"2023/04/08","00:00","1.399","-","1.63"
"2023/04/08","01:00","1.29","-","1.52"
"2023/04/08","02:00","1.075","-","1.33"
"2023/04/08","03:00","0.784","-","0.98"
"2023/04/08","04:00","0.475","-","0.69"
"2023/04/08","05:00","0.226","-","0.48"
"2023/04/08","06:00","0.091","-","0.4"
"2023/04/08","07:00","0.093","-","0.57"
"2023/04/08","08:00","0.242","-","0.63"
"2023/04/08","09:00","0.515","-","0.98"
"2023/04/08","10:00","0.82","-","1.34"
"2023/04/08","11:00","1.041","-","1.61"
"2023/04/08","12:00","1.115","-","1.69"
"2023/04/08","13:00","1.057","-","1.63"
"2023/04/08","14:00","0.898","-","1.52"
"2023/04/08","15:00","0.662","-","1.32"
"2023/04/08","16:00","0.392","-","1.08"
"2023/04/08","17:00","0.164","-","0.87"
"2023/04/08","18:00","0.048","-","0.76"
"2023/04/08","19:00","0.079","-","0.74"
"2023/04/08","20:00","0.263","-","0.93"
"2023/04/08","21:00","0.582","-","1.3"
"2023/04/08","22:00","0.959","-","1.61"
"2023/04/08","23:00","1.268","-","1.87"
"2023/04/09","00:00","1.413","-","2"
"2023/04/09","01:00","1.389","-","2.03"
"2023/04/09","02:00","1.239","-","1.91"
"2023/04/09","03:00","1.002","-","1.71"
"2023/04/09","04:00","0.711","-","1.41"
"2023/04/09","05:00","0.423","-","1.18"
"2023/04/09","06:00","0.209","-","1"
"2023/04/09","07:00","0.109","-","0.96"
"2023/04/09","08:00","0.142","-","0.96"
"2023/04/09","09:00","0.312","-","1.15"
"2023/04/09","10:00","0.587","-","1.5"
"2023/04/09","11:00","0.869","-","1.79"
"2023/04/09","12:00","1.047","-","1.96"
"2023/04/09","13:00","1.077","-","1.93"
"2023/04/09","14:00","0.986","-","1.86"
"2023/04/09","15:00","0.811","-","1.65"
"2023/04/09","16:00","0.578","-","1.41"
"2023/04/09","17:00","0.331","-","1.18"
"2023/04/09","18:00","0.144","-","1.01"
"2023/04/09","19:00","0.074","-","0.92"
"2023/04/09","20:00","0.144","-","0.95"
"2023/04/09","21:00","0.358","-","1.21"
"2023/04/09","22:00","0.69","-","1.53"
"2023/04/09","23:00","1.053","-","1.84"
"2023/04/10","00:00","1.322","-","2.06"
"2023/04/10","01:00","1.418","-","2.14"
"2023/04/10","02:00","1.355","-","2.12"
"2023/04/10","03:00","1.186","-","1.99"
"2023/04/10","04:00","0.946","-","1.72"
"2023/04/10","05:00","0.668","-","1.44"
"2023/04/10","06:00","0.407","-","1.18"
"2023/04/10","07:00","0.222","-","1"
"2023/04/10","08:00","0.143","-","0.92"
"2023/04/10","09:00","0.189","-","0.91"
"2023/04/10","10:00","0.365","-","1.05"
"2023/04/10","11:00","0.633","-","1.33"
"2023/04/10","12:00","0.888","-","1.58"
"2023/04/10","13:00","1.029","-","1.75"
"2023/04/10","14:00","1.028","-","1.74"
"2023/04/10","15:00","0.923","-","1.6"
"2023/04/10","16:00","0.75","-","1.36"
"2023/04/10","17:00","0.531","-","1.1"
"2023/04/10","18:00","0.312","-","0.85"
"2023/04/10","19:00","0.157","-","0.69"
"2023/04/10","20:00","0.115","-","0.6"
"2023/04/10","21:00","0.203","-","0.67"
"2023/04/10","22:00","0.427","-","0.88"
"2023/04/10","23:00","0.758","-","1.22"
"2023/04/11","00:00","1.101","-","1.53"
"2023/04/11","01:00","1.334","-","1.72"
"2023/04/11","02:00","1.396","-","1.76"
"2023/04/11","03:00","1.316","-","1.74"
"2023/04/11","04:00","1.147","-","1.57"
"2023/04/11","05:00","0.92","-","1.3"
"2023/04/11","06:00","0.662","-","0.99"
"2023/04/11","07:00","0.422","-","0.71"
"2023/04/11","08:00","0.25","-","0.51"
"2023/04/11","09:00","0.176","-","0.39"
"2023/04/11","10:00","0.222","-","0.4"
"2023/04/11","11:00","0.396","-","0.55"
"2023/04/11","12:00","0.653","-","0.81"
"2023/04/11","13:00","0.885","-","1.04"
"2023/04/11","14:00","1","-","1.15"
"2023/04/11","15:00","0.987","-","1.12"
"2023/04/11","16:00","0.886","-","1.02"
"2023/04/11","17:00","0.727","-","0.83"
"2023/04/11","18:00","0.526","-","0.59"
"2023/04/11","19:00","0.326","-","0.39"
"2023/04/11","20:00","0.187","-","0.28"
"2023/04/11","21:00","0.151","-","0.24"
"2023/04/11","22:00","0.24","-","0.28"
"2023/04/11","23:00","0.461","-","0.5"
"2023/04/12","00:00","0.782","-","0.85"
"2023/04/12","01:00","1.104","-","1.17"
"2023/04/12","02:00","1.312","-","1.36"
"2023/04/12","03:00","1.361","-","1.41"
"2023/04/12","04:00","1.287","-","1.34"
"2023/04/12","05:00","1.136","-","1.18"
"2023/04/12","06:00","0.927","-","0.91"
"2023/04/12","07:00","0.683","-","0.63"
"2023/04/12","08:00","0.45","-","0.36"
"2023/04/12","09:00","0.277","-","0.18"
"2023/04/12","10:00","0.196","-","0.1"
"2023/04/12","11:00","0.236","-","0.07"
"2023/04/12","12:00","0.405","-","0.25"
"2023/04/12","13:00","0.653","-","0.55"
"2023/04/12","14:00","0.871","-","0.8"
"2023/04/12","15:00","0.978","-","0.97"
"2023/04/12","16:00","0.973","-","0.97"
"2023/04/12","17:00","0.89","-","0.89"
"2023/04/12","18:00","0.747","-","0.71"
"2023/04/12","19:00","0.557","-","0.53"
"2023/04/12","20:00","0.361","-","0.36"
"2023/04/12","21:00","0.218","-","0.25"
"2023/04/12","22:00","0.172","-","0.19"
"2023/04/12","23:00","0.247","-","0.26"
"2023/04/13","00:00","0.456","-","0.5"
"2023/04/13","01:00","0.765","-","0.83"
"2023/04/13","02:00","1.072","-","1.1"
"2023/04/13","03:00","1.27","-","1.26"
"2023/04/13","04:00","1.327","-","1.33"
"2023/04/13","05:00","1.276","-","1.33"
"2023/04/13","06:00","1.15","-","1.18"
"2023/04/13","07:00","0.955","-","0.97"
"2023/04/13","08:00","0.713","-","0.7"
"2023/04/13","09:00","0.474","-","0.47"
"2023/04/13","10:00","0.29","-","0.31"
"2023/04/13","11:00","0.196","-","0.27"
"2023/04/13","12:00","0.228","-","0.32"
"2023/04/13","13:00","0.396","-","0.55"
"2023/04/13","14:00","0.643","-","0.81"
"2023/04/13","15:00","0.863","-","1.05"
"2023/04/13","16:00","0.982","-","1.19"
"2023/04/13","17:00","1","-","1.23"
"2023/04/13","18:00","0.94","-","1.2"
"2023/04/13","19:00","0.807","-","1.07"
"2023/04/13","20:00","0.612","-","0.92"
"2023/04/13","21:00","0.402","-","0.72"
"2023/04/13","22:00","0.241","-","0.61"
"2023/04/13","23:00","0.171","-","0.57"
"2023/04/14","00:00","0.224","-","0.67"
"2023/04/14","01:00","0.417","-","0.89"
"2023/04/14","02:00","0.714","-","1.18"
"2023/04/14","03:00","1.017","-","1.46"
"2023/04/14","04:00","1.223","-","1.64"
"2023/04/14","05:00","1.306","-","1.75"
"2023/04/14","06:00","1.286","-","1.75"
"2023/04/14","07:00","1.178","-","1.64"
"2023/04/14","08:00","0.984","-","1.46"
"2023/04/14","09:00","0.732","-","1.21"
"2023/04/14","10:00","0.479","-","0.97"
"2023/04/14","11:00","0.279","-","0.82"
"2023/04/14","12:00","0.172","-","0.71"
"2023/04/14","13:00","0.201","-","0.72"
"2023/04/14","14:00","0.377","-","0.9"
"2023/04/14","15:00","0.639","-","1.14"
"2023/04/14","16:00","0.879","-","1.43"
"2023/04/14","17:00","1.027","-","1.54"
"2023/04/14","18:00","1.074","-","1.64"
"2023/04/14","19:00","1.031","-","1.6"
"2023/04/14","20:00","0.892","-","1.48"
"2023/04/14","21:00","0.677","-","1.26"
"2023/04/14","22:00","0.442","-","1.06"
"2023/04/14","23:00","0.251","-","0.93"
"2023/04/15","00:00","0.149","-","0.86"
"2023/04/15","01:00","0.175","-","0.89"
"2023/04/15","02:00","0.352","-","1.1"
"2023/04/15","03:00","0.646","-","1.31"
"2023/04/15","04:00","0.958","-","1.65"
"2023/04/15","05:00","1.188","-","1.82"
"2023/04/15","06:00","1.302","-","1.94"
"2023/04/15","07:00","1.306","-","1.94"
"2023/04/15","08:00","1.204","-","1.8"
"2023/04/15","09:00","0.997","-","1.55"
"2023/04/15","10:00","0.726","-","1.31"
"2023/04/15","11:00","0.456","-","1.03"
"2023/04/15","12:00","0.241","-","0.85"
"2023/04/15","13:00","0.127","-","0.73"
"2023/04/15","14:00","0.163","-","0.79"
"2023/04/15","15:00","0.362","-","1.01"
"2023/04/15","16:00","0.656","-","1.28"
"2023/04/15","17:00","0.932","-","1.56"
"2023/04/15","18:00","1.115","-","1.79"
"2023/04/15","19:00","1.187","-","1.92"
"2023/04/15","20:00","1.144","-","1.89"
"2023/04/15","21:00","0.985","-","1.73"
"2023/04/15","22:00","0.739","-","1.48"
"2023/04/15","23:00","0.471","-","1.22"
"2023/04/16","00:00","0.245","-","1.02"
"2023/04/16","01:00","0.108","-","0.91"
"2023/04/16","02:00","0.108","-","0.89"
"2023/04/16","03:00","0.278","-","1.06"
"2023/04/16","04:00","0.583","-","1.39"
"2023/04/16","05:00","0.916","-","1.7"
"2023/04/16","06:00","1.173","-","1.97"
"2023/04/16","07:00","1.311","-","2.06"
"2023/04/16","08:00","1.325","-","2.11"
"2023/04/16","09:00","1.21","-","1.98"
"2023/04/16","10:00","0.98","-","1.76"
"2023/04/16","11:00","0.688","-","1.44"
"2023/04/16","12:00","0.403","-","1.17"
"2023/04/16","13:00","0.178","-","0.98"
"2023/04/16","14:00","0.067","-","0.91"
"2023/04/16","15:00","0.127","-","1"
"2023/04/16","16:00","0.368","-","1.23"
"2023/04/16","17:00","0.709","-","1.54"
"2023/04/16","18:00","1.026","-","1.87"
"2023/04/16","19:00","1.237","-","2.11"
"2023/04/16","20:00","1.316","-","2.18"
"2023/04/16","21:00","1.258","-","2.14"
"2023/04/16","22:00","1.066","-","1.93"
"2023/04/16","23:00","0.784","-","1.63"
"2023/04/17","00:00","0.482","-","1.33"
"2023/04/17","01:00","0.222","-","1.1"
"2023/04/17","02:00","0.054","-","1"
"2023/04/17","03:00","0.039","-","0.93"
"2023/04/17","04:00","0.217","-","1.16"
"2023/04/17","05:00","0.545","-","1.55"
"2023/04/17","06:00","0.903","-","2.06"
"2023/04/17","07:00","1.18","-","2.22"
"2023/04/17","08:00","1.324","-","2.37"
"2023/04/17","09:00","1.327","-","2.36"
"2023/04/17","10:00","1.186","-","2.24"
"2023/04/17","11:00","0.929","-","1.89"
"2023/04/17","12:00","0.618","-","1.49"
"2023/04/17","13:00","0.324","-","1.18"
"2023/04/17","14:00","0.101","-","0.95"
"2023/04/17","15:00","0.01","-","0.83"
"2023/04/17","16:00","0.114","-","0.92"
"2023/04/17","17:00","0.411","-","1.21"
"2023/04/17","18:00","0.802","-","1.59"
"2023/04/17","19:00","1.15","-","1.99"
"2023/04/17","20:00","1.37","-","2.18"
"2023/04/17","21:00","1.436","-","2.26"
"2023/04/17","22:00","1.347","-","2.21"
"2023/04/17","23:00","1.118","-","2"
"2023/04/18","00:00","0.801","-","1.75"
"2023/04/18","01:00","0.469","-","1.5"
"2023/04/18","02:00","0.183","-","1.25"
"2023/04/18","03:00","-0.001","-","1.05"
"2023/04/18","04:00","-0.011","-","0.93"
"2023/04/18","05:00","0.192","-","1.02"
"2023/04/18","06:00","0.548","-","1.35"
"2023/04/18","07:00","0.923","-","1.67"
"2023/04/18","08:00","1.199","-","1.91"
"2023/04/18","09:00","1.329","-","1.98"
"2023/04/18","10:00","1.305","-","1.98"
"2023/04/18","11:00","1.132","-","1.83"
"2023/04/18","12:00","0.849","-","1.52"
"2023/04/18","13:00","0.526","-","1.23"
"2023/04/18","14:00","0.233","-","0.92"
"2023/04/18","15:00","0.027","-","0.78"
"2023/04/18","16:00","-0.024","-","0.73"
"2023/04/18","17:00","0.14","-","0.9"
"2023/04/18","18:00","0.496","-","1.31"
"2023/04/18","19:00","0.924","-","1.74"
"2023/04/18","20:00","1.28","-","2.06"
"2023/04/18","21:00","1.485","-","2.22"
"2023/04/18","22:00","1.52","-","2.28"
"2023/04/18","23:00","1.393","-","2.29"
"2023/04/19","00:00","1.128","-","2.06"
"2023/04/19","01:00","0.784","-","1.63"
"2023/04/19","02:00","0.434","-","1.27"
"2023/04/19","03:00","0.138","-","1.01"
"2023/04/19","04:00","-0.039","-","0.87"
"2023/04/19","05:00","-0.023","-","0.83"
"2023/04/19","06:00","0.214","-","1.03"
"2023/04/19","07:00","0.591","-","1.4"
"2023/04/19","08:00","0.964","-","1.76"
"2023/04/19","09:00","1.219","-","1.99"
"2023/04/19","10:00","1.317","-","2.07"
"2023/04/19","11:00","1.256","-","2"
"2023/04/19","12:00","1.051","-","1.81"
"2023/04/19","13:00","0.748","-","1.52"
"2023/04/19","14:00","0.424","-","1.18"
"2023/04/19","15:00","0.148","-","0.93"
"2023/04/19","16:00","-0.021","-","0.77"
"2023/04/19","17:00","-0.015","-","0.76"
"2023/04/19","18:00","0.213","-","0.96"
"2023/04/19","19:00","0.616","-","1.39"
"2023/04/19","20:00","1.055","-","1.82"
"2023/04/19","21:00","1.39","-","2.1"
"2023/04/19","22:00","1.558","-","2.2"
"2023/04/19","23:00","1.552","-","2.16"
"2023/04/20","00:00","1.386","-","2.01"
"2023/04/20","01:00","1.092","-","1.7"
"2023/04/20","02:00","0.735","-","1.35"
"2023/04/20","03:00","0.385","-","1.04"
"2023/04/20","04:00","0.103","-","0.83"
"2023/04/20","05:00","-0.045","-","0.71"
"2023/04/20","06:00","0.012","-","0.69"
"2023/04/20","07:00","0.281","-","0.92"
"2023/04/20","08:00","0.663","-","1.3"
"2023/04/20","09:00","1.011","-","1.7"
"2023/04/20","10:00","1.227","-","1.87"
"2023/04/20","11:00","1.284","-","1.9"
"2023/04/20","12:00","1.186","-","1.74"
"2023/04/20","13:00","0.953","-","1.49"
"2023/04/20","14:00","0.643","-","1.12"
"2023/04/20","15:00","0.333","-","0.83"
"2023/04/20","16:00","0.092","-","0.63"
"2023/04/20","17:00","-0.024","-","0.54"
"2023/04/20","18:00","0.045","-","0.6"
"2023/04/20","19:00","0.326","-","0.92"
"2023/04/20","20:00","0.749","-","1.33"
"2023/04/20","21:00","1.168","-","1.72"
"2023/04/20","22:00","1.458","-","1.96"
"2023/04/20","23:00","1.577","-","1.99"
"2023/04/21","00:00","1.528","-","1.91"
"2023/04/21","01:00","1.329","-","1.72"
"2023/04/21","02:00","1.019","-","1.42"
"2023/04/21","03:00","0.667","-","1.08"
"2023/04/21","04:00","0.34","-","0.8"
"2023/04/21","05:00","0.093","-","0.6"
"2023/04/21","06:00","-0.01","-","0.53"
"2023/04/21","07:00","0.088","-","0.62"
"2023/04/21","08:00","0.375","-","0.88"
"2023/04/21","09:00","0.742","-","1.27"
"2023/04/21","10:00","1.049","-","1.59"
"2023/04/21","11:00","1.216","-","1.74"
"2023/04/21","12:00","1.231","-","1.73"
"2023/04/21","13:00","1.1","-","1.55"
"2023/04/21","14:00","0.851","-","1.29"
"2023/04/21","15:00","0.548","-","1.01"
"2023/04/21","16:00","0.271","-","0.77"
"2023/04/21","17:00","0.08","-","0.58"
"2023/04/21","18:00","0.023","-","0.53"
"2023/04/21","19:00","0.147","-","0.67"
"2023/04/21","20:00","0.459","-","1.03"
"2023/04/21","21:00","0.872","-","1.4"
"2023/04/21","22:00","1.245","-","1.76"
"2023/04/21","23:00","1.477","-","1.92"
"2023/04/22","00:00","1.542","-","1.97"
"2023/04/22","01:00","1.455","-","1.88"
"2023/04/22","02:00","1.235","-","1.7"
"2023/04/22","03:00","0.926","-","1.39"
"2023/04/22","04:00","0.599","-","1.12"
"2023/04/22","05:00","0.313","-","0.88"
"2023/04/22","06:00","0.115","-","0.75"
"2023/04/22","07:00","0.058","-","0.74"
"2023/04/22","08:00","0.188","-","0.89"
"2023/04/22","09:00","0.477","-","1.17"
"2023/04/22","10:00","0.811","-","1.51"
"2023/04/22","11:00","1.066","-","1.78"
"2023/04/22","12:00","1.186","-","1.92"
"2023/04/22","13:00","1.163","-","1.91"
"2023/04/22","14:00","1.01","-","1.78"
"2023/04/22","15:00","0.759","-","1.65"
"2023/04/22","16:00","0.48","-","1.25"
"2023/04/22","17:00","0.249","-","1.11"
"2023/04/22","18:00","0.114","-","1.15"
"2023/04/22","19:00","0.109","-","1.19"
"2023/04/22","20:00","0.27","-","1.3"
"2023/04/22","21:00","0.587","-","1.83"
"2023/04/22","22:00","0.967","-","2.16"
"2023/04/22","23:00","1.28","-","2.48"
"2023/04/23","00:00","1.449","-","2.56"
"2023/04/23","01:00","1.467","-","2.58"
"2023/04/23","02:00","1.352","-","2.55"
"2023/04/23","03:00","1.126","-","2.31"
"2023/04/23","04:00","0.836","-","1.96"
"2023/04/23","05:00","0.549","-","1.62"
"2023/04/23","06:00","0.313","-","1.33"
"2023/04/23","07:00","0.163","-","1.15"
"2023/04/23","08:00","0.144","-","1.08"
"2023/04/23","09:00","0.291","-","1.11"
"2023/04/23","10:00","0.566","-","1.39"
"2023/04/23","11:00","0.858","-","1.69"
"2023/04/23","12:00","1.062","-","1.91"
"2023/04/23","13:00","1.139","-","1.95"
"2023/04/23","14:00","1.089","-","1.87"
"2023/04/23","15:00","0.926","-","1.67"
"2023/04/23","16:00","0.689","-","1.44"
"2023/04/23","17:00","0.447","-","1.2"
"2023/04/23","18:00","0.266","-","1.01"
"2023/04/23","19:00","0.18","-","0.93"
"2023/04/23","20:00","0.213","-","1.03"
"2023/04/23","21:00","0.391","-","1.4"
"2023/04/23","22:00","0.694","-","1.83"
"2023/04/23","23:00","1.026","-","2.15"
"2023/04/24","00:00","1.276","-","2.42"
"2023/04/24","01:00","1.389","-","2.48"
"2023/04/24","02:00","1.372","-","2.4"
"2023/04/24","03:00","1.244","-","2.17"
"2023/04/24","04:00","1.026","-","1.82"
"2023/04/24","05:00","0.767","-","1.48"
"2023/04/24","06:00","0.525","-","1.18"
"2023/04/24","07:00","0.335","-","0.95"
"2023/04/24","08:00","0.223","-","0.86"
"2023/04/24","09:00","0.229","-","0.88"
"2023/04/24","10:00","0.381","-","1.07"
"2023/04/24","11:00","0.634","-","1.38"
"2023/04/24","12:00","0.883","-","1.6"
"2023/04/24","13:00","1.041","-","1.7"
"2023/04/24","14:00","1.085","-","1.7"
"2023/04/24","15:00","1.02","-","1.64"
"2023/04/24","16:00","0.862","-","1.49"
"2023/04/24","17:00","0.648","-","1.29"
"2023/04/24","18:00","0.445","-","1.09"
"2023/04/24","19:00","0.308","-","0.95"
"2023/04/24","20:00","0.257","-","0.92"
"2023/04/24","21:00","0.312","-","1.08"
"2023/04/24","22:00","0.492","-","1.31"
"2023/04/24","23:00","0.77","-","1.61"
"2023/04/25","00:00","1.053","-","1.9"
"2023/04/25","01:00","1.245","-","2.12"
"2023/04/25","02:00","1.315","-","2.23"
"2023/04/25","03:00","1.278","-","2.27"
"2023/04/25","04:00","1.151","-","2.13"
"2023/04/25","05:00","0.952","-","1.9"
"2023/04/25","06:00","0.726","-","1.59"
"2023/04/25","07:00","0.522","-","1.39"
"2023/04/25","08:00","0.365","-","1.2"
"2023/04/25","09:00","0.278","-","1.09"
"2023/04/25","10:00","0.3","-","1.08"
"2023/04/25","11:00","0.452","-","1.22"
"2023/04/25","12:00","0.681","-","1.41"
"2023/04/25","13:00","0.889","-","1.62"
"2023/04/25","14:00","1.011","-","1.71"
"2023/04/25","15:00","1.035","-","1.7"
"2023/04/25","16:00","0.969","-","1.58"
"2023/04/25","17:00","0.823","-","1.44"
"2023/04/25","18:00","0.634","-","1.25"
"2023/04/25","19:00","0.464","-","1.1"
"2023/04/25","20:00","0.356","-","0.99"
"2023/04/25","21:00","0.326","-","0.99"
"2023/04/25","22:00","0.39","-","1.08"
"2023/04/25","23:00","0.565","-","1.3"
"2023/04/26","00:00","0.816","-","1.6"
"2023/04/26","01:00","1.053","-","1.84"
"2023/04/26","02:00","1.201","-","1.96"
"2023/04/26","03:00","1.244","-","1.98"
"2023/04/26","04:00","1.203","-","1.96"
"2023/04/26","05:00","1.086","-","1.84"
"2023/04/26","06:00","0.906","-","1.66"
"2023/04/26","07:00","0.705","-","1.46"
"2023/04/26","08:00","0.526","-","1.3"
"2023/04/26","09:00","0.39","-","1.18"
"2023/04/26","10:00","0.319","-","1.15"
"2023/04/26","11:00","0.353","-","1.2"
"2023/04/26","12:00","0.503","-","1.38"
"2023/04/26","13:00","0.71","-","1.61"
"2023/04/26","14:00","0.887","-","1.81"
"2023/04/26","15:00","0.986","-","1.86"
"2023/04/26","16:00","1.004","-","1.85"
"2023/04/26","17:00","0.944","-","1.77"
"2023/04/26","18:00","0.811","-","1.62"
"2023/04/26","19:00","0.639","-","1.45"
"2023/04/26","20:00","0.488","-","1.39"
"2023/04/26","21:00","0.396","-","1.35"
"2023/04/26","22:00","0.375","-","1.36"
"2023/04/26","23:00","0.443","-","1.42"
"2023/04/27","00:00","0.611","-","1.61"
"2023/04/27","01:00","0.837","-","1.87"
"2023/04/27","02:00","1.038","-","2.06"
"2023/04/27","03:00","1.156","-","2.19"
"2023/04/27","04:00","1.19","-","2.23"
"2023/04/27","05:00","1.155","-","2.25"
"2023/04/27","06:00","1.048","-","2.14"
"2023/04/27","07:00","0.88","-","1.97"
"2023/04/27","08:00","0.69","-","1.75"
"2023/04/27","09:00","0.522","-","1.59"
"2023/04/27","10:00","0.399","-","1.47"
"2023/04/27","11:00","0.342","-","1.42"
"2023/04/27","12:00","0.389","-","1.46"
"2023/04/27","13:00","0.541","-","1.55"
"2023/04/27","14:00","0.734","-","1.72"
"2023/04/27","15:00","0.891","-","1.85"
"2023/04/27","16:00","0.981","-","1.93"
"2023/04/27","17:00","1.003","-","1.93"
"2023/04/27","18:00","0.949","-","1.85"
"2023/04/27","19:00","0.819","-","1.69"
"2023/04/27","20:00","0.651","-","1.55"
"2023/04/27","21:00","0.505","-","1.41"
"2023/04/27","22:00","0.417","-","1.37"
"2023/04/27","23:00","0.4","-","1.35"
"2023/04/28","00:00","0.469","-","1.42"
"2023/04/28","01:00","0.631","-","1.64"
"2023/04/28","02:00","0.839","-","1.94"
"2023/04/28","03:00","1.017","-","2.09"
"2023/04/28","04:00","1.123","-","2.2"
"2023/04/28","05:00","1.16","-","2.23"
"2023/04/28","06:00","1.132","-","2.26"
"2023/04/28","07:00","1.027","-","2.2"
"2023/04/28","08:00","0.856","-","2.18"
"2023/04/28","09:00","0.665","-","2.05"
"2023/04/28","10:00","0.502","-","2.02"
"2023/04/28","11:00","0.388","-","2.11"
"2023/04/28","12:00","0.348","-","2.11"
"2023/04/28","13:00","0.413","-","2.29"
"2023/04/28","14:00","0.573","-","2.3"
"2023/04/28","15:00","0.763","-","2.43"
"2023/04/28","16:00","0.917","-","2.54"
"2023/04/28","17:00","1.009","-","2.61"
"2023/04/28","18:00","1.034","-","2.69"
"2023/04/28","19:00","0.977","-","2.61"
"2023/04/28","20:00","0.836","-","2.53"
"2023/04/28","21:00","0.658","-","2.4"
"2023/04/28","22:00","0.508","-","2.31"
"2023/04/28","23:00","0.418","-","2.21"
"2023/04/29","00:00","0.401","-","2.17"
"2023/04/29","01:00","0.472","-","2.31"
"2023/04/29","02:00","0.632","-","2.42"
"2023/04/29","03:00","0.832","-","2.62"
"2023/04/29","04:00","1.002","-","2.82"
"2023/04/29","05:00","1.109","-","2.92"
"2023/04/29","06:00","1.153","-","2.89"
"2023/04/29","07:00","1.124","-","2.8"
"2023/04/29","08:00","1.006","-","2.58"
"2023/04/29","09:00","0.819","-","2.35"
"2023/04/29","10:00","0.621","-","2.17"
"2023/04/29","11:00","0.461","-","1.99"
"2023/04/29","12:00","0.359","-","1.85"
"2023/04/29","13:00","0.341","-","1.84"
"2023/04/29","14:00","0.432","-","1.85"
"2023/04/29","15:00","0.612","-","2.01"
"2023/04/29","16:00","0.814","-","2.15"
"2023/04/29","17:00","0.975","-","2.32"
"2023/04/29","18:00","1.072","-","2.41"
"2023/04/29","19:00","1.092","-","2.43"
"2023/04/29","20:00","1.016","-","2.33"
"2023/04/29","21:00","0.85","-","2.2"
"2023/04/29","22:00","0.654","-","2"
"2023/04/29","23:00","0.493","-","1.84"
"2023/04/30","00:00","0.398","-","1.7"
"2023/04/30","01:00","0.38","-","1.69"
"2023/04/30","02:00","0.456","-","1.82"
"2023/04/30","03:00","0.624","-","2.02"
"2023/04/30","04:00","0.83","-","2.3"
"2023/04/30","05:00","1.005","-","2.46"
"2023/04/30","06:00","1.117","-","2.62"
"2023/04/30","07:00","1.159","-","2.66"
"2023/04/30","08:00","1.114","-","2.61"
"2023/04/30","09:00","0.97","-","2.57"
"2023/04/30","10:00","0.761","-","2.45"
"2023/04/30","11:00","0.556","-","2.42"
"2023/04/30","12:00","0.4","-","2.26"
"2023/04/30","13:00","0.316","-","2.37"
"2023/04/30","14:00","0.329","-","2.54"
"2023/04/30","15:00","0.458","-","2.58"
"2023/04/30","16:00","0.672","-","2.79"
"2023/04/30","17:00","0.897","-","3.05"
"2023/04/30","18:00","1.068","-","3.05"
"2023/04/30","19:00","1.161","-","3.29"
"2023/04/30","20:00","1.161","-","3.13"
"2023/04/30","21:00","1.051","-","3.03"
"2023/04/30","22:00","0.852","-","2.84"
"2023/04/30","23:00","0.633","-","2.63"
"2023/05/01","00:00","0.46","-","2.38"
"2023/05/01","01:00","0.358","-","2.06"
"2023/05/01","02:00","0.342","-","1.93"
"2023/05/01","03:00","0.433","-","1.86"
"2023/05/01","04:00","0.622","-","1.89"
"2023/05/01","05:00","0.846","-","2.01"
"2023/05/01","06:00","1.03","-","2.12"
"2023/05/01","07:00","1.141","-","2.19"
"2023/05/01","08:00","1.167","-","2.16"
"2023/05/01","09:00","1.09","-","1.96"
"2023/05/01","10:00","0.912","-","1.74"
"2023/05/01","11:00","0.681","-","1.43"
"2023/05/01","12:00","0.471","-","1.17"
"2023/05/01","13:00","0.326","-","1.02"
"2023/05/01","14:00","0.268","-","0.94"
"2023/05/01","15:00","0.323","-","1.04"
"2023/05/01","16:00","0.505","-","1.14"
"2023/05/01","17:00","0.765","-","1.38"
"2023/05/01","18:00","1.015","-","1.69"
"2023/05/01","19:00","1.187","-","1.9"
"2023/05/01","20:00","1.26","-","1.97"
"2023/05/01","21:00","1.222","-","1.97"
"2023/05/01","22:00","1.067","-","1.71"
"2023/05/01","23:00","0.832","-","1.55"
"2023/05/02","00:00","0.591","-","1.31"
"2023/05/02","01:00","0.405","-","1.17"
"2023/05/02","02:00","0.3","-","1.02"
"2023/05/02","03:00","0.297","-","1"
"2023/05/02","04:00","0.418","-","1.06"
"2023/05/02","05:00","0.641","-","1.35"
"2023/05/02","06:00","0.887","-","1.57"
"2023/05/02","07:00","1.074","-","1.8"
"2023/05/02","08:00","1.17","-","1.81"
"2023/05/02","09:00","1.163","-","1.79"
"2023/05/02","10:00","1.046","-","1.68"
"2023/05/02","11:00","0.832","-","1.44"
"2023/05/02","12:00","0.584","-","1.18"
"2023/05/02","13:00","0.374","-","1.09"
"2023/05/02","14:00","0.246","-","0.92"
"2023/05/02","15:00","0.226","-","0.91"
"2023/05/02","16:00","0.341","-","0.97"
"2023/05/02","17:00","0.587","-","1.27"
"2023/05/02","18:00","0.894","-","1.62"
"2023/05/02","19:00","1.156","-","1.98"
"2023/05/02","20:00","1.312","-","2.19"
"2023/05/02","21:00","1.347","-","2.23"
"2023/05/02","22:00","1.259","-","2.14"
"2023/05/02","23:00","1.056","-","1.97"
"2023/05/03","00:00","0.786","-","1.73"
"2023/05/03","01:00","0.526","-","1.49"
"2023/05/03","02:00","0.334","-","1.26"
"2023/05/03","03:00","0.236","-","1.14"
"2023/05/03","04:00","0.261","-","1.15"
"2023/05/03","05:00","0.426","-","1.34"
"2023/05/03","06:00","0.688","-","1.58"
"2023/05/03","07:00","0.95","-","1.83"
"2023/05/03","08:00","1.126","-","1.98"
"2023/05/03","09:00","1.189","-","2.02"
"2023/05/03","10:00","1.14","-","1.95"
"2023/05/03","11:00","0.98","-","1.98"
"2023/05/03","12:00","0.735","-","1.83"
"2023/05/03","13:00","0.476","-","1.55"
"2023/05/03","14:00","0.275","-","1.39"
"2023/05/03","15:00","0.177","-","1.15"
"2023/05/03","16:00","0.209","-","1.23"
"2023/05/03","17:00","0.395","-","1.34"
"2023/05/03","18:00","0.706","-","1.62"
"2023/05/03","19:00","1.046","-","1.92"
"2023/05/03","20:00","1.302","-","2.19"
"2023/05/03","21:00","1.421","-","2.34"
"2023/05/03","22:00","1.405","-","2.34"
"2023/05/03","23:00","1.263","-","2.3"
"2023/05/04","00:00","1.015","-","1.91"
"2023/05/04","01:00","0.716","-","1.53"
"2023/05/04","02:00","0.445","-","1.36"
"2023/05/04","03:00","0.255","-","1.1"
"2023/05/04","04:00","0.18","-","0.99"
"2023/05/04","05:00","0.249","-","1.01"
"2023/05/04","06:00","0.465","-","1.16"
"2023/05/04","07:00","0.76","-","1.39"
"2023/05/04","08:00","1.021","-","1.68"
"2023/05/04","09:00","1.169","-","1.86"
"2023/05/04","10:00","1.19","-","1.9"
"2023/05/04","11:00","1.096","-","1.84"
"2023/05/04","12:00","0.896","-","1.61"
"2023/05/04","13:00","0.629","-","1.32"
"2023/05/04","14:00","0.368","-","1.07"
"2023/05/04","15:00","0.188","-","0.93"
"2023/05/04","16:00","0.133","-","0.92"
"2023/05/04","17:00","0.23","-","0.99"
"2023/05/04","18:00","0.487","-","1.32"
"2023/05/04","19:00","0.851","-","1.69"
"2023/05/04","20:00","1.202","-","2.03"
"2023/05/04","21:00","1.429","-","2.21"
"2023/05/04","22:00","1.497","-","2.26"
"2023/05/04","23:00","1.425","-","2.2"
"2023/05/05","00:00","1.232","-","2.06"
"2023/05/05","01:00","0.947","-","1.81"
"2023/05/05","02:00","0.63","-","1.51"
"2023/05/05","03:00","0.359","-","1.29"
"2023/05/05","04:00","0.187","-","1.15"
"2023/05/05","05:00","0.148","-","1.14"
"2023/05/05","06:00","0.267","-","1.27"
"2023/05/05","07:00","0.529","-","1.55"
"2023/05/05","08:00","0.841","-","1.86"
"2023/05/05","09:00","1.084","-","2.11"
"2023/05/05","10:00","1.192","-","2.22"
"2023/05/05","11:00","1.169","-","2.2"
"2023/05/05","12:00","1.033","-","2.08"
"2023/05/05","13:00","0.803","-","1.81"
"2023/05/05","14:00","0.524","-","1.52"
"2023/05/05","15:00","0.275","-","1.29"
"2023/05/05","16:00","0.128","-","1.15"
"2023/05/05","17:00","0.125","-","1.09"
"2023/05/05","18:00","0.288","-","1.2"
"2023/05/05","19:00","0.606","-","1.51"
"2023/05/05","20:00","1","-","1.92"
"2023/05/05","21:00","1.338","-","2.25"
"2023/05/05","22:00","1.519","-","2.4"
"2023/05/05","23:00","1.533","-","2.36"
"2023/05/06","00:00","1.409","-","2.23"
"2023/05/06","01:00","1.176","-","1.97"
"2023/05/06","02:00","0.866","-","1.66"
"2023/05/06","03:00","0.544","-","1.34"
"2023/05/06","04:00","0.287","-","1.1"
"2023/05/06","05:00","0.144","-","0.97"
"2023/05/06","06:00","0.147","-","0.94"
"2023/05/06","07:00","0.312","-","1.06"
"2023/05/06","08:00","0.604","-","1.36"
"2023/05/06","09:00","0.914","-","1.7"
"2023/05/06","10:00","1.125","-","1.91"
"2023/05/06","11:00","1.19","-","1.96"
"2023/05/06","12:00","1.127","-","1.89"
"2023/05/06","13:00","0.96","-","1.7"
"2023/05/06","14:00","0.711","-","1.43"
"2023/05/06","15:00","0.433","-","1.17"
"2023/05/06","16:00","0.209","-","0.96"
"2023/05/06","17:00","0.104","-","0.85"
"2023/05/06","18:00","0.154","-","0.84"
"2023/05/06","19:00","0.371","-","1.06"
"2023/05/06","20:00","0.729","-","1.42"
"2023/05/06","21:00","1.129","-","1.77"
"2023/05/06","22:00","1.435","-","2.06"
"2023/05/06","23:00","1.567","-","2.08"
"2023/05/07","00:00","1.531","-","2.04"
"2023/05/07","01:00","1.369","-","1.92"
"2023/05/07","02:00","1.108","-","1.66"
"2023/05/07","03:00","0.788","-","1.35"
"2023/05/07","04:00","0.476","-","1.02"
"2023/05/07","05:00","0.243","-","0.79"
"2023/05/07","06:00","0.132","-","0.66"
"2023/05/07","07:00","0.172","-","0.68"
"2023/05/07","08:00","0.369","-","0.8"
"2023/05/07","09:00","0.672","-","1.1"
"2023/05/07","10:00","0.965","-","1.43"
"2023/05/07","11:00","1.141","-","1.63"
"2023/05/07","12:00","1.168","-","1.69"
"2023/05/07","13:00","1.074","-","1.64"
"2023/05/07","14:00","0.887","-","1.41"
"2023/05/07","15:00","0.633","-","1.13"
"2023/05/07","16:00","0.37","-","0.92"
"2023/05/07","17:00","0.177","-","0.75"
"2023/05/07","18:00","0.114","-","0.68"
"2023/05/07","19:00","0.205","-","0.75"
"2023/05/07","20:00","0.458","-","1.06"
"2023/05/07","21:00","0.833","-","1.35"
"2023/05/07","22:00","1.219","-","1.8"
"2023/05/07","23:00","1.488","-","2.01"
"2023/05/08","00:00","1.575","-","2.09"
"2023/05/08","01:00","1.503","-","2.07"
"2023/05/08","02:00","1.316","-","1.88"
"2023/05/08","03:00","1.045","-","1.58"
"2023/05/08","04:00","0.73","-","1.25"
"2023/05/08","05:00","0.437","-","1"
"2023/05/08","06:00","0.23","-","0.79"
"2023/05/08","07:00","0.146","-","0.68"
"2023/05/08","08:00","0.209","-","0.7"
"2023/05/08","09:00","0.422","-","0.95"
"2023/05/08","10:00","0.723","-","1.31"
"2023/05/08","11:00","0.993","-","1.61"
"2023/05/08","12:00","1.135","-","1.77"
"2023/05/08","13:00","1.134","-","1.77"
"2023/05/08","14:00","1.023","-","1.66"
"2023/05/08","15:00","0.829","-","1.51"
"2023/05/08","16:00","0.582","-","1.25"
"2023/05/08","17:00","0.341","-","1.04"
"2023/05/08","18:00","0.179","-","0.93"
"2023/05/08","19:00","0.145","-","0.87"
"2023/05/08","20:00","0.259","-","0.99"
"2023/05/08","21:00","0.527","-","1.32"
"2023/05/08","22:00","0.9","-","1.7"
"2023/05/08","23:00","1.265","-","2.06"
"2023/05/09","00:00","1.497","-","2.24"
"2023/05/09","01:00","1.551","-","2.25"
"2023/05/09","02:00","1.459","-","2.25"
"2023/05/09","03:00","1.267","-","2.03"
"2023/05/09","04:00","1","-","1.76"
"2023/05/09","05:00","0.7","-","1.43"
"2023/05/09","06:00","0.429","-","1.4"
"2023/05/09","07:00","0.241","-","1.07"
"2023/05/09","08:00","0.171","-","0.96"
"2023/05/09","09:00","0.243","-","0.99"
"2023/05/09","10:00","0.461","-","1.25"
"2023/05/09","11:00","0.755","-","1.57"
"2023/05/09","12:00","1.003","-","1.8"
"2023/05/09","13:00","1.12","-","1.93"
"2023/05/09","14:00","1.104","-","1.97"
"2023/05/09","15:00","0.989","-","1.9"
"2023/05/09","16:00","0.8","-","1.67"
"2023/05/09","17:00","0.567","-","1.39"
"2023/05/09","18:00","0.346","-","1.16"
"2023/05/09","19:00","0.204","-","1.12"
"2023/05/09","20:00","0.18","-","1.08"
"2023/05/09","21:00","0.298","-","1.17"
"2023/05/09","22:00","0.564","-","1.39"
"2023/05/09","23:00","0.927","-","1.76"
"2023/05/10","00:00","1.267","-","2.01"
"2023/05/10","01:00","1.47","-","2.17"
"2023/05/10","02:00","1.506","-","2.22"
"2023/05/10","03:00","1.412","-","2.19"
"2023/05/10","04:00","1.229","-","2.03"
"2023/05/10","05:00","0.976","-","1.78"
"2023/05/10","06:00","0.694","-","1.45"
"2023/05/10","07:00","0.439","-","1.24"
"2023/05/10","08:00","0.259","-","1.01"
"2023/05/10","09:00","0.191","-","0.95"
"2023/05/10","10:00","0.267","-","1.01"
"2023/05/10","11:00","0.487","-","1.26"
"2023/05/10","12:00","0.773","-","1.57"
"2023/05/10","13:00","1.005","-","1.83"
"2023/05/10","14:00","1.109","-","1.93"
"2023/05/10","15:00","1.091","-","1.9"
"2023/05/10","16:00","0.985","-","1.8"
"2023/05/10","17:00","0.809","-","1.55"
"2023/05/10","18:00","0.588","-","1.3"
"2023/05/10","19:00","0.378","-","1.07"
"2023/05/10","20:00","0.237","-","0.93"
"2023/05/10","21:00","0.206","-","0.91"
"2023/05/10","22:00","0.314","-","0.96"
"2023/05/10","23:00","0.569","-","1.24"
"2023/05/11","00:00","0.915","-","1.53"
"2023/05/11","01:00","1.233","-","1.82"
"2023/05/11","02:00","1.418","-","1.95"
"2023/05/11","03:00","1.451","-","1.97"
"2023/05/11","04:00","1.37","-","1.92"
"2023/05/11","05:00","1.205","-","1.74"
"2023/05/11","06:00","0.969","-","1.48"
"2023/05/11","07:00","0.699","-","1.18"
"2023/05/11","08:00","0.449","-","0.91"
"2023/05/11","09:00","0.268","-","0.72"
"2023/05/11","10:00","0.198","-","0.62"
"2023/05/11","11:00","0.278","-","0.67"
"2023/05/11","12:00","0.502","-","0.88"
"2023/05/11","13:00","0.786","-","1.17"
"2023/05/11","14:00","1.012","-","1.37"
"2023/05/11","15:00","1.116","-","1.49"
"2023/05/11","16:00","1.11","-","1.48"
"2023/05/11","17:00","1.02","-","1.39"
"2023/05/11","18:00","0.855","-","1.16"
"2023/05/11","19:00","0.637","-","0.92"
"2023/05/11","20:00","0.422","-","0.74"
"2023/05/11","21:00","0.268","-","0.59"
"2023/05/11","22:00","0.217","-","0.52"
"2023/05/11","23:00","0.306","-","0.55"
"2023/05/12","00:00","0.544","-","0.75"
"2023/05/12","01:00","0.873","-","1.04"
"2023/05/12","02:00","1.173","-","1.3"
"2023/05/12","03:00","1.351","-","1.45"
"2023/05/12","04:00","1.395","-","1.51"
"2023/05/12","05:00","1.337","-","1.49"
"2023/05/12","06:00","1.191","-","1.34"
"2023/05/12","07:00","0.964","-","1.1"
"2023/05/12","08:00","0.696","-","0.82"
"2023/05/12","09:00","0.445","-","0.6"
"2023/05/12","10:00","0.26","-","0.45"
"2023/05/12","11:00","0.191","-","0.36"
"2023/05/12","12:00","0.279","-","0.41"
"2023/05/12","13:00","0.514","-","0.65"
"2023/05/12","14:00","0.803","-","0.94"
"2023/05/12","15:00","1.034","-","1.21"
"2023/05/12","16:00","1.152","-","1.34"
"2023/05/12","17:00","1.167","-","1.4"
"2023/05/12","18:00","1.092","-","1.34"
"2023/05/12","19:00","0.928","-","1.2"
"2023/05/12","20:00","0.7","-","0.97"
"2023/05/12","21:00","0.468","-","0.74"
"2023/05/12","22:00","0.291","-","0.58"
"2023/05/12","23:00","0.213","-","0.52"
"2023/05/13","00:00","0.278","-","0.55"
"2023/05/13","01:00","0.498","-","0.77"
"2023/05/13","02:00","0.812","-","1.05"
"2023/05/13","03:00","1.101","-","1.33"
"2023/05/13","04:00","1.283","-","1.48"
"2023/05/13","05:00","1.348","-","1.54"
"2023/05/13","06:00","1.312","-","1.52"
"2023/05/13","07:00","1.176","-","1.37"
"2023/05/13","08:00","0.948","-","1.11"
"2023/05/13","09:00","0.675","-","0.85"
"2023/05/13","10:00","0.42","-","0.63"
"2023/05/13","11:00","0.235","-","0.52"
"2023/05/13","12:00","0.173","-","0.48"
"2023/05/13","13:00","0.276","-","0.54"
"2023/05/13","14:00","0.527","-","0.82"
"2023/05/13","15:00","0.832","-","1.15"
"2023/05/13","16:00","1.079","-","1.43"
"2023/05/13","17:00","1.22","-","1.59"
"2023/05/13","18:00","1.257","-","1.72"
"2023/05/13","19:00","1.187","-","1.84"
"2023/05/13","20:00","1.012","-","1.69"
"2023/05/13","21:00","0.763","-","1.18"
"2023/05/13","22:00","0.506","-","0.86"
"2023/05/13","23:00","0.301","-","0.66"
"2023/05/14","00:00","0.196","-","0.55"
"2023/05/14","01:00","0.237","-","0.49"
"2023/05/14","02:00","0.441","-","0.63"
"2023/05/14","03:00","0.744","-","0.9"
"2023/05/14","04:00","1.033","-","1.26"
"2023/05/14","05:00","1.229","-","1.54"
"2023/05/14","06:00","1.314","-","1.67"
"2023/05/14","07:00","1.29","-","1.65"
"2023/05/14","08:00","1.15","-","1.51"
"2023/05/14","09:00","0.911","-","1.26"
"2023/05/14","10:00","0.631","-","0.94"
"2023/05/14","11:00","0.376","-","0.64"
"2023/05/14","12:00","0.197","-","0.47"
"2023/05/14","13:00","0.148","-","0.46"
"2023/05/14","14:00","0.274","-","0.63"
"2023/05/14","15:00","0.551","-","1"
"2023/05/14","16:00","0.88","-","1.37"
"2023/05/14","17:00","1.152","-","1.65"
"2023/05/14","18:00","1.316","-","1.79"
"2023/05/14","19:00","1.363","-","1.82"
"2023/05/14","20:00","1.285","-","1.78"
"2023/05/14","21:00","1.085","-","1.63"
"2023/05/14","22:00","0.811","-","1.39"
"2023/05/14","23:00","0.529","-","1.11"
"2023/05/15","00:00","0.298","-","0.96"
"2023/05/15","01:00","0.166","-","0.86"
"2023/05/15","02:00","0.19","-","0.95"
"2023/05/15","03:00","0.386","-","1.17"
"2023/05/15","04:00","0.69","-","1.54"
"2023/05/15","05:00","0.987","-","1.86"
"2023/05/15","06:00","1.196","-","2.08"
"2023/05/15","07:00","1.292","-","2.13"
"2023/05/15","08:00","1.264","-","2.06"
"2023/05/15","09:00","1.109","-","1.83"
"2023/05/15","10:00","0.855","-","1.51"
"2023/05/15","11:00","0.57","-","1.19"
"2023/05/15","12:00","0.318","-","0.93"
"2023/05/15","13:00","0.151","-","0.8"
"2023/05/15","14:00","0.123","-","0.73"
"2023/05/15","15:00","0.28","-","0.78"
"2023/05/15","16:00","0.593","-","1.04"
"2023/05/15","17:00","0.952","-","1.39"
"2023/05/15","18:00","1.247","-","1.67"
"2023/05/15","19:00","1.423","-","1.78"
"2023/05/15","20:00","1.464","-","1.75"
"2023/05/15","21:00","1.362","-","1.67"
"2023/05/15","22:00","1.133","-","1.46"
"2023/05/15","23:00","0.833","-","1.13"
"2023/05/16","00:00","0.531","-","0.84"
"2023/05/16","01:00","0.278","-","0.63"
"2023/05/16","02:00","0.129","-","0.49"
"2023/05/16","03:00","0.146","-","0.47"
"2023/05/16","04:00","0.349","-","0.6"
"2023/05/16","05:00","0.665","-","0.88"
"2023/05/16","06:00","0.973","-","1.17"
"2023/05/16","07:00","1.188","-","1.38"
"2023/05/16","08:00","1.278","-","1.4"
"2023/05/16","09:00","1.231","-","1.33"
"2023/05/16","10:00","1.052","-","1.2"
"2023/05/16","11:00","0.783","-","0.96"
"2023/05/16","12:00","0.498","-","0.64"
"2023/05/16","13:00","0.255","-","0.42"
"2023/05/16","14:00","0.105","-","0.33"
"2023/05/16","15:00","0.109","-","0.33"
"2023/05/16","16:00","0.307","-","0.48"
"2023/05/16","17:00","0.66","-","0.85"
"2023/05/16","18:00","1.046","-","1.28"
"2023/05/16","19:00","1.35","-","1.55"
"2023/05/16","20:00","1.518","-","1.71"
"2023/05/16","21:00","1.536","-","1.74"
"2023/05/16","22:00","1.401","-","1.51"
"2023/05/16","23:00","1.144","-","1.33"
"2023/05/17","00:00","0.825","-","0.95"
"2023/05/17","01:00","0.508","-","0.68"
"2023/05/17","02:00","0.243","-","0.47"
"2023/05/17","03:00","0.091","-","0.35"
"2023/05/17","04:00","0.121","-","0.36"
"2023/05/17","05:00","0.346","-","0.41"
"2023/05/17","06:00","0.679","-","0.76"
"2023/05/17","07:00","0.991","-","1.13"
"2023/05/17","08:00","1.196","-","1.37"
"2023/05/17","09:00","1.264","-","1.43"
"2023/05/17","10:00","1.188","-","1.38"
"2023/05/17","11:00","0.983","-","1.16"
"2023/05/17","12:00","0.704","-","0.89"
"2023/05/17","13:00","0.423","-","0.57"
"2023/05/17","14:00","0.195","-","0.39"
"2023/05/17","15:00","0.072","-","0.27"
"2023/05/17","16:00","0.118","-","0.37"
"2023/05/17","17:00","0.365","-","0.78"
"2023/05/17","18:00","0.754","-","1.26"
"2023/05/17","19:00","1.151","-","1.62"
"2023/05/17","20:00","1.442","-","1.84"
"2023/05/17","21:00","1.582","-","1.88"
"2023/05/17","22:00","1.563","-","1.82"
"2023/05/17","23:00","1.394","-","1.71"
"2023/05/18","00:00","1.112","-","1.52"
"2023/05/18","01:00","0.782","-","1.23"
"2023/05/18","02:00","0.462","-","0.96"
"2023/05/18","03:00","0.201","-","0.8"
"2023/05/18","04:00","0.067","-","0.75"
"2023/05/18","05:00","0.13","-","0.87"
"2023/05/18","06:00","0.385","-","1.21"
"2023/05/18","07:00","0.729","-","1.61"
"2023/05/18","08:00","1.03","-","1.9"
"2023/05/18","09:00","1.21","-","2.02"
"2023/05/18","10:00","1.245","-","2.03"
"2023/05/18","11:00","1.135","-","1.97"
"2023/05/18","12:00","0.907","-","1.74"
"2023/05/18","13:00","0.623","-","1.46"
"2023/05/18","14:00","0.353","-","1.18"
"2023/05/18","15:00","0.149","-","0.98"
"2023/05/18","16:00","0.065","-","0.94"
"2023/05/18","17:00","0.161","-","1.07"
"2023/05/18","18:00","0.455","-","1.42"
"2023/05/18","19:00","0.864","-","1.83"
"2023/05/18","20:00","1.249","-","2.21"
"2023/05/18","21:00","1.505","-","2.42"
"2023/05/18","22:00","1.602","-","2.5"
"2023/05/18","23:00","1.542","-","2.47"
"2023/05/19","00:00","1.341","-","2.3"
"2023/05/19","01:00","1.043","-","2.03"
"2023/05/19","02:00","0.712","-","1.73"
"2023/05/19","03:00","0.403","-","1.45"
"2023/05/19","04:00","0.166","-","1.28"
"2023/05/19","05:00","0.07","-","1.18"
"2023/05/19","06:00","0.176","-","1.23"
"2023/05/19","07:00","0.46","-","1.48"
"2023/05/19","08:00","0.801","-","1.8"
"2023/05/19","09:00","1.075","-","2.04"
"2023/05/19","10:00","1.217","-","2.14"
"2023/05/19","11:00","1.214","-","2.14"
"2023/05/19","12:00","1.073","-","2"
"2023/05/19","13:00","0.828","-","1.75"
"2023/05/19","14:00","0.546","-","1.46"
"2023/05/19","15:00","0.297","-","1.21"
"2023/05/19","16:00","0.129","-","1.06"
"2023/05/19","17:00","0.094","-","1"
"2023/05/19","18:00","0.242","-","1.14"
"2023/05/19","19:00","0.57","-","1.48"
"2023/05/19","20:00","0.976","-","1.91"
"2023/05/19","21:00","1.323","-","2.26"
"2023/05/19","22:00","1.529","-","2.42"
"2023/05/19","23:00","1.577","-","2.45"
"2023/05/20","00:00","1.477","-","2.39"
"2023/05/20","01:00","1.252","-","2.11"
"2023/05/20","02:00","0.948","-","1.77"
"2023/05/20","03:00","0.629","-","1.45"
"2023/05/20","04:00","0.348","-","1.18"
"2023/05/20","05:00","0.152","-","1.02"
"2023/05/20","06:00","0.106","-","0.97"
"2023/05/20","07:00","0.255","-","1.05"
"2023/05/20","08:00","0.553","-","1.27"
"2023/05/20","09:00","0.875","-","1.55"
"2023/05/20","10:00","1.109","-","1.78"
"2023/05/20","11:00","1.209","-","1.83"
"2023/05/20","12:00","1.17","-","1.77"
"2023/05/20","13:00","1.003","-","1.58"
"2023/05/20","14:00","0.75","-","1.29"
"2023/05/20","15:00","0.481","-","1"
"2023/05/20","16:00","0.265","-","0.8"
"2023/05/20","17:00","0.143","-","0.65"
"2023/05/20","18:00","0.159","-","0.69"
"2023/05/20","19:00","0.351","-","0.91"
"2023/05/20","20:00","0.692","-","1.25"
"2023/05/20","21:00","1.072","-","1.62"
"2023/05/20","22:00","1.366","-","1.91"
"2023/05/20","23:00","1.514","-","2.05"
"2023/05/21","00:00","1.515","-","2.05"
"2023/05/21","01:00","1.383","-","2.02"
"2023/05/21","02:00","1.142","-","1.91"
"2023/05/21","03:00","0.844","-","1.54"
"2023/05/21","04:00","0.552","-","1.15"
"2023/05/21","05:00","0.312","-","0.84"
"2023/05/21","06:00","0.166","-","0.64"
"2023/05/21","07:00","0.17","-","0.61"
"2023/05/21","08:00","0.351","-","0.73"
"2023/05/21","09:00","0.647","-","0.99"
"2023/05/21","10:00","0.936","-","1.27"
"2023/05/21","11:00","1.124","-","1.45"
"2023/05/21","12:00","1.183","-","1.53"
"2023/05/21","13:00","1.114","-","1.43"
"2023/05/21","14:00","0.93","-","1.16"
"2023/05/21","15:00","0.679","-","0.94"
"2023/05/21","16:00","0.436","-","0.66"
"2023/05/21","17:00","0.261","-","0.5"
"2023/05/21","18:00","0.189","-","0.46"
"2023/05/21","19:00","0.251","-","0.55"
"2023/05/21","20:00","0.47","-","0.78"
"2023/05/21","21:00","0.804","-","1.09"
"2023/05/21","22:00","1.141","-","1.42"
"2023/05/21","23:00","1.375","-","1.61"
"2023/05/22","00:00","1.469","-","1.67"
"2023/05/22","01:00","1.431","-","1.63"
"2023/05/22","02:00","1.275","-","1.56"
"2023/05/22","03:00","1.03","-","1.34"
"2023/05/22","04:00","0.75","-","1.15"
"2023/05/22","05:00","0.495","-","0.95"
"2023/05/22","06:00","0.301","-","0.76"
"2023/05/22","07:00","0.203","-","0.63"
"2023/05/22","08:00","0.247","-","0.65"
"2023/05/22","09:00","0.446","-","0.85"
"2023/05/22","10:00","0.726","-","1.16"
"2023/05/22","11:00","0.975","-","1.4"
"2023/05/22","12:00","1.12","-","1.55"
"2023/05/22","13:00","1.144","-","1.54"
"2023/05/22","14:00","1.052","-","1.46"
"2023/05/22","15:00","0.861","-","1.26"
"2023/05/22","16:00","0.624","-","1.11"
"2023/05/22","17:00","0.415","-","0.92"
"2023/05/22","18:00","0.285","-","0.81"
"2023/05/22","19:00","0.256","-","0.75"
"2023/05/22","20:00","0.35","-","0.89"
"2023/05/22","21:00","0.58","-","1.18"
"2023/05/22","22:00","0.892","-","1.48"
"2023/05/22","23:00","1.18","-","1.75"
"2023/05/23","00:00","1.358","-","1.91"
"2023/05/23","01:00","1.406","-","1.97"
"2023/05/23","02:00","1.339","-","1.93"
"2023/05/23","03:00","1.171","-","1.81"
"2023/05/23","04:00","0.931","-","1.63"
"2023/05/23","05:00","0.677","-","1.44"
"2023/05/23","06:00","0.461","-","1.29"
"2023/05/23","07:00","0.31","-","1.22"
"2023/05/23","08:00","0.251","-","1.22"
"2023/05/23","09:00","0.324","-","1.32"
"2023/05/23","10:00","0.528","-","1.58"
"2023/05/23","11:00","0.786","-","1.91"
"2023/05/23","12:00","0.995","-","2.09"
"2023/05/23","13:00","1.101","-","2.18"
"2023/05/23","14:00","1.098","-","2.14"
"2023/05/23","15:00","0.993","-","2.02"
"2023/05/23","16:00","0.804","-","1.86"
"2023/05/23","17:00","0.59","-","1.65"
"2023/05/23","18:00","0.417","-","1.51"
"2023/05/23","19:00","0.325","-","1.46"
"2023/05/23","20:00","0.327","-","1.54"
"2023/05/23","21:00","0.44","-","1.74"
"2023/05/23","22:00","0.669","-","1.96"
"2023/05/23","23:00","0.953","-","2.26"
"2023/05/24","00:00","1.193","-","2.52"
"2023/05/24","01:00","1.322","-","2.64"
"2023/05/24","02:00","1.336","-","2.66"
"2023/05/24","03:00","1.251","-","2.59"
"2023/05/24","04:00","1.08","-","2.45"
"2023/05/24","05:00","0.854","-","2.24"
"2023/05/24","06:00","0.628","-","2.01"
"2023/05/24","07:00","0.445","-","1.83"
"2023/05/24","08:00","0.326","-","1.72"
"2023/05/24","09:00","0.298","-","1.68"
"2023/05/24","10:00","0.392","-","1.77"
"2023/05/24","11:00","0.597","-","1.93"
"2023/05/24","12:00","0.832","-","2.17"
"2023/05/24","13:00","1.005","-","2.31"
"2023/05/24","14:00","1.08","-","2.35"
"2023/05/24","15:00","1.059","-","2.28"
"2023/05/24","16:00","0.948","-","2.17"
"2023/05/24","17:00","0.769","-","2.01"
"2023/05/24","18:00","0.576","-","1.8"
"2023/05/24","19:00","0.433","-","1.62"
"2023/05/24","20:00","0.366","-","1.55"
"2023/05/24","21:00","0.387","-","1.53"
"2023/05/24","22:00","0.512","-","1.65"
"2023/05/24","23:00","0.734","-","1.89"
"2023/05/25","00:00","0.99","-","2.17"
"2023/05/25","01:00","1.186","-","2.34"
"2023/05/25","02:00","1.276","-","2.4"
"2023/05/25","03:00","1.267","-","2.45"
"2023/05/25","04:00","1.175","-","2.57"
"2023/05/25","05:00","1.007","-","2.47"
"2023/05/25","06:00","0.795","-","2.18"
"2023/05/25","07:00","0.59","-","1.9"
"2023/05/25","08:00","0.432","-","1.84"
"2023/05/25","09:00","0.339","-","1.73"
"2023/05/25","10:00","0.337","-","1.79"
"2023/05/25","11:00","0.452","-","1.85"
"2023/05/25","12:00","0.658","-","2"
"2023/05/25","13:00","0.871","-","2.16"
"2023/05/25","14:00","1.014","-","2.2"
"2023/05/25","15:00","1.067","-","2.22"
"2023/05/25","16:00","1.037","-","2.2"
"2023/05/25","17:00","0.926","-","2.1"
"2023/05/25","18:00","0.755","-","1.97"
"2023/05/25","19:00","0.578","-","1.77"
"2023/05/25","20:00","0.451","-","1.61"
"2023/05/25","21:00","0.399","-","1.55"
"2023/05/25","22:00","0.431","-","1.59"
"2023/05/25","23:00","0.562","-","1.74"
"2023/05/26","00:00","0.776","-","1.97"
"2023/05/26","01:00","1.004","-","2.16"
"2023/05/26","02:00","1.165","-","2.3"
"2023/05/26","03:00","1.227","-","2.35"
"2023/05/26","04:00","1.206","-","2.32"
"2023/05/26","05:00","1.112","-","2.27"
"2023/05/26","06:00","0.948","-","2.12"
"2023/05/26","07:00","0.743","-","1.99"
"2023/05/26","08:00","0.552","-","1.85"
"2023/05/26","09:00","0.413","-","1.74"
"2023/05/26","10:00","0.344","-","1.66"
"2023/05/26","11:00","0.37","-","1.65"
"2023/05/26","12:00","0.507","-","1.8"
"2023/05/26","13:00","0.716","-","1.96"
"2023/05/26","14:00","0.912","-","2.12"
"2023/05/26","15:00","1.034","-","2.2"
"2023/05/26","16:00","1.074","-","2.19"
"2023/05/26","17:00","1.039","-","2.15"
"2023/05/26","18:00","0.927","-","1.98"
"2023/05/26","19:00","0.756","-","1.76"
"2023/05/26","20:00","0.583","-","1.59"
"2023/05/26","21:00","0.463","-","1.42"
"2023/05/26","22:00","0.418","-","1.37"
"2023/05/26","23:00","0.457","-","1.41"
"2023/05/27","00:00","0.592","-","1.49"
"2023/05/27","01:00","0.798","-","1.7"
"2023/05/27","02:00","1.002","-","1.85"
"2023/05/27","03:00","1.135","-","1.97"
"2023/05/27","04:00","1.181","-","2.05"
"2023/05/27","05:00","1.156","-","2.05"
"2023/05/27","06:00","1.06","-","1.97"
"2023/05/27","07:00","0.892","-","1.78"
"2023/05/27","08:00","0.688","-","1.62"
"2023/05/27","09:00","0.506","-","1.42"
"2023/05/27","10:00","0.384","-","1.33"
"2023/05/27","11:00","0.342","-","1.31"
"2023/05/27","12:00","0.4","-","1.36"
"2023/05/27","13:00","0.562","-","1.55"
"2023/05/27","14:00","0.777","-","1.71"
"2023/05/27","15:00","0.963","-","1.84"
"2023/05/27","16:00","1.073","-","1.91"
"2023/05/27","17:00","1.106","-","1.94"
"2023/05/27","18:00","1.066","-","1.91"
"2023/05/27","19:00","0.943","-","1.78"
"2023/05/27","20:00","0.761","-","1.62"
"2023/05/27","21:00","0.583","-","1.41"
"2023/05/27","22:00","0.463","-","1.31"
"2023/05/27","23:00","0.421","-","1.29"
"2023/05/28","00:00","0.466","-","1.31"
"2023/05/28","01:00","0.604","-","1.48"
"2023/05/28","02:00","0.804","-","1.67"
"2023/05/28","03:00","0.991","-","1.83"
"2023/05/28","04:00","1.107","-","1.93"
"2023/05/28","05:00","1.146","-","1.89"
"2023/05/28","06:00","1.117","-","1.87"
"2023/05/28","07:00","1.012","-","1.78"
"2023/05/28","08:00","0.832","-","1.64"
"2023/05/28","09:00","0.623","-","1.42"
"2023/05/28","10:00","0.449","-","1.29"
"2023/05/28","11:00","0.348","-","1.16"
"2023/05/28","12:00","0.337","-","1.16"
"2023/05/28","13:00","0.43","-","1.25"
"2023/05/28","14:00","0.621","-","1.49"
"2023/05/28","15:00","0.847","-","1.62"
"2023/05/28","16:00","1.031","-","1.81"
"2023/05/28","17:00","1.136","-","1.86"
"2023/05/28","18:00","1.162","-","1.94"
"2023/05/28","19:00","1.107","-","1.85"
"2023/05/28","20:00","0.962","-","1.71"
"2023/05/28","21:00","0.76","-","1.51"
"2023/05/28","22:00","0.571","-","1.32"
"2023/05/28","23:00","0.449","-","1.18"
"2023/05/29","00:00","0.408","-","1.1"
"2023/05/29","01:00","0.459","-","1.18"
"2023/05/29","02:00","0.601","-","1.35"
"2023/05/29","03:00","0.8","-","1.52"
"2023/05/29","04:00","0.98","-","1.7"
"2023/05/29","05:00","1.089","-","1.79"
"2023/05/29","06:00","1.124","-","1.82"
"2023/05/29","07:00","1.086","-","1.79"
"2023/05/29","08:00","0.962","-","1.69"
"2023/05/29","09:00","0.763","-","1.4"
"2023/05/29","10:00","0.548","-","1.24"
"2023/05/29","11:00","0.386","-","1.05"
"2023/05/29","12:00","0.31","-","1.04"
"2023/05/29","13:00","0.332","-","1.06"
"2023/05/29","14:00","0.464","-","1.18"
"2023/05/29","15:00","0.686","-","1.39"
"2023/05/29","16:00","0.931","-","1.66"
"2023/05/29","17:00","1.119","-","1.91"
"2023/05/29","18:00","1.219","-","2.05"
"2023/05/29","19:00","1.231","-","2.05"
"2023/05/29","20:00","1.149","-","1.94"
"2023/05/29","21:00","0.971","-","1.75"
"2023/05/29","22:00","0.746","-","1.58"
"2023/05/29","23:00","0.545","-","1.39"
"2023/05/30","00:00","0.419","-","1.21"
"2023/05/30","01:00","0.378","-","1.07"
"2023/05/30","02:00","0.435","-","1.29"
"2023/05/30","03:00","0.589","-","1.43"
"2023/05/30","04:00","0.797","-","1.7"
"2023/05/30","05:00","0.98","-","1.84"
"2023/05/30","06:00","1.089","-","2.03"
"2023/05/30","07:00","1.115","-","2.02"
"2023/05/30","08:00","1.058","-","2.04"
"2023/05/30","09:00","0.907","-","1.88"
"2023/05/30","10:00","0.688","-","1.68"
"2023/05/30","11:00","0.47","-","1.57"
"2023/05/30","12:00","0.322","-","1.38"
"2023/05/30","13:00","0.271","-","1.43"
"2023/05/30","14:00","0.328","-","1.47"
"2023/05/30","15:00","0.503","-","1.61"
"2023/05/30","16:00","0.765","-","1.89"
"2023/05/30","17:00","1.033","-","2.18"
"2023/05/30","18:00","1.226","-","2.37"
"2023/05/30","19:00","1.315","-","2.46"
"2023/05/30","20:00","1.299","-","2.47"
"2023/05/30","21:00","1.178","-","2.43"
"2023/05/30","22:00","0.964","-","2.25"
"2023/05/30","23:00","0.714","-","2.04"
"2023/05/31","00:00","0.503","-","1.83"
"2023/05/31","01:00","0.371","-","1.75"
"2023/05/31","02:00","0.332","-","1.77"
"2023/05/31","03:00","0.401","-","1.83"
"2023/05/31","04:00","0.578","-","2"
"2023/05/31","05:00","0.807","-","2.23"
"2023/05/31","06:00","1","-","2.4"
"2023/05/31","07:00","1.105","-","2.53"
"2023/05/31","08:00","1.114","-","2.53"
"2023/05/31","09:00","1.028","-","2.43"
"2023/05/31","10:00","0.847","-","2.22"
"2023/05/31","11:00","0.61","-","1.95"
"2023/05/31","12:00","0.393","-","1.73"
"2023/05/31","13:00","0.259","-","1.56"
"2023/05/31","14:00","0.234","-","1.47"
"2023/05/31","15:00","0.33","-","1.52"
"2023/05/31","16:00","0.554","-","1.66"
"2023/05/31","17:00","0.861","-","1.97"
"2023/05/31","18:00","1.152","-","2.25"
"2023/05/31","19:00","1.342","-","2.44"
"2023/05/31","20:00","1.406","-","2.53"
"2023/05/31","21:00","1.353","-","2.48"
"2023/05/31","22:00","1.188","-","2.32"
"2023/05/31","23:00","0.938","-","2.05"
"2023/06/01","00:00","0.666","-","1.73"
"2023/06/01","01:00","0.443","-","1.49"
"2023/06/01","02:00","0.306","-","1.32"
"2023/06/01","03:00","0.275","-","1.27"
"2023/06/01","04:00","0.37","-","1.33"
"2023/06/01","05:00","0.582","-","1.52"
"2023/06/01","06:00","0.837","-","1.77"
"2023/06/01","07:00","1.037","-","1.98"
"2023/06/01","08:00","1.13","-","2.05"
"2023/06/01","09:00","1.113","-","2.02"
"2023/06/01","10:00","0.993","-","1.86"
"2023/06/01","11:00","0.783","-","1.61"
"2023/06/01","12:00","0.532","-","1.33"
"2023/06/01","13:00","0.318","-","1.09"
"2023/06/01","14:00","0.199","-","0.96"
"2023/06/01","15:00","0.202","-","0.95"
"2023/06/01","16:00","0.345","-","1.06"
"2023/06/01","17:00","0.624","-","1.4"
"2023/06/01","18:00","0.974","-","1.72"
"2023/06/01","19:00","1.279","-","1.99"
"2023/06/01","20:00","1.452","-","2.11"
"2023/06/01","21:00","1.481","-","2.13"
"2023/06/01","22:00","1.383","-","2.06"
"2023/06/01","23:00","1.176","-","1.88"
"2023/06/02","00:00","0.893","-","1.59"
"2023/06/02","01:00","0.602","-","1.29"
"2023/06/02","02:00","0.37","-","1.06"
"2023/06/02","03:00","0.234","-","0.93"
"2023/06/02","04:00","0.221","-","0.91"
"2023/06/02","05:00","0.354","-","1.03"
"2023/06/02","06:00","0.607","-","1.28"
"2023/06/02","07:00","0.886","-","1.57"
"2023/06/02","08:00","1.082","-","1.77"
"2023/06/02","09:00","1.153","-","1.85"
"2023/06/02","10:00","1.104","-","1.78"
"2023/06/02","11:00","0.952","-","1.62"
"2023/06/02","12:00","0.718","-","1.41"
"2023/06/02","13:00","0.457","-","1.13"
"2023/06/02","14:00","0.248","-","0.94"
"2023/06/02","15:00","0.147","-","0.81"
"2023/06/02","16:00","0.184","-","0.82"
"2023/06/02","17:00","0.378","-","1.09"
"2023/06/02","18:00","0.712","-","1.45"
"2023/06/02","19:00","1.095","-","1.84"
"2023/06/02","20:00","1.398","-","2.13"
"2023/06/02","21:00","1.542","-","2.24"
"2023/06/02","22:00","1.53","-","2.22"
"2023/06/02","23:00","1.39","-","2.12"
"2023/06/03","00:00","1.145","-","1.9"
"2023/06/03","01:00","0.836","-","1.57"
"2023/06/03","02:00","0.531","-","1.25"
"2023/06/03","03:00","0.294","-","1.06"
"2023/06/03","04:00","0.168","-","0.93"
"2023/06/03","05:00","0.184","-","0.95"
"2023/06/03","06:00","0.361","-","1.15"
"2023/06/03","07:00","0.652","-","1.52"
"2023/06/03","08:00","0.942","-","1.82"
"2023/06/03","09:00","1.123","-","1.98"
"2023/06/03","10:00","1.166","-","2.05"
"2023/06/03","11:00","1.087","-","1.99"
"2023/06/03","12:00","0.907","-","1.82"
"2023/06/03","13:00","0.653","-","1.59"
"2023/06/03","14:00","0.386","-","1.36"
"2023/06/03","15:00","0.187","-","1.22"
"2023/06/03","16:00","0.109","-","1.21"
"2023/06/03","17:00","0.185","-","1.38"
"2023/06/03","18:00","0.431","-","1.61"
"2023/06/03","19:00","0.809","-","2.09"
"2023/06/03","20:00","1.207","-","2.5"
"2023/06/03","21:00","1.493","-","2.8"
"2023/06/03","22:00","1.602","-","2.87"
"2023/06/03","23:00","1.551","-","2.88"
"2023/06/04","00:00","1.376","-","2.74"
"2023/06/04","01:00","1.102","-","2.54"
"2023/06/04","02:00","0.774","-","2.28"
"2023/06/04","03:00","0.461","-","2.06"
"2023/06/04","04:00","0.23","-","1.88"
"2023/06/04","05:00","0.122","-","1.86"
"2023/06/04","06:00","0.173","-","1.94"
"2023/06/04","07:00","0.39","-","2.21"
"2023/06/04","08:00","0.706","-","2.47"
"2023/06/04","09:00","0.993","-","2.7"
"2023/06/04","10:00","1.152","-","2.84"
"2023/06/04","11:00","1.166","-","2.86"
"2023/06/04","12:00","1.062","-","2.78"
"2023/06/04","13:00","0.861","-","2.57"
"2023/06/04","14:00","0.594","-","2.29"
"2023/06/04","15:00","0.328","-","2.04"
"2023/06/04","16:00","0.143","-","1.86"
"2023/06/04","17:00","0.092","-","1.8"
"2023/06/04","18:00","0.206","-","1.9"
"2023/06/04","19:00","0.493","-","2.2"
"2023/06/04","20:00","0.898","-","2.58"
"2023/06/04","21:00","1.294","-","2.92"
"2023/06/04","22:00","1.552","-","3.12"
"2023/06/04","23:00","1.627","-","3.16"
"2023/06/05","00:00","1.547","-","3.07"
"2023/06/05","01:00","1.347","-","2.86"
"2023/06/05","02:00","1.053","-","2.53"
"2023/06/05","03:00","0.716","-","2.17"
"2023/06/05","04:00","0.406","-","1.88"
"2023/06/05","05:00","0.187","-","1.68"
"2023/06/05","06:00","0.102","-","1.6"
"2023/06/05","07:00","0.185","-","1.62"
"2023/06/05","08:00","0.432","-","1.85"
"2023/06/05","09:00","0.758","-","2.19"
"2023/06/05","10:00","1.032","-","2.47"
"2023/06/05","11:00","1.167","-","2.6"
"2023/06/05","12:00","1.159","-","2.59"
"2023/06/05","13:00","1.036","-","2.4"
"2023/06/05","14:00","0.821","-","2.13"
"2023/06/05","15:00","0.548","-","1.82"
"2023/06/05","16:00","0.29","-","1.55"
"2023/06/05","17:00","0.123","-","1.36"
"2023/06/05","18:00","0.097","-","1.29"
"2023/06/05","19:00","0.238","-","1.38"
"2023/06/05","20:00","0.549","-","1.69"
"2023/06/05","21:00","0.962","-","2.1"
"2023/06/05","22:00","1.343","-","2.43"
"2023/06/05","23:00","1.572","-","2.62"
"2023/06/06","00:00","1.62","-","2.65"
"2023/06/06","01:00","1.521","-","2.56"
"2023/06/06","02:00","1.307","-","2.32"
"2023/06/06","03:00","1.006","-","1.99"
"2023/06/06","04:00","0.669","-","1.64"
"2023/06/06","05:00","0.371","-","1.36"
"2023/06/06","06:00","0.168","-","1.15"
"2023/06/06","07:00","0.104","-","1.05"
"2023/06/06","08:00","0.211","-","1.12"
"2023/06/06","09:00","0.475","-","1.37"
"2023/06/06","10:00","0.802","-","1.69"
"2023/06/06","11:00","1.06","-","1.95"
"2023/06/06","12:00","1.175","-","2.07"
"2023/06/06","13:00","1.152","-","2.01"
"2023/06/06","14:00","1.019","-","1.9"
"2023/06/06","15:00","0.797","-","1.62"
"2023/06/06","16:00","0.527","-","1.33"
"2023/06/06","17:00","0.281","-","1.09"
"2023/06/06","18:00","0.13","-","0.95"
"2023/06/06","19:00","0.117","-","0.93"
"2023/06/06","20:00","0.27","-","1.11"
"2023/06/06","21:00","0.587","-","1.47"
"2023/06/06","22:00","0.993","-","1.88"
"2023/06/06","23:00","1.351","-","2.21"
"2023/06/07","00:00","1.555","-","2.36"
"2023/06/07","01:00","1.585","-","2.41"
"2023/06/07","02:00","1.477","-","2.36"
"2023/06/07","03:00","1.261","-","2.22"
"2023/06/07","04:00","0.963","-","2.09"
"2023/06/07","05:00","0.637","-","1.66"
"2023/06/07","06:00","0.354","-","1.27"
"2023/06/07","07:00","0.166","-","1.04"
"2023/06/07","08:00","0.117","-","0.99"
"2023/06/07","09:00","0.24","-","1.09"
"2023/06/07","10:00","0.515","-","1.35"
"2023/06/07","11:00","0.839","-","1.68"
"2023/06/07","12:00","1.083","-","1.96"
"2023/06/07","13:00","1.185","-","2.08"
"2023/06/07","14:00","1.155","-","2.07"
"2023/06/07","15:00","1.02","-","1.96"
"2023/06/07","16:00","0.8","-","1.72"
"2023/06/07","17:00","0.537","-","1.44"
"2023/06/07","18:00","0.301","-","1.2"
"2023/06/07","19:00","0.155","-","1.06"
"2023/06/07","20:00","0.141","-","1.03"
"2023/06/07","21:00","0.29","-","1.21"
"2023/06/07","22:00","0.6","-","1.49"
"2023/06/07","23:00","0.989","-","1.87"
"2023/06/08","00:00","1.324","-","2.18"
"2023/06/08","01:00","1.506","-","2.37"
"2023/06/08","02:00","1.527","-","2.41"
"2023/06/08","03:00","1.421","-","2.37"
"2023/06/08","04:00","1.212","-","2.17"
"2023/06/08","05:00","0.925","-","1.91"
"2023/06/08","06:00","0.614","-","1.59"
"2023/06/08","07:00","0.345","-","1.35"
"2023/06/08","08:00","0.167","-","1.23"
"2023/06/08","09:00","0.13","-","1.19"
"2023/06/08","10:00","0.267","-","1.35"
"2023/06/08","11:00","0.552","-","1.61"
"2023/06/08","12:00","0.874","-","2.02"
"2023/06/08","13:00","1.108","-","2.38"
"2023/06/08","14:00","1.204","-","2.58"
"2023/06/08","15:00","1.176","-","2.49"
"2023/06/08","16:00","1.047","-","2.19"
"2023/06/08","17:00","0.833","-","1.92"
"2023/06/08","18:00","0.577","-","1.6"
"2023/06/08","19:00","0.343","-","1.36"
"2023/06/08","20:00","0.19","-","1.11"
"2023/06/08","21:00","0.162","-","1.1"
"2023/06/08","22:00","0.295","-","1.31"
"2023/06/08","23:00","0.59","-","1.68"
"2023/06/09","00:00","0.958","-","2.09"
"2023/06/09","01:00","1.268","-","2.33"
"2023/06/09","02:00","1.433","-","2.47"
"2023/06/09","03:00","1.454","-","2.54"
"2023/06/09","04:00","1.358","-","2.48"
"2023/06/09","05:00","1.161","-","2.28"
"2023/06/09","06:00","0.888","-","2.02"
"2023/06/09","07:00","0.591","-","1.73"
"2023/06/09","08:00","0.332","-","1.45"
"2023/06/09","09:00","0.164","-","1.27"
"2023/06/09","10:00","0.139","-","1.2"
"2023/06/09","11:00","0.294","-","1.29"
"2023/06/09","12:00","0.59","-","1.6"
"2023/06/09","13:00","0.912","-","1.9"
"2023/06/09","14:00","1.142","-","2.17"
"2023/06/09","15:00","1.239","-","2.3"
"2023/06/09","16:00","1.221","-","2.3"
"2023/06/09","17:00","1.101","-","2.17"
"2023/06/09","18:00","0.892","-","1.85"
"2023/06/09","19:00","0.636","-","1.57"
"2023/06/09","20:00","0.395","-","1.37"
"2023/06/09","21:00","0.225","-","1.2"
"2023/06/09","22:00","0.175","-","1.14"
"2023/06/09","23:00","0.29","-","1.29"
"2023/06/10","00:00","0.564","-","1.54"
"2023/06/10","01:00","0.908","-","1.86"
"2023/06/10","02:00","1.193","-","2.13"
"2023/06/10","03:00","1.348","-","2.29"
"2023/06/10","04:00","1.375","-","2.3"
"2023/06/10","05:00","1.293","-","2.17"
"2023/06/10","06:00","1.109","-","1.88"
"2023/06/10","07:00","0.845","-","1.57"
"2023/06/10","08:00","0.559","-","1.25"
"2023/06/10","09:00","0.31","-","1.02"
"2023/06/10","10:00","0.155","-","0.88"
"2023/06/10","11:00","0.148","-","0.87"
"2023/06/10","12:00","0.323","-","1.08"
"2023/06/10","13:00","0.632","-","1.41"
"2023/06/10","14:00","0.955","-","1.78"
"2023/06/10","15:00","1.185","-","2"
"2023/06/10","16:00","1.291","-","2.09"
"2023/06/10","17:00","1.286","-","2.15"
"2023/06/10","18:00","1.174","-","2.04"
"2023/06/10","19:00","0.964","-","1.82"
"2023/06/10","20:00","0.7","-","1.54"
"2023/06/10","21:00","0.445","-","1.25"
"2023/06/10","22:00","0.255","-","1.02"
"2023/06/10","23:00","0.183","-","0.93"
"2023/06/11","00:00","0.277","-","0.99"
"2023/06/11","01:00","0.529","-","1.3"
"2023/06/11","02:00","0.847","-","1.61"
"2023/06/11","03:00","1.113","-","1.87"
"2023/06/11","04:00","1.264","-","2"
"2023/06/11","05:00","1.301","-","2.04"
"2023/06/11","06:00","1.231","-","1.97"
"2023/06/11","07:00","1.053","-","1.79"
"2023/06/11","08:00","0.794","-","1.53"
"2023/06/11","09:00","0.516","-","1.27"
"2023/06/11","10:00","0.281","-","1.09"
"2023/06/11","11:00","0.143","-","0.96"
"2023/06/11","12:00","0.159","-","0.96"
"2023/06/11","13:00","0.356","-","1.11"
"2023/06/11","14:00","0.676","-","1.42"
"2023/06/11","15:00","1.002","-","1.79"
"2023/06/11","16:00","1.237","-","2.06"
"2023/06/11","17:00","1.356","-","2.18"
"2023/06/11","18:00","1.361","-","2.24"
"2023/06/11","19:00","1.249","-","2.13"
"2023/06/11","20:00","1.029","-","1.81"
"2023/06/11","21:00","0.753","-","1.4"
"2023/06/11","22:00","0.484","-","1.1"
"2023/06/11","23:00","0.276","-","0.92"
"2023/06/12","00:00","0.185","-","0.86"
"2023/06/12","01:00","0.26","-","0.94"
"2023/06/12","02:00","0.492","-","1.19"
"2023/06/12","03:00","0.79","-","1.55"
"2023/06/12","04:00","1.042","-","1.84"
"2023/06/12","05:00","1.195","-","2.02"
"2023/06/12","06:00","1.241","-","2.06"
"2023/06/12","07:00","1.175","-","2.03"
"2023/06/12","08:00","0.994","-","1.81"
"2023/06/12","09:00","0.736","-","1.56"
"2023/06/12","10:00","0.467","-","1.27"
"2023/06/12","11:00","0.249","-","1.1"
"2023/06/12","12:00","0.133","-","1.02"
"2023/06/12","13:00","0.174","-","1.02"
"2023/06/12","14:00","0.391","-","1.24"
"2023/06/12","15:00","0.723","-","1.66"
"2023/06/12","16:00","1.054","-","2.05"
"2023/06/12","17:00","1.297","-","2.31"
"2023/06/12","18:00","1.425","-","2.37"
"2023/06/12","19:00","1.431","-","2.31"
"2023/06/12","20:00","1.308","-","2.19"
"2023/06/12","21:00","1.074","-","1.91"
"2023/06/12","22:00","0.786","-","1.84"
"2023/06/12","23:00","0.507","-","1.54"
"2023/06/13","00:00","0.286","-","1.33"
"2023/06/13","01:00","0.18","-","1.18"
"2023/06/13","02:00","0.242","-","1.15"
"2023/06/13","03:00","0.461","-","1.26"
"2023/06/13","04:00","0.748","-","1.54"
"2023/06/13","05:00","0.996","-","1.77"
"2023/06/13","06:00","1.152","-","1.92"
"2023/06/13","07:00","1.2","-","1.9"
"2023/06/13","08:00","1.126","-","1.85"
"2023/06/13","09:00","0.935","-","1.63"
"2023/06/13","10:00","0.676","-","1.37"
"2023/06/13","11:00","0.42","-","1.11"
"2023/06/13","12:00","0.222","-","0.96"
"2023/06/13","13:00","0.128","-","0.91"
"2023/06/13","14:00","0.191","-","0.97"
"2023/06/13","15:00","0.429","-","1.28"
"2023/06/13","16:00","0.775","-","1.6"
"2023/06/13","17:00","1.113","-","1.86"
"2023/06/13","18:00","1.359","-","2.01"
"2023/06/13","19:00","1.486","-","2.08"
"2023/06/13","20:00","1.48","-","2.05"
"2023/06/13","21:00","1.338","-","1.98"
"2023/06/13","22:00","1.088","-","1.75"
"2023/06/13","23:00","0.793","-","1.45"
"2023/06/14","00:00","0.508","-","1.18"
"2023/06/14","01:00","0.28","-","1.03"
"2023/06/14","02:00","0.168","-","0.97"
"2023/06/14","03:00","0.228","-","1.06"
"2023/06/14","04:00","0.448","-","1.29"
"2023/06/14","05:00","0.734","-","1.58"
"2023/06/14","06:00","0.983","-","1.83"
"2023/06/14","07:00","1.138","-","1.98"
"2023/06/14","08:00","1.175","-","2.03"
"2023/06/14","09:00","1.082","-","1.97"
"2023/06/14","10:00","0.877","-","1.75"
"2023/06/14","11:00","0.62","-","1.49"
"2023/06/14","12:00","0.378","-","1.24"
"2023/06/14","13:00","0.199","-","1.05"
"2023/06/14","14:00","0.126","-","0.98"
"2023/06/14","15:00","0.214","-","1.12"
"2023/06/14","16:00","0.476","-","1.3"
"2023/06/14","17:00","0.836","-","1.61"
"2023/06/14","18:00","1.177","-","1.97"
"2023/06/14","19:00","1.417","-","2.22"
"2023/06/14","20:00","1.528","-","2.33"
"2023/06/14","21:00","1.498","-","2.34"
"2023/06/14","22:00","1.331","-","2.18"
"2023/06/14","23:00","1.068","-","1.88"
"2023/06/15","00:00","0.77","-","1.56"
"2023/06/15","01:00","0.486","-","1.29"
"2023/06/15","02:00","0.258","-","1.13"
"2023/06/15","03:00","0.152","-","1.03"
"2023/06/15","04:00","0.227","-","1.1"
"2023/06/15","05:00","0.462","-","1.32"
"2023/06/15","06:00","0.756","-","1.63"
"2023/06/15","07:00","1.002","-","1.87"
"2023/06/15","08:00","1.144","-","2.02"
"2023/06/15","09:00","1.159","-","2"
"2023/06/15","10:00","1.043","-","1.94"
"2023/06/15","11:00","0.824","-","1.68"
"2023/06/15","12:00","0.569","-","1.43"
"2023/06/15","13:00","0.341","-","1.19"
"2023/06/15","14:00","0.179","-","1.05"
"2023/06/15","15:00","0.131","-","1.04"
"2023/06/15","16:00","0.25","-","1.18"
"2023/06/15","17:00","0.539","-","1.54"
"2023/06/15","18:00","0.911","-","1.92"
"2023/06/15","19:00","1.244","-","2.21"
"2023/06/15","20:00","1.462","-","2.37"
"2023/06/15","21:00","1.543","-","2.39"
"2023/06/15","22:00","1.481","-","2.33"
"2023/06/15","23:00","1.29","-","2.15"
"2023/06/16","00:00","1.017","-","1.85"
"2023/06/16","01:00","0.72","-","1.59"
"2023/06/16","02:00","0.441","-","1.33"
"2023/06/16","03:00","0.224","-","1.18"
"2023/06/16","04:00","0.143","-","1.11"
"2023/06/16","05:00","0.25","-","1.15"
"2023/06/16","06:00","0.51","-","1.4"
"2023/06/16","07:00","0.809","-","1.75"
"2023/06/16","08:00","1.042","-","1.98"
"2023/06/16","09:00","1.16","-","2.09"
"2023/06/16","10:00","1.145","-","2.09"
"2023/06/16","11:00","1.003","-","1.96"
"2023/06/16","12:00","0.772","-","1.77"
"2023/06/16","13:00","0.521","-","1.53"
"2023/06/16","14:00","0.307","-","1.37"
"2023/06/16","15:00","0.166","-","1.28"
"2023/06/16","16:00","0.149","-","1.3"
"2023/06/16","17:00","0.307","-","1.47"
"2023/06/16","18:00","0.623","-","1.79"
"2023/06/16","19:00","0.996","-","2.1"
"2023/06/16","20:00","1.305","-","2.41"
"2023/06/16","21:00","1.487","-","2.45"
"2023/06/16","22:00","1.529","-","2.67"
"2023/06/16","23:00","1.432","-","2.42"
"2023/06/17","00:00","1.219","-","2.28"
"2023/06/17","01:00","0.939","-","2.01"
"2023/06/17","02:00","0.647","-","1.77"
"2023/06/17","03:00","0.382","-","1.51"
"2023/06/17","04:00","0.192","-","1.28"
"2023/06/17","05:00","0.153","-","1.22"
"2023/06/17","06:00","0.303","-","1.3"
"2023/06/17","07:00","0.585","-","1.56"
"2023/06/17","08:00","0.878","-","1.87"
"2023/06/17","09:00","1.087","-","2.01"
"2023/06/17","10:00","1.171","-","2.08"
"2023/06/17","11:00","1.125","-","2.01"
"2023/06/17","12:00","0.957","-","1.87"
"2023/06/17","13:00","0.716","-","1.62"
"2023/06/17","14:00","0.472","-","1.29"
"2023/06/17","15:00","0.276","-","1.11"
"2023/06/17","16:00","0.166","-","1.05"
"2023/06/17","17:00","0.191","-","1.07"
"2023/06/17","18:00","0.389","-","1.33"
"2023/06/17","19:00","0.725","-","1.64"
"2023/06/17","20:00","1.083","-","1.99"
"2023/06/17","21:00","1.354","-","2.21"
"2023/06/17","22:00","1.49","-","2.29"
"2023/06/17","23:00","1.489","-","2.26"
"2023/06/18","00:00","1.36","-","2.1"
"2023/06/18","01:00","1.126","-","1.89"
"2023/06/18","02:00","0.843","-","1.61"
"2023/06/18","03:00","0.562","-","1.35"
"2023/06/18","04:00","0.323","-","1.15"
"2023/06/18","05:00","0.177","-","1.09"
"2023/06/18","06:00","0.19","-","1.11"
"2023/06/18","07:00","0.381","-","1.26"
"2023/06/18","08:00","0.674","-","1.52"
"2023/06/18","09:00","0.948","-","1.85"
"2023/06/18","10:00","1.122","-","2"
"2023/06/18","11:00","1.17","-","2.01"
"2023/06/18","12:00","1.092","-","1.93"
"2023/06/18","13:00","0.903","-","1.74"
"2023/06/18","14:00","0.657","-","1.52"
"2023/06/18","15:00","0.425","-","1.27"
"2023/06/18","16:00","0.257","-","1.08"
"2023/06/18","17:00","0.186","-","0.97"
"2023/06/18","18:00","0.258","-","1.09"
"2023/06/18","19:00","0.492","-","1.37"
"2023/06/18","20:00","0.833","-","1.71"
"2023/06/18","21:00","1.161","-","1.98"
"2023/06/18","22:00","1.383","-","2.15"
"2023/06/18","23:00","1.471","-","2.21"
"2023/06/19","00:00","1.43","-","2.18"
"2023/06/19","01:00","1.27","-","2.08"
"2023/06/19","02:00","1.021","-","1.83"
"2023/06/19","03:00","0.741","-","1.57"
"2023/06/19","04:00","0.481","-","1.32"
"2023/06/19","05:00","0.28","-","1.19"
"2023/06/19","06:00","0.185","-","1.15"
"2023/06/19","07:00","0.251","-","1.2"
"2023/06/19","08:00","0.474","-","1.43"
"2023/06/19","09:00","0.763","-","1.66"
"2023/06/19","10:00","1.006","-","1.94"
"2023/06/19","11:00","1.141","-","2.04"
"2023/06/19","12:00","1.154","-","2.06"
"2023/06/19","13:00","1.046","-","1.94"
"2023/06/19","14:00","0.84","-","1.75"
"2023/06/19","15:00","0.596","-","1.55"
"2023/06/19","16:00","0.386","-","1.39"
"2023/06/19","17:00","0.255","-","1.26"
"2023/06/19","18:00","0.23","-","1.23"
"2023/06/19","19:00","0.345","-","1.36"
"2023/06/19","20:00","0.604","-","1.65"
"2023/06/19","21:00","0.933","-","1.95"
"2023/06/19","22:00","1.221","-","2.25"
"2023/06/19","23:00","1.391","-","2.37"
"2023/06/20","00:00","1.434","-","2.42"
"2023/06/20","01:00","1.357","-","2.38"
"2023/06/20","02:00","1.171","-","2.23"
"2023/06/20","03:00","0.913","-","1.98"
"2023/06/20","04:00","0.645","-","1.74"
"2023/06/20","05:00","0.416","-","1.57"
"2023/06/20","06:00","0.26","-","1.46"
"2023/06/20","07:00","0.218","-","1.48"
"2023/06/20","08:00","0.328","-","1.61"
"2023/06/20","09:00","0.569","-","1.82"
"2023/06/20","10:00","0.842","-","2.15"
"2023/06/20","11:00","1.048","-","2.34"
"2023/06/20","12:00","1.144","-","2.37"
"2023/06/20","13:00","1.124","-","2.46"
"2023/06/20","14:00","0.992","-","2.22"
"2023/06/20","15:00","0.776","-","2.06"
"2023/06/20","16:00","0.544","-","1.99"
"2023/06/20","17:00","0.364","-","1.82"
"2023/06/20","18:00","0.274","-","1.73"
"2023/06/20","19:00","0.291","-","1.75"
"2023/06/20","20:00","0.441","-","1.95"
"2023/06/20","21:00","0.709","-","2.26"
"2023/06/20","22:00","1.016","-","2.59"
"2023/06/20","23:00","1.257","-","2.8"
"2023/06/21","00:00","1.378","-","2.95"
"2023/06/21","01:00","1.38","-","2.99"
"2023/06/21","02:00","1.272","-","2.97"
"2023/06/21","03:00","1.068","-","2.86"
"2023/06/21","04:00","0.811","-","2.74"
"2023/06/21","05:00","0.564","-","2.64"
"2023/06/21","06:00","0.372","-","2.51"
"2023/06/21","07:00","0.262","-","2.71"
"2023/06/21","08:00","0.267","-","2.81"
"2023/06/21","09:00","0.412","-","3.03"
"2023/06/21","10:00","0.659","-","3.12"
"2023/06/21","11:00","0.909","-","3.2"
"2023/06/21","12:00","1.078","-","3.41"
"2023/06/21","13:00","1.136","-","3.37"
"2023/06/21","14:00","1.087","-","3.27"
"2023/06/21","15:00","0.938","-","3.22"
"2023/06/21","16:00","0.721","-","2.99"
"2023/06/21","17:00","0.509","-","2.71"
"2023/06/21","18:00","0.362","-","2.52"
"2023/06/21","19:00","0.309","-","2.44"
"2023/06/21","20:00","0.36","-","2.4"
"2023/06/21","21:00","0.531","-","2.53"
"2023/06/21","22:00","0.798","-","2.82"
"2023/06/21","23:00","1.075","-","3.06"
"2023/06/22","00:00","1.27","-","3.24"
"2023/06/22","01:00","1.346","-","3.32"
"2023/06/22","02:00","1.312","-","3.3"
"2023/06/22","03:00","1.181","-","3.1"
"2023/06/22","04:00","0.967","-","2.85"
"2023/06/22","05:00","0.719","-","2.58"
"2023/06/22","06:00","0.499","-","2.33"
"2023/06/22","07:00","0.345","-","2.13"
"2023/06/22","08:00","0.277","-","2.02"
"2023/06/22","09:00","0.324","-","1.99"
"2023/06/22","10:00","0.498","-","2.14"
"2023/06/22","11:00","0.745","-","2.32"
"2023/06/22","12:00","0.969","-","2.49"
"2023/06/22","13:00","1.1","-","2.58"
"2023/06/22","14:00","1.126","-","2.64"
"2023/06/22","15:00","1.054","-","2.57"
"2023/06/22","16:00","0.893","-","2.35"
"2023/06/22","17:00","0.683","-","2.18"
"2023/06/22","18:00","0.493","-","1.97"
"2023/06/22","19:00","0.376","-","1.83"
"2023/06/22","20:00","0.35","-","1.82"
"2023/06/22","21:00","0.425","-","1.88"
"2023/06/22","22:00","0.609","-","2.13"
"2023/06/22","23:00","0.867","-","2.32"
"2023/06/23","00:00","1.11","-","2.55"
"2023/06/23","01:00","1.26","-","2.67"
"2023/06/23","02:00","1.295","-","2.69"
"2023/06/23","03:00","1.235","-","2.66"
"2023/06/23","04:00","1.087","-","2.4"
"2023/06/23","05:00","0.872","-","2.26"
"2023/06/23","06:00","0.638","-","1.98"
"2023/06/23","07:00","0.445","-","1.85"
"2023/06/23","08:00","0.327","-","1.8"
"2023/06/23","09:00","0.3","-","1.62"
"2023/06/23","10:00","0.386","-","1.74"
"2023/06/23","11:00","0.585","-","1.88"
"2023/06/23","12:00","0.83","-","2.22"
"2023/06/23","13:00","1.026","-","2.4"
"2023/06/23","14:00","1.122","-","2.46"
"2023/06/23","15:00","1.12","-","2.32"
"2023/06/23","16:00","1.031","-","2.32"
"2023/06/23","17:00","0.865","-","2.06"
"2023/06/23","18:00","0.663","-","1.85"
"2023/06/23","19:00","0.491","-","1.61"
"2023/06/23","20:00","0.395","-","1.55"
"2023/06/23","21:00","0.388","-","1.45"
"2023/06/23","22:00","0.48","-","1.46"
"2023/06/23","23:00","0.671","-","1.65"
"2023/06/24","00:00","0.915","-","1.89"
"2023/06/24","01:00","1.123","-","2.07"
"2023/06/24","02:00","1.23","-","2.17"
"2023/06/24","03:00","1.233","-","2.18"
"2023/06/24","04:00","1.152","-","2.02"
"2023/06/24","05:00","0.996","-","1.8"
"2023/06/24","06:00","0.783","-","1.53"
"2023/06/24","07:00","0.564","-","1.33"
"2023/06/24","08:00","0.398","-","1.16"
"2023/06/24","09:00","0.314","-","1.09"
"2023/06/24","10:00","0.327","-","1.07"
"2023/06/24","11:00","0.454","-","1.16"
"2023/06/24","12:00","0.675","-","1.39"
"2023/06/24","13:00","0.914","-","1.66"
"2023/06/24","14:00","1.083","-","1.8"
"2023/06/24","15:00","1.149","-","1.87"
"2023/06/24","16:00","1.126","-","1.83"
"2023/06/24","17:00","1.024","-","1.81"
"2023/06/24","18:00","0.854","-","1.56"
"2023/06/24","19:00","0.655","-","1.39"
"2023/06/24","20:00","0.494","-","1.22"
"2023/06/24","21:00","0.411","-","1.16"
"2023/06/24","22:00","0.418","-","1.19"
"2023/06/24","23:00","0.522","-","1.35"
"2023/06/25","00:00","0.716","-","1.49"
"2023/06/25","01:00","0.942","-","1.71"
"2023/06/25","02:00","1.115","-","1.83"
"2023/06/25","03:00","1.186","-","1.93"
"2023/06/25","04:00","1.166","-","1.92"
"2023/06/25","05:00","1.073","-","1.84"
"2023/06/25","06:00","0.912","-","1.64"
"2023/06/25","07:00","0.7","-","1.46"
"2023/06/25","08:00","0.495","-","1.28"
"2023/06/25","09:00","0.355","-","1.14"
"2023/06/25","10:00","0.306","-","1.07"
"2023/06/25","11:00","0.361","-","1.16"
"2023/06/25","12:00","0.527","-","1.34"
"2023/06/25","13:00","0.768","-","1.59"
"2023/06/25","14:00","0.998","-","1.84"
"2023/06/25","15:00","1.142","-","1.95"
"2023/06/25","16:00","1.184","-","1.98"
"2023/06/25","17:00","1.145","-","1.95"
"2023/06/25","18:00","1.031","-","1.88"
"2023/06/25","19:00","0.851","-","1.67"
"2023/06/25","20:00","0.651","-","1.39"
"2023/06/25","21:00","0.494","-","1.21"
"2023/06/25","22:00","0.42","-","1.18"
"2023/06/25","23:00","0.437","-","1.25"
"2023/06/26","00:00","0.55","-","1.39"
"2023/06/26","01:00","0.743","-","1.62"
"2023/06/26","02:00","0.951","-","1.8"
"2023/06/26","03:00","1.095","-","1.89"
"2023/06/26","04:00","1.14","-","1.94"
"2023/06/26","05:00","1.105","-","1.93"
"2023/06/26","06:00","1.004","-","1.85"
"2023/06/26","07:00","0.835","-","1.66"
"2023/06/26","08:00","0.622","-","1.42"
"2023/06/26","09:00","0.43","-","1.28"
"2023/06/26","10:00","0.316","-","1.2"
"2023/06/26","11:00","0.304","-","1.2"
"2023/06/26","12:00","0.401","-","1.3"
"2023/06/26","13:00","0.602","-","1.53"
"2023/06/26","14:00","0.857","-","1.85"
"2023/06/26","15:00","1.079","-","2.11"
"2023/06/26","16:00","1.204","-","2.22"
"2023/06/26","17:00","1.23","-","2.23"
"2023/06/26","18:00","1.176","-","2.14"
"2023/06/26","19:00","1.046","-","1.99"
"2023/06/26","20:00","0.85","-","1.78"
"2023/06/26","21:00","0.641","-","1.5"
"2023/06/26","22:00","0.485","-","1.41"
"2023/06/26","23:00","0.417","-","1.1"
"2023/06/27","00:00","0.442","-","1.29"
"2023/06/27","01:00","0.561","-","1.3"
"2023/06/27","02:00","0.752","-","1.64"
"2023/06/27","03:00","0.947","-","1.59"
"2023/06/27","04:00","1.071","-","1.71"
"2023/06/27","05:00","1.103","-","1.71"
"2023/06/27","06:00","1.06","-","1.72"
"2023/06/27","07:00","0.949","-","1.48"
"2023/06/27","08:00","0.768","-","1.47"
"2023/06/27","09:00","0.552","-","1.29"
"2023/06/27","10:00","0.372","-","1.18"
"2023/06/27","11:00","0.285","-","1.1"
"2023/06/27","12:00","0.308","-","1"
"2023/06/27","13:00","0.441","-","1.11"
"2023/06/27","14:00","0.672","-","1.32"
"2023/06/27","15:00","0.942","-","1.74"
"2023/06/27","16:00","1.16","-","1.99"
"2023/06/27","17:00","1.273","-","2.09"
"2023/06/27","18:00","1.286","-","2.12"
"2023/06/27","19:00","1.214","-","2.16"
"2023/06/27","20:00","1.06","-","2.06"
"2023/06/27","21:00","0.842","-","1.84"
"2023/06/27","22:00","0.623","-","1.52"
"2023/06/27","23:00","0.466","-","1.34"
"2023/06/28","00:00","0.399","-","1.21"
"2023/06/28","01:00","0.427","-","1.3"
"2023/06/28","02:00","0.552","-","1.37"
"2023/06/28","03:00","0.746","-","1.59"
"2023/06/28","04:00","0.938","-","1.77"
"2023/06/28","05:00","1.057","-","1.87"
"2023/06/28","06:00","1.084","-","1.97"
"2023/06/28","07:00","1.034","-","1.91"
"2023/06/28","08:00","0.907","-","1.73"
"2023/06/28","09:00","0.71","-","1.52"
"2023/06/28","10:00","0.49","-","1.31"
"2023/06/28","11:00","0.324","-","1.16"
"2023/06/28","12:00","0.26","-","1.04"
"2023/06/28","13:00","0.311","-","1.04"
"2023/06/28","14:00","0.476","-","1.2"
"2023/06/28","15:00","0.735","-","1.48"
"2023/06/28","16:00","1.022","-","1.78"
"2023/06/28","17:00","1.244","-","1.99"
"2023/06/28","18:00","1.351","-","2.12"
"2023/06/28","19:00","1.349","-","2.1"
"2023/06/28","20:00","1.253","-","2.06"
"2023/06/28","21:00","1.069","-","1.86"
"2023/06/28","22:00","0.828","-","1.61"
"2023/06/28","23:00","0.596","-","1.32"
"2023/06/29","00:00","0.434","-","1.14"
"2023/06/29","01:00","0.364","-","1.02"
"2023/06/29","02:00","0.393","-","1.05"
"2023/06/29","03:00","0.527","-","1.19"
"2023/06/29","04:00","0.735","-","1.38"
"2023/06/29","05:00","0.937","-","1.59"
"2023/06/29","06:00","1.06","-","1.7"
"2023/06/29","07:00","1.085","-","1.77"
"2023/06/29","08:00","1.023","-","1.74"
"2023/06/29","09:00","0.877","-","1.57"
"2023/06/29","10:00","0.662","-","1.33"
"2023/06/29","11:00","0.439","-","1.11"
"2023/06/29","12:00","0.282","-","0.97"
"2023/06/29","13:00","0.235","-","0.9"
"2023/06/29","14:00","0.306","-","0.95"
"2023/06/29","15:00","0.5","-","1.19"
"2023/06/29","16:00","0.793","-","1.52"
"2023/06/29","17:00","1.104","-","1.81"
"2023/06/29","18:00","1.335","-","2.02"
"2023/06/29","19:00","1.435","-","2.09"
"2023/06/29","20:00","1.414","-","2.08"
"2023/06/29","21:00","1.288","-","1.95"
"2023/06/29","22:00","1.072","-","1.75"
"2023/06/29","23:00","0.806","-","1.45"
"2023/06/30","00:00","0.56","-","1.22"
"2023/06/30","01:00","0.387","-","1.04"
"2023/06/30","02:00","0.309","-","0.96"
"2023/06/30","03:00","0.342","-","1"
"2023/06/30","04:00","0.497","-","1.22"
"2023/06/30","05:00","0.731","-","1.48"
"2023/06/30","06:00","0.953","-","1.7"
"2023/06/30","07:00","1.083","-","1.87"
"2023/06/30","08:00","1.102","-","1.92"
"2023/06/30","09:00","1.023","-","1.87"
"2023/06/30","10:00","0.853","-","1.7"
"2023/06/30","11:00","0.621","-","1.45"
"2023/06/30","12:00","0.393","-","1.22"
"2023/06/30","13:00","0.24","-","1.04"
"2023/06/30","14:00","0.202","-","0.95"
"2023/06/30","15:00","0.292","-","1.03"
"2023/06/30","16:00","0.519","-","1.33"
"2023/06/30","17:00","0.851","-","1.7"
"2023/06/30","18:00","1.191","-","2.02"
"2023/06/30","19:00","1.429","-","2.22"
"2023/06/30","20:00","1.518","-","2.35"
"2023/06/30","21:00","1.473","-","2.34"
"2023/06/30","22:00","1.316","-","2.21"
"2023/06/30","23:00","1.068","-","1.98"
"2023/07/01","00:00","0.778","-","1.66"
"2023/07/01","01:00","0.514","-","1.4"
"2023/07/01","02:00","0.326","-","1.21"
"2023/07/01","03:00","0.242","-","1.17"
"2023/07/01","04:00","0.288","-","1.18"
"2023/07/01","05:00","0.476","-","1.36"
"2023/07/01","06:00","0.746","-","1.59"
"2023/07/01","07:00","0.989","-","1.87"
"2023/07/01","08:00","1.121","-","2.03"
"2023/07/01","09:00","1.128","-","2.02"
"2023/07/01","10:00","1.027","-","1.91"
"2023/07/01","11:00","0.834","-","1.71"
"2023/07/01","12:00","0.585","-","1.46"
"2023/07/01","13:00","0.348","-","1.24"
"2023/07/01","14:00","0.194","-","1.06"
"2023/07/01","15:00","0.161","-","1.06"
"2023/07/01","16:00","0.273","-","1.14"
"2023/07/01","17:00","0.54","-","1.47"
"2023/07/01","18:00","0.914","-","1.87"
"2023/07/01","19:00","1.278","-","2.26"
"2023/07/01","20:00","1.517","-","2.54"
"2023/07/01","21:00","1.59","-","2.63"
"2023/07/01","22:00","1.52","-","2.48"
"2023/07/01","23:00","1.333","-","2.25"
"2023/07/02","00:00","1.057","-","1.94"
"2023/07/02","01:00","0.743","-","1.64"
"2023/07/02","02:00","0.459","-","1.4"
"2023/07/02","03:00","0.257","-","1.23"
"2023/07/02","04:00","0.174","-","1.16"
"2023/07/02","05:00","0.247","-","1.15"
"2023/07/02","06:00","0.476","-","1.31"
"2023/07/02","07:00","0.781","-","1.67"
"2023/07/02","08:00","1.037","-","1.96"
"2023/07/02","09:00","1.164","-","2.13"
"2023/07/02","10:00","1.155","-","2.09"
"2023/07/02","11:00","1.033","-","1.97"
"2023/07/02","12:00","0.818","-","1.73"
"2023/07/02","13:00","0.55","-","1.46"
"2023/07/02","14:00","0.303","-","1.18"
"2023/07/02","15:00","0.145","-","1.02"
"2023/07/02","16:00","0.12","-","0.97"
"2023/07/02","17:00","0.26","-","1.05"
"2023/07/02","18:00","0.568","-","1.36"
"2023/07/02","19:00","0.979","-","1.81"
"2023/07/02","20:00","1.357","-","2.19"
"2023/07/02","21:00","1.588","-","2.37"
"2023/07/02","22:00","1.642","-","2.42"
"2023/07/02","23:00","1.549","-","2.3"
"2023/07/03","00:00","1.337","-","2.06"
"2023/07/03","01:00","1.035","-","1.71"
"2023/07/03","02:00","0.699","-","1.33"
"2023/07/03","03:00","0.399","-","1.02"
"2023/07/03","04:00","0.191","-","0.8"
"2023/07/03","05:00","0.122","-","0.77"
"2023/07/03","06:00","0.23","-","0.85"
"2023/07/03","07:00","0.5","-","1.07"
"2023/07/03","08:00","0.832","-","1.4"
"2023/07/03","09:00","1.091","-","1.71"
"2023/07/03","10:00","1.206","-","1.87"
"2023/07/03","11:00","1.181","-","1.9"
"2023/07/03","12:00","1.039","-","1.75"
"2023/07/03","13:00","0.803","-","1.45"
"2023/07/03","14:00","0.519","-","1.15"
"2023/07/03","15:00","0.262","-","0.91"
"2023/07/03","16:00","0.103","-","0.76"
"2023/07/03","17:00","0.091","-","0.86"
"2023/07/03","18:00","0.258","-","0.82"
"2023/07/03","19:00","0.602","-","1.1"
"2023/07/03","20:00","1.036","-","1.38"
"2023/07/03","21:00","1.414","-","1.76"
"2023/07/03","22:00","1.629","-","2.01"
"2023/07/03","23:00","1.665","-","2.08"
"2023/07/04","00:00","1.554","-","2.09"
"2023/07/04","01:00","1.321","-","1.94"
"2023/07/04","02:00","0.999","-","1.58"
"2023/07/04","03:00","0.648","-","1.23"
"2023/07/04","04:00","0.341","-","1.02"
"2023/07/04","05:00","0.14","-","0.87"
"2023/07/04","06:00","0.094","-","0.78"
"2023/07/04","07:00","0.239","-","0.88"
"2023/07/04","08:00","0.544","-","1.23"
"2023/07/04","09:00","0.891","-","1.6"
"2023/07/04","10:00","1.145","-","1.9"
"2023/07/04","11:00","1.247","-","2.01"
"2023/07/04","12:00","1.207","-","1.97"
"2023/07/04","13:00","1.049","-","1.76"
"2023/07/04","14:00","0.795","-","1.49"
"2023/07/04","15:00","0.497","-","1.2"
"2023/07/04","16:00","0.236","-","0.95"
"2023/07/04","17:00","0.081","-","0.8"
"2023/07/04","18:00","0.081","-","0.76"
"2023/07/04","19:00","0.27","-","0.88"
"2023/07/04","20:00","0.634","-","1.29"
"2023/07/04","21:00","1.073","-","1.72"
"2023/07/04","22:00","1.439","-","2.11"
"2023/07/04","23:00","1.635","-","2.26"
"2023/07/05","00:00","1.656","-","2.24"
"2023/07/05","01:00","1.531","-","2.12"
"2023/07/05","02:00","1.283","-","1.92"
"2023/07/05","03:00","0.949","-","1.56"
"2023/07/05","04:00","0.594","-","1.23"
"2023/07/05","05:00","0.295","-","0.93"
"2023/07/05","06:00","0.11","-","0.81"
"2023/07/05","07:00","0.092","-","0.77"
"2023/07/05","08:00","0.271","-","0.94"
"2023/07/05","09:00","0.6","-","1.28"
"2023/07/05","10:00","0.952","-","1.66"
"2023/07/05","11:00","1.197","-","1.91"
"2023/07/05","12:00","1.287","-","2"
"2023/07/05","13:00","1.236","-","1.94"
"2023/07/05","14:00","1.065","-","1.78"
"2023/07/05","15:00","0.799","-","1.53"
"2023/07/05","16:00","0.495","-","1.22"
"2023/07/05","17:00","0.235","-","0.97"
"2023/07/05","18:00","0.084","-","0.84"
"2023/07/05","19:00","0.091","-","0.81"
"2023/07/05","20:00","0.288","-","0.99"
"2023/07/05","21:00","0.655","-","1.38"
"2023/07/05","22:00","1.084","-","1.81"
"2023/07/05","23:00","1.428","-","2.13"
"2023/07/06","00:00","1.604","-","2.28"
"2023/07/06","01:00","1.612","-","2.31"
"2023/07/06","02:00","1.478","-","2.2"
"2023/07/06","03:00","1.224","-","1.95"
"2023/07/06","04:00","0.889","-","1.63"
"2023/07/06","05:00","0.544","-","1.33"
"2023/07/06","06:00","0.261","-","1.08"
"2023/07/06","07:00","0.099","-","0.95"
"2023/07/06","08:00","0.109","-","0.93"
"2023/07/06","09:00","0.316","-","1.1"
"2023/07/06","10:00","0.662","-","1.45"
"2023/07/06","11:00","1.013","-","1.8"
"2023/07/06","12:00","1.248","-","2.07"
"2023/07/06","13:00","1.328","-","2.11"
"2023/07/06","14:00","1.27","-","2.08"
"2023/07/06","15:00","1.092","-","1.91"
"2023/07/06","16:00","0.821","-","1.63"
"2023/07/06","17:00","0.519","-","1.35"
"2023/07/06","18:00","0.263","-","1.14"
"2023/07/06","19:00","0.112","-","1.04"
"2023/07/06","20:00","0.114","-","1.01"
"2023/07/06","21:00","0.306","-","1.18"
"2023/07/06","22:00","0.662","-","1.5"
"2023/07/06","23:00","1.068","-","1.91"
"2023/07/07","00:00","1.385","-","2.22"
"2023/07/07","01:00","1.541","-","2.34"
"2023/07/07","02:00","1.538","-","2.32"
"2023/07/07","03:00","1.402","-","2.22"
"2023/07/07","04:00","1.15","-","1.99"
"2023/07/07","05:00","0.826","-","1.68"
"2023/07/07","06:00","0.5","-","1.37"
"2023/07/07","07:00","0.24","-","1.15"
"2023/07/07","08:00","0.101","-","1.02"
"2023/07/07","09:00","0.138","-","1.03"
"2023/07/07","10:00","0.369","-","1.25"
"2023/07/07","11:00","0.727","-","1.62"
"2023/07/07","12:00","1.073","-","2"
"2023/07/07","13:00","1.297","-","2.2"
"2023/07/07","14:00","1.37","-","2.26"
"2023/07/07","15:00","1.309","-","2.23"
"2023/07/07","16:00","1.131","-","2.08"
"2023/07/07","17:00","0.863","-","1.81"
"2023/07/07","18:00","0.567","-","1.55"
"2023/07/07","19:00","0.313","-","1.31"
"2023/07/07","20:00","0.155","-","1.18"
"2023/07/07","21:00","0.144","-","1.14"
"2023/07/07","22:00","0.321","-","1.26"
"2023/07/07","23:00","0.656","-","1.6"
"2023/07/08","00:00","1.032","-","1.97"
"2023/07/08","01:00","1.318","-","2.27"
"2023/07/08","02:00","1.453","-","2.35"
"2023/07/08","03:00","1.445","-","2.37"
"2023/07/08","04:00","1.311","-","2.25"
"2023/07/08","05:00","1.069","-","2.01"
"2023/07/08","06:00","0.764","-","1.65"
"2023/07/08","07:00","0.462","-","1.37"
"2023/07/08","08:00","0.226","-","1.2"
"2023/07/08","09:00","0.112","-","1.1"
"2023/07/08","10:00","0.175","-","1.16"
"2023/07/08","11:00","0.428","-","1.39"
"2023/07/08","12:00","0.792","-","1.8"
"2023/07/08","13:00","1.129","-","2.12"
"2023/07/08","14:00","1.341","-","2.31"
"2023/07/08","15:00","1.41","-","2.37"
"2023/07/08","16:00","1.352","-","2.33"
"2023/07/08","17:00","1.18","-","2.19"
"2023/07/08","18:00","0.919","-","1.9"
"2023/07/08","19:00","0.629","-","1.57"
"2023/07/08","20:00","0.373","-","1.38"
"2023/07/08","21:00","0.203","-","1.23"
"2023/07/08","22:00","0.177","-","1.15"
"2023/07/08","23:00","0.335","-","1.27"
"2023/07/09","00:00","0.643","-","1.61"
"2023/07/09","01:00","0.984","-","1.97"
"2023/07/09","02:00","1.237","-","2.22"
"2023/07/09","03:00","1.355","-","2.34"
"2023/07/09","04:00","1.345","-","2.35"
"2023/07/09","05:00","1.22","-","2.24"
"2023/07/09","06:00","0.992","-","2"
"2023/07/09","07:00","0.706","-","1.69"
"2023/07/09","08:00","0.429","-","1.44"
"2023/07/09","09:00","0.218","-","1.3"
"2023/07/09","10:00","0.13","-","1.2"
"2023/07/09","11:00","0.219","-","1.26"
"2023/07/09","12:00","0.489","-","1.58"
"2023/07/09","13:00","0.852","-","1.96"
"2023/07/09","14:00","1.175","-","2.23"
"2023/07/09","15:00","1.376","-","2.42"
"2023/07/09","16:00","1.445","-","2.51"
"2023/07/09","17:00","1.395","-","2.52"
"2023/07/09","18:00","1.23","-","2.26"
"2023/07/09","19:00","0.976","-","2.04"
"2023/07/09","20:00","0.69","-","1.9"
"2023/07/09","21:00","0.43","-","1.71"
"2023/07/09","22:00","0.25","-","1.55"
"2023/07/09","23:00","0.209","-","1.44"
"2023/07/10","00:00","0.347","-","1.54"
"2023/07/10","01:00","0.627","-","1.82"
"2023/07/10","02:00","0.931","-","2.12"
"2023/07/10","03:00","1.155","-","2.38"
"2023/07/10","04:00","1.262","-","2.47"
"2023/07/10","05:00","1.257","-","2.4"
"2023/07/10","06:00","1.141","-","2.22"
"2023/07/10","07:00","0.925","-","1.89"
"2023/07/10","08:00","0.657","-","1.62"
"2023/07/10","09:00","0.402","-","1.36"
"2023/07/10","10:00","0.217","-","1.26"
"2023/07/10","11:00","0.155","-","1.21"
"2023/07/10","12:00","0.267","-","1.3"
"2023/07/10","13:00","0.547","-","1.58"
"2023/07/10","14:00","0.901","-","1.92"
"2023/07/10","15:00","1.208","-","2.22"
"2023/07/10","16:00","1.4","-","2.36"
"2023/07/10","17:00","1.474","-","2.38"
"2023/07/10","18:00","1.431","-","2.33"
"2023/07/10","19:00","1.27","-","2.14"
"2023/07/10","20:00","1.02","-","1.87"
"2023/07/10","21:00","0.737","-","1.57"
"2023/07/10","22:00","0.477","-","1.34"
"2023/07/10","23:00","0.29","-","1.19"
"2023/07/11","00:00","0.238","-","1.19"
"2023/07/11","01:00","0.359","-","1.32"
"2023/07/11","02:00","0.611","-","1.6"
"2023/07/11","03:00","0.884","-","1.87"
"2023/07/11","04:00","1.088","-","2.08"
"2023/07/11","05:00","1.192","-","2.19"
"2023/07/11","06:00","1.191","-","2.19"
"2023/07/11","07:00","1.08","-","2.1"
"2023/07/11","08:00","0.87","-","1.83"
"2023/07/11","09:00","0.617","-","1.59"
"2023/07/11","10:00","0.385","-","1.39"
"2023/07/11","11:00","0.226","-","1.25"
"2023/07/11","12:00","0.187","-","1.19"
"2023/07/11","13:00","0.315","-","1.27"
"2023/07/11","14:00","0.597","-","1.54"
"2023/07/11","15:00","0.938","-","1.87"
"2023/07/11","16:00","1.23","-","2.14"
"2023/07/11","17:00","1.418","-","2.27"
"2023/07/11","18:00","1.495","-","2.28"
"2023/07/11","19:00","1.453","-","2.22"
"2023/07/11","20:00","1.291","-","2.07"
"2023/07/11","21:00","1.042","-","1.82"
"2023/07/11","22:00","0.764","-","1.54"
"2023/07/11","23:00","0.507","-","1.32"
"2023/07/12","00:00","0.319","-","1.16"
"2023/07/12","01:00","0.26","-","1.15"
"2023/07/12","02:00","0.368","-","1.22"
"2023/07/12","03:00","0.6","-","1.39"
"2023/07/12","04:00","0.853","-","1.62"
"2023/07/12","05:00","1.048","-","1.84"
"2023/07/12","06:00","1.152","-","1.94"
"2023/07/12","07:00","1.153","-","1.91"
"2023/07/12","08:00","1.037","-","1.78"
"2023/07/12","09:00","0.829","-","1.55"
"2023/07/12","10:00","0.588","-","1.35"
"2023/07/12","11:00","0.378","-","1.14"
"2023/07/12","12:00","0.24","-","1.03"
"2023/07/12","13:00","0.219","-","1.01"
"2023/07/12","14:00","0.358","-","1.11"
"2023/07/12","15:00","0.638","-","1.37"
"2023/07/12","16:00","0.968","-","1.68"
"2023/07/12","17:00","1.25","-","1.96"
"2023/07/12","18:00","1.433","-","2.07"
"2023/07/12","19:00","1.507","-","2.13"
"2023/07/12","20:00","1.458","-","2.07"
"2023/07/12","21:00","1.288","-","1.92"
"2023/07/12","22:00","1.039","-","1.64"
"2023/07/12","23:00","0.768","-","1.37"
"2023/07/13","00:00","0.517","-","1.18"
"2023/07/13","01:00","0.33","-","1.09"
"2023/07/13","02:00","0.271","-","1.02"
"2023/07/13","03:00","0.376","-","1.13"
"2023/07/13","04:00","0.601","-","1.3"
"2023/07/13","05:00","0.849","-","1.47"
"2023/07/13","06:00","1.042","-","1.69"
"2023/07/13","07:00","1.144","-","1.83"
"2023/07/13","08:00","1.136","-","1.82"
"2023/07/13","09:00","1.009","-","1.69"
"2023/07/13","10:00","0.798","-","1.49"
"2023/07/13","11:00","0.569","-","1.2"
"2023/07/13","12:00","0.376","-","1.05"
"2023/07/13","13:00","0.254","-","0.91"
"2023/07/13","14:00","0.246","-","0.9"
"2023/07/13","15:00","0.394","-","1.02"
"2023/07/13","16:00","0.677","-","1.4"
"2023/07/13","17:00","1.002","-","1.72"
"2023/07/13","18:00","1.275","-","2.02"
"2023/07/13","19:00","1.45","-","2.14"
"2023/07/13","20:00","1.51","-","2.18"
"2023/07/13","21:00","1.443","-","2.09"
"2023/07/13","22:00","1.261","-","1.92"
"2023/07/13","23:00","1.012","-","1.64"
"2023/07/14","00:00","0.748","-","1.36"
"2023/07/14","01:00","0.502","-","1.15"
"2023/07/14","02:00","0.321","-","1.04"
"2023/07/14","03:00","0.272","-","0.92"
"2023/07/14","04:00","0.39","-","0.99"
"2023/07/14","05:00","0.625","-","1.18"
"2023/07/14","06:00","0.876","-","1.42"
"2023/07/14","07:00","1.067","-","1.59"
"2023/07/14","08:00","1.159","-","1.69"
"2023/07/14","09:00","1.133","-","1.63"
"2023/07/14","10:00","0.988","-","1.45"
"2023/07/14","11:00","0.772","-","1.23"
"2023/07/14","12:00","0.551","-","0.99"
"2023/07/14","13:00","0.37","-","0.82"
"2023/07/14","14:00","0.26","-","0.71"
"2023/07/14","15:00","0.268","-","0.74"
"2023/07/14","16:00","0.433","-","0.87"
"2023/07/14","17:00","0.726","-","1.19"
"2023/07/14","18:00","1.049","-","1.41"
"2023/07/14","19:00","1.311","-","1.76"
"2023/07/14","20:00","1.467","-","1.87"
"2023/07/14","21:00","1.503","-","1.92"
"2023/07/14","22:00","1.412","-","1.93"
"2023/07/14","23:00","1.214","-","1.74"
"2023/07/15","00:00","0.962","-","1.28"
"2023/07/15","01:00","0.701","-","1.05"
"2023/07/15","02:00","0.463","-","1"
"2023/07/15","03:00","0.296","-","0.95"
"2023/07/15","04:00","0.272","-","0.97"
"2023/07/15","05:00","0.42","-","1.09"
"2023/07/15","06:00","0.675","-","1.35"
"2023/07/15","07:00","0.93","-","1.59"
"2023/07/15","08:00","1.111","-","1.76"
"2023/07/15","09:00","1.183","-","1.79"
"2023/07/15","10:00","1.131","-","1.76"
"2023/07/15","11:00","0.966","-","1.63"
"2023/07/15","12:00","0.742","-","1.41"
"2023/07/15","13:00","0.525","-","1.15"
"2023/07/15","14:00","0.354","-","0.97"
"2023/07/15","15:00","0.259","-","0.94"
"2023/07/15","16:00","0.292","-","1.02"
"2023/07/15","17:00","0.485","-","1.18"
"2023/07/15","18:00","0.795","-","1.42"
"2023/07/15","19:00","1.115","-","1.65"
"2023/07/15","20:00","1.355","-","1.89"
"2023/07/15","21:00","1.483","-","2.01"
"2023/07/15","22:00","1.486","-","2.01"
"2023/07/15","23:00","1.365","-","1.89"
"2023/07/16","00:00","1.148","-","1.71"
"2023/07/16","01:00","0.89","-","1.46"
"2023/07/16","02:00","0.632","-","1.2"
"2023/07/16","03:00","0.405","-","0.98"
"2023/07/16","04:00","0.267","-","0.89"
"2023/07/16","05:00","0.288","-","1.04"
"2023/07/16","06:00","0.476","-","1.38"
"2023/07/16","07:00","0.751","-","1.65"
"2023/07/16","08:00","1.001","-","1.74"
"2023/07/16","09:00","1.161","-","1.7"
"2023/07/16","10:00","1.204","-","1.59"
"2023/07/16","11:00","1.121","-","1.44"
"2023/07/16","12:00","0.933","-","1.3"
"2023/07/16","13:00","0.701","-","1.18"
"2023/07/16","14:00","0.488","-","1.15"
"2023/07/16","15:00","0.329","-","1.14"
"2023/07/16","16:00","0.26","-","1.28"
"2023/07/16","17:00","0.331","-","1.24"
"2023/07/16","18:00","0.561","-","1.35"
"2023/07/16","19:00","0.885","-","1.53"
"2023/07/16","20:00","1.192","-","1.78"
"2023/07/16","21:00","1.401","-","1.94"
"2023/07/16","22:00","1.49","-","1.98"
"2023/07/16","23:00","1.455","-","1.91"
"2023/07/17","00:00","1.302","-","1.79"
"2023/07/17","01:00","1.064","-","1.54"
"2023/07/17","02:00","0.798","-","1.28"
"2023/07/17","03:00","0.546","-","1.03"
"2023/07/17","04:00","0.345","-","0.9"
"2023/07/17","05:00","0.253","-","0.86"
"2023/07/17","06:00","0.33","-","0.94"
"2023/07/17","07:00","0.559","-","1.19"
"2023/07/17","08:00","0.843","-","1.47"
"2023/07/17","09:00","1.076","-","1.71"
"2023/07/17","10:00","1.204","-","1.78"
"2023/07/17","11:00","1.211","-","1.77"
"2023/07/17","12:00","1.096","-","1.68"
"2023/07/17","13:00","0.886","-","1.47"
"2023/07/17","14:00","0.647","-","1.21"
"2023/07/17","15:00","0.441","-","0.99"
"2023/07/17","16:00","0.306","-","0.85"
"2023/07/17","17:00","0.276","-","0.8"
"2023/07/17","18:00","0.395","-","0.93"
"2023/07/17","19:00","0.66","-","1.24"
"2023/07/17","20:00","0.988","-","1.47"
"2023/07/17","21:00","1.268","-","1.72"
"2023/07/17","22:00","1.437","-","1.89"
"2023/07/17","23:00","1.483","-","1.96"
"2023/07/18","00:00","1.408","-","1.94"
"2023/07/18","01:00","1.22","-","1.83"
"2023/07/18","02:00","0.962","-","1.59"
"2023/07/18","03:00","0.694","-","1.32"
"2023/07/18","04:00","0.461","-","1.13"
"2023/07/18","05:00","0.299","-","1.03"
"2023/07/18","06:00","0.267","-","1.02"
"2023/07/18","07:00","0.401","-","1.14"
"2023/07/18","08:00","0.662","-","1.38"
"2023/07/18","09:00","0.94","-","1.63"
"2023/07/18","10:00","1.143","-","1.84"
"2023/07/18","11:00","1.233","-","1.94"
"2023/07/18","12:00","1.203","-","1.91"
"2023/07/18","13:00","1.055","-","1.79"
"2023/07/18","14:00","0.825","-","1.6"
"2023/07/18","15:00","0.585","-","1.36"
"2023/07/18","16:00","0.398","-","1.15"
"2023/07/18","17:00","0.298","-","1.01"
"2023/07/18","18:00","0.316","-","0.96"
"2023/07/18","19:00","0.482","-","1.11"
"2023/07/18","20:00","0.772","-","1.38"
"2023/07/18","21:00","1.089","-","1.65"
"2023/07/18","22:00","1.33","-","1.89"
"2023/07/18","23:00","1.453","-","1.97"
"2023/07/19","00:00","1.454","-","1.97"
"2023/07/19","01:00","1.338","-","1.88"
"2023/07/19","02:00","1.119","-","1.66"
"2023/07/19","03:00","0.848","-","1.47"
"2023/07/19","04:00","0.59","-","1.22"
"2023/07/19","05:00","0.389","-","1.03"
"2023/07/19","06:00","0.282","-","0.92"
"2023/07/19","07:00","0.313","-","0.96"
"2023/07/19","08:00","0.498","-","1.07"
"2023/07/19","09:00","0.774","-","1.28"
"2023/07/19","10:00","1.034","-","1.49"
"2023/07/19","11:00","1.198","-","1.7"
"2023/07/19","12:00","1.247","-","1.81"
"2023/07/19","13:00","1.178","-","1.76"
"2023/07/19","14:00","1","-","1.56"
"2023/07/19","15:00","0.758","-","1.4"
"2023/07/19","16:00","0.529","-","1.37"
"2023/07/19","17:00","0.371","-","0.98"
"2023/07/19","18:00","0.314","-","0.94"
"2023/07/19","19:00","0.38","-","0.91"
"2023/07/19","20:00","0.584","-","1.15"
"2023/07/19","21:00","0.882","-","1.39"
"2023/07/19","22:00","1.173","-","1.58"
"2023/07/19","23:00","1.368","-","1.78"
"2023/07/20","00:00","1.441","-","1.95"
"2023/07/20","01:00","1.398","-","2"
"2023/07/20","02:00","1.245","-","1.8"
"2023/07/20","03:00","1.002","-","1.55"
"2023/07/20","04:00","0.731","-","1.33"
"2023/07/20","05:00","0.498","-","1.16"
"2023/07/20","06:00","0.344","-","1.04"
"2023/07/20","07:00","0.296","-","0.98"
"2023/07/20","08:00","0.387","-","1.05"
"2023/07/20","09:00","0.61","-","1.25"
"2023/07/20","10:00","0.889","-","1.49"
"2023/07/20","11:00","1.119","-","1.73"
"2023/07/20","12:00","1.24","-","1.86"
"2023/07/20","13:00","1.247","-","1.87"
"2023/07/20","14:00","1.142","-","1.73"
"2023/07/20","15:00","0.941","-","1.53"
"2023/07/20","16:00","0.698","-","1.3"
"2023/07/20","17:00","0.49","-","1.12"
"2023/07/20","18:00","0.368","-","1.01"
"2023/07/20","19:00","0.353","-","0.97"
"2023/07/20","20:00","0.459","-","1.09"
"2023/07/20","21:00","0.686","-","1.37"
"2023/07/20","22:00","0.977","-","1.65"
"2023/07/20","23:00","1.231","-","1.92"
"2023/07/21","00:00","1.375","-","2.01"
"2023/07/21","01:00","1.4","-","2.07"
"2023/07/21","02:00","1.316","-","2.01"
"2023/07/21","03:00","1.133","-","1.84"
"2023/07/21","04:00","0.879","-","1.59"
"2023/07/21","05:00","0.623","-","1.39"
"2023/07/21","06:00","0.428","-","1.25"
"2023/07/21","07:00","0.326","-","1.25"
"2023/07/21","08:00","0.337","-","1.41"
"2023/07/21","09:00","0.48","-","1.55"
"2023/07/21","10:00","0.731","-","1.73"
"2023/07/21","11:00","1.001","-","1.99"
"2023/07/21","12:00","1.193","-","2.19"
"2023/07/21","13:00","1.269","-","2.26"
"2023/07/21","14:00","1.235","-","2.22"
"2023/07/21","15:00","1.101","-","2.04"
"2023/07/21","16:00","0.887","-","1.77"
"2023/07/21","17:00","0.654","-","1.51"
"2023/07/21","18:00","0.473","-","1.24"
"2023/07/21","19:00","0.387","-","1.13"
"2023/07/21","20:00","0.407","-","1.09"
"2023/07/21","21:00","0.541","-","1.23"
"2023/07/21","22:00","0.779","-","1.48"
"2023/07/21","23:00","1.051","-","1.77"
"2023/07/22","00:00","1.261","-","1.99"
"2023/07/22","01:00","1.353","-","2.07"
"2023/07/22","02:00","1.332","-","2.03"
"2023/07/22","03:00","1.214","-","1.96"
"2023/07/22","04:00","1.012","-","1.79"
"2023/07/22","05:00","0.762","-","1.58"
"2023/07/22","06:00","0.533","-","1.33"
"2023/07/22","07:00","0.381","-","1.19"
"2023/07/22","08:00","0.331","-","1.1"
"2023/07/22","09:00","0.397","-","1.11"
"2023/07/22","10:00","0.585","-","1.25"
"2023/07/22","11:00","0.853","-","1.54"
"2023/07/22","12:00","1.105","-","1.81"
"2023/07/22","13:00","1.256","-","1.95"
"2023/07/22","14:00","1.288","-","2"
"2023/07/22","15:00","1.218","-","1.94"
"2023/07/22","16:00","1.063","-","1.81"
"2023/07/22","17:00","0.846","-","1.61"
"2023/07/22","18:00","0.627","-","1.39"
"2023/07/22","19:00","0.474","-","1.26"
"2023/07/22","20:00","0.417","-","1.22"
"2023/07/22","21:00","0.463","-","1.28"
"2023/07/22","22:00","0.617","-","1.51"
"2023/07/22","23:00","0.855","-","1.75"
"2023/07/23","00:00","1.101","-","1.97"
"2023/07/23","01:00","1.263","-","2.1"
"2023/07/23","02:00","1.306","-","2.16"
"2023/07/23","03:00","1.247","-","2.11"
"2023/07/23","04:00","1.106","-","1.98"
"2023/07/23","05:00","0.898","-","1.75"
"2023/07/23","06:00","0.661","-","1.54"
"2023/07/23","07:00","0.464","-","1.34"
"2023/07/23","08:00","0.356","-","1.23"
"2023/07/23","09:00","0.355","-","1.2"
"2023/07/23","10:00","0.471","-","1.28"
"2023/07/23","11:00","0.696","-","1.51"
"2023/07/23","12:00","0.972","-","1.79"
"2023/07/23","13:00","1.197","-","2"
"2023/07/23","14:00","1.306","-","2.1"
"2023/07/23","15:00","1.297","-","2.1"
"2023/07/23","16:00","1.201","-","2.01"
"2023/07/23","17:00","1.033","-","1.82"
"2023/07/23","18:00","0.818","-","1.58"
"2023/07/23","19:00","0.615","-","1.39"
"2023/07/23","20:00","0.484","-","1.24"
"2023/07/23","21:00","0.449","-","1.18"
"2023/07/23","22:00","0.514","-","1.21"
"2023/07/23","23:00","0.68","-","1.39"
"2023/07/24","00:00","0.912","-","1.63"
"2023/07/24","01:00","1.127","-","1.84"
"2023/07/24","02:00","1.243","-","1.95"
"2023/07/24","03:00","1.244","-","1.95"
"2023/07/24","04:00","1.159","-","1.9"
"2023/07/24","05:00","1.007","-","1.74"
"2023/07/24","06:00","0.8","-","1.52"
"2023/07/24","07:00","0.58","-","1.39"
"2023/07/24","08:00","0.414","-","1.26"
"2023/07/24","09:00","0.346","-","1.23"
"2023/07/24","10:00","0.391","-","1.14"
"2023/07/24","11:00","0.551","-","1.39"
"2023/07/24","12:00","0.805","-","1.63"
"2023/07/24","13:00","1.079","-","1.93"
"2023/07/24","14:00","1.275","-","2.11"
"2023/07/24","15:00","1.344","-","2.15"
"2023/07/24","16:00","1.305","-","2.21"
"2023/07/24","17:00","1.191","-","2.02"
"2023/07/24","18:00","1.015","-","1.8"
"2023/07/24","19:00","0.801","-","1.55"
"2023/07/24","20:00","0.61","-","1.37"
"2023/07/24","21:00","0.494","-","1.27"
"2023/07/24","22:00","0.474","-","1.22"
"2023/07/24","23:00","0.553","-","1.27"
"2023/07/25","00:00","0.725","-","1.42"
"2023/07/25","01:00","0.946","-","1.66"
"2023/07/25","02:00","1.13","-","1.85"
"2023/07/25","03:00","1.209","-","1.96"
"2023/07/25","04:00","1.183","-","1.93"
"2023/07/25","05:00","1.084","-","1.84"
"2023/07/25","06:00","0.927","-","1.6"
"2023/07/25","07:00","0.723","-","1.43"
"2023/07/25","08:00","0.519","-","1.26"
"2023/07/25","09:00","0.381","-","1.17"
"2023/07/25","10:00","0.349","-","1.1"
"2023/07/25","11:00","0.434","-","1.11"
"2023/07/25","12:00","0.63","-","1.24"
"2023/07/25","13:00","0.903","-","1.5"
"2023/07/25","14:00","1.169","-","1.76"
"2023/07/25","15:00","1.336","-","1.91"
"2023/07/25","16:00","1.376","-","1.92"
"2023/07/25","17:00","1.318","-","1.93"
"2023/07/25","18:00","1.193","-","1.89"
"2023/07/25","19:00","1.008","-","1.8"
"2023/07/25","20:00","0.792","-","1.69"
"2023/07/25","21:00","0.605","-","1.3"
"2023/07/25","22:00","0.498","-","1.36"
"2023/07/25","23:00","0.487","-","1.25"
"2023/07/26","00:00","0.573","-","1.07"
"2023/07/26","01:00","0.748","-","1.25"
"2023/07/26","02:00","0.958","-","1.43"
"2023/07/26","03:00","1.118","-","1.74"
"2023/07/26","04:00","1.174","-","1.85"
"2023/07/26","05:00","1.135","-","1.8"
"2023/07/26","06:00","1.032","-","1.64"
"2023/07/26","07:00","0.873","-","1.48"
"2023/07/26","08:00","0.669","-","1.31"
"2023/07/26","09:00","0.476","-","1.09"
"2023/07/26","10:00","0.36","-","0.99"
"2023/07/26","11:00","0.359","-","0.93"
"2023/07/26","12:00","0.474","-","0.94"
"2023/07/26","13:00","0.695","-","1.18"
"2023/07/26","14:00","0.98","-","1.45"
"2023/07/26","15:00","1.239","-","1.67"
"2023/07/26","16:00","1.388","-","1.83"
"2023/07/26","17:00","1.413","-","1.82"
"2023/07/26","18:00","1.345","-","1.84"
"2023/07/26","19:00","1.208","-","1.72"
"2023/07/26","20:00","1.01","-","1.53"
"2023/07/26","21:00","0.785","-","1.28"
"2023/07/26","22:00","0.597","-","1.09"
"2023/07/26","23:00","0.492","-","0.92"
"2023/07/27","00:00","0.483","-","0.84"
"2023/07/27","01:00","0.571","-","0.94"
"2023/07/27","02:00","0.745","-","1.14"
"2023/07/27","03:00","0.95","-","1.37"
"2023/07/27","04:00","1.101","-","1.52"
"2023/07/27","05:00","1.151","-","1.59"
"2023/07/27","06:00","1.113","-","1.59"
"2023/07/27","07:00","1.009","-","1.46"
"2023/07/27","08:00","0.842","-","1.3"
"2023/07/27","09:00","0.634","-","1.1"
"2023/07/27","10:00","0.446","-","0.95"
"2023/07/27","11:00","0.347","-","0.83"
"2023/07/27","12:00","0.364","-","0.81"
"2023/07/27","13:00","0.499","-","0.9"
"2023/07/27","14:00","0.738","-","1.1"
"2023/07/27","15:00","1.034","-","1.37"
"2023/07/27","16:00","1.295","-","1.67"
"2023/07/27","17:00","1.441","-","1.85"
"2023/07/27","18:00","1.462","-","1.9"
"2023/07/27","19:00","1.388","-","1.83"
"2023/07/27","20:00","1.238","-","1.63"
"2023/07/27","21:00","1.02","-","1.34"
"2023/07/27","22:00","0.781","-","1.08"
"2023/07/27","23:00","0.585","-","0.85"
"2023/07/28","00:00","0.473","-","0.67"
"2023/07/28","01:00","0.456","-","0.53"
"2023/07/28","02:00","0.543","-","0.55"
"2023/07/28","03:00","0.723","-","0.68"
"2023/07/28","04:00","0.935","-","0.89"
"2023/07/28","05:00","1.093","-","1.02"
"2023/07/28","06:00","1.152","-","1.07"
"2023/07/28","07:00","1.118","-","1"
"2023/07/28","08:00","1.009","-","0.87"
"2023/07/28","09:00","0.83","-","0.71"
"2023/07/28","10:00","0.611","-","0.54"
"2023/07/28","11:00","0.424","-","0.35"
"2023/07/28","12:00","0.33","-","0.25"
"2023/07/28","13:00","0.354","-","0.2"
"2023/07/28","14:00","0.499","-","0.32"
"2023/07/28","15:00","0.756","-","0.59"
"2023/07/28","16:00","1.071","-","0.95"
"2023/07/28","17:00","1.347","-","1.18"
"2023/07/28","18:00","1.502","-","1.31"
"2023/07/28","19:00","1.527","-","1.36"
"2023/07/28","20:00","1.446","-","1.34"
"2023/07/28","21:00","1.276","-","1.18"
"2023/07/28","22:00","1.035","-","0.95"
"2023/07/28","23:00","0.776","-","0.63"
"2023/07/29","00:00","0.564","-","0.42"
"2023/07/29","01:00","0.435","-","0.37"
"2023/07/29","02:00","0.406","-","0.39"
"2023/07/29","03:00","0.494","-","0.46"
"2023/07/29","04:00","0.692","-","0.66"
"2023/07/29","05:00","0.929","-","0.93"
"2023/07/29","06:00","1.108","-","1.11"
"2023/07/29","07:00","1.18","-","1.18"
"2023/07/29","08:00","1.149","-","1.14"
"2023/07/29","09:00","1.028","-","1.07"
"2023/07/29","10:00","0.83","-","0.88"
"2023/07/29","11:00","0.596","-","0.66"
"2023/07/29","12:00","0.401","-","0.51"
"2023/07/29","13:00","0.301","-","0.39"
"2023/07/29","14:00","0.322","-","0.35"
"2023/07/29","15:00","0.474","-","0.51"
"2023/07/29","16:00","0.755","-","0.86"
"2023/07/29","17:00","1.102","-","1.18"
"2023/07/29","18:00","1.404","-","1.52"
"2023/07/29","19:00","1.574","-","1.68"
"2023/07/29","20:00","1.601","-","2.13"
"2023/07/29","21:00","1.509","-","2.09"
"2023/07/29","22:00","1.315","-","1.75"
"2023/07/29","23:00","1.048","-","1.37"
"2023/07/30","00:00","0.765","-","1.18"
"2023/07/30","01:00","0.528","-","0.98"
"2023/07/30","02:00","0.376","-","0.67"
"2023/07/30","03:00","0.337","-","0.57"
"2023/07/30","04:00","0.441","-","0.67"
"2023/07/30","05:00","0.673","-","0.99"
"2023/07/30","06:00","0.946","-","1.28"
"2023/07/30","07:00","1.15","-","1.56"
"2023/07/30","08:00","1.233","-","1.76"
"2023/07/30","09:00","1.197","-","1.86"
"2023/07/30","10:00","1.059","-","1.82"
"2023/07/30","11:00","0.837","-","1.58"
"2023/07/30","12:00","0.583","-","1.28"
"2023/07/30","13:00","0.37","-","0.97"
"2023/07/30","14:00","0.255","-","0.83"
"2023/07/30","15:00","0.269","-","0.79"
"2023/07/30","16:00","0.436","-","0.89"
"2023/07/30","17:00","0.751","-","1.18"
"2023/07/30","18:00","1.137","-","1.56"
"2023/07/30","19:00","1.466","-","1.88"
"2023/07/30","20:00","1.648","-","2.05"
"2023/07/30","21:00","1.672","-","2.05"
"2023/07/30","22:00","1.564","-","1.98"
"2023/07/30","23:00","1.345","-","1.81"
"2023/07/31","00:00","1.049","-","1.54"
"2023/07/31","01:00","0.737","-","1.27"
"2023/07/31","02:00","0.474","-","1.04"
"2023/07/31","03:00","0.302","-","0.89"
"2023/07/31","04:00","0.267","-","0.91"
"2023/07/31","05:00","0.402","-","1.07"
"2023/07/31","06:00","0.68","-","1.43"
"2023/07/31","07:00","0.992","-","1.8"
"2023/07/31","08:00","1.217","-","2.01"
"2023/07/31","09:00","1.301","-","2.12"
"2023/07/31","10:00","1.254","-","2.08"
"2023/07/31","11:00","1.094","-","1.97"
"2023/07/31","12:00","0.846","-","1.69"
"2023/07/31","13:00","0.566","-","1.42"
"2023/07/31","14:00","0.331","-","1.13"
"2023/07/31","15:00","0.199","-","1.03"
"2023/07/31","16:00","0.21","-","1.04"
"2023/07/31","17:00","0.399","-","1.18"
"2023/07/31","18:00","0.755","-","1.57"
"2023/07/31","19:00","1.177","-","2.01"
"2023/07/31","20:00","1.525","-","2.32"
"2023/07/31","21:00","1.709","-","2.51"
"2023/07/31","22:00","1.725","-","2.53"
"2023/07/31","23:00","1.599","-","2.44"
"2023/08/01","00:00","1.354","-","2.15"
"2023/08/01","01:00","1.028","-","1.83"
"2023/08/01","02:00","0.689","-","1.51"
"2023/08/01","03:00","0.404","-","1.19"
"2023/08/01","04:00","0.227","-","1.01"
"2023/08/01","05:00","0.213","-","0.94"
"2023/08/01","06:00","0.394","-","1.07"
"2023/08/01","07:00","0.722","-","1.42"
"2023/08/01","08:00","1.065","-","1.79"
"2023/08/01","09:00","1.299","-","2.01"
"2023/08/01","10:00","1.378","-","2.02"
"2023/08/01","11:00","1.315","-","1.96"
"2023/08/01","12:00","1.131","-","1.77"
"2023/08/01","13:00","0.854","-","1.5"
"2023/08/01","14:00","0.548","-","1.18"
"2023/08/01","15:00","0.291","-","0.9"
"2023/08/01","16:00","0.146","-","0.75"
"2023/08/01","17:00","0.164","-","0.74"
"2023/08/01","18:00","0.38","-","0.93"
"2023/08/01","19:00","0.77","-","1.35"
"2023/08/01","20:00","1.215","-","1.8"
"2023/08/01","21:00","1.566","-","2.16"
"2023/08/01","22:00","1.742","-","2.28"
"2023/08/01","23:00","1.744","-","2.28"
"2023/08/02","00:00","1.6","-","2.2"
"2023/08/02","01:00","1.33","-","1.95"
"2023/08/02","02:00","0.98","-","1.58"
"2023/08/02","03:00","0.623","-","1.22"
"2023/08/02","04:00","0.332","-","0.96"
"2023/08/02","05:00","0.168","-","0.82"
"2023/08/02","06:00","0.192","-","0.8"
"2023/08/02","07:00","0.424","-","1.05"
"2023/08/02","08:00","0.793","-","1.45"
"2023/08/02","09:00","1.154","-","1.79"
"2023/08/02","10:00","1.386","-","2.02"
"2023/08/02","11:00","1.454","-","2.05"
"2023/08/02","12:00","1.373","-","2"
"2023/08/02","13:00","1.165","-","1.82"
"2023/08/02","14:00","0.862","-","1.51"
"2023/08/02","15:00","0.535","-","1.21"
"2023/08/02","16:00","0.264","-","0.92"
"2023/08/02","17:00","0.116","-","0.76"
"2023/08/02","18:00","0.144","-","0.74"
"2023/08/02","19:00","0.383","-","0.97"
"2023/08/02","20:00","0.793","-","1.43"
"2023/08/02","21:00","1.24","-","1.85"
"2023/08/02","22:00","1.578","-","2.18"
"2023/08/02","23:00","1.737","-","2.35"
"2023/08/03","00:00","1.723","-","2.31"
"2023/08/03","01:00","1.56","-","2.13"
"2023/08/03","02:00","1.271","-","1.88"
"2023/08/03","03:00","0.907","-","1.52"
"2023/08/03","04:00","0.549","-","1.14"
"2023/08/03","05:00","0.272","-","0.89"
"2023/08/03","06:00","0.138","-","0.81"
"2023/08/03","07:00","0.207","-","0.85"
"2023/08/03","08:00","0.484","-","1.08"
"2023/08/03","09:00","0.881","-","1.47"
"2023/08/03","10:00","1.246","-","1.83"
"2023/08/03","11:00","1.468","-","2.1"
"2023/08/03","12:00","1.521","-","2.22"
"2023/08/03","13:00","1.424","-","2.16"
"2023/08/03","14:00","1.195","-","1.93"
"2023/08/03","15:00","0.875","-","1.62"
"2023/08/03","16:00","0.537","-","1.26"
"2023/08/03","17:00","0.264","-","0.99"
"2023/08/03","18:00","0.118","-","0.82"
"2023/08/03","19:00","0.156","-","0.83"
"2023/08/03","20:00","0.405","-","1.02"
"2023/08/03","21:00","0.814","-","1.37"
"2023/08/03","22:00","1.244","-","1.81"
"2023/08/03","23:00","1.556","-","2.17"
"2023/08/04","00:00","1.692","-","2.4"
"2023/08/04","01:00","1.662","-","2.39"
"2023/08/04","02:00","1.484","-","2.21"
"2023/08/04","03:00","1.184","-","1.86"
"2023/08/04","04:00","0.823","-","1.53"
"2023/08/04","05:00","0.483","-","1.19"
"2023/08/04","06:00","0.235","-","0.99"
"2023/08/04","07:00","0.14","-","0.85"
"2023/08/04","08:00","0.252","-","0.9"
"2023/08/04","09:00","0.564","-","1.28"
"2023/08/04","10:00","0.974","-","1.8"
"2023/08/04","11:00","1.331","-","2.15"
"2023/08/04","12:00","1.536","-","2.35"
"2023/08/04","13:00","1.574","-","2.42"
"2023/08/04","14:00","1.462","-","2.35"
"2023/08/04","15:00","1.221","-","2.13"
"2023/08/04","16:00","0.895","-","1.78"
"2023/08/04","17:00","0.561","-","1.48"
"2023/08/04","18:00","0.294","-","1.23"
"2023/08/04","19:00","0.153","-","1.07"
"2023/08/04","20:00","0.192","-","1.06"
"2023/08/04","21:00","0.437","-","1.23"
"2023/08/04","22:00","0.829","-","1.62"
"2023/08/04","23:00","1.227","-","1.96"
"2023/08/05","00:00","1.504","-","2.21"
"2023/08/05","01:00","1.615","-","2.33"
"2023/08/05","02:00","1.568","-","2.27"
"2023/08/05","03:00","1.382","-","2.11"
"2023/08/05","04:00","1.086","-","1.77"
"2023/08/05","05:00","0.744","-","1.38"
"2023/08/05","06:00","0.436","-","1.09"
"2023/08/05","07:00","0.225","-","0.89"
"2023/08/05","08:00","0.169","-","0.8"
"2023/08/05","09:00","0.316","-","0.91"
"2023/08/05","10:00","0.65","-","1.26"
"2023/08/05","11:00","1.059","-","1.67"
"2023/08/05","12:00","1.397","-","2.01"
"2023/08/05","13:00","1.582","-","2.14"
"2023/08/05","14:00","1.605","-","2.17"
"2023/08/05","15:00","1.486","-","2.08"
"2023/08/05","16:00","1.244","-","1.86"
"2023/08/05","17:00","0.927","-","1.51"
"2023/08/05","18:00","0.607","-","1.23"
"2023/08/05","19:00","0.351","-","0.98"
"2023/08/05","20:00","0.21","-","0.88"
"2023/08/05","21:00","0.243","-","0.91"
"2023/08/05","22:00","0.474","-","1.12"
"2023/08/05","23:00","0.836","-","1.48"
"2023/08/06","00:00","1.193","-","1.81"
"2023/08/06","01:00","1.431","-","2.03"
"2023/08/06","02:00","1.516","-","2.08"
"2023/08/06","03:00","1.459","-","2.05"
"2023/08/06","04:00","1.274","-","1.87"
"2023/08/06","05:00","0.994","-","1.61"
"2023/08/06","06:00","0.683","-","1.29"
"2023/08/06","07:00","0.412","-","1.03"
"2023/08/06","08:00","0.239","-","0.86"
"2023/08/06","09:00","0.217","-","0.88"
"2023/08/06","10:00","0.39","-","1.05"
"2023/08/06","11:00","0.733","-","1.41"
"2023/08/06","12:00","1.128","-","1.75"
"2023/08/06","13:00","1.439","-","2.01"
"2023/08/06","14:00","1.6","-","2.14"
"2023/08/06","15:00","1.614","-","2.17"
"2023/08/06","16:00","1.495","-","2.12"
"2023/08/06","17:00","1.264","-","1.89"
"2023/08/06","18:00","0.966","-","1.58"
"2023/08/06","19:00","0.666","-","1.32"
"2023/08/06","20:00","0.419","-","1.13"
"2023/08/06","21:00","0.278","-","1"
"2023/08/06","22:00","0.301","-","0.98"
"2023/08/06","23:00","0.511","-","1.2"
"2023/08/07","00:00","0.837","-","1.52"
"2023/08/07","01:00","1.149","-","1.88"
"2023/08/07","02:00","1.349","-","2.08"
"2023/08/07","03:00","1.414","-","2.17"
"2023/08/07","04:00","1.354","-","2.13"
"2023/08/07","05:00","1.18","-","1.99"
"2023/08/07","06:00","0.923","-","1.73"
"2023/08/07","07:00","0.646","-","1.47"
"2023/08/07","08:00","0.411","-","1.3"
"2023/08/07","09:00","0.27","-","1.17"
"2023/08/07","10:00","0.275","-","1.14"
"2023/08/07","11:00","0.465","-","1.3"
"2023/08/07","12:00","0.804","-","1.66"
"2023/08/07","13:00","1.173","-","2.05"
"2023/08/07","14:00","1.452","-","2.36"
"2023/08/07","15:00","1.593","-","2.48"
"2023/08/07","16:00","1.603","-","2.49"
"2023/08/07","17:00","1.495","-","2.35"
"2023/08/07","18:00","1.281","-","2.09"
"2023/08/07","19:00","1.005","-","1.75"
"2023/08/07","20:00","0.724","-","1.45"
"2023/08/07","21:00","0.486","-","1.27"
"2023/08/07","22:00","0.344","-","1.27"
"2023/08/07","23:00","0.358","-","1.29"
"2023/08/08","00:00","0.546","-","1.52"
"2023/08/08","01:00","0.834","-","1.69"
"2023/08/08","02:00","1.103","-","1.87"
"2023/08/08","03:00","1.271","-","1.93"
"2023/08/08","04:00","1.326","-","1.93"
"2023/08/08","05:00","1.271","-","1.78"
"2023/08/08","06:00","1.112","-","1.56"
"2023/08/08","07:00","0.879","-","1.33"
"2023/08/08","08:00","0.631","-","1.2"
"2023/08/08","09:00","0.427","-","1.08"
"2023/08/08","10:00","0.312","-","0.99"
"2023/08/08","11:00","0.337","-","1.06"
"2023/08/08","12:00","0.533","-","1.22"
"2023/08/08","13:00","0.856","-","1.43"
"2023/08/08","14:00","1.193","-","1.79"
"2023/08/08","15:00","1.44","-","1.99"
"2023/08/08","16:00","1.567","-","2.1"
"2023/08/08","17:00","1.582","-","2.01"
"2023/08/08","18:00","1.487","-","1.9"
"2023/08/08","19:00","1.291","-","1.68"
"2023/08/08","20:00","1.034","-","1.36"
"2023/08/08","21:00","0.77","-","1"
"2023/08/08","22:00","0.543","-","0.75"
"2023/08/08","23:00","0.402","-","0.65"
"2023/08/09","00:00","0.409","-","0.67"
"2023/08/09","01:00","0.575","-","0.84"
"2023/08/09","02:00","0.829","-","1.15"
"2023/08/09","03:00","1.063","-","1.38"
"2023/08/09","04:00","1.212","-","1.56"
"2023/08/09","05:00","1.266","-","1.59"
"2023/08/09","06:00","1.22","-","1.59"
"2023/08/09","07:00","1.073","-","1.36"
"2023/08/09","08:00","0.856","-","1.15"
"2023/08/09","09:00","0.632","-","0.91"
"2023/08/09","10:00","0.453","-","0.74"
"2023/08/09","11:00","0.358","-","0.68"
"2023/08/09","12:00","0.394","-","0.71"
"2023/08/09","13:00","0.587","-","0.88"
"2023/08/09","14:00","0.889","-","1.17"
"2023/08/09","15:00","1.192","-","1.49"
"2023/08/09","16:00","1.416","-","1.68"
"2023/08/09","17:00","1.538","-","1.74"
"2023/08/09","18:00","1.56","-","1.73"
"2023/08/09","19:00","1.474","-","1.59"
"2023/08/09","20:00","1.29","-","1.4"
"2023/08/09","21:00","1.048","-","1.18"
"2023/08/09","22:00","0.799","-","0.96"
"2023/08/09","23:00","0.581","-","0.77"
"2023/08/10","00:00","0.444","-","0.72"
"2023/08/10","01:00","0.446","-","0.71"
"2023/08/10","02:00","0.597","-","0.83"
"2023/08/10","03:00","0.826","-","1.07"
"2023/08/10","04:00","1.039","-","1.26"
"2023/08/10","05:00","1.183","-","1.39"
"2023/08/10","06:00","1.241","-","1.42"
"2023/08/10","07:00","1.2","-","1.41"
"2023/08/10","08:00","1.056","-","1.28"
"2023/08/10","09:00","0.849","-","1.1"
"2023/08/10","10:00","0.642","-","0.96"
"2023/08/10","11:00","0.48","-","0.74"
"2023/08/10","12:00","0.399","-","0.67"
"2023/08/10","13:00","0.44","-","0.67"
"2023/08/10","14:00","0.626","-","0.87"
"2023/08/10","15:00","0.906","-","1.18"
"2023/08/10","16:00","1.186","-","1.45"
"2023/08/10","17:00","1.396","-","1.67"
"2023/08/10","18:00","1.518","-","1.73"
"2023/08/10","19:00","1.544","-","1.82"
"2023/08/10","20:00","1.459","-","1.83"
"2023/08/10","21:00","1.277","-","1.71"
"2023/08/10","22:00","1.044","-","1.45"
"2023/08/10","23:00","0.807","-","1.23"
"2023/08/11","00:00","0.597","-","1.05"
"2023/08/11","01:00","0.464","-","0.98"
"2023/08/11","02:00","0.466","-","1"
"2023/08/11","03:00","0.611","-","1.03"
"2023/08/11","04:00","0.831","-","1.23"
"2023/08/11","05:00","1.04","-","1.4"
"2023/08/11","06:00","1.186","-","1.58"
"2023/08/11","07:00","1.247","-","1.57"
"2023/08/11","08:00","1.201","-","1.51"
"2023/08/11","09:00","1.051","-","1.3"
"2023/08/11","10:00","0.846","-","1.14"
"2023/08/11","11:00","0.65","-","0.93"
"2023/08/11","12:00","0.5","-","0.8"
"2023/08/11","13:00","0.426","-","0.76"
"2023/08/11","14:00","0.47","-","0.8"
"2023/08/11","15:00","0.651","-","0.99"
"2023/08/11","16:00","0.922","-","1.26"
"2023/08/11","17:00","1.191","-","1.51"
"2023/08/11","18:00","1.397","-","1.68"
"2023/08/11","19:00","1.517","-","1.77"
"2023/08/11","20:00","1.535","-","1.8"
"2023/08/11","21:00","1.439","-","1.74"
"2023/08/11","22:00","1.251","-","1.56"
"2023/08/11","23:00","1.021","-","1.34"
"2023/08/12","00:00","0.79","-","1.11"
"2023/08/12","01:00","0.585","-","0.98"
"2023/08/12","02:00","0.459","-","0.91"
"2023/08/12","03:00","0.472","-","0.93"
"2023/08/12","04:00","0.629","-","1.04"
"2023/08/12","05:00","0.857","-","1.24"
"2023/08/12","06:00","1.071","-","1.45"
"2023/08/12","07:00","1.22","-","1.63"
"2023/08/12","08:00","1.273","-","1.64"
"2023/08/12","09:00","1.211","-","1.59"
"2023/08/12","10:00","1.046","-","1.45"
"2023/08/12","11:00","0.839","-","1.26"
"2023/08/12","12:00","0.647","-","1.09"
"2023/08/12","13:00","0.503","-","0.96"
"2023/08/12","14:00","0.433","-","0.92"
"2023/08/12","15:00","0.486","-","0.96"
"2023/08/12","16:00","0.678","-","1.12"
"2023/08/12","17:00","0.953","-","1.37"
"2023/08/12","18:00","1.222","-","1.67"
"2023/08/12","19:00","1.423","-","1.89"
"2023/08/12","20:00","1.532","-","1.97"
"2023/08/12","21:00","1.531","-","1.98"
"2023/08/12","22:00","1.412","-","1.9"
"2023/08/12","23:00","1.21","-","1.68"
"2023/08/13","00:00","0.976","-","1.44"
"2023/08/13","01:00","0.744","-","1.24"
"2023/08/13","02:00","0.545","-","1.09"
"2023/08/13","03:00","0.437","-","1.06"
"2023/08/13","04:00","0.479","-","1.02"
"2023/08/13","05:00","0.664","-","1.16"
"2023/08/13","06:00","0.911","-","1.4"
"2023/08/13","07:00","1.131","-","1.64"
"2023/08/13","08:00","1.272","-","1.77"
"2023/08/13","09:00","1.306","-","1.82"
"2023/08/13","10:00","1.217","-","1.74"
"2023/08/13","11:00","1.032","-","1.55"
"2023/08/13","12:00","0.816","-","1.33"
"2023/08/13","13:00","0.624","-","1.13"
"2023/08/13","14:00","0.483","-","0.98"
"2023/08/13","15:00","0.426","-","0.9"
"2023/08/13","16:00","0.503","-","0.92"
"2023/08/13","17:00","0.72","-","1.09"
"2023/08/13","18:00","1.011","-","1.4"
"2023/08/13","19:00","1.28","-","1.64"
"2023/08/13","20:00","1.469","-","1.85"
"2023/08/13","21:00","1.555","-","1.87"
"2023/08/13","22:00","1.521","-","1.82"
"2023/08/13","23:00","1.372","-","1.63"
"2023/08/14","00:00","1.148","-","1.42"
"2023/08/14","01:00","0.904","-","1.17"
"2023/08/14","02:00","0.672","-","0.95"
"2023/08/14","03:00","0.487","-","0.8"
"2023/08/14","04:00","0.413","-","0.74"
"2023/08/14","05:00","0.503","-","0.8"
"2023/08/14","06:00","0.729","-","1.05"
"2023/08/14","07:00","0.994","-","1.32"
"2023/08/14","08:00","1.211","-","1.53"
"2023/08/14","09:00","1.331","-","1.64"
"2023/08/14","10:00","1.332","-","1.64"
"2023/08/14","11:00","1.21","-","1.56"
"2023/08/14","12:00","1.001","-","1.35"
"2023/08/14","13:00","0.774","-","1.12"
"2023/08/14","14:00","0.581","-","0.89"
"2023/08/14","15:00","0.449","-","0.8"
"2023/08/14","16:00","0.419","-","0.78"
"2023/08/14","17:00","0.536","-","0.94"
"2023/08/14","18:00","0.791","-","1.3"
"2023/08/14","19:00","1.097","-","1.49"
"2023/08/14","20:00","1.357","-","1.78"
"2023/08/14","21:00","1.52","-","1.86"
"2023/08/14","22:00","1.569","-","1.89"
"2023/08/14","23:00","1.495","-","1.87"
"2023/08/15","00:00","1.309","-","1.7"
"2023/08/15","01:00","1.061","-","1.48"
"2023/08/15","02:00","0.807","-","1.22"
"2023/08/15","03:00","0.583","-","1.02"
"2023/08/15","04:00","0.429","-","0.93"
"2023/08/15","05:00","0.412","-","0.94"
"2023/08/15","06:00","0.562","-","1.09"
"2023/08/15","07:00","0.828","-","1.33"
"2023/08/15","08:00","1.1","-","1.59"
"2023/08/15","09:00","1.297","-","1.82"
"2023/08/15","10:00","1.383","-","1.92"
"2023/08/15","11:00","1.343","-","1.93"
"2023/08/15","12:00","1.183","-","1.77"
"2023/08/15","13:00","0.949","-","1.54"
"2023/08/15","14:00","0.712","-","1.31"
"2023/08/15","15:00","0.524","-","1.13"
"2023/08/15","16:00","0.417","-","0.93"
"2023/08/15","17:00","0.431","-","0.96"
"2023/08/15","18:00","0.599","-","1.15"
"2023/08/15","19:00","0.889","-","1.38"
"2023/08/15","20:00","1.198","-","1.71"
"2023/08/15","21:00","1.434","-","1.85"
"2023/08/15","22:00","1.557","-","1.92"
"2023/08/15","23:00","1.561","-","1.9"
"2023/08/16","00:00","1.441","-","1.83"
"2023/08/16","01:00","1.217","-","1.63"
"2023/08/16","02:00","0.949","-","1.46"
"2023/08/16","03:00","0.695","-","1.18"
"2023/08/16","04:00","0.495","-","1.02"
"2023/08/16","05:00","0.395","-","0.9"
"2023/08/16","06:00","0.449","-","0.99"
"2023/08/16","07:00","0.661","-","1.18"
"2023/08/16","08:00","0.953","-","1.44"
"2023/08/16","09:00","1.215","-","1.7"
"2023/08/16","10:00","1.377","-","1.87"
"2023/08/16","11:00","1.418","-","1.94"
"2023/08/16","12:00","1.334","-","1.88"
"2023/08/16","13:00","1.136","-","1.68"
"2023/08/16","14:00","0.88","-","1.38"
"2023/08/16","15:00","0.642","-","1.14"
"2023/08/16","16:00","0.473","-","0.89"
"2023/08/16","17:00","0.405","-","0.8"
"2023/08/16","18:00","0.473","-","0.8"
"2023/08/16","19:00","0.692","-","1.09"
"2023/08/16","20:00","1.002","-","1.4"
"2023/08/16","21:00","1.295","-","1.68"
"2023/08/16","22:00","1.491","-","1.86"
"2023/08/16","23:00","1.566","-","1.97"
"2023/08/17","00:00","1.519","-","1.93"
"2023/08/17","01:00","1.353","-","1.83"
"2023/08/17","02:00","1.097","-","1.61"
"2023/08/17","03:00","0.82","-","1.37"
"2023/08/17","04:00","0.585","-","1.19"
"2023/08/17","05:00","0.432","-","1.09"
"2023/08/17","06:00","0.401","-","1.17"
"2023/08/17","07:00","0.529","-","1.33"
"2023/08/17","08:00","0.792","-","1.67"
"2023/08/17","09:00","1.092","-","1.86"
"2023/08/17","10:00","1.324","-","2.08"
"2023/08/17","11:00","1.439","-","2.15"
"2023/08/17","12:00","1.431","-","2.19"
"2023/08/17","13:00","1.301","-","2.08"
"2023/08/17","14:00","1.071","-","1.82"
"2023/08/17","15:00","0.804","-","1.57"
"2023/08/17","16:00","0.579","-","1.36"
"2023/08/17","17:00","0.444","-","1.21"
"2023/08/17","18:00","0.425","-","1.18"
"2023/08/17","19:00","0.547","-","1.29"
"2023/08/17","20:00","0.802","-","1.54"
"2023/08/17","21:00","1.113","-","1.88"
"2023/08/17","22:00","1.372","-","2.08"
"2023/08/17","23:00","1.515","-","2.21"
"2023/08/18","00:00","1.536","-","2.24"
"2023/08/18","01:00","1.44","-","2.19"
"2023/08/18","02:00","1.234","-","2"
"2023/08/18","03:00","0.96","-","1.75"
"2023/08/18","04:00","0.693","-","1.53"
"2023/08/18","05:00","0.497","-","1.35"
"2023/08/18","06:00","0.407","-","1.24"
"2023/08/18","07:00","0.452","-","1.26"
"2023/08/18","08:00","0.646","-","1.49"
"2023/08/18","09:00","0.94","-","1.82"
"2023/08/18","10:00","1.227","-","2.09"
"2023/08/18","11:00","1.416","-","2.35"
"2023/08/18","12:00","1.478","-","2.38"
"2023/08/18","13:00","1.42","-","2.27"
"2023/08/18","14:00","1.249","-","2.13"
"2023/08/18","15:00","0.996","-","1.81"
"2023/08/18","16:00","0.734","-","1.46"
"2023/08/18","17:00","0.537","-","1.18"
"2023/08/18","18:00","0.445","-","1.06"
"2023/08/18","19:00","0.476","-","1.05"
"2023/08/18","20:00","0.642","-","1.18"
"2023/08/18","21:00","0.915","-","1.43"
"2023/08/18","22:00","1.207","-","1.76"
"2023/08/18","23:00","1.417","-","2.04"
"2023/08/19","00:00","1.503","-","2.17"
"2023/08/19","01:00","1.47","-","2.14"
"2023/08/19","02:00","1.33","-","1.94"
"2023/08/19","03:00","1.097","-","1.68"
"2023/08/19","04:00","0.823","-","1.36"
"2023/08/19","05:00","0.587","-","1.1"
"2023/08/19","06:00","0.446","-","0.9"
"2023/08/19","07:00","0.424","-","0.86"
"2023/08/19","08:00","0.539","-","0.89"
"2023/08/19","09:00","0.784","-","1.11"
"2023/08/19","10:00","1.089","-","1.45"
"2023/08/19","11:00","1.347","-","1.68"
"2023/08/19","12:00","1.483","-","1.79"
"2023/08/19","13:00","1.49","-","1.77"
"2023/08/19","14:00","1.385","-","1.71"
"2023/08/19","15:00","1.184","-","1.52"
"2023/08/19","16:00","0.925","-","1.29"
"2023/08/19","17:00","0.682","-","1.06"
"2023/08/19","18:00","0.523","-","0.9"
"2023/08/19","19:00","0.475","-","0.8"
"2023/08/19","20:00","0.548","-","0.81"
"2023/08/19","21:00","0.741","-","1.01"
"2023/08/19","22:00","1.015","-","1.29"
"2023/08/19","23:00","1.274","-","1.53"
"2023/08/20","00:00","1.429","-","1.65"
"2023/08/20","01:00","1.457","-","1.65"
"2023/08/20","02:00","1.377","-","1.58"
"2023/08/20","03:00","1.204","-","1.42"
"2023/08/20","04:00","0.961","-","1.21"
"2023/08/20","05:00","0.706","-","0.98"
"2023/08/20","06:00","0.515","-","0.82"
"2023/08/20","07:00","0.433","-","0.74"
"2023/08/20","08:00","0.476","-","0.78"
"2023/08/20","09:00","0.648","-","0.89"
"2023/08/20","10:00","0.925","-","1.16"
"2023/08/20","11:00","1.226","-","1.47"
"2023/08/20","12:00","1.443","-","1.68"
"2023/08/20","13:00","1.523","-","1.77"
"2023/08/20","14:00","1.478","-","1.74"
"2023/08/20","15:00","1.336","-","1.55"
"2023/08/20","16:00","1.118","-","1.32"
"2023/08/20","17:00","0.867","-","1.05"
"2023/08/20","18:00","0.654","-","0.85"
"2023/08/20","19:00","0.532","-","0.66"
"2023/08/20","20:00","0.521","-","0.64"
"2023/08/20","21:00","0.623","-","0.77"
"2023/08/20","22:00","0.832","-","0.95"
"2023/08/20","23:00","1.094","-","1.18"
"2023/08/21","00:00","1.312","-","1.41"
"2023/08/21","01:00","1.411","-","1.55"
"2023/08/21","02:00","1.388","-","1.56"
"2023/08/21","03:00","1.272","-","1.46"
"2023/08/21","04:00","1.083","-","1.28"
"2023/08/21","05:00","0.846","-","1.06"
"2023/08/21","06:00","0.621","-","0.88"
"2023/08/21","07:00","0.478","-","0.76"
"2023/08/21","08:00","0.451","-","0.76"
"2023/08/21","09:00","0.547","-","0.83"
"2023/08/21","10:00","0.762","-","1.02"
"2023/08/21","11:00","1.058","-","1.32"
"2023/08/21","12:00","1.34","-","1.6"
"2023/08/21","13:00","1.51","-","1.79"
"2023/08/21","14:00","1.536","-","1.85"
"2023/08/21","15:00","1.45","-","1.78"
"2023/08/21","16:00","1.286","-","1.63"
"2023/08/21","17:00","1.064","-","1.37"
"2023/08/21","18:00","0.829","-","1.12"
"2023/08/21","19:00","0.645","-","0.91"
"2023/08/21","20:00","0.554","-","0.79"
"2023/08/21","21:00","0.569","-","0.73"
"2023/08/21","22:00","0.69","-","0.82"
"2023/08/21","23:00","0.904","-","1"
"2023/08/22","00:00","1.147","-","1.24"
"2023/08/22","01:00","1.322","-","1.4"
"2023/08/22","02:00","1.372","-","1.47"
"2023/08/22","03:00","1.311","-","1.42"
"2023/08/22","04:00","1.175","-","1.29"
"2023/08/22","05:00","0.983","-","1.05"
"2023/08/22","06:00","0.762","-","0.88"
"2023/08/22","07:00","0.57","-","0.79"
"2023/08/22","08:00","0.469","-","0.83"
"2023/08/22","09:00","0.486","-","0.88"
"2023/08/22","10:00","0.623","-","0.87"
"2023/08/22","11:00","0.868","-","1.09"
"2023/08/22","12:00","1.17","-","1.34"
"2023/08/22","13:00","1.426","-","1.67"
"2023/08/22","14:00","1.55","-","1.8"
"2023/08/22","15:00","1.533","-","1.8"
"2023/08/22","16:00","1.421","-","1.75"
"2023/08/22","17:00","1.247","-","1.62"
"2023/08/22","18:00","1.03","-","1.48"
"2023/08/22","19:00","0.811","-","1.33"
"2023/08/22","20:00","0.648","-","1.2"
"2023/08/22","21:00","0.578","-","1.2"
"2023/08/22","22:00","0.607","-","1.24"
"2023/08/22","23:00","0.739","-","1.4"
"2023/08/23","00:00","0.952","-","1.6"
"2023/08/23","01:00","1.174","-","1.77"
"2023/08/23","02:00","1.311","-","1.94"
"2023/08/23","03:00","1.324","-","1.99"
"2023/08/23","04:00","1.242","-","1.98"
"2023/08/23","05:00","1.102","-","1.86"
"2023/08/23","06:00","0.916","-","1.74"
"2023/08/23","07:00","0.711","-","1.57"
"2023/08/23","08:00","0.546","-","1.45"
"2023/08/23","09:00","0.476","-","1.39"
"2023/08/23","10:00","0.525","-","1.44"
"2023/08/23","11:00","0.69","-","1.63"
"2023/08/23","12:00","0.955","-","1.89"
"2023/08/23","13:00","1.253","-","2.19"
"2023/08/23","14:00","1.482","-","2.41"
"2023/08/23","15:00","1.57","-","2.49"
"2023/08/23","16:00","1.528","-","2.48"
"2023/08/23","17:00","1.406","-","2.36"
"2023/08/23","18:00","1.231","-","2.14"
"2023/08/23","19:00","1.018","-","1.91"
"2023/08/23","20:00","0.808","-","1.69"
"2023/08/23","21:00","0.655","-","1.55"
"2023/08/23","22:00","0.593","-","1.41"
"2023/08/23","23:00","0.629","-","1.39"
"2023/08/24","00:00","0.765","-","1.53"
"2023/08/24","01:00","0.973","-","1.7"
"2023/08/24","02:00","1.175","-","1.88"
"2023/08/24","03:00","1.286","-","1.95"
"2023/08/24","04:00","1.282","-","1.98"
"2023/08/24","05:00","1.198","-","1.87"
"2023/08/24","06:00","1.062","-","1.74"
"2023/08/24","07:00","0.882","-","1.57"
"2023/08/24","08:00","0.686","-","1.36"
"2023/08/24","09:00","0.536","-","1.25"
"2023/08/24","10:00","0.486","-","1.16"
"2023/08/24","11:00","0.554","-","1.2"
"2023/08/24","12:00","0.737","-","1.35"
"2023/08/24","13:00","1.011","-","1.63"
"2023/08/24","14:00","1.304","-","1.9"
"2023/08/24","15:00","1.514","-","2.08"
"2023/08/24","16:00","1.585","-","2.16"
"2023/08/24","17:00","1.537","-","2.19"
"2023/08/24","18:00","1.417","-","2.14"
"2023/08/24","19:00","1.242","-","1.98"
"2023/08/24","20:00","1.026","-","1.72"
"2023/08/24","21:00","0.813","-","1.51"
"2023/08/24","22:00","0.66","-","1.34"
"2023/08/24","23:00","0.595","-","1.23"
"2023/08/25","00:00","0.628","-","1.21"
"2023/08/25","01:00","0.762","-","1.34"
"2023/08/25","02:00","0.966","-","1.57"
"2023/08/25","03:00","1.16","-","1.8"
"2023/08/25","04:00","1.264","-","1.87"
"2023/08/25","05:00","1.262","-","1.89"
"2023/08/25","06:00","1.187","-","1.82"
"2023/08/25","07:00","1.056","-","1.63"
"2023/08/25","08:00","0.874","-","1.47"
"2023/08/25","09:00","0.677","-","1.24"
"2023/08/25","10:00","0.532","-","0.86"
"2023/08/25","11:00","0.489","-","1.05"
"2023/08/25","12:00","0.563","-","1.26"
"2023/08/25","13:00","0.753","-","1.46"
"2023/08/25","14:00","1.032","-","1.68"
"2023/08/25","15:00","1.326","-","2"
"2023/08/25","16:00","1.534","-","2.24"
"2023/08/25","17:00","1.608","-","2.32"
"2023/08/25","18:00","1.571","-","2.27"
"2023/08/25","19:00","1.456","-","2.12"
"2023/08/25","20:00","1.276","-","1.87"
"2023/08/25","21:00","1.046","-","1.59"
"2023/08/25","22:00","0.82","-","1.37"
"2023/08/25","23:00","0.655","-","1.14"
"2023/08/26","00:00","0.577","-","1.01"
"2023/08/26","01:00","0.6","-","1.04"
"2023/08/26","02:00","0.733","-","1.09"
"2023/08/26","03:00","0.942","-","1.29"
"2023/08/26","04:00","1.144","-","1.5"
"2023/08/26","05:00","1.261","-","1.61"
"2023/08/26","06:00","1.276","-","1.67"
"2023/08/26","07:00","1.212","-","1.59"
"2023/08/26","08:00","1.079","-","1.45"
"2023/08/26","09:00","0.884","-","1.26"
"2023/08/26","10:00","0.676","-","1.1"
"2023/08/26","11:00","0.523","-","0.97"
"2023/08/26","12:00","0.473","-","0.87"
"2023/08/26","13:00","0.542","-","0.87"
"2023/08/26","14:00","0.732","-","1.03"
"2023/08/26","15:00","1.022","-","1.37"
"2023/08/26","16:00","1.33","-","1.64"
"2023/08/26","17:00","1.556","-","1.88"
"2023/08/26","18:00","1.651","-","1.97"
"2023/08/26","19:00","1.629","-","2.01"
"2023/08/26","20:00","1.516","-","1.91"
"2023/08/26","21:00","1.32","-","1.74"
"2023/08/26","22:00","1.068","-","1.44"
"2023/08/26","23:00","0.821","-","1.19"
"2023/08/27","00:00","0.633","-","1.06"
"2023/08/27","01:00","0.534","-","0.97"
"2023/08/27","02:00","0.546","-","1.05"
"2023/08/27","03:00","0.686","-","1.22"
"2023/08/27","04:00","0.917","-","1.48"
"2023/08/27","05:00","1.147","-","1.7"
"2023/08/27","06:00","1.292","-","1.86"
"2023/08/27","07:00","1.328","-","1.95"
"2023/08/27","08:00","1.269","-","1.95"
"2023/08/27","09:00","1.122","-","1.83"
"2023/08/27","10:00","0.905","-","1.59"
"2023/08/27","11:00","0.675","-","1.37"
"2023/08/27","12:00","0.503","-","1.2"
"2023/08/27","13:00","0.434","-","1.1"
"2023/08/27","14:00","0.489","-","1.18"
"2023/08/27","15:00","0.682","-","1.44"
"2023/08/27","16:00","0.993","-","1.75"
"2023/08/27","17:00","1.332","-","2.09"
"2023/08/27","18:00","1.59","-","2.3"
"2023/08/27","19:00","1.709","-","2.43"
"2023/08/27","20:00","1.7","-","2.47"
"2023/08/27","21:00","1.578","-","2.34"
"2023/08/27","22:00","1.359","-","2.08"
"2023/08/27","23:00","1.079","-","1.79"
"2023/08/28","00:00","0.803","-","1.54"
"2023/08/28","01:00","0.587","-","1.41"
"2023/08/28","02:00","0.466","-","1.34"
"2023/08/28","03:00","0.477","-","1.4"
"2023/08/28","04:00","0.642","-","1.58"
"2023/08/28","05:00","0.914","-","1.86"
"2023/08/28","06:00","1.186","-","2.14"
"2023/08/28","07:00","1.361","-","2.38"
"2023/08/28","08:00","1.411","-","2.46"
"2023/08/28","09:00","1.346","-","2.38"
"2023/08/28","10:00","1.176","-","2.22"
"2023/08/28","11:00","0.928","-","1.94"
"2023/08/28","12:00","0.668","-","1.7"
"2023/08/28","13:00","0.468","-","1.5"
"2023/08/28","14:00","0.372","-","1.4"
"2023/08/28","15:00","0.414","-","1.44"
"2023/08/28","16:00","0.62","-","1.69"
"2023/08/28","17:00","0.966","-","2.06"
"2023/08/28","18:00","1.345","-","2.37"
"2023/08/28","19:00","1.634","-","2.65"
"2023/08/28","20:00","1.772","-","2.77"
"2023/08/28","21:00","1.763","-","2.78"
"2023/08/28","22:00","1.625","-","2.65"
"2023/08/28","23:00","1.377","-","2.44"
"2023/08/29","00:00","1.065","-","2.16"
"2023/08/29","01:00","0.759","-","1.85"
"2023/08/29","02:00","0.516","-","1.63"
"2023/08/29","03:00","0.384","-","1.51"
"2023/08/29","04:00","0.412","-","1.49"
"2023/08/29","05:00","0.622","-","1.66"
"2023/08/29","06:00","0.95","-","2.03"
"2023/08/29","07:00","1.264","-","2.33"
"2023/08/29","08:00","1.462","-","2.47"
"2023/08/29","09:00","1.514","-","2.46"
"2023/08/29","10:00","1.432","-","2.41"
"2023/08/29","11:00","1.231","-","2.18"
"2023/08/29","12:00","0.948","-","1.84"
"2023/08/29","13:00","0.653","-","1.58"
"2023/08/29","14:00","0.419","-","1.32"
"2023/08/29","15:00","0.298","-","1.19"
"2023/08/29","16:00","0.337","-","1.19"
"2023/08/29","17:00","0.569","-","1.37"
"2023/08/29","18:00","0.954","-","1.82"
"2023/08/29","19:00","1.368","-","2.27"
"2023/08/29","20:00","1.677","-","2.57"
"2023/08/29","21:00","1.82","-","2.7"
"2023/08/29","22:00","1.801","-","2.66"
"2023/08/29","23:00","1.639","-","2.51"
"2023/08/30","00:00","1.36","-","2.18"
"2023/08/30","01:00","1.018","-","1.82"
"2023/08/30","02:00","0.687","-","1.48"
"2023/08/30","03:00","0.43","-","1.25"
"2023/08/30","04:00","0.307","-","1.14"
"2023/08/30","05:00","0.375","-","1.16"
"2023/08/30","06:00","0.645","-","1.43"
"2023/08/30","07:00","1.027","-","1.82"
"2023/08/30","08:00","1.372","-","2.14"
"2023/08/30","09:00","1.578","-","2.34"
"2023/08/30","10:00","1.62","-","2.4"
"2023/08/30","11:00","1.514","-","2.37"
"2023/08/30","12:00","1.278","-","2.15"
"2023/08/30","13:00","0.959","-","1.83"
"2023/08/30","14:00","0.631","-","1.53"
"2023/08/30","15:00","0.37","-","1.27"
"2023/08/30","16:00","0.234","-","1.06"
"2023/08/30","17:00","0.282","-","1.04"
"2023/08/30","18:00","0.544","-","1.26"
"2023/08/30","19:00","0.963","-","1.73"
"2023/08/30","20:00","1.396","-","2.18"
"2023/08/30","21:00","1.705","-","2.49"
"2023/08/30","22:00","1.836","-","2.6"
"2023/08/30","23:00","1.798","-","2.6"
"2023/08/31","00:00","1.611","-","2.55"
"2023/08/31","01:00","1.303","-","2.28"
"2023/08/31","02:00","0.939","-","1.9"
"2023/08/31","03:00","0.597","-","1.58"
"2023/08/31","04:00","0.347","-","1.37"
"2023/08/31","05:00","0.256","-","1.3"
"2023/08/31","06:00","0.381","-","1.46"
"2023/08/31","07:00","0.712","-","1.85"
"2023/08/31","08:00","1.134","-","2.37"
"2023/08/31","09:00","1.492","-","2.69"
"2023/08/31","10:00","1.689","-","2.97"
"2023/08/31","11:00","1.712","-","2.97"
"2023/08/31","12:00","1.578","-","2.88"
"2023/08/31","13:00","1.311","-","2.53"
"2023/08/31","14:00","0.961","-","2.1"
"2023/08/31","15:00","0.61","-","1.63"
"2023/08/31","16:00","0.335","-","1.31"
"2023/08/31","17:00","0.199","-","1.13"
"2023/08/31","18:00","0.265","-","1.19"
"2023/08/31","19:00","0.553","-","1.56"
"2023/08/31","20:00","0.988","-","2.04"
"2023/08/31","21:00","1.415","-","2.5"
"2023/08/31","22:00","1.704","-","2.72"
"2023/08/31","23:00","1.813","-","2.84"
"2023/09/01","00:00","1.751","-","2.85"
"2023/09/01","01:00","1.539","-","2.72"
"2023/09/01","02:00","1.212","-","2.47"
"2023/09/01","03:00","0.841","-","2.06"
"2023/09/01","04:00","0.51","-","1.74"
"2023/09/01","05:00","0.29","-","1.52"
"2023/09/01","06:00","0.248","-","1.49"
"2023/09/01","07:00","0.431","-","1.65"
"2023/09/01","08:00","0.81","-","2.08"
"2023/09/01","09:00","1.251","-","2.53"
"2023/09/01","10:00","1.6","-","2.83"
"2023/09/01","11:00","1.777","-","2.93"
"2023/09/01","12:00","1.776","-","2.9"
"2023/09/01","13:00","1.616","-","2.75"
"2023/09/01","14:00","1.323","-","2.43"
"2023/09/01","15:00","0.958","-","2.02"
"2023/09/01","16:00","0.601","-","1.67"
"2023/09/01","17:00","0.329","-","1.44"
"2023/09/01","18:00","0.205","-","1.34"
"2023/09/01","19:00","0.289","-","1.39"
"2023/09/01","20:00","0.59","-","1.71"
"2023/09/01","21:00","1.017","-","2.15"
"2023/09/01","22:00","1.417","-","2.52"
"2023/09/01","23:00","1.673","-","2.72"
"2023/09/02","00:00","1.752","-","2.76"
"2023/09/02","01:00","1.666","-","2.66"
"2023/09/02","02:00","1.436","-","2.43"
"2023/09/02","03:00","1.103","-","2.07"
"2023/09/02","04:00","0.746","-","1.7"
"2023/09/02","05:00","0.447","-","1.38"
"2023/09/02","06:00","0.273","-","1.19"
"2023/09/02","07:00","0.283","-","1.17"
"2023/09/02","08:00","0.515","-","1.34"
"2023/09/02","09:00","0.919","-","1.77"
"2023/09/02","10:00","1.355","-","2.22"
"2023/09/02","11:00","1.679","-","2.5"
"2023/09/02","12:00","1.827","-","2.58"
"2023/09/02","13:00","1.801","-","2.6"
"2023/09/02","14:00","1.622","-","2.43"
"2023/09/02","15:00","1.319","-","2.09"
"2023/09/02","16:00","0.956","-","1.69"
"2023/09/02","17:00","0.614","-","1.36"
"2023/09/02","18:00","0.359","-","1.1"
"2023/09/02","19:00","0.251","-","0.97"
"2023/09/02","20:00","0.345","-","1.03"
"2023/09/02","21:00","0.641","-","1.3"
"2023/09/02","22:00","1.043","-","1.72"
"2023/09/02","23:00","1.401","-","2.06"
"2023/09/03","00:00","1.614","-","2.22"
"2023/09/03","01:00","1.663","-","2.24"
"2023/09/03","02:00","1.558","-","2.13"
"2023/09/03","03:00","1.321","-","1.9"
"2023/09/03","04:00","1.001","-","1.56"
"2023/09/03","05:00","0.676","-","1.25"
"2023/09/03","06:00","0.423","-","1.04"
"2023/09/03","07:00","0.297","-","0.92"
"2023/09/03","08:00","0.351","-","0.92"
"2023/09/03","09:00","0.612","-","1.17"
"2023/09/03","10:00","1.019","-","1.59"
"2023/09/03","11:00","1.43","-","2.03"
"2023/09/03","12:00","1.717","-","2.29"
"2023/09/03","13:00","1.833","-","2.38"
"2023/09/03","14:00","1.787","-","2.3"
"2023/09/03","15:00","1.6","-","2.09"
"2023/09/03","16:00","1.304","-","1.73"
"2023/09/03","17:00","0.964","-","1.37"
"2023/09/03","18:00","0.65","-","1.05"
"2023/09/03","19:00","0.419","-","0.85"
"2023/09/03","20:00","0.324","-","0.76"
"2023/09/03","21:00","0.418","-","0.81"
"2023/09/03","22:00","0.696","-","1.04"
"2023/09/03","23:00","1.059","-","1.41"
"2023/09/04","00:00","1.368","-","1.74"
"2023/09/04","01:00","1.54","-","1.88"
"2023/09/04","02:00","1.562","-","1.9"
"2023/09/04","03:00","1.447","-","1.8"
"2023/09/04","04:00","1.218","-","1.58"
"2023/09/04","05:00","0.925","-","1.29"
"2023/09/04","06:00","0.644","-","1.02"
"2023/09/04","07:00","0.437","-","0.81"
"2023/09/04","08:00","0.351","-","0.68"
"2023/09/04","09:00","0.435","-","0.74"
"2023/09/04","10:00","0.706","-","1.06"
"2023/09/04","11:00","1.096","-","1.5"
"2023/09/04","12:00","1.467","-","1.84"
"2023/09/04","13:00","1.711","-","2.07"
"2023/09/04","14:00","1.797","-","2.12"
"2023/09/04","15:00","1.741","-","2.06"
"2023/09/04","16:00","1.561","-","1.92"
"2023/09/04","17:00","1.288","-","1.65"
"2023/09/04","18:00","0.982","-","1.34"
"2023/09/04","19:00","0.702","-","1.07"
"2023/09/04","20:00","0.492","-","0.93"
"2023/09/04","21:00","0.405","-","0.92"
"2023/09/04","22:00","0.494","-","1.01"
"2023/09/04","23:00","0.747","-","1.31"
"2023/09/05","00:00","1.066","-","1.62"
"2023/09/05","01:00","1.326","-","1.88"
"2023/09/05","02:00","1.461","-","2.02"
"2023/09/05","03:00","1.466","-","2.02"
"2023/09/05","04:00","1.354","-","1.9"
"2023/09/05","05:00","1.143","-","1.68"
"2023/09/05","06:00","0.885","-","1.44"
"2023/09/05","07:00","0.646","-","1.19"
"2023/09/05","08:00","0.478","-","1.04"
"2023/09/05","09:00","0.42","-","1"
"2023/09/05","10:00","0.519","-","1.12"
"2023/09/05","11:00","0.785","-","1.42"
"2023/09/05","12:00","1.143","-","1.77"
"2023/09/05","13:00","1.467","-","2.05"
"2023/09/05","14:00","1.669","-","2.22"
"2023/09/05","15:00","1.734","-","2.29"
"2023/09/05","16:00","1.679","-","2.24"
"2023/09/05","17:00","1.518","-","2.06"
"2023/09/05","18:00","1.276","-","1.81"
"2023/09/05","19:00","1.007","-","1.52"
"2023/09/05","20:00","0.757","-","1.32"
"2023/09/05","21:00","0.564","-","1.2"
"2023/09/05","22:00","0.482","-","1.15"
"2023/09/05","23:00","0.562","-","1.22"
"2023/09/06","00:00","0.789","-","1.4"
"2023/09/06","01:00","1.065","-","1.7"
"2023/09/06","02:00","1.281","-","1.93"
"2023/09/06","03:00","1.39","-","2.02"
"2023/09/06","04:00","1.392","-","2.01"
"2023/09/06","05:00","1.291","-","1.91"
"2023/09/06","06:00","1.103","-","1.75"
"2023/09/06","07:00","0.877","-","1.52"
"2023/09/06","08:00","0.673","-","1.34"
"2023/09/06","09:00","0.531","-","1.25"
"2023/09/06","10:00","0.49","-","1.19"
"2023/09/06","11:00","0.593","-","1.32"
"2023/09/06","12:00","0.842","-","1.59"
"2023/09/06","13:00","1.162","-","1.91"
"2023/09/06","14:00","1.439","-","2.17"
"2023/09/06","15:00","1.607","-","2.33"
"2023/09/06","16:00","1.663","-","2.35"
"2023/09/06","17:00","1.62","-","2.32"
"2023/09/06","18:00","1.481","-","2.17"
"2023/09/06","19:00","1.269","-","1.98"
"2023/09/06","20:00","1.029","-","1.76"
"2023/09/06","21:00","0.802","-","1.57"
"2023/09/06","22:00","0.622","-","1.44"
"2023/09/06","23:00","0.544","-","1.41"
"2023/09/07","00:00","0.616","-","1.52"
"2023/09/07","01:00","0.819","-","1.73"
"2023/09/07","02:00","1.058","-","1.98"
"2023/09/07","03:00","1.243","-","2.17"
"2023/09/07","04:00","1.341","-","2.24"
"2023/09/07","05:00","1.349","-","2.22"
"2023/09/07","06:00","1.262","-","2.14"
"2023/09/07","07:00","1.093","-","1.96"
"2023/09/07","08:00","0.89","-","1.76"
"2023/09/07","09:00","0.707","-","1.6"
"2023/09/07","10:00","0.583","-","1.49"
"2023/09/07","11:00","0.55","-","1.47"
"2023/09/07","12:00","0.649","-","1.54"
"2023/09/07","13:00","0.877","-","1.8"
"2023/09/07","14:00","1.159","-","2.1"
"2023/09/07","15:00","1.397","-","2.34"
"2023/09/07","16:00","1.545","-","2.45"
"2023/09/07","17:00","1.605","-","2.48"
"2023/09/07","18:00","1.577","-","2.46"
"2023/09/07","19:00","1.455","-","2.37"
"2023/09/07","20:00","1.262","-","2.17"
"2023/09/07","21:00","1.041","-","1.89"
"2023/09/07","22:00","0.829","-","1.83"
"2023/09/07","23:00","0.659","-","1.59"
"2023/09/08","00:00","0.585","-","1.68"
"2023/09/08","01:00","0.652","-","1.7"
"2023/09/08","02:00","0.836","-","1.84"
"2023/09/08","03:00","1.05","-","2.01"
"2023/09/08","04:00","1.221","-","2.16"
"2023/09/08","05:00","1.321","-","2.2"
"2023/09/08","06:00","1.338","-","2.22"
"2023/09/08","07:00","1.26","-","2.09"
"2023/09/08","08:00","1.099","-","1.95"
"2023/09/08","09:00","0.906","-","1.72"
"2023/09/08","10:00","0.737","-","1.54"
"2023/09/08","11:00","0.621","-","1.4"
"2023/09/08","12:00","0.591","-","1.33"
"2023/09/08","13:00","0.683","-","1.37"
"2023/09/08","14:00","0.892","-","1.53"
"2023/09/08","15:00","1.146","-","1.8"
"2023/09/08","16:00","1.362","-","2.03"
"2023/09/08","17:00","1.506","-","2.17"
"2023/09/08","18:00","1.574","-","2.22"
"2023/09/08","19:00","1.554","-","2.22"
"2023/09/08","20:00","1.437","-","2.07"
"2023/09/08","21:00","1.249","-","1.82"
"2023/09/08","22:00","1.036","-","1.52"
"2023/09/08","23:00","0.832","-","1.31"
"2023/09/09","00:00","0.669","-","1.2"
"2023/09/09","01:00","0.601","-","1.23"
"2023/09/09","02:00","0.669","-","1.36"
"2023/09/09","03:00","0.846","-","1.56"
"2023/09/09","04:00","1.054","-","1.76"
"2023/09/09","05:00","1.226","-","1.9"
"2023/09/09","06:00","1.333","-","1.92"
"2023/09/09","07:00","1.355","-","1.92"
"2023/09/09","08:00","1.273","-","1.72"
"2023/09/09","09:00","1.106","-","1.62"
"2023/09/09","10:00","0.915","-","1.41"
"2023/09/09","11:00","0.75","-","1.22"
"2023/09/09","12:00","0.638","-","1.13"
"2023/09/09","13:00","0.608","-","1.12"
"2023/09/09","14:00","0.697","-","1.2"
"2023/09/09","15:00","0.898","-","1.3"
"2023/09/09","16:00","1.14","-","1.57"
"2023/09/09","17:00","1.352","-","1.64"
"2023/09/09","18:00","1.5","-","1.86"
"2023/09/09","19:00","1.572","-","2.02"
"2023/09/09","20:00","1.547","-","2.05"
"2023/09/09","21:00","1.418","-","1.97"
"2023/09/09","22:00","1.223","-","1.79"
"2023/09/09","23:00","1.009","-","1.58"
"2023/09/10","00:00","0.808","-","1.41"
"2023/09/10","01:00","0.651","-","1.23"
"2023/09/10","02:00","0.594","-","1.2"
"2023/09/10","03:00","0.676","-","1.34"
"2023/09/10","04:00","0.865","-","1.47"
"2023/09/10","05:00","1.082","-","1.72"
"2023/09/10","06:00","1.263","-","1.96"
"2023/09/10","07:00","1.375","-","2.01"
"2023/09/10","08:00","1.387","-","2.01"
"2023/09/10","09:00","1.286","-","1.91"
"2023/09/10","10:00","1.104","-","1.7"
"2023/09/10","11:00","0.906","-","1.5"
"2023/09/10","12:00","0.74","-","1.28"
"2023/09/10","13:00","0.628","-","1.17"
"2023/09/10","14:00","0.602","-","1.1"
"2023/09/10","15:00","0.7","-","1.18"
"2023/09/10","16:00","0.909","-","1.41"
"2023/09/10","17:00","1.158","-","1.65"
"2023/09/10","18:00","1.376","-","1.93"
"2023/09/10","19:00","1.527","-","2.04"
"2023/09/10","20:00","1.59","-","2.1"
"2023/09/10","21:00","1.542","-","2.1"
"2023/09/10","22:00","1.389","-","1.96"
"2023/09/10","23:00","1.176","-","1.78"
"2023/09/11","00:00","0.956","-","1.55"
"2023/09/11","01:00","0.755","-","1.37"
"2023/09/11","02:00","0.609","-","1.23"
"2023/09/11","03:00","0.577","-","1.22"
"2023/09/11","04:00","0.692","-","1.32"
"2023/09/11","05:00","0.91","-","1.52"
"2023/09/11","06:00","1.145","-","1.71"
"2023/09/11","07:00","1.332","-","1.89"
"2023/09/11","08:00","1.434","-","1.95"
"2023/09/11","09:00","1.421","-","1.92"
"2023/09/11","10:00","1.289","-","1.82"
"2023/09/11","11:00","1.084","-","1.63"
"2023/09/11","12:00","0.875","-","1.41"
"2023/09/11","13:00","0.705","-","1.19"
"2023/09/11","14:00","0.595","-","1.09"
"2023/09/11","15:00","0.583","-","1.05"
"2023/09/11","16:00","0.707","-","1.19"
"2023/09/11","17:00","0.942","-","1.45"
"2023/09/11","18:00","1.208","-","1.72"
"2023/09/11","19:00","1.43","-","1.94"
"2023/09/11","20:00","1.57","-","2.05"
"2023/09/11","21:00","1.608","-","2.08"
"2023/09/11","22:00","1.524","-","2"
"2023/09/11","23:00","1.337","-","1.81"
"2023/09/12","00:00","1.103","-","1.57"
"2023/09/12","01:00","0.874","-","1.35"
"2023/09/12","02:00","0.677","-","1.2"
"2023/09/12","03:00","0.556","-","1.12"
"2023/09/12","04:00","0.57","-","1.13"
"2023/09/12","05:00","0.736","-","1.26"
"2023/09/12","06:00","0.992","-","1.52"
"2023/09/12","07:00","1.243","-","1.74"
"2023/09/12","08:00","1.422","-","1.9"
"2023/09/12","09:00","1.496","-","1.92"
"2023/09/12","10:00","1.444","-","1.91"
"2023/09/12","11:00","1.274","-","1.77"
"2023/09/12","12:00","1.043","-","1.52"
"2023/09/12","13:00","0.821","-","1.31"
"2023/09/12","14:00","0.647","-","1.13"
"2023/09/12","15:00","0.549","-","1.03"
"2023/09/12","16:00","0.569","-","1.04"
"2023/09/12","17:00","0.735","-","1.21"
"2023/09/12","18:00","1.005","-","1.51"
"2023/09/12","19:00","1.284","-","1.81"
"2023/09/12","20:00","1.497","-","2.03"
"2023/09/12","21:00","1.611","-","2.15"
"2023/09/12","22:00","1.607","-","2.11"
"2023/09/12","23:00","1.477","-","1.97"
"2023/09/13","00:00","1.254","-","1.76"
"2023/09/13","01:00","1","-","1.49"
"2023/09/13","02:00","0.768","-","1.39"
"2023/09/13","03:00","0.591","-","1.25"
"2023/09/13","04:00","0.516","-","1.32"
"2023/09/13","05:00","0.597","-","1.36"
"2023/09/13","06:00","0.824","-","1.61"
"2023/09/13","07:00","1.113","-","1.83"
"2023/09/13","08:00","1.363","-","2.04"
"2023/09/13","09:00","1.515","-","2.21"
"2023/09/13","10:00","1.547","-","2.23"
"2023/09/13","11:00","1.446","-","2.16"
"2023/09/13","12:00","1.235","-","1.94"
"2023/09/13","13:00","0.978","-","1.7"
"2023/09/13","14:00","0.747","-","1.49"
"2023/09/13","15:00","0.58","-","1.29"
"2023/09/13","16:00","0.51","-","1.18"
"2023/09/13","17:00","0.579","-","1.17"
"2023/09/13","18:00","0.797","-","1.3"
"2023/09/13","19:00","1.096","-","1.58"
"2023/09/13","20:00","1.372","-","1.83"
"2023/09/13","21:00","1.556","-","2.01"
"2023/09/13","22:00","1.626","-","2.06"
"2023/09/13","23:00","1.572","-","2"
"2023/09/14","00:00","1.395","-","1.85"
"2023/09/14","01:00","1.139","-","1.59"
"2023/09/14","02:00","0.874","-","1.34"
"2023/09/14","03:00","0.654","-","1.12"
"2023/09/14","04:00","0.518","-","1.07"
"2023/09/14","05:00","0.513","-","1.13"
"2023/09/14","06:00","0.671","-","1.32"
"2023/09/14","07:00","0.956","-","1.6"
"2023/09/14","08:00","1.26","-","1.87"
"2023/09/14","09:00","1.486","-","2.11"
"2023/09/14","10:00","1.594","-","2.19"
"2023/09/14","11:00","1.572","-","2.17"
"2023/09/14","12:00","1.42","-","2.03"
"2023/09/14","13:00","1.171","-","1.87"
"2023/09/14","14:00","0.896","-","1.63"
"2023/09/14","15:00","0.667","-","1.39"
"2023/09/14","16:00","0.523","-","1.2"
"2023/09/14","17:00","0.499","-","1.18"
"2023/09/14","18:00","0.626","-","1.33"
"2023/09/14","19:00","0.89","-","1.65"
"2023/09/14","20:00","1.2","-","1.98"
"2023/09/14","21:00","1.451","-","2.27"
"2023/09/14","22:00","1.589","-","2.44"
"2023/09/14","23:00","1.605","-","2.49"
"2023/09/15","00:00","1.498","-","2.47"
"2023/09/15","01:00","1.278","-","2.31"
"2023/09/15","02:00","1","-","2.02"
"2023/09/15","03:00","0.741","-","1.73"
"2023/09/15","04:00","0.556","-","1.52"
"2023/09/15","05:00","0.483","-","1.45"
"2023/09/15","06:00","0.56","-","1.57"
"2023/09/15","07:00","0.793","-","1.83"
"2023/09/15","08:00","1.115","-","2.14"
"2023/09/15","09:00","1.409","-","2.42"
"2023/09/15","10:00","1.592","-","2.52"
"2023/09/15","11:00","1.642","-","2.54"
"2023/09/15","12:00","1.563","-","2.42"
"2023/09/15","13:00","1.364","-","2.25"
"2023/09/15","14:00","1.086","-","2"
"2023/09/15","15:00","0.807","-","1.71"
"2023/09/15","16:00","0.597","-","1.45"
"2023/09/15","17:00","0.494","-","1.37"
"2023/09/15","18:00","0.526","-","1.42"
"2023/09/15","19:00","0.708","-","1.71"
"2023/09/15","20:00","1","-","2.04"
"2023/09/15","21:00","1.297","-","2.32"
"2023/09/15","22:00","1.504","-","2.48"
"2023/09/15","23:00","1.585","-","2.56"
"2023/09/16","00:00","1.545","-","2.56"
"2023/09/16","01:00","1.388","-","2.46"
"2023/09/16","02:00","1.137","-","2.26"
"2023/09/16","03:00","0.856","-","1.99"
"2023/09/16","04:00","0.624","-","1.76"
"2023/09/16","05:00","0.495","-","1.65"
"2023/09/16","06:00","0.498","-","1.63"
"2023/09/16","07:00","0.656","-","1.78"
"2023/09/16","08:00","0.947","-","2.07"
"2023/09/16","09:00","1.28","-","2.37"
"2023/09/16","10:00","1.54","-","2.6"
"2023/09/16","11:00","1.664","-","2.72"
"2023/09/16","12:00","1.653","-","2.72"
"2023/09/16","13:00","1.52","-","2.63"
"2023/09/16","14:00","1.283","-","2.39"
"2023/09/16","15:00","0.992","-","2.09"
"2023/09/16","16:00","0.728","-","1.76"
"2023/09/16","17:00","0.555","-","1.57"
"2023/09/16","18:00","0.502","-","1.51"
"2023/09/16","19:00","0.588","-","1.62"
"2023/09/16","20:00","0.81","-","1.86"
"2023/09/16","21:00","1.108","-","2.13"
"2023/09/16","22:00","1.373","-","2.38"
"2023/09/16","23:00","1.523","-","2.5"
"2023/09/17","00:00","1.544","-","2.49"
"2023/09/17","01:00","1.451","-","2.4"
"2023/09/17","02:00","1.257","-","2.18"
"2023/09/17","03:00","0.992","-","1.88"
"2023/09/17","04:00","0.728","-","1.61"
"2023/09/17","05:00","0.544","-","1.4"
"2023/09/17","06:00","0.482","-","1.34"
"2023/09/17","07:00","0.56","-","1.4"
"2023/09/17","08:00","0.783","-","1.6"
"2023/09/17","09:00","1.107","-","1.9"
"2023/09/17","10:00","1.426","-","2.17"
"2023/09/17","11:00","1.635","-","2.38"
"2023/09/17","12:00","1.696","-","2.46"
"2023/09/17","13:00","1.626","-","2.42"
"2023/09/17","14:00","1.449","-","2.23"
"2023/09/17","15:00","1.19","-","1.99"
"2023/09/17","16:00","0.905","-","1.73"
"2023/09/17","17:00","0.672","-","1.51"
"2023/09/17","18:00","0.545","-","1.34"
"2023/09/17","19:00","0.541","-","1.32"
"2023/09/17","20:00","0.669","-","1.41"
"2023/09/17","21:00","0.914","-","1.62"
"2023/09/17","22:00","1.199","-","1.94"
"2023/09/17","23:00","1.418","-","2.12"
"2023/09/18","00:00","1.508","-","2.3"
"2023/09/18","01:00","1.474","-","2.32"
"2023/09/18","02:00","1.34","-","2.15"
"2023/09/18","03:00","1.125","-","1.88"
"2023/09/18","04:00","0.865","-","1.61"
"2023/09/18","05:00","0.637","-","1.38"
"2023/09/18","06:00","0.509","-","1.22"
"2023/09/18","07:00","0.512","-","1.15"
"2023/09/18","08:00","0.653","-","1.17"
"2023/09/18","09:00","0.92","-","1.31"
"2023/09/18","10:00","1.253","-","1.62"
"2023/09/18","11:00","1.54","-","1.88"
"2023/09/18","12:00","1.691","-","2.02"
"2023/09/18","13:00","1.689","-","2.1"
"2023/09/18","14:00","1.571","-","1.98"
"2023/09/18","15:00","1.366","-","1.71"
"2023/09/18","16:00","1.102","-","1.34"
"2023/09/18","17:00","0.839","-","1.05"
"2023/09/18","18:00","0.646","-","0.88"
"2023/09/18","19:00","0.562","-","0.81"
"2023/09/18","20:00","0.596","-","0.86"
"2023/09/18","21:00","0.752","-","1.02"
"2023/09/18","22:00","1.001","-","1.25"
"2023/09/18","23:00","1.262","-","1.44"
"2023/09/19","00:00","1.431","-","1.65"
"2023/09/19","01:00","1.466","-","1.69"
"2023/09/19","02:00","1.389","-","1.66"
"2023/09/19","03:00","1.23","-","1.48"
"2023/09/19","04:00","1.01","-","1.24"
"2023/09/19","05:00","0.772","-","0.97"
"2023/09/19","06:00","0.587","-","0.79"
"2023/09/19","07:00","0.513","-","0.67"
"2023/09/19","08:00","0.568","-","0.73"
"2023/09/19","09:00","0.752","-","0.93"
"2023/09/19","10:00","1.044","-","1.28"
"2023/09/19","11:00","1.369","-","1.6"
"2023/09/19","12:00","1.615","-","1.81"
"2023/09/19","13:00","1.708","-","1.94"
"2023/09/19","14:00","1.656","-","1.93"
"2023/09/19","15:00","1.506","-","1.83"
"2023/09/19","16:00","1.289","-","1.62"
"2023/09/19","17:00","1.036","-","1.39"
"2023/09/19","18:00","0.802","-","1.16"
"2023/09/19","19:00","0.644","-","0.99"
"2023/09/19","20:00","0.592","-","0.93"
"2023/09/19","21:00","0.65","-","0.98"
"2023/09/19","22:00","0.819","-","1.17"
"2023/09/19","23:00","1.064","-","1.39"
"2023/09/20","00:00","1.295","-","1.58"
"2023/09/20","01:00","1.418","-","1.67"
"2023/09/20","02:00","1.41","-","1.68"
"2023/09/20","03:00","1.306","-","1.57"
"2023/09/20","04:00","1.139","-","1.36"
"2023/09/20","05:00","0.929","-","1.14"
"2023/09/20","06:00","0.719","-","0.96"
"2023/09/20","07:00","0.574","-","0.8"
"2023/09/20","08:00","0.54","-","0.78"
"2023/09/20","09:00","0.629","-","0.82"
"2023/09/20","10:00","0.839","-","1.05"
"2023/09/20","11:00","1.14","-","1.32"
"2023/09/20","12:00","1.448","-","1.61"
"2023/09/20","13:00","1.653","-","1.81"
"2023/09/20","14:00","1.7","-","1.91"
"2023/09/20","15:00","1.615","-","1.88"
"2023/09/20","16:00","1.451","-","1.76"
"2023/09/20","17:00","1.238","-","1.58"
"2023/09/20","18:00","1.002","-","1.37"
"2023/09/20","19:00","0.791","-","1.21"
"2023/09/20","20:00","0.657","-","1.1"
"2023/09/20","21:00","0.62","-","1.11"
"2023/09/20","22:00","0.689","-","1.18"
"2023/09/20","23:00","0.862","-","1.33"
"2023/09/21","00:00","1.098","-","1.51"
"2023/09/21","01:00","1.301","-","1.65"
"2023/09/21","02:00","1.389","-","1.73"
"2023/09/21","03:00","1.355","-","1.69"
"2023/09/21","04:00","1.243","-","1.59"
"2023/09/21","05:00","1.081","-","1.39"
"2023/09/21","06:00","0.886","-","1.23"
"2023/09/21","07:00","0.699","-","1.08"
"2023/09/21","08:00","0.58","-","0.96"
"2023/09/21","09:00","0.569","-","0.9"
"2023/09/21","10:00","0.676","-","0.99"
"2023/09/21","11:00","0.899","-","1.18"
"2023/09/21","12:00","1.201","-","1.4"
"2023/09/21","13:00","1.49","-","1.7"
"2023/09/21","14:00","1.662","-","1.86"
"2023/09/21","15:00","1.679","-","1.94"
"2023/09/21","16:00","1.583","-","1.89"
"2023/09/21","17:00","1.424","-","1.74"
"2023/09/21","18:00","1.221","-","1.56"
"2023/09/21","19:00","0.996","-","1.36"
"2023/09/21","20:00","0.797","-","1.18"
"2023/09/21","21:00","0.67","-","1.06"
"2023/09/21","22:00","0.635","-","1.02"
"2023/09/21","23:00","0.705","-","1.15"
"2023/09/22","00:00","0.878","-","1.36"
"2023/09/22","01:00","1.105","-","1.63"
"2023/09/22","02:00","1.288","-","1.81"
"2023/09/22","03:00","1.356","-","1.9"
"2023/09/22","04:00","1.317","-","1.93"
"2023/09/22","05:00","1.212","-","1.87"
"2023/09/22","06:00","1.062","-","1.79"
"2023/09/22","07:00","0.877","-","1.66"
"2023/09/22","08:00","0.7","-","1.55"
"2023/09/22","09:00","0.59","-","1.54"
"2023/09/22","10:00","0.585","-","1.57"
"2023/09/22","11:00","0.698","-","1.72"
"2023/09/22","12:00","0.924","-","2.03"
"2023/09/22","13:00","1.222","-","2.36"
"2023/09/22","14:00","1.497","-","2.59"
"2023/09/22","15:00","1.652","-","2.75"
"2023/09/22","16:00","1.664","-","2.85"
"2023/09/22","17:00","1.578","-","2.88"
"2023/09/22","18:00","1.431","-","2.76"
"2023/09/22","19:00","1.234","-","2.62"
"2023/09/22","20:00","1.009","-","2.55"
"2023/09/22","21:00","0.807","-","2.47"
"2023/09/22","22:00","0.672","-","2.52"
"2023/09/22","23:00","0.63","-","2.64"
"2023/09/23","00:00","0.696","-","2.93"
"2023/09/23","01:00","0.868","-","3.19"
"2023/09/23","02:00","1.092","-","3.43"
"2023/09/23","03:00","1.269","-","3.73"
"2023/09/23","04:00","1.34","-","3.93"
"2023/09/23","05:00","1.313","-","3.83"
"2023/09/23","06:00","1.223","-","3.73"
"2023/09/23","07:00","1.079","-","3.55"
"2023/09/23","08:00","0.891","-","3.17"
"2023/09/23","09:00","0.707","-","2.75"
"2023/09/23","10:00","0.591","-","2.61"
"2023/09/23","11:00","0.58","-","2.76"
"2023/09/23","12:00","0.686","-","2.86"
"2023/09/23","13:00","0.91","-","3.03"
"2023/09/23","14:00","1.207","-","3.27"
"2023/09/23","15:00","1.48","-","3.57"
"2023/09/23","16:00","1.639","-","3.72"
"2023/09/23","17:00","1.667","-","3.73"
"2023/09/23","18:00","1.601","-","3.71"
"2023/09/23","19:00","1.466","-","3.59"
"2023/09/23","20:00","1.264","-","3.39"
"2023/09/23","21:00","1.026","-","3.13"
"2023/09/23","22:00","0.807","-","2.84"
"2023/09/23","23:00","0.656","-","2.67"
"2023/09/24","00:00","0.6","-","2.6"
"2023/09/24","01:00","0.661","-","2.6"
"2023/09/24","02:00","0.839","-","2.76"
"2023/09/24","03:00","1.073","-","2.95"
"2023/09/24","04:00","1.265","-","3.06"
"2023/09/24","05:00","1.356","-","3.13"
"2023/09/24","06:00","1.353","-","3.1"
"2023/09/24","07:00","1.274","-","2.98"
"2023/09/24","08:00","1.123","-","2.79"
"2023/09/24","09:00","0.917","-","2.57"
"2023/09/24","10:00","0.714","-","2.38"
"2023/09/24","11:00","0.578","-","2.22"
"2023/09/24","12:00","0.547","-","2.13"
"2023/09/24","13:00","0.64","-","2.17"
"2023/09/24","14:00","0.86","-","2.31"
"2023/09/24","15:00","1.164","-","2.67"
"2023/09/24","16:00","1.452","-","2.93"
"2023/09/24","17:00","1.635","-","3.14"
"2023/09/24","18:00","1.692","-","3.26"
"2023/09/24","19:00","1.647","-","3.24"
"2023/09/24","20:00","1.512","-","3.05"
"2023/09/24","21:00","1.293","-","2.77"
"2023/09/24","22:00","1.031","-","2.45"
"2023/09/24","23:00","0.789","-","2.16"
"2023/09/25","00:00","0.617","-","1.97"
"2023/09/25","01:00","0.546","-","1.91"
"2023/09/25","02:00","0.609","-","1.9"
"2023/09/25","03:00","0.805","-","2.02"
"2023/09/25","04:00","1.068","-","2.23"
"2023/09/25","05:00","1.293","-","2.42"
"2023/09/25","06:00","1.416","-","2.49"
"2023/09/25","07:00","1.434","-","2.42"
"2023/09/25","08:00","1.355","-","2.24"
"2023/09/25","09:00","1.183","-","2.02"
"2023/09/25","10:00","0.946","-","1.77"
"2023/09/25","11:00","0.713","-","1.55"
"2023/09/25","12:00","0.548","-","1.39"
"2023/09/25","13:00","0.489","-","1.3"
"2023/09/25","14:00","0.564","-","1.34"
"2023/09/25","15:00","0.787","-","1.54"
"2023/09/25","16:00","1.111","-","1.88"
"2023/09/25","17:00","1.43","-","2.19"
"2023/09/25","18:00","1.646","-","2.4"
"2023/09/25","19:00","1.731","-","2.48"
"2023/09/25","20:00","1.696","-","2.49"
"2023/09/25","21:00","1.548","-","2.37"
"2023/09/25","22:00","1.303","-","2.15"
"2023/09/25","23:00","1.012","-","1.82"
"2023/09/26","00:00","0.745","-","1.5"
"2023/09/26","01:00","0.552","-","1.3"
"2023/09/26","02:00","0.474","-","1.23"
"2023/09/26","03:00","0.551","-","1.33"
"2023/09/26","04:00","0.786","-","1.59"
"2023/09/26","05:00","1.096","-","1.94"
"2023/09/26","06:00","1.365","-","2.3"
"2023/09/26","07:00","1.518","-","2.48"
"2023/09/26","08:00","1.546","-","2.54"
"2023/09/26","09:00","1.451","-","2.47"
"2023/09/26","10:00","1.245","-","2.27"
"2023/09/26","11:00","0.97","-","2.04"
"2023/09/26","12:00","0.7","-","1.77"
"2023/09/26","13:00","0.499","-","1.61"
"2023/09/26","14:00","0.409","-","1.59"
"2023/09/26","15:00","0.473","-","1.71"
"2023/09/26","16:00","0.711","-","2.02"
"2023/09/26","17:00","1.068","-","2.43"
"2023/09/26","18:00","1.423","-","2.78"
"2023/09/26","19:00","1.669","-","3.07"
"2023/09/26","20:00","1.769","-","3.21"
"2023/09/26","21:00","1.729","-","3.23"
"2023/09/26","22:00","1.557","-","3.11"
"2023/09/26","23:00","1.281","-","2.87"
"2023/09/27","00:00","0.962","-","2.54"
"2023/09/27","01:00","0.673","-","2.27"
"2023/09/27","02:00","0.467","-","2.11"
"2023/09/27","03:00","0.396","-","2.06"
"2023/09/27","04:00","0.511","-","2.17"
"2023/09/27","05:00","0.802","-","2.48"
"2023/09/27","06:00","1.168","-","2.86"
"2023/09/27","07:00","1.476","-","3.21"
"2023/09/27","08:00","1.646","-","3.37"
"2023/09/27","09:00","1.666","-","3.37"
"2023/09/27","10:00","1.544","-","3.25"
"2023/09/27","11:00","1.298","-","2.99"
"2023/09/27","12:00","0.983","-","2.61"
"2023/09/27","13:00","0.675","-","2.29"
"2023/09/27","14:00","0.438","-","2.06"
"2023/09/27","15:00","0.325","-","1.99"
"2023/09/27","16:00","0.391","-","2.07"
"2023/09/27","17:00","0.656","-","2.36"
"2023/09/27","18:00","1.05","-","2.75"
"2023/09/27","19:00","1.433","-","3.13"
"2023/09/27","20:00","1.692","-","3.38"
"2023/09/27","21:00","1.789","-","3.51"
"2023/09/27","22:00","1.73","-","3.47"
"2023/09/27","23:00","1.528","-","3.23"
"2023/09/28","00:00","1.222","-","2.89"
"2023/09/28","01:00","0.881","-","2.52"
"2023/09/28","02:00","0.579","-","2.22"
"2023/09/28","03:00","0.377","-","2.03"
"2023/09/28","04:00","0.336","-","1.93"
"2023/09/28","05:00","0.507","-","2.04"
"2023/09/28","06:00","0.863","-","2.38"
"2023/09/28","07:00","1.278","-","2.84"
"2023/09/28","08:00","1.607","-","3.15"
"2023/09/28","09:00","1.774","-","3.32"
"2023/09/28","10:00","1.773","-","3.3"
"2023/09/28","11:00","1.615","-","3.13"
"2023/09/28","12:00","1.329","-","2.78"
"2023/09/28","13:00","0.978","-","2.39"
"2023/09/28","14:00","0.638","-","2.05"
"2023/09/28","15:00","0.377","-","1.78"
"2023/09/28","16:00","0.257","-","1.69"
"2023/09/28","17:00","0.339","-","1.71"
"2023/09/28","18:00","0.637","-","2.02"
"2023/09/28","19:00","1.059","-","2.5"
"2023/09/28","20:00","1.451","-","2.91"
"2023/09/28","21:00","1.701","-","3.17"
"2023/09/28","22:00","1.779","-","3.26"
"2023/09/28","23:00","1.692","-","3.13"
"2023/09/29","00:00","1.46","-","2.91"
"2023/09/29","01:00","1.13","-","2.53"
"2023/09/29","02:00","0.779","-","2.1"
"2023/09/29","03:00","0.482","-","1.76"
"2023/09/29","04:00","0.304","-","1.56"
"2023/09/29","05:00","0.314","-","1.55"
"2023/09/29","06:00","0.551","-","1.73"
"2023/09/29","07:00","0.963","-","2.12"
"2023/09/29","08:00","1.404","-","2.53"
"2023/09/29","09:00","1.73","-","2.83"
"2023/09/29","10:00","1.876","-","2.95"
"2023/09/29","11:00","1.843","-","2.91"
"2023/09/29","12:00","1.65","-","2.72"
"2023/09/29","13:00","1.332","-","2.35"
"2023/09/29","14:00","0.955","-","1.96"
"2023/09/29","15:00","0.6","-","1.57"
"2023/09/29","16:00","0.334","-","1.3"
"2023/09/29","17:00","0.224","-","1.21"
"2023/09/29","18:00","0.334","-","1.27"
"2023/09/29","19:00","0.66","-","1.56"
"2023/09/29","20:00","1.089","-","2.05"
"2023/09/29","21:00","1.465","-","2.45"
"2023/09/29","22:00","1.688","-","2.65"
"2023/09/29","23:00","1.734","-","2.64"
"2023/09/30","00:00","1.618","-","2.54"
"2023/09/30","01:00","1.362","-","2.27"
"2023/09/30","02:00","1.02","-","1.91"
"2023/09/30","03:00","0.676","-","1.54"
"2023/09/30","04:00","0.405","-","1.28"
"2023/09/30","05:00","0.271","-","1.11"
"2023/09/30","06:00","0.34","-","1.17"
"2023/09/30","07:00","0.636","-","1.48"
"2023/09/30","08:00","1.081","-","1.91"
"2023/09/30","09:00","1.52","-","2.37"
"2023/09/30","10:00","1.819","-","2.64"
"2023/09/30","11:00","1.931","-","2.72"
"2023/09/30","12:00","1.865","-","2.7"
"2023/09/30","13:00","1.643","-","2.54"
"2023/09/30","14:00","1.305","-","2.23"
"2023/09/30","15:00","0.922","-","1.82"
"2023/09/30","16:00","0.573","-","1.5"
"2023/09/30","17:00","0.323","-","1.24"
"2023/09/30","18:00","0.239","-","1.18"
"2023/09/30","19:00","0.375","-","1.3"
"2023/09/30","20:00","0.712","-","1.71"
"2023/09/30","21:00","1.126","-","2.12"
"2023/09/30","22:00","1.466","-","2.44"
"2023/09/30","23:00","1.649","-","2.57"
"2023/10/01","00:00","1.662","-","2.58"
"2023/10/01","01:00","1.519","-","2.47"
"2023/10/01","02:00","1.249","-","2.2"
"2023/10/01","03:00","0.913","-","1.87"
"2023/10/01","04:00","0.595","-","1.58"
"2023/10/01","05:00","0.367","-","1.35"
"2023/10/01","06:00","0.287","-","1.28"
"2023/10/01","07:00","0.41","-","1.36"
"2023/10/01","08:00","0.743","-","1.72"
"2023/10/01","09:00","1.191","-","2.18"
"2023/10/01","10:00","1.601","-","2.61"
"2023/10/01","11:00","1.858","-","2.85"
"2023/10/01","12:00","1.931","-","2.93"
"2023/10/01","13:00","1.836","-","2.87"
"2023/10/01","14:00","1.596","-","2.69"
"2023/10/01","15:00","1.257","-","2.31"
"2023/10/01","16:00","0.89","-","1.94"
"2023/10/01","17:00","0.568","-","1.65"
"2023/10/01","18:00","0.349","-","1.49"
"2023/10/01","19:00","0.294","-","1.44"
"2023/10/01","20:00","0.448","-","1.59"
"2023/10/01","21:00","0.778","-","1.95"
"2023/10/01","22:00","1.157","-","2.3"
"2023/10/01","23:00","1.45","-","2.56"
"2023/10/02","00:00","1.59","-","2.68"
"2023/10/02","01:00","1.572","-","2.66"
"2023/10/02","02:00","1.412","-","2.51"
"2023/10/02","03:00","1.142","-","2.2"
"2023/10/02","04:00","0.829","-","1.93"
"2023/10/02","05:00","0.554","-","1.68"
"2023/10/02","06:00","0.376","-","1.52"
"2023/10/02","07:00","0.346","-","1.45"
"2023/10/02","08:00","0.506","-","1.61"
"2023/10/02","09:00","0.849","-","1.95"
"2023/10/02","10:00","1.274","-","2.35"
"2023/10/02","11:00","1.635","-","2.69"
"2023/10/02","12:00","1.841","-","2.87"
"2023/10/02","13:00","1.878","-","2.9"
"2023/10/02","14:00","1.764","-","2.82"
"2023/10/02","15:00","1.523","-","2.58"
"2023/10/02","16:00","1.202","-","2.26"
"2023/10/02","17:00","0.872","-","1.92"
"2023/10/02","18:00","0.591","-","1.67"
"2023/10/02","19:00","0.406","-","1.52"
"2023/10/02","20:00","0.374","-","1.47"
"2023/10/02","21:00","0.533","-","1.57"
"2023/10/02","22:00","0.841","-","1.86"
"2023/10/02","23:00","1.176","-","2.17"
"2023/10/03","00:00","1.418","-","2.42"
"2023/10/03","01:00","1.518","-","2.46"
"2023/10/03","02:00","1.479","-","2.42"
"2023/10/03","03:00","1.314","-","2.26"
"2023/10/03","04:00","1.06","-","1.98"
"2023/10/03","05:00","0.783","-","1.7"
"2023/10/03","06:00","0.556","-","1.52"
"2023/10/03","07:00","0.425","-","1.4"
"2023/10/03","08:00","0.429","-","1.39"
"2023/10/03","09:00","0.605","-","1.55"
"2023/10/03","10:00","0.935","-","1.9"
"2023/10/03","11:00","1.318","-","2.31"
"2023/10/03","12:00","1.623","-","2.58"
"2023/10/03","13:00","1.78","-","2.69"
"2023/10/03","14:00","1.789","-","2.7"
"2023/10/03","15:00","1.669","-","2.56"
"2023/10/03","16:00","1.443","-","2.32"
"2023/10/03","17:00","1.157","-","2.02"
"2023/10/03","18:00","0.871","-","1.76"
"2023/10/03","19:00","0.632","-","1.57"
"2023/10/03","20:00","0.477","-","1.46"
"2023/10/03","21:00","0.458","-","1.44"
"2023/10/03","22:00","0.612","-","1.57"
"2023/10/03","23:00","0.891","-","1.82"
"2023/10/04","00:00","1.179","-","2.07"
"2023/10/04","01:00","1.375","-","2.26"
"2023/10/04","02:00","1.446","-","2.28"
"2023/10/04","03:00","1.396","-","2.21"
"2023/10/04","04:00","1.24","-","2.01"
"2023/10/04","05:00","1.011","-","1.79"
"2023/10/04","06:00","0.776","-","1.54"
"2023/10/04","07:00","0.592","-","1.39"
"2023/10/04","08:00","0.494","-","1.3"
"2023/10/04","09:00","0.516","-","1.32"
"2023/10/04","10:00","0.69","-","1.46"
"2023/10/04","11:00","0.994","-","1.78"
"2023/10/04","12:00","1.326","-","2.09"
"2023/10/04","13:00","1.575","-","2.29"
"2023/10/04","14:00","1.691","-","2.36"
"2023/10/04","15:00","1.685","-","2.33"
"2023/10/04","16:00","1.574","-","2.21"
"2023/10/04","17:00","1.374","-","1.97"
"2023/10/04","18:00","1.127","-","1.7"
"2023/10/04","19:00","0.883","-","1.49"
"2023/10/04","20:00","0.677","-","1.31"
"2023/10/04","21:00","0.542","-","1.22"
"2023/10/04","22:00","0.531","-","1.22"
"2023/10/04","23:00","0.676","-","1.35"
"2023/10/05","00:00","0.925","-","1.6"
"2023/10/05","01:00","1.17","-","1.86"
"2023/10/05","02:00","1.329","-","1.99"
"2023/10/05","03:00","1.383","-","2.03"
"2023/10/05","04:00","1.335","-","1.94"
"2023/10/05","05:00","1.196","-","1.79"
"2023/10/05","06:00","0.996","-","1.61"
"2023/10/05","07:00","0.795","-","1.41"
"2023/10/05","08:00","0.642","-","1.29"
"2023/10/05","09:00","0.562","-","1.18"
"2023/10/05","10:00","0.59","-","1.21"
"2023/10/05","11:00","0.753","-","1.43"
"2023/10/05","12:00","1.025","-","1.72"
"2023/10/05","13:00","1.307","-","2.01"
"2023/10/05","14:00","1.508","-","2.2"
"2023/10/05","15:00","1.599","-","2.27"
"2023/10/05","16:00","1.592","-","2.27"
"2023/10/05","17:00","1.498","-","2.18"
"2023/10/05","18:00","1.325","-","2.03"
"2023/10/05","19:00","1.111","-","1.83"
"2023/10/05","20:00","0.897","-","1.66"
"2023/10/05","21:00","0.712","-","1.54"
"2023/10/05","22:00","0.59","-","1.49"
"2023/10/05","23:00","0.584","-","1.51"
"2023/10/06","00:00","0.72","-","1.67"
"2023/10/06","01:00","0.942","-","1.93"
"2023/10/06","02:00","1.154","-","2.14"
"2023/10/06","03:00","1.29","-","2.23"
"2023/10/06","04:00","1.34","-","2.23"
"2023/10/06","05:00","1.304","-","2.19"
"2023/10/06","06:00","1.181","-","2.05"
"2023/10/06","07:00","1.002","-","1.88"
"2023/10/06","08:00","0.824","-","1.71"
"2023/10/06","09:00","0.686","-","1.59"
"2023/10/06","10:00","0.615","-","1.52"
"2023/10/06","11:00","0.641","-","1.56"
"2023/10/06","12:00","0.792","-","1.77"
"2023/10/06","13:00","1.033","-","2.03"
"2023/10/06","14:00","1.274","-","2.31"
"2023/10/06","15:00","1.442","-","2.45"
"2023/10/06","16:00","1.524","-","2.5"
"2023/10/06","17:00","1.527","-","2.5"
"2023/10/06","18:00","1.449","-","2.43"
"2023/10/06","19:00","1.295","-","2.28"
"2023/10/06","20:00","1.098","-","2.12"
"2023/10/06","21:00","0.9","-","1.92"
"2023/10/06","22:00","0.726","-","1.8"
"2023/10/06","23:00","0.614","-","1.71"
"2023/10/07","00:00","0.614","-","1.73"
"2023/10/07","01:00","0.746","-","1.9"
"2023/10/07","02:00","0.95","-","2.11"
"2023/10/07","03:00","1.141","-","2.29"
"2023/10/07","04:00","1.27","-","2.34"
"2023/10/07","05:00","1.327","-","2.37"
"2023/10/07","06:00","1.301","-","2.37"
"2023/10/07","07:00","1.186","-","2.28"
"2023/10/07","08:00","1.015","-","2.08"
"2023/10/07","09:00","0.844","-","1.98"
"2023/10/07","10:00","0.713","-","1.91"
"2023/10/07","11:00","0.644","-","1.85"
"2023/10/07","12:00","0.668","-","1.82"
"2023/10/07","13:00","0.807","-","1.98"
"2023/10/07","14:00","1.025","-","2.12"
"2023/10/07","15:00","1.24","-","2.2"
"2023/10/07","16:00","1.395","-","2.24"
"2023/10/07","17:00","1.48","-","2.22"
"2023/10/07","18:00","1.494","-","2.26"
"2023/10/07","19:00","1.423","-","2.27"
"2023/10/07","20:00","1.27","-","2.19"
"2023/10/07","21:00","1.076","-","2.04"
"2023/10/07","22:00","0.882","-","1.67"
"2023/10/07","23:00","0.716","-","1.39"
"2023/10/08","00:00","0.614","-","1.22"
"2023/10/08","01:00","0.625","-","1.3"
"2023/10/08","02:00","0.76","-","1.32"
"2023/10/08","03:00","0.959","-","1.42"
"2023/10/08","04:00","1.146","-","1.53"
"2023/10/08","05:00","1.28","-","1.67"
"2023/10/08","06:00","1.345","-","1.72"
"2023/10/08","07:00","1.32","-","1.63"
"2023/10/08","08:00","1.198","-","1.54"
"2023/10/08","09:00","1.02","-","1.39"
"2023/10/08","10:00","0.846","-","1.27"
"2023/10/08","11:00","0.715","-","1.16"
"2023/10/08","12:00","0.645","-","1.16"
"2023/10/08","13:00","0.67","-","1.25"
"2023/10/08","14:00","0.805","-","1.49"
"2023/10/08","15:00","1.014","-","1.71"
"2023/10/08","16:00","1.221","-","1.93"
"2023/10/08","17:00","1.377","-","2.07"
"2023/10/08","18:00","1.47","-","2.13"
"2023/10/08","19:00","1.487","-","2.12"
"2023/10/08","20:00","1.406","-","2.06"
"2023/10/08","21:00","1.239","-","1.93"
"2023/10/08","22:00","1.036","-","1.72"
"2023/10/08","23:00","0.841","-","1.49"
"2023/10/09","00:00","0.682","-","1.32"
"2023/10/09","01:00","0.594","-","1.24"
"2023/10/09","02:00","0.625","-","1.31"
"2023/10/09","03:00","0.776","-","1.4"
"2023/10/09","04:00","0.986","-","1.54"
"2023/10/09","05:00","1.182","-","1.68"
"2023/10/09","06:00","1.325","-","1.77"
"2023/10/09","07:00","1.389","-","1.8"
"2023/10/09","08:00","1.348","-","1.72"
"2023/10/09","09:00","1.204","-","1.54"
"2023/10/09","10:00","1.008","-","1.35"
"2023/10/09","11:00","0.826","-","1.2"
"2023/10/09","12:00","0.69","-","1.04"
"2023/10/09","13:00","0.621","-","0.96"
"2023/10/09","14:00","0.652","-","0.94"
"2023/10/09","15:00","0.796","-","1.08"
"2023/10/09","16:00","1.012","-","1.28"
"2023/10/09","17:00","1.225","-","1.5"
"2023/10/09","18:00","1.389","-","1.67"
"2023/10/09","19:00","1.484","-","1.79"
"2023/10/09","20:00","1.487","-","1.81"
"2023/10/09","21:00","1.379","-","1.79"
"2023/10/09","22:00","1.187","-","1.71"
"2023/10/09","23:00","0.971","-","1.46"
"2023/10/10","00:00","0.775","-","1.2"
"2023/10/10","01:00","0.626","-","1.05"
"2023/10/10","02:00","0.562","-","0.96"
"2023/10/10","03:00","0.627","-","0.97"
"2023/10/10","04:00","0.812","-","1.13"
"2023/10/10","05:00","1.047","-","1.36"
"2023/10/10","06:00","1.257","-","1.58"
"2023/10/10","07:00","1.399","-","1.74"
"2023/10/10","08:00","1.446","-","1.79"
"2023/10/10","09:00","1.372","-","1.7"
"2023/10/10","10:00","1.194","-","1.56"
"2023/10/10","11:00","0.976","-","1.37"
"2023/10/10","12:00","0.782","-","1.17"
"2023/10/10","13:00","0.642","-","1.07"
"2023/10/10","14:00","0.577","-","1.02"
"2023/10/10","15:00","0.625","-","1.09"
"2023/10/10","16:00","0.794","-","1.26"
"2023/10/10","17:00","1.032","-","1.5"
"2023/10/10","18:00","1.258","-","1.8"
"2023/10/10","19:00","1.424","-","2.02"
"2023/10/10","20:00","1.504","-","2.1"
"2023/10/10","21:00","1.475","-","2.09"
"2023/10/10","22:00","1.33","-","2.01"
"2023/10/10","23:00","1.109","-","1.8"
"2023/10/11","00:00","0.881","-","1.62"
"2023/10/11","01:00","0.688","-","1.45"
"2023/10/11","02:00","0.558","-","1.38"
"2023/10/11","03:00","0.533","-","1.39"
"2023/10/11","04:00","0.651","-","1.54"
"2023/10/11","05:00","0.883","-","1.8"
"2023/10/11","06:00","1.147","-","2.08"
"2023/10/11","07:00","1.362","-","2.23"
"2023/10/11","08:00","1.488","-","2.3"
"2023/10/11","09:00","1.498","-","2.29"
"2023/10/11","10:00","1.38","-","2.18"
"2023/10/11","11:00","1.163","-","1.98"
"2023/10/11","12:00","0.921","-","1.8"
"2023/10/11","13:00","0.716","-","1.63"
"2023/10/11","14:00","0.575","-","1.47"
"2023/10/11","15:00","0.526","-","1.39"
"2023/10/11","16:00","0.608","-","1.43"
"2023/10/11","17:00","0.815","-","1.6"
"2023/10/11","18:00","1.079","-","1.88"
"2023/10/11","19:00","1.312","-","2.1"
"2023/10/11","20:00","1.463","-","2.29"
"2023/10/11","21:00","1.511","-","2.32"
"2023/10/11","22:00","1.438","-","2.26"
"2023/10/11","23:00","1.25","-","2.11"
"2023/10/12","00:00","1.004","-","1.87"
"2023/10/12","01:00","0.769","-","1.67"
"2023/10/12","02:00","0.588","-","1.49"
"2023/10/12","03:00","0.494","-","1.4"
"2023/10/12","04:00","0.528","-","1.43"
"2023/10/12","05:00","0.714","-","1.66"
"2023/10/12","06:00","0.998","-","1.93"
"2023/10/12","07:00","1.28","-","2.19"
"2023/10/12","08:00","1.482","-","2.37"
"2023/10/12","09:00","1.57","-","2.44"
"2023/10/12","10:00","1.53","-","2.43"
"2023/10/12","11:00","1.36","-","2.32"
"2023/10/12","12:00","1.106","-","2.06"
"2023/10/12","13:00","0.844","-","1.8"
"2023/10/12","14:00","0.633","-","1.61"
"2023/10/12","15:00","0.503","-","1.5"
"2023/10/12","16:00","0.488","-","1.5"
"2023/10/12","17:00","0.618","-","1.61"
"2023/10/12","18:00","0.868","-","1.9"
"2023/10/12","19:00","1.15","-","2.2"
"2023/10/12","20:00","1.371","-","2.44"
"2023/10/12","21:00","1.488","-","2.54"
"2023/10/12","22:00","1.489","-","2.52"
"2023/10/12","23:00","1.367","-","2.41"
"2023/10/13","00:00","1.141","-","2.19"
"2023/10/13","01:00","0.876","-","1.97"
"2023/10/13","02:00","0.646","-","1.76"
"2023/10/13","03:00","0.494","-","1.65"
"2023/10/13","04:00","0.455","-","1.59"
"2023/10/13","05:00","0.565","-","1.68"
"2023/10/13","06:00","0.823","-","1.92"
"2023/10/13","07:00","1.146","-","2.23"
"2023/10/13","08:00","1.425","-","2.49"
"2023/10/13","09:00","1.591","-","2.69"
"2023/10/13","10:00","1.626","-","2.69"
"2023/10/13","11:00","1.527","-","2.58"
"2023/10/13","12:00","1.309","-","2.34"
"2023/10/13","13:00","1.024","-","2.06"
"2023/10/13","14:00","0.751","-","1.81"
"2023/10/13","15:00","0.547","-","1.65"
"2023/10/13","16:00","0.445","-","1.53"
"2023/10/13","17:00","0.479","-","1.54"
"2023/10/13","18:00","0.664","-","1.71"
"2023/10/13","19:00","0.95","-","2"
"2023/10/13","20:00","1.23","-","2.27"
"2023/10/13","21:00","1.418","-","2.45"
"2023/10/13","22:00","1.487","-","2.48"
"2023/10/13","23:00","1.435","-","2.43"
"2023/10/14","00:00","1.265","-","2.28"
"2023/10/14","01:00","1.009","-","2.03"
"2023/10/14","02:00","0.74","-","1.82"
"2023/10/14","03:00","0.531","-","1.62"
"2023/10/14","04:00","0.427","-","1.55"
"2023/10/14","05:00","0.459","-","1.56"
"2023/10/14","06:00","0.65","-","1.83"
"2023/10/14","07:00","0.968","-","2.11"
"2023/10/14","08:00","1.307","-","2.44"
"2023/10/14","09:00","1.557","-","2.66"
"2023/10/14","10:00","1.667","-","2.77"
"2023/10/14","11:00","1.64","-","2.74"
"2023/10/14","12:00","1.486","-","2.68"
"2023/10/14","13:00","1.227","-","2.42"
"2023/10/14","14:00","0.923","-","2.17"
"2023/10/14","15:00","0.654","-","1.96"
"2023/10/14","16:00","0.476","-","1.91"
"2023/10/14","17:00","0.418","-","1.83"
"2023/10/14","18:00","0.508","-","1.96"
"2023/10/14","19:00","0.743","-","2.13"
"2023/10/14","20:00","1.045","-","2.47"
"2023/10/14","21:00","1.301","-","2.68"
"2023/10/14","22:00","1.44","-","2.78"
"2023/10/14","23:00","1.453","-","2.81"
"2023/10/15","00:00","1.35","-","2.74"
"2023/10/15","01:00","1.142","-","2.56"
"2023/10/15","02:00","0.87","-","2.27"
"2023/10/15","03:00","0.613","-","1.98"
"2023/10/15","04:00","0.444","-","1.8"
"2023/10/15","05:00","0.402","-","1.88"
"2023/10/15","06:00","0.512","-","2.02"
"2023/10/15","07:00","0.774","-","2.33"
"2023/10/15","08:00","1.128","-","2.54"
"2023/10/15","09:00","1.454","-","2.8"
"2023/10/15","10:00","1.653","-","3.02"
"2023/10/15","11:00","1.699","-","3"
"2023/10/15","12:00","1.612","-","2.92"
"2023/10/15","13:00","1.41","-","2.66"
"2023/10/15","14:00","1.123","-","2.45"
"2023/10/15","15:00","0.817","-","2.12"
"2023/10/15","16:00","0.571","-","1.84"
"2023/10/15","17:00","0.432","-","1.65"
"2023/10/15","18:00","0.427","-","1.64"
"2023/10/15","19:00","0.571","-","1.78"
"2023/10/15","20:00","0.837","-","1.99"
"2023/10/15","21:00","1.133","-","2.27"
"2023/10/15","22:00","1.348","-","2.46"
"2023/10/15","23:00","1.431","-","2.52"
"2023/10/16","00:00","1.391","-","2.48"
"2023/10/16","01:00","1.246","-","2.42"
"2023/10/16","02:00","1.013","-","2.21"
"2023/10/16","03:00","0.741","-","1.96"
"2023/10/16","04:00","0.515","-","1.77"
"2023/10/16","05:00","0.399","-","1.66"
"2023/10/16","06:00","0.424","-","1.68"
"2023/10/16","07:00","0.602","-","1.84"
"2023/10/16","08:00","0.914","-","2.13"
"2023/10/16","09:00","1.276","-","2.46"
"2023/10/16","10:00","1.567","-","2.76"
"2023/10/16","11:00","1.704","-","2.88"
"2023/10/16","12:00","1.686","-","2.77"
"2023/10/16","13:00","1.548","-","2.66"
"2023/10/16","14:00","1.312","-","2.36"
"2023/10/16","15:00","1.014","-","2.02"
"2023/10/16","16:00","0.725","-","1.77"
"2023/10/16","17:00","0.515","-","1.58"
"2023/10/16","18:00","0.423","-","1.49"
"2023/10/16","19:00","0.466","-","1.56"
"2023/10/16","20:00","0.648","-","1.71"
"2023/10/16","21:00","0.927","-","1.92"
"2023/10/16","22:00","1.199","-","2.14"
"2023/10/16","23:00","1.366","-","2.3"
"2023/10/17","00:00","1.395","-","2.35"
"2023/10/17","01:00","1.31","-","2.3"
"2023/10/17","02:00","1.136","-","2.09"
"2023/10/17","03:00","0.894","-","1.8"
"2023/10/17","04:00","0.641","-","1.57"
"2023/10/17","05:00","0.457","-","1.39"
"2023/10/17","06:00","0.397","-","1.3"
"2023/10/17","07:00","0.481","-","1.35"
"2023/10/17","08:00","0.708","-","1.56"
"2023/10/17","09:00","1.044","-","1.86"
"2023/10/17","10:00","1.392","-","2.17"
"2023/10/17","11:00","1.635","-","2.39"
"2023/10/17","12:00","1.711","-","2.47"
"2023/10/17","13:00","1.64","-","2.42"
"2023/10/17","14:00","1.464","-","2.26"
"2023/10/17","15:00","1.212","-","1.98"
"2023/10/17","16:00","0.922","-","1.69"
"2023/10/17","17:00","0.662","-","1.41"
"2023/10/17","18:00","0.492","-","1.29"
"2023/10/17","19:00","0.44","-","1.25"
"2023/10/17","20:00","0.517","-","1.33"
"2023/10/17","21:00","0.721","-","1.6"
"2023/10/17","22:00","0.996","-","1.86"
"2023/10/17","23:00","1.236","-","2.08"
"2023/10/18","00:00","1.355","-","2.25"
"2023/10/18","01:00","1.339","-","2.26"
"2023/10/18","02:00","1.225","-","2.12"
"2023/10/18","03:00","1.037","-","1.89"
"2023/10/18","04:00","0.802","-","1.64"
"2023/10/18","05:00","0.578","-","1.43"
"2023/10/18","06:00","0.439","-","1.3"
"2023/10/18","07:00","0.426","-","1.3"
"2023/10/18","08:00","0.55","-","1.37"
"2023/10/18","09:00","0.804","-","1.62"
"2023/10/18","10:00","1.145","-","1.92"
"2023/10/18","11:00","1.467","-","2.22"
"2023/10/18","12:00","1.66","-","2.39"
"2023/10/18","13:00","1.685","-","2.42"
"2023/10/18","14:00","1.577","-","2.36"
"2023/10/18","15:00","1.383","-","2.17"
"2023/10/18","16:00","1.131","-","1.9"
"2023/10/18","17:00","0.86","-","1.62"
"2023/10/18","18:00","0.631","-","1.41"
"2023/10/18","19:00","0.493","-","1.28"
"2023/10/18","20:00","0.467","-","1.26"
"2023/10/18","21:00","0.563","-","1.34"
"2023/10/18","22:00","0.774","-","1.55"
"2023/10/18","23:00","1.037","-","1.81"
"2023/10/19","00:00","1.245","-","2.02"
"2023/10/19","01:00","1.324","-","2.11"
"2023/10/19","02:00","1.279","-","2.05"
"2023/10/19","03:00","1.151","-","1.89"
"2023/10/19","04:00","0.964","-","1.68"
"2023/10/19","05:00","0.746","-","1.47"
"2023/10/19","06:00","0.554","-","1.3"
"2023/10/19","07:00","0.449","-","1.18"
"2023/10/19","08:00","0.464","-","1.16"
"2023/10/19","09:00","0.608","-","1.28"
"2023/10/19","10:00","0.873","-","1.58"
"2023/10/19","11:00","1.206","-","1.88"
"2023/10/19","12:00","1.499","-","2.14"
"2023/10/19","13:00","1.651","-","2.28"
"2023/10/19","14:00","1.641","-","2.3"
"2023/10/19","15:00","1.516","-","2.22"
"2023/10/19","16:00","1.322","-","2.05"
"2023/10/19","17:00","1.082","-","1.82"
"2023/10/19","18:00","0.831","-","1.59"
"2023/10/19","19:00","0.625","-","1.4"
"2023/10/19","20:00","0.504","-","1.25"
"2023/10/19","21:00","0.487","-","1.27"
"2023/10/19","22:00","0.59","-","1.33"
"2023/10/19","23:00","0.802","-","1.58"
"2023/10/20","00:00","1.053","-","1.87"
"2023/10/20","01:00","1.235","-","2.1"
"2023/10/20","02:00","1.288","-","2.17"
"2023/10/20","03:00","1.231","-","2.09"
"2023/10/20","04:00","1.104","-","1.95"
"2023/10/20","05:00","0.928","-","1.77"
"2023/10/20","06:00","0.728","-","1.57"
"2023/10/20","07:00","0.556","-","1.41"
"2023/10/20","08:00","0.467","-","1.31"
"2023/10/20","09:00","0.492","-","1.31"
"2023/10/20","10:00","0.639","-","1.39"
"2023/10/20","11:00","0.904","-","1.68"
"2023/10/20","12:00","1.226","-","2.02"
"2023/10/20","13:00","1.495","-","2.27"
"2023/10/20","14:00","1.619","-","2.35"
"2023/10/20","15:00","1.595","-","2.36"
"2023/10/20","16:00","1.473","-","2.31"
"2023/10/20","17:00","1.291","-","2.12"
"2023/10/20","18:00","1.064","-","1.91"
"2023/10/20","19:00","0.826","-","1.75"
"2023/10/20","20:00","0.628","-","1.59"
"2023/10/20","21:00","0.508","-","1.43"
"2023/10/20","22:00","0.49","-","1.48"
"2023/10/20","23:00","0.595","-","1.55"
"2023/10/21","00:00","0.808","-","1.81"
"2023/10/21","01:00","1.051","-","2.01"
"2023/10/21","02:00","1.219","-","2.15"
"2023/10/21","03:00","1.263","-","2.22"
"2023/10/21","04:00","1.211","-","2.19"
"2023/10/21","05:00","1.096","-","2.06"
"2023/10/21","06:00","0.932","-","1.92"
"2023/10/21","07:00","0.739","-","1.58"
"2023/10/21","08:00","0.57","-","1.33"
"2023/10/21","09:00","0.479","-","1.16"
"2023/10/21","10:00","0.497","-","1.07"
"2023/10/21","11:00","0.638","-","1.18"
"2023/10/21","12:00","0.896","-","1.51"
"2023/10/21","13:00","1.209","-","1.83"
"2023/10/21","14:00","1.462","-","2.03"
"2023/10/21","15:00","1.576","-","2.17"
"2023/10/21","16:00","1.559","-","2.17"
"2023/10/21","17:00","1.454","-","2.06"
"2023/10/21","18:00","1.288","-","1.86"
"2023/10/21","19:00","1.068","-","1.56"
"2023/10/21","20:00","0.828","-","1.37"
"2023/10/21","21:00","0.624","-","1.19"
"2023/10/21","22:00","0.495","-","1.07"
"2023/10/21","23:00","0.472","-","1.04"
"2023/10/22","00:00","0.58","-","1.11"
"2023/10/22","01:00","0.799","-","1.37"
"2023/10/22","02:00","1.043","-","1.58"
"2023/10/22","03:00","1.212","-","1.74"
"2023/10/22","04:00","1.267","-","1.79"
"2023/10/22","05:00","1.232","-","1.8"
"2023/10/22","06:00","1.131","-","1.68"
"2023/10/22","07:00","0.968","-","1.55"
"2023/10/22","08:00","0.767","-","1.34"
"2023/10/22","09:00","0.584","-","1.19"
"2023/10/22","10:00","0.476","-","1.17"
"2023/10/22","11:00","0.475","-","1.13"
"2023/10/22","12:00","0.602","-","1.09"
"2023/10/22","13:00","0.853","-","1.21"
"2023/10/22","14:00","1.16","-","1.59"
"2023/10/22","15:00","1.41","-","1.87"
"2023/10/22","16:00","1.534","-","1.96"
"2023/10/22","17:00","1.539","-","1.91"
"2023/10/22","18:00","1.457","-","1.81"
"2023/10/22","19:00","1.299","-","1.59"
"2023/10/22","20:00","1.073","-","1.34"
"2023/10/22","21:00","0.821","-","1.01"
"2023/10/22","22:00","0.602","-","0.65"
"2023/10/22","23:00","0.462","-","0.46"
"2023/10/23","00:00","0.436","-","0.39"
"2023/10/23","01:00","0.551","-","0.41"
"2023/10/23","02:00","0.784","-","0.56"
"2023/10/23","03:00","1.044","-","0.73"
"2023/10/23","04:00","1.232","-","0.9"
"2023/10/23","05:00","1.311","-","0.94"
"2023/10/23","06:00","1.298","-","0.95"
"2023/10/23","07:00","1.202","-","0.86"
"2023/10/23","08:00","1.026","-","0.71"
"2023/10/23","09:00","0.8","-","0.47"
"2023/10/23","10:00","0.591","-","0.31"
"2023/10/23","11:00","0.454","-","0.2"
"2023/10/23","12:00","0.427","-","0.14"
"2023/10/23","13:00","0.538","-","0.21"
"2023/10/23","14:00","0.783","-","0.5"
"2023/10/23","15:00","1.092","-","0.81"
"2023/10/23","16:00","1.355","-","1.01"
"2023/10/23","17:00","1.503","-","1.12"
"2023/10/23","18:00","1.535","-","1.19"
"2023/10/23","19:00","1.47","-","1.2"
"2023/10/23","20:00","1.307","-","1.11"
"2023/10/23","21:00","1.063","-","0.89"
"2023/10/23","22:00","0.792","-","0.66"
"2023/10/23","23:00","0.557","-","0.45"
"2023/10/24","00:00","0.408","-","0.39"
"2023/10/24","01:00","0.385","-","0.46"
"2023/10/24","02:00","0.517","-","0.72"
"2023/10/24","03:00","0.778","-","0.99"
"2023/10/24","04:00","1.069","-","1.29"
"2023/10/24","05:00","1.289","-","1.47"
"2023/10/24","06:00","1.398","-","1.6"
"2023/10/24","07:00","1.399","-","1.65"
"2023/10/24","08:00","1.294","-","1.62"
"2023/10/24","09:00","1.088","-","1.44"
"2023/10/24","10:00","0.828","-","1.23"
"2023/10/24","11:00","0.585","-","1.04"
"2023/10/24","12:00","0.415","-","0.9"
"2023/10/24","13:00","0.358","-","0.86"
"2023/10/24","14:00","0.453","-","0.97"
"2023/10/24","15:00","0.699","-","1.22"
"2023/10/24","16:00","1.023","-","1.57"
"2023/10/24","17:00","1.31","-","1.84"
"2023/10/24","18:00","1.486","-","2.02"
"2023/10/24","19:00","1.54","-","2.12"
"2023/10/24","20:00","1.477","-","2.11"
"2023/10/24","21:00","1.296","-","1.97"
"2023/10/24","22:00","1.028","-","1.72"
"2023/10/24","23:00","0.737","-","1.43"
"2023/10/25","00:00","0.491","-","1.21"
"2023/10/25","01:00","0.339","-","1.08"
"2023/10/25","02:00","0.327","-","1.1"
"2023/10/25","03:00","0.491","-","1.16"
"2023/10/25","04:00","0.795","-","1.44"
"2023/10/25","05:00","1.129","-","1.74"
"2023/10/25","06:00","1.385","-","2"
"2023/10/25","07:00","1.515","-","2.1"
"2023/10/25","08:00","1.515","-","2.1"
"2023/10/25","09:00","1.385","-","1.94"
"2023/10/25","10:00","1.142","-","1.68"
"2023/10/25","11:00","0.844","-","1.36"
"2023/10/25","12:00","0.565","-","1.11"
"2023/10/25","13:00","0.36","-","0.92"
"2023/10/25","14:00","0.277","-","0.82"
"2023/10/25","15:00","0.363","-","0.88"
"2023/10/25","16:00","0.623","-","1.06"
"2023/10/25","17:00","0.971","-","1.35"
"2023/10/25","18:00","1.285","-","1.69"
"2023/10/25","19:00","1.481","-","1.93"
"2023/10/25","20:00","1.541","-","2.01"
"2023/10/25","21:00","1.464","-","1.96"
"2023/10/25","22:00","1.257","-","1.73"
"2023/10/25","23:00","0.965","-","1.43"
"2023/10/26","00:00","0.66","-","1.15"
"2023/10/26","01:00","0.408","-","0.88"
"2023/10/26","02:00","0.262","-","0.72"
"2023/10/26","03:00","0.276","-","0.7"
"2023/10/26","04:00","0.487","-","0.85"
"2023/10/26","05:00","0.844","-","1.13"
"2023/10/26","06:00","1.223","-","1.5"
"2023/10/26","07:00","1.505","-","1.73"
"2023/10/26","08:00","1.64","-","1.85"
"2023/10/26","09:00","1.621","-","1.8"
"2023/10/26","10:00","1.455","-","1.65"
"2023/10/26","11:00","1.172","-","1.39"
"2023/10/26","12:00","0.839","-","1.06"
"2023/10/26","13:00","0.528","-","0.76"
"2023/10/26","14:00","0.294","-","0.55"
"2023/10/26","15:00","0.196","-","0.48"
"2023/10/26","16:00","0.29","-","0.5"
"2023/10/26","17:00","0.575","-","0.75"
"2023/10/26","18:00","0.951","-","1.11"
"2023/10/26","19:00","1.281","-","1.45"
"2023/10/26","20:00","1.481","-","1.64"
"2023/10/26","21:00","1.529","-","1.65"
"2023/10/26","22:00","1.426","-","1.55"
"2023/10/26","23:00","1.191","-","1.31"
"2023/10/27","00:00","0.878","-","0.99"
"2023/10/27","01:00","0.566","-","0.69"
"2023/10/27","02:00","0.319","-","0.48"
"2023/10/27","03:00","0.193","-","0.38"
"2023/10/27","04:00","0.25","-","0.45"
"2023/10/27","05:00","0.518","-","0.72"
"2023/10/27","06:00","0.929","-","1.11"
"2023/10/27","07:00","1.338","-","1.48"
"2023/10/27","08:00","1.624","-","1.73"
"2023/10/27","09:00","1.743","-","1.79"
"2023/10/27","10:00","1.693","-","1.8"
"2023/10/27","11:00","1.489","-","1.66"
"2023/10/27","12:00","1.171","-","1.39"
"2023/10/27","13:00","0.811","-","1.02"
"2023/10/27","14:00","0.478","-","0.73"
"2023/10/27","15:00","0.23","-","0.54"
"2023/10/27","16:00","0.136","-","0.49"
"2023/10/27","17:00","0.254","-","0.59"
"2023/10/27","18:00","0.57","-","0.93"
"2023/10/27","19:00","0.963","-","1.36"
"2023/10/27","20:00","1.292","-","1.7"
"2023/10/27","21:00","1.475","-","1.89"
"2023/10/27","22:00","1.496","-","1.88"
"2023/10/27","23:00","1.362","-","1.79"
"2023/10/28","00:00","1.102","-","1.48"
"2023/10/28","01:00","0.778","-","1.18"
"2023/10/28","02:00","0.47","-","0.88"
"2023/10/28","03:00","0.24","-","0.66"
"2023/10/28","04:00","0.149","-","0.58"
"2023/10/28","05:00","0.261","-","0.69"
"2023/10/28","06:00","0.588","-","1.09"
"2023/10/28","07:00","1.035","-","1.54"
"2023/10/28","08:00","1.449","-","1.95"
"2023/10/28","09:00","1.715","-","2.16"
"2023/10/28","10:00","1.801","-","2.23"
"2023/10/28","11:00","1.714","-","2.16"
"2023/10/28","12:00","1.476","-","1.98"
"2023/10/28","13:00","1.134","-","1.63"
"2023/10/28","14:00","0.761","-","1.25"
"2023/10/28","15:00","0.424","-","0.95"
"2023/10/28","16:00","0.184","-","0.75"
"2023/10/28","17:00","0.113","-","0.68"
"2023/10/28","18:00","0.266","-","0.8"
"2023/10/28","19:00","0.606","-","1.16"
"2023/10/28","20:00","0.999","-","1.55"
"2023/10/28","21:00","1.304","-","1.84"
"2023/10/28","22:00","1.455","-","1.95"
"2023/10/28","23:00","1.443","-","1.92"
"2023/10/29","00:00","1.28","-","1.78"
"2023/10/29","01:00","1.001","-","1.53"
"2023/10/29","02:00","0.677","-","1.25"
"2023/10/29","03:00","0.386","-","0.97"
"2023/10/29","04:00","0.19","-","0.79"
"2023/10/29","05:00","0.148","-","0.76"
"2023/10/29","06:00","0.316","-","0.95"
"2023/10/29","07:00","0.685","-","1.34"
"2023/10/29","08:00","1.142","-","1.77"
"2023/10/29","09:00","1.532","-","2.12"
"2023/10/29","10:00","1.758","-","2.27"
"2023/10/29","11:00","1.802","-","2.31"
"2023/10/29","12:00","1.68","-","2.23"
"2023/10/29","13:00","1.418","-","1.99"
"2023/10/29","14:00","1.067","-","1.62"
"2023/10/29","15:00","0.699","-","1.3"
"2023/10/29","16:00","0.38","-","1.04"
"2023/10/29","17:00","0.169","-","0.89"
"2023/10/29","18:00","0.136","-","0.89"
"2023/10/29","19:00","0.321","-","1.12"
"2023/10/29","20:00","0.67","-","1.48"
"2023/10/29","21:00","1.041","-","1.81"
"2023/10/29","22:00","1.308","-","2.04"
"2023/10/29","23:00","1.419","-","2.14"
"2023/10/30","00:00","1.373","-","2.13"
"2023/10/30","01:00","1.187","-","1.99"
"2023/10/30","02:00","0.902","-","1.7"
"2023/10/30","03:00","0.592","-","1.37"
"2023/10/30","04:00","0.333","-","1.12"
"2023/10/30","05:00","0.181","-","1"
"2023/10/30","06:00","0.191","-","1.03"
"2023/10/30","07:00","0.403","-","1.25"
"2023/10/30","08:00","0.79","-","1.66"
"2023/10/30","09:00","1.227","-","2.05"
"2023/10/30","10:00","1.57","-","2.36"
"2023/10/30","11:00","1.745","-","2.52"
"2023/10/30","12:00","1.748","-","2.54"
"2023/10/30","13:00","1.599","-","2.41"
"2023/10/30","14:00","1.326","-","2.14"
"2023/10/30","15:00","0.983","-","1.8"
"2023/10/30","16:00","0.642","-","1.5"
"2023/10/30","17:00","0.36","-","1.27"
"2023/10/30","18:00","0.19","-","1.18"
"2023/10/30","19:00","0.195","-","1.5"
"2023/10/30","20:00","0.402","-","1.67"
"2023/10/30","21:00","0.741","-","1.77"
"2023/10/30","22:00","1.075","-","2.01"
"2023/10/30","23:00","1.295","-","2.28"
"2023/10/31","00:00","1.367","-","2.16"
"2023/10/31","01:00","1.294","-","1.93"
"2023/10/31","02:00","1.095","-","1.78"
"2023/10/31","03:00","0.816","-","1.5"
"2023/10/31","04:00","0.534","-","1.23"
"2023/10/31","05:00","0.319","-","1.11"
"2023/10/31","06:00","0.216","-","1.08"
"2023/10/31","07:00","0.268","-","1.12"
"2023/10/31","08:00","0.505","-","1.34"
"2023/10/31","09:00","0.883","-","1.68"
"2023/10/31","10:00","1.276","-","1.98"
"2023/10/31","11:00","1.56","-","2.24"
"2023/10/31","12:00","1.683","-","2.32"
"2023/10/31","13:00","1.652","-","2.24"
"2023/10/31","14:00","1.488","-","2.11"
"2023/10/31","15:00","1.218","-","1.86"
"2023/10/31","16:00","0.902","-","1.54"
"2023/10/31","17:00","0.602","-","1.23"
"2023/10/31","18:00","0.366","-","1.02"
"2023/10/31","19:00","0.238","-","0.98"
"2023/10/31","20:00","0.274","-","1.05"
"2023/10/31","21:00","0.487","-","1.28"
"2023/10/31","22:00","0.802","-","1.6"
"2023/10/31","23:00","1.092","-","1.91"
"2023/11/01","00:00","1.266","-","2.1"
"2023/11/01","01:00","1.304","-","2.19"
"2023/11/01","02:00","1.214","-","2.14"
"2023/11/01","03:00","1.014","-","1.98"
"2023/11/01","04:00","0.755","-","1.77"
"2023/11/01","05:00","0.512","-","1.53"
"2023/11/01","06:00","0.343","-","1.35"
"2023/11/01","07:00","0.281","-","1.31"
"2023/11/01","08:00","0.361","-","1.43"
"2023/11/01","09:00","0.601","-","1.69"
"2023/11/01","10:00","0.95","-","2.04"
"2023/11/01","11:00","1.288","-","2.43"
"2023/11/01","12:00","1.512","-","2.56"
"2023/11/01","13:00","1.59","-","2.57"
"2023/11/01","14:00","1.536","-","2.45"
"2023/11/01","15:00","1.368","-","2.25"
"2023/11/01","16:00","1.117","-","1.98"
"2023/11/01","17:00","0.837","-","1.65"
"2023/11/01","18:00","0.584","-","1.43"
"2023/11/01","19:00","0.391","-","1.22"
"2023/11/01","20:00","0.297","-","1.12"
"2023/11/01","21:00","0.351","-","1.07"
"2023/11/01","22:00","0.56","-","1.22"
"2023/11/01","23:00","0.845","-","1.48"
"2023/11/02","00:00","1.09","-","1.69"
"2023/11/02","01:00","1.225","-","1.8"
"2023/11/02","02:00","1.24","-","1.71"
"2023/11/02","03:00","1.142","-","1.66"
"2023/11/02","04:00","0.953","-","1.53"
"2023/11/02","05:00","0.723","-","1.35"
"2023/11/02","06:00","0.521","-","1.16"
"2023/11/02","07:00","0.391","-","1.01"
"2023/11/02","08:00","0.356","-","0.99"
"2023/11/02","09:00","0.447","-","1.16"
"2023/11/02","10:00","0.676","-","1.44"
"2023/11/02","11:00","0.987","-","1.75"
"2023/11/02","12:00","1.27","-","2.01"
"2023/11/02","13:00","1.44","-","2.11"
"2023/11/02","14:00","1.485","-","2.15"
"2023/11/02","15:00","1.42","-","2.1"
"2023/11/02","16:00","1.261","-","1.96"
"2023/11/02","17:00","1.036","-","1.77"
"2023/11/02","18:00","0.794","-","1.54"
"2023/11/02","19:00","0.581","-","1.34"
"2023/11/02","20:00","0.42","-","1.23"
"2023/11/02","21:00","0.349","-","1.2"
"2023/11/02","22:00","0.414","-","1.26"
"2023/11/02","23:00","0.615","-","1.47"
"2023/11/03","00:00","0.869","-","1.7"
"2023/11/03","01:00","1.074","-","1.93"
"2023/11/03","02:00","1.18","-","1.98"
"2023/11/03","03:00","1.183","-","1.96"
"2023/11/03","04:00","1.089","-","1.84"
"2023/11/03","05:00","0.917","-","1.68"
"2023/11/03","06:00","0.716","-","1.47"
"2023/11/03","07:00","0.547","-","1.33"
"2023/11/03","08:00","0.443","-","1.23"
"2023/11/03","09:00","0.422","-","1.19"
"2023/11/03","10:00","0.514","-","1.26"
"2023/11/03","11:00","0.726","-","1.52"
"2023/11/03","12:00","0.999","-","1.82"
"2023/11/03","13:00","1.232","-","2.04"
"2023/11/03","14:00","1.361","-","2.14"
"2023/11/03","15:00","1.387","-","2.13"
"2023/11/03","16:00","1.324","-","2.07"
"2023/11/03","17:00","1.18","-","1.91"
"2023/11/03","18:00","0.978","-","1.68"
"2023/11/03","19:00","0.766","-","1.45"
"2023/11/03","20:00","0.579","-","1.29"
"2023/11/03","21:00","0.439","-","1.17"
"2023/11/03","22:00","0.385","-","1.11"
"2023/11/03","23:00","0.459","-","1.16"
"2023/11/04","00:00","0.652","-","1.38"
"2023/11/04","01:00","0.88","-","1.59"
"2023/11/04","02:00","1.055","-","1.74"
"2023/11/04","03:00","1.143","-","1.78"
"2023/11/04","04:00","1.145","-","1.78"
"2023/11/04","05:00","1.06","-","1.67"
"2023/11/04","06:00","0.903","-","1.5"
"2023/11/04","07:00","0.723","-","1.33"
"2023/11/04","08:00","0.574","-","1.18"
"2023/11/04","09:00","0.482","-","1.08"
"2023/11/04","10:00","0.466","-","1.06"
"2023/11/04","11:00","0.556","-","1.13"
"2023/11/04","12:00","0.752","-","1.39"
"2023/11/04","13:00","0.992","-","1.69"
"2023/11/04","14:00","1.186","-","1.86"
"2023/11/04","15:00","1.29","-","1.93"
"2023/11/04","16:00","1.31","-","1.91"
"2023/11/04","17:00","1.255","-","1.86"
"2023/11/04","18:00","1.122","-","1.76"
"2023/11/04","19:00","0.935","-","1.58"
"2023/11/04","20:00","0.737","-","1.36"
"2023/11/04","21:00","0.565","-","1.19"
"2023/11/04","22:00","0.441","-","1.11"
"2023/11/04","23:00","0.404","-","1.1"
"2023/11/05","00:00","0.49","-","1.17"
"2023/11/05","01:00","0.679","-","1.44"
"2023/11/05","02:00","0.888","-","1.62"
"2023/11/05","03:00","1.046","-","1.74"
"2023/11/05","04:00","1.128","-","1.77"
"2023/11/05","05:00","1.134","-","1.77"
"2023/11/05","06:00","1.055","-","1.72"
"2023/11/05","07:00","0.904","-","1.6"
"2023/11/05","08:00","0.73","-","1.41"
"2023/11/05","09:00","0.587","-","1.29"
"2023/11/05","10:00","0.499","-","1.2"
"2023/11/05","11:00","0.485","-","1.23"
"2023/11/05","12:00","0.573","-","1.36"
"2023/11/05","13:00","0.757","-","1.54"
"2023/11/05","14:00","0.972","-","1.75"
"2023/11/05","15:00","1.141","-","1.9"
"2023/11/05","16:00","1.235","-","1.99"
"2023/11/05","17:00","1.259","-","2.01"
"2023/11/05","18:00","1.209","-","1.98"
"2023/11/05","19:00","1.078","-","1.85"
"2023/11/05","20:00","0.891","-","1.7"
"2023/11/05","21:00","0.698","-","1.51"
"2023/11/05","22:00","0.535","-","1.35"
"2023/11/05","23:00","0.426","-","1.3"
"2023/11/06","00:00","0.409","-","1.33"
"2023/11/06","01:00","0.513","-","1.48"
"2023/11/06","02:00","0.705","-","1.72"
"2023/11/06","03:00","0.907","-","1.86"
"2023/11/06","04:00","1.058","-","2"
"2023/11/06","05:00","1.143","-","2.05"
"2023/11/06","06:00","1.151","-","2.06"
"2023/11/06","07:00","1.067","-","1.99"
"2023/11/06","08:00","0.906","-","1.86"
"2023/11/06","09:00","0.726","-","1.68"
"2023/11/06","10:00","0.58","-","1.53"
"2023/11/06","11:00","0.492","-","1.41"
"2023/11/06","12:00","0.48","-","1.4"
"2023/11/06","13:00","0.57","-","1.5"
"2023/11/06","14:00","0.747","-","1.74"
"2023/11/06","15:00","0.949","-","1.95"
"2023/11/06","16:00","1.107","-","2.07"
"2023/11/06","17:00","1.202","-","2.15"
"2023/11/06","18:00","1.23","-","2.18"
"2023/11/06","19:00","1.176","-","2.14"
"2023/11/06","20:00","1.032","-","2.03"
"2023/11/06","21:00","0.834","-","1.89"
"2023/11/06","22:00","0.64","-","1.72"
"2023/11/06","23:00","0.487","-","1.56"
"2023/11/07","00:00","0.398","-","1.5"
"2023/11/07","01:00","0.408","-","1.54"
"2023/11/07","02:00","0.537","-","1.68"
"2023/11/07","03:00","0.742","-","1.85"
"2023/11/07","04:00","0.949","-","2.04"
"2023/11/07","05:00","1.103","-","2.17"
"2023/11/07","06:00","1.189","-","2.23"
"2023/11/07","07:00","1.187","-","2.22"
"2023/11/07","08:00","1.082","-","2.17"
"2023/11/07","09:00","0.9","-","2.03"
"2023/11/07","10:00","0.705","-","1.89"
"2023/11/07","11:00","0.552","-","1.76"
"2023/11/07","12:00","0.462","-","1.67"
"2023/11/07","13:00","0.454","-","1.64"
"2023/11/07","14:00","0.549","-","1.73"
"2023/11/07","15:00","0.731","-","1.9"
"2023/11/07","16:00","0.932","-","2.03"
"2023/11/07","17:00","1.092","-","2.19"
"2023/11/07","18:00","1.189","-","2.25"
"2023/11/07","19:00","1.213","-","2.23"
"2023/11/07","20:00","1.14","-","2.12"
"2023/11/07","21:00","0.972","-","1.91"
"2023/11/07","22:00","0.759","-","1.69"
"2023/11/07","23:00","0.565","-","1.5"
"2023/11/08","00:00","0.426","-","1.35"
"2023/11/08","01:00","0.363","-","1.26"
"2023/11/08","02:00","0.409","-","1.23"
"2023/11/08","03:00","0.572","-","1.35"
"2023/11/08","04:00","0.802","-","1.53"
"2023/11/08","05:00","1.021","-","1.83"
"2023/11/08","06:00","1.179","-","1.98"
"2023/11/08","07:00","1.255","-","2.1"
"2023/11/08","08:00","1.229","-","2.15"
"2023/11/08","09:00","1.089","-","2.03"
"2023/11/08","10:00","0.877","-","1.77"
"2023/11/08","11:00","0.665","-","1.5"
"2023/11/08","12:00","0.504","-","1.33"
"2023/11/08","13:00","0.413","-","1.17"
"2023/11/08","14:00","0.412","-","1.13"
"2023/11/08","15:00","0.523","-","1.18"
"2023/11/08","16:00","0.72","-","1.39"
"2023/11/08","17:00","0.932","-","1.61"
"2023/11/08","18:00","1.097","-","1.77"
"2023/11/08","19:00","1.19","-","1.89"
"2023/11/08","20:00","1.194","-","1.91"
"2023/11/08","21:00","1.09","-","1.8"
"2023/11/08","22:00","0.893","-","1.66"
"2023/11/08","23:00","0.667","-","1.47"
"2023/11/09","00:00","0.477","-","1.34"
"2023/11/09","01:00","0.357","-","1.27"
"2023/11/09","02:00","0.328","-","1.3"
"2023/11/09","03:00","0.419","-","1.41"
"2023/11/09","04:00","0.629","-","1.63"
"2023/11/09","05:00","0.893","-","1.96"
"2023/11/09","06:00","1.124","-","2.25"
"2023/11/09","07:00","1.275","-","2.38"
"2023/11/09","08:00","1.326","-","2.37"
"2023/11/09","09:00","1.258","-","2.31"
"2023/11/09","10:00","1.076","-","2.17"
"2023/11/09","11:00","0.833","-","1.97"
"2023/11/09","12:00","0.605","-","1.77"
"2023/11/09","13:00","0.437","-","1.6"
"2023/11/09","14:00","0.349","-","1.54"
"2023/11/09","15:00","0.366","-","1.51"
"2023/11/09","16:00","0.506","-","1.59"
"2023/11/09","17:00","0.73","-","1.75"
"2023/11/09","18:00","0.955","-","2.01"
"2023/11/09","19:00","1.118","-","2.22"
"2023/11/09","20:00","1.192","-","2.33"
"2023/11/09","21:00","1.163","-","2.25"
"2023/11/09","22:00","1.02","-","2.09"
"2023/11/09","23:00","0.795","-","1.86"
"2023/11/10","00:00","0.561","-","1.62"
"2023/11/10","01:00","0.382","-","1.44"
"2023/11/10","02:00","0.288","-","1.39"
"2023/11/10","03:00","0.303","-","1.32"
"2023/11/10","04:00","0.453","-","1.29"
"2023/11/10","05:00","0.718","-","1.57"
"2023/11/10","06:00","1.012","-","1.8"
"2023/11/10","07:00","1.245","-","2.08"
"2023/11/10","08:00","1.372","-","2.15"
"2023/11/10","09:00","1.38","-","2.1"
"2023/11/10","10:00","1.262","-","2.01"
"2023/11/10","11:00","1.036","-","1.84"
"2023/11/10","12:00","0.766","-","1.61"
"2023/11/10","13:00","0.526","-","1.35"
"2023/11/10","14:00","0.357","-","1.28"
"2023/11/10","15:00","0.282","-","1.2"
"2023/11/10","16:00","0.331","-","1.24"
"2023/11/10","17:00","0.512","-","1.31"
"2023/11/10","18:00","0.767","-","1.51"
"2023/11/10","19:00","0.999","-","1.67"
"2023/11/10","20:00","1.144","-","1.83"
"2023/11/10","21:00","1.185","-","1.84"
"2023/11/10","22:00","1.113","-","1.77"
"2023/11/10","23:00","0.931","-","1.61"
"2023/11/11","00:00","0.684","-","1.46"
"2023/11/11","01:00","0.449","-","1.25"
"2023/11/11","02:00","0.288","-","1.03"
"2023/11/11","03:00","0.23","-","0.88"
"2023/11/11","04:00","0.302","-","0.87"
"2023/11/11","05:00","0.52","-","1.13"
"2023/11/11","06:00","0.837","-","1.49"
"2023/11/11","07:00","1.149","-","1.81"
"2023/11/11","08:00","1.364","-","2.02"
"2023/11/11","09:00","1.447","-","2.08"
"2023/11/11","10:00","1.402","-","2.09"
"2023/11/11","11:00","1.232","-","2"
"2023/11/11","12:00","0.967","-","1.72"
"2023/11/11","13:00","0.677","-","1.43"
"2023/11/11","14:00","0.432","-","1.13"
"2023/11/11","15:00","0.273","-","0.96"
"2023/11/11","16:00","0.227","-","0.91"
"2023/11/11","17:00","0.323","-","0.93"
"2023/11/11","18:00","0.551","-","1.16"
"2023/11/11","19:00","0.828","-","1.41"
"2023/11/11","20:00","1.05","-","1.63"
"2023/11/11","21:00","1.163","-","1.71"
"2023/11/11","22:00","1.16","-","1.67"
"2023/11/11","23:00","1.044","-","1.53"
"2023/11/12","00:00","0.828","-","1.32"
"2023/11/12","01:00","0.567","-","1.06"
"2023/11/12","02:00","0.34","-","0.89"
"2023/11/12","03:00","0.206","-","0.77"
"2023/11/12","04:00","0.196","-","0.8"
"2023/11/12","05:00","0.335","-","0.99"
"2023/11/12","06:00","0.62","-","1.37"
"2023/11/12","07:00","0.975","-","1.72"
"2023/11/12","08:00","1.283","-","2"
"2023/11/12","09:00","1.458","-","2.16"
"2023/11/12","10:00","1.487","-","2.21"
"2023/11/12","11:00","1.385","-","2.14"
"2023/11/12","12:00","1.169","-","1.96"
"2023/11/12","13:00","0.875","-","1.65"
"2023/11/12","14:00","0.575","-","1.4"
"2023/11/12","15:00","0.337","-","1.16"
"2023/11/12","16:00","0.202","-","1.06"
"2023/11/12","17:00","0.199","-","1.02"
"2023/11/12","18:00","0.348","-","1.16"
"2023/11/12","19:00","0.616","-","1.44"
"2023/11/12","20:00","0.899","-","1.75"
"2023/11/12","21:00","1.095","-","1.94"
"2023/11/12","22:00","1.164","-","1.97"
"2023/11/12","23:00","1.115","-","1.94"
"2023/11/13","00:00","0.959","-","1.8"
"2023/11/13","01:00","0.718","-","1.61"
"2023/11/13","02:00","0.453","-","1.38"
"2023/11/13","03:00","0.245","-","1.13"
"2023/11/13","04:00","0.15","-","1.02"
"2023/11/13","05:00","0.198","-","1.05"
"2023/11/13","06:00","0.403","-","1.28"
"2023/11/13","07:00","0.741","-","1.63"
"2023/11/13","08:00","1.112","-","1.95"
"2023/11/13","09:00","1.392","-","2.18"
"2023/11/13","10:00","1.514","-","2.31"
"2023/11/13","11:00","1.486","-","2.32"
"2023/11/13","12:00","1.335","-","2.22"
"2023/11/13","13:00","1.081","-","1.97"
"2023/11/13","14:00","0.769","-","1.65"
"2023/11/13","15:00","0.472","-","1.38"
"2023/11/13","16:00","0.255","-","1.14"
"2023/11/13","17:00","0.156","-","1"
"2023/11/13","18:00","0.202","-","0.97"
"2023/11/13","19:00","0.4","-","1.15"
"2023/11/13","20:00","0.692","-","1.52"
"2023/11/13","21:00","0.963","-","1.8"
"2023/11/13","22:00","1.121","-","1.95"
"2023/11/13","23:00","1.144","-","1.98"
"2023/11/14","00:00","1.053","-","1.9"
"2023/11/14","01:00","0.867","-","1.74"
"2023/11/14","02:00","0.611","-","1.53"
"2023/11/14","03:00","0.355","-","1.34"
"2023/11/14","04:00","0.177","-","1.07"
"2023/11/14","05:00","0.128","-","0.92"
"2023/11/14","06:00","0.233","-","0.97"
"2023/11/14","07:00","0.493","-","1.23"
"2023/11/14","08:00","0.863","-","1.57"
"2023/11/14","09:00","1.226","-","1.98"
"2023/11/14","10:00","1.463","-","2.23"
"2023/11/14","11:00","1.53","-","2.35"
"2023/11/14","12:00","1.451","-","2.3"
"2023/11/14","13:00","1.26","-","2.02"
"2023/11/14","14:00","0.983","-","1.67"
"2023/11/14","15:00","0.667","-","1.31"
"2023/11/14","16:00","0.385","-","1.01"
"2023/11/14","17:00","0.199","-","0.81"
"2023/11/14","18:00","0.14","-","0.71"
"2023/11/14","19:00","0.231","-","0.74"
"2023/11/14","20:00","0.462","-","1.02"
"2023/11/14","21:00","0.761","-","1.31"
"2023/11/14","22:00","1.007","-","1.57"
"2023/11/14","23:00","1.122","-","1.67"
"2023/11/15","00:00","1.105","-","1.66"
"2023/11/15","01:00","0.983","-","1.57"
"2023/11/15","02:00","0.776","-","1.38"
"2023/11/15","03:00","0.519","-","1.12"
"2023/11/15","04:00","0.283","-","0.88"
"2023/11/15","05:00","0.141","-","0.77"
"2023/11/15","06:00","0.138","-","0.75"
"2023/11/15","07:00","0.289","-","0.91"
"2023/11/15","08:00","0.585","-","1.27"
"2023/11/15","09:00","0.964","-","1.66"
"2023/11/15","10:00","1.303","-","1.99"
"2023/11/15","11:00","1.493","-","2.15"
"2023/11/15","12:00","1.51","-","2.2"
"2023/11/15","13:00","1.393","-","2.13"
"2023/11/15","14:00","1.177","-","1.93"
"2023/11/15","15:00","0.89","-","1.61"
"2023/11/15","16:00","0.583","-","1.3"
"2023/11/15","17:00","0.326","-","1.06"
"2023/11/15","18:00","0.172","-","0.89"
"2023/11/15","19:00","0.147","-","0.86"
"2023/11/15","20:00","0.269","-","0.88"
"2023/11/15","21:00","0.519","-","1.23"
"2023/11/15","22:00","0.81","-","1.44"
"2023/11/15","23:00","1.027","-","1.71"
"2023/11/16","00:00","1.104","-","1.79"
"2023/11/16","01:00","1.056","-","1.77"
"2023/11/16","02:00","0.914","-","1.62"
"2023/11/16","03:00","0.701","-","1.33"
"2023/11/16","04:00","0.453","-","1.11"
"2023/11/16","05:00","0.243","-","0.97"
"2023/11/16","06:00","0.137","-","0.81"
"2023/11/16","07:00","0.168","-","0.79"
"2023/11/16","08:00","0.346","-","0.98"
"2023/11/16","09:00","0.658","-","1.3"
"2023/11/16","10:00","1.03","-","1.71"
"2023/11/16","11:00","1.338","-","2.01"
"2023/11/16","12:00","1.485","-","2.15"
"2023/11/16","13:00","1.466","-","2.15"
"2023/11/16","14:00","1.326","-","2.04"
"2023/11/16","15:00","1.1","-","1.76"
"2023/11/16","16:00","0.816","-","1.39"
"2023/11/16","17:00","0.527","-","1.07"
"2023/11/16","18:00","0.295","-","0.86"
"2023/11/16","19:00","0.166","-","0.73"
"2023/11/16","20:00","0.162","-","0.7"
"2023/11/16","21:00","0.302","-","0.8"
"2023/11/16","22:00","0.559","-","1.09"
"2023/11/16","23:00","0.838","-","1.36"
"2023/11/17","00:00","1.028","-","1.52"
"2023/11/17","01:00","1.078","-","1.58"
"2023/11/17","02:00","1.012","-","1.51"
"2023/11/17","03:00","0.863","-","1.35"
"2023/11/17","04:00","0.653","-","1.14"
"2023/11/17","05:00","0.421","-","0.93"
"2023/11/17","06:00","0.235","-","0.74"
"2023/11/17","07:00","0.152","-","0.63"
"2023/11/17","08:00","0.198","-","0.63"
"2023/11/17","09:00","0.386","-","0.82"
"2023/11/17","10:00","0.699","-","1.23"
"2023/11/17","11:00","1.056","-","1.59"
"2023/11/17","12:00","1.333","-","1.85"
"2023/11/17","13:00","1.447","-","1.94"
"2023/11/17","14:00","1.408","-","1.93"
"2023/11/17","15:00","1.261","-","1.86"
"2023/11/17","16:00","1.039","-","1.62"
"2023/11/17","17:00","0.767","-","1.38"
"2023/11/17","18:00","0.495","-","1.1"
"2023/11/17","19:00","0.281","-","0.92"
"2023/11/17","20:00","0.164","-","0.86"
"2023/11/17","21:00","0.172","-","0.86"
"2023/11/17","22:00","0.321","-","1.06"
"2023/11/17","23:00","0.582","-","1.35"
"2023/11/18","00:00","0.852","-","1.68"
"2023/11/18","01:00","1.022","-","1.87"
"2023/11/18","02:00","1.057","-","1.94"
"2023/11/18","03:00","0.986","-","1.91"
"2023/11/18","04:00","0.842","-","1.8"
"2023/11/18","05:00","0.641","-","1.61"
"2023/11/18","06:00","0.422","-","1.43"
"2023/11/18","07:00","0.249","-","1.23"
"2023/11/18","08:00","0.171","-","1.19"
"2023/11/18","09:00","0.215","-","1.25"
"2023/11/18","10:00","0.398","-","1.52"
"2023/11/18","11:00","0.703","-","1.99"
"2023/11/18","12:00","1.043","-","2.35"
"2023/11/18","13:00","1.295","-","2.62"
"2023/11/18","14:00","1.39","-","2.75"
"2023/11/18","15:00","1.345","-","2.76"
"2023/11/18","16:00","1.207","-","2.53"
"2023/11/18","17:00","0.996","-","2.19"
"2023/11/18","18:00","0.737","-","1.83"
"2023/11/18","19:00","0.477","-","1.5"
"2023/11/18","20:00","0.27","-","1.27"
"2023/11/18","21:00","0.156","-","1.15"
"2023/11/18","22:00","0.169","-","1.12"
"2023/11/18","23:00","0.329","-","1.3"
"2023/11/19","00:00","0.596","-","1.59"
"2023/11/19","01:00","0.861","-","1.87"
"2023/11/19","02:00","1.022","-","1.96"
"2023/11/19","03:00","1.056","-","1.99"
"2023/11/19","04:00","0.993","-","1.97"
"2023/11/19","05:00","0.858","-","1.86"
"2023/11/19","06:00","0.664","-","1.62"
"2023/11/19","07:00","0.449","-","1.4"
"2023/11/19","08:00","0.271","-","1.22"
"2023/11/19","09:00","0.181","-","1.15"
"2023/11/19","10:00","0.209","-","1.2"
"2023/11/19","11:00","0.379","-","1.46"
"2023/11/19","12:00","0.673","-","1.77"
"2023/11/19","13:00","0.996","-","2.07"
"2023/11/19","14:00","1.231","-","2.24"
"2023/11/19","15:00","1.32","-","2.31"
"2023/11/19","16:00","1.286","-","2.31"
"2023/11/19","17:00","1.164","-","2.22"
"2023/11/19","18:00","0.967","-","2.01"
"2023/11/19","19:00","0.714","-","1.75"
"2023/11/19","20:00","0.455","-","1.49"
"2023/11/19","21:00","0.248","-","1.32"
"2023/11/19","22:00","0.134","-","1.2"
"2023/11/19","23:00","0.155","-","1.22"
"2023/11/20","00:00","0.329","-","1.41"
"2023/11/20","01:00","0.607","-","1.68"
"2023/11/20","02:00","0.875","-","1.99"
"2023/11/20","03:00","1.039","-","2.14"
"2023/11/20","04:00","1.085","-","2.19"
"2023/11/20","05:00","1.038","-","2.17"
"2023/11/20","06:00","0.911","-","2.18"
"2023/11/20","07:00","0.714","-","1.89"
"2023/11/20","08:00","0.487","-","1.62"
"2023/11/20","09:00","0.291","-","1.38"
"2023/11/20","10:00","0.177","-","1.21"
"2023/11/20","11:00","0.182","-","1.19"
"2023/11/20","12:00","0.336","-","1.34"
"2023/11/20","13:00","0.615","-","1.57"
"2023/11/20","14:00","0.925","-","1.83"
"2023/11/20","15:00","1.153","-","2.03"
"2023/11/20","16:00","1.25","-","2.11"
"2023/11/20","17:00","1.235","-","2.16"
"2023/11/20","18:00","1.13","-","2.05"
"2023/11/20","19:00","0.939","-","1.85"
"2023/11/20","20:00","0.683","-","1.57"
"2023/11/20","21:00","0.42","-","1.29"
"2023/11/20","22:00","0.21","-","1.14"
"2023/11/20","23:00","0.1","-","1.02"
"2023/11/21","00:00","0.134","-","1.07"
"2023/11/21","01:00","0.327","-","1.3"
"2023/11/21","02:00","0.622","-","1.61"
"2023/11/21","03:00","0.903","-","1.88"
"2023/11/21","04:00","1.082","-","2.01"
"2023/11/21","05:00","1.148","-","2.04"
"2023/11/21","06:00","1.116","-","2.09"
"2023/11/21","07:00","0.989","-","2.07"
"2023/11/21","08:00","0.775","-","1.9"
"2023/11/21","09:00","0.524","-","1.71"
"2023/11/21","10:00","0.301","-","1.49"
"2023/11/21","11:00","0.158","-","1.46"
"2023/11/21","12:00","0.137","-","1.5"
"2023/11/21","13:00","0.272","-","1.69"
"2023/11/21","14:00","0.54","-","1.99"
"2023/11/21","15:00","0.843","-","2.28"
"2023/11/21","16:00","1.073","-","2.52"
"2023/11/21","17:00","1.188","-","2.67"
"2023/11/21","18:00","1.194","-","2.68"
"2023/11/21","19:00","1.099","-","2.64"
"2023/11/21","20:00","0.902","-","2.45"
"2023/11/21","21:00","0.637","-","2.09"
"2023/11/21","22:00","0.369","-","1.8"
"2023/11/21","23:00","0.16","-","1.53"
"2023/11/22","00:00","0.059","-","1.51"
"2023/11/22","01:00","0.11","-","1.69"
"2023/11/22","02:00","0.328","-","1.89"
"2023/11/22","03:00","0.647","-","2.47"
"2023/11/22","04:00","0.95","-","2.91"
"2023/11/22","05:00","1.153","-","3.14"
"2023/11/22","06:00","1.239","-","3.22"
"2023/11/22","07:00","1.213","-","3.19"
"2023/11/22","08:00","1.07","-","3.06"
"2023/11/22","09:00","0.83","-","2.76"
"2023/11/22","10:00","0.55","-","2.43"
"2023/11/22","11:00","0.298","-","2.16"
"2023/11/22","12:00","0.125","-","2"
"2023/11/22","13:00","0.079","-","1.89"
"2023/11/22","14:00","0.199","-","1.93"
"2023/11/22","15:00","0.46","-","2.06"
"2023/11/22","16:00","0.766","-","2.36"
"2023/11/22","17:00","1.009","-","2.58"
"2023/11/22","18:00","1.142","-","2.8"
"2023/11/22","19:00","1.161","-","2.84"
"2023/11/22","20:00","1.062","-","2.66"
"2023/11/22","21:00","0.851","-","2.3"
"2023/11/22","22:00","0.575","-","2"
"2023/11/22","23:00","0.305","-","1.8"
"2023/11/23","00:00","0.102","-","1.64"
"2023/11/23","01:00","0.013","-","1.48"
"2023/11/23","02:00","0.088","-","1.42"
"2023/11/23","03:00","0.337","-","1.59"
"2023/11/23","04:00","0.688","-","1.93"
"2023/11/23","05:00","1.018","-","2.18"
"2023/11/23","06:00","1.243","-","2.4"
"2023/11/23","07:00","1.34","-","2.43"
"2023/11/23","08:00","1.304","-","2.4"
"2023/11/23","09:00","1.136","-","2.25"
"2023/11/23","10:00","0.865","-","1.97"
"2023/11/23","11:00","0.558","-","1.67"
"2023/11/23","12:00","0.279","-","1.38"
"2023/11/23","13:00","0.08","-","1.16"
"2023/11/23","14:00","0.014","-","1.13"
"2023/11/23","15:00","0.128","-","1.18"
"2023/11/23","16:00","0.395","-","1.45"
"2023/11/23","17:00","0.713","-","1.73"
"2023/11/23","18:00","0.971","-","1.95"
"2023/11/23","19:00","1.115","-","2.05"
"2023/11/23","20:00","1.132","-","2.06"
"2023/11/23","21:00","1.018","-","1.94"
"2023/11/23","22:00","0.787","-","1.66"
"2023/11/23","23:00","0.502","-","1.35"
"2023/11/24","00:00","0.234","-","1.09"
"2023/11/24","01:00","0.04","-","0.91"
"2023/11/24","02:00","-0.031","-","0.87"
"2023/11/24","03:00","0.074","-","0.96"
"2023/11/24","04:00","0.362","-","1.31"
"2023/11/24","05:00","0.747","-","1.83"
"2023/11/24","06:00","1.101","-","2.17"
"2023/11/24","07:00","1.337","-","2.32"
"2023/11/24","08:00","1.428","-","2.35"
"2023/11/24","09:00","1.369","-","2.29"
"2023/11/24","10:00","1.169","-","2.1"
"2023/11/24","11:00","0.87","-","1.79"
"2023/11/24","12:00","0.541","-","1.48"
"2023/11/24","13:00","0.243","-","1.23"
"2023/11/24","14:00","0.025","-","1.07"
"2023/11/24","15:00","-0.047","-","1.03"
"2023/11/24","16:00","0.077","-","1.09"
"2023/11/24","17:00","0.363","-","1.39"
"2023/11/24","18:00","0.696","-","1.67"
"2023/11/24","19:00","0.962","-","1.93"
"2023/11/24","20:00","1.102","-","2.03"
"2023/11/24","21:00","1.103","-","2.02"
"2023/11/24","22:00","0.964","-","1.93"
"2023/11/24","23:00","0.715","-","1.74"
"2023/11/25","00:00","0.424","-","1.6"
"2023/11/25","01:00","0.162","-","1.33"
"2023/11/25","02:00","-0.019","-","1.17"
"2023/11/25","03:00","-0.065","-","1.14"
"2023/11/25","04:00","0.079","-","1.28"
"2023/11/25","05:00","0.408","-","1.57"
"2023/11/25","06:00","0.823","-","2.03"
"2023/11/25","07:00","1.187","-","2.35"
"2023/11/25","08:00","1.414","-","2.54"
"2023/11/25","09:00","1.482","-","2.51"
"2023/11/25","10:00","1.392","-","2.38"
"2023/11/25","11:00","1.161","-","2.13"
"2023/11/25","12:00","0.841","-","1.74"
"2023/11/25","13:00","0.499","-","1.33"
"2023/11/25","14:00","0.19","-","1.02"
"2023/11/25","15:00","-0.03","-","0.87"
"2023/11/25","16:00","-0.089","-","0.81"
"2023/11/25","17:00","0.061","-","0.98"
"2023/11/25","18:00","0.372","-","1.3"
"2023/11/25","19:00","0.716","-","1.68"
"2023/11/25","20:00","0.974","-","1.94"
"2023/11/25","21:00","1.095","-","2.03"
"2023/11/25","22:00","1.068","-","2.04"
"2023/11/25","23:00","0.902","-","1.93"
"2023/11/26","00:00","0.638","-","1.67"
"2023/11/26","01:00","0.346","-","1.41"
"2023/11/26","02:00","0.095","-","1.16"
"2023/11/26","03:00","-0.066","-","1.06"
"2023/11/26","04:00","-0.078","-","1.09"
"2023/11/26","05:00","0.111","-","1.26"
"2023/11/26","06:00","0.479","-","1.67"
"2023/11/26","07:00","0.908","-","2.12"
"2023/11/26","08:00","1.259","-","2.42"
"2023/11/26","09:00","1.457","-","2.55"
"2023/11/26","10:00","1.49","-","2.6"
"2023/11/26","11:00","1.365","-","2.48"
"2023/11/26","12:00","1.109","-","2.22"
"2023/11/26","13:00","0.777","-","1.89"
"2023/11/26","14:00","0.433","-","1.62"
"2023/11/26","15:00","0.13","-","1.4"
"2023/11/26","16:00","-0.073","-","1.22"
"2023/11/26","17:00","-0.098","-","1.21"
"2023/11/26","18:00","0.089","-","1.4"
"2023/11/26","19:00","0.42","-","1.77"
"2023/11/26","20:00","0.759","-","1.93"
"2023/11/26","21:00","0.993","-","2.06"
"2023/11/26","22:00","1.083","-","2.01"
"2023/11/26","23:00","1.025","-","1.87"
"2023/11/27","00:00","0.835","-","1.6"
"2023/11/27","01:00","0.559","-","1.28"
"2023/11/27","02:00","0.274","-","0.98"
"2023/11/27","03:00","0.041","-","0.81"
"2023/11/27","04:00","-0.089","-","0.68"
"2023/11/27","05:00","-0.058","-","0.68"
"2023/11/27","06:00","0.175","-","0.92"
"2023/11/27","07:00","0.566","-","1.39"
"2023/11/27","08:00","0.985","-","1.87"
"2023/11/27","09:00","1.301","-","2.16"
"2023/11/27","10:00","1.456","-","2.28"
"2023/11/27","11:00","1.45","-","2.27"
"2023/11/27","12:00","1.294","-","2.21"
"2023/11/27","13:00","1.021","-","2.03"
"2023/11/27","14:00","0.687","-","1.72"
"2023/11/27","15:00","0.355","-","1.39"
"2023/11/27","16:00","0.076","-","1.14"
"2023/11/27","17:00","-0.09","-","0.98"
"2023/11/27","18:00","-0.07","-","0.97"
"2023/11/27","19:00","0.153","-","1.16"
"2023/11/27","20:00","0.491","-","1.5"
"2023/11/27","21:00","0.808","-","1.8"
"2023/11/27","22:00","1.007","-","1.99"
"2023/11/27","23:00","1.061","-","1.99"
"2023/11/28","00:00","0.973","-","1.88"
"2023/11/28","01:00","0.762","-","1.67"
"2023/11/28","02:00","0.484","-","1.32"
"2023/11/28","03:00","0.213","-","0.98"
"2023/11/28","04:00","0.01","-","0.68"
"2023/11/28","05:00","-0.079","-","0.55"
"2023/11/28","06:00","-0.003","-","0.54"
"2023/11/28","07:00","0.263","-","0.82"
"2023/11/28","08:00","0.657","-","1.16"
"2023/11/28","09:00","1.044","-","1.47"
"2023/11/28","10:00","1.309","-","1.77"
"2023/11/28","11:00","1.415","-","1.84"
"2023/11/28","12:00","1.37","-","1.8"
"2023/11/28","13:00","1.19","-","1.7"
"2023/11/28","14:00","0.908","-","1.39"
"2023/11/28","15:00","0.585","-","1.12"
"2023/11/28","16:00","0.281","-","0.96"
"2023/11/28","17:00","0.041","-","0.79"
"2023/11/28","18:00","-0.077","-","0.7"
"2023/11/28","19:00","-0.011","-","0.7"
"2023/11/28","20:00","0.236","-","0.85"
"2023/11/28","21:00","0.565","-","1.09"
"2023/11/28","22:00","0.846","-","1.18"
"2023/11/28","23:00","1.004","-","1.23"
"2023/11/29","00:00","1.024","-","1.18"
"2023/11/29","01:00","0.91","-","0.93"
"2023/11/29","02:00","0.687","-","0.7"
"2023/11/29","03:00","0.417","-","0.47"
"2023/11/29","04:00","0.173","-","0.22"
"2023/11/29","05:00","0.01","-","0.07"
"2023/11/29","06:00","-0.036","-","0.06"
"2023/11/29","07:00","0.079","-","0.19"
"2023/11/29","08:00","0.362","-","0.46"
"2023/11/29","09:00","0.737","-","0.79"
"2023/11/29","10:00","1.074","-","1.05"
"2023/11/29","11:00","1.282","-","1.17"
"2023/11/29","12:00","1.341","-","1.21"
"2023/11/29","13:00","1.264","-","1.16"
"2023/11/29","14:00","1.068","-","0.97"
"2023/11/29","15:00","0.788","-","0.7"
"2023/11/29","16:00","0.489","-","0.4"
"2023/11/29","17:00","0.223","-","0.11"
"2023/11/29","18:00","0.03","-","-0.06"
"2023/11/29","19:00","-0.038","-","-0.07"
"2023/11/29","20:00","0.065","-","0.05"
"2023/11/29","21:00","0.321","-","0.31"
"2023/11/29","22:00","0.626","-","0.56"
"2023/11/29","23:00","0.867","-","0.8"
"2023/11/30","00:00","0.985","-","0.91"
"2023/11/30","01:00","0.974","-","0.95"
"2023/11/30","02:00","0.842","-","0.91"
"2023/11/30","03:00","0.617","-","0.74"
"2023/11/30","04:00","0.366","-","0.55"
"2023/11/30","05:00","0.158","-","0.4"
"2023/11/30","06:00","0.037","-","0.32"
"2023/11/30","07:00","0.031","-","0.32"
"2023/11/30","08:00","0.171","-","0.45"
"2023/11/30","09:00","0.454","-","0.73"
"2023/11/30","10:00","0.795","-","1.05"
"2023/11/30","11:00","1.077","-","1.31"
"2023/11/30","12:00","1.231","-","1.46"
"2023/11/30","13:00","1.25","-","1.46"
"2023/11/30","14:00","1.149","-","1.38"
"2023/11/30","15:00","0.944","-","1.18"
"2023/11/30","16:00","0.677","-","0.92"
"2023/11/30","17:00","0.41","-","0.6"
"2023/11/30","18:00","0.187","-","0.41"
"2023/11/30","19:00","0.04","-","0.32"
"2023/11/30","20:00","0.011","-","0.34"
"2023/11/30","21:00","0.14","-","0.43"
"2023/11/30","22:00","0.393","-","0.68"
"2023/11/30","23:00","0.669","-","0.96"
"2023/12/01","00:00","0.869","-","1.12"
"2023/12/01","01:00","0.951","-","1.19"
"2023/12/01","02:00","0.918","-","1.17"
"2023/12/01","03:00","0.776","-","1.04"
"2023/12/01","04:00","0.559","-","0.86"
"2023/12/01","05:00","0.335","-","0.66"
"2023/12/01","06:00","0.166","-","0.53"
"2023/12/01","07:00","0.082","-","0.42"
"2023/12/01","08:00","0.104","-","0.45"
"2023/12/01","09:00","0.258","-","0.59"
"2023/12/01","10:00","0.528","-","0.91"
"2023/12/01","11:00","0.829","-","1.27"
"2023/12/01","12:00","1.058","-","1.5"
"2023/12/01","13:00","1.164","-","1.58"
"2023/12/01","14:00","1.152","-","1.57"
"2023/12/01","15:00","1.036","-","1.47"
"2023/12/01","16:00","0.832","-","1.25"
"2023/12/01","17:00","0.585","-","0.96"
"2023/12/01","18:00","0.351","-","0.69"
"2023/12/01","19:00","0.167","-","0.56"
"2023/12/01","20:00","0.057","-","0.51"
"2023/12/01","21:00","0.061","-","0.54"
"2023/12/01","22:00","0.206","-","0.75"
"2023/12/01","23:00","0.452","-","1.09"
"2023/12/02","00:00","0.697","-","1.29"
"2023/12/02","01:00","0.859","-","1.41"
"2023/12/02","02:00","0.914","-","1.42"
"2023/12/02","03:00","0.865","-","1.33"
"2023/12/02","04:00","0.722","-","1.18"
"2023/12/02","05:00","0.52","-","0.92"
"2023/12/02","06:00","0.324","-","0.76"
"2023/12/02","07:00","0.187","-","0.62"
"2023/12/02","08:00","0.13","-","0.59"
"2023/12/02","09:00","0.169","-","0.64"
"2023/12/02","10:00","0.326","-","0.82"
"2023/12/02","11:00","0.578","-","1.1"
"2023/12/02","12:00","0.84","-","1.4"
"2023/12/02","13:00","1.021","-","1.6"
"2023/12/02","14:00","1.089","-","1.69"
"2023/12/02","15:00","1.056","-","1.66"
"2023/12/02","16:00","0.934","-","1.52"
"2023/12/02","17:00","0.738","-","1.32"
"2023/12/02","18:00","0.511","-","1.08"
"2023/12/02","19:00","0.306","-","0.93"
"2023/12/02","20:00","0.153","-","0.83"
"2023/12/02","21:00","0.073","-","0.79"
"2023/12/02","22:00","0.104","-","0.79"
"2023/12/02","23:00","0.265","-","1"
"2023/12/03","00:00","0.501","-","1.26"
"2023/12/03","01:00","0.718","-","1.5"
"2023/12/03","02:00","0.849","-","1.64"
"2023/12/03","03:00","0.884","-","1.66"
"2023/12/03","04:00","0.828","-","1.62"
"2023/12/03","05:00","0.688","-","1.5"
"2023/12/03","06:00","0.5","-","1.42"
"2023/12/03","07:00","0.325","-","1.26"
"2023/12/03","08:00","0.209","-","1.13"
"2023/12/03","09:00","0.166","-","1.16"
"2023/12/03","10:00","0.215","-","1.21"
"2023/12/03","11:00","0.372","-","1.42"
"2023/12/03","12:00","0.606","-","1.68"
"2023/12/03","13:00","0.831","-","1.9"
"2023/12/03","14:00","0.971","-","2.01"
"2023/12/03","15:00","1.013","-","2.06"
"2023/12/03","16:00","0.971","-","2"
"2023/12/03","17:00","0.848","-","1.93"
"2023/12/03","18:00","0.659","-","1.76"
"2023/12/03","19:00","0.447","-","1.59"
"2023/12/03","20:00","0.264","-","1.44"
"2023/12/03","21:00","0.135","-","1.33"
"2023/12/03","22:00","0.084","-","1.3"
"2023/12/03","23:00","0.144","-","1.48"
"2023/12/04","00:00","0.319","-","1.7"
"2023/12/04","01:00","0.548","-","1.95"
"2023/12/04","02:00","0.741","-","2.09"
"2023/12/04","03:00","0.849","-","2.2"
"2023/12/04","04:00","0.872","-","2.22"
"2023/12/04","05:00","0.812","-","2.22"
"2023/12/04","06:00","0.674","-","2.09"
"2023/12/04","07:00","0.492","-","1.91"
"2023/12/04","08:00","0.327","-","1.74"
"2023/12/04","09:00","0.22","-","1.61"
"2023/12/04","10:00","0.186","-","1.61"
"2023/12/04","11:00","0.241","-","1.69"
"2023/12/04","12:00","0.396","-","1.91"
"2023/12/04","13:00","0.612","-","2.11"
"2023/12/04","14:00","0.805","-","2.29"
"2023/12/04","15:00","0.916","-","2.39"
"2023/12/04","16:00","0.943","-","2.42"
"2023/12/04","17:00","0.897","-","2.4"
"2023/12/04","18:00","0.775","-","2.29"
"2023/12/04","19:00","0.588","-","2.11"
"2023/12/04","20:00","0.384","-","1.9"
"2023/12/04","21:00","0.217","-","1.74"
"2023/12/04","22:00","0.112","-","1.62"
"2023/12/04","23:00","0.092","-","1.57"
"2023/12/05","00:00","0.183","-","1.62"
"2023/12/05","01:00","0.375","-","1.78"
"2023/12/05","02:00","0.598","-","1.97"
"2023/12/05","03:00","0.773","-","2.11"
"2023/12/05","04:00","0.867","-","2.17"
"2023/12/05","05:00","0.883","-","2.16"
"2023/12/05","06:00","0.818","-","2.11"
"2023/12/05","07:00","0.672","-","1.96"
"2023/12/05","08:00","0.485","-","1.73"
"2023/12/05","09:00","0.321","-","1.53"
"2023/12/05","10:00","0.217","-","1.39"
"2023/12/05","11:00","0.187","-","1.33"
"2023/12/05","12:00","0.247","-","1.35"
"2023/12/05","13:00","0.401","-","1.45"
"2023/12/05","14:00","0.6","-","1.61"
"2023/12/05","15:00","0.769","-","1.73"
"2023/12/05","16:00","0.863","-","1.81"
"2023/12/05","17:00","0.884","-","1.8"
"2023/12/05","18:00","0.836","-","1.76"
"2023/12/05","19:00","0.708","-","1.63"
"2023/12/05","20:00","0.515","-","1.53"
"2023/12/05","21:00","0.316","-","1.35"
"2023/12/05","22:00","0.164","-","1.18"
"2023/12/05","23:00","0.086","-","1.18"
"2023/12/06","00:00","0.1","-","1.23"
"2023/12/06","01:00","0.224","-","1.42"
"2023/12/06","02:00","0.434","-","1.69"
"2023/12/06","03:00","0.656","-","1.94"
"2023/12/06","04:00","0.821","-","2.08"
"2023/12/06","05:00","0.907","-","2.15"
"2023/12/06","06:00","0.915","-","2.2"
"2023/12/06","07:00","0.836","-","2.18"
"2023/12/06","08:00","0.672","-","2.02"
"2023/12/06","09:00","0.472","-","1.83"
"2023/12/06","10:00","0.302","-","1.62"
"2023/12/06","11:00","0.197","-","1.47"
"2023/12/06","12:00","0.17","-","1.41"
"2023/12/06","13:00","0.235","-","1.43"
"2023/12/06","14:00","0.388","-","1.48"
"2023/12/06","15:00","0.578","-","1.6"
"2023/12/06","16:00","0.735","-","1.71"
"2023/12/06","17:00","0.821","-","1.82"
"2023/12/06","18:00","0.84","-","1.79"
"2023/12/06","19:00","0.784","-","1.77"
"2023/12/06","20:00","0.641","-","1.52"
"2023/12/06","21:00","0.438","-","1.36"
"2023/12/06","22:00","0.242","-","1.15"
"2023/12/06","23:00","0.109","-","0.98"
"2023/12/07","00:00","0.06","-","0.85"
"2023/12/07","01:00","0.109","-","0.91"
"2023/12/07","02:00","0.267","-","1.02"
"2023/12/07","03:00","0.498","-","1.21"
"2023/12/07","04:00","0.726","-","1.39"
"2023/12/07","05:00","0.888","-","1.51"
"2023/12/07","06:00","0.966","-","1.57"
"2023/12/07","07:00","0.959","-","1.55"
"2023/12/07","08:00","0.854","-","1.48"
"2023/12/07","09:00","0.663","-","1.33"
"2023/12/07","10:00","0.446","-","1.17"
"2023/12/07","11:00","0.268","-","0.98"
"2023/12/07","12:00","0.162","-","0.88"
"2023/12/07","13:00","0.137","-","0.89"
"2023/12/07","14:00","0.208","-","1"
"2023/12/07","15:00","0.367","-","1.15"
"2023/12/07","16:00","0.559","-","1.36"
"2023/12/07","17:00","0.713","-","1.55"
"2023/12/07","18:00","0.798","-","1.7"
"2023/12/07","19:00","0.809","-","1.73"
"2023/12/07","20:00","0.735","-","1.71"
"2023/12/07","21:00","0.57","-","1.54"
"2023/12/07","22:00","0.356","-","1.31"
"2023/12/07","23:00","0.166","-","1.15"
"2023/12/08","00:00","0.053","-","1.01"
"2023/12/08","01:00","0.033","-","1"
"2023/12/08","02:00","0.119","-","1.1"
"2023/12/08","03:00","0.314","-","1.2"
"2023/12/08","04:00","0.572","-","1.43"
"2023/12/08","05:00","0.811","-","1.69"
"2023/12/08","06:00","0.97","-","1.85"
"2023/12/08","07:00","1.034","-","1.91"
"2023/12/08","08:00","1","-","1.86"
"2023/12/08","09:00","0.86","-","1.72"
"2023/12/08","10:00","0.638","-","1.51"
"2023/12/08","11:00","0.403","-","1.27"
"2023/12/08","12:00","0.218","-","1.09"
"2023/12/08","13:00","0.109","-","0.96"
"2023/12/08","14:00","0.088","-","0.91"
"2023/12/08","15:00","0.173","-","0.94"
"2023/12/08","16:00","0.35","-","1.08"
"2023/12/08","17:00","0.555","-","1.29"
"2023/12/08","18:00","0.713","-","1.48"
"2023/12/08","19:00","0.793","-","1.57"
"2023/12/08","20:00","0.787","-","1.58"
"2023/12/08","21:00","0.687","-","1.45"
"2023/12/08","22:00","0.497","-","1.22"
"2023/12/08","23:00","0.273","-","1.03"
"2023/12/09","00:00","0.091","-","0.87"
"2023/12/09","01:00","-0.004","-","0.79"
"2023/12/09","02:00","0.005","-","0.78"
"2023/12/09","03:00","0.131","-","0.91"
"2023/12/09","04:00","0.369","-","1.17"
"2023/12/09","05:00","0.66","-","1.47"
"2023/12/09","06:00","0.91","-","1.73"
"2023/12/09","07:00","1.06","-","1.88"
"2023/12/09","08:00","1.098","-","1.94"
"2023/12/09","09:00","1.026","-","1.91"
"2023/12/09","10:00","0.846","-","1.79"
"2023/12/09","11:00","0.594","-","1.59"
"2023/12/09","12:00","0.343","-","1.31"
"2023/12/09","13:00","0.151","-","1.08"
"2023/12/09","14:00","0.041","-","0.97"
"2023/12/09","15:00","0.032","-","0.97"
"2023/12/09","16:00","0.143","-","1.04"
"2023/12/09","17:00","0.351","-","1.19"
"2023/12/09","18:00","0.575","-","1.41"
"2023/12/09","19:00","0.735","-","1.62"
"2023/12/09","20:00","0.8","-","1.7"
"2023/12/09","21:00","0.768","-","1.61"
"2023/12/09","22:00","0.635","-","1.43"
"2023/12/09","23:00","0.421","-","1.19"
"2023/12/10","00:00","0.189","-","0.96"
"2023/12/10","01:00","0.015","-","0.76"
"2023/12/10","02:00","-0.06","-","0.67"
"2023/12/10","03:00","-0.02","-","0.66"
"2023/12/10","04:00","0.152","-","0.8"
"2023/12/10","05:00","0.44","-","1.15"
"2023/12/10","06:00","0.762","-","1.49"
"2023/12/10","07:00","1.016","-","1.79"
"2023/12/10","08:00","1.144","-","1.91"
"2023/12/10","09:00","1.145","-","1.92"
"2023/12/10","10:00","1.029","-","1.87"
"2023/12/10","11:00","0.809","-","1.71"
"2023/12/10","12:00","0.531","-","1.4"
"2023/12/10","13:00","0.266","-","1.16"
"2023/12/10","14:00","0.069","-","0.95"
"2023/12/10","15:00","-0.036","-","0.88"
"2023/12/10","16:00","-0.02","-","0.79"
"2023/12/10","17:00","0.132","-","0.99"
"2023/12/10","18:00","0.377","-","1.26"
"2023/12/10","19:00","0.618","-","1.55"
"2023/12/10","20:00","0.77","-","1.71"
"2023/12/10","21:00","0.81","-","1.82"
"2023/12/10","22:00","0.745","-","1.8"
"2023/12/10","23:00","0.579","-","1.72"
"2023/12/11","00:00","0.344","-","1.89"
"2023/12/11","01:00","0.107","-","2.08"
"2023/12/11","02:00","-0.059","-","1.66"
"2023/12/11","03:00","-0.113","-","1.39"
"2023/12/11","04:00","-0.034","-","1.39"
"2023/12/11","05:00","0.191","-","1.31"
"2023/12/11","06:00","0.528","-","1.49"
"2023/12/11","07:00","0.873","-","1.4"
"2023/12/11","08:00","1.116","-","1.68"
"2023/12/11","09:00","1.21","-","1.88"
"2023/12/11","10:00","1.168","-","1.89"
"2023/12/11","11:00","1.009","-","1.77"
"2023/12/11","12:00","0.753","-","1.26"
"2023/12/11","13:00","0.452","-","0.86"
"2023/12/11","14:00","0.177","-","0.65"
"2023/12/11","15:00","-0.02","-","0.47"
"2023/12/11","16:00","-0.108","-","0.48"
"2023/12/11","17:00","-0.053","-","0.53"
"2023/12/11","18:00","0.147","-","0.67"
"2023/12/11","19:00","0.427","-","0.93"
"2023/12/11","20:00","0.672","-","1.15"
"2023/12/11","21:00","0.804","-","1.35"
"2023/12/11","22:00","0.813","-","1.37"
"2023/12/11","23:00","0.714","-","1.24"
"2023/12/12","00:00","0.519","-","0.9"
"2023/12/12","01:00","0.265","-","0.55"
"2023/12/12","02:00","0.026","-","0.33"
"2023/12/12","03:00","-0.128","-","0.22"
"2023/12/12","04:00","-0.154","-","0.15"
"2023/12/12","05:00","-0.03","-","0.22"
"2023/12/12","06:00","0.249","-","0.53"
"2023/12/12","07:00","0.626","-","0.93"
"2023/12/12","08:00","0.978","-","1.23"
"2023/12/12","09:00","1.195","-","1.49"
"2023/12/12","10:00","1.249","-","1.58"
"2023/12/12","11:00","1.165","-","1.55"
"2023/12/12","12:00","0.967","-","1.36"
"2023/12/12","13:00","0.681","-","1.04"
"2023/12/12","14:00","0.363","-","0.71"
"2023/12/12","15:00","0.085","-","0.4"
"2023/12/12","16:00","-0.102","-","0.22"
"2023/12/12","17:00","-0.16","-","0.11"
"2023/12/12","18:00","-0.06","-","0.12"
"2023/12/12","19:00","0.186","-","0.31"
"2023/12/12","20:00","0.488","-","0.61"
"2023/12/12","21:00","0.725","-","0.85"
"2023/12/12","22:00","0.829","-","0.94"
"2023/12/12","23:00","0.805","-","0.92"
"2023/12/13","00:00","0.675","-","0.76"
"2023/12/13","01:00","0.455","-","0.5"
"2023/12/13","02:00","0.189","-","0.26"
"2023/12/13","03:00","-0.047","-","0.12"
"2023/12/13","04:00","-0.182","-","0.01"
"2023/12/13","05:00","-0.175","-","-0.03"
"2023/12/13","06:00","-0.005","-","0.15"
"2023/12/13","07:00","0.32","-","0.47"
"2023/12/13","08:00","0.721","-","0.85"
"2023/12/13","09:00","1.062","-","1.16"
"2023/12/13","10:00","1.246","-","1.34"
"2023/12/13","11:00","1.259","-","1.34"
"2023/12/13","12:00","1.139","-","1.27"
"2023/12/13","13:00","0.91","-","1.05"
"2023/12/13","14:00","0.602","-","0.78"
"2023/12/13","15:00","0.275","-","0.46"
"2023/12/13","16:00","0.002","-","0.16"
"2023/12/13","17:00","-0.164","-","0"
"2023/12/13","18:00","-0.187","-","0"
"2023/12/13","19:00","-0.043","-","0.15"
"2023/12/13","20:00","0.237","-","0.39"
"2023/12/13","21:00","0.547","-","0.64"
"2023/12/13","22:00","0.765","-","0.83"
"2023/12/13","23:00","0.841","-","0.89"
"2023/12/14","00:00","0.788","-","0.91"
"2023/12/14","01:00","0.632","-","0.82"
"2023/12/14","02:00","0.394","-","0.52"
"2023/12/14","03:00","0.123","-","0.28"
"2023/12/14","04:00","-0.102","-","0.04"
"2023/12/14","05:00","-0.213","-","-0.08"
"2023/12/14","06:00","-0.174","-","-0.04"
"2023/12/14","07:00","0.034","-","0.14"
"2023/12/14","08:00","0.389","-","0.53"
"2023/12/14","09:00","0.794","-","0.87"
"2023/12/14","10:00","1.113","-","1.13"
"2023/12/14","11:00","1.261","-","1.26"
"2023/12/14","12:00","1.242","-","1.26"
"2023/12/14","13:00","1.093","-","1.19"
"2023/12/14","14:00","0.842","-","0.99"
"2023/12/14","15:00","0.522","-","0.65"
"2023/12/14","16:00","0.197","-","0.28"
"2023/12/14","17:00","-0.061","-","0.02"
"2023/12/14","18:00","-0.202","-","-0.1"
"2023/12/14","19:00","-0.191","-","-0.07"
"2023/12/14","20:00","-0.012","-","0.11"
"2023/12/14","21:00","0.29","-","0.39"
"2023/12/14","22:00","0.597","-","0.66"
"2023/12/14","23:00","0.793","-","0.84"
"2023/12/15","00:00","0.843","-","0.95"
"2023/12/15","01:00","0.768","-","0.92"
"2023/12/15","02:00","0.595","-","0.8"
"2023/12/15","03:00","0.347","-","0.56"
"2023/12/15","04:00","0.079","-","0.32"
"2023/12/15","05:00","-0.13","-","0.17"
"2023/12/15","06:00","-0.22","-","0.13"
"2023/12/15","07:00","-0.157","-","0.15"
"2023/12/15","08:00","0.073","-","0.36"
"2023/12/15","09:00","0.439","-","0.76"
"2023/12/15","10:00","0.835","-","1.12"
"2023/12/15","11:00","1.126","-","1.39"
"2023/12/15","12:00","1.243","-","1.52"
"2023/12/15","13:00","1.198","-","1.52"
"2023/12/15","14:00","1.032","-","1.4"
"2023/12/15","15:00","0.77","-","1.15"
"2023/12/15","16:00","0.449","-","0.82"
"2023/12/15","17:00","0.136","-","0.5"
"2023/12/15","18:00","-0.102","-","0.27"
"2023/12/15","19:00","-0.219","-","0.16"
"2023/12/15","20:00","-0.181","-","0.17"
"2023/12/15","21:00","0.024","-","0.35"
"2023/12/15","22:00","0.338","-","0.65"
"2023/12/15","23:00","0.637","-","0.92"
"2023/12/16","00:00","0.814","-","1.08"
"2023/12/16","01:00","0.844","-","1.11"
"2023/12/16","02:00","0.756","-","0.99"
"2023/12/16","03:00","0.573","-","0.77"
"2023/12/16","04:00","0.323","-","0.51"
"2023/12/16","05:00","0.064","-","0.28"
"2023/12/16","06:00","-0.131","-","0.11"
"2023/12/16","07:00","-0.208","-","0.03"
"2023/12/16","08:00","-0.136","-","0.07"
"2023/12/16","09:00","0.099","-","0.28"
"2023/12/16","10:00","0.461","-","0.69"
"2023/12/16","11:00","0.838","-","1.01"
"2023/12/16","12:00","1.101","-","1.25"
"2023/12/16","13:00","1.192","-","1.34"
"2023/12/16","14:00","1.133","-","1.35"
"2023/12/16","15:00","0.961","-","1.22"
"2023/12/16","16:00","0.7","-","0.98"
"2023/12/16","17:00","0.388","-","0.65"
"2023/12/16","18:00","0.092","-","0.36"
"2023/12/16","19:00","-0.127","-","0.18"
"2023/12/16","20:00","-0.226","-","0.12"
"2023/12/16","21:00","-0.166","-","0.19"
"2023/12/16","22:00","0.059","-","0.48"
"2023/12/16","23:00","0.381","-","0.82"
"2023/12/17","00:00","0.672","-","1.11"
"2023/12/17","01:00","0.834","-","1.28"
"2023/12/17","02:00","0.853","-","1.35"
"2023/12/17","03:00","0.76","-","1.34"
"2023/12/17","04:00","0.577","-","1.18"
"2023/12/17","05:00","0.331","-","0.97"
"2023/12/17","06:00","0.08","-","0.75"
"2023/12/17","07:00","-0.109","-","0.61"
"2023/12/17","08:00","-0.188","-","0.55"
"2023/12/17","09:00","-0.124","-","0.7"
"2023/12/17","10:00","0.104","-","1.05"
"2023/12/17","11:00","0.452","-","1.47"
"2023/12/17","12:00","0.806","-","1.78"
"2023/12/17","13:00","1.042","-","1.94"
"2023/12/17","14:00","1.116","-","2.06"
"2023/12/17","15:00","1.053","-","2.07"
"2023/12/17","16:00","0.885","-","2.01"
"2023/12/17","17:00","0.633","-","1.81"
"2023/12/17","18:00","0.335","-","1.67"
"2023/12/17","19:00","0.056","-","1.67"
"2023/12/17","20:00","-0.147","-","1.61"
"2023/12/17","21:00","-0.23","-","1.84"
"2023/12/17","22:00","-0.15","-","2.01"
"2023/12/17","23:00","0.094","-","2.41"
"2023/12/18","00:00","0.423","-","2.64"
"2023/12/18","01:00","0.708","-","2.98"
"2023/12/18","02:00","0.86","-","3.2"
"2023/12/18","03:00","0.878","-","3.3"
"2023/12/18","04:00","0.789","-","3.25"
"2023/12/18","05:00","0.611","-","3.17"
"2023/12/18","06:00","0.369","-","2.88"
"2023/12/18","07:00","0.119","-","2.62"
"2023/12/18","08:00","-0.076","-","2.32"
"2023/12/18","09:00","-0.17","-","2.09"
"2023/12/18","10:00","-0.123","-","2.1"
"2023/12/18","11:00","0.088","-","2.22"
"2023/12/18","12:00","0.417","-","2.35"
"2023/12/18","13:00","0.744","-","2.73"
"2023/12/18","14:00","0.957","-","3.06"
"2023/12/18","15:00","1.022","-","3.17"
"2023/12/18","16:00","0.965","-","3.06"
"2023/12/18","17:00","0.81","-","2.71"
"2023/12/18","18:00","0.57","-","2.4"
"2023/12/18","19:00","0.287","-","2.04"
"2023/12/18","20:00","0.022","-","1.78"
"2023/12/18","21:00","-0.168","-","1.77"
"2023/12/18","22:00","-0.234","-","1.6"
"2023/12/18","23:00","-0.134","-","1.6"
"2023/12/19","00:00","0.129","-","1.55"
"2023/12/19","01:00","0.465","-","1.89"
"2023/12/19","02:00","0.745","-","2.16"
"2023/12/19","03:00","0.896","-","2.23"
"2023/12/19","04:00","0.92","-","2.03"
"2023/12/19","05:00","0.841","-","1.85"
"2023/12/19","06:00","0.668","-","1.59"
"2023/12/19","07:00","0.425","-","1.31"
"2023/12/19","08:00","0.168","-","1.12"
"2023/12/19","09:00","-0.043","-","0.98"
"2023/12/19","10:00","-0.159","-","0.92"
"2023/12/19","11:00","-0.134","-","0.83"
"2023/12/19","12:00","0.056","-","0.92"
"2023/12/19","13:00","0.361","-","1.17"
"2023/12/19","14:00","0.663","-","1.54"
"2023/12/19","15:00","0.859","-","1.83"
"2023/12/19","16:00","0.925","-","1.8"
"2023/12/19","17:00","0.882","-","1.71"
"2023/12/19","18:00","0.74","-","1.44"
"2023/12/19","19:00","0.511","-","1.14"
"2023/12/19","20:00","0.237","-","0.82"
"2023/12/19","21:00","-0.015","-","0.54"
"2023/12/19","22:00","-0.191","-","0.35"
"2023/12/19","23:00","-0.239","-","0.25"
"2023/12/20","00:00","-0.116","-","0.32"
"2023/12/20","01:00","0.163","-","0.54"
"2023/12/20","02:00","0.504","-","0.84"
"2023/12/20","03:00","0.784","-","1.06"
"2023/12/20","04:00","0.94","-","1.22"
"2023/12/20","05:00","0.977","-","1.3"
"2023/12/20","06:00","0.908","-","1.19"
"2023/12/20","07:00","0.735","-","1.07"
"2023/12/20","08:00","0.483","-","0.83"
"2023/12/20","09:00","0.213","-","0.56"
"2023/12/20","10:00","-0.017","-","0.34"
"2023/12/20","11:00","-0.157","-","0.3"
"2023/12/20","12:00","-0.155","-","0.36"
"2023/12/20","13:00","0.013","-","0.61"
"2023/12/20","14:00","0.295","-","0.87"
"2023/12/20","15:00","0.576","-","1.17"
"2023/12/20","16:00","0.765","-","1.31"
"2023/12/20","17:00","0.841","-","1.38"
"2023/12/20","18:00","0.812","-","1.38"
"2023/12/20","19:00","0.679","-","1.27"
"2023/12/20","20:00","0.454","-","1.07"
"2023/12/20","21:00","0.187","-","0.81"
"2023/12/20","22:00","-0.054","-","0.55"
"2023/12/20","23:00","-0.213","-","0.42"
"2023/12/21","00:00","-0.242","-","0.43"
"2023/12/21","01:00","-0.1","-","0.57"
"2023/12/21","02:00","0.194","-","0.9"
"2023/12/21","03:00","0.54","-","1.24"
"2023/12/21","04:00","0.824","-","1.55"
"2023/12/21","05:00","0.991","-","1.73"
"2023/12/21","06:00","1.041","-","1.82"
"2023/12/21","07:00","0.976","-","1.82"
"2023/12/21","08:00","0.794","-","1.69"
"2023/12/21","09:00","0.529","-","1.47"
"2023/12/21","10:00","0.244","-","1.25"
"2023/12/21","11:00","-0.004","-","1.03"
"2023/12/21","12:00","-0.165","-","0.94"
"2023/12/21","13:00","-0.184","-","0.89"
"2023/12/21","14:00","-0.034","-","0.99"
"2023/12/21","15:00","0.231","-","1.27"
"2023/12/21","16:00","0.501","-","1.55"
"2023/12/21","17:00","0.693","-","1.74"
"2023/12/21","18:00","0.781","-","1.8"
"2023/12/21","19:00","0.761","-","1.78"
"2023/12/21","20:00","0.628","-","1.66"
"2023/12/21","21:00","0.4","-","1.4"
"2023/12/21","22:00","0.138","-","1.14"
"2023/12/21","23:00","-0.09","-","0.94"
"2023/12/22","00:00","-0.234","-","0.84"
"2023/12/22","01:00","-0.246","-","0.85"
"2023/12/22","02:00","-0.087","-","1.05"
"2023/12/22","03:00","0.22","-","1.4"
"2023/12/22","04:00","0.575","-","1.78"
"2023/12/22","05:00","0.867","-","2.06"
"2023/12/22","06:00","1.044","-","2.2"
"2023/12/22","07:00","1.1","-","2.26"
"2023/12/22","08:00","1.027","-","2.22"
"2023/12/22","09:00","0.83","-","2.07"
"2023/12/22","10:00","0.552","-","1.82"
"2023/12/22","11:00","0.256","-","1.56"
"2023/12/22","12:00","-0.006","-","1.33"
"2023/12/22","13:00","-0.184","-","1.18"
"2023/12/22","14:00","-0.218","-","1.14"
"2023/12/22","15:00","-0.077","-","1.24"
"2023/12/22","16:00","0.184","-","1.49"
"2023/12/22","17:00","0.456","-","1.78"
"2023/12/22","18:00","0.655","-","1.98"
"2023/12/22","19:00","0.75","-","2.08"
"2023/12/22","20:00","0.728","-","2.09"
"2023/12/22","21:00","0.584","-","1.96"
"2023/12/22","22:00","0.35","-","1.72"
"2023/12/22","23:00","0.093","-","1.48"
"2023/12/23","00:00","-0.123","-","1.27"
"2023/12/23","01:00","-0.255","-","1.16"
"2023/12/23","02:00","-0.253","-","1.17"
"2023/12/23","03:00","-0.076","-","1.3"
"2023/12/23","04:00","0.247","-","1.59"
"2023/12/23","05:00","0.612","-","1.92"
"2023/12/23","06:00","0.911","-","2.18"
"2023/12/23","07:00","1.091","-","2.32"
"2023/12/23","08:00","1.139","-","2.34"
"2023/12/23","09:00","1.05","-","2.26"
"2023/12/23","10:00","0.835","-","2.03"
"2023/12/23","11:00","0.545","-","1.74"
"2023/12/23","12:00","0.242","-","1.44"
"2023/12/23","13:00","-0.03","-","1.2"
"2023/12/23","14:00","-0.217","-","1.05"
"2023/12/23","15:00","-0.252","-","0.98"
"2023/12/23","16:00","-0.103","-","1.07"
"2023/12/23","17:00","0.169","-","1.33"
"2023/12/23","18:00","0.449","-","1.63"
"2023/12/23","19:00","0.653","-","1.84"
"2023/12/23","20:00","0.744","-","1.89"
"2023/12/23","21:00","0.708","-","1.84"
"2023/12/23","22:00","0.547","-","1.67"
"2023/12/23","23:00","0.304","-","1.45"
"2023/12/24","00:00","0.052","-","1.22"
"2023/12/24","01:00","-0.156","-","1.03"
"2023/12/24","02:00","-0.277","-","0.96"
"2023/12/24","03:00","-0.259","-","0.98"
"2023/12/24","04:00","-0.06","-","1.16"
"2023/12/24","05:00","0.283","-","1.52"
"2023/12/24","06:00","0.658","-","1.85"
"2023/12/24","07:00","0.954","-","2.09"
"2023/12/24","08:00","1.123","-","2.19"
"2023/12/24","09:00","1.151","-","2.21"
"2023/12/24","10:00","1.037","-","2.14"
"2023/12/24","11:00","0.804","-","1.9"
"2023/12/24","12:00","0.506","-","1.61"
"2023/12/24","13:00","0.199","-","1.29"
"2023/12/24","14:00","-0.075","-","1.09"
"2023/12/24","15:00","-0.258","-","0.95"
"2023/12/24","16:00","-0.274","-","0.9"
"2023/12/24","17:00","-0.099","-","1.06"
"2023/12/24","18:00","0.192","-","1.36"
"2023/12/24","19:00","0.48","-","1.68"
"2023/12/24","20:00","0.678","-","1.86"
"2023/12/24","21:00","0.752","-","1.92"
"2023/12/24","22:00","0.692","-","1.84"
"2023/12/24","23:00","0.51","-","1.65"
"2023/12/25","00:00","0.26","-","1.39"
"2023/12/25","01:00","0.01","-","1.17"
"2023/12/25","02:00","-0.19","-","1"
"2023/12/25","03:00","-0.298","-","0.89"
"2023/12/25","04:00","-0.255","-","0.91"
"2023/12/25","05:00","-0.025","-","1.14"
"2023/12/25","06:00","0.338","-","1.52"
"2023/12/25","07:00","0.712","-","1.83"
"2023/12/25","08:00","0.992","-","2.07"
"2023/12/25","09:00","1.134","-","2.16"
"2023/12/25","10:00","1.132","-","2.15"
"2023/12/25","11:00","0.99","-","2.05"
"2023/12/25","12:00","0.74","-","1.79"
"2023/12/25","13:00","0.436","-","1.45"
"2023/12/25","14:00","0.131","-","1.16"
"2023/12/25","15:00","-0.135","-","0.96"
"2023/12/25","16:00","-0.295","-","0.85"
"2023/12/25","17:00","-0.273","-","0.86"
"2023/12/25","18:00","-0.06","-","1"
"2023/12/25","19:00","0.251","-","1.34"
"2023/12/25","20:00","0.534","-","1.6"
"2023/12/25","21:00","0.713","-","1.8"
"2023/12/25","22:00","0.76","-","1.8"
"2023/12/25","23:00","0.672","-","1.71"
"2023/12/26","00:00","0.469","-","1.55"
"2023/12/26","01:00","0.211","-","1.29"
"2023/12/26","02:00","-0.035","-","1.08"
"2023/12/26","03:00","-0.223","-","0.88"
"2023/12/26","04:00","-0.306","-","0.82"
"2023/12/26","05:00","-0.227","-","0.92"
"2023/12/26","06:00","0.036","-","1.25"
"2023/12/26","07:00","0.412","-","1.61"
"2023/12/26","08:00","0.771","-","1.93"
"2023/12/26","09:00","1.017","-","2.14"
"2023/12/26","10:00","1.121","-","2.21"
"2023/12/26","11:00","1.083","-","2.21"
"2023/12/26","12:00","0.913","-","2.04"
"2023/12/26","13:00","0.646","-","1.79"
"2023/12/26","14:00","0.341","-","1.48"
"2023/12/26","15:00","0.045","-","1.25"
"2023/12/26","16:00","-0.196","-","1.08"
"2023/12/26","17:00","-0.313","-","1"
"2023/12/26","18:00","-0.239","-","1.06"
"2023/12/26","19:00","0.011","-","1.38"
"2023/12/26","20:00","0.33","-","1.69"
"2023/12/26","21:00","0.595","-","1.94"
"2023/12/26","22:00","0.744","-","2.06"
"2023/12/26","23:00","0.758","-","2.05"
"2023/12/27","00:00","0.639","-","1.93"
"2023/12/27","01:00","0.416","-","1.72"
"2023/12/27","02:00","0.154","-","1.49"
"2023/12/27","03:00","-0.081","-","1.29"
"2023/12/27","04:00","-0.245","-","1.12"
"2023/12/27","05:00","-0.291","-","1.07"
"2023/12/27","06:00","-0.169","-","1.21"
"2023/12/27","07:00","0.123","-","1.59"
"2023/12/27","08:00","0.497","-","1.94"
"2023/12/27","09:00","0.823","-","2.25"
"2023/12/27","10:00","1.024","-","2.38"
"2023/12/27","11:00","1.085","-","2.46"
"2023/12/27","12:00","1.009","-","2.44"
"2023/12/27","13:00","0.811","-","2.3"
"2023/12/27","14:00","0.531","-","2.03"
"2023/12/27","15:00","0.231","-","1.74"
"2023/12/27","16:00","-0.042","-","1.49"
"2023/12/27","17:00","-0.242","-","1.32"
"2023/12/27","18:00","-0.303","-","1.25"
"2023/12/27","19:00","-0.176","-","1.39"
"2023/12/27","20:00","0.101","-","1.72"
"2023/12/27","21:00","0.412","-","2.01"
"2023/12/27","22:00","0.647","-","2.23"
"2023/12/27","23:00","0.758","-","2.33"
"2023/12/28","00:00","0.737","-","2.33"
"2023/12/28","01:00","0.59","-","2.21"
"2023/12/28","02:00","0.352","-","2.02"
"2023/12/28","03:00","0.094","-","1.75"
"2023/12/28","04:00","-0.119","-","1.55"
"2023/12/28","05:00","-0.247","-","1.38"
"2023/12/28","06:00","-0.248","-","1.38"
"2023/12/28","07:00","-0.084","-","1.53"
"2023/12/28","08:00","0.225","-","1.8"
"2023/12/28","09:00","0.58","-","2.15"
"2023/12/28","10:00","0.862","-","2.41"
"2023/12/28","11:00","1.012","-","2.53"
"2023/12/28","12:00","1.028","-","2.56"
"2023/12/28","13:00","0.915","-","2.46"
"2023/12/28","14:00","0.692","-","2.23"
"2023/12/28","15:00","0.407","-","1.94"
"2023/12/28","16:00","0.123","-","1.64"
"2023/12/28","17:00","-0.114","-","1.43"
"2023/12/28","18:00","-0.262","-","1.35"
"2023/12/28","19:00","-0.264","-","1.37"
"2023/12/28","20:00","-0.092","-","1.56"
"2023/12/28","21:00","0.197","-","1.87"
"2023/12/28","22:00","0.486","-","2.13"
"2023/12/28","23:00","0.682","-","2.31"
"2023/12/29","00:00","0.754","-","2.37"
"2023/12/29","01:00","0.699","-","2.35"
"2023/12/29","02:00","0.527","-","2.19"
"2023/12/29","03:00","0.283","-","1.97"
"2023/12/29","04:00","0.04","-","1.72"
"2023/12/29","05:00","-0.14","-","1.56"
"2023/12/29","06:00","-0.224","-","1.5"
"2023/12/29","07:00","-0.18","-","1.61"
"2023/12/29","08:00","0.015","-","1.84"
"2023/12/29","09:00","0.327","-","2.14"
"2023/12/29","10:00","0.648","-","2.4"
"2023/12/29","11:00","0.879","-","2.59"
"2023/12/29","12:00","0.978","-","2.68"
"2023/12/29","13:00","0.951","-","2.64"
"2023/12/29","14:00","0.806","-","2.5"
"2023/12/29","15:00","0.565","-","2.23"
"2023/12/29","16:00","0.286","-","1.93"
"2023/12/29","17:00","0.03","-","1.7"
"2023/12/29","18:00","-0.162","-","1.57"
"2023/12/29","19:00","-0.254","-","1.47"
"2023/12/29","20:00","-0.204","-","1.53"
"2023/12/29","21:00","0","-","1.76"
"2023/12/29","22:00","0.288","-","2"
"2023/12/29","23:00","0.545","-","2.26"
"2023/12/30","00:00","0.7","-","2.31"
"2023/12/30","01:00","0.734","-","2.41"
"2023/12/30","02:00","0.649","-","2.3"
"2023/12/30","03:00","0.46","-","2.02"
"2023/12/30","04:00","0.219","-","1.73"
"2023/12/30","05:00","0.002","-","1.43"
"2023/12/30","06:00","-0.139","-","1.18"
"2023/12/30","07:00","-0.18","-","1.06"
"2023/12/30","08:00","-0.1","-","1.09"
"2023/12/30","09:00","0.114","-","1.29"
"2023/12/30","10:00","0.413","-","1.64"
"2023/12/30","11:00","0.694","-","1.94"
"2023/12/30","12:00","0.871","-","2.14"
"2023/12/30","13:00","0.923","-","2.18"
"2023/12/30","14:00","0.858","-","2.11"
"2023/12/30","15:00","0.688","-","1.9"
"2023/12/30","16:00","0.441","-","1.63"
"2023/12/30","17:00","0.178","-","1.38"
"2023/12/30","18:00","-0.041","-","1.17"
"2023/12/30","19:00","-0.185","-","1.02"
"2023/12/30","20:00","-0.226","-","0.94"
"2023/12/30","21:00","-0.13","-","0.94"
"2023/12/30","22:00","0.096","-","1.08"
"2023/12/30","23:00","0.371","-","1.32"
"2023/12/31","00:00","0.593","-","1.54"
"2023/12/31","01:00","0.706","-","1.66"
"2023/12/31","02:00","0.704","-","1.64"
"2023/12/31","03:00","0.595","-","1.46"
"2023/12/31","04:00","0.399","-","1.2"
"2023/12/31","05:00","0.171","-","1"
"2023/12/31","06:00","-0.015","-","0.85"
"2023/12/31","07:00","-0.12","-","0.75"
"2023/12/31","08:00","-0.128","-","0.71"
"2023/12/31","09:00","-0.023","-","0.75"
"2023/12/31","10:00","0.198","-","0.94"
"2023/12/31","11:00","0.476","-","1.18"
"2023/12/31","12:00","0.712","-","1.43"
"2023/12/31","13:00","0.838","-","1.54"
"2023/12/31","14:00","0.847","-","1.54"
"2023/12/31","15:00","0.754","-","1.46"
"2023/12/31","16:00","0.57","-","1.27"
"2023/12/31","17:00","0.327","-","1"
"2023/12/31","18:00","0.089","-","0.76"
"2023/12/31","19:00","-0.087","-","0.59"
"2023/12/31","20:00","-0.182","-","0.53"
"2023/12/31","21:00","-0.174","-","0.55"
"2023/12/31","22:00","-0.039","-","0.69"
"2023/12/31","23:00","0.198","-","0.96"
"2024/01/01","00:00","0.452","-","1.2"
"2024/01/01","01:00","0.632","-","1.39"
"2024/01/01","02:00","0.704","-","1.48"
"2024/01/01","03:00","0.674","-","1.5"
"2024/01/01","04:00","0.552","-","1.39"
"2024/01/01","05:00","0.359","-","1.23"
"2024/01/01","06:00","0.153","-","1.08"
"2024/01/01","07:00","-0.003","-","1.05"
"2024/01/01","08:00","-0.08","-","1"
"2024/01/01","09:00","-0.068","-","1.03"
"2024/01/01","10:00","0.047","-","1.18"
"2024/01/01","11:00","0.259","-","1.48"
"2024/01/01","12:00","0.502","-","1.72"
"2024/01/01","13:00","0.685","-","1.93"
"2024/01/01","14:00","0.762","-","2.05"
"2024/01/01","15:00","0.739","-","2.05"
"2024/01/01","16:00","0.63","-","1.87"
"2024/01/01","17:00","0.446","-","1.62"
"2024/01/01","18:00","0.221","-","1.35"
"2024/01/01","19:00","0.017","-","1.17"
"2024/01/01","20:00","-0.121","-","0.99"
"2024/01/01","21:00","-0.173","-","0.88"
"2024/01/01","22:00","-0.122","-","0.84"
"2024/01/01","23:00","0.046","-","0.98"