Date,Time (LST),Predicted (ft),Preliminary (ft),Verified (ft)
2024/01/01,00:00,0.452,-,1.2
2024/01/01,01:00,0.632,-,1.39
2024/01/01,02:00,0.704,-,1.48
2024/01/01,03:00,0.674,-,1.5
2024/01/01,04:00,0.552,-,1.39
2024/01/01,05:00,0.359,-,1.23
2024/01/01,06:00,0.153,-,1.08
2024/01/01,07:00,-0.003,-,1.05
2024/01/01,08:00,-0.08,-,1
2024/01/01,09:00,-0.068,-,1.03
2024/01/01,10:00,0.047,-,1.18
2024/01/01,11:00,0.259,-,1.48
2024/01/01,12:00,0.502,-,1.72
2024/01/01,13:00,0.685,-,1.93
2024/01/01,14:00,0.762,-,2.05
2024/01/01,15:00,0.739,-,2.05
2024/01/01,16:00,0.63,-,1.87
2024/01/01,17:00,0.446,-,1.62
2024/01/01,18:00,0.221,-,1.35
2024/01/01,19:00,0.017,-,1.17
2024/01/01,20:00,-0.121,-,0.99
2024/01/01,21:00,-0.173,-,0.88
2024/01/01,22:00,-0.122,-,0.84
2024/01/01,23:00,0.046,-,0.98
2024/01/02,00:00,0.291,-,1.24
2024/01/02,01:00,0.523,-,1.54
2024/01/02,02:00,0.667,-,1.72
2024/01/02,03:00,0.706,-,1.74
2024/01/02,04:00,0.656,-,1.71
2024/01/02,05:00,0.525,-,1.58
2024/01/02,06:00,0.335,-,1.39
2024/01/02,07:00,0.143,-,1.11
2024/01/02,08:00,0.004,-,0.94
2024/01/02,09:00,-0.056,-,0.87
2024/01/02,10:00,-0.031,-,0.96
2024/01/02,11:00,0.092,-,1.16
2024/01/02,12:00,0.296,-,1.4
2024/01/02,13:00,0.508,-,1.59
2024/01/02,14:00,0.649,-,1.69
2024/01/02,15:00,0.689,-,1.78
2024/01/02,16:00,0.646,-,1.7
2024/01/02,17:00,0.53,-,1.54
2024/01/02,18:00,0.348,-,1.36
2024/01/02,19:00,0.138,-,1.19
2024/01/02,20:00,-0.04,-,1.03
2024/01/02,21:00,-0.143,-,0.91
2024/01/02,22:00,-0.156,-,0.91
2024/01/02,23:00,-0.064,-,0.99
2024/01/03,00:00,0.133,-,1.27
2024/01/03,01:00,0.38,-,1.55
2024/01/03,02:00,0.588,-,1.8
2024/01/03,03:00,0.699,-,1.94
2024/01/03,04:00,0.714,-,2
2024/01/03,05:00,0.651,-,1.98
2024/01/03,06:00,0.514,-,1.87
2024/01/03,07:00,0.324,-,1.75
2024/01/03,08:00,0.138,-,1.58
2024/01/03,09:00,0.01,-,1.46
2024/01/03,10:00,-0.041,-,1.4
2024/01/03,11:00,-0.007,-,1.46
2024/01/03,12:00,0.119,-,1.63
2024/01/03,13:00,0.31,-,1.8
2024/01/03,14:00,0.493,-,1.97
2024/01/03,15:00,0.598,-,2.03
2024/01/03,16:00,0.615,-,2.03
2024/01/03,17:00,0.563,-,1.94
2024/01/03,18:00,0.445,-,1.81
2024/01/03,19:00,0.266,-,1.62
2024/01/03,20:00,0.067,-,1.41
2024/01/03,21:00,-0.087,-,1.29
2024/01/03,22:00,-0.158,-,1.19
2024/01/03,23:00,-0.133,-,1.16
2024/01/04,00:00,-0.004,-,1.31
2024/01/04,01:00,0.215,-,1.56
2024/01/04,02:00,0.459,-,1.8
2024/01/04,03:00,0.645,-,1.96
2024/01/04,04:00,0.732,-,2.08
2024/01/04,05:00,0.732,-,2.11
2024/01/04,06:00,0.659,-,2.03
2024/01/04,07:00,0.512,-,1.91
2024/01/04,08:00,0.317,-,1.75
2024/01/04,09:00,0.131,-,1.63
2024/01/04,10:00,0.007,-,1.46
2024/01/04,11:00,-0.038,-,1.31
2024/01/04,12:00,0.001,-,1.33
2024/01/04,13:00,0.126,-,1.43
2024/01/04,14:00,0.305,-,1.43
2024/01/04,15:00,0.464,-,1.59
2024/01/04,16:00,0.548,-,1.59
2024/01/04,17:00,0.555,-,1.67
2024/01/04,18:00,0.5,-,1.5
2024/01/04,19:00,0.379,-,1.42
2024/01/04,20:00,0.199,-,1.19
2024/01/04,21:00,0.008,-,1.04
2024/01/04,22:00,-0.126,-,0.87
2024/01/04,23:00,-0.168,-,0.74
2024/01/05,00:00,-0.11,-,0.76
2024/01/05,01:00,0.049,-,0.95
2024/01/05,02:00,0.285,-,1.23
2024/01/05,03:00,0.527,-,1.44
2024/01/05,04:00,0.698,-,1.57
2024/01/05,05:00,0.771,-,1.65
2024/01/05,06:00,0.761,-,1.59
2024/01/05,07:00,0.676,-,1.5
2024/01/05,08:00,0.514,-,1.34
2024/01/05,09:00,0.306,-,1.13
2024/01/05,10:00,0.117,-,0.94
2024/01/05,11:00,-0.007,-,0.82
2024/01/05,12:00,-0.052,-,0.75
2024/01/05,13:00,-0.012,-,0.84
2024/01/05,14:00,0.114,-,0.96
2024/01/05,15:00,0.287,-,1.15
2024/01/05,16:00,0.436,-,1.27
2024/01/05,17:00,0.513,-,1.34
2024/01/05,18:00,0.519,-,1.38
2024/01/05,19:00,0.461,-,1.34
2024/01/05,20:00,0.332,-,1.26
2024/01/05,21:00,0.144,-,1.12
2024/01/05,22:00,-0.042,-,0.94
2024/01/05,23:00,-0.16,-,0.87
2024/01/06,00:00,-0.178,-,0.87
2024/01/06,01:00,-0.095,-,0.94
2024/01/06,02:00,0.088,-,1.22
2024/01/06,03:00,0.341,-,1.52
2024/01/06,04:00,0.588,-,1.77
2024/01/06,05:00,0.755,-,1.92
2024/01/06,06:00,0.821,-,2.01
2024/01/06,07:00,0.801,-,2.03
2024/01/06,08:00,0.697,-,1.95
2024/01/06,09:00,0.513,-,1.85
2024/01/06,10:00,0.288,-,1.71
2024/01/06,11:00,0.091,-,1.56
2024/01/06,12:00,-0.038,-,1.53
2024/01/06,13:00,-0.086,-,1.54
2024/01/06,14:00,-0.045,-,1.6
2024/01/06,15:00,0.088,-,1.79
2024/01/06,16:00,0.269,-,2.02
2024/01/06,17:00,0.424,-,2.19
2024/01/06,18:00,0.505,-,2.41
2024/01/06,19:00,0.511,-,2.41
2024/01/06,20:00,0.444,-,2.32
2024/01/06,21:00,0.298,-,2.14
2024/01/06,22:00,0.099,-,1.86
2024/01/06,23:00,-0.087,-,1.62
2024/01/07,00:00,-0.194,-,1.48
2024/01/07,01:00,-0.198,-,1.38
2024/01/07,02:00,-0.096,-,1.45
2024/01/07,03:00,0.112,-,1.53
2024/01/07,04:00,0.389,-,1.72
2024/01/07,05:00,0.651,-,1.96
2024/01/07,06:00,0.822,-,2.14
2024/01/07,07:00,0.883,-,2.28
2024/01/07,08:00,0.847,-,2.23
2024/01/07,09:00,0.716,-,2.12
2024/01/07,10:00,0.504,-,1.9
2024/01/07,11:00,0.26,-,1.67
2024/01/07,12:00,0.049,-,1.49
2024/01/07,13:00,-0.09,-,1.42
2024/01/07,14:00,-0.143,-,1.3
2024/01/07,15:00,-0.094,-,1.32
2024/01/07,16:00,0.06,-,1.43
2024/01/07,17:00,0.265,-,1.63
2024/01/07,18:00,0.437,-,1.82
2024/01/07,19:00,0.525,-,2.02
2024/01/07,20:00,0.526,-,2.04
2024/01/07,21:00,0.442,-,1.93
2024/01/07,22:00,0.273,-,1.71
2024/01/07,23:00,0.058,-,1.53
2024/01/08,00:00,-0.132,-,1.39
2024/01/08,01:00,-0.236,-,1.26
2024/01/08,02:00,-0.233,-,1.18
2024/01/08,03:00,-0.111,-,1.22
2024/01/08,04:00,0.13,-,1.43
2024/01/08,05:00,0.441,-,1.7
2024/01/08,06:00,0.724,-,2.02
2024/01/08,07:00,0.9,-,2.17
2024/01/08,08:00,0.951,-,2.23
2024/01/08,09:00,0.891,-,2.19
2024/01/08,10:00,0.729,-,2.03
2024/01/08,11:00,0.485,-,1.84
2024/01/08,12:00,0.217,-,1.59
2024/01/08,13:00,-0.011,-,1.35
2024/01/08,14:00,-0.164,-,1.21
2024/01/08,15:00,-0.218,-,1.16
2024/01/08,16:00,-0.146,-,1.16
2024/01/08,17:00,0.046,-,1.35
2024/01/08,18:00,0.287,-,1.6
2024/01/08,19:00,0.478,-,1.79
2024/01/08,20:00,0.568,-,1.88
2024/01/08,21:00,0.555,-,1.85
2024/01/08,22:00,0.445,-,1.67
2024/01/08,23:00,0.25,-,1.49
2024/01/09,00:00,0.015,-,1.3
2024/01/09,01:00,-0.184,-,1.13
2024/01/09,02:00,-0.292,-,1.05
2024/01/09,03:00,-0.281,-,1.05
2024/01/09,04:00,-0.132,-,1.25
2024/01/09,05:00,0.153,-,1.67
2024/01/09,06:00,0.505,-,2.12
2024/01/09,07:00,0.81,-,2.43
2024/01/09,08:00,0.984,-,2.56
2024/01/09,09:00,1.017,-,2.64
2024/01/09,10:00,0.927,-,2.61
2024/01/09,11:00,0.729,-,2.55
2024/01/09,12:00,0.452,-,2.36
2024/01/09,13:00,0.157,-,2.1
2024/01/09,14:00,-0.092,-,1.89
2024/01/09,15:00,-0.254,-,1.78
2024/01/09,16:00,-0.296,-,1.93
2024/01/09,17:00,-0.184,-,2.15
2024/01/09,18:00,0.058,-,2.51
2024/01/09,19:00,0.335,-,2.7
2024/01/09,20:00,0.539,-,2.89
2024/01/09,21:00,0.621,-,2.93
2024/01/09,22:00,0.587,-,2.83
2024/01/09,23:00,0.448,-,3.08
2024/01/10,00:00,0.223,-,3.01
2024/01/10,01:00,-0.034,-,2.87
2024/01/10,02:00,-0.247,-,2.59
2024/01/10,03:00,-0.357,-,2.41
2024/01/10,04:00,-0.331,-,2.25
2024/01/10,05:00,-0.144,-,2.33
2024/01/10,06:00,0.19,-,2.81
2024/01/10,07:00,0.581,-,2.94
2024/01/10,08:00,0.898,-,3.33
2024/01/10,09:00,1.061,-,3.4
2024/01/10,10:00,1.069,-,3.41
2024/01/10,11:00,0.946,-,3.12
2024/01/10,12:00,0.711,-,2.69
2024/01/10,13:00,0.401,-,2.28
2024/01/10,14:00,0.079,-,1.96
2024/01/10,15:00,-0.186,-,1.68
2024/01/10,16:00,-0.346,-,1.5
2024/01/10,17:00,-0.357,-,1.34
2024/01/10,18:00,-0.194,-,1.35
2024/01/10,19:00,0.1,-,1.49
2024/01/10,20:00,0.406,-,1.74
2024/01/10,21:00,0.611,-,1.89
2024/01/10,22:00,0.676,-,1.93
2024/01/10,23:00,0.616,-,1.73
2024/01/11,00:00,0.446,-,1.5
2024/01/11,01:00,0.19,-,1.25
2024/01/11,02:00,-0.089,-,1.02
2024/01/11,03:00,-0.312,-,0.82
2024/01/11,04:00,-0.419,-,0.7
2024/01/11,05:00,-0.369,-,0.72
2024/01/11,06:00,-0.139,-,0.91
2024/01/11,07:00,0.241,-,1.32
2024/01/11,08:00,0.657,-,1.74
2024/01/11,09:00,0.972,-,2.03
2024/01/11,10:00,1.115,-,2.14
2024/01/11,11:00,1.095,-,2.15
2024/01/11,12:00,0.94,-,2.03
2024/01/11,13:00,0.67,-,1.73
2024/01/11,14:00,0.329,-,1.33
2024/01/11,15:00,-0.011,-,0.93
2024/01/11,16:00,-0.279,-,0.65
2024/01/11,17:00,-0.421,-,0.52
2024/01/11,18:00,-0.389,-,0.57
2024/01/11,19:00,-0.171,-,0.8
2024/01/11,20:00,0.166,-,1.16
2024/01/11,21:00,0.487,-,1.48
2024/01/11,22:00,0.683,-,1.68
2024/01/11,23:00,0.728,-,1.72
2024/01/12,00:00,0.64,-,1.65
2024/01/12,01:00,0.439,-,1.5
2024/01/12,02:00,0.156,-,1.26
2024/01/12,03:00,-0.14,-,1.04
2024/01/12,04:00,-0.367,-,0.86
2024/01/12,05:00,-0.463,-,0.77
2024/01/12,06:00,-0.385,-,0.88
2024/01/12,07:00,-0.116,-,1.16
2024/01/12,08:00,0.295,-,1.55
2024/01/12,09:00,0.718,-,1.91
2024/01/12,10:00,1.018,-,2.16
2024/01/12,11:00,1.135,-,2.28
2024/01/12,12:00,1.087,-,2.29
2024/01/12,13:00,0.902,-,2.13
2024/01/12,14:00,0.603,-,1.84
2024/01/12,15:00,0.242,-,1.47
2024/01/12,16:00,-0.102,-,1.17
2024/01/12,17:00,-0.357,-,1.02
2024/01/12,18:00,-0.466,-,0.9
2024/01/12,19:00,-0.386,-,1.11
2024/01/12,20:00,-0.118,-,1.5
2024/01/12,21:00,0.248,-,1.89
2024/01/12,22:00,0.572,-,2.14
2024/01/12,23:00,0.751,-,2.42
2024/01/13,00:00,0.773,-,2.4
2024/01/13,01:00,0.659,-,2.32
2024/01/13,02:00,0.431,-,2.24
2024/01/13,03:00,0.128,-,2.07
2024/01/13,04:00,-0.175,-,1.87
2024/01/13,05:00,-0.397,-,1.69
2024/01/13,06:00,-0.478,-,1.56
2024/01/13,07:00,-0.377,-,1.65
2024/01/13,08:00,-0.084,-,1.88
2024/01/13,09:00,0.338,-,2.3
2024/01/13,10:00,0.75,-,2.71
2024/01/13,11:00,1.024,-,2.93
2024/01/13,12:00,1.113,-,2.95
2024/01/13,13:00,1.04,-,2.91
2024/01/13,14:00,0.831,-,2.7
2024/01/13,15:00,0.514,-,2.38
2024/01/13,16:00,0.15,-,2.02
2024/01/13,17:00,-0.182,-,1.75
2024/01/13,18:00,-0.409,-,1.51
2024/01/13,19:00,-0.479,-,1.36
2024/01/13,20:00,-0.353,-,1.34
2024/01/13,21:00,-0.047,-,1.54
2024/01/13,22:00,0.336,-,1.9
2024/01/13,23:00,0.652,-,2.19
2024/01/14,00:00,0.812,-,2.32
2024/01/14,01:00,0.812,-,2.23
2024/01/14,02:00,0.677,-,2.03
2024/01/14,03:00,0.431,-,1.75
2024/01/14,04:00,0.118,-,1.43
2024/01/14,05:00,-0.182,-,1.16
2024/01/14,06:00,-0.395,-,0.94
2024/01/14,07:00,-0.465,-,0.83
2024/01/14,08:00,-0.354,-,0.9
2024/01/14,09:00,-0.055,-,1.1
2024/01/14,10:00,0.359,-,1.47
2024/01/14,11:00,0.746,-,1.83
2024/01/14,12:00,0.987,-,1.97
2024/01/14,13:00,1.049,-,2
2024/01/14,14:00,0.956,-,1.95
2024/01/14,15:00,0.734,-,1.89
2024/01/14,16:00,0.415,-,1.8
2024/01/14,17:00,0.063,-,1.59
2024/01/14,18:00,-0.241,-,1.13
2024/01/14,19:00,-0.433,-,0.88
2024/01/14,20:00,-0.465,-,0.81
2024/01/14,21:00,-0.301,-,0.98
2024/01/14,22:00,0.034,-,1.08
2024/01/14,23:00,0.422,-,1.16
2024/01/15,00:00,0.724,-,1.47
2024/01/15,01:00,0.863,-,1.68
2024/01/15,02:00,0.846,-,1.66
2024/01/15,03:00,0.698,-,1.53
2024/01/15,04:00,0.444,-,1.18
2024/01/15,05:00,0.134,-,0.86
2024/01/15,06:00,-0.158,-,0.61
2024/01/15,07:00,-0.363,-,0.48
2024/01/15,08:00,-0.432,-,0.44
2024/01/15,09:00,-0.324,-,0.48
2024/01/15,10:00,-0.036,-,0.78
2024/01/15,11:00,0.355,-,1.1
2024/01/15,12:00,0.707,-,1.39
2024/01/15,13:00,0.913,-,1.5
2024/01/15,14:00,0.951,-,1.58
2024/01/15,15:00,0.846,-,1.56
2024/01/15,16:00,0.624,-,1.4
2024/01/15,17:00,0.318,-,1.14
2024/01/15,18:00,-0.007,-,0.78
2024/01/15,19:00,-0.277,-,0.53
2024/01/15,20:00,-0.435,-,0.43
2024/01/15,21:00,-0.432,-,0.48
2024/01/15,22:00,-0.237,-,0.68
2024/01/15,23:00,0.114,-,1.04
2024/01/16,00:00,0.498,-,1.42
2024/01/16,01:00,0.78,-,1.73
2024/01/16,02:00,0.901,-,1.81
2024/01/16,03:00,0.873,-,1.86
2024/01/16,04:00,0.722,-,1.8
2024/01/16,05:00,0.473,-,1.56
2024/01/16,06:00,0.174,-,1.39
2024/01/16,07:00,-0.108,-,1.16
2024/01/16,08:00,-0.311,-,0.99
2024/01/16,09:00,-0.389,-,0.94
2024/01/16,10:00,-0.296,-,1.12
2024/01/16,11:00,-0.028,-,1.41
2024/01/16,12:00,0.329,-,1.79
2024/01/16,13:00,0.641,-,2.06
2024/01/16,14:00,0.813,-,2.31
2024/01/16,15:00,0.834,-,2.39
2024/01/16,16:00,0.73,-,2.37
2024/01/16,17:00,0.52,-,2.11
2024/01/16,18:00,0.236,-,1.73
2024/01/16,19:00,-0.057,-,1.45
2024/01/16,20:00,-0.294,-,1.18
2024/01/16,21:00,-0.421,-,1.1
2024/01/16,22:00,-0.389,-,1.12
2024/01/16,23:00,-0.171,-,1.26
2024/01/17,00:00,0.186,-,1.62
2024/01/17,01:00,0.556,-,1.88
2024/01/17,02:00,0.816,-,2.12
2024/01/17,03:00,0.922,-,2.17
2024/01/17,04:00,0.894,-,2.19
2024/01/17,05:00,0.752,-,1.94
2024/01/17,06:00,0.515,-,1.78
2024/01/17,07:00,0.228,-,1.5
2024/01/17,08:00,-0.046,-,1.14
2024/01/17,09:00,-0.253,-,0.91
2024/01/17,10:00,-0.344,-,0.81
2024/01/17,11:00,-0.27,-,0.91
2024/01/17,12:00,-0.031,-,1.16
2024/01/17,13:00,0.288,-,1.41
2024/01/17,14:00,0.559,-,1.64
2024/01/17,15:00,0.704,-,1.75
2024/01/17,16:00,0.72,-,1.8
2024/01/17,17:00,0.627,-,1.68
2024/01/17,18:00,0.435,-,1.49
2024/01/17,19:00,0.176,-,1.19
2024/01/17,20:00,-0.088,-,0.92
2024/01/17,21:00,-0.295,-,0.71
2024/01/17,22:00,-0.395,-,0.62
2024/01/17,23:00,-0.342,-,0.52
2024/01/18,00:00,-0.112,-,0.63
2024/01/18,01:00,0.241,-,0.9
2024/01/18,02:00,0.589,-,1.31
2024/01/18,03:00,0.828,-,1.56
2024/01/18,04:00,0.93,-,1.62
2024/01/18,05:00,0.91,-,1.6
2024/01/18,06:00,0.782,-,1.43
2024/01/18,07:00,0.559,-,1.26
2024/01/18,08:00,0.283,-,0.98
2024/01/18,09:00,0.015,-,0.78
2024/01/18,10:00,-0.198,-,0.58
2024/01/18,11:00,-0.303,-,0.5
2024/01/18,12:00,-0.251,-,0.49
2024/01/18,13:00,-0.041,-,0.6
2024/01/18,14:00,0.24,-,0.84
2024/01/18,15:00,0.476,-,0.99
2024/01/18,16:00,0.606,-,1.1
2024/01/18,17:00,0.629,-,1.03
2024/01/18,18:00,0.551,-,0.89
2024/01/18,19:00,0.377,-,0.69
2024/01/18,20:00,0.138,-,0.49
2024/01/18,21:00,-0.101,-,0.29
2024/01/18,22:00,-0.284,-,0.15
2024/01/18,23:00,-0.365,-,0.07
2024/01/19,00:00,-0.299,-,0.1
2024/01/19,01:00,-0.067,-,0.32
2024/01/19,02:00,0.271,-,0.75
2024/01/19,03:00,0.597,-,1.05
2024/01/19,04:00,0.823,-,1.23
2024/01/19,05:00,0.927,-,1.36
2024/01/19,06:00,0.922,-,1.35
2024/01/19,07:00,0.807,-,1.31
2024/01/19,08:00,0.594,-,1.14
2024/01/19,09:00,0.328,-,0.9
2024/01/19,10:00,0.064,-,0.64
2024/01/19,11:00,-0.154,-,0.5
2024/01/19,12:00,-0.272,-,0.42
2024/01/19,13:00,-0.24,-,0.39
2024/01/19,14:00,-0.057,-,0.53
2024/01/19,15:00,0.194,-,0.84
2024/01/19,16:00,0.41,-,1.02
2024/01/19,17:00,0.54,-,1.03
2024/01/19,18:00,0.574,-,0.99
2024/01/19,19:00,0.509,-,0.8
2024/01/19,20:00,0.345,-,0.62
2024/01/19,21:00,0.121,-,0.33
2024/01/19,22:00,-0.101,-,0.1
2024/01/19,23:00,-0.267,-,0.07
2024/01/20,00:00,-0.337,-,0.12
2024/01/20,01:00,-0.267,-,0.14
2024/01/20,02:00,-0.042,-,0.42
2024/01/20,03:00,0.28,-,0.73
2024/01/20,04:00,0.589,-,1.01
2024/01/20,05:00,0.81,-,1.28
2024/01/20,06:00,0.923,-,1.45
2024/01/20,07:00,0.929,-,1.53
2024/01/20,08:00,0.821,-,1.43
2024/01/20,09:00,0.613,-,1.18
2024/01/20,10:00,0.353,-,0.86
2024/01/20,11:00,0.093,-,0.54
2024/01/20,12:00,-0.129,-,0.45
2024/01/20,13:00,-0.259,-,0.39
2024/01/20,14:00,-0.241,-,0.36
2024/01/20,15:00,-0.074,-,0.48
2024/01/20,16:00,0.163,-,0.68
2024/01/20,17:00,0.376,-,0.83
2024/01/20,18:00,0.514,-,0.98
2024/01/20,19:00,0.559,-,1.02
2024/01/20,20:00,0.498,-,0.89
2024/01/20,21:00,0.334,-,0.63
2024/01/20,22:00,0.116,-,0.36
2024/01/20,23:00,-0.094,-,0.14
2024/01/21,00:00,-0.251,-,-0.07
2024/01/21,01:00,-0.318,-,-0.15
2024/01/21,02:00,-0.251,-,-0.24
2024/01/21,03:00,-0.032,-,-0.17
2024/01/21,04:00,0.28,-,0.07
2024/01/21,05:00,0.582,-,0.37
2024/01/21,06:00,0.803,-,0.63
2024/01/21,07:00,0.923,-,0.7
2024/01/21,08:00,0.93,-,0.72
2024/01/21,09:00,0.819,-,0.59
2024/01/21,10:00,0.609,-,0.51
2024/01/21,11:00,0.353,-,0.31
2024/01/21,12:00,0.094,-,0
2024/01/21,13:00,-0.133,-,-0.13
2024/01/21,14:00,-0.269,-,-0.25
2024/01/21,15:00,-0.252,-,-0.24
2024/01/21,16:00,-0.082,-,-0.07
2024/01/21,17:00,0.16,-,0.16
2024/01/21,18:00,0.381,-,0.37
2024/01/21,19:00,0.527,-,0.46
2024/01/21,20:00,0.574,-,0.51
2024/01/21,21:00,0.505,-,0.53
2024/01/21,22:00,0.334,-,0.37
2024/01/21,23:00,0.115,-,0.22
2024/01/22,00:00,-0.09,-,-0.04
2024/01/22,01:00,-0.246,-,-0.13
2024/01/22,02:00,-0.315,-,-0.18
2024/01/22,03:00,-0.247,-,-0.01
2024/01/22,04:00,-0.025,-,0.24
2024/01/22,05:00,0.289,-,0.56
2024/01/22,06:00,0.591,-,0.84
2024/01/22,07:00,0.812,-,1.02
2024/01/22,08:00,0.927,-,1.13
2024/01/22,09:00,0.923,-,1.16
2024/01/22,10:00,0.798,-,1.1
2024/01/22,11:00,0.581,-,0.93
2024/01/22,12:00,0.323,-,0.73
2024/01/22,13:00,0.062,-,0.48
2024/01/22,14:00,-0.167,-,0.34
2024/01/22,15:00,-0.296,-,0.25
2024/01/22,16:00,-0.26,-,0.17
2024/01/22,17:00,-0.068,-,0.35
2024/01/22,18:00,0.193,-,0.59
2024/01/22,19:00,0.423,-,0.84
2024/01/22,20:00,0.569,-,1.03
2024/01/22,21:00,0.604,-,1.06
2024/01/22,22:00,0.517,-,1.02
2024/01/22,23:00,0.331,-,0.86
2024/01/23,00:00,0.107,-,0.68
2024/01/23,01:00,-0.1,-,0.48
2024/01/23,02:00,-0.257,-,0.32
2024/01/23,03:00,-0.323,-,0.25
2024/01/23,04:00,-0.241,-,0.28
2024/01/23,05:00,0,-,0.51
2024/01/23,06:00,0.324,-,0.84
2024/01/23,07:00,0.625,-,1.14
2024/01/23,08:00,0.836,-,1.3
2024/01/23,09:00,0.933,-,1.35
2024/01/23,10:00,0.905,-,1.3
2024/01/23,11:00,0.757,-,1.18
2024/01/23,12:00,0.526,-,0.9
2024/01/23,13:00,0.26,-,0.61
2024/01/23,14:00,-0.004,-,0.36
2024/01/23,15:00,-0.224,-,0.16
2024/01/23,16:00,-0.327,-,0.01
2024/01/23,17:00,-0.251,-,0.01
2024/01/23,18:00,-0.022,-,0.15
2024/01/23,19:00,0.258,-,0.41
2024/01/23,20:00,0.49,-,0.63
2024/01/23,21:00,0.623,-,0.76
2024/01/23,22:00,0.634,-,0.76
2024/01/23,23:00,0.52,-,0.64
2024/01/24,00:00,0.314,-,0.42
2024/01/24,01:00,0.081,-,0.24
2024/01/24,02:00,-0.129,-,0.05
2024/01/24,03:00,-0.281,-,-0.1
2024/01/24,04:00,-0.328,-,-0.13
2024/01/24,05:00,-0.214,-,-0.06
2024/01/24,06:00,0.055,-,0.26
2024/01/24,07:00,0.39,-,0.59
2024/01/24,08:00,0.681,-,0.86
2024/01/24,09:00,0.867,-,0.99
2024/01/24,10:00,0.933,-,1.05
2024/01/24,11:00,0.87,-,1.06
2024/01/24,12:00,0.692,-,0.92
2024/01/24,13:00,0.44,-,0.7
2024/01/24,14:00,0.166,-,0.42
2024/01/24,15:00,-0.093,-,0.23
2024/01/24,16:00,-0.288,-,0.13
2024/01/24,17:00,-0.342,-,0.14
2024/01/24,18:00,-0.21,-,0.32
2024/01/24,19:00,0.057,-,0.65
2024/01/24,20:00,0.348,-,0.92
2024/01/24,21:00,0.566,-,1.12
2024/01/24,22:00,0.672,-,1.22
2024/01/24,23:00,0.65,-,1.2
2024/01/25,00:00,0.504,-,1.09
2024/01/25,01:00,0.276,-,0.88
2024/01/25,02:00,0.034,-,0.68
2024/01/25,03:00,-0.172,-,0.52
2024/01/25,04:00,-0.305,-,0.44
2024/01/25,05:00,-0.314,-,0.49
2024/01/25,06:00,-0.155,-,0.71
2024/01/25,07:00,0.144,-,1.08
2024/01/25,08:00,0.478,-,1.37
2024/01/25,09:00,0.744,-,1.62
2024/01/25,10:00,0.893,-,1.79
2024/01/25,11:00,0.917,-,1.82
2024/01/25,12:00,0.812,-,1.76
2024/01/25,13:00,0.599,-,1.57
2024/01/25,14:00,0.327,-,1.33
2024/01/25,15:00,0.051,-,1.06
2024/01/25,16:00,-0.187,-,0.86
2024/01/25,17:00,-0.335,-,0.75
2024/01/25,18:00,-0.323,-,0.72
2024/01/25,19:00,-0.133,-,0.86
2024/01/25,20:00,0.163,-,1.15
2024/01/25,21:00,0.447,-,1.38
2024/01/25,22:00,0.637,-,1.58
2024/01/25,23:00,0.705,-,1.6
2024/01/26,00:00,0.644,-,1.54
2024/01/26,01:00,0.464,-,1.36
2024/01/26,02:00,0.216,-,1.12
2024/01/26,03:00,-0.027,-,0.9
2024/01/26,04:00,-0.215,-,0.69
2024/01/26,05:00,-0.311,-,0.6
2024/01/26,06:00,-0.27,-,0.65
2024/01/26,07:00,-0.064,-,0.88
2024/01/26,08:00,0.253,-,1.17
2024/01/26,09:00,0.572,-,1.44
2024/01/26,10:00,0.798,-,1.68
2024/01/26,11:00,0.9,-,1.78
2024/01/26,12:00,0.875,-,1.77
2024/01/26,13:00,0.726,-,1.63
2024/01/26,14:00,0.48,-,1.48
2024/01/26,15:00,0.196,-,1.18
2024/01/26,16:00,-0.065,-,0.92
2024/01/26,17:00,-0.262,-,0.75
2024/01/26,18:00,-0.346,-,0.76
2024/01/26,19:00,-0.264,-,0.91
2024/01/26,20:00,-0.024,-,1.18
2024/01/26,21:00,0.283,-,1.47
2024/01/26,22:00,0.543,-,1.74
2024/01/26,23:00,0.693,-,1.93
2024/01/27,00:00,0.717,-,2.01
2024/01/27,01:00,0.613,-,1.98
2024/01/27,02:00,0.402,-,1.78
2024/01/27,03:00,0.144,-,1.49
2024/01/27,04:00,-0.087,-,1.3
2024/01/27,05:00,-0.242,-,1.11
2024/01/27,06:00,-0.29,-,1.06
2024/01/27,07:00,-0.196,-,1.18
2024/01/27,08:00,0.046,-,1.44
2024/01/27,09:00,0.365,-,1.76
2024/01/27,10:00,0.65,-,2.04
2024/01/27,11:00,0.826,-,2.23
2024/01/27,12:00,0.876,-,2.31
2024/01/27,13:00,0.802,-,2.25
2024/01/27,14:00,0.612,-,2.03
2024/01/27,15:00,0.343,-,1.8
2024/01/27,16:00,0.065,-,1.53
2024/01/27,17:00,-0.162,-,1.33
2024/01/27,18:00,-0.302,-,1.21
2024/01/27,19:00,-0.315,-,1.27
2024/01/27,20:00,-0.168,-,1.47
2024/01/27,21:00,0.105,-,1.67
2024/01/27,22:00,0.404,-,1.94
2024/01/27,23:00,0.626,-,2.23
2024/01/28,00:00,0.728,-,2.34
2024/01/28,01:00,0.706,-,2.34
2024/01/28,02:00,0.563,-,2.29
2024/01/28,03:00,0.329,-,2.11
2024/01/28,04:00,0.074,-,1.95
2024/01/28,05:00,-0.13,-,1.77
2024/01/28,06:00,-0.242,-,1.67
2024/01/28,07:00,-0.241,-,1.83
2024/01/28,08:00,-0.103,-,2.11
2024/01/28,09:00,0.158,-,2.3
2024/01/28,10:00,0.46,-,2.59
2024/01/28,11:00,0.7,-,2.81
2024/01/28,12:00,0.82,-,2.89
2024/01/28,13:00,0.817,-,2.87
2024/01/28,14:00,0.699,-,2.75
2024/01/28,15:00,0.478,-,2.49
2024/01/28,16:00,0.205,-,2.23
2024/01/28,17:00,-0.048,-,2.05
2024/01/28,18:00,-0.226,-,1.91
2024/01/28,19:00,-0.301,-,1.86
2024/01/28,20:00,-0.246,-,1.87
2024/01/28,21:00,-0.048,-,2.03
2024/01/28,22:00,0.242,-,2.28
2024/01/28,23:00,0.517,-,2.54
2024/01/29,00:00,0.692,-,2.73
2024/01/29,01:00,0.742,-,2.76
2024/01/29,02:00,0.675,-,2.68
2024/01/29,03:00,0.501,-,2.52
2024/01/29,04:00,0.259,-,2.3
2024/01/29,05:00,0.02,-,2.2
2024/01/29,06:00,-0.147,-,1.96
2024/01/29,07:00,-0.216,-,1.85
2024/01/29,08:00,-0.173,-,1.9
2024/01/29,09:00,-0.006,-,2
2024/01/29,10:00,0.256,-,2.29
2024/01/29,11:00,0.528,-,2.59
2024/01/29,12:00,0.713,-,2.83
2024/01/29,13:00,0.777,-,2.92
2024/01/29,14:00,0.727,-,2.84
2024/01/29,15:00,0.575,-,2.68
2024/01/29,16:00,0.341,-,2.43
2024/01/29,17:00,0.081,-,2.13
2024/01/29,18:00,-0.131,-,1.93
2024/01/29,19:00,-0.253,-,1.77
2024/01/29,20:00,-0.265,-,1.7
2024/01/29,21:00,-0.151,-,1.76
2024/01/29,22:00,0.085,-,1.95
2024/01/29,23:00,0.374,-,2.2
2024/01/30,00:00,0.613,-,2.44
2024/01/30,01:00,0.736,-,2.63
2024/01/30,02:00,0.737,-,2.6
2024/01/30,03:00,0.634,-,2.44
2024/01/30,04:00,0.441,-,2.2
2024/01/30,05:00,0.203,-,2
2024/01/30,06:00,-0.009,-,1.81
2024/01/30,07:00,-0.14,-,1.69
2024/01/30,08:00,-0.173,-,1.65
2024/01/30,09:00,-0.1,-,1.8
2024/01/30,10:00,0.081,-,2.02
2024/01/30,11:00,0.333,-,2.27
2024/01/30,12:00,0.563,-,2.49
2024/01/30,13:00,0.693,-,2.6
2024/01/30,14:00,0.705,-,2.62
2024/01/30,15:00,0.618,-,2.54
2024/01/30,16:00,0.447,-,2.37
2024/01/30,17:00,0.217,-,2.16
2024/01/30,18:00,-0.016,-,1.94
2024/01/30,19:00,-0.182,-,1.82
2024/01/30,20:00,-0.248,-,1.8
2024/01/30,21:00,-0.205,-,1.88
2024/01/30,22:00,-0.043,-,2.06
2024/01/30,23:00,0.216,-,2.33
2024/01/31,00:00,0.492,-,2.62
2024/01/31,01:00,0.688,-,2.84
2024/01/31,02:00,0.759,-,2.96
2024/01/31,03:00,0.718,-,2.97
2024/01/31,04:00,0.59,-,2.84
2024/01/31,05:00,0.392,-,2.67
2024/01/31,06:00,0.168,-,2.48
2024/01/31,07:00,-0.017,-,2.36
2024/01/31,08:00,-0.118,-,2.27
2024/01/31,09:00,-0.125,-,2.25
2024/01/31,10:00,-0.033,-,2.32
2024/01/31,11:00,0.153,-,2.53
2024/01/31,12:00,0.383,-,2.74
2024/01/31,13:00,0.568,-,2.88
2024/01/31,14:00,0.645,-,2.9
2024/01/31,15:00,0.617,-,2.9
2024/01/31,16:00,0.508,-,2.78
2024/01/31,17:00,0.334,-,2.6
2024/01/31,18:00,0.118,-,2.43
2024/01/31,19:00,-0.082,-,2.26
2024/01/31,20:00,-0.204,-,2.17
2024/01/31,21:00,-0.223,-,2.07
2024/01/31,22:00,-0.133,-,2.1
2024/01/31,23:00,0.065,-,2.28
2024/02/01,00:00,0.334,-,2.5
2024/02/01,01:00,0.587,-,2.69
2024/02/01,02:00,0.738,-,2.85
2024/02/01,03:00,0.764,-,2.87
2024/02/01,04:00,0.695,-,2.77
2024/02/01,05:00,0.556,-,2.63
2024/02/01,06:00,0.361,-,2.4
2024/02/01,07:00,0.152,-,2.21
2024/02/01,08:00,-0.011,-,2.01
2024/02/01,09:00,-0.09,-,1.89
2024/02/01,10:00,-0.081,-,1.86
2024/02/01,11:00,0.02,-,1.95
2024/02/01,12:00,0.203,-,2.1
2024/02/01,13:00,0.407,-,2.29
2024/02/01,14:00,0.549,-,2.41
2024/02/01,15:00,0.585,-,2.45
2024/02/01,16:00,0.532,-,2.36
2024/02/01,17:00,0.417,-,2.2
2024/02/01,18:00,0.248,-,1.99
2024/02/01,19:00,0.049,-,1.79
2024/02/01,20:00,-0.122,-,1.64
2024/02/01,21:00,-0.207,-,1.55
2024/02/01,22:00,-0.187,-,1.46
2024/02/01,23:00,-0.061,-,1.54
2024/02/02,00:00,0.161,-,1.75
2024/02/02,01:00,0.43,-,2.03
2024/02/02,02:00,0.655,-,2.24
2024/02/02,03:00,0.766,-,2.35
2024/02/02,04:00,0.763,-,2.33
2024/02/02,05:00,0.681,-,2.26
2024/02/02,06:00,0.538,-,2.1
2024/02/02,07:00,0.347,-,1.89
2024/02/02,08:00,0.148,-,1.68
2024/02/02,09:00,-0.001,-,1.54
2024/02/02,10:00,-0.068,-,1.42
2024/02/02,11:00,-0.051,-,1.4
2024/02/02,12:00,0.054,-,1.48
2024/02/02,13:00,0.228,-,1.62
2024/02/02,14:00,0.408,-,1.83
2024/02/02,15:00,0.516,-,2
2024/02/02,16:00,0.528,-,2.05
2024/02/02,17:00,0.468,-,1.88
2024/02/02,18:00,0.355,-,1.77
2024/02/02,19:00,0.193,-,1.54
2024/02/02,20:00,0.007,-,1.33
2024/02/02,21:00,-0.143,-,1.18
2024/02/02,22:00,-0.201,-,1.11
2024/02/02,23:00,-0.153,-,1.17
2024/02/03,00:00,-0.003,-,1.33
2024/02/03,01:00,0.233,-,1.59
2024/02/03,02:00,0.497,-,1.9
2024/02/03,03:00,0.699,-,2.11
2024/02/03,04:00,0.786,-,2.21
2024/02/03,05:00,0.77,-,2.27
2024/02/03,06:00,0.684,-,2.28
2024/02/03,07:00,0.54,-,2.22
2024/02/03,08:00,0.347,-,2.05
2024/02/03,09:00,0.15,-,1.85
2024/02/03,10:00,0.005,-,1.69
2024/02/03,11:00,-0.06,-,1.59
2024/02/03,12:00,-0.042,-,1.61
2024/02/03,13:00,0.061,-,1.74
2024/02/03,14:00,0.228,-,1.93
2024/02/03,15:00,0.392,-,2.09
2024/02/03,16:00,0.486,-,2.2
2024/02/03,17:00,0.493,-,2.24
2024/02/03,18:00,0.437,-,2.21
2024/02/03,19:00,0.328,-,2.09
2024/02/03,20:00,0.167,-,1.97
2024/02/03,21:00,-0.016,-,1.8
2024/02/03,22:00,-0.154,-,1.68
2024/02/03,23:00,-0.196,-,1.66
2024/02/04,00:00,-0.133,-,1.72
2024/02/04,01:00,0.032,-,1.94
2024/02/04,02:00,0.276,-,2.24
2024/02/04,03:00,0.538,-,2.48
2024/02/04,04:00,0.732,-,2.7
2024/02/04,05:00,0.813,-,2.79
2024/02/04,06:00,0.797,-,2.82
2024/02/04,07:00,0.711,-,2.71
2024/02/04,08:00,0.559,-,2.55
2024/02/04,09:00,0.355,-,2.36
2024/02/04,10:00,0.15,-,2.15
2024/02/04,11:00,-0.001,-,1.98
2024/02/04,12:00,-0.073,-,1.89
2024/02/04,13:00,-0.062,-,1.89
2024/02/04,14:00,0.04,-,2.04
2024/02/04,15:00,0.208,-,2.21
2024/02/04,16:00,0.375,-,2.37
2024/02/04,17:00,0.474,-,2.48
2024/02/04,18:00,0.491,-,2.53
2024/02/04,19:00,0.442,-,2.51
2024/02/04,20:00,0.331,-,2.41
2024/02/04,21:00,0.16,-,2.27
2024/02/04,22:00,-0.029,-,2.1
2024/02/04,23:00,-0.165,-,1.95
2024/02/05,00:00,-0.204,-,1.9
2024/02/05,01:00,-0.136,-,1.96
2024/02/05,02:00,0.036,-,2.14
2024/02/05,03:00,0.292,-,2.45
2024/02/05,04:00,0.566,-,2.69
2024/02/05,05:00,0.77,-,2.87
2024/02/05,06:00,0.86,-,2.98
2024/02/05,07:00,0.85,-,3.03
2024/02/05,08:00,0.758,-,2.96
2024/02/05,09:00,0.589,-,2.76
2024/02/05,10:00,0.363,-,2.55
2024/02/05,11:00,0.14,-,2.32
2024/02/05,12:00,-0.027,-,2.13
2024/02/05,13:00,-0.116,-,2.07
2024/02/05,14:00,-0.112,-,2.05
2024/02/05,15:00,-0.004,-,2.15
2024/02/05,16:00,0.184,-,2.4
2024/02/05,17:00,0.373,-,2.6
2024/02/05,18:00,0.494,-,2.78
2024/02/05,19:00,0.525,-,2.85
2024/02/05,20:00,0.478,-,2.79
2024/02/05,21:00,0.354,-,2.64
2024/02/05,22:00,0.163,-,2.43
2024/02/05,23:00,-0.041,-,2.26
2024/02/06,00:00,-0.187,-,2.13
2024/02/06,01:00,-0.234,-,2.1
2024/02/06,02:00,-0.17,-,2.2
2024/02/06,03:00,0.013,-,2.43
2024/02/06,04:00,0.294,-,2.74
2024/02/06,05:00,0.598,-,3.06
2024/02/06,06:00,0.826,-,3.26
2024/02/06,07:00,0.931,-,3.36
2024/02/06,08:00,0.922,-,3.39
2024/02/06,09:00,0.816,-,3.3
2024/02/06,10:00,0.618,-,3.08
2024/02/06,11:00,0.363,-,2.79
2024/02/06,12:00,0.113,-,2.52
2024/02/06,13:00,-0.08,-,2.33
2024/02/06,14:00,-0.188,-,2.23
2024/02/06,15:00,-0.185,-,2.26
2024/02/06,16:00,-0.052,-,2.34
2024/02/06,17:00,0.176,-,2.5
2024/02/06,18:00,0.404,-,2.7
2024/02/06,19:00,0.55,-,2.84
2024/02/06,20:00,0.591,-,2.92
2024/02/06,21:00,0.535,-,2.88
2024/02/06,22:00,0.386,-,2.71
2024/02/06,23:00,0.166,-,2.45
2024/02/07,00:00,-0.062,-,2.19
2024/02/07,01:00,-0.228,-,2.04
2024/02/07,02:00,-0.291,-,1.98
2024/02/07,03:00,-0.228,-,2.07
2024/02/07,04:00,-0.022,-,2.29
2024/02/07,05:00,0.3,-,2.62
2024/02/07,06:00,0.645,-,2.94
2024/02/07,07:00,0.9,-,3.18
2024/02/07,08:00,1.016,-,3.29
2024/02/07,09:00,1,-,3.27
2024/02/07,10:00,0.868,-,3.13
2024/02/07,11:00,0.634,-,2.88
2024/02/07,12:00,0.343,-,2.56
2024/02/07,13:00,0.059,-,2.27
2024/02/07,14:00,-0.162,-,2.04
2024/02/07,15:00,-0.282,-,1.95
2024/02/07,16:00,-0.261,-,1.95
2024/02/07,17:00,-0.081,-,2.09
2024/02/07,18:00,0.202,-,2.35
2024/02/07,19:00,0.471,-,2.62
2024/02/07,20:00,0.637,-,2.77
2024/02/07,21:00,0.677,-,2.8
2024/02/07,22:00,0.6,-,2.65
2024/02/07,23:00,0.418,-,2.42
2024/02/08,00:00,0.164,-,2.12
2024/02/08,01:00,-0.095,-,1.85
2024/02/08,02:00,-0.287,-,1.67
2024/02/08,03:00,-0.365,-,1.58
2024/02/08,04:00,-0.293,-,1.62
2024/02/08,05:00,-0.05,-,1.87
2024/02/08,06:00,0.322,-,2.25
2024/02/08,07:00,0.707,-,2.61
2024/02/08,08:00,0.982,-,2.85
2024/02/08,09:00,1.096,-,2.92
2024/02/08,10:00,1.062,-,2.88
2024/02/08,11:00,0.897,-,2.72
2024/02/08,12:00,0.624,-,2.42
2024/02/08,13:00,0.293,-,2.06
2024/02/08,14:00,-0.023,-,1.73
2024/02/08,15:00,-0.263,-,1.49
2024/02/08,16:00,-0.376,-,1.38
2024/02/08,17:00,-0.314,-,1.35
2024/02/08,18:00,-0.071,-,1.57
2024/02/08,19:00,0.269,-,1.92
2024/02/08,20:00,0.572,-,2.24
2024/02/08,21:00,0.744,-,2.4
2024/02/08,22:00,0.77,-,2.37
2024/02/08,23:00,0.664,-,2.24
2024/02/09,00:00,0.444,-,1.97
2024/02/09,01:00,0.151,-,1.72
2024/02/09,02:00,-0.141,-,1.4
2024/02/09,03:00,-0.356,-,1.18
2024/02/09,04:00,-0.439,-,1.09
2024/02/09,05:00,-0.345,-,1.17
2024/02/09,06:00,-0.057,-,1.5
2024/02/09,07:00,0.361,-,1.9
2024/02/09,08:00,0.773,-,2.28
2024/02/09,09:00,1.05,-,2.56
2024/02/09,10:00,1.151,-,2.64
2024/02/09,11:00,1.09,-,2.64
2024/02/09,12:00,0.89,-,2.46
2024/02/09,13:00,0.578,-,2.1
2024/02/09,14:00,0.213,-,1.73
2024/02/09,15:00,-0.123,-,1.42
2024/02/09,16:00,-0.362,-,1.25
2024/02/09,17:00,-0.445,-,1.17
2024/02/09,18:00,-0.325,-,1.21
2024/02/09,19:00,-0.016,-,1.54
2024/02/09,20:00,0.372,-,1.94
2024/02/09,21:00,0.691,-,2.27
2024/02/09,22:00,0.856,-,2.38
2024/02/09,23:00,0.859,-,2.38
2024/02/10,00:00,0.72,-,2.23
2024/02/10,01:00,0.46,-,1.95
2024/02/10,02:00,0.131,-,1.61
2024/02/10,03:00,-0.187,-,1.34
2024/02/10,04:00,-0.414,-,1.12
2024/02/10,05:00,-0.49,-,1.03
2024/02/10,06:00,-0.367,-,1.14
2024/02/10,07:00,-0.04,-,1.48
2024/02/10,08:00,0.408,-,1.94
2024/02/10,09:00,0.824,-,2.35
2024/02/10,10:00,1.087,-,2.57
2024/02/10,11:00,1.163,-,2.64
2024/02/10,12:00,1.073,-,2.56
2024/02/10,13:00,0.838,-,2.34
2024/02/10,14:00,0.495,-,1.99
2024/02/10,15:00,0.112,-,1.61
2024/02/10,16:00,-0.223,-,1.28
2024/02/10,17:00,-0.438,-,0.98
2024/02/10,18:00,-0.473,-,0.99
2024/02/10,19:00,-0.289,-,1.2
2024/02/10,20:00,0.077,-,1.58
2024/02/10,21:00,0.494,-,1.97
2024/02/10,22:00,0.812,-,2.3
2024/02/10,23:00,0.958,-,2.48
2024/02/11,00:00,0.933,-,2.48
2024/02/11,01:00,0.76,-,2.31
2024/02/11,02:00,0.467,-,1.99
2024/02/11,03:00,0.112,-,1.67
2024/02/11,04:00,-0.218,-,1.35
2024/02/11,05:00,-0.443,-,1.16
2024/02/11,06:00,-0.504,-,1.07
2024/02/11,07:00,-0.357,-,1.18
2024/02/11,08:00,-0.006,-,1.53
2024/02/11,09:00,0.448,-,2.02
2024/02/11,10:00,0.847,-,2.42
2024/02/11,11:00,1.08,-,2.64
2024/02/11,12:00,1.127,-,2.71
2024/02/11,13:00,1.007,-,2.62
2024/02/11,14:00,0.746,-,2.29
2024/02/11,15:00,0.387,-,1.95
2024/02/11,16:00,0.009,-,1.59
2024/02/11,17:00,-0.302,-,1.34
2024/02/11,18:00,-0.474,-,1.17
2024/02/11,19:00,-0.454,-,1.18
2024/02/11,20:00,-0.213,-,1.45
2024/02/11,21:00,0.191,-,1.84
2024/02/11,22:00,0.616,-,2.21
2024/02/11,23:00,0.917,-,2.49
2024/02/12,00:00,1.037,-,2.58
2024/02/12,01:00,0.984,-,2.55
2024/02/12,02:00,0.784,-,2.33
2024/02/12,03:00,0.469,-,2.01
2024/02/12,04:00,0.106,-,1.66
2024/02/12,05:00,-0.219,-,1.39
2024/02/12,06:00,-0.433,-,1.21
2024/02/12,07:00,-0.48,-,1.16
2024/02/12,08:00,-0.319,-,1.33
2024/02/12,09:00,0.035,-,1.66
2024/02/12,10:00,0.47,-,2.13
2024/02/12,11:00,0.834,-,2.46
2024/02/12,12:00,1.03,-,2.63
2024/02/12,13:00,1.045,-,2.6
2024/02/12,14:00,0.903,-,2.51
2024/02/12,15:00,0.63,-,2.24
2024/02/12,16:00,0.276,-,1.88
2024/02/12,17:00,-0.076,-,1.53
2024/02/12,18:00,-0.345,-,1.27
2024/02/12,19:00,-0.468,-,1.16
2024/02/12,20:00,-0.397,-,1.25
2024/02/12,21:00,-0.115,-,1.6
2024/02/12,22:00,0.306,-,2.08
2024/02/12,23:00,0.719,-,2.47
2024/02/13,00:00,0.993,-,2.72
2024/02/13,01:00,1.083,-,2.82
2024/02/13,02:00,1.008,-,2.78
2024/02/13,03:00,0.793,-,2.7
2024/02/13,04:00,0.475,-,2.4
2024/02/13,05:00,0.122,-,2.1
2024/02/13,06:00,-0.185,-,1.85
2024/02/13,07:00,-0.384,-,1.71
2024/02/13,08:00,-0.425,-,1.74
2024/02/13,09:00,-0.265,-,2.09
2024/02/13,10:00,0.071,-,2.33
2024/02/13,11:00,0.471,-,3
2024/02/13,12:00,0.79,-,3.04
2024/02/13,13:00,0.945,-,3.14
2024/02/13,14:00,0.934,-,2.88
2024/02/13,15:00,0.781,-,2.53
2024/02/13,16:00,0.512,-,2.04
2024/02/13,17:00,0.183,-,1.74
2024/02/13,18:00,-0.128,-,1.51
2024/02/13,19:00,-0.349,-,1.44
2024/02/13,20:00,-0.428,-,1.31
2024/02/13,21:00,-0.319,-,1.36
2024/02/13,22:00,-0.015,-,1.52
2024/02/13,23:00,0.403,-,1.9
2024/02/14,00:00,0.789,-,2.19
2024/02/14,01:00,1.029,-,2.4
2024/02/14,02:00,1.093,-,2.4
2024/02/14,03:00,1.005,-,2.39
2024/02/14,04:00,0.792,-,2.27
2024/02/14,05:00,0.49,-,2.02
2024/02/14,06:00,0.162,-,1.69
2024/02/14,07:00,-0.122,-,1.45
2024/02/14,08:00,-0.31,-,1.31
2024/02/14,09:00,-0.352,-,1.27
2024/02/14,10:00,-0.207,-,1.41
2024/02/14,11:00,0.1,-,1.82
2024/02/14,12:00,0.454,-,2.27
2024/02/14,13:00,0.723,-,2.54
2024/02/14,14:00,0.841,-,2.66
2024/02/14,15:00,0.814,-,2.54
2024/02/14,16:00,0.664,-,2.32
2024/02/14,17:00,0.416,-,2
2024/02/14,18:00,0.124,-,1.65
2024/02/14,19:00,-0.142,-,1.38
2024/02/14,20:00,-0.32,-,1.22
2024/02/14,21:00,-0.366,-,1.19
2024/02/14,22:00,-0.236,-,1.3
2024/02/14,23:00,0.072,-,1.59
2024/02/15,00:00,0.47,-,1.92
2024/02/15,01:00,0.819,-,2.21
2024/02/15,02:00,1.022,-,2.38
2024/02/15,03:00,1.069,-,2.37
2024/02/15,04:00,0.985,-,2.3
2024/02/15,05:00,0.789,-,2.11
2024/02/15,06:00,0.515,-,1.79
2024/02/15,07:00,0.218,-,1.48
2024/02/15,08:00,-0.044,-,1.25
2024/02/15,09:00,-0.226,-,1.11
2024/02/15,10:00,-0.276,-,1.06
2024/02/15,11:00,-0.151,-,1.1
2024/02/15,12:00,0.12,-,1.34
2024/02/15,13:00,0.424,-,1.61
2024/02/15,14:00,0.646,-,1.76
2024/02/15,15:00,0.738,-,1.82
2024/02/15,16:00,0.71,-,1.74
2024/02/15,17:00,0.576,-,1.58
2024/02/15,18:00,0.357,-,1.36
2024/02/15,19:00,0.102,-,1.07
2024/02/15,20:00,-0.125,-,0.86
2024/02/15,21:00,-0.272,-,0.73
2024/02/15,22:00,-0.298,-,0.69
2024/02/15,23:00,-0.16,-,0.82
2024/02/16,00:00,0.136,-,1.15
2024/02/16,01:00,0.501,-,1.59
2024/02/16,02:00,0.808,-,1.98
2024/02/16,03:00,0.982,-,2.15
2024/02/16,04:00,1.025,-,2.15
2024/02/16,05:00,0.957,-,2.08
2024/02/16,06:00,0.789,-,1.91
2024/02/16,07:00,0.546,-,1.71
2024/02/16,08:00,0.278,-,1.54
2024/02/16,09:00,0.033,-,1.31
2024/02/16,10:00,-0.147,-,1.12
2024/02/16,11:00,-0.207,-,0.96
2024/02/16,12:00,-0.105,-,0.96
2024/02/16,13:00,0.129,-,1.15
2024/02/16,14:00,0.388,-,1.37
2024/02/16,15:00,0.575,-,1.53
2024/02/16,16:00,0.656,-,1.57
2024/02/16,17:00,0.639,-,1.54
2024/02/16,18:00,0.527,-,1.36
2024/02/16,19:00,0.335,-,1.14
2024/02/16,20:00,0.111,-,0.92
2024/02/16,21:00,-0.088,-,0.72
2024/02/16,22:00,-0.216,-,0.62
2024/02/16,23:00,-0.233,-,0.61
2024/02/17,00:00,-0.101,-,0.8
2024/02/17,01:00,0.172,-,1.08
2024/02/17,02:00,0.498,-,1.43
2024/02/17,03:00,0.767,-,1.69
2024/02/17,04:00,0.926,-,1.9
2024/02/17,05:00,0.978,-,2.21
2024/02/17,06:00,0.933,-,2.19
2024/02/17,07:00,0.791,-,1.97
2024/02/17,08:00,0.575,-,1.66
2024/02/17,09:00,0.329,-,1.42
2024/02/17,10:00,0.096,-,1.16
2024/02/17,11:00,-0.085,-,0.92
2024/02/17,12:00,-0.155,-,0.83
2024/02/17,13:00,-0.074,-,0.9
2024/02/17,14:00,0.127,-,1.13
2024/02/17,15:00,0.354,-,1.38
2024/02/17,16:00,0.523,-,1.64
2024/02/17,17:00,0.61,-,1.68
2024/02/17,18:00,0.61,-,1.75
2024/02/17,19:00,0.518,-,1.64
2024/02/17,20:00,0.344,-,1.52
2024/02/17,21:00,0.138,-,1.3
2024/02/17,22:00,-0.043,-,1.05
2024/02/17,23:00,-0.163,-,0.9
2024/02/18,00:00,-0.183,-,0.83
2024/02/18,01:00,-0.066,-,0.98
2024/02/18,02:00,0.18,-,1.21
2024/02/18,03:00,0.473,-,1.5
2024/02/18,04:00,0.718,-,1.69
2024/02/18,05:00,0.875,-,1.79
2024/02/18,06:00,0.944,-,1.82
2024/02/18,07:00,0.919,-,1.78
2024/02/18,08:00,0.794,-,1.64
2024/02/18,09:00,0.593,-,1.5
2024/02/18,10:00,0.361,-,1.37
2024/02/18,11:00,0.134,-,1.21
2024/02/18,12:00,-0.05,-,1.11
2024/02/18,13:00,-0.13,-,1.04
2024/02/18,14:00,-0.063,-,1.08
2024/02/18,15:00,0.121,-,1.29
2024/02/18,16:00,0.334,-,1.49
2024/02/18,17:00,0.505,-,1.68
2024/02/18,18:00,0.606,-,1.74
2024/02/18,19:00,0.622,-,1.72
2024/02/18,20:00,0.536,-,1.64
2024/02/18,21:00,0.368,-,1.43
2024/02/18,22:00,0.171,-,1.23
2024/02/18,23:00,-0.004,-,1.02
2024/02/19,00:00,-0.125,-,0.9
2024/02/19,01:00,-0.155,-,0.83
2024/02/19,02:00,-0.053,-,0.92
2024/02/19,03:00,0.173,-,1.04
2024/02/19,04:00,0.447,-,1.23
2024/02/19,05:00,0.686,-,1.47
2024/02/19,06:00,0.851,-,1.59
2024/02/19,07:00,0.932,-,1.62
2024/02/19,08:00,0.915,-,1.57
2024/02/19,09:00,0.792,-,1.33
2024/02/19,10:00,0.593,-,1.05
2024/02/19,11:00,0.365,-,0.9
2024/02/19,12:00,0.137,-,0.65
2024/02/19,13:00,-0.05,-,0.5
2024/02/19,14:00,-0.132,-,0.41
2024/02/19,15:00,-0.065,-,0.44
2024/02/19,16:00,0.122,-,0.56
2024/02/19,17:00,0.342,-,0.76
2024/02/19,18:00,0.527,-,0.9
2024/02/19,19:00,0.641,-,1.03
2024/02/19,20:00,0.659,-,0.99
2024/02/19,21:00,0.568,-,0.9
2024/02/19,22:00,0.393,-,0.7
2024/02/19,23:00,0.194,-,0.48
2024/02/20,00:00,0.016,-,0.36
2024/02/20,01:00,-0.112,-,0.27
2024/02/20,02:00,-0.15,-,0.29
2024/02/20,03:00,-0.053,-,0.55
2024/02/20,04:00,0.171,-,0.81
2024/02/20,05:00,0.445,-,1.12
2024/02/20,06:00,0.687,-,1.34
2024/02/20,07:00,0.859,-,1.52
2024/02/20,08:00,0.942,-,1.59
2024/02/20,09:00,0.914,-,1.58
2024/02/20,10:00,0.777,-,1.51
2024/02/20,11:00,0.569,-,1.36
2024/02/20,12:00,0.335,-,1.13
2024/02/20,13:00,0.102,-,0.93
2024/02/20,14:00,-0.085,-,0.83
2024/02/20,15:00,-0.155,-,0.84
2024/02/20,16:00,-0.065,-,0.95
2024/02/20,17:00,0.146,-,1.2
2024/02/20,18:00,0.387,-,1.45
2024/02/20,19:00,0.585,-,1.63
2024/02/20,20:00,0.701,-,1.8
2024/02/20,21:00,0.707,-,1.81
2024/02/20,22:00,0.595,-,1.75
2024/02/20,23:00,0.404,-,1.62
2024/02/21,00:00,0.195,-,1.44
2024/02/21,01:00,0.01,-,1.3
2024/02/21,02:00,-0.125,-,1.18
2024/02/21,03:00,-0.16,-,1.2
2024/02/21,04:00,-0.048,-,1.34
2024/02/21,05:00,0.193,-,1.6
2024/02/21,06:00,0.48,-,1.88
2024/02/21,07:00,0.728,-,2.12
2024/02/21,08:00,0.896,-,2.24
2024/02/21,09:00,0.96,-,2.27
2024/02/21,10:00,0.905,-,2.23
2024/02/21,11:00,0.74,-,2.09
2024/02/21,12:00,0.513,-,1.8
2024/02/21,13:00,0.267,-,1.57
2024/02/21,14:00,0.031,-,1.33
2024/02/21,15:00,-0.142,-,1.23
2024/02/21,16:00,-0.177,-,1.21
2024/02/21,17:00,-0.042,-,1.29
2024/02/21,18:00,0.207,-,1.55
2024/02/21,19:00,0.469,-,1.81
2024/02/21,20:00,0.67,-,2.01
2024/02/21,21:00,0.771,-,2.06
2024/02/21,22:00,0.748,-,2.03
2024/02/21,23:00,0.604,-,1.87
2024/02/22,00:00,0.39,-,1.63
2024/02/22,01:00,0.167,-,1.4
2024/02/22,02:00,-0.025,-,1.19
2024/02/22,03:00,-0.155,-,1.06
2024/02/22,04:00,-0.167,-,1.05
2024/02/22,05:00,-0.019,-,1.19
2024/02/22,06:00,0.253,-,1.53
2024/02/22,07:00,0.553,-,1.85
2024/02/22,08:00,0.796,-,2.12
2024/02/22,09:00,0.943,-,2.23
2024/02/22,10:00,0.972,-,2.25
2024/02/22,11:00,0.875,-,2.15
2024/02/22,12:00,0.674,-,1.96
2024/02/22,13:00,0.422,-,1.68
2024/02/22,14:00,0.165,-,1.41
2024/02/22,15:00,-0.061,-,1.2
2024/02/22,16:00,-0.197,-,1.13
2024/02/22,17:00,-0.173,-,1.22
2024/02/22,18:00,0.023,-,1.52
2024/02/22,19:00,0.309,-,1.87
2024/02/22,20:00,0.58,-,2.16
2024/02/22,21:00,0.765,-,2.3
2024/02/22,22:00,0.833,-,2.35
2024/02/22,23:00,0.768,-,2.24
2024/02/23,00:00,0.587,-,2.04
2024/02/23,01:00,0.346,-,1.78
2024/02/23,02:00,0.111,-,1.54
2024/02/23,03:00,-0.079,-,1.39
2024/02/23,04:00,-0.185,-,1.3
2024/02/23,05:00,-0.152,-,1.36
2024/02/23,06:00,0.046,-,1.54
2024/02/23,07:00,0.349,-,1.91
2024/02/23,08:00,0.651,-,2.27
2024/02/23,09:00,0.871,-,2.54
2024/02/23,10:00,0.978,-,2.6
2024/02/23,11:00,0.959,-,2.54
2024/02/23,12:00,0.812,-,2.37
2024/02/23,13:00,0.573,-,2.1
2024/02/23,14:00,0.301,-,1.83
2024/02/23,15:00,0.046,-,1.63
2024/02/23,16:00,-0.148,-,1.45
2024/02/23,17:00,-0.223,-,1.33
2024/02/23,18:00,-0.122,-,1.28
2024/02/23,19:00,0.134,-,1.46
2024/02/23,20:00,0.444,-,1.79
2024/02/23,21:00,0.702,-,2
2024/02/23,22:00,0.852,-,2.13
2024/02/23,23:00,0.873,-,2.12
2024/02/24,00:00,0.76,-,2
2024/02/24,01:00,0.538,-,1.8
2024/02/24,02:00,0.276,-,1.56
2024/02/24,03:00,0.039,-,1.31
2024/02/24,04:00,-0.131,-,1.14
2024/02/24,05:00,-0.193,-,1.13
2024/02/24,06:00,-0.101,-,1.25
2024/02/24,07:00,0.145,-,1.58
2024/02/24,08:00,0.466,-,1.92
2024/02/24,09:00,0.748,-,2.19
2024/02/24,10:00,0.927,-,2.4
2024/02/24,11:00,0.983,-,2.47
2024/02/24,12:00,0.909,-,2.37
2024/02/24,13:00,0.713,-,2.1
2024/02/24,14:00,0.441,-,1.78
2024/02/24,15:00,0.164,-,1.5
2024/02/24,16:00,-0.065,-,1.32
2024/02/24,17:00,-0.203,-,1.18
2024/02/24,18:00,-0.197,-,1.24
2024/02/24,19:00,-0.018,-,1.52
2024/02/24,20:00,0.283,-,1.93
2024/02/24,21:00,0.594,-,2.26
2024/02/24,22:00,0.817,-,2.64
2024/02/24,23:00,0.917,-,2.73
2024/02/25,00:00,0.883,-,2.55
2024/02/25,01:00,0.719,-,2.34
2024/02/25,02:00,0.464,-,2.1
2024/02/25,03:00,0.192,-,1.81
2024/02/25,04:00,-0.03,-,1.48
2024/02/25,05:00,-0.161,-,1.29
2024/02/25,06:00,-0.166,-,1.24
2024/02/25,07:00,-0.015,-,1.37
2024/02/25,08:00,0.266,-,1.67
2024/02/25,09:00,0.58,-,1.91
2024/02/25,10:00,0.824,-,2.13
2024/02/25,11:00,0.948,-,2.22
2024/02/25,12:00,0.947,-,2.22
2024/02/25,13:00,0.818,-,2.09
2024/02/25,14:00,0.581,-,1.83
2024/02/25,15:00,0.295,-,1.56
2024/02/25,16:00,0.035,-,1.3
2024/02/25,17:00,-0.144,-,1.12
2024/02/25,18:00,-0.207,-,1.01
2024/02/25,19:00,-0.117,-,1.08
2024/02/25,20:00,0.127,-,1.32
2024/02/25,21:00,0.45,-,1.63
2024/02/25,22:00,0.737,-,1.87
2024/02/25,23:00,0.909,-,1.98
2024/02/26,00:00,0.949,-,2
2024/02/26,01:00,0.859,-,1.94
2024/02/26,02:00,0.652,-,1.76
2024/02/26,03:00,0.376,-,1.47
2024/02/26,04:00,0.112,-,1.21
2024/02/26,05:00,-0.076,-,1.02
2024/02/26,06:00,-0.155,-,0.95
2024/02/26,07:00,-0.103,-,1.01
2024/02/26,08:00,0.094,-,1.21
2024/02/26,09:00,0.388,-,1.54
2024/02/26,10:00,0.674,-,1.85
2024/02/26,11:00,0.864,-,2.05
2024/02/26,12:00,0.927,-,2.1
2024/02/26,13:00,0.869,-,2.03
2024/02/26,14:00,0.695,-,1.81
2024/02/26,15:00,0.434,-,1.49
2024/02/26,16:00,0.156,-,1.19
2024/02/26,17:00,-0.062,-,0.94
2024/02/26,18:00,-0.175,-,0.78
2024/02/26,19:00,-0.158,-,0.75
2024/02/26,20:00,0.006,-,0.82
2024/02/26,21:00,0.293,-,1.09
2024/02/26,22:00,0.613,-,1.33
2024/02/26,23:00,0.856,-,1.59
2024/02/27,00:00,0.966,-,1.69
2024/02/27,01:00,0.946,-,1.66
2024/02/27,02:00,0.806,-,1.48
2024/02/27,03:00,0.569,-,1.22
2024/02/27,04:00,0.292,-,0.91
2024/02/27,05:00,0.055,-,0.65
2024/02/27,06:00,-0.087,-,0.51
2024/02/27,07:00,-0.114,-,0.49
2024/02/27,08:00,-0.014,-,0.59
2024/02/27,09:00,0.209,-,0.8
2024/02/27,10:00,0.494,-,1.07
2024/02/27,11:00,0.736,-,1.32
2024/02/27,12:00,0.864,-,1.44
2024/02/27,13:00,0.867,-,1.48
2024/02/27,14:00,0.76,-,1.39
2024/02/27,15:00,0.556,-,1.18
2024/02/27,16:00,0.293,-,0.88
2024/02/27,17:00,0.046,-,0.66
2024/02/27,18:00,-0.115,-,0.38
2024/02/27,19:00,-0.157,-,0.44
2024/02/27,20:00,-0.069,-,0.59
2024/02/27,21:00,0.15,-,0.93
2024/02/27,22:00,0.458,-,1.18
2024/02/27,23:00,0.753,-,1.76
2024/02/28,00:00,0.939,-,1.77
2024/02/28,01:00,0.986,-,1.81
2024/02/28,02:00,0.911,-,1.8
2024/02/28,03:00,0.735,-,1.65
2024/02/28,04:00,0.487,-,1.41
2024/02/28,05:00,0.227,-,1.19
2024/02/28,06:00,0.03,-,1.04
2024/02/28,07:00,-0.065,-,0.97
2024/02/28,08:00,-0.05,-,0.92
2024/02/28,09:00,0.083,-,0.96
2024/02/28,10:00,0.314,-,1.09
2024/02/28,11:00,0.574,-,1.36
2024/02/28,12:00,0.763,-,1.59
2024/02/28,13:00,0.829,-,1.7
2024/02/28,14:00,0.78,-,1.59
2024/02/28,15:00,0.64,-,1.34
2024/02/28,16:00,0.425,-,1.06
2024/02/28,17:00,0.18,-,0.78
2024/02/28,18:00,-0.023,-,0.71
2024/02/28,19:00,-0.123,-,0.62
2024/02/28,20:00,-0.103,-,0.54
2024/02/28,21:00,0.04,-,0.67
2024/02/28,22:00,0.295,-,0.8
2024/02/28,23:00,0.602,-,1.24
2024/02/29,00:00,0.859,-,1.58
2024/02/29,01:00,0.984,-,1.7
2024/02/29,02:00,0.972,-,1.58
2024/02/29,03:00,0.856,-,1.31
2024/02/29,04:00,0.663,-,0.93
2024/02/29,05:00,0.421,-,0.56
2024/02/29,06:00,0.191,-,0.27
2024/02/29,07:00,0.034,-,0.03
2024/02/29,08:00,-0.024,-,0.01
2024/02/29,09:00,0.022,-,0.03
2024/02/29,10:00,0.172,-,0.27
2024/02/29,11:00,0.4,-,0.45
2024/02/29,12:00,0.625,-,0.65
2024/02/29,13:00,0.759,-,0.73
2024/02/29,14:00,0.771,-,0.72
2024/02/29,15:00,0.685,-,0.59
2024/02/29,16:00,0.529,-,0.41
2024/02/29,17:00,0.321,-,0.15
2024/02/29,18:00,0.105,-,-0.09
2024/02/29,19:00,-0.051,-,-0.3
2024/02/29,20:00,-0.101,-,-0.35
2024/02/29,21:00,-0.032,-,-0.2
2024/02/29,22:00,0.149,-,0.02
2024/02/29,23:00,0.422,-,0.33
2024/03/01,00:00,0.715,-,0.59
2024/03/01,01:00,0.925,-,0.85
2024/03/01,02:00,0.995,-,0.9
2024/03/01,03:00,0.939,-,0.95
2024/03/01,04:00,0.801,-,0.83
2024/03/01,05:00,0.606,-,0.62
2024/03/01,06:00,0.382,-,0.41
2024/03/01,07:00,0.181,-,0.22
2024/03/01,08:00,0.055,-,0.1
2024/03/01,09:00,0.023,-,0.04
2024/03/01,10:00,0.087,-,0.06
2024/03/01,11:00,0.243,-,0.18
2024/03/01,12:00,0.458,-,0.43
2024/03/01,13:00,0.646,-,0.61
2024/03/01,14:00,0.733,-,0.76
2024/03/01,15:00,0.706,-,0.71
2024/03/01,16:00,0.603,-,0.61
2024/03/01,17:00,0.447,-,0.41
2024/03/01,18:00,0.255,-,0.26
2024/03/01,19:00,0.068,-,0.14
2024/03/01,20:00,-0.051,-,0.1
2024/03/01,21:00,-0.063,-,0.09
2024/03/01,22:00,0.037,-,0.25
2024/03/01,23:00,0.242,-,0.44
2024/03/02,00:00,0.52,-,0.76
2024/03/02,01:00,0.791,-,1.03
2024/03/02,02:00,0.958,-,1.22
2024/03/02,03:00,0.985,-,1.32
2024/03/02,04:00,0.906,-,1.29
2024/03/02,05:00,0.764,-,1.23
2024/03/02,06:00,0.578,-,1.07
2024/03/02,07:00,0.369,-,0.93
2024/03/02,08:00,0.188,-,0.82
2024/03/02,09:00,0.08,-,0.73
2024/03/02,10:00,0.061,-,0.79
2024/03/02,11:00,0.131,-,0.9
2024/03/02,12:00,0.288,-,1.12
2024/03/02,13:00,0.486,-,1.29
2024/03/02,14:00,0.644,-,1.4
2024/03/02,15:00,0.697,-,1.5
2024/03/02,16:00,0.653,-,1.47
2024/03/02,17:00,0.55,-,1.29
2024/03/02,18:00,0.404,-,1.07
2024/03/02,19:00,0.226,-,0.91
2024/03/02,20:00,0.059,-,0.76
2024/03/02,21:00,-0.037,-,0.66
2024/03/02,22:00,-0.027,-,0.62
2024/03/02,23:00,0.091,-,0.65
2024/03/03,00:00,0.307,-,0.83
2024/03/03,01:00,0.582,-,1.2
2024/03/03,02:00,0.832,-,1.49
2024/03/03,03:00,0.969,-,1.61
2024/03/03,04:00,0.976,-,1.61
2024/03/03,05:00,0.894,-,1.54
2024/03/03,06:00,0.759,-,1.4
2024/03/03,07:00,0.579,-,1.16
2024/03/03,08:00,0.377,-,0.93
2024/03/03,09:00,0.202,-,0.72
2024/03/03,10:00,0.098,-,0.57
2024/03/03,11:00,0.078,-,0.53
2024/03/03,12:00,0.147,-,0.54
2024/03/03,13:00,0.3,-,0.69
2024/03/03,14:00,0.488,-,0.9
2024/03/03,15:00,0.628,-,1.04
2024/03/03,16:00,0.671,-,1.11
2024/03/03,17:00,0.63,-,1.06
2024/03/03,18:00,0.537,-,1.01
2024/03/03,19:00,0.399,-,0.91
2024/03/03,20:00,0.226,-,0.8
2024/03/03,21:00,0.064,-,0.71
2024/03/03,22:00,-0.024,-,0.63
2024/03/03,23:00,-0.007,-,0.72
2024/03/04,00:00,0.116,-,0.84
2024/03/04,01:00,0.335,-,1.06
2024/03/04,02:00,0.608,-,1.39
2024/03/04,03:00,0.848,-,1.55
2024/03/04,04:00,0.977,-,1.65
2024/03/04,05:00,0.987,-,1.61
2024/03/04,06:00,0.916,-,1.57
2024/03/04,07:00,0.787,-,1.43
2024/03/04,08:00,0.604,-,1.25
2024/03/04,09:00,0.394,-,1.02
2024/03/04,10:00,0.21,-,0.85
2024/03/04,11:00,0.096,-,0.76
2024/03/04,12:00,0.066,-,0.69
2024/03/04,13:00,0.13,-,0.76
2024/03/04,14:00,0.283,-,0.94
2024/03/04,15:00,0.472,-,1.14
2024/03/04,16:00,0.617,-,1.34
2024/03/04,17:00,0.671,-,1.39
2024/03/04,18:00,0.647,-,1.38
2024/03/04,19:00,0.564,-,1.34
2024/03/04,20:00,0.424,-,1.3
2024/03/04,21:00,0.241,-,1.25
2024/03/04,22:00,0.072,-,1.13
2024/03/04,23:00,-0.022,-,1.05
2024/03/05,00:00,-0.013,-,1.08
2024/03/05,01:00,0.106,-,1.32
2024/03/05,02:00,0.326,-,1.82
2024/03/05,03:00,0.606,-,2.13
2024/03/05,04:00,0.855,-,2.26
2024/03/05,05:00,0.999,-,2.31
2024/03/05,06:00,1.028,-,2.37
2024/03/05,07:00,0.97,-,2.22
2024/03/05,08:00,0.839,-,2.01
2024/03/05,09:00,0.639,-,1.85
2024/03/05,10:00,0.407,-,1.6
2024/03/05,11:00,0.202,-,1.44
2024/03/05,12:00,0.067,-,1.3
2024/03/05,13:00,0.022,-,1.26
2024/03/05,14:00,0.083,-,1.3
2024/03/05,15:00,0.248,-,1.46
2024/03/05,16:00,0.461,-,1.63
2024/03/05,17:00,0.632,-,1.74
2024/03/05,18:00,0.713,-,1.76
2024/03/05,19:00,0.707,-,1.8
2024/03/05,20:00,0.626,-,1.76
2024/03/05,21:00,0.469,-,1.59
2024/03/05,22:00,0.262,-,1.41
2024/03/05,23:00,0.071,-,1.17
2024/03/06,00:00,-0.043,-,1.1
2024/03/06,01:00,-0.051,-,1.05
2024/03/06,02:00,0.059,-,1.19
2024/03/06,03:00,0.289,-,1.5
2024/03/06,04:00,0.591,-,1.78
2024/03/06,05:00,0.87,-,2.04
2024/03/06,06:00,1.044,-,2.16
2024/03/06,07:00,1.096,-,2.22
2024/03/06,08:00,1.044,-,2.29
2024/03/06,09:00,0.897,-,2.2
2024/03/06,10:00,0.667,-,1.97
2024/03/06,11:00,0.403,-,1.75
2024/03/06,12:00,0.168,-,1.56
2024/03/06,13:00,0.007,-,1.51
2024/03/06,14:00,-0.053,-,1.56
2024/03/06,15:00,0.019,-,1.64
2024/03/06,16:00,0.219,-,1.74
2024/03/06,17:00,0.476,-,1.93
2024/03/06,18:00,0.69,-,2.13
2024/03/06,19:00,0.8,-,2.21
2024/03/06,20:00,0.804,-,2.15
2024/03/06,21:00,0.708,-,2.09
2024/03/06,22:00,0.52,-,1.79
2024/03/06,23:00,0.279,-,1.6
2024/03/07,00:00,0.056,-,1.39
2024/03/07,01:00,-0.088,-,1.22
2024/03/07,02:00,-0.12,-,1.11
2024/03/07,03:00,-0.013,-,1.09
2024/03/07,04:00,0.24,-,1.32
2024/03/07,05:00,0.583,-,1.56
2024/03/07,06:00,0.903,-,1.87
2024/03/07,07:00,1.109,-,2.07
2024/03/07,08:00,1.175,-,2.17
2024/03/07,09:00,1.116,-,2.16
2024/03/07,10:00,0.94,-,1.98
2024/03/07,11:00,0.672,-,1.74
2024/03/07,12:00,0.37,-,1.49
2024/03/07,13:00,0.103,-,1.23
2024/03/07,14:00,-0.082,-,1.03
2024/03/07,15:00,-0.141,-,0.9
2024/03/07,16:00,-0.037,-,1
2024/03/07,17:00,0.22,-,1.22
2024/03/07,18:00,0.537,-,1.54
2024/03/07,19:00,0.793,-,1.82
2024/03/07,20:00,0.923,-,1.95
2024/03/07,21:00,0.921,-,1.93
2024/03/07,22:00,0.798,-,1.8
2024/03/07,23:00,0.569,-,1.58
2024/03/08,00:00,0.285,-,1.28
2024/03/08,01:00,0.022,-,1.02
2024/03/08,02:00,-0.156,-,0.88
2024/03/08,03:00,-0.207,-,0.82
2024/03/08,04:00,-0.09,-,0.99
2024/03/08,05:00,0.201,-,1.37
2024/03/08,06:00,0.592,-,1.78
2024/03/08,07:00,0.952,-,2.14
2024/03/08,08:00,1.177,-,2.33
2024/03/08,09:00,1.243,-,2.42
2024/03/08,10:00,1.162,-,2.43
2024/03/08,11:00,0.95,-,2.26
2024/03/08,12:00,0.641,-,1.99
2024/03/08,13:00,0.303,-,1.7
2024/03/08,14:00,0.01,-,1.43
2024/03/08,15:00,-0.182,-,1.27
2024/03/08,16:00,-0.219,-,1.25
2024/03/08,17:00,-0.058,-,1.42
2024/03/08,18:00,0.27,-,1.76
2024/03/08,19:00,0.644,-,2.12
2024/03/08,20:00,0.93,-,2.38
2024/03/08,21:00,1.063,-,2.5
2024/03/08,22:00,1.041,-,2.47
2024/03/08,23:00,0.88,-,2.37
2024/03/09,00:00,0.605,-,2.14
2024/03/09,01:00,0.276,-,1.85
2024/03/09,02:00,-0.025,-,1.62
2024/03/09,03:00,-0.231,-,1.48
2024/03/09,04:00,-0.288,-,1.49
2024/03/09,05:00,-0.148,-,1.63
2024/03/09,06:00,0.188,-,2.09
2024/03/09,07:00,0.621,-,2.51
2024/03/09,08:00,1.002,-,2.84
2024/03/09,09:00,1.228,-,3.12
2024/03/09,10:00,1.277,-,3.16
2024/03/09,11:00,1.167,-,3.12
2024/03/09,12:00,0.916,-,2.84
2024/03/09,13:00,0.571,-,2.48
2024/03/09,14:00,0.208,-,2.19
2024/03/09,15:00,-0.095,-,1.93
2024/03/09,16:00,-0.271,-,1.9
2024/03/09,17:00,-0.26,-,1.68
2024/03/09,18:00,-0.027,-,2.02
2024/03/09,19:00,0.368,-,2.4
2024/03/09,20:00,0.784,-,2.85
2024/03/09,21:00,1.079,-,3.17
2024/03/09,22:00,1.197,-,3.37
2024/03/09,23:00,1.144,-,3.34
2024/03/10,00:00,0.941,-,3.1
2024/03/10,01:00,0.622,-,2.77
2024/03/10,02:00,0.256,-,2.43
2024/03/10,03:00,-0.073,-,2.11
2024/03/10,04:00,-0.292,-,1.85
2024/03/10,05:00,-0.34,-,1.78
2024/03/10,06:00,-0.167,-,1.84
2024/03/10,07:00,0.206,-,2.18
2024/03/10,08:00,0.66,-,2.63
2024/03/10,09:00,1.039,-,3.1
2024/03/10,10:00,1.245,-,3.43
2024/03/10,11:00,1.266,-,3.38
2024/03/10,12:00,1.123,-,3.08
2024/03/10,13:00,0.839,-,2.88
2024/03/10,14:00,0.47,-,2.48
2024/03/10,15:00,0.1,-,2.03
2024/03/10,16:00,-0.187,-,1.67
2024/03/10,17:00,-0.324,-,1.55
2024/03/10,18:00,-0.249,-,1.34
2024/03/10,19:00,0.053,-,1.56
2024/03/10,20:00,0.499,-,1.97
2024/03/10,21:00,0.93,-,2.19
2024/03/10,22:00,1.212,-,2.36
2024/03/10,23:00,1.302,-,2.22
2024/03/11,00:00,1.214,-,2.03
2024/03/11,01:00,0.974,-,1.72
2024/03/11,02:00,0.621,-,1.37
2024/03/11,03:00,0.233,-,1.04
2024/03/11,04:00,-0.104,-,0.79
2024/03/11,05:00,-0.318,-,0.67
2024/03/11,06:00,-0.345,-,0.64
2024/03/11,07:00,-0.145,-,0.54
2024/03/11,08:00,0.247,-,0.67
2024/03/11,09:00,0.696,-,1.02
2024/03/11,10:00,1.048,-,1.5
2024/03/11,11:00,1.221,-,1.59
2024/03/11,12:00,1.21,-,1.53
2024/03/11,13:00,1.037,-,1.29
2024/03/11,14:00,0.732,-,0.91
2024/03/11,15:00,0.358,-,0.6
2024/03/11,16:00,0.006,-,0.22
2024/03/11,17:00,-0.244,-,-0.05
2024/03/11,18:00,-0.325,-,-0.19
2024/03/11,19:00,-0.188,-,-0.12
2024/03/11,20:00,0.166,-,0.17
2024/03/11,21:00,0.634,-,0.65
2024/03/11,22:00,1.054,-,0.99
2024/03/11,23:00,1.306,-,1.18
2024/03/12,00:00,1.362,-,1.18
2024/03/12,01:00,1.242,-,1.13
2024/03/12,02:00,0.975,-,0.9
2024/03/12,03:00,0.608,-,0.57
2024/03/12,04:00,0.222,-,0.19
2024/03/12,05:00,-0.102,-,-0.11
2024/03/12,06:00,-0.297,-,-0.27
2024/03/12,07:00,-0.304,-,-0.28
2024/03/12,08:00,-0.089,-,-0.08
2024/03/12,09:00,0.298,-,0.35
2024/03/12,10:00,0.719,-,0.78
2024/03/12,11:00,1.028,-,1.09
2024/03/12,12:00,1.161,-,1.24
2024/03/12,13:00,1.119,-,1.26
2024/03/12,14:00,0.926,-,1.14
2024/03/12,15:00,0.616,-,0.85
2024/03/12,16:00,0.26,-,0.5
2024/03/12,17:00,-0.053,-,0.2
2024/03/12,18:00,-0.251,-,0.02
2024/03/12,19:00,-0.279,-,-0.01
2024/03/12,20:00,-0.094,-,0.19
2024/03/12,21:00,0.286,-,0.59
2024/03/12,22:00,0.748,-,1.05
2024/03/12,23:00,1.135,-,1.4
2024/03/13,00:00,1.346,-,1.59
2024/03/13,01:00,1.369,-,1.65
2024/03/13,02:00,1.228,-,1.62
2024/03/13,03:00,0.953,-,1.41
2024/03/13,04:00,0.595,-,1.06
2024/03/13,05:00,0.233,-,0.72
2024/03/13,06:00,-0.063,-,0.47
2024/03/13,07:00,-0.234,-,0.34
2024/03/13,08:00,-0.228,-,0.34
2024/03/13,09:00,-0.015,-,0.54
2024/03/13,10:00,0.349,-,0.92
2024/03/13,11:00,0.724,-,1.31
2024/03/13,12:00,0.983,-,1.58
2024/03/13,13:00,1.076,-,1.68
2024/03/13,14:00,1.012,-,1.65
2024/03/13,15:00,0.813,-,1.47
2024/03/13,16:00,0.517,-,1.17
2024/03/13,17:00,0.198,-,0.88
2024/03/13,18:00,-0.065,-,0.63
2024/03/13,19:00,-0.213,-,0.54
2024/03/13,20:00,-0.199,-,0.6
2024/03/13,21:00,0.011,-,0.89
2024/03/13,22:00,0.39,-,1.31
2024/03/13,23:00,0.822,-,1.72
2024/03/14,00:00,1.162,-,2.01
2024/03/14,01:00,1.33,-,2.16
2024/03/14,02:00,1.328,-,2.2
2024/03/14,03:00,1.181,-,2.12
2024/03/14,04:00,0.919,-,1.9
2024/03/14,05:00,0.593,-,1.59
2024/03/14,06:00,0.269,-,1.3
2024/03/14,07:00,0.008,-,1.07
2024/03/14,08:00,-0.144,-,0.96
2024/03/14,09:00,-0.135,-,0.95
2024/03/14,10:00,0.063,-,1.17
2024/03/14,11:00,0.39,-,1.5
2024/03/14,12:00,0.713,-,1.84
2024/03/14,13:00,0.922,-,2.03
2024/03/14,14:00,0.983,-,2.11
2024/03/14,15:00,0.909,-,2.02
2024/03/14,16:00,0.72,-,1.86
2024/03/14,17:00,0.455,-,1.58
2024/03/14,18:00,0.181,-,1.35
2024/03/14,19:00,-0.033,-,1.16
2024/03/14,20:00,-0.143,-,1.08
2024/03/14,21:00,-0.107,-,1.14
2024/03/14,22:00,0.106,-,1.35
2024/03/14,23:00,0.464,-,1.68
2024/03/15,00:00,0.85,-,2.02
2024/03/15,01:00,1.137,-,2.29
2024/03/15,02:00,1.268,-,2.39
2024/03/15,03:00,1.254,-,2.4
2024/03/15,04:00,1.12,-,2.24
2024/03/15,05:00,0.889,-,2
2024/03/15,06:00,0.605,-,1.77
2024/03/15,07:00,0.324,-,1.54
2024/03/15,08:00,0.093,-,1.4
2024/03/15,09:00,-0.048,-,1.14
2024/03/15,10:00,-0.043,-,1.12
2024/03/15,11:00,0.133,-,1.24
2024/03/15,12:00,0.418,-,1.49
2024/03/15,13:00,0.689,-,1.79
2024/03/15,14:00,0.856,-,1.99
2024/03/15,15:00,0.899,-,2.01
2024/03/15,16:00,0.83,-,1.87
2024/03/15,17:00,0.665,-,1.57
2024/03/15,18:00,0.436,-,1.34
2024/03/15,19:00,0.205,-,1.14
2024/03/15,20:00,0.027,-,1.05
2024/03/15,21:00,-0.061,-,0.98
2024/03/15,22:00,-0.02,-,1.03
2024/03/15,23:00,0.18,-,1.22
2024/03/16,00:00,0.503,-,1.68
2024/03/16,01:00,0.837,-,2.07
2024/03/16,02:00,1.075,-,2.23
2024/03/16,03:00,1.181,-,2.35
2024/03/16,04:00,1.172,-,2.19
2024/03/16,05:00,1.063,-,2.15
2024/03/16,06:00,0.87,-,1.91
2024/03/16,07:00,0.628,-,1.61
2024/03/16,08:00,0.383,-,1.31
2024/03/16,09:00,0.172,-,1.14
2024/03/16,10:00,0.036,-,1.06
2024/03/16,11:00,0.033,-,1.07
2024/03/16,12:00,0.186,-,1.22
2024/03/16,13:00,0.431,-,1.54
2024/03/16,14:00,0.659,-,1.77
2024/03/16,15:00,0.799,-,1.87
2024/03/16,16:00,0.84,-,1.87
2024/03/16,17:00,0.789,-,1.83
2024/03/16,18:00,0.65,-,1.72
2024/03/16,19:00,0.453,-,1.56
2024/03/16,20:00,0.253,-,1.4
2024/03/16,21:00,0.097,-,1.25
2024/03/16,22:00,0.016,-,1.21
2024/03/16,23:00,0.051,-,1.26
2024/03/17,00:00,0.229,-,1.46
2024/03/17,01:00,0.511,-,1.83
2024/03/17,02:00,0.796,-,2.15
2024/03/17,03:00,0.997,-,2.37
2024/03/17,04:00,1.095,-,2.46
2024/03/17,05:00,1.104,-,2.5
2024/03/17,06:00,1.025,-,2.49
2024/03/17,07:00,0.864,-,2.36
2024/03/17,08:00,0.652,-,2.14
2024/03/17,09:00,0.431,-,1.91
2024/03/17,10:00,0.231,-,1.74
2024/03/17,11:00,0.097,-,1.66
2024/03/17,12:00,0.086,-,1.63
2024/03/17,13:00,0.218,-,1.73
2024/03/17,14:00,0.432,-,1.94
2024/03/17,15:00,0.633,-,2.17
2024/03/17,16:00,0.764,-,2.27
2024/03/17,17:00,0.817,-,2.23
2024/03/17,18:00,0.787,-,2.11
2024/03/17,19:00,0.669,-,2
2024/03/17,20:00,0.491,-,1.79
2024/03/17,21:00,0.307,-,1.6
2024/03/17,22:00,0.159,-,1.43
2024/03/17,23:00,0.077,-,1.42
2024/03/18,00:00,0.099,-,1.46
2024/03/18,01:00,0.252,-,1.65
2024/03/18,02:00,0.498,-,1.85
2024/03/18,03:00,0.747,-,2.16
2024/03/18,04:00,0.93,-,2.61
2024/03/18,05:00,1.035,-,2.53
2024/03/18,06:00,1.064,-,2.4
2024/03/18,07:00,1.007,-,2.21
2024/03/18,08:00,0.863,-,1.96
2024/03/18,09:00,0.666,-,1.69
2024/03/18,10:00,0.455,-,1.42
2024/03/18,11:00,0.26,-,1.24
2024/03/18,12:00,0.125,-,1.15
2024/03/18,13:00,0.109,-,1.26
2024/03/18,14:00,0.231,-,1.46
2024/03/18,15:00,0.43,-,1.7
2024/03/18,16:00,0.622,-,1.84
2024/03/18,17:00,0.762,-,1.94
2024/03/18,18:00,0.833,-,1.99
2024/03/18,19:00,0.817,-,1.97
2024/03/18,20:00,0.705,-,1.94
2024/03/18,21:00,0.532,-,1.86
2024/03/18,22:00,0.352,-,1.73
2024/03/18,23:00,0.203,-,1.39
2024/03/19,00:00,0.112,-,1.3
2024/03/19,01:00,0.121,-,1.11
2024/03/19,02:00,0.256,-,1.14
2024/03/19,03:00,0.479,-,1.16
2024/03/19,04:00,0.711,-,1.24
2024/03/19,05:00,0.894,-,1.41
2024/03/19,06:00,1.013,-,1.54
2024/03/19,07:00,1.056,-,1.6
2024/03/19,08:00,1.002,-,1.48
2024/03/19,09:00,0.857,-,1.22
2024/03/19,10:00,0.659,-,1.11
2024/03/19,11:00,0.448,-,1.04
2024/03/19,12:00,0.253,-,0.97
2024/03/19,13:00,0.119,-,0.92
2024/03/19,14:00,0.109,-,0.93
2024/03/19,15:00,0.235,-,1.05
2024/03/19,16:00,0.439,-,1.16
2024/03/19,17:00,0.643,-,1.36
2024/03/19,18:00,0.799,-,1.47
2024/03/19,19:00,0.882,-,1.47
2024/03/19,20:00,0.864,-,1.39
2024/03/19,21:00,0.742,-,1.24
2024/03/19,22:00,0.56,-,1.03
2024/03/19,23:00,0.374,-,0.87
2024/03/20,00:00,0.218,-,0.73
2024/03/20,01:00,0.119,-,0.65
2024/03/20,02:00,0.121,-,0.76
2024/03/20,03:00,0.252,-,1
2024/03/20,04:00,0.473,-,1.26
2024/03/20,05:00,0.708,-,1.45
2024/03/20,06:00,0.901,-,1.6
2024/03/20,07:00,1.029,-,1.71
2024/03/20,08:00,1.068,-,1.75
2024/03/20,09:00,0.997,-,1.67
2024/03/20,10:00,0.833,-,1.43
2024/03/20,11:00,0.623,-,1.24
2024/03/20,12:00,0.406,-,1.04
2024/03/20,13:00,0.21,-,0.79
2024/03/20,14:00,0.087,-,0.74
2024/03/20,15:00,0.099,-,0.79
2024/03/20,16:00,0.251,-,0.87
2024/03/20,17:00,0.48,-,1.02
2024/03/20,18:00,0.704,-,1.32
2024/03/20,19:00,0.872,-,1.64
2024/03/20,20:00,0.95,-,1.8
2024/03/20,21:00,0.912,-,1.95
2024/03/20,22:00,0.765,-,2.04
2024/03/20,23:00,0.564,-,1.63
2024/03/21,00:00,0.366,-,1.22
2024/03/21,01:00,0.201,-,1.05
2024/03/21,02:00,0.098,-,0.96
2024/03/21,03:00,0.109,-,0.87
2024/03/21,04:00,0.256,-,0.91
2024/03/21,05:00,0.496,-,1.16
2024/03/21,06:00,0.746,-,1.46
2024/03/21,07:00,0.946,-,1.67
2024/03/21,08:00,1.067,-,1.72
2024/03/21,09:00,1.082,-,1.66
2024/03/21,10:00,0.977,-,1.59
2024/03/21,11:00,0.783,-,1.45
2024/03/21,12:00,0.555,-,1.15
2024/03/21,13:00,0.331,-,0.83
2024/03/21,14:00,0.142,-,0.65
2024/03/21,15:00,0.046,-,0.64
2024/03/21,16:00,0.102,-,0.65
2024/03/21,17:00,0.301,-,0.87
2024/03/21,18:00,0.564,-,1.12
2024/03/21,19:00,0.804,-,1.38
2024/03/21,20:00,0.967,-,1.51
2024/03/21,21:00,1.021,-,1.55
2024/03/21,22:00,0.945,-,1.48
2024/03/21,23:00,0.764,-,1.34
2024/03/22,00:00,0.539,-,1.12
2024/03/22,01:00,0.326,-,0.87
2024/03/22,02:00,0.155,-,0.78
2024/03/22,03:00,0.062,-,0.74
2024/03/22,04:00,0.102,-,0.76
2024/03/22,05:00,0.287,-,0.9
2024/03/22,06:00,0.556,-,1.15
2024/03/22,07:00,0.817,-,1.43
2024/03/22,08:00,1.01,-,1.64
2024/03/22,09:00,1.104,-,1.76
2024/03/22,10:00,1.077,-,1.71
2024/03/22,11:00,0.928,-,1.55
2024/03/22,12:00,0.701,-,1.29
2024/03/22,13:00,0.456,-,0.97
2024/03/22,14:00,0.232,-,0.75
2024/03/22,15:00,0.066,-,0.57
2024/03/22,16:00,0.022,-,0.54
2024/03/22,17:00,0.144,-,0.62
2024/03/22,18:00,0.4,-,0.85
2024/03/22,19:00,0.691,-,1.17
2024/03/22,20:00,0.929,-,1.41
2024/03/22,21:00,1.066,-,1.53
2024/03/22,22:00,1.076,-,1.58
2024/03/22,23:00,0.953,-,1.52
2024/03/23,00:00,0.731,-,1.35
2024/03/23,01:00,0.482,-,1.11
2024/03/23,02:00,0.258,-,0.91
2024/03/23,03:00,0.094,-,0.82
2024/03/23,04:00,0.031,-,0.78
2024/03/23,05:00,0.12,-,0.95
2024/03/23,06:00,0.352,-,1.22
2024/03/23,07:00,0.646,-,1.56
2024/03/23,08:00,0.903,-,1.99
2024/03/23,09:00,1.069,-,2.08
2024/03/23,10:00,1.119,-,2.14
2024/03/23,11:00,1.04,-,2.04
2024/03/23,12:00,0.845,-,1.94
2024/03/23,13:00,0.588,-,1.92
2024/03/23,14:00,0.334,-,1.7
2024/03/23,15:00,0.127,-,1.45
2024/03/23,16:00,0.011,-,1.23
2024/03/23,17:00,0.041,-,1.04
2024/03/23,18:00,0.239,-,1.11
2024/03/23,19:00,0.545,-,1.18
2024/03/23,20:00,0.845,-,1.6
2024/03/23,21:00,1.057,-,1.73
2024/03/23,22:00,1.148,-,2.03
2024/03/23,23:00,1.102,-,1.91
2024/03/24,00:00,0.926,-,1.68
2024/03/24,01:00,0.667,-,1.28
2024/03/24,02:00,0.4,-,1.08
2024/03/24,03:00,0.178,-,0.85
2024/03/24,04:00,0.039,-,0.69
2024/03/24,05:00,0.027,-,0.7
2024/03/24,06:00,0.176,-,0.73
2024/03/24,07:00,0.45,-,0.99
2024/03/24,08:00,0.751,-,1.31
2024/03/24,09:00,0.982,-,1.55
2024/03/24,10:00,1.102,-,1.64
2024/03/24,11:00,1.098,-,1.61
2024/03/24,12:00,0.965,-,1.48
2024/03/24,13:00,0.727,-,1.26
2024/03/24,14:00,0.453,-,1.05
2024/03/24,15:00,0.21,-,0.78
2024/03/24,16:00,0.044,-,0.69
2024/03/24,17:00,-0.001,-,0.81
2024/03/24,18:00,0.115,-,1.01
2024/03/24,19:00,0.385,-,1.37
2024/03/24,20:00,0.718,-,1.64
2024/03/24,21:00,1,-,1.95
2024/03/24,22:00,1.164,-,2.1
2024/03/24,23:00,1.195,-,2.16
2024/03/25,00:00,1.09,-,2.11
2024/03/25,01:00,0.865,-,2.01
2024/03/25,02:00,0.579,-,1.86
2024/03/25,03:00,0.308,-,1.63
2024/03/25,04:00,0.108,-,1.48
2024/03/25,05:00,0.014,-,1.46
2024/03/25,06:00,0.064,-,1.64
2024/03/25,07:00,0.268,-,1.9
2024/03/25,08:00,0.566,-,2.19
2024/03/25,09:00,0.849,-,2.44
2024/03/25,10:00,1.034,-,2.68
2024/03/25,11:00,1.097,-,2.76
2024/03/25,12:00,1.036,-,2.72
2024/03/25,13:00,0.854,-,2.56
2024/03/25,14:00,0.588,-,2.3
2024/03/25,15:00,0.316,-,2.03
2024/03/25,16:00,0.107,-,1.81
2024/03/25,17:00,0.005,-,1.69
2024/03/25,18:00,0.043,-,1.74
2024/03/25,19:00,0.241,-,1.99
2024/03/25,20:00,0.56,-,2.35
2024/03/25,21:00,0.892,-,2.62
2024/03/25,22:00,1.131,-,2.86
2024/03/25,23:00,1.232,-,3.01
2024/03/26,00:00,1.199,-,2.99
2024/03/26,01:00,1.039,-,2.91
2024/03/26,02:00,0.777,-,2.7
2024/03/26,03:00,0.48,-,2.42
2024/03/26,04:00,0.227,-,2.21
2024/03/26,05:00,0.068,-,2.07
2024/03/26,06:00,0.031,-,2.1
2024/03/26,07:00,0.139,-,2.27
2024/03/26,08:00,0.383,-,2.49
2024/03/26,09:00,0.68,-,2.8
2024/03/26,10:00,0.924,-,3
2024/03/26,11:00,1.05,-,3.18
2024/03/26,12:00,1.053,-,3.24
2024/03/26,13:00,0.94,-,3.16
2024/03/26,14:00,0.722,-,2.88
2024/03/26,15:00,0.448,-,2.62
2024/03/26,16:00,0.2,-,2.37
2024/03/26,17:00,0.046,-,2.26
2024/03/26,18:00,0.018,-,2.19
2024/03/26,19:00,0.137,-,2.29
2024/03/26,20:00,0.399,-,2.56
2024/03/26,21:00,0.738,-,2.93
2024/03/26,22:00,1.042,-,3.23
2024/03/26,23:00,1.22,-,3.31
2024/03/27,00:00,1.254,-,3.38
2024/03/27,01:00,1.16,-,3.31
2024/03/27,02:00,0.956,-,3.14
2024/03/27,03:00,0.676,-,2.89
2024/03/27,04:00,0.39,-,2.69
2024/03/27,05:00,0.174,-,2.42
2024/03/27,06:00,0.067,-,2.29
2024/03/27,07:00,0.086,-,2.24
2024/03/27,08:00,0.24,-,2.4
2024/03/27,09:00,0.501,-,2.6
2024/03/27,10:00,0.776,-,2.87
2024/03/27,11:00,0.966,-,3.09
2024/03/27,12:00,1.03,-,3.12
2024/03/27,13:00,0.978,-,3.05
2024/03/27,14:00,0.824,-,2.81
2024/03/27,15:00,0.589,-,2.43
2024/03/27,16:00,0.328,-,2.21
2024/03/27,17:00,0.124,-,1.99
2024/03/27,18:00,0.034,-,1.85
2024/03/27,19:00,0.078,-,1.92
2024/03/27,20:00,0.261,-,2.12
2024/03/27,21:00,0.56,-,2.42
2024/03/27,22:00,0.895,-,2.67
2024/03/27,23:00,1.151,-,2.84
2024/03/28,00:00,1.262,-,2.97
2024/03/28,01:00,1.232,-,2.94
2024/03/28,02:00,1.09,-,2.79
2024/03/28,03:00,0.86,-,2.43
2024/03/28,04:00,0.582,-,2.14
2024/03/28,05:00,0.327,-,1.83
2024/03/28,06:00,0.157,-,1.62
2024/03/28,07:00,0.1,-,1.6
2024/03/28,08:00,0.163,-,1.59
2024/03/28,09:00,0.346,-,1.8
2024/03/28,10:00,0.605,-,2.05
2024/03/28,11:00,0.844,-,2.2
2024/03/28,12:00,0.976,-,2.32
2024/03/28,13:00,0.983,-,2.3
2024/03/28,14:00,0.887,-,2.13
2024/03/28,15:00,0.71,-,1.75
2024/03/28,16:00,0.475,-,1.39
2024/03/28,17:00,0.245,-,1.15
2024/03/28,18:00,0.093,-,1.01
2024/03/28,19:00,0.064,-,1.1
2024/03/28,20:00,0.165,-,1.21
2024/03/28,21:00,0.391,-,1.35
2024/03/28,22:00,0.704,-,1.62
2024/03/28,23:00,1.014,-,1.8
2024/03/29,00:00,1.215,-,2.05
2024/03/29,01:00,1.262,-,2.08
2024/03/29,02:00,1.18,-,2.01
2024/03/29,03:00,1.009,-,1.94
2024/03/29,04:00,0.773,-,1.74
2024/03/29,05:00,0.513,-,1.39
2024/03/29,06:00,0.296,-,1.05
2024/03/29,07:00,0.17,-,0.83
2024/03/29,08:00,0.152,-,0.8
2024/03/29,09:00,0.243,-,0.81
2024/03/29,10:00,0.439,-,1.13
2024/03/29,11:00,0.683,-,1.42
2024/03/29,12:00,0.881,-,1.66
2024/03/29,13:00,0.96,-,1.72
2024/03/29,14:00,0.921,-,1.74
2024/03/29,15:00,0.799,-,1.63
2024/03/29,16:00,0.615,-,1.48
2024/03/29,17:00,0.397,-,1.29
2024/03/29,18:00,0.204,-,1.15
2024/03/29,19:00,0.1,-,1.1
2024/03/29,20:00,0.117,-,1.14
2024/03/29,21:00,0.255,-,1.31
2024/03/29,22:00,0.504,-,1.59
2024/03/29,23:00,0.815,-,1.89
2024/03/30,00:00,1.092,-,2.11
2024/03/30,01:00,1.239,-,2.2
2024/03/30,02:00,1.234,-,2.18
2024/03/30,03:00,1.12,-,2.1
2024/03/30,04:00,0.938,-,1.88
2024/03/30,05:00,0.711,-,1.62
2024/03/30,06:00,0.477,-,1.34
2024/03/30,07:00,0.293,-,1.16
2024/03/30,08:00,0.198,-,1.03
2024/03/30,09:00,0.202,-,0.99
2024/03/30,10:00,0.308,-,1.11
2024/03/30,11:00,0.506,-,1.34
2024/03/30,12:00,0.732,-,1.58
2024/03/30,13:00,0.891,-,1.76
2024/03/30,14:00,0.928,-,1.78
2024/03/30,15:00,0.862,-,1.69
2024/03/30,16:00,0.731,-,1.5
2024/03/30,17:00,0.555,-,1.3
2024/03/30,18:00,0.358,-,1.1
2024/03/30,19:00,0.197,-,0.93
2024/03/30,20:00,0.127,-,0.85
2024/03/30,21:00,0.171,-,0.88
2024/03/30,22:00,0.33,-,1.03
2024/03/30,23:00,0.587,-,1.26
2024/03/31,00:00,0.889,-,1.58
2024/03/31,01:00,1.133,-,1.93
2024/03/31,02:00,1.236,-,1.93
2024/03/31,03:00,1.2,-,1.88
2024/03/31,04:00,1.074,-,1.69
2024/03/31,05:00,0.896,-,1.46
2024/03/31,06:00,0.683,-,1.1
2024/03/31,07:00,0.469,-,0.84
2024/03/31,08:00,0.304,-,0.61
2024/03/31,09:00,0.223,-,0.51
2024/03/31,10:00,0.235,-,0.49
2024/03/31,11:00,0.348,-,0.59
2024/03/31,12:00,0.545,-,0.76
2024/03/31,13:00,0.754,-,1.01
2024/03/31,14:00,0.884,-,1.2
2024/03/31,15:00,0.898,-,1.23
2024/03/31,16:00,0.823,-,1.2
2024/03/31,17:00,0.698,-,1.05
2024/03/31,18:00,0.534,-,0.91
2024/03/31,19:00,0.353,-,0.71
2024/03/31,20:00,0.209,-,0.59
2024/03/31,21:00,0.155,-,0.59
2024/03/31,22:00,0.21,-,0.62
2024/03/31,23:00,0.376,-,0.92
2024/04/01,00:00,0.635,-,1.13
2024/04/01,01:00,0.925,-,1.48
2024/04/01,02:00,1.144,-,1.66
2024/04/01,03:00,1.223,-,1.78
2024/04/01,04:00,1.177,-,1.79
2024/04/01,05:00,1.058,-,1.75
2024/04/01,06:00,0.89,-,1.69
2024/04/01,07:00,0.685,-,1.55
2024/04/01,08:00,0.476,-,1.38
2024/04/01,09:00,0.314,-,1.3
2024/04/01,10:00,0.232,-,1.26
2024/04/01,11:00,0.244,-,1.27
2024/04/01,12:00,0.359,-,1.43
2024/04/01,13:00,0.556,-,1.74
2024/04/01,14:00,0.757,-,1.98
2024/04/01,15:00,0.875,-,2.05
2024/04/01,16:00,0.886,-,1.96
2024/04/01,17:00,0.821,-,1.95
2024/04/01,18:00,0.707,-,1.81
2024/04/01,19:00,0.549,-,1.66
2024/04/01,20:00,0.369,-,1.5
2024/04/01,21:00,0.226,-,1.46
2024/04/01,22:00,0.17,-,1.43
2024/04/01,23:00,0.223,-,1.43
2024/04/02,00:00,0.387,-,1.59
2024/04/02,01:00,0.645,-,1.87
2024/04/02,02:00,0.928,-,2.22
2024/04/02,03:00,1.137,-,2.37
2024/04/02,04:00,1.215,-,2.41
2024/04/02,05:00,1.181,-,2.42
2024/04/02,06:00,1.076,-,2.35
2024/04/02,07:00,0.914,-,2.17
2024/04/02,08:00,0.703,-,2
2024/04/02,09:00,0.483,-,1.78
2024/04/02,10:00,0.309,-,1.61
2024/04/02,11:00,0.217,-,1.51
2024/04/02,12:00,0.225,-,1.51
2024/04/02,13:00,0.344,-,1.56
2024/04/02,14:00,0.548,-,1.74
2024/04/02,15:00,0.756,-,1.93
2024/04/02,16:00,0.884,-,2.15
2024/04/02,17:00,0.911,-,2.26
2024/04/02,18:00,0.864,-,2.31
2024/04/02,19:00,0.756,-,2.14
2024/04/02,20:00,0.589,-,2
2024/04/02,21:00,0.394,-,1.93
2024/04/02,22:00,0.235,-,1.82
2024/04/02,23:00,0.165,-,1.77
2024/04/03,00:00,0.203,-,1.69
2024/04/03,01:00,0.36,-,1.83
2024/04/03,02:00,0.619,-,2.11
2024/04/03,03:00,0.907,-,2.44
2024/04/03,04:00,1.127,-,2.6
2024/04/03,05:00,1.223,-,2.71
2024/04/03,06:00,1.212,-,2.69
2024/04/03,07:00,1.119,-,2.69
2024/04/03,08:00,0.949,-,2.5
2024/04/03,09:00,0.718,-,2.32
2024/04/03,10:00,0.476,-,2.16
2024/04/03,11:00,0.283,-,2.02
2024/04/03,12:00,0.176,-,1.93
2024/04/03,13:00,0.18,-,1.99
2024/04/03,14:00,0.31,-,2.28
2024/04/03,15:00,0.537,-,2.58
2024/04/03,16:00,0.772,-,2.81
2024/04/03,17:00,0.93,-,2.92
2024/04/03,18:00,0.984,-,3.06
2024/04/03,19:00,0.95,-,3.01
2024/04/03,20:00,0.835,-,3.04
2024/04/03,21:00,0.642,-,2.83
2024/04/03,22:00,0.418,-,2.63
2024/04/03,23:00,0.231,-,2.43
2024/04/04,00:00,0.134,-,2.24
2024/04/04,01:00,0.151,-,2.01
2024/04/04,02:00,0.3,-,1.95
2024/04/04,03:00,0.568,-,2.11
2024/04/04,04:00,0.877,-,2.28
2024/04/04,05:00,1.125,-,2.65
2024/04/04,06:00,1.251,-,2.94
2024/04/04,07:00,1.261,-,3.18
2024/04/04,08:00,1.168,-,3.04
2024/04/04,09:00,0.978,-,2.74
2024/04/04,10:00,0.716,-,2.54
2024/04/04,11:00,0.446,-,2.29
2024/04/04,12:00,0.231,-,2.21
2024/04/04,13:00,0.11,-,2.06
2024/04/04,14:00,0.119,-,2.05
2024/04/04,15:00,0.276,-,2.21
2024/04/04,16:00,0.545,-,2.52
2024/04/04,17:00,0.826,-,2.77
2024/04/04,18:00,1.022,-,2.77
2024/04/04,19:00,1.101,-,2.96
2024/04/04,20:00,1.068,-,3.06
2024/04/04,21:00,0.927,-,2.84
2024/04/04,22:00,0.697,-,2.51
2024/04/04,23:00,0.433,-,2.12
2024/04/05,00:00,0.21,-,1.89
2024/04/05,01:00,0.079,-,1.74
2024/04/05,02:00,0.073,-,1.7
2024/04/05,03:00,0.22,-,1.87
2024/04/05,04:00,0.51,-,2.07
2024/04/05,05:00,0.855,-,2.36
2024/04/05,06:00,1.138,-,2.7
2024/04/05,07:00,1.291,-,2.86
2024/04/05,08:00,1.31,-,2.83
2024/04/05,09:00,1.204,-,2.69
2024/04/05,10:00,0.982,-,2.39
2024/04/05,11:00,0.686,-,2.05
2024/04/05,12:00,0.389,-,1.72
2024/04/05,13:00,0.155,-,1.46
2024/04/05,14:00,0.029,-,1.35
2024/04/05,15:00,0.057,-,1.34
2024/04/05,16:00,0.261,-,1.48
2024/04/05,17:00,0.591,-,1.74
2024/04/05,18:00,0.924,-,2.06
2024/04/05,19:00,1.155,-,2.42
2024/04/05,20:00,1.244,-,2.49
2024/04/05,21:00,1.195,-,2.44
2024/04/05,22:00,1.018,-,2.16
2024/04/05,23:00,0.741,-,1.72
2024/04/06,00:00,0.434,-,1.33
2024/04/06,01:00,0.171,-,1.04
2024/04/06,02:00,0.006,-,0.73
2024/04/06,03:00,-0.017,-,0.67
2024/04/06,04:00,0.142,-,0.77
2024/04/06,05:00,0.466,-,1.05
2024/04/06,06:00,0.851,-,1.41
2024/04/06,07:00,1.163,-,1.73
2024/04/06,08:00,1.329,-,1.9
2024/04/06,09:00,1.341,-,1.89
2024/04/06,10:00,1.209,-,1.83
2024/04/06,11:00,0.952,-,1.61
2024/04/06,12:00,0.625,-,1.23
2024/04/06,13:00,0.307,-,0.9
2024/04/06,14:00,0.063,-,0.59
2024/04/06,15:00,-0.051,-,0.45
2024/04/06,16:00,0.018,-,0.55
2024/04/06,17:00,0.286,-,0.85
2024/04/06,18:00,0.681,-,1.26
2024/04/06,19:00,1.06,-,1.61
2024/04/06,20:00,1.308,-,1.81
2024/04/06,21:00,1.389,-,1.85
2024/04/06,22:00,1.31,-,1.77
2024/04/06,23:00,1.089,-,1.59
2024/04/07,00:00,0.767,-,1.29
2024/04/07,01:00,0.419,-,0.97
2024/04/07,02:00,0.121,-,0.75
2024/04/07,03:00,-0.07,-,0.69
2024/04/07,04:00,-0.094,-,0.7
2024/04/07,05:00,0.091,-,0.81
2024/04/07,06:00,0.453,-,1.24
2024/04/07,07:00,0.867,-,1.67
2024/04/07,08:00,1.191,-,2.07
2024/04/07,09:00,1.35,-,2.21
2024/04/07,10:00,1.34,-,2.2
2024/04/07,11:00,1.176,-,2.09
2024/04/07,12:00,0.888,-,1.84
2024/04/07,13:00,0.538,-,1.52
2024/04/07,14:00,0.211,-,1.24
2024/04/07,15:00,-0.025,-,1.06
2024/04/07,16:00,-0.108,-,1.03
2024/04/07,17:00,0.019,-,1.17
2024/04/07,18:00,0.357,-,1.56
2024/04/07,19:00,0.806,-,1.98
2024/04/07,20:00,1.208,-,2.38
2024/04/07,21:00,1.451,-,2.55
2024/04/07,22:00,1.507,-,2.61
2024/04/07,23:00,1.391,-,2.49
2024/04/08,00:00,1.128,-,2.22
2024/04/08,01:00,0.769,-,1.9
2024/04/08,02:00,0.391,-,1.54
2024/04/08,03:00,0.071,-,1.28
2024/04/08,04:00,-0.126,-,1.12
2024/04/08,05:00,-0.136,-,1.09
2024/04/08,06:00,0.082,-,1.3
2024/04/08,07:00,0.474,-,1.73
2024/04/08,08:00,0.897,-,2.19
2024/04/08,09:00,1.208,-,2.51
2024/04/08,10:00,1.344,-,2.61
2024/04/08,11:00,1.304,-,2.57
2024/04/08,12:00,1.11,-,2.36
2024/04/08,13:00,0.797,-,2.02
2024/04/08,14:00,0.438,-,1.64
2024/04/08,15:00,0.119,-,1.32
2024/04/08,16:00,-0.089,-,1.14
2024/04/08,17:00,-0.123,-,1.09
2024/04/08,18:00,0.067,-,1.28
2024/04/08,19:00,0.463,-,1.73
2024/04/08,20:00,0.941,-,2.23
2024/04/08,21:00,1.338,-,2.62
2024/04/08,22:00,1.554,-,2.76
2024/04/08,23:00,1.576,-,2.75
2024/04/09,00:00,1.424,-,2.6
2024/04/09,01:00,1.129,-,2.32
2024/04/09,02:00,0.747,-,1.96
2024/04/09,03:00,0.359,-,1.61
2024/04/09,04:00,0.04,-,1.33
2024/04/09,05:00,-0.144,-,1.18
2024/04/09,06:00,-0.127,-,1.17
2024/04/09,07:00,0.118,-,1.36
2024/04/09,08:00,0.521,-,1.78
2024/04/09,09:00,0.929,-,2.22
2024/04/09,10:00,1.208,-,2.49
2024/04/09,11:00,1.308,-,2.59
2024/04/09,12:00,1.238,-,2.48
2024/04/09,13:00,1.02,-,2.25
2024/04/09,14:00,0.696,-,1.89
2024/04/09,15:00,0.346,-,1.53
2024/04/09,16:00,0.054,-,1.26
2024/04/09,17:00,-0.111,-,1.11
2024/04/09,18:00,-0.09,-,1.1
2024/04/09,19:00,0.154,-,1.33
2024/04/09,20:00,0.582,-,1.8
2024/04/09,21:00,1.058,-,2.26
2024/04/09,22:00,1.423,-,2.55
2024/04/09,23:00,1.6,-,2.65
2024/04/10,00:00,1.586,-,2.64
2024/04/10,01:00,1.408,-,2.49
2024/04/10,02:00,1.097,-,2.18
2024/04/10,03:00,0.714,-,1.8
2024/04/10,04:00,0.339,-,1.4
2024/04/10,05:00,0.042,-,1.15
2024/04/10,06:00,-0.115,-,1.02
2024/04/10,07:00,-0.071,-,1
2024/04/10,08:00,0.188,-,1.23
2024/04/10,09:00,0.579,-,1.6
2024/04/10,10:00,0.951,-,2.01
2024/04/10,11:00,1.186,-,2.23
2024/04/10,12:00,1.25,-,2.29
2024/04/10,13:00,1.154,-,2.19
2024/04/10,14:00,0.923,-,1.97
2024/04/10,15:00,0.605,-,1.6
2024/04/10,16:00,0.282,-,1.25
2024/04/10,17:00,0.033,-,1.02
2024/04/10,18:00,-0.083,-,0.94
2024/04/10,19:00,-0.016,-,1.04
2024/04/10,20:00,0.26,-,1.37
2024/04/10,21:00,0.689,-,1.85
2024/04/10,22:00,1.133,-,2.28
2024/04/10,23:00,1.451,-,2.59
2024/04/11,00:00,1.584,-,2.7
2024/04/11,01:00,1.541,-,2.64
2024/04/11,02:00,1.35,-,2.46
2024/04/11,03:00,1.042,-,2.13
2024/04/11,04:00,0.682,-,1.73
2024/04/11,05:00,0.342,-,1.43
2024/04/11,06:00,0.081,-,1.21
2024/04/11,07:00,-0.046,-,1.16
2024/04/11,08:00,0.016,-,1.24
2024/04/11,09:00,0.272,-,1.51
2024/04/11,10:00,0.633,-,1.9
2024/04/11,11:00,0.957,-,2.23
2024/04/11,12:00,1.146,-,2.49
2024/04/11,13:00,1.178,-,2.49
2024/04/11,14:00,1.068,-,2.49
2024/04/11,15:00,0.838,-,2.21
2024/04/11,16:00,0.542,-,1.93
2024/04/11,17:00,0.26,-,1.63
2024/04/11,18:00,0.059,-,1.44
2024/04/11,19:00,-0.015,-,1.38
2024/04/11,20:00,0.08,-,1.51
2024/04/11,21:00,0.361,-,1.82
2024/04/11,22:00,0.766,-,2.37
2024/04/11,23:00,1.16,-,2.82
2024/04/12,00:00,1.423,-,2.93
2024/04/12,01:00,1.516,-,3.06
2024/04/12,02:00,1.456,-,2.92
2024/04/12,03:00,1.268,-,2.88
2024/04/12,04:00,0.984,-,2.61
2024/04/12,05:00,0.664,-,2.23
2024/04/12,06:00,0.37,-,1.87
2024/04/12,07:00,0.147,-,1.57
2024/04/12,08:00,0.044,-,1.56
2024/04/12,09:00,0.112,-,1.54
2024/04/12,10:00,0.352,-,1.74
2024/04/12,11:00,0.675,-,1.98
2024/04/12,12:00,0.949,-,2.27
2024/04/12,13:00,1.096,-,2.44
2024/04/12,14:00,1.106,-,2.46
2024/04/12,15:00,0.993,-,2.22
2024/04/12,16:00,0.779,-,1.96
2024/04/12,17:00,0.518,-,1.7
2024/04/12,18:00,0.28,-,1.39
2024/04/12,19:00,0.12,-,1.14
2024/04/12,20:00,0.073,-,1.11
2024/04/12,21:00,0.176,-,1.14
2024/04/12,22:00,0.442,-,1.33
2024/04/12,23:00,0.807,-,1.74
2024/04/13,00:00,1.143,-,2.11
2024/04/13,01:00,1.354,-,2.35
2024/04/13,02:00,1.417,-,2.35
2024/04/13,03:00,1.355,-,2.21
2024/04/13,04:00,1.185,-,1.96
2024/04/13,05:00,0.938,-,1.65
2024/04/13,06:00,0.664,-,1.37
2024/04/13,07:00,0.413,-,1.15
2024/04/13,08:00,0.221,-,0.89
2024/04/13,09:00,0.131,-,0.72
2024/04/13,10:00,0.198,-,0.75
2024/04/13,11:00,0.417,-,0.93
2024/04/13,12:00,0.699,-,1.2
2024/04/13,13:00,0.928,-,1.56
2024/04/13,14:00,1.045,-,1.73
2024/04/13,15:00,1.046,-,1.75
2024/04/13,16:00,0.943,-,1.53
2024/04/13,17:00,0.755,-,1.29
2024/04/13,18:00,0.531,-,1.04
2024/04/13,19:00,0.332,-,0.81
2024/04/13,20:00,0.199,-,0.68
2024/04/13,21:00,0.162,-,0.64
2024/04/13,22:00,0.258,-,0.74
2024/04/13,23:00,0.498,-,0.97
2024/04/14,00:00,0.816,-,1.25
2024/04/14,01:00,1.096,-,1.51
2024/04/14,02:00,1.264,-,1.67
2024/04/14,03:00,1.312,-,1.69
2024/04/14,04:00,1.26,-,1.62
2024/04/14,05:00,1.118,-,1.44
2024/04/14,06:00,0.908,-,1.19
2024/04/14,07:00,0.675,-,0.93
2024/04/14,08:00,0.457,-,0.73
2024/04/14,09:00,0.283,-,0.61
2024/04/14,10:00,0.201,-,0.56
2024/04/14,11:00,0.264,-,0.62
2024/04/14,12:00,0.462,-,0.76
2024/04/14,13:00,0.708,-,1.01
2024/04/14,14:00,0.903,-,1.23
2024/04/14,15:00,1.003,-,1.33
2024/04/14,16:00,1.009,-,1.34
2024/04/14,17:00,0.925,-,1.25
2024/04/14,18:00,0.763,-,1.05
2024/04/14,19:00,0.568,-,0.85
2024/04/14,20:00,0.394,-,0.72
2024/04/14,21:00,0.274,-,0.66
2024/04/14,22:00,0.236,-,0.65
2024/04/14,23:00,0.319,-,0.72
2024/04/15,00:00,0.53,-,0.94
2024/04/15,01:00,0.803,-,1.24
2024/04/15,02:00,1.037,-,1.5
2024/04/15,03:00,1.177,-,1.67
2024/04/15,04:00,1.225,-,1.71
2024/04/15,05:00,1.191,-,1.73
2024/04/15,06:00,1.074,-,1.59
2024/04/15,07:00,0.892,-,1.31
2024/04/15,08:00,0.684,-,1.05
2024/04/15,09:00,0.484,-,0.84
2024/04/15,10:00,0.321,-,0.72
2024/04/15,11:00,0.245,-,0.62
2024/04/15,12:00,0.306,-,0.72
2024/04/15,13:00,0.489,-,0.94
2024/04/15,14:00,0.71,-,1.19
2024/04/15,15:00,0.885,-,1.37
2024/04/15,16:00,0.983,-,1.49
2024/04/15,17:00,1.003,-,1.54
2024/04/15,18:00,0.936,-,1.47
2024/04/15,19:00,0.791,-,1.61
2024/04/15,20:00,0.612,-,1.12
2024/04/15,21:00,0.448,-,0.93
2024/04/15,22:00,0.33,-,1.01
2024/04/15,23:00,0.287,-,1.01
2024/04/16,00:00,0.357,-,0.95
2024/04/16,01:00,0.543,-,1.14
2024/04/16,02:00,0.781,-,1.47
2024/04/16,03:00,0.983,-,1.76
2024/04/16,04:00,1.113,-,2
2024/04/16,05:00,1.17,-,2.09
2024/04/16,06:00,1.152,-,2.08
2024/04/16,07:00,1.049,-,1.79
2024/04/16,08:00,0.877,-,1.75
2024/04/16,09:00,0.678,-,1.51
2024/04/16,10:00,0.486,-,1.34
2024/04/16,11:00,0.331,-,1.22
2024/04/16,12:00,0.264,-,1.22
2024/04/16,13:00,0.33,-,1.29
2024/04/16,14:00,0.507,-,1.46
2024/04/16,15:00,0.716,-,1.66
2024/04/16,16:00,0.887,-,1.84
2024/04/16,17:00,0.996,-,1.92
2024/04/16,18:00,1.028,-,1.92
2024/04/16,19:00,0.968,-,1.81
2024/04/16,20:00,0.825,-,1.64
2024/04/16,21:00,0.646,-,1.45
2024/04/16,22:00,0.482,-,1.3
2024/04/16,23:00,0.361,-,1.16
2024/04/17,00:00,0.312,-,1.16
2024/04/17,01:00,0.373,-,1.18
2024/04/17,02:00,0.542,-,1.39
2024/04/17,03:00,0.759,-,1.67
2024/04/17,04:00,0.949,-,1.88
2024/04/17,05:00,1.082,-,2.02
2024/04/17,06:00,1.15,-,2.11
2024/04/17,07:00,1.137,-,2.12
2024/04/17,08:00,1.029,-,1.99
2024/04/17,09:00,0.851,-,1.8
2024/04/17,10:00,0.65,-,1.61
2024/04/17,11:00,0.462,-,1.43
2024/04/17,12:00,0.316,-,1.34
2024/04/17,13:00,0.264,-,1.32
2024/04/17,14:00,0.344,-,1.39
2024/04/17,15:00,0.529,-,1.5
2024/04/17,16:00,0.743,-,1.75
2024/04/17,17:00,0.923,-,1.91
2024/04/17,18:00,1.043,-,1.98
2024/04/17,19:00,1.078,-,1.99
2024/04/17,20:00,1.007,-,1.85
2024/04/17,21:00,0.849,-,1.62
2024/04/17,22:00,0.66,-,1.46
2024/04/17,23:00,0.489,-,1.33
2024/04/18,00:00,0.363,-,1.2
2024/04/18,01:00,0.311,-,1.19
2024/04/18,02:00,0.37,-,1.28
2024/04/18,03:00,0.537,-,1.53
2024/04/18,04:00,0.752,-,1.75
2024/04/18,05:00,0.945,-,1.97
2024/04/18,06:00,1.085,-,2.12
2024/04/18,07:00,1.156,-,2.2
2024/04/18,08:00,1.129,-,2.11
2024/04/18,09:00,0.999,-,1.95
2024/04/18,10:00,0.804,-,1.7
2024/04/18,11:00,0.597,-,1.52
2024/04/18,12:00,0.413,-,1.38
2024/04/18,13:00,0.282,-,1.27
2024/04/18,14:00,0.254,-,1.28
2024/04/18,15:00,0.363,-,1.38
2024/04/18,16:00,0.573,-,1.62
2024/04/18,17:00,0.805,-,1.87
2024/04/18,18:00,0.998,-,2.14
2024/04/18,19:00,1.118,-,2.28
2024/04/18,20:00,1.138,-,2.35
2024/04/18,21:00,1.039,-,2.34
2024/04/18,22:00,0.853,-,2.27
2024/04/18,23:00,0.647,-,2.15
2024/04/19,00:00,0.467,-,2.01
2024/04/19,01:00,0.336,-,1.97
2024/04/19,02:00,0.287,-,1.98
2024/04/19,03:00,0.358,-,2.1
2024/04/19,04:00,0.541,-,2.33
2024/04/19,05:00,0.768,-,2.57
2024/04/19,06:00,0.971,-,2.82
2024/04/19,07:00,1.113,-,2.99
2024/04/19,08:00,1.169,-,3
2024/04/19,09:00,1.112,-,2.95
2024/04/19,10:00,0.95,-,2.82
2024/04/19,11:00,0.733,-,2.63
2024/04/19,12:00,0.521,-,2.43
2024/04/19,13:00,0.346,-,2.28
2024/04/19,14:00,0.239,-,2.18
2024/04/19,15:00,0.252,-,2.21
2024/04/19,16:00,0.407,-,2.35
2024/04/19,17:00,0.654,-,2.59
2024/04/19,18:00,0.907,-,2.83
2024/04/19,19:00,1.103,-,2.98
2024/04/19,20:00,1.206,-,3.05
2024/04/19,21:00,1.19,-,3.01
2024/04/19,22:00,1.05,-,2.84
2024/04/19,23:00,0.833,-,2.61
2024/04/20,00:00,0.607,-,2.34
2024/04/20,01:00,0.417,-,2.14
2024/04/20,02:00,0.286,-,2.01
2024/04/20,03:00,0.252,-,1.93
2024/04/20,04:00,0.353,-,1.93
2024/04/20,05:00,0.566,-,2
2024/04/20,06:00,0.813,-,2.26
2024/04/20,07:00,1.019,-,2.5
2024/04/20,08:00,1.148,-,2.59
2024/04/20,09:00,1.171,-,2.59
2024/04/20,10:00,1.073,-,2.4
2024/04/20,11:00,0.875,-,2.21
2024/04/20,12:00,0.64,-,1.95
2024/04/20,13:00,0.428,-,1.74
2024/04/20,14:00,0.27,-,1.58
2024/04/20,15:00,0.203,-,1.46
2024/04/20,16:00,0.275,-,1.49
2024/04/20,17:00,0.489,-,1.67
2024/04/20,18:00,0.777,-,1.94
2024/04/20,19:00,1.041,-,2.16
2024/04/20,20:00,1.22,-,2.31
2024/04/20,21:00,1.286,-,2.33
2024/04/20,22:00,1.221,-,2.26
2024/04/20,23:00,1.034,-,2.14
2024/04/21,00:00,0.784,-,1.91
2024/04/21,01:00,0.541,-,1.7
2024/04/21,02:00,0.346,-,1.6
2024/04/21,03:00,0.227,-,1.52
2024/04/21,04:00,0.227,-,1.42
2024/04/21,05:00,0.373,-,1.53
2024/04/21,06:00,0.621,-,1.74
2024/04/21,07:00,0.88,-,2.07
2024/04/21,08:00,1.075,-,2.29
2024/04/21,09:00,1.171,-,2.4
2024/04/21,10:00,1.15,-,2.34
2024/04/21,11:00,1.006,-,2.17
2024/04/21,12:00,0.775,-,1.93
2024/04/21,13:00,0.53,-,1.66
2024/04/21,14:00,0.328,-,1.51
2024/04/21,15:00,0.203,-,1.39
2024/04/21,16:00,0.195,-,1.39
2024/04/21,17:00,0.339,-,1.58
2024/04/21,18:00,0.616,-,1.82
2024/04/21,19:00,0.93,-,2.09
2024/04/21,20:00,1.184,-,2.34
2024/04/21,21:00,1.325,-,2.39
2024/04/21,22:00,1.339,-,2.44
2024/04/21,23:00,1.218,-,2.35
2024/04/22,00:00,0.986,-,2.16
2024/04/22,01:00,0.709,-,1.93
2024/04/22,02:00,0.457,-,1.69
2024/04/22,03:00,0.27,-,1.55
2024/04/22,04:00,0.181,-,1.5
2024/04/22,05:00,0.231,-,1.51
2024/04/22,06:00,0.427,-,1.69
2024/04/22,07:00,0.704,-,1.95
2024/04/22,08:00,0.957,-,2.17
2024/04/22,09:00,1.119,-,2.31
2024/04/22,10:00,1.169,-,2.26
2024/04/22,11:00,1.098,-,2.08
2024/04/22,12:00,0.912,-,1.8
2024/04/22,13:00,0.658,-,1.54
2024/04/22,14:00,0.414,-,1.28
2024/04/22,15:00,0.237,-,1.1
2024/04/22,16:00,0.163,-,0.99
2024/04/22,17:00,0.228,-,1.12
2024/04/22,18:00,0.449,-,1.38
2024/04/22,19:00,0.774,-,1.7
2024/04/22,20:00,1.092,-,1.95
2024/04/22,21:00,1.311,-,2.15
2024/04/22,22:00,1.397,-,2.14
2024/04/22,23:00,1.351,-,2.09
2024/04/23,00:00,1.176,-,1.92
2024/04/23,01:00,0.908,-,1.67
2024/04/23,02:00,0.616,-,1.38
2024/04/23,03:00,0.369,-,1.15
2024/04/23,04:00,0.208,-,0.98
2024/04/23,05:00,0.165,-,0.94
2024/04/23,06:00,0.273,-,1.12
2024/04/23,07:00,0.515,-,1.36
2024/04/23,08:00,0.8,-,1.68
2024/04/23,09:00,1.026,-,1.89
2024/04/23,10:00,1.141,-,2.05
2024/04/23,11:00,1.139,-,2.05
2024/04/23,12:00,1.02,-,1.91
2024/04/23,13:00,0.8,-,1.67
2024/04/23,14:00,0.535,-,1.41
2024/04/23,15:00,0.308,-,1.18
2024/04/23,16:00,0.173,-,1.06
2024/04/23,17:00,0.164,-,1.02
2024/04/23,18:00,0.307,-,1.21
2024/04/23,19:00,0.592,-,1.53
2024/04/23,20:00,0.941,-,1.9
2024/04/23,21:00,1.236,-,2.18
2024/04/23,22:00,1.4,-,2.29
2024/04/23,23:00,1.424,-,2.26
2024/04/24,00:00,1.32,-,2.13
2024/04/24,01:00,1.101,-,1.96
2024/04/24,02:00,0.809,-,1.74
2024/04/24,03:00,0.518,-,1.49
2024/04/24,04:00,0.295,-,1.3
2024/04/24,05:00,0.176,-,1.22
2024/04/24,06:00,0.19,-,1.29
2024/04/24,07:00,0.352,-,1.5
2024/04/24,08:00,0.62,-,1.72
2024/04/24,09:00,0.893,-,2
2024/04/24,10:00,1.075,-,2.23
2024/04/24,11:00,1.135,-,2.34
2024/04/24,12:00,1.082,-,2.21
2024/04/24,13:00,0.923,-,2.02
2024/04/24,14:00,0.681,-,1.8
2024/04/24,15:00,0.423,-,1.54
2024/04/24,16:00,0.228,-,1.32
2024/04/24,17:00,0.149,-,1.18
2024/04/24,18:00,0.21,-,1.19
2024/04/24,19:00,0.42,-,1.39
2024/04/24,20:00,0.748,-,1.75
2024/04/24,21:00,1.093,-,2.13
2024/04/24,22:00,1.343,-,2.34
2024/04/24,23:00,1.444,-,2.49
2024/04/25,00:00,1.406,-,2.35
2024/04/25,01:00,1.253,-,2.23
2024/04/25,02:00,1.004,-,1.93
2024/04/25,03:00,0.706,-,1.62
2024/04/25,04:00,0.434,-,1.31
2024/04/25,05:00,0.25,-,1.16
2024/04/25,06:00,0.181,-,1.13
2024/04/25,07:00,0.248,-,1.2
2024/04/25,08:00,0.449,-,1.42
2024/04/25,09:00,0.724,-,1.71
2024/04/25,10:00,0.966,-,1.98
2024/04/25,11:00,1.096,-,2.12
2024/04/25,12:00,1.103,-,2.18
2024/04/25,13:00,1.007,-,2.08
2024/04/25,14:00,0.819,-,1.89
2024/04/25,15:00,0.572,-,1.69
2024/04/25,16:00,0.336,-,1.51
2024/04/25,17:00,0.187,-,1.37
2024/04/25,18:00,0.167,-,1.4
2024/04/25,19:00,0.289,-,1.62
2024/04/25,20:00,0.547,-,1.95
2024/04/25,21:00,0.891,-,2.25
2024/04/25,22:00,1.211,-,2.47
2024/04/25,23:00,1.406,-,2.63
2024/04/26,00:00,1.444,-,2.72
2024/04/26,01:00,1.355,-,2.7
2024/04/26,02:00,1.167,-,2.51
2024/04/26,03:00,0.903,-,2.28
2024/04/26,04:00,0.616,-,2.01
2024/04/26,05:00,0.378,-,1.77
2024/04/26,06:00,0.237,-,1.7
2024/04/26,07:00,0.214,-,1.66
2024/04/26,08:00,0.321,-,1.78
2024/04/26,09:00,0.544,-,1.95
2024/04/26,10:00,0.81,-,2.21
2024/04/26,11:00,1.013,-,2.4
2024/04/26,12:00,1.092,-,2.47
2024/04/26,13:00,1.054,-,2.4
2024/04/26,14:00,0.927,-,2.19
2024/04/26,15:00,0.725,-,1.94
2024/04/26,16:00,0.488,-,1.7
2024/04/26,17:00,0.285,-,1.48
2024/04/26,18:00,0.184,-,1.38
2024/04/26,19:00,0.215,-,1.36
2024/04/26,20:00,0.38,-,1.51
2024/04/26,21:00,0.666,-,1.79
2024/04/26,22:00,1.006,-,2.02
2024/04/26,23:00,1.29,-,2.3
2024/04/27,00:00,1.428,-,2.4
2024/04/27,01:00,1.414,-,2.44
2024/04/27,02:00,1.287,-,2.29
2024/04/27,03:00,1.08,-,2.09
2024/04/27,04:00,0.818,-,1.73
2024/04/27,05:00,0.553,-,1.51
2024/04/27,06:00,0.35,-,1.27
2024/04/27,07:00,0.247,-,1.23
2024/04/27,08:00,0.258,-,1.2
2024/04/27,09:00,0.39,-,1.28
2024/04/27,10:00,0.622,-,1.54
2024/04/27,11:00,0.87,-,1.75
2024/04/27,12:00,1.034,-,1.91
2024/04/27,13:00,1.071,-,1.9
2024/04/27,14:00,1.001,-,1.85
2024/04/27,15:00,0.856,-,1.65
2024/04/27,16:00,0.655,-,1.4
2024/04/27,17:00,0.437,-,1.16
2024/04/27,18:00,0.269,-,0.95
2024/04/27,19:00,0.208,-,0.9
2024/04/27,20:00,0.272,-,0.92
2024/04/27,21:00,0.463,-,1.13
2024/04/27,22:00,0.759,-,1.41
2024/04/27,23:00,1.085,-,1.75
2024/04/28,00:00,1.331,-,1.97
2024/04/28,01:00,1.422,-,2.08
2024/04/28,02:00,1.37,-,2.06
2024/04/28,03:00,1.223,-,1.97
2024/04/28,04:00,1.011,-,1.72
2024/04/28,05:00,0.76,-,1.4
2024/04/28,06:00,0.519,-,1.17
2024/04/28,07:00,0.343,-,0.98
2024/04/28,08:00,0.264,-,0.95
2024/04/28,09:00,0.294,-,0.96
2024/04/28,10:00,0.442,-,1.06
2024/04/28,11:00,0.676,-,1.29
2024/04/28,12:00,0.907,-,1.54
2024/04/28,13:00,1.039,-,1.68
2024/04/28,14:00,1.045,-,1.64
2024/04/28,15:00,0.959,-,1.52
2024/04/28,16:00,0.811,-,1.29
2024/04/28,17:00,0.619,-,1.08
2024/04/28,18:00,0.42,-,0.89
2024/04/28,19:00,0.278,-,0.75
2024/04/28,20:00,0.24,-,0.7
2024/04/28,21:00,0.32,-,0.78
2024/04/28,22:00,0.521,-,0.97
2024/04/28,23:00,0.818,-,1.26
2024/04/29,00:00,1.129,-,1.54
2024/04/29,01:00,1.341,-,1.74
2024/04/29,02:00,1.399,-,1.81
2024/04/29,03:00,1.327,-,1.78
2024/04/29,04:00,1.176,-,1.64
2024/04/29,05:00,0.969,-,1.45
2024/04/29,06:00,0.73,-,1.21
2024/04/29,07:00,0.504,-,1.02
2024/04/29,08:00,0.341,-,0.84
2024/04/29,09:00,0.272,-,0.78
2024/04/29,10:00,0.313,-,0.84
2024/04/29,11:00,0.472,-,1.02
2024/04/29,12:00,0.709,-,1.27
2024/04/29,13:00,0.927,-,1.53
2024/04/29,14:00,1.039,-,1.64
2024/04/29,15:00,1.032,-,1.69
2024/04/29,16:00,0.944,-,1.61
2024/04/29,17:00,0.801,-,1.46
2024/04/29,18:00,0.617,-,1.27
2024/04/29,19:00,0.429,-,1.09
2024/04/29,20:00,0.297,-,1
2024/04/29,21:00,0.263,-,0.98
2024/04/29,22:00,0.345,-,1.07
2024/04/29,23:00,0.549,-,1.33
2024/04/30,00:00,0.843,-,1.61
2024/04/30,01:00,1.139,-,1.89
2024/04/30,02:00,1.329,-,2.05
2024/04/30,03:00,1.371,-,2.14
2024/04/30,04:00,1.297,-,2.11
2024/04/30,05:00,1.153,-,1.97
2024/04/30,06:00,0.953,-,1.76
2024/04/30,07:00,0.717,-,1.53
2024/04/30,08:00,0.492,-,1.32
2024/04/30,09:00,0.331,-,1.18
2024/04/30,10:00,0.263,-,1.13
2024/04/30,11:00,0.312,-,1.19
2024/04/30,12:00,0.484,-,1.44
2024/04/30,13:00,0.729,-,1.71
2024/04/30,14:00,0.945,-,1.93
2024/04/30,15:00,1.051,-,2.05
2024/04/30,16:00,1.047,-,2.09
2024/04/30,17:00,0.967,-,1.98
2024/04/30,18:00,0.83,-,1.83
2024/04/30,19:00,0.645,-,1.63
2024/04/30,20:00,0.452,-,1.43
2024/04/30,21:00,0.312,-,1.32
2024/04/30,22:00,0.268,-,1.26
2024/04/30,23:00,0.343,-,1.32
2024/05/01,00:00,0.542,-,1.5
2024/05/01,01:00,0.834,-,1.79
2024/05/01,02:00,1.121,-,2.07
2024/05/01,03:00,1.302,-,2.22
2024/05/01,04:00,1.346,-,2.26
2024/05/01,05:00,1.285,-,2.24
2024/05/01,06:00,1.151,-,2.1
2024/05/01,07:00,0.95,-,1.89
2024/05/01,08:00,0.706,-,1.62
2024/05/01,09:00,0.472,-,1.39
2024/05/01,10:00,0.304,-,1.23
2024/05/01,11:00,0.237,-,1.18
2024/05/01,12:00,0.297,-,1.24
2024/05/01,13:00,0.487,-,1.46
2024/05/01,14:00,0.747,-,1.72
2024/05/01,15:00,0.973,-,1.95
2024/05/01,16:00,1.09,-,2.06
2024/05/01,17:00,1.101,-,2.08
2024/05/01,18:00,1.033,-,2.03
2024/05/01,19:00,0.892,-,1.87
2024/05/01,20:00,0.69,-,1.69
2024/05/01,21:00,0.476,-,1.48
2024/05/01,22:00,0.315,-,1.34
2024/05/01,23:00,0.252,-,1.29
2024/05/02,00:00,0.312,-,1.34
2024/05/02,01:00,0.505,-,1.57
2024/05/02,02:00,0.794,-,1.86
2024/05/02,03:00,1.082,-,2.11
2024/05/02,04:00,1.271,-,2.26
2024/05/02,05:00,1.331,-,2.34
2024/05/02,06:00,1.288,-,2.35
2024/05/02,07:00,1.158,-,2.22
2024/05/02,08:00,0.946,-,1.96
2024/05/02,09:00,0.684,-,1.7
2024/05/02,10:00,0.436,-,1.5
2024/05/02,11:00,0.261,-,1.37
2024/05/02,12:00,0.197,-,1.33
2024/05/02,13:00,0.273,-,1.41
2024/05/02,14:00,0.488,-,1.64
2024/05/02,15:00,0.775,-,1.95
2024/05/02,16:00,1.025,-,2.17
2024/05/02,17:00,1.167,-,2.29
2024/05/02,18:00,1.197,-,2.33
2024/05/02,19:00,1.131,-,2.25
2024/05/02,20:00,0.972,-,2.07
2024/05/02,21:00,0.74,-,1.82
2024/05/02,22:00,0.495,-,1.57
2024/05/02,23:00,0.305,-,1.37
2024/05/03,00:00,0.215,-,1.21
2024/05/03,01:00,0.255,-,1.19
2024/05/03,02:00,0.442,-,1.4
2024/05/03,03:00,0.736,-,1.68
2024/05/03,04:00,1.037,-,1.98
2024/05/03,05:00,1.245,-,2.21
2024/05/03,06:00,1.327,-,2.34
2024/05/03,07:00,1.297,-,2.28
2024/05/03,08:00,1.16,-,2.17
2024/05/03,09:00,0.926,-,1.91
2024/05/03,10:00,0.643,-,1.6
2024/05/03,11:00,0.384,-,1.32
2024/05/03,12:00,0.205,-,1.17
2024/05/03,13:00,0.149,-,1.12
2024/05/03,14:00,0.247,-,1.35
2024/05/03,15:00,0.498,-,1.71
2024/05/03,16:00,0.825,-,2.09
2024/05/03,17:00,1.11,-,2.41
2024/05/03,18:00,1.279,-,2.58
2024/05/03,19:00,1.322,-,2.63
2024/05/03,20:00,1.245,-,2.59
2024/05/03,21:00,1.055,-,2.46
2024/05/03,22:00,0.784,-,2.23
2024/05/03,23:00,0.504,-,2.02
2024/05/04,00:00,0.281,-,1.83
2024/05/04,01:00,0.16,-,1.73
2024/05/04,02:00,0.181,-,1.8
2024/05/04,03:00,0.367,-,1.98
2024/05/04,04:00,0.676,-,2.33
2024/05/04,05:00,0.999,-,2.64
2024/05/04,06:00,1.231,-,2.9
2024/05/04,07:00,1.33,-,2.95
2024/05/04,08:00,1.3,-,2.9
2024/05/04,09:00,1.146,-,2.72
2024/05/04,10:00,0.887,-,2.42
2024/05/04,11:00,0.585,-,2.11
2024/05/04,12:00,0.318,-,1.83
2024/05/04,13:00,0.141,-,1.69
2024/05/04,14:00,0.099,-,1.61
2024/05/04,15:00,0.23,-,1.69
2024/05/04,16:00,0.528,-,2.02
2024/05/04,17:00,0.902,-,2.38
2024/05/04,18:00,1.224,-,2.66
2024/05/04,19:00,1.413,-,2.81
2024/05/04,20:00,1.453,-,2.84
2024/05/04,21:00,1.352,-,2.76
2024/05/04,22:00,1.123,-,2.53
2024/05/04,23:00,0.813,-,2.18
2024/05/05,00:00,0.498,-,1.86
2024/05/05,01:00,0.243,-,1.62
2024/05/05,02:00,0.095,-,1.48
2024/05/05,03:00,0.105,-,1.44
2024/05/05,04:00,0.301,-,1.6
2024/05/05,05:00,0.634,-,1.93
2024/05/05,06:00,0.982,-,2.28
2024/05/05,07:00,1.23,-,2.51
2024/05/05,08:00,1.333,-,2.59
2024/05/05,09:00,1.29,-,2.58
2024/05/05,10:00,1.111,-,2.38
2024/05/05,11:00,0.828,-,2.09
2024/05/05,12:00,0.514,-,1.79
2024/05/05,13:00,0.245,-,1.52
2024/05/05,14:00,0.076,-,1.37
2024/05/05,15:00,0.057,-,1.38
2024/05/05,16:00,0.233,-,1.59
2024/05/05,17:00,0.586,-,2.01
2024/05/05,18:00,1.005,-,2.41
2024/05/05,19:00,1.351,-,2.71
2024/05/05,20:00,1.542,-,2.85
2024/05/05,21:00,1.565,-,2.86
2024/05/05,22:00,1.43,-,2.71
2024/05/05,23:00,1.164,-,2.41
2024/05/06,00:00,0.821,-,2.05
2024/05/06,01:00,0.478,-,1.68
2024/05/06,02:00,0.197,-,1.44
2024/05/06,03:00,0.032,-,1.27
2024/05/06,04:00,0.045,-,1.23
2024/05/06,05:00,0.264,-,1.34
2024/05/06,06:00,0.625,-,1.72
2024/05/06,07:00,0.988,-,2.09
2024/05/06,08:00,1.237,-,2.35
2024/05/06,09:00,1.328,-,2.4
2024/05/06,10:00,1.262,-,2.32
2024/05/06,11:00,1.057,-,2.06
2024/05/06,12:00,0.756,-,1.72
2024/05/06,13:00,0.437,-,1.38
2024/05/06,14:00,0.173,-,1.11
2024/05/06,15:00,0.021,-,0.97
2024/05/06,16:00,0.038,-,0.97
2024/05/06,17:00,0.266,-,1.16
2024/05/06,18:00,0.67,-,1.61
2024/05/06,19:00,1.119,-,1.99
2024/05/06,20:00,1.467,-,2.28
2024/05/06,21:00,1.64,-,2.45
2024/05/06,22:00,1.634,-,2.47
2024/05/06,23:00,1.466,-,2.3
2024/05/07,00:00,1.169,-,1.95
2024/05/07,01:00,0.804,-,1.55
2024/05/07,02:00,0.445,-,1.21
2024/05/07,03:00,0.153,-,0.94
2024/05/07,04:00,-0.01,-,0.8
2024/05/07,05:00,0.023,-,0.83
2024/05/07,06:00,0.272,-,1.12
2024/05/07,07:00,0.651,-,1.52
2024/05/07,08:00,1.013,-,1.83
2024/05/07,09:00,1.244,-,2.04
2024/05/07,10:00,1.31,-,2.11
2024/05/07,11:00,1.218,-,2.04
2024/05/07,12:00,0.99,-,1.81
2024/05/07,13:00,0.679,-,1.44
2024/05/07,14:00,0.363,-,1.14
2024/05/07,15:00,0.114,-,0.88
2024/05/07,16:00,-0.009,-,0.77
2024/05/07,17:00,0.052,-,0.88
2024/05/07,18:00,0.33,-,1.26
2024/05/07,19:00,0.768,-,1.73
2024/05/07,20:00,1.221,-,2.16
2024/05/07,21:00,1.547,-,2.4
2024/05/07,22:00,1.688,-,2.49
2024/05/07,23:00,1.649,-,2.46
2024/05/08,00:00,1.454,-,2.29
2024/05/08,01:00,1.138,-,2
2024/05/08,02:00,0.766,-,1.62
2024/05/08,03:00,0.408,-,1.26
2024/05/08,04:00,0.125,-,1.05
2024/05/08,05:00,-0.017,-,0.93
2024/05/08,06:00,0.046,-,0.98
2024/05/08,07:00,0.32,-,1.23
2024/05/08,08:00,0.703,-,1.64
2024/05/08,09:00,1.043,-,1.99
2024/05/08,10:00,1.242,-,2.21
2024/05/08,11:00,1.278,-,2.28
2024/05/08,12:00,1.161,-,2.16
2024/05/08,13:00,0.918,-,1.88
2024/05/08,14:00,0.606,-,1.55
2024/05/08,15:00,0.305,-,1.29
2024/05/08,16:00,0.084,-,1.07
2024/05/08,17:00,-0.001,-,1.02
2024/05/08,18:00,0.104,-,1.07
2024/05/08,19:00,0.417,-,1.48
2024/05/08,20:00,0.863,-,1.91
2024/05/08,21:00,1.292,-,2.38
2024/05/08,22:00,1.577,-,2.54
2024/05/08,23:00,1.679,-,2.63
2024/05/09,00:00,1.612,-,2.54
2024/05/09,01:00,1.399,-,2.33
2024/05/09,02:00,1.079,-,1.98
2024/05/09,03:00,0.716,-,1.61
2024/05/09,04:00,0.379,-,1.29
2024/05/09,05:00,0.125,-,1.1
2024/05/09,06:00,0.015,-,1.02
2024/05/09,07:00,0.109,-,1.09
2024/05/09,08:00,0.396,-,1.37
2024/05/09,09:00,0.762,-,1.75
2024/05/09,10:00,1.067,-,2.09
2024/05/09,11:00,1.228,-,2.29
2024/05/09,12:00,1.235,-,2.25
2024/05/09,13:00,1.1,-,2.11
2024/05/09,14:00,0.851,-,1.84
2024/05/09,15:00,0.549,-,1.52
2024/05/09,16:00,0.276,-,1.29
2024/05/09,17:00,0.091,-,1.15
2024/05/09,18:00,0.046,-,1.11
2024/05/09,19:00,0.184,-,1.18
2024/05/09,20:00,0.511,-,1.64
2024/05/09,21:00,0.938,-,2.14
2024/05/09,22:00,1.322,-,2.52
2024/05/09,23:00,1.557,-,2.68
2024/05/10,00:00,1.621,-,2.68
2024/05/10,01:00,1.533,-,2.57
2024/05/10,02:00,1.315,-,2.38
2024/05/10,03:00,1.006,-,2.09
2024/05/10,04:00,0.67,-,1.81
2024/05/10,05:00,0.369,-,1.6
2024/05/10,06:00,0.153,-,1.45
2024/05/10,07:00,0.078,-,1.41
2024/05/10,08:00,0.194,-,1.57
2024/05/10,09:00,0.478,-,1.83
2024/05/10,10:00,0.814,-,2.14
2024/05/10,11:00,1.077,-,2.38
2024/05/10,12:00,1.202,-,2.6
2024/05/10,13:00,1.185,-,2.58
2024/05/10,14:00,1.04,-,2.5
2024/05/10,15:00,0.796,-,2.27
2024/05/10,16:00,0.518,-,2.06
2024/05/10,17:00,0.281,-,1.87
2024/05/10,18:00,0.136,-,1.79
2024/05/10,19:00,0.121,-,1.91
2024/05/10,20:00,0.276,-,2.16
2024/05/10,21:00,0.594,-,2.57
2024/05/10,22:00,0.984,-,2.96
2024/05/10,23:00,1.312,-,3.31
2024/05/11,00:00,1.498,-,3.48
2024/05/11,01:00,1.531,-,3.44
2024/05/11,02:00,1.431,-,3.35
2024/05/11,03:00,1.219,-,3.05
2024/05/11,04:00,0.934,-,2.81
2024/05/11,05:00,0.637,-,2.45
2024/05/11,06:00,0.379,-,2.2
2024/05/11,07:00,0.199,-,2.01
2024/05/11,08:00,0.152,-,1.98
2024/05/11,09:00,0.279,-,2.06
2024/05/11,10:00,0.55,-,2.27
2024/05/11,11:00,0.851,-,2.61
2024/05/11,12:00,1.072,-,2.83
2024/05/11,13:00,1.167,-,2.9
2024/05/11,14:00,1.136,-,2.81
2024/05/11,15:00,0.99,-,2.67
2024/05/11,16:00,0.763,-,2.43
2024/05/11,17:00,0.517,-,2.13
2024/05/11,18:00,0.318,-,1.89
2024/05/11,19:00,0.205,-,1.75
2024/05/11,20:00,0.209,-,1.7
2024/05/11,21:00,0.364,-,1.94
2024/05/11,22:00,0.659,-,2.25
2024/05/11,23:00,1.002,-,2.6
2024/05/12,00:00,1.275,-,2.86
2024/05/12,01:00,1.416,-,2.95
2024/05/12,02:00,1.428,-,2.97
2024/05/12,03:00,1.326,-,2.83
2024/05/12,04:00,1.129,-,2.81
2024/05/12,05:00,0.875,-,2.51
2024/05/12,06:00,0.618,-,2.16
2024/05/12,07:00,0.398,-,1.9
2024/05/12,08:00,0.248,-,1.82
2024/05/12,09:00,0.22,-,1.87
2024/05/12,10:00,0.352,-,2.06
2024/05/12,11:00,0.605,-,2.23
2024/05/12,12:00,0.872,-,2.49
2024/05/12,13:00,1.058,-,2.64
2024/05/12,14:00,1.132,-,2.79
2024/05/12,15:00,1.095,-,2.74
2024/05/12,16:00,0.959,-,2.65
2024/05/12,17:00,0.753,-,2.31
2024/05/12,18:00,0.54,-,2.02
2024/05/12,19:00,0.373,-,1.81
2024/05/12,20:00,0.28,-,1.69
2024/05/12,21:00,0.291,-,1.7
2024/05/12,22:00,0.438,-,1.82
2024/05/12,23:00,0.704,-,2.11
2024/05/13,00:00,1,-,2.39
2024/05/13,01:00,1.223,-,2.64
2024/05/13,02:00,1.33,-,2.67
2024/05/13,03:00,1.33,-,2.65
2024/05/13,04:00,1.234,-,2.51
2024/05/13,05:00,1.056,-,2.32
2024/05/13,06:00,0.831,-,2.03
2024/05/13,07:00,0.606,-,1.77
2024/05/13,08:00,0.414,-,1.54
2024/05/13,09:00,0.286,-,1.43
2024/05/13,10:00,0.274,-,1.44
2024/05/13,11:00,0.409,-,1.55
2024/05/13,12:00,0.647,-,1.8
2024/05/13,13:00,0.884,-,2.04
2024/05/13,14:00,1.043,-,2.16
2024/05/13,15:00,1.105,-,2.18
2024/05/13,16:00,1.072,-,2.15
2024/05/13,17:00,0.948,-,1.97
2024/05/13,18:00,0.764,-,1.77
2024/05/13,19:00,0.576,-,1.54
2024/05/13,20:00,0.428,-,1.39
2024/05/13,21:00,0.344,-,1.32
2024/05/13,22:00,0.355,-,1.29
2024/05/13,23:00,0.492,-,1.44
2024/05/14,00:00,0.731,-,1.71
2024/05/14,01:00,0.984,-,2.03
2024/05/14,02:00,1.167,-,2.23
2024/05/14,03:00,1.253,-,2.34
2024/05/14,04:00,1.25,-,2.32
2024/05/14,05:00,1.164,-,2.22
2024/05/14,06:00,1,-,2.01
2024/05/14,07:00,0.794,-,1.79
2024/05/14,08:00,0.59,-,1.57
2024/05/14,09:00,0.417,-,1.39
2024/05/14,10:00,0.307,-,1.3
2024/05/14,11:00,0.312,-,1.28
2024/05/14,12:00,0.454,-,1.41
2024/05/14,13:00,0.681,-,1.65
2024/05/14,14:00,0.896,-,1.94
2024/05/14,15:00,1.039,-,2.04
2024/05/14,16:00,1.098,-,2.08
2024/05/14,17:00,1.072,-,1.94
2024/05/14,18:00,0.957,-,1.81
2024/05/14,19:00,0.784,-,1.64
2024/05/14,20:00,0.608,-,1.46
2024/05/14,21:00,0.468,-,1.37
2024/05/14,22:00,0.388,-,1.23
2024/05/14,23:00,0.398,-,1.47
2024/05/15,00:00,0.526,-,1.69
2024/05/15,01:00,0.742,-,2.19
2024/05/15,02:00,0.963,-,2.49
2024/05/15,03:00,1.118,-,2.59
2024/05/15,04:00,1.194,-,2.57
2024/05/15,05:00,1.194,-,2.62
2024/05/15,06:00,1.113,-,2.55
2024/05/15,07:00,0.954,-,2.4
2024/05/15,08:00,0.755,-,2.12
2024/05/15,09:00,0.561,-,1.9
2024/05/15,10:00,0.404,-,1.75
2024/05/15,11:00,0.315,-,1.65
2024/05/15,12:00,0.342,-,1.66
2024/05/15,13:00,0.496,-,1.79
2024/05/15,14:00,0.717,-,1.98
2024/05/15,15:00,0.92,-,2.15
2024/05/15,16:00,1.056,-,2.29
2024/05/15,17:00,1.118,-,2.33
2024/05/15,18:00,1.093,-,2.28
2024/05/15,19:00,0.977,-,2.1
2024/05/15,20:00,0.802,-,1.92
2024/05/15,21:00,0.625,-,1.73
2024/05/15,22:00,0.487,-,1.56
2024/05/15,23:00,0.408,-,1.5
2024/05/16,00:00,0.419,-,1.48
2024/05/16,01:00,0.542,-,1.65
2024/05/16,02:00,0.742,-,1.86
2024/05/16,03:00,0.94,-,2.07
2024/05/16,04:00,1.082,-,2.19
2024/05/16,05:00,1.156,-,2.25
2024/05/16,06:00,1.158,-,2.21
2024/05/16,07:00,1.072,-,2.15
2024/05/16,08:00,0.905,-,1.95
2024/05/16,09:00,0.704,-,1.8
2024/05/16,10:00,0.518,-,1.61
2024/05/16,11:00,0.378,-,1.53
2024/05/16,12:00,0.316,-,1.51
2024/05/16,13:00,0.371,-,1.6
2024/05/16,14:00,0.542,-,1.85
2024/05/16,15:00,0.766,-,2.09
2024/05/16,16:00,0.965,-,2.33
2024/05/16,17:00,1.102,-,2.44
2024/05/16,18:00,1.162,-,2.5
2024/05/16,19:00,1.129,-,2.49
2024/05/16,20:00,0.996,-,2.42
2024/05/16,21:00,0.806,-,2.22
2024/05/16,22:00,0.623,-,2.04
2024/05/16,23:00,0.482,-,1.93
2024/05/17,00:00,0.404,-,1.92
2024/05/17,01:00,0.419,-,2.02
2024/05/17,02:00,0.542,-,2.17
2024/05/17,03:00,0.735,-,2.45
2024/05/17,04:00,0.925,-,2.66
2024/05/17,05:00,1.063,-,2.79
2024/05/17,06:00,1.138,-,2.88
2024/05/17,07:00,1.133,-,2.85
2024/05/17,08:00,1.03,-,2.78
2024/05/17,09:00,0.846,-,2.6
2024/05/17,10:00,0.64,-,2.44
2024/05/17,11:00,0.465,-,2.27
2024/05/17,12:00,0.347,-,2.13
2024/05/17,13:00,0.315,-,2.11
2024/05/17,14:00,0.404,-,2.15
2024/05/17,15:00,0.6,-,2.35
2024/05/17,16:00,0.836,-,2.62
2024/05/17,17:00,1.039,-,2.78
2024/05/17,18:00,1.174,-,2.91
2024/05/17,19:00,1.223,-,2.92
2024/05/17,20:00,1.165,-,2.89
2024/05/17,21:00,1.003,-,2.64
2024/05/17,22:00,0.793,-,2.42
2024/05/17,23:00,0.599,-,2.17
2024/05/18,00:00,0.455,-,2.04
2024/05/18,01:00,0.38,-,1.97
2024/05/18,02:00,0.402,-,1.96
2024/05/18,03:00,0.534,-,2.06
2024/05/18,04:00,0.732,-,2.25
2024/05/18,05:00,0.924,-,2.42
2024/05/18,06:00,1.064,-,2.55
2024/05/18,07:00,1.132,-,2.63
2024/05/18,08:00,1.108,-,2.59
2024/05/18,09:00,0.977,-,2.6
2024/05/18,10:00,0.774,-,2.34
2024/05/18,11:00,0.566,-,2.15
2024/05/18,12:00,0.405,-,1.91
2024/05/18,13:00,0.313,-,1.89
2024/05/18,14:00,0.318,-,1.88
2024/05/18,15:00,0.448,-,2.05
2024/05/18,16:00,0.678,-,2.28
2024/05/18,17:00,0.932,-,2.5
2024/05/18,18:00,1.138,-,2.7
2024/05/18,19:00,1.263,-,2.8
2024/05/18,20:00,1.285,-,2.84
2024/05/18,21:00,1.188,-,2.76
2024/05/18,22:00,0.991,-,2.58
2024/05/18,23:00,0.759,-,2.34
2024/05/19,00:00,0.556,-,2.13
2024/05/19,01:00,0.41,-,1.99
2024/05/19,02:00,0.34,-,1.89
2024/05/19,03:00,0.379,-,1.96
2024/05/19,04:00,0.532,-,2.1
2024/05/19,05:00,0.746,-,2.29
2024/05/19,06:00,0.944,-,2.47
2024/05/19,07:00,1.079,-,2.6
2024/05/19,08:00,1.129,-,2.6
2024/05/19,09:00,1.074,-,2.49
2024/05/19,10:00,0.911,-,2.38
2024/05/19,11:00,0.691,-,2.15
2024/05/19,12:00,0.486,-,1.96
2024/05/19,13:00,0.342,-,1.8
2024/05/19,14:00,0.281,-,1.76
2024/05/19,15:00,0.331,-,1.79
2024/05/19,16:00,0.511,-,1.99
2024/05/19,17:00,0.781,-,2.25
2024/05/19,18:00,1.051,-,2.52
2024/05/19,19:00,1.251,-,2.66
2024/05/19,20:00,1.349,-,2.69
2024/05/19,21:00,1.33,-,2.62
2024/05/19,22:00,1.189,-,2.48
2024/05/19,23:00,0.957,-,2.28
2024/05/20,00:00,0.706,-,2.03
2024/05/20,01:00,0.496,-,1.81
2024/05/20,02:00,0.35,-,1.68
2024/05/20,03:00,0.295,-,1.64
2024/05/20,04:00,0.364,-,1.73
2024/05/20,05:00,0.55,-,1.93
2024/05/20,06:00,0.784,-,2.18
2024/05/20,07:00,0.982,-,2.42
2024/05/20,08:00,1.1,-,2.5
2024/05/20,09:00,1.119,-,2.52
2024/05/20,10:00,1.025,-,2.46
2024/05/20,11:00,0.833,-,2.24
2024/05/20,12:00,0.601,-,2.06
2024/05/20,13:00,0.403,-,1.84
2024/05/20,14:00,0.281,-,1.73
2024/05/20,15:00,0.258,-,1.71
2024/05/20,16:00,0.363,-,1.88
2024/05/20,17:00,0.599,-,2.17
2024/05/20,18:00,0.906,-,2.45
2024/05/20,19:00,1.181,-,2.7
2024/05/20,20:00,1.357,-,2.83
2024/05/20,21:00,1.414,-,2.85
2024/05/20,22:00,1.347,-,2.77
2024/05/20,23:00,1.161,-,2.57
2024/05/21,00:00,0.9,-,2.29
2024/05/21,01:00,0.636,-,2
2024/05/21,02:00,0.423,-,1.78
2024/05/21,03:00,0.288,-,1.64
2024/05/21,04:00,0.262,-,1.62
2024/05/21,05:00,0.374,-,1.72
2024/05/21,06:00,0.598,-,1.97
2024/05/21,07:00,0.845,-,2.2
2024/05/21,08:00,1.03,-,2.4
2024/05/21,09:00,1.116,-,2.46
2024/05/21,10:00,1.095,-,2.43
2024/05/21,11:00,0.964,-,2.27
2024/05/21,12:00,0.746,-,2.01
2024/05/21,13:00,0.508,-,1.76
2024/05/21,14:00,0.322,-,1.55
2024/05/21,15:00,0.229,-,1.45
2024/05/21,16:00,0.254,-,1.45
2024/05/21,17:00,0.42,-,1.61
2024/05/21,18:00,0.712,-,1.92
2024/05/21,19:00,1.043,-,2.23
2024/05/21,20:00,1.305,-,2.49
2024/05/21,21:00,1.44,-,2.59
2024/05/21,22:00,1.447,-,2.55
2024/05/21,23:00,1.33,-,2.43
2024/05/22,00:00,1.105,-,2.17
2024/05/22,01:00,0.822,-,1.91
2024/05/22,02:00,0.552,-,1.61
2024/05/22,03:00,0.347,-,1.39
2024/05/22,04:00,0.237,-,1.27
2024/05/22,05:00,0.255,-,1.26
2024/05/22,06:00,0.416,-,1.39
2024/05/22,07:00,0.672,-,1.66
2024/05/22,08:00,0.918,-,1.94
2024/05/22,09:00,1.074,-,2.12
2024/05/22,10:00,1.12,-,2.15
2024/05/22,11:00,1.057,-,2.02
2024/05/22,12:00,0.891,-,1.86
2024/05/22,13:00,0.654,-,1.6
2024/05/22,14:00,0.417,-,1.36
2024/05/22,15:00,0.251,-,1.19
2024/05/22,16:00,0.197,-,1.12
2024/05/22,17:00,0.278,-,1.18
2024/05/22,18:00,0.506,-,1.45
2024/05/22,19:00,0.841,-,1.8
2024/05/22,20:00,1.175,-,2.12
2024/05/22,21:00,1.404,-,2.35
2024/05/22,22:00,1.489,-,2.38
2024/05/22,23:00,1.444,-,2.33
2024/05/23,00:00,1.283,-,2.17
2024/05/23,01:00,1.028,-,1.88
2024/05/23,02:00,0.732,-,1.55
2024/05/23,03:00,0.467,-,1.31
2024/05/23,04:00,0.282,-,1.13
2024/05/23,05:00,0.21,-,1.03
2024/05/23,06:00,0.278,-,1.05
2024/05/23,07:00,0.486,-,1.25
2024/05/23,08:00,0.758,-,1.54
2024/05/23,09:00,0.987,-,1.82
2024/05/23,10:00,1.105,-,1.97
2024/05/23,11:00,1.107,-,1.98
2024/05/23,12:00,1.006,-,1.83
2024/05/23,13:00,0.812,-,1.62
2024/05/23,14:00,0.564,-,1.35
2024/05/23,15:00,0.338,-,1.11
2024/05/23,16:00,0.202,-,0.97
2024/05/23,17:00,0.193,-,0.92
2024/05/23,18:00,0.331,-,0.99
2024/05/23,19:00,0.611,-,1.28
2024/05/23,20:00,0.97,-,1.65
2024/05/23,21:00,1.287,-,1.97
2024/05/23,22:00,1.47,-,2.16
2024/05/23,23:00,1.503,-,2.16
2024/05/24,00:00,1.411,-,2.08
2024/05/24,01:00,1.215,-,1.87
2024/05/24,02:00,0.938,-,1.6
2024/05/24,03:00,0.64,-,1.3
2024/05/24,04:00,0.391,-,1.07
2024/05/24,05:00,0.238,-,0.87
2024/05/24,06:00,0.21,-,0.83
2024/05/24,07:00,0.327,-,0.96
2024/05/24,08:00,0.567,-,1.24
2024/05/24,09:00,0.841,-,1.5
2024/05/24,10:00,1.041,-,1.79
2024/05/24,11:00,1.117,-,1.89
2024/05/24,12:00,1.08,-,1.88
2024/05/24,13:00,0.948,-,1.79
2024/05/24,14:00,0.734,-,1.54
2024/05/24,15:00,0.485,-,1.29
2024/05/24,16:00,0.279,-,1.11
2024/05/24,17:00,0.18,-,1.04
2024/05/24,18:00,0.218,-,1.07
2024/05/24,19:00,0.404,-,1.26
2024/05/24,20:00,0.72,-,1.61
2024/05/24,21:00,1.082,-,1.98
2024/05/24,22:00,1.368,-,2.27
2024/05/24,23:00,1.503,-,2.38
2024/05/25,00:00,1.488,-,2.4
2024/05/25,01:00,1.358,-,2.29
2024/05/25,02:00,1.136,-,2.05
2024/05/25,03:00,0.849,-,1.72
2024/05/25,04:00,0.56,-,1.47
2024/05/25,05:00,0.335,-,1.31
2024/05/25,06:00,0.217,-,1.16
2024/05/25,07:00,0.23,-,1.17
2024/05/25,08:00,0.385,-,1.26
2024/05/25,09:00,0.645,-,1.53
2024/05/25,10:00,0.909,-,1.83
2024/05/25,11:00,1.076,-,2
2024/05/25,12:00,1.114,-,2.1
2024/05/25,13:00,1.045,-,1.98
2024/05/25,14:00,0.89,-,1.82
2024/05/25,15:00,0.667,-,1.54
2024/05/25,16:00,0.427,-,1.29
2024/05/25,17:00,0.248,-,1.14
2024/05/25,18:00,0.185,-,1.02
2024/05/25,19:00,0.261,-,1.06
2024/05/25,20:00,0.481,-,1.32
2024/05/25,21:00,0.814,-,1.73
2024/05/25,22:00,1.166,-,2.08
2024/05/25,23:00,1.416,-,2.31
2024/05/26,00:00,1.506,-,2.37
2024/05/26,01:00,1.454,-,2.36
2024/05/26,02:00,1.297,-,2.23
2024/05/26,03:00,1.059,-,1.97
2024/05/26,04:00,0.772,-,1.77
2024/05/26,05:00,0.498,-,1.51
2024/05/26,06:00,0.3,-,1.36
2024/05/26,07:00,0.212,-,1.29
2024/05/26,08:00,0.257,-,1.35
2024/05/26,09:00,0.44,-,1.5
2024/05/26,10:00,0.71,-,1.81
2024/05/26,11:00,0.959,-,2.11
2024/05/26,12:00,1.096,-,2.28
2024/05/26,13:00,1.105,-,2.31
2024/05/26,14:00,1.014,-,2.22
2024/05/26,15:00,0.846,-,2.01
2024/05/26,16:00,0.622,-,1.77
2024/05/26,17:00,0.397,-,1.49
2024/05/26,18:00,0.244,-,1.35
2024/05/26,19:00,0.207,-,1.23
2024/05/26,20:00,0.307,-,1.39
2024/05/26,21:00,0.545,-,1.6
2024/05/26,22:00,0.883,-,1.98
2024/05/26,23:00,1.217,-,2.31
2024/05/27,00:00,1.434,-,2.43
2024/05/27,01:00,1.488,-,2.49
2024/05/27,02:00,1.409,-,2.45
2024/05/27,03:00,1.237,-,2.33
2024/05/27,04:00,0.992,-,2.09
2024/05/27,05:00,0.711,-,1.78
2024/05/27,06:00,0.455,-,1.51
2024/05/27,07:00,0.278,-,1.38
2024/05/27,08:00,0.212,-,1.31
2024/05/27,09:00,0.28,-,1.42
2024/05/27,10:00,0.484,-,1.6
2024/05/27,11:00,0.761,-,1.91
2024/05/27,12:00,0.998,-,2.27
2024/05/27,13:00,1.113,-,2.21
2024/05/27,14:00,1.102,-,2.18
2024/05/27,15:00,0.999,-,2.02
2024/05/27,16:00,0.825,-,1.8
2024/05/27,17:00,0.605,-,1.54
2024/05/27,18:00,0.394,-,1.3
2024/05/27,19:00,0.256,-,1.27
2024/05/27,20:00,0.232,-,1.27
2024/05/27,21:00,0.341,-,1.39
2024/05/27,22:00,0.585,-,1.7
2024/05/27,23:00,0.92,-,2.03
2024/05/28,00:00,1.236,-,2.43
2024/05/28,01:00,1.424,-,2.71
2024/05/28,02:00,1.454,-,2.72
2024/05/28,03:00,1.361,-,2.67
2024/05/28,04:00,1.184,-,2.38
2024/05/28,05:00,0.94,-,2.09
2024/05/28,06:00,0.666,-,1.78
2024/05/28,07:00,0.421,-,1.57
2024/05/28,08:00,0.257,-,1.42
2024/05/28,09:00,0.207,-,1.39
2024/05/28,10:00,0.296,-,1.4
2024/05/28,11:00,0.521,-,1.59
2024/05/28,12:00,0.807,-,1.89
2024/05/28,13:00,1.036,-,2.08
2024/05/28,14:00,1.136,-,2.17
2024/05/28,15:00,1.116,-,2.12
2024/05/28,16:00,1.01,-,1.96
2024/05/28,17:00,0.836,-,1.73
2024/05/28,18:00,0.618,-,1.5
2024/05/28,19:00,0.411,-,1.28
2024/05/28,20:00,0.274,-,1.18
2024/05/28,21:00,0.247,-,1.16
2024/05/28,22:00,0.353,-,1.28
2024/05/28,23:00,0.598,-,1.55
2024/05/29,00:00,0.927,-,1.9
2024/05/29,01:00,1.225,-,2.17
2024/05/29,02:00,1.391,-,2.26
2024/05/29,03:00,1.409,-,2.33
2024/05/29,04:00,1.315,-,2.27
2024/05/29,05:00,1.139,-,2.09
2024/05/29,06:00,0.897,-,1.75
2024/05/29,07:00,0.626,-,1.48
2024/05/29,08:00,0.387,-,1.21
2024/05/29,09:00,0.231,-,1.06
2024/05/29,10:00,0.196,-,0.98
2024/05/29,11:00,0.308,-,1.05
2024/05/29,12:00,0.557,-,1.29
2024/05/29,13:00,0.853,-,1.59
2024/05/29,14:00,1.08,-,1.8
2024/05/29,15:00,1.177,-,1.91
2024/05/29,16:00,1.158,-,1.9
2024/05/29,17:00,1.054,-,1.81
2024/05/29,18:00,0.878,-,1.78
2024/05/29,19:00,0.653,-,1.86
2024/05/29,20:00,0.436,-,1.29
2024/05/29,21:00,0.287,-,1.09
2024/05/29,22:00,0.247,-,0.97
2024/05/29,23:00,0.344,-,1.08
2024/05/30,00:00,0.583,-,1.26
2024/05/30,01:00,0.903,-,1.49
2024/05/30,02:00,1.187,-,1.74
2024/05/30,03:00,1.342,-,1.94
2024/05/30,04:00,1.359,-,2.12
2024/05/30,05:00,1.272,-,2.14
2024/05/30,06:00,1.1,-,1.95
2024/05/30,07:00,0.857,-,1.64
2024/05/30,08:00,0.584,-,1.32
2024/05/30,09:00,0.347,-,1.05
2024/05/30,10:00,0.2,-,0.84
2024/05/30,11:00,0.182,-,0.75
2024/05/30,12:00,0.321,-,0.84
2024/05/30,13:00,0.595,-,1.2
2024/05/30,14:00,0.906,-,1.45
2024/05/30,15:00,1.138,-,1.69
2024/05/30,16:00,1.24,-,1.75
2024/05/30,17:00,1.229,-,1.73
2024/05/30,18:00,1.127,-,1.57
2024/05/30,19:00,0.94,-,1.38
2024/05/30,20:00,0.697,-,1.14
2024/05/30,21:00,0.46,-,0.92
2024/05/30,22:00,0.291,-,0.8
2024/05/30,23:00,0.232,-,0.77
2024/05/31,00:00,0.316,-,0.89
2024/05/31,01:00,0.546,-,1.23
2024/05/31,02:00,0.857,-,1.54
2024/05/31,03:00,1.131,-,1.78
2024/05/31,04:00,1.284,-,1.92
2024/05/31,05:00,1.311,-,2.01
2024/05/31,06:00,1.234,-,1.95
2024/05/31,07:00,1.063,-,1.78
2024/05/31,08:00,0.812,-,1.43
2024/05/31,09:00,0.535,-,1.18
2024/05/31,10:00,0.302,-,0.94
2024/05/31,11:00,0.167,-,0.77
2024/05/31,12:00,0.17,-,0.74
2024/05/31,13:00,0.337,-,0.88
2024/05/31,14:00,0.637,-,1.21
2024/05/31,15:00,0.966,-,1.57
2024/05/31,16:00,1.21,-,1.74
2024/05/31,17:00,1.326,-,1.83
2024/05/31,18:00,1.323,-,1.81
2024/05/31,19:00,1.216,-,1.71
2024/05/31,20:00,1.009,-,1.5
2024/05/31,21:00,0.74,-,1.21
2024/05/31,22:00,0.479,-,0.93
2024/05/31,23:00,0.286,-,0.74
2024/06/01,00:00,0.205,-,0.59
2024/06/01,01:00,0.273,-,0.66
2024/06/01,02:00,0.493,-,0.94
2024/06/01,03:00,0.797,-,1.26
2024/06/01,04:00,1.07,-,1.58
2024/06/01,05:00,1.232,-,1.67
2024/06/01,06:00,1.272,-,1.74
2024/06/01,07:00,1.2,-,1.66
2024/06/01,08:00,1.022,-,1.5
2024/06/01,09:00,0.76,-,1.25
2024/06/01,10:00,0.481,-,0.95
2024/06/01,11:00,0.255,-,0.7
2024/06/01,12:00,0.135,-,0.57
2024/06/01,13:00,0.16,-,0.62
2024/06/01,14:00,0.355,-,0.88
2024/06/01,15:00,0.683,-,1.27
2024/06/01,16:00,1.033,-,1.64
2024/06/01,17:00,1.295,-,1.86
2024/06/01,18:00,1.425,-,1.96
2024/06/01,19:00,1.425,-,1.96
2024/06/01,20:00,1.302,-,1.85
2024/06/01,21:00,1.068,-,1.57
2024/06/01,22:00,0.773,-,1.25
2024/06/01,23:00,0.489,-,0.98
2024/06/02,00:00,0.273,-,0.8
2024/06/02,01:00,0.169,-,0.75
2024/06/02,02:00,0.221,-,0.79
2024/06/02,03:00,0.435,-,1.03
2024/06/02,04:00,0.741,-,1.34
2024/06/02,05:00,1.022,-,1.65
2024/06/02,06:00,1.195,-,1.83
2024/06/02,07:00,1.244,-,1.88
2024/06/02,08:00,1.169,-,1.81
2024/06/02,09:00,0.977,-,1.61
2024/06/02,10:00,0.705,-,1.35
2024/06/02,11:00,0.426,-,1.12
2024/06/02,12:00,0.21,-,0.93
2024/06/02,13:00,0.105,-,0.79
2024/06/02,14:00,0.151,-,0.82
2024/06/02,15:00,0.375,-,1.11
2024/06/02,16:00,0.733,-,1.51
2024/06/02,17:00,1.107,-,1.93
2024/06/02,18:00,1.386,-,2.2
2024/06/02,19:00,1.522,-,2.33
2024/06/02,20:00,1.514,-,2.31
2024/06/02,21:00,1.368,-,2.17
2024/06/02,22:00,1.108,-,1.88
2024/06/02,23:00,0.79,-,1.54
2024/06/03,00:00,0.487,-,1.25
2024/06/03,01:00,0.251,-,1.04
2024/06/03,02:00,0.128,-,0.91
2024/06/03,03:00,0.171,-,0.89
2024/06/03,04:00,0.391,-,1.09
2024/06/03,05:00,0.708,-,1.41
2024/06/03,06:00,0.999,-,1.69
2024/06/03,07:00,1.18,-,1.85
2024/06/03,08:00,1.227,-,1.88
2024/06/03,09:00,1.139,-,1.77
2024/06/03,10:00,0.93,-,1.55
2024/06/03,11:00,0.65,-,1.3
2024/06/03,12:00,0.375,-,1.06
2024/06/03,13:00,0.17,-,0.86
2024/06/03,14:00,0.077,-,0.79
2024/06/03,15:00,0.146,-,0.81
2024/06/03,16:00,0.401,-,1.1
2024/06/03,17:00,0.79,-,1.57
2024/06/03,18:00,1.184,-,1.95
2024/06/03,19:00,1.469,-,2.2
2024/06/03,20:00,1.599,-,2.3
2024/06/03,21:00,1.573,-,2.27
2024/06/03,22:00,1.402,-,2.11
2024/06/03,23:00,1.119,-,1.78
2024/06/04,00:00,0.788,-,1.42
2024/06/04,01:00,0.472,-,1.13
2024/06/04,02:00,0.22,-,0.93
2024/06/04,03:00,0.089,-,0.83
2024/06/04,04:00,0.139,-,0.84
2024/06/04,05:00,0.376,-,1.07
2024/06/04,06:00,0.709,-,1.42
2024/06/04,07:00,1.005,-,1.74
2024/06/04,08:00,1.182,-,1.93
2024/06/04,09:00,1.216,-,1.97
2024/06/04,10:00,1.109,-,1.87
2024/06/04,11:00,0.884,-,1.66
2024/06/04,12:00,0.6,-,1.39
2024/06/04,13:00,0.33,-,1.12
2024/06/04,14:00,0.134,-,0.92
2024/06/04,15:00,0.056,-,0.88
2024/06/04,16:00,0.151,-,1.05
2024/06/04,17:00,0.44,-,1.44
2024/06/04,18:00,0.855,-,1.88
2024/06/04,19:00,1.256,-,2.23
2024/06/04,20:00,1.531,-,2.49
2024/06/04,21:00,1.641,-,2.57
2024/06/04,22:00,1.591,-,2.47
2024/06/04,23:00,1.398,-,2.24
2024/06/05,00:00,1.101,-,1.95
2024/06/05,01:00,0.762,-,1.64
2024/06/05,02:00,0.441,-,1.37
2024/06/05,03:00,0.187,-,1.22
2024/06/05,04:00,0.064,-,1.17
2024/06/05,05:00,0.137,-,1.24
2024/06/05,06:00,0.399,-,1.49
2024/06/05,07:00,0.743,-,1.87
2024/06/05,08:00,1.034,-,2.16
2024/06/05,09:00,1.193,-,2.33
2024/06/05,10:00,1.206,-,2.3
2024/06/05,11:00,1.079,-,2.17
2024/06/05,12:00,0.84,-,1.88
2024/06/05,13:00,0.554,-,1.62
2024/06/05,14:00,0.292,-,1.35
2024/06/05,15:00,0.108,-,1.17
2024/06/05,16:00,0.051,-,1.1
2024/06/05,17:00,0.178,-,1.21
2024/06/05,18:00,0.498,-,1.57
2024/06/05,19:00,0.924,-,2
2024/06/05,20:00,1.313,-,2.34
2024/06/05,21:00,1.561,-,2.52
2024/06/05,22:00,1.642,-,2.55
2024/06/05,23:00,1.567,-,2.46
2024/06/06,00:00,1.357,-,2.24
2024/06/06,01:00,1.053,-,1.98
2024/06/06,02:00,0.715,-,1.59
2024/06/06,03:00,0.401,-,1.29
2024/06/06,04:00,0.16,-,1.08
2024/06/06,05:00,0.063,-,0.99
2024/06/06,06:00,0.17,-,1.08
2024/06/06,07:00,0.456,-,1.35
2024/06/06,08:00,0.799,-,1.76
2024/06/06,09:00,1.07,-,2.06
2024/06/06,10:00,1.204,-,2.16
2024/06/06,11:00,1.192,-,2.12
2024/06/06,12:00,1.046,-,1.87
2024/06/06,13:00,0.798,-,1.64
2024/06/06,14:00,0.514,-,1.39
2024/06/06,15:00,0.264,-,1.16
2024/06/06,16:00,0.1,-,0.99
2024/06/06,17:00,0.072,-,0.95
2024/06/06,18:00,0.231,-,1.06
2024/06/06,19:00,0.571,-,1.43
2024/06/06,20:00,0.99,-,1.87
2024/06/06,21:00,1.347,-,2.21
2024/06/06,22:00,1.556,-,2.39
2024/06/06,23:00,1.604,-,2.39
2024/06/07,00:00,1.507,-,2.32
2024/06/07,01:00,1.285,-,2.03
2024/06/07,02:00,0.981,-,1.68
2024/06/07,03:00,0.655,-,1.3
2024/06/07,04:00,0.361,-,1.09
2024/06/07,05:00,0.15,-,0.95
2024/06/07,06:00,0.092,-,0.92
2024/06/07,07:00,0.233,-,0.96
2024/06/07,08:00,0.532,-,1.32
2024/06/07,09:00,0.861,-,1.63
2024/06/07,10:00,1.102,-,1.89
2024/06/07,11:00,1.206,-,2
2024/06/07,12:00,1.171,-,1.93
2024/06/07,13:00,1.009,-,1.78
2024/06/07,14:00,0.757,-,1.57
2024/06/07,15:00,0.483,-,1.31
2024/06/07,16:00,0.254,-,1.08
2024/06/07,17:00,0.118,-,0.96
2024/06/07,18:00,0.122,-,0.96
2024/06/07,19:00,0.307,-,1.24
2024/06/07,20:00,0.651,-,1.63
2024/06/07,21:00,1.044,-,2.02
2024/06/07,22:00,1.355,-,2.4
2024/06/07,23:00,1.521,-,2.62
2024/06/08,00:00,1.538,-,2.58
2024/06/08,01:00,1.423,-,2.47
2024/06/08,02:00,1.193,-,2.14
2024/06/08,03:00,0.897,-,1.78
2024/06/08,04:00,0.593,-,1.42
2024/06/08,05:00,0.331,-,1.11
2024/06/08,06:00,0.16,-,0.92
2024/06/08,07:00,0.142,-,0.89
2024/06/08,08:00,0.312,-,1.1
2024/06/08,09:00,0.611,-,1.47
2024/06/08,10:00,0.915,-,1.83
2024/06/08,11:00,1.122,-,2.05
2024/06/08,12:00,1.197,-,2.11
2024/06/08,13:00,1.142,-,2.02
2024/06/08,14:00,0.97,-,1.87
2024/06/08,15:00,0.721,-,1.65
2024/06/08,16:00,0.466,-,1.38
2024/06/08,17:00,0.267,-,1.18
2024/06/08,18:00,0.164,-,1.04
2024/06/08,19:00,0.196,-,1.05
2024/06/08,20:00,0.395,-,1.24
2024/06/08,21:00,0.727,-,1.6
2024/06/08,22:00,1.081,-,1.97
2024/06/08,23:00,1.342,-,2.2
2024/06/09,00:00,1.465,-,2.29
2024/06/09,01:00,1.455,-,2.26
2024/06/09,02:00,1.324,-,2.14
2024/06/09,03:00,1.093,-,1.91
2024/06/09,04:00,0.812,-,1.59
2024/06/09,05:00,0.539,-,1.3
2024/06/09,06:00,0.315,-,1.14
2024/06/09,07:00,0.185,-,1.03
2024/06/09,08:00,0.203,-,1.01
2024/06/09,09:00,0.391,-,1.17
2024/06/09,10:00,0.681,-,1.43
2024/06/09,11:00,0.955,-,1.67
2024/06/09,12:00,1.128,-,1.87
2024/06/09,13:00,1.179,-,1.99
2024/06/09,14:00,1.109,-,1.93
2024/06/09,15:00,0.932,-,1.78
2024/06/09,16:00,0.694,-,1.56
2024/06/09,17:00,0.466,-,1.48
2024/06/09,18:00,0.3,-,1.24
2024/06/09,19:00,0.227,-,1.06
2024/06/09,20:00,0.28,-,1.03
2024/06/09,21:00,0.482,-,1.29
2024/06/09,22:00,0.792,-,1.61
2024/06/09,23:00,1.101,-,1.94
2024/06/10,00:00,1.313,-,2.07
2024/06/10,01:00,1.398,-,2.16
2024/06/10,02:00,1.365,-,2.1
2024/06/10,03:00,1.223,-,1.96
2024/06/10,04:00,0.996,-,1.69
2024/06/10,05:00,0.736,-,1.45
2024/06/10,06:00,0.496,-,1.18
2024/06/10,07:00,0.31,-,1.03
2024/06/10,08:00,0.216,-,0.97
2024/06/10,09:00,0.265,-,1.04
2024/06/10,10:00,0.465,-,1.26
2024/06/10,11:00,0.742,-,1.49
2024/06/10,12:00,0.985,-,1.77
2024/06/10,13:00,1.128,-,1.93
2024/06/10,14:00,1.157,-,2.03
2024/06/10,15:00,1.077,-,1.99
2024/06/10,16:00,0.902,-,1.8
2024/06/10,17:00,0.682,-,1.58
2024/06/10,18:00,0.482,-,1.35
2024/06/10,19:00,0.345,-,1.22
2024/06/10,20:00,0.294,-,1.21
2024/06/10,21:00,0.359,-,1.25
2024/06/10,22:00,0.558,-,1.49
2024/06/10,23:00,0.841,-,1.77
2024/06/11,00:00,1.106,-,2.08
2024/06/11,01:00,1.273,-,2.53
2024/06/11,02:00,1.326,-,2.61
2024/06/11,03:00,1.275,-,2.35
2024/06/11,04:00,1.128,-,2.03
2024/06/11,05:00,0.909,-,1.79
2024/06/11,06:00,0.671,-,1.51
2024/06/11,07:00,0.462,-,1.23
2024/06/11,08:00,0.309,-,1.05
2024/06/11,09:00,0.248,-,1.01
2024/06/11,10:00,0.325,-,1.13
2024/06/11,11:00,0.535,-,1.41
2024/06/11,12:00,0.797,-,1.75
2024/06/11,13:00,1.011,-,1.93
2024/06/11,14:00,1.127,-,2.04
2024/06/11,15:00,1.141,-,2.01
2024/06/11,16:00,1.054,-,1.91
2024/06/11,17:00,0.884,-,1.75
2024/06/11,18:00,0.681,-,1.54
2024/06/11,19:00,0.504,-,1.31
2024/06/11,20:00,0.388,-,1.09
2024/06/11,21:00,0.351,-,1.04
2024/06/11,22:00,0.424,-,1.19
2024/06/11,23:00,0.616,-,1.45
2024/06/12,00:00,0.873,-,1.72
2024/06/12,01:00,1.097,-,1.9
2024/06/12,02:00,1.226,-,2.01
2024/06/12,03:00,1.255,-,2.02
2024/06/12,04:00,1.192,-,2
2024/06/12,05:00,1.043,-,1.8
2024/06/12,06:00,0.833,-,1.59
2024/06/12,07:00,0.614,-,1.36
2024/06/12,08:00,0.431,-,1.23
2024/06/12,09:00,0.308,-,1.17
2024/06/12,10:00,0.281,-,1.14
2024/06/12,11:00,0.386,-,1.28
2024/06/12,12:00,0.605,-,1.52
2024/06/12,13:00,0.852,-,1.76
2024/06/12,14:00,1.04,-,1.92
2024/06/12,15:00,1.134,-,1.98
2024/06/12,16:00,1.136,-,1.97
2024/06/12,17:00,1.046,-,1.83
2024/06/12,18:00,0.879,-,1.6
2024/06/12,19:00,0.686,-,1.39
2024/06/12,20:00,0.523,-,1.18
2024/06/12,21:00,0.418,-,1.08
2024/06/12,22:00,0.391,-,1.03
2024/06/12,23:00,0.471,-,1.14
2024/06/13,00:00,0.657,-,1.36
2024/06/13,01:00,0.888,-,1.66
2024/06/13,02:00,1.075,-,1.87
2024/06/13,03:00,1.174,-,1.98
2024/06/13,04:00,1.188,-,1.97
2024/06/13,05:00,1.119,-,1.91
2024/06/13,06:00,0.968,-,1.72
2024/06/13,07:00,0.763,-,1.52
2024/06/13,08:00,0.559,-,1.31
2024/06/13,09:00,0.4,-,1.15
2024/06/13,10:00,0.308,-,1.05
2024/06/13,11:00,0.317,-,1.05
2024/06/13,12:00,0.452,-,1.23
2024/06/13,13:00,0.68,-,1.45
2024/06/13,14:00,0.913,-,1.75
2024/06/13,15:00,1.078,-,1.92
2024/06/13,16:00,1.155,-,1.97
2024/06/13,17:00,1.148,-,1.94
2024/06/13,18:00,1.051,-,1.83
2024/06/13,19:00,0.88,-,1.63
2024/06/13,20:00,0.688,-,1.43
2024/06/13,21:00,0.53,-,1.25
2024/06/13,22:00,0.433,-,1.13
2024/06/13,23:00,0.415,-,1.13
2024/06/14,00:00,0.5,-,1.25
2024/06/14,01:00,0.679,-,1.48
2024/06/14,02:00,0.886,-,1.72
2024/06/14,03:00,1.045,-,1.92
2024/06/14,04:00,1.124,-,1.97
2024/06/14,05:00,1.129,-,1.97
2024/06/14,06:00,1.055,-,1.86
2024/06/14,07:00,0.899,-,1.67
2024/06/14,08:00,0.695,-,1.44
2024/06/14,09:00,0.504,-,1.31
2024/06/14,10:00,0.369,-,1.15
2024/06/14,11:00,0.313,-,1.16
2024/06/14,12:00,0.36,-,1.23
2024/06/14,13:00,0.524,-,1.37
2024/06/14,14:00,0.759,-,1.61
2024/06/14,15:00,0.979,-,1.88
2024/06/14,16:00,1.127,-,2.07
2024/06/14,17:00,1.192,-,2.15
2024/06/14,18:00,1.174,-,2.12
2024/06/14,19:00,1.063,-,2.02
2024/06/14,20:00,0.878,-,1.72
2024/06/14,21:00,0.681,-,1.46
2024/06/14,22:00,0.525,-,1.31
2024/06/14,23:00,0.433,-,1.23
2024/06/15,00:00,0.423,-,1.22
2024/06/15,01:00,0.512,-,1.41
2024/06/15,02:00,0.685,-,1.68
2024/06/15,03:00,0.874,-,1.81
2024/06/15,04:00,1.014,-,1.9
2024/06/15,05:00,1.083,-,1.9
2024/06/15,06:00,1.082,-,1.82
2024/06/15,07:00,0.999,-,1.7
2024/06/15,08:00,0.831,-,1.48
2024/06/15,09:00,0.627,-,1.24
2024/06/15,10:00,0.45,-,1.05
2024/06/15,11:00,0.343,-,0.93
2024/06/15,12:00,0.323,-,0.92
2024/06/15,13:00,0.408,-,1.05
2024/06/15,14:00,0.599,-,1.24
2024/06/15,15:00,0.841,-,1.52
2024/06/15,16:00,1.053,-,1.78
2024/06/15,17:00,1.189,-,1.87
2024/06/15,18:00,1.243,-,1.93
2024/06/15,19:00,1.207,-,1.88
2024/06/15,20:00,1.072,-,1.72
2024/06/15,21:00,0.869,-,1.46
2024/06/15,22:00,0.663,-,1.2
2024/06/15,23:00,0.507,-,1.01
2024/06/16,00:00,0.42,-,0.92
2024/06/16,01:00,0.416,-,0.98
2024/06/16,02:00,0.51,-,1.07
2024/06/16,03:00,0.682,-,1.24
2024/06/16,04:00,0.862,-,1.47
2024/06/16,05:00,0.993,-,1.63
2024/06/16,06:00,1.057,-,1.68
2024/06/16,07:00,1.047,-,1.67
2024/06/16,08:00,0.947,-,1.57
2024/06/16,09:00,0.765,-,1.41
2024/06/16,10:00,0.56,-,1.24
2024/06/16,11:00,0.4,-,1.07
2024/06/16,12:00,0.321,-,1.02
2024/06/16,13:00,0.334,-,1
2024/06/16,14:00,0.455,-,1.15
2024/06/16,15:00,0.672,-,1.4
2024/06/16,16:00,0.925,-,1.69
2024/06/16,17:00,1.135,-,1.9
2024/06/16,18:00,1.261,-,2.02
2024/06/16,19:00,1.297,-,2.03
2024/06/16,20:00,1.235,-,1.96
2024/06/16,21:00,1.071,-,1.8
2024/06/16,22:00,0.847,-,1.55
2024/06/16,23:00,0.634,-,1.33
2024/06/17,00:00,0.478,-,1.14
2024/06/17,01:00,0.393,-,1.1
2024/06/17,02:00,0.396,-,1.08
2024/06/17,03:00,0.501,-,1.23
2024/06/17,04:00,0.68,-,1.43
2024/06/17,05:00,0.863,-,1.65
2024/06/17,06:00,0.991,-,1.81
2024/06/17,07:00,1.047,-,1.9
2024/06/17,08:00,1.02,-,1.87
2024/06/17,09:00,0.897,-,1.73
2024/06/17,10:00,0.7,-,1.53
2024/06/17,11:00,0.496,-,1.34
2024/06/17,12:00,0.353,-,1.18
2024/06/17,13:00,0.299,-,1.09
2024/06/17,14:00,0.344,-,1.14
2024/06/17,15:00,0.499,-,1.3
2024/06/17,16:00,0.747,-,1.61
2024/06/17,17:00,1.015,-,1.9
2024/06/17,18:00,1.224,-,2.11
2024/06/17,19:00,1.335,-,2.21
2024/06/17,20:00,1.347,-,2.17
2024/06/17,21:00,1.251,-,2.07
2024/06/17,22:00,1.056,-,1.8
2024/06/17,23:00,0.813,-,1.47
2024/06/18,00:00,0.594,-,1.19
2024/06/18,01:00,0.436,-,1.03
2024/06/18,02:00,0.354,-,0.94
2024/06/18,03:00,0.37,-,0.97
2024/06/18,04:00,0.497,-,1.12
2024/06/18,05:00,0.695,-,1.33
2024/06/18,06:00,0.885,-,1.52
2024/06/18,07:00,1.009,-,1.65
2024/06/18,08:00,1.05,-,1.7
2024/06/18,09:00,0.998,-,1.65
2024/06/18,10:00,0.848,-,1.48
2024/06/18,11:00,0.637,-,1.27
2024/06/18,12:00,0.436,-,1.04
2024/06/18,13:00,0.307,-,0.89
2024/06/18,14:00,0.274,-,0.8
2024/06/18,15:00,0.35,-,0.83
2024/06/18,16:00,0.545,-,1.01
2024/06/18,17:00,0.829,-,1.31
2024/06/18,18:00,1.113,-,1.59
2024/06/18,19:00,1.315,-,1.8
2024/06/18,20:00,1.404,-,1.88
2024/06/18,21:00,1.381,-,1.85
2024/06/18,22:00,1.249,-,1.68
2024/06/18,23:00,1.024,-,1.4
2024/06/19,00:00,0.766,-,1.08
2024/06/19,01:00,0.539,-,0.84
2024/06/19,02:00,0.38,-,0.67
2024/06/19,03:00,0.306,-,0.63
2024/06/19,04:00,0.347,-,0.69
2024/06/19,05:00,0.508,-,0.85
2024/06/19,06:00,0.733,-,1.1
2024/06/19,07:00,0.93,-,1.34
2024/06/19,08:00,1.042,-,1.48
2024/06/19,09:00,1.058,-,1.45
2024/06/19,10:00,0.975,-,1.34
2024/06/19,11:00,0.8,-,1.14
2024/06/19,12:00,0.575,-,0.92
2024/06/19,13:00,0.376,-,0.72
2024/06/19,14:00,0.259,-,0.58
2024/06/19,15:00,0.247,-,0.51
2024/06/19,16:00,0.36,-,0.6
2024/06/19,17:00,0.602,-,0.84
2024/06/19,18:00,0.921,-,1.16
2024/06/19,19:00,1.215,-,1.43
2024/06/19,20:00,1.401,-,1.59
2024/06/19,21:00,1.458,-,1.63
2024/06/19,22:00,1.397,-,1.59
2024/06/19,23:00,1.228,-,1.41
2024/06/20,00:00,0.977,-,1.16
2024/06/20,01:00,0.704,-,0.89
2024/06/20,02:00,0.471,-,0.64
2024/06/20,03:00,0.314,-,0.51
2024/06/20,04:00,0.261,-,0.48
2024/06/20,05:00,0.341,-,0.59
2024/06/20,06:00,0.544,-,0.78
2024/06/20,07:00,0.793,-,1.05
2024/06/20,08:00,0.988,-,1.26
2024/06/20,09:00,1.078,-,1.35
2024/06/20,10:00,1.064,-,1.32
2024/06/20,11:00,0.95,-,1.2
2024/06/20,12:00,0.749,-,0.97
2024/06/20,13:00,0.513,-,0.74
2024/06/20,14:00,0.315,-,0.5
2024/06/20,15:00,0.211,-,0.38
2024/06/20,16:00,0.227,-,0.35
2024/06/20,17:00,0.384,-,0.5
2024/06/20,18:00,0.674,-,0.82
2024/06/20,19:00,1.023,-,1.16
2024/06/20,20:00,1.315,-,1.44
2024/06/20,21:00,1.473,-,1.59
2024/06/20,22:00,1.492,-,1.6
2024/06/20,23:00,1.393,-,1.51
2024/06/21,00:00,1.191,-,1.3
2024/06/21,01:00,0.915,-,1
2024/06/21,02:00,0.629,-,0.7
2024/06/21,03:00,0.394,-,0.47
2024/06/21,04:00,0.25,-,0.34
2024/06/21,05:00,0.229,-,0.33
2024/06/21,06:00,0.357,-,0.43
2024/06/21,07:00,0.602,-,0.67
2024/06/21,08:00,0.866,-,0.93
2024/06/21,09:00,1.048,-,1.16
2024/06/21,10:00,1.11,-,1.25
2024/06/21,11:00,1.064,-,1.21
2024/06/21,12:00,0.92,-,1.04
2024/06/21,13:00,0.697,-,0.78
2024/06/21,14:00,0.451,-,0.54
2024/06/21,15:00,0.258,-,0.36
2024/06/21,16:00,0.171,-,0.24
2024/06/21,17:00,0.222,-,0.24
2024/06/21,18:00,0.426,-,0.45
2024/06/21,19:00,0.759,-,0.84
2024/06/21,20:00,1.125,-,1.23
2024/06/21,21:00,1.401,-,1.53
2024/06/21,22:00,1.524,-,1.62
2024/06/21,23:00,1.505,-,1.55
2024/06/22,00:00,1.371,-,1.42
2024/06/22,01:00,1.138,-,1.18
2024/06/22,02:00,0.841,-,0.88
2024/06/22,03:00,0.547,-,0.59
2024/06/22,04:00,0.318,-,0.37
2024/06/22,05:00,0.196,-,0.29
2024/06/22,06:00,0.218,-,0.27
2024/06/22,07:00,0.394,-,0.49
2024/06/22,08:00,0.673,-,0.82
2024/06/22,09:00,0.94,-,1.13
2024/06/22,10:00,1.101,-,1.32
2024/06/22,11:00,1.133,-,1.39
2024/06/22,12:00,1.058,-,1.34
2024/06/22,13:00,0.887,-,1.17
2024/06/22,14:00,0.646,-,0.92
2024/06/22,15:00,0.395,-,0.7
2024/06/22,16:00,0.212,-,0.54
2024/06/22,17:00,0.15,-,0.45
2024/06/22,18:00,0.237,-,0.55
2024/06/22,19:00,0.484,-,0.86
2024/06/22,20:00,0.847,-,1.25
2024/06/22,21:00,1.213,-,1.56
2024/06/22,22:00,1.464,-,1.81
2024/06/22,23:00,1.551,-,1.87
2024/06/23,00:00,1.498,-,1.84
2024/06/23,01:00,1.333,-,1.69
2024/06/23,02:00,1.073,-,1.4
2024/06/23,03:00,0.76,-,1.13
2024/06/23,04:00,0.466,-,0.81
2024/06/23,05:00,0.252,-,0.64
2024/06/23,06:00,0.162,-,0.53
2024/06/23,07:00,0.227,-,0.55
2024/06/23,08:00,0.446,-,0.79
2024/06/23,09:00,0.747,-,1.1
2024/06/23,10:00,1.008,-,1.38
2024/06/23,11:00,1.146,-,1.54
2024/06/23,12:00,1.151,-,1.61
2024/06/23,13:00,1.05,-,1.49
2024/06/23,14:00,0.857,-,1.29
2024/06/23,15:00,0.602,-,1
2024/06/23,16:00,0.353,-,0.76
2024/06/23,17:00,0.186,-,0.54
2024/06/23,18:00,0.148,-,0.28
2024/06/23,19:00,0.267,-,0.5
2024/06/23,20:00,0.544,-,0.81
2024/06/23,21:00,0.921,-,1.27
2024/06/23,22:00,1.277,-,1.74
2024/06/23,23:00,1.498,-,1.9
2024/06/24,00:00,1.552,-,1.91
2024/06/24,01:00,1.47,-,1.79
2024/06/24,02:00,1.279,-,1.53
2024/06/24,03:00,0.999,-,1.21
2024/06/24,04:00,0.68,-,0.89
2024/06/24,05:00,0.395,-,0.62
2024/06/24,06:00,0.204,-,0.43
2024/06/24,07:00,0.146,-,0.42
2024/06/24,08:00,0.251,-,0.47
2024/06/24,09:00,0.504,-,0.76
2024/06/24,10:00,0.819,-,1.08
2024/06/24,11:00,1.071,-,1.44
2024/06/24,12:00,1.186,-,1.56
2024/06/24,13:00,1.169,-,1.53
2024/06/24,14:00,1.047,-,1.36
2024/06/24,15:00,0.837,-,1.16
2024/06/24,16:00,0.575,-,0.96
2024/06/24,17:00,0.333,-,0.71
2024/06/24,18:00,0.181,-,0.4
2024/06/24,19:00,0.163,-,0.32
2024/06/24,20:00,0.301,-,0.41
2024/06/24,21:00,0.594,-,0.72
2024/06/24,22:00,0.972,-,1.06
2024/06/24,23:00,1.309,-,1.38
2024/06/25,00:00,1.5,-,1.55
2024/06/25,01:00,1.527,-,1.57
2024/06/25,02:00,1.422,-,1.5
2024/06/25,03:00,1.212,-,1.24
2024/06/25,04:00,0.923,-,0.97
2024/06/25,05:00,0.607,-,0.68
2024/06/25,06:00,0.338,-,0.46
2024/06/25,07:00,0.171,-,0.26
2024/06/25,08:00,0.144,-,0.26
2024/06/25,09:00,0.284,-,0.41
2024/06/25,10:00,0.566,-,0.75
2024/06/25,11:00,0.891,-,1.1
2024/06/25,12:00,1.132,-,1.34
2024/06/25,13:00,1.229,-,1.47
2024/06/25,14:00,1.194,-,1.45
2024/06/25,15:00,1.057,-,1.37
2024/06/25,16:00,0.836,-,1.15
2024/06/25,17:00,0.573,-,0.91
2024/06/25,18:00,0.338,-,0.66
2024/06/25,19:00,0.194,-,0.5
2024/06/25,20:00,0.182,-,0.49
2024/06/25,21:00,0.326,-,0.6
2024/06/25,22:00,0.623,-,0.91
2024/06/25,23:00,0.993,-,1.34
2024/06/26,00:00,1.308,-,1.69
2024/06/26,01:00,1.472,-,1.86
2024/06/26,02:00,1.477,-,1.9
2024/06/26,03:00,1.357,-,1.84
2024/06/26,04:00,1.139,-,1.69
2024/06/26,05:00,0.849,-,1.44
2024/06/26,06:00,0.543,-,1.13
2024/06/26,07:00,0.293,-,0.91
2024/06/26,08:00,0.149,-,0.84
2024/06/26,09:00,0.151,-,0.84
2024/06/26,10:00,0.324,-,1.05
2024/06/26,11:00,0.632,-,1.36
2024/06/26,12:00,0.964,-,1.73
2024/06/26,13:00,1.195,-,1.98
2024/06/26,14:00,1.277,-,2.06
2024/06/26,15:00,1.231,-,2.01
2024/06/26,16:00,1.085,-,1.9
2024/06/26,17:00,0.859,-,1.61
2024/06/26,18:00,0.596,-,1.33
2024/06/26,19:00,0.361,-,1.3
2024/06/26,20:00,0.216,-,1.08
2024/06/26,21:00,0.198,-,0.98
2024/06/26,22:00,0.338,-,1.02
2024/06/26,23:00,0.63,-,1.32
2024/06/27,00:00,0.986,-,1.73
2024/06/27,01:00,1.275,-,2.17
2024/06/27,02:00,1.415,-,2.21
2024/06/27,03:00,1.406,-,1.96
2024/06/27,04:00,1.282,-,1.82
2024/06/27,05:00,1.064,-,1.59
2024/06/27,06:00,0.78,-,1.27
2024/06/27,07:00,0.488,-,0.88
2024/06/27,08:00,0.256,-,0.67
2024/06/27,09:00,0.135,-,0.6
2024/06/27,10:00,0.167,-,0.7
2024/06/27,11:00,0.372,-,0.97
2024/06/27,12:00,0.702,-,1.36
2024/06/27,13:00,1.037,-,1.69
2024/06/27,14:00,1.259,-,1.9
2024/06/27,15:00,1.332,-,1.93
2024/06/27,16:00,1.282,-,1.91
2024/06/27,17:00,1.133,-,1.68
2024/06/27,18:00,0.903,-,1.38
2024/06/27,19:00,0.635,-,1.12
2024/06/27,20:00,0.394,-,0.86
2024/06/27,21:00,0.238,-,0.7
2024/06/27,22:00,0.207,-,0.62
2024/06/27,23:00,0.338,-,0.75
2024/06/28,00:00,0.618,-,1.03
2024/06/28,01:00,0.953,-,1.37
2024/06/28,02:00,1.218,-,1.63
2024/06/28,03:00,1.34,-,1.76
2024/06/28,04:00,1.327,-,1.87
2024/06/28,05:00,1.207,-,1.83
2024/06/28,06:00,0.994,-,1.8
2024/06/28,07:00,0.718,-,1.41
2024/06/28,08:00,0.44,-,1.1
2024/06/28,09:00,0.226,-,0.87
2024/06/28,10:00,0.129,-,0.79
2024/06/28,11:00,0.19,-,0.82
2024/06/28,12:00,0.424,-,1.12
2024/06/28,13:00,0.772,-,1.45
2024/06/28,14:00,1.106,-,1.79
2024/06/28,15:00,1.32,-,1.92
2024/06/28,16:00,1.391,-,1.98
2024/06/28,17:00,1.344,-,1.93
2024/06/28,18:00,1.194,-,1.81
2024/06/28,19:00,0.958,-,1.59
2024/06/28,20:00,0.681,-,1.33
2024/06/28,21:00,0.429,-,1.12
2024/06/28,22:00,0.257,-,0.99
2024/06/28,23:00,0.211,-,0.99
2024/06/29,00:00,0.328,-,1.14
2024/06/29,01:00,0.591,-,1.42
2024/06/29,02:00,0.904,-,1.72
2024/06/29,03:00,1.147,-,1.97
2024/06/29,04:00,1.26,-,2.06
2024/06/29,05:00,1.252,-,2.09
2024/06/29,06:00,1.14,-,2.02
2024/06/29,07:00,0.933,-,1.79
2024/06/29,08:00,0.663,-,1.5
2024/06/29,09:00,0.398,-,1.23
2024/06/29,10:00,0.204,-,1.04
2024/06/29,11:00,0.131,-,0.96
2024/06/29,12:00,0.218,-,1
2024/06/29,13:00,0.475,-,1.27
2024/06/29,14:00,0.832,-,1.61
2024/06/29,15:00,1.163,-,1.91
2024/06/29,16:00,1.375,-,2.08
2024/06/29,17:00,1.451,-,2.14
2024/06/29,18:00,1.409,-,2.13
2024/06/29,19:00,1.257,-,2.01
2024/06/29,20:00,1.011,-,1.74
2024/06/29,21:00,0.724,-,1.46
2024/06/29,22:00,0.46,-,1.16
2024/06/29,23:00,0.274,-,1
2024/06/30,00:00,0.211,-,0.94
2024/06/30,01:00,0.311,-,0.99
2024/06/30,02:00,0.556,-,1.19
2024/06/30,03:00,0.849,-,1.51
2024/06/30,04:00,1.079,-,1.77
2024/06/30,05:00,1.193,-,1.87
2024/06/30,06:00,1.194,-,1.85
2024/06/30,07:00,1.088,-,1.74
2024/06/30,08:00,0.882,-,1.48
2024/06/30,09:00,0.617,-,1.26
2024/06/30,10:00,0.365,-,1.02
2024/06/30,11:00,0.191,-,0.87
2024/06/30,12:00,0.137,-,0.79
2024/06/30,13:00,0.244,-,0.84
2024/06/30,14:00,0.515,-,1.05
2024/06/30,15:00,0.877,-,1.43
2024/06/30,16:00,1.208,-,1.66
2024/06/30,17:00,1.423,-,1.91
2024/06/30,18:00,1.506,-,2
2024/06/30,19:00,1.467,-,1.85
2024/06/30,20:00,1.308,-,1.67
2024/06/30,21:00,1.052,-,1.36
2024/06/30,22:00,0.756,-,1.15
2024/06/30,23:00,0.485,-,0.94
2024/07/01,00:00,0.285,-,0.9
2024/07/01,01:00,0.206,-,0.88
2024/07/01,02:00,0.291,-,0.87
2024/07/01,03:00,0.521,-,1.18
2024/07/01,04:00,0.804,-,1.42
2024/07/01,05:00,1.031,-,1.68
2024/07/01,06:00,1.152,-,1.79
2024/07/01,07:00,1.16,-,1.78
2024/07/01,08:00,1.053,-,1.54
2024/07/01,09:00,0.843,-,1.25
2024/07/01,10:00,0.582,-,0.89
2024/07/01,11:00,0.344,-,0.58
2024/07/01,12:00,0.184,-,0.48
2024/07/01,13:00,0.144,-,0.46
2024/07/01,14:00,0.262,-,0.64
2024/07/01,15:00,0.543,-,0.99
2024/07/01,16:00,0.909,-,1.3
2024/07/01,17:00,1.243,-,1.59
2024/07/01,18:00,1.463,-,1.71
2024/07/01,19:00,1.55,-,1.77
2024/07/01,20:00,1.507,-,1.69
2024/07/01,21:00,1.338,-,1.52
2024/07/01,22:00,1.073,-,1.22
2024/07/01,23:00,0.774,-,0.93
2024/07/02,00:00,0.497,-,0.64
2024/07/02,01:00,0.286,-,0.45
2024/07/02,02:00,0.194,-,0.37
2024/07/02,03:00,0.271,-,0.43
2024/07/02,04:00,0.5,-,0.73
2024/07/02,05:00,0.784,-,1.07
2024/07/02,06:00,1.015,-,1.3
2024/07/02,07:00,1.142,-,1.42
2024/07/02,08:00,1.149,-,1.42
2024/07/02,09:00,1.033,-,1.37
2024/07/02,10:00,0.816,-,1.15
2024/07/02,11:00,0.558,-,0.9
2024/07/02,12:00,0.33,-,0.67
2024/07/02,13:00,0.179,-,0.53
2024/07/02,14:00,0.145,-,0.5
2024/07/02,15:00,0.272,-,0.69
2024/07/02,16:00,0.563,-,1.07
2024/07/02,17:00,0.937,-,1.43
2024/07/02,18:00,1.274,-,1.76
2024/07/02,19:00,1.493,-,1.89
2024/07/02,20:00,1.577,-,1.95
2024/07/02,21:00,1.523,-,1.94
2024/07/02,22:00,1.342,-,1.8
2024/07/02,23:00,1.071,-,1.57
2024/07/03,00:00,0.771,-,1.27
2024/07/03,01:00,0.49,-,1.04
2024/07/03,02:00,0.272,-,0.88
2024/07/03,03:00,0.177,-,0.82
2024/07/03,04:00,0.262,-,0.93
2024/07/03,05:00,0.504,-,1.18
2024/07/03,06:00,0.797,-,1.46
2024/07/03,07:00,1.033,-,1.71
2024/07/03,08:00,1.157,-,1.85
2024/07/03,09:00,1.153,-,1.88
2024/07/03,10:00,1.023,-,1.77
2024/07/03,11:00,0.798,-,1.56
2024/07/03,12:00,0.542,-,1.29
2024/07/03,13:00,0.319,-,1.04
2024/07/03,14:00,0.171,-,0.88
2024/07/03,15:00,0.142,-,0.8
2024/07/03,16:00,0.282,-,0.92
2024/07/03,17:00,0.589,-,1.23
2024/07/03,18:00,0.971,-,1.62
2024/07/03,19:00,1.304,-,1.95
2024/07/03,20:00,1.514,-,2.14
2024/07/03,21:00,1.582,-,2.17
2024/07/03,22:00,1.512,-,2.13
2024/07/03,23:00,1.318,-,1.94
2024/07/04,00:00,1.043,-,1.64
2024/07/04,01:00,0.743,-,1.3
2024/07/04,02:00,0.461,-,1.03
2024/07/04,03:00,0.244,-,0.88
2024/07/04,04:00,0.164,-,0.86
2024/07/04,05:00,0.275,-,0.97
2024/07/04,06:00,0.54,-,1.24
2024/07/04,07:00,0.843,-,1.55
2024/07/04,08:00,1.075,-,1.81
2024/07/04,09:00,1.185,-,1.97
2024/07/04,10:00,1.164,-,1.96
2024/07/04,11:00,1.017,-,1.82
2024/07/04,12:00,0.782,-,1.55
2024/07/04,13:00,0.525,-,1.27
2024/07/04,14:00,0.305,-,1.04
2024/07/04,15:00,0.162,-,0.88
2024/07/04,16:00,0.146,-,0.85
2024/07/04,17:00,0.307,-,1.02
2024/07/04,18:00,0.633,-,1.45
2024/07/04,19:00,1.017,-,1.75
2024/07/04,20:00,1.335,-,2.14
2024/07/04,21:00,1.521,-,2.26
2024/07/04,22:00,1.567,-,2.33
2024/07/04,23:00,1.476,-,2.17
2024/07/05,00:00,1.268,-,1.94
2024/07/05,01:00,0.988,-,1.63
2024/07/05,02:00,0.689,-,1.32
2024/07/05,03:00,0.413,-,1.07
2024/07/05,04:00,0.212,-,0.9
2024/07/05,05:00,0.165,-,0.82
2024/07/05,06:00,0.314,-,0.86
2024/07/05,07:00,0.604,-,1.15
2024/07/05,08:00,0.908,-,1.52
2024/07/05,09:00,1.125,-,1.77
2024/07/05,10:00,1.215,-,1.89
2024/07/05,11:00,1.171,-,1.84
2024/07/05,12:00,1.005,-,1.66
2024/07/05,13:00,0.761,-,1.4
2024/07/05,14:00,0.504,-,1.15
2024/07/05,15:00,0.29,-,0.92
2024/07/05,16:00,0.16,-,0.78
2024/07/05,17:00,0.169,-,0.78
2024/07/05,18:00,0.359,-,1
2024/07/05,19:00,0.699,-,1.4
2024/07/05,20:00,1.073,-,1.81
2024/07/05,21:00,1.362,-,2.11
2024/07/05,22:00,1.515,-,2.17
2024/07/05,23:00,1.531,-,2.15
2024/07/06,00:00,1.416,-,2.02
2024/07/06,01:00,1.192,-,1.81
2024/07/06,02:00,0.907,-,1.5
2024/07/06,03:00,0.614,-,1.23
2024/07/06,04:00,0.356,-,1.03
2024/07/06,05:00,0.19,-,0.88
2024/07/06,06:00,0.19,-,0.84
2024/07/06,07:00,0.381,-,0.99
2024/07/06,08:00,0.686,-,1.33
2024/07/06,09:00,0.98,-,1.67
2024/07/06,10:00,1.172,-,1.89
2024/07/06,11:00,1.235,-,1.93
2024/07/06,12:00,1.167,-,1.82
2024/07/06,13:00,0.982,-,1.62
2024/07/06,14:00,0.73,-,1.37
2024/07/06,15:00,0.479,-,1.13
2024/07/06,16:00,0.281,-,0.91
2024/07/06,17:00,0.177,-,0.77
2024/07/06,18:00,0.22,-,0.78
2024/07/06,19:00,0.438,-,1
2024/07/06,20:00,0.782,-,1.34
2024/07/06,21:00,1.13,-,1.72
2024/07/06,22:00,1.38,-,1.98
2024/07/06,23:00,1.494,-,2.05
2024/07/07,00:00,1.477,-,1.99
2024/07/07,01:00,1.336,-,1.83
2024/07/07,02:00,1.095,-,1.57
2024/07/07,03:00,0.809,-,1.25
2024/07/07,04:00,0.532,-,1.03
2024/07/07,05:00,0.305,-,0.87
2024/07/07,06:00,0.187,-,0.79
2024/07/07,07:00,0.24,-,0.83
2024/07/07,08:00,0.465,-,1.03
2024/07/07,09:00,0.775,-,1.38
2024/07/07,10:00,1.046,-,1.61
2024/07/07,11:00,1.207,-,1.73
2024/07/07,12:00,1.241,-,1.76
2024/07/07,13:00,1.148,-,1.63
2024/07/07,14:00,0.947,-,1.41
2024/07/07,15:00,0.693,-,1.12
2024/07/07,16:00,0.456,-,0.83
2024/07/07,17:00,0.285,-,0.65
2024/07/07,18:00,0.217,-,0.56
2024/07/07,19:00,0.295,-,0.62
2024/07/07,20:00,0.534,-,0.88
2024/07/07,21:00,0.869,-,1.23
2024/07/07,22:00,1.18,-,1.54
2024/07/07,23:00,1.384,-,1.73
2024/07/08,00:00,1.457,-,1.8
2024/07/08,01:00,1.406,-,1.81
2024/07/08,02:00,1.238,-,1.68
2024/07/08,03:00,0.985,-,1.45
2024/07/08,04:00,0.707,-,1.17
2024/07/08,05:00,0.457,-,0.95
2024/07/08,06:00,0.274,-,0.8
2024/07/08,07:00,0.209,-,0.8
2024/07/08,08:00,0.31,-,0.88
2024/07/08,09:00,0.56,-,1.16
2024/07/08,10:00,0.861,-,1.45
2024/07/08,11:00,1.102,-,1.68
2024/07/08,12:00,1.229,-,1.81
2024/07/08,13:00,1.233,-,1.83
2024/07/08,14:00,1.116,-,1.7
2024/07/08,15:00,0.903,-,1.49
2024/07/08,16:00,0.656,-,1.19
2024/07/08,17:00,0.444,-,0.95
2024/07/08,18:00,0.308,-,0.8
2024/07/08,19:00,0.276,-,0.79
2024/07/08,20:00,0.384,-,0.9
2024/07/08,21:00,0.632,-,1.17
2024/07/08,22:00,0.946,-,1.52
2024/07/08,23:00,1.215,-,1.81
2024/07/09,00:00,1.371,-,1.98
2024/07/09,01:00,1.404,-,2.04
2024/07/09,02:00,1.32,-,1.96
2024/07/09,03:00,1.13,-,1.79
2024/07/09,04:00,0.873,-,1.52
2024/07/09,05:00,0.613,-,1.29
2024/07/09,06:00,0.4,-,1.09
2024/07/09,07:00,0.266,-,0.98
2024/07/09,08:00,0.253,-,0.99
2024/07/09,09:00,0.395,-,1.13
2024/07/09,10:00,0.658,-,1.35
2024/07/09,11:00,0.942,-,1.64
2024/07/09,12:00,1.149,-,1.85
2024/07/09,13:00,1.24,-,1.95
2024/07/09,14:00,1.214,-,1.93
2024/07/09,15:00,1.077,-,1.78
2024/07/09,16:00,0.86,-,1.56
2024/07/09,17:00,0.628,-,1.33
2024/07/09,18:00,0.446,-,1.13
2024/07/09,19:00,0.343,-,1.02
2024/07/09,20:00,0.343,-,1.01
2024/07/09,21:00,0.472,-,1.15
2024/07/09,22:00,0.719,-,1.39
2024/07/09,23:00,1.004,-,1.7
2024/07/10,00:00,1.227,-,1.89
2024/07/10,01:00,1.337,-,2.02
2024/07/10,02:00,1.333,-,2.03
2024/07/10,03:00,1.222,-,1.9
2024/07/10,04:00,1.019,-,1.68
2024/07/10,05:00,0.769,-,1.43
2024/07/10,06:00,0.536,-,1.18
2024/07/10,07:00,0.365,-,1.04
2024/07/10,08:00,0.279,-,1.01
2024/07/10,09:00,0.314,-,1.02
2024/07/10,10:00,0.49,-,1.17
2024/07/10,11:00,0.759,-,1.43
2024/07/10,12:00,1.019,-,1.77
2024/07/10,13:00,1.188,-,2.01
2024/07/10,14:00,1.244,-,2.11
2024/07/10,15:00,1.191,-,2.08
2024/07/10,16:00,1.04,-,1.87
2024/07/10,17:00,0.825,-,1.55
2024/07/10,18:00,0.613,-,1.26
2024/07/10,19:00,0.458,-,1.02
2024/07/10,20:00,0.383,-,0.93
2024/07/10,21:00,0.406,-,0.98
2024/07/10,22:00,0.548,-,1.12
2024/07/10,23:00,0.787,-,1.32
2024/07/11,00:00,1.04,-,1.63
2024/07/11,01:00,1.217,-,1.9
2024/07/11,02:00,1.285,-,2.04
2024/07/11,03:00,1.25,-,2.09
2024/07/11,04:00,1.121,-,2.04
2024/07/11,05:00,0.914,-,1.87
2024/07/11,06:00,0.679,-,1.72
2024/07/11,07:00,0.478,-,1.56
2024/07/11,08:00,0.348,-,1.36
2024/07/11,09:00,0.308,-,1.22
2024/07/11,10:00,0.388,-,1.15
2024/07/11,11:00,0.593,-,1.27
2024/07/11,12:00,0.861,-,1.45
2024/07/11,13:00,1.091,-,1.64
2024/07/11,14:00,1.222,-,1.71
2024/07/11,15:00,1.245,-,1.73
2024/07/11,16:00,1.172,-,1.55
2024/07/11,17:00,1.011,-,1.3
2024/07/11,18:00,0.802,-,1.03
2024/07/11,19:00,0.607,-,0.8
2024/07/11,20:00,0.474,-,0.66
2024/07/11,21:00,0.419,-,0.58
2024/07/11,22:00,0.459,-,0.6
2024/07/11,23:00,0.609,-,0.77
2024/07/12,00:00,0.835,-,1.03
2024/07/12,01:00,1.052,-,1.27
2024/07/12,02:00,1.186,-,1.39
2024/07/12,03:00,1.219,-,1.5
2024/07/12,04:00,1.163,-,1.55
2024/07/12,05:00,1.025,-,1.39
2024/07/12,06:00,0.821,-,1.16
2024/07/12,07:00,0.605,-,0.97
2024/07/12,08:00,0.436,-,0.86
2024/07/12,09:00,0.346,-,0.75
2024/07/12,10:00,0.351,-,0.79
2024/07/12,11:00,0.473,-,0.92
2024/07/12,12:00,0.699,-,1.18
2024/07/12,13:00,0.958,-,1.27
2024/07/12,14:00,1.156,-,1.8
2024/07/12,15:00,1.25,-,1.82
2024/07/12,16:00,1.248,-,1.8
2024/07/12,17:00,1.16,-,1.68
2024/07/12,18:00,0.993,-,1.44
2024/07/12,19:00,0.788,-,1.13
2024/07/12,20:00,0.606,-,0.92
2024/07/12,21:00,0.487,-,0.8
2024/07/12,22:00,0.447,-,0.74
2024/07/12,23:00,0.501,-,0.8
2024/07/13,00:00,0.653,-,0.93
2024/07/13,01:00,0.862,-,1.14
2024/07/13,02:00,1.044,-,1.3
2024/07/13,03:00,1.14,-,1.39
2024/07/13,04:00,1.149,-,1.47
2024/07/13,05:00,1.083,-,1.37
2024/07/13,06:00,0.942,-,1.24
2024/07/13,07:00,0.743,-,1.02
2024/07/13,08:00,0.546,-,0.9
2024/07/13,09:00,0.407,-,0.79
2024/07/13,10:00,0.355,-,0.73
2024/07/13,11:00,0.402,-,0.75
2024/07/13,12:00,0.56,-,0.84
2024/07/13,13:00,0.801,-,1.13
2024/07/13,14:00,1.044,-,1.36
2024/07/13,15:00,1.211,-,1.57
2024/07/13,16:00,1.277,-,1.57
2024/07/13,17:00,1.257,-,1.56
2024/07/13,18:00,1.157,-,1.43
2024/07/13,19:00,0.984,-,1.24
2024/07/13,20:00,0.779,-,1.02
2024/07/13,21:00,0.604,-,0.82
2024/07/13,22:00,0.496,-,0.71
2024/07/13,23:00,0.468,-,0.61
2024/07/14,00:00,0.53,-,0.68
2024/07/14,01:00,0.682,-,0.77
2024/07/14,02:00,0.872,-,0.99
2024/07/14,03:00,1.023,-,1.17
2024/07/14,04:00,1.094,-,1.29
2024/07/14,05:00,1.09,-,1.26
2024/07/14,06:00,1.018,-,1.16
2024/07/14,07:00,0.874,-,1.02
2024/07/14,08:00,0.679,-,0.85
2024/07/14,09:00,0.498,-,0.73
2024/07/14,10:00,0.387,-,0.64
2024/07/14,11:00,0.371,-,0.61
2024/07/14,12:00,0.455,-,0.69
2024/07/14,13:00,0.64,-,0.87
2024/07/14,14:00,0.888,-,1.15
2024/07/14,15:00,1.116,-,1.36
2024/07/14,16:00,1.258,-,1.52
2024/07/14,17:00,1.306,-,1.55
2024/07/14,18:00,1.274,-,1.57
2024/07/14,19:00,1.162,-,1.54
2024/07/14,20:00,0.978,-,1.34
2024/07/14,21:00,0.769,-,1.23
2024/07/14,22:00,0.598,-,0.97
2024/07/14,23:00,0.499,-,0.86
2024/07/15,00:00,0.478,-,0.86
2024/07/15,01:00,0.545,-,0.96
2024/07/15,02:00,0.694,-,1.16
2024/07/15,03:00,0.87,-,1.37
2024/07/15,04:00,1.002,-,1.52
2024/07/15,05:00,1.06,-,1.58
2024/07/15,06:00,1.051,-,1.58
2024/07/15,07:00,0.974,-,1.49
2024/07/15,08:00,0.822,-,1.4
2024/07/15,09:00,0.627,-,1.25
2024/07/15,10:00,0.46,-,1.12
2024/07/15,11:00,0.374,-,1.02
2024/07/15,12:00,0.387,-,0.99
2024/07/15,13:00,0.499,-,1.07
2024/07/15,14:00,0.705,-,1.29
2024/07/15,15:00,0.958,-,1.55
2024/07/15,16:00,1.176,-,1.78
2024/07/15,17:00,1.305,-,1.86
2024/07/15,18:00,1.342,-,1.87
2024/07/15,19:00,1.298,-,1.82
2024/07/15,20:00,1.17,-,1.67
2024/07/15,21:00,0.97,-,1.44
2024/07/15,22:00,0.755,-,1.25
2024/07/15,23:00,0.587,-,1.08
2024/07/16,00:00,0.49,-,0.94
2024/07/16,01:00,0.473,-,0.88
2024/07/16,02:00,0.544,-,0.97
2024/07/16,03:00,0.695,-,1.16
2024/07/16,04:00,0.867,-,1.38
2024/07/16,05:00,0.994,-,1.51
2024/07/16,06:00,1.049,-,1.59
2024/07/16,07:00,1.036,-,1.57
2024/07/16,08:00,0.948,-,1.47
2024/07/16,09:00,0.783,-,1.34
2024/07/16,10:00,0.585,-,1.15
2024/07/16,11:00,0.428,-,1
2024/07/16,12:00,0.361,-,0.86
2024/07/16,13:00,0.394,-,0.86
2024/07/16,14:00,0.527,-,0.95
2024/07/16,15:00,0.752,-,1.2
2024/07/16,16:00,1.016,-,1.49
2024/07/16,17:00,1.235,-,1.69
2024/07/16,18:00,1.359,-,1.8
2024/07/16,19:00,1.386,-,1.81
2024/07/16,20:00,1.326,-,1.75
2024/07/16,21:00,1.176,-,1.58
2024/07/16,22:00,0.959,-,1.34
2024/07/16,23:00,0.736,-,1.07
2024/07/17,00:00,0.564,-,0.92
2024/07/17,01:00,0.465,-,0.86
2024/07/17,02:00,0.448,-,0.87
2024/07/17,03:00,0.529,-,0.95
2024/07/17,04:00,0.694,-,1.1
2024/07/17,05:00,0.878,-,1.31
2024/07/17,06:00,1.01,-,1.49
2024/07/17,07:00,1.065,-,1.57
2024/07/17,08:00,1.042,-,1.48
2024/07/17,09:00,0.935,-,1.35
2024/07/17,10:00,0.753,-,1.19
2024/07/17,11:00,0.549,-,0.97
2024/07/17,12:00,0.398,-,0.78
2024/07/17,13:00,0.339,-,0.63
2024/07/17,14:00,0.384,-,0.64
2024/07/17,15:00,0.538,-,0.81
2024/07/17,16:00,0.789,-,1.1
2024/07/17,17:00,1.074,-,1.41
2024/07/17,18:00,1.302,-,1.7
2024/07/17,19:00,1.423,-,1.65
2024/07/17,20:00,1.437,-,1.66
2024/07/17,21:00,1.354,-,1.63
2024/07/17,22:00,1.177,-,1.57
2024/07/17,23:00,0.939,-,1.32
2024/07/18,00:00,0.704,-,1.09
2024/07/18,01:00,0.522,-,0.93
2024/07/18,02:00,0.417,-,0.79
2024/07/18,03:00,0.406,-,0.8
2024/07/18,04:00,0.51,-,0.8
2024/07/18,05:00,0.705,-,0.92
2024/07/18,06:00,0.911,-,1.14
2024/07/18,07:00,1.052,-,1.3
2024/07/18,08:00,1.101,-,1.46
2024/07/18,09:00,1.061,-,1.34
2024/07/18,10:00,0.93,-,1.24
2024/07/18,11:00,0.727,-,1.01
2024/07/18,12:00,0.514,-,0.82
2024/07/18,13:00,0.36,-,0.68
2024/07/18,14:00,0.304,-,0.57
2024/07/18,15:00,0.361,-,0.61
2024/07/18,16:00,0.542,-,0.8
2024/07/18,17:00,0.83,-,1.15
2024/07/18,18:00,1.143,-,1.43
2024/07/18,19:00,1.381,-,1.7
2024/07/18,20:00,1.494,-,1.78
2024/07/18,21:00,1.488,-,1.81
2024/07/18,22:00,1.377,-,1.74
2024/07/18,23:00,1.17,-,1.52
2024/07/19,00:00,0.907,-,1.19
2024/07/19,01:00,0.653,-,0.93
2024/07/19,02:00,0.458,-,0.72
2024/07/19,03:00,0.35,-,0.6
2024/07/19,04:00,0.358,-,0.67
2024/07/19,05:00,0.501,-,0.89
2024/07/19,06:00,0.738,-,1.2
2024/07/19,07:00,0.969,-,1.49
2024/07/19,08:00,1.114,-,1.67
2024/07/19,09:00,1.15,-,1.71
2024/07/19,10:00,1.085,-,1.65
2024/07/19,11:00,0.926,-,1.54
2024/07/19,12:00,0.7,-,1.27
2024/07/19,13:00,0.472,-,1.02
2024/07/19,14:00,0.311,-,0.84
2024/07/19,15:00,0.257,-,0.76
2024/07/19,16:00,0.333,-,0.84
2024/07/19,17:00,0.553,-,1.12
2024/07/19,18:00,0.885,-,1.47
2024/07/19,19:00,1.226,-,1.8
2024/07/19,20:00,1.466,-,2.04
2024/07/19,21:00,1.564,-,2.13
2024/07/19,22:00,1.531,-,2.14
2024/07/19,23:00,1.387,-,2.05
2024/07/20,00:00,1.147,-,1.79
2024/07/20,01:00,0.856,-,1.51
2024/07/20,02:00,0.581,-,1.24
2024/07/20,03:00,0.376,-,1.08
2024/07/20,04:00,0.276,-,1
2024/07/20,05:00,0.32,-,1.09
2024/07/20,06:00,0.516,-,1.29
2024/07/20,07:00,0.797,-,1.58
2024/07/20,08:00,1.047,-,1.85
2024/07/20,09:00,1.186,-,1.98
2024/07/20,10:00,1.202,-,2
2024/07/20,11:00,1.109,-,1.88
2024/07/20,12:00,0.92,-,1.7
2024/07/20,13:00,0.669,-,1.44
2024/07/20,14:00,0.424,-,1.15
2024/07/20,15:00,0.256,-,1.01
2024/07/20,16:00,0.209,-,0.91
2024/07/20,17:00,0.314,-,1.06
2024/07/20,18:00,0.581,-,1.32
2024/07/20,19:00,0.954,-,1.7
2024/07/20,20:00,1.312,-,2.06
2024/07/20,21:00,1.544,-,2.23
2024/07/20,22:00,1.619,-,2.3
2024/07/20,23:00,1.556,-,2.27
2024/07/21,00:00,1.377,-,2.07
2024/07/21,01:00,1.102,-,1.8
2024/07/21,02:00,0.784,-,1.49
2024/07/21,03:00,0.493,-,1.2
2024/07/21,04:00,0.288,-,0.97
2024/07/21,05:00,0.214,-,0.77
2024/07/21,06:00,0.307,-,0.81
2024/07/21,07:00,0.559,-,1.06
2024/07/21,08:00,0.878,-,1.43
2024/07/21,09:00,1.135,-,1.7
2024/07/21,10:00,1.26,-,1.83
2024/07/21,11:00,1.252,-,1.82
2024/07/21,12:00,1.13,-,1.66
2024/07/21,13:00,0.911,-,1.43
2024/07/21,14:00,0.634,-,1.15
2024/07/21,15:00,0.375,-,0.87
2024/07/21,16:00,0.206,-,0.67
2024/07/21,17:00,0.175,-,0.56
2024/07/21,18:00,0.315,-,0.7
2024/07/21,19:00,0.624,-,1.07
2024/07/21,20:00,1.027,-,1.5
2024/07/21,21:00,1.387,-,1.88
2024/07/21,22:00,1.601,-,2.07
2024/07/21,23:00,1.647,-,2.1
2024/07/22,00:00,1.554,-,2.03
2024/07/22,01:00,1.341,-,1.86
2024/07/22,02:00,1.035,-,1.52
2024/07/22,03:00,0.696,-,1.22
2024/07/22,04:00,0.402,-,0.94
2024/07/22,05:00,0.213,-,0.82
2024/07/22,06:00,0.178,-,0.76
2024/07/22,07:00,0.326,-,0.84
2024/07/22,08:00,0.629,-,1.24
2024/07/22,09:00,0.972,-,1.55
2024/07/22,10:00,1.227,-,1.92
2024/07/22,11:00,1.333,-,2.05
2024/07/22,12:00,1.299,-,2
2024/07/22,13:00,1.148,-,1.82
2024/07/22,14:00,0.899,-,1.52
2024/07/22,15:00,0.602,-,1.22
2024/07/22,16:00,0.336,-,0.96
2024/07/22,17:00,0.174,-,0.81
2024/07/22,18:00,0.163,-,0.81
2024/07/22,19:00,0.333,-,0.91
2024/07/22,20:00,0.672,-,1.2
2024/07/22,21:00,1.087,-,1.66
2024/07/22,22:00,1.436,-,2.02
2024/07/22,23:00,1.623,-,2.24
2024/07/23,00:00,1.641,-,2.28
2024/07/23,01:00,1.519,-,2.22
2024/07/23,02:00,1.277,-,1.91
2024/07/23,03:00,0.949,-,1.51
2024/07/23,04:00,0.604,-,1.17
2024/07/23,05:00,0.322,-,0.9
2024/07/23,06:00,0.163,-,0.76
2024/07/23,07:00,0.174,-,0.76
2024/07/23,08:00,0.374,-,0.97
2024/07/23,09:00,0.716,-,1.36
2024/07/23,10:00,1.073,-,1.76
2024/07/23,11:00,1.317,-,2.05
2024/07/23,12:00,1.401,-,2.14
2024/07/23,13:00,1.343,-,2.08
2024/07/23,14:00,1.165,-,1.87
2024/07/23,15:00,0.893,-,1.58
2024/07/23,16:00,0.584,-,1.29
2024/07/23,17:00,0.319,-,1.18
2024/07/23,18:00,0.167,-,0.8
2024/07/23,19:00,0.172,-,0.82
2024/07/23,20:00,0.361,-,0.89
2024/07/23,21:00,0.713,-,1.31
2024/07/23,22:00,1.123,-,1.72
2024/07/23,23:00,1.449,-,2.03
2024/07/24,00:00,1.607,-,2.26
2024/07/24,01:00,1.598,-,2.16
2024/07/24,02:00,1.452,-,2.12
2024/07/24,03:00,1.19,-,1.75
2024/07/24,04:00,0.855,-,1.41
2024/07/24,05:00,0.52,-,1.14
2024/07/24,06:00,0.264,-,0.86
2024/07/24,07:00,0.143,-,0.74
2024/07/24,08:00,0.198,-,0.75
2024/07/24,09:00,0.443,-,1.02
2024/07/24,10:00,0.813,-,1.53
2024/07/24,11:00,1.171,-,1.94
2024/07/24,12:00,1.399,-,2.16
2024/07/24,13:00,1.462,-,2.15
2024/07/24,14:00,1.382,-,2.04
2024/07/24,15:00,1.184,-,1.86
2024/07/24,16:00,0.899,-,1.6
2024/07/24,17:00,0.588,-,1.29
2024/07/24,18:00,0.33,-,1.05
2024/07/24,19:00,0.184,-,0.88
2024/07/24,20:00,0.195,-,0.82
2024/07/24,21:00,0.389,-,0.92
2024/07/24,22:00,0.738,-,1.31
2024/07/24,23:00,1.13,-,1.68
2024/07/25,00:00,1.425,-,1.99
2024/07/25,01:00,1.553,-,2.08
2024/07/25,02:00,1.523,-,2.05
2024/07/25,03:00,1.361,-,1.86
2024/07/25,04:00,1.094,-,1.57
2024/07/25,05:00,0.767,-,1.25
2024/07/25,06:00,0.456,-,0.93
2024/07/25,07:00,0.232,-,0.74
2024/07/25,08:00,0.148,-,0.65
2024/07/25,09:00,0.243,-,0.7
2024/07/25,10:00,0.522,-,1.02
2024/07/25,11:00,0.909,-,1.43
2024/07/25,12:00,1.26,-,1.82
2024/07/25,13:00,1.469,-,2.04
2024/07/25,14:00,1.512,-,2.05
2024/07/25,15:00,1.417,-,1.96
2024/07/25,16:00,1.21,-,1.76
2024/07/25,17:00,0.922,-,1.48
2024/07/25,18:00,0.617,-,1.23
2024/07/25,19:00,0.364,-,0.96
2024/07/25,20:00,0.219,-,0.83
2024/07/25,21:00,0.225,-,0.77
2024/07/25,22:00,0.412,-,0.96
2024/07/25,23:00,0.747,-,1.33
2024/07/26,00:00,1.11,-,1.72
2024/07/26,01:00,1.371,-,1.97
2024/07/26,02:00,1.472,-,2.04
2024/07/26,03:00,1.427,-,2
2024/07/26,04:00,1.263,-,1.83
2024/07/26,05:00,1.003,-,1.56
2024/07/26,06:00,0.695,-,1.23
2024/07/26,07:00,0.414,-,1
2024/07/26,08:00,0.223,-,0.94
2024/07/26,09:00,0.171,-,0.8
2024/07/26,10:00,0.299,-,0.88
2024/07/26,11:00,0.603,-,1.19
2024/07/26,12:00,0.994,-,1.56
2024/07/26,13:00,1.331,-,1.95
2024/07/26,14:00,1.518,-,2.12
2024/07/26,15:00,1.547,-,2.15
2024/07/26,16:00,1.448,-,2.06
2024/07/26,17:00,1.243,-,1.85
2024/07/26,18:00,0.961,-,1.57
2024/07/26,19:00,0.663,-,1.3
2024/07/26,20:00,0.413,-,1.07
2024/07/26,21:00,0.262,-,0.92
2024/07/26,22:00,0.257,-,0.9
2024/07/26,23:00,0.43,-,1.07
2024/07/27,00:00,0.742,-,1.43
2024/07/27,01:00,1.071,-,1.78
2024/07/27,02:00,1.298,-,1.98
2024/07/27,03:00,1.378,-,2.05
2024/07/27,04:00,1.33,-,2.01
2024/07/27,05:00,1.174,-,1.84
2024/07/27,06:00,0.929,-,1.59
2024/07/27,07:00,0.645,-,1.33
2024/07/27,08:00,0.392,-,1.09
2024/07/27,09:00,0.23,-,0.94
2024/07/27,10:00,0.205,-,0.91
2024/07/27,11:00,0.357,-,1.02
2024/07/27,12:00,0.674,-,1.37
2024/07/27,13:00,1.058,-,1.74
2024/07/27,14:00,1.375,-,2.04
2024/07/27,15:00,1.544,-,2.19
2024/07/27,16:00,1.569,-,2.23
2024/07/27,17:00,1.476,-,2.16
2024/07/27,18:00,1.28,-,1.96
2024/07/27,19:00,1.008,-,1.69
2024/07/27,20:00,0.718,-,1.42
2024/07/27,21:00,0.468,-,1.19
2024/07/27,22:00,0.308,-,1.04
2024/07/27,23:00,0.29,-,1
2024/07/28,00:00,0.444,-,1.14
2024/07/28,01:00,0.728,-,1.38
2024/07/28,02:00,1.022,-,1.68
2024/07/28,03:00,1.22,-,1.83
2024/07/28,04:00,1.291,-,1.89
2024/07/28,05:00,1.25,-,1.83
2024/07/28,06:00,1.107,-,1.68
2024/07/28,07:00,0.879,-,1.47
2024/07/28,08:00,0.616,-,1.24
2024/07/28,09:00,0.387,-,1.05
2024/07/28,10:00,0.248,-,0.9
2024/07/28,11:00,0.243,-,0.88
2024/07/28,12:00,0.408,-,1.04
2024/07/28,13:00,0.726,-,1.4
2024/07/28,14:00,1.094,-,1.77
2024/07/28,15:00,1.389,-,2.03
2024/07/28,16:00,1.549,-,2.17
2024/07/28,17:00,1.58,-,2.18
2024/07/28,18:00,1.5,-,2.11
2024/07/28,19:00,1.315,-,1.91
2024/07/28,20:00,1.053,-,1.6
2024/07/28,21:00,0.769,-,1.35
2024/07/28,22:00,0.519,-,1.1
2024/07/28,23:00,0.352,-,0.97
2024/07/29,00:00,0.319,-,0.97
2024/07/29,01:00,0.454,-,1.05
2024/07/29,02:00,0.709,-,1.29
2024/07/29,03:00,0.974,-,1.58
2024/07/29,04:00,1.156,-,1.77
2024/07/29,05:00,1.229,-,1.85
2024/07/29,06:00,1.2,-,1.87
2024/07/29,07:00,1.069,-,1.78
2024/07/29,08:00,0.853,-,1.44
2024/07/29,09:00,0.606,-,1.16
2024/07/29,10:00,0.396,-,1.02
2024/07/29,11:00,0.272,-,0.85
2024/07/29,12:00,0.277,-,0.88
2024/07/29,13:00,0.445,-,1.09
2024/07/29,14:00,0.753,-,1.49
2024/07/29,15:00,1.102,-,1.85
2024/07/29,16:00,1.381,-,2.16
2024/07/29,17:00,1.541,-,2.29
2024/07/29,18:00,1.584,-,2.28
2024/07/29,19:00,1.517,-,2.19
2024/07/29,20:00,1.341,-,1.93
2024/07/29,21:00,1.086,-,1.67
2024/07/29,22:00,0.809,-,1.37
2024/07/29,23:00,0.561,-,1.1
2024/07/30,00:00,0.386,-,0.9
2024/07/30,01:00,0.34,-,0.85
2024/07/30,02:00,0.458,-,0.86
2024/07/30,03:00,0.693,-,1.04
2024/07/30,04:00,0.942,-,1.27
2024/07/30,05:00,1.121,-,1.49
2024/07/30,06:00,1.203,-,1.59
2024/07/30,07:00,1.184,-,1.56
2024/07/30,08:00,1.058,-,1.36
2024/07/30,09:00,0.846,-,1.16
2024/07/30,10:00,0.61,-,0.95
2024/07/30,11:00,0.412,-,0.78
2024/07/30,12:00,0.295,-,0.65
2024/07/30,13:00,0.301,-,0.61
2024/07/30,14:00,0.462,-,0.78
2024/07/30,15:00,0.758,-,1.14
2024/07/30,16:00,1.093,-,1.52
2024/07/30,17:00,1.366,-,1.84
2024/07/30,18:00,1.532,-,2
2024/07/30,19:00,1.586,-,2
2024/07/30,20:00,1.525,-,1.82
2024/07/30,21:00,1.351,-,1.7
2024/07/30,22:00,1.102,-,1.43
2024/07/30,23:00,0.831,-,1.11
2024/07/31,00:00,0.583,-,0.88
2024/07/31,01:00,0.401,-,0.74
2024/07/31,02:00,0.347,-,0.73
2024/07/31,03:00,0.458,-,0.81
2024/07/31,04:00,0.688,-,1.05
2024/07/31,05:00,0.936,-,1.33
2024/07/31,06:00,1.122,-,1.62
2024/07/31,07:00,1.213,-,1.76
2024/07/31,08:00,1.196,-,1.76
2024/07/31,09:00,1.065,-,1.61
2024/07/31,10:00,0.851,-,1.45
2024/07/31,11:00,0.62,-,1.18
2024/07/31,12:00,0.427,-,0.99
2024/07/31,13:00,0.31,-,0.84
2024/07/31,14:00,0.309,-,0.76
2024/07/31,15:00,0.466,-,0.86
2024/07/31,16:00,0.756,-,1.15
2024/07/31,17:00,1.087,-,1.46
2024/07/31,18:00,1.36,-,1.73
2024/07/31,19:00,1.53,-,1.88
2024/07/31,20:00,1.586,-,1.9
2024/07/31,21:00,1.521,-,1.9
2024/07/31,22:00,1.343,-,1.66
2024/07/31,23:00,1.094,-,1.38
2024/08/01,00:00,0.827,-,1.09
2024/08/01,01:00,0.577,-,0.87
2024/08/01,02:00,0.391,-,0.74
2024/08/01,03:00,0.341,-,0.69
2024/08/01,04:00,0.462,-,0.79
2024/08/01,05:00,0.705,-,1.07
2024/08/01,06:00,0.964,-,1.34
2024/08/01,07:00,1.157,-,1.55
2024/08/01,08:00,1.249,-,1.62
2024/08/01,09:00,1.223,-,1.62
2024/08/01,10:00,1.079,-,1.48
2024/08/01,11:00,0.858,-,1.27
2024/08/01,12:00,0.627,-,1.04
2024/08/01,13:00,0.433,-,0.85
2024/08/01,14:00,0.311,-,0.7
2024/08/01,15:00,0.309,-,0.66
2024/08/01,16:00,0.47,-,0.79
2024/08/01,17:00,0.768,-,1.15
2024/08/01,18:00,1.101,-,1.5
2024/08/01,19:00,1.373,-,1.75
2024/08/01,20:00,1.538,-,1.87
2024/08/01,21:00,1.583,-,1.88
2024/08/01,22:00,1.502,-,1.8
2024/08/01,23:00,1.312,-,1.61
2024/08/02,00:00,1.059,-,1.37
2024/08/02,01:00,0.79,-,1.09
2024/08/02,02:00,0.538,-,0.92
2024/08/02,03:00,0.36,-,0.79
2024/08/02,04:00,0.331,-,0.77
2024/08/02,05:00,0.483,-,0.91
2024/08/02,06:00,0.751,-,1.18
2024/08/02,07:00,1.023,-,1.45
2024/08/02,08:00,1.216,-,1.58
2024/08/02,09:00,1.297,-,1.66
2024/08/02,10:00,1.251,-,1.6
2024/08/02,11:00,1.088,-,1.45
2024/08/02,12:00,0.857,-,1.22
2024/08/02,13:00,0.621,-,0.96
2024/08/02,14:00,0.424,-,0.78
2024/08/02,15:00,0.302,-,0.62
2024/08/02,16:00,0.312,-,0.59
2024/08/02,17:00,0.495,-,0.8
2024/08/02,18:00,0.809,-,1.16
2024/08/02,19:00,1.144,-,1.51
2024/08/02,20:00,1.405,-,1.72
2024/08/02,21:00,1.551,-,1.9
2024/08/02,22:00,1.571,-,1.75
2024/08/02,23:00,1.465,-,1.71
2024/08/03,00:00,1.255,-,1.52
2024/08/03,01:00,0.992,-,1.27
2024/08/03,02:00,0.719,-,1.01
2024/08/03,03:00,0.474,-,0.79
2024/08/03,04:00,0.321,-,0.65
2024/08/03,05:00,0.337,-,0.58
2024/08/03,06:00,0.534,-,0.75
2024/08/03,07:00,0.828,-,1.02
2024/08/03,08:00,1.104,-,1.33
2024/08/03,09:00,1.284,-,1.53
2024/08/03,10:00,1.342,-,1.62
2024/08/03,11:00,1.268,-,1.46
2024/08/03,12:00,1.082,-,1.29
2024/08/03,13:00,0.837,-,1.02
2024/08/03,14:00,0.597,-,0.8
2024/08/03,15:00,0.402,-,0.58
2024/08/03,16:00,0.296,-,0.46
2024/08/03,17:00,0.336,-,0.46
2024/08/03,18:00,0.552,-,0.47
2024/08/03,19:00,0.883,-,0.94
2024/08/03,20:00,1.21,-,1.19
2024/08/03,21:00,1.445,-,1.59
2024/08/03,22:00,1.559,-,1.66
2024/08/03,23:00,1.544,-,1.74
2024/08/04,00:00,1.404,-,1.61
2024/08/04,01:00,1.169,-,1.37
2024/08/04,02:00,0.895,-,1.13
2024/08/04,03:00,0.625,-,0.83
2024/08/04,04:00,0.404,-,0.63
2024/08/04,05:00,0.298,-,0.48
2024/08/04,06:00,0.372,-,0.49
2024/08/04,07:00,0.616,-,0.73
2024/08/04,08:00,0.928,-,1.05
2024/08/04,09:00,1.192,-,1.34
2024/08/04,10:00,1.346,-,1.55
2024/08/04,11:00,1.371,-,1.62
2024/08/04,12:00,1.265,-,1.56
2024/08/04,13:00,1.053,-,1.4
2024/08/04,14:00,0.797,-,1.11
2024/08/04,15:00,0.558,-,0.85
2024/08/04,16:00,0.381,-,0.74
2024/08/04,17:00,0.307,-,0.71
2024/08/04,18:00,0.391,-,0.83
2024/08/04,19:00,0.642,-,0.81
2024/08/04,20:00,0.978,-,1.11
2024/08/04,21:00,1.283,-,1.4
2024/08/04,22:00,1.48,-,1.63
2024/08/04,23:00,1.551,-,1.68
2024/08/05,00:00,1.494,-,1.57
2024/08/05,01:00,1.316,-,1.38
2024/08/05,02:00,1.058,-,1.1
2024/08/05,03:00,0.779,-,0.87
2024/08/05,04:00,0.528,-,0.59
2024/08/05,05:00,0.349,-,0.41
2024/08/05,06:00,0.307,-,0.34
2024/08/05,07:00,0.445,-,0.47
2024/08/05,08:00,0.727,-,0.77
2024/08/05,09:00,1.039,-,1.11
2024/08/05,10:00,1.276,-,1.37
2024/08/05,11:00,1.393,-,1.49
2024/08/05,12:00,1.379,-,1.47
2024/08/05,13:00,1.237,-,1.3
2024/08/05,14:00,1.002,-,1.03
2024/08/05,15:00,0.741,-,0.75
2024/08/05,16:00,0.518,-,0.55
2024/08/05,17:00,0.372,-,0.37
2024/08/05,18:00,0.344,-,0.33
2024/08/05,19:00,0.475,-,0.48
2024/08/05,20:00,0.75,-,0.8
2024/08/05,21:00,1.077,-,1.15
2024/08/05,22:00,1.345,-,1.38
2024/08/05,23:00,1.495,-,1.53
2024/08/06,00:00,1.518,-,1.56
2024/08/06,01:00,1.417,-,1.46
2024/08/06,02:00,1.204,-,1.3
2024/08/06,03:00,0.931,-,1.11
2024/08/06,04:00,0.663,-,0.88
2024/08/06,05:00,0.449,-,0.71
2024/08/06,06:00,0.33,-,0.6
2024/08/06,07:00,0.356,-,0.62
2024/08/06,08:00,0.551,-,0.78
2024/08/06,09:00,0.854,-,1.05
2024/08/06,10:00,1.149,-,1.38
2024/08/06,11:00,1.347,-,1.63
2024/08/06,12:00,1.419,-,1.72
2024/08/06,13:00,1.363,-,1.69
2024/08/06,14:00,1.188,-,1.56
2024/08/06,15:00,0.937,-,1.29
2024/08/06,16:00,0.684,-,0.85
2024/08/06,17:00,0.49,-,0.59
2024/08/06,18:00,0.386,-,0.47
2024/08/06,19:00,0.406,-,0.47
2024/08/06,20:00,0.575,-,0.67
2024/08/06,21:00,0.86,-,1.05
2024/08/06,22:00,1.162,-,1.44
2024/08/06,23:00,1.382,-,1.69
2024/08/07,00:00,1.48,-,1.78
2024/08/07,01:00,1.456,-,1.84
2024/08/07,02:00,1.315,-,1.78
2024/08/07,03:00,1.077,-,1.53
2024/08/07,04:00,0.805,-,1.26
2024/08/07,05:00,0.566,-,1.01
2024/08/07,06:00,0.404,-,0.93
2024/08/07,07:00,0.351,-,0.88
2024/08/07,08:00,0.443,-,0.94
2024/08/07,09:00,0.68,-,1.14
2024/08/07,10:00,0.985,-,1.46
2024/08/07,11:00,1.248,-,1.77
2024/08/07,12:00,1.399,-,1.89
2024/08/07,13:00,1.424,-,1.91
2024/08/07,14:00,1.327,-,1.75
2024/08/07,15:00,1.126,-,1.56
2024/08/07,16:00,0.872,-,1.34
2024/08/07,17:00,0.64,-,1.11
2024/08/07,18:00,0.482,-,0.96
2024/08/07,19:00,0.422,-,0.92
2024/08/07,20:00,0.483,-,1.03
2024/08/07,21:00,0.676,-,1.36
2024/08/07,22:00,0.955,-,1.67
2024/08/07,23:00,1.219,-,2.01
2024/08/08,00:00,1.387,-,2.22
2024/08/08,01:00,1.434,-,2.34
2024/08/08,02:00,1.368,-,2.29
2024/08/08,03:00,1.196,-,2.16
2024/08/08,04:00,0.95,-,1.93
2024/08/08,05:00,0.696,-,1.61
2024/08/08,06:00,0.501,-,1.47
2024/08/08,07:00,0.398,-,1.5
2024/08/08,08:00,0.408,-,1.56
2024/08/08,09:00,0.554,-,1.74
2024/08/08,10:00,0.817,-,2.03
2024/08/08,11:00,1.11,-,2.33
2024/08/08,12:00,1.331,-,2.56
2024/08/08,13:00,1.429,-,2.67
2024/08/08,14:00,1.409,-,2.65
2024/08/08,15:00,1.279,-,2.58
2024/08/08,16:00,1.064,-,2.33
2024/08/08,17:00,0.819,-,2.13
2024/08/08,18:00,0.616,-,1.99
2024/08/08,19:00,0.496,-,1.8
2024/08/08,20:00,0.472,-,1.72
2024/08/08,21:00,0.562,-,1.85
2024/08/08,22:00,0.766,-,2.05
2024/08/08,23:00,1.026,-,2.35
2024/08/09,00:00,1.247,-,2.55
2024/08/09,01:00,1.361,-,2.67
2024/08/09,02:00,1.363,-,2.64
2024/08/09,03:00,1.264,-,2.59
2024/08/09,04:00,1.076,-,2.35
2024/08/09,05:00,0.837,-,1.95
2024/08/09,06:00,0.616,-,1.66
2024/08/09,07:00,0.47,-,1.48
2024/08/09,08:00,0.422,-,1.37
2024/08/09,09:00,0.487,-,1.42
2024/08/09,10:00,0.675,-,1.68
2024/08/09,11:00,0.95,-,2.06
2024/08/09,12:00,1.218,-,2.43
2024/08/09,13:00,1.39,-,2.68
2024/08/09,14:00,1.439,-,2.65
2024/08/09,15:00,1.38,-,2.64
2024/08/09,16:00,1.229,-,2.51
2024/08/09,17:00,1.011,-,2.38
2024/08/09,18:00,0.784,-,2.19
2024/08/09,19:00,0.611,-,2.07
2024/08/09,20:00,0.523,-,1.97
2024/08/09,21:00,0.527,-,1.95
2024/08/09,22:00,0.635,-,1.91
2024/08/09,23:00,0.839,-,1.97
2024/08/10,00:00,1.073,-,2.12
2024/08/10,01:00,1.246,-,2.18
2024/08/10,02:00,1.311,-,2.17
2024/08/10,03:00,1.277,-,1.98
2024/08/10,04:00,1.159,-,1.76
2024/08/10,05:00,0.97,-,1.54
2024/08/10,06:00,0.75,-,1.35
2024/08/10,07:00,0.565,-,1.14
2024/08/10,08:00,0.465,-,1.01
2024/08/10,09:00,0.466,-,0.96
2024/08/10,10:00,0.576,-,0.96
2024/08/10,11:00,0.794,-,1.16
2024/08/10,12:00,1.068,-,1.4
2024/08/10,13:00,1.303,-,1.63
2024/08/10,14:00,1.426,-,1.71
2024/08/10,15:00,1.432,-,1.7
2024/08/10,16:00,1.347,-,1.6
2024/08/10,17:00,1.187,-,1.45
2024/08/10,18:00,0.976,-,1.2
2024/08/10,19:00,0.769,-,1
2024/08/10,20:00,0.621,-,0.81
2024/08/10,21:00,0.555,-,0.76
2024/08/10,22:00,0.578,-,0.8
2024/08/10,23:00,0.697,-,0.96
2024/08/11,00:00,0.895,-,1.17
2024/08/11,01:00,1.097,-,1.41
2024/08/11,02:00,1.225,-,1.57
2024/08/11,03:00,1.251,-,1.74
2024/08/11,04:00,1.194,-,1.81
2024/08/11,05:00,1.071,-,1.73
2024/08/11,06:00,0.889,-,1.5
2024/08/11,07:00,0.689,-,1.3
2024/08/11,08:00,0.537,-,1.09
2024/08/11,09:00,0.476,-,0.97
2024/08/11,10:00,0.517,-,0.95
2024/08/11,11:00,0.662,-,1.03
2024/08/11,12:00,0.899,-,1.28
2024/08/11,13:00,1.162,-,1.56
2024/08/11,14:00,1.36,-,1.76
2024/08/11,15:00,1.441,-,1.83
2024/08/11,16:00,1.419,-,1.82
2024/08/11,17:00,1.322,-,1.76
2024/08/11,18:00,1.161,-,1.59
2024/08/11,19:00,0.957,-,1.4
2024/08/11,20:00,0.765,-,1.22
2024/08/11,21:00,0.635,-,1.07
2024/08/11,22:00,0.585,-,1.05
2024/08/11,23:00,0.62,-,1.08
2024/08/12,00:00,0.745,-,1.25
2024/08/12,01:00,0.93,-,1.44
2024/08/12,02:00,1.102,-,1.59
2024/08/12,03:00,1.193,-,1.72
2024/08/12,04:00,1.195,-,1.72
2024/08/12,05:00,1.13,-,1.62
2024/08/12,06:00,1.008,-,1.47
2024/08/12,07:00,0.834,-,1.28
2024/08/12,08:00,0.651,-,1.13
2024/08/12,09:00,0.524,-,1.01
2024/08/12,10:00,0.493,-,0.98
2024/08/12,11:00,0.564,-,1.04
2024/08/12,12:00,0.734,-,1.21
2024/08/12,13:00,0.979,-,1.44
2024/08/12,14:00,1.227,-,1.71
2024/08/12,15:00,1.394,-,1.89
2024/08/12,16:00,1.448,-,1.95
2024/08/12,17:00,1.412,-,1.93
2024/08/12,18:00,1.312,-,1.81
2024/08/12,19:00,1.151,-,1.66
2024/08/12,20:00,0.951,-,1.47
2024/08/12,21:00,0.767,-,1.28
2024/08/12,22:00,0.646,-,1.18
2024/08/12,23:00,0.605,-,1.11
2024/08/13,00:00,0.647,-,1.12
2024/08/13,01:00,0.772,-,1.28
2024/08/13,02:00,0.946,-,1.45
2024/08/13,03:00,1.096,-,1.59
2024/08/13,04:00,1.166,-,1.59
2024/08/13,05:00,1.159,-,1.59
2024/08/13,06:00,1.095,-,1.53
2024/08/13,07:00,0.974,-,1.41
2024/08/13,08:00,0.801,-,1.22
2024/08/13,09:00,0.627,-,1.04
2024/08/13,10:00,0.517,-,0.91
2024/08/13,11:00,0.507,-,0.84
2024/08/13,12:00,0.598,-,0.91
2024/08/13,13:00,0.783,-,1.1
2024/08/13,14:00,1.031,-,1.37
2024/08/13,15:00,1.268,-,1.59
2024/08/13,16:00,1.418,-,1.74
2024/08/13,17:00,1.461,-,1.79
2024/08/13,18:00,1.424,-,1.77
2024/08/13,19:00,1.321,-,1.7
2024/08/13,20:00,1.154,-,1.54
2024/08/13,21:00,0.949,-,1.33
2024/08/13,22:00,0.765,-,1.14
2024/08/13,23:00,0.647,-,1.01
2024/08/14,00:00,0.607,-,0.98
2024/08/14,01:00,0.65,-,1.06
2024/08/14,02:00,0.777,-,1.24
2024/08/14,03:00,0.948,-,1.39
2024/08/14,04:00,1.091,-,1.48
2024/08/14,05:00,1.158,-,1.56
2024/08/14,06:00,1.155,-,1.58
2024/08/14,07:00,1.091,-,1.53
2024/08/14,08:00,0.963,-,1.38
2024/08/14,09:00,0.783,-,1.2
2024/08/14,10:00,0.61,-,1.02
2024/08/14,11:00,0.508,-,0.89
2024/08/14,12:00,0.508,-,0.83
2024/08/14,13:00,0.609,-,0.9
2024/08/14,14:00,0.804,-,1.11
2024/08/14,15:00,1.06,-,1.36
2024/08/14,16:00,1.299,-,1.59
2024/08/14,17:00,1.448,-,1.79
2024/08/14,18:00,1.494,-,1.86
2024/08/14,19:00,1.458,-,1.86
2024/08/14,20:00,1.347,-,1.78
2024/08/14,21:00,1.164,-,1.57
2024/08/14,22:00,0.946,-,1.33
2024/08/14,23:00,0.753,-,1.16
2024/08/15,00:00,0.628,-,1.06
2024/08/15,01:00,0.582,-,1.01
2024/08/15,02:00,0.626,-,1.11
2024/08/15,03:00,0.763,-,1.29
2024/08/15,04:00,0.947,-,1.44
2024/08/15,05:00,1.102,-,1.59
2024/08/15,06:00,1.181,-,1.67
2024/08/15,07:00,1.182,-,1.7
2024/08/15,08:00,1.113,-,1.65
2024/08/15,09:00,0.969,-,1.53
2024/08/15,10:00,0.773,-,1.33
2024/08/15,11:00,0.592,-,1.15
2024/08/15,12:00,0.489,-,1.03
2024/08/15,13:00,0.488,-,0.99
2024/08/15,14:00,0.593,-,1.08
2024/08/15,15:00,0.803,-,1.29
2024/08/15,16:00,1.078,-,1.62
2024/08/15,17:00,1.335,-,1.87
2024/08/15,18:00,1.498,-,2.06
2024/08/15,19:00,1.551,-,2.14
2024/08/15,20:00,1.51,-,2.17
2024/08/15,21:00,1.381,-,2.01
2024/08/15,22:00,1.172,-,1.79
2024/08/15,23:00,0.932,-,1.53
2024/08/16,00:00,0.722,-,1.31
2024/08/16,01:00,0.581,-,1.17
2024/08/16,02:00,0.527,-,1.12
2024/08/16,03:00,0.581,-,1.18
2024/08/16,04:00,0.745,-,1.37
2024/08/16,05:00,0.961,-,1.6
2024/08/16,06:00,1.143,-,1.79
2024/08/16,07:00,1.236,-,1.9
2024/08/16,08:00,1.238,-,1.9
2024/08/16,09:00,1.152,-,1.83
2024/08/16,10:00,0.982,-,1.61
2024/08/16,11:00,0.763,-,1.41
2024/08/16,12:00,0.566,-,1.22
2024/08/16,13:00,0.451,-,1.05
2024/08/16,14:00,0.443,-,0.99
2024/08/16,15:00,0.556,-,1.05
2024/08/16,16:00,0.792,-,1.28
2024/08/16,17:00,1.103,-,1.62
2024/08/16,18:00,1.39,-,1.95
2024/08/16,19:00,1.569,-,2.13
2024/08/16,20:00,1.624,-,2.2
2024/08/16,21:00,1.567,-,2.18
2024/08/16,22:00,1.409,-,2.02
2024/08/16,23:00,1.168,-,1.76
2024/08/17,00:00,0.897,-,1.49
2024/08/17,01:00,0.663,-,1.27
2024/08/17,02:00,0.505,-,1.1
2024/08/17,03:00,0.451,-,1.04
2024/08/17,04:00,0.533,-,1.17
2024/08/17,05:00,0.743,-,1.44
2024/08/17,06:00,1.006,-,1.77
2024/08/17,07:00,1.217,-,2.06
2024/08/17,08:00,1.319,-,2.18
2024/08/17,09:00,1.31,-,2.17
2024/08/17,10:00,1.198,-,2.09
2024/08/17,11:00,0.995,-,1.84
2024/08/17,12:00,0.747,-,1.63
2024/08/17,13:00,0.527,-,1.4
2024/08/17,14:00,0.394,-,1.24
2024/08/17,15:00,0.38,-,1.2
2024/08/17,16:00,0.511,-,1.32
2024/08/17,17:00,0.787,-,1.68
2024/08/17,18:00,1.143,-,2.1
2024/08/17,19:00,1.461,-,2.47
2024/08/17,20:00,1.65,-,2.72
2024/08/17,21:00,1.695,-,2.82
2024/08/17,22:00,1.614,-,2.76
2024/08/17,23:00,1.419,-,2.48
2024/08/18,00:00,1.14,-,2.27
2024/08/18,01:00,0.837,-,1.91
2024/08/18,02:00,0.578,-,1.51
2024/08/18,03:00,0.41,-,1.32
2024/08/18,04:00,0.374,-,1.36
2024/08/18,05:00,0.504,-,1.48
2024/08/18,06:00,0.776,-,1.75
2024/08/18,07:00,1.088,-,2.07
2024/08/18,08:00,1.32,-,2.27
2024/08/18,09:00,1.419,-,2.38
2024/08/18,10:00,1.389,-,2.34
2024/08/18,11:00,1.243,-,2.16
2024/08/18,12:00,1.002,-,1.91
2024/08/18,13:00,0.72,-,1.64
2024/08/18,14:00,0.474,-,1.39
2024/08/18,15:00,0.325,-,1.24
2024/08/18,16:00,0.315,-,1.21
2024/08/18,17:00,0.476,-,1.2
2024/08/18,18:00,0.801,-,1.59
2024/08/18,19:00,1.199,-,2.14
2024/08/18,20:00,1.535,-,2.43
2024/08/18,21:00,1.721,-,2.64
2024/08/18,22:00,1.746,-,2.7
2024/08/18,23:00,1.633,-,2.54
2024/08/19,00:00,1.399,-,2.27
2024/08/19,01:00,1.081,-,1.89
2024/08/19,02:00,0.749,-,1.5
2024/08/19,03:00,0.476,-,1.31
2024/08/19,04:00,0.316,-,1.18
2024/08/19,05:00,0.32,-,1.15
2024/08/19,06:00,0.514,-,1.4
2024/08/19,07:00,0.85,-,1.71
2024/08/19,08:00,1.199,-,2.11
2024/08/19,09:00,1.439,-,2.33
2024/08/19,10:00,1.523,-,2.43
2024/08/19,11:00,1.464,-,2.41
2024/08/19,12:00,1.28,-,2.17
2024/08/19,13:00,1,-,1.89
2024/08/19,14:00,0.685,-,1.54
2024/08/19,15:00,0.417,-,1.27
2024/08/19,16:00,0.261,-,1.09
2024/08/19,17:00,0.265,-,0.89
2024/08/19,18:00,0.464,-,1.18
2024/08/19,19:00,0.832,-,1.46
2024/08/19,20:00,1.257,-,1.95
2024/08/19,21:00,1.594,-,2.29
2024/08/19,22:00,1.762,-,2.48
2024/08/19,23:00,1.76,-,2.47
2024/08/20,00:00,1.613,-,2.44
2024/08/20,01:00,1.343,-,2.28
2024/08/20,02:00,0.995,-,1.94
2024/08/20,03:00,0.647,-,1.66
2024/08/20,04:00,0.378,-,1.29
2024/08/20,05:00,0.247,-,0.98
2024/08/20,06:00,0.307,-,0.98
2024/08/20,07:00,0.568,-,1.35
2024/08/20,08:00,0.956,-,1.74
2024/08/20,09:00,1.327,-,2.19
2024/08/20,10:00,1.558,-,2.39
2024/08/20,11:00,1.619,-,2.4
2024/08/20,12:00,1.527,-,2.34
2024/08/20,13:00,1.306,-,2.12
2024/08/20,14:00,0.991,-,1.76
2024/08/20,15:00,0.651,-,1.37
2024/08/20,16:00,0.372,-,1.06
2024/08/20,17:00,0.219,-,0.85
2024/08/20,18:00,0.245,-,0.83
2024/08/20,19:00,0.476,-,1.01
2024/08/20,20:00,0.871,-,1.46
2024/08/20,21:00,1.301,-,1.94
2024/08/20,22:00,1.621,-,2.26
2024/08/20,23:00,1.762,-,2.32
2024/08/21,00:00,1.731,-,2.26
2024/08/21,01:00,1.553,-,2.16
2024/08/21,02:00,1.255,-,1.85
2024/08/21,03:00,0.891,-,1.53
2024/08/21,04:00,0.548,-,1.18
2024/08/21,05:00,0.304,-,0.96
2024/08/21,06:00,0.219,-,0.81
2024/08/21,07:00,0.338,-,0.9
2024/08/21,08:00,0.657,-,1.26
2024/08/21,09:00,1.079,-,1.7
2024/08/21,10:00,1.45,-,2.08
2024/08/21,11:00,1.662,-,2.25
2024/08/21,12:00,1.695,-,2.27
2024/08/21,13:00,1.572,-,2.14
2024/08/21,14:00,1.321,-,1.87
2024/08/21,15:00,0.981,-,1.5
2024/08/21,16:00,0.631,-,1.14
2024/08/21,17:00,0.354,-,0.85
2024/08/21,18:00,0.212,-,0.69
2024/08/21,19:00,0.256,-,0.7
2024/08/21,20:00,0.505,-,0.93
2024/08/21,21:00,0.906,-,1.35
2024/08/21,22:00,1.32,-,1.77
2024/08/21,23:00,1.61,-,2.07
2024/08/22,00:00,1.719,-,2.17
2024/08/22,01:00,1.661,-,2.14
2024/08/22,02:00,1.46,-,1.94
2024/08/22,03:00,1.149,-,1.62
2024/08/22,04:00,0.79,-,1.27
2024/08/22,05:00,0.472,-,0.97
2024/08/22,06:00,0.268,-,0.76
2024/08/22,07:00,0.233,-,0.69
2024/08/22,08:00,0.404,-,0.75
2024/08/22,09:00,0.762,-,1.12
2024/08/22,10:00,1.196,-,1.58
2024/08/22,11:00,1.553,-,1.94
2024/08/22,12:00,1.738,-,2.12
2024/08/22,13:00,1.743,-,2.1
2024/08/22,14:00,1.596,-,1.99
2024/08/22,15:00,1.326,-,1.72
2024/08/22,16:00,0.981,-,1.38
2024/08/22,17:00,0.636,-,1.05
2024/08/22,18:00,0.371,-,0.79
2024/08/22,19:00,0.24,-,0.65
2024/08/22,20:00,0.291,-,0.67
2024/08/22,21:00,0.542,-,0.9
2024/08/22,22:00,0.929,-,1.31
2024/08/22,23:00,1.312,-,1.69
2024/08/23,00:00,1.563,-,1.9
2024/08/23,01:00,1.641,-,1.94
2024/08/23,02:00,1.563,-,1.86
2024/08/23,03:00,1.352,-,1.67
2024/08/23,04:00,1.046,-,1.35
2024/08/23,05:00,0.711,-,1.02
2024/08/23,06:00,0.431,-,0.76
2024/08/23,07:00,0.271,-,0.57
2024/08/23,08:00,0.278,-,0.55
2024/08/23,09:00,0.486,-,0.74
2024/08/23,10:00,0.863,-,1.18
2024/08/23,11:00,1.29,-,1.58
2024/08/23,12:00,1.621,-,1.86
2024/08/23,13:00,1.776,-,1.97
2024/08/23,14:00,1.759,-,1.99
2024/08/23,15:00,1.601,-,1.85
2024/08/23,16:00,1.331,-,1.57
2024/08/23,17:00,0.996,-,1.24
2024/08/23,18:00,0.67,-,0.92
2024/08/23,19:00,0.419,-,0.7
2024/08/23,20:00,0.293,-,0.58
2024/08/23,21:00,0.341,-,0.61
2024/08/23,22:00,0.58,-,0.87
2024/08/23,23:00,0.939,-,1.22
2024/08/24,00:00,1.281,-,1.55
2024/08/24,01:00,1.493,-,1.74
2024/08/24,02:00,1.545,-,1.78
2024/08/24,03:00,1.456,-,1.72
2024/08/24,04:00,1.251,-,1.52
2024/08/24,05:00,0.965,-,1.24
2024/08/24,06:00,0.665,-,0.97
2024/08/24,07:00,0.426,-,0.78
2024/08/24,08:00,0.302,-,0.65
2024/08/24,09:00,0.339,-,0.69
2024/08/24,10:00,0.565,-,0.92
2024/08/24,11:00,0.943,-,1.36
2024/08/24,12:00,1.349,-,1.72
2024/08/24,13:00,1.646,-,1.97
2024/08/24,14:00,1.774,-,2.07
2024/08/24,15:00,1.747,-,2.04
2024/08/24,16:00,1.594,-,1.9
2024/08/24,17:00,1.339,-,1.65
2024/08/24,18:00,1.028,-,1.35
2024/08/24,19:00,0.726,-,1.04
2024/08/24,20:00,0.487,-,0.82
2024/08/24,21:00,0.36,-,0.74
2024/08/24,22:00,0.397,-,0.76
2024/08/24,23:00,0.614,-,0.97
2024/08/25,00:00,0.938,-,1.28
2024/08/25,01:00,1.237,-,1.58
2024/08/25,02:00,1.413,-,1.75
2024/08/25,03:00,1.449,-,1.77
2024/08/25,04:00,1.364,-,1.7
2024/08/25,05:00,1.176,-,1.54
2024/08/25,06:00,0.918,-,1.3
2024/08/25,07:00,0.653,-,1.06
2024/08/25,08:00,0.447,-,0.87
2024/08/25,09:00,0.348,-,0.76
2024/08/25,10:00,0.4,-,0.8
2024/08/25,11:00,0.63,-,1.01
2024/08/25,12:00,0.994,-,1.42
2024/08/25,13:00,1.367,-,1.75
2024/08/25,14:00,1.629,-,1.98
2024/08/25,15:00,1.739,-,2.03
2024/08/25,16:00,1.716,-,2
2024/08/25,17:00,1.582,-,1.85
2024/08/25,18:00,1.353,-,1.6
2024/08/25,19:00,1.071,-,1.33
2024/08/25,20:00,0.79,-,1.06
2024/08/25,21:00,0.559,-,0.87
2024/08/25,22:00,0.428,-,0.76
2024/08/25,23:00,0.451,-,0.74
2024/08/26,00:00,0.644,-,0.97
2024/08/26,01:00,0.931,-,1.29
2024/08/26,02:00,1.189,-,1.54
2024/08/26,03:00,1.34,-,1.68
2024/08/26,04:00,1.373,-,1.7
2024/08/26,05:00,1.302,-,1.65
2024/08/26,06:00,1.136,-,1.49
2024/08/26,07:00,0.905,-,1.25
2024/08/26,08:00,0.668,-,1.02
2024/08/26,09:00,0.484,-,0.82
2024/08/26,10:00,0.397,-,0.79
2024/08/26,11:00,0.452,-,0.82
2024/08/26,12:00,0.673,-,1.04
2024/08/26,13:00,1.01,-,1.38
2024/08/26,14:00,1.347,-,1.72
2024/08/26,15:00,1.581,-,1.9
2024/08/26,16:00,1.686,-,1.98
2024/08/26,17:00,1.679,-,2.01
2024/08/26,18:00,1.571,-,1.91
2024/08/26,19:00,1.37,-,1.68
2024/08/26,20:00,1.113,-,1.41
2024/08/26,21:00,0.849,-,1.14
2024/08/26,22:00,0.623,-,1
2024/08/26,23:00,0.486,-,0.9
2024/08/27,00:00,0.496,-,0.92
2024/08/27,01:00,0.665,-,1.05
2024/08/27,02:00,0.92,-,1.3
2024/08/27,03:00,1.149,-,1.52
2024/08/27,04:00,1.288,-,1.64
2024/08/27,05:00,1.331,-,1.65
2024/08/27,06:00,1.279,-,1.57
2024/08/27,07:00,1.131,-,1.41
2024/08/27,08:00,0.918,-,1.24
2024/08/27,09:00,0.698,-,1.02
2024/08/27,10:00,0.525,-,0.85
2024/08/27,11:00,0.441,-,0.76
2024/08/27,12:00,0.489,-,0.78
2024/08/27,13:00,0.692,-,1.02
2024/08/27,14:00,0.999,-,1.34
2024/08/27,15:00,1.304,-,1.62
2024/08/27,16:00,1.521,-,1.81
2024/08/27,17:00,1.634,-,1.88
2024/08/27,18:00,1.649,-,1.9
2024/08/27,19:00,1.564,-,1.81
2024/08/27,20:00,1.382,-,1.62
2024/08/27,21:00,1.142,-,1.39
2024/08/27,22:00,0.89,-,1.17
2024/08/27,23:00,0.667,-,1.01
2024/08/28,00:00,0.526,-,0.92
2024/08/28,01:00,0.525,-,0.96
2024/08/28,02:00,0.676,-,1.11
2024/08/28,03:00,0.91,-,1.31
2024/08/28,04:00,1.126,-,1.5
2024/08/28,05:00,1.27,-,1.67
2024/08/28,06:00,1.329,-,1.75
2024/08/28,07:00,1.29,-,1.72
2024/08/28,08:00,1.15,-,1.62
2024/08/28,09:00,0.943,-,1.44
2024/08/28,10:00,0.731,-,1.25
2024/08/28,11:00,0.562,-,1.13
2024/08/28,12:00,0.472,-,1.07
2024/08/28,13:00,0.507,-,1.08
2024/08/28,14:00,0.69,-,1.25
2024/08/28,15:00,0.973,-,1.53
2024/08/28,16:00,1.259,-,1.81
2024/08/28,17:00,1.473,-,2.04
2024/08/28,18:00,1.599,-,2.11
2024/08/28,19:00,1.632,-,2.14
2024/08/28,20:00,1.557,-,2.04
2024/08/28,21:00,1.382,-,1.85
2024/08/28,22:00,1.15,-,1.59
2024/08/28,23:00,0.904,-,1.36
2024/08/29,00:00,0.682,-,1.18
2024/08/29,01:00,0.537,-,1.09
2024/08/29,02:00,0.533,-,1.06
2024/08/29,03:00,0.681,-,1.14
2024/08/29,04:00,0.912,-,1.33
2024/08/29,05:00,1.133,-,1.5
2024/08/29,06:00,1.29,-,1.66
2024/08/29,07:00,1.36,-,1.71
2024/08/29,08:00,1.323,-,1.63
2024/08/29,09:00,1.178,-,1.46
2024/08/29,10:00,0.969,-,1.24
2024/08/29,11:00,0.757,-,1.06
2024/08/29,12:00,0.584,-,0.9
2024/08/29,13:00,0.485,-,0.79
2024/08/29,14:00,0.509,-,0.8
2024/08/29,15:00,0.681,-,1
2024/08/29,16:00,0.954,-,1.33
2024/08/29,17:00,1.235,-,1.66
2024/08/29,18:00,1.455,-,1.89
2024/08/29,19:00,1.591,-,2.03
2024/08/29,20:00,1.625,-,2.1
2024/08/29,21:00,1.544,-,2.05
2024/08/29,22:00,1.363,-,1.89
2024/08/29,23:00,1.129,-,1.69
2024/08/30,00:00,0.883,-,1.53
2024/08/30,01:00,0.661,-,1.45
2024/08/30,02:00,0.52,-,1.44
2024/08/30,03:00,0.527,-,1.36
2024/08/30,04:00,0.691,-,1.77
2024/08/30,05:00,0.938,-,1.86
2024/08/30,06:00,1.175,-,2.11
2024/08/30,07:00,1.343,-,2.29
2024/08/30,08:00,1.412,-,2.35
2024/08/30,09:00,1.362,-,2.33
2024/08/30,10:00,1.201,-,2.22
2024/08/30,11:00,0.982,-,2.04
2024/08/30,12:00,0.765,-,1.84
2024/08/30,13:00,0.585,-,1.66
2024/08/30,14:00,0.48,-,1.55
2024/08/30,15:00,0.503,-,1.55
2024/08/30,16:00,0.681,-,1.79
2024/08/30,17:00,0.961,-,2.08
2024/08/30,18:00,1.248,-,2.41
2024/08/30,19:00,1.471,-,2.67
2024/08/30,20:00,1.602,-,2.83
2024/08/30,21:00,1.621,-,2.84
2024/08/30,22:00,1.517,-,2.71
2024/08/30,23:00,1.318,-,2.45
2024/08/31,00:00,1.075,-,2.2
2024/08/31,01:00,0.826,-,1.95
2024/08/31,02:00,0.607,-,1.8
2024/08/31,03:00,0.484,-,1.71
2024/08/31,04:00,0.525,-,1.72
2024/08/31,05:00,0.725,-,1.86
2024/08/31,06:00,0.999,-,2.12
2024/08/31,07:00,1.249,-,2.37
2024/08/31,08:00,1.416,-,2.49
2024/08/31,09:00,1.469,-,2.48
2024/08/31,10:00,1.391,-,2.41
2024/08/31,11:00,1.206,-,2.22
2024/08/31,12:00,0.973,-,1.98
2024/08/31,13:00,0.747,-,1.74
2024/08/31,14:00,0.563,-,1.55
2024/08/31,15:00,0.462,-,1.44
2024/08/31,16:00,0.505,-,1.45
2024/08/31,17:00,0.708,-,1.63
2024/08/31,18:00,1.007,-,1.99
2024/08/31,19:00,1.298,-,-
2024/08/31,20:00,1.513,-,-
2024/08/31,21:00,1.621,-,-
2024/08/31,22:00,1.606,-,-
2024/08/31,23:00,1.467,-,-
2024/09/01,00:00,1.243,-,2.165
2024/09/01,01:00,0.987,-,1.857
2024/09/01,02:00,0.737,-,1.631
2024/09/01,03:00,0.535,-,1.476
2024/09/01,04:00,0.452,-,1.424
2024/09/01,05:00,0.548,-,1.539
2024/09/01,06:00,0.796,-,1.824
2024/09/01,07:00,1.096,-,2.103
2024/09/01,08:00,1.346,-,2.326
2024/09/01,09:00,1.493,-,2.438
2024/09/01,10:00,1.513,-,2.411
2024/09/01,11:00,1.399,-,2.257
2024/09/01,12:00,1.185,-,2.024
2024/09/01,13:00,0.935,-,1.778
2024/09/01,14:00,0.704,-,1.545
2024/09/01,15:00,0.525,-,1.394
2024/09/01,16:00,0.448,-,1.306
2024/09/01,17:00,0.53,-,1.335
2024/09/01,18:00,0.772,-,1.549
2024/09/01,19:00,1.088,-,2.018
2024/09/01,20:00,1.372,-,2.129
2024/09/01,21:00,1.559,-,2.231
2024/09/01,22:00,1.629,-,2.228
2024/09/01,23:00,1.568,-,2.129
2024/09/02,00:00,1.389,-,1.949
2024/09/02,01:00,1.138,-,1.654
2024/09/02,02:00,0.873,-,1.414
2024/09/02,03:00,0.634,-,1.237
2024/09/02,04:00,0.47,-,1.017
2024/09/02,05:00,0.45,-,0.955
2024/09/02,06:00,0.614,-,1.099
2024/09/02,07:00,0.908,-,1.444
2024/09/02,08:00,1.218,-,1.89
2024/09/02,09:00,1.448,-,2.346
2024/09/02,10:00,1.559,-,2.372
2024/09/02,11:00,1.533,-,2.142
2024/09/02,12:00,1.377,-,1.926
2024/09/02,13:00,1.133,-,1.686
2024/09/02,14:00,0.871,-,1.381
2024/09/02,15:00,0.644,-,1.04
2024/09/02,16:00,0.488,-,0.801
2024/09/02,17:00,0.455,-,0.787
2024/09/02,18:00,0.59,-,0.932
2024/09/02,19:00,0.868,-,1.283
2024/09/02,20:00,1.188,-,1.657
2024/09/02,21:00,1.446,-,1.886
2024/09/02,22:00,1.591,-,2.051
2024/09/02,23:00,1.61,-,2.119
2024/09/03,00:00,1.5,-,2.116
2024/09/03,01:00,1.28,-,1.942
2024/09/03,02:00,1.009,-,1.719
2024/09/03,03:00,0.748,-,1.391
2024/09/03,04:00,0.542,-,1.148
2024/09/03,05:00,0.439,-,1.063
2024/09/03,06:00,0.497,-,1.217
2024/09/03,07:00,0.727,-,1.483
2024/09/03,08:00,1.051,-,1.827
2024/09/03,09:00,1.348,-,2.142
2024/09/03,10:00,1.539,-,2.313
2024/09/03,11:00,1.599,-,2.356
2024/09/03,12:00,1.522,-,2.211
2024/09/03,13:00,1.323,-,2.083
2024/09/03,14:00,1.055,-,1.834
2024/09/03,15:00,0.791,-,1.627
2024/09/03,16:00,0.584,-,1.407
2024/09/03,17:00,0.47,-,1.345
2024/09/03,18:00,0.494,-,1.453
2024/09/03,19:00,0.68,-,1.729
2024/09/03,20:00,0.98,-,2.037
2024/09/03,21:00,1.284,-,2.352
2024/09/03,22:00,1.499,-,2.552
2024/09/03,23:00,1.591,-,2.631
2024/09/04,00:00,1.558,-,2.615
2024/09/04,01:00,1.399,-,2.48
2024/09/04,02:00,1.148,-,2.287
2024/09/04,03:00,0.872,-,2.024
2024/09/04,04:00,0.637,-,1.821
2024/09/04,05:00,0.485,-,1.709
2024/09/04,06:00,0.458,-,1.683
2024/09/04,07:00,0.595,-,1.808
2024/09/04,08:00,0.876,-,2.09
2024/09/04,09:00,1.204,-,2.428
2024/09/04,10:00,1.466,-,2.677
2024/09/04,11:00,1.603,-,2.795
2024/09/04,12:00,1.606,-,2.743
2024/09/04,13:00,1.479,-,2.549
2024/09/04,14:00,1.244,-,2.277
2024/09/04,15:00,0.965,-,1.995
2024/09/04,16:00,0.716,-,1.745
2024/09/04,17:00,0.545,-,1.578
2024/09/04,18:00,0.484,-,1.463
2024/09/04,19:00,0.563,-,1.532
2024/09/04,20:00,0.787,-,1.801
2024/09/04,21:00,1.088,-,2.064
2024/09/04,22:00,1.357,-,2.313
2024/09/04,23:00,1.518,-,2.421
2024/09/05,00:00,1.554,-,2.454
2024/09/05,01:00,1.47,-,2.359
2024/09/05,02:00,1.274,-,2.169
2024/09/05,03:00,1.008,-,1.909
2024/09/05,04:00,0.749,-,1.627
2024/09/05,05:00,0.561,-,1.447
2024/09/05,06:00,0.477,-,1.358
2024/09/05,07:00,0.528,-,1.404
2024/09/05,08:00,0.729,-,1.575
2024/09/05,09:00,1.037,-,1.893
2024/09/05,10:00,1.346,-,2.201
2024/09/05,11:00,1.556,-,2.388
2024/09/05,12:00,1.632,-,2.421
2024/09/05,13:00,1.58,-,2.365
2024/09/05,14:00,1.409,-,2.238
2024/09/05,15:00,1.153,-,1.982
2024/09/05,16:00,0.879,-,1.673
2024/09/05,17:00,0.662,-,1.447
2024/09/05,18:00,0.538,-,1.322
2024/09/05,19:00,0.529,-,1.339
2024/09/05,20:00,0.652,-,1.496
2024/09/05,21:00,0.895,-,1.798
2024/09/05,22:00,1.177,-,2.087
2024/09/05,23:00,1.397,-,2.257
2024/09/06,00:00,1.499,-,2.365
2024/09/06,01:00,1.484,-,2.339
2024/09/06,02:00,1.358,-,2.267
2024/09/06,03:00,1.14,-,2.051
2024/09/06,04:00,0.88,-,1.824
2024/09/06,05:00,0.658,-,1.673
2024/09/06,06:00,0.529,-,1.598
2024/09/06,07:00,0.516,-,1.644
2024/09/06,08:00,0.633,-,1.742
2024/09/06,09:00,0.878,-,2.034
2024/09/06,10:00,1.19,-,2.329
2024/09/06,11:00,1.46,-,2.549
2024/09/06,12:00,1.61,-,2.703
2024/09/06,13:00,1.626,-,2.7
2024/09/06,14:00,1.525,-,2.608
2024/09/06,15:00,1.326,-,2.411
2024/09/06,16:00,1.065,-,2.159
2024/09/06,17:00,0.815,-,1.909
2024/09/06,18:00,0.639,-,1.729
2024/09/06,19:00,0.562,-,1.69
2024/09/06,20:00,0.595,-,1.706
2024/09/06,21:00,0.747,-,1.873
2024/09/06,22:00,0.99,-,2.1
2024/09/06,23:00,1.239,-,2.336
2024/09/07,00:00,1.404,-,2.493
2024/09/07,01:00,1.45,-,2.552
2024/09/07,02:00,1.391,-,2.487
2024/09/07,03:00,1.239,-,2.29
2024/09/07,04:00,1.016,-,2.064
2024/09/07,05:00,0.781,-,1.818
2024/09/07,06:00,0.607,-,1.644
2024/09/07,07:00,0.538,-,1.562
2024/09/07,08:00,0.584,-,1.598
2024/09/07,09:00,0.751,-,1.765
2024/09/07,10:00,1.019,-,2.047
2024/09/07,11:00,1.316,-,2.359
2024/09/07,12:00,1.537,-,2.608
2024/09/07,13:00,1.626,-,2.7
2024/09/07,14:00,1.59,-,2.68
2024/09/07,15:00,1.456,-,2.628
2024/09/07,16:00,1.245,-,2.608
2024/09/07,17:00,0.997,-,2.523
2024/09/07,18:00,0.781,-,2.162
2024/09/07,19:00,0.645,-,1.837
2024/09/07,20:00,0.606,-,1.683
2024/09/07,21:00,0.668,-,1.67
2024/09/07,22:00,0.834,-,1.791
2024/09/07,23:00,1.065,-,1.86
2024/09/08,00:00,1.273,-,2.011
2024/09/08,01:00,1.384,-,2.178
2024/09/08,02:00,1.383,-,2.343
2024/09/08,03:00,1.293,-,2.326
2024/09/08,04:00,1.131,-,2.185
2024/09/08,05:00,0.92,-,1.873
2024/09/08,06:00,0.718,-,1.65
2024/09/08,07:00,0.591,-,1.49
2024/09/08,08:00,0.572,-,1.447
2024/09/08,09:00,0.663,-,1.496
2024/09/08,10:00,0.862,-,1.676
2024/09/08,11:00,1.137,-,1.919
2024/09/08,12:00,1.407,-,2.156
2024/09/08,13:00,1.577,-,2.277
2024/09/08,14:00,1.611,-,2.277
2024/09/08,15:00,1.538,-,2.208
2024/09/08,16:00,1.388,-,2.044
2024/09/08,17:00,1.181,-,1.824
2024/09/08,18:00,0.956,-,1.644
2024/09/08,19:00,0.772,-,1.47
2024/09/08,20:00,0.669,-,1.378
2024/09/08,21:00,0.655,-,1.371
2024/09/08,22:00,0.734,-,1.45
2024/09/08,23:00,0.904,-,1.637
2024/09/09,00:00,1.116,-,1.86
2024/09/09,01:00,1.284,-,2.051
2024/09/09,02:00,1.347,-,2.083
2024/09/09,03:00,1.312,-,2.031
2024/09/09,04:00,1.208,-,1.88
2024/09/09,05:00,1.049,-,1.676
2024/09/09,06:00,0.857,-,1.496
2024/09/09,07:00,0.687,-,1.276
2024/09/09,08:00,0.598,-,1.188
2024/09/09,09:00,0.614,-,1.122
2024/09/09,10:00,0.735,-,1.171
2024/09/09,11:00,0.952,-,1.352
2024/09/09,12:00,1.224,-,1.581
2024/09/09,13:00,1.463,-,1.804
2024/09/09,14:00,1.585,-,1.903
2024/09/09,15:00,1.581,-,1.883
2024/09/09,16:00,1.489,-,1.762
2024/09/09,17:00,1.338,-,1.565
2024/09/09,18:00,1.143,-,1.335
2024/09/09,19:00,0.939,-,1.109
2024/09/09,20:00,0.778,-,0.945
2024/09/09,21:00,0.694,-,0.856
2024/09/09,22:00,0.695,-,0.863
2024/09/09,23:00,0.784,-,0.997
2024/09/10,00:00,0.953,-,1.184
2024/09/10,01:00,1.145,-,1.378
2024/09/10,02:00,1.277,-,1.516
2024/09/10,03:00,1.307,-,1.529
2024/09/10,04:00,1.256,-,1.45
2024/09/10,05:00,1.152,-,1.329
2024/09/10,06:00,1.001,-,1.184
2024/09/10,07:00,0.825,-,1.063
2024/09/10,08:00,0.677,-,0.928
2024/09/10,09:00,0.612,-,0.827
2024/09/10,10:00,0.65,-,0.82
2024/09/10,11:00,0.789,-,0.974
2024/09/10,12:00,1.015,-,1.171
2024/09/10,13:00,1.278,-,1.46
2024/09/10,14:00,1.488,-,1.654
2024/09/10,15:00,1.578,-,1.745
2024/09/10,16:00,1.555,-,1.722
2024/09/10,17:00,1.46,-,1.627
2024/09/10,18:00,1.316,-,1.44
2024/09/10,19:00,1.13,-,1.25
2024/09/10,20:00,0.935,-,1.063
2024/09/10,21:00,0.784,-,0.919
2024/09/10,22:00,0.709,-,0.824
2024/09/10,23:00,0.715,-,0.817
2024/09/11,00:00,0.809,-,0.928
2024/09/11,01:00,0.976,-,1.083
2024/09/11,02:00,1.153,-,1.299
2024/09/11,03:00,1.264,-,1.427
2024/09/11,04:00,1.28,-,1.457
2024/09/11,05:00,1.229,-,1.417
2024/09/11,06:00,1.131,-,1.332
2024/09/11,07:00,0.985,-,1.22
2024/09/11,08:00,0.813,-,1.047
2024/09/11,09:00,0.674,-,0.925
2024/09/11,10:00,0.62,-,0.892
2024/09/11,11:00,0.668,-,0.955
2024/09/11,12:00,0.816,-,1.135
2024/09/11,13:00,1.047,-,1.388
2024/09/11,14:00,1.303,-,1.644
2024/09/11,15:00,1.497,-,1.834
2024/09/11,16:00,1.574,-,1.916
2024/09/11,17:00,1.55,-,1.939
2024/09/11,18:00,1.463,-,1.873
2024/09/11,19:00,1.322,-,1.762
2024/09/11,20:00,1.132,-,1.565
2024/09/11,21:00,0.934,-,1.385
2024/09/11,22:00,0.78,-,1.247
2024/09/11,23:00,0.702,-,1.165
2024/09/12,00:00,0.708,-,1.23
2024/09/12,01:00,0.806,-,1.391
2024/09/12,02:00,0.976,-,1.588
2024/09/12,03:00,1.152,-,1.745
2024/09/12,04:00,1.26,-,1.867
2024/09/12,05:00,1.282,-,1.913
2024/09/12,06:00,1.24,-,1.936
2024/09/12,07:00,1.144,-,1.85
2024/09/12,08:00,0.991,-,1.729
2024/09/12,09:00,0.811,-,1.598
2024/09/12,10:00,0.668,-,1.516
2024/09/12,11:00,0.613,-,1.434
2024/09/12,12:00,0.661,-,1.476
2024/09/12,13:00,0.812,-,1.621
2024/09/12,14:00,1.049,-,1.864
2024/09/12,15:00,1.308,-,2.129
2024/09/12,16:00,1.504,-,2.316
2024/09/12,17:00,1.588,-,2.388
2024/09/12,18:00,1.576,-,2.408
2024/09/12,19:00,1.495,-,2.316
2024/09/12,20:00,1.345,-,2.172
2024/09/12,21:00,1.138,-,1.949
2024/09/12,22:00,0.922,-,1.742
2024/09/12,23:00,0.755,-,1.572
2024/09/13,00:00,0.667,-,1.506
2024/09/13,01:00,0.671,-,1.49
2024/09/13,02:00,0.778,-,1.654
2024/09/13,03:00,0.964,-,1.821
2024/09/13,04:00,1.157,-,1.975
2024/09/13,05:00,1.283,-,2.096
2024/09/13,06:00,1.322,-,2.169
2024/09/13,07:00,1.288,-,2.152
2024/09/13,08:00,1.183,-,2.064
2024/09/13,09:00,1.009,-,1.883
2024/09/13,10:00,0.808,-,1.706
2024/09/13,11:00,0.65,-,1.562
2024/09/13,12:00,0.584,-,1.467
2024/09/13,13:00,0.625,-,1.43
2024/09/13,14:00,0.778,-,1.555
2024/09/13,15:00,1.028,-,1.821
2024/09/13,16:00,1.308,-,2.064
2024/09/13,17:00,1.525,-,2.274
2024/09/13,18:00,1.629,-,2.349
2024/09/13,19:00,1.63,-,2.382
2024/09/13,20:00,1.543,-,2.3
2024/09/13,21:00,1.37,-,2.162
2024/09/13,22:00,1.133,-,1.913
2024/09/13,23:00,0.891,-,1.686
2024/09/14,00:00,0.704,-,1.476
2024/09/14,01:00,0.603,-,1.417
2024/09/14,02:00,0.609,-,1.447
2024/09/14,03:00,0.737,-,1.598
2024/09/14,04:00,0.96,-,1.821
2024/09/14,05:00,1.19,-,2.005
2024/09/14,06:00,1.346,-,2.192
2024/09/14,07:00,1.402,-,2.251
2024/09/14,08:00,1.365,-,2.218
2024/09/14,09:00,1.237,-,2.074
2024/09/14,10:00,1.03,-,1.877
2024/09/14,11:00,0.798,-,1.654
2024/09/14,12:00,0.616,-,1.46
2024/09/14,13:00,0.529,-,1.355
2024/09/14,14:00,0.56,-,1.322
2024/09/14,15:00,0.722,-,1.499
2024/09/14,16:00,1,-,1.782
2024/09/14,17:00,1.316,-,2.083
2024/09/14,18:00,1.566,-,2.32
2024/09/14,19:00,1.691,-,2.48
2024/09/14,20:00,1.694,-,2.497
2024/09/14,21:00,1.588,-,2.431
2024/09/14,22:00,1.38,-,2.224
2024/09/14,23:00,1.107,-,1.968
2024/09/15,00:00,0.835,-,1.686
2024/09/15,01:00,0.625,-,1.503
2024/09/15,02:00,0.515,-,1.417
2024/09/15,03:00,0.536,-,1.49
2024/09/15,04:00,0.707,-,1.693
2024/09/15,05:00,0.985,-,2.021
2024/09/15,06:00,1.264,-,2.283
2024/09/15,07:00,1.45,-,2.434
2024/09/15,08:00,1.512,-,2.448
2024/09/15,09:00,1.458,-,2.418
2024/09/15,10:00,1.293,-,2.26
2024/09/15,11:00,1.044,-,1.939
2024/09/15,12:00,0.776,-,1.696
2024/09/15,13:00,0.562,-,1.444
2024/09/15,14:00,0.452,-,1.309
2024/09/15,15:00,0.476,-,1.322
2024/09/15,16:00,0.66,-,1.542
2024/09/15,17:00,0.981,-,1.906
2024/09/15,18:00,1.341,-,2.303
2024/09/15,19:00,1.62,-,2.575
2024/09/15,20:00,1.755,-,2.73
2024/09/15,21:00,1.748,-,2.749
2024/09/15,22:00,1.611,-,2.661
2024/09/15,23:00,1.363,-,2.461
2024/09/16,00:00,1.052,-,2.139
2024/09/16,01:00,0.751,-,1.893
2024/09/16,02:00,0.525,-,1.713
2024/09/16,03:00,0.419,-,1.657
2024/09/16,04:00,0.476,-,1.709
2024/09/16,05:00,0.71,-,1.991
2024/09/16,06:00,1.054,-,2.398
2024/09/16,07:00,1.379,-,2.743
2024/09/16,08:00,1.583,-,2.9
2024/09/16,09:00,1.636,-,2.953
2024/09/16,10:00,1.55,-,2.884
2024/09/16,11:00,1.342,-,2.621
2024/09/16,12:00,1.047,-,2.306
2024/09/16,13:00,0.739,-,1.932
2024/09/16,14:00,0.493,-,1.772
2024/09/16,15:00,0.364,-,1.631
2024/09/16,16:00,0.393,-,1.657
2024/09/16,17:00,0.611,-,1.913
2024/09/16,18:00,0.979,-,2.346
2024/09/16,19:00,1.377,-,2.7
2024/09/16,20:00,1.672,-,2.986
2024/09/16,21:00,1.802,-,3.081
2024/09/16,22:00,1.771,-,3.054
2024/09/16,23:00,1.599,-,2.933
2024/09/17,00:00,1.312,-,2.605
2024/09/17,01:00,0.968,-,2.283
2024/09/17,02:00,0.648,-,1.946
2024/09/17,03:00,0.42,-,1.745
2024/09/17,04:00,0.34,-,1.69
2024/09/17,05:00,0.453,-,1.765
2024/09/17,06:00,0.76,-,2.169
2024/09/17,07:00,1.165,-,2.579
2024/09/17,08:00,1.521,-,2.884
2024/09/17,09:00,1.723,-,3.071
2024/09/17,10:00,1.752,-,3.084
2024/09/17,11:00,1.628,-,2.946
2024/09/17,12:00,1.374,-,2.612
2024/09/17,13:00,1.036,-,2.277
2024/09/17,14:00,0.693,-,1.985
2024/09/17,15:00,0.423,-,1.759
2024/09/17,16:00,0.286,-,1.578
2024/09/17,17:00,0.333,-,1.611
2024/09/17,18:00,0.59,-,1.88
2024/09/17,19:00,0.998,-,2.375
2024/09/17,20:00,1.415,-,2.776
2024/09/17,21:00,1.704,-,3.097
2024/09/17,22:00,1.813,-,3.14
2024/09/17,23:00,1.753,-,3.077
2024/09/18,00:00,1.546,-,2.884
2024/09/18,01:00,1.227,-,2.552
2024/09/18,02:00,0.863,-,2.182
2024/09/18,03:00,0.541,-,1.857
2024/09/18,04:00,0.333,-,1.673
2024/09/18,05:00,0.298,-,1.634
2024/09/18,06:00,0.479,-,1.847
2024/09/18,07:00,0.854,-,2.303
2024/09/18,08:00,1.301,-,2.674
2024/09/18,09:00,1.663,-,2.989
2024/09/18,10:00,1.846,-,3.133
2024/09/18,11:00,1.842,-,3.169
2024/09/18,12:00,1.679,-,3.015
2024/09/18,13:00,1.385,-,2.654
2024/09/18,14:00,1.014,-,2.267
2024/09/18,15:00,0.649,-,1.916
2024/09/18,16:00,0.37,-,1.637
2024/09/18,17:00,0.239,-,1.509
2024/09/18,18:00,0.312,-,1.578
2024/09/18,19:00,0.601,-,1.942
2024/09/18,20:00,1.028,-,2.405
2024/09/18,21:00,1.439,-,2.818
2024/09/18,22:00,1.704,-,3.064
2024/09/18,23:00,1.784,-,3.127
2024/09/19,00:00,1.694,-,3.045
2024/09/19,01:00,1.459,-,2.789
2024/09/19,02:00,1.122,-,2.441
2024/09/19,03:00,0.756,-,2.06
2024/09/19,04:00,0.453,-,1.765
2024/09/19,05:00,0.284,-,1.575
2024/09/19,06:00,0.305,-,1.614
2024/09/19,07:00,0.549,-,1.906
2024/09/19,08:00,0.97,-,2.343
2024/09/19,09:00,1.432,-,2.779
2024/09/19,10:00,1.777,-,3.1
2024/09/19,11:00,1.929,-,3.225
2024/09/19,12:00,1.892,-,3.209
2024/09/19,13:00,1.697,-,3.038
2024/09/19,14:00,1.376,-,2.72
2024/09/19,15:00,0.989,-,2.343
2024/09/19,16:00,0.622,-,1.982
2024/09/19,17:00,0.351,-,1.719
2024/09/19,18:00,0.237,-,1.604
2024/09/19,19:00,0.331,-,1.686
2024/09/19,20:00,0.635,-,2.034
2024/09/19,21:00,1.057,-,2.461
2024/09/19,22:00,1.441,-,2.805
2024/09/19,23:00,1.67,-,2.992
2024/09/20,00:00,1.718,-,3.035
2024/09/20,01:00,1.604,-,2.923
2024/09/20,02:00,1.354,-,2.641
2024/09/20,03:00,1.015,-,2.28
2024/09/20,04:00,0.669,-,1.946
2024/09/20,05:00,0.403,-,1.69
2024/09/20,06:00,0.282,-,1.562
2024/09/20,07:00,0.354,-,1.621
2024/09/20,08:00,0.641,-,1.929
2024/09/20,09:00,1.082,-,2.356
2024/09/20,10:00,1.531,-,2.838
2024/09/20,11:00,1.844,-,3.127
2024/09/20,12:00,1.961,-,3.205
2024/09/20,13:00,1.897,-,3.202
2024/09/20,14:00,1.683,-,3.015
2024/09/20,15:00,1.354,-,2.746
2024/09/20,16:00,0.974,-,2.425
2024/09/20,17:00,0.625,-,2.106
2024/09/20,18:00,0.375,-,1.923
2024/09/20,19:00,0.277,-,1.87
2024/09/20,20:00,0.381,-,1.975
2024/09/20,21:00,0.681,-,2.287
2024/09/20,22:00,1.077,-,2.644
2024/09/20,23:00,1.42,-,2.979
2024/09/21,00:00,1.61,-,3.146
2024/09/21,01:00,1.63,-,3.179
2024/09/21,02:00,1.501,-,3.051
2024/09/21,03:00,1.25,-,2.815
2024/09/21,04:00,0.929,-,2.51
2024/09/21,05:00,0.619,-,2.231
2024/09/21,06:00,0.398,-,2.037
2024/09/21,07:00,0.319,-,1.946
2024/09/21,08:00,0.427,-,2.054
2024/09/21,09:00,0.732,-,2.428
2024/09/21,10:00,1.166,-,2.877
2024/09/21,11:00,1.583,-,3.291
2024/09/21,12:00,1.855,-,3.54
2024/09/21,13:00,1.94,-,3.596
2024/09/21,14:00,1.86,-,3.53
2024/09/21,15:00,1.645,-,3.297
2024/09/21,16:00,1.331,-,2.986
2024/09/21,17:00,0.979,-,2.641
2024/09/21,18:00,0.661,-,2.336
2024/09/21,19:00,0.433,-,2.172
2024/09/21,20:00,0.346,-,2.116
2024/09/21,21:00,0.447,-,2.224
2024/09/21,22:00,0.728,-,2.53
2024/09/21,23:00,1.086,-,2.877
2024/09/22,00:00,1.383,-,3.173
2024/09/22,01:00,1.535,-,3.304
2024/09/22,02:00,1.535,-,3.314
2024/09/22,03:00,1.405,-,3.186
2024/09/22,04:00,1.169,-,2.936
2024/09/22,05:00,0.879,-,2.667
2024/09/22,06:00,0.612,-,2.48
2024/09/22,07:00,0.43,-,2.372
2024/09/22,08:00,0.38,-,2.329
2024/09/22,09:00,0.501,-,2.441
2024/09/22,10:00,0.803,-,2.838
2024/09/22,11:00,1.21,-,3.261
2024/09/22,12:00,1.583,-,3.638
2024/09/22,13:00,1.812,-,3.809
2024/09/22,14:00,1.875,-,3.839
2024/09/22,15:00,1.795,-,3.763
2024/09/22,16:00,1.599,-,3.57
2024/09/22,17:00,1.317,-,3.255
2024/09/22,18:00,1.004,-,2.956
2024/09/22,19:00,0.72,-,2.723
2024/09/22,20:00,0.51,-,2.559
2024/09/22,21:00,0.425,-,2.49
2024/09/22,22:00,0.514,-,2.543
2024/09/22,23:00,0.768,-,2.697
2024/09/23,00:00,1.084,-,3.005
2024/09/23,01:00,1.337,-,3.248
2024/09/23,02:00,1.46,-,3.346
2024/09/23,03:00,1.453,-,3.297
2024/09/23,04:00,1.335,-,3.15
2024/09/23,05:00,1.124,-,2.953
2024/09/23,06:00,0.871,-,2.753
2024/09/23,07:00,0.641,-,2.562
2024/09/23,08:00,0.486,-,2.415
2024/09/23,09:00,0.446,-,2.398
2024/09/23,10:00,0.564,-,2.484
2024/09/23,11:00,0.845,-,2.815
2024/09/23,12:00,1.213,-,3.15
2024/09/23,13:00,1.538,-,3.438
2024/09/23,14:00,1.732,-,3.615
2024/09/23,15:00,1.785,-,3.615
2024/09/23,16:00,1.721,-,3.563
2024/09/23,17:00,1.556,-,3.366
2024/09/23,18:00,1.314,-,3.11
2024/09/23,19:00,1.04,-,2.884
2024/09/23,20:00,0.784,-,2.661
2024/09/23,21:00,0.584,-,2.562
2024/09/23,22:00,0.496,-,2.474
2024/09/23,23:00,0.572,-,2.543
2024/09/24,00:00,0.797,-,2.726
2024/09/24,01:00,1.075,-,3.009
2024/09/24,02:00,1.291,-,3.232
2024/09/24,03:00,1.398,-,3.301
2024/09/24,04:00,1.399,-,3.238
2024/09/24,05:00,1.301,-,3.13
2024/09/24,06:00,1.118,-,2.959
2024/09/24,07:00,0.895,-,2.756
2024/09/24,08:00,0.689,-,2.556
2024/09/24,09:00,0.546,-,2.434
2024/09/24,10:00,0.504,-,2.349
2024/09/24,11:00,0.607,-,2.441
2024/09/24,12:00,0.859,-,2.717
2024/09/24,13:00,1.184,-,3.035
2024/09/24,14:00,1.466,-,3.278
2024/09/24,15:00,1.636,-,3.386
2024/09/24,16:00,1.694,-,3.438
2024/09/24,17:00,1.656,-,3.373
2024/09/24,18:00,1.525,-,3.251
2024/09/24,19:00,1.317,-,3.061
2024/09/24,20:00,1.073,-,2.825
2024/09/24,21:00,0.834,-,2.608
2024/09/24,22:00,0.639,-,2.474
2024/09/24,23:00,0.548,-,2.441
2024/09/25,00:00,0.612,-,2.543
2024/09/25,01:00,0.814,-,2.73
2024/09/25,02:00,1.061,-,2.989
2024/09/25,03:00,1.256,-,3.189
2024/09/25,04:00,1.362,-,3.156
2024/09/25,05:00,1.379,-,3.146
2024/09/25,06:00,1.303,-,3.058
2024/09/25,07:00,1.141,-,2.917
2024/09/25,08:00,0.936,-,2.723
2024/09/25,09:00,0.741,-,2.539
2024/09/25,10:00,0.598,-,2.392
2024/09/25,11:00,0.546,-,2.339
2024/09/25,12:00,0.63,-,2.405
2024/09/25,13:00,0.852,-,2.592
2024/09/25,14:00,1.138,-,2.874
2024/09/25,15:00,1.387,-,3.12
2024/09/25,16:00,1.549,-,3.261
2024/09/25,17:00,1.623,-,3.304
2024/09/25,18:00,1.61,-,3.287
2024/09/25,19:00,1.503,-,3.169
2024/09/25,20:00,1.315,-,2.986
2024/09/25,21:00,1.087,-,2.726
2024/09/25,22:00,0.857,-,2.513
2024/09/25,23:00,0.666,-,2.349
2024/09/26,00:00,0.574,-,2.306
2024/09/26,01:00,0.632,-,2.329
2024/09/26,02:00,0.821,-,2.467
2024/09/26,03:00,1.051,-,2.7
2024/09/26,04:00,1.242,-,2.844
2024/09/26,05:00,1.36,-,2.917
2024/09/26,06:00,1.396,-,2.917
2024/09/26,07:00,1.332,-,2.854
2024/09/26,08:00,1.177,-,2.671
2024/09/26,09:00,0.975,-,2.454
2024/09/26,10:00,0.781,-,2.277
2024/09/26,11:00,0.633,-,2.156
2024/09/26,12:00,0.569,-,2.106
2024/09/26,13:00,0.635,-,2.152
2024/09/26,14:00,0.833,-,2.306
2024/09/26,15:00,1.092,-,2.612
2024/09/26,16:00,1.326,-,2.815
2024/09/26,17:00,1.492,-,2.953
2024/09/26,18:00,1.583,-,3.038
2024/09/26,19:00,1.585,-,2.995
2024/09/26,20:00,1.483,-,2.858
2024/09/26,21:00,1.298,-,2.635
2024/09/26,22:00,1.073,-,2.428
2024/09/26,23:00,0.847,-,2.208
2024/09/27,00:00,0.659,-,2.09
2024/09/27,01:00,0.573,-,2.031
2024/09/27,02:00,0.636,-,2.083
2024/09/27,03:00,0.826,-,2.244
2024/09/27,04:00,1.059,-,2.421
2024/09/27,05:00,1.259,-,2.625
2024/09/27,06:00,1.393,-,2.749
2024/09/27,07:00,1.438,-,2.779
2024/09/27,08:00,1.371,-,2.667
2024/09/27,09:00,1.207,-,2.507
2024/09/27,10:00,0.999,-,2.29
2024/09/27,11:00,0.801,-,2.142
2024/09/27,12:00,0.645,-,2.034
2024/09/27,13:00,0.571,-,1.972
2024/09/27,14:00,0.627,-,2.031
2024/09/27,15:00,0.815,-,2.201
2024/09/27,16:00,1.066,-,2.559
2024/09/27,17:00,1.3,-,2.762
2024/09/27,18:00,1.475,-,3.15
2024/09/27,19:00,1.573,-,3.051
2024/09/27,20:00,1.569,-,3.058
2024/09/27,21:00,1.454,-,2.936
2024/09/27,22:00,1.257,-,2.717
2024/09/27,23:00,1.028,-,2.53
2024/09/28,00:00,0.803,-,2.349
2024/09/28,01:00,0.623,-,2.241
2024/09/28,02:00,0.552,-,2.218
2024/09/28,03:00,0.637,-,2.224
2024/09/28,04:00,0.847,-,2.398
2024/09/28,05:00,1.097,-,2.618
2024/09/28,06:00,1.314,-,2.831
2024/09/28,07:00,1.455,-,2.94
2024/09/28,08:00,1.491,-,2.94
2024/09/28,09:00,1.404,-,2.822
2024/09/28,10:00,1.219,-,2.648
2024/09/28,11:00,0.999,-,2.405
2024/09/28,12:00,0.792,-,2.195
2024/09/28,13:00,0.629,-,2.037
2024/09/28,14:00,0.554,-,1.962
2024/09/28,15:00,0.616,-,1.968
2024/09/28,16:00,0.812,-,2.11
2024/09/28,17:00,1.072,-,2.398
2024/09/28,18:00,1.314,-,2.664
2024/09/28,19:00,1.492,-,2.854
2024/09/28,20:00,1.579,-,2.91
2024/09/28,21:00,1.549,-,2.858
2024/09/28,22:00,1.404,-,2.654
2024/09/28,23:00,1.188,-,2.395
2024/09/29,00:00,0.952,-,2.152
2024/09/29,01:00,0.731,-,2.011
2024/09/29,02:00,0.567,-,1.916
2024/09/29,03:00,0.529,-,1.926
2024/09/29,04:00,0.654,-,2.021
2024/09/29,05:00,0.901,-,2.254
2024/09/29,06:00,1.175,-,2.5
2024/09/29,07:00,1.399,-,2.743
2024/09/29,08:00,1.53,-,2.848
2024/09/29,09:00,1.538,-,2.871
2024/09/29,10:00,1.415,-,2.766
2024/09/29,11:00,1.203,-,2.582
2024/09/29,12:00,0.967,-,2.349
2024/09/29,13:00,0.753,-,2.11
2024/09/29,14:00,0.59,-,1.998
2024/09/29,15:00,0.528,-,1.962
2024/09/29,16:00,0.615,-,2.07
2024/09/29,17:00,0.839,-,2.349
2024/09/29,18:00,1.116,-,2.651
2024/09/29,19:00,1.361,-,2.936
2024/09/29,20:00,1.526,-,3.127
2024/09/29,21:00,1.582,-,3.186
2024/09/29,22:00,1.511,-,3.146
2024/09/29,23:00,1.329,-,2.933
